DATETIME,price
2018-03-12 13:00:00,461.40000000000015
2018-03-12 14:00:00,460.90000000000015
2018-03-13 11:00:00,460.8000000000001
2018-03-13 13:00:00,461.2000000000001
2018-03-13 14:00:00,460.10000000000014
2018-03-13 15:00:00,459.2000000000001
2018-03-13 16:00:00,455.3000000000001
2018-03-13 17:00:00,454.3000000000001
2018-03-14 09:00:00,454.7000000000001
2018-03-14 13:00:00,457.7000000000001
2018-03-14 15:00:00,456.7000000000001
2018-03-14 16:00:00,454.7000000000001
2018-03-14 17:00:00,454.3000000000001
2018-03-15 09:00:00,457.90000000000015
2018-03-15 10:00:00,459.10000000000014
2018-03-15 11:00:00,455.90000000000015
2018-03-15 12:00:00,455.40000000000015
2018-03-15 13:00:00,456.0000000000001
2018-03-15 15:00:00,458.90000000000015
2018-03-15 16:00:00,459.8000000000001
2018-03-15 17:00:00,459.2000000000001
2018-03-16 09:00:00,460.60000000000014
2018-03-16 10:00:00,458.2000000000001
2018-03-16 11:00:00,459.5000000000001
2018-03-16 12:00:00,457.90000000000015
2018-03-16 13:00:00,456.90000000000015
2018-03-16 14:00:00,457.7000000000001
2018-03-16 15:00:00,459.5000000000001
2018-03-16 16:00:00,457.7000000000001
2018-03-16 17:00:00,458.0000000000001
2018-03-19 09:00:00,445.8000000000001
2018-03-19 10:00:00,448.5000000000001
2018-03-19 11:00:00,448.3000000000001
2018-03-19 12:00:00,448.90000000000015
2018-03-19 13:00:00,448.8000000000001
2018-03-19 14:00:00,448.60000000000014
2018-03-19 17:00:00,445.8000000000001
2018-03-20 09:00:00,445.7000000000001
2018-03-20 10:00:00,445.2000000000001
2018-03-20 12:00:00,446.8000000000001
2018-03-20 14:00:00,446.8000000000001
2018-03-20 15:00:00,447.40000000000015
2018-03-20 16:00:00,447.10000000000014
2018-03-20 17:00:00,447.10000000000014
2018-03-21 12:00:00,446.5000000000001
2018-03-21 13:00:00,446.5000000000001
2018-03-21 14:00:00,447.0000000000001
2018-03-21 15:00:00,447.8000000000001
2018-03-21 16:00:00,447.2000000000001
2018-03-21 17:00:00,449.60000000000014
2018-03-22 09:00:00,445.2000000000001
2018-03-22 10:00:00,443.2000000000001
2018-03-22 11:00:00,442.60000000000014
2018-03-22 12:00:00,442.7000000000001
2018-03-22 13:00:00,442.10000000000014
2018-03-22 14:00:00,440.5000000000001
2018-03-22 15:00:00,438.5000000000001
2018-03-22 16:00:00,437.5000000000001
2018-03-22 17:00:00,437.8000000000001
2018-03-23 09:00:00,432.8000000000001
2018-03-23 10:00:00,429.40000000000015
2018-03-23 11:00:00,431.10000000000014
2018-03-23 12:00:00,432.60000000000014
2018-03-23 13:00:00,433.60000000000014
2018-03-23 14:00:00,435.40000000000015
2018-03-23 15:00:00,434.40000000000015
2018-03-23 17:00:00,431.8000000000001
2018-03-26 08:00:00,434.5000000000001
2018-03-26 10:00:00,435.2000000000001
2018-03-26 11:00:00,435.40000000000015
2018-03-26 14:00:00,435.2000000000001
2018-03-26 15:00:00,430.10000000000014
2018-03-26 16:00:00,427.7000000000001
2018-03-27 08:00:00,436.3000000000001
2018-03-27 09:00:00,437.5000000000001
2018-03-27 10:00:00,439.10000000000014
2018-03-27 11:00:00,438.2000000000001
2018-03-27 12:00:00,437.3000000000001
2018-03-27 13:00:00,437.60000000000014
2018-03-27 14:00:00,436.10000000000014
2018-03-27 15:00:00,437.2000000000001
2018-03-27 16:00:00,437.0000000000001
2018-03-28 08:00:00,425.10000000000014
2018-03-28 09:00:00,425.10000000000014
2018-03-28 10:00:00,426.90000000000015
2018-03-28 11:00:00,427.5000000000001
2018-03-28 12:00:00,429.0000000000001
2018-03-28 13:00:00,429.90000000000015
2018-03-28 14:00:00,428.40000000000015
2018-03-28 15:00:00,428.3000000000001
2018-03-28 16:00:00,429.8000000000001
2018-03-29 09:00:00,427.40000000000015
2018-03-29 11:00:00,430.10000000000014
2018-03-29 12:00:00,429.0000000000001
2018-03-29 13:00:00,430.90000000000015
2018-03-29 14:00:00,428.8000000000001
2018-03-29 15:00:00,433.60000000000014
2018-03-29 16:00:00,423.2000000000001
2018-04-03 08:00:00,426.3000000000001
2018-04-03 09:00:00,424.7000000000001
2018-04-03 10:00:00,424.90000000000015
2018-04-03 11:00:00,427.2000000000001
2018-04-03 12:00:00,426.7000000000001
2018-04-03 13:00:00,427.10000000000014
2018-04-03 14:00:00,429.60000000000014
2018-04-03 15:00:00,428.2000000000001
2018-04-03 16:00:00,428.2000000000001
2018-04-04 08:00:00,421.8000000000001
2018-04-04 09:00:00,421.40000000000015
2018-04-04 10:00:00,420.60000000000014
2018-04-04 11:00:00,419.2000000000001
2018-04-04 12:00:00,418.40000000000015
2018-04-04 13:00:00,418.60000000000014
2018-04-04 14:00:00,419.60000000000014
2018-04-04 16:00:00,420.60000000000014
2018-04-05 08:00:00,429.2000000000001
2018-04-05 09:00:00,429.8000000000001
2018-04-05 10:00:00,429.5000000000001
2018-04-05 11:00:00,430.2000000000001
2018-04-05 12:00:00,431.5000000000001
2018-04-05 13:00:00,431.7000000000001
2018-04-05 14:00:00,432.40000000000015
2018-04-05 15:00:00,432.5000000000001
2018-04-05 16:00:00,434.2000000000001
2018-04-06 09:00:00,431.60000000000014
2018-04-06 10:00:00,431.8000000000001
2018-04-06 13:00:00,433.10000000000014
2018-04-06 14:00:00,431.8000000000001
2018-04-06 15:00:00,432.90000000000015
2018-04-06 16:00:00,432.3000000000001
2018-04-09 08:00:00,435.40000000000015
2018-04-09 09:00:00,435.0000000000001
2018-04-09 10:00:00,435.2000000000001
2018-04-09 11:00:00,434.60000000000014
2018-04-09 12:00:00,434.3000000000001
2018-04-09 13:00:00,433.90000000000015
2018-04-09 14:00:00,433.7000000000001
2018-04-09 15:00:00,434.40000000000015
2018-04-09 16:00:00,435.40000000000015
2018-04-10 08:00:00,439.10000000000014
2018-04-10 09:00:00,439.0000000000001
2018-04-10 10:00:00,439.40000000000015
2018-04-10 12:00:00,438.7000000000001
2018-04-10 13:00:00,439.3000000000001
2018-04-10 14:00:00,439.0000000000001
2018-04-10 15:00:00,440.10000000000014
2018-04-10 16:00:00,440.10000000000014
2018-04-11 12:00:00,435.60000000000014
2018-04-11 13:00:00,435.90000000000015
2018-04-11 15:00:00,437.90000000000015
2018-04-12 08:00:00,438.0000000000001
2018-04-12 09:00:00,437.90000000000015
2018-04-12 10:00:00,438.0000000000001
2018-04-12 11:00:00,440.5000000000001
2018-04-12 12:00:00,440.0000000000001
2018-04-12 14:00:00,443.2000000000001
2018-04-12 16:00:00,445.0000000000001
2018-04-13 08:00:00,441.2000000000001
2018-04-13 09:00:00,442.8000000000001
2018-04-13 10:00:00,442.2000000000001
2018-04-13 11:00:00,442.90000000000015
2018-04-13 12:00:00,444.10000000000014
2018-04-13 13:00:00,444.3000000000001
2018-04-13 14:00:00,443.0000000000001
2018-04-13 15:00:00,442.2000000000001
2018-04-13 16:00:00,443.0000000000001
2018-04-16 08:00:00,443.5000000000001
2018-04-16 09:00:00,444.60000000000014
2018-04-16 10:00:00,445.10000000000014
2018-04-16 11:00:00,443.8000000000001
2018-04-16 12:00:00,443.0000000000001
2018-04-16 13:00:00,442.8000000000001
2018-04-16 14:00:00,441.0000000000001
2018-04-16 15:00:00,440.8000000000001
2018-04-16 16:00:00,441.5000000000001
2018-04-17 08:00:00,442.5000000000001
2018-04-17 09:00:00,443.8000000000001
2018-04-17 10:00:00,444.2000000000001
2018-04-17 11:00:00,443.8000000000001
2018-04-17 12:00:00,443.40000000000015
2018-04-17 13:00:00,446.5000000000001
2018-04-17 14:00:00,447.10000000000014
2018-04-17 15:00:00,448.5000000000001
2018-04-17 16:00:00,449.60000000000014
2018-04-18 09:00:00,450.7000000000001
2018-04-18 11:00:00,449.0000000000001
2018-04-18 14:00:00,447.5000000000001
2018-04-18 15:00:00,445.40000000000015
2018-04-18 16:00:00,447.0000000000001
2018-04-19 10:00:00,447.0000000000001
2018-04-19 11:00:00,447.2000000000001
2018-04-19 12:00:00,446.90000000000015
2018-04-19 13:00:00,444.8000000000001
2018-04-19 14:00:00,443.7000000000001
2018-04-19 16:00:00,441.40000000000015
2018-04-20 08:00:00,440.3000000000001
2018-04-20 09:00:00,443.8000000000001
2018-04-20 10:00:00,443.2000000000001
2018-04-20 11:00:00,443.3000000000001
2018-04-20 12:00:00,442.8000000000001
2018-04-20 13:00:00,442.7000000000001
2018-04-20 14:00:00,444.0000000000001
2018-04-20 15:00:00,441.90000000000015
2018-04-20 16:00:00,441.90000000000015
2018-04-23 08:00:00,440.40000000000015
2018-04-23 09:00:00,442.3000000000001
2018-04-23 10:00:00,442.0000000000001
2018-04-23 11:00:00,442.40000000000015
2018-04-23 12:00:00,443.10000000000014
2018-04-23 13:00:00,443.40000000000015
2018-04-23 14:00:00,442.60000000000014
2018-04-23 15:00:00,443.40000000000015
2018-04-23 16:00:00,444.10000000000014
2018-04-24 08:00:00,448.2000000000001
2018-04-24 09:00:00,448.8000000000001
2018-04-24 10:00:00,448.10000000000014
2018-04-24 11:00:00,448.2000000000001
2018-04-24 12:00:00,448.10000000000014
2018-04-24 13:00:00,447.90000000000015
2018-04-24 14:00:00,448.40000000000015
2018-04-24 15:00:00,446.60000000000014
2018-04-24 16:00:00,446.60000000000014
2018-04-25 08:00:00,447.40000000000015
2018-04-25 09:00:00,446.3000000000001
2018-04-25 10:00:00,444.90000000000015
2018-04-25 11:00:00,444.7000000000001
2018-04-25 12:00:00,443.7000000000001
2018-04-25 14:00:00,443.40000000000015
2018-04-25 15:00:00,443.60000000000014
2018-04-25 16:00:00,444.7000000000001
2018-04-26 08:00:00,442.10000000000014
2018-04-26 09:00:00,442.2000000000001
2018-04-26 10:00:00,442.3000000000001
2018-04-26 11:00:00,443.40000000000015
2018-04-26 12:00:00,443.0000000000001
2018-04-26 13:00:00,444.60000000000014
2018-04-26 14:00:00,445.7000000000001
2018-04-26 15:00:00,448.90000000000015
2018-04-26 16:00:00,447.2000000000001
2018-04-27 09:00:00,452.60000000000014
2018-04-27 11:00:00,453.8000000000001
2018-04-27 12:00:00,453.8000000000001
2018-04-27 13:00:00,453.8000000000001
2018-04-27 14:00:00,453.3000000000001
2018-04-27 15:00:00,451.10000000000014
2018-04-27 16:00:00,451.3000000000001
2018-04-30 08:00:00,452.10000000000014
2018-04-30 09:00:00,450.7000000000001
2018-04-30 10:00:00,450.8000000000001
2018-04-30 12:00:00,450.5000000000001
2018-04-30 13:00:00,450.8000000000001
2018-04-30 14:00:00,450.7000000000001
2018-04-30 15:00:00,450.90000000000015
2018-04-30 16:00:00,450.3000000000001
2018-05-02 08:00:00,457.5000000000001
2018-05-02 09:00:00,456.7000000000001
2018-05-02 10:00:00,456.8000000000001
2018-05-02 11:00:00,456.60000000000014
2018-05-02 12:00:00,456.8000000000001
2018-05-02 13:00:00,457.10000000000014
2018-05-02 14:00:00,458.2000000000001
2018-05-02 15:00:00,457.40000000000015
2018-05-02 16:00:00,458.40000000000015
2018-05-03 08:00:00,457.5000000000001
2018-05-03 09:00:00,458.10000000000014
2018-05-03 10:00:00,457.8000000000001
2018-05-03 11:00:00,457.90000000000015
2018-05-03 12:00:00,458.0000000000001
2018-05-03 13:00:00,458.60000000000014
2018-05-03 14:00:00,458.5000000000001
2018-05-03 15:00:00,458.10000000000014
2018-05-03 16:00:00,456.0000000000001
2018-05-04 08:00:00,463.0000000000001
2018-05-04 09:00:00,461.3000000000001
2018-05-04 10:00:00,461.2000000000001
2018-05-04 11:00:00,462.40000000000015
2018-05-04 12:00:00,460.90000000000015
2018-05-04 13:00:00,461.60000000000014
2018-05-04 14:00:00,462.3000000000001
2018-05-04 15:00:00,463.2000000000001
2018-05-04 16:00:00,462.8000000000001
2018-05-07 08:00:00,467.3000000000001
2018-05-07 09:00:00,468.60000000000014
2018-05-07 10:00:00,468.5000000000001
2018-05-07 11:00:00,468.7000000000001
2018-05-07 12:00:00,469.10000000000014
2018-05-07 13:00:00,470.0000000000001
2018-05-07 14:00:00,471.10000000000014
2018-05-07 15:00:00,470.8000000000001
2018-05-07 16:00:00,468.8000000000001
2018-05-08 09:00:00,469.3000000000001
2018-05-08 10:00:00,469.3000000000001
2018-05-08 11:00:00,468.60000000000014
2018-05-08 12:00:00,468.7000000000001
2018-05-08 14:00:00,469.60000000000014
2018-05-08 15:00:00,470.10000000000014
2018-05-08 16:00:00,470.10000000000014
2018-05-09 08:00:00,471.10000000000014
2018-05-09 10:00:00,473.5000000000001
2018-05-09 11:00:00,473.3000000000001
2018-05-09 12:00:00,473.10000000000014
2018-05-09 13:00:00,473.40000000000015
2018-05-09 14:00:00,474.10000000000014
2018-05-09 15:00:00,473.90000000000015
2018-05-09 16:00:00,474.10000000000014
2018-05-10 09:00:00,477.0000000000001
2018-05-10 10:00:00,475.90000000000015
2018-05-10 11:00:00,475.90000000000015
2018-05-10 12:00:00,476.8000000000001
2018-05-10 13:00:00,476.8000000000001
2018-05-10 14:00:00,475.5000000000001
2018-05-10 16:00:00,478.10000000000014
2018-05-11 08:00:00,478.3000000000001
2018-05-11 09:00:00,476.7000000000001
2018-05-11 10:00:00,476.40000000000015
2018-05-11 11:00:00,475.8000000000001
2018-05-11 13:00:00,476.40000000000015
2018-05-11 14:00:00,476.2000000000001
2018-05-11 15:00:00,477.0000000000001
2018-05-11 16:00:00,476.10000000000014
2018-05-14 08:00:00,474.90000000000015
2018-05-14 09:00:00,474.8000000000001
2018-05-14 10:00:00,473.7000000000001
2018-05-14 11:00:00,473.7000000000001
2018-05-14 14:00:00,475.10000000000014
2018-05-14 15:00:00,475.60000000000014
2018-05-14 16:00:00,476.2000000000001
2018-05-15 08:00:00,475.2000000000001
2018-05-15 09:00:00,475.60000000000014
2018-05-15 10:00:00,475.5000000000001
2018-05-15 11:00:00,475.60000000000014
2018-05-15 12:00:00,475.5000000000001
2018-05-15 13:00:00,474.3000000000001
2018-05-15 14:00:00,472.5000000000001
2018-05-15 15:00:00,473.0000000000001
2018-05-15 16:00:00,473.7000000000001
2018-05-16 08:00:00,474.90000000000015
2018-05-16 09:00:00,473.8000000000001
2018-05-16 10:00:00,473.60000000000014
2018-05-16 11:00:00,475.3000000000001
2018-05-16 12:00:00,475.5000000000001
2018-05-16 13:00:00,476.7000000000001
2018-05-16 14:00:00,477.10000000000014
2018-05-16 15:00:00,476.0000000000001
2018-05-16 16:00:00,476.40000000000015
2018-05-17 08:00:00,475.10000000000014
2018-05-17 09:00:00,475.5000000000001
2018-05-17 10:00:00,476.7000000000001
2018-05-17 11:00:00,476.3000000000001
2018-05-17 12:00:00,476.2000000000001
2018-05-17 13:00:00,476.40000000000015
2018-05-17 14:00:00,477.10000000000014
2018-05-17 15:00:00,477.10000000000014
2018-05-17 16:00:00,479.2000000000001
2018-05-18 08:00:00,477.40000000000015
2018-05-18 09:00:00,477.2000000000001
2018-05-18 10:00:00,478.8000000000001
2018-05-18 11:00:00,478.7000000000001
2018-05-18 12:00:00,478.7000000000001
2018-05-18 13:00:00,477.3000000000001
2018-05-18 14:00:00,476.40000000000015
2018-05-18 15:00:00,475.3000000000001
2018-05-18 16:00:00,476.0000000000001
2018-05-22 08:00:00,478.2000000000001
2018-05-22 09:00:00,478.40000000000015
2018-05-22 10:00:00,478.2000000000001
2018-05-22 11:00:00,478.7000000000001
2018-05-22 12:00:00,480.0000000000001
2018-05-22 13:00:00,479.10000000000014
2018-05-22 14:00:00,480.7000000000001
2018-05-22 15:00:00,479.2000000000001
2018-05-22 16:00:00,479.7000000000001
2018-05-23 08:00:00,474.8000000000001
2018-05-23 09:00:00,473.90000000000015
2018-05-23 10:00:00,473.8000000000001
2018-05-23 11:00:00,474.2000000000001
2018-05-23 12:00:00,474.0000000000001
2018-05-23 13:00:00,473.3000000000001
2018-05-23 14:00:00,474.60000000000014
2018-05-23 15:00:00,474.0000000000001
2018-05-23 16:00:00,475.10000000000014
2018-05-24 08:00:00,480.90000000000015
2018-05-24 09:00:00,480.8000000000001
2018-05-24 10:00:00,480.7000000000001
2018-05-24 11:00:00,480.7000000000001
2018-05-24 12:00:00,480.40000000000015
2018-05-24 14:00:00,478.2000000000001
2018-05-24 15:00:00,476.60000000000014
2018-05-24 16:00:00,477.8000000000001
2018-05-25 09:00:00,482.0000000000001
2018-05-25 10:00:00,482.7000000000001
2018-05-25 11:00:00,481.90000000000015
2018-05-25 14:00:00,480.5000000000001
2018-05-25 15:00:00,481.0000000000001
2018-05-25 16:00:00,481.2000000000001
2018-05-28 10:00:00,482.3000000000001
2018-05-28 11:00:00,481.7000000000001
2018-05-28 12:00:00,482.3000000000001
2018-05-28 13:00:00,478.60000000000014
2018-05-28 14:00:00,479.60000000000014
2018-05-29 08:00:00,472.2000000000001
2018-05-29 09:00:00,471.90000000000015
2018-05-29 10:00:00,473.40000000000015
2018-05-29 11:00:00,474.60000000000014
2018-05-29 12:00:00,475.0000000000001
2018-05-29 13:00:00,474.7000000000001
2018-05-29 14:00:00,474.90000000000015
2018-05-29 16:00:00,474.10000000000014
2018-05-30 08:00:00,474.0000000000001
2018-05-30 09:00:00,473.2000000000001
2018-05-30 10:00:00,473.8000000000001
2018-05-30 11:00:00,474.10000000000014
2018-05-30 12:00:00,474.5000000000001
2018-05-30 14:00:00,474.0000000000001
2018-05-30 15:00:00,473.60000000000014
2018-05-30 16:00:00,474.5000000000001
2018-05-31 10:00:00,476.5000000000001
2018-05-31 11:00:00,477.40000000000015
2018-05-31 12:00:00,477.2000000000001
2018-05-31 13:00:00,478.5000000000001
2018-05-31 14:00:00,478.2000000000001
2018-05-31 15:00:00,474.10000000000014
2018-05-31 16:00:00,476.3000000000001
2018-06-01 08:00:00,479.0000000000001
2018-06-01 09:00:00,480.40000000000015
2018-06-01 10:00:00,481.8000000000001
2018-06-01 11:00:00,480.7000000000001
2018-06-01 12:00:00,480.7000000000001
2018-06-01 13:00:00,481.7000000000001
2018-06-01 14:00:00,480.8000000000001
2018-06-01 15:00:00,480.7000000000001
2018-06-01 16:00:00,479.5000000000001
2018-06-04 08:00:00,482.7000000000001
2018-06-04 09:00:00,482.0000000000001
2018-06-04 10:00:00,482.10000000000014
2018-06-04 11:00:00,481.90000000000015
2018-06-04 14:00:00,483.7000000000001
2018-06-04 15:00:00,483.5000000000001
2018-06-04 16:00:00,484.60000000000014
2018-06-05 08:00:00,487.7000000000001
2018-06-05 09:00:00,488.5000000000001
2018-06-05 10:00:00,491.8000000000001
2018-06-05 11:00:00,491.60000000000014
2018-06-05 12:00:00,493.7000000000001
2018-06-05 13:00:00,493.3000000000001
2018-06-05 14:00:00,493.10000000000014
2018-06-05 15:00:00,491.8000000000001
2018-06-05 16:00:00,489.7000000000001
2018-06-06 08:00:00,492.60000000000014
2018-06-06 09:00:00,494.3000000000001
2018-06-06 10:00:00,494.2000000000001
2018-06-06 11:00:00,492.3000000000001
2018-06-06 13:00:00,491.5000000000001
2018-06-06 14:00:00,488.40000000000015
2018-06-06 15:00:00,488.2000000000001
2018-06-06 16:00:00,490.5000000000001
2018-06-07 08:00:00,494.90000000000015
2018-06-07 09:00:00,493.40000000000015
2018-06-07 10:00:00,493.10000000000014
2018-06-07 11:00:00,492.7000000000001
2018-06-07 12:00:00,493.5000000000001
2018-06-07 13:00:00,492.5000000000001
2018-06-07 14:00:00,492.0000000000001
2018-06-07 15:00:00,488.5000000000001
2018-06-07 16:00:00,490.60000000000014
2018-06-08 08:00:00,486.10000000000014
2018-06-08 09:00:00,486.40000000000015
2018-06-08 10:00:00,487.5000000000001
2018-06-08 11:00:00,488.0000000000001
2018-06-08 13:00:00,489.60000000000014
2018-06-08 16:00:00,489.90000000000015
2018-06-11 08:00:00,493.8000000000001
2018-06-11 09:00:00,492.90000000000015
2018-06-11 10:00:00,493.5000000000001
2018-06-11 12:00:00,492.90000000000015
2018-06-11 14:00:00,492.60000000000014
2018-06-11 15:00:00,493.40000000000015
2018-06-11 16:00:00,493.50000000000017
2018-06-12 08:00:00,495.10000000000014
2018-06-12 09:00:00,495.50000000000017
2018-06-12 10:00:00,495.10000000000014
2018-06-12 11:00:00,494.8000000000001
2018-06-12 12:00:00,494.40000000000015
2018-06-12 13:00:00,495.00000000000017
2018-06-12 14:00:00,494.70000000000016
2018-06-12 15:00:00,494.90000000000015
2018-06-12 16:00:00,495.10000000000014
2018-06-13 08:00:00,500.10000000000014
2018-06-13 09:00:00,502.00000000000017
2018-06-13 10:00:00,501.40000000000015
2018-06-13 11:00:00,501.10000000000014
2018-06-13 12:00:00,501.70000000000016
2018-06-13 13:00:00,501.00000000000017
2018-06-13 14:00:00,501.90000000000015
2018-06-13 15:00:00,501.90000000000015
2018-06-13 16:00:00,502.70000000000016
2018-06-14 08:00:00,500.8000000000001
2018-06-14 10:00:00,502.40000000000015
2018-06-14 11:00:00,502.20000000000016
2018-06-14 12:00:00,502.60000000000014
2018-06-14 13:00:00,505.20000000000016
2018-06-14 14:00:00,509.3000000000002
2018-06-14 15:00:00,512.4000000000001
2018-06-14 16:00:00,513.2000000000002
2018-06-15 08:00:00,513.0000000000002
2018-06-15 09:00:00,513.1000000000001
2018-06-15 10:00:00,514.1000000000001
2018-06-15 11:00:00,513.3000000000002
2018-06-15 12:00:00,513.2000000000002
2018-06-15 13:00:00,509.9000000000001
2018-06-15 14:00:00,508.60000000000014
2018-06-15 15:00:00,509.20000000000016
2018-06-15 16:00:00,507.60000000000014
2018-06-18 08:00:00,501.60000000000014
2018-06-18 09:00:00,503.40000000000015
2018-06-18 10:00:00,502.50000000000017
2018-06-18 11:00:00,501.40000000000015
2018-06-18 12:00:00,500.20000000000016
2018-06-18 13:00:00,500.90000000000015
2018-06-18 14:00:00,502.10000000000014
2018-06-18 15:00:00,502.00000000000017
2018-06-18 16:00:00,503.10000000000014
2018-06-19 08:00:00,493.8000000000001
2018-06-19 09:00:00,494.3000000000001
2018-06-19 10:00:00,494.40000000000015
2018-06-19 11:00:00,494.90000000000015
2018-06-19 12:00:00,493.40000000000015
2018-06-19 13:00:00,494.60000000000014
2018-06-19 14:00:00,495.00000000000017
2018-06-19 15:00:00,494.3000000000001
2018-06-19 16:00:00,496.00000000000017
2018-06-20 08:00:00,497.60000000000014
2018-06-20 09:00:00,498.50000000000017
2018-06-20 10:00:00,499.3000000000001
2018-06-20 11:00:00,500.10000000000014
2018-06-20 12:00:00,498.40000000000015
2018-06-20 13:00:00,498.40000000000015
2018-06-20 14:00:00,497.10000000000014
2018-06-20 15:00:00,496.70000000000016
2018-06-20 16:00:00,496.90000000000015
2018-06-21 08:00:00,498.90000000000015
2018-06-21 09:00:00,498.50000000000017
2018-06-21 10:00:00,496.10000000000014
2018-06-21 11:00:00,496.10000000000014
2018-06-21 12:00:00,495.60000000000014
2018-06-21 13:00:00,493.10000000000014
2018-06-21 14:00:00,495.50000000000017
2018-06-21 15:00:00,491.3000000000001
2018-06-21 16:00:00,492.10000000000014
2018-06-22 08:00:00,493.3000000000001
2018-06-22 09:00:00,492.70000000000016
2018-06-22 10:00:00,491.8000000000001
2018-06-22 11:00:00,493.10000000000014
2018-06-22 12:00:00,492.20000000000016
2018-06-22 13:00:00,492.3000000000001
2018-06-22 14:00:00,490.20000000000016
2018-06-22 15:00:00,490.50000000000017
2018-06-25 08:00:00,485.70000000000016
2018-06-25 09:00:00,483.20000000000016
2018-06-25 10:00:00,482.60000000000014
2018-06-25 11:00:00,482.8000000000001
2018-06-25 13:00:00,481.8000000000001
2018-06-25 14:00:00,480.10000000000014
2018-06-25 15:00:00,479.50000000000017
2018-06-25 16:00:00,477.70000000000016
2018-06-25 17:00:00,477.50000000000017
2018-06-26 08:00:00,479.50000000000017
2018-06-26 09:00:00,479.8000000000001
2018-06-26 10:00:00,480.60000000000014
2018-06-26 11:00:00,480.10000000000014
2018-06-26 12:00:00,480.20000000000016
2018-06-26 13:00:00,480.90000000000015
2018-06-26 14:00:00,480.70000000000016
2018-06-26 15:00:00,478.90000000000015
2018-06-27 08:00:00,478.50000000000017
2018-06-27 09:00:00,475.90000000000015
2018-06-27 10:00:00,475.50000000000017
2018-06-27 11:00:00,478.50000000000017
2018-06-27 12:00:00,482.40000000000015
2018-06-27 13:00:00,483.90000000000015
2018-06-27 14:00:00,484.20000000000016
2018-06-27 16:00:00,483.10000000000014
2018-06-28 08:00:00,478.8000000000001
2018-06-28 09:00:00,475.70000000000016
2018-06-28 10:00:00,474.8000000000001
2018-06-28 11:00:00,472.8000000000001
2018-06-28 12:00:00,470.8000000000001
2018-06-28 13:00:00,469.3000000000001
2018-06-28 14:00:00,469.40000000000015
2018-06-28 15:00:00,469.00000000000017
2018-06-28 16:00:00,468.40000000000015
2018-06-29 07:00:00,476.40000000000015
2018-06-29 08:00:00,478.60000000000014
2018-06-29 09:00:00,480.20000000000016
2018-06-29 10:00:00,477.3000000000001
2018-06-29 11:00:00,477.8000000000001
2018-06-29 12:00:00,478.10000000000014
2018-06-29 13:00:00,478.00000000000017
2018-06-29 14:00:00,478.90000000000015
2018-06-29 15:00:00,479.20000000000016
2018-06-29 16:00:00,478.60000000000014
2018-07-02 08:00:00,473.70000000000016
2018-07-02 09:00:00,474.8000000000001
2018-07-02 10:00:00,473.8000000000001
2018-07-02 11:00:00,474.10000000000014
2018-07-02 12:00:00,474.00000000000017
2018-07-02 13:00:00,472.8000000000001
2018-07-02 14:00:00,471.90000000000015
2018-07-02 16:00:00,473.20000000000016
2018-07-03 08:00:00,475.00000000000017
2018-07-03 10:00:00,474.20000000000016
2018-07-03 11:00:00,474.8000000000001
2018-07-03 12:00:00,475.40000000000015
2018-07-03 13:00:00,474.90000000000015
2018-07-03 14:00:00,472.3000000000001
2018-07-04 08:00:00,470.3000000000001
2018-07-04 09:00:00,469.3000000000001
2018-07-04 10:00:00,469.50000000000017
2018-07-04 11:00:00,469.20000000000016
2018-07-04 13:00:00,467.10000000000014
2018-07-04 14:00:00,466.3000000000001
2018-07-04 15:00:00,466.90000000000015
2018-07-04 16:00:00,467.10000000000014
2018-07-05 08:00:00,471.50000000000017
2018-07-05 09:00:00,471.70000000000016
2018-07-05 10:00:00,471.40000000000015
2018-07-05 11:00:00,472.60000000000014
2018-07-05 12:00:00,473.50000000000017
2018-07-05 13:00:00,473.00000000000017
2018-07-05 14:00:00,471.90000000000015
2018-07-05 15:00:00,471.90000000000015
2018-07-05 16:00:00,473.10000000000014
2018-07-06 08:00:00,474.50000000000017
2018-07-06 09:00:00,473.3000000000001
2018-07-06 11:00:00,472.60000000000014
2018-07-06 12:00:00,471.90000000000015
2018-07-06 13:00:00,472.00000000000017
2018-07-06 14:00:00,471.8000000000001
2018-07-06 16:00:00,473.50000000000017
2018-07-09 08:00:00,480.60000000000014
2018-07-09 09:00:00,479.10000000000014
2018-07-09 10:00:00,480.70000000000016
2018-07-09 11:00:00,480.40000000000015
2018-07-09 12:00:00,479.90000000000015
2018-07-09 13:00:00,480.40000000000015
2018-07-09 14:00:00,479.70000000000016
2018-07-09 15:00:00,479.50000000000017
2018-07-09 16:00:00,479.90000000000015
2018-07-10 08:00:00,481.8000000000001
2018-07-10 09:00:00,481.70000000000016
2018-07-10 10:00:00,482.00000000000017
2018-07-10 11:00:00,482.3000000000001
2018-07-10 12:00:00,483.70000000000016
2018-07-10 13:00:00,484.10000000000014
2018-07-10 14:00:00,485.10000000000014
2018-07-10 15:00:00,486.20000000000016
2018-07-10 16:00:00,487.40000000000015
2018-07-11 08:00:00,480.00000000000017
2018-07-11 09:00:00,479.3000000000001
2018-07-11 10:00:00,478.20000000000016
2018-07-11 11:00:00,477.50000000000017
2018-07-11 12:00:00,477.8000000000001
2018-07-11 13:00:00,478.50000000000017
2018-07-11 14:00:00,478.3000000000001
2018-07-11 15:00:00,479.40000000000015
2018-07-12 08:00:00,478.40000000000015
2018-07-12 09:00:00,478.90000000000015
2018-07-12 10:00:00,479.60000000000014
2018-07-12 11:00:00,480.70000000000016
2018-07-12 12:00:00,481.3000000000001
2018-07-12 13:00:00,481.50000000000017
2018-07-12 14:00:00,481.10000000000014
2018-07-12 15:00:00,484.00000000000017
2018-07-12 16:00:00,483.90000000000015
2018-07-13 08:00:00,488.50000000000017
2018-07-13 09:00:00,488.60000000000014
2018-07-13 12:00:00,487.00000000000017
2018-07-13 13:00:00,485.90000000000015
2018-07-13 14:00:00,486.20000000000016
2018-07-13 15:00:00,485.8000000000001
2018-07-13 16:00:00,484.90000000000015
2018-07-16 08:00:00,487.3000000000001
2018-07-16 09:00:00,484.70000000000016
2018-07-16 10:00:00,485.20000000000016
2018-07-16 11:00:00,484.8000000000001
2018-07-16 12:00:00,483.8000000000001
2018-07-16 13:00:00,484.40000000000015
2018-07-16 14:00:00,485.50000000000017
2018-07-16 15:00:00,486.20000000000016
2018-07-16 16:00:00,486.90000000000015
2018-07-17 08:00:00,484.3000000000001
2018-07-17 09:00:00,484.70000000000016
2018-07-17 10:00:00,484.20000000000016
2018-07-17 11:00:00,483.00000000000017
2018-07-17 12:00:00,483.40000000000015
2018-07-17 13:00:00,484.3000000000001
2018-07-17 14:00:00,486.10000000000014
2018-07-17 15:00:00,488.00000000000017
2018-07-17 16:00:00,488.3000000000001
2018-07-17 17:00:00,490.70000000000016
2018-07-18 07:00:00,493.50000000000017
2018-07-18 08:00:00,499.60000000000014
2018-07-18 09:00:00,499.8000000000001
2018-07-18 10:00:00,499.50000000000017
2018-07-18 11:00:00,500.40000000000015
2018-07-18 12:00:00,499.70000000000016
2018-07-18 13:00:00,499.70000000000016
2018-07-18 14:00:00,501.8000000000001
2018-07-18 15:00:00,501.00000000000017
2018-07-18 16:00:00,500.70000000000016
2018-07-19 08:00:00,499.40000000000015
2018-07-19 09:00:00,498.50000000000017
2018-07-19 10:00:00,498.70000000000016
2018-07-19 11:00:00,498.3000000000001
2018-07-19 13:00:00,497.00000000000017
2018-07-19 14:00:00,495.8000000000001
2018-07-19 15:00:00,494.8000000000001
2018-07-19 16:00:00,495.3000000000001
2018-07-20 08:00:00,495.20000000000016
2018-07-20 10:00:00,498.10000000000014
2018-07-20 11:00:00,493.60000000000014
2018-07-20 12:00:00,495.50000000000017
2018-07-20 14:00:00,492.60000000000014
2018-07-20 15:00:00,493.40000000000015
2018-07-20 16:00:00,494.8000000000001
2018-07-23 08:00:00,491.3000000000001
2018-07-23 14:00:00,489.00000000000017
2018-07-23 15:00:00,489.10000000000014
2018-07-23 16:00:00,489.20000000000016
2018-07-24 08:00:00,492.40000000000015
2018-07-24 09:00:00,493.50000000000017
2018-07-24 11:00:00,496.50000000000017
2018-07-24 13:00:00,496.3000000000001
2018-07-24 14:00:00,495.70000000000016
2018-07-24 15:00:00,494.90000000000015
2018-07-24 16:00:00,493.60000000000014
2018-07-25 08:00:00,490.10000000000014
2018-07-25 09:00:00,490.8000000000001
2018-07-25 10:00:00,491.00000000000017
2018-07-25 11:00:00,491.00000000000017
2018-07-25 12:00:00,490.00000000000017
2018-07-25 13:00:00,489.8000000000001
2018-07-25 14:00:00,490.70000000000016
2018-07-25 15:00:00,489.8000000000001
2018-07-25 16:00:00,490.70000000000016
2018-07-26 08:00:00,490.20000000000016
2018-07-26 09:00:00,490.10000000000014
2018-07-26 12:00:00,489.20000000000016
2018-07-26 13:00:00,490.70000000000016
2018-07-26 14:00:00,490.00000000000017
2018-07-26 15:00:00,492.10000000000014
2018-07-26 16:00:00,492.40000000000015
2018-07-27 07:00:00,497.90000000000015
2018-07-27 08:00:00,492.40000000000015
2018-07-27 09:00:00,491.8000000000001
2018-07-27 11:00:00,494.00000000000017
2018-07-27 12:00:00,493.60000000000014
2018-07-27 13:00:00,494.40000000000015
2018-07-27 14:00:00,493.50000000000017
2018-07-27 15:00:00,492.40000000000015
2018-07-27 16:00:00,492.40000000000015
2018-07-30 08:00:00,487.60000000000014
2018-07-30 09:00:00,488.8000000000001
2018-07-30 10:00:00,488.3000000000001
2018-07-30 11:00:00,489.40000000000015
2018-07-30 12:00:00,488.70000000000016
2018-07-30 13:00:00,488.8000000000001
2018-07-30 14:00:00,485.90000000000015
2018-07-30 15:00:00,485.3000000000001
2018-07-30 16:00:00,483.3000000000001
2018-07-31 08:00:00,482.20000000000016
2018-07-31 09:00:00,482.60000000000014
2018-07-31 10:00:00,481.70000000000016
2018-07-31 11:00:00,482.50000000000017
2018-07-31 12:00:00,483.00000000000017
2018-07-31 13:00:00,483.00000000000017
2018-07-31 14:00:00,482.90000000000015
2018-07-31 15:00:00,482.8000000000001
2018-07-31 16:00:00,483.10000000000014
2018-08-01 08:00:00,482.60000000000014
2018-08-01 09:00:00,482.00000000000017
2018-08-01 10:00:00,480.90000000000015
2018-08-01 11:00:00,481.3000000000001
2018-08-01 12:00:00,479.90000000000015
2018-08-01 13:00:00,479.70000000000016
2018-08-01 14:00:00,480.3000000000001
2018-08-01 15:00:00,481.40000000000015
2018-08-01 16:00:00,480.3000000000001
2018-08-02 08:00:00,479.10000000000014
2018-08-02 09:00:00,479.3000000000001
2018-08-02 10:00:00,479.10000000000014
2018-08-02 11:00:00,478.3000000000001
2018-08-02 13:00:00,478.20000000000016
2018-08-02 14:00:00,479.40000000000015
2018-08-02 16:00:00,481.20000000000016
2018-08-03 08:00:00,483.3000000000001
2018-08-03 13:00:00,485.00000000000017
2018-08-03 16:00:00,483.70000000000016
2018-08-06 08:00:00,483.60000000000014
2018-08-06 09:00:00,483.90000000000015
2018-08-06 10:00:00,484.3000000000001
2018-08-06 11:00:00,486.8000000000001
2018-08-06 12:00:00,484.70000000000016
2018-08-06 13:00:00,483.3000000000001
2018-08-06 14:00:00,483.00000000000017
2018-08-06 15:00:00,483.90000000000015
2018-08-06 16:00:00,483.40000000000015
2018-08-07 08:00:00,486.3000000000001
2018-08-07 09:00:00,485.60000000000014
2018-08-07 10:00:00,485.20000000000016
2018-08-07 11:00:00,485.20000000000016
2018-08-07 12:00:00,484.3000000000001
2018-08-07 13:00:00,484.60000000000014
2018-08-07 14:00:00,483.60000000000014
2018-08-07 15:00:00,482.90000000000015
2018-08-07 16:00:00,481.00000000000017
2018-08-08 08:00:00,483.90000000000015
2018-08-08 09:00:00,484.00000000000017
2018-08-08 10:00:00,484.50000000000017
2018-08-08 11:00:00,485.00000000000017
2018-08-08 12:00:00,485.10000000000014
2018-08-08 13:00:00,484.90000000000015
2018-08-08 14:00:00,483.70000000000016
2018-08-08 15:00:00,485.10000000000014
2018-08-08 16:00:00,485.50000000000017
2018-08-09 08:00:00,483.20000000000016
2018-08-09 09:00:00,483.3000000000001
2018-08-09 10:00:00,483.10000000000014
2018-08-09 11:00:00,483.70000000000016
2018-08-09 12:00:00,483.3000000000001
2018-08-09 13:00:00,485.3000000000001
2018-08-09 14:00:00,485.40000000000015
2018-08-09 15:00:00,485.8000000000001
2018-08-09 16:00:00,484.60000000000014
2018-08-10 08:00:00,478.50000000000017
2018-08-10 09:00:00,478.40000000000015
2018-08-10 10:00:00,476.90000000000015
2018-08-10 11:00:00,477.70000000000016
2018-08-10 12:00:00,477.3000000000001
2018-08-10 13:00:00,476.40000000000015
2018-08-10 14:00:00,477.40000000000015
2018-08-10 15:00:00,477.10000000000014
2018-08-10 16:00:00,461.10000000000014
2018-08-13 08:00:00,476.40000000000015
2018-08-13 09:00:00,478.3000000000001
2018-08-13 11:00:00,479.20000000000016
2018-08-13 12:00:00,479.90000000000015
2018-08-13 13:00:00,480.40000000000015
2018-08-13 15:00:00,481.20000000000016
2018-08-13 16:00:00,482.20000000000016
2018-08-14 08:00:00,482.60000000000014
2018-08-14 09:00:00,481.90000000000015
2018-08-14 10:00:00,481.20000000000016
2018-08-14 12:00:00,481.50000000000017
2018-08-14 13:00:00,482.00000000000017
2018-08-14 14:00:00,480.3000000000001
2018-08-14 15:00:00,480.20000000000016
2018-08-14 16:00:00,481.70000000000016
2018-08-15 08:00:00,481.70000000000016
2018-08-15 09:00:00,482.20000000000016
2018-08-15 10:00:00,482.60000000000014
2018-08-15 11:00:00,479.60000000000014
2018-08-15 12:00:00,477.00000000000017
2018-08-15 13:00:00,477.8000000000001
2018-08-15 14:00:00,475.50000000000017
2018-08-15 15:00:00,472.00000000000017
2018-08-15 16:00:00,472.3000000000001
2018-08-16 08:00:00,476.20000000000016
2018-08-16 09:00:00,477.10000000000014
2018-08-16 10:00:00,477.10000000000014
2018-08-16 11:00:00,477.50000000000017
2018-08-16 13:00:00,477.00000000000017
2018-08-16 14:00:00,476.90000000000015
2018-08-16 16:00:00,477.60000000000014
2018-08-17 08:00:00,475.60000000000014
2018-08-17 09:00:00,477.10000000000014
2018-08-17 10:00:00,475.90000000000015
2018-08-17 11:00:00,476.70000000000016
2018-08-17 13:00:00,474.3000000000001
2018-08-17 14:00:00,474.20000000000016
2018-08-17 15:00:00,474.8000000000001
2018-08-17 16:00:00,476.10000000000014
2018-08-20 08:00:00,478.40000000000015
2018-08-20 09:00:00,479.10000000000014
2018-08-20 10:00:00,479.8000000000001
2018-08-20 13:00:00,480.40000000000015
2018-08-20 14:00:00,481.00000000000017
2018-08-20 15:00:00,480.10000000000014
2018-08-20 16:00:00,479.50000000000017
2018-08-21 08:00:00,480.60000000000014
2018-08-21 09:00:00,482.10000000000014
2018-08-21 10:00:00,481.40000000000015
2018-08-21 11:00:00,481.90000000000015
2018-08-21 12:00:00,481.20000000000016
2018-08-21 13:00:00,481.20000000000016
2018-08-21 14:00:00,480.90000000000015
2018-08-21 15:00:00,481.10000000000014
2018-08-22 08:00:00,480.3000000000001
2018-08-22 09:00:00,480.70000000000016
2018-08-22 10:00:00,480.40000000000015
2018-08-22 12:00:00,480.70000000000016
2018-08-22 13:00:00,479.10000000000014
2018-08-22 14:00:00,479.70000000000016
2018-08-22 15:00:00,480.20000000000016
2018-08-22 16:00:00,481.50000000000017
2018-08-23 08:00:00,483.40000000000015
2018-08-23 09:00:00,483.10000000000014
2018-08-23 10:00:00,483.3000000000001
2018-08-23 12:00:00,484.40000000000015
2018-08-23 14:00:00,484.40000000000015
2018-08-23 16:00:00,484.90000000000015
2018-08-24 08:00:00,484.40000000000015
2018-08-24 09:00:00,485.8000000000001
2018-08-24 14:00:00,485.70000000000016
2018-08-24 15:00:00,486.70000000000016
2018-08-24 16:00:00,486.8000000000001
2018-08-27 08:00:00,490.70000000000016
2018-08-27 09:00:00,490.40000000000015
2018-08-27 10:00:00,491.10000000000014
2018-08-27 11:00:00,491.70000000000016
2018-08-27 13:00:00,492.3000000000001
2018-08-27 14:00:00,492.10000000000014
2018-08-27 15:00:00,493.90000000000015
2018-08-27 16:00:00,493.8000000000001
2018-08-28 08:00:00,495.50000000000017
2018-08-28 09:00:00,493.60000000000014
2018-08-28 10:00:00,493.60000000000014
2018-08-28 11:00:00,493.50000000000017
2018-08-28 12:00:00,492.70000000000016
2018-08-28 13:00:00,493.10000000000014
2018-08-28 14:00:00,492.90000000000015
2018-08-28 16:00:00,493.40000000000015
2018-08-29 08:00:00,492.10000000000014
2018-08-29 09:00:00,491.00000000000017
2018-08-29 10:00:00,491.90000000000015
2018-08-29 12:00:00,492.3000000000001
2018-08-29 13:00:00,492.40000000000015
2018-08-29 14:00:00,492.20000000000016
2018-08-29 15:00:00,492.20000000000016
2018-08-29 16:00:00,492.90000000000015
2018-08-30 09:00:00,489.10000000000014
2018-08-30 10:00:00,489.20000000000016
2018-08-30 11:00:00,489.3000000000001
2018-08-30 12:00:00,490.00000000000017
2018-08-30 13:00:00,488.90000000000015
2018-08-30 14:00:00,490.60000000000014
2018-08-30 15:00:00,491.00000000000017
2018-08-30 16:00:00,491.10000000000014
2018-08-31 08:00:00,487.40000000000015
2018-08-31 09:00:00,487.70000000000016
2018-08-31 10:00:00,487.20000000000016
2018-08-31 11:00:00,488.40000000000015
2018-08-31 12:00:00,488.10000000000014
2018-08-31 13:00:00,488.10000000000014
2018-08-31 14:00:00,488.10000000000014
2018-08-31 15:00:00,488.20000000000016
2018-08-31 16:00:00,488.00000000000017
2018-09-03 08:00:00,487.90000000000015
2018-09-03 09:00:00,487.3000000000001
2018-09-03 10:00:00,488.20000000000016
2018-09-03 11:00:00,489.60000000000014
2018-09-03 12:00:00,490.00000000000017
2018-09-03 13:00:00,489.00000000000017
2018-09-03 14:00:00,489.20000000000016
2018-09-03 15:00:00,489.70000000000016
2018-09-03 16:00:00,489.8000000000001
2018-09-04 08:00:00,489.90000000000015
2018-09-04 09:00:00,487.70000000000016
2018-09-04 10:00:00,485.70000000000016
2018-09-04 11:00:00,484.40000000000015
2018-09-04 12:00:00,481.50000000000017
2018-09-04 13:00:00,481.20000000000016
2018-09-04 14:00:00,481.40000000000015
2018-09-04 15:00:00,482.60000000000014
2018-09-04 16:00:00,482.50000000000017
2018-09-05 08:00:00,477.8000000000001
2018-09-05 09:00:00,477.00000000000017
2018-09-05 10:00:00,474.8000000000001
2018-09-05 11:00:00,475.3000000000001
2018-09-05 12:00:00,475.40000000000015
2018-09-05 13:00:00,474.50000000000017
2018-09-05 14:00:00,474.8000000000001
2018-09-05 15:00:00,470.00000000000017
2018-09-05 16:00:00,468.8000000000001
2018-09-06 08:00:00,466.10000000000014
2018-09-06 09:00:00,466.70000000000016
2018-09-06 10:00:00,467.3000000000001
2018-09-06 11:00:00,466.70000000000016
2018-09-06 12:00:00,466.20000000000016
2018-09-06 13:00:00,467.40000000000015
2018-09-06 14:00:00,465.8000000000001
2018-09-06 15:00:00,462.70000000000016
2018-09-06 16:00:00,462.60000000000014
2018-09-07 08:00:00,462.40000000000015
2018-09-07 09:00:00,461.8000000000001
2018-09-07 10:00:00,460.70000000000016
2018-09-07 11:00:00,461.70000000000016
2018-09-07 12:00:00,461.90000000000015
2018-09-07 13:00:00,460.50000000000017
2018-09-07 14:00:00,461.70000000000016
2018-09-07 15:00:00,462.8000000000001
2018-09-07 16:00:00,463.40000000000015
2018-09-10 08:00:00,463.40000000000015
2018-09-10 09:00:00,464.70000000000016
2018-09-10 10:00:00,465.10000000000014
2018-09-10 11:00:00,465.90000000000015
2018-09-10 12:00:00,466.90000000000015
2018-09-10 13:00:00,468.10000000000014
2018-09-10 14:00:00,467.60000000000014
2018-09-10 15:00:00,467.10000000000014
2018-09-10 16:00:00,466.90000000000015
2018-09-11 07:00:00,471.8000000000001
2018-09-12 09:00:00,468.10000000000014
2018-09-13 08:00:00,464.2000000000001
2018-09-13 10:00:00,467.60000000000014
2018-09-14 10:00:00,468.60000000000014
2018-09-14 11:00:00,467.60000000000014
2018-09-14 14:00:00,468.90000000000015
2018-09-14 16:00:00,469.10000000000014
2018-09-17 09:00:00,468.5000000000001
2018-09-17 12:00:00,467.0000000000001
2018-09-17 13:00:00,465.8000000000001
2018-09-17 14:00:00,466.0000000000001
2018-09-17 15:00:00,465.3000000000001
2018-09-17 16:00:00,465.7000000000001
2018-09-18 08:00:00,465.60000000000014
2018-09-18 09:00:00,468.10000000000014
2018-09-18 10:00:00,466.5000000000001
2018-09-18 11:00:00,466.2000000000001
2018-09-18 12:00:00,465.7000000000001
2018-09-18 13:00:00,465.40000000000015
2018-09-18 14:00:00,467.8000000000001
2018-09-18 15:00:00,469.10000000000014
2018-09-18 16:00:00,470.5000000000001
2018-09-19 08:00:00,470.40000000000015
2018-09-19 09:00:00,469.8000000000001
2018-09-19 10:00:00,469.2000000000001
2018-09-19 11:00:00,468.8000000000001
2018-09-19 12:00:00,468.2000000000001
2018-09-19 13:00:00,468.40000000000015
2018-09-19 14:00:00,468.2000000000001
2018-09-19 15:00:00,468.0000000000001
2018-09-19 16:00:00,468.2000000000001
2018-09-20 09:00:00,469.2000000000001
2018-09-20 10:00:00,469.8000000000001
2018-09-20 12:00:00,468.2000000000001
2018-09-20 13:00:00,468.2000000000001
2018-09-20 15:00:00,470.7000000000001
2018-09-20 16:00:00,468.3000000000001
2018-09-21 08:00:00,471.2000000000001
2018-09-21 09:00:00,472.0000000000001
2018-09-21 10:00:00,472.5000000000001
2018-09-21 11:00:00,471.60000000000014
2018-09-21 12:00:00,471.10000000000014
2018-09-21 13:00:00,471.60000000000014
2018-09-21 14:00:00,471.7000000000001
2018-09-21 16:00:00,472.90000000000015
2018-09-24 08:00:00,472.90000000000015
2018-09-24 09:00:00,472.2000000000001
2018-09-24 14:00:00,471.3000000000001
2018-09-24 15:00:00,472.5000000000001
2018-09-24 16:00:00,472.40000000000015
2018-09-25 08:00:00,475.8000000000001
2018-09-25 09:00:00,476.0000000000001
2018-09-25 10:00:00,475.90000000000015
2018-09-25 11:00:00,477.2000000000001
2018-09-25 12:00:00,477.2000000000001
2018-09-25 13:00:00,477.60000000000014
2018-09-25 14:00:00,477.40000000000015
2018-09-25 15:00:00,478.8000000000001
2018-09-25 16:00:00,480.0000000000001
2018-09-26 08:00:00,479.60000000000014
2018-09-26 10:00:00,478.7000000000001
2018-09-26 11:00:00,478.40000000000015
2018-09-26 12:00:00,478.7000000000001
2018-09-26 13:00:00,479.10000000000014
2018-09-26 15:00:00,479.0000000000001
2018-09-26 16:00:00,479.7000000000001
2018-09-27 08:00:00,479.10000000000014
2018-09-27 09:00:00,476.8000000000001
2018-09-27 10:00:00,477.2000000000001
2018-09-27 11:00:00,477.90000000000015
2018-09-27 12:00:00,477.7000000000001
2018-09-27 13:00:00,478.5000000000001
2018-09-27 14:00:00,479.40000000000015
2018-09-27 15:00:00,480.0000000000001
2018-09-27 16:00:00,479.90000000000015
2018-09-27 18:00:00,497.3000000000001
2018-09-28 08:00:00,479.0000000000001
2018-09-28 09:00:00,479.40000000000015
2018-09-28 10:00:00,479.60000000000014
2018-09-28 11:00:00,476.0000000000001
2018-09-28 12:00:00,473.8000000000001
2018-09-28 13:00:00,473.5000000000001
2018-09-28 14:00:00,474.2000000000001
2018-09-28 15:00:00,475.0000000000001
2018-09-28 16:00:00,474.8000000000001
2018-10-01 08:00:00,477.3000000000001
2018-10-01 09:00:00,478.0000000000001
2018-10-01 10:00:00,478.10000000000014
2018-10-01 11:00:00,477.8000000000001
2018-10-01 12:00:00,477.8000000000001
2018-10-01 13:00:00,479.2000000000001
2018-10-01 14:00:00,479.8000000000001
2018-10-01 15:00:00,479.8000000000001
2018-10-01 16:00:00,481.10000000000014
2018-10-02 08:00:00,476.7000000000001
2018-10-02 09:00:00,474.2000000000001
2018-10-02 10:00:00,473.7000000000001
2018-10-02 11:00:00,474.40000000000015
2018-10-02 12:00:00,475.10000000000014
2018-10-02 13:00:00,475.3000000000001
2018-10-02 14:00:00,477.90000000000015
2018-10-02 15:00:00,476.8000000000001
2018-10-02 16:00:00,480.5000000000001
2018-10-03 08:00:00,479.40000000000015
2018-10-03 09:00:00,479.5000000000001
2018-10-03 10:00:00,479.5000000000001
2018-10-03 11:00:00,479.5000000000001
2018-10-03 12:00:00,481.5000000000001
2018-10-03 14:00:00,481.5000000000001
2018-10-03 15:00:00,481.0000000000001
2018-10-04 08:00:00,477.10000000000014
2018-10-04 10:00:00,477.3000000000001
2018-10-04 11:00:00,476.40000000000015
2018-10-04 12:00:00,477.0000000000001
2018-10-04 13:00:00,478.5000000000001
2018-10-04 14:00:00,476.8000000000001
2018-10-04 15:00:00,473.40000000000015
2018-10-04 16:00:00,475.0000000000001
2018-10-05 08:00:00,470.40000000000015
2018-10-05 09:00:00,466.8000000000001
2018-10-05 10:00:00,466.60000000000014
2018-10-05 11:00:00,468.60000000000014
2018-10-05 12:00:00,467.60000000000014
2018-10-05 13:00:00,466.5000000000001
2018-10-05 14:00:00,465.40000000000015
2018-10-05 15:00:00,466.10000000000014
2018-10-05 16:00:00,464.2000000000001
2018-10-08 08:00:00,461.40000000000015
2018-10-08 09:00:00,458.5000000000001
2018-10-08 10:00:00,460.90000000000015
2018-10-08 11:00:00,459.2000000000001
2018-10-08 12:00:00,459.60000000000014
2018-10-08 13:00:00,458.2000000000001
2018-10-08 14:00:00,458.0000000000001
2018-10-08 15:00:00,458.0000000000001
2018-10-08 16:00:00,456.5000000000001
2018-10-09 08:00:00,455.40000000000015
2018-10-09 09:00:00,455.40000000000015
2018-10-09 10:00:00,454.5000000000001
2018-10-09 11:00:00,455.2000000000001
2018-10-09 12:00:00,453.0000000000001
2018-10-09 14:00:00,458.0000000000001
2018-10-09 15:00:00,459.5000000000001
2018-10-10 08:00:00,453.7000000000001
2018-10-10 09:00:00,452.90000000000015
2018-10-10 10:00:00,450.2000000000001
2018-10-10 11:00:00,450.0000000000001
2018-10-10 12:00:00,448.3000000000001
2018-10-10 13:00:00,446.40000000000015
2018-10-10 14:00:00,442.3000000000001
2018-10-10 15:00:00,441.7000000000001
2018-10-10 16:00:00,439.8000000000001
2018-10-11 08:00:00,431.8000000000001
2018-10-11 09:00:00,433.7000000000001
2018-10-11 10:00:00,431.0000000000001
2018-10-11 11:00:00,429.8000000000001
2018-10-11 12:00:00,429.90000000000015
2018-10-11 13:00:00,439.0000000000001
2018-10-11 14:00:00,442.60000000000014
2018-10-11 15:00:00,435.7000000000001
2018-10-11 16:00:00,435.5000000000001
2018-10-12 08:00:00,440.0000000000001
2018-10-12 09:00:00,438.7000000000001
2018-10-12 10:00:00,439.0000000000001
2018-10-12 11:00:00,439.0000000000001
2018-10-12 12:00:00,439.7000000000001
2018-10-12 13:00:00,440.0000000000001
2018-10-12 14:00:00,440.40000000000015
2018-10-12 15:00:00,438.90000000000015
2018-10-12 16:00:00,437.10000000000014
2018-10-15 08:00:00,436.2000000000001
2018-10-15 09:00:00,432.0000000000001
2018-10-15 10:00:00,434.3000000000001
2018-10-15 11:00:00,433.7000000000001
2018-10-15 12:00:00,433.7000000000001
2018-10-15 13:00:00,435.10000000000014
2018-10-15 14:00:00,436.5000000000001
2018-10-15 15:00:00,435.8000000000001
2018-10-15 16:00:00,437.40000000000015
2018-10-16 08:00:00,439.8000000000001
2018-10-16 09:00:00,440.0000000000001
2018-10-16 10:00:00,440.8000000000001
2018-10-16 11:00:00,442.7000000000001
2018-10-16 12:00:00,444.60000000000014
2018-10-16 13:00:00,447.2000000000001
2018-10-16 14:00:00,448.0000000000001
2018-10-16 15:00:00,449.8000000000001
2018-10-16 16:00:00,450.5000000000001
2018-10-17 08:00:00,462.90000000000015
2018-10-17 09:00:00,456.60000000000014
2018-10-17 10:00:00,454.5000000000001
2018-10-17 11:00:00,454.40000000000015
2018-10-17 12:00:00,453.8000000000001
2018-10-17 13:00:00,455.10000000000014
2018-10-17 14:00:00,453.90000000000015
2018-10-17 15:00:00,452.10000000000014
2018-10-17 16:00:00,453.40000000000015
2018-10-18 08:00:00,451.60000000000014
2018-10-18 09:00:00,450.60000000000014
2018-10-18 10:00:00,453.3000000000001
2018-10-18 11:00:00,451.3000000000001
2018-10-18 12:00:00,451.3000000000001
2018-10-18 13:00:00,447.90000000000015
2018-10-18 14:00:00,447.10000000000014
2018-10-18 15:00:00,444.7000000000001
2018-10-18 16:00:00,443.7000000000001
2018-10-19 08:00:00,444.7000000000001
2018-10-19 09:00:00,440.10000000000014
2018-10-19 10:00:00,441.0000000000001
2018-10-19 11:00:00,438.7000000000001
2018-10-19 12:00:00,441.8000000000001
2018-10-19 13:00:00,439.90000000000015
2018-10-19 14:00:00,442.8000000000001
2018-10-19 15:00:00,441.90000000000015
2018-10-19 16:00:00,442.10000000000014
2018-10-22 08:00:00,443.0000000000001
2018-10-22 09:00:00,442.8000000000001
2018-10-22 10:00:00,442.5000000000001
2018-10-22 11:00:00,441.8000000000001
2018-10-22 14:00:00,440.0000000000001
2018-10-22 15:00:00,440.7000000000001
2018-10-22 16:00:00,440.8000000000001
2018-10-23 08:00:00,428.90000000000015
2018-10-23 09:00:00,422.8000000000001
2018-10-23 10:00:00,423.40000000000015
2018-10-23 11:00:00,424.40000000000015
2018-10-23 12:00:00,423.90000000000015
2018-10-23 13:00:00,425.2000000000001
2018-10-23 14:00:00,423.60000000000014
2018-10-23 15:00:00,423.90000000000015
2018-10-23 16:00:00,424.8000000000001
2018-10-24 08:00:00,424.40000000000015
2018-10-24 09:00:00,419.2000000000001
2018-10-24 10:00:00,420.2000000000001
2018-10-24 11:00:00,420.2000000000001
2018-10-24 12:00:00,421.90000000000015
2018-10-24 13:00:00,424.90000000000015
2018-10-24 14:00:00,423.90000000000015
2018-10-24 15:00:00,419.8000000000001
2018-10-24 16:00:00,416.0000000000001
2018-10-25 08:00:00,417.7000000000001
2018-10-25 09:00:00,419.10000000000014
2018-10-25 10:00:00,420.8000000000001
2018-10-25 12:00:00,419.60000000000014
2018-10-25 13:00:00,420.10000000000014
2018-10-25 14:00:00,421.5000000000001
2018-10-25 15:00:00,422.3000000000001
2018-10-25 16:00:00,422.90000000000015
2018-10-26 08:00:00,417.40000000000015
2018-10-26 09:00:00,416.10000000000014
2018-10-26 10:00:00,413.60000000000014
2018-10-26 11:00:00,414.7000000000001
2018-10-26 12:00:00,417.10000000000014
2018-10-26 13:00:00,419.90000000000015
2018-10-26 14:00:00,419.10000000000014
2018-10-26 15:00:00,414.40000000000015
2018-10-26 16:00:00,419.60000000000014
2018-10-29 12:00:00,426.8000000000001
2018-10-29 14:00:00,425.5000000000001
2018-10-29 15:00:00,427.10000000000014
2018-10-29 16:00:00,426.2000000000001
2018-10-29 17:00:00,422.2000000000001
2018-10-29 19:00:00,422.8000000000001
2018-10-30 09:00:00,421.3000000000001
2018-10-30 10:00:00,422.5000000000001
2018-10-30 11:00:00,422.10000000000014
2018-10-30 12:00:00,422.60000000000014
2018-10-30 13:00:00,424.3000000000001
2018-10-30 14:00:00,423.90000000000015
2018-10-30 15:00:00,423.0000000000001
2018-10-30 16:00:00,424.10000000000014
2018-10-31 09:00:00,432.2000000000001
2018-10-31 10:00:00,430.3000000000001
2018-10-31 11:00:00,431.90000000000015
2018-10-31 12:00:00,432.10000000000014
2018-10-31 13:00:00,432.90000000000015
2018-10-31 14:00:00,434.0000000000001
2018-10-31 15:00:00,436.3000000000001
2018-10-31 16:00:00,433.10000000000014
2018-10-31 17:00:00,434.0000000000001
2018-11-01 09:00:00,436.40000000000015
2018-11-01 10:00:00,435.90000000000015
2018-11-01 11:00:00,437.3000000000001
2018-11-01 12:00:00,435.40000000000015
2018-11-01 13:00:00,434.3000000000001
2018-11-01 14:00:00,433.40000000000015
2018-11-01 15:00:00,434.5000000000001
2018-11-01 16:00:00,435.5000000000001
2018-11-01 17:00:00,435.2000000000001
2018-11-02 09:00:00,444.60000000000014
2018-11-02 10:00:00,444.2000000000001
2018-11-02 11:00:00,445.2000000000001
2018-11-02 12:00:00,446.3000000000001
2018-11-02 13:00:00,444.7000000000001
2018-11-02 14:00:00,443.5000000000001
2018-11-02 15:00:00,440.5000000000001
2018-11-02 16:00:00,440.5000000000001
2018-11-02 17:00:00,438.3000000000001
2018-11-05 08:00:00,438.3000000000001
2018-11-05 09:00:00,439.0000000000001
2018-11-05 10:00:00,438.40000000000015
2018-11-05 11:00:00,438.2000000000001
2018-11-05 12:00:00,438.5000000000001
2018-11-05 13:00:00,438.5000000000001
2018-11-05 14:00:00,436.10000000000014
2018-11-05 15:00:00,434.0000000000001
2018-11-05 16:00:00,434.40000000000015
2018-11-06 08:00:00,431.3000000000001
2018-11-06 09:00:00,430.90000000000015
2018-11-06 10:00:00,431.10000000000014
2018-11-06 11:00:00,433.10000000000014
2018-11-06 14:00:00,437.10000000000014
2018-11-06 16:00:00,434.7000000000001
2018-11-07 08:00:00,436.8000000000001
2018-11-07 09:00:00,437.3000000000001
2018-11-07 10:00:00,437.10000000000014
2018-11-07 12:00:00,435.7000000000001
2018-11-07 13:00:00,436.10000000000014
2018-11-07 14:00:00,436.60000000000014
2018-11-07 15:00:00,438.3000000000001
2018-11-07 16:00:00,438.8000000000001
2018-11-08 08:00:00,442.5000000000001
2018-11-08 09:00:00,440.5000000000001
2018-11-08 10:00:00,440.0000000000001
2018-11-08 11:00:00,439.10000000000014
2018-11-08 12:00:00,439.10000000000014
2018-11-08 13:00:00,437.5000000000001
2018-11-08 14:00:00,439.0000000000001
2018-11-08 15:00:00,437.7000000000001
2018-11-08 16:00:00,437.40000000000015
2018-11-09 08:00:00,435.90000000000015
2018-11-09 09:00:00,437.0000000000001
2018-11-09 10:00:00,436.8000000000001
2018-11-09 13:00:00,437.5000000000001
2018-11-09 14:00:00,436.60000000000014
2018-11-09 15:00:00,438.3000000000001
2018-11-09 16:00:00,437.5000000000001
2018-11-12 08:00:00,428.5000000000001
2018-11-12 09:00:00,429.0000000000001
2018-11-12 10:00:00,430.5000000000001
2018-11-12 11:00:00,429.7000000000001
2018-11-12 12:00:00,429.0000000000001
2018-11-12 14:00:00,425.2000000000001
2018-11-12 15:00:00,424.3000000000001
2018-11-12 16:00:00,422.8000000000001
2018-11-13 08:00:00,426.60000000000014
2018-11-13 09:00:00,424.0000000000001
2018-11-13 10:00:00,423.7000000000001
2018-11-13 11:00:00,425.10000000000014
2018-11-13 13:00:00,424.60000000000014
2018-11-13 14:00:00,425.0000000000001
2018-11-13 15:00:00,426.5000000000001
2018-11-13 16:00:00,428.10000000000014
2018-11-14 08:00:00,421.10000000000014
2018-11-14 09:00:00,424.8000000000001
2018-11-14 10:00:00,426.90000000000015
2018-11-14 11:00:00,426.60000000000014
2018-11-14 12:00:00,426.90000000000015
2018-11-14 13:00:00,430.5000000000001
2018-11-14 14:00:00,428.2000000000001
2018-11-14 15:00:00,426.7000000000001
2018-11-14 16:00:00,424.7000000000001
2018-11-15 09:00:00,424.40000000000015
2018-11-15 10:00:00,424.8000000000001
2018-11-15 11:00:00,425.40000000000015
2018-11-15 12:00:00,426.7000000000001
2018-11-15 13:00:00,423.60000000000014
2018-11-15 14:00:00,424.5000000000001
2018-11-15 15:00:00,422.7000000000001
2018-11-15 16:00:00,425.7000000000001
2018-11-16 08:00:00,426.40000000000015
2018-11-16 09:00:00,425.60000000000014
2018-11-16 10:00:00,421.90000000000015
2018-11-16 11:00:00,422.5000000000001
2018-11-16 12:00:00,421.60000000000014
2018-11-16 13:00:00,420.10000000000014
2018-11-16 14:00:00,420.8000000000001
2018-11-16 15:00:00,422.8000000000001
2018-11-16 16:00:00,421.40000000000015
2018-11-19 08:00:00,425.90000000000015
2018-11-19 09:00:00,422.0000000000001
2018-11-19 10:00:00,422.10000000000014
2018-11-19 11:00:00,421.7000000000001
2018-11-19 12:00:00,422.40000000000015
2018-11-19 13:00:00,422.60000000000014
2018-11-19 14:00:00,418.2000000000001
2018-11-19 15:00:00,414.90000000000015
2018-11-19 16:00:00,412.10000000000014
2018-11-20 08:00:00,406.0000000000001
2018-11-20 09:00:00,405.7000000000001
2018-11-20 10:00:00,405.7000000000001
2018-11-20 11:00:00,405.90000000000015
2018-11-20 12:00:00,403.40000000000015
2018-11-20 13:00:00,399.0000000000001
2018-11-20 14:00:00,401.2000000000001
2018-11-20 15:00:00,406.2000000000001
2018-11-20 16:00:00,406.10000000000014
2018-11-20 20:00:00,405.8000000000001
2018-11-21 08:00:00,408.2000000000001
2018-11-21 09:00:00,408.0000000000001
2018-11-21 11:00:00,406.8000000000001
2018-11-21 13:00:00,410.5000000000001
2018-11-21 14:00:00,410.2000000000001
2018-11-21 15:00:00,411.40000000000015
2018-11-21 16:00:00,413.3000000000001
2018-11-22 08:00:00,409.40000000000015
2018-11-22 09:00:00,407.7000000000001
2018-11-22 10:00:00,409.90000000000015
2018-11-22 13:00:00,410.10000000000014
2018-11-22 15:00:00,409.60000000000014
2018-11-22 16:00:00,409.2000000000001
2018-11-23 08:00:00,411.7000000000001
2018-11-23 09:00:00,413.10000000000014
2018-11-23 10:00:00,409.90000000000015
2018-11-23 11:00:00,409.60000000000014
2018-11-23 12:00:00,410.5000000000001
2018-11-23 13:00:00,407.8000000000001
2018-11-23 14:00:00,411.5000000000001
2018-11-23 15:00:00,411.8000000000001
2018-11-23 16:00:00,412.60000000000014
2018-11-26 08:00:00,419.2000000000001
2018-11-26 09:00:00,419.40000000000015
2018-11-26 10:00:00,418.8000000000001
2018-11-26 11:00:00,418.2000000000001
2018-11-26 12:00:00,417.0000000000001
2018-11-26 14:00:00,417.90000000000015
2018-11-26 15:00:00,418.90000000000015
2018-11-26 16:00:00,416.7000000000001
2018-11-27 08:00:00,418.8000000000001
2018-11-27 09:00:00,420.60000000000014
2018-11-27 11:00:00,418.0000000000001
2018-11-27 12:00:00,417.40000000000015
2018-11-27 13:00:00,417.10000000000014
2018-11-27 14:00:00,416.8000000000001
2018-11-27 15:00:00,417.3000000000001
2018-11-27 16:00:00,418.8000000000001
2018-11-28 08:00:00,420.5000000000001
2018-11-28 09:00:00,423.40000000000015
2018-11-28 10:00:00,424.10000000000014
2018-11-28 12:00:00,422.3000000000001
2018-11-28 14:00:00,421.8000000000001
2018-11-28 15:00:00,421.2000000000001
2018-11-28 16:00:00,421.3000000000001
2018-11-29 08:00:00,430.0000000000001
2018-11-29 09:00:00,428.60000000000014
2018-11-29 10:00:00,427.5000000000001
2018-11-29 11:00:00,425.5000000000001
2018-11-29 12:00:00,425.8000000000001
2018-11-29 13:00:00,425.3000000000001
2018-11-29 14:00:00,427.3000000000001
2018-11-29 15:00:00,425.8000000000001
2018-11-29 16:00:00,424.7000000000001
2018-11-30 13:00:00,422.90000000000015
2018-11-30 14:00:00,423.0000000000001
2018-11-30 15:00:00,422.60000000000014
2018-11-30 16:00:00,422.5000000000001
2018-12-03 08:00:00,435.3000000000001
2018-12-03 09:00:00,434.60000000000014
2018-12-03 10:00:00,434.10000000000014
2018-12-03 11:00:00,432.5000000000001
2018-12-03 12:00:00,433.0000000000001
2018-12-03 13:00:00,432.60000000000014
2018-12-03 14:00:00,432.40000000000015
2018-12-03 15:00:00,432.60000000000014
2018-12-03 16:00:00,432.10000000000014
2018-12-04 08:00:00,430.0000000000001
2018-12-04 09:00:00,429.10000000000014
2018-12-04 10:00:00,428.60000000000014
2018-12-04 14:00:00,428.5000000000001
2018-12-04 15:00:00,427.7000000000001
2018-12-05 07:00:00,417.40000000000015
2018-12-05 08:00:00,420.5000000000001
2018-12-05 09:00:00,421.40000000000015
2018-12-05 10:00:00,420.2000000000001
2018-12-05 11:00:00,420.7000000000001
2018-12-05 12:00:00,420.60000000000014
2018-12-05 13:00:00,421.0000000000001
2018-12-05 14:00:00,420.7000000000001
2018-12-05 15:00:00,420.10000000000014
2018-12-05 16:00:00,418.40000000000015
2018-12-06 08:00:00,408.60000000000014
2018-12-06 09:00:00,407.10000000000014
2018-12-06 10:00:00,406.40000000000015
2018-12-06 11:00:00,406.60000000000014
2018-12-06 12:00:00,407.40000000000015
2018-12-06 13:00:00,409.5000000000001
2018-12-06 14:00:00,408.60000000000014
2018-12-06 15:00:00,408.0000000000001
2018-12-06 16:00:00,406.40000000000015
2018-12-07 09:00:00,415.2000000000001
2018-12-07 10:00:00,414.10000000000014
2018-12-07 12:00:00,413.5000000000001
2018-12-07 13:00:00,413.8000000000001
2018-12-07 14:00:00,415.8000000000001
2018-12-07 15:00:00,413.0000000000001
2018-12-07 16:00:00,409.10000000000014
2018-12-10 08:00:00,405.5000000000001
2018-12-10 09:00:00,405.5000000000001
2018-12-10 10:00:00,407.10000000000014
2018-12-10 11:00:00,407.5000000000001
2018-12-10 12:00:00,407.90000000000015
2018-12-10 13:00:00,407.8000000000001
2018-12-10 14:00:00,408.5000000000001
2018-12-10 15:00:00,406.5000000000001
2018-12-10 16:00:00,404.8000000000001
2018-12-11 08:00:00,409.60000000000014
2018-12-11 09:00:00,409.10000000000014
2018-12-11 10:00:00,410.90000000000015
2018-12-11 12:00:00,415.7000000000001
2018-12-11 13:00:00,414.90000000000015
2018-12-11 14:00:00,416.40000000000015
2018-12-11 15:00:00,414.8000000000001
2018-12-11 16:00:00,414.0000000000001
2018-12-17 15:00:00,409.9000000000001
2018-12-18 10:00:00,409.9000000000001
2018-12-19 08:00:00,405.9000000000001
2018-12-19 09:00:00,406.4000000000001
2018-12-19 10:00:00,407.0000000000001
2018-12-19 11:00:00,407.3000000000001
2018-12-19 12:00:00,407.2000000000001
2018-12-19 13:00:00,408.5000000000001
2018-12-19 14:00:00,409.5000000000001
2018-12-20 09:00:00,401.7000000000001
2018-12-20 10:00:00,401.10000000000014
2018-12-20 11:00:00,403.4000000000001
2018-12-20 12:00:00,402.4000000000001
2018-12-20 13:00:00,401.2000000000001
2018-12-20 14:00:00,400.0000000000001
2018-12-20 15:00:00,400.7000000000001
2018-12-20 16:00:00,398.10000000000014
2018-12-21 08:00:00,397.2000000000001
2018-12-21 09:00:00,395.3000000000001
2018-12-21 10:00:00,395.9000000000001
2018-12-21 11:00:00,397.4000000000001
2018-12-21 12:00:00,397.4000000000001
2018-12-21 13:00:00,399.4000000000001
2018-12-21 14:00:00,395.5000000000001
2018-12-21 15:00:00,396.4000000000001
2018-12-21 16:00:00,394.0000000000001
2018-12-27 08:00:00,397.0000000000001
2018-12-27 09:00:00,392.10000000000014
2018-12-27 10:00:00,393.5000000000001
2018-12-27 11:00:00,393.2000000000001
2018-12-27 12:00:00,392.9000000000001
2018-12-27 13:00:00,392.2000000000001
2018-12-27 14:00:00,391.2000000000001
2018-12-27 15:00:00,389.10000000000014
2018-12-27 16:00:00,391.9000000000001
2018-12-27 20:00:00,394.0000000000001
2018-12-28 08:00:00,398.2000000000001
2018-12-28 09:00:00,398.8000000000001
2018-12-28 10:00:00,400.5000000000001
2018-12-28 11:00:00,400.60000000000014
2018-12-28 12:00:00,399.60000000000014
2018-12-28 13:00:00,401.2000000000001
2018-12-28 14:00:00,401.9000000000001
2018-12-28 15:00:00,400.4000000000001
2019-01-02 08:00:00,397.2000000000001
2019-01-02 09:00:00,398.2000000000001
2019-01-02 10:00:00,400.8000000000001
2019-01-02 11:00:00,400.5000000000001
2019-01-02 12:00:00,400.4000000000001
2019-01-02 13:00:00,398.5000000000001
2019-01-02 14:00:00,401.10000000000014
2019-01-02 15:00:00,402.10000000000014
2019-01-02 16:00:00,400.8000000000001
2019-01-03 08:00:00,390.7000000000001
2019-01-03 09:00:00,389.9000000000001
2019-01-03 10:00:00,387.10000000000014
2019-01-03 11:00:00,387.10000000000014
2019-01-03 12:00:00,388.3000000000001
2019-01-03 13:00:00,389.4000000000001
2019-01-03 14:00:00,388.3000000000001
2019-01-03 15:00:00,385.10000000000014
2019-01-03 16:00:00,385.0000000000001
2019-01-04 08:00:00,388.60000000000014
2019-01-04 09:00:00,390.4000000000001
2019-01-04 10:00:00,389.4000000000001
2019-01-04 11:00:00,389.5000000000001
2019-01-04 12:00:00,390.10000000000014
2019-01-04 13:00:00,391.10000000000014
2019-01-04 14:00:00,392.8000000000001
2019-01-04 15:00:00,395.3000000000001
2019-01-04 16:00:00,396.2000000000001
2019-01-07 08:00:00,397.9000000000001
2019-01-07 09:00:00,398.2000000000001
2019-01-07 10:00:00,400.10000000000014
2019-01-07 11:00:00,399.2000000000001
2019-01-07 12:00:00,401.2000000000001
2019-01-07 13:00:00,399.8000000000001
2019-01-07 14:00:00,401.3000000000001
2019-01-07 15:00:00,402.10000000000014
2019-01-07 16:00:00,401.2000000000001
2019-01-08 08:00:00,404.9000000000001
2019-01-08 09:00:00,403.60000000000014
2019-01-08 10:00:00,403.60000000000014
2019-01-08 11:00:00,407.2000000000001
2019-01-08 12:00:00,407.2000000000001
2019-01-08 13:00:00,409.9000000000001
2019-01-08 14:00:00,409.7000000000001
2019-01-08 15:00:00,407.7000000000001
2019-01-08 16:00:00,406.2000000000001
2019-01-09 08:00:00,412.3000000000001
2019-01-09 09:00:00,415.0000000000001
2019-01-09 10:00:00,414.5000000000001
2019-01-09 11:00:00,415.4000000000001
2019-01-09 12:00:00,415.8000000000001
2019-01-09 13:00:00,416.7000000000001
2019-01-09 14:00:00,414.9000000000001
2019-01-09 15:00:00,414.0000000000001
2019-01-09 16:00:00,414.0000000000001
2019-01-10 08:00:00,409.7000000000001
2019-01-10 09:00:00,411.60000000000014
2019-01-10 10:00:00,410.9000000000001
2019-01-10 11:00:00,411.0000000000001
2019-01-10 12:00:00,410.8000000000001
2019-01-10 13:00:00,412.2000000000001
2019-01-10 14:00:00,410.4000000000001
2019-01-10 15:00:00,412.0000000000001
2019-01-10 16:00:00,412.3000000000001
2019-01-11 08:00:00,412.7000000000001
2019-01-11 09:00:00,412.4000000000001
2019-01-11 10:00:00,412.5000000000001
2019-01-11 11:00:00,411.60000000000014
2019-01-11 12:00:00,412.2000000000001
2019-01-11 13:00:00,410.8000000000001
2019-01-11 15:00:00,412.10000000000014
2019-01-11 16:00:00,411.10000000000014
2019-01-14 08:00:00,409.10000000000014
2019-01-14 09:00:00,407.9000000000001
2019-01-14 10:00:00,406.9000000000001
2019-01-14 11:00:00,406.7000000000001
2019-01-14 12:00:00,406.9000000000001
2019-01-14 13:00:00,407.10000000000014
2019-01-14 14:00:00,406.5000000000001
2019-01-14 15:00:00,406.4000000000001
2019-01-14 16:00:00,405.5000000000001
2019-01-15 08:00:00,410.9000000000001
2019-01-15 09:00:00,409.4000000000001
2019-01-15 10:00:00,407.2000000000001
2019-01-15 11:00:00,408.10000000000014
2019-01-15 12:00:00,406.60000000000014
2019-01-15 13:00:00,406.60000000000014
2019-01-16 08:00:00,412.60000000000014
2019-01-16 09:00:00,411.0000000000001
2019-01-16 12:00:00,411.7000000000001
2019-01-16 14:00:00,413.0000000000001
2019-01-16 15:00:00,412.7000000000001
2019-01-16 16:00:00,412.10000000000014
2019-01-17 08:00:00,411.4000000000001
2019-01-17 13:00:00,412.2000000000001
2019-01-17 14:00:00,411.4000000000001
2019-01-17 15:00:00,413.5000000000001
2019-01-17 16:00:00,413.0000000000001
2019-01-18 08:00:00,416.7000000000001
2019-01-18 09:00:00,419.10000000000014
2019-01-18 10:00:00,419.4000000000001
2019-01-18 11:00:00,420.2000000000001
2019-01-18 12:00:00,421.2000000000001
2019-01-18 13:00:00,421.60000000000014
2019-01-18 14:00:00,421.2000000000001
2019-01-18 15:00:00,423.0000000000001
2019-01-18 16:00:00,425.8000000000001
2019-01-21 08:00:00,425.3000000000001
2019-01-21 10:00:00,424.9000000000001
2019-01-21 11:00:00,424.5000000000001
2019-01-21 13:00:00,424.7000000000001
2019-01-21 14:00:00,424.5000000000001
2019-01-21 15:00:00,423.7000000000001
2019-01-21 16:00:00,423.7000000000001
2019-01-22 08:00:00,422.9000000000001
2019-01-22 09:00:00,423.4000000000001
2019-01-22 10:00:00,422.2000000000001
2019-01-22 11:00:00,421.7000000000001
2019-01-22 12:00:00,421.60000000000014
2019-01-22 13:00:00,421.0000000000001
2019-01-22 14:00:00,419.3000000000001
2019-01-22 15:00:00,419.60000000000014
2019-01-22 16:00:00,419.7000000000001
2019-01-23 08:00:00,415.8000000000001
2019-01-23 09:00:00,418.7000000000001
2019-01-23 10:00:00,418.10000000000014
2019-01-23 11:00:00,419.9000000000001
2019-01-23 12:00:00,421.5000000000001
2019-01-23 13:00:00,422.5000000000001
2019-01-23 14:00:00,423.8000000000001
2019-01-23 15:00:00,422.0000000000001
2019-01-23 16:00:00,421.3000000000001
2019-01-24 08:00:00,427.60000000000014
2019-01-24 09:00:00,428.60000000000014
2019-01-24 10:00:00,430.3000000000001
2019-01-24 11:00:00,430.0000000000001
2019-01-24 12:00:00,429.2000000000001
2019-01-24 13:00:00,429.10000000000014
2019-01-24 14:00:00,429.2000000000001
2019-01-24 15:00:00,430.10000000000014
2019-01-24 16:00:00,432.0000000000001
2019-01-25 08:00:00,434.10000000000014
2019-01-25 09:00:00,434.8000000000001
2019-01-25 10:00:00,434.9000000000001
2019-01-25 11:00:00,435.4000000000001
2019-01-25 12:00:00,435.9000000000001
2019-01-25 13:00:00,437.0000000000001
2019-01-25 14:00:00,437.5000000000001
2019-01-25 15:00:00,438.4000000000001
2019-01-25 16:00:00,437.9000000000001
2019-01-28 08:00:00,435.5000000000001
2019-01-28 09:00:00,436.2000000000001
2019-01-28 10:00:00,436.10000000000014
2019-01-28 11:00:00,434.0000000000001
2019-01-28 13:00:00,433.4000000000001
2019-01-28 14:00:00,430.2000000000001
2019-01-28 15:00:00,431.60000000000014
2019-01-28 16:00:00,432.10000000000014
2019-01-29 08:00:00,431.4000000000001
2019-01-29 09:00:00,430.8000000000001
2019-01-29 10:00:00,431.0000000000001
2019-01-29 11:00:00,430.10000000000014
2019-01-29 12:00:00,430.0000000000001
2019-01-29 13:00:00,430.8000000000001
2019-01-29 14:00:00,430.8000000000001
2019-01-29 15:00:00,429.0000000000001
2019-01-29 16:00:00,429.5000000000001
2019-01-30 08:00:00,432.60000000000014
2019-01-30 10:00:00,431.2000000000001
2019-01-30 12:00:00,430.9000000000001
2019-01-30 14:00:00,430.0000000000001
2019-01-30 15:00:00,428.9000000000001
2019-01-30 16:00:00,429.0000000000001
2019-01-31 08:00:00,428.60000000000014
2019-01-31 09:00:00,427.9000000000001
2019-01-31 10:00:00,428.5000000000001
2019-01-31 11:00:00,428.8000000000001
2019-01-31 13:00:00,427.7000000000001
2019-01-31 14:00:00,426.0000000000001
2019-01-31 15:00:00,426.8000000000001
2019-01-31 16:00:00,432.3000000000001
2019-02-01 08:00:00,430.5000000000001
2019-02-01 09:00:00,429.8000000000001
2019-02-01 10:00:00,429.5000000000001
2019-02-01 11:00:00,429.9000000000001
2019-02-01 12:00:00,428.60000000000014
2019-02-01 13:00:00,429.9000000000001
2019-02-01 14:00:00,428.0000000000001
2019-02-01 15:00:00,430.60000000000014
2019-02-01 16:00:00,430.9000000000001
2019-02-04 08:00:00,429.60000000000014
2019-02-04 09:00:00,431.60000000000014
2019-02-04 10:00:00,430.60000000000014
2019-02-04 11:00:00,430.9000000000001
2019-02-04 12:00:00,431.2000000000001
2019-02-04 13:00:00,431.0000000000001
2019-02-04 14:00:00,431.0000000000001
2019-02-04 15:00:00,430.3000000000001
2019-02-04 16:00:00,431.3000000000001
2019-02-05 08:00:00,433.10000000000014
2019-02-05 09:00:00,434.2000000000001
2019-02-05 10:00:00,434.5000000000001
2019-02-05 11:00:00,435.3000000000001
2019-02-05 12:00:00,435.2000000000001
2019-02-05 13:00:00,434.7000000000001
2019-02-05 14:00:00,436.3000000000001
2019-02-05 15:00:00,436.8000000000001
2019-02-05 16:00:00,437.2000000000001
2019-02-06 08:00:00,440.7000000000001
2019-02-06 09:00:00,441.7000000000001
2019-02-06 10:00:00,441.7000000000001
2019-02-06 11:00:00,442.3000000000001
2019-02-06 12:00:00,442.4000000000001
2019-02-06 13:00:00,443.3000000000001
2019-02-06 14:00:00,445.7000000000001
2019-02-06 15:00:00,445.60000000000014
2019-02-06 16:00:00,444.7000000000001
2019-02-07 08:00:00,443.3000000000001
2019-02-07 09:00:00,445.0000000000001
2019-02-07 10:00:00,442.8000000000001
2019-02-07 11:00:00,441.3000000000001
2019-02-07 12:00:00,439.7000000000001
2019-02-07 13:00:00,438.60000000000014
2019-02-07 14:00:00,437.3000000000001
2019-02-07 15:00:00,437.4000000000001
2019-02-07 16:00:00,435.5000000000001
2019-02-08 08:00:00,435.8000000000001
2019-02-08 09:00:00,435.5000000000001
2019-02-08 10:00:00,435.7000000000001
2019-02-08 11:00:00,434.2000000000001
2019-02-08 12:00:00,433.3000000000001
2019-02-08 13:00:00,432.9000000000001
2019-02-08 14:00:00,434.8000000000001
2019-02-08 15:00:00,434.10000000000014
2019-02-08 16:00:00,434.4000000000001
2019-02-08 17:00:00,435.3000000000001
2019-02-11 08:00:00,440.10000000000014
2019-02-11 09:00:00,440.4000000000001
2019-02-11 10:00:00,439.4000000000001
2019-02-11 11:00:00,438.5000000000001
2019-02-11 12:00:00,439.0000000000001
2019-02-11 13:00:00,439.9000000000001
2019-02-11 14:00:00,439.4000000000001
2019-02-11 15:00:00,439.8000000000001
2019-02-11 16:00:00,439.9000000000001
2019-02-12 08:00:00,442.60000000000014
2019-02-12 09:00:00,442.7000000000001
2019-02-12 10:00:00,442.5000000000001
2019-02-12 11:00:00,441.5000000000001
2019-02-12 12:00:00,441.5000000000001
2019-02-12 13:00:00,440.8000000000001
2019-02-12 14:00:00,440.4000000000001
2019-02-12 15:00:00,441.9000000000001
2019-02-12 16:00:00,440.9000000000001
2019-02-13 08:00:00,442.9000000000001
2019-02-13 09:00:00,444.5000000000001
2019-02-13 10:00:00,445.2000000000001
2019-02-13 13:00:00,446.3000000000001
2019-02-13 14:00:00,446.5000000000001
2019-02-13 15:00:00,448.2000000000001
2019-02-14 08:00:00,452.10000000000014
2019-02-14 09:00:00,451.3000000000001
2019-02-14 10:00:00,452.3000000000001
2019-02-14 11:00:00,452.60000000000014
2019-02-14 12:00:00,452.5000000000001
2019-02-14 13:00:00,450.7000000000001
2019-02-14 14:00:00,450.5000000000001
2019-02-14 15:00:00,450.9000000000001
2019-02-14 16:00:00,450.3000000000001
2019-02-15 08:00:00,447.2000000000001
2019-02-15 09:00:00,447.9000000000001
2019-02-15 10:00:00,450.10000000000014
2019-02-15 11:00:00,452.4000000000001
2019-02-15 12:00:00,452.0000000000001
2019-02-15 13:00:00,454.10000000000014
2019-02-15 14:00:00,453.0000000000001
2019-02-15 16:00:00,452.5000000000001
2019-02-18 09:00:00,453.10000000000014
2019-02-18 12:00:00,452.7000000000001
2019-02-19 08:00:00,454.2000000000001
2019-02-19 09:00:00,452.7000000000001
2019-02-19 10:00:00,452.3000000000001
2019-02-19 11:00:00,451.5000000000001
2019-02-19 12:00:00,450.4000000000001
2019-02-19 13:00:00,450.10000000000014
2019-02-19 14:00:00,451.0000000000001
2019-02-19 15:00:00,450.10000000000014
2019-02-19 16:00:00,450.5000000000001
2019-02-20 08:00:00,451.8000000000001
2019-02-20 11:00:00,451.9000000000001
2019-02-20 14:00:00,450.60000000000014
2019-02-20 16:00:00,453.10000000000014
2019-02-21 08:00:00,452.8000000000001
2019-02-21 09:00:00,451.10000000000014
2019-02-21 10:00:00,452.2000000000001
2019-02-21 12:00:00,451.8000000000001
2019-02-21 16:00:00,451.8000000000001
2019-02-22 08:00:00,455.10000000000014
2019-02-22 09:00:00,455.8000000000001
2019-02-22 10:00:00,457.0000000000001
2019-02-22 11:00:00,456.8000000000001
2019-02-22 12:00:00,456.7000000000001
2019-02-22 13:00:00,456.60000000000014
2019-02-22 16:00:00,457.5000000000001
2019-02-25 08:00:00,459.4000000000001
2019-02-25 10:00:00,459.9000000000001
2019-02-25 11:00:00,459.4000000000001
2019-02-25 14:00:00,459.2000000000001
2019-02-25 15:00:00,459.2000000000001
2019-02-25 16:00:00,459.2000000000001
2019-02-26 08:00:00,455.8000000000001
2019-02-26 10:00:00,456.0000000000001
2019-02-26 11:00:00,456.10000000000014
2019-02-26 12:00:00,455.9000000000001
2019-02-26 13:00:00,455.60000000000014
2019-02-26 14:00:00,455.10000000000014
2019-02-26 15:00:00,457.10000000000014
2019-02-26 16:00:00,458.4000000000001
2019-02-27 08:00:00,454.60000000000014
2019-02-27 09:00:00,455.0000000000001
2019-02-27 11:00:00,454.2000000000001
2019-02-27 13:00:00,454.9000000000001
2019-02-27 15:00:00,452.4000000000001
2019-02-27 16:00:00,453.5000000000001
2019-02-28 07:00:00,446.4000000000001
2019-02-28 08:00:00,450.9000000000001
2019-02-28 09:00:00,451.5000000000001
2019-02-28 10:00:00,451.8000000000001
2019-02-28 11:00:00,451.9000000000001
2019-02-28 12:00:00,452.3000000000001
2019-02-28 13:00:00,452.0000000000001
2019-02-28 14:00:00,452.10000000000014
2019-02-28 15:00:00,452.8000000000001
2019-02-28 16:00:00,453.2000000000001
2019-03-01 08:00:00,456.9000000000001
2019-03-01 09:00:00,456.9000000000001
2019-03-01 10:00:00,456.4000000000001
2019-03-01 11:00:00,457.10000000000014
2019-03-01 12:00:00,457.2000000000001
2019-03-01 13:00:00,456.7000000000001
2019-03-01 14:00:00,456.5000000000001
2019-03-01 15:00:00,456.8000000000001
2019-03-01 16:00:00,456.9000000000001
2019-03-04 08:00:00,459.60000000000014
2019-03-04 09:00:00,458.7000000000001
2019-03-04 10:00:00,457.5000000000001
2019-03-04 11:00:00,458.2000000000001
2019-03-04 13:00:00,459.10000000000014
2019-03-04 15:00:00,459.10000000000014
2019-03-04 16:00:00,458.0000000000001
2019-03-05 08:00:00,457.0000000000001
2019-03-05 09:00:00,456.5000000000001
2019-03-05 10:00:00,456.8000000000001
2019-03-05 12:00:00,455.4000000000001
2019-03-05 13:00:00,456.5000000000001
2019-03-05 14:00:00,456.5000000000001
2019-03-05 15:00:00,458.60000000000014
2019-03-05 16:00:00,458.60000000000014
2019-03-06 08:00:00,457.9000000000001
2019-03-06 09:00:00,457.7000000000001
2019-03-06 11:00:00,457.7000000000001
2019-03-06 12:00:00,457.5000000000001
2019-03-06 13:00:00,457.5000000000001
2019-03-06 14:00:00,456.60000000000014
2019-03-06 15:00:00,455.2000000000001
2019-03-06 16:00:00,455.8000000000001
2019-03-07 08:00:00,452.4000000000001
2019-03-07 09:00:00,452.5000000000001
2019-03-07 10:00:00,452.10000000000014
2019-03-07 11:00:00,452.5000000000001
2019-03-07 12:00:00,454.2000000000001
2019-03-07 13:00:00,456.10000000000014
2019-03-07 14:00:00,453.10000000000014
2019-03-07 15:00:00,452.7000000000001
2019-03-07 16:00:00,452.9000000000001
2019-03-08 07:00:00,448.10000000000014
2019-03-08 08:00:00,449.2000000000001
2019-03-08 09:00:00,449.0000000000001
2019-03-08 12:00:00,450.0000000000001
2019-03-08 13:00:00,449.8000000000001
2019-03-08 14:00:00,450.9000000000001
2019-03-08 15:00:00,451.4000000000001
2019-03-08 16:00:00,451.10000000000014
2019-03-11 09:00:00,451.5000000000001
2019-03-11 10:00:00,451.0000000000001
2019-03-11 11:00:00,451.5000000000001
2019-03-11 13:00:00,451.7000000000001
2019-03-12 13:00:00,453.9000000000001
2019-03-12 14:00:00,453.8000000000001
2019-03-12 16:00:00,456.0000000000001
2019-03-12 17:00:00,455.7000000000001
2019-03-13 11:00:00,455.60000000000014
2019-03-13 17:00:00,457.10000000000014
2019-03-14 09:00:00,457.4000000000001
2019-03-14 10:00:00,458.10000000000014
2019-03-14 11:00:00,456.2000000000001
2019-03-14 12:00:00,457.5000000000001
2019-03-14 13:00:00,458.9000000000001
2019-03-14 14:00:00,459.2000000000001
2019-03-14 15:00:00,458.4000000000001
2019-03-14 16:00:00,459.2000000000001
2019-03-14 17:00:00,459.9000000000001
2019-03-15 09:00:00,462.3000000000001
2019-03-15 10:00:00,463.0000000000001
2019-03-15 11:00:00,466.2000000000001
2019-03-15 12:00:00,464.7000000000001
2019-03-15 13:00:00,465.7000000000001
2019-03-15 14:00:00,467.9000000000001
2019-03-15 15:00:00,469.3000000000001
2019-03-15 16:00:00,470.10000000000014
2019-03-15 17:00:00,472.0000000000001
2019-03-18 09:00:00,469.10000000000014
2019-03-18 10:00:00,469.5000000000001
2019-03-18 11:00:00,469.3000000000001
2019-03-18 12:00:00,467.4000000000001
2019-03-18 13:00:00,466.2000000000001
2019-03-18 14:00:00,466.3000000000001
2019-03-18 16:00:00,466.0000000000001
2019-03-18 17:00:00,466.9000000000001
2019-03-19 09:00:00,467.3000000000001
2019-03-19 10:00:00,468.5000000000001
2019-03-19 12:00:00,469.8000000000001
2019-03-19 14:00:00,471.3000000000001
2019-03-19 15:00:00,470.5000000000001
2019-03-19 16:00:00,470.9000000000001
2019-03-19 17:00:00,469.9000000000001
2019-03-20 08:00:00,470.3000000000001
2019-03-20 09:00:00,470.5000000000001
2019-03-20 10:00:00,471.3000000000001
2019-03-20 11:00:00,470.7000000000001
2019-03-20 12:00:00,471.60000000000014
2019-03-20 14:00:00,470.3000000000001
2019-03-20 15:00:00,468.9000000000001
2019-03-20 16:00:00,469.7000000000001
2019-03-20 17:00:00,469.2000000000001
2019-03-21 09:00:00,469.0000000000001
2019-03-21 10:00:00,469.3000000000001
2019-03-21 15:00:00,470.0000000000001
2019-03-21 16:00:00,471.4000000000001
2019-03-21 17:00:00,471.5000000000001
2019-03-22 09:00:00,468.4000000000001
2019-03-22 10:00:00,468.7000000000001
2019-03-22 12:00:00,467.7000000000001
2019-03-22 13:00:00,466.2000000000001
2019-03-22 14:00:00,464.8000000000001
2019-03-22 15:00:00,466.2000000000001
2019-03-22 16:00:00,463.3000000000001
2019-03-22 17:00:00,462.7000000000001
2019-03-25 09:00:00,458.8000000000001
2019-03-25 10:00:00,459.0000000000001
2019-03-25 11:00:00,459.4000000000001
2019-03-25 12:00:00,458.60000000000014
2019-03-25 14:00:00,458.7000000000001
2019-03-25 16:00:00,460.5000000000001
2019-03-25 17:00:00,459.2000000000001
2019-03-26 09:00:00,458.9000000000001
2019-03-26 10:00:00,460.0000000000001
2019-03-26 11:00:00,460.4000000000001
2019-03-26 13:00:00,462.4000000000001
2019-03-26 14:00:00,462.8000000000001
2019-03-26 16:00:00,464.4000000000001
2019-03-26 17:00:00,465.0000000000001
2019-03-27 09:00:00,464.5000000000001
2019-03-27 10:00:00,464.10000000000014
2019-03-27 11:00:00,463.7000000000001
2019-03-27 12:00:00,465.4000000000001
2019-03-27 13:00:00,467.10000000000014
2019-03-27 14:00:00,463.7000000000001
2019-03-27 15:00:00,461.5000000000001
2019-03-27 16:00:00,461.5000000000001
2019-03-27 17:00:00,459.7000000000001
2019-03-28 09:00:00,463.3000000000001
2019-03-28 10:00:00,463.2000000000001
2019-03-28 11:00:00,463.60000000000014
2019-03-28 14:00:00,462.7000000000001
2019-03-28 15:00:00,463.10000000000014
2019-03-28 17:00:00,462.60000000000014
2019-03-29 09:00:00,465.60000000000014
2019-03-29 10:00:00,465.2000000000001
2019-03-29 11:00:00,466.3000000000001
2019-03-29 12:00:00,467.5000000000001
2019-03-29 13:00:00,467.3000000000001
2019-03-29 14:00:00,467.5000000000001
2019-03-29 15:00:00,467.4000000000001
2019-03-29 16:00:00,468.5000000000001
2019-03-29 17:00:00,469.60000000000014
2019-04-01 08:00:00,474.7000000000001
2019-04-01 09:00:00,475.8000000000001
2019-04-01 10:00:00,474.3000000000001
2019-04-01 11:00:00,473.9000000000001
2019-04-01 12:00:00,474.8000000000001
2019-04-01 13:00:00,474.5000000000001
2019-04-01 14:00:00,473.9000000000001
2019-04-01 15:00:00,474.9000000000001
2019-04-01 16:00:00,474.9000000000001
2019-04-02 08:00:00,474.4000000000001
2019-04-02 10:00:00,476.10000000000014
2019-04-02 11:00:00,476.5000000000001
2019-04-02 12:00:00,478.0000000000001
2019-04-02 13:00:00,478.0000000000001
2019-04-02 14:00:00,477.8000000000001
2019-04-02 15:00:00,477.5000000000001
2019-04-02 16:00:00,477.5000000000001
2019-04-03 08:00:00,482.60000000000014
2019-04-03 09:00:00,482.9000000000001
2019-04-03 10:00:00,483.4000000000001
2019-04-03 11:00:00,483.5000000000001
2019-04-03 12:00:00,483.9000000000001
2019-04-03 13:00:00,484.0000000000001
2019-04-03 14:00:00,484.3000000000001
2019-04-03 15:00:00,484.60000000000014
2019-04-03 16:00:00,484.7000000000001
2019-04-04 08:00:00,485.0000000000001
2019-04-04 09:00:00,483.7000000000001
2019-04-04 10:00:00,483.9000000000001
2019-04-04 11:00:00,484.60000000000014
2019-04-04 12:00:00,484.9000000000001
2019-04-04 13:00:00,485.7000000000001
2019-04-04 14:00:00,485.8000000000001
2019-04-04 15:00:00,484.60000000000014
2019-04-04 16:00:00,483.5000000000001
2019-04-05 08:00:00,481.9000000000001
2019-04-05 09:00:00,482.9000000000001
2019-04-05 11:00:00,482.8000000000001
2019-04-05 13:00:00,483.4000000000001
2019-04-05 14:00:00,482.7000000000001
2019-04-05 15:00:00,484.4000000000001
2019-04-05 16:00:00,483.9000000000001
2019-04-08 08:00:00,481.0000000000001
2019-04-08 09:00:00,480.9000000000001
2019-04-08 10:00:00,480.9000000000001
2019-04-08 13:00:00,483.2000000000001
2019-04-08 14:00:00,481.7000000000001
2019-04-08 16:00:00,483.8000000000001
2019-04-09 08:00:00,482.3000000000001
2019-04-09 09:00:00,483.5000000000001
2019-04-09 10:00:00,482.2000000000001
2019-04-09 11:00:00,482.60000000000014
2019-04-09 12:00:00,481.4000000000001
2019-04-09 13:00:00,479.9000000000001
2019-04-09 14:00:00,478.5000000000001
2019-04-09 15:00:00,478.10000000000014
2019-04-09 16:00:00,478.60000000000014
2019-04-10 08:00:00,479.2000000000001
2019-04-10 09:00:00,480.0000000000001
2019-04-10 10:00:00,479.8000000000001
2019-04-10 11:00:00,479.7000000000001
2019-04-10 13:00:00,479.9000000000001
2019-04-10 14:00:00,478.0000000000001
2019-04-10 15:00:00,479.10000000000014
2019-04-11 08:00:00,478.10000000000014
2019-04-11 09:00:00,476.7000000000001
2019-04-11 10:00:00,478.7000000000001
2019-04-11 11:00:00,479.2000000000001
2019-04-11 12:00:00,479.10000000000014
2019-04-11 13:00:00,478.3000000000001
2019-04-11 14:00:00,477.60000000000014
2019-04-11 15:00:00,479.10000000000014
2019-04-11 16:00:00,479.3000000000001
2019-04-12 08:00:00,480.2000000000001
2019-04-12 09:00:00,481.4000000000001
2019-04-12 10:00:00,481.4000000000001
2019-04-12 11:00:00,480.9000000000001
2019-04-12 12:00:00,481.3000000000001
2019-04-12 13:00:00,481.3000000000001
2019-04-12 14:00:00,480.7000000000001
2019-04-12 15:00:00,481.2000000000001
2019-04-12 16:00:00,481.0000000000001
2019-04-15 08:00:00,480.7000000000001
2019-04-15 09:00:00,481.10000000000014
2019-04-15 11:00:00,481.60000000000014
2019-04-15 12:00:00,480.5000000000001
2019-04-15 13:00:00,481.0000000000001
2019-04-15 15:00:00,479.7000000000001
2019-04-15 16:00:00,480.2000000000001
2019-04-16 08:00:00,481.5000000000001
2019-04-16 09:00:00,481.3000000000001
2019-04-16 11:00:00,481.2000000000001
2019-04-16 14:00:00,480.9000000000001
2019-04-16 15:00:00,481.7000000000001
2019-04-16 16:00:00,482.5000000000001
2019-04-17 08:00:00,486.60000000000014
2019-04-17 09:00:00,486.0000000000001
2019-04-17 10:00:00,484.9000000000001
2019-04-17 15:00:00,485.60000000000014
2019-04-17 16:00:00,485.0000000000001
2019-04-18 08:00:00,483.9000000000001
2019-04-18 09:00:00,485.8000000000001
2019-04-18 10:00:00,489.9000000000001
2019-04-18 12:00:00,488.7000000000001
2019-04-18 13:00:00,488.2000000000001
2019-04-18 14:00:00,487.9000000000001
2019-04-18 15:00:00,488.0000000000001
2019-04-18 16:00:00,489.7000000000001
2019-04-23 08:00:00,490.0000000000001
2019-04-23 09:00:00,489.10000000000014
2019-04-23 10:00:00,489.0000000000001
2019-04-23 11:00:00,487.8000000000001
2019-04-23 12:00:00,487.9000000000001
2019-04-23 13:00:00,488.4000000000001
2019-04-23 14:00:00,489.9000000000001
2019-04-23 15:00:00,491.2000000000001
2019-04-23 16:00:00,490.5000000000001
2019-04-24 08:00:00,500.3000000000001
2019-04-24 09:00:00,501.2000000000001
2019-04-24 10:00:00,504.2000000000001
2019-04-24 11:00:00,505.3000000000002
2019-04-24 12:00:00,507.0000000000001
2019-04-24 13:00:00,506.4000000000001
2019-04-24 14:00:00,509.4000000000001
2019-04-24 15:00:00,508.0000000000001
2019-04-24 16:00:00,509.60000000000014
2019-04-25 08:00:00,505.60000000000014
2019-04-25 09:00:00,505.0000000000001
2019-04-25 10:00:00,506.70000000000005
2019-04-25 11:00:00,506.5000000000001
2019-04-25 12:00:00,507.4000000000001
2019-04-25 13:00:00,506.9000000000001
2019-04-25 14:00:00,507.20000000000005
2019-04-25 15:00:00,505.0000000000001
2019-04-25 16:00:00,507.8000000000002
2019-04-26 08:00:00,507.10000000000014
2019-04-26 09:00:00,509.0000000000001
2019-04-26 10:00:00,508.4000000000001
2019-04-26 13:00:00,507.3000000000002
2019-04-26 14:00:00,504.10000000000014
2019-04-26 15:00:00,504.7000000000001
2019-04-26 16:00:00,505.5000000000001
2019-04-29 08:00:00,504.9000000000001
2019-04-29 09:00:00,505.5000000000001
2019-04-29 10:00:00,502.0000000000001
2019-04-29 12:00:00,502.3000000000001
2019-04-29 13:00:00,503.3000000000001
2019-04-29 14:00:00,505.4000000000001
2019-04-29 15:00:00,506.20000000000005
2019-04-30 08:00:00,506.60000000000014
2019-04-30 09:00:00,505.10000000000014
2019-04-30 10:00:00,504.5000000000001
2019-04-30 11:00:00,504.4000000000001
2019-04-30 12:00:00,504.5000000000001
2019-04-30 13:00:00,503.2000000000001
2019-04-30 14:00:00,504.4000000000001
2019-04-30 15:00:00,505.2000000000001
2019-04-30 16:00:00,502.7000000000001
2019-05-02 08:00:00,501.3000000000001
2019-05-02 09:00:00,498.60000000000014
2019-05-02 10:00:00,499.2000000000001
2019-05-02 11:00:00,498.4000000000001
2019-05-02 12:00:00,498.7000000000001
2019-05-02 13:00:00,500.0000000000001
2019-05-02 14:00:00,500.10000000000014
2019-05-02 16:00:00,498.0000000000001
2019-05-03 08:00:00,497.5000000000001
2019-05-03 09:00:00,497.9000000000001
2019-05-03 10:00:00,497.2000000000001
2019-05-03 11:00:00,497.7000000000001
2019-05-03 12:00:00,497.7000000000001
2019-05-03 13:00:00,498.0000000000001
2019-05-03 14:00:00,498.2000000000001
2019-05-03 15:00:00,498.4000000000001
2019-05-03 16:00:00,498.2000000000001
2019-05-06 09:00:00,486.7000000000001
2019-05-06 10:00:00,486.7000000000001
2019-05-06 12:00:00,488.2000000000001
2019-05-06 13:00:00,488.5000000000001
2019-05-06 14:00:00,489.9000000000001
2019-05-06 15:00:00,491.9000000000001
2019-05-06 16:00:00,492.5000000000001
2019-05-07 08:00:00,494.7000000000001
2019-05-07 09:00:00,491.7000000000001
2019-05-07 10:00:00,492.0000000000001
2019-05-07 12:00:00,491.0000000000001
2019-05-07 13:00:00,490.7000000000001
2019-05-07 14:00:00,487.0000000000001
2019-05-07 15:00:00,483.4000000000001
2019-05-07 16:00:00,482.8000000000001
2019-05-08 08:00:00,485.4000000000001
2019-05-08 09:00:00,486.10000000000014
2019-05-08 10:00:00,485.8000000000001
2019-05-08 11:00:00,483.0000000000001
2019-05-08 12:00:00,483.9000000000001
2019-05-08 13:00:00,485.7000000000001
2019-05-08 14:00:00,486.3000000000001
2019-05-08 15:00:00,488.0000000000001
2019-05-08 16:00:00,488.0000000000001
2019-05-09 08:00:00,483.5000000000001
2019-05-09 09:00:00,483.60000000000014
2019-05-09 14:00:00,481.60000000000014
2019-05-09 15:00:00,477.0000000000001
2019-05-09 16:00:00,477.2000000000001
2019-05-10 08:00:00,482.8000000000001
2019-05-10 13:00:00,481.10000000000014
2019-05-10 14:00:00,483.60000000000014
2019-05-10 16:00:00,480.2000000000001
2019-05-13 08:00:00,478.0000000000001
2019-05-13 09:00:00,477.9000000000001
2019-05-13 10:00:00,477.8000000000001
2019-05-13 11:00:00,478.4000000000001
2019-05-13 12:00:00,477.8000000000001
2019-05-13 13:00:00,473.8000000000001
2019-05-13 14:00:00,474.8000000000001
2019-05-13 15:00:00,472.9000000000001
2019-05-13 16:00:00,472.2000000000001
2019-05-14 08:00:00,475.0000000000001
2019-05-14 09:00:00,473.7000000000001
2019-05-14 10:00:00,475.9000000000001
2019-05-14 11:00:00,475.8000000000001
2019-05-14 12:00:00,476.8000000000001
2019-05-14 13:00:00,477.2000000000001
2019-05-14 14:00:00,477.2000000000001
2019-05-14 15:00:00,479.9000000000001
2019-05-14 16:00:00,471.9000000000001
2019-05-14 17:00:00,476.60000000000014
2019-05-14 18:00:00,477.10000000000014
2019-05-14 19:00:00,476.60000000000014
2019-05-14 20:00:00,469.0000000000001
2019-05-15 08:00:00,480.60000000000014
2019-05-15 09:00:00,481.5000000000001
2019-05-15 10:00:00,480.2000000000001
2019-05-15 11:00:00,479.0000000000001
2019-05-15 12:00:00,478.10000000000014
2019-05-15 13:00:00,476.5000000000001
2019-05-15 14:00:00,479.8000000000001
2019-05-15 15:00:00,483.3000000000001
2019-05-15 16:00:00,485.10000000000014
2019-05-16 08:00:00,485.0000000000001
2019-05-16 09:00:00,486.3000000000001
2019-05-16 11:00:00,489.10000000000014
2019-05-16 13:00:00,490.8000000000001
2019-05-16 14:00:00,491.0000000000001
2019-05-16 15:00:00,497.0000000000001
2019-05-16 16:00:00,496.7000000000001
2019-05-17 08:00:00,493.4000000000001
2019-05-17 10:00:00,495.4000000000001
2019-05-17 11:00:00,493.2000000000001
2019-05-17 12:00:00,492.5000000000001
2019-05-17 13:00:00,491.5000000000001
2019-05-17 14:00:00,494.4000000000001
2019-05-17 16:00:00,496.3000000000001
2019-05-20 08:00:00,492.3000000000001
2019-05-20 09:00:00,489.5000000000001
2019-05-20 10:00:00,487.7000000000001
2019-05-20 11:00:00,485.4000000000001
2019-05-20 12:00:00,484.8000000000001
2019-05-20 13:00:00,483.2000000000001
2019-05-20 14:00:00,482.2000000000001
2019-05-20 15:00:00,482.8000000000001
2019-05-20 16:00:00,483.0000000000001
2019-05-21 08:00:00,489.10000000000014
2019-05-21 09:00:00,488.7000000000001
2019-05-21 10:00:00,489.60000000000014
2019-05-21 11:00:00,491.60000000000014
2019-05-21 12:00:00,490.10000000000014
2019-05-21 13:00:00,491.8000000000001
2019-05-21 14:00:00,489.8000000000001
2019-05-21 15:00:00,489.8000000000001
2019-05-21 16:00:00,492.2000000000001
2019-05-22 08:00:00,491.60000000000014
2019-05-22 09:00:00,491.3000000000001
2019-05-22 10:00:00,493.4000000000001
2019-05-22 11:00:00,493.3000000000001
2019-05-22 12:00:00,490.9000000000001
2019-05-22 13:00:00,490.5000000000001
2019-05-22 14:00:00,492.7000000000001
2019-05-22 15:00:00,493.7000000000001
2019-05-22 16:00:00,496.4000000000001
2019-05-23 08:00:00,490.3000000000001
2019-05-23 09:00:00,486.8000000000001
2019-06-24 08:00:00,498.7000000000001
2019-06-24 12:00:00,497.8000000000001
2019-06-24 13:00:00,498.3000000000001
2019-06-24 14:00:00,496.60000000000014
2019-06-24 15:00:00,496.5000000000001
2019-06-24 16:00:00,496.3000000000001
2019-06-25 08:00:00,498.90000000000015
2019-06-25 09:00:00,500.2000000000001
2019-06-25 10:00:00,500.10000000000014
2019-06-25 11:00:00,499.8000000000001
2019-06-25 12:00:00,500.2000000000001
2019-06-25 13:00:00,500.3000000000001
2019-06-25 14:00:00,499.40000000000015
2019-06-25 15:00:00,498.90000000000015
2019-06-25 16:00:00,498.0000000000001
2019-06-26 08:00:00,496.60000000000014
2019-06-26 10:00:00,498.8000000000001
2019-06-26 11:00:00,498.3000000000001
2019-06-26 12:00:00,498.2000000000001
2019-06-26 13:00:00,498.5000000000001
2019-06-26 14:00:00,499.7000000000001
2019-06-26 15:00:00,498.3000000000001
2019-06-26 16:00:00,499.0000000000001
2019-06-27 08:00:00,500.0000000000001
2019-06-27 09:00:00,500.2000000000001
2019-06-27 10:00:00,500.2000000000001
2019-06-27 11:00:00,497.10000000000014
2019-06-27 12:00:00,498.3000000000001
2019-06-27 13:00:00,498.60000000000014
2019-06-27 14:00:00,498.90000000000015
2019-06-27 15:00:00,499.3000000000001
2019-06-27 16:00:00,498.90000000000015
2019-06-27 17:00:00,498.90000000000015
2019-06-28 08:00:00,503.40000000000015
2019-06-28 09:00:00,503.7000000000001
2019-06-28 10:00:00,504.60000000000014
2019-06-28 11:00:00,504.8000000000001
2019-06-28 12:00:00,505.0000000000001
2019-06-28 13:00:00,504.5000000000001
2019-06-28 14:00:00,504.2000000000001
2019-06-28 15:00:00,506.0000000000001
2019-06-28 16:00:00,506.20000000000005
2019-07-01 07:00:00,518.2
2019-07-01 08:00:00,515.9000000000001
2019-07-01 09:00:00,514.6000000000001
2019-07-01 10:00:00,515.3000000000002
2019-07-01 11:00:00,515.4000000000001
2019-07-01 12:00:00,515.6000000000001
2019-07-01 13:00:00,515.8000000000002
2019-07-01 14:00:00,515.4000000000001
2019-07-01 15:00:00,515.8000000000002
2019-07-01 16:00:00,516.1000000000001
2019-07-02 07:00:00,517.6000000000001
2019-07-02 08:00:00,517.5000000000001
2019-07-02 09:00:00,517.0000000000001
2019-07-02 10:00:00,515.3000000000002
2019-07-02 12:00:00,514.6000000000001
2019-07-02 13:00:00,516.1000000000001
2019-07-02 14:00:00,516.0000000000001
2019-07-02 15:00:00,516.9000000000001
2019-07-02 16:00:00,516.5000000000001
2019-07-03 08:00:00,518.6000000000001
2019-07-03 09:00:00,521.0000000000001
2019-07-03 10:00:00,521.1000000000001
2019-07-03 11:00:00,520.5000000000001
2019-07-03 12:00:00,520.2
2019-07-03 13:00:00,519.4000000000001
2019-07-03 14:00:00,519.4000000000001
2019-07-03 15:00:00,520.2
2019-07-03 16:00:00,520.2
2019-07-04 08:00:00,520.5000000000001
2019-07-04 09:00:00,519.3000000000002
2019-07-04 13:00:00,520.3000000000002
2019-07-04 14:00:00,520.5000000000001
2019-07-04 15:00:00,520.1000000000001
2019-07-04 16:00:00,519.3000000000002
2019-07-05 08:00:00,515.7
2019-07-05 09:00:00,514.9000000000001
2019-07-05 10:00:00,515.3000000000002
2019-07-05 11:00:00,515.1000000000001
2019-07-05 12:00:00,515.3000000000002
2019-07-05 13:00:00,512.9000000000001
2019-07-05 14:00:00,511.8000000000002
2019-07-05 15:00:00,511.3000000000002
2019-07-05 16:00:00,511.9000000000001
2019-07-08 07:00:00,507.0000000000001
2019-07-08 08:00:00,513.4000000000001
2019-07-08 09:00:00,512.5000000000001
2019-07-08 10:00:00,513.2
2019-07-08 11:00:00,512.7
2019-07-08 12:00:00,513.5000000000001
2019-07-08 13:00:00,513.0000000000001
2019-07-08 14:00:00,511.0000000000001
2019-07-08 15:00:00,511.4000000000001
2019-07-08 16:00:00,512.1000000000001
2019-07-09 08:00:00,510.70000000000005
2019-07-09 09:00:00,509.70000000000005
2019-07-09 11:00:00,511.3000000000002
2019-07-09 12:00:00,511.4000000000001
2019-07-09 13:00:00,510.60000000000014
2019-07-09 14:00:00,509.5000000000001
2019-07-09 15:00:00,510.10000000000014
2019-07-09 16:00:00,510.4000000000001
2019-07-10 08:00:00,510.0000000000001
2019-07-10 10:00:00,508.20000000000005
2019-07-10 11:00:00,507.4000000000001
2019-07-10 12:00:00,508.4000000000001
2019-07-10 13:00:00,510.4000000000001
2019-07-10 14:00:00,512.3000000000002
2019-07-10 15:00:00,509.8000000000002
2019-07-10 16:00:00,508.8000000000002
2019-07-11 08:00:00,510.4000000000001
2019-07-11 09:00:00,510.3000000000002
2019-07-11 10:00:00,510.5000000000001
2019-07-11 11:00:00,509.10000000000014
2019-07-11 12:00:00,509.5000000000001
2019-07-11 13:00:00,509.8000000000002
2019-07-11 14:00:00,510.4000000000001
2019-07-11 15:00:00,509.4000000000001
2019-07-11 16:00:00,510.0000000000001
2019-07-12 08:00:00,509.70000000000005
2019-07-12 10:00:00,510.10000000000014
2019-07-12 11:00:00,510.3000000000002
2019-07-12 12:00:00,510.20000000000005
2019-07-12 13:00:00,509.60000000000014
2019-07-12 14:00:00,509.60000000000014
2019-07-12 15:00:00,510.0000000000001
2019-07-12 16:00:00,509.10000000000014
2019-07-15 08:00:00,513.3000000000002
2019-07-15 09:00:00,509.4000000000001
2019-07-15 10:00:00,510.8000000000002
2019-07-15 13:00:00,511.70000000000005
2019-07-15 14:00:00,510.20000000000005
2019-07-15 15:00:00,511.0000000000001
2019-07-15 16:00:00,511.5000000000001
2019-07-16 09:00:00,509.9000000000001
2019-07-16 12:00:00,510.3000000000002
2019-07-16 13:00:00,509.9000000000001
2019-07-16 14:00:00,510.20000000000005
2019-07-16 15:00:00,512.4000000000001
2019-07-16 16:00:00,511.70000000000005
2019-07-17 08:00:00,513.3000000000002
2019-07-17 09:00:00,514.5000000000001
2019-07-17 10:00:00,513.6000000000001
2019-07-17 11:00:00,514.5000000000001
2019-07-17 12:00:00,513.6000000000001
2019-07-17 13:00:00,513.2
2019-07-17 14:00:00,513.9000000000001
2019-07-17 15:00:00,510.4000000000001
2019-07-17 16:00:00,511.0000000000001
2019-07-18 08:00:00,500.90000000000015
2019-07-18 09:00:00,500.7000000000001
2019-07-18 10:00:00,502.2000000000001
2019-07-18 11:00:00,502.90000000000015
2019-07-18 12:00:00,502.2000000000001
2019-07-18 13:00:00,502.8000000000001
2019-07-18 14:00:00,504.10000000000014
2019-07-18 15:00:00,504.0000000000001
2019-07-18 16:00:00,504.0000000000001
2019-07-18 17:00:00,496.8000000000001
2019-07-18 18:00:00,496.90000000000015
2019-07-19 08:00:00,506.10000000000014
2019-07-19 09:00:00,506.0000000000001
2019-07-19 10:00:00,504.90000000000015
2019-07-19 11:00:00,503.60000000000014
2019-07-19 12:00:00,503.0000000000001
2019-07-19 13:00:00,503.5000000000001
2019-07-19 14:00:00,503.7000000000001
2019-07-19 15:00:00,502.2000000000001
2019-07-19 16:00:00,504.60000000000014
2019-07-22 08:00:00,502.40000000000015
2019-07-22 09:00:00,503.5000000000001
2019-07-22 10:00:00,503.7000000000001
2019-07-22 11:00:00,503.60000000000014
2019-07-22 12:00:00,504.5000000000001
2019-07-22 13:00:00,505.8000000000002
2019-07-22 14:00:00,505.2000000000001
2019-07-22 15:00:00,504.7000000000001
2019-07-22 16:00:00,506.3000000000002
2019-07-23 08:00:00,509.5000000000001
2019-07-23 09:00:00,510.4000000000001
2019-07-23 10:00:00,510.8000000000002
2019-07-23 11:00:00,512.3000000000002
2019-07-23 12:00:00,512.1000000000001
2019-07-23 13:00:00,512.6000000000001
2019-07-23 14:00:00,510.10000000000014
2019-07-23 15:00:00,512.1000000000001
2019-07-23 16:00:00,511.20000000000005
2019-07-23 17:00:00,506.20000000000005
2019-07-24 08:00:00,514.3000000000002
2019-07-24 09:00:00,513.4000000000001
2019-07-24 10:00:00,513.4000000000001
2019-07-24 11:00:00,514.8000000000002
2019-07-24 12:00:00,515.9000000000001
2019-07-24 13:00:00,515.6000000000001
2019-07-24 14:00:00,516.4000000000001
2019-07-24 15:00:00,516.9000000000001
2019-07-24 16:00:00,517.6000000000001
2019-07-24 17:00:00,538.2000000000002
2019-07-25 08:00:00,520.8000000000002
2019-07-25 09:00:00,519.8000000000002
2019-07-25 10:00:00,518.6000000000001
2019-07-25 11:00:00,517.0000000000001
2019-07-25 12:00:00,519.3000000000002
2019-07-25 13:00:00,519.6000000000001
2019-07-25 14:00:00,513.1000000000001
2019-07-25 15:00:00,514.0000000000001
2019-07-25 16:00:00,514.1000000000001
2019-07-26 08:00:00,515.8000000000002
2019-07-26 10:00:00,517.0000000000001
2019-07-26 11:00:00,517.6000000000001
2019-07-26 12:00:00,517.7
2019-07-26 13:00:00,518.2
2019-07-26 14:00:00,517.8000000000002
2019-07-26 15:00:00,518.0000000000001
2019-07-26 16:00:00,518.3000000000002
2019-07-29 08:00:00,518.7
2019-07-29 09:00:00,518.6000000000001
2019-07-29 10:00:00,517.4000000000001
2019-07-29 11:00:00,517.6000000000001
2019-07-29 12:00:00,518.6000000000001
2019-07-29 13:00:00,518.9000000000001
2019-07-29 14:00:00,516.8000000000002
2019-07-29 15:00:00,517.6000000000001
2019-07-29 16:00:00,517.4000000000001
2019-07-30 08:00:00,514.7
2019-07-30 10:00:00,511.70000000000005
2019-07-30 11:00:00,511.3000000000002
2019-07-30 12:00:00,508.8000000000002
2019-07-30 13:00:00,507.8000000000002
2019-07-30 14:00:00,507.8000000000002
2019-07-30 15:00:00,507.8000000000002
2019-07-30 16:00:00,508.8000000000002
2019-07-31 08:00:00,507.5000000000001
2019-07-31 09:00:00,509.9000000000001
2019-07-31 10:00:00,509.10000000000014
2019-07-31 11:00:00,509.5000000000001
2019-07-31 12:00:00,509.0000000000001
2019-07-31 13:00:00,509.3000000000002
2019-07-31 14:00:00,509.4000000000001
2019-07-31 15:00:00,510.10000000000014
2019-07-31 16:00:00,508.10000000000014
2019-08-01 08:00:00,510.20000000000005
2019-08-01 09:00:00,509.9000000000001
2019-08-01 10:00:00,511.5000000000001
2019-08-01 11:00:00,512.0000000000001
2019-08-01 12:00:00,512.6000000000001
2019-08-01 14:00:00,512.0000000000001
2019-08-01 15:00:00,514.2
2019-08-01 16:00:00,515.6000000000001
2019-08-02 08:00:00,502.5000000000001
2019-08-02 09:00:00,498.8000000000001
2019-08-02 10:00:00,500.8000000000001
2019-08-02 11:00:00,501.7000000000001
2019-08-02 12:00:00,500.8000000000001
2019-08-02 13:00:00,501.60000000000014
2019-08-02 14:00:00,501.40000000000015
2019-08-02 15:00:00,497.7000000000001
2019-08-02 16:00:00,498.3000000000001
2019-08-05 08:00:00,486.3000000000001
2019-08-05 09:00:00,484.10000000000014
2019-08-05 10:00:00,485.60000000000014
2019-08-05 11:00:00,486.8000000000001
2019-08-05 12:00:00,486.5000000000001
2019-08-05 13:00:00,486.7000000000001
2019-08-05 14:00:00,485.8000000000001
2019-08-05 15:00:00,482.40000000000015
2019-08-05 16:00:00,484.10000000000014
2019-08-06 08:00:00,484.60000000000014
2019-08-06 09:00:00,486.60000000000014
2019-08-06 10:00:00,487.40000000000015
2019-08-06 11:00:00,486.7000000000001
2019-08-06 12:00:00,486.40000000000015
2019-08-06 13:00:00,484.90000000000015
2019-08-06 14:00:00,484.5000000000001
2019-08-06 15:00:00,482.5000000000001
2019-08-06 16:00:00,479.7000000000001
2019-08-07 08:00:00,484.5000000000001
2019-08-07 09:00:00,485.5000000000001
2019-08-07 10:00:00,487.40000000000015
2019-08-07 11:00:00,488.5000000000001
2019-08-07 12:00:00,487.7000000000001
2019-08-07 13:00:00,483.8000000000001
2019-08-07 14:00:00,480.60000000000014
2019-08-07 15:00:00,485.7000000000001
2019-08-07 16:00:00,483.8000000000001
2019-08-07 20:00:00,484.8000000000001
2019-08-08 08:00:00,490.7000000000001
2019-08-08 09:00:00,491.7000000000001
2019-08-08 10:00:00,492.10000000000014
2019-08-08 11:00:00,492.8000000000001
2019-08-08 13:00:00,491.3000000000001
2019-08-08 14:00:00,492.2000000000001
2019-08-08 15:00:00,493.40000000000015
2019-08-08 16:00:00,493.7000000000001
2019-08-09 08:00:00,493.8000000000001
2019-08-09 09:00:00,490.7000000000001
2019-08-09 10:00:00,489.8000000000001
2019-08-09 11:00:00,488.40000000000015
2019-08-09 12:00:00,488.60000000000014
2019-08-09 13:00:00,489.3000000000001
2019-08-09 14:00:00,489.8000000000001
2019-08-09 15:00:00,487.3000000000001
2019-08-12 09:00:00,487.0000000000001
2019-08-12 10:00:00,487.5000000000001
2019-08-12 12:00:00,485.60000000000014
2019-08-12 14:00:00,486.3000000000001
2019-08-12 15:00:00,487.90000000000015
2019-08-12 16:00:00,486.2000000000001
2019-08-13 08:00:00,483.2000000000001
2019-08-13 09:00:00,483.2000000000001
2019-08-13 10:00:00,480.60000000000014
2019-08-13 11:00:00,481.7000000000001
2019-08-13 12:00:00,481.8000000000001
2019-08-13 13:00:00,480.7000000000001
2019-08-13 14:00:00,490.40000000000015
2019-08-13 15:00:00,490.90000000000015
2019-08-13 16:00:00,491.10000000000014
2019-08-14 08:00:00,487.3000000000001
2019-08-14 09:00:00,486.2000000000001
2019-08-14 10:00:00,484.0000000000001
2019-08-14 11:00:00,481.3000000000001
2019-08-14 12:00:00,478.0000000000001
2019-08-14 13:00:00,478.90000000000015
2019-08-14 14:00:00,478.40000000000015
2019-08-14 15:00:00,476.2000000000001
2019-08-14 16:00:00,474.60000000000014
2019-08-15 08:00:00,476.2000000000001
2019-08-15 09:00:00,475.8000000000001
2019-08-15 10:00:00,471.3000000000001
2019-08-15 11:00:00,468.0000000000001
2019-08-15 12:00:00,473.7000000000001
2019-08-15 13:00:00,474.0000000000001
2019-08-15 14:00:00,475.7000000000001
2019-08-15 15:00:00,473.8000000000001
2019-08-15 16:00:00,473.5000000000001
2019-08-15 17:00:00,474.10000000000014
2019-08-16 09:00:00,480.3000000000001
2019-08-16 10:00:00,480.8000000000001
2019-08-16 11:00:00,482.2000000000001
2019-08-16 13:00:00,479.8000000000001
2019-08-16 14:00:00,479.10000000000014
2019-08-16 15:00:00,481.3000000000001
2019-08-16 16:00:00,481.90000000000015
2019-08-19 08:00:00,485.5000000000001
2019-08-19 09:00:00,484.90000000000015
2019-08-19 10:00:00,485.2000000000001
2019-08-19 11:00:00,487.0000000000001
2019-08-19 12:00:00,488.2000000000001
2019-08-19 13:00:00,488.40000000000015
2019-08-19 14:00:00,488.0000000000001
2019-08-19 15:00:00,487.2000000000001
2019-08-19 16:00:00,488.2000000000001
2019-08-20 08:00:00,490.0000000000001
2019-08-20 09:00:00,488.2000000000001
2019-08-20 10:00:00,488.5000000000001
2019-08-20 11:00:00,488.0000000000001
2019-08-20 12:00:00,488.40000000000015
2019-08-20 13:00:00,487.0000000000001
2019-08-20 14:00:00,484.3000000000001
2019-08-20 15:00:00,484.5000000000001
2019-08-20 16:00:00,485.5000000000001
2019-08-21 08:00:00,487.5000000000001
2019-08-21 09:00:00,491.7000000000001
2019-08-21 10:00:00,492.5000000000001
2019-08-21 11:00:00,491.2000000000001
2019-08-21 12:00:00,491.5000000000001
2019-08-21 15:00:00,492.5000000000001
2019-08-21 16:00:00,492.60000000000014
2019-08-22 08:00:00,490.40000000000015
2019-08-22 09:00:00,489.90000000000015
2019-08-22 10:00:00,488.40000000000015
2019-08-22 11:00:00,488.8000000000001
2019-08-22 12:00:00,489.7000000000001
2019-08-22 13:00:00,489.60000000000014
2019-08-22 14:00:00,489.0000000000001
2019-08-22 15:00:00,485.10000000000014
2019-08-22 16:00:00,484.5000000000001
2019-08-23 08:00:00,489.10000000000014
2019-08-23 09:00:00,490.8000000000001
2019-08-23 10:00:00,489.60000000000014
2019-08-23 11:00:00,487.90000000000015
2019-08-23 12:00:00,488.90000000000015
2019-08-23 13:00:00,484.90000000000015
2019-08-23 14:00:00,485.10000000000014
2019-08-23 15:00:00,486.60000000000014
2019-08-23 16:00:00,481.5000000000001
2019-08-26 08:00:00,477.0000000000001
2019-08-26 09:00:00,478.60000000000014
2019-08-26 10:00:00,479.0000000000001
2019-08-26 12:00:00,481.5000000000001
2019-08-26 13:00:00,481.3000000000001
2019-08-26 14:00:00,479.10000000000014
2019-08-26 15:00:00,478.7000000000001
2019-08-26 16:00:00,480.3000000000001
2019-08-27 08:00:00,479.10000000000014
2019-08-27 09:00:00,478.5000000000001
2019-08-27 10:00:00,481.40000000000015
2019-08-27 11:00:00,482.2000000000001
2019-08-27 12:00:00,483.0000000000001
2019-08-27 13:00:00,485.40000000000015
2019-08-27 14:00:00,484.40000000000015
2019-08-27 16:00:00,482.5000000000001
2019-08-28 08:00:00,478.5000000000001
2019-08-28 09:00:00,478.10000000000014
2019-08-28 10:00:00,477.90000000000015
2019-08-28 11:00:00,476.90000000000015
2019-08-28 12:00:00,475.0000000000001
2019-08-28 13:00:00,476.2000000000001
2019-08-28 14:00:00,477.0000000000001
2019-08-28 15:00:00,477.5000000000001
2019-08-28 16:00:00,477.3000000000001
2019-08-29 08:00:00,479.8000000000001
2019-08-29 09:00:00,480.8000000000001
2019-08-29 10:00:00,482.3000000000001
2019-08-29 11:00:00,483.3000000000001
2019-08-29 12:00:00,483.40000000000015
2019-08-29 13:00:00,482.5000000000001
2019-08-29 14:00:00,484.2000000000001
2019-08-29 15:00:00,482.5000000000001
2019-08-29 16:00:00,484.2000000000001
2019-08-30 08:00:00,487.0000000000001
2019-08-30 09:00:00,488.7000000000001
2019-08-30 10:00:00,489.0000000000001
2019-08-30 11:00:00,488.60000000000014
2019-08-30 13:00:00,489.60000000000014
2019-08-30 14:00:00,488.5000000000001
2019-08-30 15:00:00,488.5000000000001
2019-08-30 16:00:00,488.10000000000014
2019-09-02 08:00:00,485.7000000000001
2019-09-02 09:00:00,485.40000000000015
2019-09-02 10:00:00,484.90000000000015
2019-09-02 11:00:00,485.60000000000014
2019-09-02 12:00:00,485.40000000000015
2019-09-02 13:00:00,486.0000000000001
2019-09-02 14:00:00,484.60000000000014
2019-09-02 15:00:00,485.5000000000001
2019-09-02 16:00:00,484.7000000000001
2019-09-03 08:00:00,484.3000000000001
2019-09-03 09:00:00,484.3000000000001
2019-09-03 10:00:00,483.40000000000015
2019-09-03 11:00:00,485.60000000000014
2019-09-03 12:00:00,485.0000000000001
2019-09-03 13:00:00,485.8000000000001
2019-09-03 14:00:00,487.0000000000001
2019-09-03 15:00:00,484.2000000000001
2019-09-03 16:00:00,484.7000000000001
2019-09-04 08:00:00,489.3000000000001
2019-09-04 09:00:00,489.7000000000001
2019-09-04 10:00:00,488.5000000000001
2019-09-04 11:00:00,488.40000000000015
2019-09-04 12:00:00,487.7000000000001
2019-09-04 13:00:00,489.10000000000014
2019-09-04 14:00:00,489.5000000000001
2019-09-04 15:00:00,488.60000000000014
2019-09-04 16:00:00,490.3000000000001
2019-09-05 08:00:00,497.5000000000001
2019-09-05 09:00:00,500.3000000000001
2019-09-05 10:00:00,498.60000000000014
2019-09-05 11:00:00,499.40000000000015
2019-09-05 12:00:00,498.0000000000001
2019-09-05 13:00:00,498.90000000000015
2019-09-05 14:00:00,499.90000000000015
2019-09-05 15:00:00,500.8000000000001
2019-09-05 16:00:00,502.40000000000015
2019-09-06 08:00:00,502.8000000000001
2019-09-06 10:00:00,502.40000000000015
2019-09-06 11:00:00,502.2000000000001
2019-09-06 12:00:00,502.60000000000014
2019-09-06 13:00:00,502.60000000000014
2019-09-06 14:00:00,502.3000000000001
2019-09-06 15:00:00,502.8000000000001
2019-09-06 16:00:00,502.60000000000014
2019-09-09 08:00:00,503.10000000000014
2019-09-09 09:00:00,502.40000000000015
2019-09-09 10:00:00,502.5000000000001
2019-09-09 11:00:00,502.10000000000014
2019-09-09 12:00:00,502.90000000000015
2019-09-09 13:00:00,502.40000000000015
2019-09-09 14:00:00,502.5000000000001
2019-09-09 15:00:00,500.90000000000015
2019-09-09 16:00:00,501.3000000000001
2019-09-10 08:00:00,495.90000000000015
2019-09-10 09:00:00,495.7000000000001
2019-09-10 10:00:00,494.7000000000001
2019-09-10 12:00:00,495.9000000000001
2019-09-10 16:00:00,496.2000000000001
2019-09-12 15:00:00,505.60000000000014
2019-09-13 13:00:00,506.10000000000014
2019-09-13 14:00:00,505.30000000000007
2019-09-16 13:00:00,500.30000000000007
2019-09-16 16:00:00,501.30000000000007
2019-09-17 10:00:00,502.50000000000006
2019-09-17 12:00:00,502.4000000000001
2019-09-17 13:00:00,501.4000000000001
2019-09-17 14:00:00,502.7000000000001
2019-09-17 15:00:00,502.4000000000001
2019-09-17 16:00:00,503.00000000000006
2019-09-18 08:00:00,506.30000000000007
2019-09-18 09:00:00,505.9000000000001
2019-09-18 10:00:00,505.1000000000001
2019-09-18 15:00:00,506.30000000000007
2019-09-18 16:00:00,506.10000000000014
2019-09-19 08:00:00,507.4000000000001
2019-09-19 09:00:00,508.9000000000001
2019-09-19 10:00:00,507.30000000000007
2019-09-19 12:00:00,505.70000000000005
2019-09-19 13:00:00,507.60000000000014
2019-09-19 14:00:00,506.9000000000001
2019-09-19 15:00:00,507.20000000000005
2019-09-19 16:00:00,506.4000000000001
2019-09-20 08:00:00,506.30000000000007
2019-09-20 09:00:00,504.50000000000006
2019-09-20 10:00:00,507.80000000000007
2019-09-20 11:00:00,508.30000000000007
2019-09-20 12:00:00,507.4000000000001
2019-09-20 13:00:00,507.4000000000001
2019-09-20 14:00:00,507.5
2019-09-20 15:00:00,507.4000000000001
2019-09-20 16:00:00,507.5
2019-09-23 08:00:00,501.80000000000007
2019-09-23 09:00:00,500.4000000000001
2019-09-23 10:00:00,501.4000000000001
2019-09-23 11:00:00,501.50000000000006
2019-09-23 12:00:00,501.30000000000007
2019-09-23 13:00:00,501.1000000000001
2019-09-23 14:00:00,499.30000000000007
2019-09-23 15:00:00,499.00000000000006
2019-09-23 16:00:00,499.00000000000006
2019-09-24 08:00:00,501.6000000000001
2019-09-24 09:00:00,500.80000000000007
2019-09-24 10:00:00,502.4000000000001
2019-09-24 11:00:00,502.50000000000006
2019-09-24 12:00:00,502.80000000000007
2019-09-24 13:00:00,502.4000000000001
2019-09-24 14:00:00,504.00000000000006
2019-09-24 15:00:00,502.1000000000001
2019-09-24 16:00:00,501.30000000000007
2019-09-25 08:00:00,491.80000000000007
2019-09-25 09:00:00,490.00000000000006
2019-09-25 10:00:00,491.9000000000001
2019-09-25 11:00:00,491.9000000000001
2019-09-25 12:00:00,491.80000000000007
2019-09-25 13:00:00,493.4000000000001
2019-09-25 14:00:00,492.00000000000006
2019-09-25 15:00:00,494.1000000000001
2019-09-25 16:00:00,495.80000000000007
2019-09-26 08:00:00,500.7000000000001
2019-09-26 09:00:00,500.30000000000007
2019-09-26 10:00:00,500.9000000000001
2019-09-26 11:00:00,500.00000000000006
2019-09-26 12:00:00,499.2000000000001
2019-09-26 13:00:00,500.50000000000006
2019-09-26 14:00:00,500.00000000000006
2019-09-26 15:00:00,501.00000000000006
2019-09-26 16:00:00,498.80000000000007
2019-09-27 08:00:00,500.00000000000006
2019-09-27 09:00:00,499.4000000000001
2019-09-27 10:00:00,501.6000000000001
2019-09-27 11:00:00,502.9000000000001
2019-09-27 12:00:00,502.00000000000006
2019-09-27 13:00:00,502.30000000000007
2019-09-27 14:00:00,502.2000000000001
2019-09-27 15:00:00,501.00000000000006
2019-09-27 16:00:00,501.6000000000001
2019-09-30 08:00:00,498.80000000000007
2019-09-30 09:00:00,499.80000000000007
2019-09-30 10:00:00,501.00000000000006
2019-09-30 11:00:00,499.50000000000006
2019-09-30 12:00:00,499.7000000000001
2019-09-30 13:00:00,499.7000000000001
2019-09-30 14:00:00,501.30000000000007
2019-09-30 15:00:00,501.80000000000007
2019-09-30 16:00:00,501.7000000000001
2019-10-01 08:00:00,505.4000000000001
2019-10-01 09:00:00,503.7000000000001
2019-10-01 10:00:00,503.00000000000006
2019-10-01 11:00:00,502.9000000000001
2019-10-01 12:00:00,504.00000000000006
2019-10-01 13:00:00,503.6000000000001
2019-10-01 14:00:00,503.50000000000006
2019-10-01 15:00:00,496.9000000000001
2019-10-01 16:00:00,497.2000000000001
2019-10-02 08:00:00,491.6000000000001
2019-10-02 09:00:00,490.80000000000007
2019-10-02 10:00:00,488.9000000000001
2019-10-02 12:00:00,488.30000000000007
2019-10-02 14:00:00,486.6000000000001
2019-10-02 15:00:00,483.80000000000007
2019-10-02 16:00:00,483.1000000000001
2019-10-03 14:00:00,483.6000000000001
2019-10-03 15:00:00,481.7000000000001
2019-10-03 16:00:00,483.50000000000006
2019-10-03 17:00:00,484.50000000000006
2019-10-04 08:00:00,486.4000000000001
2019-10-04 09:00:00,486.30000000000007
2019-10-04 10:00:00,484.80000000000007
2019-10-04 11:00:00,486.2000000000001
2019-10-04 12:00:00,486.2000000000001
2019-10-04 13:00:00,487.50000000000006
2019-10-04 14:00:00,489.2000000000001
2019-10-04 15:00:00,489.4000000000001
2019-10-04 16:00:00,489.50000000000006
2019-10-07 08:00:00,490.50000000000006
2019-10-07 10:00:00,489.00000000000006
2019-10-07 11:00:00,490.2000000000001
2019-10-07 12:00:00,489.50000000000006
2019-10-07 13:00:00,489.00000000000006
2019-10-07 14:00:00,489.6000000000001
2019-10-07 15:00:00,492.00000000000006
2019-10-07 16:00:00,492.50000000000006
2019-10-08 08:00:00,493.7000000000001
2019-10-08 10:00:00,491.1000000000001
2019-10-08 11:00:00,489.50000000000006
2019-10-08 12:00:00,487.80000000000007
2019-10-08 13:00:00,489.00000000000006
2019-10-08 14:00:00,488.80000000000007
2019-10-08 15:00:00,487.2000000000001
2019-10-08 16:00:00,488.2000000000001
2019-10-09 08:00:00,488.2000000000001
2019-10-09 09:00:00,489.4000000000001
2019-10-09 10:00:00,491.4000000000001
2019-10-09 11:00:00,491.7000000000001
2019-10-09 12:00:00,492.7000000000001
2019-10-09 13:00:00,493.30000000000007
2019-10-09 14:00:00,492.30000000000007
2019-10-09 15:00:00,493.50000000000006
2019-10-09 16:00:00,492.9000000000001
2019-10-10 08:00:00,490.00000000000006
2019-10-10 09:00:00,491.50000000000006
2019-10-10 11:00:00,492.00000000000006
2019-10-10 14:00:00,493.9000000000001
2019-10-10 15:00:00,496.80000000000007
2019-10-10 16:00:00,498.4000000000001
2019-10-11 07:00:00,500.1000000000001
2019-10-11 08:00:00,511.20000000000005
2019-10-11 09:00:00,511.60000000000014
2019-10-11 10:00:00,512.3000000000001
2019-10-11 11:00:00,511.30000000000007
2019-10-11 12:00:00,511.60000000000014
2019-10-11 13:00:00,513.5
2019-10-11 14:00:00,517.6000000000001
2019-10-11 15:00:00,518.2
2019-10-11 16:00:00,519.2
2019-10-14 08:00:00,517.9000000000001
2019-10-14 09:00:00,516.5
2019-10-14 10:00:00,512.0
2019-10-14 11:00:00,512.7
2019-10-14 12:00:00,513.5
2019-10-14 13:00:00,514.1000000000001
2019-10-14 14:00:00,514.9000000000001
2019-10-14 15:00:00,516.0
2019-10-14 16:00:00,514.8000000000001
2019-10-15 08:00:00,519.7
2019-10-15 09:00:00,519.4000000000001
2019-10-15 10:00:00,519.6000000000001
2019-10-15 11:00:00,519.4000000000001
2019-10-15 12:00:00,519.2
2019-10-15 13:00:00,519.2
2019-10-15 14:00:00,519.5
2019-10-15 15:00:00,523.7
2019-10-15 16:00:00,522.1000000000001
2019-10-16 08:00:00,523.4000000000001
2019-10-16 09:00:00,523.0
2019-10-16 10:00:00,524.9000000000001
2019-10-16 11:00:00,526.0000000000001
2019-10-16 12:00:00,525.4000000000001
2019-10-16 13:00:00,524.4000000000001
2019-10-16 14:00:00,522.5
2019-10-16 15:00:00,522.0
2019-10-16 16:00:00,522.3000000000001
2019-10-17 08:00:00,520.2
2019-10-17 09:00:00,519.0
2019-10-17 10:00:00,522.0
2019-10-17 11:00:00,520.7
2019-10-17 12:00:00,520.9000000000001
2019-10-17 13:00:00,520.8000000000001
2019-10-17 14:00:00,520.8000000000001
2019-10-17 15:00:00,519.9000000000001
2019-10-17 16:00:00,519.0
2019-10-18 08:00:00,518.9000000000001
2019-10-18 09:00:00,519.1000000000001
2019-10-18 10:00:00,518.6000000000001
2019-10-18 11:00:00,518.0
2019-10-18 12:00:00,518.9000000000001
2019-10-18 13:00:00,517.4000000000001
2019-10-18 14:00:00,517.1000000000001
2019-10-18 15:00:00,515.3000000000001
2019-10-18 16:00:00,514.4000000000001
2019-10-21 08:00:00,517.3000000000001
2019-10-21 09:00:00,517.5
2019-10-21 10:00:00,518.5
2019-10-21 11:00:00,519.8000000000001
2019-10-21 12:00:00,519.6000000000001
2019-10-21 13:00:00,521.3000000000001
2019-10-21 14:00:00,521.2
2019-10-21 15:00:00,523.0
2019-10-21 16:00:00,522.5
2019-10-22 08:00:00,526.0000000000001
2019-10-22 09:00:00,525.1000000000001
2019-10-22 10:00:00,524.9000000000001
2019-10-22 11:00:00,524.5
2019-10-22 12:00:00,523.7
2019-10-22 13:00:00,522.3000000000001
2019-10-22 14:00:00,522.1000000000001
2019-10-22 15:00:00,521.6000000000001
2019-10-22 16:00:00,519.4000000000001
2019-10-23 08:00:00,513.5
2019-10-23 09:00:00,515.3000000000001
2019-10-23 10:00:00,516.3000000000001
2019-10-23 11:00:00,516.5
2019-10-23 14:00:00,516.9000000000001
2019-10-23 15:00:00,516.7
2019-10-23 16:00:00,517.1000000000001
2019-10-24 08:00:00,513.7
2019-10-24 09:00:00,513.4000000000001
2019-10-24 10:00:00,514.2
2019-10-24 11:00:00,515.0
2019-10-24 12:00:00,515.7
2019-10-24 13:00:00,517.0
2019-10-24 14:00:00,516.0
2019-10-24 15:00:00,517.6000000000001
2019-10-24 16:00:00,517.3000000000001
2019-10-25 08:00:00,514.7
2019-10-25 09:00:00,515.2
2019-10-25 10:00:00,515.5
2019-10-25 11:00:00,515.5
2019-10-25 13:00:00,514.5
2019-10-25 14:00:00,514.0
2019-10-25 15:00:00,516.0
2019-10-25 16:00:00,517.0
2019-10-28 09:00:00,519.6000000000001
2019-10-28 10:00:00,518.2
2019-10-28 11:00:00,518.4000000000001
2019-10-28 12:00:00,519.2
2019-10-28 13:00:00,520.3000000000001
2019-10-28 14:00:00,519.9000000000001
2019-10-28 15:00:00,520.5
2019-10-28 16:00:00,520.7
2019-10-28 17:00:00,520.6000000000001
2019-10-29 09:00:00,518.0
2019-10-29 10:00:00,517.9000000000001
2019-10-29 11:00:00,518.2
2019-10-29 12:00:00,518.7
2019-10-29 13:00:00,518.6000000000001
2019-10-29 14:00:00,518.4000000000001
2019-10-29 16:00:00,515.8000000000001
2019-10-29 17:00:00,515.6000000000001
2019-10-30 09:00:00,515.2
2019-10-30 10:00:00,515.0
2019-10-30 11:00:00,516.2
2019-10-30 12:00:00,516.4000000000001
2019-10-30 13:00:00,515.8000000000001
2019-10-30 14:00:00,514.0
2019-10-30 15:00:00,515.6000000000001
2019-10-30 16:00:00,515.6000000000001
2019-10-30 17:00:00,516.1000000000001
2019-10-31 09:00:00,518.9000000000001
2019-10-31 10:00:00,513.9000000000001
2019-10-31 11:00:00,515.6000000000001
2019-10-31 12:00:00,515.5
2019-10-31 13:00:00,516.7
2019-10-31 14:00:00,515.5
2019-10-31 15:00:00,514.8000000000001
2019-10-31 16:00:00,515.4000000000001
2019-10-31 17:00:00,515.7
2019-11-01 08:00:00,515.5
2019-11-01 09:00:00,517.5
2019-11-01 10:00:00,517.2
2019-11-01 11:00:00,517.3000000000001
2019-11-01 13:00:00,519.7
2019-11-01 14:00:00,521.1000000000001
2019-11-01 15:00:00,520.1000000000001
2019-11-01 16:00:00,520.0
2019-11-01 17:00:00,519.0
2019-11-04 08:00:00,522.9000000000001
2019-11-04 09:00:00,525.5000000000001
2019-11-04 10:00:00,524.8000000000001
2019-11-04 11:00:00,525.2
2019-11-04 13:00:00,526.4000000000001
2019-11-04 14:00:00,526.7000000000002
2019-11-04 15:00:00,527.2000000000002
2019-11-04 16:00:00,526.2000000000002
2019-11-05 08:00:00,525.2
2019-11-05 09:00:00,525.4000000000001
2019-11-05 10:00:00,526.2000000000002
2019-11-05 11:00:00,525.3000000000001
2019-11-05 12:00:00,525.5000000000001
2019-11-05 13:00:00,524.9000000000001
2019-11-05 14:00:00,525.4000000000001
2019-11-05 15:00:00,525.4000000000001
2019-11-05 16:00:00,526.5000000000001
2019-11-06 08:00:00,528.0000000000001
2019-11-06 09:00:00,526.0000000000001
2019-11-06 10:00:00,526.9000000000001
2019-11-06 11:00:00,527.6
2019-11-06 12:00:00,528.2000000000002
2019-11-06 13:00:00,528.9000000000001
2019-11-06 14:00:00,528.7000000000002
2019-11-06 15:00:00,528.1
2019-11-06 16:00:00,528.4000000000001
2019-11-07 08:00:00,534.2
2019-11-07 09:00:00,533.5
2019-11-07 10:00:00,530.7
2019-11-07 11:00:00,531.2
2019-11-07 12:00:00,531.1000000000001
2019-11-07 13:00:00,532.5
2019-11-07 15:00:00,534.2
2019-11-07 16:00:00,533.2
2019-11-08 08:00:00,531.3000000000001
2019-11-08 10:00:00,532.8000000000002
2019-11-08 12:00:00,532.7
2019-11-08 14:00:00,532.8000000000002
2019-11-08 15:00:00,532.5
2019-11-08 16:00:00,533.1000000000001
2019-11-11 08:00:00,534.9000000000001
2019-11-11 09:00:00,533.8000000000002
2019-11-11 10:00:00,532.6000000000001
2019-11-11 13:00:00,532.6000000000001
2019-11-11 14:00:00,534.0
2019-11-11 15:00:00,534.1000000000001
2019-11-11 16:00:00,534.2
2019-11-12 08:00:00,535.8000000000002
2019-11-12 09:00:00,534.5
2019-11-12 10:00:00,536.3000000000002
2019-11-12 11:00:00,536.5
2019-11-12 12:00:00,535.1000000000001
2019-11-12 13:00:00,535.7
2019-11-12 14:00:00,536.9
2019-11-12 15:00:00,537.4
2019-11-12 16:00:00,537.0000000000001
2019-11-13 08:00:00,535.4000000000001
2019-11-13 09:00:00,531.2
2019-11-13 10:00:00,532.9000000000001
2019-11-13 11:00:00,534.0
2019-11-13 12:00:00,534.8000000000002
2019-11-13 13:00:00,534.6000000000001
2019-11-13 14:00:00,534.7
2019-11-13 15:00:00,535.1000000000001
2019-11-13 16:00:00,534.9000000000001
2019-11-14 08:00:00,534.5
2019-11-14 09:00:00,535.0
2019-11-14 10:00:00,534.7
2019-11-14 11:00:00,535.2
2019-11-14 12:00:00,533.9000000000001
2019-11-14 13:00:00,533.0
2019-11-14 14:00:00,533.7
2019-11-14 15:00:00,532.8000000000002
2019-11-14 16:00:00,533.5
2019-11-15 08:00:00,536.2
2019-11-15 09:00:00,536.5
2019-11-15 10:00:00,533.9000000000001
2019-11-15 11:00:00,534.4000000000001
2019-11-15 12:00:00,535.2
2019-11-15 13:00:00,536.1000000000001
2019-11-15 14:00:00,536.1000000000001
2019-11-15 15:00:00,537.6
2019-11-15 16:00:00,541.1
2019-11-18 08:00:00,538.1
2019-11-18 09:00:00,538.2000000000002
2019-11-18 10:00:00,537.4
2019-11-18 12:00:00,538.0000000000001
2019-11-18 13:00:00,535.2
2019-11-18 14:00:00,533.9000000000001
2019-11-18 16:00:00,537.2000000000002
2019-11-19 08:00:00,538.8000000000001
2019-11-19 09:00:00,541.1
2019-11-19 10:00:00,542.5000000000001
2019-11-19 11:00:00,542.4
2019-11-19 12:00:00,540.3000000000001
2019-11-19 13:00:00,540.1
2019-11-19 14:00:00,538.0000000000001
2019-11-19 15:00:00,535.9000000000001
2019-11-19 16:00:00,536.9
2019-11-20 07:00:00,531.6000000000001
2019-11-20 08:00:00,533.5
2019-11-20 09:00:00,533.1000000000001
2019-11-20 10:00:00,533.7
2019-11-20 11:00:00,534.8000000000002
2019-11-20 12:00:00,534.6000000000001
2019-11-20 13:00:00,534.8000000000002
2019-11-20 14:00:00,536.0
2019-11-20 15:00:00,535.8000000000002
2019-11-20 16:00:00,535.9000000000001
2019-11-21 08:00:00,528.3000000000001
2019-11-21 09:00:00,530.9000000000001
2019-11-21 10:00:00,532.5
2019-11-21 11:00:00,533.1000000000001
2019-11-21 12:00:00,532.1000000000001
2019-11-21 13:00:00,533.2
2019-11-21 14:00:00,533.8000000000002
2019-11-21 15:00:00,533.2
2019-11-21 16:00:00,534.3000000000002
2019-11-22 08:00:00,537.3000000000001
2019-11-22 09:00:00,534.7
2019-11-22 10:00:00,535.1000000000001
2019-11-22 11:00:00,534.2
2019-11-22 12:00:00,535.8000000000002
2019-11-22 13:00:00,536.6
2019-11-22 14:00:00,536.3000000000002
2019-11-22 15:00:00,536.6
2019-11-22 16:00:00,536.3000000000002
2019-11-25 08:00:00,538.9
2019-11-25 09:00:00,540.4
2019-11-25 10:00:00,540.6
2019-11-25 11:00:00,539.1
2019-11-25 12:00:00,539.1
2019-11-25 13:00:00,540.5000000000001
2019-11-25 14:00:00,541.1
2019-11-25 15:00:00,542.0000000000001
2019-11-25 16:00:00,542.1
2019-11-26 08:00:00,541.1
2019-11-26 09:00:00,541.1
2019-11-26 10:00:00,542.6
2019-11-26 11:00:00,542.5000000000001
2019-11-26 12:00:00,543.1
2019-11-26 13:00:00,543.8000000000001
2019-11-26 14:00:00,543.6
2019-11-26 15:00:00,543.8000000000001
2019-11-26 16:00:00,542.7000000000002
2019-11-27 08:00:00,543.0000000000001
2019-11-27 09:00:00,544.9
2019-11-27 10:00:00,543.8000000000001
2019-11-27 11:00:00,542.5000000000001
2019-11-27 12:00:00,542.1
2019-11-27 13:00:00,541.9
2019-11-27 14:00:00,541.8000000000001
2019-11-27 15:00:00,542.4
2019-11-27 16:00:00,544.0000000000001
2019-11-28 08:00:00,541.4
2019-11-28 09:00:00,541.3000000000001
2019-11-28 10:00:00,540.9
2019-11-28 11:00:00,541.6
2019-11-28 12:00:00,541.4
2019-11-28 13:00:00,541.2000000000002
2019-11-28 14:00:00,541.9
2019-11-28 15:00:00,541.7000000000002
2019-11-28 16:00:00,542.5000000000001
2019-11-29 08:00:00,539.7000000000002
2019-11-29 09:00:00,542.9
2019-11-29 10:00:00,545.0000000000001
2019-11-29 11:00:00,544.6
2019-11-29 12:00:00,545.7000000000002
2019-11-29 13:00:00,545.4
2019-11-29 14:00:00,543.8000000000001
2019-11-29 15:00:00,543.8000000000001
2019-11-29 16:00:00,543.5000000000001
2019-12-02 08:00:00,546.2000000000002
2019-12-02 09:00:00,545.4
2019-12-02 10:00:00,546.3000000000001
2019-12-02 11:00:00,543.3000000000001
2019-12-02 12:00:00,542.3000000000001
2019-12-02 13:00:00,540.0000000000001
2019-12-02 14:00:00,535.4000000000001
2019-12-02 15:00:00,531.1000000000001
2019-12-02 16:00:00,531.1000000000001
2019-12-03 08:00:00,535.1000000000001
2019-12-03 09:00:00,535.4000000000001
2019-12-03 10:00:00,531.8000000000002
2019-12-03 11:00:00,533.4000000000001
2019-12-03 12:00:00,532.9000000000001
2019-12-03 13:00:00,531.7
2019-12-03 14:00:00,530.7
2019-12-03 15:00:00,531.0
2019-12-03 16:00:00,530.5
2019-12-04 08:00:00,534.9000000000001
2019-12-04 09:00:00,538.9
2019-12-04 10:00:00,537.5000000000001
2019-12-04 11:00:00,539.0000000000001
2019-12-04 12:00:00,538.1
2019-12-04 13:00:00,537.9
2019-12-04 14:00:00,538.1
2019-12-04 15:00:00,538.3000000000001
2019-12-04 16:00:00,537.9
2019-12-05 08:00:00,538.0000000000001
2019-12-05 09:00:00,537.8000000000001
2019-12-05 10:00:00,540.1
2019-12-05 11:00:00,539.3000000000001
2019-12-05 12:00:00,539.3000000000001
2019-12-05 13:00:00,539.5000000000001
2019-12-05 14:00:00,538.1
2019-12-05 15:00:00,537.9
2019-12-05 16:00:00,537.1
2019-12-06 08:00:00,540.5000000000001
2019-12-06 09:00:00,541.2000000000002
2019-12-06 10:00:00,540.8000000000001
2019-12-06 11:00:00,541.2000000000002
2019-12-06 12:00:00,540.6
2019-12-06 13:00:00,543.8000000000001
2019-12-06 14:00:00,545.4
2019-12-06 15:00:00,545.7000000000002
2019-12-06 16:00:00,545.2000000000002
2019-12-09 08:00:00,542.7000000000002
2019-12-09 09:00:00,541.4
2019-12-09 10:00:00,543.8000000000001
2019-12-09 11:00:00,543.9
2019-12-09 13:00:00,543.6
2019-12-09 14:00:00,544.5000000000001
2019-12-09 15:00:00,543.6
2019-12-09 16:00:00,542.6
2019-12-10 08:00:00,534.7
2019-12-10 09:00:00,534.0
2019-12-10 10:00:00,535.4000000000001
2019-12-10 11:00:00,534.1000000000001
2019-12-16 15:00:00,555.9
2019-12-16 16:00:00,555.0000000000001
2019-12-17 08:00:00,554.6999999999999
2019-12-17 09:00:00,552.6999999999999
2019-12-17 10:00:00,551.6
2019-12-17 11:00:00,551.1999999999999
2019-12-17 12:00:00,551.8000000000001
2019-12-17 13:00:00,553.1999999999999
2019-12-17 14:00:00,550.8000000000001
2019-12-17 15:00:00,551.6
2019-12-17 16:00:00,550.9
2019-12-18 08:00:00,548.5000000000001
2019-12-18 09:00:00,551.6999999999999
2019-12-18 10:00:00,550.1999999999999
2019-12-18 11:00:00,549.1
2019-12-18 12:00:00,549.1
2019-12-18 13:00:00,549.5000000000001
2019-12-18 14:00:00,550.0000000000001
2019-12-18 16:00:00,548.9
2019-12-19 08:00:00,547.5000000000001
2019-12-19 09:00:00,548.9
2019-12-19 11:00:00,547.1999999999999
2019-12-19 13:00:00,546.6999999999999
2019-12-19 15:00:00,547.9
2019-12-19 16:00:00,550.3000000000001
2019-12-19 17:00:00,552.4
2019-12-20 11:00:00,551.6
2019-12-20 12:00:00,552.8000000000001
2019-12-20 15:00:00,552.0000000000001
2019-12-20 16:00:00,551.5000000000001
2019-12-23 11:00:00,552.8000000000001
2019-12-23 15:00:00,553.0000000000001
2019-12-23 16:00:00,553.0000000000001
2019-12-27 11:00:00,555.5000000000001
2019-12-27 15:00:00,554.4
2019-12-27 16:00:00,552.9
2019-12-30 08:00:00,553.1
2019-12-30 10:00:00,551.6
2019-12-30 11:00:00,551.4
2019-12-30 12:00:00,551.6999999999999
2019-12-30 13:00:00,551.6999999999999
2019-12-30 16:00:00,548.6
2020-01-02 08:00:00,554.5000000000001
2020-01-02 09:00:00,555.4
2020-01-02 10:00:00,556.4
2020-01-02 11:00:00,554.9
2020-01-02 12:00:00,556.1999999999999
2020-01-02 13:00:00,557.3000000000001
2020-01-02 14:00:00,559.6999999999999
2020-01-02 15:00:00,558.8000000000001
2020-01-02 16:00:00,558.6
2020-01-03 08:00:00,551.6
2020-01-03 09:00:00,551.6
2020-01-03 10:00:00,549.6999999999999
2020-01-03 11:00:00,551.0000000000001
2020-01-03 13:00:00,552.9
2020-01-03 14:00:00,553.6999999999999
2020-01-03 15:00:00,552.9
2020-01-03 16:00:00,552.9
2020-01-06 08:00:00,543.3000000000001
2020-01-06 09:00:00,542.6999999999999
2020-01-06 10:00:00,543.6
2020-01-06 11:00:00,544.0000000000001
2020-01-06 12:00:00,545.5000000000001
2020-01-06 13:00:00,544.6999999999999
2020-01-06 14:00:00,547.1999999999999
2020-01-06 15:00:00,548.4
2020-01-06 16:00:00,549.1999999999999
2020-01-07 08:00:00,557.1999999999999
2020-01-07 09:00:00,555.1999999999999
2020-01-07 10:00:00,556.3000000000001
2020-01-07 11:00:00,555.0000000000001
2020-01-07 12:00:00,555.6
2020-01-07 13:00:00,554.5000000000001
2020-01-07 14:00:00,554.6
2020-01-07 15:00:00,555.5000000000001
2020-01-07 16:00:00,556.3000000000001
2020-01-08 08:00:00,553.6
2020-01-08 09:00:00,553.3000000000001
2020-01-08 10:00:00,556.8000000000001
2020-01-08 11:00:00,558.1999999999999
2020-01-08 12:00:00,559.3000000000001
2020-01-08 13:00:00,557.4
2020-01-08 14:00:00,558.6
2020-01-08 15:00:00,559.1999999999999
2020-01-08 16:00:00,560.1999999999999
2020-01-09 08:00:00,566.1999999999999
2020-01-09 09:00:00,566.8000000000001
2020-01-09 11:00:00,567.0000000000001
2020-01-09 12:00:00,565.6
2020-01-09 13:00:00,565.9
2020-01-09 14:00:00,566.4
2020-01-09 15:00:00,566.6999999999999
2020-01-09 16:00:00,565.1999999999999
2020-01-10 08:00:00,565.9
2020-01-10 09:00:00,567.5000000000001
2020-01-10 10:00:00,566.6
2020-01-10 11:00:00,567.8000000000001
2020-01-10 13:00:00,566.1999999999999
2020-01-10 14:00:00,567.3000000000001
2020-01-10 15:00:00,566.6
2020-01-10 16:00:00,565.9
2020-01-13 08:00:00,568.8000000000001
2020-01-13 09:00:00,569.1999999999999
2020-01-13 10:00:00,569.3000000000001
2020-01-13 11:00:00,566.3000000000001
2020-01-13 12:00:00,568.0000000000001
2020-01-13 13:00:00,567.5000000000001
2020-01-13 14:00:00,566.1
2020-01-13 15:00:00,566.5000000000001
2020-01-13 16:00:00,567.1
2020-01-14 08:00:00,565.9
2020-01-14 09:00:00,567.9
2020-01-14 10:00:00,565.8000000000001
2020-01-14 11:00:00,566.3000000000001
2020-01-14 12:00:00,566.1999999999999
2020-01-14 13:00:00,567.0000000000001
2020-01-14 14:00:00,566.0000000000001
2020-01-14 15:00:00,566.1
2020-01-14 16:00:00,566.5000000000001
2020-01-15 08:00:00,568.3000000000001
2020-01-15 09:00:00,569.1
2020-01-15 10:00:00,569.0000000000001
2020-01-15 11:00:00,569.1999999999999
2020-01-15 12:00:00,568.5000000000001
2020-01-15 13:00:00,567.1
2020-01-15 14:00:00,568.0000000000001
2020-01-15 15:00:00,567.6999999999999
2020-01-15 16:00:00,567.8000000000001
2020-01-16 08:00:00,570.1999999999999
2020-01-16 09:00:00,568.8000000000001
2020-01-16 10:00:00,568.6
2020-01-16 11:00:00,568.5000000000001
2020-01-16 12:00:00,568.5000000000001
2020-01-16 13:00:00,568.6
2020-01-16 14:00:00,568.4
2020-01-16 15:00:00,569.1999999999999
2020-01-16 16:00:00,569.1999999999999
2020-01-17 08:00:00,572.9
2020-01-17 09:00:00,575.1
2020-01-17 10:00:00,575.6
2020-01-17 11:00:00,576.5000000000001
2020-01-17 12:00:00,575.1999999999999
2020-01-17 13:00:00,575.6
2020-01-17 14:00:00,575.1
2020-01-17 15:00:00,576.3000000000001
2020-01-17 16:00:00,575.6999999999999
2020-01-20 08:00:00,575.6999999999999
2020-01-20 09:00:00,575.6
2020-01-20 10:00:00,575.6999999999999
2020-01-20 11:00:00,575.9
2020-01-20 12:00:00,576.6999999999999
2020-01-20 13:00:00,576.3000000000001
2020-01-20 14:00:00,576.6999999999999
2020-01-20 15:00:00,576.3000000000001
2020-01-20 16:00:00,576.4
2020-01-21 08:00:00,570.4
2020-01-21 09:00:00,570.9
2020-01-21 10:00:00,571.0000000000001
2020-01-21 11:00:00,572.6
2020-01-21 12:00:00,572.8000000000001
2020-01-21 13:00:00,572.6
2020-01-21 14:00:00,574.6
2020-01-21 15:00:00,574.9
2020-01-21 16:00:00,575.6999999999999
2020-01-22 08:00:00,574.8000000000001
2020-01-22 09:00:00,575.1
2020-01-22 10:00:00,575.0000000000001
2020-01-22 11:00:00,577.1999999999999
2020-01-22 12:00:00,577.6999999999999
2020-01-22 13:00:00,576.9
2020-01-22 14:00:00,577.6
2020-01-22 15:00:00,578.1999999999999
2020-01-22 16:00:00,577.0000000000001
2020-01-23 08:00:00,572.3000000000001
2020-01-23 09:00:00,574.1999999999999
2020-01-23 10:00:00,575.1
2020-01-23 11:00:00,575.1999999999999
2020-01-23 12:00:00,574.1999999999999
2020-01-23 13:00:00,574.3000000000001
2020-01-23 14:00:00,572.6999999999999
2020-01-23 15:00:00,571.6999999999999
2020-01-23 16:00:00,572.1999999999999
2020-01-24 08:00:00,578.3000000000001
2020-01-24 09:00:00,578.1
2020-01-24 10:00:00,577.5000000000001
2020-01-24 11:00:00,578.6
2020-01-24 12:00:00,579.0000000000001
2020-01-24 13:00:00,579.1999999999999
2020-01-24 14:00:00,579.3000000000001
2020-01-24 15:00:00,579.1
2020-01-24 16:00:00,579.8000000000001
2020-01-27 08:00:00,569.6999999999999
2020-01-27 09:00:00,565.6
2020-01-27 10:00:00,562.4
2020-01-27 11:00:00,563.9
2020-01-27 12:00:00,564.9
2020-01-27 13:00:00,563.4
2020-01-27 14:00:00,562.5000000000001
2020-01-27 15:00:00,561.1999999999999
2020-01-27 16:00:00,561.3000000000001
2020-01-28 08:00:00,557.6
2020-01-28 09:00:00,555.4
2020-01-28 10:00:00,553.3000000000001
2020-01-28 11:00:00,554.0000000000001
2020-01-28 12:00:00,557.1999999999999
2020-01-28 13:00:00,558.4
2020-01-28 14:00:00,558.1999999999999
2020-01-28 15:00:00,560.6
2020-01-28 16:00:00,560.5000000000001
2020-01-29 08:00:00,562.5000000000001
2020-01-29 09:00:00,563.1999999999999
2020-01-29 10:00:00,564.3000000000001
2020-01-29 11:00:00,563.5000000000001
2020-01-29 12:00:00,564.1999999999999
2020-01-29 13:00:00,563.3000000000001
2020-01-29 14:00:00,564.1999999999999
2020-01-29 15:00:00,563.5000000000001
2020-01-29 16:00:00,563.5000000000001
2020-01-30 08:00:00,555.6
2020-01-30 09:00:00,556.5000000000001
2020-01-30 10:00:00,555.6
2020-01-30 11:00:00,554.1
2020-01-30 12:00:00,551.6999999999999
2020-01-30 13:00:00,552.4
2020-01-30 14:00:00,553.6999999999999
2020-01-30 15:00:00,550.9
2020-01-30 16:00:00,552.3000000000001
2020-01-31 08:00:00,555.8000000000001
2020-01-31 09:00:00,553.1
2020-01-31 10:00:00,550.6
2020-01-31 11:00:00,550.6999999999999
2020-01-31 12:00:00,550.5000000000001
2020-01-31 13:00:00,551.6999999999999
2020-01-31 14:00:00,548.5000000000001
2020-01-31 15:00:00,544.8000000000001
2020-01-31 16:00:00,544.6999999999999
2020-02-03 08:00:00,549.0000000000001
2020-02-03 09:00:00,548.0000000000001
2020-02-03 10:00:00,548.5000000000001
2020-02-03 11:00:00,548.6
2020-02-03 13:00:00,549.1
2020-02-03 14:00:00,552.3000000000001
2020-02-03 15:00:00,552.6
2020-02-03 16:00:00,552.3000000000001
2020-02-04 08:00:00,559.6999999999999
2020-02-04 09:00:00,559.6999999999999
2020-02-04 10:00:00,560.6
2020-02-04 11:00:00,560.1999999999999
2020-02-04 12:00:00,561.1999999999999
2020-02-04 13:00:00,561.5000000000001
2020-02-04 14:00:00,563.0000000000001
2020-02-04 15:00:00,563.8000000000001
2020-02-04 16:00:00,565.8000000000001
2020-02-05 08:00:00,573.1999999999999
2020-02-05 09:00:00,578.3000000000001
2020-02-05 10:00:00,576.6999999999999
2020-02-05 11:00:00,576.0000000000001
2020-02-05 12:00:00,576.8000000000001
2020-02-05 13:00:00,579.6999999999999
2020-02-05 14:00:00,575.6999999999999
2020-02-05 15:00:00,576.1
2020-02-05 16:00:00,577.6
2020-02-06 08:00:00,577.1999999999999
2020-02-06 09:00:00,576.5000000000001
2020-02-06 10:00:00,575.4
2020-02-06 11:00:00,576.9
2020-02-06 12:00:00,577.9
2020-02-06 13:00:00,576.6
2020-02-06 14:00:00,575.6
2020-02-06 15:00:00,578.5000000000001
2020-02-06 16:00:00,578.6999999999999
2020-02-07 08:00:00,578.8000000000001
2020-02-07 09:00:00,577.1
2020-02-07 10:00:00,576.3000000000001
2020-02-07 11:00:00,575.6999999999999
2020-02-07 12:00:00,575.8000000000001
2020-02-07 13:00:00,574.4
2020-02-07 14:00:00,575.6999999999999
2020-02-07 15:00:00,575.1999999999999
2020-02-07 16:00:00,577.4
2020-02-10 08:00:00,572.9
2020-02-10 09:00:00,574.5000000000001
2020-02-10 10:00:00,576.1999999999999
2020-02-10 11:00:00,576.4
2020-02-10 12:00:00,574.6
2020-02-10 13:00:00,574.6
2020-02-10 14:00:00,575.8000000000001
2020-02-10 15:00:00,575.6999999999999
2020-02-10 16:00:00,576.8000000000001
2020-02-11 08:00:00,583.1
2020-02-11 09:00:00,582.6999999999999
2020-02-11 10:00:00,583.1999999999999
2020-02-11 11:00:00,583.9
2020-02-11 12:00:00,583.9
2020-02-11 13:00:00,584.1999999999999
2020-02-11 14:00:00,586.6
2020-02-11 15:00:00,588.3000000000001
2020-02-11 16:00:00,587.6999999999999
2020-02-12 08:00:00,590.8000000000001
2020-02-12 09:00:00,589.0000000000001
2020-02-12 10:00:00,589.4
2020-02-12 11:00:00,590.6
2020-02-12 12:00:00,590.1999999999999
2020-02-12 13:00:00,590.8000000000001
2020-02-12 14:00:00,591.9
2020-02-12 15:00:00,592.1999999999999
2020-02-12 16:00:00,593.4
2020-02-13 08:00:00,589.9
2020-02-13 09:00:00,588.0000000000001
2020-02-13 10:00:00,585.5000000000001
2020-02-13 11:00:00,586.6999999999999
2020-02-13 12:00:00,588.1
2020-02-13 13:00:00,588.4
2020-02-13 14:00:00,589.6
2020-02-13 15:00:00,592.0000000000001
2020-02-13 16:00:00,593.1999999999999
2020-02-14 08:00:00,592.6
2020-02-14 09:00:00,590.9
2020-02-14 10:00:00,592.0000000000001
2020-02-14 11:00:00,592.1999999999999
2020-02-14 12:00:00,591.9
2020-02-14 13:00:00,590.8000000000001
2020-02-14 14:00:00,590.3000000000001
2020-02-14 15:00:00,592.3000000000001
2020-02-14 16:00:00,592.5000000000001
2020-02-17 08:00:00,592.0000000000001
2020-02-17 09:00:00,592.6
2020-02-17 10:00:00,591.4
2020-02-17 11:00:00,591.6
2020-02-17 12:00:00,588.5000000000001
2020-02-17 13:00:00,588.6
2020-02-17 14:00:00,589.5000000000001
2020-02-17 15:00:00,590.5000000000001
2020-02-17 16:00:00,589.9
2020-02-17 20:00:00,587.4
2020-02-18 08:00:00,583.6
2020-02-18 09:00:00,582.3000000000001
2020-02-18 10:00:00,585.4
2020-02-18 11:00:00,583.6
2020-02-18 12:00:00,584.5000000000001
2020-02-18 13:00:00,584.6
2020-02-18 14:00:00,586.5000000000001
2020-02-18 15:00:00,586.3000000000001
2020-02-18 16:00:00,585.4
2020-02-19 08:00:00,589.8000000000001
2020-02-19 09:00:00,588.8000000000001
2020-02-19 10:00:00,588.8000000000001
2020-02-19 11:00:00,588.1999999999999
2020-02-19 12:00:00,589.3000000000001
2020-02-19 13:00:00,589.4
2020-02-19 14:00:00,592.3000000000001
2020-02-19 15:00:00,593.4
2020-02-19 16:00:00,594.1
2020-02-20 08:00:00,591.6999999999999
2020-02-20 09:00:00,590.1999999999999
2020-02-20 10:00:00,590.1999999999999
2020-02-20 11:00:00,590.1
2020-02-20 12:00:00,589.9
2020-02-20 13:00:00,590.4
2020-02-20 14:00:00,590.3000000000001
2020-02-20 15:00:00,591.1999999999999
2020-02-20 16:00:00,586.1
2020-02-21 08:00:00,584.6
2020-02-21 09:00:00,584.8000000000001
2020-02-21 10:00:00,587.4
2020-02-21 11:00:00,587.1999999999999
2020-02-21 12:00:00,587.6
2020-02-21 13:00:00,585.4
2020-02-21 14:00:00,580.6999999999999
2020-02-21 15:00:00,579.1
2020-02-21 16:00:00,580.8000000000001
2020-02-24 08:00:00,560.3000000000001
2020-02-24 09:00:00,558.3000000000001
2020-02-24 10:00:00,556.4
2020-02-24 11:00:00,557.1999999999999
2020-02-24 12:00:00,555.6
2020-02-24 13:00:00,552.6999999999999
2020-02-24 14:00:00,557.1999999999999
2020-02-24 15:00:00,557.1
2020-02-24 16:00:00,552.1
2020-02-25 08:00:00,556.3000000000001
2020-02-25 09:00:00,555.5000000000001
2020-02-25 10:00:00,552.4
2020-02-25 11:00:00,553.6999999999999
2020-02-25 12:00:00,557.1
2020-02-25 13:00:00,555.4
2020-02-25 14:00:00,554.5000000000001
2020-02-25 15:00:00,549.4
2020-02-25 16:00:00,544.1999999999999
2020-02-26 08:00:00,536.8000000000001
2020-02-26 09:00:00,538.4
2020-02-26 10:00:00,537.8000000000001
2020-02-26 11:00:00,544.0000000000001
2020-02-26 12:00:00,546.6999999999999
2020-02-26 13:00:00,549.1
2020-02-26 14:00:00,549.1
2020-02-26 15:00:00,549.6999999999999
2020-02-26 16:00:00,548.6999999999999
2020-02-27 08:00:00,538.9
2020-02-27 09:00:00,539.3000000000001
2020-02-27 10:00:00,534.8
2020-02-27 11:00:00,535.5
2020-02-27 12:00:00,532.0
2020-02-27 13:00:00,529.1
2020-02-27 14:00:00,528.1
2020-02-27 15:00:00,531.1
2020-02-27 16:00:00,531.9000000000001
2020-02-27 17:00:00,535.9000000000001
2020-02-28 08:00:00,509.5
2020-02-28 09:00:00,510.0
2020-02-28 10:00:00,511.6
2020-02-28 11:00:00,511.9000000000001
2020-02-28 12:00:00,515.4000000000001
2020-02-28 13:00:00,510.9000000000001
2020-02-28 14:00:00,510.20000000000005
2020-02-28 15:00:00,514.2
2020-02-28 16:00:00,520.8
2020-03-02 07:00:00,526.3000000000001
2020-03-02 08:00:00,526.0000000000001
2020-03-02 09:00:00,517.7
2020-03-02 10:00:00,514.7
2020-03-02 11:00:00,506.1
2020-03-02 12:00:00,514.4000000000001
2020-03-02 13:00:00,514.1
2020-03-02 14:00:00,513.7
2020-03-02 15:00:00,514.3
2020-03-02 16:00:00,517.4000000000001
2020-03-02 20:00:00,520.9000000000001
2020-03-03 08:00:00,530.6
2020-03-03 09:00:00,532.1000000000001
2020-03-03 10:00:00,533.1000000000001
2020-03-03 11:00:00,527.5000000000001
2020-03-03 12:00:00,525.8000000000001
2020-03-03 13:00:00,528.2
2020-03-03 14:00:00,526.4
2020-03-03 15:00:00,531.2
2020-03-03 16:00:00,521.4000000000001
2020-03-03 18:00:00,521.9000000000001
2020-03-04 08:00:00,525.2
2020-03-04 09:00:00,526.6
2020-03-04 10:00:00,526.8000000000001
2020-03-04 11:00:00,527.6
2020-03-04 12:00:00,529.1
2020-03-04 13:00:00,526.2
2020-03-04 14:00:00,519.4000000000001
2020-03-04 15:00:00,521.6
2020-03-04 16:00:00,521.8
2020-03-05 08:00:00,522.8
2020-03-05 09:00:00,519.0
2020-03-05 10:00:00,516.1
2020-03-05 11:00:00,513.4000000000001
2020-03-05 12:00:00,514.5
2020-03-05 13:00:00,513.2
2020-03-05 14:00:00,513.8
2020-03-05 15:00:00,516.3
2020-03-05 16:00:00,517.4000000000001
2020-03-06 08:00:00,501.40000000000003
2020-03-06 09:00:00,496.00000000000006
2020-03-06 10:00:00,494.90000000000003
2020-03-06 11:00:00,497.1
2020-03-06 12:00:00,495.6
2020-03-06 13:00:00,497.00000000000006
2020-03-06 14:00:00,495.8
2020-03-06 15:00:00,499.00000000000006
2020-03-06 16:00:00,497.70000000000005
2020-03-06 19:00:00,494.6
2020-03-09 08:00:00,449.90000000000003
2020-03-09 09:00:00,466.90000000000003
2020-03-09 10:00:00,469.1
2020-03-09 11:00:00,467.70000000000005
2020-03-09 12:00:00,467.50000000000006
2020-03-09 13:00:00,464.20000000000005
2020-03-09 14:00:00,466.50000000000006
2020-03-09 15:00:00,466.70000000000005
2020-03-09 16:00:00,471.50000000000006
2020-03-09 17:00:00,466.40000000000003
2020-03-10 09:00:00,478.90000000000003
2020-03-10 10:00:00,482.50000000000006
2020-03-10 11:00:00,482.8
2020-03-10 12:00:00,479.8
2020-03-10 13:00:00,479.90000000000003
2020-03-10 14:00:00,478.90000000000003
2020-03-10 15:00:00,472.8
2020-03-10 16:00:00,467.50000000000006
2020-03-10 17:00:00,465.3
2020-03-11 09:00:00,473.70000000000005
2020-03-11 10:00:00,470.3
2020-03-11 11:00:00,466.8
2020-03-11 12:00:00,465.00000000000006
2020-03-11 13:00:00,462.00000000000006
2020-03-11 14:00:00,467.6
2020-03-11 15:00:00,463.40000000000003
2020-03-11 16:00:00,462.50000000000006
2020-03-11 17:00:00,461.00000000000006
2020-03-12 09:00:00,430.1
2020-03-12 10:00:00,435.6
2020-03-12 11:00:00,439.6
2020-03-12 12:00:00,436.3
2020-03-12 13:00:00,429.50000000000006
2020-03-12 14:00:00,424.90000000000003
2020-03-12 15:00:00,426.8
2020-03-12 16:00:00,416.20000000000005
2020-03-12 17:00:00,415.40000000000003
2020-03-13 09:00:00,419.8
2020-03-13 10:00:00,425.8
2020-03-13 11:00:00,430.20000000000005
2020-03-13 12:00:00,437.8
2020-03-13 13:00:00,445.00000000000006
2020-03-13 14:00:00,430.50000000000006
2020-03-13 15:00:00,428.1
2020-03-13 16:00:00,413.00000000000006
2020-03-13 17:00:00,420.70000000000005
2020-03-13 19:00:00,420.90000000000003
2020-03-16 10:00:00,385.00000000000006
2020-03-16 11:00:00,383.90000000000003
2020-03-16 12:00:00,379.70000000000005
2020-03-16 13:00:00,383.50000000000006
2020-03-16 14:00:00,380.8
2020-03-16 15:00:00,398.1
2020-03-16 16:00:00,404.6
2020-03-16 17:00:00,404.6
2020-03-17 10:00:00,399.8
2020-03-17 16:00:00,409.70000000000005
2020-03-17 17:00:00,405.90000000000003
2020-03-18 10:00:00,385.5
2020-03-18 12:00:00,390.8
2020-03-18 16:00:00,389.3
2020-03-18 17:00:00,388.20000000000005
2020-03-19 11:00:00,377.6
2020-03-19 12:00:00,378.1
2020-03-19 13:00:00,381.90000000000003
2020-03-19 14:00:00,381.6
2020-03-19 16:00:00,398.1
2020-03-19 17:00:00,399.6
2020-03-20 17:00:00,416.8
2020-03-23 11:00:00,399.90000000000003
2020-03-23 13:00:00,414.0
2020-03-23 14:00:00,410.6
2020-03-23 15:00:00,408.6
2020-03-23 16:00:00,405.6
2020-03-23 17:00:00,402.6
2020-03-24 13:00:00,434.5
2020-03-24 15:00:00,435.3
2020-03-24 16:00:00,439.1
2020-03-24 17:00:00,441.6
2020-03-25 11:00:00,440.3
2020-03-25 12:00:00,443.6
2020-03-25 13:00:00,443.6
2020-03-25 14:00:00,442.90000000000003
2020-03-25 15:00:00,444.5
2020-03-25 16:00:00,445.90000000000003
2020-03-25 17:00:00,450.90000000000003
2020-03-26 10:00:00,446.8
2020-03-26 12:00:00,447.20000000000005
2020-03-26 13:00:00,445.3
2020-03-26 17:00:00,461.70000000000005
2020-03-27 09:00:00,458.6
2020-03-27 11:00:00,458.20000000000005
2020-03-27 12:00:00,451.8
2020-03-27 15:00:00,445.40000000000003
2020-03-27 16:00:00,445.40000000000003
2020-03-27 17:00:00,445.20000000000005
2020-03-30 12:00:00,450.90000000000003
2020-03-30 13:00:00,455.1
2020-03-30 14:00:00,455.3
2020-03-30 15:00:00,455.20000000000005
2020-03-30 16:00:00,454.5
2020-03-31 08:00:00,467.6
2020-03-31 10:00:00,469.90000000000003
2020-03-31 11:00:00,464.3
2020-03-31 12:00:00,460.70000000000005
2020-03-31 13:00:00,457.0
2020-03-31 14:00:00,460.5
2020-03-31 15:00:00,463.0
2020-03-31 16:00:00,462.1
2020-04-01 08:00:00,450.6
2020-04-01 09:00:00,450.6
2020-04-01 10:00:00,453.0
2020-04-01 11:00:00,448.6
2020-04-01 12:00:00,446.3
2020-04-01 13:00:00,445.40000000000003
2020-04-01 14:00:00,445.8
2020-04-01 15:00:00,450.20000000000005
2020-04-01 16:00:00,448.3
2020-04-02 08:00:00,442.40000000000003
2020-04-02 10:00:00,444.5
2020-04-02 11:00:00,443.5
2020-04-02 13:00:00,443.70000000000005
2020-04-02 14:00:00,436.40000000000003
2020-04-02 15:00:00,444.1
2020-04-02 16:00:00,439.8
2020-04-03 09:00:00,440.1
2020-04-03 10:00:00,439.20000000000005
2020-04-03 12:00:00,440.3
2020-04-03 13:00:00,441.3
2020-04-03 14:00:00,443.0
2020-04-03 15:00:00,441.1
2020-04-03 16:00:00,440.20000000000005
2020-04-06 09:00:00,453.1
2020-04-06 10:00:00,453.0
2020-04-06 12:00:00,453.0
2020-04-06 13:00:00,454.5
2020-04-06 14:00:00,459.8
2020-04-06 15:00:00,459.3
2020-04-06 16:00:00,460.8
2020-04-07 08:00:00,478.40000000000003
2020-04-07 09:00:00,476.90000000000003
2020-04-07 10:00:00,475.8
2020-04-07 11:00:00,477.3
2020-04-07 13:00:00,474.1
2020-04-07 14:00:00,475.40000000000003
2020-04-07 15:00:00,468.3
2020-04-07 16:00:00,473.1
2020-04-08 08:00:00,474.1
2020-04-08 09:00:00,473.0
2020-04-08 12:00:00,472.90000000000003
2020-04-08 13:00:00,475.70000000000005
2020-04-08 14:00:00,474.70000000000005
2020-04-08 15:00:00,477.40000000000003
2020-04-08 16:00:00,480.0
2020-04-09 08:00:00,488.5
2020-04-09 09:00:00,487.1
2020-04-09 10:00:00,484.70000000000005
2020-04-09 12:00:00,485.70000000000005
2020-04-09 13:00:00,486.70000000000005
2020-04-09 14:00:00,493.40000000000003
2020-04-09 15:00:00,490.40000000000003
2020-04-09 16:00:00,494.8
2020-04-09 19:00:00,491.8
2020-04-14 08:00:00,499.40000000000003
2020-04-14 13:00:00,499.6
2020-04-14 14:00:00,504.70000000000005
2020-04-14 15:00:00,504.3
2020-04-14 16:00:00,501.70000000000005
2020-04-15 08:00:00,490.90000000000003
2020-04-15 09:00:00,488.40000000000003
2020-04-15 10:00:00,489.8
2020-04-15 11:00:00,488.5
2020-04-15 13:00:00,486.40000000000003
2020-04-15 14:00:00,482.5
2020-04-15 15:00:00,482.1
2020-04-15 16:00:00,480.8
2020-04-16 08:00:00,491.6
2020-04-16 09:00:00,494.20000000000005
2020-04-16 10:00:00,492.1
2020-04-16 11:00:00,493.3
2020-04-16 13:00:00,492.3
2020-04-16 14:00:00,489.20000000000005
2020-04-16 15:00:00,494.70000000000005
2020-04-16 16:00:00,492.40000000000003
2020-04-17 08:00:00,505.5
2020-04-17 09:00:00,505.0
2020-04-17 10:00:00,506.0
2020-04-17 11:00:00,510.1
2020-04-17 12:00:00,509.20000000000005
2020-04-17 13:00:00,507.9000000000001
2020-04-17 14:00:00,505.0
2020-04-17 15:00:00,504.3
2020-04-17 16:00:00,507.29999999999995
2020-04-20 08:00:00,505.70000000000005
2020-04-20 11:00:00,501.3
2020-04-20 12:00:00,497.6
2020-04-20 13:00:00,500.3
2020-04-20 14:00:00,502.8
2020-04-20 15:00:00,505.70000000000005
2020-04-20 16:00:00,506.6
2020-04-21 08:00:00,498.3
2020-04-21 09:00:00,500.20000000000005
2020-04-21 10:00:00,497.40000000000003
2020-04-21 11:00:00,497.3
2020-04-21 12:00:00,493.90000000000003
2020-04-21 13:00:00,493.5
2020-04-21 14:00:00,491.8
2020-04-21 15:00:00,485.3
2020-04-21 16:00:00,482.8
2020-04-22 08:00:00,490.5
2020-04-22 09:00:00,492.70000000000005
2020-04-22 10:00:00,496.20000000000005
2020-04-22 11:00:00,491.20000000000005
2020-04-22 12:00:00,492.1
2020-04-22 13:00:00,493.1
2020-04-22 14:00:00,492.6
2020-04-22 15:00:00,492.3
2020-04-22 16:00:00,493.90000000000003
2020-04-23 08:00:00,496.0
2020-04-23 09:00:00,493.3
2020-04-23 12:00:00,491.20000000000005
2020-04-23 13:00:00,491.20000000000005
2020-04-23 14:00:00,493.8
2020-04-23 15:00:00,497.8
2020-04-23 16:00:00,495.8
2020-04-24 08:00:00,488.90000000000003
2020-04-24 09:00:00,489.3
2020-04-24 10:00:00,492.6
2020-04-24 12:00:00,495.1
2020-04-24 13:00:00,494.70000000000005
2020-04-24 14:00:00,490.40000000000003
2020-04-24 15:00:00,490.5
2020-04-24 16:00:00,490.0
2020-04-24 20:00:00,496.5
2020-04-27 08:00:00,499.1
2020-04-27 09:00:00,497.20000000000005
2020-04-27 10:00:00,497.90000000000003
2020-04-27 11:00:00,497.0
2020-04-27 12:00:00,498.5
2020-04-27 13:00:00,497.20000000000005
2020-04-27 14:00:00,497.40000000000003
2020-04-27 15:00:00,496.1
2020-04-27 16:00:00,498.40000000000003
2020-04-28 08:00:00,498.8
2020-04-28 09:00:00,501.0
2020-04-28 10:00:00,501.6
2020-04-28 11:00:00,504.8
2020-04-28 12:00:00,504.20000000000005
2020-04-28 13:00:00,505.0
2020-04-28 14:00:00,504.1
2020-04-28 15:00:00,500.90000000000003
2020-04-28 16:00:00,502.40000000000003
2020-04-29 08:00:00,502.6
2020-04-29 09:00:00,502.6
2020-04-29 10:00:00,502.90000000000003
2020-04-29 13:00:00,506.4000000000001
2020-04-29 14:00:00,506.6
2020-04-29 15:00:00,509.70000000000005
2020-04-29 16:00:00,512.0
2020-04-30 08:00:00,513.5
2020-04-30 09:00:00,511.70000000000005
2020-04-30 10:00:00,514.8
2020-04-30 11:00:00,515.1
2020-04-30 12:00:00,514.1
2020-04-30 13:00:00,513.8
2020-04-30 14:00:00,510.5
2020-04-30 15:00:00,506.29999999999995
2020-04-30 16:00:00,506.5
2020-05-04 08:00:00,491.5
2020-05-04 10:00:00,487.5
2020-05-04 11:00:00,488.6
2020-05-04 12:00:00,488.5
2020-05-04 13:00:00,489.0
2020-05-04 14:00:00,491.1
2020-05-04 15:00:00,491.0
2020-05-04 16:00:00,490.1
2020-05-05 08:00:00,496.8
2020-05-05 09:00:00,494.3
2020-05-05 10:00:00,495.70000000000005
2020-05-05 11:00:00,495.6
2020-05-05 12:00:00,494.90000000000003
2020-05-05 13:00:00,496.20000000000005
2020-05-05 14:00:00,498.6
2020-05-05 15:00:00,499.1
2020-05-05 16:00:00,501.5
2020-05-06 08:00:00,503.0
2020-05-06 10:00:00,503.3
2020-05-06 11:00:00,502.40000000000003
2020-05-06 12:00:00,502.20000000000005
2020-05-06 13:00:00,501.70000000000005
2020-05-06 14:00:00,503.90000000000003
2020-05-06 15:00:00,503.6
2020-05-06 16:00:00,501.5
2020-05-07 08:00:00,505.0
2020-05-07 09:00:00,506.4000000000001
2020-05-07 12:00:00,510.9000000000001
2020-05-07 14:00:00,510.4000000000001
2020-05-07 15:00:00,510.6
2020-05-07 16:00:00,514.1
2020-05-08 08:00:00,514.9000000000001
2020-05-08 10:00:00,515.2
2020-05-08 11:00:00,514.8
2020-05-08 13:00:00,515.9000000000001
2020-05-08 14:00:00,515.1
2020-05-08 15:00:00,516.8
2020-05-11 10:00:00,511.79999999999995
2020-05-11 11:00:00,511.1
2020-05-11 12:00:00,509.4000000000001
2020-05-11 13:00:00,509.20000000000005
2020-05-11 14:00:00,509.4000000000001
2020-05-11 15:00:00,511.5
2020-05-11 16:00:00,510.9000000000001
2020-05-12 08:00:00,514.0
2020-05-12 09:00:00,514.8
2020-05-12 14:00:00,512.4000000000001
2020-05-12 15:00:00,514.4000000000001
2020-05-12 16:00:00,515.5
2020-05-13 08:00:00,506.79999999999995
2020-05-13 09:00:00,508.5
2020-05-13 10:00:00,509.9000000000001
2020-05-13 11:00:00,512.4000000000001
2020-05-13 12:00:00,515.4000000000001
2020-05-13 13:00:00,515.1
2020-05-13 14:00:00,512.2
2020-05-13 15:00:00,513.4000000000001
2020-05-13 16:00:00,510.1
2020-05-14 08:00:00,501.3
2020-05-14 09:00:00,499.0
2020-05-14 10:00:00,500.40000000000003
2020-05-14 11:00:00,499.6
2020-05-14 12:00:00,498.5
2020-05-14 13:00:00,494.40000000000003
2020-05-14 14:00:00,491.90000000000003
2020-05-14 15:00:00,495.20000000000005
2020-05-14 16:00:00,496.70000000000005
2020-05-15 08:00:00,506.4000000000001
2020-05-15 09:00:00,504.0
2020-05-15 10:00:00,505.29999999999995
2020-05-15 11:00:00,502.90000000000003
2020-05-15 12:00:00,499.0
2020-05-15 13:00:00,498.70000000000005
2020-05-15 14:00:00,502.20000000000005
2020-05-15 15:00:00,499.1
2020-05-15 16:00:00,498.90000000000003
2020-05-18 08:00:00,508.4000000000001
2020-05-18 09:00:00,510.9000000000001
2020-05-18 10:00:00,510.0
2020-05-18 12:00:00,509.70000000000005
2020-05-18 13:00:00,514.9000000000001
2020-05-18 15:00:00,514.8
2020-05-18 16:00:00,517.8
2020-05-19 08:00:00,518.1
2020-05-19 09:00:00,517.6
2020-05-19 10:00:00,516.3
2020-05-19 12:00:00,519.0
2020-05-19 13:00:00,517.4000000000001
2020-05-19 14:00:00,519.5
2020-05-19 15:00:00,522.2
2020-05-19 16:00:00,523.6
2020-05-20 08:00:00,521.9000000000001
2020-05-20 09:00:00,526.7
2020-05-20 10:00:00,529.1
2020-05-20 11:00:00,529.2
2020-05-20 12:00:00,529.6
2020-05-20 13:00:00,529.0
2020-05-20 14:00:00,531.0
2020-05-20 15:00:00,533.6
2020-05-20 16:00:00,536.2
2020-05-21 08:00:00,528.6
2020-05-21 09:00:00,528.0
2020-05-21 10:00:00,529.3
2020-05-21 11:00:00,529.4000000000001
2020-05-21 12:00:00,529.9000000000001
2020-05-21 13:00:00,530.6
2020-05-21 14:00:00,532.1
2020-05-21 15:00:00,529.5
2020-05-21 16:00:00,524.9000000000001
2020-05-22 08:00:00,519.2
2020-05-22 09:00:00,520.1
2020-05-22 10:00:00,521.9000000000001
2020-05-22 11:00:00,523.0
2020-05-22 12:00:00,524.1
2020-05-22 13:00:00,526.6
2020-05-22 14:00:00,525.5
2020-05-22 15:00:00,528.0
2020-05-22 16:00:00,528.4
2020-05-25 08:00:00,532.9000000000001
2020-05-25 09:00:00,536.2
2020-05-25 11:00:00,538.6
2020-05-25 12:00:00,538.8000000000001
2020-05-25 13:00:00,538.6
2020-05-25 14:00:00,541.3000000000001
2020-05-25 15:00:00,541.7
2020-05-25 16:00:00,541.7
2020-05-26 08:00:00,547.2
2020-05-26 09:00:00,547.9
2020-05-26 10:00:00,547.2
2020-05-26 11:00:00,546.9
2020-05-26 13:00:00,545.7
2020-05-26 14:00:00,547.0
2020-05-26 16:00:00,540.9
2020-05-27 08:00:00,539.7
2020-05-27 09:00:00,541.3000000000001
2020-05-27 10:00:00,541.7
2020-05-27 11:00:00,541.8000000000001
2020-05-27 12:00:00,542.4
2020-05-27 13:00:00,540.8000000000001
2020-05-27 14:00:00,535.1
2020-05-27 15:00:00,533.6
2020-05-27 16:00:00,536.7
2020-05-28 08:00:00,540.1
2020-05-28 09:00:00,542.2
2020-05-28 10:00:00,542.3000000000001
2020-05-28 11:00:00,542.1
2020-05-28 12:00:00,542.1
2020-05-28 13:00:00,542.4
2020-05-28 14:00:00,541.1
2020-05-28 15:00:00,543.8000000000001
2020-05-28 16:00:00,544.1
2020-05-29 08:00:00,539.7
2020-05-29 09:00:00,541.6
2020-05-29 10:00:00,543.6
2020-05-29 11:00:00,545.5
2020-05-29 12:00:00,546.1
2020-05-29 13:00:00,546.9
2020-05-29 14:00:00,546.9
2020-05-29 15:00:00,543.4
2020-05-29 16:00:00,544.8000000000001
2020-06-01 08:00:00,553.1
2020-06-01 09:00:00,545.5
2020-06-01 10:00:00,548.3000000000001
2020-06-01 15:00:00,550.9
2020-06-01 16:00:00,552.4
2020-06-02 08:00:00,552.1
2020-06-02 09:00:00,552.8000000000001
2020-06-02 10:00:00,555.1
2020-06-02 11:00:00,557.5
2020-06-02 12:00:00,557.2
2020-06-02 13:00:00,557.2
2020-06-02 14:00:00,554.4
2020-06-02 16:00:00,556.0
2020-06-03 08:00:00,561.8000000000001
2020-06-03 09:00:00,560.4
2020-06-03 10:00:00,561.5
2020-06-03 11:00:00,560.3000000000001
2020-06-03 12:00:00,560.1
2020-06-03 13:00:00,561.8000000000001
2020-06-03 14:00:00,564.1
2020-06-03 15:00:00,569.0
2020-06-03 16:00:00,569.8000000000001
2020-06-04 08:00:00,568.9
2020-06-04 09:00:00,568.7
2020-06-04 11:00:00,567.5
2020-06-04 14:00:00,567.4
2020-06-04 15:00:00,568.0
2020-06-04 16:00:00,567.6
2020-06-05 08:00:00,571.2
2020-06-05 09:00:00,574.0
2020-06-05 10:00:00,572.2
2020-06-05 11:00:00,569.5
2020-06-05 12:00:00,570.9
2020-06-05 13:00:00,573.4
2020-06-05 14:00:00,574.5
2020-06-05 15:00:00,577.9
2020-06-05 16:00:00,579.3000000000001
2020-06-08 07:00:00,575.3000000000001
2020-06-08 08:00:00,569.0
2020-06-08 09:00:00,572.3000000000001
2020-06-08 10:00:00,570.1
2020-06-08 11:00:00,571.3000000000001
2020-06-08 12:00:00,572.9
2020-06-08 13:00:00,572.6
2020-06-08 14:00:00,568.1
2020-06-08 15:00:00,567.8000000000001
2020-06-08 16:00:00,570.0
2020-06-09 08:00:00,572.6
2020-06-09 09:00:00,568.5
2020-06-09 10:00:00,568.4
2020-06-09 12:00:00,568.2
2020-06-09 13:00:00,570.4
2020-06-09 14:00:00,570.8000000000001
2020-06-09 15:00:00,572.1
2020-06-09 16:00:00,571.3000000000001
2020-06-10 08:00:00,575.4
2020-06-10 09:00:00,573.8000000000001
2020-06-10 10:00:00,570.2
2020-06-10 12:00:00,567.9
2020-06-10 13:00:00,572.4
2020-06-10 15:00:00,570.2
2020-06-10 16:00:00,571.4
2020-06-10 19:00:00,568.9
2020-06-11 07:00:00,560.9
2020-06-11 08:00:00,558.1
2020-06-11 09:00:00,556.2
2020-06-11 10:00:00,560.5
2020-06-15 08:00:00,536.3000000000001
2020-06-15 09:00:00,542.9000000000001
2020-06-15 10:00:00,545.9000000000001
2020-06-15 11:00:00,544.7
2020-06-15 12:00:00,546.2
2020-06-15 13:00:00,546.5
2020-06-15 14:00:00,545.2
2020-06-15 15:00:00,548.8000000000001
2020-06-15 16:00:00,549.2
2020-06-16 08:00:00,561.8000000000001
2020-06-17 08:00:00,565.6
2020-06-17 09:00:00,567.3000000000001
2020-06-17 10:00:00,566.8000000000001
2020-06-17 11:00:00,570.1
2020-06-17 15:00:00,574.1
2020-06-17 16:00:00,574.3000000000001
2020-06-18 08:00:00,575.4000000000001
2020-06-18 13:00:00,570.7
2020-06-18 14:00:00,572.9000000000001
2020-06-18 15:00:00,572.8000000000001
2020-06-18 16:00:00,572.9000000000001
2020-06-19 08:00:00,577.9000000000001
2020-06-19 09:00:00,579.9000000000001
2020-06-19 10:00:00,579.2
2020-06-19 11:00:00,580.7
2020-06-19 12:00:00,581.9000000000001
2020-06-19 16:00:00,583.2
2020-06-19 17:00:00,578.5
2020-06-22 08:00:00,576.4000000000001
2020-06-22 09:00:00,578.5
2020-06-22 10:00:00,580.9000000000001
2020-06-22 11:00:00,577.5
2020-06-22 13:00:00,577.9000000000001
2020-06-22 15:00:00,575.7
2020-06-22 16:00:00,575.3000000000001
2020-06-23 08:00:00,586.7
2020-06-23 09:00:00,588.3000000000001
2020-06-23 10:00:00,586.4000000000001
2020-06-23 11:00:00,588.9000000000001
2020-06-23 12:00:00,587.7
2020-06-23 13:00:00,586.3000000000001
2020-06-23 14:00:00,583.7
2020-06-23 16:00:00,584.4000000000001
2020-06-24 08:00:00,581.5
2020-06-24 09:00:00,576.6
2020-06-24 10:00:00,574.9000000000001
2020-06-24 11:00:00,575.8000000000001
2020-06-24 12:00:00,577.0
2020-06-24 14:00:00,578.1
2020-06-24 15:00:00,573.8000000000001
2020-06-24 16:00:00,570.9000000000001
2020-06-24 17:00:00,569.5
2020-06-25 08:00:00,562.7
2020-06-25 09:00:00,567.1
2020-06-25 10:00:00,568.8000000000001
2020-06-25 12:00:00,570.8000000000001
2020-06-25 13:00:00,571.7
2020-06-25 15:00:00,572.5
2020-06-25 16:00:00,572.3000000000001
2020-06-25 17:00:00,576.0
2020-06-26 08:00:00,579.3000000000001
2020-06-26 09:00:00,578.9000000000001
2020-06-26 10:00:00,581.5
2020-06-26 11:00:00,582.6
2020-06-26 13:00:00,582.9000000000001
2020-06-26 14:00:00,581.7
2020-06-26 15:00:00,575.3000000000001
2020-06-26 16:00:00,576.0
2020-06-29 08:00:00,578.4000000000001
2020-06-29 09:00:00,575.7
2020-06-29 10:00:00,578.1
2020-06-29 11:00:00,575.9000000000001
2020-06-29 12:00:00,576.3000000000001
2020-06-29 13:00:00,573.8000000000001
2020-06-29 14:00:00,572.7
2020-06-29 15:00:00,576.6
2020-06-29 16:00:00,574.7
2020-06-30 08:00:00,579.5
2020-06-30 09:00:00,577.0
2020-06-30 11:00:00,578.2
2020-06-30 12:00:00,578.0
2020-06-30 14:00:00,577.9000000000001
2020-06-30 15:00:00,581.5
2020-06-30 16:00:00,580.7
2020-06-30 20:00:00,583.5
2020-07-01 10:00:00,583.3000000000001
2020-07-01 12:00:00,576.3000000000001
2020-07-01 13:00:00,578.3000000000001
2020-07-01 14:00:00,581.4000000000001
2020-07-01 15:00:00,584.1
2020-07-02 08:00:00,587.5
2020-07-02 09:00:00,587.7
2020-07-02 10:00:00,586.7
2020-07-02 11:00:00,586.6
2020-07-02 12:00:00,585.7
2020-07-02 13:00:00,589.5
2020-07-02 14:00:00,590.0
2020-07-02 15:00:00,591.1
2020-07-02 16:00:00,590.6
2020-07-03 09:00:00,597.4000000000001
2020-07-03 10:00:00,596.2
2020-07-03 12:00:00,594.7
2020-07-03 13:00:00,594.7
2020-07-03 14:00:00,593.0
2020-07-03 15:00:00,593.6
2020-07-03 16:00:00,592.1
2020-07-06 08:00:00,601.2
2020-07-06 09:00:00,598.2
2020-07-06 10:00:00,599.0
2020-07-06 11:00:00,600.4000000000001
2020-07-06 12:00:00,600.2
2020-07-06 15:00:00,605.5
2020-07-06 16:00:00,606.6
2020-07-06 19:00:00,605.1
2020-07-07 08:00:00,600.6
2020-07-07 09:00:00,596.8000000000001
2020-07-07 10:00:00,596.6
2020-07-07 11:00:00,598.6
2020-07-07 12:00:00,599.1
2020-07-07 13:00:00,597.9000000000001
2020-07-07 14:00:00,598.5
2020-07-08 08:00:00,600.0
2020-07-08 09:00:00,602.1
2020-07-08 10:00:00,598.8000000000001
2020-07-08 11:00:00,600.2
2020-07-08 12:00:00,599.9000000000001
2020-07-08 15:00:00,600.7
2020-07-08 16:00:00,598.8000000000001
2020-07-08 20:00:00,601.0
2020-07-09 08:00:00,609.3000000000001
2020-07-09 09:00:00,611.2
2020-07-09 10:00:00,611.3000000000001
2020-07-09 14:00:00,611.7
2020-07-09 15:00:00,606.9000000000001
2020-07-09 16:00:00,603.5
2020-07-10 08:00:00,605.9000000000001
2020-07-10 09:00:00,609.0
2020-07-10 10:00:00,607.4000000000001
2020-07-10 11:00:00,608.1
2020-07-10 14:00:00,609.8000000000001
2020-07-10 15:00:00,608.1
2020-07-10 16:00:00,607.9000000000001
2020-07-13 08:00:00,614.1
2020-07-13 09:00:00,612.5
2020-07-13 10:00:00,615.3000000000001
2020-07-13 11:00:00,615.2
2020-07-13 12:00:00,615.3000000000001
2020-07-13 13:00:00,613.6
2020-07-13 14:00:00,614.2
2020-07-13 15:00:00,615.9000000000001
2020-07-13 16:00:00,618.4000000000001
2020-07-13 19:00:00,612.7
2020-07-14 08:00:00,600.3000000000001
2020-07-14 09:00:00,598.0
2020-07-14 10:00:00,596.4000000000001
2020-07-14 11:00:00,598.1
2020-07-14 12:00:00,602.0
2020-07-14 13:00:00,601.7
2020-07-14 14:00:00,599.6
2020-07-14 15:00:00,600.7
2020-07-14 16:00:00,601.5
2020-07-15 08:00:00,606.5
2020-07-15 09:00:00,607.7
2020-07-15 10:00:00,608.5
2020-07-15 11:00:00,607.8000000000001
2020-07-15 12:00:00,610.2
2020-07-15 13:00:00,609.7
2020-07-15 14:00:00,606.7
2020-07-15 15:00:00,607.3000000000001
2020-07-15 16:00:00,604.7
2020-07-16 08:00:00,602.0
2020-07-16 09:00:00,599.1
2020-07-16 10:00:00,598.8000000000001
2020-07-16 11:00:00,599.6
2020-07-16 12:00:00,599.7
2020-07-16 13:00:00,598.0
2020-07-16 14:00:00,600.3000000000001
2020-07-16 15:00:00,600.5
2020-07-16 16:00:00,599.5
2020-07-16 18:00:00,603.9000000000001
2020-07-17 08:00:00,605.2
2020-07-17 09:00:00,605.6
2020-07-17 10:00:00,606.6
2020-07-17 11:00:00,607.0
2020-07-17 12:00:00,607.4000000000001
2020-07-17 13:00:00,606.0
2020-07-17 14:00:00,606.1
2020-07-17 15:00:00,605.1
2020-07-20 08:00:00,605.2
2020-07-20 09:00:00,608.3000000000001
2020-07-20 10:00:00,609.0
2020-07-20 11:00:00,608.4000000000001
2020-07-20 14:00:00,612.9000000000001
2020-07-20 15:00:00,617.5
2020-07-20 16:00:00,618.4000000000001
2020-07-21 08:00:00,629.3000000000001
2020-07-21 09:00:00,630.1
2020-07-21 10:00:00,628.8000000000001
2020-07-21 11:00:00,629.1
2020-07-21 14:00:00,625.5
2020-07-21 15:00:00,621.9000000000001
2020-07-21 16:00:00,621.0
2020-07-22 08:00:00,617.0
2020-07-22 09:00:00,617.8000000000001
2020-07-22 10:00:00,618.9000000000001
2020-07-22 11:00:00,618.4000000000001
2020-07-22 12:00:00,620.6
2020-07-22 13:00:00,620.0
2020-07-22 14:00:00,618.8000000000001
2020-07-22 15:00:00,618.7
2020-07-22 16:00:00,619.1
2020-07-23 08:00:00,622.4000000000001
2020-07-23 09:00:00,622.9000000000001
2020-07-23 10:00:00,620.4000000000001
2020-07-23 11:00:00,621.2
2020-07-23 13:00:00,616.9000000000001
2020-07-23 14:00:00,618.6
2020-07-23 16:00:00,619.5
2020-07-23 18:00:00,613.8000000000001
2020-07-24 08:00:00,594.3000000000001
2020-07-24 09:00:00,594.3000000000001
2020-07-24 10:00:00,599.3000000000001
2020-07-24 11:00:00,598.5
2020-07-24 12:00:00,598.8000000000001
2020-07-24 13:00:00,596.6
2020-07-24 14:00:00,592.5
2020-07-24 15:00:00,596.8000000000001
2020-07-24 16:00:00,596.2
2020-07-24 20:00:00,590.1
2020-07-27 08:00:00,597.2
2020-07-27 09:00:00,598.2
2020-07-27 10:00:00,599.3000000000001
2020-07-27 11:00:00,599.7
2020-07-27 12:00:00,598.8000000000001
2020-07-27 13:00:00,598.6
2020-07-27 14:00:00,600.1
2020-07-27 15:00:00,602.1
2020-07-27 16:00:00,601.0
2020-07-28 10:00:00,602.7
2020-07-28 11:00:00,600.2
2020-07-28 12:00:00,596.2
2020-07-28 14:00:00,598.4000000000001
2020-07-28 15:00:00,598.5
2020-07-28 16:00:00,599.6
2020-07-29 08:00:00,595.2
2020-07-29 09:00:00,597.8000000000001
2020-07-29 10:00:00,597.0
2020-07-29 14:00:00,592.9000000000001
2020-07-29 15:00:00,595.3000000000001
2020-07-29 16:00:00,594.4000000000001
2020-07-30 08:00:00,589.7
2020-07-30 10:00:00,585.5
2020-07-30 11:00:00,582.6
2020-07-30 12:00:00,583.7
2020-07-30 13:00:00,582.5
2020-07-30 14:00:00,578.3000000000001
2020-07-30 15:00:00,576.2
2020-07-30 16:00:00,577.7
2020-07-31 08:00:00,592.1
2020-07-31 09:00:00,593.6
2020-07-31 10:00:00,592.2
2020-07-31 13:00:00,590.2
2020-07-31 14:00:00,588.4000000000001
2020-07-31 15:00:00,583.8000000000001
2020-07-31 16:00:00,583.5
2020-08-03 08:00:00,585.5
2020-08-03 09:00:00,588.0
2020-08-03 10:00:00,588.3000000000001
2020-08-03 11:00:00,594.5
2020-08-03 12:00:00,594.2
2020-08-03 13:00:00,596.4000000000001
2020-08-03 14:00:00,598.1
2020-08-03 15:00:00,598.5
2020-08-03 16:00:00,599.6
2020-08-04 08:00:00,593.9000000000001
2020-08-04 09:00:00,594.9000000000001
2020-08-04 10:00:00,593.4000000000001
2020-08-04 11:00:00,593.6
2020-08-04 13:00:00,595.6
2020-08-04 14:00:00,597.8000000000001
2020-08-04 15:00:00,597.8000000000001
2020-08-04 16:00:00,597.2
2020-08-05 09:00:00,601.5
2020-08-05 10:00:00,601.9000000000001
2020-08-05 11:00:00,600.8000000000001
2020-08-05 12:00:00,599.3000000000001
2020-08-05 13:00:00,598.1
2020-08-05 15:00:00,598.5
2020-08-05 16:00:00,597.7
2020-08-06 08:00:00,600.8000000000001
2020-08-06 09:00:00,596.5
2020-08-06 10:00:00,595.7
2020-08-06 12:00:00,595.2
2020-08-06 13:00:00,597.5
2020-08-06 14:00:00,596.4000000000001
2020-08-07 08:00:00,591.8000000000001
2020-08-07 09:00:00,594.5
2020-08-07 13:00:00,598.5
2020-08-07 14:00:00,598.6
2020-08-07 15:00:00,600.0
2020-08-07 16:00:00,598.7
2020-08-10 08:00:00,594.6
2020-08-10 09:00:00,591.2
2020-08-10 10:00:00,592.4000000000001
2020-08-10 11:00:00,594.7
2020-08-10 12:00:00,594.0
2020-08-10 13:00:00,593.3000000000001
2020-08-10 14:00:00,592.0
2020-08-10 15:00:00,588.8000000000001
2020-08-10 16:00:00,590.1
2020-08-11 08:00:00,597.2
2020-08-11 09:00:00,600.5
2020-08-11 10:00:00,602.2
2020-08-11 11:00:00,601.5
2020-08-11 12:00:00,600.7
2020-08-11 13:00:00,601.5
2020-08-11 14:00:00,598.5
2020-08-11 15:00:00,599.5
2020-08-11 16:00:00,600.7
2020-08-12 08:00:00,599.3000000000001
2020-08-12 09:00:00,599.4000000000001
2020-08-12 10:00:00,598.7
2020-08-12 11:00:00,599.3000000000001
2020-08-12 15:00:00,606.9000000000001
2020-08-12 16:00:00,607.4000000000001
2020-08-13 08:00:00,606.3000000000001
2020-08-13 09:00:00,606.4000000000001
2020-08-13 11:00:00,606.3000000000001
2020-08-13 14:00:00,604.3000000000001
2020-08-13 15:00:00,604.0
2020-08-13 16:00:00,607.1
2020-08-14 08:00:00,600.3000000000001
2020-08-14 09:00:00,596.5
2020-08-14 10:00:00,596.0
2020-08-14 15:00:00,596.7
2020-08-14 16:00:00,596.5
2020-08-17 08:00:00,597.2
2020-08-17 09:00:00,600.7
2020-08-17 12:00:00,600.6
2020-08-17 13:00:00,600.9000000000001
2020-08-17 14:00:00,601.3000000000001
2020-08-17 15:00:00,601.6
2020-08-17 16:00:00,602.5
2020-08-18 08:00:00,599.7
2020-08-18 09:00:00,601.5
2020-08-18 10:00:00,603.6
2020-08-18 11:00:00,604.6
2020-08-18 12:00:00,604.6
2020-08-18 13:00:00,603.1
2020-08-18 14:00:00,599.8000000000001
2020-08-18 15:00:00,597.4000000000001
2020-08-18 16:00:00,597.5
2020-08-19 08:00:00,599.2
2020-08-19 09:00:00,600.3000000000001
2020-08-19 10:00:00,601.5
2020-08-19 11:00:00,600.3000000000001
2020-08-19 13:00:00,599.3000000000001
2020-08-19 14:00:00,599.8000000000001
2020-08-19 16:00:00,599.5
2020-08-20 08:00:00,593.2
2020-08-20 10:00:00,592.7
2020-08-20 12:00:00,593.4000000000001
2020-08-20 13:00:00,593.6
2020-08-20 14:00:00,594.2
2020-08-20 15:00:00,594.0
2020-08-20 16:00:00,593.8000000000001
2020-08-21 08:00:00,598.8000000000001
2020-08-21 09:00:00,598.7
2020-08-21 11:00:00,599.0
2020-08-21 12:00:00,592.5
2020-08-21 13:00:00,590.4000000000001
2020-08-21 14:00:00,593.2
2020-08-21 15:00:00,597.1
2020-08-21 16:00:00,595.8000000000001
2020-08-24 07:00:00,600.5
2020-08-24 08:00:00,605.3000000000001
2020-08-24 09:00:00,608.7
2020-08-24 10:00:00,608.3000000000001
2020-08-24 11:00:00,608.4000000000001
2020-08-24 12:00:00,609.7
2020-08-24 13:00:00,610.2
2020-08-24 14:00:00,607.4000000000001
2020-08-24 15:00:00,604.9000000000001
2020-08-24 16:00:00,606.9000000000001
2020-08-25 08:00:00,611.2
2020-08-25 09:00:00,610.4000000000001
2020-08-25 10:00:00,611.1
2020-08-25 11:00:00,612.1
2020-08-25 12:00:00,612.2
2020-08-25 13:00:00,614.1
2020-08-25 14:00:00,612.3000000000001
2020-08-25 15:00:00,610.5
2020-08-25 16:00:00,611.0
2020-08-26 08:00:00,615.5
2020-08-26 09:00:00,617.4000000000001
2020-08-26 10:00:00,617.2
2020-08-26 11:00:00,617.1
2020-08-26 12:00:00,618.2
2020-08-26 13:00:00,618.1
2020-08-26 14:00:00,618.5
2020-08-26 15:00:00,620.5
2020-08-26 16:00:00,622.6
2020-08-26 17:00:00,625.7
2020-08-26 19:00:00,624.7
2020-08-27 07:00:00,625.7
2020-08-27 08:00:00,626.6
2020-08-27 09:00:00,624.7
2020-08-27 10:00:00,623.2
2020-08-27 11:00:00,623.4000000000001
2020-08-27 12:00:00,624.1
2020-08-27 13:00:00,623.8000000000001
2020-08-27 14:00:00,621.2
2020-08-27 15:00:00,619.9000000000001
2020-08-27 16:00:00,618.7
2020-08-28 08:00:00,611.8000000000001
2020-08-28 09:00:00,613.0
2020-08-28 10:00:00,613.6
2020-08-28 11:00:00,611.8000000000001
2020-08-28 12:00:00,613.3000000000001
2020-08-28 13:00:00,613.9000000000001
2020-08-28 14:00:00,614.9000000000001
2020-08-28 15:00:00,612.8000000000001
2020-08-28 16:00:00,613.7
2020-08-28 20:00:00,613.7
2020-08-31 09:00:00,617.5
2020-08-31 10:00:00,616.0
2020-08-31 11:00:00,612.7
2020-08-31 12:00:00,612.3000000000001
2020-08-31 13:00:00,610.5
2020-08-31 14:00:00,608.1
2020-08-31 15:00:00,611.6
2020-08-31 16:00:00,606.9000000000001
2020-09-01 08:00:00,618.1
2020-09-01 09:00:00,615.5
2020-09-01 10:00:00,616.6
2020-09-01 11:00:00,618.7
2020-09-01 12:00:00,618.1
2020-09-01 13:00:00,614.4000000000001
2020-09-01 14:00:00,612.2
2020-09-01 15:00:00,616.3000000000001
2020-09-01 16:00:00,615.1
2020-09-01 17:00:00,617.3000000000001
2020-09-02 08:00:00,626.3000000000001
2020-09-02 09:00:00,629.8000000000001
2020-09-02 10:00:00,631.2
2020-09-02 11:00:00,631.1
2020-09-02 12:00:00,631.0
2020-09-02 13:00:00,629.5
2020-09-02 14:00:00,626.1
2020-09-02 15:00:00,628.4000000000001
2020-09-02 16:00:00,626.7
2020-09-02 20:00:00,632.6
2020-09-03 08:00:00,632.1
2020-09-03 09:00:00,630.4000000000001
2020-09-03 10:00:00,626.9000000000001
2020-09-03 11:00:00,627.6
2020-09-03 12:00:00,627.8000000000001
2020-09-03 13:00:00,626.0
2020-09-03 14:00:00,618.3000000000001
2020-09-03 15:00:00,609.7
2020-09-03 16:00:00,607.2
2020-09-03 17:00:00,603.9000000000001
2020-09-04 08:00:00,605.3000000000001
2020-09-04 09:00:00,605.1
2020-09-04 10:00:00,605.9000000000001
2020-09-04 11:00:00,602.7
2020-09-04 12:00:00,596.4000000000001
2020-09-04 13:00:00,601.8000000000001
2020-09-04 14:00:00,594.9000000000001
2020-09-04 15:00:00,590.1
2020-09-04 16:00:00,591.7
2020-09-04 19:00:00,588.8000000000001
2020-09-07 08:00:00,593.8000000000001
2020-09-07 09:00:00,595.4000000000001
2020-09-07 10:00:00,594.6
2020-09-07 11:00:00,595.2
2020-09-07 12:00:00,595.9000000000001
2020-09-07 14:00:00,596.3000000000001
2020-09-07 15:00:00,596.0
2020-09-07 16:00:00,595.3000000000001
2020-09-08 08:00:00,588.0
2020-09-08 09:00:00,585.2
2020-09-08 10:00:00,583.2
2020-09-08 11:00:00,582.4000000000001
2020-09-08 12:00:00,579.8000000000001
2020-09-08 13:00:00,577.1
2020-09-08 14:00:00,581.6
2020-09-08 15:00:00,584.8000000000001
2020-09-08 16:00:00,583.4000000000001
2020-09-08 19:00:00,582.7
2020-09-09 08:00:00,588.9000000000001
2020-09-09 09:00:00,588.7
2020-09-09 10:00:00,589.4000000000001
2020-09-09 11:00:00,587.9000000000001
2020-09-09 12:00:00,588.6
2020-09-09 13:00:00,590.3000000000001
2020-09-09 14:00:00,592.7
2020-09-09 15:00:00,597.4000000000001
2020-09-09 16:00:00,597.6
2020-09-10 08:00:00,594.9000000000001
2020-09-10 09:00:00,595.6
2020-09-10 10:00:00,597.1
2020-09-10 11:00:00,593.8000000000001
2020-09-10 12:00:00,592.9000000000001
2020-09-10 13:00:00,595.3000000000001
2020-09-10 14:00:00,595.4000000000001
2020-09-10 15:00:00,592.2
2020-09-10 16:00:00,594.9000000000001
2020-09-11 08:00:00,594.8000000000001
2020-09-11 09:00:00,597.0
2020-09-14 12:00:00,600.6
2020-09-14 13:00:00,600.8
2020-09-15 08:00:00,600.0
2020-09-15 12:00:00,604.1
2020-09-16 08:00:00,607.5
2020-09-16 09:00:00,608.3
2020-09-16 10:00:00,610.6
2020-09-16 11:00:00,609.8
2020-09-16 12:00:00,608.8
2020-09-16 13:00:00,609.0
2020-09-16 14:00:00,606.7
2020-09-16 15:00:00,604.9
2020-09-16 16:00:00,605.8
2020-09-17 09:00:00,600.3
2020-09-17 10:00:00,600.5
2020-09-17 11:00:00,601.0
2020-09-17 12:00:00,598.4
2020-09-17 14:00:00,597.0
2020-09-17 15:00:00,600.2
2020-09-17 16:00:00,601.4
2020-09-17 17:00:00,596.1
2020-09-18 08:00:00,605.8
2020-09-18 09:00:00,607.5
2020-09-18 10:00:00,607.1
2020-09-18 11:00:00,608.2
2020-09-18 12:00:00,607.5
2020-09-18 13:00:00,608.5
2020-09-18 14:00:00,605.2
2020-09-18 15:00:00,601.5
2020-09-18 16:00:00,602.9
2020-09-21 08:00:00,594.3
2020-09-21 09:00:00,587.0
2020-09-21 10:00:00,588.9
2020-09-21 11:00:00,585.3
2020-09-21 12:00:00,585.1
2020-09-21 13:00:00,584.8
2020-09-21 14:00:00,585.4
2020-09-21 15:00:00,583.4
2020-09-21 16:00:00,585.0
2020-09-21 18:00:00,586.7
2020-09-21 19:00:00,590.1
2020-09-22 08:00:00,591.5
2020-09-22 09:00:00,592.4
2020-09-22 10:00:00,592.6
2020-09-22 11:00:00,591.5
2020-09-22 12:00:00,587.2
2020-09-22 13:00:00,588.8
2020-09-22 14:00:00,587.3
2020-09-22 15:00:00,590.4
2020-09-22 16:00:00,588.4
2020-09-22 18:00:00,588.8
2020-09-22 19:00:00,593.2
2020-09-23 08:00:00,595.5
2020-09-23 09:00:00,595.8
2020-09-23 10:00:00,596.8
2020-09-23 11:00:00,595.2
2020-09-23 12:00:00,594.6
2020-09-23 13:00:00,594.1
2020-09-23 14:00:00,593.1
2020-09-23 15:00:00,594.1
2020-09-23 16:00:00,591.6
2020-09-23 19:00:00,590.0
2020-09-24 08:00:00,582.7
2020-09-24 09:00:00,582.5
2020-09-24 10:00:00,584.1
2020-09-24 11:00:00,585.8
2020-09-24 12:00:00,584.8
2020-09-24 13:00:00,584.1
2020-09-24 14:00:00,587.7
2020-09-24 15:00:00,585.2
2020-09-24 16:00:00,587.9
2020-09-24 19:00:00,590.5
2020-09-25 08:00:00,584.6
2020-09-25 09:00:00,583.4
2020-09-25 10:00:00,580.4
2020-09-25 11:00:00,573.6
2020-09-25 12:00:00,577.8
2020-09-25 13:00:00,580.3
2020-09-25 14:00:00,579.6
2020-09-25 15:00:00,582.2
2020-09-25 16:00:00,582.7
2020-09-25 19:00:00,585.6
2020-09-28 08:00:00,592.4
2020-09-28 09:00:00,592.5
2020-09-28 10:00:00,594.4
2020-09-28 11:00:00,594.4
2020-09-28 12:00:00,596.4
2020-09-28 13:00:00,597.1
2020-09-28 14:00:00,596.9
2020-09-28 15:00:00,597.8
2020-09-28 16:00:00,599.5
2020-09-29 08:00:00,597.1
2020-09-29 09:00:00,598.3
2020-09-29 10:00:00,597.4
2020-09-29 12:00:00,597.8
2020-09-29 13:00:00,599.5
2020-09-29 14:00:00,600.2
2020-09-29 15:00:00,599.6
2020-09-29 16:00:00,599.3
2020-09-29 19:00:00,599.6
2020-09-30 08:00:00,594.7
2020-09-30 09:00:00,594.7
2020-09-30 10:00:00,593.2
2020-09-30 11:00:00,593.5
2020-09-30 12:00:00,594.8
2020-09-30 13:00:00,596.9
2020-09-30 14:00:00,600.0
2020-09-30 15:00:00,598.8
2020-09-30 16:00:00,596.3
2020-09-30 17:00:00,597.7
2020-09-30 20:00:00,596.8
2020-10-01 08:00:00,604.2
2020-10-01 09:00:00,600.7
2020-10-01 10:00:00,606.2
2020-10-01 11:00:00,604.6
2020-10-01 12:00:00,604.2
2020-10-01 13:00:00,603.5
2020-10-01 14:00:00,602.7
2020-10-01 15:00:00,604.7
2020-10-01 16:00:00,605.4
2020-10-01 19:00:00,605.2
2020-10-01 20:00:00,606.0
2020-10-02 08:00:00,602.2
2020-10-02 09:00:00,602.1
2020-10-02 10:00:00,599.3
2020-10-02 11:00:00,599.5
2020-10-02 12:00:00,598.9
2020-10-02 13:00:00,598.1
2020-10-02 14:00:00,600.2
2020-10-02 15:00:00,600.1
2020-10-02 16:00:00,599.1
2020-10-05 08:00:00,601.1
2020-10-05 09:00:00,603.0
2020-10-05 11:00:00,602.1
2020-10-05 14:00:00,603.9
2020-10-05 15:00:00,605.4
2020-10-05 16:00:00,603.4
2020-10-05 19:00:00,605.5
2020-10-06 08:00:00,600.9
2020-10-06 09:00:00,599.4
2020-10-06 12:00:00,602.1
2020-10-06 13:00:00,600.9
2020-10-06 14:00:00,601.1
2020-10-06 15:00:00,602.1
2020-10-06 16:00:00,600.9
2020-10-06 17:00:00,599.4
2020-10-06 19:00:00,598.6
2020-10-07 08:00:00,601.6
2020-10-07 09:00:00,599.7
2020-10-07 10:00:00,597.9
2020-10-07 11:00:00,598.1
2020-10-07 12:00:00,597.1
2020-10-07 13:00:00,598.4
2020-10-07 14:00:00,598.4
2020-10-07 15:00:00,596.7
2020-10-07 16:00:00,596.8
2020-10-08 08:00:00,603.9
2020-10-08 09:00:00,601.5
2020-10-08 10:00:00,601.2
2020-10-08 11:00:00,602.9
2020-10-08 12:00:00,603.4
2020-10-08 15:00:00,606.9
2020-10-08 16:00:00,607.3
2020-10-08 20:00:00,605.9
2020-10-09 08:00:00,608.2
2020-10-09 09:00:00,608.4
2020-10-09 10:00:00,608.7
2020-10-09 12:00:00,612.5
2020-10-09 14:00:00,614.9
2020-10-09 15:00:00,614.8
2020-10-09 16:00:00,613.1
2020-10-09 17:00:00,616.4
2020-10-12 08:00:00,617.0
2020-10-12 09:00:00,619.9
2020-10-12 10:00:00,619.1
2020-10-12 11:00:00,620.7
2020-10-12 12:00:00,621.7
2020-10-12 14:00:00,621.6
2020-10-12 15:00:00,622.4
2020-10-12 16:00:00,623.7
2020-10-13 08:00:00,622.5
2020-10-13 09:00:00,623.5
2020-10-13 10:00:00,624.0
2020-10-13 11:00:00,624.9
2020-10-13 12:00:00,625.2
2020-10-13 13:00:00,621.2
2020-10-13 14:00:00,620.4
2020-10-13 15:00:00,621.8
2020-10-13 16:00:00,622.4
2020-10-14 08:00:00,625.4
2020-10-14 09:00:00,626.4
2020-10-14 10:00:00,625.6
2020-10-14 11:00:00,625.2
2020-10-14 12:00:00,625.1
2020-10-14 13:00:00,626.0
2020-10-14 14:00:00,626.5
2020-10-14 15:00:00,624.2
2020-10-14 16:00:00,624.1
2020-10-15 07:00:00,618.0
2020-10-15 08:00:00,611.4
2020-10-15 09:00:00,608.0
2020-10-15 10:00:00,608.8
2020-10-15 11:00:00,610.6
2020-10-15 12:00:00,611.4
2020-10-15 13:00:00,608.4
2020-10-15 14:00:00,609.6
2020-10-15 15:00:00,610.2
2020-10-15 16:00:00,609.7
2020-10-15 17:00:00,609.9
2020-10-16 08:00:00,614.6
2020-10-16 09:00:00,614.4
2020-10-16 10:00:00,615.4
2020-10-16 11:00:00,616.3
2020-10-16 12:00:00,616.4
2020-10-16 13:00:00,618.4
2020-10-16 14:00:00,619.3
2020-10-16 15:00:00,618.7
2020-10-16 16:00:00,616.5
2020-10-19 08:00:00,621.3
2020-10-19 09:00:00,618.6
2020-10-19 11:00:00,618.2
2020-10-19 13:00:00,617.5
2020-10-19 14:00:00,617.9
2020-10-19 15:00:00,616.0
2020-10-19 16:00:00,616.4
2020-10-19 18:00:00,613.7
2020-10-19 20:00:00,610.8
2020-10-20 08:00:00,615.1
2020-10-20 09:00:00,614.4
2020-10-20 10:00:00,613.3
2020-10-20 11:00:00,612.8
2020-10-20 12:00:00,611.3
2020-10-20 13:00:00,609.5
2020-10-20 14:00:00,611.7
2020-10-20 15:00:00,609.1
2020-10-20 16:00:00,607.9
2020-10-20 18:00:00,608.3
2020-10-20 20:00:00,607.4
2020-10-21 08:00:00,604.0
2020-10-21 09:00:00,599.7
2020-10-21 10:00:00,602.6
2020-10-21 11:00:00,603.1
2020-10-21 12:00:00,602.1
2020-10-21 13:00:00,602.3
2020-10-21 14:00:00,605.2
2020-10-21 15:00:00,602.1
2020-10-21 16:00:00,598.9
2020-10-22 08:00:00,591.1
2020-10-22 09:00:00,593.2
2020-10-22 10:00:00,594.7
2020-10-22 11:00:00,596.9
2020-10-22 12:00:00,597.4
2020-10-22 13:00:00,595.1
2020-10-22 14:00:00,594.1
2020-10-22 15:00:00,591.0
2020-10-22 16:00:00,594.6
2020-10-22 17:00:00,590.4
2020-10-22 19:00:00,594.3
2020-10-23 08:00:00,593.7
2020-10-23 09:00:00,591.0
2020-10-23 10:00:00,590.7
2020-10-23 11:00:00,591.4
2020-10-23 12:00:00,593.6
2020-10-23 13:00:00,593.1
2020-10-23 14:00:00,591.2
2020-10-23 15:00:00,590.9
2020-10-23 16:00:00,590.5
2020-10-23 19:00:00,590.6
2020-10-26 09:00:00,562.8
2020-10-26 10:00:00,561.1
2020-10-26 11:00:00,558.7
2020-10-26 12:00:00,558.0
2020-10-26 13:00:00,556.2
2020-10-26 14:00:00,559.0
2020-10-26 15:00:00,552.6
2020-10-26 16:00:00,548.6
2020-10-26 17:00:00,549.3
2020-10-26 18:00:00,544.0
2020-10-26 19:00:00,546.4
2020-10-26 20:00:00,546.4
2020-10-27 09:00:00,554.8
2020-10-27 10:00:00,550.1
2020-10-27 11:00:00,555.1
2020-10-27 12:00:00,554.5
2020-10-27 13:00:00,553.5
2020-10-27 14:00:00,553.1
2020-10-27 15:00:00,549.5
2020-10-27 16:00:00,549.1
2020-10-27 17:00:00,546.7
2020-10-28 09:00:00,538.3000000000001
2020-10-28 10:00:00,536.2
2020-10-28 11:00:00,536.2
2020-10-28 12:00:00,535.2
2020-10-28 13:00:00,532.8
2020-10-28 14:00:00,532.7
2020-10-28 15:00:00,530.1
2020-10-28 16:00:00,531.3
2020-10-28 17:00:00,529.3
2020-10-29 09:00:00,536.1
2020-10-29 10:00:00,536.1
2020-10-29 11:00:00,536.6
2020-10-29 12:00:00,530.9
2020-10-29 13:00:00,532.0
2020-10-29 14:00:00,533.4
2020-10-29 15:00:00,535.0
2020-10-29 16:00:00,536.1
2020-10-29 17:00:00,535.1
2020-10-30 09:00:00,533.7
2020-10-30 10:00:00,536.3
2020-10-30 11:00:00,537.6999999999999
2020-10-30 12:00:00,538.0
2020-10-30 13:00:00,537.4
2020-10-30 14:00:00,534.8
2020-10-30 15:00:00,531.4
2020-10-30 16:00:00,532.8
2020-10-30 17:00:00,534.7
2020-10-30 21:00:00,533.7
2020-11-02 08:00:00,535.6
2020-11-02 09:00:00,538.3000000000001
2020-11-02 10:00:00,537.5
2020-11-02 11:00:00,537.9
2020-11-02 12:00:00,537.3000000000001
2020-11-02 13:00:00,536.7
2020-11-02 14:00:00,539.0
2020-11-02 15:00:00,537.0
2020-11-02 16:00:00,534.6
2020-11-02 18:00:00,534.9
2020-11-03 08:00:00,541.9
2020-11-03 09:00:00,541.9
2020-11-03 10:00:00,542.6
2020-11-03 11:00:00,543.4
2020-11-03 12:00:00,543.2
2020-11-03 13:00:00,542.5
2020-11-03 14:00:00,544.5
2020-11-03 15:00:00,546.9
2020-11-03 16:00:00,545.8
2020-11-03 20:00:00,547.6
2020-11-04 08:00:00,548.1
2020-11-04 09:00:00,551.5
2020-11-04 10:00:00,549.6
2020-11-04 11:00:00,551.7
2020-11-04 12:00:00,553.9
2020-11-04 13:00:00,555.6
2020-11-04 14:00:00,554.7
2020-11-04 15:00:00,561.2
2020-11-04 16:00:00,561.3
2020-11-04 17:00:00,563.5
2020-11-05 08:00:00,574.7
2020-11-05 09:00:00,575.4
2020-11-05 10:00:00,577.5
2020-11-05 11:00:00,577.4
2020-11-05 12:00:00,576.7
2020-11-05 13:00:00,575.7
2020-11-05 14:00:00,576.0
2020-11-05 15:00:00,577.2
2020-11-05 16:00:00,576.1
2020-11-06 08:00:00,570.7
2020-11-06 09:00:00,568.3
2020-11-06 10:00:00,572.6
2020-11-06 11:00:00,573.7
2020-11-06 12:00:00,572.0
2020-11-06 13:00:00,576.1
2020-11-06 14:00:00,575.2
2020-11-06 15:00:00,575.7
2020-11-06 16:00:00,576.7
2020-11-09 08:00:00,590.3
2020-11-09 09:00:00,588.5
2020-11-09 10:00:00,588.3
2020-11-09 11:00:00,594.8
2020-11-09 12:00:00,588.6
2020-11-09 13:00:00,590.4
2020-11-09 14:00:00,586.0
2020-11-09 15:00:00,586.2
2020-11-09 16:00:00,587.9
2020-11-09 20:00:00,588.4
2020-11-10 08:00:00,575.8
2020-11-10 09:00:00,577.2
2020-11-10 10:00:00,577.5
2020-11-10 11:00:00,579.2
2020-11-10 12:00:00,579.8
2020-11-10 13:00:00,581.4
2020-11-10 14:00:00,579.7
2020-11-10 15:00:00,574.8
2020-11-10 16:00:00,574.7
2020-11-11 08:00:00,577.8
2020-11-11 09:00:00,578.1
2020-11-11 10:00:00,577.5
2020-11-11 11:00:00,579.8
2020-11-11 12:00:00,579.8
2020-11-11 13:00:00,581.5
2020-11-11 14:00:00,582.2
2020-11-11 15:00:00,582.9
2020-11-11 16:00:00,586.5
2020-11-11 18:00:00,585.7
2020-11-12 08:00:00,585.5
2020-11-12 09:00:00,588.2
2020-11-12 10:00:00,588.1
2020-11-12 11:00:00,585.3
2020-11-12 12:00:00,585.3
2020-11-12 13:00:00,585.5
2020-11-12 14:00:00,585.9
2020-11-12 15:00:00,583.9
2020-11-12 16:00:00,584.1
2020-11-12 19:00:00,578.7
2020-11-13 08:00:00,584.5
2020-11-13 09:00:00,587.4
2020-11-13 10:00:00,588.8
2020-11-13 11:00:00,587.5
2020-11-13 12:00:00,587.3
2020-11-13 13:00:00,587.1
2020-11-13 14:00:00,586.6
2020-11-13 15:00:00,584.7
2020-11-13 16:00:00,583.9
2020-11-16 08:00:00,585.4
2020-11-16 09:00:00,586.3
2020-11-16 10:00:00,586.7
2020-11-16 11:00:00,590.3
2020-11-16 12:00:00,587.8
2020-11-16 13:00:00,587.3
2020-11-16 14:00:00,588.4
2020-11-16 15:00:00,589.0
2020-11-16 16:00:00,587.0
2020-11-16 18:00:00,583.2
2020-11-17 08:00:00,586.5
2020-11-17 09:00:00,586.3
2020-11-17 10:00:00,586.4
2020-11-17 11:00:00,584.3
2020-11-17 12:00:00,584.3
2020-11-17 14:00:00,582.9
2020-11-17 15:00:00,584.2
2020-11-17 16:00:00,582.5
2020-11-18 08:00:00,583.1
2020-11-18 09:00:00,585.5
2020-11-18 10:00:00,586.6
2020-11-18 11:00:00,587.4
2020-11-18 13:00:00,587.4
2020-11-18 14:00:00,585.6
2020-11-18 15:00:00,588.5
2020-11-18 16:00:00,588.6
2020-11-18 19:00:00,588.4
2020-11-19 08:00:00,584.2
2020-11-19 09:00:00,583.8
2020-11-19 10:00:00,583.7
2020-11-19 11:00:00,584.0
2020-11-19 12:00:00,585.6
2020-11-19 13:00:00,585.4
2020-11-19 14:00:00,587.0
2020-11-19 15:00:00,588.2
2020-11-19 16:00:00,587.0
2020-11-20 08:00:00,587.3
2020-11-20 09:00:00,587.6
2020-11-20 10:00:00,589.0
2020-11-20 11:00:00,587.7
2020-11-20 12:00:00,587.8
2020-11-20 13:00:00,587.5
2020-11-20 14:00:00,588.5
2020-11-20 15:00:00,590.5
2020-11-20 16:00:00,591.1
2020-11-23 08:00:00,595.6
2020-11-23 09:00:00,593.2
2020-11-23 10:00:00,593.0
2020-11-23 11:00:00,591.3
2020-11-23 12:00:00,592.2
2020-11-23 13:00:00,592.6
2020-11-23 14:00:00,591.7
2020-11-23 15:00:00,591.2
2020-11-23 16:00:00,589.0
2020-11-24 08:00:00,590.3
2020-11-24 09:00:00,591.1
2020-11-24 10:00:00,589.8
2020-11-24 12:00:00,591.1
2020-11-24 13:00:00,590.3
2020-11-24 14:00:00,590.1
2020-11-24 15:00:00,590.6
2020-11-24 16:00:00,589.6
2020-11-25 08:00:00,590.8
2020-11-25 09:00:00,589.4
2020-11-25 10:00:00,589.3
2020-11-25 11:00:00,590.8
2020-11-25 12:00:00,592.1
2020-11-25 13:00:00,591.4
2020-11-25 14:00:00,592.0
2020-11-25 15:00:00,592.6
2020-11-25 16:00:00,592.8
2020-11-26 08:00:00,597.6
2020-11-26 09:00:00,598.0
2020-11-26 10:00:00,597.5
2020-11-26 11:00:00,596.5
2020-11-26 13:00:00,596.7
2020-11-26 14:00:00,597.6
2020-11-26 15:00:00,598.0
2020-11-26 16:00:00,597.3
2020-11-27 08:00:00,600.4
2020-11-27 09:00:00,600.5
2020-11-27 10:00:00,599.6
2020-11-27 11:00:00,600.5
2020-11-27 12:00:00,600.5
2020-11-27 13:00:00,599.8
2020-11-27 14:00:00,602.1
2020-11-27 15:00:00,604.1
2020-11-27 16:00:00,603.7
2020-11-30 08:00:00,606.0
2020-11-30 09:00:00,608.1
2020-11-30 10:00:00,609.2
2020-11-30 11:00:00,606.2
2020-11-30 12:00:00,607.3
2020-11-30 13:00:00,608.3
2020-11-30 14:00:00,605.8
2020-11-30 15:00:00,604.3
2020-11-30 16:00:00,600.3
2020-12-01 08:00:00,606.3
2020-12-01 09:00:00,606.9
2020-12-01 10:00:00,607.9
2020-12-01 11:00:00,608.6
2020-12-01 12:00:00,609.2
2020-12-01 13:00:00,609.1
2020-12-01 14:00:00,607.3
2020-12-01 15:00:00,607.1
2020-12-01 16:00:00,607.1
2020-12-02 08:00:00,605.7
2020-12-02 09:00:00,605.5
2020-12-02 10:00:00,604.4
2020-12-02 11:00:00,605.3
2020-12-02 13:00:00,601.8
2020-12-02 14:00:00,601.8
2020-12-02 15:00:00,602.7
2020-12-02 16:00:00,602.4
2020-12-03 08:00:00,606.7
2020-12-03 09:00:00,603.8
2020-12-03 10:00:00,603.8
2020-12-03 11:00:00,604.6
2020-12-03 12:00:00,606.5
2020-12-03 13:00:00,604.5
2020-12-03 14:00:00,605.4
2020-12-03 15:00:00,605.2
2020-12-03 16:00:00,604.0
2020-12-04 08:00:00,606.4
2020-12-04 09:00:00,608.9
2020-12-04 10:00:00,607.4
2020-12-04 11:00:00,606.8
2020-12-04 12:00:00,607.0
2020-12-04 13:00:00,607.5
2020-12-04 14:00:00,607.3
2020-12-04 15:00:00,608.9
2020-12-04 16:00:00,610.3
2020-12-07 08:00:00,608.1
2020-12-07 09:00:00,608.3
2020-12-07 10:00:00,608.4
2020-12-07 11:00:00,610.3
2020-12-07 12:00:00,607.9
2020-12-07 13:00:00,608.0
2020-12-07 14:00:00,610.7
2020-12-07 15:00:00,611.8
2020-12-07 16:00:00,612.8
2020-12-08 08:00:00,612.2
2020-12-08 09:00:00,612.5
2020-12-08 10:00:00,611.8
2020-12-08 11:00:00,610.3
2020-12-08 12:00:00,610.0
2020-12-08 13:00:00,610.2
2020-12-08 14:00:00,610.6
2020-12-08 15:00:00,611.8
2020-12-08 16:00:00,611.0
2020-12-09 08:00:00,609.4
2020-12-09 09:00:00,607.4
2020-12-09 10:00:00,610.7
2020-12-09 11:00:00,610.7
2020-12-09 12:00:00,611.1
2020-12-09 13:00:00,610.8
2020-12-09 14:00:00,611.9
2020-12-09 15:00:00,610.2
2020-12-09 16:00:00,610.0
2020-12-09 17:00:00,607.6
2020-12-09 18:00:00,603.8
2020-12-09 19:00:00,604.6
2020-12-10 08:00:00,606.4
2020-12-10 09:00:00,605.5
2020-12-10 10:00:00,605.2
2020-12-10 11:00:00,604.4
2020-12-10 12:00:00,601.1
2020-12-10 13:00:00,597.3
2020-12-10 14:00:00,599.4
2020-12-10 15:00:00,601.3
2020-12-10 16:00:00,601.8
2020-12-11 08:00:00,597.5
2020-12-11 09:00:00,598.9
2020-12-11 10:00:00,598.1
2020-12-11 12:00:00,597.9
2020-12-14 10:00:00,598.0
2020-12-14 13:00:00,597.5
2020-12-14 15:00:00,599.6
2020-12-15 08:00:00,603.2
2020-12-15 09:00:00,603.3000000000001
2020-12-15 10:00:00,602.8000000000001
2020-12-15 11:00:00,602.6
2020-12-15 12:00:00,603.7
2020-12-15 13:00:00,605.0
2020-12-15 14:00:00,604.7
2020-12-15 15:00:00,607.0
2020-12-15 16:00:00,606.8000000000001
2020-12-16 08:00:00,611.9
2020-12-16 09:00:00,612.0
2020-12-16 10:00:00,611.8000000000001
2020-12-16 11:00:00,611.2
2020-12-16 12:00:00,611.0
2020-12-16 13:00:00,609.9
2020-12-16 14:00:00,609.2
2020-12-16 15:00:00,611.9
2020-12-16 16:00:00,612.2
2020-12-17 08:00:00,616.4
2020-12-17 11:00:00,618.7
2020-12-17 12:00:00,618.4
2020-12-17 13:00:00,619.2
2020-12-17 14:00:00,621.6
2020-12-17 15:00:00,621.1
2020-12-17 16:00:00,620.2
2020-12-18 08:00:00,620.3000000000001
2020-12-18 09:00:00,620.1
2020-12-18 10:00:00,621.7
2020-12-18 11:00:00,621.4
2020-12-18 12:00:00,620.6
2020-12-18 13:00:00,619.3000000000001
2020-12-18 14:00:00,618.3000000000001
2020-12-18 15:00:00,618.2
2020-12-18 16:00:00,617.6
2020-12-21 08:00:00,609.5
2020-12-21 09:00:00,607.8000000000001
2020-12-21 10:00:00,601.8000000000001
2020-12-21 11:00:00,603.1
2020-12-21 12:00:00,605.1
2020-12-21 13:00:00,604.2
2020-12-21 14:00:00,605.5
2020-12-21 15:00:00,605.9
2020-12-21 16:00:00,607.1
2020-12-22 08:00:00,616.2
2020-12-22 09:00:00,615.8000000000001
2020-12-22 10:00:00,615.6
2020-12-22 11:00:00,616.5
2020-12-22 12:00:00,616.4
2020-12-22 13:00:00,616.0
2020-12-22 14:00:00,616.6
2020-12-22 15:00:00,620.2
2020-12-22 16:00:00,620.6
2020-12-23 08:00:00,622.2
2020-12-23 09:00:00,622.4
2020-12-23 10:00:00,622.8000000000001
2020-12-23 11:00:00,621.9
2020-12-23 12:00:00,623.0
2020-12-23 13:00:00,624.2
2020-12-23 14:00:00,622.7
2020-12-23 15:00:00,621.4
2020-12-23 16:00:00,623.0
2020-12-28 08:00:00,629.3000000000001
2020-12-28 09:00:00,629.0
2020-12-28 10:00:00,629.5
2020-12-28 11:00:00,630.5
2020-12-28 12:00:00,630.5
2020-12-28 13:00:00,630.5
2020-12-28 14:00:00,630.3000000000001
2020-12-28 15:00:00,627.8000000000001
2020-12-28 16:00:00,629.9
2020-12-29 08:00:00,635.0
2020-12-29 09:00:00,634.8000000000001
2020-12-29 10:00:00,635.0
2020-12-29 11:00:00,635.2
2020-12-29 12:00:00,633.7
2020-12-29 13:00:00,633.9
2020-12-29 14:00:00,631.8000000000001
2020-12-29 15:00:00,631.5
2020-12-29 16:00:00,631.7
2020-12-30 08:00:00,633.9
2020-12-30 09:00:00,634.3000000000001
2020-12-30 10:00:00,634.9
2020-12-30 12:00:00,634.3000000000001
2020-12-30 15:00:00,634.1
2020-12-30 16:00:00,634.4
2021-01-04 08:00:00,640.9
2021-01-04 09:00:00,642.6
2021-01-04 10:00:00,643.6
2021-01-04 11:00:00,642.4
2021-01-04 12:00:00,642.2
2021-01-04 13:00:00,641.0
2021-01-04 14:00:00,642.1
2021-01-04 15:00:00,638.5
2021-01-04 16:00:00,638.9
2021-01-05 08:00:00,640.4
2021-01-05 09:00:00,641.4
2021-01-05 10:00:00,639.8000000000001
2021-01-05 11:00:00,638.6
2021-01-05 12:00:00,637.0
2021-01-05 13:00:00,635.2
2021-01-05 14:00:00,639.4
2021-01-05 15:00:00,637.2
2021-01-05 16:00:00,637.4
2021-01-06 08:00:00,634.4
2021-01-06 09:00:00,635.2
2021-01-06 10:00:00,635.2
2021-01-06 11:00:00,633.5
2021-01-06 12:00:00,633.9
2021-01-06 13:00:00,630.8000000000001
2021-01-06 14:00:00,634.7
2021-01-06 15:00:00,637.4
2021-01-06 16:00:00,639.4
2021-01-07 08:00:00,630.8000000000001
2021-01-07 09:00:00,629.8000000000001
2021-01-07 10:00:00,630.3000000000001
2021-01-07 11:00:00,627.5
2021-01-07 12:00:00,628.7
2021-01-07 13:00:00,627.8000000000001
2021-01-07 14:00:00,631.2
2021-01-07 15:00:00,631.2
2021-01-07 16:00:00,631.1
2021-01-08 08:00:00,645.9
2021-01-08 09:00:00,644.6
2021-01-08 10:00:00,643.1
2021-01-08 11:00:00,644.3000000000001
2021-01-08 12:00:00,646.4
2021-01-08 13:00:00,645.9
2021-01-08 14:00:00,647.0
2021-01-08 15:00:00,644.5
2021-01-08 16:00:00,645.3000000000001
2021-01-11 08:00:00,643.9
2021-01-11 09:00:00,645.3000000000001
2021-01-11 10:00:00,646.0
2021-01-11 11:00:00,645.8000000000001
2021-01-11 12:00:00,644.8000000000001
2021-01-11 13:00:00,640.9
2021-01-11 14:00:00,642.1
2021-01-11 15:00:00,642.6
2021-01-11 16:00:00,642.2
2021-01-12 08:00:00,644.1
2021-01-12 09:00:00,644.5
2021-01-12 10:00:00,644.5
2021-01-12 11:00:00,643.9
2021-01-12 12:00:00,643.8000000000001
2021-01-12 13:00:00,642.7
2021-01-12 14:00:00,642.9
2021-01-12 15:00:00,645.1
2021-01-12 17:00:00,643.8000000000001
2021-01-13 08:00:00,643.4
2021-01-13 09:00:00,644.0
2021-01-13 10:00:00,643.5
2021-01-13 11:00:00,644.7
2021-01-13 12:00:00,643.4
2021-01-13 13:00:00,645.3000000000001
2021-01-13 14:00:00,645.8000000000001
2021-01-13 15:00:00,649.1
2021-01-13 16:00:00,647.4
2021-01-14 08:00:00,656.1
2021-01-14 09:00:00,653.6
2021-01-14 10:00:00,652.1
2021-01-14 11:00:00,655.1
2021-01-14 12:00:00,655.0
2021-01-14 13:00:00,655.0
2021-01-14 14:00:00,658.7
2021-01-14 15:00:00,658.0
2021-01-14 16:00:00,659.6
2021-01-15 08:00:00,657.5
2021-01-15 09:00:00,657.3000000000001
2021-01-15 10:00:00,656.0
2021-01-15 11:00:00,653.3000000000001
2021-01-15 12:00:00,651.1
2021-01-15 13:00:00,652.3000000000001
2021-01-15 14:00:00,653.8000000000001
2021-01-15 15:00:00,648.7
2021-01-15 16:00:00,649.6
2021-01-18 08:00:00,653.6
2021-01-18 09:00:00,653.4
2021-01-18 10:00:00,652.7
2021-01-18 12:00:00,653.0
2021-01-18 13:00:00,653.4
2021-01-18 14:00:00,653.4
2021-01-18 15:00:00,652.3000000000001
2021-01-18 16:00:00,652.2
2021-01-19 08:00:00,654.7
2021-01-19 09:00:00,655.1
2021-01-19 10:00:00,657.1
2021-01-19 12:00:00,655.7
2021-01-19 14:00:00,653.4
2021-01-19 15:00:00,656.3000000000001
2021-01-19 16:00:00,655.5
2021-01-20 08:00:00,667.4
2021-01-20 09:00:00,664.1
2021-01-20 10:00:00,665.8000000000001
2021-01-20 14:00:00,668.2
2021-01-20 15:00:00,668.0
2021-01-20 16:00:00,665.9
2021-01-20 20:00:00,666.5
2021-01-21 08:00:00,673.6
2021-01-21 09:00:00,677.1
2021-01-21 10:00:00,677.4
2021-01-21 12:00:00,678.2
2021-01-21 13:00:00,676.0
2021-01-21 14:00:00,674.5
2021-01-21 15:00:00,675.8000000000001
2021-01-21 16:00:00,677.5
2021-01-22 08:00:00,669.8000000000001
2021-01-22 09:00:00,667.4
2021-01-22 10:00:00,666.8000000000001
2021-01-22 11:00:00,667.1
2021-01-22 13:00:00,668.6
2021-01-22 14:00:00,671.0
2021-01-22 15:00:00,671.5
2021-01-22 16:00:00,671.3000000000001
2021-01-25 07:00:00,676.1
2021-01-25 08:00:00,679.0
2021-01-25 09:00:00,676.6
2021-01-25 10:00:00,676.6
2021-01-25 11:00:00,675.3000000000001
2021-01-25 12:00:00,671.2
2021-01-25 13:00:00,671.0
2021-01-25 14:00:00,673.3000000000001
2021-01-25 15:00:00,668.6
2021-01-25 16:00:00,667.7
2021-01-26 08:00:00,671.7
2021-01-26 09:00:00,673.0
2021-01-26 10:00:00,671.5
2021-01-26 11:00:00,671.5
2021-01-26 12:00:00,672.7
2021-01-26 13:00:00,672.9
2021-01-26 14:00:00,671.8000000000001
2021-01-26 15:00:00,672.3000000000001
2021-01-26 16:00:00,671.8000000000001
2021-01-27 08:00:00,665.7
2021-01-27 09:00:00,665.5
2021-01-27 10:00:00,662.5
2021-01-27 11:00:00,659.2
2021-01-27 13:00:00,652.5
2021-01-27 14:00:00,651.2
2021-01-27 15:00:00,659.5
2021-01-27 16:00:00,657.8000000000001
2021-01-27 17:00:00,656.4
2021-01-28 08:00:00,640.7
2021-01-28 09:00:00,645.4
2021-01-28 10:00:00,652.5
2021-01-28 11:00:00,656.2
2021-01-28 13:00:00,653.6
2021-01-28 14:00:00,659.3000000000001
2021-01-28 15:00:00,659.9
2021-01-28 16:00:00,661.3000000000001
2021-01-29 08:00:00,656.8000000000001
2021-01-29 09:00:00,658.2
2021-01-29 10:00:00,657.5
2021-01-29 11:00:00,659.6
2021-01-29 12:00:00,659.4
2021-01-29 13:00:00,657.9
2021-01-29 14:00:00,655.8000000000001
2021-01-29 15:00:00,658.7
2021-01-29 16:00:00,652.4
2021-02-01 08:00:00,662.1
2021-02-01 09:00:00,663.8000000000001
2021-02-01 11:00:00,666.0
2021-02-01 12:00:00,666.8000000000001
2021-02-01 13:00:00,666.8000000000001
2021-02-01 14:00:00,664.2
2021-02-01 15:00:00,666.2
2021-02-01 16:00:00,667.2
2021-02-02 08:00:00,673.9
2021-02-02 09:00:00,675.1
2021-02-02 10:00:00,672.1
2021-02-02 11:00:00,671.0
2021-02-02 12:00:00,671.8000000000001
2021-02-02 13:00:00,671.6
2021-02-02 14:00:00,673.9
2021-02-02 15:00:00,673.7
2021-02-02 16:00:00,674.0
2021-02-03 08:00:00,676.1
2021-02-03 09:00:00,676.8000000000001
2021-02-03 10:00:00,676.8000000000001
2021-02-03 11:00:00,676.5
2021-02-03 12:00:00,675.2
2021-02-03 13:00:00,674.4
2021-02-03 14:00:00,673.7
2021-02-03 15:00:00,673.4
2021-02-03 16:00:00,673.1
2021-02-04 08:00:00,674.9
2021-02-04 09:00:00,675.6
2021-02-04 10:00:00,675.7
2021-02-04 11:00:00,675.4
2021-02-04 12:00:00,673.2
2021-02-04 14:00:00,673.1
2021-02-04 15:00:00,677.6
2021-02-04 16:00:00,677.2
2021-02-05 08:00:00,681.7
2021-02-05 09:00:00,681.6
2021-02-05 10:00:00,681.5
2021-02-05 12:00:00,679.6
2021-02-05 13:00:00,679.8000000000001
2021-02-05 14:00:00,679.2
2021-02-05 15:00:00,678.4
2021-02-05 16:00:00,677.8000000000001
2021-02-08 08:00:00,683.8000000000001
2021-02-08 09:00:00,683.6
2021-02-08 10:00:00,682.8000000000001
2021-02-08 11:00:00,683.4
2021-02-08 12:00:00,684.9
2021-02-08 13:00:00,686.4
2021-02-08 14:00:00,687.1
2021-02-08 15:00:00,689.3000000000001
2021-02-08 16:00:00,688.0
2021-02-08 20:00:00,691.8000000000001
2021-02-09 08:00:00,684.3000000000001
2021-02-09 09:00:00,684.5
2021-02-09 12:00:00,684.5
2021-02-09 13:00:00,684.5
2021-02-09 14:00:00,686.9
2021-02-09 15:00:00,689.5
2021-02-09 16:00:00,688.2
2021-02-10 08:00:00,688.0
2021-02-10 09:00:00,687.0
2021-02-10 10:00:00,686.7
2021-02-10 11:00:00,687.3000000000001
2021-02-10 12:00:00,685.7
2021-02-10 13:00:00,687.2
2021-02-10 14:00:00,688.5
2021-02-10 15:00:00,683.6
2021-02-10 16:00:00,681.9
2021-02-11 08:00:00,687.9
2021-02-11 10:00:00,688.9
2021-02-11 11:00:00,689.7
2021-02-11 12:00:00,690.2
2021-02-11 13:00:00,689.7
2021-02-11 14:00:00,689.2
2021-02-11 15:00:00,694.8000000000001
2021-02-11 16:00:00,694.5
2021-02-12 08:00:00,696.9
2021-02-12 09:00:00,698.2
2021-02-12 11:00:00,698.8000000000001
2021-02-12 12:00:00,699.0
2021-02-12 13:00:00,699.4
2021-02-12 14:00:00,700.6
2021-02-12 15:00:00,702.8000000000001
2021-02-12 16:00:00,703.8000000000001
2021-02-15 08:00:00,708.5
2021-02-15 09:00:00,708.4
2021-02-15 10:00:00,709.8000000000001
2021-02-15 11:00:00,710.4
2021-02-15 12:00:00,709.1
2021-02-15 13:00:00,710.4
2021-02-15 14:00:00,711.4
2021-02-15 15:00:00,710.2
2021-02-15 16:00:00,710.7
2021-02-16 08:00:00,708.6
2021-02-16 10:00:00,710.8000000000001
2021-02-16 11:00:00,711.8000000000001
2021-02-16 12:00:00,711.5
2021-02-16 13:00:00,712.2
2021-02-16 14:00:00,711.1
2021-02-16 15:00:00,711.5
2021-02-16 16:00:00,710.5
2021-02-16 17:00:00,708.7
2021-02-17 08:00:00,708.7
2021-02-17 09:00:00,706.9
2021-02-17 10:00:00,704.5
2021-02-17 11:00:00,704.6
2021-02-17 12:00:00,707.2
2021-02-17 13:00:00,706.3000000000001
2021-02-17 14:00:00,704.0
2021-02-17 15:00:00,697.9
2021-02-17 16:00:00,697.6
2021-02-17 17:00:00,697.1
2021-02-18 08:00:00,702.9
2021-02-18 10:00:00,698.1
2021-02-18 11:00:00,698.3000000000001
2021-02-18 13:00:00,697.9
2021-02-18 14:00:00,696.5
2021-02-18 15:00:00,693.8000000000001
2021-02-18 16:00:00,694.8000000000001
2021-02-19 08:00:00,699.7
2021-02-19 09:00:00,700.3000000000001
2021-02-19 10:00:00,702.1
2021-02-19 11:00:00,701.4
2021-02-19 12:00:00,703.5
2021-02-19 13:00:00,705.3000000000001
2021-02-19 14:00:00,705.7
2021-02-19 15:00:00,706.3000000000001
2021-02-19 16:00:00,707.1
2021-02-19 17:00:00,702.9
2021-02-22 08:00:00,690.1
2021-02-22 09:00:00,694.0
2021-02-22 10:00:00,693.9
2021-02-22 11:00:00,693.3000000000001
2021-02-22 12:00:00,693.1
2021-02-22 13:00:00,694.9
2021-02-22 14:00:00,694.7
2021-02-22 15:00:00,693.2
2021-02-22 16:00:00,693.5
2021-02-23 08:00:00,682.7
2021-02-23 09:00:00,675.9
2021-02-23 10:00:00,672.7
2021-02-23 11:00:00,674.6
2021-02-23 12:00:00,675.9
2021-02-23 13:00:00,678.1
2021-02-23 14:00:00,672.8000000000001
2021-02-23 15:00:00,681.2
2021-02-23 16:00:00,680.4
2021-02-23 18:00:00,678.1
2021-02-24 08:00:00,683.5
2021-02-24 09:00:00,680.8000000000001
2021-02-24 10:00:00,681.6
2021-02-24 11:00:00,680.9
2021-02-24 12:00:00,686.2
2021-02-24 13:00:00,680.3000000000001
2021-02-24 14:00:00,680.2
2021-02-24 15:00:00,680.2
2021-02-24 16:00:00,680.2
2021-02-25 08:00:00,685.3000000000001
2021-02-25 09:00:00,684.0
2021-02-25 10:00:00,684.6
2021-02-25 11:00:00,679.0
2021-02-25 12:00:00,681.3000000000001
2021-02-25 13:00:00,682.5
2021-02-25 14:00:00,683.6
2021-02-25 15:00:00,680.9
2021-02-25 16:00:00,680.7
2021-02-25 17:00:00,668.1
2021-02-25 19:00:00,672.1
2021-02-25 20:00:00,668.1
2021-02-26 07:00:00,647.2
2021-02-26 08:00:00,672.4
2021-02-26 09:00:00,674.1
2021-02-26 10:00:00,673.6
2021-02-26 11:00:00,671.3000000000001
2021-02-26 12:00:00,672.8000000000001
2021-02-26 13:00:00,672.5
2021-02-26 14:00:00,671.0
2021-02-26 15:00:00,672.2
2021-02-26 16:00:00,672.3000000000001
2021-03-01 08:00:00,679.8000000000001
2021-03-01 09:00:00,680.2
2021-03-01 10:00:00,678.8000000000001
2021-03-01 11:00:00,676.8000000000001
2021-03-01 12:00:00,675.0
2021-03-01 13:00:00,678.3000000000001
2021-03-01 14:00:00,677.1
2021-03-01 15:00:00,681.1
2021-03-01 16:00:00,681.6
2021-03-02 08:00:00,682.4
2021-03-02 09:00:00,684.9
2021-03-02 10:00:00,688.1
2021-03-02 11:00:00,687.6
2021-03-02 12:00:00,687.1
2021-03-02 13:00:00,689.2
2021-03-02 14:00:00,682.9
2021-03-02 15:00:00,680.8000000000001
2021-03-02 16:00:00,679.1
2021-03-03 08:00:00,680.6
2021-03-03 09:00:00,680.2
2021-03-03 10:00:00,679.2
2021-03-03 11:00:00,678.6
2021-03-03 12:00:00,677.9
2021-03-03 13:00:00,673.7
2021-03-03 14:00:00,670.7
2021-03-03 15:00:00,669.3000000000001
2021-03-03 16:00:00,673.3000000000001
2021-03-04 08:00:00,658.8000000000001
2021-03-04 09:00:00,656.4
2021-03-04 10:00:00,653.0
2021-03-04 11:00:00,653.0
2021-03-04 12:00:00,658.4
2021-03-04 13:00:00,658.4
2021-03-04 14:00:00,653.4
2021-03-04 15:00:00,654.1
2021-03-04 16:00:00,651.1
2021-03-05 08:00:00,644.6
2021-03-05 09:00:00,647.6
2021-03-05 10:00:00,646.6
2021-03-05 11:00:00,649.5
2021-03-05 12:00:00,652.6
2021-03-05 13:00:00,649.4
2021-03-05 14:00:00,646.0
2021-03-05 15:00:00,642.9
2021-03-05 16:00:00,641.0
2021-03-08 08:00:00,641.5
2021-03-08 09:00:00,640.3000000000001
2021-03-08 10:00:00,641.6
2021-03-08 11:00:00,645.7
2021-03-08 12:00:00,647.0
2021-03-08 13:00:00,647.2
2021-03-08 14:00:00,649.6
2021-03-08 15:00:00,653.7
2021-03-08 16:00:00,651.5
2021-03-09 08:00:00,654.0
2021-03-09 09:00:00,659.1
2021-03-09 10:00:00,660.6
2021-03-09 11:00:00,661.6
2021-03-09 12:00:00,660.1
2021-03-09 13:00:00,660.2
2021-03-09 14:00:00,661.8000000000001
2021-03-09 15:00:00,665.1
2021-03-09 16:00:00,667.3000000000001
2021-03-10 08:00:00,664.5
2021-03-10 09:00:00,663.7
2021-03-10 10:00:00,662.9
2021-03-10 11:00:00,662.5
2021-03-10 13:00:00,664.8000000000001
2021-03-10 14:00:00,665.9
2021-03-10 15:00:00,662.2
2021-03-10 16:00:00,662.2
2021-03-11 08:00:00,674.4
2021-03-11 09:00:00,674.6
2021-03-11 10:00:00,676.6
2021-03-11 11:00:00,678.6
2021-03-11 12:00:00,676.4
2021-03-11 13:00:00,677.3
2021-03-11 14:00:00,677.1999999999999
2021-03-11 15:00:00,675.8
2021-03-11 16:00:00,676.8
2021-03-15 09:00:00,666.5
2021-03-15 10:00:00,666.5
2021-03-15 17:00:00,666.8
2021-03-16 09:00:00,671.5
2021-03-16 11:00:00,671.3
2021-03-16 12:00:00,671.8
2021-03-16 14:00:00,674.9
2021-03-16 15:00:00,676.3
2021-03-16 16:00:00,676.4
2021-03-16 17:00:00,676.6
2021-03-17 09:00:00,673.0
2021-03-17 10:00:00,673.9
2021-03-17 11:00:00,673.1
2021-03-17 13:00:00,668.8
2021-03-18 09:00:00,668.6
2021-03-18 10:00:00,671.4
2021-03-18 11:00:00,672.4
2021-03-18 12:00:00,669.0
2021-03-18 13:00:00,669.0
2021-03-18 14:00:00,669.1999999999999
2021-03-18 15:00:00,668.5
2021-03-18 16:00:00,668.1
2021-03-18 17:00:00,670.6999999999999
2021-03-19 09:00:00,665.6
2021-03-19 10:00:00,669.9
2021-03-19 11:00:00,668.6999999999999
2021-03-19 12:00:00,670.1
2021-03-19 13:00:00,670.0
2021-03-19 14:00:00,666.5
2021-03-19 15:00:00,670.6999999999999
2021-03-19 16:00:00,670.5
2021-03-19 17:00:00,669.9
2021-03-22 09:00:00,672.5
2021-03-22 10:00:00,674.5
2021-03-22 11:00:00,675.8
2021-03-22 13:00:00,677.4
2021-03-22 14:00:00,679.5
2021-03-22 16:00:00,681.4
2021-03-22 17:00:00,683.6
2021-03-23 09:00:00,678.0
2021-03-23 10:00:00,675.6
2021-03-23 11:00:00,678.5
2021-03-23 12:00:00,680.5
2021-03-23 13:00:00,679.6999999999999
2021-03-23 14:00:00,680.6999999999999
2021-03-23 15:00:00,681.0
2021-03-23 16:00:00,679.9
2021-03-23 17:00:00,678.9
2021-03-23 20:00:00,673.8
2021-03-24 09:00:00,692.5
2021-03-24 10:00:00,690.9
2021-03-24 11:00:00,688.8
2021-03-24 12:00:00,689.0
2021-03-24 13:00:00,689.5
2021-03-24 14:00:00,686.4
2021-03-24 15:00:00,689.3
2021-03-24 16:00:00,686.1999999999999
2021-03-24 17:00:00,685.6999999999999
2021-03-25 09:00:00,682.1999999999999
2021-03-25 12:00:00,677.3
2021-03-25 13:00:00,677.1
2021-03-25 14:00:00,676.6
2021-03-25 15:00:00,675.6999999999999
2021-03-25 16:00:00,678.9
2021-03-25 17:00:00,681.6
2021-03-26 09:00:00,689.4
2021-03-26 10:00:00,690.4
2021-03-26 11:00:00,690.6
2021-03-26 12:00:00,690.6
2021-03-26 13:00:00,688.5
2021-03-26 14:00:00,694.9
2021-03-26 15:00:00,699.0
2021-03-26 16:00:00,699.5
2021-03-26 17:00:00,700.1999999999999
2021-03-26 20:00:00,700.1999999999999
2021-03-29 08:00:00,702.0
2021-03-29 09:00:00,701.4
2021-03-29 10:00:00,703.5
2021-03-29 11:00:00,701.8
2021-03-29 12:00:00,702.4
2021-03-29 13:00:00,699.8
2021-03-29 14:00:00,700.4
2021-03-29 15:00:00,699.8
2021-03-29 16:00:00,700.8
2021-03-30 08:00:00,698.3
2021-03-30 09:00:00,698.5
2021-03-30 10:00:00,699.3
2021-03-30 11:00:00,700.4
2021-03-30 12:00:00,698.1999999999999
2021-03-30 13:00:00,697.0
2021-03-30 14:00:00,698.1999999999999
2021-03-30 15:00:00,700.6
2021-03-30 16:00:00,699.8
2021-03-31 08:00:00,701.3
2021-03-31 09:00:00,701.0
2021-03-31 10:00:00,703.1999999999999
2021-03-31 11:00:00,704.1
2021-03-31 13:00:00,702.6
2021-03-31 14:00:00,705.1
2021-03-31 15:00:00,705.5
2021-03-31 16:00:00,705.5
2021-04-01 08:00:00,715.1
2021-04-01 09:00:00,715.5
2021-04-01 10:00:00,714.3
2021-04-01 11:00:00,714.6999999999999
2021-04-01 12:00:00,716.4
2021-04-01 13:00:00,717.8
2021-04-01 14:00:00,721.8
2021-04-01 15:00:00,722.9
2021-04-01 16:00:00,718.5
2021-04-06 08:00:00,722.6999999999999
2021-04-06 09:00:00,727.1999999999999
2021-04-06 10:00:00,726.6999999999999
2021-04-06 11:00:00,725.8
2021-04-06 12:00:00,726.9
2021-04-06 13:00:00,726.9
2021-04-06 14:00:00,724.9
2021-04-06 15:00:00,725.1
2021-04-06 16:00:00,724.6
2021-04-07 08:00:00,717.4
2021-04-07 09:00:00,719.1999999999999
2021-04-07 10:00:00,717.5
2021-04-07 12:00:00,718.9
2021-04-07 13:00:00,718.6999999999999
2021-04-07 14:00:00,720.9
2021-04-07 15:00:00,720.6999999999999
2021-04-07 16:00:00,719.3
2021-04-08 08:00:00,722.6999999999999
2021-04-08 09:00:00,723.4
2021-04-08 10:00:00,723.4
2021-04-08 11:00:00,723.3
2021-04-08 12:00:00,726.1
2021-04-08 13:00:00,726.4
2021-04-08 14:00:00,730.0
2021-04-08 15:00:00,726.1999999999999
2021-04-08 16:00:00,726.3
2021-04-09 08:00:00,727.1999999999999
2021-04-09 09:00:00,727.8
2021-04-09 10:00:00,727.5
2021-04-09 11:00:00,727.3
2021-04-09 12:00:00,727.1999999999999
2021-04-09 13:00:00,726.1
2021-04-09 14:00:00,726.0
2021-04-09 15:00:00,729.1
2021-04-09 16:00:00,727.6
2021-04-12 08:00:00,726.1999999999999
2021-04-12 09:00:00,724.5
2021-04-12 10:00:00,725.4
2021-04-12 11:00:00,724.0
2021-04-12 14:00:00,720.6
2021-04-12 15:00:00,719.0
2021-04-12 16:00:00,717.3
2021-04-13 09:00:00,725.1
2021-04-13 10:00:00,725.4
2021-04-13 11:00:00,724.3
2021-04-13 12:00:00,722.8
2021-04-13 13:00:00,725.9
2021-04-13 15:00:00,726.6
2021-04-13 16:00:00,724.1999999999999
2021-04-14 08:00:00,733.4
2021-04-14 09:00:00,732.8
2021-04-14 11:00:00,732.1999999999999
2021-04-14 12:00:00,733.0
2021-04-14 13:00:00,732.9
2021-04-14 14:00:00,733.9
2021-04-14 15:00:00,730.0
2021-04-14 16:00:00,728.4
2021-04-15 08:00:00,729.6
2021-04-15 09:00:00,731.9
2021-04-15 10:00:00,731.4
2021-04-15 11:00:00,732.1
2021-04-15 13:00:00,732.5
2021-04-15 14:00:00,729.5
2021-04-15 15:00:00,731.6
2021-04-15 16:00:00,731.8
2021-04-16 08:00:00,730.1999999999999
2021-04-16 09:00:00,731.4
2021-04-16 10:00:00,732.8
2021-04-16 11:00:00,732.8
2021-04-16 12:00:00,733.6999999999999
2021-04-16 13:00:00,732.4
2021-04-16 14:00:00,734.4
2021-04-16 15:00:00,734.4
2021-04-16 16:00:00,734.6
2021-04-19 09:00:00,737.0
2021-04-19 10:00:00,733.9
2021-04-19 11:00:00,733.0
2021-04-19 13:00:00,730.9
2021-04-19 14:00:00,731.6999999999999
2021-04-19 15:00:00,728.0
2021-04-19 16:00:00,727.1
2021-04-20 08:00:00,724.9
2021-04-20 09:00:00,722.3
2021-04-20 10:00:00,717.6
2021-04-20 11:00:00,719.5
2021-04-20 12:00:00,718.0
2021-04-20 13:00:00,717.3
2021-04-20 14:00:00,718.9
2021-04-20 15:00:00,716.9
2021-04-20 16:00:00,714.4
2021-04-21 08:00:00,719.9
2021-04-21 09:00:00,720.6
2021-04-21 10:00:00,719.9
2021-04-21 11:00:00,720.0
2021-04-21 14:00:00,721.5
2021-04-21 15:00:00,721.3
2021-04-21 16:00:00,723.3
2021-04-22 08:00:00,733.3
2021-04-22 09:00:00,732.6999999999999
2021-04-22 10:00:00,736.8
2021-04-22 11:00:00,735.0
2021-04-22 12:00:00,734.8
2021-04-22 13:00:00,735.1999999999999
2021-04-22 14:00:00,733.5
2021-04-22 15:00:00,736.6999999999999
2021-04-22 16:00:00,737.0
2021-04-23 08:00:00,736.1999999999999
2021-04-23 09:00:00,735.1
2021-04-23 10:00:00,734.0
2021-04-23 11:00:00,734.8
2021-04-23 13:00:00,733.4
2021-04-23 14:00:00,739.1
2021-04-23 15:00:00,739.6
2021-04-23 16:00:00,741.4
2021-04-26 08:00:00,739.6999999999999
2021-04-26 09:00:00,737.9
2021-04-26 10:00:00,738.0
2021-04-26 11:00:00,737.6
2021-04-26 12:00:00,739.0
2021-04-26 13:00:00,740.3
2021-04-26 14:00:00,740.4
2021-04-26 15:00:00,741.0
2021-04-26 16:00:00,741.6
2021-04-27 08:00:00,740.6999999999999
2021-04-27 09:00:00,742.4
2021-04-27 10:00:00,742.8
2021-04-27 11:00:00,742.0
2021-04-27 12:00:00,740.6
2021-04-27 13:00:00,743.4
2021-04-27 14:00:00,739.0
2021-04-27 15:00:00,738.6999999999999
2021-04-27 16:00:00,738.6999999999999
2021-04-28 08:00:00,737.3
2021-04-28 09:00:00,739.0
2021-04-28 12:00:00,737.8
2021-04-28 13:00:00,737.5
2021-04-28 14:00:00,737.5
2021-04-28 15:00:00,736.9
2021-04-28 16:00:00,735.6999999999999
2021-04-29 08:00:00,740.1999999999999
2021-04-29 09:00:00,740.6
2021-04-29 10:00:00,738.5
2021-04-29 11:00:00,740.0
2021-04-29 12:00:00,740.9
2021-04-29 13:00:00,740.4
2021-04-29 14:00:00,732.6
2021-04-29 15:00:00,730.5
2021-04-29 16:00:00,729.1999999999999
2021-04-30 08:00:00,729.8
2021-04-30 10:00:00,726.8
2021-04-30 11:00:00,724.5
2021-04-30 12:00:00,725.5
2021-04-30 13:00:00,726.1999999999999
2021-04-30 15:00:00,728.0
2021-04-30 16:00:00,724.6999999999999
2021-05-03 08:00:00,730.9
2021-05-03 09:00:00,730.1999999999999
2021-05-03 10:00:00,725.4
2021-05-03 11:00:00,727.5
2021-05-03 12:00:00,730.6
2021-05-03 13:00:00,730.6999999999999
2021-05-03 14:00:00,728.4
2021-05-03 15:00:00,726.8
2021-05-03 16:00:00,725.9
2021-05-04 08:00:00,722.6
2021-05-04 09:00:00,717.5
2021-05-04 10:00:00,717.8
2021-05-04 11:00:00,719.5
2021-05-04 12:00:00,714.6999999999999
2021-05-04 13:00:00,711.6999999999999
2021-05-04 14:00:00,706.4
2021-05-04 15:00:00,702.3
2021-05-04 16:00:00,699.8
2021-05-05 08:00:00,710.1
2021-05-05 09:00:00,712.9
2021-05-05 10:00:00,713.5
2021-05-05 11:00:00,712.8
2021-05-05 12:00:00,714.8
2021-05-05 13:00:00,715.6999999999999
2021-05-05 14:00:00,716.6
2021-05-05 15:00:00,715.1999999999999
2021-05-05 16:00:00,716.6999999999999
2021-05-06 08:00:00,717.1
2021-05-06 09:00:00,713.1999999999999
2021-05-06 10:00:00,709.1
2021-05-06 11:00:00,708.6999999999999
2021-05-06 13:00:00,709.4
2021-05-06 14:00:00,708.1
2021-05-06 15:00:00,707.6
2021-05-06 16:00:00,710.4
2021-05-06 17:00:00,708.5
2021-05-07 08:00:00,711.3
2021-05-07 10:00:00,713.6999999999999
2021-05-07 11:00:00,716.6999999999999
2021-05-07 12:00:00,716.3
2021-05-07 13:00:00,720.8
2021-05-07 14:00:00,721.1
2021-05-07 15:00:00,724.6
2021-05-07 16:00:00,725.4
2021-05-07 17:00:00,721.4
2021-05-10 08:00:00,717.3
2021-05-10 09:00:00,717.1
2021-05-10 10:00:00,717.1999999999999
2021-05-10 11:00:00,716.6
2021-05-10 12:00:00,715.5
2021-05-10 13:00:00,715.6
2021-05-10 14:00:00,710.0
2021-05-10 15:00:00,707.5
2021-05-10 16:00:00,710.0
2021-05-11 08:00:00,694.5
2021-05-11 09:00:00,692.6
2021-05-11 10:00:00,690.3
2021-05-11 11:00:00,689.1999999999999
2021-05-11 12:00:00,688.1999999999999
2021-05-11 13:00:00,686.3
2021-05-11 14:00:00,692.8
2021-05-11 15:00:00,689.9
2021-05-11 16:00:00,693.8
2021-05-11 17:00:00,693.8
2021-05-12 09:00:00,694.6
2021-05-12 10:00:00,691.1
2021-05-12 11:00:00,691.0
2021-05-12 12:00:00,692.4
2021-05-12 13:00:00,691.8
2021-05-12 14:00:00,690.1999999999999
2021-05-12 15:00:00,691.3
2021-05-12 16:00:00,685.1
2021-05-12 17:00:00,686.0
2021-05-13 09:00:00,673.9
2021-05-13 10:00:00,675.5
2021-05-13 11:00:00,677.6999999999999
2021-05-13 12:00:00,679.3
2021-05-13 13:00:00,686.4
2021-05-13 14:00:00,688.9
2021-05-13 15:00:00,690.1
2021-05-13 16:00:00,694.5
2021-05-13 17:00:00,688.6
2021-05-14 08:00:00,697.0
2021-05-14 09:00:00,692.8
2021-05-14 10:00:00,691.4
2021-05-14 11:00:00,695.1999999999999
2021-05-14 13:00:00,695.6999999999999
2021-05-14 14:00:00,695.8
2021-05-14 15:00:00,696.9
2021-05-14 16:00:00,703.0
2021-05-14 17:00:00,704.4
2021-05-17 09:00:00,698.4
2021-05-17 10:00:00,701.3
2021-05-17 11:00:00,702.5
2021-05-17 12:00:00,700.9
2021-05-17 13:00:00,698.1999999999999
2021-05-17 14:00:00,698.5
2021-05-17 15:00:00,698.0
2021-05-17 16:00:00,699.1999999999999
2021-05-17 17:00:00,697.5
2021-05-17 21:00:00,698.0
2021-05-18 09:00:00,703.6
2021-05-18 10:00:00,702.4
2021-05-18 11:00:00,702.6
2021-05-18 12:00:00,702.8
2021-05-18 13:00:00,703.5
2021-05-18 14:00:00,702.6
2021-05-18 15:00:00,701.6
2021-05-18 16:00:00,703.3
2021-05-18 17:00:00,702.0
2021-05-19 09:00:00,688.9
2021-05-19 10:00:00,686.1999999999999
2021-05-19 11:00:00,687.4
2021-05-19 12:00:00,687.8
2021-05-19 13:00:00,682.9
2021-05-19 14:00:00,680.0
2021-05-19 15:00:00,683.0
2021-05-19 16:00:00,688.8
2021-05-19 17:00:00,690.3
2021-05-20 09:00:00,697.6
2021-05-20 10:00:00,695.9
2021-05-20 11:00:00,693.9
2021-05-20 12:00:00,695.6999999999999
2021-05-20 13:00:00,696.6999999999999
2021-05-20 14:00:00,697.0
2021-05-20 15:00:00,704.1999999999999
2021-05-20 16:00:00,705.9
2021-05-20 17:00:00,707.6
2021-05-21 09:00:00,707.1
2021-05-21 10:00:00,707.4
2021-05-21 11:00:00,711.1999999999999
2021-05-21 12:00:00,709.6
2021-05-21 13:00:00,709.6999999999999
2021-05-21 14:00:00,709.9
2021-05-21 15:00:00,710.9
2021-05-21 16:00:00,708.0
2021-05-21 17:00:00,707.5
2021-05-24 09:00:00,711.0
2021-05-24 10:00:00,712.1999999999999
2021-05-24 11:00:00,711.1999999999999
2021-05-24 12:00:00,712.1
2021-05-24 14:00:00,710.5
2021-05-24 15:00:00,714.4
2021-05-24 16:00:00,716.3
2021-05-24 17:00:00,716.9
2021-05-25 09:00:00,721.3
2021-05-25 10:00:00,725.0
2021-05-25 11:00:00,726.6
2021-05-25 12:00:00,725.6
2021-05-25 13:00:00,725.6999999999999
2021-05-25 14:00:00,725.3
2021-05-25 15:00:00,724.8
2021-05-25 16:00:00,727.0
2021-05-25 17:00:00,724.8
2021-05-26 09:00:00,725.0
2021-05-26 10:00:00,720.8
2021-05-26 11:00:00,722.6
2021-05-26 12:00:00,725.1
2021-05-26 13:00:00,723.9
2021-05-26 14:00:00,724.9
2021-05-26 15:00:00,724.3
2021-05-26 16:00:00,722.6
2021-05-26 17:00:00,721.4
2021-05-27 09:00:00,721.0
2021-05-27 10:00:00,720.4
2021-05-27 11:00:00,719.5
2021-05-27 12:00:00,719.4
2021-05-27 13:00:00,720.5
2021-05-27 14:00:00,719.6999999999999
2021-05-27 15:00:00,718.6
2021-05-27 16:00:00,723.0
2021-05-27 17:00:00,723.0
2021-05-28 09:00:00,723.1
2021-05-28 10:00:00,725.1
2021-05-28 11:00:00,725.6999999999999
2021-05-28 12:00:00,726.3
2021-05-28 13:00:00,725.9
2021-05-28 14:00:00,728.3
2021-05-28 15:00:00,731.5
2021-05-28 16:00:00,731.0
2021-05-28 17:00:00,729.9
2021-05-31 09:00:00,731.6999999999999
2021-05-31 10:00:00,731.6999999999999
2021-05-31 11:00:00,730.3
2021-05-31 16:00:00,729.6
2021-05-31 17:00:00,726.6
2021-06-01 09:00:00,734.6
2021-06-01 10:00:00,736.0
2021-06-01 11:00:00,737.1
2021-06-01 12:00:00,738.0
2021-06-01 13:00:00,739.5
2021-06-01 14:00:00,739.1999999999999
2021-06-01 15:00:00,739.6
2021-06-01 16:00:00,731.0
2021-06-01 17:00:00,732.0
2021-06-02 09:00:00,731.1999999999999
2021-06-02 10:00:00,727.1
2021-06-02 11:00:00,728.6
2021-06-02 12:00:00,728.6999999999999
2021-06-02 14:00:00,728.3
2021-06-02 15:00:00,733.5
2021-06-02 16:00:00,732.5
2021-06-02 17:00:00,733.3
2021-06-03 09:00:00,732.8
2021-06-03 10:00:00,732.6999999999999
2021-06-03 11:00:00,732.3
2021-06-03 12:00:00,729.3
2021-06-03 13:00:00,726.0
2021-06-03 14:00:00,729.3
2021-06-03 15:00:00,725.6999999999999
2021-06-03 16:00:00,726.6999999999999
2021-06-03 17:00:00,730.4
2021-06-04 09:00:00,729.8
2021-06-04 10:00:00,728.0
2021-06-04 11:00:00,728.0
2021-06-04 12:00:00,728.6
2021-06-04 13:00:00,730.1999999999999
2021-06-04 14:00:00,732.3
2021-06-04 15:00:00,733.8
2021-06-04 16:00:00,737.8
2021-06-04 17:00:00,737.6999999999999
2021-06-07 09:00:00,733.5
2021-06-07 10:00:00,735.1999999999999
2021-06-07 11:00:00,734.1999999999999
2021-06-07 13:00:00,737.3
2021-06-07 14:00:00,737.5
2021-06-07 15:00:00,736.5
2021-06-07 16:00:00,737.1999999999999
2021-06-07 17:00:00,736.6
2021-06-08 09:00:00,737.6
2021-06-08 10:00:00,738.0
2021-06-08 11:00:00,741.6999999999999
2021-06-08 12:00:00,741.1999999999999
2021-06-08 13:00:00,743.5
2021-06-08 14:00:00,744.6999999999999
2021-06-08 15:00:00,742.6
2021-06-08 16:00:00,738.0
2021-06-08 17:00:00,738.1999999999999
2021-06-09 09:00:00,737.6999999999999
2021-06-09 10:00:00,737.0
2021-06-09 11:00:00,738.6999999999999
2021-06-09 12:00:00,740.6
2021-06-09 13:00:00,741.3
2021-06-09 14:00:00,740.8
2021-06-09 15:00:00,739.9
2021-06-09 16:00:00,740.9
2021-06-09 17:00:00,741.5
2021-06-10 09:00:00,745.4
2021-06-10 10:00:00,744.6
2021-06-10 11:00:00,744.4
2021-06-10 12:00:00,743.3
2021-06-10 13:00:00,742.3
2021-06-10 14:00:00,741.1
2021-06-10 15:00:00,746.9
2021-06-10 16:00:00,745.3
2021-06-10 17:00:00,747.1999999999999
2021-06-10 17:00:01,747.1999999999999
2021-06-10 17:00:02,747.1999999999999
2021-06-11 09:00:00,746.1999999999999
2021-06-11 14:00:00,750.5
2021-06-11 16:00:00,751.3
2021-06-11 23:00:00,752.1999999999999
2021-06-15 09:00:00,762.9
2021-06-15 10:00:00,760.9
2021-06-15 11:00:00,760.0999999999999
2021-06-15 12:00:00,760.5
2021-06-15 14:00:00,761.0
2021-06-15 16:00:00,758.0
2021-06-15 17:00:00,756.8
2021-06-16 09:00:00,754.6999999999999
2021-06-16 10:00:00,754.1999999999999
2021-06-16 11:00:00,754.6999999999999
2021-06-16 16:00:00,758.4
2021-06-16 17:00:00,757.6999999999999
2021-06-17 09:00:00,749.8
2021-06-17 10:00:00,749.5
2021-06-17 11:00:00,750.1999999999999
2021-06-17 15:00:00,751.5
2021-06-17 16:00:00,759.3
2021-06-17 17:00:00,761.1999999999999
2021-06-18 09:00:00,759.1999999999999
2021-06-18 10:00:00,760.3
2021-06-18 11:00:00,760.8
2021-06-18 12:00:00,759.5
2021-06-18 13:00:00,753.0999999999999
2021-06-18 14:00:00,751.6999999999999
2021-06-18 15:00:00,750.0999999999999
2021-06-18 16:00:00,745.3
2021-06-18 17:00:00,741.3
2021-06-18 20:00:00,748.1999999999999
2021-06-21 09:00:00,743.0999999999999
2021-06-21 10:00:00,744.5
2021-06-21 11:00:00,746.0999999999999
2021-06-21 12:00:00,746.1999999999999
2021-06-21 13:00:00,743.9
2021-06-21 14:00:00,744.9
2021-06-21 15:00:00,742.4
2021-06-21 16:00:00,744.4
2021-06-21 17:00:00,744.5
2021-06-21 20:00:00,745.9
2021-06-22 09:00:00,739.5999999999999
2021-06-22 10:00:00,740.0
2021-06-22 11:00:00,741.4
2021-06-22 12:00:00,744.0
2021-06-22 13:00:00,746.5999999999999
2021-06-22 14:00:00,744.4
2021-06-22 15:00:00,744.9
2021-06-22 16:00:00,748.0
2021-06-22 17:00:00,750.4
2021-06-23 09:00:00,749.5999999999999
2021-06-23 10:00:00,749.6999999999999
2021-06-23 11:00:00,748.1999999999999
2021-06-23 12:00:00,747.5
2021-06-23 13:00:00,745.1999999999999
2021-06-23 14:00:00,747.5
2021-06-23 15:00:00,748.9
2021-06-23 16:00:00,747.4
2021-06-23 17:00:00,747.0999999999999
2021-06-24 09:00:00,748.4
2021-06-24 10:00:00,751.5999999999999
2021-06-24 11:00:00,752.3
2021-06-24 12:00:00,751.6999999999999
2021-06-24 13:00:00,751.6999999999999
2021-06-24 14:00:00,752.3
2021-06-24 15:00:00,755.1999999999999
2021-06-24 16:00:00,755.8
2021-06-24 17:00:00,756.8
2021-06-25 09:00:00,757.1999999999999
2021-06-25 10:00:00,756.5999999999999
2021-06-25 13:00:00,753.5999999999999
2021-06-25 15:00:00,754.0999999999999
2021-06-25 16:00:00,754.8
2021-06-25 17:00:00,753.9
2021-06-28 09:00:00,751.8
2021-06-28 10:00:00,751.8
2021-06-28 11:00:00,754.6999999999999
2021-06-28 12:00:00,753.1999999999999
2021-06-28 13:00:00,756.9
2021-06-28 14:00:00,756.0
2021-06-28 15:00:00,758.0
2021-06-28 16:00:00,756.5
2021-06-28 17:00:00,756.9
2021-06-29 09:00:00,758.9
2021-06-29 10:00:00,758.1999999999999
2021-06-29 11:00:00,759.3
2021-06-29 12:00:00,760.0
2021-06-29 13:00:00,760.5
2021-06-29 14:00:00,761.9
2021-06-29 15:00:00,762.3
2021-06-29 16:00:00,762.9
2021-06-29 17:00:00,762.9
2021-06-30 09:00:00,764.4
2021-06-30 10:00:00,758.5999999999999
2021-06-30 12:00:00,755.4
2021-06-30 13:00:00,758.0
2021-06-30 14:00:00,758.0
2021-06-30 15:00:00,757.9
2021-06-30 16:00:00,756.1999999999999
2021-06-30 17:00:00,754.3
2021-07-01 09:00:00,757.9
2021-07-01 10:00:00,757.5
2021-07-01 11:00:00,754.5
2021-07-01 12:00:00,746.5999999999999
2021-07-01 13:00:00,746.8
2021-07-01 14:00:00,750.6999999999999
2021-07-01 15:00:00,749.6999999999999
2021-07-01 16:00:00,751.1999999999999
2021-07-01 17:00:00,749.0
2021-07-02 09:00:00,755.5
2021-07-02 10:00:00,753.5999999999999
2021-07-02 13:00:00,756.8
2021-07-02 14:00:00,757.5
2021-07-02 15:00:00,757.4
2021-07-02 16:00:00,756.3
2021-07-02 17:00:00,755.9
2021-07-05 09:00:00,750.9
2021-07-05 10:00:00,754.4
2021-07-05 11:00:00,754.5999999999999
2021-07-05 12:00:00,753.8
2021-07-05 13:00:00,754.9
2021-07-05 14:00:00,754.5
2021-07-05 15:00:00,753.5999999999999
2021-07-05 16:00:00,753.8
2021-07-05 17:00:00,755.1999999999999
2021-07-06 09:00:00,752.9
2021-07-06 10:00:00,754.5
2021-07-06 11:00:00,757.1999999999999
2021-07-06 12:00:00,758.5
2021-07-06 13:00:00,759.5999999999999
2021-07-06 14:00:00,760.5
2021-07-06 15:00:00,760.5999999999999
2021-07-06 16:00:00,756.3
2021-07-06 17:00:00,758.0
2021-07-07 09:00:00,764.8
2021-07-07 10:00:00,766.3
2021-07-07 11:00:00,769.3
2021-07-07 12:00:00,769.9
2021-07-07 13:00:00,769.1999999999999
2021-07-07 14:00:00,769.8
2021-07-07 15:00:00,770.3
2021-07-07 16:00:00,765.5999999999999
2021-07-07 17:00:00,768.0
2021-07-08 09:00:00,760.0
2021-07-08 10:00:00,755.5999999999999
2021-07-08 11:00:00,753.1999999999999
2021-07-08 12:00:00,748.5
2021-07-08 13:00:00,745.8
2021-07-08 14:00:00,748.5999999999999
2021-07-08 15:00:00,749.5999999999999
2021-07-08 16:00:00,747.9
2021-07-08 17:00:00,751.3
2021-07-09 09:00:00,755.5999999999999
2021-07-09 10:00:00,758.1999999999999
2021-07-09 11:00:00,758.5
2021-07-09 12:00:00,759.6999999999999
2021-07-09 13:00:00,758.9
2021-07-09 14:00:00,758.8
2021-07-09 15:00:00,757.8
2021-07-09 16:00:00,760.9
2021-07-09 17:00:00,760.6999999999999
2021-07-12 09:00:00,760.5
2021-07-12 10:00:00,760.8
2021-07-12 11:00:00,763.1999999999999
2021-07-12 12:00:00,765.1999999999999
2021-07-12 13:00:00,767.3
2021-07-12 14:00:00,768.5
2021-07-12 15:00:00,768.1999999999999
2021-07-12 16:00:00,767.8
2021-07-12 17:00:00,769.0
2021-07-13 09:00:00,769.9
2021-07-13 10:00:00,771.9
2021-07-13 11:00:00,772.5999999999999
2021-07-13 12:00:00,771.9
2021-07-13 13:00:00,772.3
2021-07-13 14:00:00,767.5999999999999
2021-07-13 15:00:00,770.8
2021-07-13 16:00:00,773.5
2021-07-13 17:00:00,774.5
2021-07-14 09:00:00,770.4
2021-07-14 10:00:00,773.0999999999999
2021-07-14 11:00:00,774.5999999999999
2021-07-14 12:00:00,776.8
2021-07-14 13:00:00,778.0
2021-07-14 14:00:00,779.4
2021-07-14 15:00:00,779.4
2021-07-14 16:00:00,779.6999999999999
2021-07-14 17:00:00,779.4
2021-07-15 09:00:00,776.0999999999999
2021-07-15 10:00:00,777.5999999999999
2021-07-15 11:00:00,774.5
2021-07-15 12:00:00,773.4
2021-07-15 13:00:00,772.3
2021-07-15 14:00:00,773.8
2021-07-15 15:00:00,772.4
2021-07-15 16:00:00,768.5999999999999
2021-07-15 17:00:00,769.6999999999999
2021-07-16 09:00:00,768.3
2021-07-16 10:00:00,769.0999999999999
2021-07-16 11:00:00,768.0999999999999
2021-07-16 12:00:00,767.3
2021-07-16 13:00:00,767.6999999999999
2021-07-16 14:00:00,769.9
2021-07-16 15:00:00,767.5999999999999
2021-07-16 16:00:00,766.4
2021-07-16 17:00:00,764.4
2021-07-19 09:00:00,753.6999999999999
2021-07-19 10:00:00,752.5
2021-07-19 11:00:00,754.0
2021-07-19 12:00:00,751.3
2021-07-19 13:00:00,750.0
2021-07-19 15:00:00,746.5
2021-07-19 16:00:00,749.9
2021-07-19 17:00:00,751.3
2021-07-20 09:00:00,752.4
2021-07-20 10:00:00,753.6999999999999
2021-07-20 11:00:00,751.4
2021-07-20 12:00:00,748.5
2021-07-20 14:00:00,749.0999999999999
2021-07-20 15:00:00,750.0999999999999
2021-07-20 16:00:00,753.0
2021-07-20 17:00:00,751.5999999999999
2021-07-21 09:00:00,762.0
2021-07-21 10:00:00,763.5
2021-07-21 11:00:00,762.5
2021-07-21 12:00:00,762.5
2021-07-21 13:00:00,757.6999999999999
2021-07-21 14:00:00,759.0999999999999
2021-07-21 15:00:00,758.3
2021-07-21 16:00:00,760.5
2021-07-21 17:00:00,761.6999999999999
2021-07-22 09:00:00,770.0999999999999
2021-07-22 10:00:00,770.3
2021-07-22 11:00:00,770.4
2021-07-22 12:00:00,772.0
2021-07-22 14:00:00,773.0
2021-07-22 15:00:00,774.5
2021-07-22 16:00:00,776.0999999999999
2021-07-22 17:00:00,776.5
2021-07-23 09:00:00,780.5
2021-07-23 10:00:00,785.5
2021-07-23 11:00:00,787.0
2021-07-23 12:00:00,786.5999999999999
2021-07-23 13:00:00,787.0999999999999
2021-07-23 14:00:00,784.9
2021-07-23 15:00:00,784.3
2021-07-23 16:00:00,785.0
2021-07-23 17:00:00,785.4
2021-07-26 09:00:00,784.3
2021-07-26 10:00:00,783.5
2021-07-26 14:00:00,786.0999999999999
2021-07-26 15:00:00,784.1999999999999
2021-07-26 16:00:00,781.6999999999999
2021-07-26 17:00:00,781.5
2021-07-27 09:00:00,775.6999999999999
2021-07-27 10:00:00,777.9
2021-07-27 11:00:00,779.9
2021-07-27 12:00:00,782.1999999999999
2021-07-27 13:00:00,782.0
2021-07-27 14:00:00,779.6999999999999
2021-07-27 15:00:00,779.0999999999999
2021-07-27 16:00:00,773.0
2021-07-27 17:00:00,770.9
2021-07-27 18:00:00,771.3
2021-07-28 09:00:00,778.9
2021-07-28 10:00:00,780.1999999999999
2021-07-28 11:00:00,780.1999999999999
2021-07-28 12:00:00,776.1999999999999
2021-07-28 13:00:00,778.4
2021-07-28 15:00:00,780.9
2021-07-28 16:00:00,787.3
2021-07-28 17:00:00,787.3
2021-07-29 09:00:00,792.0
2021-07-29 10:00:00,791.5
2021-07-29 11:00:00,793.4
2021-07-29 12:00:00,793.0
2021-07-29 13:00:00,792.8
2021-07-29 14:00:00,794.0
2021-07-29 15:00:00,794.3
2021-07-29 16:00:00,794.5999999999999
2021-07-29 17:00:00,793.6999999999999
2021-07-30 09:00:00,787.0
2021-07-30 10:00:00,790.6999999999999
2021-07-30 11:00:00,790.1999999999999
2021-07-30 13:00:00,790.0999999999999
2021-07-30 14:00:00,790.9
2021-07-30 15:00:00,792.5999999999999
2021-07-30 16:00:00,792.0
2021-07-30 17:00:00,791.5999999999999
2021-08-02 08:00:00,792.0
2021-08-02 09:00:00,795.5
2021-08-02 10:00:00,795.3
2021-08-02 11:00:00,795.0
2021-08-02 12:00:00,794.0
2021-08-02 13:00:00,793.6999999999999
2021-08-02 14:00:00,795.3
2021-08-02 15:00:00,796.8
2021-08-02 16:00:00,799.4
2021-08-02 17:00:00,802.1999999999999
2021-08-03 09:00:00,795.0999999999999
2021-08-03 10:00:00,796.5
2021-08-03 11:00:00,799.3
2021-08-03 12:00:00,796.5
2021-08-03 13:00:00,797.5
2021-08-03 14:00:00,795.8
2021-08-03 15:00:00,799.6999999999999
2021-08-03 16:00:00,798.9
2021-08-03 17:00:00,797.5
2021-08-04 09:00:00,805.5
2021-08-04 11:00:00,809.5999999999999
2021-08-04 12:00:00,809.0999999999999
2021-08-04 14:00:00,808.1999999999999
2021-08-04 15:00:00,810.5
2021-08-04 16:00:00,811.5
2021-08-04 17:00:00,811.4
2021-08-04 18:00:00,810.8
2021-08-05 09:00:00,816.6999999999999
2021-08-05 10:00:00,818.0
2021-08-05 11:00:00,819.1999999999999
2021-08-05 12:00:00,819.3
2021-08-05 13:00:00,820.0999999999999
2021-08-05 14:00:00,820.8
2021-08-05 15:00:00,819.4
2021-08-05 16:00:00,818.5
2021-08-05 17:00:00,818.4
2021-08-05 23:00:00,817.8
2021-08-06 09:00:00,816.4
2021-08-06 10:00:00,817.1999999999999
2021-08-06 11:00:00,816.4
2021-08-06 12:00:00,816.5
2021-08-06 13:00:00,817.4
2021-08-06 14:00:00,812.0
2021-08-06 15:00:00,814.5999999999999
2021-08-06 16:00:00,812.5999999999999
2021-08-06 17:00:00,813.0999999999999
2021-08-09 09:00:00,816.6999999999999
2021-08-09 10:00:00,817.5999999999999
2021-08-09 11:00:00,817.8
2021-08-09 12:00:00,817.8
2021-08-09 15:00:00,816.4
2021-08-09 16:00:00,817.6999999999999
2021-08-09 17:00:00,816.8
2021-08-10 09:00:00,823.3
2021-08-10 10:00:00,824.0
2021-08-10 11:00:00,823.5999999999999
2021-08-10 13:00:00,826.8
2021-08-10 14:00:00,825.3
2021-08-10 15:00:00,825.1999999999999
2021-08-10 16:00:00,819.4
2021-08-10 17:00:00,819.8
2021-08-11 09:00:00,818.0999999999999
2021-08-11 10:00:00,816.3
2021-08-11 11:00:00,816.0
2021-08-11 12:00:00,816.0999999999999
2021-08-11 13:00:00,817.5
2021-08-11 14:00:00,819.8
2021-08-11 15:00:00,820.0999999999999
2021-08-11 16:00:00,816.6999999999999
2021-08-11 17:00:00,815.5999999999999
2021-08-12 09:00:00,813.6999999999999
2021-08-12 10:00:00,813.6999999999999
2021-08-12 11:00:00,814.4
2021-08-12 12:00:00,816.9
2021-08-12 13:00:00,817.1999999999999
2021-08-12 14:00:00,816.0
2021-08-12 15:00:00,813.9
2021-08-12 16:00:00,817.8
2021-08-12 17:00:00,817.3
2021-08-13 09:00:00,813.6999999999999
2021-08-13 12:00:00,815.3
2021-08-13 13:00:00,814.5
2021-08-13 14:00:00,812.9
2021-08-13 16:00:00,812.8
2021-08-13 17:00:00,814.4
2021-08-16 09:00:00,811.3
2021-08-16 10:00:00,812.5999999999999
2021-08-16 11:00:00,812.4
2021-08-16 12:00:00,813.0999999999999
2021-08-16 13:00:00,812.1999999999999
2021-08-16 14:00:00,812.0999999999999
2021-08-16 15:00:00,812.5999999999999
2021-08-16 16:00:00,808.5999999999999
2021-08-16 17:00:00,810.0999999999999
2021-08-17 09:00:00,807.9
2021-08-17 10:00:00,812.0999999999999
2021-08-17 11:00:00,813.0999999999999
2021-08-17 12:00:00,811.9
2021-08-17 13:00:00,811.5
2021-08-17 15:00:00,807.5
2021-08-17 16:00:00,811.5
2021-08-17 17:00:00,811.4
2021-08-18 09:00:00,811.5
2021-08-18 10:00:00,811.8
2021-08-18 11:00:00,812.6999999999999
2021-08-18 12:00:00,813.8
2021-08-18 13:00:00,813.3
2021-08-18 17:00:00,813.4
2021-08-18 21:00:00,811.4
2021-08-19 09:00:00,801.3
2021-08-19 10:00:00,796.0999999999999
2021-08-19 11:00:00,797.5999999999999
2021-08-19 12:00:00,798.0
2021-08-19 14:00:00,794.6999999999999
2021-08-19 15:00:00,797.8
2021-08-19 16:00:00,804.8
2021-08-19 17:00:00,805.0999999999999
2021-08-20 09:00:00,801.4
2021-08-20 10:00:00,803.0999999999999
2021-08-20 11:00:00,806.4
2021-08-20 12:00:00,806.3
2021-08-20 13:00:00,807.1999999999999
2021-08-20 14:00:00,806.1999999999999
2021-08-20 15:00:00,813.5
2021-08-20 16:00:00,811.8
2021-08-20 17:00:00,811.0999999999999
2021-08-23 09:00:00,815.6999999999999
2021-08-23 11:00:00,817.6999999999999
2021-08-23 14:00:00,815.9
2021-08-23 16:00:00,819.8
2021-08-23 17:00:00,821.0999999999999
2021-08-24 08:00:00,826.5
2021-08-24 09:00:00,825.9
2021-08-24 10:00:00,826.6999999999999
2021-08-24 11:00:00,825.5
2021-08-24 13:00:00,822.3
2021-08-24 14:00:00,824.6999999999999
2021-08-24 15:00:00,825.3
2021-08-24 16:00:00,824.9
2021-08-25 08:00:00,827.4
2021-08-25 09:00:00,828.0
2021-08-25 10:00:00,827.3
2021-08-25 11:00:00,827.0999999999999
2021-08-25 12:00:00,826.9
2021-08-25 13:00:00,826.9
2021-08-25 14:00:00,827.5
2021-08-25 15:00:00,825.0999999999999
2021-08-25 16:00:00,825.8
2021-08-26 08:00:00,822.8
2021-08-26 09:00:00,821.1999999999999
2021-08-26 10:00:00,820.3
2021-08-26 11:00:00,822.8
2021-08-26 12:00:00,823.6999999999999
2021-08-26 13:00:00,823.4
2021-08-26 14:00:00,826.0
2021-08-26 15:00:00,824.1999999999999
2021-08-26 16:00:00,825.4
2021-08-27 08:00:00,826.6999999999999
2021-08-27 09:00:00,826.6999999999999
2021-08-27 10:00:00,829.0
2021-08-27 13:00:00,827.5
2021-08-27 14:00:00,829.1999999999999
2021-08-27 15:00:00,833.5999999999999
2021-08-27 16:00:00,833.6999999999999
2021-08-30 08:00:00,838.4
2021-08-30 10:00:00,836.5999999999999
2021-08-30 11:00:00,836.3
2021-08-30 14:00:00,837.8
2021-08-31 08:00:00,845.3
2021-08-31 09:00:00,845.6999999999999
2021-08-31 10:00:00,843.9
2021-08-31 11:00:00,839.8
2021-08-31 12:00:00,841.9
2021-08-31 13:00:00,841.5
2021-08-31 14:00:00,836.5
2021-08-31 15:00:00,834.8
2021-08-31 16:00:00,836.5999999999999
2021-09-01 08:00:00,846.9
2021-09-01 09:00:00,845.0999999999999
2021-09-01 10:00:00,847.4
2021-09-01 11:00:00,846.9
2021-09-01 12:00:00,849.3
2021-09-01 13:00:00,846.9
2021-09-01 14:00:00,845.1999999999999
2021-09-01 15:00:00,849.3
2021-09-01 16:00:00,854.0
2021-09-02 08:00:00,848.9
2021-09-02 09:00:00,852.8
2021-09-02 10:00:00,852.4
2021-09-02 11:00:00,850.8
2021-09-02 12:00:00,850.9
2021-09-02 13:00:00,852.6999999999999
2021-09-02 14:00:00,851.0999999999999
2021-09-02 15:00:00,851.9
2021-09-02 16:00:00,852.1999999999999
2021-09-03 08:00:00,851.1999999999999
2021-09-03 09:00:00,850.3
2021-09-03 10:00:00,848.1999999999999
2021-09-03 11:00:00,848.4
2021-09-03 12:00:00,847.3
2021-09-03 13:00:00,846.6999999999999
2021-09-03 14:00:00,842.8
2021-09-03 15:00:00,848.8
2021-09-03 16:00:00,848.1999999999999
2021-09-06 08:00:00,859.0
2021-09-06 09:00:00,861.1999999999999
2021-09-06 10:00:00,860.4
2021-09-06 11:00:00,862.5
2021-09-06 12:00:00,863.6999999999999
2021-09-06 13:00:00,861.5
2021-09-06 14:00:00,863.0999999999999
2021-09-06 15:00:00,862.5
2021-09-06 16:00:00,862.3
2021-09-07 08:00:00,863.4
2021-09-07 09:00:00,860.3
2021-09-07 10:00:00,860.0999999999999
2021-09-07 11:00:00,859.1999999999999
2021-09-07 12:00:00,862.0999999999999
2021-09-07 13:00:00,860.5
2021-09-07 14:00:00,857.5
2021-09-07 15:00:00,860.3
2021-09-07 16:00:00,858.9
2021-09-08 08:00:00,849.5
2021-09-08 09:00:00,847.4
2021-09-08 10:00:00,849.9
2021-09-08 11:00:00,852.8
2021-09-08 12:00:00,852.0999999999999
2021-09-08 13:00:00,849.3
2021-09-08 14:00:00,849.8
2021-09-08 15:00:00,846.8
2021-09-08 16:00:00,848.3
2021-09-09 08:00:00,840.4
2021-09-09 09:00:00,840.1999999999999
2021-09-09 10:00:00,841.8
2021-09-09 11:00:00,842.1999999999999
2021-09-09 12:00:00,842.8
2021-09-09 13:00:00,845.3
2021-09-09 14:00:00,846.9
2021-09-09 15:00:00,846.5
2021-09-09 16:00:00,843.8
2021-09-09 17:00:00,847.0
2021-09-10 08:00:00,849.3
2021-09-10 09:00:00,851.3
2021-09-10 10:00:00,850.0999999999999
2021-09-10 11:00:00,852.6999999999999
2021-09-10 12:00:00,854.3
2021-09-10 13:00:00,853.1999999999999
2021-09-10 14:00:00,854.5999999999999
2021-09-10 15:00:00,849.5
2021-09-10 16:00:00,849.0
2021-09-10 20:00:00,843.3
2021-09-13 08:00:00,847.8
2021-09-13 09:00:00,848.8
2021-09-13 10:00:00,849.0999999999999
2021-09-13 11:00:00,849.5999999999999
2021-09-13 13:00:00,849.3
2021-09-13 14:00:00,845.5999999999999
2021-09-13 15:00:00,843.3
2021-09-13 16:00:00,843.0999999999999
2021-09-13 16:00:01,843.0999999999999
2021-09-14 08:00:00,841.9
2021-09-14 11:00:00,845.9
2021-09-14 12:00:00,843.4
2021-09-14 13:00:00,847.9
2021-09-14 14:00:00,850.9999999999999
2021-09-14 15:00:00,850.9
2021-09-14 16:00:00,853.8
2021-09-15 08:00:00,854.0999999999999
2021-09-15 10:00:00,854.0999999999999
2021-09-15 14:00:00,847.0999999999999
2021-09-15 15:00:00,845.4999999999999
2021-09-15 16:00:00,845.4
2021-09-16 08:00:00,850.5999999999999
2021-09-16 09:00:00,848.0999999999999
2021-09-16 10:00:00,846.9
2021-09-16 11:00:00,847.5999999999999
2021-09-16 12:00:00,846.9999999999999
2021-09-16 13:00:00,845.4999999999999
2021-09-16 14:00:00,847.5999999999999
2021-09-16 15:00:00,849.8
2021-09-16 16:00:00,849.1999999999999
2021-09-17 08:00:00,857.1999999999999
2021-09-17 09:00:00,855.9
2021-09-17 10:00:00,849.1999999999999
2021-09-17 11:00:00,845.6999999999999
2021-09-17 12:00:00,847.4
2021-09-17 13:00:00,845.1999999999999
2021-09-17 14:00:00,846.8
2021-09-17 15:00:00,837.5999999999999
2021-09-17 16:00:00,838.1999999999999
2021-09-17 18:00:00,839.6999999999999
2021-09-20 08:00:00,826.9999999999999
2021-09-20 09:00:00,826.8
2021-09-20 10:00:00,825.3
2021-09-20 11:00:00,824.0999999999999
2021-09-20 12:00:00,819.9
2021-09-20 13:00:00,818.4999999999999
2021-09-20 14:00:00,824.1999999999999
2021-09-20 15:00:00,821.4
2021-09-20 16:00:00,823.3
2021-09-21 08:00:00,833.0999999999999
2021-09-21 09:00:00,835.4999999999999
2021-09-21 10:00:00,835.4999999999999
2021-09-21 11:00:00,836.3
2021-09-21 13:00:00,835.6999999999999
2021-09-21 14:00:00,835.9999999999999
2021-09-21 15:00:00,833.6999999999999
2021-09-21 16:00:00,836.0999999999999
2021-09-22 07:00:00,839.6999999999999
2021-09-22 08:00:00,835.0999999999999
2021-09-22 09:00:00,837.1999999999999
2021-09-22 10:00:00,832.4
2021-09-22 11:00:00,833.4
2021-09-22 12:00:00,833.5999999999999
2021-09-22 13:00:00,833.8
2021-09-22 14:00:00,833.6999999999999
2021-09-22 15:00:00,838.9999999999999
2021-09-22 16:00:00,839.1999999999999
2021-09-23 07:00:00,846.5999999999999
2021-09-23 08:00:00,853.3
2021-09-23 09:00:00,856.8
2021-09-23 10:00:00,856.9
2021-09-23 11:00:00,851.9
2021-09-23 12:00:00,853.3
2021-09-23 13:00:00,853.6999999999999
2021-09-23 15:00:00,856.3
2021-09-23 16:00:00,854.5999999999999
2021-09-24 08:00:00,846.4
2021-09-24 09:00:00,847.4
2021-09-24 10:00:00,844.4
2021-09-24 11:00:00,842.9999999999999
2021-09-24 12:00:00,842.9999999999999
2021-09-24 14:00:00,845.4
2021-09-24 15:00:00,842.4
2021-09-24 16:00:00,845.9
2021-09-27 08:00:00,845.5999999999999
2021-09-27 09:00:00,839.1999999999999
2021-09-27 10:00:00,838.9
2021-09-27 11:00:00,833.3
2021-09-27 12:00:00,833.6999999999999
2021-09-27 13:00:00,832.5999999999999
2021-09-27 14:00:00,830.4
2021-09-27 15:00:00,830.6999999999999
2021-09-27 16:00:00,829.4999999999999
2021-09-28 08:00:00,804.1999999999999
2021-09-28 09:00:00,804.1999999999999
2021-09-28 10:00:00,798.4999999999999
2021-09-28 11:00:00,799.9999999999999
2021-09-28 12:00:00,799.5999999999999
2021-09-28 13:00:00,796.1999999999999
2021-09-28 14:00:00,799.5999999999999
2021-09-28 15:00:00,794.4999999999999
2021-09-28 16:00:00,792.9999999999999
2021-09-29 08:00:00,801.1999999999999
2021-09-29 09:00:00,800.4
2021-09-29 12:00:00,800.4
2021-09-29 14:00:00,797.8
2021-09-29 15:00:00,790.8
2021-09-29 16:00:00,786.0999999999999
2021-09-29 19:00:00,785.3
2021-09-30 08:00:00,799.1999999999999
2021-09-30 09:00:00,794.8
2021-09-30 11:00:00,788.9
2021-09-30 12:00:00,785.3
2021-09-30 13:00:00,786.4999999999999
2021-09-30 14:00:00,784.4
2021-09-30 15:00:00,787.5999999999999
2021-09-30 16:00:00,786.9999999999999
2021-10-01 08:00:00,777.5999999999999
2021-10-01 09:00:00,775.3
2021-10-01 10:00:00,775.9
2021-10-01 11:00:00,775.9999999999999
2021-10-01 12:00:00,781.4
2021-10-01 13:00:00,779.0999999999999
2021-10-01 14:00:00,774.9999999999999
2021-10-01 15:00:00,774.9999999999999
2021-10-01 16:00:00,775.1999999999999
2021-10-04 08:00:00,765.9999999999999
2021-10-04 09:00:00,765.4999999999999
2021-10-04 10:00:00,773.5999999999999
2021-10-04 11:00:00,770.9
2021-10-04 12:00:00,769.0999999999999
2021-10-04 13:00:00,769.9999999999999
2021-10-04 14:00:00,765.8
2021-10-04 15:00:00,758.9999999999999
2021-10-04 16:00:00,759.1999999999999
2021-10-04 19:00:00,759.4
2021-10-05 08:00:00,760.0999999999999
2021-10-05 09:00:00,764.9
2021-10-05 10:00:00,768.6999999999999
2021-10-05 11:00:00,765.9
2021-10-05 12:00:00,768.4999999999999
2021-10-05 13:00:00,768.0999999999999
2021-10-05 14:00:00,768.0999999999999
2021-10-05 15:00:00,775.4999999999999
2021-10-05 16:00:00,774.8
2021-10-05 19:00:00,778.1999999999999
2021-10-06 08:00:00,759.0999999999999
2021-10-06 09:00:00,760.8
2021-10-06 10:00:00,758.9
2021-10-06 11:00:00,756.9999999999999
2021-10-06 12:00:00,759.4
2021-10-06 13:00:00,761.4
2021-10-06 14:00:00,765.5999999999999
2021-10-06 15:00:00,772.3
2021-10-06 16:00:00,767.9999999999999
2021-10-07 07:00:00,780.1999999999999
2021-10-07 08:00:00,778.9999999999999
2021-10-07 09:00:00,776.9999999999999
2021-10-07 10:00:00,775.4
2021-10-07 11:00:00,773.8
2021-10-07 12:00:00,776.3
2021-10-07 13:00:00,778.8
2021-10-07 14:00:00,778.4
2021-10-07 15:00:00,784.0999999999999
2021-10-07 16:00:00,784.9999999999999
2021-10-08 08:00:00,776.8
2021-10-08 09:00:00,780.4
2021-10-08 10:00:00,777.9999999999999
2021-10-08 11:00:00,782.1999999999999
2021-10-08 12:00:00,781.9
2021-10-08 13:00:00,782.0999999999999
2021-10-08 14:00:00,778.5999999999999
2021-10-08 15:00:00,775.9999999999999
2021-10-08 16:00:00,777.0999999999999
2021-10-11 08:00:00,767.8
2021-10-11 09:00:00,770.4999999999999
2021-10-11 11:00:00,766.3
2021-10-11 12:00:00,760.9999999999999
2021-10-11 13:00:00,765.8
2021-10-11 14:00:00,769.0999999999999
2021-10-11 15:00:00,769.9999999999999
2021-10-11 16:00:00,771.3
2021-10-12 08:00:00,764.4
2021-10-12 09:00:00,767.5999999999999
2021-10-12 10:00:00,774.5999999999999
2021-10-12 11:00:00,774.9
2021-10-12 12:00:00,772.9
2021-10-12 13:00:00,771.9999999999999
2021-10-12 14:00:00,771.4999999999999
2021-10-12 15:00:00,767.5999999999999
2021-10-12 16:00:00,769.0999999999999
2021-10-13 08:00:00,779.5999999999999
2021-10-13 09:00:00,786.5999999999999
2021-10-13 10:00:00,786.0999999999999
2021-10-13 11:00:00,787.5999999999999
2021-10-13 12:00:00,788.9
2021-10-13 13:00:00,784.9
2021-10-13 14:00:00,788.4
2021-10-13 15:00:00,787.5999999999999
2021-10-13 16:00:00,788.3
2021-10-14 08:00:00,801.4
2021-10-14 09:00:00,803.0999999999999
2021-10-14 10:00:00,802.6999999999999
2021-10-14 11:00:00,800.9999999999999
2021-10-14 12:00:00,803.8
2021-10-14 13:00:00,803.8
2021-10-14 14:00:00,804.8
2021-10-14 15:00:00,805.4
2021-10-14 16:00:00,806.0999999999999
2021-10-15 08:00:00,807.3
2021-10-15 09:00:00,811.4999999999999
2021-10-15 10:00:00,810.4999999999999
2021-10-15 11:00:00,810.1999999999999
2021-10-15 12:00:00,808.6999999999999
2021-10-15 13:00:00,810.9
2021-10-15 14:00:00,811.5999999999999
2021-10-15 15:00:00,813.9
2021-10-15 16:00:00,813.9999999999999
2021-10-18 08:00:00,806.9
2021-10-18 09:00:00,809.8
2021-10-18 10:00:00,809.9
2021-10-18 11:00:00,807.3
2021-10-18 12:00:00,807.4999999999999
2021-10-18 13:00:00,805.5999999999999
2021-10-18 14:00:00,810.1999999999999
2021-10-18 15:00:00,813.3
2021-10-18 16:00:00,812.9
2021-10-19 08:00:00,817.8
2021-10-19 09:00:00,813.9
2021-10-19 10:00:00,814.6999999999999
2021-10-19 11:00:00,817.6999999999999
2021-10-19 12:00:00,816.5999999999999
2021-10-19 13:00:00,816.3
2021-10-19 14:00:00,818.5999999999999
2021-10-19 15:00:00,820.4
2021-10-19 16:00:00,820.4999999999999
2021-10-20 08:00:00,818.3
2021-10-20 09:00:00,818.4999999999999
2021-10-20 10:00:00,820.9999999999999
2021-10-20 11:00:00,818.9999999999999
2021-10-20 12:00:00,819.5999999999999
2021-10-20 13:00:00,819.0999999999999
2021-10-20 14:00:00,812.3
2021-10-20 15:00:00,810.0999999999999
2021-10-20 16:00:00,810.9
2021-10-21 08:00:00,815.4999999999999
2021-10-21 09:00:00,812.5999999999999
2021-10-21 10:00:00,816.4
2021-10-21 11:00:00,815.9
2021-10-21 12:00:00,813.9
2021-10-21 13:00:00,813.3
2021-10-21 14:00:00,807.4
2021-10-21 15:00:00,812.5999999999999
2021-10-21 16:00:00,814.0999999999999
2021-10-21 17:00:00,814.0999999999999
2021-10-22 08:00:00,820.9
2021-10-22 09:00:00,824.1999999999999
2021-10-22 10:00:00,823.1999999999999
2021-10-22 11:00:00,823.4999999999999
2021-10-22 12:00:00,825.0999999999999
2021-10-22 13:00:00,822.5999999999999
2021-10-22 14:00:00,825.1999999999999
2021-10-22 15:00:00,826.8
2021-10-22 16:00:00,823.6999999999999
2021-10-25 08:00:00,822.8
2021-10-25 09:00:00,822.8
2021-10-25 10:00:00,823.9999999999999
2021-10-25 13:00:00,823.3
2021-10-25 14:00:00,821.9999999999999
2021-10-25 15:00:00,822.0999999999999
2021-10-25 16:00:00,823.0999999999999
2021-10-26 08:00:00,823.9
2021-10-26 09:00:00,827.8
2021-10-26 10:00:00,828.9
2021-10-26 11:00:00,826.0999999999999
2021-10-26 12:00:00,825.4
2021-10-26 14:00:00,828.3
2021-10-26 15:00:00,827.9
2021-10-26 16:00:00,828.1999999999999
2021-10-27 09:00:00,826.9
2021-10-27 10:00:00,825.4999999999999
2021-10-27 11:00:00,826.9
2021-10-27 12:00:00,828.1999999999999
2021-10-27 13:00:00,825.4
2021-10-27 14:00:00,831.3
2021-10-27 15:00:00,828.4
2021-10-27 16:00:00,828.5999999999999
2021-10-28 08:00:00,836.9
2021-10-28 09:00:00,838.1999999999999
2021-10-28 10:00:00,838.8
2021-10-28 11:00:00,840.6999999999999
2021-10-28 12:00:00,841.3
2021-10-28 13:00:00,838.3
2021-10-28 14:00:00,839.9999999999999
2021-10-28 15:00:00,837.6999999999999
2021-10-28 16:00:00,838.8
2021-10-29 08:00:00,831.5999999999999
2021-10-29 09:00:00,827.9
2021-10-29 10:00:00,830.6999999999999
2021-10-29 11:00:00,829.5999999999999
2021-10-29 12:00:00,829.9999999999999
2021-10-29 13:00:00,830.9
2021-10-29 14:00:00,833.6999999999999
2021-10-29 15:00:00,839.3
2021-10-29 16:00:00,839.5999999999999
2021-11-01 07:00:00,843.1999999999999
2021-11-01 08:00:00,843.1999999999999
2021-11-01 10:00:00,837.6999999999999
2021-11-01 11:00:00,837.6999999999999
2021-11-01 13:00:00,836.6999999999999
2021-11-01 14:00:00,837.5999999999999
2021-11-01 16:00:00,840.6999999999999
2021-11-02 08:00:00,843.4
2021-11-02 09:00:00,844.4
2021-11-02 11:00:00,842.6999999999999
2021-11-02 12:00:00,842.9
2021-11-02 13:00:00,844.9999999999999
2021-11-02 14:00:00,842.0999999999999
2021-11-02 15:00:00,843.0999999999999
2021-11-02 16:00:00,842.4999999999999
2021-11-03 08:00:00,846.9
2021-11-03 10:00:00,845.4
2021-11-03 11:00:00,847.4
2021-11-03 12:00:00,847.4
2021-11-03 13:00:00,847.0999999999999
2021-11-03 14:00:00,847.6999999999999
2021-11-03 15:00:00,849.9999999999999
2021-11-03 16:00:00,849.9999999999999
2021-11-04 08:00:00,855.0999999999999
2021-11-04 09:00:00,854.1999999999999
2021-11-04 10:00:00,855.0999999999999
2021-11-04 11:00:00,857.0999999999999
2021-11-04 12:00:00,856.4999999999999
2021-11-04 13:00:00,860.4999999999999
2021-11-04 14:00:00,864.0999999999999
2021-11-04 15:00:00,863.8
2021-11-04 16:00:00,862.0999999999999
2021-11-05 08:00:00,865.5999999999999
2021-11-05 09:00:00,870.0999999999999
2021-11-05 10:00:00,871.0999999999999
2021-11-05 11:00:00,867.9
2021-11-05 12:00:00,868.9999999999999
2021-11-05 13:00:00,866.3
2021-11-05 14:00:00,866.9
2021-11-05 15:00:00,867.0999999999999
2021-11-05 16:00:00,866.5999999999999
2021-11-08 08:00:00,867.0999999999999
2021-11-08 09:00:00,867.5999999999999
2021-11-08 10:00:00,867.5999999999999
2021-11-08 11:00:00,868.5999999999999
2021-11-08 14:00:00,866.9999999999999
2021-11-08 15:00:00,867.9
2021-11-08 16:00:00,866.9
2021-11-09 08:00:00,865.0999999999999
2021-11-09 09:00:00,867.6999999999999
2021-11-09 10:00:00,866.3
2021-11-09 12:00:00,867.8
2021-11-09 14:00:00,868.1999999999999
2021-11-09 15:00:00,865.5999999999999
2021-11-09 16:00:00,864.3
2021-11-10 07:00:00,866.5999999999999
2021-11-10 08:00:00,864.9999999999999
2021-11-10 09:00:00,859.0999999999999
2021-11-10 10:00:00,852.4999999999999
2021-11-10 11:00:00,849.4999999999999
2021-11-10 12:00:00,852.6999999999999
2021-11-10 13:00:00,849.9999999999999
2021-11-10 14:00:00,853.5999999999999
2021-11-10 15:00:00,854.9999999999999
2021-11-10 16:00:00,853.8
2021-11-11 08:00:00,848.3
2021-11-11 09:00:00,853.4
2021-11-11 10:00:00,853.4999999999999
2021-11-11 11:00:00,854.6999999999999
2021-11-11 13:00:00,858.3
2021-11-11 14:00:00,858.4999999999999
2021-11-11 15:00:00,860.6999999999999
2021-11-11 16:00:00,860.8
2021-11-12 08:00:00,862.4
2021-11-12 09:00:00,862.4
2021-11-12 10:00:00,859.8
2021-11-12 12:00:00,864.0999999999999
2021-11-12 13:00:00,865.1999999999999
2021-11-12 14:00:00,863.0999999999999
2021-11-12 15:00:00,866.1999999999999
2021-11-12 16:00:00,866.4999999999999
2021-11-15 08:00:00,868.1999999999999
2021-11-15 09:00:00,867.8
2021-11-15 10:00:00,870.9999999999999
2021-11-15 12:00:00,870.6999999999999
2021-11-15 13:00:00,871.4999999999999
2021-11-15 14:00:00,872.6999999999999
2021-11-15 15:00:00,871.9999999999999
2021-11-15 16:00:00,872.9
2021-11-16 08:00:00,875.4999999999999
2021-11-16 09:00:00,876.1999999999999
2021-11-16 11:00:00,876.5999999999999
2021-11-16 12:00:00,875.4999999999999
2021-11-16 13:00:00,875.3
2021-11-16 14:00:00,877.3
2021-11-16 15:00:00,876.5999999999999
2021-11-16 16:00:00,879.3
2021-11-17 08:00:00,881.3
2021-11-17 09:00:00,882.9999999999999
2021-11-17 10:00:00,882.4
2021-11-17 11:00:00,882.4999999999999
2021-11-17 12:00:00,883.1999999999999
2021-11-17 13:00:00,884.4
2021-11-17 14:00:00,882.1999999999999
2021-11-17 15:00:00,883.4
2021-11-17 16:00:00,884.1999999999999
2021-11-18 08:00:00,885.9
2021-11-18 09:00:00,886.3
2021-11-18 10:00:00,886.0999999999999
2021-11-18 13:00:00,885.4
2021-11-18 14:00:00,885.4
2021-11-18 15:00:00,882.9999999999999
2021-11-18 16:00:00,883.4
2021-11-19 08:00:00,884.1999999999999
2021-11-19 09:00:00,889.5999999999999
2021-11-19 10:00:00,888.3
2021-11-19 11:00:00,887.6999999999999
2021-11-19 12:00:00,883.4999999999999
2021-11-19 13:00:00,884.3
2021-11-19 14:00:00,884.6999999999999
2021-11-19 15:00:00,881.4
2021-11-19 16:00:00,883.8
2021-11-22 08:00:00,882.4
2021-11-22 09:00:00,881.8
2021-11-22 10:00:00,878.4999999999999
2021-11-22 11:00:00,878.4
2021-11-22 12:00:00,875.8
2021-11-22 13:00:00,875.1999999999999
2021-11-22 14:00:00,875.3
2021-11-22 15:00:00,872.9999999999999
2021-11-22 16:00:00,867.4999999999999
2021-11-23 08:00:00,843.4
2021-11-23 09:00:00,847.0999999999999
2021-11-23 10:00:00,848.6999999999999
2021-11-23 11:00:00,848.3
2021-11-23 12:00:00,847.4
2021-11-23 13:00:00,845.1999999999999
2021-11-23 14:00:00,851.5999999999999
2021-11-23 15:00:00,836.9
2021-11-23 16:00:00,839.8
2021-11-24 08:00:00,840.5999999999999
2021-11-24 09:00:00,826.8
2021-11-24 10:00:00,832.4999999999999
2021-11-24 11:00:00,829.5999999999999
2021-11-24 12:00:00,829.4
2021-11-24 13:00:00,825.9
2021-11-24 14:00:00,828.9
2021-11-24 15:00:00,834.4999999999999
2021-11-24 16:00:00,836.4
2021-11-25 08:00:00,844.0999999999999
2021-11-25 09:00:00,842.1999999999999
2021-11-25 10:00:00,838.4999999999999
2021-11-25 11:00:00,835.8
2021-11-25 13:00:00,837.8
2021-11-25 14:00:00,837.9
2021-11-25 15:00:00,841.3
2021-11-25 16:00:00,840.6999999999999
2021-11-26 08:00:00,825.6999999999999
2021-11-26 09:00:00,828.0999999999999
2021-11-26 10:00:00,829.3
2021-11-26 11:00:00,828.6999999999999
2021-11-26 12:00:00,828.4
2021-11-26 13:00:00,824.0999999999999
2021-11-26 14:00:00,824.6999999999999
2021-11-26 15:00:00,821.6999999999999
2021-11-26 16:00:00,816.4999999999999
2021-11-29 08:00:00,823.0999999999999
2021-11-29 09:00:00,823.9
2021-11-29 10:00:00,825.1999999999999
2021-11-29 11:00:00,824.8
2021-11-29 12:00:00,824.9
2021-11-29 13:00:00,825.6999999999999
2021-11-29 14:00:00,829.3
2021-11-29 15:00:00,826.5999999999999
2021-11-29 16:00:00,827.9
2021-11-30 08:00:00,818.9999999999999
2021-11-30 09:00:00,818.6999999999999
2021-11-30 10:00:00,818.4999999999999
2021-11-30 11:00:00,820.8
2021-11-30 12:00:00,821.5999999999999
2021-11-30 13:00:00,826.0999999999999
2021-11-30 14:00:00,834.4999999999999
2021-11-30 15:00:00,823.9
2021-11-30 16:00:00,818.8
2021-12-01 08:00:00,824.5999999999999
2021-12-01 09:00:00,833.3
2021-12-01 10:00:00,832.4
2021-12-01 11:00:00,834.4999999999999
2021-12-01 12:00:00,837.6999999999999
2021-12-01 13:00:00,837.4999999999999
2021-12-01 14:00:00,839.3
2021-12-01 15:00:00,844.6999999999999
2021-12-01 16:00:00,846.8
2021-12-02 08:00:00,827.1999999999999
2021-12-02 09:00:00,824.4999999999999
2021-12-02 10:00:00,822.3
2021-12-02 12:00:00,813.0999999999999
2021-12-02 13:00:00,812.3
2021-12-02 14:00:00,819.3
2021-12-02 15:00:00,814.6999999999999
2021-12-02 16:00:00,815.9
2021-12-03 08:00:00,814.9999999999999
2021-12-03 09:00:00,815.1999999999999
2021-12-03 10:00:00,812.3
2021-12-03 11:00:00,815.0999999999999
2021-12-03 13:00:00,820.0999999999999
2021-12-03 14:00:00,808.4
2021-12-03 15:00:00,801.9999999999999
2021-12-03 16:00:00,803.6999999999999
2021-12-06 08:00:00,807.0999999999999
2021-12-06 09:00:00,798.8
2021-12-06 10:00:00,799.1999999999999
2021-12-06 11:00:00,802.3
2021-12-06 12:00:00,802.4999999999999
2021-12-06 13:00:00,805.3
2021-12-06 14:00:00,800.4999999999999
2021-12-06 15:00:00,801.4
2021-12-06 16:00:00,801.0999999999999
2021-12-07 07:00:00,814.6999999999999
2021-12-07 08:00:00,827.6999999999999
2021-12-07 09:00:00,831.9999999999999
2021-12-07 10:00:00,832.4999999999999
2021-12-07 11:00:00,830.8
2021-12-07 13:00:00,830.6999999999999
2021-12-07 14:00:00,832.4999999999999
2021-12-07 15:00:00,841.0999999999999
2021-12-07 16:00:00,843.1999999999999
2021-12-07 17:00:00,843.1999999999999
2021-12-08 08:00:00,844.4999999999999
2021-12-08 09:00:00,844.5999999999999
2021-12-08 10:00:00,838.4
2021-12-08 11:00:00,843.0999999999999
2021-12-08 13:00:00,836.9999999999999
2021-12-08 14:00:00,835.4999999999999
2021-12-08 15:00:00,832.4999999999999
2021-12-08 16:00:00,832.9
2021-12-09 08:00:00,835.6999999999999
2021-12-09 09:00:00,835.4999999999999
2021-12-09 10:00:00,829.0999999999999
2021-12-09 11:00:00,828.4999999999999
2021-12-09 12:00:00,827.8
2021-12-09 14:00:00,826.9999999999999
2021-12-09 15:00:00,825.3
2021-12-09 16:00:00,826.3
2021-12-10 08:00:00,817.9999999999999
2021-12-10 09:00:00,817.0999999999999
2021-12-10 10:00:00,818.6999999999999
2021-12-10 11:00:00,820.4999999999999
2021-12-10 12:00:00,819.3
2021-12-10 13:00:00,822.1999999999999
2021-12-10 14:00:00,822.1999999999999
2021-12-10 15:00:00,820.4
2021-12-10 16:00:00,818.9999999999999
2021-12-10 17:00:00,818.9999999999999
2021-12-10 18:00:00,818.9999999999999
2021-12-10 19:00:00,818.9999999999999
2021-12-10 20:00:00,818.9999999999999
2021-12-10 21:00:00,818.9999999999999
2021-12-13 08:00:00,823.5999999999999
2021-12-13 09:00:00,831.3
2021-12-13 10:00:00,831.5999999999999
2021-12-13 11:00:00,830.3
2021-12-13 12:00:00,829.1999999999999
2021-12-13 13:00:00,827.9
2021-12-13 14:00:00,825.9
2021-12-13 15:00:00,820.3
2021-12-13 16:00:00,816.9999999999999
2021-12-13 17:00:00,816.9999999999999
2021-12-13 18:00:00,816.9999999999999
2021-12-13 19:00:00,816.9999999999999
2021-12-13 20:00:00,816.9999999999999
2021-12-13 21:00:00,816.9999999999999
2021-12-14 08:00:00,821.0999999999999
2021-12-14 09:00:00,813.4999999999999
2021-12-14 10:00:00,812.9999999999999
2021-12-14 11:00:00,813.3
2021-12-14 12:00:00,813.4999999999999
2021-12-14 13:00:00,808.1999999999999
2021-12-14 14:00:00,803.9
2021-12-14 15:00:00,799.5999999999999
2021-12-14 16:00:00,799.4999999999999
2021-12-14 17:00:00,799.4999999999999
2021-12-14 17:00:01,799.4999999999999
2021-12-14 18:00:00,799.4999999999999
2021-12-14 19:00:00,799.4999999999999
2021-12-14 20:00:00,799.4999999999999
2021-12-14 21:00:00,799.4999999999999
2021-12-15 08:00:00,811.5999999999998
2021-12-15 09:00:00,808.3999999999999
2021-12-15 10:00:00,808.3999999999999
2021-12-15 11:00:00,807.8999999999999
2021-12-15 12:00:00,807.8999999999999
2021-12-15 13:00:00,808.4999999999999
2021-12-15 14:00:00,807.9999999999999
2021-12-15 15:00:00,810.5999999999998
2021-12-15 16:00:00,810.1999999999998
2021-12-15 17:00:00,810.1999999999998
2021-12-15 18:00:00,810.1999999999998
2021-12-15 19:00:00,815.1999999999998
2021-12-15 20:00:00,819.3999999999999
2021-12-15 21:00:00,819.3999999999999
2021-12-16 07:00:00,828.8999999999999
2021-12-16 08:00:00,832.9999999999999
2021-12-16 09:00:00,825.0999999999998
2021-12-16 10:00:00,825.0999999999998
2021-12-16 11:00:00,834.1999999999998
2021-12-16 12:00:00,831.5999999999998
2021-12-16 13:00:00,829.5999999999998
2021-12-16 14:00:00,829.8999999999999
2021-12-16 15:00:00,818.6999999999998
2021-12-16 16:00:00,814.0999999999998
2021-12-16 17:00:00,814.0999999999998
2021-12-16 18:00:00,814.0999999999998
2021-12-16 19:00:00,807.2999999999998
2021-12-16 20:00:00,807.2999999999998
2021-12-16 21:00:00,807.2999999999998
2021-12-17 08:00:00,800.7999999999998
2021-12-17 09:00:00,797.4999999999999
2021-12-17 10:00:00,798.7999999999998
2021-12-17 11:00:00,796.6999999999998
2021-12-17 12:00:00,796.0999999999998
2021-12-17 13:00:00,800.6999999999998
2021-12-17 14:00:00,799.2999999999998
2021-12-17 15:00:00,806.6999999999998
2021-12-17 16:00:00,805.0999999999998
2021-12-17 17:00:00,805.0999999999998
2021-12-17 18:00:00,805.0999999999998
2021-12-17 19:00:00,805.0999999999998
2021-12-17 20:00:00,805.0999999999998
2021-12-17 21:00:00,805.0999999999998
2021-12-20 08:00:00,796.5999999999998
2021-12-20 09:00:00,794.8999999999999
2021-12-20 10:00:00,797.4999999999999
2021-12-20 11:00:00,798.0999999999998
2021-12-20 12:00:00,798.0999999999998
2021-12-20 13:00:00,796.8999999999999
2021-12-20 14:00:00,797.3999999999999
2021-12-20 15:00:00,799.2999999999998
2021-12-20 16:00:00,799.1999999999998
2021-12-20 17:00:00,799.1999999999998
2021-12-20 18:00:00,799.1999999999998
2021-12-20 19:00:00,799.1999999999998
2021-12-20 20:00:00,801.0999999999998
2021-12-20 21:00:00,801.0999999999998
2021-12-21 07:00:00,812.1999999999998
2021-12-21 08:00:00,805.2999999999998
2021-12-21 09:00:00,804.8999999999999
2021-12-21 10:00:00,808.0999999999998
2021-12-21 11:00:00,812.5999999999998
2021-12-21 12:00:00,813.5999999999998
2021-12-21 13:00:00,813.1999999999998
2021-12-21 14:00:00,808.5999999999998
2021-12-21 15:00:00,809.3999999999999
2021-12-21 16:00:00,810.5999999999998
2021-12-21 17:00:00,810.5999999999998
2021-12-21 18:00:00,810.5999999999998
2021-12-21 19:00:00,810.5999999999998
2021-12-21 20:00:00,810.5999999999998
2021-12-21 21:00:00,810.5999999999998
2021-12-22 08:00:00,815.6999999999998
2021-12-22 09:00:00,814.7999999999998
2021-12-22 10:00:00,814.8999999999999
2021-12-22 11:00:00,814.8999999999999
2021-12-22 12:00:00,814.8999999999999
2021-12-22 13:00:00,814.8999999999999
2021-12-22 14:00:00,816.9999999999999
2021-12-22 15:00:00,822.3999999999999
2021-12-22 16:00:00,823.7999999999998
2021-12-22 17:00:00,823.7999999999998
2021-12-22 18:00:00,823.7999999999998
2021-12-22 19:00:00,823.7999999999998
2021-12-22 20:00:00,823.7999999999998
2021-12-22 21:00:00,823.7999999999998
2021-12-23 08:00:00,825.2999999999998
2021-12-23 09:00:00,828.8999999999999
2021-12-23 10:00:00,830.1999999999998
2021-12-23 11:00:00,830.1999999999998
2021-12-23 12:00:00,832.5999999999998
2021-12-23 13:00:00,832.5999999999998
2021-12-23 14:00:00,832.5999999999998
2021-12-23 15:00:00,835.9999999999999
2021-12-23 16:00:00,835.1999999999998
2021-12-23 17:00:00,835.1999999999998
2021-12-23 18:00:00,835.1999999999998
2021-12-23 19:00:00,835.1999999999998
2021-12-23 20:00:00,835.1999999999998
2021-12-23 21:00:00,835.1999999999998
2021-12-23 23:00:00,835.6999999999998
2021-12-27 08:00:00,831.6999999999998
2021-12-27 09:00:00,833.0999999999998
2021-12-27 10:00:00,833.0999999999998
2021-12-27 11:00:00,833.0999999999998
2021-12-27 12:00:00,833.0999999999998
2021-12-27 13:00:00,833.0999999999998
2021-12-27 14:00:00,833.0999999999998
2021-12-27 15:00:00,844.4999999999999
2021-12-27 16:00:00,844.4999999999999
2021-12-27 17:00:00,844.4999999999999
2021-12-27 18:00:00,844.4999999999999
2021-12-27 19:00:00,844.4999999999999
2021-12-27 20:00:00,844.4999999999999
2021-12-27 21:00:00,844.4999999999999
2021-12-28 12:00:00,848.9999999999999
2021-12-28 13:00:00,848.9999999999999
2021-12-28 14:00:00,845.7999999999998
2021-12-28 15:00:00,846.0999999999998
2021-12-28 16:00:00,846.0999999999998
2021-12-28 17:00:00,846.0999999999998
2021-12-28 18:00:00,846.0999999999998
2021-12-28 19:00:00,846.0999999999998
2021-12-28 20:00:00,846.0999999999998
2021-12-28 21:00:00,846.0999999999998
2021-12-29 08:00:00,844.0999999999998
2021-12-29 09:00:00,844.0999999999998
2021-12-29 10:00:00,841.0999999999998
2021-12-29 11:00:00,841.4999999999999
2021-12-29 12:00:00,841.3999999999999
2021-12-29 13:00:00,838.8999999999999
2021-12-29 14:00:00,838.1999999999998
2021-12-29 15:00:00,836.1999999999998
2021-12-29 16:00:00,837.4999999999999
2021-12-29 17:00:00,837.4999999999999
2021-12-29 18:00:00,837.4999999999999
2021-12-29 19:00:00,837.4999999999999
2021-12-29 20:00:00,837.4999999999999
2021-12-29 21:00:00,837.4999999999999
2021-12-30 09:00:00,841.7999999999998
2021-12-30 10:00:00,841.7999999999998
2021-12-30 11:00:00,841.0999999999998
2021-12-30 12:00:00,841.0999999999998
2021-12-30 13:00:00,842.7999999999998
2021-12-30 14:00:00,840.7999999999998
2021-12-30 15:00:00,842.4999999999999
2021-12-30 16:00:00,841.3999999999999
2021-12-30 17:00:00,841.3999999999999
2021-12-30 18:00:00,841.3999999999999
2021-12-30 19:00:00,841.3999999999999
2021-12-30 20:00:00,841.3999999999999
2021-12-30 21:00:00,841.3999999999999
2021-12-30 23:00:00,841.9999999999999
2022-01-03 09:00:00,841.0999999999998
2022-01-03 10:00:00,841.0999999999998
2022-01-03 11:00:00,843.3999999999999
2022-01-03 12:00:00,842.4999999999999
2022-01-03 13:00:00,842.4999999999999
2022-01-03 14:00:00,835.1999999999998
2022-01-03 15:00:00,842.8999999999999
2022-01-03 16:00:00,842.7999999999998
2022-01-03 17:00:00,842.7999999999998
2022-01-03 18:00:00,842.7999999999998
2022-01-03 19:00:00,842.7999999999998
2022-01-03 20:00:00,842.7999999999998
2022-01-03 21:00:00,842.7999999999998
2022-01-04 08:00:00,839.6999999999998
2022-01-04 09:00:00,843.0999999999998
2022-01-04 10:00:00,847.3999999999999
2022-01-04 11:00:00,846.5999999999998
2022-01-04 12:00:00,845.9999999999999
2022-01-04 13:00:00,844.7999999999998
2022-01-04 14:00:00,844.7999999999998
2022-01-04 15:00:00,827.0999999999998
2022-01-04 16:00:00,828.4999999999999
2022-01-04 17:00:00,828.4999999999999
2022-01-04 18:00:00,828.4999999999999
2022-01-04 19:00:00,828.4999999999999
2022-01-04 20:00:00,828.4999999999999
2022-01-04 21:00:00,828.4999999999999
2022-01-05 08:00:00,827.9999999999999
2022-01-05 09:00:00,828.0999999999998
2022-01-05 10:00:00,830.3999999999999
2022-01-05 11:00:00,829.0999999999998
2022-01-05 12:00:00,827.7999999999998
2022-01-05 13:00:00,826.9999999999999
2022-01-05 14:00:00,825.6999999999998
2022-01-05 15:00:00,825.6999999999998
2022-01-05 16:00:00,825.7999999999998
2022-01-05 17:00:00,825.7999999999998
2022-01-05 18:00:00,825.7999999999998
2022-01-05 19:00:00,825.7999999999998
2022-01-05 20:00:00,825.7999999999998
2022-01-05 21:00:00,825.7999999999998
2022-01-06 08:00:00,805.8999999999999
2022-01-06 09:00:00,804.7999999999998
2022-01-06 10:00:00,804.7999999999998
2022-01-06 11:00:00,801.5999999999998
2022-01-06 12:00:00,799.6999999999998
2022-01-06 13:00:00,802.8999999999999
2022-01-06 14:00:00,799.1999999999998
2022-01-06 15:00:00,803.8999999999999
2022-01-06 16:00:00,805.2999999999998
2022-01-06 17:00:00,805.2999999999998
2022-01-06 18:00:00,805.2999999999998
2022-01-06 19:00:00,805.2999999999998
2022-01-06 20:00:00,805.2999999999998
2022-01-06 21:00:00,805.2999999999998
2022-01-07 08:00:00,810.6999999999998
2022-01-07 09:00:00,810.8999999999999
2022-01-07 10:00:00,812.7999999999998
2022-01-07 11:00:00,810.4999999999999
2022-01-07 12:00:00,808.1999999999998
2022-01-07 13:00:00,804.2999999999998
2022-01-07 14:00:00,811.6999999999998
2022-01-07 15:00:00,801.3999999999999
2022-01-07 16:00:00,804.4999999999999
2022-01-07 17:00:00,804.4999999999999
2022-01-07 18:00:00,804.4999999999999
2022-01-07 19:00:00,804.4999999999999
2022-01-07 20:00:00,804.4999999999999
2022-01-07 21:00:00,804.4999999999999
2022-01-10 08:00:00,797.2999999999998
2022-01-10 09:00:00,801.0999999999998
2022-01-10 10:00:00,800.2999999999998
2022-01-10 11:00:00,795.5999999999998
2022-01-10 12:00:00,790.9999999999999
2022-01-10 13:00:00,791.5999999999998
2022-01-10 14:00:00,786.7999999999998
2022-01-10 15:00:00,777.1999999999998
2022-01-10 16:00:00,777.8999999999999
2022-01-10 17:00:00,777.8999999999999
2022-01-10 18:00:00,777.8999999999999
2022-01-10 19:00:00,777.8999999999999
2022-01-10 20:00:00,777.8999999999999
2022-01-10 21:00:00,777.8999999999999
2022-01-11 08:00:00,793.3999999999999
2022-01-11 09:00:00,797.5999999999998
2022-01-11 10:00:00,796.6999999999998
2022-01-11 11:00:00,795.3999999999999
2022-01-11 12:00:00,793.4999999999999
2022-01-11 13:00:00,789.6999999999998
2022-01-11 14:00:00,792.1999999999998
2022-01-11 15:00:00,789.0999999999998
2022-01-11 16:00:00,794.9999999999999
2022-01-11 17:00:00,794.9999999999999
2022-01-11 18:00:00,794.9999999999999
2022-01-11 19:00:00,796.2999999999998
2022-01-11 20:00:00,796.2999999999998
2022-01-11 21:00:00,796.2999999999998
2022-01-12 08:00:00,797.5999999999998
2022-01-12 09:00:00,803.0999999999998
2022-01-12 10:00:00,805.5999999999998
2022-01-12 11:00:00,803.9999999999999
2022-01-12 12:00:00,802.1999999999998
2022-01-12 13:00:00,808.3999999999999
2022-01-12 14:00:00,810.4999999999999
2022-01-12 15:00:00,805.4999999999999
2022-01-12 16:00:00,805.5999999999998
2022-01-12 17:00:00,805.5999999999998
2022-01-12 18:00:00,805.5999999999998
2022-01-12 19:00:00,805.5999999999998
2022-01-12 20:00:00,805.5999999999998
2022-01-12 21:00:00,805.5999999999998
2022-01-13 08:00:00,812.0999999999998
2022-01-13 09:00:00,811.5999999999998
2022-01-13 10:00:00,813.3999999999999
2022-01-13 11:00:00,811.4999999999999
2022-01-13 12:00:00,811.4999999999999
2022-01-13 13:00:00,815.6999999999998
2022-01-13 14:00:00,815.6999999999998
2022-01-13 15:00:00,807.3999999999999
2022-01-13 16:00:00,811.6999999999998
2022-01-13 17:00:00,811.6999999999998
2022-01-13 18:00:00,811.6999999999998
2022-01-13 19:00:00,802.2999999999998
2022-01-13 20:00:00,802.2999999999998
2022-01-13 21:00:00,802.2999999999998
2022-01-14 08:00:00,799.9999999999999
2022-01-14 09:00:00,803.1999999999998
2022-01-14 10:00:00,798.7999999999998
2022-01-14 11:00:00,799.0999999999998
2022-01-14 12:00:00,795.6999999999998
2022-01-14 13:00:00,795.9999999999999
2022-01-14 14:00:00,799.8999999999999
2022-01-14 15:00:00,795.9999999999999
2022-01-14 16:00:00,796.3999999999999
2022-01-14 17:00:00,796.3999999999999
2022-01-14 18:00:00,796.3999999999999
2022-01-14 19:00:00,796.3999999999999
2022-01-14 20:00:00,796.3999999999999
2022-01-14 21:00:00,796.3999999999999
2022-01-17 08:00:00,797.6999999999998
2022-01-17 09:00:00,804.2999999999998
2022-01-17 10:00:00,804.2999999999998
2022-01-17 11:00:00,805.3999999999999
2022-01-17 12:00:00,806.7999999999998
2022-01-17 13:00:00,806.7999999999998
2022-01-17 14:00:00,807.7999999999998
2022-01-17 15:00:00,809.9999999999999
2022-01-17 16:00:00,809.0999999999998
2022-01-17 17:00:00,809.0999999999998
2022-01-17 18:00:00,809.0999999999998
2022-01-17 19:00:00,809.0999999999998
2022-01-17 20:00:00,809.0999999999998
2022-01-17 21:00:00,809.0999999999998
2022-01-18 08:00:00,791.6999999999998
2022-01-18 09:00:00,790.5999999999998
2022-01-18 10:00:00,791.0999999999998
2022-01-18 11:00:00,792.5999999999998
2022-01-18 12:00:00,792.2999999999998
2022-01-18 13:00:00,792.6999999999998
2022-01-18 14:00:00,791.9999999999999
2022-01-18 15:00:00,792.8999999999999
2022-01-18 16:00:00,792.1999999999998
2022-01-18 17:00:00,792.1999999999998
2022-01-18 18:00:00,792.1999999999998
2022-01-18 19:00:00,792.1999999999998
2022-01-18 20:00:00,792.1999999999998
2022-01-18 21:00:00,792.1999999999998
2022-01-19 08:00:00,790.9999999999999
2022-01-19 09:00:00,790.0999999999998
2022-01-19 10:00:00,792.4999999999999
2022-01-19 11:00:00,792.4999999999999
2022-01-19 12:00:00,791.1999999999998
2022-01-19 13:00:00,795.7999999999998
2022-01-19 14:00:00,797.0999999999998
2022-01-19 15:00:00,785.7999999999998
2022-01-19 16:00:00,781.5999999999998
2022-01-19 17:00:00,781.5999999999998
2022-01-19 18:00:00,781.5999999999998
2022-01-19 19:00:00,781.5999999999998
2022-01-19 20:00:00,781.5999999999998
2022-01-19 21:00:00,781.5999999999998
2022-01-20 08:00:00,777.9999999999999
2022-01-20 09:00:00,784.2999999999998
2022-01-20 10:00:00,787.1999999999998
2022-01-20 11:00:00,791.5999999999998
2022-01-20 12:00:00,790.3999999999999
2022-01-20 13:00:00,792.4999999999999
2022-01-20 14:00:00,791.5999999999998
2022-01-20 15:00:00,792.9999999999999
2022-01-20 16:00:00,795.5999999999998
2022-01-20 17:00:00,795.5999999999998
2022-01-20 18:00:00,795.5999999999998
2022-01-20 19:00:00,795.5999999999998
2022-01-20 20:00:00,795.5999999999998
2022-01-20 21:00:00,795.5999999999998
2022-01-21 08:00:00,778.1999999999998
2022-01-21 09:00:00,778.4999999999999
2022-01-21 10:00:00,779.0999999999998
2022-01-21 11:00:00,776.4999999999999
2022-01-21 12:00:00,774.1999999999998
2022-01-21 13:00:00,774.6999999999998
2022-01-21 14:00:00,775.0999999999998
2022-01-21 15:00:00,777.7999999999998
2022-01-21 16:00:00,778.9999999999999
2022-01-21 17:00:00,778.9999999999999
2022-01-21 18:00:00,778.9999999999999
2022-01-21 19:00:00,778.9999999999999
2022-01-21 20:00:00,778.9999999999999
2022-01-21 21:00:00,778.9999999999999
2022-01-24 08:00:00,763.6999999999998
2022-01-24 09:00:00,759.6999999999998
2022-01-24 10:00:00,750.8999999999999
2022-01-24 11:00:00,751.3999999999999
2022-01-24 12:00:00,746.8999999999999
2022-01-24 13:00:00,741.5999999999998
2022-01-24 14:00:00,737.8999999999999
2022-01-24 15:00:00,744.1999999999998
2022-01-24 16:00:00,738.0999999999998
2022-01-24 17:00:00,738.0999999999998
2022-01-24 18:00:00,736.9999999999999
2022-01-24 19:00:00,742.3999999999999
2022-01-24 20:00:00,742.3999999999999
2022-01-24 21:00:00,742.3999999999999
2022-01-25 08:00:00,745.9999999999999
2022-01-25 09:00:00,743.0999999999998
2022-01-25 10:00:00,737.1999999999998
2022-01-25 11:00:00,732.5999999999998
2022-01-25 12:00:00,732.5999999999998
2022-01-25 13:00:00,727.6999999999998
2022-01-25 14:00:00,729.8999999999999
2022-01-25 15:00:00,730.4999999999999
2022-01-25 16:00:00,729.3999999999999
2022-01-25 17:00:00,729.3999999999999
2022-01-25 18:00:00,729.3999999999999
2022-01-25 19:00:00,729.3999999999999
2022-01-25 20:00:00,729.3999999999999
2022-01-25 21:00:00,729.3999999999999
2022-01-26 08:00:00,743.0999999999998
2022-01-26 09:00:00,747.0999999999998
2022-01-26 10:00:00,747.9999999999999
2022-01-26 11:00:00,746.2999999999998
2022-01-26 12:00:00,745.7999999999998
2022-01-26 13:00:00,747.0999999999998
2022-01-26 14:00:00,745.1999999999998
2022-01-26 15:00:00,744.1999999999998
2022-01-26 16:00:00,745.4999999999999
2022-01-26 17:00:00,745.4999999999999
2022-01-26 18:00:00,745.4999999999999
2022-01-26 19:00:00,745.4999999999999
2022-01-26 20:00:00,745.4999999999999
2022-01-26 21:00:00,745.4999999999999
2022-01-27 08:00:00,726.1999999999998
2022-01-27 09:00:00,737.7999999999998
2022-01-27 10:00:00,729.7999999999998
2022-01-27 11:00:00,732.5999999999998
2022-01-27 12:00:00,733.6999999999998
2022-01-27 13:00:00,741.0999999999998
2022-01-27 14:00:00,739.2999999999998
2022-01-27 15:00:00,733.8999999999999
2022-01-27 16:00:00,731.8999999999999
2022-01-27 17:00:00,730.5999999999998
2022-01-27 18:00:00,730.5999999999998
2022-01-27 19:00:00,730.5999999999998
2022-01-27 20:00:00,730.5999999999998
2022-01-27 21:00:00,730.5999999999998
2022-01-28 08:00:00,724.2999999999998
2022-01-28 09:00:00,720.4999999999999
2022-01-28 10:00:00,717.5999999999998
2022-01-28 11:00:00,715.4999999999999
2022-01-28 12:00:00,712.5999999999998
2022-01-28 13:00:00,719.0999999999998
2022-01-28 14:00:00,712.0999999999998
2022-01-28 15:00:00,719.7999999999998
2022-01-28 16:00:00,721.7999999999998
2022-01-28 17:00:00,721.7999999999998
2022-01-28 18:00:00,721.7999999999998
2022-01-28 19:00:00,721.7999999999998
2022-01-28 20:00:00,721.7999999999998
2022-01-28 21:00:00,721.7999999999998
2022-01-31 08:00:00,743.7999999999998
2022-01-31 09:00:00,739.3999999999999
2022-01-31 10:00:00,736.0999999999998
2022-01-31 11:00:00,734.0999999999998
2022-01-31 12:00:00,734.8999999999999
2022-01-31 13:00:00,733.7999999999998
2022-01-31 14:00:00,739.3999999999999
2022-01-31 15:00:00,745.3999999999999
2022-01-31 16:00:00,740.7999999999998
2022-01-31 17:00:00,740.7999999999998
2022-01-31 18:00:00,740.7999999999998
2022-01-31 19:00:00,740.7999999999998
2022-01-31 20:00:00,740.7999999999998
2022-01-31 21:00:00,740.7999999999998
2022-02-01 08:00:00,759.6999999999998
2022-02-01 09:00:00,752.2999999999998
2022-02-01 10:00:00,754.5999999999998
2022-02-01 11:00:00,753.6999999999998
2022-02-01 12:00:00,755.0999999999998
2022-02-01 13:00:00,756.4999999999999
2022-02-01 14:00:00,749.9999999999999
2022-02-01 15:00:00,751.9999999999999
2022-02-01 16:00:00,752.5999999999998
2022-02-01 17:00:00,752.5999999999998
2022-02-01 18:00:00,752.5999999999998
2022-02-01 19:00:00,752.5999999999998
2022-02-01 20:00:00,752.5999999999998
2022-02-01 21:00:00,752.5999999999998
2022-02-02 08:00:00,759.9999999999999
2022-02-02 09:00:00,764.6999999999998
2022-02-02 10:00:00,762.7999999999998
2022-02-02 11:00:00,762.0999999999998
2022-02-02 12:00:00,763.6999999999998
2022-02-02 13:00:00,763.2999999999998
2022-02-02 14:00:00,762.4999999999999
2022-02-02 15:00:00,759.0999999999998
2022-02-02 16:00:00,756.4999999999999
2022-02-02 17:00:00,755.4999999999999
2022-02-02 18:00:00,755.4999999999999
2022-02-02 19:00:00,755.4999999999999
2022-02-02 20:00:00,755.4999999999999
2022-02-02 21:00:00,755.4999999999999
2022-02-03 08:00:00,747.4999999999999
2022-02-03 09:00:00,739.8999999999999
2022-02-03 10:00:00,740.9999999999999
2022-02-03 11:00:00,741.5999999999998
2022-02-03 12:00:00,741.9999999999999
2022-02-03 13:00:00,734.9999999999999
2022-02-03 14:00:00,733.6999999999998
2022-02-03 15:00:00,731.2999999999998
2022-02-03 16:00:00,731.7999999999998
2022-02-03 17:00:00,731.7999999999998
2022-02-03 18:00:00,731.7999999999998
2022-02-03 19:00:00,731.7999999999998
2022-02-03 20:00:00,731.7999999999998
2022-02-03 21:00:00,731.7999999999998
2022-02-04 08:00:00,728.9999999999999
2022-02-04 09:00:00,727.8999999999999
2022-02-04 10:00:00,726.6999999999998
2022-02-04 11:00:00,720.5999999999998
2022-02-04 12:00:00,726.2999999999998
2022-02-04 13:00:00,721.8999999999999
2022-02-04 14:00:00,723.8999999999999
2022-02-04 15:00:00,723.3999999999999
2022-02-04 16:00:00,721.1999999999998
2022-02-04 17:00:00,722.1999999999998
2022-02-04 18:00:00,722.1999999999998
2022-02-04 19:00:00,722.1999999999998
2022-02-04 20:00:00,722.1999999999998
2022-02-04 21:00:00,722.1999999999998
2022-02-07 08:00:00,723.7999999999998
2022-02-07 09:00:00,723.0999999999998
2022-02-07 10:00:00,723.0999999999998
2022-02-07 11:00:00,723.0999999999998
2022-02-07 12:00:00,725.9999999999999
2022-02-07 13:00:00,728.4999999999999
2022-02-07 14:00:00,732.7999999999998
2022-02-07 15:00:00,730.5999999999998
2022-02-07 16:00:00,729.5999999999998
2022-02-07 17:00:00,729.5999999999998
2022-02-07 18:00:00,729.5999999999998
2022-02-07 19:00:00,729.5999999999998
2022-02-07 20:00:00,729.5999999999998
2022-02-07 21:00:00,729.5999999999998
2022-02-08 08:00:00,724.0999999999998
2022-02-08 09:00:00,721.2999999999998
2022-02-08 10:00:00,720.8999999999999
2022-02-08 11:00:00,720.8999999999999
2022-02-08 12:00:00,715.3999999999999
2022-02-08 13:00:00,716.9999999999999
2022-02-08 14:00:00,717.8999999999999
2022-02-08 15:00:00,718.5999999999998
2022-02-08 16:00:00,722.6999999999998
2022-02-08 17:00:00,722.6999999999998
2022-02-08 18:00:00,722.6999999999998
2022-02-08 19:00:00,722.6999999999998
2022-02-08 20:00:00,722.6999999999998
2022-02-08 21:00:00,722.6999999999998
2022-02-09 07:00:00,731.7999999999998
2022-02-09 08:00:00,738.9999999999999
2022-02-09 09:00:00,741.0999999999998
2022-02-09 10:00:00,742.8999999999999
2022-02-09 11:00:00,739.3999999999999
2022-02-09 12:00:00,739.2999999999998
2022-02-09 13:00:00,742.5999999999998
2022-02-09 14:00:00,741.6999999999998
2022-02-09 15:00:00,742.3999999999999
2022-02-09 16:00:00,740.2999999999998
2022-02-09 17:00:00,740.2999999999998
2022-02-09 18:00:00,740.2999999999998
2022-02-09 19:00:00,740.2999999999998
2022-02-09 20:00:00,740.2999999999998
2022-02-09 21:00:00,740.2999999999998
2022-02-10 08:00:00,736.3999999999999
2022-02-10 09:00:00,739.8999999999999
2022-02-10 10:00:00,740.1999999999998
2022-02-10 11:00:00,740.8999999999999
2022-02-10 12:00:00,740.8999999999999
2022-02-10 13:00:00,727.2999999999998
2022-02-10 14:00:00,732.8999999999999
2022-02-10 15:00:00,735.7999999999998
2022-02-10 16:00:00,734.2999999999998
2022-02-10 17:00:00,734.2999999999998
2022-02-10 18:00:00,734.2999999999998
2022-02-10 19:00:00,734.2999999999998
2022-02-10 20:00:00,734.2999999999998
2022-02-10 21:00:00,734.2999999999998
2022-02-11 08:00:00,723.0999999999998
2022-02-11 09:00:00,723.4999999999999
2022-02-11 10:00:00,724.6999999999998
2022-02-11 11:00:00,723.0999999999998
2022-02-11 12:00:00,725.2999999999998
2022-02-11 13:00:00,727.1999999999998
2022-02-11 14:00:00,726.6999999999998
2022-02-11 15:00:00,722.2999999999998
2022-02-11 16:00:00,719.3999999999999
2022-02-11 17:00:00,719.3999999999999
2022-02-11 18:00:00,719.3999999999999
2022-02-11 19:00:00,719.3999999999999
2022-02-11 20:00:00,719.3999999999999
2022-02-11 21:00:00,719.3999999999999
2022-02-14 08:00:00,696.1999999999998
2022-02-14 09:00:00,694.9999999999999
2022-02-14 10:00:00,696.4999999999999
2022-02-14 11:00:00,693.1999999999998
2022-02-14 12:00:00,700.8999999999999
2022-02-14 13:00:00,700.2999999999998
2022-02-14 14:00:00,702.3999999999999
2022-02-14 15:00:00,703.1999999999998
2022-02-14 16:00:00,706.3999999999999
2022-02-14 17:00:00,706.3999999999999
2022-02-14 18:00:00,706.3999999999999
2022-02-14 19:00:00,706.3999999999999
2022-02-14 20:00:00,706.3999999999999
2022-02-14 21:00:00,706.3999999999999
2022-02-15 08:00:00,713.6999999999998
2022-02-15 09:00:00,714.9999999999999
2022-02-15 10:00:00,715.7999999999998
2022-02-15 11:00:00,719.7999999999998
2022-02-15 12:00:00,716.9999999999999
2022-02-15 13:00:00,714.1999999999998
2022-02-15 14:00:00,713.1999999999998
2022-02-15 15:00:00,713.7999999999998
2022-02-15 16:00:00,714.2999999999998
2022-02-15 17:00:00,714.2999999999998
2022-02-15 18:00:00,714.2999999999998
2022-02-15 19:00:00,714.2999999999998
2022-02-15 20:00:00,714.2999999999998
2022-02-15 21:00:00,714.2999999999998
2022-02-16 08:00:00,721.7999999999998
2022-02-16 09:00:00,721.2999999999998
2022-02-16 10:00:00,718.9999999999999
2022-02-16 11:00:00,718.7999999999998
2022-02-16 12:00:00,715.5999999999998
2022-02-16 13:00:00,716.7999999999998
2022-02-16 14:00:00,713.0999999999998
2022-02-16 15:00:00,713.7999999999998
2022-02-16 16:00:00,716.7999999999998
2022-02-16 17:00:00,717.7999999999998
2022-02-16 18:00:00,717.7999999999998
2022-02-16 19:00:00,718.1999999999998
2022-02-16 20:00:00,718.1999999999998
2022-02-16 21:00:00,718.1999999999998
2022-02-17 08:00:00,718.9999999999999
2022-02-17 09:00:00,717.2999999999998
2022-02-17 10:00:00,716.3999999999999
2022-02-17 11:00:00,717.2999999999998
2022-02-17 12:00:00,718.3999999999999
2022-02-17 13:00:00,716.3999999999999
2022-02-17 14:00:00,712.4999999999999
2022-02-17 15:00:00,710.7999999999998
2022-02-17 16:00:00,712.2999999999998
2022-02-17 17:00:00,712.2999999999998
2022-02-17 18:00:00,712.2999999999998
2022-02-17 19:00:00,712.2999999999998
2022-02-17 20:00:00,712.2999999999998
2022-02-17 21:00:00,712.2999999999998
2022-02-18 08:00:00,710.3999999999999
2022-02-18 09:00:00,709.9999999999999
2022-02-18 10:00:00,709.9999999999999
2022-02-18 11:00:00,709.1999999999998
2022-02-18 12:00:00,710.5999999999998
2022-02-18 13:00:00,705.0999999999998
2022-02-18 14:00:00,706.7999999999998
2022-02-18 15:00:00,700.0999999999998
2022-02-18 16:00:00,698.4999999999999
2022-02-18 17:00:00,698.4999999999999
2022-02-18 18:00:00,698.4999999999999
2022-02-18 19:00:00,698.4999999999999
2022-02-18 20:00:00,698.4999999999999
2022-02-18 21:00:00,698.4999999999999
2022-02-21 08:00:00,693.1999999999998
2022-02-21 09:00:00,689.9999999999999
2022-02-21 10:00:00,688.7999999999998
2022-02-21 11:00:00,685.5999999999998
2022-02-21 12:00:00,682.6999999999998
2022-02-21 13:00:00,682.5999999999998
2022-02-21 14:00:00,686.0999999999998
2022-02-21 15:00:00,685.6999999999998
2022-02-21 16:00:00,679.7999999999998
2022-02-21 17:00:00,679.7999999999998
2022-02-21 18:00:00,679.7999999999998
2022-02-21 19:00:00,679.7999999999998
2022-02-21 20:00:00,679.7999999999998
2022-02-21 21:00:00,679.7999999999998
2022-02-22 08:00:00,679.1999999999998
2022-02-22 09:00:00,675.8999999999999
2022-02-22 10:00:00,688.0999999999998
2022-02-22 11:00:00,685.8999999999999
2022-02-22 12:00:00,685.6999999999998
2022-02-22 13:00:00,684.0999999999998
2022-02-22 14:00:00,693.0999999999998
2022-02-22 15:00:00,688.0999999999998
2022-02-22 16:00:00,684.9999999999999
2022-02-22 17:00:00,684.9999999999999
2022-02-22 18:00:00,684.9999999999999
2022-02-22 19:00:00,684.9999999999999
2022-02-22 20:00:00,684.9999999999999
2022-02-22 21:00:00,684.9999999999999
2022-02-23 08:00:00,693.6999999999998
2022-02-23 09:00:00,693.7999999999998
2022-02-23 10:00:00,691.4999999999999
2022-02-23 11:00:00,690.7999999999998
2022-02-23 12:00:00,693.3999999999999
2022-02-23 13:00:00,692.5999999999998
2022-02-23 14:00:00,688.3999999999999
2022-02-23 15:00:00,682.9999999999999
2022-02-23 16:00:00,679.7999999999998
2022-02-23 17:00:00,679.7999999999998
2022-02-23 18:00:00,679.7999999999998
2022-02-23 19:00:00,679.7999999999998
2022-02-23 20:00:00,679.7999999999998
2022-02-23 21:00:00,679.7999999999998
2022-02-24 08:00:00,658.8999999999999
2022-02-24 09:00:00,656.0999999999998
2022-02-24 10:00:00,648.7999999999998
2022-02-24 11:00:00,652.6999999999998
2022-02-24 12:00:00,651.5999999999998
2022-02-24 13:00:00,651.8999999999999
2022-02-24 14:00:00,661.6999999999998
2022-02-24 15:00:00,666.6999999999998
2022-02-24 16:00:00,668.2999999999998
2022-02-24 17:00:00,668.2999999999998
2022-02-24 18:00:00,668.2999999999998
2022-02-24 19:00:00,668.2999999999998
2022-02-24 20:00:00,668.2999999999998
2022-02-24 21:00:00,668.2999999999998
2022-02-25 08:00:00,680.0999999999998
2022-02-25 09:00:00,680.2999999999998
2022-02-25 10:00:00,688.3999999999999
2022-02-25 11:00:00,687.0999999999998
2022-02-25 12:00:00,692.3999999999999
2022-02-25 13:00:00,691.7999999999998
2022-02-25 14:00:00,691.1999999999998
2022-02-25 15:00:00,692.1999999999998
2022-02-25 16:00:00,693.6999999999998
2022-02-25 17:00:00,693.6999999999998
2022-02-25 18:00:00,693.6999999999998
2022-02-25 19:00:00,693.6999999999998
2022-02-25 20:00:00,693.6999999999998
2022-02-25 21:00:00,693.6999999999998
2022-02-28 08:00:00,686.2999999999998
2022-02-28 09:00:00,689.3999999999999
2022-02-28 10:00:00,685.8999999999999
2022-02-28 11:00:00,687.7999999999998
2022-02-28 12:00:00,692.0999999999998
2022-02-28 13:00:00,688.0999999999998
2022-02-28 14:00:00,694.7999999999998
2022-02-28 15:00:00,700.7999999999998
2022-02-28 16:00:00,702.3999999999999
2022-02-28 17:00:00,702.3999999999999
2022-02-28 18:00:00,702.6999999999998
2022-02-28 19:00:00,702.6999999999998
2022-02-28 20:00:00,702.6999999999998
2022-02-28 21:00:00,702.6999999999998
2022-03-01 08:00:00,694.7999999999998
2022-03-01 09:00:00,690.6999999999998
2022-03-01 10:00:00,688.0999999999998
2022-03-01 11:00:00,686.4999999999999
2022-03-01 12:00:00,686.4999999999999
2022-03-01 13:00:00,693.4999999999999
2022-03-01 14:00:00,693.8999999999999
2022-03-01 15:00:00,688.8999999999999
2022-03-01 16:00:00,686.1999999999998
2022-03-01 17:00:00,686.1999999999998
2022-03-01 18:00:00,686.1999999999998
2022-03-01 19:00:00,686.1999999999998
2022-03-01 20:00:00,686.1999999999998
2022-03-01 21:00:00,686.1999999999998
2022-03-02 08:00:00,694.7999999999998
2022-03-02 09:00:00,692.0999999999998
2022-03-02 10:00:00,693.7999999999998
2022-03-02 11:00:00,694.8999999999999
2022-03-02 12:00:00,692.4999999999999
2022-03-02 13:00:00,690.2999999999998
2022-03-02 14:00:00,690.2999999999998
2022-03-02 15:00:00,690.8999999999999
2022-03-02 16:00:00,697.5999999999998
2022-03-02 17:00:00,697.5999999999998
2022-03-02 18:00:00,697.5999999999998
2022-03-02 19:00:00,697.5999999999998
2022-03-02 20:00:00,697.5999999999998
2022-03-02 21:00:00,697.5999999999998
2022-03-03 08:00:00,691.0999999999998
2022-03-03 09:00:00,691.7999999999998
2022-03-03 10:00:00,687.1999999999998
2022-03-03 11:00:00,689.2999999999998
2022-03-03 12:00:00,690.2999999999998
2022-03-03 13:00:00,693.6999999999998
2022-03-03 14:00:00,691.6999999999998
2022-03-03 15:00:00,680.0999999999998
2022-03-03 16:00:00,679.2999999999998
2022-03-03 17:00:00,679.2999999999998
2022-03-03 18:00:00,679.2999999999998
2022-03-03 19:00:00,679.2999999999998
2022-03-03 20:00:00,679.2999999999998
2022-03-03 21:00:00,679.2999999999998
2022-03-04 08:00:00,669.1999999999998
2022-03-04 09:00:00,659.7999999999998
2022-03-04 10:00:00,663.6999999999998
2022-03-04 11:00:00,659.1999999999998
2022-03-04 12:00:00,658.1999999999998
2022-03-04 13:00:00,656.3999999999999
2022-03-04 14:00:00,658.2999999999998
2022-03-04 15:00:00,648.2999999999998
2022-03-04 16:00:00,646.7999999999998
2022-03-04 17:00:00,646.7999999999998
2022-03-04 18:00:00,646.7999999999998
2022-03-04 19:00:00,646.7999999999998
2022-03-04 20:00:00,646.7999999999998
2022-03-04 21:00:00,646.7999999999998
2022-03-07 08:00:00,632.0999999999998
2022-03-07 09:00:00,634.1999999999998
2022-03-07 10:00:00,640.0999999999998
2022-03-07 11:00:00,639.9999999999999
2022-03-07 12:00:00,655.5999999999998
2022-03-07 13:00:00,660.8999999999999
2022-03-07 14:00:00,660.8999999999999
2022-03-07 15:00:00,646.5999999999998
2022-03-07 16:00:00,647.6999999999998
2022-03-07 17:00:00,639.1999999999998
2022-03-07 18:00:00,639.1999999999998
2022-03-07 19:00:00,639.1999999999998
2022-03-07 20:00:00,639.1999999999998
2022-03-07 21:00:00,639.1999999999998
2022-03-08 08:00:00,648.8999999999999
2022-03-08 09:00:00,650.3999999999999
2022-03-08 10:00:00,643.7999999999998
2022-03-08 11:00:00,639.6999999999998
2022-03-08 12:00:00,640.2999999999998
2022-03-08 13:00:00,640.5999999999998
2022-03-08 14:00:00,635.7999999999998
2022-03-08 15:00:00,638.3999999999999
2022-03-08 16:00:00,634.5999999999998
2022-03-08 17:00:00,634.5999999999998
2022-03-08 18:00:00,634.5999999999998
2022-03-08 19:00:00,634.5999999999998
2022-03-08 20:00:00,634.5999999999998
2022-03-08 21:00:00,634.5999999999998
2022-03-09 08:00:00,651.5999999999998
2022-03-09 09:00:00,660.6999999999998
2022-03-09 10:00:00,659.8999999999999
2022-03-09 11:00:00,659.2999999999998
2022-03-09 12:00:00,659.4999999999999
2022-03-09 13:00:00,659.3999999999999
2022-03-09 14:00:00,660.4999999999999
2022-03-09 15:00:00,669.6999999999998
2022-03-09 16:00:00,666.9999999999999
2022-03-09 17:00:00,666.9999999999999
2022-03-09 18:00:00,666.9999999999999
2022-03-09 19:00:00,666.9999999999999
2022-03-09 20:00:00,666.9999999999999
2022-03-09 21:00:00,666.9999999999999
2022-03-10 08:00:00,662.2999999999998
2022-03-10 09:00:00,660.6999999999998
2022-03-10 10:00:00,661.3999999999999
2022-03-10 11:00:00,655.3999999999999
2022-03-10 12:00:00,653.1999999999998
2022-03-10 13:00:00,656.3999999999999
2022-03-10 14:00:00,657.0999999999998
2022-03-10 15:00:00,655.0999999999998
2022-03-10 16:00:00,653.7999999999998
2022-03-10 17:00:00,653.7999999999998
2022-03-10 18:00:00,653.7999999999998
2022-03-10 19:00:00,653.7999999999998
2022-03-10 20:00:00,653.7999999999998
2022-03-10 21:00:00,653.7999999999998
2022-03-11 08:00:00,653.5999999999998
2022-03-11 09:00:00,655.7999999999998
2022-03-11 10:00:00,657.9999999999999
2022-03-11 11:00:00,667.9999999999999
2022-03-11 12:00:00,670.2999999999998
2022-03-11 13:00:00,672.7999999999998
2022-03-11 14:00:00,672.7999999999998
2022-03-11 15:00:00,661.8999999999999
2022-03-11 16:00:00,659.4999999999999
2022-03-11 17:00:00,659.4999999999999
2022-03-11 18:00:00,659.4999999999999
2022-03-11 19:00:00,659.4999999999999
2022-03-11 20:00:00,659.4999999999999
2022-03-11 21:00:00,659.4999999999999
2022-03-14 08:00:00,655.0999999999998
2022-03-14 09:00:00,666.3999999999999
2022-03-14 10:00:00,662.4999999999999
2022-03-14 11:00:00,657.2999999999998
2022-03-14 12:00:00,659.9999999999999
2022-03-14 13:00:00,659.0999999999998
2022-03-14 14:00:00,660.7999999999998
2022-03-14 15:00:00,655.1999999999998
2022-03-14 16:00:00,654.9999999999999
2022-03-14 17:00:00,654.9999999999999
2022-03-14 18:00:00,654.9999999999999
2022-03-14 18:00:01,654.9999999999999
2022-03-14 19:00:00,654.9999999999999
2022-03-14 20:00:00,654.9999999999999
2022-03-14 21:00:00,654.9999999999999
2022-03-15 09:00:00,638.0999999999999
2022-03-15 10:00:00,640.1999999999998
2022-03-15 11:00:00,640.1999999999998
2022-03-15 12:00:00,640.1999999999998
2022-03-15 13:00:00,648.4999999999999
2022-03-15 14:00:00,651.5999999999999
2022-03-15 15:00:00,651.3999999999999
2022-03-15 16:00:00,651.7999999999998
2022-03-15 17:00:00,651.7999999999998
2022-03-15 18:00:00,651.7999999999998
2022-03-15 19:00:00,651.7999999999998
2022-03-15 20:00:00,651.7999999999998
2022-03-15 21:00:00,651.7999999999998
2022-03-16 08:00:00,679.3999999999999
2022-03-16 09:00:00,680.4999999999999
2022-03-16 10:00:00,686.9999999999999
2022-03-16 11:00:00,689.7999999999998
2022-03-16 12:00:00,685.1999999999998
2022-03-16 13:00:00,684.4999999999999
2022-03-16 14:00:00,693.0999999999999
2022-03-16 15:00:00,693.2999999999998
2022-03-16 16:00:00,694.6999999999998
2022-03-16 17:00:00,693.3999999999999
2022-03-16 18:00:00,693.3999999999999
2022-03-16 19:00:00,693.3999999999999
2022-03-16 20:00:00,693.3999999999999
2022-03-16 21:00:00,693.3999999999999
2022-03-17 08:00:00,702.9999999999999
2022-03-17 09:00:00,700.9999999999999
2022-03-17 10:00:00,699.4999999999999
2022-03-17 11:00:00,696.5999999999999
2022-03-17 12:00:00,695.2999999999998
2022-03-17 13:00:00,698.5999999999999
2022-03-17 14:00:00,691.7999999999998
2022-03-17 15:00:00,691.2999999999998
2022-03-17 16:00:00,696.1999999999998
2022-03-17 17:00:00,696.1999999999998
2022-03-17 18:00:00,696.1999999999998
2022-03-17 19:00:00,696.1999999999998
2022-03-17 20:00:00,696.1999999999998
2022-03-17 21:00:00,696.1999999999998
2022-03-18 08:00:00,698.7999999999998
2022-03-18 09:00:00,699.3999999999999
2022-03-18 10:00:00,695.8999999999999
2022-03-18 11:00:00,693.6999999999998
2022-03-18 12:00:00,697.4999999999999
2022-03-18 13:00:00,696.7999999999998
2022-03-18 14:00:00,707.2999999999998
2022-03-18 15:00:00,712.1999999999998
2022-03-18 16:00:00,713.2999999999998
2022-03-18 17:00:00,707.2999999999998
2022-03-18 18:00:00,707.2999999999998
2022-03-18 19:00:00,707.2999999999998
2022-03-18 20:00:00,707.2999999999998
2022-03-18 21:00:00,707.2999999999998
2022-03-21 08:00:00,708.8999999999999
2022-03-21 09:00:00,710.2999999999998
2022-03-21 10:00:00,711.2999999999998
2022-03-21 11:00:00,713.9999999999999
2022-03-21 12:00:00,713.4999999999999
2022-03-21 13:00:00,712.3999999999999
2022-03-21 14:00:00,708.1999999999998
2022-03-21 15:00:00,714.3999999999999
2022-03-21 16:00:00,712.3999999999999
2022-03-21 17:00:00,712.3999999999999
2022-03-21 18:00:00,712.3999999999999
2022-03-21 19:00:00,712.3999999999999
2022-03-21 20:00:00,712.3999999999999
2022-03-21 21:00:00,712.3999999999999
2022-03-22 08:00:00,715.8999999999999
2022-03-22 09:00:00,715.3999999999999
2022-03-22 10:00:00,716.6999999999998
2022-03-22 11:00:00,713.1999999999998
2022-03-22 12:00:00,713.5999999999999
2022-03-22 13:00:00,715.2999999999998
2022-03-22 14:00:00,722.7999999999998
2022-03-22 15:00:00,724.1999999999998
2022-03-22 16:00:00,719.2999999999998
2022-03-22 17:00:00,719.2999999999998
2022-03-22 18:00:00,719.2999999999998
2022-03-22 19:00:00,719.2999999999998
2022-03-22 20:00:00,719.2999999999998
2022-03-22 21:00:00,719.2999999999998
2022-03-23 08:00:00,718.9999999999999
2022-03-23 09:00:00,716.2999999999998
2022-03-23 10:00:00,715.0999999999999
2022-03-23 11:00:00,709.2999999999998
2022-03-23 12:00:00,705.9999999999999
2022-03-23 13:00:00,704.5999999999999
2022-03-23 14:00:00,705.7999999999998
2022-03-23 15:00:00,709.7999999999998
2022-03-23 16:00:00,709.3999999999999
2022-03-23 17:00:00,709.3999999999999
2022-03-23 18:00:00,709.3999999999999
2022-03-23 19:00:00,709.3999999999999
2022-03-23 20:00:00,709.3999999999999
2022-03-23 21:00:00,709.3999999999999
2022-03-24 08:00:00,708.0999999999999
2022-03-24 09:00:00,705.6999999999998
2022-03-24 10:00:00,702.5999999999999
2022-03-24 11:00:00,705.7999999999998
2022-03-24 12:00:00,707.4999999999999
2022-03-24 13:00:00,704.4999999999999
2022-03-24 14:00:00,703.8999999999999
2022-03-24 15:00:00,708.8999999999999
2022-03-24 16:00:00,710.0999999999999
2022-03-24 17:00:00,710.0999999999999
2022-03-24 18:00:00,710.0999999999999
2022-03-24 19:00:00,710.0999999999999
2022-03-24 20:00:00,710.0999999999999
2022-03-24 21:00:00,710.0999999999999
2022-03-25 08:00:00,709.7999999999998
2022-03-25 09:00:00,716.3999999999999
2022-03-25 10:00:00,718.5999999999999
2022-03-25 11:00:00,721.5999999999999
2022-03-25 12:00:00,722.0999999999999
2022-03-25 13:00:00,715.0999999999999
2022-03-25 14:00:00,716.2999999999998
2022-03-25 15:00:00,710.0999999999999
2022-03-25 16:00:00,712.6999999999998
2022-03-25 17:00:00,712.6999999999998
2022-03-25 18:00:00,712.6999999999998
2022-03-25 19:00:00,712.6999999999998
2022-03-25 20:00:00,712.6999999999998
2022-03-25 21:00:00,712.6999999999998
2022-03-28 08:00:00,714.3999999999999
2022-03-28 09:00:00,711.3999999999999
2022-03-28 10:00:00,710.8999999999999
2022-03-28 11:00:00,712.6999999999998
2022-03-28 12:00:00,717.2999999999998
2022-03-28 13:00:00,713.0999999999999
2022-03-28 14:00:00,717.2999999999998
2022-03-28 15:00:00,712.1999999999998
2022-03-28 16:00:00,712.8999999999999
2022-03-28 17:00:00,712.8999999999999
2022-03-28 18:00:00,712.8999999999999
2022-03-28 19:00:00,712.8999999999999
2022-03-28 20:00:00,712.8999999999999
2022-03-28 21:00:00,712.8999999999999
2022-03-29 08:00:00,719.7999999999998
2022-03-29 09:00:00,724.0999999999999
2022-03-29 10:00:00,726.7999999999998
2022-03-29 11:00:00,727.8999999999999
2022-03-29 12:00:00,729.4999999999999
2022-03-29 13:00:00,733.2999999999998
2022-03-29 14:00:00,732.7999999999998
2022-03-29 15:00:00,729.7999999999998
2022-03-29 16:00:00,728.9999999999999
2022-03-29 17:00:00,728.9999999999999
2022-03-29 18:00:00,728.9999999999999
2022-03-29 19:00:00,728.9999999999999
2022-03-29 20:00:00,728.9999999999999
2022-03-29 21:00:00,728.9999999999999
2022-03-30 08:00:00,725.2999999999998
2022-03-30 09:00:00,722.0999999999999
2022-03-30 10:00:00,725.0999999999999
2022-03-30 11:00:00,723.6999999999998
2022-03-30 12:00:00,723.4999999999999
2022-03-30 13:00:00,722.1999999999998
2022-03-30 14:00:00,722.8999999999999
2022-03-30 15:00:00,720.2999999999998
2022-03-30 16:00:00,718.5999999999999
2022-03-30 17:00:00,718.5999999999999
2022-03-30 18:00:00,718.5999999999999
2022-03-30 19:00:00,718.5999999999999
2022-03-30 20:00:00,718.5999999999999
2022-03-30 21:00:00,718.5999999999999
2022-03-31 08:00:00,726.1999999999998
2022-03-31 09:00:00,715.5999999999999
2022-03-31 10:00:00,715.5999999999999
2022-03-31 11:00:00,714.3999999999999
2022-03-31 12:00:00,715.1999999999998
2022-03-31 13:00:00,714.6999999999998
2022-03-31 14:00:00,711.9999999999999
2022-03-31 15:00:00,715.3999999999999
2022-03-31 16:00:00,710.5999999999999
2022-03-31 17:00:00,710.5999999999999
2022-03-31 18:00:00,710.5999999999999
2022-03-31 19:00:00,710.5999999999999
2022-03-31 20:00:00,710.5999999999999
2022-03-31 21:00:00,710.5999999999999
2022-04-01 08:00:00,705.2999999999998
2022-04-01 09:00:00,705.9999999999999
2022-04-01 10:00:00,708.6999999999998
2022-04-01 11:00:00,709.9999999999999
2022-04-01 12:00:00,711.1999999999998
2022-04-01 13:00:00,709.2999999999998
2022-04-01 14:00:00,708.5999999999999
2022-04-01 15:00:00,706.8999999999999
2022-04-01 16:00:00,708.1999999999998
2022-04-01 17:00:00,708.1999999999998
2022-04-01 18:00:00,708.1999999999998
2022-04-01 19:00:00,708.1999999999998
2022-04-01 20:00:00,708.1999999999998
2022-04-01 21:00:00,708.1999999999998
2022-04-04 08:00:00,706.5999999999999
2022-04-04 09:00:00,708.6999999999998
2022-04-04 10:00:00,708.6999999999998
2022-04-04 11:00:00,714.3999999999999
2022-04-04 12:00:00,714.9999999999999
2022-04-04 13:00:00,713.8999999999999
2022-04-04 14:00:00,720.2999999999998
2022-04-04 15:00:00,720.7999999999998
2022-04-04 16:00:00,721.5999999999999
2022-04-04 17:00:00,721.5999999999999
2022-04-04 18:00:00,721.5999999999999
2022-04-04 19:00:00,721.5999999999999
2022-04-04 20:00:00,721.5999999999999
2022-04-04 21:00:00,721.5999999999999
2022-04-05 08:00:00,725.6999999999998
2022-04-05 09:00:00,723.2999999999998
2022-04-05 10:00:00,721.6999999999998
2022-04-05 11:00:00,720.3999999999999
2022-04-05 12:00:00,720.2999999999998
2022-04-05 13:00:00,718.4999999999999
2022-04-05 14:00:00,716.4999999999999
2022-04-05 15:00:00,706.7999999999998
2022-04-05 16:00:00,706.6999999999998
2022-04-05 17:00:00,706.6999999999998
2022-04-05 18:00:00,706.6999999999998
2022-04-05 19:00:00,706.6999999999998
2022-04-05 20:00:00,706.6999999999998
2022-04-05 21:00:00,706.6999999999998
2022-04-06 08:00:00,702.6999999999998
2022-04-06 09:00:00,696.3999999999999
2022-04-06 10:00:00,692.7999999999998
2022-04-06 11:00:00,691.0999999999999
2022-04-06 12:00:00,685.6999999999998
2022-04-06 13:00:00,685.6999999999998
2022-04-06 14:00:00,681.8999999999999
2022-04-06 15:00:00,683.6999999999998
2022-04-06 16:00:00,684.2999999999998
2022-04-06 17:00:00,684.2999999999998
2022-04-06 18:00:00,684.2999999999998
2022-04-06 19:00:00,684.2999999999998
2022-04-06 20:00:00,684.2999999999998
2022-04-06 21:00:00,684.2999999999998
2022-04-07 08:00:00,686.1999999999998
2022-04-07 09:00:00,686.6999999999998
2022-04-07 10:00:00,688.8999999999999
2022-04-07 11:00:00,687.4999999999999
2022-04-07 12:00:00,685.7999999999998
2022-04-07 13:00:00,680.9999999999999
2022-04-07 14:00:00,684.0999999999999
2022-04-07 15:00:00,678.5999999999999
2022-04-07 16:00:00,676.3999999999999
2022-04-07 17:00:00,676.3999999999999
2022-04-07 18:00:00,676.3999999999999
2022-04-07 19:00:00,676.3999999999999
2022-04-07 20:00:00,676.3999999999999
2022-04-07 21:00:00,676.3999999999999
2022-04-08 08:00:00,688.0999999999999
2022-04-08 09:00:00,685.7999999999998
2022-04-08 10:00:00,682.4999999999999
2022-04-08 11:00:00,681.0999999999999
2022-04-08 12:00:00,683.4999999999999
2022-04-08 13:00:00,678.7999999999998
2022-04-08 14:00:00,675.5999999999999
2022-04-08 15:00:00,677.9999999999999
2022-04-08 16:00:00,676.3999999999999
2022-04-08 17:00:00,676.3999999999999
2022-04-08 18:00:00,676.3999999999999
2022-04-08 19:00:00,676.3999999999999
2022-04-08 20:00:00,676.3999999999999
2022-04-08 21:00:00,676.3999999999999
2022-04-11 08:00:00,671.5999999999999
2022-04-11 09:00:00,663.8999999999999
2022-04-11 10:00:00,667.4999999999999
2022-04-11 11:00:00,670.3999999999999
2022-04-11 12:00:00,669.0999999999999
2022-04-11 13:00:00,667.4999999999999
2022-04-11 14:00:00,669.7999999999998
2022-04-11 15:00:00,664.8999999999999
2022-04-11 16:00:00,664.3999999999999
2022-04-11 17:00:00,664.3999999999999
2022-04-11 18:00:00,664.3999999999999
2022-04-11 19:00:00,664.3999999999999
2022-04-11 20:00:00,664.3999999999999
2022-04-11 21:00:00,664.3999999999999
2022-04-12 08:00:00,660.3999999999999
2022-04-12 09:00:00,665.4999999999999
2022-04-12 10:00:00,666.5999999999999
2022-04-12 11:00:00,666.5999999999999
2022-04-12 12:00:00,665.5999999999999
2022-04-12 13:00:00,671.8999999999999
2022-04-12 14:00:00,666.6999999999998
2022-04-12 15:00:00,665.7999999999998
2022-04-12 16:00:00,668.5999999999999
2022-04-12 17:00:00,667.3999999999999
2022-04-12 18:00:00,667.3999999999999
2022-04-12 19:00:00,667.3999999999999
2022-04-12 20:00:00,667.3999999999999
2022-04-12 21:00:00,667.3999999999999
2022-04-13 08:00:00,662.8999999999999
2022-04-13 09:00:00,663.9999999999999
2022-04-13 10:00:00,658.7999999999998
2022-04-13 11:00:00,659.0999999999999
2022-04-13 12:00:00,658.0999999999999
2022-04-13 13:00:00,658.2999999999998
2022-04-13 14:00:00,662.3999999999999
2022-04-13 15:00:00,664.0999999999999
2022-04-13 16:00:00,666.4999999999999
2022-04-13 17:00:00,666.4999999999999
2022-04-13 18:00:00,666.4999999999999
2022-04-13 19:00:00,666.4999999999999
2022-04-13 20:00:00,666.4999999999999
2022-04-13 21:00:00,666.4999999999999
2022-04-14 08:00:00,671.3999999999999
2022-04-14 09:00:00,671.0999999999999
2022-04-14 10:00:00,668.8999999999999
2022-04-14 11:00:00,671.2999999999998
2022-04-14 12:00:00,672.1999999999998
2022-04-14 13:00:00,671.5999999999999
2022-04-14 14:00:00,667.6999999999998
2022-04-14 15:00:00,665.0999999999999
2022-04-14 16:00:00,664.7999999999998
2022-04-14 17:00:00,664.7999999999998
2022-04-14 18:00:00,664.7999999999998
2022-04-14 19:00:00,664.7999999999998
2022-04-14 20:00:00,664.7999999999998
2022-04-14 21:00:00,664.7999999999998
2022-04-14 23:00:00,665.1999999999998
2022-04-19 08:00:00,658.4999999999999
2022-04-19 09:00:00,656.1999999999998
2022-04-19 10:00:00,654.7999999999998
2022-04-19 11:00:00,654.6999999999998
2022-04-19 12:00:00,656.9999999999999
2022-04-19 13:00:00,657.2999999999998
2022-04-19 14:00:00,659.4999999999999
2022-04-19 15:00:00,664.2999999999998
2022-04-19 16:00:00,663.7999999999998
2022-04-19 17:00:00,663.7999999999998
2022-04-19 18:00:00,663.7999999999998
2022-04-19 19:00:00,663.7999999999998
2022-04-19 20:00:00,663.7999999999998
2022-04-19 21:00:00,663.7999999999998
2022-04-20 08:00:00,670.3999999999999
2022-04-20 09:00:00,680.8999999999999
2022-04-20 10:00:00,681.9999999999999
2022-04-20 11:00:00,683.8999999999999
2022-04-20 12:00:00,683.2999999999998
2022-04-20 13:00:00,686.8999999999999
2022-04-20 14:00:00,678.9999999999999
2022-04-20 15:00:00,680.6999999999998
2022-04-20 16:00:00,679.0999999999999
2022-04-20 17:00:00,679.0999999999999
2022-04-20 18:00:00,679.0999999999999
2022-04-20 19:00:00,679.0999999999999
2022-04-20 20:00:00,679.0999999999999
2022-04-20 21:00:00,679.0999999999999
2022-04-21 08:00:00,682.1999999999998
2022-04-21 09:00:00,683.8999999999999
2022-04-21 10:00:00,683.8999999999999
2022-04-21 11:00:00,683.8999999999999
2022-04-21 12:00:00,687.7999999999998
2022-04-21 13:00:00,686.6999999999998
2022-04-21 14:00:00,685.9999999999999
2022-04-21 15:00:00,681.0999999999999
2022-04-21 16:00:00,681.8999999999999
2022-04-21 17:00:00,681.8999999999999
2022-04-21 18:00:00,681.8999999999999
2022-04-21 19:00:00,681.8999999999999
2022-04-21 20:00:00,681.8999999999999
2022-04-21 21:00:00,681.8999999999999
2022-04-22 08:00:00,667.5999999999999
2022-04-22 09:00:00,670.0999999999999
2022-04-22 10:00:00,668.4999999999999
2022-04-22 11:00:00,663.1999999999998
2022-04-22 12:00:00,665.3999999999999
2022-04-22 13:00:00,666.4999999999999
2022-04-22 14:00:00,665.6999999999998
2022-04-22 15:00:00,665.8999999999999
2022-04-22 16:00:00,666.8999999999999
2022-04-22 17:00:00,666.8999999999999
2022-04-22 18:00:00,666.8999999999999
2022-04-22 19:00:00,666.8999999999999
2022-04-22 20:00:00,666.8999999999999
2022-04-22 21:00:00,666.8999999999999
2022-04-25 08:00:00,655.4999999999999
2022-04-25 09:00:00,651.0999999999999
2022-04-25 10:00:00,650.3999999999999
2022-04-25 11:00:00,650.3999999999999
2022-04-25 12:00:00,652.9999999999999
2022-04-25 13:00:00,654.9999999999999
2022-04-25 14:00:00,655.8999999999999
2022-04-25 15:00:00,653.0999999999999
2022-04-25 16:00:00,653.4999999999999
2022-04-25 17:00:00,653.4999999999999
2022-04-25 18:00:00,653.4999999999999
2022-04-25 19:00:00,653.4999999999999
2022-04-25 20:00:00,653.4999999999999
2022-04-25 21:00:00,653.4999999999999
2022-04-26 08:00:00,657.0999999999999
2022-04-26 09:00:00,655.9999999999999
2022-04-26 10:00:00,655.9999999999999
2022-04-26 11:00:00,659.2999999999998
2022-04-26 12:00:00,658.1999999999998
2022-04-26 13:00:00,656.4999999999999
2022-04-26 14:00:00,650.0999999999999
2022-04-26 15:00:00,642.1999999999998
2022-04-26 16:00:00,640.2999999999998
2022-04-26 17:00:00,640.2999999999998
2022-04-26 18:00:00,640.2999999999998
2022-04-26 19:00:00,640.2999999999998
2022-04-26 20:00:00,640.2999999999998
2022-04-26 21:00:00,640.2999999999998
2022-04-27 08:00:00,634.6999999999998
2022-04-27 09:00:00,640.0999999999999
2022-04-27 10:00:00,641.1999999999998
2022-04-27 11:00:00,644.3999999999999
2022-04-27 12:00:00,642.1999999999998
2022-04-27 13:00:00,640.9999999999999
2022-04-27 14:00:00,646.0999999999999
2022-04-27 15:00:00,635.6999999999998
2022-04-27 16:00:00,640.8999999999999
2022-04-27 17:00:00,640.8999999999999
2022-04-27 18:00:00,640.8999999999999
2022-04-27 19:00:00,640.8999999999999
2022-04-27 20:00:00,640.8999999999999
2022-04-27 21:00:00,640.8999999999999
2022-04-28 08:00:00,657.4999999999999
2022-04-28 09:00:00,656.6999999999998
2022-04-28 10:00:00,655.8999999999999
2022-04-28 11:00:00,655.8999999999999
2022-04-28 12:00:00,655.7999999999998
2022-04-28 13:00:00,655.0999999999999
2022-04-28 14:00:00,654.3999999999999
2022-04-28 15:00:00,651.2999999999998
2022-04-28 16:00:00,657.2999999999998
2022-04-28 17:00:00,657.2999999999998
2022-04-28 18:00:00,664.3999999999999
2022-04-28 19:00:00,664.3999999999999
2022-04-28 20:00:00,664.3999999999999
2022-04-28 21:00:00,664.3999999999999
2022-04-29 08:00:00,667.9999999999999
2022-04-29 09:00:00,669.9999999999999
2022-04-29 10:00:00,667.5999999999999
2022-04-29 11:00:00,663.6999999999998
2022-04-29 12:00:00,663.8999999999999
2022-04-29 13:00:00,665.0999999999999
2022-04-29 14:00:00,671.6999999999998
2022-04-29 15:00:00,664.6999999999998
2022-04-29 16:00:00,662.3999999999999
2022-04-29 17:00:00,662.3999999999999
2022-04-29 18:00:00,662.3999999999999
2022-04-29 19:00:00,662.3999999999999
2022-04-29 20:00:00,662.3999999999999
2022-04-29 21:00:00,662.3999999999999
2022-05-02 08:00:00,643.7999999999998
2022-05-02 09:00:00,646.5999999999999
2022-05-02 10:00:00,648.3999999999999
2022-05-02 11:00:00,649.0999999999999
2022-05-02 12:00:00,642.9999999999999
2022-05-02 13:00:00,644.6999999999998
2022-05-02 14:00:00,652.1999999999998
2022-05-02 15:00:00,649.1999999999998
2022-05-02 16:00:00,652.8999999999999
2022-05-02 17:00:00,652.8999999999999
2022-05-02 18:00:00,652.8999999999999
2022-05-02 19:00:00,652.8999999999999
2022-05-02 20:00:00,652.8999999999999
2022-05-02 21:00:00,652.8999999999999
2022-05-03 08:00:00,656.1999999999998
2022-05-03 09:00:00,657.6999999999998
2022-05-03 10:00:00,657.1999999999998
2022-05-03 11:00:00,657.1999999999998
2022-05-03 12:00:00,654.1999999999998
2022-05-03 13:00:00,656.0999999999999
2022-05-03 14:00:00,652.9999999999999
2022-05-03 15:00:00,654.0999999999999
2022-05-03 16:00:00,656.9999999999999
2022-05-03 17:00:00,656.9999999999999
2022-05-03 18:00:00,656.9999999999999
2022-05-03 19:00:00,656.9999999999999
2022-05-03 20:00:00,656.9999999999999
2022-05-03 21:00:00,656.9999999999999
2022-05-04 08:00:00,652.5999999999999
2022-05-04 09:00:00,653.1999999999998
2022-05-04 10:00:00,650.1999999999998
2022-05-04 11:00:00,653.7999999999998
2022-05-04 12:00:00,654.5999999999999
2022-05-04 13:00:00,656.0999999999999
2022-05-04 14:00:00,654.7999999999998
2022-05-04 15:00:00,649.1999999999998
2022-05-04 16:00:00,647.4999999999999
2022-05-04 17:00:00,647.4999999999999
2022-05-04 18:00:00,647.4999999999999
2022-05-04 19:00:00,653.3999999999999
2022-05-04 20:00:00,653.3999999999999
2022-05-04 21:00:00,653.3999999999999
2022-05-05 07:00:00,668.3999999999999
2022-05-05 08:00:00,663.0999999999999
2022-05-05 09:00:00,664.0999999999999
2022-05-05 10:00:00,664.0999999999999
2022-05-05 11:00:00,662.8999999999999
2022-05-05 12:00:00,663.7999999999998
2022-05-05 13:00:00,663.6999999999998
2022-05-05 14:00:00,657.4999999999999
2022-05-05 15:00:00,648.8999999999999
2022-05-05 16:00:00,643.0999999999999
2022-05-05 17:00:00,643.0999999999999
2022-05-05 18:00:00,643.0999999999999
2022-05-05 19:00:00,643.0999999999999
2022-05-05 20:00:00,643.0999999999999
2022-05-05 21:00:00,643.0999999999999
2022-05-06 08:00:00,631.8999999999999
2022-05-06 09:00:00,634.1999999999998
2022-05-06 10:00:00,634.1999999999998
2022-05-06 11:00:00,633.4999999999999
2022-05-06 12:00:00,630.9999999999999
2022-05-06 13:00:00,629.0999999999999
2022-05-06 14:00:00,624.6999999999998
2022-05-06 15:00:00,631.9999999999999
2022-05-06 16:00:00,633.2999999999998
2022-05-06 17:00:00,633.2999999999998
2022-05-06 18:00:00,633.2999999999998
2022-05-06 19:00:00,633.2999999999998
2022-05-06 20:00:00,633.2999999999998
2022-05-06 21:00:00,633.2999999999998
2022-05-09 08:00:00,618.7999999999998
2022-05-09 09:00:00,617.0999999999999
2022-05-09 10:00:00,617.3999999999999
2022-05-09 11:00:00,609.9999999999999
2022-05-09 12:00:00,610.6999999999998
2022-05-09 13:00:00,612.5999999999999
2022-05-09 14:00:00,610.6999999999998
2022-05-09 15:00:00,606.0999999999999
2022-05-09 16:00:00,602.2999999999998
2022-05-09 17:00:00,605.9999999999999
2022-05-09 18:00:00,605.9999999999999
2022-05-09 19:00:00,605.9999999999999
2022-05-09 20:00:00,605.9999999999999
2022-05-09 21:00:00,605.9999999999999
2022-05-10 07:00:00,611.3999999999999
2022-05-10 08:00:00,606.1999999999998
2022-05-10 09:00:00,609.1999999999998
2022-05-10 10:00:00,607.0999999999999
2022-05-10 11:00:00,607.4999999999999
2022-05-10 12:00:00,605.9999999999999
2022-05-10 13:00:00,613.7999999999998
2022-05-10 14:00:00,614.3999999999999
2022-05-10 15:00:00,605.9999999999999
2022-05-10 16:00:00,604.4999999999999
2022-05-10 17:00:00,604.4999999999999
2022-05-10 18:00:00,604.4999999999999
2022-05-10 19:00:00,610.1999999999998
2022-05-10 20:00:00,610.1999999999998
2022-05-10 21:00:00,610.1999999999998
2022-05-11 08:00:00,612.3999999999999
2022-05-11 09:00:00,616.1999999999998
2022-05-11 10:00:00,615.9999999999999
2022-05-11 11:00:00,616.2999999999998
2022-05-11 12:00:00,618.8999999999999
2022-05-11 13:00:00,604.1999999999998
2022-05-11 14:00:00,618.8999999999999
2022-05-11 15:00:00,621.4999999999999
2022-05-11 16:00:00,621.3999999999999
2022-05-11 17:00:00,621.3999999999999
2022-05-11 18:00:00,621.3999999999999
2022-05-11 19:00:00,621.3999999999999
2022-05-11 20:00:00,621.3999999999999
2022-05-11 21:00:00,621.3999999999999
2022-05-12 08:00:00,610.1999999999998
2022-05-12 09:00:00,608.8999999999999
2022-05-12 10:00:00,606.2999999999998
2022-05-12 11:00:00,606.4999999999999
2022-05-12 12:00:00,608.1999999999998
2022-05-12 13:00:00,604.6999999999998
2022-05-12 14:00:00,610.9999999999999
2022-05-12 15:00:00,620.3999999999999
2022-05-12 16:00:00,621.4999999999999
2022-05-12 17:00:00,621.4999999999999
2022-05-12 18:00:00,621.4999999999999
2022-05-12 19:00:00,621.4999999999999
2022-05-12 20:00:00,621.4999999999999
2022-05-12 21:00:00,621.4999999999999
2022-05-13 08:00:00,628.1999999999998
2022-05-13 09:00:00,630.9999999999999
2022-05-13 10:00:00,631.6999999999998
2022-05-13 11:00:00,632.5999999999999
2022-05-13 12:00:00,633.5999999999999
2022-05-13 13:00:00,633.8999999999999
2022-05-13 14:00:00,635.6999999999998
2022-05-13 15:00:00,635.8999999999999
2022-05-13 16:00:00,637.7999999999998
2022-05-13 17:00:00,637.7999999999998
2022-05-13 18:00:00,637.7999999999998
2022-05-13 19:00:00,637.7999999999998
2022-05-13 20:00:00,637.7999999999998
2022-05-13 21:00:00,637.7999999999998
2022-05-16 08:00:00,632.1999999999998
2022-05-16 09:00:00,634.0999999999999
2022-05-16 10:00:00,631.4999999999999
2022-05-16 11:00:00,629.1999999999998
2022-05-16 12:00:00,630.8999999999999
2022-05-16 13:00:00,632.3999999999999
2022-05-16 14:00:00,628.7999999999998
2022-05-16 15:00:00,628.6999999999998
2022-05-16 16:00:00,628.2999999999998
2022-05-16 17:00:00,628.2999999999998
2022-05-16 18:00:00,628.2999999999998
2022-05-16 19:00:00,628.2999999999998
2022-05-16 20:00:00,628.2999999999998
2022-05-16 21:00:00,628.2999999999998
2022-05-17 08:00:00,637.4999999999999
2022-05-17 09:00:00,642.2999999999998
2022-05-17 10:00:00,646.9999999999999
2022-05-17 11:00:00,646.2999999999998
2022-05-17 12:00:00,646.3999999999999
2022-05-17 13:00:00,645.4999999999999
2022-05-17 14:00:00,643.3999999999999
2022-05-17 15:00:00,638.7999999999998
2022-05-17 16:00:00,641.1999999999998
2022-05-17 17:00:00,641.1999999999998
2022-05-17 18:00:00,641.1999999999998
2022-05-17 19:00:00,641.1999999999998
2022-05-17 20:00:00,641.1999999999998
2022-05-17 21:00:00,641.1999999999998
2022-05-18 08:00:00,637.4999999999999
2022-05-18 09:00:00,637.4999999999999
2022-05-18 10:00:00,639.1999999999998
2022-05-18 11:00:00,636.3999999999999
2022-05-18 12:00:00,632.5999999999999
2022-05-18 13:00:00,631.5999999999999
2022-05-18 14:00:00,630.6999999999998
2022-05-18 15:00:00,630.9999999999999
2022-05-18 16:00:00,625.8999999999999
2022-05-18 17:00:00,625.8999999999999
2022-05-18 18:00:00,625.8999999999999
2022-05-18 19:00:00,625.8999999999999
2022-05-18 20:00:00,625.8999999999999
2022-05-18 21:00:00,625.8999999999999
2022-05-19 08:00:00,617.5999999999999
2022-05-19 09:00:00,614.8999999999999
2022-05-19 10:00:00,612.0999999999999
2022-05-19 11:00:00,612.1999999999998
2022-05-19 12:00:00,614.6999999999998
2022-05-19 13:00:00,612.3999999999999
2022-05-19 14:00:00,613.0999999999999
2022-05-19 15:00:00,621.4999999999999
2022-05-19 16:00:00,625.2999999999998
2022-05-19 17:00:00,625.2999999999998
2022-05-19 18:00:00,625.2999999999998
2022-05-19 19:00:00,625.2999999999998
2022-05-19 20:00:00,625.2999999999998
2022-05-19 21:00:00,625.2999999999998
2022-05-20 08:00:00,633.1999999999998
2022-05-20 09:00:00,633.3999999999999
2022-05-20 10:00:00,635.9999999999999
2022-05-20 11:00:00,636.4999999999999
2022-05-20 12:00:00,636.2999999999998
2022-05-20 13:00:00,634.1999999999998
2022-05-20 14:00:00,632.8999999999999
2022-05-20 15:00:00,628.4999999999999
2022-05-20 16:00:00,624.2999999999998
2022-05-20 17:00:00,624.2999999999998
2022-05-20 18:00:00,624.2999999999998
2022-05-20 19:00:00,624.2999999999998
2022-05-20 20:00:00,624.2999999999998
2022-05-20 21:00:00,624.2999999999998
2022-05-23 08:00:00,634.7999999999998
2022-05-23 09:00:00,629.9999999999999
2022-05-23 10:00:00,627.5999999999999
2022-05-23 11:00:00,630.9999999999999
2022-05-23 12:00:00,633.3999999999999
2022-05-23 13:00:00,635.2999999999998
2022-05-23 14:00:00,637.3999999999999
2022-05-23 15:00:00,632.3999999999999
2022-05-23 16:00:00,633.5999999999999
2022-05-23 17:00:00,633.5999999999999
2022-05-23 18:00:00,633.5999999999999
2022-05-23 19:00:00,633.5999999999999
2022-05-23 20:00:00,633.5999999999999
2022-05-23 21:00:00,633.5999999999999
2022-05-24 08:00:00,625.6999999999998
2022-05-24 09:00:00,627.9999999999999
2022-05-24 10:00:00,625.8999999999999
2022-05-24 11:00:00,629.5999999999999
2022-05-24 12:00:00,630.4999999999999
2022-05-24 13:00:00,631.1999999999998
2022-05-24 14:00:00,626.2999999999998
2022-05-24 15:00:00,622.3999999999999
2022-05-24 16:00:00,620.6999999999998
2022-05-24 17:00:00,620.6999999999998
2022-05-24 18:00:00,620.6999999999998
2022-05-24 19:00:00,620.6999999999998
2022-05-24 20:00:00,620.6999999999998
2022-05-24 21:00:00,620.6999999999998
2022-05-25 08:00:00,620.0999999999999
2022-05-25 09:00:00,617.8999999999999
2022-05-25 10:00:00,619.0999999999999
2022-05-25 11:00:00,615.6999999999998
2022-05-25 12:00:00,615.2999999999998
2022-05-25 13:00:00,616.7999999999998
2022-05-25 14:00:00,620.0999999999999
2022-05-25 15:00:00,622.6999999999998
2022-05-25 16:00:00,622.4999999999999
2022-05-25 17:00:00,621.3999999999999
2022-05-25 18:00:00,621.3999999999999
2022-05-25 19:00:00,621.3999999999999
2022-05-25 20:00:00,621.3999999999999
2022-05-25 21:00:00,621.3999999999999
2022-05-26 08:00:00,622.6999999999998
2022-05-26 09:00:00,619.9999999999999
2022-05-26 10:00:00,621.9999999999999
2022-05-26 11:00:00,619.9999999999999
2022-05-26 12:00:00,623.7999999999998
2022-05-26 13:00:00,623.7999999999998
2022-05-26 14:00:00,626.3999999999999
2022-05-26 15:00:00,631.6999999999998
2022-05-26 16:00:00,633.3999999999999
2022-05-26 17:00:00,633.3999999999999
2022-05-26 18:00:00,633.3999999999999
2022-05-26 19:00:00,633.3999999999999
2022-05-26 20:00:00,633.3999999999999
2022-05-26 21:00:00,633.3999999999999
2022-05-27 08:00:00,638.3999999999999
2022-05-27 09:00:00,641.1999999999998
2022-05-27 10:00:00,641.1999999999998
2022-05-27 11:00:00,643.0999999999999
2022-05-27 12:00:00,643.1999999999998
2022-05-27 13:00:00,644.7999999999998
2022-05-27 14:00:00,646.6999999999998
2022-05-27 15:00:00,648.0999999999999
2022-05-27 16:00:00,651.2999999999998
2022-05-27 17:00:00,651.2999999999998
2022-05-27 18:00:00,651.2999999999998
2022-05-27 19:00:00,651.2999999999998
2022-05-27 20:00:00,651.2999999999998
2022-05-27 21:00:00,651.2999999999998
2022-05-30 08:00:00,665.2999999999998
2022-05-30 09:00:00,668.3999999999999
2022-05-30 10:00:00,667.3999999999999
2022-05-30 11:00:00,665.8999999999999
2022-05-30 12:00:00,665.6999999999998
2022-05-30 13:00:00,664.8999999999999
2022-05-30 14:00:00,664.8999999999999
2022-05-30 15:00:00,663.4999999999999
2022-05-30 16:00:00,663.8999999999999
2022-05-30 17:00:00,663.8999999999999
2022-05-30 18:00:00,663.8999999999999
2022-05-30 19:00:00,663.8999999999999
2022-05-30 20:00:00,663.8999999999999
2022-05-30 21:00:00,663.8999999999999
2022-05-31 08:00:00,654.9999999999999
2022-05-31 09:00:00,657.5999999999999
2022-05-31 10:00:00,656.7999999999998
2022-05-31 11:00:00,656.7999999999998
2022-05-31 12:00:00,656.0999999999999
2022-05-31 13:00:00,654.3999999999999
2022-05-31 14:00:00,648.6999999999998
2022-05-31 15:00:00,651.2999999999998
2022-05-31 16:00:00,647.3999999999999
2022-05-31 17:00:00,647.3999999999999
2022-05-31 18:00:00,647.3999999999999
2022-05-31 19:00:00,647.8999999999999
2022-05-31 20:00:00,647.8999999999999
2022-05-31 21:00:00,647.8999999999999
2022-06-01 08:00:00,647.3999999999999
2022-06-01 09:00:00,646.1999999999998
2022-06-01 10:00:00,646.2999999999998
2022-06-01 11:00:00,645.3999999999999
2022-06-01 12:00:00,645.5999999999999
2022-06-01 13:00:00,647.4999999999999
2022-06-01 14:00:00,652.2999999999998
2022-06-01 15:00:00,646.2999999999998
2022-06-01 16:00:00,641.6999999999998
2022-06-01 17:00:00,641.6999999999998
2022-06-01 18:00:00,641.6999999999998
2022-06-01 19:00:00,641.6999999999998
2022-06-01 20:00:00,641.6999999999998
2022-06-01 21:00:00,641.6999999999998
2022-06-02 08:00:00,645.7999999999998
2022-06-02 09:00:00,645.7999999999998
2022-06-02 10:00:00,645.7999999999998
2022-06-02 11:00:00,643.5999999999999
2022-06-02 12:00:00,643.5999999999999
2022-06-02 13:00:00,642.7999999999998
2022-06-02 14:00:00,645.9999999999999
2022-06-02 15:00:00,647.2999999999998
2022-06-02 16:00:00,650.1999999999998
2022-06-02 17:00:00,650.1999999999998
2022-06-02 18:00:00,650.1999999999998
2022-06-02 19:00:00,650.1999999999998
2022-06-02 20:00:00,650.1999999999998
2022-06-02 21:00:00,650.1999999999998
2022-06-03 08:00:00,650.8999999999999
2022-06-03 09:00:00,650.8999999999999
2022-06-03 10:00:00,650.2999999999998
2022-06-03 11:00:00,650.2999999999998
2022-06-03 12:00:00,650.2999999999998
2022-06-03 13:00:00,645.0999999999999
2022-06-03 14:00:00,644.8999999999999
2022-06-03 15:00:00,642.8999999999999
2022-06-03 16:00:00,640.0999999999999
2022-06-03 17:00:00,640.0999999999999
2022-06-03 18:00:00,640.0999999999999
2022-06-03 19:00:00,640.0999999999999
2022-06-03 20:00:00,640.0999999999999
2022-06-03 21:00:00,640.0999999999999
2022-06-06 08:00:00,652.4999999999999
2022-06-06 09:00:00,653.3999999999999
2022-06-06 10:00:00,655.8999999999999
2022-06-06 11:00:00,654.8999999999999
2022-06-06 12:00:00,654.8999999999999
2022-06-06 13:00:00,656.6999999999998
2022-06-06 14:00:00,656.6999999999998
2022-06-06 15:00:00,657.3999999999999
2022-06-06 16:00:00,652.3999999999999
2022-06-06 17:00:00,652.3999999999999
2022-06-06 18:00:00,652.3999999999999
2022-06-06 19:00:00,652.3999999999999
2022-06-06 20:00:00,652.3999999999999
2022-06-06 21:00:00,652.3999999999999
2022-06-07 10:00:00,643.3999999999999
2022-06-07 11:00:00,643.2999999999998
2022-06-07 12:00:00,642.4999999999999
2022-06-07 13:00:00,642.1999999999998
2022-06-07 14:00:00,645.0999999999999
2022-06-07 15:00:00,648.2999999999998
2022-06-07 16:00:00,645.7999999999998
2022-06-07 17:00:00,643.7999999999998
2022-06-07 18:00:00,643.7999999999998
2022-06-07 19:00:00,643.7999999999998
2022-06-07 20:00:00,643.7999999999998
2022-06-07 21:00:00,643.7999999999998
2022-06-08 08:00:00,651.1999999999998
2022-06-08 09:00:00,651.8999999999999
2022-06-08 10:00:00,651.6999999999998
2022-06-08 11:00:00,649.8999999999999
2022-06-08 12:00:00,649.8999999999999
2022-06-08 13:00:00,647.9999999999999
2022-06-08 14:00:00,649.3999999999999
2022-06-08 15:00:00,647.3999999999999
2022-06-08 16:00:00,649.4999999999999
2022-06-08 17:00:00,649.4999999999999
2022-06-08 18:00:00,649.4999999999999
2022-06-08 19:00:00,649.4999999999999
2022-06-08 20:00:00,649.4999999999999
2022-06-08 21:00:00,649.4999999999999
2022-06-09 08:00:00,644.3999999999999
2022-06-09 09:00:00,645.2999999999998
2022-06-09 10:00:00,647.1999999999998
2022-06-09 11:00:00,645.2999999999998
2022-06-09 12:00:00,644.0999999999999
2022-06-09 13:00:00,636.6999999999998
2022-06-09 14:00:00,636.5999999999999
2022-06-09 15:00:00,638.2999999999998
2022-06-09 16:00:00,635.5999999999999
2022-06-09 17:00:00,635.5999999999999
2022-06-09 18:00:00,635.5999999999999
2022-06-09 19:00:00,635.5999999999999
2022-06-09 20:00:00,635.5999999999999
2022-06-09 21:00:00,635.5999999999999
2022-06-09 23:00:00,635.5999999999999
2022-06-10 08:00:00,628.2999999999998
2022-06-10 09:00:00,631.1999999999998
2022-06-10 10:00:00,630.3999999999999
2022-06-10 11:00:00,631.0999999999999
2022-06-10 12:00:00,630.3999999999999
2022-06-10 13:00:00,622.0999999999999
2022-06-10 14:00:00,620.7999999999998
2022-06-10 15:00:00,618.2999999999998
2022-06-10 16:00:00,613.3999999999999
2022-06-10 17:00:00,613.3999999999999
2022-06-10 17:00:01,613.3999999999999
2022-06-10 17:00:02,613.3999999999999
2022-06-10 23:00:00,608.1999999999998
2022-06-13 13:00:00,586.9999999999999
2022-06-13 14:00:00,587.0999999999999
2022-06-13 15:00:00,584.1999999999998
2022-06-13 16:00:00,584.1999999999998
2022-06-13 17:00:00,584.1999999999998
2022-06-13 23:00:00,584.6999999999998
2022-06-14 08:00:00,589.0999999999999
2022-06-14 10:00:00,582.0999999999999
2022-06-14 14:00:00,578.7999999999998
2022-06-14 23:00:00,578.3999999999999
2022-06-15 08:00:00,578.8999999999999
2022-06-15 10:00:00,581.8999999999999
2022-06-15 11:00:00,583.5999999999999
2022-06-15 12:00:00,587.3999999999999
2022-06-15 13:00:00,586.3999999999999
2022-06-15 14:00:00,587.1999999999998
2022-06-15 15:00:00,588.5999999999999
2022-06-15 16:00:00,590.6999999999998
2022-06-15 23:00:00,591.0999999999999
2022-06-16 08:00:00,576.2999999999998
2022-06-16 09:00:00,573.4999999999999
2022-06-16 10:00:00,572.1999999999998
2022-06-16 11:00:00,571.5999999999999
2022-06-16 12:00:00,570.9999999999999
2022-06-16 14:00:00,571.3999999999999
2022-06-16 15:00:00,565.9999999999999
2022-06-16 16:00:00,567.1999999999998
2022-06-16 23:00:00,568.3999999999999
2022-06-17 08:00:00,572.8999999999999
2022-06-17 09:00:00,576.6999999999998
2022-06-17 10:00:00,577.8999999999999
2022-06-17 11:00:00,578.5999999999999
2022-06-17 12:00:00,573.9999999999999
2022-06-17 13:00:00,572.5999999999999
2022-06-17 14:00:00,574.0999999999999
2022-06-17 15:00:00,568.3999999999999
2022-06-17 16:00:00,572.3999999999999
2022-06-17 17:00:00,572.3999999999999
2022-06-17 23:00:00,572.7999999999998
2022-06-20 08:00:00,575.6999999999998
2022-06-20 09:00:00,578.0999999999999
2022-06-20 10:00:00,573.6999999999998
2022-06-20 12:00:00,572.9999999999999
2022-06-20 13:00:00,574.7999999999998
2022-06-20 14:00:00,575.8999999999999
2022-06-20 15:00:00,576.0999999999999
2022-06-20 16:00:00,577.5999999999999
2022-06-20 23:00:00,577.6999999999998
2022-06-21 08:00:00,586.6999999999998
2022-06-21 09:00:00,585.2999999999998
2022-06-21 10:00:00,585.4999999999999
2022-06-21 11:00:00,583.7999999999998
2022-06-21 12:00:00,583.3999999999999
2022-06-21 13:00:00,582.3999999999999
2022-06-21 14:00:00,585.8999999999999
2022-06-21 15:00:00,586.6999999999998
2022-06-21 16:00:00,584.4999999999999
2022-06-21 23:00:00,584.8999999999999
2022-06-22 08:00:00,573.8999999999999
2022-06-22 09:00:00,570.0999999999999
2022-06-22 10:00:00,572.1999999999998
2022-06-22 11:00:00,572.0999999999999
2022-06-22 13:00:00,572.9999999999999
2022-06-22 14:00:00,579.7999999999998
2022-06-22 15:00:00,586.1999999999998
2022-06-22 16:00:00,583.5999999999999
2022-06-22 23:00:00,584.5999999999999
2022-06-23 08:00:00,574.9999999999999
2022-06-23 09:00:00,576.8999999999999
2022-06-23 10:00:00,580.3999999999999
2022-06-23 11:00:00,583.8999999999999
2022-06-23 12:00:00,583.0999999999999
2022-06-23 13:00:00,579.4999999999999
2022-06-23 14:00:00,577.4999999999999
2022-06-23 15:00:00,583.1999999999998
2022-06-23 16:00:00,580.8999999999999
2022-06-23 23:00:00,581.4999999999999
2022-06-24 08:00:00,587.3999999999999
2022-06-24 09:00:00,590.2999999999998
2022-06-24 11:00:00,593.5999999999999
2022-06-24 12:00:00,592.4999999999999
2022-06-24 13:00:00,591.3999999999999
2022-06-24 14:00:00,593.4999999999999
2022-06-24 15:00:00,601.8999999999999
2022-06-24 16:00:00,602.3999999999999
2022-06-24 23:00:00,601.2999999999998
2022-06-27 07:00:00,609.3999999999999
2022-06-27 08:00:00,614.3999999999999
2022-06-27 09:00:00,614.8999999999999
2022-06-27 10:00:00,614.6999999999998
2022-06-27 11:00:00,615.5999999999999
2022-06-27 12:00:00,612.7999999999998
2022-06-27 13:00:00,612.5999999999999
2022-06-27 14:00:00,612.9999999999999
2022-06-27 15:00:00,610.2999999999998
2022-06-27 16:00:00,611.8999999999999
2022-06-27 23:00:00,611.6999999999998
2022-06-28 08:00:00,605.1999999999998
2022-06-28 09:00:00,609.8999999999999
2022-06-28 10:00:00,608.3999999999999
2022-06-28 11:00:00,608.6999999999998
2022-06-28 12:00:00,607.5999999999999
2022-06-28 13:00:00,605.6999999999998
2022-06-28 14:00:00,611.0999999999999
2022-06-28 15:00:00,605.2999999999998
2022-06-28 16:00:00,602.5999999999999
2022-06-28 23:00:00,602.7999999999998
2022-06-29 08:00:00,593.3999999999999
2022-06-29 09:00:00,595.3999999999999
2022-06-29 10:00:00,589.9999999999999
2022-06-29 11:00:00,590.6999999999998
2022-06-29 12:00:00,590.3999999999999
2022-06-29 13:00:00,593.1999999999998
2022-06-29 14:00:00,589.9999999999999
2022-06-29 15:00:00,594.9999999999999
2022-06-29 16:00:00,594.1999999999998
2022-06-29 23:00:00,594.0999999999999
2022-06-30 08:00:00,579.0999999999999
2022-06-30 09:00:00,581.3999999999999
2022-06-30 10:00:00,579.3999999999999
2022-06-30 11:00:00,577.4999999999999
2022-06-30 12:00:00,576.4999999999999
2022-06-30 13:00:00,578.2999999999998
2022-06-30 14:00:00,575.9999999999999
2022-06-30 15:00:00,581.0999999999999
2022-06-30 16:00:00,583.2999999999998
2022-06-30 23:00:00,583.6999999999998
2022-07-01 08:00:00,572.5999999999999
2022-07-01 09:00:00,577.3999999999999
2022-07-01 10:00:00,579.1999999999998
2022-07-01 11:00:00,578.3999999999999
2022-07-01 12:00:00,573.0999999999999
2022-07-01 14:00:00,575.5999999999999
2022-07-01 15:00:00,573.0999999999999
2022-07-01 16:00:00,571.8999999999999
2022-07-01 23:00:00,572.6999999999998
2022-07-04 08:00:00,568.8999999999999
2022-07-04 09:00:00,569.3999999999999
2022-07-04 10:00:00,570.8999999999999
2022-07-04 14:00:00,569.0999999999999
2022-07-04 15:00:00,567.1999999999998
2022-07-04 16:00:00,567.3999999999999
2022-07-04 23:00:00,567.6999999999998
2022-07-05 08:00:00,573.2999999999998
2022-07-05 09:00:00,564.4999999999999
2022-07-05 10:00:00,560.5999999999999
2022-07-05 11:00:00,562.9999999999999
2022-07-05 12:00:00,559.4999999999999
2022-07-05 13:00:00,554.1999999999998
2022-07-05 14:00:00,555.6999999999998
2022-07-05 15:00:00,560.5999999999999
2022-07-05 16:00:00,558.6999999999998
2022-07-05 23:00:00,559.3999999999999
2022-07-06 08:00:00,573.2999999999998
2022-07-06 09:00:00,573.4999999999999
2022-07-06 10:00:00,572.5999999999999
2022-07-06 11:00:00,572.6999999999998
2022-07-06 12:00:00,573.8999999999999
2022-07-06 13:00:00,575.4999999999999
2022-07-06 14:00:00,574.5999999999999
2022-07-06 15:00:00,575.5999999999999
2022-07-06 16:00:00,573.5999999999999
2022-07-06 19:00:00,576.3999999999999
2022-07-06 23:00:00,574.2999999999998
2022-07-07 08:00:00,588.4999999999999
2022-07-07 09:00:00,584.6999999999998
2022-07-07 10:00:00,585.7999999999998
2022-07-07 11:00:00,584.4999999999999
2022-07-07 12:00:00,583.4999999999999
2022-07-07 13:00:00,584.7999999999998
2022-07-07 14:00:00,589.8999999999999
2022-07-07 15:00:00,590.7999999999998
2022-07-07 16:00:00,593.0999999999999
2022-07-07 23:00:00,592.2999999999998
2022-07-08 08:00:00,592.6999999999998
2022-07-08 09:00:00,589.5999999999999
2022-07-08 10:00:00,589.2999999999998
2022-07-08 11:00:00,594.4999999999999
2022-07-08 12:00:00,592.0999999999999
2022-07-08 13:00:00,585.9999999999999
2022-07-08 14:00:00,587.3999999999999
2022-07-08 15:00:00,592.8999999999999
2022-07-08 16:00:00,594.9999999999999
2022-07-08 23:00:00,595.0999999999999
2022-07-11 08:00:00,587.9999999999999
2022-07-11 10:00:00,593.7999999999998
2022-07-11 11:00:00,593.2999999999998
2022-07-11 12:00:00,591.1999999999998
2022-07-11 13:00:00,592.1999999999998
2022-07-11 14:00:00,586.6999999999998
2022-07-11 15:00:00,588.7999999999998
2022-07-11 16:00:00,587.6999999999998
2022-07-11 23:00:00,587.3999999999999
2022-07-12 08:00:00,578.3999999999999
2022-07-12 09:00:00,579.4999999999999
2022-07-12 10:00:00,581.5999999999999
2022-07-12 11:00:00,583.9999999999999
2022-07-12 12:00:00,587.2999999999998
2022-07-12 13:00:00,585.3999999999999
2022-07-12 14:00:00,586.5999999999999
2022-07-12 15:00:00,584.8999999999999
2022-07-12 16:00:00,585.3999999999999
2022-07-12 23:00:00,585.5999999999999
2022-07-13 08:00:00,582.3999999999999
2022-07-13 09:00:00,583.1999999999998
2022-07-13 10:00:00,586.3999999999999
2022-07-13 11:00:00,584.4999999999999
2022-07-13 12:00:00,582.0999999999999
2022-07-13 13:00:00,575.0999999999999
2022-07-13 14:00:00,577.6999999999998
2022-07-13 15:00:00,582.4999999999999
2022-07-13 16:00:00,581.8999999999999
2022-07-13 23:00:00,582.4999999999999
2022-07-14 08:00:00,584.3999999999999
2022-07-14 09:00:00,581.9999999999999
2022-07-14 10:00:00,583.3999999999999
2022-07-14 11:00:00,580.5999999999999
2022-07-14 12:00:00,581.5999999999999
2022-07-14 13:00:00,578.3999999999999
2022-07-14 14:00:00,576.5999999999999
2022-07-14 15:00:00,576.3999999999999
2022-07-14 16:00:00,579.1999999999998
2022-07-14 23:00:00,579.2999999999998
2022-07-15 08:00:00,584.5999999999999
2022-07-15 09:00:00,589.2999999999998
2022-07-15 10:00:00,587.5999999999999
2022-07-15 11:00:00,587.9999999999999
2022-07-15 12:00:00,588.5999999999999
2022-07-15 13:00:00,590.9999999999999
2022-07-15 14:00:00,588.4999999999999
2022-07-15 15:00:00,591.6999999999998
2022-07-15 16:00:00,594.7999999999998
2022-07-15 23:00:00,594.7999999999998
2022-07-18 08:00:00,601.3999999999999
2022-07-18 09:00:00,601.8999999999999
2022-07-18 10:00:00,601.8999999999999
2022-07-18 11:00:00,602.9999999999999
2022-07-18 12:00:00,602.9999999999999
2022-07-18 13:00:00,604.6999999999998
2022-07-18 14:00:00,603.5999999999999
2022-07-18 15:00:00,602.0999999999999
2022-07-18 16:00:00,602.6999999999998
2022-07-18 23:00:00,603.3999999999999
2022-07-19 08:00:00,594.1999999999998
2022-07-19 09:00:00,594.8999999999999
2022-07-19 11:00:00,600.5999999999999
2022-07-19 12:00:00,599.7999999999998
2022-07-19 13:00:00,602.6999999999998
2022-07-19 14:00:00,603.1999999999998
2022-07-19 15:00:00,612.7999999999998
2022-07-19 16:00:00,613.6999999999998
2022-07-19 17:00:00,613.0999999999999
2022-07-19 23:00:00,614.1999999999998
2022-07-20 08:00:00,613.8999999999999
2022-07-20 09:00:00,614.5999999999999
2022-07-20 10:00:00,615.2999999999998
2022-07-20 11:00:00,614.9999999999999
2022-07-20 12:00:00,615.2999999999998
2022-07-20 13:00:00,612.9999999999999
2022-07-20 14:00:00,614.5999999999999
2022-07-20 15:00:00,622.1999999999998
2022-07-20 16:00:00,624.2999999999998
2022-07-20 23:00:00,622.2999999999998
2022-07-21 08:00:00,627.5999999999999
2022-07-21 09:00:00,626.3999999999999
2022-07-21 10:00:00,629.9999999999999
2022-07-21 11:00:00,631.5999999999999
2022-07-21 12:00:00,630.1999999999998
2022-07-21 13:00:00,632.2999999999998
2022-07-21 14:00:00,632.2999999999998
2022-07-21 15:00:00,633.6999999999998
2022-07-21 16:00:00,633.3999999999999
2022-07-21 23:00:00,633.6999999999998
2022-07-22 08:00:00,636.2999999999998
2022-07-22 09:00:00,640.7999999999998
2022-07-22 10:00:00,641.3999999999999
2022-07-22 11:00:00,643.3999999999999
2022-07-22 12:00:00,645.3999999999999
2022-07-22 13:00:00,645.7999999999998
2022-07-22 14:00:00,645.6999999999998
2022-07-22 15:00:00,643.5999999999999
2022-07-22 16:00:00,638.3999999999999
2022-07-22 23:00:00,640.2999999999998
2022-07-25 08:00:00,636.8999999999999
2022-07-25 11:00:00,637.9999999999999
2022-07-25 12:00:00,638.7999999999998
2022-07-25 13:00:00,638.0999999999999
2022-07-25 14:00:00,636.3999999999999
2022-07-25 15:00:00,633.2999999999998
2022-07-25 16:00:00,636.0999999999999
2022-07-25 23:00:00,634.2999999999998
2022-07-26 07:00:00,632.3999999999999
2022-07-26 08:00:00,635.9999999999999
2022-07-26 09:00:00,633.9999999999999
2022-07-26 10:00:00,634.7999999999998
2022-07-26 11:00:00,630.9999999999999
2022-07-26 12:00:00,632.4999999999999
2022-07-26 13:00:00,630.6999999999998
2022-07-26 14:00:00,628.4999999999999
2022-07-26 15:00:00,629.9999999999999
2022-07-26 16:00:00,626.1999999999998
2022-07-26 23:00:00,628.4999999999999
2022-07-27 08:00:00,632.5999999999999
2022-07-27 09:00:00,633.4999999999999
2022-07-27 10:00:00,632.6999999999998
2022-07-27 11:00:00,633.1999999999998
2022-07-27 12:00:00,630.6999999999998
2022-07-27 14:00:00,636.5999999999999
2022-07-27 15:00:00,635.6999999999998
2022-07-27 16:00:00,636.9999999999999
2022-07-27 19:00:00,637.2999999999998
2022-07-27 23:00:00,636.0999999999999
2022-07-28 08:00:00,640.9999999999999
2022-07-28 09:00:00,639.4999999999999
2022-07-28 10:00:00,637.5999999999999
2022-07-28 11:00:00,639.3999999999999
2022-07-28 12:00:00,640.7999999999998
2022-07-28 13:00:00,639.0999999999999
2022-07-28 14:00:00,640.8999999999999
2022-07-28 15:00:00,640.7999999999998
2022-07-28 16:00:00,646.7999999999998
2022-07-28 23:00:00,646.5999999999999
2022-07-29 08:00:00,653.9999999999999
2022-07-29 09:00:00,652.3999999999999
2022-07-29 10:00:00,652.6999999999998
2022-07-29 11:00:00,654.7999999999998
2022-07-29 12:00:00,656.8999999999999
2022-07-29 13:00:00,656.9999999999999
2022-07-29 14:00:00,656.6999999999998
2022-07-29 15:00:00,657.6999999999998
2022-07-29 16:00:00,656.8999999999999
2022-07-29 17:00:00,657.1999999999998
2022-07-29 23:00:00,656.3999999999999
2022-08-01 08:00:00,657.3999999999999
2022-08-01 09:00:00,658.3999999999999
2022-08-01 10:00:00,660.3999999999999
2022-08-01 11:00:00,660.3999999999999
2022-08-01 12:00:00,662.1999999999998
2022-08-01 13:00:00,661.0999999999999
2022-08-01 14:00:00,659.1999999999998
2022-08-01 15:00:00,664.3999999999999
2022-08-01 16:00:00,662.2999999999998
2022-08-01 23:00:00,661.7999999999998
2022-08-02 08:00:00,650.7999999999998
2022-08-02 09:00:00,647.4999999999999
2022-08-02 10:00:00,648.5999999999999
2022-08-02 11:00:00,646.7999999999998
2022-08-02 12:00:00,647.8999999999999
2022-08-02 13:00:00,648.1999999999998
2022-08-02 14:00:00,648.9999999999999
2022-08-02 15:00:00,652.6999999999998
2022-08-02 16:00:00,652.2999999999998
2022-08-02 23:00:00,651.9999999999999
2022-08-03 09:00:00,656.6999999999998
2022-08-03 10:00:00,660.8999999999999
2022-08-03 11:00:00,661.3999999999999
2022-08-03 12:00:00,661.0999999999999
2022-08-03 13:00:00,661.7999999999998
2022-08-03 14:00:00,665.5999999999999
2022-08-03 15:00:00,668.0999999999999
2022-08-03 16:00:00,670.3999999999999
2022-08-03 23:00:00,671.6999999999998
2022-08-04 08:00:00,677.9999999999999
2022-08-04 09:00:00,677.4999999999999
2022-08-04 10:00:00,679.6999999999998
2022-08-04 11:00:00,682.9999999999999
2022-08-04 12:00:00,678.2999999999998
2022-08-04 13:00:00,678.6999999999998
2022-08-04 14:00:00,679.5999999999999
2022-08-04 15:00:00,677.2999999999998
2022-08-04 16:00:00,677.2999999999998
2022-08-04 23:00:00,677.8999999999999
2022-08-05 08:00:00,680.1999999999998
2022-08-05 09:00:00,676.0999999999999
2022-08-05 10:00:00,676.6999999999998
2022-08-05 11:00:00,676.5999999999999
2022-08-05 12:00:00,675.9999999999999
2022-08-05 13:00:00,665.1999999999998
2022-08-05 14:00:00,666.5999999999999
2022-08-05 15:00:00,668.8999999999999
2022-08-05 16:00:00,663.8999999999999
2022-08-05 23:00:00,663.7999999999998
2022-08-08 08:00:00,673.0999999999999
2022-08-08 11:00:00,673.7999999999998
2022-08-08 12:00:00,673.9999999999999
2022-08-08 13:00:00,675.8999999999999
2022-08-08 14:00:00,672.5999999999999
2022-08-08 15:00:00,668.0999999999999
2022-08-08 16:00:00,665.8999999999999
2022-08-08 23:00:00,665.9999999999999
2022-08-09 08:00:00,661.6999999999998
2022-08-09 09:00:00,661.8999999999999
2022-08-09 10:00:00,659.5999999999999
2022-08-09 11:00:00,653.4999999999999
2022-08-09 12:00:00,650.5999999999999
2022-08-09 13:00:00,652.2999999999998
2022-08-09 14:00:00,650.7999999999998
2022-08-09 15:00:00,647.2999999999998
2022-08-09 16:00:00,646.0999999999999
2022-08-09 23:00:00,646.4999999999999
2022-08-10 08:00:00,644.0999999999999
2022-08-10 09:00:00,645.7999999999998
2022-08-10 10:00:00,645.6999999999998
2022-08-10 11:00:00,644.7999999999998
2022-08-10 12:00:00,645.5999999999999
2022-08-10 13:00:00,660.0999999999999
2022-08-10 15:00:00,658.5999999999999
2022-08-10 16:00:00,662.3999999999999
2022-08-10 23:00:00,661.6999999999998
2022-08-11 08:00:00,660.9999999999999
2022-08-11 09:00:00,659.7999999999998
2022-08-11 10:00:00,662.4999999999999
2022-08-11 11:00:00,661.0999999999999
2022-08-11 12:00:00,661.3999999999999
2022-08-11 13:00:00,664.4999999999999
2022-08-11 14:00:00,660.9999999999999
2022-08-11 15:00:00,664.7999999999998
2022-08-11 16:00:00,662.1999999999998
2022-08-11 23:00:00,663.6999999999998
2022-08-12 08:00:00,662.5999999999999
2022-08-12 09:00:00,660.2999999999998
2022-08-12 11:00:00,658.5999999999999
2022-08-12 12:00:00,659.2999999999998
2022-08-12 13:00:00,661.1999999999998
2022-08-12 14:00:00,663.4999999999999
2022-08-12 15:00:00,663.2999999999998
2022-08-12 16:00:00,665.0999999999999
2022-08-12 23:00:00,663.6999999999998
2022-08-15 08:00:00,664.4999999999999
2022-08-15 09:00:00,667.0999999999999
2022-08-15 10:00:00,666.3999999999999
2022-08-15 11:00:00,665.7999999999998
2022-08-15 12:00:00,665.2999999999998
2022-08-15 13:00:00,664.5999999999999
2022-08-15 14:00:00,668.5999999999999
2022-08-15 15:00:00,666.8999999999999
2022-08-15 16:00:00,667.6999999999998
2022-08-15 23:00:00,667.2999999999998
2022-08-16 08:00:00,668.1999999999998
2022-08-16 09:00:00,671.4999999999999
2022-08-16 10:00:00,667.1999999999998
2022-08-16 11:00:00,668.6999999999998
2022-08-16 13:00:00,666.9999999999999
2022-08-16 14:00:00,662.2999999999998
2022-08-16 15:00:00,664.8999999999999
2022-08-16 16:00:00,666.3999999999999
2022-08-16 19:00:00,665.8999999999999
2022-08-16 23:00:00,666.5999999999999
2022-08-17 08:00:00,663.8999999999999
2022-08-17 09:00:00,662.1999999999998
2022-08-17 10:00:00,662.0999999999999
2022-08-17 11:00:00,662.4999999999999
2022-08-17 12:00:00,659.3999999999999
2022-08-17 13:00:00,658.1999999999998
2022-08-17 14:00:00,657.3999999999999
2022-08-17 15:00:00,653.1999999999998
2022-08-17 16:00:00,653.7999999999998
2022-08-17 23:00:00,653.9999999999999
2022-08-18 08:00:00,654.7999999999998
2022-08-18 09:00:00,653.9999999999999
2022-08-18 10:00:00,657.7999999999998
2022-08-18 11:00:00,657.2999999999998
2022-08-18 12:00:00,657.4999999999999
2022-08-18 13:00:00,655.6999999999998
2022-08-18 14:00:00,656.4999999999999
2022-08-18 15:00:00,658.5999999999999
2022-08-18 16:00:00,660.1999999999998
2022-08-18 23:00:00,660.2999999999998
2022-08-19 08:00:00,659.5999999999999
2022-08-19 09:00:00,656.8999999999999
2022-08-19 10:00:00,660.1999999999998
2022-08-19 11:00:00,657.8999999999999
2022-08-19 12:00:00,659.4999999999999
2022-08-19 13:00:00,659.8999999999999
2022-08-19 14:00:00,655.8999999999999
2022-08-19 15:00:00,656.3999999999999
2022-08-19 16:00:00,652.8999999999999
2022-08-19 23:00:00,652.8999999999999
2022-08-22 08:00:00,643.8999999999999
2022-08-22 09:00:00,641.7999999999998
2022-08-22 10:00:00,640.8999999999999
2022-08-22 13:00:00,640.7999999999998
2022-08-22 14:00:00,640.0999999999999
2022-08-22 15:00:00,635.9999999999999
2022-08-22 16:00:00,635.4999999999999
2022-08-22 23:00:00,635.7999999999998
2022-08-23 08:00:00,637.2999999999998
2022-08-23 11:00:00,633.8999999999999
2022-08-23 12:00:00,635.1999999999998
2022-08-23 14:00:00,631.7999999999998
2022-08-23 15:00:00,633.5999999999999
2022-08-23 16:00:00,633.6999999999998
2022-08-23 23:00:00,633.3999999999999
2022-08-24 08:00:00,629.2999999999998
2022-08-24 09:00:00,633.9999999999999
2022-08-24 10:00:00,630.7999999999998
2022-08-24 11:00:00,632.6999999999998
2022-08-24 12:00:00,634.4999999999999
2022-08-24 13:00:00,635.6999999999998
2022-08-24 14:00:00,635.3999999999999
2022-08-24 15:00:00,636.7999999999998
2022-08-24 16:00:00,638.2999999999998
2022-08-24 23:00:00,638.3999999999999
2022-08-25 08:00:00,642.3999999999999
2022-08-25 10:00:00,637.8999999999999
2022-08-25 11:00:00,638.7999999999998
2022-08-25 12:00:00,638.7999999999998
2022-08-25 14:00:00,639.3999999999999
2022-08-25 15:00:00,646.1999999999998
2022-08-25 16:00:00,643.6999999999998
2022-08-25 23:00:00,644.1999999999998
2022-08-26 08:00:00,653.2999999999998
2022-08-26 09:00:00,647.1999999999998
2022-08-26 10:00:00,644.9999999999999
2022-08-26 11:00:00,641.9999999999999
2022-08-26 13:00:00,644.5999999999999
2022-08-26 14:00:00,639.9999999999999
2022-08-26 15:00:00,631.7999999999998
2022-08-26 16:00:00,630.1999999999998
2022-08-26 23:00:00,630.1999999999998
2022-08-29 08:00:00,620.0999999999999
2022-08-29 10:00:00,617.2999999999998
2022-08-29 11:00:00,616.8999999999999
2022-08-29 12:00:00,616.9999999999999
2022-08-29 13:00:00,617.4999999999999
2022-08-29 14:00:00,620.1999999999998
2022-08-29 15:00:00,617.8999999999999
2022-08-29 16:00:00,616.9999999999999
2022-08-29 23:00:00,615.8999999999999
2022-08-30 08:00:00,620.3999999999999
2022-08-30 09:00:00,625.5999999999999
2022-08-30 10:00:00,627.1999999999998
2022-08-30 11:00:00,625.8999999999999
2022-08-30 12:00:00,625.4999999999999
2022-08-30 13:00:00,622.5999999999999
2022-08-30 14:00:00,619.1999999999998
2022-08-30 15:00:00,609.9999999999999
2022-08-30 16:00:00,610.8999999999999
2022-08-30 23:00:00,611.0999999999999
2022-08-31 08:00:00,620.4999999999999
2022-08-31 09:00:00,617.3999999999999
2022-08-31 10:00:00,615.5999999999999
2022-08-31 13:00:00,617.7999999999998
2022-08-31 14:00:00,618.0999999999999
2022-08-31 15:00:00,609.0999999999999
2022-08-31 16:00:00,606.2999999999998
2022-08-31 23:00:00,606.5999999999999
2022-09-01 08:00:00,600.9999999999999
2022-09-01 09:00:00,595.6999999999998
2022-09-01 10:00:00,598.6999999999998
2022-09-01 11:00:00,597.1999999999998
2022-09-01 12:00:00,601.6999999999998
2022-09-01 13:00:00,599.7999999999998
2022-09-01 14:00:00,598.5999999999999
2022-09-01 15:00:00,592.0999999999999
2022-09-01 16:00:00,587.4999999999999
2022-09-01 23:00:00,588.9999999999999
2022-09-02 08:00:00,597.6999999999998
2022-09-02 09:00:00,595.4999999999999
2022-09-02 10:00:00,594.2999999999998
2022-09-02 11:00:00,594.9999999999999
2022-09-02 12:00:00,594.4999999999999
2022-09-02 13:00:00,597.5999999999999
2022-09-02 14:00:00,602.8999999999999
2022-09-02 15:00:00,607.6999999999998
2022-09-02 16:00:00,606.3999999999999
2022-09-02 17:00:00,597.7999999999998
2022-09-02 23:00:00,606.7999999999998
2022-09-05 08:00:00,590.8999999999999
2022-09-05 09:00:00,593.8999999999999
2022-09-05 10:00:00,596.6999999999998
2022-09-05 11:00:00,597.7999999999998
2022-09-05 12:00:00,594.6999999999998
2022-09-05 14:00:00,597.6999999999998
2022-09-05 15:00:00,600.5999999999999
2022-09-05 16:00:00,599.6999999999998
2022-09-05 23:00:00,600.1999999999998
2022-09-06 08:00:00,603.7999999999998
2022-09-06 09:00:00,600.3999999999999
2022-09-06 11:00:00,604.9999999999999
2022-09-06 12:00:00,601.6999999999998
2022-09-06 13:00:00,602.4999999999999
2022-09-06 14:00:00,598.2999999999998
2022-09-06 15:00:00,601.7999999999998
2022-09-06 16:00:00,599.6999999999998
2022-09-06 23:00:00,600.5999999999999
2022-09-07 08:00:00,598.6999999999998
2022-09-07 09:00:00,598.7999999999998
2022-09-07 11:00:00,598.0999999999999
2022-09-07 12:00:00,597.7999999999998
2022-09-07 13:00:00,596.3999999999999
2022-09-07 14:00:00,599.6999999999998
2022-09-07 15:00:00,598.7999999999998
2022-09-07 16:00:00,601.2999999999998
2022-09-07 23:00:00,600.5999999999999
2022-09-08 08:00:00,601.1999999999998
2022-09-08 09:00:00,599.6999999999998
2022-09-08 10:00:00,601.3999999999999
2022-09-08 11:00:00,599.8999999999999
2022-09-08 12:00:00,598.3999999999999
2022-09-08 13:00:00,590.7999999999998
2022-09-08 14:00:00,598.7999999999998
2022-09-08 15:00:00,603.7999999999998
2022-09-08 16:00:00,604.2999999999998
2022-09-08 23:00:00,604.6999999999998
2022-09-09 08:00:00,609.8999999999999
2022-09-09 09:00:00,616.0999999999999
2022-09-09 10:00:00,615.3999999999999
2022-09-09 11:00:00,617.2999999999998
2022-09-09 12:00:00,616.8999999999999
2022-09-09 13:00:00,617.8999999999999
2022-09-09 14:00:00,617.1999999999998
2022-09-09 15:00:00,619.3999999999999
2022-09-09 16:00:00,619.3999999999999
2022-09-09 16:00:01,619.3999999999999
2022-09-09 16:00:02,619.3999999999999
2022-09-09 23:00:00,620.0999999999998
2022-09-12 11:00:00,625.0999999999998
2022-09-12 16:00:00,625.3999999999997
2022-09-12 23:00:00,624.6999999999998
2022-09-13 08:00:00,628.2999999999998
2022-09-13 09:00:00,628.8999999999997
2022-09-13 15:00:00,609.0999999999998
2022-09-13 16:00:00,607.3999999999997
2022-09-13 23:00:00,607.5999999999998
2022-09-14 08:00:00,601.3999999999997
2022-09-14 09:00:00,609.7999999999998
2022-09-14 10:00:00,605.4999999999998
2022-09-14 11:00:00,605.0999999999998
2022-09-14 12:00:00,602.3999999999997
2022-09-14 14:00:00,603.7999999999998
2022-09-14 15:00:00,602.1999999999998
2022-09-14 16:00:00,605.0999999999998
2022-09-14 23:00:00,605.7999999999998
2022-09-15 08:00:00,607.6999999999998
2022-09-15 11:00:00,603.5999999999998
2022-09-15 12:00:00,603.8999999999997
2022-09-15 13:00:00,603.8999999999997
2022-09-15 14:00:00,603.9999999999998
2022-09-15 15:00:00,599.9999999999998
2022-09-15 16:00:00,593.8999999999997
2022-09-15 23:00:00,595.5999999999998
2022-09-16 08:00:00,586.5999999999998
2022-09-16 09:00:00,586.0999999999998
2022-09-16 10:00:00,587.4999999999998
2022-09-16 11:00:00,587.2999999999998
2022-09-16 12:00:00,585.4999999999998
2022-09-16 13:00:00,584.0999999999998
2022-09-16 14:00:00,585.3999999999997
2022-09-16 15:00:00,586.3999999999997
2022-09-16 16:00:00,583.9999999999998
2022-09-16 23:00:00,584.6999999999998
2022-09-19 08:00:00,581.8999999999997
2022-09-19 09:00:00,581.8999999999997
2022-09-19 10:00:00,579.8999999999997
2022-09-19 12:00:00,580.6999999999998
2022-09-19 13:00:00,582.1999999999998
2022-09-19 15:00:00,589.8999999999997
2022-09-19 16:00:00,589.1999999999998
2022-09-19 23:00:00,589.9999999999998
2022-09-20 08:00:00,584.8999999999997
2022-09-20 09:00:00,583.3999999999997
2022-09-20 10:00:00,578.7999999999998
2022-09-20 11:00:00,578.4999999999998
2022-09-20 12:00:00,579.3999999999997
2022-09-20 13:00:00,580.9999999999998
2022-09-20 14:00:00,580.7999999999998
2022-09-20 16:00:00,582.8999999999997
2022-09-20 23:00:00,583.2999999999998
2022-09-21 08:00:00,581.3999999999997
2022-09-21 09:00:00,583.2999999999998
2022-09-21 10:00:00,583.2999999999998
2022-09-21 11:00:00,583.0999999999998
2022-09-21 12:00:00,582.0999999999998
2022-09-21 13:00:00,584.3999999999997
2022-09-21 14:00:00,587.3999999999997
2022-09-21 15:00:00,591.0999999999998
2022-09-21 16:00:00,592.0999999999998
2022-09-21 19:00:00,594.0999999999998
2022-09-21 23:00:00,592.0999999999998
2022-09-22 08:00:00,582.8999999999997
2022-09-22 09:00:00,583.3999999999997
2022-09-22 10:00:00,581.7999999999998
2022-09-22 11:00:00,580.2999999999998
2022-09-22 12:00:00,576.9999999999998
2022-09-22 13:00:00,580.5999999999998
2022-09-22 14:00:00,572.5999999999998
2022-09-22 15:00:00,569.1999999999998
2022-09-22 16:00:00,568.1999999999998
2022-09-22 23:00:00,568.2999999999998
2022-09-23 08:00:00,563.6999999999998
2022-09-23 09:00:00,562.9999999999998
2022-09-23 10:00:00,558.2999999999998
2022-09-23 11:00:00,555.3999999999997
2022-09-23 12:00:00,553.2999999999998
2022-09-23 14:00:00,559.3999999999997
2022-09-23 15:00:00,560.3999999999997
2022-09-23 16:00:00,557.9999999999998
2022-09-23 23:00:00,559.4999999999998
2022-09-26 08:00:00,567.9999999999998
2022-09-26 09:00:00,567.1999999999998
2022-09-26 10:00:00,562.4999999999998
2022-09-26 11:00:00,566.8999999999997
2022-09-26 12:00:00,566.2999999999998
2022-09-26 13:00:00,565.4999999999998
2022-09-26 14:00:00,570.1999999999998
2022-09-26 15:00:00,568.7999999999998
2022-09-26 16:00:00,564.3999999999997
2022-09-26 23:00:00,564.7999999999998
2022-09-27 07:00:00,568.8999999999997
2022-09-27 08:00:00,576.4999999999998
2022-09-27 09:00:00,571.6999999999998
2022-09-27 10:00:00,569.2999999999998
2022-09-27 11:00:00,570.0999999999998
2022-09-27 13:00:00,572.5999999999998
2022-09-27 15:00:00,570.8999999999997
2022-09-27 16:00:00,564.1999999999998
2022-09-27 18:00:00,564.7999999999998
2022-09-27 23:00:00,566.8999999999997
2022-09-28 08:00:00,558.1999999999998
2022-09-28 09:00:00,555.5999999999998
2022-09-28 10:00:00,552.9999999999998
2022-09-28 11:00:00,556.1999999999998
2022-09-28 12:00:00,552.5999999999998
2022-09-28 13:00:00,558.4999999999998
2022-09-28 14:00:00,563.2999999999998
2022-09-28 15:00:00,564.7999999999998
2022-09-28 16:00:00,566.1999999999998
2022-09-28 17:00:00,570.7999999999998
2022-09-28 19:00:00,570.7999999999998
2022-09-28 23:00:00,567.0999999999998
2022-09-29 08:00:00,556.3999999999997
2022-09-29 09:00:00,557.3999999999997
2022-09-29 10:00:00,560.0999999999998
2022-09-29 11:00:00,554.3999999999997
2022-09-29 12:00:00,556.4999999999998
2022-09-29 13:00:00,553.9999999999998
2022-09-29 14:00:00,552.2999999999998
2022-09-29 15:00:00,548.5999999999998
2022-09-29 16:00:00,548.8999999999999
2022-09-29 23:00:00,549.5999999999998
2022-09-30 08:00:00,555.5999999999998
2022-09-30 09:00:00,552.1999999999998
2022-09-30 10:00:00,549.9999999999998
2022-09-30 11:00:00,553.9999999999998
2022-09-30 12:00:00,551.1999999999998
2022-09-30 13:00:00,552.7999999999998
2022-09-30 14:00:00,554.1999999999998
2022-09-30 15:00:00,559.4999999999998
2022-09-30 16:00:00,557.9999999999998
2022-09-30 23:00:00,561.5999999999998
2022-10-03 08:00:00,548.7999999999997
2022-10-03 09:00:00,547.0999999999998
2022-10-03 10:00:00,549.9999999999998
2022-10-03 11:00:00,551.7999999999998
2022-10-03 12:00:00,554.0999999999998
2022-10-03 13:00:00,557.1999999999998
2022-10-03 14:00:00,560.9999999999998
2022-10-03 15:00:00,564.4999999999998
2022-10-03 16:00:00,564.6999999999998
2022-10-03 23:00:00,565.1999999999998
2022-10-04 08:00:00,581.8999999999997
2022-10-04 09:00:00,585.3999999999997
2022-10-04 10:00:00,584.9999999999998
2022-10-04 11:00:00,588.1999999999998
2022-10-04 12:00:00,587.4999999999998
2022-10-04 14:00:00,586.5999999999998
2022-10-04 15:00:00,589.9999999999998
2022-10-04 16:00:00,591.0999999999998
2022-10-04 23:00:00,591.4999999999998
2022-10-05 08:00:00,596.2999999999998
2022-10-05 09:00:00,591.9999999999998
2022-10-05 10:00:00,591.7999999999998
2022-10-05 11:00:00,590.5999999999998
2022-10-05 12:00:00,590.0999999999998
2022-10-05 13:00:00,588.5999999999998
2022-10-05 14:00:00,589.9999999999998
2022-10-05 15:00:00,587.0999999999998
2022-10-05 16:00:00,588.8999999999997
2022-10-05 23:00:00,589.2999999999998
2022-10-06 08:00:00,597.0999999999998
2022-10-06 09:00:00,594.4999999999998
2022-10-06 10:00:00,592.4999999999998
2022-10-06 11:00:00,589.3999999999997
2022-10-06 13:00:00,595.7999999999998
2022-10-06 14:00:00,600.3999999999997
2022-10-06 15:00:00,594.7999999999998
2022-10-06 16:00:00,596.7999999999998
2022-10-06 23:00:00,596.7999999999998
2022-10-07 08:00:00,589.1999999999998
2022-10-07 13:00:00,580.9999999999998
2022-10-07 14:00:00,574.6999999999998
2022-10-07 15:00:00,574.2999999999998
2022-10-07 16:00:00,572.8999999999997
2022-10-07 23:00:00,573.1999999999998
2022-10-10 08:00:00,567.5999999999998
2022-10-10 09:00:00,564.4999999999998
2022-10-10 10:00:00,568.7999999999998
2022-10-10 11:00:00,568.3999999999997
2022-10-10 12:00:00,569.5999999999998
2022-10-10 13:00:00,573.6999999999998
2022-10-10 14:00:00,564.8999999999997
2022-10-10 15:00:00,561.2999999999998
2022-10-10 16:00:00,562.9999999999998
2022-10-10 23:00:00,562.5999999999998
2022-10-11 08:00:00,559.0999999999998
2022-10-11 09:00:00,555.1999999999998
2022-10-11 10:00:00,554.0999999999998
2022-10-11 11:00:00,555.8999999999997
2022-10-11 12:00:00,557.2999999999998
2022-10-11 13:00:00,558.4999999999998
2022-10-11 14:00:00,556.3999999999997
2022-10-11 15:00:00,550.6999999999998
2022-10-11 16:00:00,553.1999999999998
2022-10-11 23:00:00,551.3999999999997
2022-10-12 08:00:00,549.2999999999997
2022-10-12 09:00:00,552.4999999999998
2022-10-12 10:00:00,556.0999999999998
2022-10-12 11:00:00,555.3999999999997
2022-10-12 12:00:00,553.5999999999998
2022-10-12 13:00:00,550.9999999999998
2022-10-12 14:00:00,551.3999999999997
2022-10-12 15:00:00,547.8999999999997
2022-10-12 16:00:00,547.8999999999997
2022-10-12 23:00:00,548.2999999999998
2022-10-13 08:00:00,543.1999999999998
2022-10-13 09:00:00,541.0999999999998
2022-10-13 11:00:00,541.3999999999997
2022-10-13 12:00:00,544.2999999999998
2022-10-13 13:00:00,526.0999999999998
2022-10-13 14:00:00,528.2999999999998
2022-10-13 15:00:00,539.1999999999998
2022-10-13 16:00:00,552.3999999999997
2022-10-13 23:00:00,549.0999999999998
2022-10-14 08:00:00,552.9999999999998
2022-10-14 09:00:00,553.0999999999998
2022-10-14 10:00:00,547.3999999999997
2022-10-14 11:00:00,551.3999999999997
2022-10-14 13:00:00,558.6999999999998
2022-10-14 14:00:00,551.7999999999998
2022-10-14 15:00:00,546.7999999999998
2022-10-14 16:00:00,545.9999999999998
2022-10-14 23:00:00,545.3999999999997
2022-10-17 08:00:00,546.3999999999997
2022-10-17 09:00:00,544.1999999999998
2022-10-17 10:00:00,545.8999999999997
2022-10-17 11:00:00,546.6999999999998
2022-10-17 14:00:00,556.1999999999998
2022-10-17 15:00:00,552.4999999999998
2022-10-17 16:00:00,554.7999999999998
2022-10-17 23:00:00,554.5999999999998
2022-10-18 08:00:00,562.8999999999997
2022-10-18 09:00:00,563.7999999999998
2022-10-18 10:00:00,560.5999999999998
2022-10-18 11:00:00,562.9999999999998
2022-10-18 12:00:00,564.2999999999998
2022-10-18 13:00:00,567.8999999999997
2022-10-18 14:00:00,567.5999999999998
2022-10-18 15:00:00,563.5999999999998
2022-10-18 16:00:00,560.3999999999997
2022-10-18 23:00:00,559.8999999999997
2022-10-19 08:00:00,566.6999999999998
2022-10-19 09:00:00,564.2999999999998
2022-10-19 10:00:00,569.1999999999998
2022-10-19 11:00:00,565.9999999999998
2022-10-19 12:00:00,564.2999999999998
2022-10-19 13:00:00,561.3999999999997
2022-10-19 14:00:00,559.6999999999998
2022-10-19 15:00:00,562.7999999999998
2022-10-19 16:00:00,564.0999999999998
2022-10-19 23:00:00,564.5999999999998
2022-10-20 08:00:00,559.5999999999998
2022-10-20 09:00:00,559.0999999999998
2022-10-20 11:00:00,563.3999999999997
2022-10-20 12:00:00,563.9999999999998
2022-10-20 13:00:00,566.7999999999998
2022-10-20 14:00:00,567.0999999999998
2022-10-20 15:00:00,576.4999999999998
2022-10-20 16:00:00,575.8999999999997
2022-10-20 23:00:00,576.8999999999997
2022-10-21 08:00:00,569.9999999999998
2022-10-21 09:00:00,567.8999999999997
2022-10-21 10:00:00,566.5999999999998
2022-10-21 11:00:00,567.3999999999997
2022-10-21 12:00:00,565.9999999999998
2022-10-21 13:00:00,566.5999999999998
2022-10-21 14:00:00,573.5999999999998
2022-10-21 15:00:00,573.1999999999998
2022-10-21 16:00:00,576.0999999999998
2022-10-21 23:00:00,575.2999999999998
2022-10-24 08:00:00,576.8999999999997
2022-10-24 09:00:00,574.3999999999997
2022-10-24 10:00:00,574.8999999999997
2022-10-24 11:00:00,581.2999999999998
2022-10-24 12:00:00,584.8999999999997
2022-10-24 13:00:00,584.3999999999997
2022-10-24 14:00:00,581.2999999999998
2022-10-24 16:00:00,580.4999999999998
2022-10-24 23:00:00,580.2999999999998
2022-10-25 09:00:00,586.0999999999998
2022-10-25 10:00:00,585.1999999999998
2022-10-25 11:00:00,586.1999999999998
2022-10-25 12:00:00,586.4999999999998
2022-10-25 14:00:00,599.5999999999998
2022-10-25 15:00:00,600.5999999999998
2022-10-25 16:00:00,602.8999999999997
2022-10-25 23:00:00,603.0999999999998
2022-10-26 08:00:00,597.3999999999997
2022-10-26 09:00:00,596.7999999999998
2022-10-26 10:00:00,594.2999999999998
2022-10-26 11:00:00,594.0999999999998
2022-10-26 12:00:00,594.8999999999997
2022-10-26 13:00:00,590.8999999999997
2022-10-26 14:00:00,592.4999999999998
2022-10-26 15:00:00,601.2999999999998
2022-10-26 16:00:00,603.0999999999998
2022-10-26 23:00:00,602.5999999999998
2022-10-27 08:00:00,593.0999999999998
2022-10-27 09:00:00,594.2999999999998
2022-10-27 10:00:00,587.7999999999998
2022-10-27 11:00:00,584.7999999999998
2022-10-27 13:00:00,590.9999999999998
2022-10-27 14:00:00,587.1999999999998
2022-10-27 15:00:00,594.2999999999998
2022-10-27 16:00:00,594.2999999999998
2022-10-27 23:00:00,594.0999999999998
2022-10-28 08:00:00,578.7999999999998
2022-10-28 09:00:00,581.4999999999998
2022-10-28 10:00:00,581.0999999999998
2022-10-28 11:00:00,581.1999999999998
2022-10-28 12:00:00,580.8999999999997
2022-10-28 13:00:00,581.6999999999998
2022-10-28 14:00:00,584.6999999999998
2022-10-28 15:00:00,585.5999999999998
2022-10-28 16:00:00,592.1999999999998
2022-10-28 23:00:00,588.6999999999998
2022-10-31 09:00:00,588.5999999999998
2022-10-31 11:00:00,590.0999999999998
2022-10-31 13:00:00,589.4999999999998
2022-10-31 14:00:00,586.6999999999998
2022-10-31 15:00:00,587.1999999999998
2022-10-31 16:00:00,587.5999999999998
2022-10-31 17:00:00,587.1999999999998
2022-10-31 23:00:00,587.2999999999998
2022-11-01 08:00:00,594.0999999999998
2022-11-01 09:00:00,593.0999999999998
2022-11-01 11:00:00,596.5999999999998
2022-11-01 12:00:00,598.5999999999998
2022-11-01 13:00:00,596.6999999999998
2022-11-01 14:00:00,593.1999999999998
2022-11-01 15:00:00,593.1999999999998
2022-11-01 16:00:00,591.4999999999998
2022-11-01 23:00:00,591.7999999999998
2022-11-02 08:00:00,592.0999999999998
2022-11-02 09:00:00,591.7999999999998
2022-11-02 10:00:00,591.3999999999997
2022-11-02 11:00:00,591.2999999999998
2022-11-02 12:00:00,591.1999999999998
2022-11-02 13:00:00,587.0999999999998
2022-11-02 14:00:00,587.5999999999998
2022-11-02 15:00:00,586.8999999999997
2022-11-02 16:00:00,587.0999999999998
2022-11-02 20:00:00,575.7999999999998
2022-11-02 23:00:00,585.3999999999997
2022-11-03 07:00:00,572.4999999999998
2022-11-03 08:00:00,573.0999999999998
2022-11-03 09:00:00,574.5999999999998
2022-11-03 10:00:00,572.0999999999998
2022-11-03 11:00:00,572.3999999999997
2022-11-03 13:00:00,570.2999999999998
2022-11-03 14:00:00,571.1999999999998
2022-11-03 16:00:00,573.6999999999998
2022-11-03 19:00:00,572.2999999999998
2022-11-03 23:00:00,572.7999999999998
2022-11-04 08:00:00,578.8999999999997
2022-11-04 09:00:00,581.7999999999998
2022-11-04 11:00:00,584.4999999999998
2022-11-04 12:00:00,584.8999999999997
2022-11-04 13:00:00,585.6999999999998
2022-11-04 15:00:00,583.8999999999997
2022-11-04 16:00:00,586.2999999999998
2022-11-04 18:00:00,586.7999999999998
2022-11-04 23:00:00,586.9999999999998
2022-11-07 08:00:00,589.2999999999998
2022-11-07 09:00:00,589.8999999999997
2022-11-07 10:00:00,591.9999999999998
2022-11-07 11:00:00,593.3999999999997
2022-11-07 12:00:00,595.0999999999998
2022-11-07 13:00:00,594.4999999999998
2022-11-07 14:00:00,593.8999999999997
2022-11-07 15:00:00,592.7999999999998
2022-11-07 16:00:00,594.2999999999998
2022-11-07 23:00:00,594.3999999999997
2022-11-08 08:00:00,601.8999999999997
2022-11-08 09:00:00,603.0999999999998
2022-11-08 11:00:00,606.5999999999998
2022-11-08 12:00:00,605.3999999999997
2022-11-08 13:00:00,605.6999999999998
2022-11-08 14:00:00,608.2999999999998
2022-11-08 15:00:00,610.0999999999998
2022-11-08 16:00:00,613.5999999999998
2022-11-08 17:00:00,614.9999999999998
2022-11-08 23:00:00,611.6999999999998
2022-11-09 08:00:00,608.4999999999998
2022-11-09 09:00:00,602.6999999999998
2022-11-09 10:00:00,605.7999999999998
2022-11-09 11:00:00,605.4999999999998
2022-11-09 12:00:00,604.4999999999998
2022-11-09 13:00:00,604.7999999999998
2022-11-09 14:00:00,605.8999999999997
2022-11-09 15:00:00,606.6999999999998
2022-11-09 16:00:00,607.2999999999998
2022-11-09 23:00:00,607.0999999999998
2022-11-10 08:00:00,601.5999999999998
2022-11-10 09:00:00,603.1999999999998
2022-11-10 10:00:00,604.1999999999998
2022-11-10 11:00:00,606.4999999999998
2022-11-10 12:00:00,607.5999999999998
2022-11-10 13:00:00,633.0999999999998
2022-11-10 14:00:00,634.1999999999998
2022-11-10 15:00:00,648.2999999999998
2022-11-10 16:00:00,649.6999999999998
2022-11-10 17:00:00,649.5999999999998
2022-11-10 20:00:00,649.5999999999998
2022-11-10 23:00:00,650.3999999999997
2022-11-11 08:00:00,664.8999999999997
2022-11-11 09:00:00,662.6999999999998
2022-11-11 10:00:00,664.1999999999998
2022-11-11 11:00:00,662.1999999999998
2022-11-11 12:00:00,658.0999999999998
2022-11-11 13:00:00,658.9999999999998
2022-11-11 14:00:00,660.6999999999998
2022-11-11 15:00:00,661.9999999999998
2022-11-11 16:00:00,659.8999999999997
2022-11-11 23:00:00,660.0999999999998
2022-11-14 08:00:00,662.6999999999998
2022-11-14 09:00:00,659.6999999999998
2022-11-14 10:00:00,660.7999999999998
2022-11-14 11:00:00,661.9999999999998
2022-11-14 12:00:00,662.0999999999998
2022-11-14 13:00:00,661.6999999999998
2022-11-14 14:00:00,662.7999999999998
2022-11-14 15:00:00,667.1999999999998
2022-11-14 16:00:00,665.6999999999998
2022-11-14 23:00:00,666.5999999999998
2022-11-15 08:00:00,668.9999999999998
2022-11-15 09:00:00,669.3999999999997
2022-11-15 13:00:00,680.4999999999998
2022-11-15 14:00:00,676.3999999999997
2022-11-15 15:00:00,675.8999999999997
2022-11-15 16:00:00,676.3999999999997
2022-11-15 23:00:00,675.8999999999997
2022-11-16 08:00:00,675.8999999999997
2022-11-16 09:00:00,673.7999999999998
2022-11-16 11:00:00,674.3999999999997
2022-11-16 12:00:00,674.0999999999998
2022-11-16 13:00:00,668.3999999999997
2022-11-16 14:00:00,666.3999999999997
2022-11-16 15:00:00,662.9999999999998
2022-11-16 16:00:00,665.7999999999998
2022-11-16 17:00:00,664.9999999999998
2022-11-16 23:00:00,664.9999999999998
2022-11-17 08:00:00,666.2999999999998
2022-11-17 10:00:00,666.2999999999998
2022-11-17 12:00:00,664.2999999999998
2022-11-17 13:00:00,660.8999999999997
2022-11-17 14:00:00,660.0999999999998
2022-11-17 15:00:00,666.3999999999997
2022-11-17 16:00:00,671.5999999999998
2022-11-17 23:00:00,667.0999999999998
2022-11-18 09:00:00,667.8999999999997
2022-11-18 10:00:00,672.5999999999998
2022-11-18 13:00:00,671.7999999999998
2022-11-18 14:00:00,672.3999999999997
2022-11-18 15:00:00,664.4999999999998
2022-11-18 16:00:00,667.2999999999998
2022-11-18 17:00:00,664.5999999999998
2022-11-18 23:00:00,667.1999999999998
2022-11-21 07:00:00,664.5999999999998
2022-11-21 08:00:00,663.1999999999998
2022-11-21 09:00:00,663.3999999999997
2022-11-21 10:00:00,661.2999999999998
2022-11-21 11:00:00,658.9999999999998
2022-11-21 12:00:00,660.0999999999998
2022-11-21 14:00:00,666.1999999999998
2022-11-21 16:00:00,664.2999999999998
2022-11-21 23:00:00,664.2999999999998
2022-11-22 08:00:00,658.9999999999998
2022-11-22 10:00:00,661.4999999999998
2022-11-22 11:00:00,659.5999999999998
2022-11-22 12:00:00,659.7999999999998
2022-11-22 13:00:00,660.8999999999997
2022-11-22 14:00:00,659.9999999999998
2022-11-22 15:00:00,662.9999999999998
2022-11-22 16:00:00,665.3999999999997
2022-11-22 23:00:00,665.3999999999997
2022-11-23 08:00:00,666.8999999999997
2022-11-23 09:00:00,666.8999999999997
2022-11-23 12:00:00,669.0999999999998
2022-11-23 13:00:00,666.7999999999998
2022-11-23 14:00:00,673.3999999999997
2022-11-23 15:00:00,672.6999999999998
2022-11-23 16:00:00,674.6999999999998
2022-11-23 23:00:00,673.6999999999998
2022-11-24 08:00:00,676.1999999999998
2022-11-24 09:00:00,676.5999999999998
2022-11-24 11:00:00,673.9999999999998
2022-11-24 12:00:00,674.3999999999997
2022-11-24 13:00:00,673.0999999999998
2022-11-24 14:00:00,672.5999999999998
2022-11-24 15:00:00,673.8999999999997
2022-11-24 16:00:00,673.8999999999997
2022-11-24 23:00:00,673.9999999999998
2022-11-25 08:00:00,672.2999999999998
2022-11-25 09:00:00,671.8999999999997
2022-11-25 10:00:00,672.3999999999997
2022-11-25 11:00:00,672.1999999999998
2022-11-25 12:00:00,671.9999999999998
2022-11-25 13:00:00,671.8999999999997
2022-11-25 16:00:00,670.1999999999998
2022-11-25 23:00:00,670.0999999999998
2022-11-28 08:00:00,667.2999999999998
2022-11-28 09:00:00,663.0999999999998
2022-11-28 10:00:00,663.6999999999998
2022-11-28 11:00:00,662.1999999999998
2022-11-28 13:00:00,662.9999999999998
2022-11-28 14:00:00,662.6999999999998
2022-11-28 15:00:00,665.0999999999998
2022-11-28 16:00:00,664.7999999999998
2022-11-28 23:00:00,664.3999999999997
2022-11-29 08:00:00,663.9999999999998
2022-11-29 09:00:00,662.2999999999998
2022-11-29 11:00:00,662.5999999999998
2022-11-29 13:00:00,658.7999999999998
2022-11-29 14:00:00,660.7999999999998
2022-11-29 15:00:00,660.5999999999998
2022-11-29 16:00:00,657.4999999999998
2022-11-29 23:00:00,656.7999999999998
2022-11-30 08:00:00,662.8999999999997
2022-11-30 09:00:00,664.4999999999998
2022-11-30 10:00:00,662.7999999999998
2022-11-30 11:00:00,664.0999999999998
2022-11-30 12:00:00,666.2999999999998
2022-11-30 13:00:00,664.5999999999998
2022-11-30 14:00:00,664.3999999999997
2022-11-30 15:00:00,663.3999999999997
2022-11-30 16:00:00,662.1999999999998
2022-11-30 20:00:00,663.0999999999998
2022-11-30 23:00:00,661.8999999999997
2022-12-01 08:00:00,678.5999999999998
2022-12-01 09:00:00,674.8999999999997
2022-12-01 11:00:00,680.0999999999998
2022-12-01 12:00:00,680.4999999999998
2022-12-01 13:00:00,680.4999999999998
2022-12-01 14:00:00,679.2999999999998
2022-12-01 15:00:00,680.1999999999998
2022-12-01 16:00:00,678.1999999999998
2022-12-01 23:00:00,679.4999999999998
2022-12-02 08:00:00,678.2999999999998
2022-12-02 09:00:00,683.1999999999998
2022-12-02 11:00:00,682.4999999999998
2022-12-02 12:00:00,681.0999999999998
2022-12-02 13:00:00,673.7999999999998
2022-12-02 14:00:00,672.7999999999998
2022-12-02 15:00:00,676.6999999999998
2022-12-02 16:00:00,676.9999999999998
2022-12-02 17:00:00,675.9999999999998
2022-12-02 18:00:00,675.5999999999998
2022-12-02 23:00:00,676.8999999999997
2022-12-05 07:00:00,683.2999999999998
2022-12-05 08:00:00,676.0999999999998
2022-12-05 09:00:00,675.4999999999998
2022-12-05 10:00:00,675.5999999999998
2022-12-05 11:00:00,675.9999999999998
2022-12-05 12:00:00,674.2999999999998
2022-12-05 13:00:00,673.9999999999998
2022-12-05 14:00:00,674.6999999999998
2022-12-05 15:00:00,675.7999999999998
2022-12-05 16:00:00,675.3999999999997
2022-12-05 20:00:00,674.8999999999997
2022-12-05 23:00:00,675.0999999999998
2022-12-06 08:00:00,673.7999999999998
2022-12-06 09:00:00,669.6999999999998
2022-12-06 10:00:00,667.7999999999998
2022-12-06 11:00:00,670.1999999999998
2022-12-06 12:00:00,670.8999999999997
2022-12-06 13:00:00,669.7999999999998
2022-12-06 14:00:00,666.0999999999998
2022-12-06 15:00:00,662.4999999999998
2022-12-06 16:00:00,664.4999999999998
2022-12-06 23:00:00,666.0999999999998
2022-12-07 08:00:00,660.3999999999997
2022-12-07 09:00:00,660.3999999999997
2022-12-07 10:00:00,658.5999999999998
2022-12-07 11:00:00,657.8999999999997
2022-12-07 12:00:00,655.7999999999998
2022-12-07 13:00:00,658.2999999999998
2022-12-07 14:00:00,658.0999999999998
2022-12-07 15:00:00,662.6999999999998
2022-12-07 16:00:00,660.0999999999998
2022-12-07 23:00:00,660.0999999999998
2022-12-08 08:00:00,658.2999999999998
2022-12-08 09:00:00,657.4999999999998
2022-12-08 11:00:00,657.1999999999998
2022-12-08 12:00:00,657.5999999999998
2022-12-08 13:00:00,657.7999999999998
2022-12-08 15:00:00,664.7999999999998
2022-12-08 16:00:00,662.1999999999998
2022-12-08 23:00:00,663.1999999999998
2022-12-09 08:00:00,665.1999999999998
2022-12-09 09:00:00,666.1999999999998
2022-12-09 10:00:00,668.0999999999998
2022-12-09 11:00:00,669.4999999999998
2022-12-09 12:00:00,671.5999999999998
2022-12-09 13:00:00,669.2999999999998
2022-12-09 14:00:00,667.0999999999998
2022-12-09 15:00:00,670.1999999999998
2022-12-09 16:00:00,669.3999999999997
2022-12-09 23:00:00,669.1999999999998
2022-12-12 08:00:00,663.8999999999997
2022-12-12 10:00:00,663.7999999999998
2022-12-12 11:00:00,665.3999999999997
2022-12-12 12:00:00,663.3999999999997
2022-12-12 13:00:00,660.7999999999998
2022-12-12 14:00:00,663.4999999999998
2022-12-12 15:00:00,664.6999999999998
2022-12-12 16:00:00,666.1999999999998
2022-12-12 16:00:01,666.1999999999998
2022-12-12 23:00:00,664.9999999999998
2022-12-13 08:00:00,668.0999999999998
2022-12-13 09:00:00,672.2999999999998
2022-12-13 10:00:00,674.3999999999999
2022-12-13 11:00:00,674.0999999999998
2022-12-13 12:00:00,673.7999999999998
2022-12-13 13:00:00,687.1999999999998
2022-12-13 14:00:00,694.5999999999998
2022-12-13 15:00:00,683.9999999999998
2022-12-13 16:00:00,683.2999999999998
2022-12-13 23:00:00,684.2999999999998
2022-12-14 11:00:00,677.5999999999998
2022-12-14 12:00:00,678.2999999999998
2022-12-14 13:00:00,679.5999999999998
2022-12-14 14:00:00,679.7999999999998
2022-12-14 15:00:00,680.9999999999998
2022-12-14 16:00:00,680.9999999999998
2022-12-14 23:00:00,680.8999999999999
2022-12-15 07:00:00,671.0999999999998
2022-12-15 08:00:00,671.4999999999998
2022-12-15 10:00:00,668.2999999999998
2022-12-15 11:00:00,667.6999999999998
2022-12-15 12:00:00,667.9999999999998
2022-12-15 13:00:00,661.7999999999998
2022-12-15 15:00:00,652.1999999999998
2022-12-15 16:00:00,649.2999999999998
2022-12-15 23:00:00,649.2999999999998
2022-12-16 08:00:00,639.6999999999998
2022-12-16 09:00:00,637.6999999999998
2022-12-16 10:00:00,634.3999999999999
2022-12-16 11:00:00,637.6999999999998
2022-12-16 12:00:00,640.7999999999998
2022-12-16 13:00:00,637.5999999999998
2022-12-16 14:00:00,644.7999999999998
2022-12-16 15:00:00,639.4999999999998
2022-12-16 16:00:00,638.8999999999999
2022-12-16 23:00:00,637.8999999999999
2022-12-19 08:00:00,642.4999999999998
2022-12-19 09:00:00,640.2999999999998
2022-12-19 10:00:00,641.0999999999998
2022-12-19 11:00:00,639.8999999999999
2022-12-19 12:00:00,641.2999999999998
2022-12-19 13:00:00,640.0999999999998
2022-12-19 14:00:00,639.7999999999998
2022-12-19 15:00:00,635.7999999999998
2022-12-19 16:00:00,637.3999999999999
2022-12-19 23:00:00,636.8999999999999
2022-12-20 08:00:00,630.5999999999998
2022-12-20 09:00:00,630.0999999999998
2022-12-20 10:00:00,631.4999999999998
2022-12-20 11:00:00,631.8999999999999
2022-12-20 12:00:00,631.5999999999998
2022-12-20 13:00:00,631.4999999999998
2022-12-20 14:00:00,628.4999999999998
2022-12-20 15:00:00,630.4999999999998
2022-12-20 16:00:00,629.2999999999998
2022-12-20 23:00:00,627.2999999999998
2022-12-21 08:00:00,634.0999999999998
2022-12-21 11:00:00,632.4999999999998
2022-12-21 12:00:00,633.9999999999998
2022-12-21 13:00:00,634.3999999999999
2022-12-21 14:00:00,635.0999999999998
2022-12-21 15:00:00,638.8999999999999
2022-12-21 16:00:00,639.2999999999998
2022-12-21 23:00:00,639.3999999999999
2022-12-22 08:00:00,639.9999999999998
2022-12-22 09:00:00,639.4999999999998
2022-12-22 11:00:00,637.5999999999998
2022-12-22 12:00:00,636.8999999999999
2022-12-22 13:00:00,636.5999999999998
2022-12-22 14:00:00,631.6999999999998
2022-12-22 15:00:00,625.2999999999998
2022-12-22 16:00:00,624.9999999999998
2022-12-22 23:00:00,624.2999999999998
2022-12-23 08:00:00,624.0999999999998
2022-12-23 09:00:00,623.1999999999998
2022-12-23 13:00:00,624.6999999999998
2022-12-23 15:00:00,621.8999999999999
2022-12-23 16:00:00,622.3999999999999
2022-12-23 23:00:00,621.1999999999998
2022-12-27 08:00:00,626.3999999999999
2022-12-27 09:00:00,621.7999999999998
2022-12-27 12:00:00,625.2999999999998
2022-12-27 13:00:00,621.6999999999998
2022-12-27 14:00:00,621.7999999999998
2022-12-27 15:00:00,618.6999999999998
2022-12-27 16:00:00,620.0999999999998
2022-12-27 23:00:00,619.2999999999998
2022-12-28 08:00:00,618.0999999999998
2022-12-28 11:00:00,618.1999999999998
2022-12-28 13:00:00,616.3999999999999
2022-12-28 14:00:00,616.3999999999999
2022-12-28 15:00:00,613.8999999999999
2022-12-28 16:00:00,614.1999999999998
2022-12-28 23:00:00,614.1999999999998
2022-12-29 08:00:00,615.5999999999998
2022-12-29 09:00:00,617.2999999999998
2022-12-29 10:00:00,616.9999999999998
2022-12-29 11:00:00,615.9999999999998
2022-12-29 12:00:00,616.7999999999998
2022-12-29 13:00:00,617.1999999999998
2022-12-29 14:00:00,618.9999999999998
2022-12-29 15:00:00,626.0999999999998
2022-12-29 16:00:00,627.4999999999998
2022-12-29 23:00:00,626.0999999999998
2022-12-30 08:00:00,622.9999999999998
2022-12-30 10:00:00,621.7999999999998
2022-12-30 11:00:00,620.8999999999999
2022-12-30 15:00:00,616.7999999999998
2022-12-30 16:00:00,613.2999999999998
2022-12-30 23:00:00,613.7999999999998
2023-01-02 08:00:00,621.1999999999998
2023-01-02 09:00:00,621.3999999999999
2023-01-02 10:00:00,620.4999999999998
2023-01-02 11:00:00,623.6999999999998
2023-01-02 16:00:00,625.3999999999999
2023-01-02 23:00:00,625.5999999999998
2023-01-03 08:00:00,632.1999999999998
2023-01-03 09:00:00,640.2999999999998
2023-01-03 10:00:00,638.8999999999999
2023-01-03 11:00:00,635.4999999999998
2023-01-03 12:00:00,633.0999999999998
2023-01-03 14:00:00,634.1999999999998
2023-01-03 15:00:00,632.1999999999998
2023-01-03 16:00:00,630.4999999999998
2023-01-03 23:00:00,633.2999999999998
2023-01-04 08:00:00,636.9999999999998
2023-01-04 10:00:00,642.0999999999998
2023-01-04 11:00:00,645.9999999999998
2023-01-04 12:00:00,643.2999999999998
2023-01-04 13:00:00,647.4999999999998
2023-01-04 14:00:00,648.9999999999998
2023-01-04 15:00:00,646.5999999999998
2023-01-04 16:00:00,647.0999999999998
2023-01-04 17:00:00,647.4999999999998
2023-01-04 23:00:00,647.8999999999999
2023-01-05 08:00:00,646.7999999999998
2023-01-05 11:00:00,652.0999999999998
2023-01-05 12:00:00,651.4999999999998
2023-01-05 13:00:00,647.9999999999998
2023-01-05 15:00:00,650.1999999999998
2023-01-05 16:00:00,650.3999999999999
2023-01-05 23:00:00,649.9999999999998
2023-01-06 08:00:00,647.0999999999998
2023-01-06 09:00:00,645.9999999999998
2023-01-06 10:00:00,645.4999999999998
2023-01-06 11:00:00,648.2999999999998
2023-01-06 12:00:00,648.1999999999998
2023-01-06 13:00:00,655.3999999999999
2023-01-06 14:00:00,657.7999999999998
2023-01-06 15:00:00,660.8999999999999
2023-01-06 16:00:00,660.6999999999998
2023-01-06 23:00:00,660.1999999999998
2023-01-09 08:00:00,666.9999999999998
2023-01-09 09:00:00,667.5999999999998
2023-01-09 10:00:00,668.5999999999998
2023-01-09 12:00:00,672.2999999999998
2023-01-09 13:00:00,672.4999999999998
2023-01-09 14:00:00,679.6999999999998
2023-01-09 15:00:00,681.6999999999998
2023-01-09 16:00:00,681.7999999999998
2023-01-09 23:00:00,682.3999999999999
2023-01-10 08:00:00,676.2999999999998
2023-01-10 09:00:00,675.4999999999998
2023-01-10 14:00:00,679.7999999999998
2023-01-10 15:00:00,676.6999999999998
2023-01-10 16:00:00,678.2999999999998
2023-01-10 23:00:00,678.6999999999998
2023-01-11 08:00:00,681.3999999999999
2023-01-11 10:00:00,687.0999999999998
2023-01-11 11:00:00,688.2999999999998
2023-01-11 12:00:00,686.8999999999999
2023-01-11 13:00:00,688.5999999999998
2023-01-11 14:00:00,686.7999999999998
2023-01-11 15:00:00,687.1999999999998
2023-01-11 16:00:00,686.3999999999999
2023-01-11 23:00:00,686.4999999999998
2023-01-12 08:00:00,689.3999999999999
2023-01-12 09:00:00,689.1999999999998
2023-01-12 10:00:00,686.8999999999999
2023-01-12 11:00:00,688.9999999999998
2023-01-12 12:00:00,690.5999999999998
2023-01-12 13:00:00,695.1999999999998
2023-01-12 14:00:00,685.8999999999999
2023-01-12 15:00:00,690.1999999999998
2023-01-12 16:00:00,689.6999999999998
2023-01-12 23:00:00,689.3999999999999
2023-01-13 08:00:00,693.5999999999998
2023-01-13 09:00:00,697.1999999999998
2023-01-13 10:00:00,697.3999999999999
2023-01-13 11:00:00,694.9999999999998
2023-01-13 12:00:00,692.3999999999999
2023-01-13 13:00:00,692.1999999999998
2023-01-13 14:00:00,696.6999999999998
2023-01-13 15:00:00,696.5999999999998
2023-01-13 16:00:00,695.9999999999998
2023-01-13 23:00:00,696.0999999999998
2023-01-16 08:00:00,694.5999999999998
2023-01-16 14:00:00,695.7999999999998
2023-01-16 15:00:00,697.0999999999998
2023-01-16 16:00:00,697.1999999999998
2023-01-16 23:00:00,697.2999999999998
2023-01-17 08:00:00,695.8999999999999
2023-01-17 11:00:00,691.5999999999998
2023-01-17 13:00:00,693.5999999999998
2023-01-17 15:00:00,698.1999999999998
2023-01-17 16:00:00,696.9999999999998
2023-01-17 23:00:00,697.5999999999998
2023-01-18 08:00:00,704.7999999999998
2023-01-18 09:00:00,706.4999999999998
2023-01-18 10:00:00,706.9999999999998
2023-01-18 11:00:00,708.0999999999998
2023-01-18 12:00:00,708.2999999999998
2023-01-18 13:00:00,711.5999999999998
2023-01-18 14:00:00,710.8999999999999
2023-01-18 15:00:00,707.9999999999998
2023-01-18 16:00:00,706.8999999999999
2023-01-18 17:00:00,701.6999999999998
2023-01-18 23:00:00,705.9999999999998
2023-01-19 07:00:00,702.4999999999998
2023-01-19 08:00:00,700.3999999999999
2023-01-19 09:00:00,699.4999999999998
2023-01-19 10:00:00,696.3999999999999
2023-01-19 11:00:00,694.3999999999999
2023-01-19 12:00:00,692.5999999999998
2023-01-19 13:00:00,693.5999999999998
2023-01-19 14:00:00,695.0999999999998
2023-01-19 15:00:00,689.4999999999998
2023-01-19 16:00:00,689.1999999999998
2023-01-19 23:00:00,688.1999999999998
2023-01-20 08:00:00,685.9999999999998
2023-01-20 10:00:00,689.3999999999999
2023-01-20 11:00:00,687.4999999999998
2023-01-20 14:00:00,688.4999999999998
2023-01-20 15:00:00,686.7999999999998
2023-01-20 16:00:00,687.9999999999998
2023-01-20 23:00:00,688.3999999999999
2023-01-23 10:00:00,697.1999999999998
2023-01-23 11:00:00,696.6999999999998
2023-01-23 12:00:00,697.7999999999998
2023-01-23 13:00:00,698.0999999999998
2023-01-23 14:00:00,698.3999999999999
2023-01-23 16:00:00,702.6999999999998
2023-01-23 23:00:00,702.9999999999998
2023-01-24 09:00:00,702.0999999999998
2023-01-24 11:00:00,699.6999999999998
2023-01-24 14:00:00,700.2999999999998
2023-01-24 15:00:00,700.4999999999998
2023-01-24 16:00:00,702.1999999999998
2023-01-24 23:00:00,702.4999999999998
2023-01-25 08:00:00,697.1999999999998
2023-01-25 09:00:00,695.6999999999998
2023-01-25 10:00:00,692.3999999999999
2023-01-25 11:00:00,695.8999999999999
2023-01-25 12:00:00,694.3999999999999
2023-01-25 13:00:00,692.5999999999998
2023-01-25 14:00:00,692.5999999999998
2023-01-25 15:00:00,696.1999999999998
2023-01-25 16:00:00,699.9999999999998
2023-01-25 23:00:00,699.6999999999998
2023-01-26 08:00:00,706.4999999999998
2023-01-26 09:00:00,702.0999999999998
2023-01-26 11:00:00,703.2999999999998
2023-01-26 13:00:00,706.5999999999998
2023-01-26 14:00:00,705.3999999999999
2023-01-26 15:00:00,707.2999999999998
2023-01-26 16:00:00,707.6999999999998
2023-01-26 23:00:00,706.0999999999998
2023-01-27 08:00:00,706.8999999999999
2023-01-27 09:00:00,706.2999999999998
2023-01-27 11:00:00,706.9999999999998
2023-01-27 12:00:00,706.0999999999998
2023-01-27 13:00:00,704.8999999999999
2023-01-27 14:00:00,704.2999999999998
2023-01-27 15:00:00,709.5999999999998
2023-01-27 16:00:00,709.8999999999999
2023-01-27 23:00:00,710.4999999999998
2023-01-30 08:00:00,698.7999999999998
2023-01-30 09:00:00,697.0999999999998
2023-01-30 10:00:00,696.7999999999998
2023-01-30 11:00:00,693.1999999999998
2023-01-30 12:00:00,696.7999999999998
2023-01-30 13:00:00,696.3999999999999
2023-01-30 14:00:00,699.8999999999999
2023-01-30 15:00:00,698.7999999999998
2023-01-30 16:00:00,700.1999999999998
2023-01-30 23:00:00,699.9999999999998
2023-01-31 07:00:00,696.0999999999998
2023-01-31 08:00:00,696.6999999999998
2023-01-31 09:00:00,695.5999999999998
2023-01-31 10:00:00,692.5999999999998
2023-01-31 11:00:00,693.3999999999999
2023-01-31 12:00:00,695.0999999999998
2023-01-31 13:00:00,700.5999999999998
2023-01-31 14:00:00,697.6999999999998
2023-01-31 15:00:00,700.9999999999998
2023-01-31 16:00:00,700.8999999999999
2023-01-31 23:00:00,700.5999999999998
2023-02-01 08:00:00,705.0999999999998
2023-02-01 09:00:00,704.6999999999998
2023-02-01 10:00:00,702.8999999999999
2023-02-01 11:00:00,704.6999999999998
2023-02-01 12:00:00,706.9999999999998
2023-02-01 13:00:00,705.1999999999998
2023-02-01 14:00:00,707.9999999999998
2023-02-01 15:00:00,703.8999999999999
2023-02-01 16:00:00,703.5999999999998
2023-02-01 23:00:00,705.1999999999998
2023-02-02 08:00:00,725.7999999999998
2023-02-02 09:00:00,728.0999999999998
2023-02-02 10:00:00,728.7999999999998
2023-02-02 11:00:00,728.0999999999998
2023-02-02 12:00:00,728.1999999999998
2023-02-02 13:00:00,733.6999999999998
2023-02-02 14:00:00,733.2999999999998
2023-02-02 15:00:00,735.6999999999998
2023-02-02 16:00:00,736.5999999999998
2023-02-02 23:00:00,736.5999999999998
2023-02-03 08:00:00,731.4999999999998
2023-02-03 09:00:00,732.2999999999998
2023-02-03 10:00:00,732.2999999999998
2023-02-03 11:00:00,733.9999999999998
2023-02-03 12:00:00,734.3999999999999
2023-02-03 13:00:00,728.6999999999998
2023-02-03 14:00:00,733.6999999999998
2023-02-03 15:00:00,737.7999999999998
2023-02-03 16:00:00,738.4999999999998
2023-02-03 23:00:00,738.6999999999998
2023-02-06 08:00:00,728.2999999999998
2023-02-06 09:00:00,725.2999999999998
2023-02-06 10:00:00,723.3999999999999
2023-02-06 11:00:00,723.7999999999998
2023-02-06 12:00:00,725.3999999999999
2023-02-06 13:00:00,723.3999999999999
2023-02-06 14:00:00,724.7999999999998
2023-02-06 15:00:00,726.3999999999999
2023-02-06 16:00:00,726.9999999999998
2023-02-06 23:00:00,727.7999999999998
2023-02-07 08:00:00,725.4999999999998
2023-02-07 09:00:00,726.1999999999998
2023-02-07 10:00:00,726.2999999999998
2023-02-07 11:00:00,724.5999999999998
2023-02-07 12:00:00,725.5999999999998
2023-02-07 13:00:00,722.4999999999998
2023-02-07 14:00:00,723.0999999999998
2023-02-07 15:00:00,723.4999999999998
2023-02-07 16:00:00,724.3999999999999
2023-02-07 23:00:00,724.7999999999998
2023-02-08 08:00:00,732.3999999999999
2023-02-08 09:00:00,733.9999999999998
2023-02-08 11:00:00,731.2999999999998
2023-02-08 12:00:00,730.6999999999998
2023-02-08 13:00:00,728.1999999999998
2023-02-08 14:00:00,728.0999999999998
2023-02-08 15:00:00,725.1999999999998
2023-02-08 16:00:00,723.9999999999998
2023-02-08 23:00:00,722.7999999999998
2023-02-09 08:00:00,729.0999999999998
2023-02-09 09:00:00,729.2999999999998
2023-02-09 10:00:00,736.0999999999998
2023-02-09 11:00:00,734.9999999999998
2023-02-09 12:00:00,734.4999999999998
2023-02-09 13:00:00,732.3999999999999
2023-02-09 14:00:00,732.3999999999999
2023-02-09 15:00:00,732.0999999999998
2023-02-09 16:00:00,730.6999999999998
2023-02-09 23:00:00,730.0999999999998
2023-02-10 08:00:00,722.6999999999998
2023-02-10 09:00:00,717.6999999999998
2023-02-10 10:00:00,714.4999999999998
2023-02-10 11:00:00,711.1999999999998
2023-02-10 12:00:00,711.6999999999998
2023-02-10 13:00:00,712.9999999999998
2023-02-10 14:00:00,713.4999999999998
2023-02-10 15:00:00,713.5999999999998
2023-02-10 16:00:00,713.6999999999998
2023-02-10 23:00:00,713.8999999999999
2023-02-13 08:00:00,714.1999999999998
2023-02-13 09:00:00,718.0999999999998
2023-02-13 11:00:00,719.0999999999998
2023-02-13 12:00:00,720.8999999999999
2023-02-13 13:00:00,719.5999999999998
2023-02-13 14:00:00,721.9999999999998
2023-02-13 15:00:00,721.9999999999998
2023-02-13 16:00:00,722.1999999999998
2023-02-13 23:00:00,722.3999999999999
2023-02-14 09:00:00,723.5999999999998
2023-02-14 10:00:00,724.9999999999998
2023-02-14 11:00:00,724.8999999999999
2023-02-14 12:00:00,725.8999999999999
2023-02-14 13:00:00,723.6999999999998
2023-02-14 14:00:00,717.6999999999998
2023-02-14 15:00:00,723.8999999999999
2023-02-14 16:00:00,725.3999999999999
2023-02-14 23:00:00,723.9999999999998
2023-02-15 13:00:00,725.0999999999998
2023-02-15 14:00:00,727.3999999999999
2023-02-15 15:00:00,725.8999999999999
2023-02-15 16:00:00,728.0999999999998
2023-02-15 23:00:00,728.3999999999999
2023-02-16 08:00:00,732.0999999999998
2023-02-16 09:00:00,731.1999999999998
2023-02-16 11:00:00,731.1999999999998
2023-02-16 12:00:00,730.2999999999998
2023-02-16 13:00:00,722.8999999999999
2023-02-16 14:00:00,721.8999999999999
2023-02-16 15:00:00,726.3999999999999
2023-02-16 16:00:00,727.5999999999998
2023-02-16 23:00:00,727.0999999999998
2023-02-17 08:00:00,712.0999999999998
2023-02-17 09:00:00,715.2999999999998
2023-02-17 10:00:00,715.6999999999998
2023-02-17 11:00:00,715.3999999999999
2023-02-17 12:00:00,717.7999999999998
2023-02-17 13:00:00,716.3999999999999
2023-02-17 14:00:00,715.6999999999998
2023-02-17 15:00:00,716.5999999999998
2023-02-17 16:00:00,715.1999999999998
2023-02-17 23:00:00,715.7999999999998
2023-02-20 09:00:00,708.8999999999999
2023-02-20 10:00:00,711.8999999999999
2023-02-20 11:00:00,711.6999999999998
2023-02-20 13:00:00,713.0999999999998
2023-02-20 14:00:00,712.2999999999998
2023-02-20 15:00:00,709.8999999999999
2023-02-20 16:00:00,710.3999999999999
2023-02-20 23:00:00,712.0999999999998
2023-02-21 08:00:00,699.7999999999998
2023-02-21 09:00:00,703.6999999999998
2023-02-21 10:00:00,701.1999999999998
2023-02-21 11:00:00,703.1999999999998
2023-02-21 12:00:00,702.1999999999998
2023-02-21 13:00:00,701.7999999999998
2023-02-21 14:00:00,703.7999999999998
2023-02-21 15:00:00,702.9999999999998
2023-02-21 16:00:00,701.4999999999998
2023-02-21 23:00:00,700.9999999999998
2023-02-22 08:00:00,696.7999999999998
2023-02-22 09:00:00,696.4999999999998
2023-02-22 10:00:00,696.6999999999998
2023-02-22 11:00:00,694.3999999999999
2023-02-22 12:00:00,700.2999999999998
2023-02-22 13:00:00,701.4999999999998
2023-02-22 14:00:00,698.2999999999998
2023-02-22 15:00:00,698.7999999999998
2023-02-22 16:00:00,698.5999999999998
2023-02-22 23:00:00,699.0999999999998
2023-02-23 08:00:00,709.5999999999998
2023-02-23 10:00:00,705.9999999999998
2023-02-23 11:00:00,706.0999999999998
2023-02-23 14:00:00,708.0999999999998
2023-02-23 15:00:00,704.0999999999998
2023-02-23 16:00:00,705.1999999999998
2023-02-23 23:00:00,702.6999999999998
2023-02-24 08:00:00,705.3999999999999
2023-02-24 11:00:00,700.9999999999998
2023-02-24 13:00:00,693.8999999999999
2023-02-24 14:00:00,694.6999999999998
2023-02-24 15:00:00,692.4999999999998
2023-02-24 16:00:00,692.9999999999998
2023-02-24 23:00:00,693.9999999999998
2023-02-27 08:00:00,698.6999999999998
2023-02-27 09:00:00,700.2999999999998
2023-02-27 10:00:00,700.3999999999999
2023-02-27 11:00:00,701.0999999999998
2023-02-27 12:00:00,700.4999999999998
2023-02-27 14:00:00,700.8999999999999
2023-02-27 15:00:00,700.3999999999999
2023-02-27 16:00:00,699.4999999999998
2023-02-27 23:00:00,700.1999999999998
2023-02-28 08:00:00,696.9999999999998
2023-02-28 10:00:00,698.5999999999998
2023-02-28 12:00:00,697.2999999999998
2023-02-28 13:00:00,693.9999999999998
2023-02-28 14:00:00,694.4999999999998
2023-02-28 15:00:00,696.7999999999998
2023-02-28 16:00:00,697.5999999999998
2023-02-28 23:00:00,697.0999999999998
2023-03-01 08:00:00,701.2999999999998
2023-03-01 09:00:00,701.8999999999999
2023-03-01 10:00:00,701.6999999999998
2023-03-01 11:00:00,704.4999999999998
2023-03-01 12:00:00,704.3999999999999
2023-03-01 13:00:00,703.1999999999998
2023-03-01 14:00:00,700.6999999999998
2023-03-01 15:00:00,697.0999999999998
2023-03-01 16:00:00,693.2999999999998
2023-03-01 23:00:00,693.7999999999998
2023-03-02 08:00:00,684.0999999999998
2023-03-02 10:00:00,683.1999999999998
2023-03-02 11:00:00,685.2999999999998
2023-03-02 12:00:00,685.0999999999998
2023-03-02 13:00:00,687.5999999999998
2023-03-02 14:00:00,688.0999999999998
2023-03-02 15:00:00,691.5999999999998
2023-03-02 16:00:00,693.3999999999999
2023-03-02 23:00:00,692.6999999999998
2023-03-03 08:00:00,701.4999999999998
2023-03-03 09:00:00,703.5999999999998
2023-03-03 10:00:00,704.4999999999998
2023-03-03 11:00:00,702.9999999999998
2023-03-03 12:00:00,703.5999999999998
2023-03-03 13:00:00,701.8999999999999
2023-03-03 14:00:00,706.7999999999998
2023-03-03 15:00:00,704.7999999999998
2023-03-03 16:00:00,705.4999999999998
2023-03-03 23:00:00,705.5999999999998
2023-03-06 08:00:00,710.1999999999998
2023-03-06 09:00:00,707.9999999999998
2023-03-06 10:00:00,709.3999999999999
2023-03-06 11:00:00,705.6999999999998
2023-03-06 12:00:00,708.3999999999999
2023-03-06 13:00:00,709.4999999999998
2023-03-06 14:00:00,708.4999999999998
2023-03-06 15:00:00,709.9999999999998
2023-03-06 16:00:00,709.2999999999998
2023-03-06 23:00:00,709.2999999999998
2023-03-07 08:00:00,708.0999999999998
2023-03-07 09:00:00,707.3999999999999
2023-03-07 09:52:00,707.3999999999999
2023-03-07 10:00:00,708.3999999999999
2023-03-07 11:00:00,708.4999999999998
2023-03-07 12:00:00,707.1999999999998
2023-03-07 13:00:00,705.8999999999999
2023-03-07 15:00:00,697.5999999999998
2023-03-07 16:00:00,697.1999999999998
2023-03-07 23:00:00,696.8999999999999
2023-03-08 08:00:00,697.1999999999998
2023-03-08 09:00:00,698.8999999999999
2023-03-08 11:00:00,699.4999999999998
2023-03-08 13:00:00,700.8999999999999
2023-03-08 14:00:00,700.7999999999998
2023-03-08 15:00:00,703.0999999999998
2023-03-08 16:00:00,703.2999999999998
2023-03-08 16:00:01,703.2999999999998
2023-03-08 16:00:02,703.2999999999998
2023-03-08 23:00:00,702.9999999999999
2023-03-09 23:00:00,703.8999999999999
2023-03-10 23:00:00,692.4999999999999
2023-03-13 12:00:00,673.6999999999998
2023-03-13 13:00:00,673.8999999999999
2023-03-13 14:00:00,674.6999999999998
2023-03-13 15:00:00,679.7999999999998
2023-03-13 16:00:00,678.3999999999999
2023-03-13 23:00:00,678.7999999999998
2023-03-14 08:00:00,682.8999999999999
2023-03-14 09:00:00,680.9999999999999
2023-03-14 12:00:00,689.7999999999998
2023-03-14 13:00:00,690.6999999999998
2023-03-14 14:00:00,692.0999999999998
2023-03-14 16:00:00,690.9999999999999
2023-03-14 23:00:00,691.6999999999998
2023-03-15 09:00:00,684.9999999999999
2023-03-15 10:00:00,678.8999999999999
2023-03-15 11:00:00,677.9999999999999
2023-03-15 12:00:00,677.5999999999998
2023-03-15 13:00:00,677.7999999999998
2023-03-15 14:00:00,678.6999999999998
2023-03-15 15:00:00,680.9999999999999
2023-03-15 16:00:00,675.8999999999999
2023-03-15 23:00:00,675.1999999999998
2023-03-16 07:00:00,670.2999999999998
2023-03-16 08:00:00,685.3999999999999
2023-03-16 09:00:00,676.1999999999998
2023-03-16 11:00:00,677.7999999999998
2023-03-16 13:00:00,684.8999999999999
2023-03-16 14:00:00,689.2999999999998
2023-03-16 15:00:00,695.5999999999998
2023-03-16 16:00:00,693.9999999999999
2023-03-16 23:00:00,694.4999999999999
2023-03-17 08:00:00,703.8999999999999
2023-03-17 09:00:00,704.0999999999998
2023-03-17 10:00:00,704.5999999999998
2023-03-17 11:00:00,699.5999999999998
2023-03-17 12:00:00,701.8999999999999
2023-03-17 13:00:00,696.6999999999998
2023-03-17 14:00:00,691.3999999999999
2023-03-17 15:00:00,694.1999999999998
2023-03-17 16:00:00,693.7999999999998
2023-03-17 23:00:00,693.1999999999998
2023-03-20 08:00:00,689.7999999999998
2023-03-20 09:00:00,695.5999999999998
2023-03-20 10:00:00,699.6999999999998
2023-03-20 11:00:00,699.4999999999999
2023-03-20 12:00:00,700.9999999999999
2023-03-20 13:00:00,698.8999999999999
2023-03-20 14:00:00,698.8999999999999
2023-03-20 15:00:00,699.1999999999998
2023-03-20 16:00:00,696.9999999999999
2023-03-20 23:00:00,697.7999999999998
2023-03-21 08:00:00,703.1999999999998
2023-03-21 09:00:00,703.6999999999998
2023-03-21 10:00:00,704.5999999999998
2023-03-21 12:00:00,704.4999999999999
2023-03-21 13:00:00,706.4999999999999
2023-03-21 14:00:00,699.0999999999998
2023-03-21 15:00:00,699.1999999999998
2023-03-21 16:00:00,700.7999999999998
2023-03-21 23:00:00,700.2999999999998
2023-03-22 08:00:00,700.9999999999999
2023-03-22 09:00:00,699.4999999999999
2023-03-22 10:00:00,698.5999999999998
2023-03-22 11:00:00,697.1999999999998
2023-03-22 12:00:00,698.5999999999998
2023-03-22 13:00:00,701.7999999999998
2023-03-22 14:00:00,704.1999999999998
2023-03-22 15:00:00,705.0999999999998
2023-03-22 16:00:00,704.7999999999998
2023-03-22 23:00:00,703.3999999999999
2023-03-23 08:00:00,709.1999999999998
2023-03-23 09:00:00,706.5999999999998
2023-03-23 10:00:00,704.5999999999998
2023-03-23 12:00:00,707.3999999999999
2023-03-23 13:00:00,708.3999999999999
2023-03-23 14:00:00,713.2999999999998
2023-03-23 15:00:00,717.7999999999998
2023-03-23 16:00:00,716.9999999999999
2023-03-23 23:00:00,717.2999999999998
2023-03-24 08:00:00,710.2999999999998
2023-03-24 09:00:00,708.9999999999999
2023-03-24 10:00:00,707.3999999999999
2023-03-24 11:00:00,705.6999999999998
2023-03-24 12:00:00,704.2999999999998
2023-03-24 13:00:00,707.6999999999998
2023-03-24 14:00:00,703.6999999999998
2023-03-24 15:00:00,698.6999999999998
2023-03-24 16:00:00,700.3999999999999
2023-03-24 23:00:00,700.2999999999998
2023-03-27 08:00:00,704.1999999999998
2023-03-27 09:00:00,706.2999999999998
2023-03-27 10:00:00,706.3999999999999
2023-03-27 11:00:00,707.7999999999998
2023-03-27 12:00:00,705.8999999999999
2023-03-27 13:00:00,705.8999999999999
2023-03-27 14:00:00,707.7999999999998
2023-03-27 15:00:00,707.2999999999998
2023-03-27 16:00:00,699.3999999999999
2023-03-27 23:00:00,703.2999999999998
2023-03-28 08:00:00,701.6999999999998
2023-03-28 09:00:00,696.7999999999998
2023-03-28 10:00:00,698.1999999999998
2023-03-28 12:00:00,697.6999999999998
2023-03-28 13:00:00,698.0999999999998
2023-03-28 14:00:00,695.5999999999998
2023-03-28 15:00:00,694.9999999999999
2023-03-28 16:00:00,696.1999999999998
2023-03-28 23:00:00,694.5999999999998
2023-03-29 08:00:00,704.5999999999998
2023-03-29 09:00:00,705.3999999999999
2023-03-29 10:00:00,705.2999999999998
2023-03-29 11:00:00,705.9999999999999
2023-03-29 12:00:00,705.3999999999999
2023-03-29 13:00:00,705.6999999999998
2023-03-29 14:00:00,708.0999999999998
2023-03-29 15:00:00,706.9999999999999
2023-03-29 16:00:00,708.4999999999999
2023-03-29 23:00:00,710.4999999999999
2023-03-30 08:00:00,720.0999999999998
2023-03-30 10:00:00,721.6999999999998
2023-03-30 11:00:00,723.4999999999999
2023-03-30 12:00:00,724.1999999999998
2023-03-30 13:00:00,724.6999999999998
2023-03-30 14:00:00,724.5999999999998
2023-03-30 15:00:00,727.1999999999998
2023-03-30 16:00:00,727.2999999999998
2023-03-30 23:00:00,727.9999999999999
2023-03-31 08:00:00,723.6999999999998
2023-03-31 09:00:00,725.4999999999999
2023-03-31 10:00:00,726.4999999999999
2023-03-31 11:00:00,727.7999999999998
2023-03-31 12:00:00,727.8999999999999
2023-03-31 13:00:00,729.2999999999998
2023-03-31 14:00:00,728.4999999999999
2023-03-31 15:00:00,732.9999999999999
2023-03-31 16:00:00,733.1999999999998
2023-03-31 23:00:00,733.5999999999998
2023-04-03 08:00:00,729.0999999999998
2023-04-03 09:00:00,727.5999999999998
2023-04-03 10:00:00,726.7999999999998
2023-04-03 11:00:00,727.4999999999999
2023-04-03 12:00:00,728.0999999999998
2023-04-03 13:00:00,728.1999999999998
2023-04-03 14:00:00,725.3999999999999
2023-04-03 15:00:00,723.7999999999998
2023-04-03 16:00:00,724.6999999999998
2023-04-03 17:00:00,727.1999999999998
2023-04-03 18:00:00,727.1999999999998
2023-04-03 19:00:00,727.1999999999998
2023-04-03 20:00:00,729.3999999999999
2023-04-03 23:00:00,724.4999999999999
2023-04-04 08:00:00,724.3999999999999
2023-04-04 09:00:00,726.0999999999998
2023-04-04 10:00:00,728.8999999999999
2023-04-04 11:00:00,729.6999999999998
2023-04-04 12:00:00,730.4999999999999
2023-04-04 13:00:00,729.6999999999998
2023-04-04 14:00:00,728.2999999999998
2023-04-04 15:00:00,726.6999999999998
2023-04-04 16:00:00,725.8999999999999
2023-04-04 23:00:00,725.5999999999998
2023-04-05 08:00:00,720.6999999999998
2023-04-05 09:00:00,718.2999999999998
2023-04-05 10:00:00,717.5999999999998
2023-04-05 11:00:00,717.6999999999998
2023-04-05 12:00:00,718.4999999999999
2023-04-05 13:00:00,715.7999999999998
2023-04-05 14:00:00,715.2999999999998
2023-04-05 15:00:00,712.0999999999998
2023-04-05 16:00:00,711.6999999999998
2023-04-05 23:00:00,712.8999999999999
2023-04-06 08:00:00,716.0999999999998
2023-04-06 09:00:00,716.9999999999999
2023-04-06 10:00:00,715.3999999999999
2023-04-06 11:00:00,713.8999999999999
2023-04-06 12:00:00,715.5999999999998
2023-04-06 13:00:00,715.1999999999998
2023-04-06 14:00:00,712.0999999999998
2023-04-06 15:00:00,714.0999999999998
2023-04-06 16:00:00,714.5999999999998
2023-04-06 23:00:00,715.2999999999998
2023-04-11 08:00:00,717.8999999999999
2023-04-11 12:00:00,716.4999999999999
2023-04-11 15:00:00,715.0999999999998
2023-04-11 16:00:00,715.4999999999999
2023-04-11 23:00:00,716.5999999999998
2023-04-12 08:00:00,708.8999999999999
2023-04-12 09:00:00,710.3999999999999
2023-04-12 10:00:00,711.0999999999998
2023-04-12 11:00:00,710.3999999999999
2023-04-12 12:00:00,710.6999999999998
2023-04-12 13:00:00,718.3999999999999
2023-04-12 14:00:00,708.8999999999999
2023-04-12 15:00:00,709.7999999999998
2023-04-12 16:00:00,709.4999999999999
2023-04-12 23:00:00,709.5999999999998
2023-04-13 08:00:00,708.3999999999999
2023-04-13 09:00:00,706.9999999999999
2023-04-13 10:00:00,708.2999999999998
2023-04-13 11:00:00,707.9999999999999
2023-04-13 12:00:00,707.2999999999998
2023-04-13 13:00:00,709.8999999999999
2023-04-13 14:00:00,711.1999999999998
2023-04-13 15:00:00,712.1999999999998
2023-04-13 16:00:00,712.6999999999998
2023-04-13 23:00:00,712.9999999999999
2023-04-14 08:00:00,718.0999999999998
2023-04-14 09:00:00,715.1999999999998
2023-04-14 10:00:00,715.6999999999998
2023-04-14 11:00:00,712.5999999999998
2023-04-14 12:00:00,712.7999999999998
2023-04-14 13:00:00,715.3999999999999
2023-04-14 14:00:00,717.6999999999998
2023-04-14 15:00:00,714.1999999999998
2023-04-14 16:00:00,714.6999999999998
2023-04-14 23:00:00,714.7999999999998
2023-04-17 08:00:00,710.6999999999998
2023-04-17 09:00:00,706.7999999999998
2023-04-17 10:00:00,706.9999999999999
2023-04-17 11:00:00,706.9999999999999
2023-04-17 12:00:00,707.2999999999998
2023-04-17 13:00:00,707.8999999999999
2023-04-17 14:00:00,707.0999999999998
2023-04-17 15:00:00,707.9999999999999
2023-04-17 16:00:00,708.2999999999998
2023-04-17 23:00:00,708.1999999999998
2023-04-18 08:00:00,710.4999999999999
2023-04-18 09:00:00,712.0999999999998
2023-04-18 10:00:00,714.8999999999999
2023-04-18 11:00:00,716.4999999999999
2023-04-18 12:00:00,717.4999999999999
2023-04-18 13:00:00,717.7999999999998
2023-04-18 14:00:00,716.1999999999998
2023-04-18 15:00:00,714.1999999999998
2023-04-18 16:00:00,714.1999999999998
2023-04-18 23:00:00,713.9999999999999
2023-04-19 07:00:00,701.9999999999999
2023-04-19 08:00:00,703.7999999999998
2023-04-19 09:00:00,703.1999999999998
2023-04-19 10:00:00,704.1999999999998
2023-04-19 11:00:00,703.8999999999999
2023-04-19 12:00:00,704.3999999999999
2023-04-19 13:00:00,702.7999999999998
2023-04-19 14:00:00,702.5999999999998
2023-04-19 15:00:00,700.6999999999998
2023-04-19 16:00:00,700.7999999999998
2023-04-19 23:00:00,699.9999999999999
2023-04-20 08:00:00,696.6999999999998
2023-04-20 09:00:00,695.7999999999998
2023-04-20 12:00:00,695.4999999999999
2023-04-20 13:00:00,695.5999999999998
2023-04-20 15:00:00,698.8999999999999
2023-04-20 16:00:00,698.2999999999998
2023-04-20 23:00:00,697.7999999999998
2023-04-21 08:00:00,695.0999999999998
2023-04-21 09:00:00,695.8999999999999
2023-04-21 10:00:00,697.4999999999999
2023-04-21 11:00:00,697.2999999999998
2023-04-21 14:00:00,701.3999999999999
2023-04-21 15:00:00,704.0999999999998
2023-04-21 16:00:00,703.2999999999998
2023-04-21 23:00:00,703.3999999999999
2023-04-24 08:00:00,701.9999999999999
2023-04-24 12:00:00,704.0999999999998
2023-04-24 15:00:00,698.5999999999998
2023-04-24 16:00:00,697.9999999999999
2023-04-24 23:00:00,697.8999999999999
2023-04-25 08:00:00,694.6999999999998
2023-04-25 11:00:00,694.8999999999999
2023-04-25 12:00:00,695.8999999999999
2023-04-25 13:00:00,697.2999999999998
2023-04-25 14:00:00,696.9999999999999
2023-04-25 15:00:00,695.2999999999998
2023-04-25 16:00:00,694.6999999999998
2023-04-25 23:00:00,694.7999999999998
2023-04-26 08:00:00,682.8999999999999
2023-04-26 09:00:00,686.9999999999999
2023-04-26 10:00:00,687.1999999999998
2023-04-26 11:00:00,682.8999999999999
2023-04-26 13:00:00,684.0999999999998
2023-04-26 14:00:00,686.6999999999998
2023-04-26 15:00:00,687.6999999999998
2023-04-26 16:00:00,688.9999999999999
2023-04-26 23:00:00,689.7999999999998
2023-04-27 08:00:00,688.1999999999998
2023-04-27 09:00:00,686.3999999999999
2023-04-27 10:00:00,688.7999999999998
2023-04-27 12:00:00,690.4999999999999
2023-04-27 13:00:00,691.6999999999998
2023-04-27 14:00:00,688.3999999999999
2023-04-27 15:00:00,691.2999999999998
2023-04-27 16:00:00,691.3999999999999
2023-04-27 23:00:00,693.5999999999998
2023-04-28 08:00:00,696.2999999999998
2023-04-28 09:00:00,693.2999999999998
2023-04-28 10:00:00,693.6999999999998
2023-04-28 12:00:00,694.5999999999998
2023-04-28 13:00:00,697.8999999999999
2023-04-28 14:00:00,698.7999999999998
2023-04-28 15:00:00,697.9999999999999
2023-04-28 16:00:00,698.6999999999998
2023-04-28 23:00:00,699.2999999999998
2023-05-02 08:00:00,703.6999999999998
2023-05-02 09:00:00,704.4999999999999
2023-05-02 10:00:00,705.9999999999999
2023-05-02 11:00:00,705.7999999999998
2023-05-02 12:00:00,703.9999999999999
2023-05-02 13:00:00,703.8999999999999
2023-05-02 14:00:00,703.6999999999998
2023-05-02 15:00:00,700.9999999999999
2023-05-02 16:00:00,699.8999999999999
2023-05-02 23:00:00,698.4999999999999
2023-05-03 12:00:00,703.5999999999998
2023-05-03 13:00:00,701.0999999999998
2023-05-03 14:00:00,699.9999999999999
2023-05-03 16:00:00,701.1999999999998
2023-05-03 23:00:00,700.6999999999998
2023-05-04 08:00:00,697.7999999999998
2023-05-04 09:00:00,697.2999999999998
2023-05-04 10:00:00,692.4999999999999
2023-05-04 12:00:00,689.3999999999999
2023-05-04 13:00:00,692.4999999999999
2023-05-04 14:00:00,694.9999999999999
2023-05-04 15:00:00,695.9999999999999
2023-05-04 16:00:00,695.9999999999999
2023-05-04 23:00:00,696.7999999999998
2023-05-05 08:00:00,699.8999999999999
2023-05-05 09:00:00,701.0999999999998
2023-05-05 10:00:00,698.4999999999999
2023-05-05 11:00:00,700.0999999999998
2023-05-05 13:00:00,701.1999999999998
2023-05-05 15:00:00,705.5999999999998
2023-05-05 16:00:00,705.0999999999998
2023-05-05 18:00:00,705.2999999999998
2023-05-05 23:00:00,704.6999999999998
2023-05-08 11:00:00,707.4999999999999
2023-05-08 12:00:00,707.5999999999998
2023-05-08 13:00:00,707.8999999999999
2023-05-08 14:00:00,706.1999999999998
2023-05-08 15:00:00,706.7999999999998
2023-05-08 16:00:00,707.4999999999999
2023-05-08 23:00:00,707.4999999999999
2023-05-09 08:00:00,705.5999999999998
2023-05-09 09:00:00,704.4999999999999
2023-05-09 11:00:00,700.3999999999999
2023-05-09 12:00:00,699.4999999999999
2023-05-09 13:00:00,697.6999999999998
2023-05-09 14:00:00,699.8999999999999
2023-05-09 15:00:00,699.4999999999999
2023-05-09 16:00:00,699.2999999999998
2023-05-09 23:00:00,698.7999999999998
2023-05-10 09:00:00,697.2999999999998
2023-05-10 11:00:00,700.5999999999998
2023-05-10 12:00:00,700.5999999999998
2023-05-10 13:00:00,704.7999999999998
2023-05-10 14:00:00,707.3999999999999
2023-05-10 15:00:00,706.0999999999998
2023-05-10 16:00:00,706.6999999999998
2023-05-10 23:00:00,707.5999999999998
2023-05-11 08:00:00,711.1999999999998
2023-05-11 09:00:00,711.0999999999998
2023-05-11 11:00:00,712.7999999999998
2023-05-11 12:00:00,710.5999999999998
2023-05-11 13:00:00,708.0999999999998
2023-05-11 14:00:00,704.4999999999999
2023-05-11 15:00:00,704.9999999999999
2023-05-11 16:00:00,705.1999999999998
2023-05-11 23:00:00,705.7999999999998
2023-05-12 08:00:00,709.3999999999999
2023-05-12 09:00:00,710.7999999999998
2023-05-12 10:00:00,710.3999999999999
2023-05-12 12:00:00,708.3999999999999
2023-05-12 14:00:00,708.3999999999999
2023-05-12 15:00:00,707.5999999999998
2023-05-12 16:00:00,707.3999999999999
2023-05-12 23:00:00,708.7999999999998
2023-05-15 08:00:00,712.7999999999998
2023-05-15 09:00:00,710.9999999999999
2023-05-15 10:00:00,711.4999999999999
2023-05-15 11:00:00,711.1999999999998
2023-05-15 12:00:00,710.7999999999998
2023-05-15 13:00:00,707.0999999999998
2023-05-15 14:00:00,707.4999999999999
2023-05-15 15:00:00,708.7999999999998
2023-05-15 16:00:00,708.7999999999998
2023-05-15 23:00:00,710.2999999999998
2023-05-16 08:00:00,714.6999999999998
2023-05-16 09:00:00,713.7999999999998
2023-05-16 11:00:00,714.0999999999998
2023-05-16 12:00:00,712.2999999999998
2023-05-16 13:00:00,712.2999999999998
2023-05-16 15:00:00,715.9999999999999
2023-05-16 16:00:00,715.9999999999999
2023-05-16 23:00:00,716.1999999999998
2023-05-17 08:00:00,715.6999999999998
2023-05-17 09:00:00,716.5999999999998
2023-05-17 10:00:00,717.2999999999998
2023-05-17 11:00:00,717.2999999999998
2023-05-17 12:00:00,718.2999999999998
2023-05-17 13:00:00,718.0999999999998
2023-05-17 14:00:00,716.1999999999998
2023-05-17 15:00:00,719.0999999999998
2023-05-17 16:00:00,719.1999999999998
2023-05-17 17:00:00,719.3999999999999
2023-05-17 23:00:00,719.3999999999999
2023-05-18 08:00:00,727.1999999999998
2023-05-18 09:00:00,728.6999999999998
2023-05-18 10:00:00,729.7999999999998
2023-05-18 13:00:00,731.7999999999998
2023-05-18 14:00:00,732.8999999999999
2023-05-18 15:00:00,735.4999999999999
2023-05-18 16:00:00,736.7999999999998
2023-05-18 23:00:00,738.0999999999998
2023-05-19 08:00:00,743.1999999999998
2023-05-19 09:00:00,744.7999999999998
2023-05-19 10:00:00,746.8999999999999
2023-05-19 11:00:00,744.3999999999999
2023-05-19 12:00:00,744.0999999999998
2023-05-19 14:00:00,743.1999999999998
2023-05-19 15:00:00,743.6999999999998
2023-05-19 16:00:00,743.5999999999998
2023-05-19 23:00:00,743.3999999999999
2023-05-22 08:00:00,741.6999999999998
2023-05-22 09:00:00,741.7999999999998
2023-05-22 11:00:00,739.4999999999999
2023-05-22 12:00:00,739.1999999999998
2023-05-22 14:00:00,742.5999999999998
2023-05-22 15:00:00,742.6999999999998
2023-05-22 16:00:00,743.7999999999998
2023-05-22 23:00:00,743.3999999999999
2023-05-23 08:00:00,742.4999999999999
2023-05-23 09:00:00,741.8999999999999
2023-05-23 11:00:00,741.5999999999998
2023-05-23 12:00:00,740.5999999999998
2023-05-23 13:00:00,739.6999999999998
2023-05-23 14:00:00,737.4999999999999
2023-05-23 15:00:00,735.3999999999999
2023-05-23 16:00:00,735.4999999999999
2023-05-23 19:00:00,730.4999999999999
2023-05-23 23:00:00,734.8999999999999
2023-05-24 08:00:00,723.5999999999998
2023-05-24 09:00:00,726.5999999999998
2023-05-24 10:00:00,726.6999999999998
2023-05-24 11:00:00,722.7999999999998
2023-05-24 12:00:00,720.7999999999998
2023-05-24 13:00:00,720.2999999999998
2023-05-24 14:00:00,717.2999999999998
2023-05-24 15:00:00,716.8999999999999
2023-05-24 16:00:00,716.7999999999998
2023-05-24 23:00:00,716.9999999999999
2023-05-25 08:00:00,731.8999999999999
2023-05-25 09:00:00,730.7999999999998
2023-05-25 12:00:00,731.7999999999998
2023-05-25 14:00:00,731.8999999999999
2023-05-25 16:00:00,726.7999999999998
2023-05-25 23:00:00,729.8999999999999
2023-05-26 08:00:00,734.7999999999998
2023-05-26 09:00:00,738.1999999999998
2023-05-26 10:00:00,735.6999999999998
2023-05-26 11:00:00,737.1999999999998
2023-05-26 12:00:00,738.1999999999998
2023-05-26 13:00:00,738.3999999999999
2023-05-26 14:00:00,742.5999999999998
2023-05-26 15:00:00,751.8999999999999
2023-05-26 16:00:00,752.5999999999998
2023-05-26 17:00:00,750.3999999999999
2023-05-26 23:00:00,749.3999999999999
2023-05-29 12:00:00,748.6999999999998
2023-05-29 13:00:00,747.7999999999998
2023-05-29 14:00:00,748.0999999999998
2023-05-29 15:00:00,746.9999999999999
2023-05-29 16:00:00,745.2999999999998
2023-05-29 23:00:00,745.2999999999998
2023-05-30 08:00:00,748.0999999999998
2023-05-30 09:00:00,749.6999999999998
2023-05-30 10:00:00,754.4999999999999
2023-05-30 11:00:00,758.3999999999999
2023-05-30 12:00:00,759.0999999999998
2023-05-30 13:00:00,758.0999999999998
2023-05-30 14:00:00,751.1999999999998
2023-05-30 15:00:00,750.1999999999998
2023-05-30 16:00:00,751.5999999999998
2023-05-30 23:00:00,748.2999999999998
2023-05-31 08:00:00,747.7999999999998
2023-05-31 09:00:00,748.3999999999999
2023-05-31 12:00:00,751.7999999999998
2023-05-31 13:00:00,751.5999999999998
2023-05-31 14:00:00,750.5999999999998
2023-05-31 15:00:00,746.0999999999998
2023-05-31 16:00:00,746.4999999999999
2023-05-31 23:00:00,743.8999999999999
2023-06-01 08:00:00,749.1999999999998
2023-06-01 10:00:00,751.7999999999998
2023-06-01 11:00:00,751.4999999999999
2023-06-01 12:00:00,751.5999999999998
2023-06-01 14:00:00,750.5999999999998
2023-06-01 15:00:00,751.4999999999999
2023-06-01 16:00:00,752.0999999999998
2023-06-01 23:00:00,752.2999999999998
2023-06-02 08:00:00,755.4999999999999
2023-06-02 09:00:00,756.0999999999998
2023-06-02 10:00:00,756.1999999999998
2023-06-02 11:00:00,759.4999999999999
2023-06-02 12:00:00,759.9999999999999
2023-06-02 13:00:00,759.3999999999999
2023-06-02 14:00:00,759.8999999999999
2023-06-02 15:00:00,757.4999999999999
2023-06-02 16:00:00,757.9999999999999
2023-06-02 23:00:00,757.9999999999999
2023-06-05 08:00:00,755.8999999999999
2023-06-05 09:00:00,754.3999999999999
2023-06-05 10:00:00,756.4999999999999
2023-06-05 11:00:00,756.1999999999998
2023-06-05 12:00:00,756.5999999999998
2023-06-05 14:00:00,755.6999999999998
2023-06-05 15:00:00,754.2999999999998
2023-06-05 16:00:00,753.8999999999999
2023-06-05 23:00:00,753.3999999999999
2023-06-06 08:00:00,751.6999999999998
2023-06-06 09:00:00,752.7999999999998
2023-06-06 12:00:00,750.8999999999999
2023-06-06 13:00:00,749.1999999999998
2023-06-06 14:00:00,751.2999999999998
2023-06-06 15:00:00,751.6999999999998
2023-06-06 16:00:00,752.6999999999998
2023-06-06 23:00:00,752.2999999999998
2023-06-07 08:00:00,750.8999999999999
2023-06-07 09:00:00,751.0999999999998
2023-06-07 10:00:00,749.3999999999999
2023-06-07 11:00:00,749.7999999999998
2023-06-07 12:00:00,751.2999999999998
2023-06-07 15:00:00,751.1999999999998
2023-06-07 16:00:00,753.4999999999999
2023-06-07 23:00:00,753.0999999999998
2023-06-08 08:00:00,744.6999999999998
2023-06-08 09:00:00,745.1999999999998
2023-06-08 10:00:00,747.4999999999999
2023-06-08 11:00:00,747.7999999999998
2023-06-08 12:00:00,747.8999999999999
2023-06-08 13:00:00,749.0999999999998
2023-06-08 14:00:00,748.7999999999998
2023-06-08 15:00:00,750.4999999999999
2023-06-08 16:00:00,751.5999999999998
2023-06-08 23:00:00,751.2999999999998
2023-06-09 08:00:00,750.8999999999999
2023-06-09 09:00:00,752.6999999999998
2023-06-09 10:00:00,753.6999999999998
2023-06-09 12:00:00,752.7999999999998
2023-06-09 13:00:00,752.9999999999999
2023-06-09 14:00:00,754.4999999999999
2023-06-09 15:00:00,752.4999999999999
2023-06-09 16:00:00,752.0999999999998
2023-06-09 16:00:01,752.0999999999998
2023-06-09 16:00:02,752.0999999999998
2023-06-09 23:00:00,752.4999999999999
2023-06-12 08:00:00,756.3999999999999
2023-06-12 10:00:00,762.8999999999999
2023-06-12 23:00:00,761.2999999999998
2023-06-13 08:00:00,773.2999999999998
2023-06-13 09:00:00,773.3999999999999
2023-06-13 10:00:00,772.5999999999999
2023-06-13 12:00:00,769.2999999999998
2023-06-13 13:00:00,771.4999999999999
2023-06-13 15:00:00,766.4999999999999
2023-06-13 16:00:00,770.8999999999999
2023-06-13 23:00:00,773.2999999999998
2023-06-14 08:00:00,771.3999999999999
2023-06-14 09:00:00,771.0999999999999
2023-06-14 11:00:00,769.2999999999998
2023-06-14 14:00:00,768.5999999999999
2023-06-14 16:00:00,771.8999999999999
2023-06-14 23:00:00,772.9999999999999
2023-06-15 08:00:00,773.2999999999998
2023-06-15 09:00:00,769.2999999999998
2023-06-15 10:00:00,765.1999999999999
2023-06-15 12:00:00,762.3999999999999
2023-06-15 13:00:00,759.4999999999999
2023-06-15 15:00:00,766.3999999999999
2023-06-15 16:00:00,767.7999999999998
2023-06-15 23:00:00,768.2999999999998
2023-06-16 08:00:00,767.1999999999999
2023-06-16 09:00:00,767.0999999999999
2023-06-16 11:00:00,770.3999999999999
2023-06-16 12:00:00,769.9999999999999
2023-06-16 13:00:00,772.0999999999999
2023-06-16 14:00:00,768.5999999999999
2023-06-16 15:00:00,769.0999999999999
2023-06-16 16:00:00,768.8999999999999
2023-06-16 23:00:00,768.4999999999999
2023-06-19 08:00:00,763.5999999999999
2023-06-19 09:00:00,764.1999999999999
2023-06-19 11:00:00,765.3999999999999
2023-06-19 14:00:00,763.1999999999999
2023-06-19 15:00:00,761.6999999999999
2023-06-19 16:00:00,761.9999999999999
2023-06-19 23:00:00,762.0999999999999
2023-06-20 08:00:00,759.1999999999999
2023-06-20 09:00:00,757.0999999999999
2023-06-20 10:00:00,755.1999999999999
2023-06-20 11:00:00,756.6999999999999
2023-06-20 12:00:00,758.4999999999999
2023-06-20 13:00:00,757.8999999999999
2023-06-20 14:00:00,759.3999999999999
2023-06-20 15:00:00,753.6999999999999
2023-06-20 16:00:00,753.6999999999999
2023-06-20 23:00:00,753.5999999999999
2023-06-21 08:00:00,750.1999999999999
2023-06-21 09:00:00,750.2999999999998
2023-06-21 11:00:00,752.6999999999999
2023-06-21 12:00:00,752.6999999999999
2023-06-21 14:00:00,750.9999999999999
2023-06-21 15:00:00,745.1999999999999
2023-06-21 16:00:00,743.4999999999999
2023-06-21 23:00:00,742.8999999999999
2023-06-22 08:00:00,734.7999999999998
2023-06-22 09:00:00,734.4999999999999
2023-06-22 12:00:00,735.0999999999999
2023-06-22 14:00:00,737.1999999999999
2023-06-22 15:00:00,741.4999999999999
2023-06-22 16:00:00,743.3999999999999
2023-06-22 23:00:00,743.1999999999999
2023-06-23 08:00:00,740.7999999999998
2023-06-23 09:00:00,740.9999999999999
2023-06-23 14:00:00,732.8999999999999
2023-06-23 15:00:00,735.5999999999999
2023-06-23 16:00:00,734.6999999999999
2023-06-23 23:00:00,732.8999999999999
2023-06-26 08:00:00,732.9999999999999
2023-06-26 10:00:00,732.5999999999999
2023-06-26 11:00:00,732.2999999999998
2023-06-26 12:00:00,733.0999999999999
2023-06-26 15:00:00,738.0999999999999
2023-06-26 16:00:00,738.1999999999999
2023-06-26 23:00:00,735.5999999999999
2023-06-27 08:00:00,737.3999999999999
2023-06-27 09:00:00,735.6999999999999
2023-06-27 11:00:00,734.2999999999998
2023-06-27 12:00:00,733.5999999999999
2023-06-27 13:00:00,732.5999999999999
2023-06-27 14:00:00,734.4999999999999
2023-06-27 15:00:00,735.9999999999999
2023-06-27 16:00:00,737.6999999999999
2023-06-27 23:00:00,737.9999999999999
2023-06-28 08:00:00,745.5999999999999
2023-06-28 09:00:00,742.9999999999999
2023-06-28 10:00:00,745.0999999999999
2023-06-28 11:00:00,745.0999999999999
2023-06-28 12:00:00,746.0999999999999
2023-06-28 13:00:00,746.1999999999999
2023-06-28 14:00:00,745.6999999999999
2023-06-28 15:00:00,751.9999999999999
2023-06-28 16:00:00,751.6999999999999
2023-06-28 23:00:00,750.6999999999999
2023-06-29 08:00:00,750.8999999999999
2023-06-29 09:00:00,753.8999999999999
2023-06-29 11:00:00,754.9999999999999
2023-06-29 14:00:00,753.1999999999999
2023-06-29 15:00:00,749.0999999999999
2023-06-29 16:00:00,752.6999999999999
2023-06-29 23:00:00,751.8999999999999
2023-06-30 08:00:00,746.7999999999998
2023-06-30 09:00:00,748.7999999999998
2023-06-30 10:00:00,751.0999999999999
2023-06-30 11:00:00,753.7999999999998
2023-06-30 14:00:00,754.3999999999999
2023-06-30 15:00:00,758.9999999999999
2023-06-30 16:00:00,758.6999999999999
2023-06-30 23:00:00,758.9999999999999
2023-07-03 08:00:00,759.1999999999999
2023-07-03 09:00:00,760.3999999999999
2023-07-03 11:00:00,758.8999999999999
2023-07-03 12:00:00,758.0999999999999
2023-07-03 13:00:00,756.8999999999999
2023-07-03 14:00:00,759.2999999999998
2023-07-03 15:00:00,754.8999999999999
2023-07-03 16:00:00,754.4999999999999
2023-07-03 23:00:00,754.5999999999999
2023-07-04 08:00:00,758.1999999999999
2023-07-04 11:00:00,755.6999999999999
2023-07-04 13:00:00,757.7999999999998
2023-07-04 14:00:00,758.3999999999999
2023-07-04 15:00:00,756.9999999999999
2023-07-04 16:00:00,757.6999999999999
2023-07-04 23:00:00,757.5999999999999
2023-07-05 08:00:00,750.5999999999999
2023-07-05 09:00:00,749.6999999999999
2023-07-05 10:00:00,749.8999999999999
2023-07-05 13:00:00,747.4999999999999
2023-07-05 14:00:00,748.7999999999998
2023-07-05 15:00:00,749.3999999999999
2023-07-05 16:00:00,748.6999999999999
2023-07-05 23:00:00,747.2999999999998
2023-07-06 08:00:00,739.7999999999998
2023-07-06 09:00:00,738.4999999999999
2023-07-06 10:00:00,737.3999999999999
2023-07-06 12:00:00,737.0999999999999
2023-07-06 13:00:00,731.9999999999999
2023-07-06 14:00:00,731.4999999999999
2023-07-06 15:00:00,725.6999999999999
2023-07-06 16:00:00,728.6999999999999
2023-07-06 23:00:00,725.1999999999999
2023-07-07 08:00:00,721.1999999999999
2023-07-07 09:00:00,722.9999999999999
2023-07-07 10:00:00,725.4999999999999
2023-07-07 11:00:00,727.5999999999999
2023-07-07 12:00:00,727.7999999999998
2023-07-07 13:00:00,729.7999999999998
2023-07-07 14:00:00,728.1999999999999
2023-07-07 15:00:00,730.8999999999999
2023-07-07 16:00:00,731.4999999999999
2023-07-07 23:00:00,731.2999999999998
2023-07-10 08:00:00,724.7999999999998
2023-07-10 09:00:00,730.4999999999999
2023-07-10 10:00:00,729.5999999999999
2023-07-10 11:00:00,731.2999999999998
2023-07-10 12:00:00,732.6999999999999
2023-07-10 13:00:00,732.8999999999999
2023-07-10 14:00:00,732.4999999999999
2023-07-10 15:00:00,734.1999999999999
2023-07-10 16:00:00,734.3999999999999
2023-07-10 23:00:00,734.6999999999999
2023-07-11 08:00:00,738.7999999999998
2023-07-11 13:00:00,741.0999999999999
2023-07-11 14:00:00,737.0999999999999
2023-07-11 15:00:00,735.3999999999999
2023-07-11 16:00:00,735.4999999999999
2023-07-11 23:00:00,734.5999999999999
2023-07-12 08:00:00,743.9999999999999
2023-07-12 09:00:00,746.1999999999999
2023-07-12 10:00:00,747.4999999999999
2023-07-12 11:00:00,746.9999999999999
2023-07-12 12:00:00,750.5999999999999
2023-07-12 13:00:00,751.9999999999999
2023-07-12 14:00:00,752.7999999999998
2023-07-12 15:00:00,752.9999999999999
2023-07-12 16:00:00,753.2999999999998
2023-07-12 23:00:00,753.1999999999999
2023-07-13 08:00:00,759.6999999999999
2023-07-13 09:00:00,761.5999999999999
2023-07-13 10:00:00,761.9999999999999
2023-07-13 11:00:00,763.6999999999999
2023-07-13 12:00:00,764.4999999999999
2023-07-13 13:00:00,764.0999999999999
2023-07-13 14:00:00,764.7999999999998
2023-07-13 15:00:00,767.1999999999999
2023-07-13 16:00:00,766.9999999999999
2023-07-13 23:00:00,765.5999999999999
2023-07-14 08:00:00,767.3999999999999
2023-07-14 09:00:00,767.3999999999999
2023-07-14 10:00:00,767.3999999999999
2023-07-14 13:00:00,769.7999999999998
2023-07-14 14:00:00,772.2999999999998
2023-07-14 15:00:00,771.4999999999999
2023-07-14 16:00:00,771.1999999999999
2023-07-14 23:00:00,772.9999999999999
2023-07-17 08:00:00,766.3999999999999
2023-07-17 09:00:00,765.6999999999999
2023-07-17 11:00:00,762.4999999999999
2023-07-17 12:00:00,762.5999999999999
2023-07-17 13:00:00,758.0999999999999
2023-07-17 14:00:00,760.7999999999998
2023-07-17 15:00:00,762.8999999999999
2023-07-17 16:00:00,762.0999999999999
2023-07-17 23:00:00,762.3999999999999
2023-07-18 08:00:00,763.2999999999998
2023-07-18 09:00:00,764.0999999999999
2023-07-18 15:00:00,763.7999999999998
2023-07-18 16:00:00,763.7999999999998
2023-07-18 23:00:00,762.7999999999998
2023-07-19 08:00:00,763.4999999999999
2023-07-19 10:00:00,765.2999999999998
2023-07-19 12:00:00,768.4999999999999
2023-07-19 14:00:00,761.0999999999999
2023-07-19 15:00:00,759.3999999999999
2023-07-19 23:00:00,759.7999999999998
2023-07-20 08:00:00,742.2999999999998
2023-07-20 09:00:00,746.2999999999998
2023-07-20 10:00:00,744.3999999999999
2023-07-20 11:00:00,745.1999999999999
2023-07-20 12:00:00,743.3999999999999
2023-07-20 13:00:00,743.0999999999999
2023-07-20 14:00:00,742.3999999999999
2023-07-20 15:00:00,740.0999999999999
2023-07-20 16:00:00,740.3999999999999
2023-07-20 17:00:00,740.4999999999999
2023-07-20 23:00:00,741.9999999999999
2023-07-21 08:00:00,733.1999999999999
2023-07-21 09:00:00,734.4999999999999
2023-07-21 10:00:00,735.2999999999998
2023-07-21 11:00:00,735.9999999999999
2023-07-21 12:00:00,734.4999999999999
2023-07-21 13:00:00,738.3999999999999
2023-07-21 14:00:00,737.5999999999999
2023-07-21 15:00:00,736.2999999999998
2023-07-21 16:00:00,737.0999999999999
2023-07-21 23:00:00,738.0999999999999
2023-07-24 08:00:00,738.6999999999999
2023-07-24 11:00:00,738.1999999999999
2023-07-24 12:00:00,739.9999999999999
2023-07-24 13:00:00,737.0999999999999
2023-07-24 14:00:00,734.9999999999999
2023-07-24 15:00:00,733.9999999999999
2023-07-24 16:00:00,734.7999999999998
2023-07-24 23:00:00,733.7999999999998
2023-07-25 08:00:00,735.3999999999999
2023-07-25 09:00:00,736.1999999999999
2023-07-25 10:00:00,737.0999999999999
2023-07-25 12:00:00,739.8999999999999
2023-07-25 13:00:00,739.4999999999999
2023-07-25 14:00:00,738.5999999999999
2023-07-25 15:00:00,740.2999999999998
2023-07-25 16:00:00,740.4999999999999
2023-07-25 23:00:00,741.3999999999999
2023-07-26 08:00:00,736.4999999999999
2023-07-26 10:00:00,732.5999999999999
2023-07-26 11:00:00,732.6999999999999
2023-07-26 12:00:00,732.0999999999999
2023-07-26 13:00:00,730.7999999999998
2023-07-26 14:00:00,732.4999999999999
2023-07-26 15:00:00,731.4999999999999
2023-07-26 16:00:00,733.8999999999999
2023-07-26 23:00:00,732.9999999999999
2023-07-27 08:00:00,744.3999999999999
2023-07-27 09:00:00,751.2999999999998
2023-07-27 10:00:00,752.6999999999999
2023-07-27 11:00:00,752.6999999999999
2023-07-27 12:00:00,755.5999999999999
2023-07-27 13:00:00,759.2999999999998
2023-07-27 14:00:00,762.9999999999999
2023-07-27 15:00:00,760.8999999999999
2023-07-27 16:00:00,760.9999999999999
2023-07-27 23:00:00,762.3999999999999
2023-07-28 08:00:00,754.8999999999999
2023-07-28 09:00:00,751.1999999999999
2023-07-28 10:00:00,755.3999999999999
2023-07-28 13:00:00,759.8999999999999
2023-07-28 14:00:00,759.9999999999999
2023-07-28 15:00:00,759.1999999999999
2023-07-28 16:00:00,760.1999999999999
2023-07-28 23:00:00,761.0999999999999
2023-07-31 08:00:00,756.8999999999999
2023-07-31 10:00:00,758.2999999999998
2023-07-31 11:00:00,758.9999999999999
2023-07-31 13:00:00,762.1999999999999
2023-07-31 14:00:00,761.3999999999999
2023-07-31 15:00:00,761.5999999999999
2023-07-31 16:00:00,761.0999999999999
2023-07-31 23:00:00,760.4999999999999
2023-08-01 07:00:00,756.6999999999999
2023-08-01 08:00:00,759.2999999999998
2023-08-01 09:00:00,756.9999999999999
2023-08-01 10:00:00,755.7999999999998
2023-08-01 13:00:00,758.2999999999998
2023-08-01 14:00:00,756.5999999999999
2023-08-01 15:00:00,757.5999999999999
2023-08-01 16:00:00,756.1999999999999
2023-08-01 23:00:00,755.7999999999998
2023-08-02 07:00:00,746.9999999999999
2023-08-02 08:00:00,745.4999999999999
2023-08-02 09:00:00,743.4999999999999
2023-08-02 10:00:00,745.2999999999998
2023-08-02 11:00:00,747.7999999999998
2023-08-02 12:00:00,750.8999999999999
2023-08-02 13:00:00,750.0999999999999
2023-08-02 14:00:00,746.7999999999998
2023-08-02 15:00:00,741.9999999999999
2023-08-02 16:00:00,742.6999999999999
2023-08-02 23:00:00,741.9999999999999
2023-08-03 08:00:00,725.8999999999999
2023-08-03 09:00:00,732.8999999999999
2023-08-03 10:00:00,733.4999999999999
2023-08-03 11:00:00,731.7999999999998
2023-08-03 12:00:00,731.8999999999999
2023-08-03 13:00:00,730.8999999999999
2023-08-03 14:00:00,727.9999999999999
2023-08-03 15:00:00,728.3999999999999
2023-08-03 16:00:00,732.4999999999999
2023-08-03 23:00:00,729.5999999999999
2023-08-04 08:00:00,731.8999999999999
2023-08-04 09:00:00,731.5999999999999
2023-08-04 10:00:00,732.6999999999999
2023-08-04 11:00:00,731.3999999999999
2023-08-04 12:00:00,727.2999999999998
2023-08-04 13:00:00,725.0999999999999
2023-08-04 14:00:00,726.1999999999999
2023-08-04 15:00:00,728.0999999999999
2023-08-04 16:00:00,731.9999999999999
2023-08-04 23:00:00,730.3999999999999
2023-08-07 08:00:00,732.6999999999999
2023-08-07 09:00:00,729.4999999999999
2023-08-07 10:00:00,730.8999999999999
2023-08-07 11:00:00,729.8999999999999
2023-08-07 12:00:00,731.4999999999999
2023-08-07 13:00:00,732.4999999999999
2023-08-07 14:00:00,730.9999999999999
2023-08-07 15:00:00,732.0999999999999
2023-08-07 16:00:00,730.7999999999998
2023-08-07 23:00:00,731.3999999999999
2023-08-08 08:00:00,729.6999999999999
2023-08-08 09:00:00,729.7999999999998
2023-08-08 10:00:00,726.6999999999999
2023-08-08 11:00:00,725.0999999999999
2023-08-08 12:00:00,724.0999999999999
2023-08-08 13:00:00,724.6999999999999
2023-08-08 14:00:00,722.6999999999999
2023-08-08 15:00:00,722.8999999999999
2023-08-08 16:00:00,723.3999999999999
2023-08-08 18:00:00,723.4999999999999
2023-08-08 23:00:00,722.4999999999999
2023-08-09 08:00:00,733.1999999999999
2023-08-09 09:00:00,734.9999999999999
2023-08-09 10:00:00,733.2999999999998
2023-08-09 11:00:00,731.3999999999999
2023-08-09 12:00:00,729.9999999999999
2023-08-09 13:00:00,727.5999999999999
2023-08-09 14:00:00,726.7999999999998
2023-08-09 15:00:00,726.1999999999999
2023-08-09 16:00:00,723.2999999999998
2023-08-09 23:00:00,722.5999999999999
2023-08-10 09:00:00,731.6999999999999
2023-08-10 11:00:00,731.6999999999999
2023-08-10 12:00:00,731.0999999999999
2023-08-10 13:00:00,729.7999999999998
2023-08-10 14:00:00,736.8999999999999
2023-08-10 15:00:00,735.4999999999999
2023-08-10 16:00:00,733.7999999999998
2023-08-10 23:00:00,733.8999999999999
2023-08-11 08:00:00,727.6999999999999
2023-08-11 09:00:00,725.6999999999999
2023-08-11 10:00:00,726.3999999999999
2023-08-11 11:00:00,724.3999999999999
2023-08-11 12:00:00,724.0999999999999
2023-08-11 13:00:00,720.9999999999999
2023-08-11 14:00:00,718.8999999999999
2023-08-11 15:00:00,720.8999999999999
2023-08-11 16:00:00,718.6999999999999
2023-08-11 23:00:00,719.5999999999999
2023-08-14 08:00:00,722.3999999999999
2023-08-14 09:00:00,720.7999999999998
2023-08-14 10:00:00,720.0999999999999
2023-08-14 11:00:00,721.0999999999999
2023-08-14 12:00:00,719.8999999999999
2023-08-14 13:00:00,719.3999999999999
2023-08-14 14:00:00,716.9999999999999
2023-08-14 15:00:00,722.0999999999999
2023-08-14 16:00:00,724.9999999999999
2023-08-14 23:00:00,721.8999999999999
2023-08-15 08:00:00,717.1999999999999
2023-08-15 09:00:00,717.6999999999999
2023-08-15 10:00:00,716.1999999999999
2023-08-15 11:00:00,714.0999999999999
2023-08-15 12:00:00,714.6999999999999
2023-08-15 13:00:00,716.5999999999999
2023-08-15 14:00:00,717.5999999999999
2023-08-15 15:00:00,716.0999999999999
2023-08-15 16:00:00,716.4999999999999
2023-08-15 23:00:00,716.5999999999999
2023-08-16 08:00:00,719.5999999999999
2023-08-16 09:00:00,719.1999999999999
2023-08-16 10:00:00,716.8999999999999
2023-08-16 11:00:00,717.4999999999999
2023-08-16 12:00:00,717.5999999999999
2023-08-16 13:00:00,716.9999999999999
2023-08-16 14:00:00,715.4999999999999
2023-08-16 15:00:00,717.4999999999999
2023-08-16 16:00:00,716.3999999999999
2023-08-16 23:00:00,716.7999999999998
2023-08-17 08:00:00,711.0999999999999
2023-08-17 09:00:00,712.1999999999999
2023-08-17 10:00:00,712.4999999999999
2023-08-17 11:00:00,712.9999999999999
2023-08-17 12:00:00,712.5999999999999
2023-08-17 13:00:00,712.1999999999999
2023-08-17 14:00:00,709.0999999999999
2023-08-17 15:00:00,705.7999999999998
2023-08-17 16:00:00,704.5999999999999
2023-08-17 23:00:00,703.9999999999999
2023-08-18 08:00:00,702.4999999999999
2023-08-18 09:00:00,703.4999999999999
2023-08-18 10:00:00,704.8999999999999
2023-08-18 11:00:00,704.2999999999998
2023-08-18 12:00:00,702.3999999999999
2023-08-18 13:00:00,698.6999999999999
2023-08-18 14:00:00,700.6999999999999
2023-08-18 15:00:00,703.9999999999999
2023-08-18 16:00:00,705.4999999999999
2023-08-18 23:00:00,705.3999999999999
2023-08-21 08:00:00,707.7999999999998
2023-08-21 09:00:00,709.5999999999999
2023-08-21 10:00:00,710.8999999999999
2023-08-21 11:00:00,709.4999999999999
2023-08-21 12:00:00,709.6999999999999
2023-08-21 13:00:00,707.1999999999999
2023-08-21 14:00:00,709.5999999999999
2023-08-21 15:00:00,706.9999999999999
2023-08-21 16:00:00,707.1999999999999
2023-08-21 23:00:00,706.2999999999998
2023-08-22 08:00:00,719.3999999999999
2023-08-22 09:00:00,720.3999999999999
2023-08-22 10:00:00,721.1999999999999
2023-08-22 11:00:00,723.4999999999999
2023-08-22 12:00:00,724.8999999999999
2023-08-22 13:00:00,724.3999999999999
2023-08-22 14:00:00,718.3999999999999
2023-08-22 15:00:00,720.0999999999999
2023-08-22 16:00:00,719.6999999999999
2023-08-22 23:00:00,720.0999999999999
2023-08-23 08:00:00,722.1999999999999
2023-08-23 09:00:00,720.3999999999999
2023-08-23 11:00:00,719.5999999999999
2023-08-23 12:00:00,715.2999999999998
2023-08-23 13:00:00,715.3999999999999
2023-08-23 14:00:00,717.6999999999999
2023-08-23 15:00:00,725.2999999999998
2023-08-23 16:00:00,725.2999999999998
2023-08-23 23:00:00,724.7999999999998
2023-08-24 08:00:00,732.6999999999999
2023-08-24 09:00:00,731.5999999999999
2023-08-24 10:00:00,729.0999999999999
2023-08-24 11:00:00,728.9999999999999
2023-08-24 12:00:00,726.5999999999999
2023-08-24 13:00:00,724.4999999999999
2023-08-24 14:00:00,718.3999999999999
2023-08-24 15:00:00,708.4999999999999
2023-08-24 16:00:00,707.8999999999999
2023-08-24 23:00:00,708.4999999999999
2023-08-25 08:00:00,707.6999999999999
2023-08-25 09:00:00,707.8999999999999
2023-08-25 10:00:00,706.8999999999999
2023-08-25 11:00:00,708.5999999999999
2023-08-25 12:00:00,706.2999999999998
2023-08-25 13:00:00,707.2999999999998
2023-08-25 14:00:00,706.4999999999999
2023-08-25 15:00:00,700.9999999999999
2023-08-25 16:00:00,700.8999999999999
2023-08-25 23:00:00,703.5999999999999
2023-08-28 08:00:00,711.5999999999999
2023-08-28 09:00:00,711.3999999999999
2023-08-28 10:00:00,710.6999999999999
2023-08-28 11:00:00,709.8999999999999
2023-08-28 12:00:00,711.1999999999999
2023-08-28 13:00:00,713.2999999999998
2023-08-28 14:00:00,714.4999999999999
2023-08-28 15:00:00,715.4999999999999
2023-08-28 16:00:00,714.4999999999999
2023-08-28 23:00:00,716.5999999999999
2023-08-29 08:00:00,714.6999999999999
2023-08-29 09:00:00,715.9999999999999
2023-08-29 10:00:00,717.2999999999998
2023-08-29 11:00:00,716.7999999999998
2023-08-29 12:00:00,716.0999999999999
2023-08-29 13:00:00,714.3999999999999
2023-08-29 14:00:00,717.6999999999999
2023-08-29 15:00:00,723.1999999999999
2023-08-29 16:00:00,723.0999999999999
2023-08-29 23:00:00,723.9999999999999
2023-08-30 08:00:00,721.6999999999999
2023-08-30 09:00:00,719.5999999999999
2023-08-30 10:00:00,717.8999999999999
2023-08-30 11:00:00,719.3999999999999
2023-08-30 13:00:00,722.2999999999998
2023-08-30 14:00:00,721.8999999999999
2023-08-30 15:00:00,719.1999999999999
2023-08-30 16:00:00,722.3999999999999
2023-08-30 23:00:00,721.4999999999999
2023-08-31 08:00:00,723.9999999999999
2023-08-31 09:00:00,723.8999999999999
2023-08-31 10:00:00,723.6999999999999
2023-08-31 11:00:00,724.4999999999999
2023-08-31 12:00:00,725.2999999999998
2023-08-31 13:00:00,726.3999999999999
2023-08-31 14:00:00,724.2999999999998
2023-08-31 15:00:00,725.5999999999999
2023-08-31 16:00:00,724.2999999999998
2023-08-31 23:00:00,723.4999999999999
2023-09-01 08:00:00,725.6999999999999
2023-09-01 09:00:00,724.3999999999999
2023-09-01 10:00:00,725.6999999999999
2023-09-01 11:00:00,724.7999999999998
2023-09-01 12:00:00,724.7999999999998
2023-09-01 13:00:00,726.2999999999998
2023-09-01 14:00:00,721.4999999999999
2023-09-01 15:00:00,722.6999999999999
2023-09-01 16:00:00,722.6999999999999
2023-09-01 23:00:00,721.8999999999999
2023-09-04 08:00:00,729.8999999999999
2023-09-04 09:00:00,731.5999999999999
2023-09-04 10:00:00,732.2999999999998
2023-09-04 11:00:00,731.5999999999999
2023-09-04 12:00:00,729.5999999999999
2023-09-04 13:00:00,728.5999999999999
2023-09-04 15:00:00,725.4999999999999
2023-09-04 16:00:00,725.0999999999999
2023-09-04 23:00:00,724.8999999999999
2023-09-05 08:00:00,721.9999999999999
2023-09-05 09:00:00,722.0999999999999
2023-09-05 10:00:00,721.7999999999998
2023-09-05 11:00:00,721.8999999999999
2023-09-05 12:00:00,723.3999999999999
2023-09-05 13:00:00,725.1999999999999
2023-09-05 14:00:00,724.6999999999999
2023-09-05 15:00:00,726.3999999999999
2023-09-05 16:00:00,725.8999999999999
2023-09-05 23:00:00,726.7999999999998
2023-09-06 08:00:00,722.7999999999998
2023-09-06 09:00:00,725.5999999999999
2023-09-06 10:00:00,726.1999999999999
2023-09-06 12:00:00,724.2999999999998
2023-09-06 14:00:00,729.2999999999998
2023-09-06 15:00:00,724.1999999999999
2023-09-06 16:00:00,722.9999999999999
2023-09-06 23:00:00,724.3999999999999
2023-09-07 08:00:00,718.9999999999999
2023-09-07 09:00:00,716.5999999999999
2023-09-07 10:00:00,718.7999999999998
2023-09-07 11:00:00,716.4999999999999
2023-09-07 12:00:00,714.4999999999999
2023-09-07 13:00:00,711.3999999999999
2023-09-07 15:00:00,710.8999999999999
2023-09-07 16:00:00,710.8999999999999
2023-09-07 23:00:00,710.7999999999998
2023-09-08 08:00:00,715.8999999999999
2023-09-08 09:00:00,707.4999999999999
2023-09-08 10:00:00,705.0999999999999
2023-09-08 11:00:00,709.8999999999999
2023-09-08 12:00:00,709.4999999999999
2023-09-08 13:00:00,709.4999999999999
2023-09-08 14:00:00,709.3999999999999
2023-09-08 15:00:00,708.9999999999999
2023-09-08 16:00:00,709.3999999999999
2023-09-08 23:00:00,710.4999999999999
2023-09-11 08:00:00,713.9999999999999
2023-09-11 09:00:00,713.3999999999999
2023-09-11 14:00:00,710.6999999999999
2023-09-11 15:00:00,706.4999999999999
2023-09-11 16:00:00,705.6999999999999
2023-09-11 23:00:00,706.5999999999999
2023-09-12 08:00:00,704.1999999999999
2023-09-12 09:00:00,700.2999999999998
2023-09-12 10:00:00,699.8999999999999
2023-09-12 11:00:00,700.3999999999999
2023-09-12 12:00:00,697.2999999999998
2023-09-12 13:00:00,699.7999999999998
2023-09-12 14:00:00,703.5999999999999
2023-09-12 15:00:00,700.6999999999999
2023-09-12 16:00:00,701.6999999999999
2023-09-12 16:00:01,701.6999999999999
2023-09-12 23:00:00,701.1999999999999
2023-09-13 13:00:00,697.3
2023-09-13 14:00:00,697.6
2023-09-13 15:00:00,698.0
2023-09-13 16:00:00,698.1
2023-09-13 23:00:00,699.0
2023-09-14 08:00:00,698.6999999999999
2023-09-14 10:00:00,699.6999999999999
2023-09-14 11:00:00,700.8
2023-09-14 14:00:00,701.0
2023-09-14 15:00:00,706.6
2023-09-14 16:00:00,706.9
2023-09-14 23:00:00,707.3
2023-09-15 08:00:00,700.8
2023-09-15 09:00:00,702.9
2023-09-15 11:00:00,704.3
2023-09-15 12:00:00,704.4
2023-09-15 13:00:00,700.6999999999999
2023-09-15 14:00:00,699.9
2023-09-15 15:00:00,696.0
2023-09-15 16:00:00,696.0
2023-09-15 23:00:00,696.6
2023-09-18 08:00:00,691.6
2023-09-18 09:00:00,693.5
2023-09-18 10:00:00,687.9
2023-09-18 11:00:00,687.9
2023-09-18 12:00:00,684.6999999999999
2023-09-18 13:00:00,685.4
2023-09-18 14:00:00,688.6999999999999
2023-09-18 15:00:00,686.1999999999999
2023-09-18 16:00:00,685.9
2023-09-18 19:00:00,687.8
2023-09-18 20:00:00,687.8
2023-09-18 23:00:00,686.6999999999999
2023-09-19 08:00:00,685.9
2023-09-19 09:00:00,687.6
2023-09-19 10:00:00,690.3
2023-09-19 11:00:00,691.5
2023-09-19 12:00:00,691.0
2023-09-19 13:00:00,686.3
2023-09-19 14:00:00,687.6999999999999
2023-09-19 15:00:00,682.4
2023-09-19 16:00:00,682.3
2023-09-19 23:00:00,683.6
2023-09-20 08:00:00,686.4
2023-09-20 09:00:00,690.9
2023-09-20 10:00:00,689.6
2023-09-20 11:00:00,687.6
2023-09-20 12:00:00,687.6
2023-09-20 13:00:00,688.0
2023-09-20 14:00:00,690.5
2023-09-20 15:00:00,688.5
2023-09-20 16:00:00,688.4
2023-09-20 23:00:00,688.3
2023-09-21 08:00:00,683.5
2023-09-21 09:00:00,683.6999999999999
2023-09-21 10:00:00,680.9
2023-09-21 11:00:00,679.3
2023-09-21 12:00:00,679.3
2023-09-21 13:00:00,678.5
2023-09-21 14:00:00,679.8
2023-09-21 15:00:00,680.0
2023-09-21 16:00:00,680.1
2023-09-21 23:00:00,679.1999999999999
2023-09-22 08:00:00,679.4
2023-09-22 09:00:00,678.3
2023-09-22 10:00:00,677.9
2023-09-22 11:00:00,680.3
2023-09-22 12:00:00,680.0
2023-09-22 13:00:00,682.4
2023-09-22 14:00:00,681.6999999999999
2023-09-22 15:00:00,684.1999999999999
2023-09-22 16:00:00,684.1
2023-09-22 17:00:00,682.9
2023-09-22 23:00:00,683.4
2023-09-25 08:00:00,681.6
2023-09-25 09:00:00,673.6999999999999
2023-09-25 10:00:00,674.6999999999999
2023-09-25 11:00:00,675.5
2023-09-25 12:00:00,675.6
2023-09-25 13:00:00,675.3
2023-09-25 14:00:00,677.9
2023-09-25 15:00:00,675.4
2023-09-25 16:00:00,676.4
2023-09-25 23:00:00,679.3
2023-09-26 08:00:00,671.9
2023-09-26 09:00:00,672.4
2023-09-26 10:00:00,670.1999999999999
2023-09-26 11:00:00,667.6999999999999
2023-09-26 12:00:00,670.5
2023-09-26 13:00:00,670.6
2023-09-26 14:00:00,670.5
2023-09-26 15:00:00,668.1
2023-09-26 16:00:00,667.9
2023-09-26 23:00:00,667.1999999999999
2023-09-27 08:00:00,672.1999999999999
2023-09-27 09:00:00,673.8
2023-09-27 11:00:00,672.8
2023-09-27 12:00:00,672.6
2023-09-27 13:00:00,671.9
2023-09-27 14:00:00,673.8
2023-09-27 15:00:00,669.6999999999999
2023-09-27 16:00:00,670.5
2023-09-27 23:00:00,671.4
2023-09-28 08:00:00,668.6999999999999
2023-09-28 09:00:00,664.1
2023-09-28 10:00:00,663.4
2023-09-28 11:00:00,664.6999999999999
2023-09-28 12:00:00,665.6
2023-09-28 13:00:00,666.9
2023-09-28 14:00:00,667.6999999999999
2023-09-28 15:00:00,670.8
2023-09-28 16:00:00,671.1999999999999
2023-09-28 23:00:00,673.1
2023-09-29 08:00:00,685.9
2023-09-29 09:00:00,684.6999999999999
2023-09-29 10:00:00,685.6
2023-09-29 11:00:00,685.4
2023-09-29 12:00:00,685.6
2023-09-29 13:00:00,687.9
2023-09-29 14:00:00,688.0
2023-09-29 15:00:00,683.4
2023-09-29 16:00:00,683.0
2023-09-29 23:00:00,682.4
2023-10-02 08:00:00,683.3
2023-10-02 09:00:00,683.1999999999999
2023-10-02 10:00:00,677.0
2023-10-02 11:00:00,677.5
2023-10-02 12:00:00,678.1
2023-10-02 13:00:00,678.1999999999999
2023-10-02 14:00:00,678.0
2023-10-02 15:00:00,676.0
2023-10-02 16:00:00,676.6
2023-10-02 23:00:00,679.4
2023-10-03 08:00:00,676.9
2023-10-03 09:00:00,677.6999999999999
2023-10-03 10:00:00,674.9
2023-10-03 11:00:00,674.1999999999999
2023-10-03 12:00:00,672.0
2023-10-03 13:00:00,671.8
2023-10-03 14:00:00,674.4
2023-10-03 15:00:00,670.1
2023-10-03 16:00:00,669.1999999999999
2023-10-03 23:00:00,670.1999999999999
2023-10-04 08:00:00,667.3
2023-10-04 09:00:00,670.6
2023-10-04 10:00:00,674.1
2023-10-04 11:00:00,672.1999999999999
2023-10-04 12:00:00,672.8
2023-10-04 13:00:00,676.3
2023-10-04 14:00:00,677.9
2023-10-04 15:00:00,675.1999999999999
2023-10-04 16:00:00,675.0
2023-10-04 23:00:00,678.1
2023-10-05 08:00:00,681.3
2023-10-05 09:00:00,681.4
2023-10-05 10:00:00,680.0
2023-10-05 11:00:00,681.8
2023-10-05 12:00:00,680.8
2023-10-05 13:00:00,678.3
2023-10-05 14:00:00,678.0
2023-10-05 15:00:00,673.0
2023-10-05 16:00:00,673.0
2023-10-05 23:00:00,672.6
2023-10-06 08:00:00,679.3
2023-10-06 09:00:00,678.1999999999999
2023-10-06 10:00:00,680.3
2023-10-06 11:00:00,682.1
2023-10-06 12:00:00,681.5
2023-10-06 13:00:00,673.6
2023-10-06 14:00:00,675.6999999999999
2023-10-06 15:00:00,682.0
2023-10-06 16:00:00,682.1
2023-10-06 23:00:00,684.0
2023-10-09 08:00:00,681.0
2023-10-09 09:00:00,682.6
2023-10-09 10:00:00,682.5
2023-10-09 11:00:00,680.9
2023-10-09 12:00:00,679.1
2023-10-09 13:00:00,677.9
2023-10-09 14:00:00,679.3
2023-10-09 15:00:00,676.5
2023-10-09 16:00:00,676.3
2023-10-09 23:00:00,676.8
2023-10-10 08:00:00,687.1
2023-10-10 09:00:00,688.1
2023-10-10 10:00:00,688.0
2023-10-10 11:00:00,689.1999999999999
2023-10-10 12:00:00,686.8
2023-10-10 13:00:00,688.1999999999999
2023-10-10 14:00:00,690.5
2023-10-10 15:00:00,693.0
2023-10-10 16:00:00,693.6999999999999
2023-10-10 23:00:00,694.3
2023-10-11 08:00:00,691.6
2023-10-11 09:00:00,691.6999999999999
2023-10-11 10:00:00,691.3
2023-10-11 11:00:00,691.4
2023-10-11 12:00:00,692.6
2023-10-11 13:00:00,691.8
2023-10-11 14:00:00,693.3
2023-10-11 15:00:00,694.1
2023-10-11 16:00:00,694.1999999999999
2023-10-11 23:00:00,693.8
2023-10-12 08:00:00,696.1999999999999
2023-10-12 09:00:00,698.4
2023-10-12 10:00:00,700.0
2023-10-12 11:00:00,700.0
2023-10-12 12:00:00,699.5
2023-10-12 13:00:00,698.3
2023-10-12 14:00:00,698.6999999999999
2023-10-12 15:00:00,701.8
2023-10-12 16:00:00,701.6
2023-10-12 23:00:00,701.6999999999999
2023-10-13 08:00:00,696.8
2023-10-13 09:00:00,694.9
2023-10-13 10:00:00,690.9
2023-10-13 11:00:00,692.6
2023-10-13 12:00:00,693.0
2023-10-13 13:00:00,694.3
2023-10-13 14:00:00,690.5
2023-10-13 15:00:00,684.9
2023-10-13 16:00:00,683.6999999999999
2023-10-13 18:00:00,683.1
2023-10-13 23:00:00,683.4
2023-10-16 07:00:00,683.5
2023-10-16 08:00:00,680.6
2023-10-16 09:00:00,681.3
2023-10-16 10:00:00,681.6999999999999
2023-10-16 11:00:00,680.1
2023-10-16 12:00:00,682.3
2023-10-16 13:00:00,681.5
2023-10-16 14:00:00,681.5
2023-10-16 15:00:00,685.8
2023-10-16 16:00:00,684.8
2023-10-16 23:00:00,683.1999999999999
2023-10-17 08:00:00,685.8
2023-10-17 09:00:00,682.0
2023-10-17 10:00:00,682.6
2023-10-17 11:00:00,680.1999999999999
2023-10-17 12:00:00,679.1999999999999
2023-10-17 13:00:00,672.1
2023-10-17 14:00:00,672.0
2023-10-17 15:00:00,681.6
2023-10-17 16:00:00,681.0
2023-10-17 23:00:00,681.6999999999999
2023-10-18 08:00:00,676.1
2023-10-18 09:00:00,680.6999999999999
2023-10-18 10:00:00,676.4
2023-10-18 11:00:00,672.6999999999999
2023-10-18 12:00:00,672.8
2023-10-18 13:00:00,671.3
2023-10-18 14:00:00,671.4
2023-10-18 15:00:00,667.1999999999999
2023-10-18 16:00:00,668.3
2023-10-18 23:00:00,668.8
2023-10-19 08:00:00,675.4
2023-10-19 09:00:00,676.3
2023-10-19 10:00:00,677.8
2023-10-19 11:00:00,680.4
2023-10-19 12:00:00,675.8
2023-10-19 13:00:00,678.3
2023-10-19 14:00:00,673.1
2023-10-19 15:00:00,670.9
2023-10-19 16:00:00,672.9
2023-10-19 23:00:00,670.6999999999999
2023-10-20 08:00:00,663.9
2023-10-20 09:00:00,664.8
2023-10-20 10:00:00,662.4
2023-10-20 11:00:00,663.9
2023-10-20 12:00:00,664.1
2023-10-20 14:00:00,664.9
2023-10-20 15:00:00,656.0
2023-10-20 16:00:00,657.5
2023-10-20 23:00:00,656.3
2023-10-23 08:00:00,653.4
2023-10-23 09:00:00,653.3
2023-10-23 10:00:00,648.1999999999999
2023-10-23 11:00:00,649.6999999999999
2023-10-23 12:00:00,650.9
2023-10-23 13:00:00,651.4
2023-10-23 14:00:00,650.0
2023-10-23 15:00:00,655.0
2023-10-23 16:00:00,657.3
2023-10-23 23:00:00,657.5
2023-10-24 08:00:00,656.8
2023-10-24 09:00:00,658.1999999999999
2023-10-24 10:00:00,661.3
2023-10-24 11:00:00,661.6999999999999
2023-10-24 12:00:00,660.1999999999999
2023-10-24 14:00:00,660.5
2023-10-24 15:00:00,666.9
2023-10-24 16:00:00,663.9
2023-10-24 17:00:00,666.6999999999999
2023-10-24 23:00:00,665.5
2023-10-25 08:00:00,665.0
2023-10-25 09:00:00,667.8
2023-10-25 10:00:00,666.8
2023-10-25 12:00:00,670.6999999999999
2023-10-25 13:00:00,669.8
2023-10-25 14:00:00,666.3
2023-10-25 15:00:00,667.6
2023-10-25 16:00:00,667.9
2023-10-25 23:00:00,666.8
2023-10-26 08:00:00,661.0
2023-10-26 09:00:00,664.0
2023-10-26 10:00:00,669.1
2023-10-26 11:00:00,669.1
2023-10-26 12:00:00,667.0
2023-10-26 13:00:00,669.6999999999999
2023-10-26 14:00:00,671.4
2023-10-26 15:00:00,671.1
2023-10-26 16:00:00,667.6
2023-10-26 23:00:00,667.6
2023-10-27 08:00:00,665.5
2023-10-27 09:00:00,668.4
2023-10-27 10:00:00,666.6999999999999
2023-10-27 11:00:00,666.1999999999999
2023-10-27 12:00:00,663.9
2023-10-27 13:00:00,665.6
2023-10-27 14:00:00,665.4
2023-10-27 15:00:00,662.6
2023-10-27 16:00:00,662.8
2023-10-27 23:00:00,665.4
2023-10-30 08:00:00,668.1
2023-10-30 09:00:00,668.1999999999999
2023-10-30 11:00:00,670.0
2023-10-30 12:00:00,667.4
2023-10-30 13:00:00,663.4
2023-10-30 14:00:00,659.6
2023-10-30 15:00:00,660.0
2023-10-30 16:00:00,659.5
2023-10-30 23:00:00,659.5
2023-10-31 08:00:00,662.1
2023-10-31 09:00:00,664.1999999999999
2023-10-31 11:00:00,667.1
2023-10-31 13:00:00,665.4
2023-10-31 14:00:00,668.6
2023-10-31 15:00:00,667.8
2023-10-31 16:00:00,667.6999999999999
2023-10-31 23:00:00,667.6999999999999
2023-11-01 08:00:00,667.6
2023-11-01 09:00:00,667.1
2023-11-01 10:00:00,666.3
2023-11-01 11:00:00,665.1999999999999
2023-11-01 12:00:00,670.3
2023-11-01 13:00:00,673.6999999999999
2023-11-01 14:00:00,676.3
2023-11-01 15:00:00,673.4
2023-11-01 16:00:00,673.4
2023-11-01 23:00:00,673.4
2023-11-02 08:00:00,688.8
2023-11-02 09:00:00,693.0
2023-11-02 10:00:00,695.0
2023-11-02 11:00:00,698.1999999999999
2023-11-02 12:00:00,698.4
2023-11-02 13:00:00,693.3
2023-11-02 14:00:00,694.6999999999999
2023-11-02 15:00:00,692.6
2023-11-02 16:00:00,691.8
2023-11-02 23:00:00,691.5
2023-11-03 08:00:00,694.3
2023-11-03 09:00:00,692.6999999999999
2023-11-03 10:00:00,692.9
2023-11-03 11:00:00,691.4
2023-11-03 12:00:00,697.9
2023-11-03 13:00:00,698.9
2023-11-03 15:00:00,698.3
2023-11-03 16:00:00,697.6999999999999
2023-11-03 23:00:00,698.4
2023-11-06 08:00:00,701.1
2023-11-06 09:00:00,697.4
2023-11-06 10:00:00,697.1999999999999
2023-11-06 11:00:00,697.0
2023-11-06 12:00:00,698.1999999999999
2023-11-06 15:00:00,695.9
2023-11-06 16:00:00,695.3
2023-11-06 23:00:00,694.9
2023-11-07 08:00:00,700.6999999999999
2023-11-07 09:00:00,698.1
2023-11-07 10:00:00,701.1
2023-11-07 11:00:00,699.0
2023-11-07 12:00:00,700.3
2023-11-07 13:00:00,700.3
2023-11-07 14:00:00,704.6999999999999
2023-11-07 15:00:00,707.1
2023-11-07 16:00:00,704.5
2023-11-07 23:00:00,704.6
2023-11-08 08:00:00,702.6999999999999
2023-11-08 09:00:00,699.8
2023-11-08 10:00:00,702.3
2023-11-08 11:00:00,702.9
2023-11-08 12:00:00,703.5
2023-11-08 13:00:00,705.1
2023-11-08 14:00:00,707.6999999999999
2023-11-08 15:00:00,705.8
2023-11-08 16:00:00,705.8
2023-11-08 23:00:00,706.3
2023-11-09 08:00:00,705.8
2023-11-09 09:00:00,707.4
2023-11-09 10:00:00,709.5
2023-11-09 11:00:00,709.1
2023-11-09 12:00:00,710.3
2023-11-09 13:00:00,710.5
2023-11-09 14:00:00,715.6
2023-11-09 15:00:00,713.8
2023-11-09 16:00:00,714.0
2023-11-09 23:00:00,714.3
2023-11-10 08:00:00,706.8
2023-11-10 09:00:00,706.5
2023-11-10 10:00:00,705.1999999999999
2023-11-10 11:00:00,704.9
2023-11-10 12:00:00,707.6
2023-11-10 13:00:00,709.1
2023-11-10 14:00:00,710.5
2023-11-10 15:00:00,710.0
2023-11-10 16:00:00,711.3
2023-11-10 23:00:00,712.1999999999999
2023-11-13 08:00:00,716.1999999999999
2023-11-13 09:00:00,719.5
2023-11-13 10:00:00,718.9
2023-11-13 11:00:00,716.9
2023-11-13 12:00:00,714.6999999999999
2023-11-13 13:00:00,714.9
2023-11-13 14:00:00,713.8
2023-11-13 15:00:00,716.6
2023-11-13 16:00:00,716.0
2023-11-13 23:00:00,717.3
2023-11-14 08:00:00,719.4
2023-11-14 09:00:00,720.1999999999999
2023-11-14 10:00:00,720.8
2023-11-14 11:00:00,719.6
2023-11-14 12:00:00,720.0
2023-11-14 13:00:00,731.6
2023-11-14 14:00:00,729.6
2023-11-14 15:00:00,731.5
2023-11-14 16:00:00,731.5
2023-11-14 23:00:00,730.9
2023-11-15 08:00:00,742.6
2023-11-15 09:00:00,742.4
2023-11-15 10:00:00,743.8
2023-11-15 11:00:00,745.0
2023-11-15 12:00:00,744.1
2023-11-15 13:00:00,742.1999999999999
2023-11-15 14:00:00,742.1999999999999
2023-11-15 15:00:00,744.6999999999999
2023-11-15 16:00:00,745.1
2023-11-15 23:00:00,744.1999999999999
2023-11-16 08:00:00,742.8
2023-11-16 09:00:00,742.5
2023-11-16 10:00:00,743.8
2023-11-16 11:00:00,741.6
2023-11-16 12:00:00,740.8
2023-11-16 13:00:00,741.9
2023-11-16 14:00:00,744.6999999999999
2023-11-16 15:00:00,741.8
2023-11-16 16:00:00,741.3
2023-11-16 23:00:00,741.3
2023-11-17 08:00:00,742.5
2023-11-17 09:00:00,743.9
2023-11-17 10:00:00,746.4
2023-11-17 11:00:00,746.0
2023-11-17 12:00:00,746.3
2023-11-17 13:00:00,746.1999999999999
2023-11-17 14:00:00,745.5
2023-11-17 15:00:00,744.9
2023-11-17 16:00:00,745.1
2023-11-17 23:00:00,744.6999999999999
2023-11-20 08:00:00,745.4
2023-11-20 09:00:00,747.8
2023-11-20 10:00:00,747.1
2023-11-20 11:00:00,747.0
2023-11-20 12:00:00,746.4
2023-11-20 13:00:00,747.8
2023-11-20 14:00:00,748.6999999999999
2023-11-20 15:00:00,749.6
2023-11-20 16:00:00,749.6999999999999
2023-11-20 23:00:00,749.9
2023-11-21 08:00:00,752.1999999999999
2023-11-21 09:00:00,751.1999999999999
2023-11-21 10:00:00,752.9
2023-11-21 11:00:00,752.8
2023-11-21 12:00:00,752.1
2023-11-21 13:00:00,750.3
2023-11-21 14:00:00,749.1
2023-11-21 15:00:00,745.1999999999999
2023-11-21 16:00:00,744.6999999999999
2023-11-21 23:00:00,745.3
2023-11-22 08:00:00,746.9
2023-11-22 09:00:00,748.1999999999999
2023-11-22 10:00:00,751.1
2023-11-22 11:00:00,751.0
2023-11-22 12:00:00,751.3
2023-11-22 13:00:00,753.8
2023-11-22 14:00:00,752.9
2023-11-22 15:00:00,752.8
2023-11-22 16:00:00,753.6999999999999
2023-11-22 23:00:00,753.4
2023-11-23 08:00:00,751.9
2023-11-23 09:00:00,752.6
2023-11-23 10:00:00,750.6
2023-11-23 11:00:00,751.6
2023-11-23 12:00:00,750.1
2023-11-23 13:00:00,751.5
2023-11-23 14:00:00,751.6
2023-11-23 15:00:00,752.9
2023-11-23 16:00:00,752.8
2023-11-23 23:00:00,753.1999999999999
2023-11-24 08:00:00,750.1999999999999
2023-11-24 09:00:00,751.9
2023-11-24 10:00:00,752.6
2023-11-24 11:00:00,752.1
2023-11-24 12:00:00,751.9
2023-11-24 13:00:00,752.4
2023-11-24 14:00:00,751.6
2023-11-24 15:00:00,751.6
2023-11-24 16:00:00,751.8
2023-11-24 23:00:00,752.1999999999999
2023-11-27 08:00:00,754.5
2023-11-27 09:00:00,752.5
2023-11-27 10:00:00,753.8
2023-11-27 11:00:00,753.6999999999999
2023-11-27 12:00:00,753.5
2023-11-27 13:00:00,753.0
2023-11-27 14:00:00,751.4
2023-11-27 15:00:00,752.0
2023-11-27 16:00:00,751.1
2023-11-27 23:00:00,751.5
2023-11-28 08:00:00,748.9
2023-11-28 09:00:00,749.0
2023-11-28 10:00:00,750.1
2023-11-28 11:00:00,749.4
2023-11-28 12:00:00,749.1
2023-11-28 14:00:00,747.6999999999999
2023-11-28 15:00:00,749.5
2023-11-28 16:00:00,749.3
2023-11-28 23:00:00,749.4
2023-11-29 08:00:00,758.6
2023-11-29 09:00:00,760.8
2023-11-29 10:00:00,760.8
2023-11-29 11:00:00,761.0
2023-11-29 12:00:00,760.5
2023-11-29 13:00:00,761.8
2023-11-29 14:00:00,762.3
2023-11-29 15:00:00,764.5
2023-11-29 16:00:00,763.1999999999999
2023-11-29 23:00:00,761.9
2023-11-30 08:00:00,761.5
2023-11-30 09:00:00,762.6
2023-11-30 10:00:00,764.4
2023-11-30 11:00:00,764.1999999999999
2023-11-30 12:00:00,764.8
2023-11-30 13:00:00,765.8
2023-11-30 14:00:00,762.0
2023-11-30 15:00:00,760.5
2023-11-30 16:00:00,760.1999999999999
2023-11-30 23:00:00,760.3
2023-12-01 08:00:00,767.4
2023-12-01 09:00:00,768.6
2023-12-01 10:00:00,768.6999999999999
2023-12-01 11:00:00,768.4
2023-12-01 12:00:00,767.4
2023-12-01 13:00:00,766.4
2023-12-01 14:00:00,765.6999999999999
2023-12-01 15:00:00,767.6999999999999
2023-12-01 16:00:00,767.4
2023-12-01 23:00:00,768.6
2023-12-04 08:00:00,771.8
2023-12-04 09:00:00,769.6999999999999
2023-12-04 10:00:00,769.0
2023-12-04 11:00:00,769.5
2023-12-04 12:00:00,769.4
2023-12-04 13:00:00,768.5
2023-12-04 14:00:00,766.8
2023-12-04 15:00:00,762.3
2023-12-04 16:00:00,762.1999999999999
2023-12-04 23:00:00,763.1
2023-12-05 08:00:00,762.1999999999999
2023-12-05 09:00:00,764.4
2023-12-05 10:00:00,764.6999999999999
2023-12-05 11:00:00,765.8
2023-12-05 12:00:00,766.1
2023-12-05 13:00:00,767.6
2023-12-05 14:00:00,767.6999999999999
2023-12-05 15:00:00,770.5
2023-12-05 16:00:00,770.9
2023-12-05 23:00:00,769.3
2023-12-06 08:00:00,775.6
2023-12-06 09:00:00,774.1
2023-12-06 10:00:00,773.9
2023-12-06 11:00:00,774.5
2023-12-06 12:00:00,773.6999999999999
2023-12-06 13:00:00,777.3
2023-12-06 14:00:00,776.9
2023-12-06 15:00:00,777.9
2023-12-06 16:00:00,777.9
2023-12-06 23:00:00,777.4
2023-12-07 08:00:00,771.6999999999999
2023-12-07 09:00:00,773.0
2023-12-07 10:00:00,773.3
2023-12-07 11:00:00,773.8
2023-12-07 12:00:00,773.4
2023-12-07 13:00:00,772.8
2023-12-07 14:00:00,771.6
2023-12-07 15:00:00,775.0
2023-12-07 16:00:00,775.4
2023-12-07 23:00:00,774.6
2023-12-08 08:00:00,778.9
2023-12-08 09:00:00,779.8
2023-12-08 10:00:00,779.3
2023-12-08 11:00:00,778.9
2023-12-08 12:00:00,778.5
2023-12-08 13:00:00,779.5
2023-12-08 14:00:00,782.1999999999999
2023-12-08 15:00:00,784.4
2023-12-08 16:00:00,783.9
2023-12-08 19:00:00,782.5
2023-12-08 23:00:00,781.9
2023-12-11 08:00:00,782.6999999999999
2023-12-11 09:00:00,783.5
2023-12-11 10:00:00,781.9
2023-12-11 11:00:00,782.9
2023-12-11 12:00:00,784.5
2023-12-11 13:00:00,783.8
2023-12-11 14:00:00,785.1999999999999
2023-12-11 15:00:00,787.3
2023-12-11 16:00:00,786.1
2023-12-11 23:00:00,786.9
2023-12-12 08:00:00,789.3
2023-12-12 09:00:00,789.8
2023-12-12 10:00:00,788.1999999999999
2023-12-12 11:00:00,787.6999999999999
2023-12-12 12:00:00,787.1999999999999
2023-12-12 13:00:00,788.1999999999999
2023-12-12 14:00:00,787.5
2023-12-12 15:00:00,790.1
2023-12-12 16:00:00,789.6
2023-12-12 16:00:01,789.6
2023-12-12 23:00:00,788.5
2023-12-13 08:00:00,791.8000000000001
2023-12-13 09:00:00,794.0
2023-12-13 16:00:00,788.0
2023-12-13 19:00:00,793.3000000000001
2023-12-13 23:00:00,788.3000000000001
2023-12-14 08:00:00,802.5
2023-12-14 09:00:00,800.0
2023-12-14 10:00:00,802.4000000000001
2023-12-14 11:00:00,797.9000000000001
2023-12-14 12:00:00,798.5
2023-12-14 13:00:00,798.8000000000001
2023-12-14 14:00:00,795.7
2023-12-14 15:00:00,795.4000000000001
2023-12-14 16:00:00,795.3000000000001
2023-12-14 23:00:00,795.1
2023-12-15 08:00:00,799.8000000000001
2023-12-15 09:00:00,800.2
2023-12-15 10:00:00,802.5
2023-12-15 11:00:00,801.5
2023-12-15 12:00:00,801.3000000000001
2023-12-15 13:00:00,800.3000000000001
2023-12-15 14:00:00,800.7
2023-12-15 15:00:00,804.0
2023-12-15 16:00:00,803.2
2023-12-15 23:00:00,803.6
2023-12-18 08:00:00,800.5
2023-12-18 09:00:00,798.3000000000001
2023-12-18 10:00:00,798.0
2023-12-18 11:00:00,795.8000000000001
2023-12-18 12:00:00,795.9000000000001
2023-12-18 13:00:00,795.1
2023-12-18 14:00:00,790.7
2023-12-18 15:00:00,787.5
2023-12-18 16:00:00,786.7
2023-12-18 23:00:00,788.4000000000001
2023-12-19 08:00:00,793.0
2023-12-19 09:00:00,794.0
2023-12-19 10:00:00,793.7
2023-12-19 11:00:00,792.2
2023-12-19 12:00:00,793.4000000000001
2023-12-19 13:00:00,792.8000000000001
2023-12-19 14:00:00,791.3000000000001
2023-12-19 15:00:00,791.7
2023-12-19 16:00:00,791.6
2023-12-19 23:00:00,792.1
2023-12-20 08:00:00,787.8000000000001
2023-12-20 09:00:00,786.9000000000001
2023-12-20 10:00:00,786.6
2023-12-20 11:00:00,788.0
2023-12-20 12:00:00,787.6
2023-12-20 13:00:00,788.9000000000001
2023-12-20 14:00:00,786.4000000000001
2023-12-20 15:00:00,788.1
2023-12-20 16:00:00,788.1
2023-12-20 23:00:00,789.2
2023-12-21 08:00:00,784.5
2023-12-21 10:00:00,781.3000000000001
2023-12-21 11:00:00,781.6
2023-12-21 12:00:00,782.9000000000001
2023-12-21 13:00:00,786.0
2023-12-21 14:00:00,785.4000000000001
2023-12-21 15:00:00,786.0
2023-12-21 16:00:00,787.2
2023-12-21 17:00:00,784.2
2023-12-21 23:00:00,787.2
2023-12-22 07:00:00,782.3000000000001
2023-12-22 08:00:00,777.7
2023-12-22 09:00:00,776.2
2023-12-22 10:00:00,775.8000000000001
2023-12-22 11:00:00,775.1
2023-12-22 12:00:00,777.2
2023-12-22 13:00:00,778.7
2023-12-22 14:00:00,780.4000000000001
2023-12-22 15:00:00,782.3000000000001
2023-12-22 16:00:00,781.0
2023-12-22 23:00:00,781.8000000000001
2023-12-27 08:00:00,786.1
2023-12-27 09:00:00,785.4000000000001
2023-12-27 10:00:00,787.9000000000001
2023-12-27 11:00:00,788.5
2023-12-27 12:00:00,787.2
2023-12-27 13:00:00,788.9000000000001
2023-12-27 14:00:00,787.0
2023-12-27 15:00:00,785.3000000000001
2023-12-27 16:00:00,785.2
2023-12-27 23:00:00,785.8000000000001
2023-12-28 08:00:00,786.3000000000001
2023-12-28 09:00:00,786.0
2023-12-28 10:00:00,785.7
2023-12-28 11:00:00,785.8000000000001
2023-12-28 12:00:00,784.3000000000001
2023-12-28 13:00:00,785.1
2023-12-28 14:00:00,784.7
2023-12-28 15:00:00,785.8000000000001
2023-12-28 16:00:00,785.5
2023-12-28 23:00:00,785.5
2023-12-29 08:00:00,786.4000000000001
2023-12-29 09:00:00,787.2
2023-12-29 10:00:00,786.4000000000001
2023-12-29 12:00:00,786.4000000000001
2023-12-29 13:00:00,786.4000000000001
2023-12-29 14:00:00,786.5
2023-12-29 15:00:00,784.6
2023-12-29 16:00:00,784.1
2023-12-29 23:00:00,782.6
2024-01-02 08:00:00,787.4000000000001
2024-01-02 09:00:00,781.3000000000001
2024-01-02 10:00:00,779.0
2024-01-02 11:00:00,775.5
2024-01-02 12:00:00,771.6
2024-01-02 13:00:00,770.1
2024-01-02 14:00:00,770.0
2024-01-02 15:00:00,768.0
2024-01-02 16:00:00,770.1
2024-01-02 23:00:00,769.4000000000001
2024-01-03 08:00:00,761.9000000000001
2024-01-03 09:00:00,757.9000000000001
2024-01-03 10:00:00,760.5
2024-01-03 11:00:00,758.2
2024-01-03 12:00:00,757.2
2024-01-03 13:00:00,755.7
2024-01-03 14:00:00,754.6
2024-01-03 15:00:00,754.7
2024-01-03 16:00:00,755.1
2024-01-03 23:00:00,755.2
2024-01-04 08:00:00,754.0
2024-01-04 09:00:00,757.1
2024-01-04 10:00:00,755.0
2024-01-04 11:00:00,749.5
2024-01-04 12:00:00,747.8000000000001
2024-01-04 13:00:00,745.7
2024-01-04 14:00:00,744.3000000000001
2024-01-04 15:00:00,750.9000000000001
2024-01-04 16:00:00,752.2
2024-01-04 23:00:00,752.6
2024-01-05 08:00:00,746.2
2024-01-05 09:00:00,743.6
2024-01-05 10:00:00,742.7
2024-01-05 11:00:00,743.8000000000001
2024-01-05 12:00:00,744.1
2024-01-05 13:00:00,743.6
2024-01-05 14:00:00,748.3000000000001
2024-01-05 15:00:00,751.9000000000001
2024-01-05 16:00:00,750.5
2024-01-05 23:00:00,750.5
2024-01-08 08:00:00,752.3000000000001
2024-01-08 09:00:00,749.8000000000001
2024-01-08 10:00:00,749.5
2024-01-08 11:00:00,750.7
2024-01-08 12:00:00,751.2
2024-01-08 13:00:00,753.3000000000001
2024-01-08 14:00:00,758.9000000000001
2024-01-08 15:00:00,759.0
2024-01-08 16:00:00,758.5
2024-01-08 23:00:00,758.8000000000001
2024-01-09 08:00:00,753.2
2024-01-09 09:00:00,752.4000000000001
2024-01-09 10:00:00,753.0
2024-01-09 11:00:00,751.2
2024-01-09 12:00:00,751.2
2024-01-09 13:00:00,749.8000000000001
2024-01-09 14:00:00,754.9000000000001
2024-01-09 15:00:00,756.7
2024-01-09 16:00:00,757.0
2024-01-09 23:00:00,757.6
2024-01-10 08:00:00,757.7
2024-01-10 09:00:00,758.9000000000001
2024-01-10 10:00:00,757.5
2024-01-10 11:00:00,757.1
2024-01-10 12:00:00,756.8000000000001
2024-01-10 13:00:00,756.0
2024-01-10 14:00:00,754.1
2024-01-10 15:00:00,756.8000000000001
2024-01-10 16:00:00,756.5
2024-01-10 23:00:00,756.4000000000001
2024-01-11 07:00:00,763.0
2024-01-11 08:00:00,764.8000000000001
2024-01-11 09:00:00,763.3000000000001
2024-01-11 10:00:00,759.8000000000001
2024-01-11 11:00:00,762.4000000000001
2024-01-11 12:00:00,761.1
2024-01-11 13:00:00,756.8000000000001
2024-01-11 14:00:00,762.5
2024-01-11 15:00:00,756.1
2024-01-11 16:00:00,756.0
2024-01-11 23:00:00,754.2
2024-01-12 08:00:00,764.0
2024-01-12 09:00:00,762.5
2024-01-12 10:00:00,761.0
2024-01-12 11:00:00,759.5
2024-01-12 12:00:00,759.0
2024-01-12 13:00:00,760.4000000000001
2024-01-12 14:00:00,760.8000000000001
2024-01-12 15:00:00,760.9000000000001
2024-01-12 16:00:00,760.9000000000001
2024-01-12 23:00:00,761.7
2024-01-15 08:00:00,761.8000000000001
2024-01-15 09:00:00,760.7
2024-01-15 10:00:00,759.9000000000001
2024-01-15 11:00:00,760.3000000000001
2024-01-15 12:00:00,760.0
2024-01-15 13:00:00,760.2
2024-01-15 14:00:00,760.7
2024-01-15 15:00:00,759.7
2024-01-15 16:00:00,758.9000000000001
2024-01-15 23:00:00,759.1
2024-01-16 08:00:00,756.6
2024-01-16 09:00:00,758.9000000000001
2024-01-16 10:00:00,757.2
2024-01-16 11:00:00,757.6
2024-01-16 12:00:00,758.2
2024-01-16 13:00:00,756.9000000000001
2024-01-16 14:00:00,756.0
2024-01-16 15:00:00,759.8000000000001
2024-01-16 16:00:00,759.3000000000001
2024-01-16 23:00:00,760.3000000000001
2024-01-17 08:00:00,754.7
2024-01-17 09:00:00,754.6
2024-01-17 10:00:00,754.0
2024-01-17 11:00:00,755.9000000000001
2024-01-17 13:00:00,752.8000000000001
2024-01-17 14:00:00,749.4000000000001
2024-01-17 15:00:00,751.4000000000001
2024-01-17 16:00:00,754.1
2024-01-17 20:00:00,757.0
2024-01-17 23:00:00,754.5
2024-01-18 08:00:00,762.8000000000001
2024-01-18 09:00:00,764.7
2024-01-18 10:00:00,764.3000000000001
2024-01-18 11:00:00,768.2
2024-01-18 12:00:00,771.5
2024-01-18 13:00:00,770.8000000000001
2024-01-18 14:00:00,774.3000000000001
2024-01-18 15:00:00,774.1
2024-01-18 16:00:00,774.2
2024-01-18 23:00:00,776.1
2024-01-19 08:00:00,781.0
2024-01-19 09:00:00,780.7
2024-01-19 10:00:00,781.4000000000001
2024-01-19 11:00:00,782.7
2024-01-19 12:00:00,781.3000000000001
2024-01-19 13:00:00,782.5
2024-01-19 14:00:00,781.8000000000001
2024-01-19 15:00:00,781.3000000000001
2024-01-19 16:00:00,781.2
2024-01-19 17:00:00,783.3000000000001
2024-01-19 23:00:00,781.8000000000001
2024-01-22 08:00:00,791.8000000000001
2024-01-22 09:00:00,792.7
2024-01-22 11:00:00,793.9000000000001
2024-01-22 12:00:00,795.3000000000001
2024-01-22 13:00:00,794.3000000000001
2024-01-22 14:00:00,798.6
2024-01-22 15:00:00,795.0
2024-01-22 16:00:00,795.6
2024-01-22 23:00:00,797.0
2024-01-23 08:00:00,791.1
2024-01-23 09:00:00,790.7
2024-01-23 10:00:00,790.2
2024-01-23 11:00:00,792.5
2024-01-23 12:00:00,793.7
2024-01-23 13:00:00,794.5
2024-01-23 14:00:00,794.0
2024-01-23 15:00:00,797.1
2024-01-23 16:00:00,797.9000000000001
2024-01-23 23:00:00,797.0
2024-01-24 08:00:00,822.7
2024-01-24 09:00:00,823.6
2024-01-24 10:00:00,824.4000000000001
2024-01-24 11:00:00,824.5
2024-01-24 12:00:00,827.3000000000001
2024-01-24 13:00:00,826.6
2024-01-24 14:00:00,830.2
2024-01-24 15:00:00,835.8000000000001
2024-01-24 16:00:00,834.2
2024-01-24 23:00:00,833.4000000000001
2024-01-25 08:00:00,834.7
2024-01-25 09:00:00,834.9000000000001
2024-01-25 10:00:00,834.6
2024-01-25 11:00:00,835.9000000000001
2024-01-25 12:00:00,836.0
2024-01-25 13:00:00,842.5
2024-01-25 14:00:00,846.2
2024-01-25 15:00:00,848.6
2024-01-25 16:00:00,848.5
2024-01-25 23:00:00,848.2
2024-01-26 08:00:00,835.6
2024-01-26 09:00:00,838.3000000000001
2024-01-26 10:00:00,838.7
2024-01-26 11:00:00,841.1
2024-01-26 12:00:00,843.8000000000001
2024-01-26 13:00:00,842.1
2024-01-26 14:00:00,838.1
2024-01-26 15:00:00,843.1
2024-01-26 16:00:00,842.3000000000001
2024-01-26 18:00:00,837.2
2024-01-26 23:00:00,842.7
2024-01-29 08:00:00,841.7
2024-01-29 09:00:00,840.2
2024-01-29 10:00:00,839.6
2024-01-29 11:00:00,839.8000000000001
2024-01-29 12:00:00,840.2
2024-01-29 13:00:00,840.8000000000001
2024-01-29 14:00:00,842.4000000000001
2024-01-29 15:00:00,842.0
2024-01-29 16:00:00,842.3000000000001
2024-01-29 23:00:00,842.7
2024-01-30 08:00:00,846.7
2024-01-30 09:00:00,847.5
2024-01-30 10:00:00,848.0
2024-01-30 11:00:00,848.3000000000001
2024-01-30 12:00:00,847.2
2024-01-30 13:00:00,847.1
2024-01-30 14:00:00,845.9000000000001
2024-01-30 15:00:00,842.9000000000001
2024-01-30 16:00:00,843.7
2024-01-30 18:00:00,840.2
2024-01-30 23:00:00,843.9000000000001
2024-01-31 07:00:00,837.6
2024-01-31 08:00:00,841.9000000000001
2024-01-31 09:00:00,837.9000000000001
2024-01-31 10:00:00,834.5
2024-01-31 11:00:00,836.5
2024-01-31 12:00:00,838.1
2024-01-31 13:00:00,839.6
2024-01-31 14:00:00,839.5
2024-01-31 15:00:00,837.6
2024-01-31 16:00:00,839.3000000000001
2024-01-31 23:00:00,839.3000000000001
2024-02-01 08:00:00,844.7
2024-02-01 09:00:00,843.2
2024-02-01 10:00:00,842.7
2024-02-01 11:00:00,843.4000000000001
2024-02-01 12:00:00,845.6
2024-02-01 13:00:00,845.7
2024-02-01 14:00:00,842.1
2024-02-01 15:00:00,839.2
2024-02-01 16:00:00,840.2
2024-02-01 23:00:00,839.6
2024-02-02 08:00:00,847.5
2024-02-02 09:00:00,847.6
2024-02-02 10:00:00,845.6
2024-02-02 11:00:00,845.9000000000001
2024-02-02 12:00:00,845.8000000000001
2024-02-02 13:00:00,839.2
2024-02-02 14:00:00,843.9000000000001
2024-02-02 15:00:00,844.2
2024-02-02 16:00:00,843.8000000000001
2024-02-02 23:00:00,842.9000000000001
2024-02-05 08:00:00,843.2
2024-02-05 09:00:00,842.6
2024-02-05 10:00:00,844.5
2024-02-05 11:00:00,845.9000000000001
2024-02-05 12:00:00,845.7
2024-02-05 13:00:00,843.3000000000001
2024-02-05 14:00:00,849.3000000000001
2024-02-05 15:00:00,845.3000000000001
2024-02-05 16:00:00,846.7
2024-02-05 19:00:00,853.2
2024-02-05 23:00:00,846.5
2024-02-06 08:00:00,855.9000000000001
2024-02-06 09:00:00,855.3000000000001
2024-02-06 10:00:00,851.3000000000001
2024-02-06 11:00:00,849.8000000000001
2024-02-06 12:00:00,849.9000000000001
2024-02-06 13:00:00,853.6
2024-02-06 14:00:00,853.1
2024-02-06 15:00:00,855.4000000000001
2024-02-06 16:00:00,855.4000000000001
2024-02-06 23:00:00,855.1
2024-02-07 08:00:00,856.6
2024-02-07 09:00:00,856.2
2024-02-07 10:00:00,855.1
2024-02-07 11:00:00,856.0
2024-02-07 12:00:00,857.7
2024-02-07 13:00:00,856.3000000000001
2024-02-07 14:00:00,858.8000000000001
2024-02-07 15:00:00,861.9000000000001
2024-02-07 16:00:00,861.0
2024-02-07 23:00:00,861.0
2024-02-08 08:00:00,865.0
2024-02-08 09:00:00,865.3000000000001
2024-02-08 10:00:00,863.5
2024-02-08 11:00:00,864.1
2024-02-08 12:00:00,866.0
2024-02-08 13:00:00,865.1
2024-02-08 14:00:00,867.9000000000001
2024-02-08 15:00:00,867.4000000000001
2024-02-08 16:00:00,867.4000000000001
2024-02-08 23:00:00,866.9000000000001
2024-02-09 08:00:00,873.0
2024-02-09 09:00:00,873.6
2024-02-09 10:00:00,873.7
2024-02-09 11:00:00,874.8000000000001
2024-02-09 12:00:00,875.9000000000001
2024-02-09 13:00:00,876.6
2024-02-09 14:00:00,873.8000000000001
2024-02-09 15:00:00,876.5
2024-02-09 16:00:00,877.4000000000001
2024-02-09 23:00:00,877.7
2024-02-12 08:00:00,879.5
2024-02-12 10:00:00,877.9000000000001
2024-02-12 11:00:00,875.6
2024-02-12 12:00:00,874.6
2024-02-12 13:00:00,875.1
2024-02-12 14:00:00,876.2
2024-02-12 15:00:00,878.0
2024-02-12 16:00:00,879.0
2024-02-12 23:00:00,878.2
2024-02-13 08:00:00,863.2
2024-02-13 09:00:00,858.3000000000001
2024-02-13 10:00:00,855.2
2024-02-13 11:00:00,853.9000000000001
2024-02-13 12:00:00,855.7
2024-02-13 13:00:00,847.8000000000001
2024-02-13 14:00:00,851.4000000000001
2024-02-13 15:00:00,854.2
2024-02-13 16:00:00,856.8000000000001
2024-02-13 17:00:00,854.7
2024-02-13 23:00:00,855.7
2024-02-14 08:00:00,859.8000000000001
2024-02-14 09:00:00,860.6
2024-02-14 10:00:00,861.2
2024-02-14 11:00:00,861.2
2024-02-14 12:00:00,860.1
2024-02-14 13:00:00,860.7
2024-02-14 14:00:00,864.8000000000001
2024-02-14 15:00:00,865.1
2024-02-14 16:00:00,864.8000000000001
2024-02-14 17:00:00,865.0
2024-02-14 23:00:00,864.4000000000001
2024-02-15 08:00:00,872.0
2024-02-15 09:00:00,870.4000000000001
2024-02-15 10:00:00,874.4000000000001
2024-02-15 11:00:00,871.5
2024-02-15 12:00:00,866.8000000000001
2024-02-15 13:00:00,866.2
2024-02-15 14:00:00,862.4000000000001
2024-02-15 15:00:00,866.0
2024-02-15 16:00:00,864.2
2024-02-15 23:00:00,865.5
2024-02-16 08:00:00,872.7
2024-02-16 09:00:00,873.6
2024-02-16 10:00:00,874.2
2024-02-16 11:00:00,872.5
2024-02-16 12:00:00,871.8000000000001
2024-02-16 13:00:00,869.3000000000001
2024-02-16 14:00:00,866.5
2024-02-16 15:00:00,869.9000000000001
2024-02-16 16:00:00,871.0
2024-02-16 23:00:00,872.2
2024-02-19 08:00:00,865.8000000000001
2024-02-19 09:00:00,867.2
2024-02-19 11:00:00,866.4000000000001
2024-02-19 12:00:00,865.7
2024-02-19 13:00:00,866.2
2024-02-19 14:00:00,866.8000000000001
2024-02-19 15:00:00,867.5
2024-02-19 16:00:00,867.0
2024-02-19 23:00:00,866.5
2024-02-20 08:00:00,858.9000000000001
2024-02-20 09:00:00,854.9000000000001
2024-02-20 10:00:00,856.5
2024-02-20 11:00:00,854.5
2024-02-20 12:00:00,856.5
2024-02-20 13:00:00,855.2
2024-02-20 14:00:00,850.6
2024-02-20 15:00:00,850.7
2024-02-20 16:00:00,850.6
2024-02-20 23:00:00,850.8000000000001
2024-02-21 08:00:00,847.9000000000001
2024-02-21 09:00:00,848.6
2024-02-21 10:00:00,851.2
2024-02-21 11:00:00,850.9000000000001
2024-02-21 12:00:00,848.6
2024-02-21 13:00:00,847.4000000000001
2024-02-21 14:00:00,845.3000000000001
2024-02-21 15:00:00,846.3000000000001
2024-02-21 16:00:00,847.6
2024-02-21 23:00:00,848.8000000000001
2024-02-22 07:00:00,860.9000000000001
2024-02-22 08:00:00,876.1
2024-02-22 09:00:00,872.1
2024-02-22 10:00:00,869.2
2024-02-22 11:00:00,871.7
2024-02-22 12:00:00,874.1
2024-02-22 13:00:00,875.5
2024-02-22 14:00:00,879.5
2024-02-22 15:00:00,873.0
2024-02-22 16:00:00,873.1
2024-02-22 23:00:00,873.8000000000001
2024-02-23 08:00:00,872.5
2024-02-23 09:00:00,873.6
2024-02-23 10:00:00,875.3000000000001
2024-02-23 11:00:00,876.6
2024-02-23 12:00:00,876.7
2024-02-23 13:00:00,878.1
2024-02-23 14:00:00,874.7
2024-02-23 15:00:00,871.7
2024-02-23 16:00:00,870.4000000000001
2024-02-23 23:00:00,871.8000000000001
2024-02-26 08:00:00,872.7
2024-02-26 09:00:00,872.5
2024-02-26 10:00:00,873.6
2024-02-26 11:00:00,874.7
2024-02-26 12:00:00,873.4000000000001
2024-02-26 13:00:00,874.8000000000001
2024-02-26 14:00:00,874.0
2024-02-26 15:00:00,876.9000000000001
2024-02-26 16:00:00,875.1
2024-02-26 23:00:00,875.1
2024-02-27 08:00:00,876.9000000000001
2024-02-27 09:00:00,880.2
2024-02-27 10:00:00,883.6
2024-02-27 11:00:00,882.9000000000001
2024-02-27 12:00:00,882.2
2024-02-27 13:00:00,879.4000000000001
2024-02-27 14:00:00,882.3000000000001
2024-02-27 15:00:00,885.1
2024-02-27 16:00:00,885.0
2024-02-27 23:00:00,884.9000000000001
2024-02-28 08:00:00,877.6
2024-02-28 09:00:00,873.1
2024-02-28 10:00:00,874.5
2024-02-28 11:00:00,875.9000000000001
2024-02-28 12:00:00,874.3000000000001
2024-02-28 13:00:00,872.1
2024-02-28 14:00:00,869.9000000000001
2024-02-28 15:00:00,870.2
2024-02-28 16:00:00,871.3000000000001
2024-02-28 23:00:00,872.3000000000001
2024-02-29 08:00:00,868.9000000000001
2024-02-29 09:00:00,866.5
2024-02-29 10:00:00,864.6
2024-02-29 11:00:00,866.7
2024-02-29 12:00:00,865.4000000000001
2024-02-29 13:00:00,868.4000000000001
2024-02-29 14:00:00,872.8000000000001
2024-02-29 15:00:00,870.4000000000001
2024-02-29 16:00:00,870.7
2024-02-29 23:00:00,871.4000000000001
2024-03-01 08:00:00,872.7
2024-03-01 09:00:00,875.0
2024-03-01 10:00:00,871.1
2024-03-01 11:00:00,873.9000000000001
2024-03-01 12:00:00,874.3000000000001
2024-03-01 13:00:00,874.7
2024-03-01 14:00:00,876.3000000000001
2024-03-01 15:00:00,880.6
2024-03-01 16:00:00,881.9000000000001
2024-03-01 20:00:00,888.5
2024-03-01 23:00:00,882.2
2024-03-04 08:00:00,891.4000000000001
2024-03-04 09:00:00,890.4000000000001
2024-03-04 10:00:00,888.1
2024-03-04 11:00:00,888.6
2024-03-04 12:00:00,892.0
2024-03-04 13:00:00,891.7
2024-03-04 14:00:00,886.3000000000001
2024-03-04 15:00:00,888.6
2024-03-04 16:00:00,888.8000000000001
2024-03-04 17:00:00,890.2
2024-03-04 23:00:00,889.5
2024-03-05 08:00:00,884.8000000000001
2024-03-05 09:00:00,885.8000000000001
2024-03-05 10:00:00,883.6
2024-03-05 11:00:00,883.6
2024-03-05 12:00:00,884.1
2024-03-05 13:00:00,884.5
2024-03-05 14:00:00,877.8000000000001
2024-03-05 15:00:00,873.2
2024-03-05 16:00:00,874.2
2024-03-05 23:00:00,874.9000000000001
2024-03-06 08:00:00,878.5
2024-03-06 09:00:00,882.4000000000001
2024-03-06 10:00:00,880.8000000000001
2024-03-06 11:00:00,879.6
2024-03-06 12:00:00,880.3000000000001
2024-03-06 13:00:00,880.3000000000001
2024-03-06 14:00:00,881.4000000000001
2024-03-06 15:00:00,885.5
2024-03-06 16:00:00,885.0
2024-03-06 23:00:00,886.2
2024-03-07 08:00:00,886.8000000000001
2024-03-07 09:00:00,889.0
2024-03-07 10:00:00,892.5
2024-03-07 11:00:00,893.3000000000001
2024-03-07 13:00:00,899.9000000000001
2024-03-07 14:00:00,900.1
2024-03-07 15:00:00,904.4000000000001
2024-03-07 16:00:00,905.3000000000001
2024-03-07 23:00:00,905.5
2024-03-08 08:00:00,902.2
2024-03-08 09:00:00,905.0
2024-03-08 10:00:00,903.9000000000001
2024-03-08 11:00:00,901.8000000000001
2024-03-08 12:00:00,900.9000000000001
2024-03-08 13:00:00,902.6
2024-03-08 14:00:00,899.0
2024-03-08 15:00:00,899.9000000000001
2024-03-08 16:00:00,896.7
2024-03-08 17:00:00,887.2
2024-03-08 23:00:00,891.8000000000001
2024-03-11 08:00:00,874.6
2024-03-11 09:00:00,879.1
2024-03-11 10:00:00,880.7
2024-03-11 11:00:00,876.4000000000001
2024-03-11 12:00:00,875.7
2024-03-11 13:00:00,870.7
2024-03-11 14:00:00,873.0
2024-03-11 15:00:00,872.8000000000001
2024-03-11 16:00:00,872.2
2024-03-11 23:00:00,872.3000000000001
2024-03-12 08:00:00,876.3000000000001
2024-03-12 09:00:00,876.8000000000001
2024-03-12 10:00:00,874.3000000000001
2024-03-12 11:00:00,875.9000000000001
2024-03-12 12:00:00,879.9000000000001
2024-03-12 13:00:00,879.5
2024-03-12 14:00:00,882.4000000000001
2024-03-12 15:00:00,887.5
2024-03-12 16:00:00,885.7
2024-03-12 23:00:00,885.5
2024-03-13 08:00:00,887.1
2024-03-13 09:00:00,889.0
2024-03-13 10:00:00,891.6
2024-03-13 11:00:00,890.7
2024-03-13 12:00:00,887.7
2024-03-13 13:00:00,883.6
2024-03-13 14:00:00,883.3000000000001
2024-03-13 15:00:00,881.9000000000001
2024-03-13 16:00:00,881.1
2024-03-13 23:00:00,880.8000000000001
2024-03-14 08:00:00,880.7
2024-03-14 09:00:00,877.9000000000001
2024-03-14 10:00:00,878.8000000000001
2024-03-14 11:00:00,878.7
2024-03-14 12:00:00,879.6
2024-03-14 13:00:00,877.6
2024-03-14 14:00:00,876.0
2024-03-14 15:00:00,876.5
2024-03-14 15:00:01,876.5
2024-03-14 16:00:00,877.0
2024-03-14 23:00:00,877.4
2024-03-15 08:00:00,871.9
2024-03-15 09:00:00,873.1999999999999
2024-03-15 10:00:00,873.3
2024-03-15 11:00:00,874.8
2024-03-15 12:00:00,872.9
2024-03-15 13:00:00,866.3
2024-03-15 14:00:00,868.1
2024-03-15 15:00:00,866.1999999999999
2024-03-15 16:00:00,862.1999999999999
2024-03-15 23:00:00,865.1999999999999
2024-03-18 08:00:00,865.9
2024-03-18 09:00:00,866.0
2024-03-18 10:00:00,865.8
2024-03-18 11:00:00,865.8
2024-03-18 12:00:00,865.1
2024-03-18 13:00:00,865.6
2024-03-18 14:00:00,863.5
2024-03-18 15:00:00,862.9
2024-03-18 16:00:00,863.4
2024-03-18 23:00:00,864.6999999999999
2024-03-19 08:00:00,862.0
2024-03-19 09:00:00,859.6999999999999
2024-03-19 10:00:00,859.8
2024-03-19 11:00:00,858.8
2024-03-19 12:00:00,860.0
2024-03-19 13:00:00,854.9
2024-03-19 14:00:00,855.8
2024-03-19 15:00:00,858.3
2024-03-19 16:00:00,859.0
2024-03-19 23:00:00,860.1999999999999
2024-03-20 08:00:00,860.6
2024-03-20 09:00:00,862.1999999999999
2024-03-20 10:00:00,864.1
2024-03-20 11:00:00,867.1999999999999
2024-03-20 12:00:00,864.6
2024-03-20 13:00:00,863.6999999999999
2024-03-20 14:00:00,860.6999999999999
2024-03-20 15:00:00,860.4
2024-03-20 16:00:00,860.6
2024-03-20 23:00:00,860.9
2024-03-21 08:00:00,880.9
2024-03-21 09:00:00,879.4
2024-03-21 10:00:00,876.9
2024-03-21 11:00:00,880.9
2024-03-21 12:00:00,883.1999999999999
2024-03-21 13:00:00,879.5
2024-03-21 14:00:00,880.6
2024-03-21 15:00:00,886.3
2024-03-21 16:00:00,886.1999999999999
2024-03-21 23:00:00,887.1
2024-03-22 07:00:00,887.4
2024-03-22 08:00:00,879.4
2024-03-22 09:00:00,878.1
2024-03-22 10:00:00,877.6
2024-03-22 11:00:00,874.5
2024-03-22 12:00:00,875.6
2024-03-22 13:00:00,878.3
2024-03-22 14:00:00,876.6999999999999
2024-03-22 15:00:00,880.9
2024-03-22 16:00:00,881.1
2024-03-22 23:00:00,880.8
2024-03-25 08:00:00,881.0
2024-03-25 09:00:00,880.1
2024-03-25 10:00:00,877.6999999999999
2024-03-25 11:00:00,876.0
2024-03-25 13:00:00,878.1
2024-03-25 14:00:00,880.9
2024-03-25 15:00:00,879.9
2024-03-25 16:00:00,879.6
2024-03-25 23:00:00,879.5
2024-03-26 08:00:00,877.9
2024-03-26 09:00:00,880.6999999999999
2024-03-26 10:00:00,884.5
2024-03-26 11:00:00,885.1999999999999
2024-03-26 12:00:00,881.9
2024-03-26 13:00:00,883.1
2024-03-26 14:00:00,881.6
2024-03-26 15:00:00,883.0
2024-03-26 16:00:00,882.8
2024-03-26 17:00:00,878.4
2024-03-26 23:00:00,882.5
2024-03-27 08:00:00,882.0
2024-03-27 09:00:00,880.9
2024-03-27 10:00:00,884.1
2024-03-27 11:00:00,883.1999999999999
2024-03-27 13:00:00,879.9
2024-03-27 14:00:00,878.1999999999999
2024-03-27 15:00:00,876.4
2024-03-27 16:00:00,876.1999999999999
2024-03-27 23:00:00,877.3
2024-03-28 08:00:00,876.3
2024-03-28 09:00:00,876.9
2024-03-28 10:00:00,876.3
2024-03-28 11:00:00,877.0
2024-03-28 12:00:00,876.5
2024-03-28 13:00:00,877.4
2024-03-28 14:00:00,876.1999999999999
2024-03-28 15:00:00,875.6999999999999
2024-03-28 16:00:00,875.0
2024-03-28 23:00:00,874.5
2024-04-02 05:00:00,868.6
2024-04-02 07:00:00,886.6999999999999
2024-04-02 08:00:00,884.8
2024-04-02 09:00:00,883.0
2024-04-02 10:00:00,880.6999999999999
2024-04-02 11:00:00,880.1
2024-04-02 12:00:00,877.1999999999999
2024-04-02 13:00:00,867.8
2024-04-02 14:00:00,867.9
2024-04-02 15:00:00,866.4
2024-04-03 05:00:00,873.6
2024-04-03 07:00:00,869.1
2024-04-03 08:00:00,869.3
2024-04-03 09:00:00,870.1999999999999
2024-04-03 10:00:00,867.1
2024-04-03 11:00:00,870.8
2024-04-03 12:00:00,869.0
2024-04-03 13:00:00,868.1
2024-04-03 14:00:00,873.3
2024-04-03 15:00:00,873.8
2024-04-03 19:00:00,863.4
2024-04-04 05:00:00,873.3
2024-04-04 06:00:00,873.3
2024-04-04 07:00:00,872.1
2024-04-04 08:00:00,872.3
2024-04-04 09:00:00,870.6
2024-04-04 10:00:00,871.6
2024-04-04 11:00:00,870.0
2024-04-04 12:00:00,873.4
2024-04-04 13:00:00,872.5
2024-04-04 14:00:00,874.1999999999999
2024-04-04 15:00:00,871.8
2024-04-05 05:00:00,870.6
2024-04-05 07:00:00,863.6
2024-04-05 08:00:00,859.9
2024-04-05 09:00:00,862.1999999999999
2024-04-05 10:00:00,862.0
2024-04-05 11:00:00,863.5
2024-04-05 12:00:00,867.1999999999999
2024-04-05 13:00:00,869.5
2024-04-05 14:00:00,872.3
2024-04-05 15:00:00,871.4
2024-04-08 05:00:00,876.4
2024-04-08 07:00:00,874.9
2024-04-08 08:00:00,871.4
2024-04-08 09:00:00,873.6999999999999
2024-04-08 10:00:00,872.1
2024-04-08 11:00:00,874.0
2024-04-08 12:00:00,874.6
2024-04-08 13:00:00,875.1
2024-04-08 14:00:00,878.5
2024-04-08 15:00:00,876.4
2024-04-08 16:00:00,873.4
2024-04-09 05:00:00,867.9
2024-04-09 06:00:00,873.6999999999999
2024-04-09 07:00:00,870.4
2024-04-09 08:00:00,870.5
2024-04-09 09:00:00,871.4
2024-04-09 10:00:00,868.8
2024-04-09 11:00:00,874.4
2024-04-09 12:00:00,875.6999999999999
2024-04-09 13:00:00,874.4
2024-04-09 14:00:00,865.9
2024-04-09 15:00:00,866.1999999999999
2024-04-10 05:00:00,871.5
2024-04-10 07:00:00,879.6999999999999
2024-04-10 08:00:00,879.3
2024-04-10 09:00:00,873.4
2024-04-10 10:00:00,874.4
2024-04-10 11:00:00,878.5
2024-04-10 12:00:00,861.3
2024-04-10 13:00:00,870.5
2024-04-10 14:00:00,871.0
2024-04-10 15:00:00,871.6999999999999
2024-04-11 05:00:00,867.8
2024-04-11 07:00:00,871.1999999999999
2024-04-11 08:00:00,870.6
2024-04-11 09:00:00,866.5
2024-04-11 10:00:00,864.4
2024-04-11 11:00:00,863.9
2024-04-11 12:00:00,871.1
2024-04-11 13:00:00,867.1999999999999
2024-04-11 14:00:00,864.4
2024-04-11 15:00:00,867.9
2024-04-12 05:00:00,861.8
2024-04-12 07:00:00,880.6999999999999
2024-04-12 08:00:00,877.1999999999999
2024-04-12 09:00:00,874.3
2024-04-12 10:00:00,872.8
2024-04-12 11:00:00,871.6999999999999
2024-04-12 12:00:00,865.5
2024-04-12 13:00:00,866.9
2024-04-12 14:00:00,859.4
2024-04-12 15:00:00,861.9
2024-04-15 05:00:00,863.3
2024-04-15 07:00:00,868.1
2024-04-15 08:00:00,871.9
2024-04-15 09:00:00,873.9
2024-04-15 10:00:00,873.3
2024-04-15 11:00:00,874.0
2024-04-15 12:00:00,876.8
2024-04-15 13:00:00,875.1
2024-04-15 14:00:00,865.6
2024-04-15 15:00:00,862.9
2024-04-15 17:00:00,855.4
2024-04-16 05:00:00,857.3
2024-04-16 07:00:00,852.6999999999999
2024-04-16 08:00:00,850.6
2024-04-16 09:00:00,849.6
2024-04-16 10:00:00,850.6
2024-04-16 11:00:00,854.6
2024-04-16 12:00:00,855.0
2024-04-16 13:00:00,855.1999999999999
2024-04-16 14:00:00,854.8
2024-04-16 15:00:00,860.5
2024-04-16 17:00:00,860.9
2024-04-17 05:00:00,836.6
2024-04-17 07:00:00,848.9
2024-04-17 08:00:00,846.0
2024-04-17 09:00:00,846.8
2024-04-17 10:00:00,848.3
2024-04-17 11:00:00,843.5
2024-04-17 12:00:00,845.8
2024-04-17 13:00:00,839.3
2024-04-17 14:00:00,835.8
2024-04-17 15:00:00,832.9
2024-04-17 16:00:00,831.9
2024-04-17 17:00:00,831.8
2024-04-18 05:00:00,828.0
2024-04-18 07:00:00,831.4
2024-04-18 08:00:00,835.1
2024-04-18 09:00:00,834.3
2024-04-18 10:00:00,834.4
2024-04-18 11:00:00,832.3
2024-04-18 12:00:00,827.1999999999999
2024-04-18 13:00:00,825.6999999999999
2024-04-18 14:00:00,826.3
2024-04-18 15:00:00,827.0
2024-04-19 05:00:00,813.1999999999999
2024-04-19 07:00:00,819.6
2024-04-19 08:00:00,817.4
2024-04-19 09:00:00,820.1999999999999
2024-04-19 10:00:00,819.1999999999999
2024-04-19 11:00:00,819.9
2024-04-19 12:00:00,821.0
2024-04-19 13:00:00,818.8
2024-04-19 14:00:00,815.4
2024-04-19 15:00:00,810.6
2024-04-22 05:00:00,812.6999999999999
2024-04-22 07:00:00,815.8
2024-04-22 08:00:00,817.8
2024-04-22 09:00:00,818.1
2024-04-22 10:00:00,817.5
2024-04-22 11:00:00,816.5
2024-04-22 12:00:00,817.4
2024-04-22 13:00:00,817.9
2024-04-22 14:00:00,814.0
2024-04-22 15:00:00,814.4
2024-04-23 05:00:00,834.0
2024-04-23 06:00:00,822.0
2024-04-23 07:00:00,827.8
2024-04-23 08:00:00,827.8
2024-04-23 09:00:00,827.1999999999999
2024-04-23 10:00:00,829.6999999999999
2024-04-23 11:00:00,828.0
2024-04-23 12:00:00,828.1999999999999
2024-04-23 13:00:00,827.9
2024-04-23 14:00:00,833.4
2024-04-23 15:00:00,831.6
2024-04-24 05:00:00,844.5
2024-04-24 07:00:00,854.8
2024-04-24 08:00:00,851.9
2024-04-24 09:00:00,852.6999999999999
2024-04-24 10:00:00,853.6
2024-04-24 11:00:00,854.1
2024-04-24 12:00:00,854.4
2024-04-24 13:00:00,851.1
2024-04-24 14:00:00,847.0
2024-04-24 15:00:00,843.6999999999999
2024-04-24 16:00:00,839.6999999999999
2024-04-24 17:00:00,843.4
2024-04-25 05:00:00,835.8
2024-04-25 07:00:00,838.1999999999999
2024-04-25 08:00:00,840.6
2024-04-25 09:00:00,841.5
2024-04-25 10:00:00,836.6
2024-04-25 11:00:00,839.6
2024-04-25 12:00:00,832.3
2024-04-25 13:00:00,831.6
2024-04-25 14:00:00,833.9
2024-04-25 15:00:00,836.1
2024-04-25 16:00:00,837.5
2024-04-26 05:00:00,852.4
2024-04-26 07:00:00,848.3
2024-04-26 08:00:00,848.5
2024-04-26 09:00:00,848.6999999999999
2024-04-26 10:00:00,848.9
2024-04-26 11:00:00,848.6
2024-04-26 12:00:00,847.6999999999999
2024-04-26 13:00:00,853.1
2024-04-26 14:00:00,853.1999999999999
2024-04-26 15:00:00,852.0
2024-04-29 05:00:00,844.8
2024-04-29 07:00:00,850.4
2024-04-29 08:00:00,850.9
2024-04-29 09:00:00,847.6
2024-04-29 10:00:00,847.5
2024-04-29 11:00:00,847.6999999999999
2024-04-29 12:00:00,847.1999999999999
2024-04-29 13:00:00,843.6
2024-04-29 14:00:00,845.4
2024-04-29 15:00:00,845.1
2024-04-30 05:00:00,833.8
2024-04-30 07:00:00,840.6999999999999
2024-04-30 08:00:00,840.1
2024-04-30 09:00:00,839.1999999999999
2024-04-30 10:00:00,841.3
2024-04-30 11:00:00,840.6999999999999
2024-04-30 12:00:00,837.9
2024-04-30 13:00:00,839.6999999999999
2024-04-30 14:00:00,837.6999999999999
2024-04-30 15:00:00,834.3
2024-04-30 16:00:00,834.1999999999999
2024-05-02 05:00:00,825.3
2024-05-02 07:00:00,825.4
2024-05-02 08:00:00,825.9
2024-05-02 09:00:00,826.1999999999999
2024-05-02 10:00:00,828.3
2024-05-02 11:00:00,830.4
2024-05-02 12:00:00,828.8
2024-05-02 13:00:00,826.6999999999999
2024-05-02 14:00:00,824.6
2024-05-02 15:00:00,825.0
2024-05-03 05:00:00,837.1999999999999
2024-05-03 07:00:00,830.5
2024-05-03 08:00:00,832.6
2024-05-03 09:00:00,833.5
2024-05-03 10:00:00,834.0
2024-05-03 11:00:00,831.6999999999999
2024-05-03 12:00:00,839.1
2024-05-03 13:00:00,840.3
2024-05-03 14:00:00,837.5
2024-05-03 15:00:00,837.1999999999999
2024-05-03 16:00:00,838.4
2024-05-06 05:00:00,846.9
2024-05-06 07:00:00,839.8
2024-05-06 08:00:00,839.5
2024-05-06 09:00:00,843.1
2024-05-06 10:00:00,844.1999999999999
2024-05-06 11:00:00,845.6
2024-05-06 12:00:00,845.4
2024-05-06 13:00:00,846.0
2024-05-06 14:00:00,845.5
2024-05-06 15:00:00,846.8
2024-05-06 16:00:00,846.8
2024-05-07 05:00:00,861.9
2024-05-07 07:00:00,850.4
2024-05-07 08:00:00,855.4
2024-05-07 09:00:00,857.1
2024-05-07 10:00:00,858.5
2024-05-07 11:00:00,857.6999999999999
2024-05-07 12:00:00,860.1
2024-05-07 13:00:00,857.3
2024-05-07 14:00:00,860.4
2024-05-07 15:00:00,862.3
2024-05-07 16:00:00,860.4
2024-05-07 17:00:00,860.4
2024-05-08 05:00:00,860.1
2024-05-08 07:00:00,860.8
2024-05-08 08:00:00,861.9
2024-05-08 09:00:00,861.5
2024-05-08 10:00:00,860.6
2024-05-08 11:00:00,859.9
2024-05-08 12:00:00,857.1999999999999
2024-05-08 13:00:00,861.3
2024-05-08 14:00:00,862.8
2024-05-08 15:00:00,860.6
2024-05-09 05:00:00,864.8
2024-05-09 07:00:00,861.0
2024-05-09 08:00:00,861.1999999999999
2024-05-09 09:00:00,860.9
2024-05-09 10:00:00,860.3
2024-05-09 11:00:00,862.4
2024-05-09 12:00:00,864.6999999999999
2024-05-09 13:00:00,863.6999999999999
2024-05-09 14:00:00,865.0
2024-05-09 15:00:00,865.1999999999999
2024-05-10 05:00:00,872.6
2024-05-10 07:00:00,867.4
2024-05-10 08:00:00,870.1999999999999
2024-05-10 09:00:00,871.0
2024-05-10 10:00:00,870.1999999999999
2024-05-10 11:00:00,869.4
2024-05-10 12:00:00,871.5
2024-05-10 13:00:00,874.4
2024-05-10 14:00:00,872.3
2024-05-10 15:00:00,871.8
2024-05-10 16:00:00,874.5
2024-05-13 05:00:00,869.5
2024-05-13 07:00:00,871.4
2024-05-13 08:00:00,870.6999999999999
2024-05-13 09:00:00,869.6
2024-05-13 10:00:00,869.8
2024-05-13 11:00:00,871.1999999999999
2024-05-13 12:00:00,871.0
2024-05-13 13:00:00,869.6
2024-05-13 14:00:00,870.1
2024-05-13 15:00:00,870.1999999999999
2024-05-14 05:00:00,871.6
2024-05-14 07:00:00,869.4
2024-05-14 08:00:00,871.9
2024-05-14 09:00:00,871.1999999999999
2024-05-14 10:00:00,872.0
2024-05-14 11:00:00,871.1999999999999
2024-05-14 12:00:00,870.8
2024-05-14 13:00:00,872.9
2024-05-14 14:00:00,870.9
2024-05-14 15:00:00,870.6999999999999
2024-05-14 16:00:00,870.8
2024-05-15 05:00:00,881.0
2024-05-15 07:00:00,873.8
2024-05-15 08:00:00,876.0
2024-05-15 09:00:00,874.6999999999999
2024-05-15 10:00:00,872.0
2024-05-15 11:00:00,873.5
2024-05-15 12:00:00,876.6
2024-05-15 13:00:00,876.5
2024-05-15 14:00:00,878.8
2024-05-15 15:00:00,881.6
2024-05-16 05:00:00,882.6999999999999
2024-05-16 07:00:00,884.6999999999999
2024-05-16 08:00:00,882.5
2024-05-16 09:00:00,885.9
2024-05-16 10:00:00,887.5
2024-05-16 11:00:00,886.3
2024-05-16 12:00:00,884.5
2024-05-16 13:00:00,884.6999999999999
2024-05-16 14:00:00,883.6
2024-05-16 15:00:00,880.5
2024-05-16 16:00:00,879.5
2024-05-17 05:00:00,877.8
2024-05-17 07:00:00,873.1999999999999
2024-05-17 08:00:00,871.6
2024-05-17 09:00:00,873.9
2024-05-17 10:00:00,874.0
2024-05-17 11:00:00,874.1999999999999
2024-05-17 12:00:00,875.3
2024-05-17 13:00:00,875.1999999999999
2024-05-17 14:00:00,878.6
2024-05-17 15:00:00,881.1999999999999
2024-05-17 16:00:00,880.5
2024-05-20 05:00:00,885.3
2024-05-20 07:00:00,877.6
2024-05-20 08:00:00,877.8
2024-05-20 09:00:00,879.1999999999999
2024-05-20 11:00:00,880.8
2024-05-20 12:00:00,880.3
2024-05-20 13:00:00,883.8
2024-05-20 14:00:00,884.1
2024-05-20 15:00:00,883.3
2024-05-21 05:00:00,880.0
2024-05-21 07:00:00,884.1999999999999
2024-05-21 08:00:00,881.8
2024-05-21 09:00:00,881.1999999999999
2024-05-21 10:00:00,881.8
2024-05-21 11:00:00,882.3
2024-05-21 12:00:00,879.5
2024-05-21 13:00:00,876.1999999999999
2024-05-21 14:00:00,880.0
2024-05-21 15:00:00,881.4
2024-05-22 05:00:00,885.6999999999999
2024-05-22 07:00:00,880.6999999999999
2024-05-22 08:00:00,881.1999999999999
2024-05-22 09:00:00,881.5
2024-05-22 10:00:00,880.4
2024-05-22 11:00:00,885.6
2024-05-22 12:00:00,886.1
2024-05-22 13:00:00,885.4
2024-05-22 14:00:00,884.8
2024-05-22 15:00:00,884.0
2024-05-22 16:00:00,884.6999999999999
2024-05-23 05:00:00,894.3
2024-05-23 07:00:00,896.1
2024-05-23 08:00:00,896.1
2024-05-23 09:00:00,896.6
2024-05-23 10:00:00,896.6
2024-05-23 11:00:00,898.3
2024-05-23 12:00:00,900.1
2024-05-23 13:00:00,895.1
2024-05-23 14:00:00,891.9
2024-05-23 15:00:00,894.8
2024-05-23 16:00:00,896.1999999999999
2024-05-24 05:00:00,891.6999999999999
2024-05-24 07:00:00,884.8
2024-05-24 08:00:00,887.1
2024-05-24 09:00:00,887.1999999999999
2024-05-24 10:00:00,888.3
2024-05-24 11:00:00,887.0
2024-05-24 12:00:00,886.6
2024-05-24 13:00:00,886.5
2024-05-24 14:00:00,889.4
2024-05-24 15:00:00,893.4
2024-05-27 05:00:00,892.4
2024-05-27 07:00:00,890.5
2024-05-27 08:00:00,892.1999999999999
2024-05-27 09:00:00,891.5
2024-05-27 10:00:00,891.1
2024-05-27 11:00:00,891.1999999999999
2024-05-27 12:00:00,891.1999999999999
2024-05-27 13:00:00,890.0
2024-05-27 14:00:00,892.1999999999999
2024-05-27 15:00:00,896.1
2024-05-28 05:00:00,891.8
2024-05-28 07:00:00,896.4
2024-05-28 08:00:00,897.1999999999999
2024-05-28 09:00:00,896.6
2024-05-28 10:00:00,895.8
2024-05-28 11:00:00,896.0
2024-05-28 12:00:00,893.1999999999999
2024-05-28 13:00:00,890.1
2024-05-28 14:00:00,892.5
2024-05-28 15:00:00,892.4
2024-05-29 05:00:00,882.1
2024-05-29 07:00:00,889.1999999999999
2024-05-29 08:00:00,890.1
2024-05-29 09:00:00,886.9
2024-05-29 10:00:00,886.0
2024-05-29 11:00:00,883.6
2024-05-29 12:00:00,880.1
2024-05-29 13:00:00,881.1
2024-05-29 14:00:00,881.9
2024-05-29 15:00:00,882.6
2024-05-30 05:00:00,874.8
2024-05-30 07:00:00,873.1999999999999
2024-05-30 08:00:00,874.6999999999999
2024-05-30 09:00:00,874.1999999999999
2024-05-30 10:00:00,874.4
2024-05-30 11:00:00,875.1999999999999
2024-05-30 12:00:00,877.9
2024-05-30 13:00:00,877.6
2024-05-30 14:00:00,873.5
2024-05-30 15:00:00,872.8
2024-05-31 05:00:00,861.1
2024-05-31 07:00:00,865.1999999999999
2024-05-31 08:00:00,863.3
2024-05-31 09:00:00,865.5
2024-05-31 10:00:00,864.4
2024-05-31 11:00:00,866.0
2024-05-31 12:00:00,870.0
2024-05-31 13:00:00,871.0
2024-05-31 14:00:00,862.8
2024-05-31 15:00:00,863.1
2024-06-03 05:00:00,869.1999999999999
2024-06-03 07:00:00,869.6
2024-06-03 08:00:00,871.9
2024-06-03 09:00:00,870.6
2024-06-03 10:00:00,871.1
2024-06-03 11:00:00,872.1999999999999
2024-06-03 12:00:00,874.6999999999999
2024-06-03 13:00:00,875.1
2024-06-03 14:00:00,868.3
2024-06-03 15:00:00,870.4
2024-06-04 05:00:00,869.3
2024-06-04 07:00:00,871.0
2024-06-04 08:00:00,867.8
2024-06-04 09:00:00,866.4
2024-06-04 10:00:00,867.1999999999999
2024-06-04 11:00:00,870.9
2024-06-04 12:00:00,871.4
2024-06-04 13:00:00,872.4
2024-06-04 14:00:00,869.9
2024-06-04 15:00:00,868.4
2024-06-05 05:00:00,899.6
2024-06-05 07:00:00,877.1
2024-06-05 08:00:00,881.1
2024-06-05 09:00:00,883.0
2024-06-05 10:00:00,883.6999999999999
2024-06-05 11:00:00,886.5
2024-06-05 12:00:00,891.9
2024-06-05 13:00:00,894.6
2024-06-05 14:00:00,898.6999999999999
2024-06-05 15:00:00,899.5
2024-06-06 05:00:00,909.6999999999999
2024-06-06 07:00:00,916.6999999999999
2024-06-06 08:00:00,914.5
2024-06-06 09:00:00,912.6999999999999
2024-06-06 10:00:00,913.1999999999999
2024-06-06 11:00:00,915.3
2024-06-06 12:00:00,910.1
2024-06-06 13:00:00,909.1
2024-06-06 14:00:00,910.6999999999999
2024-06-06 15:00:00,910.3
2024-06-07 05:00:00,914.3
2024-06-07 07:00:00,915.1
2024-06-07 08:00:00,913.6999999999999
2024-06-07 09:00:00,914.5
2024-06-07 10:00:00,912.5
2024-06-07 11:00:00,912.6999999999999
2024-06-07 12:00:00,909.3
2024-06-07 13:00:00,912.0
2024-06-07 14:00:00,915.3
2024-06-07 15:00:00,914.9
2024-06-10 05:00:00,912.0
2024-06-10 07:00:00,908.9
2024-06-10 08:00:00,903.9
2024-06-10 09:00:00,901.6
2024-06-10 11:00:00,905.1
2024-06-10 12:00:00,903.8
2024-06-10 13:00:00,905.8
2024-06-10 14:00:00,910.4
2024-06-10 15:00:00,913.1999999999999
2024-06-10 16:00:00,911.9
2024-06-11 05:00:00,907.3
2024-06-12 05:00:00,928.8
2024-06-13 05:00:00,912.5
2024-06-14 05:00:00,898.0
2024-06-14 09:00:00,904.9
2024-06-14 10:00:00,900.0999999999999
2024-06-14 13:00:00,899.5999999999999
2024-06-17 05:00:00,902.4
2024-06-17 09:00:00,905.3
2024-06-17 10:00:00,904.0999999999999
2024-06-17 17:00:00,907.9
2024-06-18 05:00:00,907.8
2024-06-18 07:00:00,908.6999999999999
2024-06-18 09:00:00,904.5
2024-06-18 11:00:00,904.4
2024-06-18 12:00:00,905.5
2024-06-18 13:00:00,902.5999999999999
2024-06-18 14:00:00,908.5999999999999
2024-06-18 15:00:00,908.0
2024-06-19 05:00:00,898.6999999999999
2024-06-19 07:00:00,907.3
2024-06-19 08:00:00,904.6999999999999
2024-06-19 10:00:00,901.8
2024-06-19 11:00:00,901.9
2024-06-19 12:00:00,901.9
2024-06-19 13:00:00,901.3
2024-06-19 14:00:00,898.6999999999999
2024-06-19 15:00:00,899.0
2024-06-20 05:00:00,912.5999999999999
2024-06-20 07:00:00,907.0999999999999
2024-06-20 08:00:00,908.1999999999999
2024-06-20 09:00:00,909.6999999999999
2024-06-20 11:00:00,910.0999999999999
2024-06-20 14:00:00,910.5999999999999
2024-06-20 15:00:00,912.1999999999999
2024-06-21 05:00:00,902.4
2024-06-21 07:00:00,909.0999999999999
2024-06-21 08:00:00,904.0
2024-06-21 09:00:00,903.5
2024-06-21 10:00:00,902.5999999999999
2024-06-21 11:00:00,900.9
2024-06-21 12:00:00,901.0999999999999
2024-06-21 13:00:00,896.5
2024-06-21 14:00:00,903.6999999999999
2024-06-21 15:00:00,902.4
2024-06-24 05:00:00,895.9
2024-06-24 07:00:00,900.9
2024-06-24 08:00:00,900.3
2024-06-24 09:00:00,900.6999999999999
2024-06-24 10:00:00,900.9
2024-06-24 11:00:00,900.9
2024-06-24 12:00:00,898.5
2024-06-24 13:00:00,898.3
2024-06-24 14:00:00,894.8
2024-06-24 15:00:00,895.1999999999999
2024-06-24 16:00:00,888.0999999999999
2024-06-24 17:00:00,891.6999999999999
2024-06-25 05:00:00,895.3
2024-06-25 07:00:00,881.3
2024-06-25 08:00:00,886.5999999999999
2024-06-25 09:00:00,889.3
2024-06-25 10:00:00,890.1999999999999
2024-06-25 11:00:00,888.9
2024-06-25 12:00:00,888.4
2024-06-25 13:00:00,892.0
2024-06-25 14:00:00,892.6999999999999
2024-06-25 15:00:00,898.3
2024-06-26 05:00:00,899.9
2024-06-26 07:00:00,910.0
2024-06-26 08:00:00,908.3
2024-06-26 09:00:00,905.5999999999999
2024-06-26 10:00:00,902.8
2024-06-26 11:00:00,902.0
2024-06-26 12:00:00,897.1999999999999
2024-06-26 13:00:00,901.5
2024-06-26 14:00:00,900.6999999999999
2024-06-26 15:00:00,901.0999999999999
2024-06-27 05:00:00,899.8
2024-06-27 07:00:00,901.0999999999999
2024-06-27 08:00:00,899.8
2024-06-27 09:00:00,898.4
2024-06-27 10:00:00,899.5999999999999
2024-06-27 11:00:00,900.5999999999999
2024-06-27 12:00:00,899.3
2024-06-27 13:00:00,899.6999999999999
2024-06-27 14:00:00,900.0
2024-06-27 15:00:00,900.0
2024-06-28 05:00:00,903.8
2024-06-28 07:00:00,903.1999999999999
2024-06-28 08:00:00,904.0
2024-06-28 09:00:00,906.4
2024-06-28 10:00:00,905.4
2024-06-28 11:00:00,903.1999999999999
2024-06-28 12:00:00,901.5
2024-06-28 13:00:00,905.5
2024-06-28 14:00:00,905.0999999999999
2024-06-28 15:00:00,903.0
2024-07-01 05:00:00,895.9
2024-07-01 07:00:00,903.6999999999999
2024-07-01 08:00:00,900.9
2024-07-01 09:00:00,900.6999999999999
2024-07-01 10:00:00,899.0999999999999
2024-07-01 11:00:00,900.0
2024-07-01 12:00:00,901.5999999999999
2024-07-01 13:00:00,895.5999999999999
2024-07-01 14:00:00,893.5999999999999
2024-07-01 15:00:00,893.4
2024-07-01 16:00:00,899.5
2024-07-01 17:00:00,906.4
2024-07-01 18:00:00,905.6999999999999
2024-07-01 19:00:00,904.8
2024-07-02 05:00:00,897.5999999999999
2024-07-02 07:00:00,894.1999999999999
2024-07-02 08:00:00,893.0
2024-07-02 09:00:00,891.6999999999999
2024-07-02 10:00:00,890.1999999999999
2024-07-02 11:00:00,889.0999999999999
2024-07-02 12:00:00,889.5
2024-07-02 13:00:00,897.1999999999999
2024-07-02 14:00:00,897.5
2024-07-02 15:00:00,901.6999999999999
2024-07-02 16:00:00,897.5999999999999
2024-07-02 19:00:00,900.6999999999999
2024-07-03 05:00:00,914.5999999999999
2024-07-03 07:00:00,909.9
2024-07-03 08:00:00,914.1999999999999
2024-07-03 09:00:00,916.5
2024-07-03 10:00:00,915.6999999999999
2024-07-03 11:00:00,915.3
2024-07-03 12:00:00,913.0
2024-07-03 13:00:00,911.3
2024-07-03 14:00:00,912.5999999999999
2024-07-03 15:00:00,914.4
2024-07-04 05:00:00,913.5
2024-07-04 07:00:00,913.6999999999999
2024-07-04 08:00:00,916.4
2024-07-04 09:00:00,916.0
2024-07-04 10:00:00,915.3
2024-07-04 11:00:00,914.6999999999999
2024-07-04 12:00:00,915.5999999999999
2024-07-04 13:00:00,913.1999999999999
2024-07-04 14:00:00,913.5
2024-07-04 15:00:00,913.5
2024-07-05 05:00:00,918.5
2024-07-05 07:00:00,921.8
2024-07-05 08:00:00,921.9
2024-07-05 09:00:00,923.0999999999999
2024-07-05 10:00:00,922.8
2024-07-05 11:00:00,923.1999999999999
2024-07-05 12:00:00,923.8
2024-07-05 13:00:00,919.0
2024-07-05 14:00:00,918.4
2024-07-05 15:00:00,920.5
2024-07-05 16:00:00,920.8
2024-07-08 05:00:00,919.0999999999999
2024-07-08 07:00:00,926.9
2024-07-08 08:00:00,925.0
2024-07-08 09:00:00,925.0999999999999
2024-07-08 10:00:00,921.5
2024-07-08 11:00:00,923.0999999999999
2024-07-08 12:00:00,923.4
2024-07-08 13:00:00,921.5999999999999
2024-07-08 14:00:00,916.9
2024-07-08 15:00:00,917.9
2024-07-08 16:00:00,914.5
2024-07-09 05:00:00,903.6999999999999
2024-07-09 07:00:00,913.6999999999999
2024-07-09 08:00:00,914.6999999999999
2024-07-09 09:00:00,915.9
2024-07-09 10:00:00,913.5
2024-07-09 11:00:00,913.4
2024-07-09 12:00:00,911.5999999999999
2024-07-09 13:00:00,908.5
2024-07-09 14:00:00,903.8
2024-07-09 15:00:00,904.3
2024-07-09 16:00:00,904.9
2024-07-10 05:00:00,912.8
2024-07-10 07:00:00,905.0999999999999
2024-07-10 08:00:00,906.6999999999999
2024-07-10 09:00:00,911.0
2024-07-10 10:00:00,908.4
2024-07-10 11:00:00,908.5
2024-07-10 12:00:00,907.9
2024-07-10 13:00:00,910.3
2024-07-10 14:00:00,910.5999999999999
2024-07-10 15:00:00,912.5999999999999
2024-07-10 16:00:00,913.3
2024-07-11 05:00:00,912.5999999999999
2024-07-11 07:00:00,915.4
2024-07-11 08:00:00,916.1999999999999
2024-07-11 09:00:00,916.0999999999999
2024-07-11 10:00:00,917.3
2024-07-11 11:00:00,918.3
2024-07-11 12:00:00,920.6999999999999
2024-07-11 13:00:00,919.3
2024-07-11 14:00:00,913.5999999999999
2024-07-11 15:00:00,912.1999999999999
2024-07-11 16:00:00,911.4
2024-07-12 05:00:00,927.1999999999999
2024-07-12 07:00:00,908.3
2024-07-12 08:00:00,911.0999999999999
2024-07-12 09:00:00,910.5
2024-07-12 10:00:00,913.1999999999999
2024-07-12 11:00:00,915.9
2024-07-12 12:00:00,914.8
2024-07-12 13:00:00,920.1999999999999
2024-07-12 14:00:00,926.1999999999999
2024-07-12 15:00:00,925.0
2024-07-12 17:00:00,925.5
2024-07-15 05:00:00,917.4
2024-07-15 07:00:00,926.0
2024-07-15 08:00:00,925.9
2024-07-15 09:00:00,926.0999999999999
2024-07-15 10:00:00,926.3
2024-07-15 11:00:00,923.5
2024-07-15 12:00:00,921.9
2024-07-15 13:00:00,917.8
2024-07-15 14:00:00,918.1999999999999
2024-07-15 15:00:00,917.0
2024-07-15 16:00:00,915.6999999999999
2024-07-16 05:00:00,910.3
2024-07-16 07:00:00,910.3
2024-07-16 08:00:00,912.3
2024-07-16 09:00:00,911.6999999999999
2024-07-16 10:00:00,912.8
2024-07-16 11:00:00,911.9
2024-07-16 12:00:00,912.8
2024-07-16 13:00:00,910.5
2024-07-16 14:00:00,909.3
2024-07-16 15:00:00,909.9
2024-07-17 05:00:00,869.8
2024-07-17 07:00:00,890.1999999999999
2024-07-17 08:00:00,887.5999999999999
2024-07-17 09:00:00,882.4
2024-07-17 10:00:00,881.9
2024-07-17 11:00:00,879.0999999999999
2024-07-17 12:00:00,877.3
2024-07-17 13:00:00,874.4
2024-07-17 14:00:00,869.8
2024-07-17 15:00:00,868.3
2024-07-18 05:00:00,854.1999999999999
2024-07-18 07:00:00,857.0
2024-07-18 08:00:00,867.5
2024-07-18 09:00:00,866.1999999999999
2024-07-18 10:00:00,866.8
2024-07-18 11:00:00,870.0
2024-07-18 12:00:00,872.9
2024-07-18 13:00:00,868.0999999999999
2024-07-18 14:00:00,861.3
2024-07-18 15:00:00,856.4
2024-07-18 16:00:00,851.8
2024-07-19 05:00:00,843.4
2024-07-19 07:00:00,848.3
2024-07-19 08:00:00,849.4
2024-07-19 09:00:00,849.6999999999999
2024-07-19 10:00:00,849.6999999999999
2024-07-19 11:00:00,854.5999999999999
2024-07-19 12:00:00,852.3
2024-07-19 13:00:00,849.5999999999999
2024-07-19 14:00:00,845.9
2024-07-19 15:00:00,847.4
2024-07-22 05:00:00,860.5
2024-07-22 07:00:00,851.5999999999999
2024-07-22 08:00:00,855.0
2024-07-22 09:00:00,856.1999999999999
2024-07-22 10:00:00,859.4
2024-07-22 11:00:00,858.1999999999999
2024-07-22 12:00:00,860.5999999999999
2024-07-22 13:00:00,861.0999999999999
2024-07-22 14:00:00,861.8
2024-07-22 15:00:00,859.5
2024-07-23 05:00:00,870.0999999999999
2024-07-23 06:00:00,868.3
2024-07-23 07:00:00,867.0
2024-07-23 08:00:00,869.6999999999999
2024-07-23 09:00:00,873.6999999999999
2024-07-23 10:00:00,874.1999999999999
2024-07-23 11:00:00,874.5999999999999
2024-07-23 12:00:00,871.4
2024-07-23 13:00:00,871.1999999999999
2024-07-23 14:00:00,868.8
2024-07-23 15:00:00,873.0
2024-07-24 05:00:00,849.5999999999999
2024-07-24 07:00:00,864.5
2024-07-24 08:00:00,863.0
2024-07-24 09:00:00,863.5999999999999
2024-07-24 10:00:00,863.3
2024-07-24 11:00:00,861.5
2024-07-24 12:00:00,860.9
2024-07-24 13:00:00,855.5999999999999
2024-07-24 14:00:00,853.0
2024-07-24 15:00:00,851.9
2024-07-24 18:00:00,847.8
2024-07-25 05:00:00,827.3
2024-07-25 07:00:00,826.6999999999999
2024-07-25 08:00:00,829.5
2024-07-25 09:00:00,826.8
2024-07-25 10:00:00,826.3
2024-07-25 11:00:00,825.4
2024-07-25 12:00:00,827.4
2024-07-25 13:00:00,825.5
2024-07-25 14:00:00,828.0
2024-07-25 15:00:00,827.4
2024-07-25 16:00:00,828.0
2024-07-26 05:00:00,833.3
2024-07-26 07:00:00,825.4
2024-07-26 08:00:00,827.5999999999999
2024-07-26 09:00:00,830.1999999999999
2024-07-26 10:00:00,832.0999999999999
2024-07-26 11:00:00,833.6999999999999
2024-07-26 12:00:00,832.0999999999999
2024-07-26 13:00:00,832.3
2024-07-26 14:00:00,834.6999999999999
2024-07-26 15:00:00,833.5
2024-07-29 05:00:00,826.8
2024-07-29 07:00:00,833.1999999999999
2024-07-29 08:00:00,833.1999999999999
2024-07-29 09:00:00,836.0
2024-07-29 10:00:00,836.9
2024-07-29 11:00:00,833.9
2024-07-29 12:00:00,835.6999999999999
2024-07-29 13:00:00,834.4
2024-07-29 14:00:00,829.0999999999999
2024-07-29 15:00:00,826.3
2024-07-30 05:00:00,827.0999999999999
2024-07-30 07:00:00,831.5999999999999
2024-07-30 08:00:00,833.5
2024-07-30 10:00:00,834.1999999999999
2024-07-30 11:00:00,833.5
2024-07-30 12:00:00,834.8
2024-07-30 13:00:00,833.5
2024-07-30 14:00:00,830.1999999999999
2024-07-30 15:00:00,826.1999999999999
2024-07-31 05:00:00,846.1999999999999
2024-07-31 06:00:00,840.5999999999999
2024-07-31 07:00:00,851.8
2024-07-31 08:00:00,849.0999999999999
2024-07-31 09:00:00,846.8
2024-07-31 10:00:00,848.5999999999999
2024-07-31 11:00:00,847.6999999999999
2024-07-31 12:00:00,850.0999999999999
2024-07-31 13:00:00,846.0999999999999
2024-07-31 14:00:00,847.0
2024-07-31 15:00:00,844.5
2024-08-01 05:00:00,830.0999999999999
2024-08-01 07:00:00,845.9
2024-08-01 08:00:00,844.4
2024-08-01 09:00:00,845.8
2024-08-01 10:00:00,845.5
2024-08-01 11:00:00,843.4
2024-08-01 12:00:00,842.5999999999999
2024-08-01 13:00:00,845.6999999999999
2024-08-01 14:00:00,832.3
2024-08-01 15:00:00,829.4
2024-08-02 05:00:00,781.3
2024-08-02 07:00:00,803.4
2024-08-02 08:00:00,803.4
2024-08-02 09:00:00,795.8
2024-08-02 10:00:00,792.5
2024-08-02 11:00:00,794.5999999999999
2024-08-02 12:00:00,789.6999999999999
2024-08-02 13:00:00,783.8
2024-08-02 14:00:00,777.8
2024-08-02 15:00:00,782.9
2024-08-05 05:00:00,772.5
2024-08-05 06:00:00,783.3
2024-08-05 07:00:00,759.8
2024-08-05 08:00:00,758.9
2024-08-05 09:00:00,754.8
2024-08-05 10:00:00,756.1999999999999
2024-08-05 11:00:00,748.3
2024-08-05 12:00:00,748.8
2024-08-05 13:00:00,761.0999999999999
2024-08-05 14:00:00,767.0
2024-08-05 15:00:00,772.6999999999999
2024-08-05 16:00:00,781.1999999999999
2024-08-06 05:00:00,784.4
2024-08-06 07:00:00,783.4
2024-08-06 08:00:00,781.0999999999999
2024-08-06 09:00:00,781.8
2024-08-06 10:00:00,781.6999999999999
2024-08-06 11:00:00,782.8
2024-08-06 12:00:00,780.3
2024-08-06 13:00:00,784.5
2024-08-06 14:00:00,787.6999999999999
2024-08-06 15:00:00,785.5999999999999
2024-08-06 16:00:00,787.8
2024-08-07 05:00:00,800.5
2024-08-07 07:00:00,791.1999999999999
2024-08-07 08:00:00,797.4
2024-08-07 09:00:00,799.4
2024-08-07 10:00:00,799.6999999999999
2024-08-07 11:00:00,798.1999999999999
2024-08-07 12:00:00,799.8
2024-08-07 13:00:00,800.8
2024-08-07 14:00:00,804.4
2024-08-07 15:00:00,799.0999999999999
2024-08-08 05:00:00,798.1999999999999
2024-08-08 07:00:00,785.8
2024-08-08 08:00:00,787.6999999999999
2024-08-08 09:00:00,785.6999999999999
2024-08-08 10:00:00,784.4
2024-08-08 11:00:00,784.4
2024-08-08 12:00:00,790.5
2024-08-08 13:00:00,792.0999999999999
2024-08-08 14:00:00,798.1999999999999
2024-08-08 15:00:00,799.1999999999999
2024-08-08 17:00:00,800.6999999999999
2024-08-08 18:00:00,800.6999999999999
2024-08-09 05:00:00,797.4
2024-08-09 07:00:00,804.4
2024-08-09 08:00:00,807.0999999999999
2024-08-09 09:00:00,805.8
2024-08-09 10:00:00,802.8
2024-08-09 11:00:00,800.6999999999999
2024-08-09 12:00:00,797.4
2024-08-09 13:00:00,795.6999999999999
2024-08-09 14:00:00,798.5
2024-08-09 15:00:00,797.9
2024-08-12 05:00:00,799.9
2024-08-12 07:00:00,803.0999999999999
2024-08-12 08:00:00,800.6999999999999
2024-08-12 09:00:00,802.1999999999999
2024-08-12 10:00:00,801.3
2024-08-12 11:00:00,802.6999999999999
2024-08-12 12:00:00,802.0
2024-08-12 13:00:00,797.5
2024-08-12 14:00:00,802.6999999999999
2024-08-12 15:00:00,803.4
2024-08-13 05:00:00,804.3
2024-08-13 07:00:00,803.0
2024-08-13 08:00:00,801.8
2024-08-13 09:00:00,802.0
2024-08-13 10:00:00,797.5999999999999
2024-08-13 11:00:00,798.4
2024-08-13 12:00:00,800.9
2024-08-13 13:00:00,802.5
2024-08-13 14:00:00,803.8
2024-08-13 15:00:00,804.8
2024-08-14 05:00:00,806.1999999999999
2024-08-14 07:00:00,807.5999999999999
2024-08-14 08:00:00,810.1999999999999
2024-08-14 09:00:00,806.9
2024-08-14 10:00:00,810.1999999999999
2024-08-14 11:00:00,810.5999999999999
2024-08-14 12:00:00,812.5
2024-08-14 13:00:00,805.6999999999999
2024-08-14 14:00:00,806.3
2024-08-14 15:00:00,807.6999999999999
2024-08-15 05:00:00,828.0999999999999
2024-08-15 07:00:00,815.4
2024-08-15 08:00:00,811.1999999999999
2024-08-15 09:00:00,811.5999999999999
2024-08-15 10:00:00,809.9
2024-08-15 11:00:00,813.4
2024-08-15 12:00:00,822.8
2024-08-15 13:00:00,828.0999999999999
2024-08-15 14:00:00,827.3
2024-08-15 15:00:00,829.3
2024-08-16 05:00:00,830.3
2024-08-16 07:00:00,831.1999999999999
2024-08-16 08:00:00,832.6999999999999
2024-08-16 09:00:00,835.8
2024-08-16 10:00:00,832.3
2024-08-16 11:00:00,829.9
2024-08-16 12:00:00,827.9
2024-08-16 13:00:00,830.4
2024-08-16 14:00:00,830.0999999999999
2024-08-16 15:00:00,835.1999999999999
2024-08-19 05:00:00,831.5
2024-08-19 06:00:00,829.6999999999999
2024-08-19 07:00:00,827.0
2024-08-19 08:00:00,827.0
2024-08-19 09:00:00,829.1999999999999
2024-08-19 10:00:00,831.5999999999999
2024-08-19 11:00:00,832.0
2024-08-19 12:00:00,833.0999999999999
2024-08-19 13:00:00,829.6999999999999
2024-08-19 14:00:00,832.0999999999999
2024-08-19 15:00:00,833.8
2024-08-19 16:00:00,835.3
2024-08-20 05:00:00,832.3
2024-08-20 07:00:00,843.5999999999999
2024-08-20 08:00:00,841.5
2024-08-20 09:00:00,840.3
2024-08-20 10:00:00,838.5
2024-08-20 11:00:00,839.9
2024-08-20 12:00:00,838.0
2024-08-20 13:00:00,838.5
2024-08-20 14:00:00,831.4
2024-08-20 15:00:00,831.3
2024-08-20 16:00:00,835.6999999999999
2024-08-20 23:00:00,835.6999999999999
2024-08-21 05:00:00,837.1999999999999
2024-08-21 07:00:00,834.1999999999999
2024-08-21 08:00:00,834.3
2024-08-21 09:00:00,835.6999999999999
2024-08-21 10:00:00,834.8
2024-08-21 11:00:00,838.0
2024-08-21 12:00:00,838.4
2024-08-21 13:00:00,837.3
2024-08-21 14:00:00,835.8
2024-08-21 15:00:00,837.3
2024-08-21 23:00:00,837.1999999999999
2024-08-22 23:00:00,834.9
2024-08-23 23:00:00,828.5
2024-08-26 23:00:00,820.4
2024-08-27 23:00:00,822.1999999999999
2024-08-28 23:00:00,822.0
2024-08-29 23:00:00,837.5
2024-08-30 23:00:00,835.9
2024-09-02 23:00:00,838.5
2024-09-03 23:00:00,819.4
2024-09-04 23:00:00,793.3
2024-09-05 23:00:00,785.4
2024-09-06 23:00:00,765.5999999999999
2024-09-09 23:00:00,768.8
2024-09-10 23:00:00,769.1999999999999
2024-09-11 23:00:00,778.0
2024-09-12 23:00:00,793.8
2024-09-13 23:00:00,804.0
2024-09-16 23:00:00,794.8
2024-09-17 23:00:00,802.9
2024-09-18 23:00:00,797.2
2024-09-19 23:00:00,823.4
2024-09-20 23:00:00,800.1
2024-09-23 23:00:00,804.2
2024-09-24 23:00:00,810.4
2024-09-25 23:00:00,812.9
2024-09-26 23:00:00,836.8
2024-09-27 23:00:00,845.2
2024-09-30 23:00:00,835.0
2024-10-01 23:00:00,828.2
2024-10-02 23:00:00,836.2
2024-10-03 23:00:00,827.4
2024-10-04 23:00:00,831.9
2024-10-07 23:00:00,825.7
2024-10-08 23:00:00,824.4
2024-10-09 23:00:00,835.0
2024-10-10 23:00:00,827.3
2024-10-11 23:00:00,832.3
2024-10-14 23:00:00,846.7
2024-10-15 23:00:00,793.6
2024-10-16 23:00:00,780.1
2024-10-17 23:00:00,782.1
2024-10-18 23:00:00,796.8
2024-10-21 23:00:00,788.5
2024-10-22 23:00:00,794.6
2024-10-23 23:00:00,792.9
2024-10-24 23:00:00,795.6
2024-10-25 23:00:00,797.3
2024-10-28 23:00:00,799.2
2024-10-29 23:00:00,801.4
2024-10-30 23:00:00,782.1
2024-10-31 23:00:00,762.0
2024-11-01 23:00:00,773.2
2024-11-04 23:00:00,765.6
2024-11-05 23:00:00,770.9
2024-11-06 23:00:00,759.5
2024-11-07 23:00:00,775.1
2024-11-08 23:00:00,770.6
2024-11-11 23:00:00,778.4
2024-11-12 23:00:00,778.3
2024-11-13 23:00:00,768.2
2024-11-14 23:00:00,792.1
2024-11-15 23:00:00,771.2
2024-11-18 23:00:00,767.3
2024-11-19 23:00:00,763.8
2024-11-20 23:00:00,763.7
2024-11-21 23:00:00,770.9
2024-11-22 23:00:00,780.6
2024-11-25 23:00:00,787.3
2024-11-26 23:00:00,781.3
2024-11-27 23:00:00,770.1
2024-11-28 23:00:00,776.6
2024-11-29 23:00:00,790.5
2024-12-02 23:00:00,796.0
2024-12-03 23:00:00,806.1
2024-12-04 23:00:00,819.3
2024-12-05 08:00:00,824.2
2024-12-05 09:00:00,825.0
2024-12-05 10:00:00,824.8
2024-12-05 11:00:00,826.4
2024-12-05 12:00:00,826.0
2024-12-05 13:00:00,826.4
2024-12-05 14:00:00,820.9
2024-12-05 15:00:00,820.2
2024-12-05 16:00:00,822.7
2024-12-05 17:00:00,822.7
2024-12-05 18:00:00,822.7
2024-12-05 19:00:00,822.7
2024-12-05 20:00:00,822.7
2024-12-05 21:00:00,822.7
2024-12-05 23:00:00,821.7
2024-12-06 08:00:00,821.9
2024-12-06 09:00:00,821.4
2024-12-06 10:00:00,820.9
2024-12-06 11:00:00,820.9
2024-12-06 12:00:00,820.9
2024-12-06 13:00:00,821.9
2024-12-06 14:00:00,823.4
2024-12-06 15:00:00,824.8
2024-12-06 16:00:00,826.4
2024-12-06 17:00:00,826.4
2024-12-06 18:00:00,826.4
2024-12-06 19:00:00,826.4
2024-12-06 20:00:00,826.4
2024-12-06 21:00:00,826.4
2024-12-06 23:00:00,826.0
2024-12-09 08:00:00,831.9
2024-12-09 09:00:00,827.4
2024-12-09 10:00:00,825.1
2024-12-09 11:00:00,826.3
2024-12-09 12:00:00,827.1
2024-12-09 13:00:00,829.5
2024-12-09 14:00:00,831.6
2024-12-09 15:00:00,831.1
2024-12-09 16:00:00,829.0
2024-12-09 17:00:00,829.0
2024-12-09 18:00:00,829.0
2024-12-09 19:00:00,829.0
2024-12-09 20:00:00,829.0
2024-12-09 21:00:00,829.0
2024-12-09 23:00:00,828.3
2024-12-10 07:00:00,832.6
2024-12-10 08:00:00,825.1
2024-12-10 09:00:00,825.3
2024-12-10 10:00:00,826.0
2024-12-10 11:00:00,829.4
2024-12-10 12:00:00,828.8
2024-12-10 13:00:00,829.4
2024-12-10 14:00:00,829.0
2024-12-10 15:00:00,826.2
2024-12-10 16:00:00,825.3
2024-12-10 17:00:00,825.3
2024-12-10 18:00:00,825.3
2024-12-10 19:00:00,825.3
2024-12-10 20:00:00,825.3
2024-12-10 21:00:00,825.3
2024-12-10 23:00:00,824.7
2024-12-11 08:00:00,823.0
2024-12-11 09:00:00,824.1
2024-12-11 10:00:00,823.0
2024-12-11 11:00:00,822.8
2024-12-11 12:00:00,824.4
2024-12-11 13:00:00,823.9
2024-12-11 14:00:00,828.4
2024-12-11 15:00:00,825.2
2024-12-11 16:00:00,827.8
2024-12-11 17:00:00,827.8
2024-12-11 18:00:00,827.8
2024-12-11 19:00:00,827.8
2024-12-11 20:00:00,827.8
2024-12-11 21:00:00,827.8
2024-12-11 23:00:00,828.0
2024-12-12 23:00:00,827.8
2024-12-13 11:00:00,828.0
2024-12-13 12:00:00,828.0
2024-12-13 13:00:00,828.0
2024-12-13 14:00:00,828.0
2024-12-13 15:00:00,828.0
2024-12-13 16:00:00,824.0
2024-12-13 17:00:00,824.0
2024-12-13 18:00:00,824.0
2024-12-13 19:00:00,824.0
2024-12-13 20:00:00,824.0
2024-12-13 21:00:00,824.0
2024-12-13 23:00:00,824.1999999999999
2024-12-16 08:00:00,824.5
2024-12-16 09:00:00,824.5
2024-12-16 10:00:00,824.5
2024-12-16 11:00:00,824.5
2024-12-16 12:00:00,824.5
2024-12-16 13:00:00,824.5
2024-12-16 14:00:00,818.0999999999999
2024-12-16 15:00:00,818.0999999999999
2024-12-16 16:00:00,822.8
2024-12-16 17:00:00,822.8
2024-12-16 18:00:00,822.8
2024-12-16 19:00:00,822.8
2024-12-16 20:00:00,822.8
2024-12-16 21:00:00,822.8
2024-12-16 23:00:00,822.5
2024-12-17 11:00:00,832.6999999999999
2024-12-17 12:00:00,832.6999999999999
2024-12-17 13:00:00,832.6999999999999
2024-12-17 14:00:00,830.0999999999999
2024-12-17 15:00:00,827.1999999999999
2024-12-17 16:00:00,827.0999999999999
2024-12-17 17:00:00,827.0999999999999
2024-12-17 18:00:00,827.0999999999999
2024-12-17 19:00:00,827.0999999999999
2024-12-17 20:00:00,827.0999999999999
2024-12-17 21:00:00,827.0999999999999
2024-12-17 23:00:00,827.0999999999999
2024-12-18 08:00:00,829.8
2024-12-18 09:00:00,830.0999999999999
2024-12-18 10:00:00,831.8
2024-12-18 11:00:00,833.4
2024-12-18 12:00:00,834.8
2024-12-18 13:00:00,834.8
2024-12-18 14:00:00,837.1999999999999
2024-12-18 15:00:00,838.0
2024-12-18 16:00:00,836.8
2024-12-18 17:00:00,836.8
2024-12-18 18:00:00,836.8
2024-12-18 19:00:00,836.8
2024-12-18 20:00:00,836.8
2024-12-18 21:00:00,836.8
2024-12-18 23:00:00,837.3
2024-12-19 08:00:00,819.8
2024-12-19 09:00:00,816.4
2024-12-19 10:00:00,816.4
2024-12-19 11:00:00,816.6999999999999
2024-12-19 12:00:00,820.3
2024-12-19 13:00:00,818.5
2024-12-19 14:00:00,816.3
2024-12-19 15:00:00,816.3
2024-12-19 16:00:00,816.8
2024-12-19 17:00:00,816.8
2024-12-19 18:00:00,816.8
2024-12-19 19:00:00,816.8
2024-12-19 20:00:00,816.8
2024-12-19 21:00:00,816.8
2024-12-19 23:00:00,816.1999999999999
2024-12-20 08:00:00,808.3
2024-12-20 09:00:00,805.3
2024-12-20 10:00:00,805.0
2024-12-20 11:00:00,801.0
2024-12-20 12:00:00,803.1999999999999
2024-12-20 13:00:00,804.0999999999999
2024-12-20 14:00:00,805.3
2024-12-20 15:00:00,805.3
2024-12-20 16:00:00,814.1999999999999
2024-12-20 17:00:00,814.1999999999999
2024-12-20 18:00:00,814.1999999999999
2024-12-20 19:00:00,814.1999999999999
2024-12-20 20:00:00,814.1999999999999
2024-12-20 21:00:00,814.1999999999999
2024-12-20 23:00:00,814.9
2024-12-23 09:00:00,811.5
2024-12-23 10:00:00,811.3
2024-12-23 11:00:00,809.9
2024-12-23 12:00:00,812.4
2024-12-23 13:00:00,808.8
2024-12-23 14:00:00,813.4
2024-12-23 15:00:00,810.1999999999999
2024-12-23 16:00:00,812.3
2024-12-23 17:00:00,812.3
2024-12-23 18:00:00,812.3
2024-12-23 19:00:00,812.3
2024-12-23 20:00:00,812.3
2024-12-23 21:00:00,812.3
2024-12-23 23:00:00,812.1999999999999
2024-12-27 08:00:00,819.5999999999999
2024-12-27 09:00:00,820.9
2024-12-27 10:00:00,819.5
2024-12-27 11:00:00,819.1999999999999
2024-12-27 12:00:00,821.4
2024-12-27 13:00:00,819.9
2024-12-27 14:00:00,818.0
2024-12-27 15:00:00,814.5
2024-12-27 16:00:00,815.3
2024-12-27 17:00:00,815.3
2024-12-27 18:00:00,815.3
2024-12-27 19:00:00,815.3
2024-12-27 20:00:00,815.3
2024-12-27 21:00:00,815.3
2024-12-27 23:00:00,815.1999999999999
2024-12-30 08:00:00,811.3
2024-12-30 09:00:00,810.9
2024-12-30 10:00:00,812.3
2024-12-30 11:00:00,812.3
2024-12-30 12:00:00,806.4
2024-12-30 13:00:00,805.0
2024-12-30 14:00:00,802.0
2024-12-30 15:00:00,803.3
2024-12-30 16:00:00,803.4
2024-12-30 17:00:00,803.4
2024-12-30 18:00:00,803.4
2024-12-30 19:00:00,803.4
2024-12-30 20:00:00,803.4
2024-12-30 21:00:00,803.4
2024-12-30 23:00:00,803.1999999999999
2025-01-02 08:00:00,808.4
2025-01-02 09:00:00,809.6999999999999
2025-01-02 10:00:00,809.6999999999999
2025-01-02 11:00:00,810.6999999999999
2025-01-02 12:00:00,811.8
2025-01-02 13:00:00,811.6999999999999
2025-01-02 14:00:00,811.8
2025-01-02 15:00:00,813.8
2025-01-02 16:00:00,814.1999999999999
2025-01-02 17:00:00,814.1999999999999
2025-01-02 18:00:00,814.1999999999999
2025-01-02 19:00:00,814.1999999999999
2025-01-02 20:00:00,814.1999999999999
2025-01-02 21:00:00,814.1999999999999
2025-01-02 23:00:00,814.5
2025-01-03 08:00:00,807.4
2025-01-03 09:00:00,809.5
2025-01-03 10:00:00,807.5999999999999
2025-01-03 11:00:00,808.5
2025-01-03 12:00:00,807.0
2025-01-03 13:00:00,804.5
2025-01-03 14:00:00,809.1999999999999
2025-01-03 15:00:00,808.5
2025-01-03 16:00:00,808.9
2025-01-03 17:00:00,808.9
2025-01-03 18:00:00,808.9
2025-01-03 19:00:00,808.9
2025-01-03 20:00:00,808.9
2025-01-03 21:00:00,808.9
2025-01-03 23:00:00,807.6999999999999
2025-01-06 08:00:00,829.8
2025-01-06 09:00:00,831.0
2025-01-06 10:00:00,827.0999999999999
2025-01-06 11:00:00,837.0999999999999
2025-01-06 12:00:00,838.1999999999999
2025-01-06 13:00:00,838.1999999999999
2025-01-06 14:00:00,835.4
2025-01-06 15:00:00,837.1999999999999
2025-01-06 16:00:00,842.0999999999999
2025-01-06 23:00:00,838.1999999999999
2025-01-07 08:00:00,841.8
2025-01-07 09:00:00,841.9
2025-01-07 10:00:00,846.6999999999999
2025-01-07 11:00:00,845.1999999999999
2025-01-07 12:00:00,846.0999999999999
2025-01-07 13:00:00,846.9
2025-01-07 14:00:00,846.3
2025-01-07 15:00:00,841.1999999999999
2025-01-07 16:00:00,843.0
2025-01-07 23:00:00,842.6999999999999
2025-01-08 08:00:00,842.4
2025-01-08 09:00:00,841.9
2025-01-08 10:00:00,844.4
2025-01-08 11:00:00,838.9
2025-01-08 12:00:00,834.4
2025-01-08 13:00:00,834.5999999999999
2025-01-08 14:00:00,830.8
2025-01-08 15:00:00,831.0
2025-01-08 16:00:00,830.0999999999999
2025-01-08 23:00:00,829.6999999999999
2025-01-09 08:00:00,826.1999999999999
2025-01-09 09:00:00,827.0999999999999
2025-01-09 10:00:00,827.8
2025-01-09 11:00:00,829.0999999999999
2025-01-09 12:00:00,827.9
2025-01-09 13:00:00,828.9
2025-01-09 14:00:00,830.1999999999999
2025-01-09 15:00:00,832.9
2025-01-09 16:00:00,832.4
2025-01-09 23:00:00,832.1999999999999
2025-01-10 08:00:00,833.9
2025-01-10 09:00:00,832.5
2025-01-10 10:00:00,833.5
2025-01-10 11:00:00,835.0999999999999
2025-01-10 12:00:00,834.0999999999999
2025-01-10 13:00:00,833.8
2025-01-10 14:00:00,827.6999999999999
2025-01-10 15:00:00,829.4
2025-01-10 16:00:00,826.8
2025-01-10 17:00:00,826.8
2025-01-10 18:00:00,826.8
2025-01-10 19:00:00,826.8
2025-01-10 20:00:00,826.8
2025-01-10 21:00:00,826.8
2025-01-10 23:00:00,827.4
2025-01-13 08:00:00,810.5
2025-01-13 09:00:00,807.5
2025-01-13 10:00:00,808.0
2025-01-13 11:00:00,809.6999999999999
2025-01-13 12:00:00,813.3
2025-01-13 13:00:00,814.0999999999999
2025-01-13 14:00:00,815.1999999999999
2025-01-13 15:00:00,815.9
2025-01-13 16:00:00,816.0999999999999
2025-01-13 23:00:00,816.3
2025-01-14 08:00:00,827.3
2025-01-14 09:00:00,826.6999999999999
2025-01-14 10:00:00,825.4
2025-01-14 12:00:00,826.0999999999999
2025-01-14 13:00:00,826.0999999999999
2025-01-14 14:00:00,820.5999999999999
2025-01-14 15:00:00,821.0
2025-01-14 16:00:00,821.1999999999999
2025-01-14 17:00:00,821.1999999999999
2025-01-14 18:00:00,821.1999999999999
2025-01-14 19:00:00,821.1999999999999
2025-01-14 20:00:00,821.1999999999999
2025-01-14 21:00:00,821.1999999999999
2025-01-14 23:00:00,819.0999999999999
2025-01-15 08:00:00,822.8
2025-01-15 09:00:00,822.8
2025-01-15 10:00:00,824.0
2025-01-15 11:00:00,824.5999999999999
2025-01-15 12:00:00,825.1999999999999
2025-01-15 13:00:00,834.0
2025-01-15 14:00:00,832.5
2025-01-15 15:00:00,835.3
2025-01-15 16:00:00,829.8
2025-01-15 17:00:00,829.8
2025-01-15 18:00:00,829.8
2025-01-15 19:00:00,829.8
2025-01-15 20:00:00,829.8
2025-01-15 21:00:00,829.8
2025-01-15 23:00:00,833.8
2025-01-16 08:00:00,841.3
2025-01-16 09:00:00,840.3
2025-01-16 10:00:00,844.0999999999999
2025-01-16 11:00:00,845.3
2025-01-16 12:00:00,845.3
2025-01-16 13:00:00,847.0999999999999
2025-01-16 14:00:00,839.3
2025-01-16 15:00:00,843.5
2025-01-16 16:00:00,847.3
2025-01-16 17:00:00,847.3
2025-01-16 18:00:00,845.5
2025-01-16 19:00:00,845.5
2025-01-16 20:00:00,845.5
2025-01-16 21:00:00,845.5
2025-01-16 23:00:00,845.8
2025-01-17 08:00:00,847.0
2025-01-17 09:00:00,848.6999999999999
2025-01-17 10:00:00,849.1999999999999
2025-01-17 11:00:00,849.1999999999999
2025-01-17 12:00:00,848.9
2025-01-17 13:00:00,852.0
2025-01-17 14:00:00,848.0999999999999
2025-01-17 15:00:00,850.1999999999999
2025-01-17 16:00:00,850.0999999999999
2025-01-17 17:00:00,850.0999999999999
2025-01-17 18:00:00,850.0999999999999
2025-01-17 19:00:00,850.0999999999999
2025-01-17 20:00:00,850.0999999999999
2025-01-17 21:00:00,850.0999999999999
2025-01-17 23:00:00,849.9
2025-01-20 08:00:00,852.4
2025-01-20 09:00:00,851.8
2025-01-20 10:00:00,849.9
2025-01-20 11:00:00,847.0999999999999
2025-01-20 12:00:00,847.0
2025-01-20 13:00:00,853.0
2025-01-20 14:00:00,853.9
2025-01-20 15:00:00,854.6999999999999
2025-01-20 16:00:00,853.0999999999999
2025-01-20 17:00:00,853.0999999999999
2025-01-20 18:00:00,853.0999999999999
2025-01-20 19:00:00,853.0999999999999
2025-01-20 20:00:00,853.0999999999999
2025-01-20 21:00:00,853.0999999999999
2025-01-20 23:00:00,855.1999999999999
2025-01-21 08:00:00,855.6999999999999
2025-01-21 09:00:00,855.4
2025-01-21 10:00:00,855.6999999999999
2025-01-21 11:00:00,853.0999999999999
2025-01-21 12:00:00,855.1999999999999
2025-01-21 13:00:00,852.1999999999999
2025-01-21 14:00:00,850.3
2025-01-21 15:00:00,849.1999999999999
2025-01-21 16:00:00,850.3
2025-01-21 17:00:00,850.3
2025-01-21 18:00:00,850.3
2025-01-21 19:00:00,850.3
2025-01-21 20:00:00,850.3
2025-01-21 21:00:00,850.3
2025-01-21 23:00:00,850.1999999999999
2025-01-22 08:00:00,857.3
2025-01-22 09:00:00,857.5999999999999
2025-01-22 10:00:00,859.6999999999999
2025-01-22 11:00:00,861.5999999999999
2025-01-22 12:00:00,864.9
2025-01-22 13:00:00,862.5999999999999
2025-01-22 14:00:00,865.3
2025-01-22 15:00:00,859.9
2025-01-22 16:00:00,861.5999999999999
2025-01-22 17:00:00,861.5999999999999
2025-01-22 18:00:00,861.5999999999999
2025-01-22 19:00:00,861.5999999999999
2025-01-22 20:00:00,861.5999999999999
2025-01-22 21:00:00,861.5999999999999
2025-01-22 23:00:00,861.9
2025-01-23 08:00:00,847.8
2025-01-23 09:00:00,848.8
2025-01-23 10:00:00,849.9
2025-01-23 11:00:00,849.1999999999999
2025-01-23 12:00:00,848.0999999999999
2025-01-23 13:00:00,847.5999999999999
2025-01-23 14:00:00,845.1999999999999
2025-01-23 15:00:00,846.8
2025-01-23 16:00:00,848.4
2025-01-23 17:00:00,848.4
2025-01-23 18:00:00,848.4
2025-01-23 19:00:00,848.4
2025-01-23 20:00:00,848.4
2025-01-23 21:00:00,848.4
2025-01-23 23:00:00,848.0999999999999
2025-01-24 08:00:00,852.6999999999999
2025-01-24 09:00:00,856.8
2025-01-24 10:00:00,856.1999999999999
2025-01-24 11:00:00,854.0999999999999
2025-01-24 12:00:00,853.4
2025-01-24 13:00:00,853.4
2025-01-24 14:00:00,846.6999999999999
2025-01-24 15:00:00,843.6999999999999
2025-01-24 16:00:00,845.3
2025-01-24 17:00:00,845.3
2025-01-24 18:00:00,845.3
2025-01-24 19:00:00,845.3
2025-01-24 20:00:00,845.3
2025-01-24 21:00:00,845.3
2025-01-24 23:00:00,845.0
2025-01-27 07:00:00,830.1999999999999
2025-01-27 08:00:00,811.0
2025-01-27 09:00:00,800.6999999999999
2025-01-27 10:00:00,799.3
2025-01-27 11:00:00,805.5
2025-01-27 12:00:00,811.0
2025-01-27 13:00:00,809.5
2025-01-27 14:00:00,818.5
2025-01-27 15:00:00,819.9
2025-01-27 16:00:00,816.8
2025-01-27 17:00:00,816.8
2025-01-27 18:00:00,816.8
2025-01-27 19:00:00,814.8
2025-01-27 20:00:00,814.8
2025-01-27 21:00:00,814.8
2025-01-27 23:00:00,811.0
2025-01-28 08:00:00,817.6999999999999
2025-01-28 09:00:00,824.4
2025-01-28 10:00:00,826.3
2025-01-28 11:00:00,824.5
2025-01-28 12:00:00,823.9
2025-01-28 13:00:00,822.5999999999999
2025-01-28 14:00:00,816.1999999999999
2025-01-28 15:00:00,819.9
2025-01-28 16:00:00,818.8
2025-01-28 17:00:00,818.8
2025-01-28 18:00:00,818.8
2025-01-28 19:00:00,818.8
2025-01-28 20:00:00,818.8
2025-01-28 21:00:00,818.8
2025-01-28 23:00:00,819.8
2025-01-29 07:00:00,861.5999999999999
2025-01-29 08:00:00,855.0
2025-01-29 09:00:00,851.3
2025-01-29 10:00:00,850.0999999999999
2025-01-29 11:00:00,848.1999999999999
2025-01-29 12:00:00,844.8
2025-01-29 13:00:00,844.5
2025-01-29 14:00:00,844.1999999999999
2025-01-29 15:00:00,840.0
2025-01-29 16:00:00,838.4
2025-01-29 17:00:00,838.4
2025-01-29 18:00:00,838.4
2025-01-29 19:00:00,838.4
2025-01-29 20:00:00,838.4
2025-01-29 21:00:00,838.4
2025-01-29 23:00:00,840.1999999999999
2025-01-30 08:00:00,847.8
2025-01-30 09:00:00,846.9
2025-01-30 10:00:00,847.9
2025-01-30 11:00:00,852.1999999999999
2025-01-30 12:00:00,849.8
2025-01-30 13:00:00,845.5
2025-01-30 14:00:00,847.0
2025-01-30 15:00:00,848.0
2025-01-30 16:00:00,847.8
2025-01-30 17:00:00,847.8
2025-01-30 18:00:00,847.8
2025-01-30 19:00:00,847.8
2025-01-30 20:00:00,847.8
2025-01-30 21:00:00,847.8
2025-01-30 23:00:00,847.8
2025-01-31 08:00:00,858.1999999999999
2025-01-31 09:00:00,861.6999999999999
2025-01-31 10:00:00,860.4
2025-01-31 11:00:00,861.5
2025-01-31 12:00:00,861.3
2025-01-31 13:00:00,862.0999999999999
2025-01-31 14:00:00,862.0
2025-01-31 15:00:00,863.0999999999999
2025-01-31 16:00:00,862.0999999999999
2025-01-31 17:00:00,862.0999999999999
2025-01-31 18:00:00,862.0999999999999
2025-01-31 19:00:00,862.0999999999999
2025-01-31 20:00:00,862.0999999999999
2025-01-31 21:00:00,862.0999999999999
2025-01-31 23:00:00,862.0999999999999
2025-02-03 08:00:00,843.5999999999999
2025-02-03 09:00:00,838.4
2025-02-03 10:00:00,840.6999999999999
2025-02-03 11:00:00,840.6999999999999
2025-02-03 12:00:00,840.5999999999999
2025-02-03 13:00:00,844.5999999999999
2025-02-03 14:00:00,844.9
2025-02-03 15:00:00,848.6999999999999
2025-02-03 16:00:00,847.9
2025-02-03 17:00:00,847.9
2025-02-03 18:00:00,847.9
2025-02-03 19:00:00,847.9
2025-02-03 20:00:00,847.9
2025-02-03 21:00:00,847.9
2025-02-03 23:00:00,847.6999999999999
2025-02-04 08:00:00,853.5
2025-02-04 09:00:00,855.1999999999999
2025-02-04 10:00:00,857.0
2025-02-04 11:00:00,861.0999999999999
2025-02-04 12:00:00,862.9
2025-02-04 13:00:00,862.5
2025-02-04 14:00:00,862.1999999999999
2025-02-04 15:00:00,863.1999999999999
2025-02-04 16:00:00,863.8
2025-02-04 17:00:00,863.8
2025-02-04 18:00:00,863.8
2025-02-04 19:00:00,863.8
2025-02-04 20:00:00,863.8
2025-02-04 21:00:00,863.8
2025-02-04 23:00:00,864.1999999999999
2025-02-05 08:00:00,858.0
2025-02-05 09:00:00,858.0
2025-02-05 10:00:00,859.1999999999999
2025-02-05 11:00:00,861.0999999999999
2025-02-05 12:00:00,860.1999999999999
2025-02-05 13:00:00,859.8
2025-02-05 14:00:00,858.9
2025-02-05 15:00:00,861.8
2025-02-05 16:00:00,864.5
2025-02-05 17:00:00,866.6999999999999
2025-02-05 18:00:00,866.6999999999999
2025-02-05 19:00:00,866.6999999999999
2025-02-05 20:00:00,866.6999999999999
2025-02-05 21:00:00,866.6999999999999
2025-02-05 23:00:00,863.9
2025-02-06 08:00:00,871.5
2025-02-06 09:00:00,871.9
2025-02-06 10:00:00,870.6999999999999
2025-02-06 11:00:00,868.9
2025-02-06 12:00:00,868.9
2025-02-06 13:00:00,867.5999999999999
2025-02-06 14:00:00,870.5999999999999
2025-02-06 15:00:00,870.5999999999999
2025-02-06 16:00:00,874.5999999999999
2025-02-06 17:00:00,874.5999999999999
2025-02-06 18:00:00,874.5999999999999
2025-02-06 19:00:00,874.5999999999999
2025-02-06 20:00:00,874.5999999999999
2025-02-06 21:00:00,874.5999999999999
2025-02-06 23:00:00,874.6999999999999
2025-02-07 08:00:00,871.4
2025-02-07 09:00:00,873.0
2025-02-07 10:00:00,872.0
2025-02-07 11:00:00,873.1999999999999
2025-02-07 12:00:00,873.4
2025-02-07 13:00:00,873.0999999999999
2025-02-07 14:00:00,870.5999999999999
2025-02-07 15:00:00,866.5999999999999
2025-02-07 16:00:00,865.9
2025-02-07 17:00:00,865.9
2025-02-07 18:00:00,865.9
2025-02-07 19:00:00,865.9
2025-02-07 20:00:00,865.9
2025-02-07 21:00:00,865.9
2025-02-07 23:00:00,863.6999999999999
2025-02-10 08:00:00,870.4
2025-02-10 09:00:00,870.6999999999999
2025-02-10 10:00:00,872.4
2025-02-10 11:00:00,872.1999999999999
2025-02-10 12:00:00,871.5999999999999
2025-02-10 13:00:00,872.8
2025-02-10 14:00:00,875.0
2025-02-10 15:00:00,875.0999999999999
2025-02-10 16:00:00,875.8
2025-02-10 17:00:00,875.8
2025-02-10 18:00:00,875.8
2025-02-10 19:00:00,875.8
2025-02-10 20:00:00,875.8
2025-02-10 21:00:00,875.8
2025-02-10 23:00:00,876.6999999999999
2025-02-11 08:00:00,878.3
2025-02-11 09:00:00,876.8
2025-02-11 10:00:00,876.9
2025-02-11 11:00:00,878.0
2025-02-11 12:00:00,878.6999999999999
2025-02-11 13:00:00,878.0
2025-02-11 14:00:00,881.0
2025-02-11 15:00:00,882.8
2025-02-11 16:00:00,882.6999999999999
2025-02-11 17:00:00,882.6999999999999
2025-02-11 18:00:00,882.6999999999999
2025-02-11 19:00:00,882.6999999999999
2025-02-11 20:00:00,882.6999999999999
2025-02-11 21:00:00,882.6999999999999
2025-02-11 23:00:00,882.6999999999999
2025-02-12 08:00:00,885.3
2025-02-12 09:00:00,884.0999999999999
2025-02-12 10:00:00,883.5999999999999
2025-02-12 11:00:00,882.1999999999999
2025-02-12 12:00:00,882.6999999999999
2025-02-12 13:00:00,876.1999999999999
2025-02-12 14:00:00,879.1999999999999
2025-02-12 15:00:00,882.4
2025-02-12 16:00:00,883.3
2025-02-12 17:00:00,883.3
2025-02-12 18:00:00,883.3
2025-02-12 19:00:00,883.3
2025-02-12 20:00:00,883.3
2025-02-12 21:00:00,883.3
2025-02-12 23:00:00,883.0
2025-02-13 08:00:00,884.9
2025-02-13 09:00:00,886.9
2025-02-13 10:00:00,889.1999999999999
2025-02-13 11:00:00,887.6999999999999
2025-02-13 12:00:00,889.4
2025-02-13 13:00:00,889.6999999999999
2025-02-13 14:00:00,894.6999999999999
2025-02-13 15:00:00,896.1999999999999
2025-02-13 16:00:00,897.6999999999999
2025-02-13 17:00:00,897.6999999999999
2025-02-13 18:00:00,897.6999999999999
2025-02-13 19:00:00,897.6999999999999
2025-02-13 20:00:00,897.6999999999999
2025-02-13 21:00:00,897.6999999999999
2025-02-13 23:00:00,897.6999999999999
2025-02-14 08:00:00,901.5999999999999
2025-02-14 09:00:00,904.8
2025-02-14 10:00:00,902.9
2025-02-14 11:00:00,904.0
2025-02-14 12:00:00,904.0999999999999
2025-02-14 13:00:00,904.6999999999999
2025-02-14 14:00:00,901.6999999999999
2025-02-14 15:00:00,897.5
2025-02-14 16:00:00,897.8
2025-02-14 17:00:00,897.8
2025-02-14 18:00:00,897.8
2025-02-14 19:00:00,897.8
2025-02-14 20:00:00,897.8
2025-02-14 21:00:00,897.8
2025-02-14 23:00:00,897.0
2025-02-17 08:00:00,896.5
2025-02-17 09:00:00,896.5999999999999
2025-02-17 10:00:00,897.0
2025-02-17 11:00:00,898.3
2025-02-17 12:00:00,898.9
2025-02-17 13:00:00,900.0
2025-02-17 14:00:00,900.5
2025-02-17 15:00:00,902.0
2025-02-17 16:00:00,903.5
2025-02-17 17:00:00,903.5
2025-02-17 18:00:00,903.5
2025-02-17 19:00:00,903.5
2025-02-17 20:00:00,903.5
2025-02-17 21:00:00,903.5
2025-02-17 23:00:00,903.1999999999999
2025-02-18 08:00:00,897.5
2025-02-18 09:00:00,895.5
2025-02-18 10:00:00,897.3
2025-02-18 11:00:00,899.3
2025-02-18 12:00:00,901.5999999999999
2025-02-18 13:00:00,904.0
2025-02-18 14:00:00,898.3
2025-02-18 15:00:00,895.3
2025-02-18 16:00:00,893.1999999999999
2025-02-18 17:00:00,893.1999999999999
2025-02-18 18:00:00,893.1999999999999
2025-02-18 19:00:00,893.1999999999999
2025-02-18 20:00:00,893.1999999999999
2025-02-18 21:00:00,893.1999999999999
2025-02-18 23:00:00,894.6999999999999
2025-02-19 08:00:00,896.6999999999999
2025-02-19 09:00:00,896.4
2025-02-19 10:00:00,893.8
2025-02-19 11:00:00,891.5
2025-02-19 12:00:00,893.3
2025-02-19 13:00:00,890.5
2025-02-19 14:00:00,886.8
2025-02-19 15:00:00,886.3
2025-02-19 16:00:00,887.6999999999999
2025-02-19 17:00:00,887.6999999999999
2025-02-19 18:00:00,887.6999999999999
2025-02-19 19:00:00,887.6999999999999
2025-02-19 20:00:00,887.6999999999999
2025-02-19 21:00:00,887.6999999999999
2025-02-19 23:00:00,888.5999999999999
2025-02-20 08:00:00,887.5999999999999
2025-02-20 09:00:00,891.0999999999999
2025-02-20 10:00:00,892.5
2025-02-20 11:00:00,892.0999999999999
2025-02-20 12:00:00,894.0999999999999
2025-02-20 13:00:00,893.8
2025-02-20 14:00:00,891.6999999999999
2025-02-20 15:00:00,887.5999999999999
2025-02-20 16:00:00,887.0
2025-02-20 17:00:00,887.0
2025-02-20 18:00:00,887.0
2025-02-20 19:00:00,887.0
2025-02-20 20:00:00,887.0
2025-02-20 21:00:00,887.0
2025-02-20 23:00:00,887.5999999999999
2025-02-21 08:00:00,890.6999999999999
2025-02-21 09:00:00,890.1999999999999
2025-02-21 10:00:00,894.9
2025-02-21 11:00:00,894.8
2025-02-21 12:00:00,893.4
2025-02-21 13:00:00,891.8
2025-02-21 14:00:00,888.3
2025-02-21 15:00:00,887.8
2025-02-21 16:00:00,889.5999999999999
2025-02-21 17:00:00,889.5999999999999
2025-02-21 18:00:00,889.5999999999999
2025-02-21 19:00:00,889.5999999999999
2025-02-21 20:00:00,889.5999999999999
2025-02-21 21:00:00,889.5999999999999
2025-02-21 23:00:00,889.9
2025-02-24 08:00:00,884.1999999999999
2025-02-24 09:00:00,885.9
2025-02-24 10:00:00,884.0
2025-02-24 11:00:00,886.3
2025-02-24 12:00:00,885.6999999999999
2025-02-24 13:00:00,886.0
2025-02-24 14:00:00,877.6999999999999
2025-02-24 15:00:00,878.0
2025-02-24 16:00:00,881.5
2025-02-24 17:00:00,879.5999999999999
2025-02-24 18:00:00,879.5999999999999
2025-02-24 19:00:00,879.5999999999999
2025-02-24 20:00:00,879.5999999999999
2025-02-24 21:00:00,879.5999999999999
2025-02-24 23:00:00,881.9
2025-02-25 07:00:00,870.5
2025-02-25 08:00:00,868.1999999999999
2025-02-25 09:00:00,869.0999999999999
2025-02-25 10:00:00,867.1999999999999
2025-02-25 11:00:00,868.8
2025-02-25 12:00:00,871.1999999999999
2025-02-25 13:00:00,873.8
2025-02-25 14:00:00,869.3
2025-02-25 15:00:00,869.6999999999999
2025-02-25 16:00:00,869.1999999999999
2025-02-25 17:00:00,869.1999999999999
2025-02-25 18:00:00,869.1999999999999
2025-02-25 19:00:00,869.1999999999999
2025-02-25 20:00:00,869.1999999999999
2025-02-25 21:00:00,869.1999999999999
2025-02-25 23:00:00,868.4
2025-02-26 08:00:00,875.4
2025-02-26 09:00:00,875.6999999999999
2025-02-26 10:00:00,876.4
2025-02-26 11:00:00,875.6999999999999
2025-02-26 12:00:00,877.5999999999999
2025-02-26 13:00:00,877.8
2025-02-26 14:00:00,875.5999999999999
2025-02-26 15:00:00,877.9
2025-02-26 16:00:00,879.9
2025-02-26 17:00:00,879.9
2025-02-26 18:00:00,879.9
2025-02-26 19:00:00,879.9
2025-02-26 20:00:00,879.9
2025-02-26 21:00:00,879.9
2025-02-26 23:00:00,879.9
2025-02-27 08:00:00,868.4
2025-02-27 09:00:00,868.8
2025-02-27 10:00:00,867.6999999999999
2025-02-27 11:00:00,870.1999999999999
2025-02-27 12:00:00,871.6999999999999
2025-02-27 13:00:00,868.5
2025-02-27 14:00:00,861.0
2025-02-27 15:00:00,860.8
2025-02-27 16:00:00,859.8
2025-02-27 17:00:00,859.8
2025-02-27 18:00:00,859.8
2025-02-27 19:00:00,859.8
2025-02-27 20:00:00,859.8
2025-02-27 21:00:00,859.8
2025-02-27 23:00:00,859.5999999999999
2025-02-28 08:00:00,848.0999999999999
2025-02-28 09:00:00,849.1999999999999
2025-02-28 10:00:00,848.4
2025-02-28 11:00:00,848.9
2025-02-28 12:00:00,846.1999999999999
2025-02-28 13:00:00,845.5999999999999
2025-02-28 14:00:00,844.5999999999999
2025-02-28 15:00:00,847.0
2025-02-28 16:00:00,846.0999999999999
2025-02-28 17:00:00,846.0999999999999
2025-02-28 18:00:00,846.0999999999999
2025-02-28 19:00:00,846.0999999999999
2025-02-28 20:00:00,846.0999999999999
2025-02-28 21:00:00,846.0999999999999
2025-02-28 23:00:00,844.8
2025-03-03 08:00:00,849.4
2025-03-03 09:00:00,855.1999999999999
2025-03-03 10:00:00,854.0999999999999
2025-03-03 11:00:00,855.0999999999999
2025-03-03 12:00:00,860.0999999999999
2025-03-03 13:00:00,859.8
2025-03-03 14:00:00,855.3
2025-03-03 15:00:00,862.0
2025-03-03 16:00:00,859.6999999999999
2025-03-03 17:00:00,859.6999999999999
2025-03-03 18:00:00,859.6999999999999
2025-03-03 19:00:00,859.6999999999999
2025-03-03 20:00:00,859.6999999999999
2025-03-03 21:00:00,859.6999999999999
2025-03-03 23:00:00,860.0999999999999
2025-03-04 08:00:00,844.3
2025-03-04 09:00:00,844.5
2025-03-04 10:00:00,840.0999999999999
2025-03-04 11:00:00,839.1999999999999
2025-03-04 12:00:00,834.5
2025-03-04 13:00:00,829.3
2025-03-04 14:00:00,834.5999999999999
2025-03-04 15:00:00,831.8
2025-03-04 16:00:00,831.0999999999999
2025-03-04 17:00:00,831.0999999999999
2025-03-04 18:00:00,831.0999999999999
2025-03-04 19:00:00,831.0999999999999
2025-03-04 20:00:00,831.0999999999999
2025-03-04 21:00:00,831.0999999999999
2025-03-04 23:00:00,826.0999999999999
2025-03-05 08:00:00,847.0999999999999
2025-03-05 09:00:00,853.9
2025-03-05 10:00:00,849.6999999999999
2025-03-05 11:00:00,850.5999999999999
2025-03-05 12:00:00,850.0
2025-03-05 13:00:00,850.4
2025-03-05 14:00:00,845.8
2025-03-05 15:00:00,850.3
2025-03-05 16:00:00,848.0999999999999
2025-03-05 17:00:00,848.0999999999999
2025-03-05 18:00:00,848.0999999999999
2025-03-05 19:00:00,848.0999999999999
2025-03-05 20:00:00,848.0999999999999
2025-03-05 21:00:00,848.0999999999999
2025-03-05 23:00:00,847.9
2025-03-06 08:00:00,853.5
2025-03-06 09:00:00,849.4
2025-03-06 10:00:00,844.8
2025-03-06 11:00:00,846.0
2025-03-06 12:00:00,846.0
2025-03-06 13:00:00,846.3
2025-03-06 14:00:00,846.9
2025-03-06 15:00:00,852.4
2025-03-06 16:00:00,849.8
2025-03-06 17:00:00,849.8
2025-03-06 18:00:00,849.8
2025-03-06 19:00:00,849.8
2025-03-06 20:00:00,849.8
2025-03-06 21:00:00,849.8
2025-03-06 23:00:00,852.9
2025-03-07 08:00:00,843.4
2025-03-07 09:00:00,847.0999999999999
2025-03-07 10:00:00,844.8
2025-03-07 11:00:00,844.8
2025-03-07 12:00:00,842.3
2025-03-07 13:00:00,841.0
2025-03-07 14:00:00,844.8
2025-03-07 15:00:00,843.3
2025-03-07 16:00:00,838.3
2025-03-07 17:00:00,838.3
2025-03-07 18:00:00,838.3
2025-03-07 19:00:00,838.3
2025-03-07 20:00:00,838.3
2025-03-07 21:00:00,838.3
2025-03-07 23:00:00,840.1999999999999
2025-03-10 08:00:00,827.1999999999999
2025-03-10 09:00:00,826.9
2025-03-10 10:00:00,824.8
2025-03-10 11:00:00,823.1999999999999
2025-03-10 12:00:00,821.1999999999999
2025-03-10 13:00:00,819.3
2025-03-10 14:00:00,808.0
2025-03-10 15:00:00,812.3
2025-03-10 16:00:00,812.3
2025-03-10 17:00:00,812.3
2025-03-10 18:00:00,812.3
2025-03-10 19:00:00,812.3
2025-03-10 20:00:00,812.3
2025-03-10 21:00:00,812.3
2025-03-10 23:00:00,811.6999999999999
2025-03-11 08:00:00,814.5999999999999
2025-03-11 09:00:00,815.0
2025-03-11 10:00:00,813.0999999999999
2025-03-11 11:00:00,808.8
2025-03-11 12:00:00,808.0
2025-03-11 13:00:00,808.0
2025-03-11 14:00:00,796.0
2025-03-11 15:00:00,798.4
2025-03-11 16:00:00,799.1999999999999
2025-03-11 17:00:00,799.1999999999999
2025-03-11 18:00:00,799.1999999999999
2025-03-11 19:00:00,799.1999999999999
2025-03-11 20:00:00,799.1999999999999
2025-03-11 21:00:00,799.1999999999999
2025-03-11 23:00:00,808.0
2025-03-12 23:00:00,818.9
2025-03-13 23:00:00,810.6
2025-03-14 10:00:00,818.5
2025-03-14 11:00:00,824.3
2025-03-14 12:00:00,823.6
2025-03-14 13:00:00,824.5
2025-03-14 14:00:00,823.6
2025-03-14 15:00:00,827.3
2025-03-14 16:00:00,828.1
2025-03-14 17:00:00,828.1
2025-03-14 18:00:00,828.1
2025-03-14 19:00:00,828.1
2025-03-14 20:00:00,828.1
2025-03-14 21:00:00,828.1
2025-03-14 23:00:00,828.2
2025-03-17 08:00:00,830.0
2025-03-17 09:00:00,830.0
2025-03-17 10:00:00,830.0
2025-03-17 11:00:00,831.5
2025-03-17 12:00:00,830.5
2025-03-17 13:00:00,834.7
2025-03-17 14:00:00,834.4
2025-03-17 15:00:00,836.0
2025-03-17 16:00:00,833.9
2025-03-17 17:00:00,833.9
2025-03-17 18:00:00,833.9
2025-03-17 19:00:00,833.9
2025-03-17 20:00:00,833.9
2025-03-17 21:00:00,833.9
2025-03-17 23:00:00,833.9
2025-03-18 08:00:00,846.6
2025-03-18 09:00:00,849.4
2025-03-18 10:00:00,845.9
2025-03-18 11:00:00,848.1
2025-03-18 12:00:00,845.9
2025-03-18 13:00:00,840.9
2025-03-18 14:00:00,837.9
2025-03-18 15:00:00,838.5
2025-03-18 16:00:00,840.4
2025-03-18 17:00:00,840.4
2025-03-18 18:00:00,840.4
2025-03-18 19:00:00,840.4
2025-03-18 20:00:00,840.4
2025-03-18 21:00:00,840.4
2025-03-18 23:00:00,846.6
2025-03-19 08:00:00,842.4
2025-03-19 09:00:00,842.4
2025-03-19 10:00:00,844.5
2025-03-19 11:00:00,844.9
2025-03-19 12:00:00,843.0
2025-03-19 13:00:00,841.5
2025-03-19 14:00:00,841.5
2025-03-19 15:00:00,846.1
2025-03-19 16:00:00,846.4
2025-03-19 17:00:00,846.4
2025-03-19 18:00:00,846.4
2025-03-19 19:00:00,846.4
2025-03-19 20:00:00,846.4
2025-03-19 21:00:00,846.4
2025-03-19 23:00:00,844.9
2025-03-20 07:00:00,856.3
2025-03-20 08:00:00,848.7
2025-03-20 09:00:00,847.6
2025-03-20 10:00:00,838.6
2025-03-20 11:00:00,842.4
2025-03-20 12:00:00,842.4
2025-03-20 13:00:00,842.4
2025-03-20 14:00:00,842.4
2025-03-20 15:00:00,842.4
2025-03-20 16:00:00,841.8
2025-03-20 17:00:00,841.8
2025-03-20 18:00:00,841.8
2025-03-20 19:00:00,841.8
2025-03-20 20:00:00,841.8
2025-03-20 21:00:00,841.8
2025-03-20 23:00:00,842.4
2025-03-21 08:00:00,832.6
2025-03-21 09:00:00,828.8
2025-03-21 10:00:00,831.9
2025-03-21 11:00:00,829.1
2025-03-21 12:00:00,827.5
2025-03-21 13:00:00,830.2
2025-03-21 14:00:00,828.0
2025-03-21 15:00:00,830.4
2025-03-21 16:00:00,834.4
2025-03-21 17:00:00,834.4
2025-03-21 18:00:00,834.4
2025-03-21 19:00:00,834.4
2025-03-21 20:00:00,834.4
2025-03-21 21:00:00,834.4
2025-03-21 23:00:00,834.4
2025-03-24 08:00:00,841.6
2025-03-24 09:00:00,837.9
2025-03-24 10:00:00,839.9
2025-03-24 11:00:00,837.5
2025-03-24 12:00:00,837.9
2025-03-24 13:00:00,842.6
2025-03-24 14:00:00,843.6
2025-03-24 15:00:00,842.6
2025-03-24 16:00:00,842.4
2025-03-24 17:00:00,842.4
2025-03-24 18:00:00,842.4
2025-03-24 19:00:00,842.4
2025-03-24 20:00:00,842.4
2025-03-24 21:00:00,842.4
2025-03-24 23:00:00,842.9
2025-03-25 08:00:00,841.9
2025-03-25 09:00:00,843.2
2025-03-25 10:00:00,845.8
2025-03-25 11:00:00,851.3
2025-03-25 12:00:00,849.4
2025-03-25 13:00:00,848.5
2025-03-25 14:00:00,847.8
2025-03-25 15:00:00,846.2
2025-03-25 16:00:00,848.3
2025-03-25 17:00:00,848.3
2025-03-25 18:00:00,848.3
2025-03-25 19:00:00,848.3
2025-03-25 20:00:00,848.3
2025-03-25 21:00:00,848.3
2025-03-25 23:00:00,848.2
2025-03-26 08:00:00,842.6
2025-03-26 09:00:00,839.1
2025-03-26 10:00:00,840.2
2025-03-26 11:00:00,839.2
2025-03-26 12:00:00,838.3
2025-03-26 13:00:00,832.0
2025-03-26 14:00:00,835.9
2025-03-26 15:00:00,833.0
2025-03-26 16:00:00,831.9
2025-03-26 17:00:00,831.9
2025-03-26 18:00:00,833.9
2025-03-26 19:00:00,833.9
2025-03-26 20:00:00,833.9
2025-03-26 21:00:00,833.9
2025-03-26 23:00:00,831.0
2025-03-27 08:00:00,821.7
2025-03-27 09:00:00,822.7
2025-03-27 10:00:00,822.2
2025-03-27 11:00:00,821.0
2025-03-27 12:00:00,818.8
2025-03-27 13:00:00,820.8
2025-03-27 14:00:00,823.1
2025-03-27 15:00:00,820.1
2025-03-27 16:00:00,822.6
2025-03-27 17:00:00,822.6
2025-03-27 18:00:00,822.6
2025-03-27 19:00:00,822.6
2025-03-27 20:00:00,822.6
2025-03-27 21:00:00,822.6
2025-03-27 23:00:00,820.5
2025-03-28 08:00:00,816.4
2025-03-28 09:00:00,813.3
2025-03-28 10:00:00,814.6
2025-03-28 11:00:00,815.1
2025-03-28 12:00:00,813.6
2025-03-28 13:00:00,811.0
2025-03-28 14:00:00,804.6
2025-03-28 15:00:00,805.2
2025-03-28 16:00:00,805.4
2025-03-28 17:00:00,805.4
2025-03-28 18:00:00,805.4
2025-03-28 19:00:00,805.4
2025-03-28 20:00:00,805.4
2025-03-28 21:00:00,805.4
2025-03-28 23:00:00,804.9
2025-03-31 08:00:00,796.4
2025-03-31 09:00:00,794.9
2025-03-31 10:00:00,791.3
2025-03-31 11:00:00,788.0
2025-03-31 12:00:00,788.8
2025-03-31 13:00:00,790.1
2025-03-31 14:00:00,790.3
2025-03-31 15:00:00,788.8
2025-03-31 16:00:00,789.5
2025-03-31 17:00:00,789.5
2025-03-31 18:00:00,789.5
2025-03-31 19:00:00,789.5
2025-03-31 20:00:00,789.5
2025-03-31 21:00:00,789.5
2025-03-31 23:00:00,789.5
2025-04-01 07:00:00,798.0
2025-04-01 08:00:00,796.7
2025-04-01 09:00:00,800.5
2025-04-01 10:00:00,802.1
2025-04-01 11:00:00,798.5
2025-04-01 12:00:00,798.7
2025-04-01 13:00:00,798.8
2025-04-01 14:00:00,798.4
2025-04-01 15:00:00,798.8
2025-04-01 16:00:00,802.3
2025-04-01 17:00:00,802.3
2025-04-01 18:00:00,802.3
2025-04-01 19:00:00,802.3
2025-04-01 20:00:00,802.3
2025-04-01 21:00:00,802.3
2025-04-01 23:00:00,803.1
2025-04-02 08:00:00,799.7
2025-04-02 09:00:00,799.2
2025-04-02 10:00:00,799.4
2025-04-02 11:00:00,797.0
2025-04-02 12:00:00,795.1
2025-04-02 13:00:00,794.4
2025-04-02 14:00:00,796.6
2025-04-02 15:00:00,799.1
2025-04-02 16:00:00,800.0
2025-04-02 17:00:00,800.0
2025-04-02 18:00:00,800.0
2025-04-02 19:00:00,800.0
2025-04-02 20:00:00,800.0
2025-04-02 21:00:00,800.0
2025-04-02 23:00:00,799.7
2025-04-03 08:00:00,779.7
2025-04-03 09:00:00,780.4
2025-04-03 10:00:00,775.1
2025-04-03 11:00:00,769.3
2025-04-03 12:00:00,771.8
2025-04-03 13:00:00,770.8
2025-04-03 14:00:00,770.4
2025-04-03 15:00:00,763.1
2025-04-03 16:00:00,765.1
2025-04-03 17:00:00,763.0
2025-04-03 18:00:00,763.0
2025-04-03 19:00:00,763.0
2025-04-03 20:00:00,763.0
2025-04-03 21:00:00,763.0
2025-04-03 23:00:00,764.3
2025-04-04 08:00:00,759.9
2025-04-04 09:00:00,758.4
2025-04-04 10:00:00,756.2
2025-04-04 11:00:00,734.0
2025-04-04 12:00:00,736.8
2025-04-04 13:00:00,736.3
2025-04-04 14:00:00,739.4
2025-04-04 15:00:00,726.9
2025-04-04 16:00:00,734.3
2025-04-04 17:00:00,734.3
2025-04-04 18:00:00,734.3
2025-04-04 19:00:00,734.3
2025-04-04 20:00:00,734.3
2025-04-04 21:00:00,734.3
2025-04-04 23:00:00,737.8
2025-04-07 08:00:00,686.3
2025-04-07 09:00:00,689.6
2025-04-07 10:00:00,691.5
2025-04-07 11:00:00,695.3
2025-04-07 12:00:00,692.3
2025-04-07 13:00:00,704.7
2025-04-07 14:00:00,711.1
2025-04-07 15:00:00,721.3
2025-04-07 16:00:00,703.5
2025-04-07 17:00:00,703.5
2025-04-07 18:00:00,703.5
2025-04-07 19:00:00,703.5
2025-04-07 20:00:00,703.5
2025-04-07 21:00:00,703.5
2025-04-07 23:00:00,703.4
2025-04-08 08:00:00,715.9
2025-04-08 09:00:00,716.2
2025-04-08 10:00:00,713.7
2025-04-08 11:00:00,717.4
2025-04-08 12:00:00,722.3
2025-04-08 13:00:00,722.6
2025-04-08 14:00:00,729.4
2025-04-08 15:00:00,724.1
2025-04-08 16:00:00,722.5
2025-04-08 17:00:00,722.5
2025-04-08 18:00:00,722.5
2025-04-08 19:00:00,722.5
2025-04-08 20:00:00,722.5
2025-04-08 21:00:00,722.5
2025-04-08 23:00:00,722.9
2025-04-09 08:00:00,707.9
2025-04-09 09:00:00,708.1
2025-04-09 10:00:00,703.7
2025-04-09 11:00:00,700.5
2025-04-09 12:00:00,692.2
2025-04-09 13:00:00,697.1
2025-04-09 14:00:00,704.4
2025-04-09 15:00:00,694.5
2025-04-09 16:00:00,696.7
2025-04-09 17:00:00,696.7
2025-04-09 18:00:00,696.7
2025-04-09 19:00:00,696.7
2025-04-09 20:00:00,696.7
2025-04-09 21:00:00,696.7
2025-04-09 23:00:00,698.0
2025-04-10 08:00:00,747.0
2025-04-10 09:00:00,744.9
2025-04-10 10:00:00,740.7
2025-04-10 11:00:00,746.3
2025-04-10 12:00:00,743.7
2025-04-10 13:00:00,740.3
2025-04-10 14:00:00,740.8
2025-04-10 15:00:00,735.6
2025-04-10 16:00:00,725.1
2025-04-10 17:00:00,725.1
2025-04-10 18:00:00,725.1
2025-04-10 19:00:00,725.1
2025-04-10 20:00:00,725.1
2025-04-10 21:00:00,725.1
2025-04-10 23:00:00,728.2
2025-04-11 08:00:00,729.5
2025-04-11 09:00:00,718.1
2025-04-11 10:00:00,720.8
2025-04-11 11:00:00,727.9
2025-04-11 12:00:00,722.9
2025-04-11 13:00:00,724.2
2025-04-11 14:00:00,725.8
2025-04-11 15:00:00,722.6
2025-04-11 16:00:00,722.5
2025-04-11 17:00:00,722.5
2025-04-11 18:00:00,722.5
2025-04-11 19:00:00,722.5
2025-04-11 20:00:00,722.5
2025-04-11 21:00:00,722.5
2025-04-11 23:00:00,721.6
2025-04-14 08:00:00,741.4
2025-04-14 09:00:00,740.9
2025-04-14 10:00:00,739.6
2025-04-14 11:00:00,740.6
2025-04-14 12:00:00,742.6
2025-04-14 13:00:00,743.8
2025-04-14 14:00:00,742.9
2025-04-14 15:00:00,746.1
2025-04-14 16:00:00,738.1
2025-04-14 17:00:00,738.1
2025-04-14 18:00:00,738.1
2025-04-14 19:00:00,738.1
2025-04-14 20:00:00,738.1
2025-04-14 21:00:00,738.1
2025-04-14 23:00:00,739.8
2025-04-15 08:00:00,753.1
2025-04-15 09:00:00,754.8
2025-04-15 10:00:00,753.0
2025-04-15 11:00:00,751.8
2025-04-15 12:00:00,752.1
2025-04-15 13:00:00,753.9
2025-04-15 14:00:00,757.9
2025-04-15 15:00:00,757.3
2025-04-15 16:00:00,757.3
2025-04-15 17:00:00,757.3
2025-04-15 18:00:00,757.3
2025-04-15 19:00:00,757.3
2025-04-15 20:00:00,757.3
2025-04-15 21:00:00,757.3
2025-04-15 23:00:00,756.8
2025-04-16 08:00:00,735.6
2025-04-16 09:00:00,740.3
2025-04-16 10:00:00,741.0
2025-04-16 11:00:00,740.6
2025-04-16 12:00:00,740.6
2025-04-16 13:00:00,742.4
2025-04-16 14:00:00,737.1
2025-04-16 15:00:00,737.5
2025-04-16 16:00:00,743.2
2025-04-16 17:00:00,743.2
2025-04-16 18:00:00,743.2
2025-04-16 19:00:00,743.2
2025-04-16 20:00:00,743.2
2025-04-16 21:00:00,743.2
2025-04-16 23:00:00,743.4
2025-04-17 08:00:00,736.7
2025-04-17 09:00:00,737.4
2025-04-17 10:00:00,736.8
2025-04-17 11:00:00,735.3
2025-04-17 12:00:00,735.2
2025-04-17 13:00:00,737.9
2025-04-17 14:00:00,737.2
2025-04-17 15:00:00,733.9
2025-04-17 16:00:00,735.1
2025-04-17 17:00:00,735.1
2025-04-17 18:00:00,735.1
2025-04-17 19:00:00,735.1
2025-04-17 20:00:00,735.1
2025-04-17 21:00:00,735.1
2025-04-17 23:00:00,736.8
2025-04-22 08:00:00,722.3
2025-04-22 09:00:00,722.3
2025-04-22 10:00:00,723.9
2025-04-22 11:00:00,723.4
2025-04-22 12:00:00,724.3
2025-04-22 13:00:00,724.3
2025-04-22 14:00:00,726.0
2025-04-22 15:00:00,730.2
2025-04-22 16:00:00,732.2
2025-04-22 17:00:00,732.2
2025-04-22 18:00:00,732.2
2025-04-22 19:00:00,732.2
2025-04-22 20:00:00,732.2
2025-04-22 21:00:00,732.2
2025-04-22 23:00:00,724.3
2025-04-23 08:00:00,754.9
2025-04-23 09:00:00,758.6
2025-04-23 10:00:00,759.6
2025-04-23 11:00:00,759.6
2025-04-23 12:00:00,760.1
2025-04-23 13:00:00,761.4
2025-04-23 14:00:00,765.4
2025-04-23 15:00:00,763.5
2025-04-23 16:00:00,758.3
2025-04-23 17:00:00,758.3
2025-04-23 18:00:00,758.3
2025-04-23 19:00:00,758.3
2025-04-23 20:00:00,758.3
2025-04-23 21:00:00,758.3
2025-04-23 23:00:00,758.1
2025-04-24 08:00:00,748.0
2025-04-24 09:00:00,750.0
2025-04-24 10:00:00,750.0
2025-04-24 11:00:00,758.1
2025-04-24 12:00:00,758.2
2025-04-24 13:00:00,765.8
2025-04-24 14:00:00,765.8
2025-04-24 15:00:00,772.4
2025-04-24 16:00:00,772.4
2025-04-24 17:00:00,772.4
2025-04-24 18:00:00,772.4
2025-04-24 19:00:00,772.4
2025-04-24 20:00:00,772.4
2025-04-24 23:00:00,750.0
2025-04-25 07:00:00,767.1
2025-04-25 08:00:00,770.0
2025-04-25 09:00:00,770.8
2025-04-25 10:00:00,767.5
2025-04-25 11:00:00,767.1
2025-04-25 12:00:00,769.5
2025-04-25 13:00:00,770.8
2025-04-25 14:00:00,770.4
2025-04-25 15:00:00,772.4
2025-04-25 16:00:00,772.4
2025-04-25 17:00:00,772.4
2025-04-25 18:00:00,772.4
2025-04-25 19:00:00,772.4
2025-04-25 20:00:00,772.4
2025-04-25 23:00:00,767.5
2025-04-28 07:00:00,774.9
2025-04-28 08:00:00,776.6
2025-04-28 09:00:00,779.5
2025-04-28 10:00:00,776.9
2025-04-28 11:00:00,777.6
2025-04-28 12:00:00,778.6
2025-04-28 13:00:00,779.1
2025-04-28 14:00:00,774.3
2025-04-28 15:00:00,770.9
2025-04-28 16:00:00,770.9
2025-04-28 17:00:00,770.9
2025-04-28 18:00:00,770.9
2025-04-28 19:00:00,770.9
2025-04-28 20:00:00,770.9
2025-04-28 23:00:00,776.6
2025-04-29 07:00:00,778.2
2025-04-29 08:00:00,780.6
2025-04-29 09:00:00,779.5
2025-04-29 10:00:00,776.9
2025-04-29 11:00:00,776.6
2025-04-29 12:00:00,775.9
2025-04-29 13:00:00,776.3
2025-04-29 14:00:00,777.0
2025-04-29 15:00:00,776.7
2025-04-29 16:00:00,776.7
2025-04-29 17:00:00,776.7
2025-04-29 18:00:00,776.7
2025-04-29 19:00:00,776.7
2025-04-29 20:00:00,776.7
2025-04-29 23:00:00,776.5
2025-04-30 07:00:00,780.2
2025-04-30 08:00:00,779.5
2025-04-30 09:00:00,781.3
2025-04-30 10:00:00,781.8
2025-04-30 11:00:00,781.8
2025-04-30 12:00:00,771.6
2025-04-30 13:00:00,768.2
2025-04-30 14:00:00,773.8
2025-04-30 15:00:00,777.8
2025-04-30 16:00:00,777.8
2025-04-30 17:00:00,777.8
2025-04-30 18:00:00,777.8
2025-04-30 19:00:00,777.8
2025-04-30 20:00:00,777.8
2025-04-30 23:00:00,777.6
2025-05-02 07:00:00,794.6
2025-05-02 08:00:00,793.5
2025-05-02 09:00:00,797.2
2025-05-02 10:00:00,798.3
2025-05-02 11:00:00,798.2
2025-05-02 12:00:00,802.4
2025-05-02 13:00:00,801.5
2025-05-02 14:00:00,804.1
2025-05-02 15:00:00,804.8
2025-05-02 16:00:00,804.8
2025-05-02 17:00:00,804.8
2025-05-02 18:00:00,804.8
2025-05-02 19:00:00,804.8
2025-05-02 20:00:00,804.8
2025-05-02 23:00:00,794.6
2025-05-05 07:00:00,803.9
2025-05-05 08:00:00,803.9
2025-05-05 09:00:00,803.9
2025-05-05 10:00:00,803.4
2025-05-05 11:00:00,802.8
2025-05-05 12:00:00,802.7
2025-05-05 13:00:00,804.8
2025-05-05 14:00:00,805.6
2025-05-05 15:00:00,806.3
2025-05-05 16:00:00,806.3
2025-05-05 17:00:00,806.3
2025-05-05 18:00:00,806.3
2025-05-05 19:00:00,806.3
2025-05-05 20:00:00,806.3
2025-05-05 23:00:00,805.0
2025-05-06 07:00:00,802.6
2025-05-06 08:00:00,796.3
2025-05-06 09:00:00,794.8
2025-05-06 10:00:00,797.8
2025-05-06 11:00:00,798.4
2025-05-06 12:00:00,799.5
2025-05-06 13:00:00,796.0
2025-05-06 14:00:00,799.9
2025-05-06 15:00:00,801.5
2025-05-06 16:00:00,801.5
2025-05-06 17:00:00,801.5
2025-05-06 18:00:00,801.5
2025-05-06 19:00:00,801.5
2025-05-06 20:00:00,801.5
2025-05-06 23:00:00,801.5
2025-05-07 07:00:00,797.8
2025-05-07 08:00:00,797.8
2025-05-07 09:00:00,799.7
2025-05-07 10:00:00,800.0
2025-05-07 11:00:00,801.1
2025-05-07 12:00:00,799.7
2025-05-07 13:00:00,799.0
2025-05-07 14:00:00,798.1
2025-05-07 15:00:00,800.8
2025-05-07 16:00:00,800.8
2025-05-07 17:00:00,800.8
2025-05-07 18:00:00,800.8
2025-05-07 19:00:00,800.8
2025-05-07 20:00:00,800.8
2025-05-07 23:00:00,800.2
2025-05-08 07:00:00,815.9
2025-05-08 08:00:00,818.9
2025-05-08 09:00:00,819.6
2025-05-08 10:00:00,820.4
2025-05-08 11:00:00,820.6
2025-05-08 12:00:00,817.2
2025-05-08 13:00:00,811.5
2025-05-08 14:00:00,810.0
2025-05-08 15:00:00,814.0
2025-05-08 16:00:00,814.0
2025-05-08 17:00:00,814.0
2025-05-08 18:00:00,814.0
2025-05-08 19:00:00,814.0
2025-05-08 20:00:00,814.0
2025-05-08 23:00:00,815.9
2025-05-09 07:00:00,817.0
2025-05-09 08:00:00,815.7
2025-05-09 09:00:00,817.7
2025-05-09 10:00:00,818.2
2025-05-09 11:00:00,817.3
2025-05-09 12:00:00,817.5
2025-05-09 13:00:00,817.6
2025-05-09 14:00:00,815.6
2025-05-09 15:00:00,814.9
2025-05-09 16:00:00,814.9
2025-05-09 17:00:00,814.9
2025-05-09 18:00:00,814.9
2025-05-09 19:00:00,814.9
2025-05-09 20:00:00,814.9
2025-05-09 23:00:00,817.5
2025-05-12 07:00:00,837.0
2025-05-12 08:00:00,840.0
2025-05-12 09:00:00,844.4
2025-05-12 10:00:00,842.1
2025-05-12 11:00:00,841.1
2025-05-12 12:00:00,842.5
2025-05-12 13:00:00,836.5
2025-05-12 14:00:00,839.9
2025-05-12 15:00:00,843.2
2025-05-12 16:00:00,843.2
2025-05-12 17:00:00,843.2
2025-05-12 18:00:00,843.2
2025-05-12 19:00:00,843.2
2025-05-12 20:00:00,843.2
2025-05-12 23:00:00,842.6
2025-05-13 07:00:00,845.9
2025-05-13 08:00:00,840.8
2025-05-13 09:00:00,841.8
2025-05-13 10:00:00,842.9
2025-05-13 11:00:00,843.5
2025-05-13 12:00:00,845.3
2025-05-13 13:00:00,849.9
2025-05-13 14:00:00,852.0
2025-05-13 15:00:00,854.2
2025-05-13 16:00:00,854.2
2025-05-13 17:00:00,854.2
2025-05-13 18:00:00,854.2
2025-05-13 19:00:00,854.2
2025-05-13 20:00:00,854.2
2025-05-13 23:00:00,854.3
2025-05-14 07:00:00,854.2
2025-05-14 08:00:00,849.9
2025-05-14 09:00:00,851.6
2025-05-14 10:00:00,852.8
2025-05-14 11:00:00,856.1
2025-05-14 12:00:00,855.9
2025-05-14 13:00:00,856.2
2025-05-14 14:00:00,855.5
2025-05-14 15:00:00,854.9
2025-05-14 16:00:00,854.9
2025-05-14 17:00:00,884.2
2025-05-14 18:00:00,884.2
2025-05-14 19:00:00,884.2
2025-05-14 20:00:00,884.2
2025-05-14 23:00:00,855.9
2025-05-15 07:00:00,850.3
2025-05-15 08:00:00,850.5
2025-05-15 09:00:00,851.8
2025-05-15 10:00:00,852.0
2025-05-15 11:00:00,853.5
2025-05-15 12:00:00,852.6
2025-05-15 13:00:00,851.6
2025-05-15 14:00:00,854.5
2025-05-15 15:00:00,855.1
2025-05-15 16:00:00,856.1
2025-05-15 17:00:00,856.1
2025-05-15 18:00:00,856.1
2025-05-15 19:00:00,856.1
2025-05-15 20:00:00,856.1
2025-05-15 23:00:00,855.1
2025-05-16 07:00:00,855.2
2025-05-16 08:00:00,855.6
2025-05-16 09:00:00,857.0
2025-05-16 10:00:00,856.3
2025-05-16 11:00:00,855.0
2025-05-16 12:00:00,852.8
2025-05-16 13:00:00,850.7
2025-05-16 14:00:00,848.7
2025-05-16 15:00:00,851.5
2025-05-16 16:00:00,851.5
2025-05-16 17:00:00,851.5
2025-05-16 18:00:00,851.5
2025-05-16 19:00:00,851.5
2025-05-16 20:00:00,851.5
2025-05-16 23:00:00,851.1
2025-05-19 07:00:00,843.2
2025-05-19 08:00:00,839.3
2025-05-19 09:00:00,838.0
2025-05-19 10:00:00,841.4
2025-05-19 11:00:00,841.9
2025-05-19 12:00:00,840.7
2025-05-19 13:00:00,843.6
2025-05-19 14:00:00,844.9
2025-05-19 15:00:00,847.7
2025-05-19 16:00:00,847.7
2025-05-19 17:00:00,847.7
2025-05-19 18:00:00,847.7
2025-05-19 19:00:00,847.7
2025-05-19 20:00:00,847.7
2025-05-19 23:00:00,846.1
2025-05-20 07:00:00,847.5
2025-05-20 08:00:00,849.3
2025-05-20 09:00:00,848.4
2025-05-20 10:00:00,851.0
2025-05-20 11:00:00,852.1
2025-05-20 12:00:00,852.3
2025-05-20 13:00:00,851.0
2025-05-20 14:00:00,846.7
2025-05-20 15:00:00,846.8
2025-05-20 16:00:00,846.8
2025-05-20 17:00:00,846.8
2025-05-20 18:00:00,846.8
2025-05-20 19:00:00,846.8
2025-05-20 20:00:00,846.8
2025-05-20 23:00:00,846.8
2025-05-21 07:00:00,847.4
2025-05-21 08:00:00,846.2
2025-05-21 09:00:00,845.8
2025-05-21 10:00:00,843.9
2025-05-21 11:00:00,848.0
2025-05-21 12:00:00,848.5
2025-05-21 13:00:00,849.9
2025-05-21 14:00:00,849.5
2025-05-21 15:00:00,850.7
2025-05-21 16:00:00,850.7
2025-05-21 17:00:00,850.7
2025-05-21 18:00:00,850.7
2025-05-21 19:00:00,850.7
2025-05-21 20:00:00,850.7
2025-05-21 23:00:00,851.7
2025-05-22 07:00:00,841.3
2025-05-22 08:00:00,842.2
2025-05-22 09:00:00,841.1
2025-05-22 10:00:00,839.9
2025-05-22 11:00:00,840.2
2025-05-22 12:00:00,842.4
2025-05-22 13:00:00,844.9
2025-05-22 14:00:00,845.8
2025-05-22 15:00:00,846.1
2025-05-22 16:00:00,844.5
2025-05-22 17:00:00,844.5
2025-05-22 18:00:00,844.5
2025-05-22 19:00:00,844.5
2025-05-22 20:00:00,844.5
2025-05-22 23:00:00,845.8
2025-05-23 07:00:00,849.9
2025-05-23 08:00:00,848.2
2025-05-23 09:00:00,847.6
2025-05-23 10:00:00,847.6
2025-05-23 11:00:00,827.8
2025-05-23 12:00:00,825.8
2025-05-23 13:00:00,830.0
2025-05-23 14:00:00,832.3
2025-05-23 15:00:00,832.6
2025-05-23 16:00:00,832.6
2025-05-23 17:00:00,832.6
2025-05-23 18:00:00,832.6
2025-05-23 19:00:00,832.6
2025-05-23 20:00:00,832.6
2025-05-23 23:00:00,832.4
2025-05-26 07:00:00,847.0
2025-05-26 08:00:00,845.8
2025-05-26 09:00:00,845.8
2025-05-26 10:00:00,847.4
2025-05-26 11:00:00,847.4
2025-05-26 12:00:00,847.4
2025-05-26 13:00:00,844.0
2025-05-26 14:00:00,844.0
2025-05-26 15:00:00,842.3
2025-05-26 16:00:00,842.3
2025-05-26 17:00:00,842.3
2025-05-26 18:00:00,842.3
2025-05-26 19:00:00,842.3
2025-05-26 20:00:00,842.3
2025-05-26 23:00:00,842.2
2025-05-27 07:00:00,849.1
2025-05-27 08:00:00,850.1
2025-05-27 09:00:00,853.4
2025-05-27 10:00:00,853.3
2025-05-27 11:00:00,851.9
2025-05-27 12:00:00,850.9
2025-05-27 13:00:00,852.3
2025-05-27 14:00:00,853.8
2025-05-27 15:00:00,851.8
2025-05-27 16:00:00,851.8
2025-05-27 17:00:00,851.8
2025-05-27 18:00:00,851.8
2025-05-27 19:00:00,851.8
2025-05-27 20:00:00,851.8
2025-05-27 23:00:00,853.3
2025-05-28 07:00:00,850.5
2025-05-28 08:00:00,848.3
2025-05-28 09:00:00,846.5
2025-05-28 10:00:00,849.4
2025-05-28 11:00:00,848.6
2025-05-28 12:00:00,847.0
2025-05-28 13:00:00,847.5
2025-05-28 14:00:00,845.6
2025-05-28 15:00:00,845.9
2025-05-28 16:00:00,845.9
2025-05-28 17:00:00,845.9
2025-05-28 18:00:00,845.9
2025-05-28 19:00:00,845.9
2025-05-28 20:00:00,845.9
2025-05-28 23:00:00,846.1
2025-05-29 07:00:00,858.7
2025-05-29 08:00:00,852.8
2025-05-29 09:00:00,852.9
2025-05-29 10:00:00,852.6
2025-05-29 11:00:00,849.3
2025-05-29 12:00:00,847.7
2025-05-29 13:00:00,843.8
2025-05-29 14:00:00,842.5
2025-05-29 15:00:00,843.9
2025-05-29 16:00:00,843.9
2025-05-29 17:00:00,843.9
2025-05-29 18:00:00,843.9
2025-05-29 19:00:00,843.9
2025-05-29 20:00:00,843.9
2025-05-29 23:00:00,843.9
2025-05-30 07:00:00,844.4
2025-05-30 08:00:00,843.8
2025-05-30 09:00:00,844.0
2025-05-30 10:00:00,842.3
2025-05-30 11:00:00,842.6
2025-05-30 12:00:00,841.2
2025-05-30 13:00:00,839.1
2025-05-30 14:00:00,838.4
2025-05-30 15:00:00,837.8
2025-05-30 16:00:00,837.8
2025-05-30 17:00:00,837.8
2025-05-30 18:00:00,837.8
2025-05-30 19:00:00,837.8
2025-05-30 20:00:00,837.8
2025-05-30 23:00:00,839.1
2025-06-02 07:00:00,827.1
2025-06-02 08:00:00,831.6
2025-06-02 09:00:00,825.5
2025-06-02 10:00:00,827.3
2025-06-02 11:00:00,829.0
2025-06-02 12:00:00,827.8
2025-06-02 13:00:00,828.0
2025-06-02 14:00:00,832.0
2025-06-02 15:00:00,832.2
2025-06-02 16:00:00,832.2
2025-06-02 17:00:00,832.2
2025-06-02 18:00:00,832.2
2025-06-02 19:00:00,832.2
2025-06-02 20:00:00,832.2
2025-06-02 23:00:00,832.1
2025-06-03 07:00:00,829.0
2025-06-03 08:00:00,829.0
2025-06-03 09:00:00,830.7
2025-06-03 10:00:00,830.2
2025-06-03 11:00:00,830.7
2025-06-03 12:00:00,831.1
2025-06-03 13:00:00,835.6
2025-06-03 14:00:00,835.0
2025-06-03 15:00:00,838.5
2025-06-03 16:00:00,838.5
2025-06-03 17:00:00,838.5
2025-06-03 18:00:00,838.5
2025-06-03 19:00:00,838.5
2025-06-03 20:00:00,838.5
2025-06-03 23:00:00,835.0
2025-06-04 07:00:00,845.4
2025-06-04 08:00:00,849.2
2025-06-04 09:00:00,850.3
2025-06-04 10:00:00,849.9
2025-06-04 11:00:00,851.1
2025-06-04 12:00:00,850.5
2025-06-04 13:00:00,849.2
2025-06-04 14:00:00,849.1
2025-06-04 15:00:00,848.9
2025-06-04 16:00:00,848.9
2025-06-04 17:00:00,848.9
2025-06-04 18:00:00,848.9
2025-06-04 19:00:00,848.9
2025-06-04 20:00:00,848.9
2025-06-04 23:00:00,849.3
2025-06-05 07:00:00,855.0
2025-06-05 08:00:00,855.1
2025-06-05 09:00:00,856.0
2025-06-05 10:00:00,855.6
2025-06-05 11:00:00,852.8
2025-06-05 12:00:00,854.6
2025-06-05 13:00:00,847.2
2025-06-05 14:00:00,852.0
2025-06-05 15:00:00,852.2
2025-06-05 16:00:00,852.2
2025-06-05 17:00:00,852.2
2025-06-05 18:00:00,852.2
2025-06-05 19:00:00,852.2
2025-06-05 20:00:00,852.2
2025-06-05 23:00:00,852.3
2025-06-06 07:00:00,850.1
2025-06-06 08:00:00,850.6
2025-06-06 09:00:00,850.6
2025-06-06 10:00:00,852.1
2025-06-06 11:00:00,852.1
2025-06-06 12:00:00,856.3
2025-06-06 13:00:00,856.0
2025-06-06 14:00:00,856.1
2025-06-06 15:00:00,855.8
2025-06-06 16:00:00,855.8
2025-06-06 17:00:00,855.8
2025-06-06 18:00:00,855.8
2025-06-06 19:00:00,855.8
2025-06-06 20:00:00,855.8
2025-06-06 23:00:00,856.0
2025-06-09 07:00:00,852.6
2025-06-09 08:00:00,852.3
2025-06-09 09:00:00,852.5
2025-06-09 10:00:00,851.6
2025-06-09 11:00:00,851.9
2025-06-09 12:00:00,851.9
2025-06-09 13:00:00,857.2
2025-06-09 14:00:00,862.0
2025-06-09 15:00:00,860.7
2025-06-09 16:00:00,860.7
2025-06-09 17:00:00,860.7
2025-06-09 18:00:00,860.7
2025-06-09 19:00:00,860.7
2025-06-09 20:00:00,860.7
2025-06-09 23:00:00,861.2
2025-06-10 07:00:00,857.9
2025-06-10 08:00:00,855.9
2025-06-10 09:00:00,857.9
2025-06-10 10:00:00,859.7
2025-06-10 11:00:00,861.9
2025-06-10 12:00:00,861.4
2025-06-10 13:00:00,861.4
2025-06-10 14:00:00,864.2
2025-06-10 15:00:00,863.9
2025-06-10 16:00:00,863.9
2025-06-10 17:00:00,863.9
2025-06-10 18:00:00,863.9
2025-06-10 19:00:00,863.9
2025-06-10 20:00:00,863.9
2025-06-10 23:00:00,861.4
2025-06-11 07:00:00,867.1
2025-06-11 08:00:00,866.7
2025-06-11 09:00:00,867.1
2025-06-11 10:00:00,864.6
2025-06-11 11:00:00,864.9
2025-06-11 12:00:00,865.2
2025-06-11 13:00:00,863.6
2025-06-11 14:00:00,866.0
2025-06-11 15:00:00,864.6
2025-06-11 16:00:00,864.6
2025-06-11 17:00:00,864.6
2025-06-11 18:00:00,864.6
2025-06-11 19:00:00,864.6
2025-06-11 20:00:00,864.6
2025-06-11 23:00:00,864.7
2025-06-12 15:00:00,854.7
2025-06-12 16:00:00,854.7
2025-06-12 17:00:00,854.7
2025-06-12 18:00:00,854.7
2025-06-12 19:00:00,854.7
2025-06-12 20:00:00,854.7
2025-06-12 23:00:00,852.8
2025-06-13 15:00:00,840.7
2025-06-13 16:00:00,840.7
2025-06-13 17:00:00,840.7
2025-06-13 18:00:00,840.7
2025-06-13 19:00:00,840.7
2025-06-13 20:00:00,840.7
2025-06-13 23:00:00,840.3
2025-06-16 07:00:00,839.8
2025-06-16 08:00:00,839.8
2025-06-16 09:00:00,838.7
2025-06-16 10:00:00,838.4
2025-06-16 11:00:00,840.5
2025-06-16 12:00:00,841.7
2025-06-16 13:00:00,842.0
2025-06-16 14:00:00,845.0
2025-06-16 15:00:00,847.8
2025-06-16 16:00:00,847.8
2025-06-16 17:00:00,847.8
2025-06-16 18:00:00,847.8
2025-06-16 19:00:00,847.8
2025-06-16 20:00:00,847.8
2025-06-16 23:00:00,847.4
2025-06-17 07:00:00,839.6
2025-06-17 08:00:00,842.2
2025-06-17 09:00:00,838.8
2025-06-17 10:00:00,835.7
2025-06-17 11:00:00,836.4
2025-06-17 12:00:00,840.2
2025-06-17 13:00:00,839.0
2025-06-17 14:00:00,841.9
2025-06-17 15:00:00,841.5
2025-06-17 16:00:00,841.5
2025-06-17 17:00:00,841.5
2025-06-17 18:00:00,841.5
2025-06-17 19:00:00,841.5
2025-06-17 20:00:00,841.5
2025-06-17 23:00:00,841.1
2025-06-18 08:00:00,838.3
2025-06-18 09:00:00,838.7
2025-06-18 10:00:00,838.8
2025-06-18 11:00:00,838.8
2025-06-18 12:00:00,838.8
2025-06-18 13:00:00,838.8
2025-06-18 14:00:00,836.5
2025-06-18 15:00:00,835.3
2025-06-18 16:00:00,835.3
2025-06-18 17:00:00,835.3
2025-06-18 18:00:00,835.3
2025-06-18 19:00:00,835.3
2025-06-18 20:00:00,835.3
2025-06-18 23:00:00,835.4
2025-06-19 07:00:00,825.2
2025-06-19 08:00:00,825.8
2025-06-19 09:00:00,828.2
2025-06-19 10:00:00,828.2
2025-06-19 11:00:00,829.6
2025-06-19 12:00:00,829.6
2025-06-19 13:00:00,825.5
2025-06-19 14:00:00,825.5
2025-06-19 15:00:00,824.3
2025-06-19 16:00:00,824.3
2025-06-19 17:00:00,824.3
2025-06-19 18:00:00,824.3
2025-06-19 19:00:00,824.3
2025-06-19 20:00:00,824.3
2025-06-19 23:00:00,824.3
2025-06-20 07:00:00,832.7
2025-06-20 08:00:00,830.5
2025-06-20 09:00:00,832.4
2025-06-20 10:00:00,831.9
2025-06-20 11:00:00,835.1
2025-06-20 12:00:00,834.8
2025-06-20 13:00:00,830.5
2025-06-20 14:00:00,821.3
2025-06-20 15:00:00,823.0
2025-06-20 16:00:00,823.0
2025-06-20 17:00:00,823.0
2025-06-20 18:00:00,821.2
2025-06-20 19:00:00,821.2
2025-06-20 20:00:00,821.2
2025-06-20 23:00:00,821.2
2025-06-23 07:00:00,829.8
2025-06-23 08:00:00,828.0
2025-06-23 09:00:00,828.6
2025-06-23 10:00:00,828.4
2025-06-23 11:00:00,825.5
2025-06-23 12:00:00,827.0
2025-06-23 13:00:00,827.3
2025-06-23 14:00:00,830.2
2025-06-23 15:00:00,829.3
2025-06-23 16:00:00,829.3
2025-06-23 17:00:00,829.3
2025-06-23 18:00:00,829.3
2025-06-23 19:00:00,829.3
2025-06-23 20:00:00,829.3
2025-06-23 23:00:00,829.9
2025-06-24 07:00:00,848.6
2025-06-24 08:00:00,847.7
2025-06-24 09:00:00,846.6
2025-06-24 10:00:00,845.6
2025-06-24 11:00:00,843.9
2025-06-24 12:00:00,844.1
2025-06-24 13:00:00,842.9
2025-06-24 14:00:00,846.0
2025-06-24 15:00:00,844.9
2025-06-24 16:00:00,844.9
2025-06-24 17:00:00,844.9
2025-06-24 18:00:00,844.9
2025-06-24 19:00:00,844.9
2025-06-24 20:00:00,844.9
2025-06-24 23:00:00,845.0
2025-06-25 07:00:00,850.1
2025-06-25 08:00:00,849.3
2025-06-25 09:00:00,849.4
2025-06-25 10:00:00,848.0
2025-06-25 11:00:00,849.8
2025-06-25 12:00:00,847.6
2025-06-25 13:00:00,847.1
2025-06-25 14:00:00,842.8
2025-06-25 15:00:00,841.2
2025-06-25 16:00:00,841.2
2025-06-25 17:00:00,841.2
2025-06-25 18:00:00,841.2
2025-06-25 19:00:00,841.2
2025-06-25 20:00:00,841.2
2025-06-25 23:00:00,841.5
2025-06-26 07:00:00,840.3
2025-06-26 08:00:00,841.0
2025-06-26 09:00:00,839.2
2025-06-26 10:00:00,836.5
2025-06-26 11:00:00,838.1
2025-06-26 12:00:00,835.7
2025-06-26 13:00:00,833.6
2025-06-26 14:00:00,836.3
2025-06-26 15:00:00,837.0
2025-06-26 16:00:00,837.0
2025-06-26 17:00:00,837.0
2025-06-26 18:00:00,837.0
2025-06-26 19:00:00,837.0
2025-06-26 20:00:00,837.0
2025-06-26 23:00:00,835.8
2025-06-27 07:00:00,842.4
2025-06-27 08:00:00,844.4
2025-06-27 09:00:00,841.4
2025-06-27 10:00:00,840.1
2025-06-27 11:00:00,841.4
2025-06-27 12:00:00,842.6
2025-06-27 13:00:00,843.9
2025-06-27 14:00:00,845.2
2025-06-27 15:00:00,848.3
2025-06-27 16:00:00,848.3
2025-06-27 17:00:00,848.3
2025-06-27 18:00:00,848.3
2025-06-27 19:00:00,848.3
2025-06-27 20:00:00,848.3
2025-06-27 23:00:00,847.0
2025-06-30 07:00:00,847.9
2025-06-30 08:00:00,848.7
2025-06-30 09:00:00,850.9
2025-06-30 10:00:00,851.5
2025-06-30 11:00:00,850.6
2025-06-30 12:00:00,849.1
2025-06-30 13:00:00,848.2
2025-06-30 14:00:00,848.7
2025-06-30 15:00:00,847.6
2025-06-30 16:00:00,847.6
2025-06-30 17:00:00,847.6
2025-06-30 18:00:00,847.6
2025-06-30 19:00:00,847.6
2025-06-30 20:00:00,847.6
2025-06-30 23:00:00,847.9
2025-07-01 07:00:00,847.2
2025-07-01 08:00:00,844.2
2025-07-01 09:00:00,841.9
2025-07-01 10:00:00,843.5
2025-07-01 11:00:00,843.3
2025-07-01 12:00:00,840.6
2025-07-01 13:00:00,844.3
2025-07-01 14:00:00,841.2
2025-07-01 15:00:00,834.5
2025-07-01 16:00:00,834.5
2025-07-01 17:00:00,834.5
2025-07-01 18:00:00,834.5
2025-07-01 19:00:00,834.5
2025-07-01 20:00:00,834.5
2025-07-01 23:00:00,839.3
2025-07-02 07:00:00,835.0
2025-07-02 08:00:00,832.8
2025-07-02 09:00:00,833.3
2025-07-02 10:00:00,829.9
2025-07-02 11:00:00,830.2
2025-07-02 12:00:00,826.6
2025-07-02 13:00:00,830.0
2025-07-02 14:00:00,835.1
2025-07-02 15:00:00,837.9
2025-07-02 16:00:00,837.9
2025-07-02 17:00:00,837.9
2025-07-02 18:00:00,837.9
2025-07-02 19:00:00,837.9
2025-07-02 20:00:00,837.9
2025-07-02 23:00:00,835.4
2025-07-03 07:00:00,838.4
2025-07-03 08:00:00,834.5
2025-07-03 09:00:00,834.0
2025-07-03 10:00:00,833.9
2025-07-03 11:00:00,834.5
2025-07-03 12:00:00,836.6
2025-07-03 13:00:00,839.1
2025-07-03 14:00:00,843.1
2025-07-03 15:00:00,845.0
2025-07-03 16:00:00,845.0
2025-07-03 17:00:00,845.0
2025-07-03 18:00:00,845.0
2025-07-03 19:00:00,845.0
2025-07-03 20:00:00,845.0
2025-07-03 23:00:00,844.1
2025-07-04 07:00:00,837.9
2025-07-04 08:00:00,835.3
2025-07-04 09:00:00,836.2
2025-07-04 10:00:00,835.3
2025-07-04 11:00:00,837.6
2025-07-04 12:00:00,836.7
2025-07-04 13:00:00,837.5
2025-07-04 14:00:00,838.7
2025-07-04 15:00:00,836.6
2025-07-04 16:00:00,836.6
2025-07-04 17:00:00,836.6
2025-07-04 18:00:00,836.6
2025-07-04 19:00:00,836.6
2025-07-04 20:00:00,836.6
2025-07-04 23:00:00,837.6
2025-07-07 07:00:00,839.3
2025-07-07 08:00:00,839.8
2025-07-07 09:00:00,842.1
2025-07-07 10:00:00,841.9
2025-07-07 11:00:00,844.2
2025-07-07 12:00:00,843.3
2025-07-07 13:00:00,846.6
2025-07-07 14:00:00,847.1
2025-07-07 15:00:00,847.9
2025-07-07 16:00:00,847.9
2025-07-07 17:00:00,847.9
2025-07-07 18:00:00,847.9
2025-07-07 19:00:00,847.9
2025-07-07 20:00:00,847.9
2025-07-07 23:00:00,847.9
2025-07-08 07:00:00,849.6
2025-07-08 08:00:00,850.1
2025-07-08 09:00:00,849.8
2025-07-08 10:00:00,850.1
2025-07-08 11:00:00,850.7
2025-07-08 12:00:00,850.3
2025-07-08 13:00:00,853.8
2025-07-08 14:00:00,854.5
2025-07-08 15:00:00,855.7
2025-07-08 16:00:00,855.7
2025-07-08 17:00:00,855.7
2025-07-08 18:00:00,855.7
2025-07-08 19:00:00,855.7
2025-07-08 20:00:00,855.7
2025-07-08 23:00:00,854.5
2025-07-09 07:00:00,855.1
2025-07-09 08:00:00,854.8
2025-07-09 09:00:00,858.0
2025-07-09 10:00:00,857.5
2025-07-09 11:00:00,856.8
2025-07-09 12:00:00,856.4
2025-07-09 13:00:00,859.9
2025-07-09 14:00:00,858.6
2025-07-09 15:00:00,858.8
2025-07-09 16:00:00,858.8
2025-07-09 17:00:00,858.8
2025-07-09 18:00:00,858.8
2025-07-09 19:00:00,858.8
2025-07-09 20:00:00,858.8
2025-07-09 23:00:00,858.9
2025-07-10 07:00:00,866.5
2025-07-10 08:00:00,867.2
2025-07-10 09:00:00,867.0
2025-07-10 10:00:00,867.3
2025-07-10 11:00:00,868.2
2025-07-10 12:00:00,868.4
2025-07-10 13:00:00,864.0
2025-07-10 14:00:00,864.1
2025-07-10 15:00:00,863.9
2025-07-10 16:00:00,863.9
2025-07-10 17:00:00,863.9
2025-07-10 18:00:00,863.9
2025-07-10 19:00:00,863.9
2025-07-10 20:00:00,863.9
2025-07-10 23:00:00,864.0
2025-07-11 07:00:00,858.1
2025-07-11 08:00:00,856.5
2025-07-11 09:00:00,854.5
2025-07-11 10:00:00,855.8
2025-07-11 11:00:00,856.1
2025-07-11 12:00:00,857.1
2025-07-11 13:00:00,857.5
2025-07-11 14:00:00,855.4
2025-07-11 15:00:00,856.6
2025-07-11 16:00:00,856.6
2025-07-11 17:00:00,856.6
2025-07-11 18:00:00,856.6
2025-07-11 19:00:00,856.6
2025-07-11 20:00:00,856.6
2025-07-11 23:00:00,854.3
2025-07-14 07:00:00,848.2
2025-07-14 08:00:00,845.8
2025-07-14 09:00:00,845.4
2025-07-14 10:00:00,845.2
2025-07-14 11:00:00,845.4
2025-07-14 12:00:00,845.3
2025-07-14 13:00:00,846.2
2025-07-14 14:00:00,850.0
2025-07-14 15:00:00,852.0
2025-07-14 16:00:00,852.0
2025-07-14 17:00:00,852.0
2025-07-14 18:00:00,852.0
2025-07-14 19:00:00,852.0
2025-07-14 20:00:00,852.0
2025-07-14 23:00:00,845.3
