DATETIME,price
2021-12-13 23:00:00,1.5189
2021-12-14 23:00:00,1.5215999999999998
2021-12-15 23:00:00,1.5252999999999999
2021-12-16 23:00:00,1.5235999999999998
2021-12-17 23:00:00,1.5234999999999999
2021-12-20 23:00:00,1.5342
2021-12-21 23:00:00,1.5322
2021-12-22 23:00:00,1.5295999999999998
2021-12-23 23:00:00,1.5256999999999998
2021-12-27 23:00:00,1.5232999999999999
2021-12-28 23:00:00,1.5225
2021-12-29 23:00:00,1.5252999999999999
2021-12-30 23:00:00,1.5171999999999999
2021-12-31 23:00:00,1.5136999999999998
2022-01-03 23:00:00,1.5135999999999998
2022-01-04 23:00:00,1.5076999999999998
2022-01-05 23:00:00,1.516
2022-01-06 23:00:00,1.5102
2022-01-07 23:00:00,1.509
2022-01-10 23:00:00,1.5090999999999999
2022-01-11 23:00:00,1.5036999999999998
2022-01-12 23:00:00,1.5045
2022-01-13 23:00:00,1.5045
2022-01-14 23:00:00,1.5071999999999999
2022-01-17 23:00:00,1.5015999999999998
2022-01-18 23:00:00,1.4897
2022-01-19 23:00:00,1.4908
2022-01-20 23:00:00,1.484
2022-01-21 23:00:00,1.4990999999999999
2022-01-24 23:00:00,1.5048
2022-01-25 23:00:00,1.4972999999999999
2022-01-26 23:00:00,1.4971999999999999
2022-01-27 23:00:00,1.4926
2022-01-28 23:00:00,1.4976999999999998
2022-01-31 23:00:00,1.5004
2022-02-01 23:00:00,1.5018
2022-02-02 23:00:00,1.5051999999999999
2022-02-03 23:00:00,1.522
2022-02-04 23:00:00,1.5326
2022-02-07 23:00:00,1.5215999999999998
2022-02-08 23:00:00,1.5235999999999998
2022-02-09 23:00:00,1.521
2022-02-10 23:00:00,1.5283
2022-02-11 23:00:00,1.5166
2022-02-14 23:00:00,1.5107
2022-02-15 23:00:00,1.5186
2022-02-16 23:00:00,1.5161
2022-02-17 23:00:00,1.5151
2022-02-18 23:00:00,1.5162
2022-02-21 23:00:00,1.5161
2022-02-22 23:00:00,1.5176999999999998
2022-02-23 23:00:00,1.5122
2022-02-24 23:00:00,1.5055999999999998
2022-02-25 23:00:00,1.5038
2022-02-28 23:00:00,1.4954999999999998
2022-03-01 23:00:00,1.4889999999999999
2022-03-02 23:00:00,1.4789999999999999
2022-03-03 23:00:00,1.474
2022-03-04 23:00:00,1.4618
2022-03-07 23:00:00,1.4605
2022-03-08 23:00:00,1.4773999999999998
2022-03-09 23:00:00,1.4927
2022-03-10 23:00:00,1.4728999999999999
2022-03-11 23:00:00,1.4590999999999998
2022-03-14 23:00:00,1.4767999999999997
2022-03-15 23:00:00,1.4696999999999998
2022-03-16 23:00:00,1.4709999999999999
2022-03-17 23:00:00,1.4744999999999997
2022-03-18 23:00:00,1.4632999999999998
2022-03-21 23:00:00,1.4582999999999997
2022-03-22 23:00:00,1.4578999999999998
2022-03-23 23:00:00,1.4541999999999997
2022-03-24 23:00:00,1.4507999999999999
2022-03-25 23:00:00,1.4413999999999998
2022-03-28 23:00:00,1.4471999999999998
2022-03-29 23:00:00,1.4565999999999997
2022-03-30 23:00:00,1.4635999999999998
2022-03-31 23:00:00,1.4524999999999997
2022-04-01 23:00:00,1.4518999999999997
2022-04-04 23:00:00,1.4405999999999997
2022-04-05 23:00:00,1.4305999999999996
2022-04-06 23:00:00,1.4356999999999998
2022-04-07 23:00:00,1.4388999999999998
2022-04-08 23:00:00,1.4384999999999997
2022-04-11 23:00:00,1.4449999999999998
2022-04-12 23:00:00,1.4385999999999997
2022-04-13 23:00:00,1.4383999999999997
2022-04-14 23:00:00,1.4357999999999997
2022-04-18 23:00:00,1.4307999999999998
2022-04-19 23:00:00,1.4324999999999997
2022-04-20 23:00:00,1.4258999999999997
2022-04-21 23:00:00,1.4332999999999998
2022-04-22 23:00:00,1.4420999999999997
2022-04-25 23:00:00,1.4331999999999998
2022-04-26 23:00:00,1.4323999999999997
2022-04-27 23:00:00,1.4248999999999998
2022-04-28 23:00:00,1.4148999999999998
2022-04-29 23:00:00,1.4258999999999997
2022-05-02 23:00:00,1.4236999999999997
2022-05-03 23:00:00,1.4211999999999998
2022-05-04 23:00:00,1.4228999999999998
2022-05-05 23:00:00,1.4209999999999998
2022-05-06 23:00:00,1.4301999999999997
2022-05-09 23:00:00,1.4411999999999998
2022-05-10 23:00:00,1.4404999999999997
2022-05-11 23:00:00,1.4358999999999997
2022-05-12 23:00:00,1.4244999999999997
2022-05-13 23:00:00,1.4139999999999997
2022-05-16 23:00:00,1.4085999999999999
2022-05-17 23:00:00,1.4210999999999998
2022-05-18 23:00:00,1.4171999999999998
2022-05-19 23:00:00,1.4245999999999999
2022-05-20 23:00:00,1.4232999999999998
2022-05-23 23:00:00,1.4347999999999999
2022-05-24 23:00:00,1.4445999999999997
2022-05-25 23:00:00,1.4370999999999998
2022-05-26 23:00:00,1.4368999999999998
2022-05-27 23:00:00,1.4333999999999998
2022-05-30 23:00:00,1.4311999999999998
2022-05-31 23:00:00,1.4251999999999998
2022-06-01 23:00:00,1.4133999999999998
2022-06-02 23:00:00,1.4179999999999997
2022-06-03 23:00:00,1.4164999999999999
2022-06-06 23:00:00,1.4114999999999998
2022-06-07 23:00:00,1.4084999999999999
2022-06-08 23:00:00,1.4125999999999999
2022-06-09 23:00:00,1.4148999999999998
2022-06-10 23:00:00,1.4091999999999998
2022-06-13 23:00:00,1.4094999999999998
2022-06-14 23:00:00,1.4166999999999998
2022-06-15 23:00:00,1.4163
2022-06-16 23:00:00,1.4340999999999997
2022-06-17 23:00:00,1.4332999999999998
2022-06-20 23:00:00,1.4336999999999998
2022-06-21 23:00:00,1.4276999999999997
2022-06-22 23:00:00,1.4330999999999998
2022-06-23 23:00:00,1.4341999999999997
2022-06-24 23:00:00,1.4292999999999998
2022-06-27 23:00:00,1.4290999999999998
2022-06-28 23:00:00,1.4202
2022-06-29 23:00:00,1.4121
2022-06-30 23:00:00,1.4143999999999999
2022-07-01 23:00:00,1.4087999999999998
2022-07-04 23:00:00,1.4087999999999998
2022-07-05 23:00:00,1.4041
2022-07-06 23:00:00,1.3929999999999998
2022-07-07 23:00:00,1.3832999999999998
2022-07-08 23:00:00,1.3829999999999998
2022-07-11 23:00:00,1.3715999999999997
2022-07-12 23:00:00,1.3711999999999998
2022-07-13 23:00:00,1.3698
2022-07-14 23:00:00,1.3792999999999997
2022-07-15 23:00:00,1.3783999999999998
2022-07-18 23:00:00,1.3808999999999998
2022-07-19 23:00:00,1.3822999999999999
2022-07-20 23:00:00,1.3750999999999998
2022-07-21 23:00:00,1.3780999999999999
2022-07-22 23:00:00,1.3810999999999998
2022-07-25 23:00:00,1.3764999999999998
2022-07-26 23:00:00,1.3686999999999998
2022-07-27 23:00:00,1.3723999999999998
2022-07-28 23:00:00,1.3679999999999999
2022-07-29 23:00:00,1.3721999999999999
2022-08-01 23:00:00,1.38
2022-08-02 23:00:00,1.3706999999999998
2022-08-03 23:00:00,1.3667999999999998
2022-08-04 23:00:00,1.3793999999999997
2022-08-05 23:00:00,1.3789999999999998
2022-08-08 23:00:00,1.3726999999999998
2022-08-09 23:00:00,1.3778
2022-08-10 23:00:00,1.3789999999999998
2022-08-11 23:00:00,1.3790999999999998
2022-08-12 23:00:00,1.3729999999999998
2022-08-15 23:00:00,1.3725999999999998
2022-08-16 23:00:00,1.3678
2022-08-17 23:00:00,1.3750999999999998
2022-08-18 23:00:00,1.3669999999999998
2022-08-19 23:00:00,1.3645999999999998
2022-08-22 23:00:00,1.3574999999999997
2022-08-23 23:00:00,1.3521999999999998
2022-08-24 23:00:00,1.3532999999999997
2022-08-25 23:00:00,1.3502999999999998
2022-08-26 23:00:00,1.3583999999999998
2022-08-29 23:00:00,1.3597
2022-08-30 23:00:00,1.3730999999999998
2022-08-31 23:00:00,1.3780999999999999
2022-09-01 23:00:00,1.3692999999999997
2022-09-02 23:00:00,1.3678
2022-09-05 23:00:00,1.3678
2022-09-06 23:00:00,1.3626999999999998
2022-09-07 23:00:00,1.3712999999999997
2022-09-08 23:00:00,1.3679
2022-09-09 23:00:00,1.3678
2022-09-12 23:00:00,1.3729999999999998
2022-09-13 23:00:00,1.3713
2022-09-14 14:30:00,1.3747999999999998
2022-09-14 15:00:00,1.3719
2022-09-14 16:00:00,1.3728999999999998
2022-09-14 17:00:00,1.3739999999999999
2022-09-14 18:00:00,1.3735
2022-09-14 23:00:00,1.3737
2022-09-15 14:30:00,1.3765999999999998
2022-09-15 15:00:00,1.3757
2022-09-15 16:00:00,1.3785999999999998
2022-09-15 23:00:00,1.3799
2022-09-16 14:30:00,1.3844999999999998
2022-09-16 15:00:00,1.3881
2022-09-16 16:00:00,1.3870999999999998
2022-09-16 21:00:00,1.3865999999999998
2022-09-16 23:00:00,1.3873999999999997
2022-09-19 15:00:00,1.3882999999999999
2022-09-19 16:00:00,1.3881
2022-09-19 23:00:00,1.3872999999999998
2022-09-20 14:30:00,1.3893999999999997
2022-09-20 15:00:00,1.3917
2022-09-20 16:00:00,1.3909999999999998
2022-09-20 23:00:00,1.3908999999999998
2022-09-21 14:30:00,1.3845999999999998
2022-09-21 15:00:00,1.3843999999999999
2022-09-21 17:00:00,1.3803999999999998
2022-09-21 18:00:00,1.3779
2022-09-21 19:00:00,1.3814
2022-09-21 23:00:00,1.3821999999999999
2022-09-22 14:30:00,1.3864999999999998
2022-09-22 18:00:00,1.3841999999999999
2022-09-22 23:00:00,1.3844999999999998
2022-09-23 14:30:00,1.3805999999999998
2022-09-23 15:00:00,1.3747999999999998
2022-09-23 20:00:00,1.3757
2022-09-23 23:00:00,1.3740999999999999
2022-09-26 16:00:00,1.3804999999999998
2022-09-26 17:00:00,1.3829999999999998
2022-09-26 18:00:00,1.3821999999999999
2022-09-26 23:00:00,1.3789999999999998
2022-09-27 15:00:00,1.3748999999999998
2022-09-27 16:00:00,1.3785999999999998
2022-09-27 18:00:00,1.3742999999999999
2022-09-27 23:00:00,1.3736
2022-09-28 15:00:00,1.3735
2022-09-28 16:00:00,1.3781999999999999
2022-09-28 17:00:00,1.3799
2022-09-28 18:00:00,1.3819
2022-09-28 23:00:00,1.3839
2022-09-29 14:30:00,1.3921
2022-09-29 15:00:00,1.3945999999999998
2022-09-29 17:00:00,1.3978
2022-09-29 19:00:00,1.3995
2022-09-29 23:00:00,1.3998
2022-09-30 14:30:00,1.3967999999999998
2022-09-30 15:00:00,1.4027999999999998
2022-09-30 16:00:00,1.4036
2022-09-30 17:00:00,1.4053999999999998
2022-09-30 19:00:00,1.4088999999999998
2022-09-30 20:00:00,1.4117
2022-09-30 23:00:00,1.4119
2022-10-03 14:30:00,1.3949999999999998
2022-10-03 15:00:00,1.3979
2022-10-03 16:00:00,1.3976
2022-10-03 17:00:00,1.3944999999999999
2022-10-03 18:00:00,1.3942999999999999
2022-10-03 19:00:00,1.3959
2022-10-03 21:00:00,1.3955
2022-10-03 23:00:00,1.3952999999999998
2022-10-04 14:30:00,1.4093999999999998
2022-10-04 15:00:00,1.4091999999999998
2022-10-04 16:00:00,1.408
2022-10-04 17:00:00,1.4082999999999999
2022-10-04 18:00:00,1.4054999999999997
2022-10-04 23:00:00,1.4068999999999998
2022-10-05 14:30:00,1.4024999999999999
2022-10-05 15:00:00,1.4030999999999998
2022-10-05 17:00:00,1.4025999999999998
2022-10-05 18:00:00,1.4025999999999998
2022-10-05 20:00:00,1.402
2022-10-05 23:00:00,1.4028999999999998
2022-10-06 15:00:00,1.4033999999999998
2022-10-06 16:00:00,1.4045999999999998
2022-10-06 21:00:00,1.4036
2022-10-06 23:00:00,1.4031999999999998
2022-10-07 14:30:00,1.3915
2022-10-07 18:00:00,1.3952999999999998
2022-10-07 19:00:00,1.3928999999999998
2022-10-07 21:00:00,1.3947999999999998
2022-10-07 23:00:00,1.3928999999999998
2022-10-10 15:00:00,1.3941999999999999
2022-10-10 16:00:00,1.3882999999999999
2022-10-10 23:00:00,1.3921
2022-10-11 14:30:00,1.3964999999999999
2022-10-11 15:00:00,1.3984999999999999
2022-10-11 16:00:00,1.3961999999999999
2022-10-11 17:00:00,1.3968999999999998
2022-10-11 23:00:00,1.3966999999999998
2022-10-12 15:00:00,1.3929999999999998
2022-10-12 16:00:00,1.3916
2022-10-12 21:00:00,1.3972999999999998
2022-10-12 23:00:00,1.3967999999999998
2022-10-13 15:00:00,1.4039
2022-10-13 16:00:00,1.4031999999999998
2022-10-13 17:00:00,1.4012999999999998
2022-10-13 18:00:00,1.3993999999999998
2022-10-13 19:00:00,1.3992999999999998
2022-10-13 23:00:00,1.3991999999999998
2022-10-14 15:00:00,1.408
2022-10-14 16:00:00,1.4087999999999998
2022-10-14 23:00:00,1.4087999999999998
2022-10-17 18:00:00,1.4050999999999998
2022-10-17 21:00:00,1.4054999999999997
2022-10-17 23:00:00,1.4065999999999999
2022-10-18 14:30:00,1.4076
2022-10-18 15:00:00,1.4094999999999998
2022-10-18 16:00:00,1.4110999999999998
2022-10-18 17:00:00,1.4142
2022-10-18 18:00:00,1.4124999999999999
2022-10-18 23:00:00,1.4123999999999999
2022-10-19 15:00:00,1.4050999999999998
2022-10-19 17:00:00,1.4031999999999998
2022-10-19 19:00:00,1.4019
2022-10-19 23:00:00,1.4013999999999998
2022-10-20 14:30:00,1.3978
2022-10-20 15:00:00,1.3979
2022-10-20 23:00:00,1.4030999999999998
2022-10-21 15:00:00,1.4016
2022-10-21 16:00:00,1.4019
2022-10-21 18:00:00,1.3993999999999998
2022-10-21 23:00:00,1.4004999999999999
2022-10-24 14:30:00,1.4092999999999998
2022-10-24 15:00:00,1.4119
2022-10-24 23:00:00,1.4099
2022-10-25 14:30:00,1.4123999999999999
2022-10-25 15:00:00,1.4108999999999998
2022-10-25 19:00:00,1.4117
2022-10-25 21:00:00,1.4110999999999998
2022-10-25 23:00:00,1.4114999999999998
2022-10-26 14:30:00,1.4155999999999997
2022-10-26 15:00:00,1.418
2022-10-26 16:00:00,1.4188999999999998
2022-10-26 17:00:00,1.4185999999999999
2022-10-26 23:00:00,1.422
2022-10-27 15:00:00,1.4061
2022-10-27 16:00:00,1.4072999999999998
2022-10-27 18:00:00,1.4046999999999998
2022-10-27 19:00:00,1.4045999999999998
2022-10-27 20:00:00,1.4059
2022-10-27 23:00:00,1.4057
2022-10-28 15:00:00,1.4084999999999999
2022-10-28 16:00:00,1.4077
2022-10-28 23:00:00,1.4088999999999998
2022-10-31 14:00:00,1.406
2022-10-31 15:00:00,1.4022999999999999
2022-10-31 16:00:00,1.402
2022-10-31 19:00:00,1.3998
2022-10-31 23:00:00,1.4016
2022-11-01 14:00:00,1.4029999999999998
2022-11-01 23:00:00,1.4
2022-11-02 17:00:00,1.4011999999999998
2022-11-02 18:00:00,1.4033999999999998
2022-11-02 19:00:00,1.4004999999999999
2022-11-02 23:00:00,1.4022999999999999
2022-11-03 13:30:00,1.3977
2022-11-03 14:00:00,1.3976
2022-11-03 15:00:00,1.3936
2022-11-03 16:00:00,1.3927999999999998
2022-11-03 17:00:00,1.3921999999999999
2022-11-03 18:00:00,1.3925999999999998
2022-11-03 23:00:00,1.3922999999999999
2022-11-04 13:30:00,1.3888999999999998
2022-11-04 14:00:00,1.3928999999999998
2022-11-04 20:00:00,1.3957
2022-11-04 23:00:00,1.394
2022-11-07 14:30:00,1.4018
2022-11-07 15:00:00,1.4039
2022-11-07 16:00:00,1.4028999999999998
2022-11-07 17:00:00,1.4054999999999997
2022-11-07 19:00:00,1.4067999999999998
2022-11-07 20:00:00,1.406
2022-11-07 23:00:00,1.4063999999999999
2022-11-08 14:30:00,1.4039
2022-11-08 15:00:00,1.4042999999999999
2022-11-08 16:00:00,1.4048999999999998
2022-11-08 18:00:00,1.4057
2022-11-08 23:00:00,1.4074999999999998
2022-11-09 15:00:00,1.404
2022-11-09 16:00:00,1.4054999999999997
2022-11-09 17:00:00,1.4041
2022-11-09 20:00:00,1.4072999999999998
2022-11-09 23:00:00,1.4068999999999998
2022-11-10 14:30:00,1.4098
2022-11-10 15:00:00,1.4113999999999998
2022-11-10 16:00:00,1.4123999999999999
2022-11-10 17:00:00,1.4106999999999998
2022-11-10 19:00:00,1.4121
2022-11-10 23:00:00,1.4121
2022-11-11 14:30:00,1.4189999999999998
2022-11-11 16:00:00,1.4248999999999998
2022-11-11 17:00:00,1.4241
2022-11-11 21:00:00,1.4265999999999999
2022-11-11 23:00:00,1.4256999999999997
2022-11-14 14:30:00,1.4237
2022-11-14 15:00:00,1.4237
2022-11-14 16:00:00,1.4266999999999999
2022-11-14 23:00:00,1.4288999999999998
2022-11-15 15:00:00,1.4334999999999998
2022-11-15 16:00:00,1.4313999999999998
2022-11-15 17:00:00,1.4304999999999999
2022-11-15 18:00:00,1.4251999999999998
2022-11-15 19:00:00,1.4255999999999998
2022-11-15 23:00:00,1.4294999999999998
2022-11-16 15:00:00,1.4375999999999998
2022-11-16 16:00:00,1.4396999999999998
2022-11-16 23:00:00,1.438
2022-11-17 14:30:00,1.4330999999999998
2022-11-17 15:00:00,1.4310999999999998
2022-11-17 16:00:00,1.4310999999999998
2022-11-17 17:00:00,1.4324999999999999
2022-11-17 23:00:00,1.434
2022-11-18 14:30:00,1.4369999999999998
2022-11-18 17:00:00,1.4375999999999998
2022-11-18 23:00:00,1.4346999999999999
2022-11-21 14:30:00,1.4314999999999998
2022-11-21 15:00:00,1.4339
2022-11-21 16:00:00,1.4341
2022-11-21 17:00:00,1.4288999999999998
2022-11-21 20:00:00,1.4301
2022-11-21 23:00:00,1.4292999999999998
2022-11-22 17:00:00,1.4289999999999998
2022-11-22 20:00:00,1.4299
2022-11-22 23:00:00,1.4301
2022-11-23 14:57:30,1.4301
2022-11-23 16:00:00,1.4404
2022-11-23 20:00:00,1.4412999999999998
2022-11-23 21:00:00,1.4404
2022-11-23 23:00:00,1.4415999999999998
2022-11-24 14:30:00,1.4426999999999999
2022-11-24 15:00:00,1.4412999999999998
2022-11-24 23:00:00,1.4415999999999998
2022-11-25 23:00:00,1.444
2022-11-28 14:30:00,1.454
2022-11-28 15:00:00,1.4491999999999998
2022-11-28 16:00:00,1.4474999999999998
2022-11-28 16:00:01,1.4474999999999998
2022-11-28 16:00:02,1.4474999999999998
2022-11-28 23:00:00,1.4462999999999997
2022-11-29 16:00:00,1.4584999999999997
2022-11-29 17:00:00,1.4639999999999997
2022-11-29 23:00:00,1.4546999999999997
2022-11-30 23:00:00,1.4507999999999996
2022-12-01 23:00:00,1.4635999999999998
2022-12-02 23:00:00,1.4693999999999998
2022-12-05 23:00:00,1.4777999999999998
2022-12-06 23:00:00,1.4809999999999997
2022-12-07 19:00:00,1.4865999999999997
2022-12-07 21:00:00,1.4858999999999998
2022-12-07 23:00:00,1.4868999999999997
2022-12-08 23:00:00,1.4857999999999998
2022-12-09 23:00:00,1.4883999999999997
2022-12-12 14:30:00,1.4947999999999997
2022-12-12 23:00:00,1.4864999999999997
2022-12-13 14:30:00,1.4930999999999996
2022-12-13 16:00:00,1.4916999999999998
2022-12-13 19:00:00,1.4908999999999997
2022-12-13 23:00:00,1.4930999999999996
2022-12-14 14:30:00,1.4944999999999997
2022-12-14 15:00:00,1.4949999999999997
2022-12-14 16:00:00,1.4955999999999998
2022-12-14 17:00:00,1.4956999999999998
2022-12-14 21:00:00,1.4978999999999998
2022-12-14 23:00:00,1.4974999999999998
2022-12-15 14:30:00,1.5069999999999997
2022-12-15 15:00:00,1.4999999999999998
2022-12-15 16:00:00,1.5007999999999997
2022-12-15 17:00:00,1.4985999999999997
2022-12-15 18:00:00,1.5009999999999997
2022-12-15 23:00:00,1.5024999999999997
2022-12-16 14:30:00,1.5039999999999998
2022-12-16 15:00:00,1.5043999999999997
2022-12-16 16:00:00,1.5008999999999997
2022-12-16 17:00:00,1.5047999999999997
2022-12-16 23:00:00,1.5019999999999998
2022-12-19 15:00:00,1.4979999999999998
2022-12-19 16:00:00,1.5004999999999997
2022-12-19 17:00:00,1.4986999999999997
2022-12-19 19:00:00,1.4992999999999996
2022-12-19 21:00:00,1.4988999999999997
2022-12-19 23:00:00,1.4998999999999998
2022-12-20 14:30:00,1.4986999999999997
2022-12-20 15:00:00,1.4986999999999997
2022-12-20 16:00:00,1.4986999999999997
2022-12-20 23:00:00,1.4965999999999997
2022-12-21 20:00:00,1.4952999999999996
2022-12-21 21:00:00,1.4946999999999997
2022-12-21 23:00:00,1.4953999999999996
2022-12-22 15:00:00,1.4981999999999998
2022-12-22 16:00:00,1.4961999999999998
2022-12-22 17:00:00,1.4972999999999996
2022-12-22 23:00:00,1.4963999999999997
2022-12-23 23:00:00,1.4947999999999997
2022-12-27 14:30:00,1.4846999999999997
2022-12-27 15:00:00,1.4852999999999996
2022-12-27 16:00:00,1.4897999999999998
2022-12-27 23:00:00,1.4894999999999998
2022-12-28 14:30:00,1.4894999999999998
2022-12-28 16:00:00,1.4924999999999997
2022-12-28 17:00:00,1.4941999999999998
2022-12-28 18:00:00,1.4938999999999998
2022-12-28 20:00:00,1.4934999999999998
2022-12-28 23:00:00,1.4932999999999996
2022-12-29 14:30:00,1.4922999999999997
2022-12-29 15:00:00,1.4911999999999996
2022-12-29 16:00:00,1.4943999999999997
2022-12-29 23:00:00,1.4948999999999997
2022-12-30 15:00:00,1.4942999999999997
2022-12-30 16:00:00,1.4951999999999996
2022-12-30 17:00:00,1.4983999999999997
2022-12-30 23:00:00,1.4975999999999998
2023-01-03 19:00:00,1.4934999999999998
2023-01-03 23:00:00,1.4928999999999997
2023-01-04 15:00:00,1.4831999999999996
2023-01-04 16:00:00,1.4814999999999998
2023-01-04 17:00:00,1.4797999999999998
2023-01-04 18:00:00,1.4791999999999996
2023-01-04 20:00:00,1.4787999999999997
2023-01-04 23:00:00,1.4787999999999997
2023-01-05 18:00:00,1.4783999999999997
2023-01-05 19:00:00,1.4768999999999997
2023-01-05 23:00:00,1.4771999999999996
2023-01-06 14:30:00,1.4734999999999998
2023-01-06 15:00:00,1.4776999999999998
2023-01-06 16:00:00,1.4774999999999998
2023-01-06 17:00:00,1.4768999999999997
2023-01-06 18:00:00,1.4785999999999997
2023-01-06 21:00:00,1.4795999999999998
2023-01-06 23:00:00,1.4786999999999997
2023-01-09 14:30:00,1.4856999999999998
2023-01-09 15:00:00,1.4860999999999998
2023-01-09 16:00:00,1.4842999999999997
2023-01-09 17:00:00,1.4854999999999998
2023-01-09 18:00:00,1.4862999999999997
2023-01-09 19:00:00,1.4856999999999998
2023-01-09 23:00:00,1.4856999999999998
2023-01-10 15:00:00,1.4887999999999997
2023-01-10 16:00:00,1.4890999999999996
2023-01-10 18:00:00,1.4891999999999996
2023-01-10 19:00:00,1.4897999999999998
2023-01-10 23:00:00,1.4894999999999998
2023-01-11 15:00:00,1.4952999999999996
2023-01-11 17:00:00,1.4891999999999996
2023-01-11 18:00:00,1.4909999999999997
2023-01-11 23:00:00,1.4927999999999997
2023-01-12 14:30:00,1.4934999999999998
2023-01-12 15:00:00,1.4966999999999997
2023-01-12 17:00:00,1.4962999999999997
2023-01-12 23:00:00,1.4968999999999997
2023-01-13 18:00:00,1.4985999999999997
2023-01-13 21:00:00,1.4989999999999997
2023-01-13 23:00:00,1.4977999999999998
2023-01-16 23:00:00,1.4977999999999998
2023-01-17 15:00:00,1.4925999999999997
2023-01-17 16:00:00,1.4926999999999997
2023-01-17 17:00:00,1.4920999999999998
2023-01-17 23:00:00,1.4921999999999997
2023-01-18 14:30:00,1.5016999999999998
2023-01-18 15:00:00,1.4989999999999997
2023-01-18 16:00:00,1.5002999999999997
2023-01-18 17:00:00,1.5022999999999997
2023-01-18 20:00:00,1.5034999999999998
2023-01-18 23:00:00,1.5039999999999998
2023-01-19 14:30:00,1.5039999999999998
2023-01-19 15:00:00,1.5032999999999996
2023-01-19 16:00:00,1.5023999999999997
2023-01-19 20:00:00,1.5053999999999996
2023-01-19 23:00:00,1.5046999999999997
2023-01-20 15:00:00,1.5002999999999997
2023-01-20 17:00:00,1.5016999999999998
2023-01-20 18:00:00,1.5011999999999996
2023-01-20 19:00:00,1.4998999999999998
2023-01-20 23:00:00,1.4999999999999998
2023-01-23 16:00:00,1.5012999999999996
2023-01-23 17:00:00,1.5008999999999997
2023-01-23 23:00:00,1.5008999999999997
2023-01-24 14:30:00,1.5005999999999997
2023-01-24 15:00:00,1.5000999999999998
2023-01-24 16:00:00,1.5010999999999997
2023-01-24 17:00:00,1.5005999999999997
2023-01-24 23:00:00,1.5012999999999996
2023-01-25 14:30:00,1.5006999999999997
2023-01-25 15:00:00,1.5086999999999997
2023-01-25 15:05:30,1.5086999999999997
2023-01-25 16:00:00,1.5074999999999996
2023-01-25 19:00:00,1.5072999999999996
2023-01-25 20:00:00,1.5065999999999997
2023-01-25 21:00:00,1.5084999999999997
2023-01-25 23:00:00,1.5077999999999998
2023-01-26 14:30:00,1.5001999999999998
2023-01-26 16:00:00,1.4968999999999997
2023-01-26 17:00:00,1.4964999999999997
2023-01-26 18:00:00,1.4993999999999996
2023-01-26 19:00:00,1.4982999999999997
2023-01-26 20:00:00,1.4977999999999998
2023-01-26 23:00:00,1.4986999999999997
2023-01-27 14:30:00,1.4928999999999997
2023-01-27 15:00:00,1.4907999999999997
2023-01-27 18:00:00,1.4914999999999998
2023-01-27 23:00:00,1.4926999999999997
2023-01-30 14:30:00,1.5004999999999997
2023-01-30 15:00:00,1.4989999999999997
2023-01-30 16:00:00,1.4966999999999997
2023-01-30 17:00:00,1.4968999999999997
2023-01-30 23:00:00,1.4979999999999998
2023-01-31 14:30:00,1.5021999999999998
2023-01-31 15:00:00,1.4955999999999998
2023-01-31 16:00:00,1.4939999999999998
2023-01-31 23:00:00,1.4917999999999998
2023-02-01 18:00:00,1.5045999999999997
2023-02-01 19:00:00,1.5055999999999998
2023-02-01 20:00:00,1.5054999999999996
2023-02-01 23:00:00,1.5062999999999998
2023-02-02 14:30:00,1.4993999999999996
2023-02-02 15:00:00,1.5006999999999997
2023-02-02 16:00:00,1.5002999999999997
2023-02-02 19:00:00,1.4987999999999997
2023-02-02 23:00:00,1.4992999999999996
2023-02-03 15:00:00,1.4963999999999997
2023-02-03 18:00:00,1.4934999999999998
2023-02-03 19:00:00,1.4934999999999998
2023-02-03 23:00:00,1.4925999999999997
2023-02-06 14:30:00,1.4916999999999998
2023-02-06 15:00:00,1.4894999999999998
2023-02-06 16:00:00,1.4866999999999997
2023-02-06 17:00:00,1.4861999999999997
2023-02-06 23:00:00,1.4875999999999998
2023-02-07 15:00:00,1.4837999999999998
2023-02-07 16:00:00,1.4834999999999998
2023-02-07 17:00:00,1.4829999999999997
2023-02-07 20:00:00,1.4828999999999997
2023-02-07 23:00:00,1.4831999999999996
2023-02-08 15:00:00,1.4849999999999997
2023-02-08 23:00:00,1.4863999999999997
2023-02-09 15:00:00,1.4908999999999997
2023-02-09 17:00:00,1.4902999999999997
2023-02-09 23:00:00,1.4895999999999998
2023-02-10 14:30:00,1.4732999999999998
2023-02-10 15:00:00,1.4709999999999996
2023-02-10 16:00:00,1.4706999999999997
2023-02-10 17:00:00,1.4715999999999998
2023-02-10 20:00:00,1.4705999999999997
2023-02-10 23:00:00,1.4693999999999998
2023-02-13 14:30:00,1.4738999999999998
2023-02-13 15:00:00,1.4742999999999997
2023-02-13 16:00:00,1.4754999999999998
2023-02-13 17:00:00,1.4749999999999996
2023-02-13 23:00:00,1.4743999999999997
2023-02-14 14:30:00,1.4795999999999998
2023-02-14 15:00:00,1.4763999999999997
2023-02-14 16:00:00,1.4775999999999998
2023-02-14 23:00:00,1.4772999999999998
2023-02-15 18:00:00,1.4752999999999998
2023-02-15 23:00:00,1.4761999999999997
2023-02-16 16:00:00,1.4808999999999997
2023-02-16 20:00:00,1.4797999999999998
2023-02-16 23:00:00,1.4798999999999998
2023-02-17 15:00:00,1.4829999999999997
2023-02-17 18:00:00,1.4855999999999998
2023-02-17 20:00:00,1.4855999999999998
2023-02-17 23:00:00,1.4854999999999998
2023-02-20 16:00:00,1.4824999999999997
2023-02-20 23:00:00,1.4854999999999998
2023-02-21 14:30:00,1.4839999999999998
2023-02-21 20:00:00,1.4859999999999998
2023-02-21 23:00:00,1.4856999999999998
2023-02-22 14:30:00,1.4871999999999996
2023-02-22 18:00:00,1.4811999999999996
2023-02-22 23:00:00,1.4824999999999997
2023-02-23 15:00:00,1.4783999999999997
2023-02-23 21:00:00,1.4798999999999998
2023-02-23 23:00:00,1.4796999999999998
2023-02-24 14:30:00,1.4838999999999998
2023-02-24 16:00:00,1.4796999999999998
2023-02-24 23:00:00,1.4798999999999998
2023-02-27 14:30:00,1.4818999999999998
2023-02-27 15:00:00,1.4818999999999998
2023-02-27 16:00:00,1.4816999999999998
2023-02-27 19:00:00,1.4842999999999997
2023-02-27 21:00:00,1.4840999999999998
2023-02-27 23:00:00,1.4846999999999997
2023-02-28 15:00:00,1.4876999999999998
2023-02-28 16:00:00,1.4871999999999996
2023-02-28 18:00:00,1.4863999999999997
2023-02-28 19:00:00,1.4863999999999997
2023-02-28 20:00:00,1.4872999999999996
2023-02-28 23:00:00,1.4860999999999998
2023-03-01 14:30:00,1.4986999999999997
2023-03-01 15:00:00,1.4959999999999998
2023-03-01 16:00:00,1.4961999999999998
2023-03-01 18:00:00,1.4943999999999997
2023-03-01 20:00:00,1.4938999999999998
2023-03-01 23:00:00,1.4942999999999997
2023-03-02 14:30:00,1.4872999999999996
2023-03-02 16:00:00,1.4860999999999998
2023-03-02 17:00:00,1.4857999999999998
2023-03-02 18:00:00,1.4848999999999997
2023-03-02 18:00:01,1.4848999999999997
2023-03-02 23:00:00,1.4839999999999998
2023-03-03 14:30:00,1.4885999999999997
2023-03-03 23:00:00,1.4890999999999996
2023-03-06 14:30:00,1.4968999999999997
2023-03-06 16:00:00,1.4983999999999997
2023-03-06 23:00:00,1.4973999999999996
2023-03-07 15:00:00,1.4962999999999997
2023-03-07 17:00:00,1.4965999999999997
2023-03-07 23:00:00,1.4953999999999996
2023-03-08 14:30:00,1.4948999999999997
2023-03-08 15:00:00,1.4976999999999998
2023-03-08 16:00:00,1.4983999999999997
2023-03-08 19:00:00,1.4988999999999997
2023-03-08 21:00:00,1.4985999999999997
2023-03-08 23:00:00,1.4988999999999997
2023-03-09 14:30:00,1.4985999999999997
2023-03-09 15:00:00,1.4981999999999998
2023-03-09 18:00:00,1.5035999999999996
2023-03-09 20:00:00,1.5057999999999998
2023-03-09 23:00:00,1.5052999999999996
2023-03-10 14:30:00,1.5132999999999996
2023-03-10 15:00:00,1.5176999999999996
2023-03-10 16:00:00,1.5146999999999997
2023-03-10 17:00:00,1.5139999999999998
2023-03-10 18:00:00,1.5157999999999998
2023-03-10 23:00:00,1.5157999999999998
2023-03-13 13:30:00,1.5176999999999996
2023-03-13 14:00:00,1.5124999999999997
2023-03-13 15:00:00,1.5113999999999996
2023-03-13 17:00:00,1.5178999999999998
2023-03-13 23:00:00,1.5171999999999997
2023-03-14 13:30:00,1.5053999999999996
2023-03-14 23:00:00,1.5127999999999997
2023-03-15 13:30:00,1.4943999999999997
2023-03-15 14:00:00,1.4983999999999997
2023-03-15 15:00:00,1.4986999999999997
2023-03-15 16:00:00,1.4982999999999997
2023-03-15 18:00:00,1.4980999999999998
2023-03-15 19:00:00,1.5000999999999998
2023-03-15 23:00:00,1.4990999999999997
2023-03-16 13:30:00,1.5037999999999998
2023-03-16 14:00:00,1.5002999999999997
2023-03-16 15:00:00,1.5026999999999997
2023-03-16 16:00:00,1.5030999999999997
2023-03-16 17:00:00,1.4998999999999998
2023-03-16 23:00:00,1.4997999999999998
2023-03-17 13:30:00,1.5036999999999998
2023-03-17 14:00:00,1.5039999999999998
2023-03-17 15:00:00,1.5059999999999998
2023-03-17 16:00:00,1.5078999999999998
2023-03-17 17:00:00,1.5077999999999998
2023-03-17 23:00:00,1.5078999999999998
2023-03-20 13:30:00,1.5090999999999997
2023-03-20 14:00:00,1.5071999999999997
2023-03-20 15:00:00,1.5101999999999998
2023-03-20 16:00:00,1.5094999999999996
2023-03-20 17:00:00,1.5080999999999998
2023-03-20 18:00:00,1.5080999999999998
2023-03-20 23:00:00,1.5077999999999998
2023-03-21 15:00:00,1.5207999999999997
2023-03-21 16:00:00,1.5205999999999997
2023-03-21 17:00:00,1.5199999999999998
2023-03-21 18:00:00,1.5192999999999997
2023-03-21 23:00:00,1.5190999999999997
2023-03-22 14:00:00,1.5209999999999997
2023-03-22 15:00:00,1.5231999999999997
2023-03-22 16:00:00,1.5250999999999997
2023-03-22 18:00:00,1.5315999999999996
2023-03-22 19:00:00,1.5327999999999997
2023-03-22 23:00:00,1.5316999999999996
2023-03-23 13:30:00,1.5277999999999996
2023-03-23 14:00:00,1.5265999999999997
2023-03-23 15:00:00,1.5283999999999998
2023-03-23 16:00:00,1.5289999999999997
2023-03-23 23:00:00,1.5293999999999996
2023-03-24 16:00:00,1.5207999999999997
2023-03-24 23:00:00,1.5208999999999997
2023-03-27 14:30:00,1.5192999999999997
2023-03-27 15:00:00,1.5183999999999997
2023-03-27 16:00:00,1.5188999999999997
2023-03-27 17:00:00,1.5180999999999998
2023-03-27 19:00:00,1.5158999999999998
2023-03-27 23:00:00,1.5158999999999998
2023-03-28 15:00:00,1.5185999999999997
2023-03-28 16:00:00,1.5187999999999997
2023-03-28 23:00:00,1.5171999999999997
2023-03-29 14:30:00,1.5141999999999998
2023-03-29 15:00:00,1.5135999999999996
2023-03-29 16:00:00,1.5129999999999997
2023-03-29 17:00:00,1.5114999999999996
2023-03-29 20:00:00,1.5122999999999998
2023-03-29 23:00:00,1.5132999999999996
2023-03-30 14:30:00,1.5191999999999997
2023-03-30 15:00:00,1.5180999999999998
2023-03-30 17:00:00,1.5168999999999997
2023-03-30 20:00:00,1.5162999999999998
2023-03-30 23:00:00,1.5158999999999998
2023-03-31 15:00:00,1.5121999999999998
2023-03-31 16:00:00,1.5113999999999996
2023-03-31 23:00:00,1.5104999999999997
2023-04-03 14:30:00,1.5062999999999998
2023-04-03 15:00:00,1.5056999999999998
2023-04-03 20:00:00,1.5034999999999996
2023-04-03 23:00:00,1.5034999999999996
2023-04-04 14:30:00,1.5064999999999997
2023-04-04 15:00:00,1.5149999999999997
2023-04-04 16:00:00,1.5151999999999997
2023-04-04 23:00:00,1.5152999999999996
2023-04-05 15:00:00,1.5105999999999997
2023-04-05 16:00:00,1.5095999999999996
2023-04-05 17:00:00,1.5097999999999998
2023-04-05 19:00:00,1.5083999999999997
2023-04-05 23:00:00,1.5090999999999997
2023-04-06 16:00:00,1.5138999999999998
2023-04-06 17:00:00,1.5134999999999996
2023-04-06 23:00:00,1.5136999999999996
2023-04-10 23:00:00,1.5081999999999998
2023-04-11 18:00:00,1.5103999999999997
2023-04-11 23:00:00,1.5103999999999997
2023-04-12 15:00:00,1.5183999999999997
2023-04-12 23:00:00,1.5183999999999997
2023-04-13 15:00:00,1.5185999999999997
2023-04-13 19:00:00,1.5138999999999998
2023-04-13 23:00:00,1.5138999999999998
2023-04-14 14:30:00,1.5112999999999996
2023-04-14 16:00:00,1.5094999999999996
2023-04-14 23:00:00,1.5094999999999996
2023-04-17 17:00:00,1.5033999999999996
2023-04-17 18:00:00,1.5039999999999998
2023-04-17 23:00:00,1.5039999999999998
2023-04-18 14:30:00,1.5066999999999997
2023-04-18 16:00:00,1.5077999999999998
2023-04-18 17:00:00,1.5077999999999998
2023-04-18 23:00:00,1.5077999999999998
2023-04-19 15:00:00,1.5140999999999998
2023-04-19 16:00:00,1.5120999999999998
2023-04-19 23:00:00,1.5120999999999998
2023-04-20 15:00:00,1.5167999999999997
2023-04-20 16:00:00,1.5165999999999997
2023-04-20 17:00:00,1.5163999999999997
2023-04-20 23:00:00,1.5163999999999997
2023-04-21 14:30:00,1.5256999999999996
2023-04-21 15:00:00,1.5242999999999998
2023-04-21 23:00:00,1.5242999999999998
2023-04-24 14:30:00,1.5330999999999997
2023-04-24 15:00:00,1.5333999999999997
2023-04-24 16:00:00,1.5331999999999997
2023-04-24 17:00:00,1.5336999999999996
2023-04-24 18:00:00,1.5351999999999997
2023-04-24 19:00:00,1.5355999999999996
2023-04-24 20:00:00,1.5351999999999997
2023-04-24 23:00:00,1.5351999999999997
2023-04-25 15:00:00,1.5365999999999997
2023-04-25 19:00:00,1.5366999999999997
2023-04-25 23:00:00,1.5366999999999997
2023-04-26 14:30:00,1.5487999999999997
2023-04-26 15:00:00,1.5481999999999998
2023-04-26 16:00:00,1.5436999999999996
2023-04-26 23:00:00,1.5436999999999996
2023-04-27 14:30:00,1.5388999999999997
2023-04-27 15:00:00,1.5381999999999998
2023-04-27 23:00:00,1.5381999999999998
2023-04-28 15:00:00,1.5364999999999998
2023-04-28 16:00:00,1.5370999999999997
2023-04-28 17:00:00,1.5366999999999997
2023-04-28 18:00:00,1.5320999999999998
2023-04-28 20:00:00,1.5307999999999997
2023-04-28 23:00:00,1.5307999999999997
2023-05-01 15:00:00,1.5250999999999997
2023-05-01 17:00:00,1.5246999999999997
2023-05-01 23:00:00,1.5246999999999997
2023-05-02 14:30:00,1.5296999999999996
2023-05-02 15:00:00,1.5366999999999997
2023-05-02 23:00:00,1.5366999999999997
2023-05-03 14:30:00,1.5442999999999998
2023-05-03 16:00:00,1.5448999999999997
2023-05-03 23:00:00,1.5448999999999997
2023-05-04 16:00:00,1.5342999999999998
2023-05-04 17:00:00,1.5333999999999997
2023-05-04 18:00:00,1.5306999999999997
2023-05-04 19:00:00,1.5306999999999997
2023-05-04 23:00:00,1.5306999999999997
2023-05-05 14:30:00,1.5176999999999996
2023-05-05 18:00:00,1.5145999999999997
2023-05-05 19:00:00,1.5138999999999998
2023-05-05 23:00:00,1.5138999999999998
2023-05-08 14:30:00,1.5115999999999996
2023-05-08 15:00:00,1.5100999999999998
2023-05-08 16:00:00,1.5106999999999997
2023-05-08 23:00:00,1.5106999999999997
2023-05-09 16:00:00,1.5066999999999997
2023-05-09 23:00:00,1.5066999999999997
2023-05-10 14:30:00,1.5077999999999998
2023-05-10 16:00:00,1.5052999999999996
2023-05-10 19:00:00,1.5082999999999998
2023-05-10 23:00:00,1.5082999999999998
2023-05-11 14:30:00,1.5083999999999997
2023-05-11 15:00:00,1.5096999999999998
2023-05-11 21:00:00,1.5113999999999996
2023-05-11 23:00:00,1.5113999999999996
2023-05-12 23:00:00,1.5104999999999997
2023-05-15 14:30:00,1.5083999999999997
2023-05-15 15:00:00,1.5066999999999997
2023-05-15 16:00:00,1.5059999999999998
2023-05-15 17:00:00,1.5029999999999997
2023-05-15 23:00:00,1.5029999999999997
2023-05-16 15:00:00,1.5004999999999997
2023-05-16 23:00:00,1.5004999999999997
2023-05-17 14:30:00,1.4966999999999997
2023-05-17 15:00:00,1.4979999999999998
2023-05-17 16:00:00,1.4970999999999997
2023-05-17 18:00:00,1.4955999999999998
2023-05-17 23:00:00,1.4955999999999998
2023-05-18 15:00:00,1.4928999999999997
2023-05-18 16:00:00,1.4907999999999997
2023-05-18 20:00:00,1.4932999999999996
2023-05-18 23:00:00,1.4932999999999996
2023-05-19 14:30:00,1.4948999999999997
2023-05-19 23:00:00,1.4948999999999997
2023-05-22 15:00:00,1.4987999999999997
2023-05-22 23:00:00,1.4987999999999997
2023-05-23 21:00:00,1.4925999999999997
2023-05-23 23:00:00,1.4925999999999997
2023-05-24 17:00:00,1.5005999999999997
2023-05-24 18:00:00,1.5010999999999997
2023-05-24 20:00:00,1.5005999999999997
2023-05-24 23:00:00,1.5005999999999997
2023-05-25 15:00:00,1.5005999999999997
2023-05-25 16:00:00,1.5004999999999997
2023-05-25 17:00:00,1.4997999999999998
2023-05-25 18:00:00,1.4996999999999998
2023-05-25 23:00:00,1.4996999999999998
2023-05-26 15:00:00,1.4979999999999998
2023-05-26 16:00:00,1.4970999999999997
2023-05-26 19:00:00,1.4992999999999996
2023-05-26 21:00:00,1.4985999999999997
2023-05-26 23:00:00,1.4985999999999997
2023-05-29 16:00:00,1.4933999999999996
2023-05-29 23:00:00,1.4933999999999996
2023-05-30 14:30:00,1.4973999999999996
2023-05-30 15:00:00,1.4976999999999998
2023-05-30 16:00:00,1.4960999999999998
2023-05-30 18:00:00,1.4957999999999998
2023-05-30 23:00:00,1.4957999999999998
2023-05-31 14:30:00,1.4943999999999997
2023-05-31 15:00:00,1.4869999999999997
2023-05-31 16:00:00,1.4873999999999996
2023-05-31 18:00:00,1.4864999999999997
2023-05-31 20:00:00,1.4863999999999997
2023-05-31 23:00:00,1.4863999999999997
2023-06-01 16:00:00,1.4831999999999996
2023-06-01 17:00:00,1.4835999999999998
2023-06-01 23:00:00,1.4835999999999998
2023-06-02 14:30:00,1.4804999999999997
2023-06-02 15:00:00,1.4785999999999997
2023-06-02 16:00:00,1.4790999999999996
2023-06-02 19:00:00,1.4766999999999997
2023-06-02 20:00:00,1.4753999999999996
2023-06-02 21:00:00,1.4756999999999998
2023-06-02 23:00:00,1.4756999999999998
2023-06-05 15:00:00,1.4787999999999997
2023-06-05 16:00:00,1.4768999999999997
2023-06-05 18:00:00,1.4756999999999998
2023-06-05 23:00:00,1.4756999999999998
2023-06-06 14:30:00,1.4730999999999996
2023-06-06 15:00:00,1.4709999999999996
2023-06-06 16:00:00,1.4710999999999996
2023-06-06 17:00:00,1.4714999999999998
2023-06-06 18:00:00,1.4705999999999997
2023-06-06 23:00:00,1.4705999999999997
2023-06-07 14:30:00,1.4754999999999998
2023-06-07 15:00:00,1.4685999999999997
2023-06-07 16:00:00,1.4678999999999998
2023-06-07 17:00:00,1.4678999999999998
2023-06-07 19:00:00,1.4686999999999997
2023-06-07 20:00:00,1.4685999999999997
2023-06-07 23:00:00,1.4684999999999997
2023-06-08 14:30:00,1.4742999999999997
2023-06-08 15:00:00,1.4760999999999997
2023-06-08 16:00:00,1.4760999999999997
2023-06-08 17:00:00,1.4773999999999996
2023-06-08 23:00:00,1.4773999999999996
2023-06-09 14:30:00,1.4739999999999998
2023-06-09 15:00:00,1.4708999999999997
2023-06-09 16:00:00,1.4708999999999997
2023-06-09 17:00:00,1.4708999999999997
2023-06-09 19:00:00,1.4708999999999997
2023-06-09 19:00:01,1.4716999999999998
2023-06-09 19:00:02,1.4716999999999998
2023-06-09 23:00:00,1.4726
2023-06-12 14:30:00,1.4728999999999999
2023-06-12 15:00:00,1.4756999999999998
2023-06-12 23:00:00,1.4755999999999998
2023-06-13 14:30:00,1.4761999999999997
2023-06-13 23:00:00,1.4733999999999998
2023-06-14 16:00:00,1.4786
2023-06-14 20:00:00,1.4806
2023-06-14 23:00:00,1.4795999999999998
2023-06-15 14:30:00,1.4831999999999999
2023-06-15 16:00:00,1.4826
2023-06-15 17:00:00,1.4840999999999998
2023-06-15 20:00:00,1.4833999999999998
2023-06-15 23:00:00,1.4832999999999998
2023-06-16 14:30:00,1.4838999999999998
2023-06-16 15:00:00,1.4785
2023-06-16 16:00:00,1.4792999999999998
2023-06-16 23:00:00,1.4790999999999999
2023-06-19 18:00:00,1.4794999999999998
2023-06-19 23:00:00,1.4790999999999999
2023-06-20 15:00:00,1.4830999999999999
2023-06-20 20:00:00,1.4806
2023-06-20 23:00:00,1.4809999999999999
2023-06-21 14:30:00,1.4796999999999998
2023-06-21 15:00:00,1.4806
2023-06-21 16:00:00,1.4800999999999997
2023-06-21 17:00:00,1.4798999999999998
2023-06-21 23:00:00,1.4820999999999998
2023-06-22 14:30:00,1.4822999999999997
2023-06-22 15:00:00,1.4808
2023-06-22 16:00:00,1.4782999999999997
2023-06-22 18:00:00,1.4775999999999998
2023-06-22 20:00:00,1.4770999999999999
2023-06-22 23:00:00,1.4769999999999999
2023-06-23 14:30:00,1.4749999999999999
2023-06-23 23:00:00,1.4728999999999999
2023-06-26 15:00:00,1.4725
2023-06-26 17:00:00,1.4689999999999999
2023-06-26 18:00:00,1.4703999999999997
2023-06-26 20:00:00,1.4703999999999997
2023-06-26 21:00:00,1.4706
2023-06-26 23:00:00,1.4707999999999999
2023-06-27 15:00:00,1.4788
2023-06-27 23:00:00,1.4805
2023-06-28 17:00:00,1.4818999999999998
2023-06-28 23:00:00,1.4834999999999998
2023-06-29 14:30:00,1.4785
2023-06-29 15:00:00,1.4786
2023-06-29 17:00:00,1.4760999999999997
2023-06-29 18:00:00,1.4760999999999997
2023-06-29 19:00:00,1.4750999999999999
2023-06-29 23:00:00,1.4752999999999998
2023-06-30 15:00:00,1.4793999999999998
2023-06-30 16:00:00,1.4805
2023-06-30 23:00:00,1.4800999999999997
2023-07-03 14:30:00,1.4810999999999999
2023-07-03 17:00:00,1.4817999999999998
2023-07-03 23:00:00,1.4817999999999998
2023-07-04 14:30:00,1.4768
2023-07-04 16:00:00,1.4759999999999998
2023-07-04 23:00:00,1.4759999999999998
2023-07-05 15:00:00,1.4781999999999997
2023-07-05 16:00:00,1.4782999999999997
2023-07-05 17:00:00,1.4776999999999998
2023-07-05 23:00:00,1.4776999999999998
2023-07-06 14:30:00,1.4842999999999997
2023-07-06 15:00:00,1.4846
2023-07-06 16:00:00,1.4867
2023-07-06 17:00:00,1.4891999999999999
2023-07-06 19:00:00,1.4886
2023-07-06 23:00:00,1.4886
2023-07-07 16:00:00,1.4914999999999998
2023-07-07 17:00:00,1.4927
2023-07-07 23:00:00,1.4927
2023-07-10 15:00:00,1.4922999999999997
2023-07-10 16:00:00,1.4944999999999997
2023-07-10 17:00:00,1.4950999999999999
2023-07-10 23:00:00,1.4950999999999999
2023-07-11 14:30:00,1.4933999999999998
2023-07-11 16:00:00,1.4929
2023-07-11 23:00:00,1.4929
2023-07-12 14:30:00,1.4984999999999997
2023-07-12 15:00:00,1.4949999999999999
2023-07-12 17:00:00,1.5030999999999999
2023-07-12 19:00:00,1.5047
2023-07-12 23:00:00,1.5047
2023-07-13 14:30:00,1.5049
2023-07-13 15:00:00,1.5024999999999997
2023-07-13 19:00:00,1.5064999999999997
2023-07-13 21:00:00,1.5072999999999999
2023-07-13 23:00:00,1.5072999999999999
2023-07-14 14:30:00,1.5106999999999997
2023-07-14 15:00:00,1.5152999999999999
2023-07-14 16:00:00,1.5181999999999998
2023-07-14 23:00:00,1.5181999999999998
2023-07-17 14:30:00,1.5164999999999997
2023-07-17 23:00:00,1.5164999999999997
2023-07-18 15:00:00,1.5169
2023-07-18 16:00:00,1.5166999999999997
2023-07-18 23:00:00,1.5166999999999997
2023-07-19 16:00:00,1.5089
2023-07-19 18:00:00,1.5085999999999997
2023-07-19 23:00:00,1.5085999999999997
2023-07-20 23:00:00,1.501
2023-07-21 14:30:00,1.5039999999999998
2023-07-21 15:00:00,1.5031999999999999
2023-07-21 16:00:00,1.5055999999999998
2023-07-21 23:00:00,1.5055999999999998
2023-07-24 14:30:00,1.4975999999999998
2023-07-24 15:00:00,1.4947
2023-07-24 23:00:00,1.4947
2023-07-25 14:30:00,1.4897999999999998
2023-07-25 15:00:00,1.4901999999999997
2023-07-25 23:00:00,1.4901999999999997
2023-07-26 14:30:00,1.4977999999999998
2023-07-26 15:00:00,1.4951999999999999
2023-07-26 17:00:00,1.4993999999999998
2023-07-26 20:00:00,1.4999999999999998
2023-07-26 23:00:00,1.4999999999999998
2023-07-27 14:30:00,1.4864999999999997
2023-07-27 15:00:00,1.4835999999999998
2023-07-27 16:00:00,1.4858999999999998
2023-07-27 17:00:00,1.4855999999999998
2023-07-27 18:00:00,1.4864999999999997
2023-07-27 23:00:00,1.4864999999999997
2023-07-28 15:00:00,1.4949999999999999
2023-07-28 17:00:00,1.4949999999999999
2023-07-28 23:00:00,1.4949999999999999
2023-07-31 14:30:00,1.4900999999999998
2023-07-31 15:00:00,1.4852999999999998
2023-07-31 16:00:00,1.4838999999999998
2023-07-31 17:00:00,1.4834999999999998
2023-07-31 19:00:00,1.4842999999999997
2023-07-31 21:00:00,1.4848
2023-07-31 23:00:00,1.4848
2023-08-01 15:00:00,1.4927
2023-08-01 16:00:00,1.4918999999999998
2023-08-01 17:00:00,1.4938999999999998
2023-08-01 18:00:00,1.4918999999999998
2023-08-01 19:00:00,1.4921999999999997
2023-08-01 20:00:00,1.4934999999999998
2023-08-01 23:00:00,1.4934999999999998
2023-08-02 16:00:00,1.4923999999999997
2023-08-02 21:00:00,1.4939999999999998
2023-08-02 23:00:00,1.4939999999999998
2023-08-03 14:30:00,1.4922999999999997
2023-08-03 15:00:00,1.4937999999999998
2023-08-03 20:00:00,1.4955999999999998
2023-08-03 23:00:00,1.4955999999999998
2023-08-04 14:30:00,1.5051999999999999
2023-08-04 15:00:00,1.5052999999999999
2023-08-04 16:00:00,1.5075999999999998
2023-08-04 23:00:00,1.5075999999999998
2023-08-07 16:00:00,1.5061999999999998
2023-08-07 23:00:00,1.5061999999999998
2023-08-08 15:00:00,1.5097999999999998
2023-08-08 17:00:00,1.5058999999999998
2023-08-08 18:00:00,1.5065999999999997
2023-08-08 19:00:00,1.5045999999999997
2023-08-08 23:00:00,1.5045999999999997
2023-08-09 14:30:00,1.509
2023-08-09 15:00:00,1.5085999999999997
2023-08-09 17:00:00,1.5094999999999998
2023-08-09 18:00:00,1.5077999999999998
2023-08-09 23:00:00,1.5077999999999998
2023-08-10 14:30:00,1.5100999999999998
2023-08-10 16:00:00,1.5103999999999997
2023-08-10 17:00:00,1.5102999999999998
2023-08-10 18:00:00,1.5094999999999998
2023-08-10 20:00:00,1.5096999999999998
2023-08-10 21:00:00,1.5097999999999998
2023-08-10 23:00:00,1.5097999999999998
2023-08-11 16:00:00,1.5058999999999998
2023-08-11 18:00:00,1.5057999999999998
2023-08-11 20:00:00,1.5058999999999998
2023-08-11 23:00:00,1.5058999999999998
2023-08-14 15:00:00,1.4997999999999998
2023-08-14 16:00:00,1.5036999999999998
2023-08-14 17:00:00,1.5036999999999998
2023-08-14 23:00:00,1.5036999999999998
2023-08-15 14:30:00,1.5068
2023-08-15 16:00:00,1.5062999999999998
2023-08-15 19:00:00,1.5050999999999999
2023-08-15 23:00:00,1.5050999999999999
2023-08-16 15:00:00,1.5077999999999998
2023-08-16 16:00:00,1.5071999999999999
2023-08-16 17:00:00,1.5073999999999999
2023-08-16 23:00:00,1.5073999999999999
2023-08-17 14:30:00,1.5073999999999999
2023-08-17 15:00:00,1.5050999999999999
2023-08-17 16:00:00,1.5037999999999998
2023-08-17 17:00:00,1.5049
2023-08-17 19:00:00,1.5044999999999997
2023-08-17 23:00:00,1.5044999999999997
2023-08-18 15:00:00,1.5085999999999997
2023-08-18 16:00:00,1.5073999999999999
2023-08-18 23:00:00,1.5073999999999999
2023-08-21 15:00:00,1.5076999999999998
2023-08-21 16:00:00,1.5099999999999998
2023-08-21 23:00:00,1.5099999999999998
2023-08-22 14:30:00,1.5032999999999999
2023-08-22 17:00:00,1.503
2023-08-22 23:00:00,1.503
2023-08-23 14:30:00,1.505
2023-08-23 15:00:00,1.5041999999999998
2023-08-23 17:00:00,1.5033999999999998
2023-08-23 18:00:00,1.503
2023-08-23 19:00:00,1.5031999999999999
2023-08-23 23:00:00,1.5031999999999999
2023-08-24 17:00:00,1.5015999999999998
2023-08-24 18:00:00,1.5015999999999998
2023-08-24 19:00:00,1.5002999999999997
2023-08-24 20:00:00,1.5002999999999997
2023-08-24 21:00:00,1.5014999999999998
2023-08-24 23:00:00,1.5014999999999998
2023-08-25 15:00:00,1.501
2023-08-25 23:00:00,1.501
2023-08-28 17:00:00,1.5025999999999997
2023-08-28 23:00:00,1.5025999999999997
2023-08-29 15:00:00,1.5086999999999997
2023-08-29 16:00:00,1.5063999999999997
2023-08-29 18:00:00,1.5082999999999998
2023-08-29 20:00:00,1.5088
2023-08-29 23:00:00,1.5088
2023-08-30 15:00:00,1.5141999999999998
2023-08-30 17:00:00,1.5113999999999999
2023-08-30 23:00:00,1.5113999999999999
2023-08-31 14:30:00,1.4999999999999998
2023-08-31 15:00:00,1.5008
2023-08-31 16:00:00,1.5011999999999999
2023-08-31 23:00:00,1.5011999999999999
2023-09-01 16:00:00,1.4983999999999997
2023-09-01 18:00:00,1.4989999999999999
2023-09-01 23:00:00,1.4989999999999999
2023-09-04 23:00:00,1.4984999999999997
2023-09-05 14:30:00,1.4942999999999997
2023-09-05 15:00:00,1.4933999999999998
2023-09-05 16:00:00,1.4919999999999998
2023-09-05 18:00:00,1.4942999999999997
2023-09-05 19:00:00,1.4942999999999997
2023-09-05 23:00:00,1.4942999999999997
2023-09-06 14:30:00,1.4970999999999999
2023-09-06 15:00:00,1.4942999999999997
2023-09-06 23:00:00,1.4942999999999997
2023-09-07 14:30:00,1.4933999999999998
2023-09-07 16:00:00,1.4942999999999997
2023-09-07 17:00:00,1.4983999999999997
2023-09-07 23:00:00,1.4983999999999997
2023-09-08 23:00:00,1.4918999999999998
2023-09-11 14:30:00,1.4918999999999998
2023-09-11 15:00:00,1.4933999999999998
2023-09-11 19:00:00,1.4918999999999998
2023-09-11 19:00:01,1.4918999999999998
2023-09-11 19:00:02,1.4918999999999998
2023-09-11 23:00:00,1.4919999999999998
2023-09-12 15:00:00,1.4847
2023-09-12 21:00:00,1.4878999999999998
2023-09-12 23:00:00,1.4872999999999998
2023-09-13 14:30:00,1.4880999999999998
2023-09-13 16:00:00,1.4848
2023-09-13 23:00:00,1.4882999999999997
2023-09-14 14:30:00,1.4757999999999998
2023-09-14 15:00:00,1.4729999999999999
2023-09-14 23:00:00,1.4683999999999997
2023-09-15 15:00:00,1.4748999999999999
2023-09-15 18:00:00,1.4751999999999998
2023-09-15 19:00:00,1.4736999999999998
2023-09-15 23:00:00,1.4729999999999999
2023-09-18 14:30:00,1.4705
2023-09-18 19:00:00,1.4725
2023-09-18 23:00:00,1.4726
2023-09-19 15:00:00,1.4628999999999999
2023-09-19 16:00:00,1.4661999999999997
2023-09-19 17:00:00,1.4676999999999998
2023-09-19 19:00:00,1.4671999999999998
2023-09-19 20:00:00,1.4673999999999998
2023-09-19 23:00:00,1.4670999999999998
2023-09-20 14:30:00,1.4682999999999997
2023-09-20 15:00:00,1.4690999999999999
2023-09-20 19:00:00,1.4696999999999998
2023-09-20 23:00:00,1.4675999999999998
2023-09-21 16:00:00,1.4693999999999998
2023-09-21 20:00:00,1.4679999999999997
2023-09-21 23:00:00,1.4676999999999998
2023-09-22 15:00:00,1.4648999999999999
2023-09-22 17:00:00,1.4672999999999998
2023-09-22 23:00:00,1.4663999999999997
2023-09-25 14:30:00,1.4610999999999998
2023-09-25 15:00:00,1.4582999999999997
2023-09-25 19:00:00,1.4582999999999997
2023-09-25 20:00:00,1.4575999999999998
2023-09-25 23:00:00,1.4574999999999998
2023-09-26 14:30:00,1.4604
2023-09-26 19:00:00,1.4599999999999997
2023-09-26 23:00:00,1.4599999999999997
2023-09-27 14:30:00,1.4533999999999998
2023-09-27 15:00:00,1.4515999999999998
2023-09-27 23:00:00,1.4508999999999999
2023-09-28 15:00:00,1.4555999999999998
2023-09-28 16:00:00,1.4568999999999999
2023-09-28 23:00:00,1.4561999999999997
2023-09-29 14:30:00,1.4566
2023-09-29 15:00:00,1.4620999999999997
2023-09-29 16:00:00,1.4625
2023-09-29 17:00:00,1.4632999999999998
2023-09-29 19:00:00,1.4648999999999999
2023-09-29 23:00:00,1.4651999999999998
2023-10-02 15:00:00,1.4655999999999998
2023-10-02 23:00:00,1.4655999999999998
2023-10-03 15:00:00,1.4673999999999998
2023-10-03 17:00:00,1.4654999999999998
2023-10-03 18:00:00,1.4659999999999997
2023-10-03 19:00:00,1.4671999999999998
2023-10-03 20:00:00,1.4666
2023-10-03 23:00:00,1.4670999999999998
2023-10-04 14:30:00,1.4759999999999998
2023-10-04 15:00:00,1.4748999999999999
2023-10-04 16:00:00,1.4765
2023-10-04 17:00:00,1.4745
2023-10-04 23:00:00,1.4750999999999999
2023-10-05 15:00:00,1.4751999999999998
2023-10-05 17:00:00,1.4771999999999998
2023-10-05 18:00:00,1.4756999999999998
2023-10-05 19:00:00,1.4767
2023-10-05 20:00:00,1.4768999999999999
2023-10-05 23:00:00,1.4778999999999998
2023-10-06 14:30:00,1.4702999999999997
2023-10-06 15:00:00,1.4737999999999998
2023-10-06 17:00:00,1.4770999999999999
2023-10-06 19:00:00,1.4774999999999998
2023-10-06 20:00:00,1.4771999999999998
2023-10-06 21:00:00,1.4774999999999998
2023-10-06 23:00:00,1.4774999999999998
2023-10-09 15:00:00,1.4679999999999997
2023-10-09 16:00:00,1.4680999999999997
2023-10-09 23:00:00,1.4660999999999997
2023-10-10 14:30:00,1.4716999999999998
2023-10-10 15:00:00,1.4722999999999997
2023-10-10 23:00:00,1.4709999999999999
2023-10-11 14:30:00,1.4736999999999998
2023-10-11 17:00:00,1.4747999999999999
2023-10-11 23:00:00,1.4732999999999998
2023-10-12 15:00:00,1.4707999999999999
2023-10-12 23:00:00,1.4716999999999998
2023-10-13 15:00:00,1.4635999999999998
2023-10-13 16:00:00,1.4652999999999998
2023-10-13 17:00:00,1.4649999999999999
2023-10-13 23:00:00,1.4662999999999997
2023-10-16 14:30:00,1.4665
2023-10-16 16:00:00,1.4665
2023-10-16 17:00:00,1.4662999999999997
2023-10-16 23:00:00,1.4674999999999998
2023-10-17 15:00:00,1.4723999999999997
2023-10-17 16:00:00,1.4732999999999998
2023-10-17 23:00:00,1.4727999999999999
2023-10-18 14:30:00,1.4711999999999998
2023-10-18 15:00:00,1.4727
2023-10-18 16:00:00,1.4728999999999999
2023-10-18 23:00:00,1.4747
2023-10-19 14:30:00,1.4813999999999998
2023-10-19 15:00:00,1.4814999999999998
2023-10-19 16:00:00,1.4803999999999997
2023-10-19 23:00:00,1.4818999999999998
2023-10-20 17:00:00,1.4804999999999997
2023-10-20 21:00:00,1.4822999999999997
2023-10-20 23:00:00,1.4815999999999998
2023-10-23 15:00:00,1.4847
2023-10-23 16:00:00,1.4853999999999998
2023-10-23 17:00:00,1.4890999999999999
2023-10-23 19:00:00,1.4898999999999998
2023-10-23 23:00:00,1.4903999999999997
2023-10-24 15:00:00,1.4869999999999999
2023-10-24 23:00:00,1.4839999999999998
2023-10-25 14:30:00,1.4871999999999999
2023-10-25 15:00:00,1.4898999999999998
2023-10-25 16:00:00,1.4875999999999998
2023-10-25 17:00:00,1.4880999999999998
2023-10-25 23:00:00,1.4878999999999998
2023-10-26 15:00:00,1.4874999999999998
2023-10-26 16:00:00,1.4856999999999998
2023-10-26 23:00:00,1.4889
2023-10-27 14:30:00,1.4925999999999997
2023-10-27 15:00:00,1.4949
2023-10-27 19:00:00,1.4951999999999999
2023-10-27 21:00:00,1.4953999999999998
2023-10-27 23:00:00,1.4965999999999997
2023-10-30 14:00:00,1.4983999999999997
2023-10-30 15:00:00,1.4982999999999997
2023-10-30 16:00:00,1.4979999999999998
2023-10-30 18:00:00,1.4974999999999998
2023-10-30 23:00:00,1.4974999999999998
2023-10-31 15:00:00,1.4968
2023-10-31 16:00:00,1.4973999999999998
2023-10-31 17:00:00,1.4975999999999998
2023-10-31 23:00:00,1.4970999999999999
2023-11-01 14:00:00,1.4928
2023-11-01 15:00:00,1.4920999999999998
2023-11-01 19:00:00,1.4941999999999998
2023-11-01 23:00:00,1.4930999999999999
2023-11-02 13:30:00,1.4977999999999998
2023-11-02 16:00:00,1.4917999999999998
2023-11-02 23:00:00,1.4909999999999999
2023-11-03 14:00:00,1.4978999999999998
2023-11-03 17:00:00,1.4976999999999998
2023-11-03 19:00:00,1.4960999999999998
2023-11-03 23:00:00,1.4960999999999998
2023-11-06 14:30:00,1.4983999999999997
2023-11-06 15:00:00,1.4985999999999997
2023-11-06 16:00:00,1.4989999999999999
2023-11-06 17:00:00,1.4971999999999999
2023-11-06 23:00:00,1.4975999999999998
2023-11-07 15:00:00,1.4996999999999998
2023-11-07 16:00:00,1.5003999999999997
2023-11-07 23:00:00,1.5012999999999999
2023-11-08 14:30:00,1.5028
2023-11-08 15:00:00,1.5062999999999998
2023-11-08 16:00:00,1.5077999999999998
2023-11-08 18:00:00,1.5072999999999999
2023-11-08 23:00:00,1.5065999999999997
2023-11-09 14:30:00,1.5040999999999998
2023-11-09 15:00:00,1.5044999999999997
2023-11-09 18:00:00,1.5023999999999997
2023-11-09 19:00:00,1.5020999999999998
2023-11-09 23:00:00,1.5027
2023-11-10 14:30:00,1.5058999999999998
2023-11-10 15:00:00,1.5073999999999999
2023-11-10 16:00:00,1.5049
2023-11-10 17:00:00,1.5041999999999998
2023-11-10 23:00:00,1.5042999999999997
2023-11-13 16:00:00,1.5037999999999998
2023-11-13 23:00:00,1.5059999999999998
2023-11-14 14:30:00,1.517
2023-11-14 17:00:00,1.5198999999999998
2023-11-14 18:00:00,1.5197999999999998
2023-11-14 19:00:00,1.5194999999999999
2023-11-14 23:00:00,1.5196999999999998
2023-11-15 19:00:00,1.5131999999999999
2023-11-15 23:00:00,1.5131999999999999
2023-11-16 17:00:00,1.5222999999999998
2023-11-16 19:00:00,1.5227999999999997
2023-11-16 23:00:00,1.5229
2023-11-17 15:00:00,1.5235999999999998
2023-11-17 19:00:00,1.5243999999999998
2023-11-17 23:00:00,1.5244999999999997
2023-11-20 14:30:00,1.5304999999999997
2023-11-20 16:00:00,1.5312
2023-11-20 17:00:00,1.5307999999999997
2023-11-20 21:00:00,1.5308999999999997
2023-11-20 23:00:00,1.5312
2023-11-21 15:00:00,1.5264999999999997
2023-11-21 16:00:00,1.5249
2023-11-21 17:00:00,1.5247999999999997
2023-11-21 23:00:00,1.5243999999999998
2023-11-22 14:30:00,1.5240999999999998
2023-11-22 15:00:00,1.5219999999999998
2023-11-22 16:00:00,1.5216999999999998
2023-11-22 23:00:00,1.5202999999999998
2023-11-23 14:30:00,1.5216999999999998
2023-11-23 23:00:00,1.5202999999999998
2023-11-24 14:30:00,1.5174999999999998
2023-11-24 15:00:00,1.5165999999999997
2023-11-24 23:00:00,1.5178999999999998
2023-11-27 14:30:00,1.5199999999999998
2023-11-27 16:00:00,1.5195999999999998
2023-11-27 17:00:00,1.5202999999999998
2023-11-27 18:00:00,1.5203999999999998
2023-11-27 23:00:00,1.5213999999999999
2023-11-28 15:00:00,1.5217999999999998
2023-11-28 23:00:00,1.5197999999999998
2023-11-29 16:00:00,1.521
2023-11-29 23:00:00,1.5205999999999997
2023-11-30 14:30:00,1.5115999999999998
2023-11-30 15:00:00,1.5073999999999999
2023-11-30 16:00:00,1.5081999999999998
2023-11-30 23:00:00,1.5059999999999998
2023-12-01 14:30:00,1.4932999999999998
2023-12-01 15:00:00,1.4933999999999998
2023-12-01 16:00:00,1.4933999999999998
2023-12-01 23:00:00,1.4956999999999998
2023-12-04 14:30:00,1.4949
2023-12-04 15:00:00,1.4920999999999998
2023-12-04 16:00:00,1.4932999999999998
2023-12-04 17:00:00,1.4930999999999999
2023-12-04 23:00:00,1.4948
2023-12-05 16:00:00,1.4929999999999999
2023-12-05 17:00:00,1.4929999999999999
2023-12-05 20:00:00,1.4932999999999998
2023-12-05 23:00:00,1.4935999999999998
2023-12-06 15:00:00,1.4920999999999998
2023-12-06 17:00:00,1.4939999999999998
2023-12-06 23:00:00,1.4913999999999998
2023-12-07 15:00:00,1.4913999999999998
2023-12-07 23:00:00,1.4959999999999998
2023-12-08 14:30:00,1.4886
2023-12-08 15:00:00,1.4893999999999998
2023-12-08 23:00:00,1.4895999999999998
2023-12-11 16:00:00,1.4867
2023-12-11 18:00:00,1.4877999999999998
2023-12-11 23:00:00,1.4884999999999997
2023-12-12 14:30:00,1.4884999999999997
2023-12-12 15:00:00,1.4884999999999997
2023-12-12 20:00:00,1.4949999999999999
2023-12-12 23:00:00,1.4950999999999999
2023-12-13 19:00:00,1.4950999999999999
2023-12-13 23:00:00,1.4980999999999998
2023-12-14 15:00:00,1.4980999999999998
2023-12-14 16:00:00,1.4980999999999998
2023-12-14 19:00:00,1.5018999999999998
2023-12-14 21:00:00,1.5018999999999998
2023-12-14 23:00:00,1.5018999999999998
2023-12-15 15:00:00,1.5018999999999998
2023-12-15 16:00:00,1.5018999999999998
2023-12-15 23:00:00,1.4851999999999999
2023-12-18 14:30:00,1.4851999999999999
2023-12-18 15:00:00,1.4851999999999999
2023-12-18 16:00:00,1.4851999999999999
2023-12-18 23:00:00,1.4851999999999999
2023-12-19 14:30:00,1.4851999999999999
2023-12-19 15:00:00,1.4851999999999999
2023-12-19 17:00:00,1.4851999999999999
2023-12-19 17:00:01,1.4851999999999999
2023-12-19 23:00:00,1.4839
2023-12-20 16:00:00,1.4812999999999998
2023-12-20 17:00:00,1.4790999999999999
2023-12-20 18:00:00,1.4803
2023-12-20 23:00:00,1.4803
2023-12-21 15:00:00,1.4823
2023-12-21 16:00:00,1.4817
2023-12-21 23:00:00,1.4817
2023-12-22 15:00:00,1.4799
2023-12-22 17:00:00,1.4796
2023-12-22 23:00:00,1.4805
2023-12-26 19:00:00,1.4781
2023-12-26 23:00:00,1.4778
2023-12-27 14:30:00,1.4845
2023-12-27 15:00:00,1.4863
2023-12-27 16:00:00,1.4881
2023-12-27 23:00:00,1.4863
2023-12-28 14:30:00,1.4831999999999999
2023-12-28 15:00:00,1.484
2023-12-28 16:00:00,1.4831999999999999
2023-12-28 17:00:00,1.4808
2023-12-28 18:00:00,1.4828999999999999
2023-12-28 19:00:00,1.4830999999999999
2023-12-28 20:00:00,1.4832999999999998
2023-12-28 23:00:00,1.4832999999999998
2023-12-29 14:30:00,1.4846
2023-12-29 15:00:00,1.4754
2023-12-29 16:00:00,1.4795
2023-12-29 18:00:00,1.4818
2023-12-29 23:00:00,1.4810999999999999
2024-01-02 14:30:00,1.4795
2024-01-02 15:00:00,1.4789999999999999
2024-01-02 17:00:00,1.4768999999999999
2024-01-02 18:00:00,1.4773
2024-01-02 20:00:00,1.4788999999999999
2024-01-02 23:00:00,1.4784
2024-01-03 16:00:00,1.4766
2024-01-03 23:00:00,1.4774
2024-01-04 15:00:00,1.4824
2024-01-04 17:00:00,1.4810999999999999
2024-01-04 23:00:00,1.4815
2024-01-05 16:00:00,1.4807
2024-01-05 23:00:00,1.482
2024-01-08 14:30:00,1.4881
2024-01-08 17:00:00,1.4858
2024-01-08 23:00:00,1.4828
2024-01-09 15:00:00,1.4859
2024-01-09 16:00:00,1.4830999999999999
2024-01-09 23:00:00,1.4827
2024-01-10 15:00:00,1.4861
2024-01-10 16:00:00,1.4865
2024-01-10 20:00:00,1.4867
2024-01-10 23:00:00,1.4868999999999999
2024-01-11 14:30:00,1.4862
2024-01-11 15:00:00,1.4886
2024-01-11 16:00:00,1.4901
2024-01-11 19:00:00,1.49
2024-01-11 23:00:00,1.4903
2024-01-12 23:00:00,1.4878
2024-01-15 15:00:00,1.4901
2024-01-15 23:00:00,1.4878
2024-01-16 15:00:00,1.4851999999999999
2024-01-16 18:00:00,1.4861
2024-01-16 23:00:00,1.4862
2024-01-17 17:00:00,1.4886
2024-01-17 19:00:00,1.4889
2024-01-17 23:00:00,1.4890999999999999
2024-01-18 14:30:00,1.4846
2024-01-18 16:00:00,1.4861
2024-01-18 23:00:00,1.4856
2024-01-19 16:00:00,1.4851999999999999
2024-01-19 17:00:00,1.4850999999999999
2024-01-19 23:00:00,1.4822
2024-01-22 18:00:00,1.4849999999999999
2024-01-22 23:00:00,1.4855
2024-01-23 15:00:00,1.4803
2024-01-23 16:00:00,1.4792999999999998
2024-01-23 17:00:00,1.4789999999999999
2024-01-23 23:00:00,1.4795
2024-01-24 14:30:00,1.4866
2024-01-24 15:00:00,1.4883
2024-01-24 16:00:00,1.4876
2024-01-24 18:00:00,1.4901
2024-01-24 19:00:00,1.4902
2024-01-24 20:00:00,1.4903
2024-01-24 23:00:00,1.4903
2024-01-25 15:00:00,1.4819
2024-01-25 17:00:00,1.4804
2024-01-25 18:00:00,1.4810999999999999
2024-01-25 19:00:00,1.4791999999999998
2024-01-25 23:00:00,1.4792999999999998
2024-01-26 14:30:00,1.4792999999999998
2024-01-26 15:00:00,1.4797
2024-01-26 16:00:00,1.4809999999999999
2024-01-26 17:00:00,1.4811999999999999
2024-01-26 23:00:00,1.4788999999999999
2024-01-29 15:00:00,1.4724
2024-01-29 19:00:00,1.4718
2024-01-29 23:00:00,1.4716
2024-01-30 15:00:00,1.4728999999999999
2024-01-30 16:00:00,1.4726
2024-01-30 23:00:00,1.4717
2024-01-31 15:00:00,1.4697
2024-01-31 16:00:00,1.4703
2024-01-31 23:00:00,1.4711999999999998
2024-02-01 16:00:00,1.4728999999999999
2024-02-01 17:00:00,1.4717
2024-02-01 23:00:00,1.4737
2024-02-02 15:00:00,1.4707999999999999
2024-02-02 23:00:00,1.4710999999999999
2024-02-05 16:00:00,1.4710999999999999
2024-02-05 23:00:00,1.4723
2024-02-06 15:00:00,1.4705
2024-02-06 23:00:00,1.4676
2024-02-07 14:30:00,1.4681
2024-02-07 15:00:00,1.4684
2024-02-07 18:00:00,1.4695
2024-02-07 23:00:00,1.4687999999999999
2024-02-08 14:30:00,1.4681
2024-02-08 15:00:00,1.4677
2024-02-08 17:00:00,1.4688999999999999
2024-02-08 23:00:00,1.4679
2024-02-09 14:30:00,1.4679
2024-02-09 15:00:00,1.4693
2024-02-09 16:00:00,1.4710999999999999
2024-02-09 17:00:00,1.4704
2024-02-09 19:00:00,1.4693
2024-02-09 23:00:00,1.4695
2024-02-12 15:00:00,1.4662
2024-02-12 23:00:00,1.4669999999999999
2024-02-13 14:30:00,1.4715
2024-02-13 15:00:00,1.4716
2024-02-13 17:00:00,1.472
2024-02-13 23:00:00,1.4717
2024-02-14 15:00:00,1.4719
2024-02-14 16:00:00,1.4718
2024-02-14 17:00:00,1.4722
2024-02-14 20:00:00,1.4708999999999999
2024-02-14 23:00:00,1.4710999999999999
2024-02-15 16:00:00,1.4703
2024-02-15 23:00:00,1.4684
2024-02-16 14:30:00,1.4689999999999999
2024-02-16 15:00:00,1.47
2024-02-16 23:00:00,1.4717
2024-02-19 15:00:00,1.4702
2024-02-19 16:00:00,1.4705
2024-02-19 20:00:00,1.4718
2024-02-19 23:00:00,1.4717
2024-02-20 14:30:00,1.4814
2024-02-20 15:00:00,1.4798
2024-02-20 16:00:00,1.48
2024-02-20 20:00:00,1.4795
2024-02-20 23:00:00,1.4789999999999999
2024-02-21 15:00:00,1.4784
2024-02-21 23:00:00,1.4782
2024-02-22 14:30:00,1.4764
2024-02-22 20:00:00,1.4767
2024-02-22 23:00:00,1.4770999999999999
2024-02-23 16:00:00,1.4797
2024-02-23 23:00:00,1.4786
2024-02-26 14:30:00,1.4844
2024-02-26 23:00:00,1.4831999999999999
2024-02-27 23:00:00,1.4846
2024-02-28 16:00:00,1.4883
2024-02-28 17:00:00,1.4889999999999999
2024-02-28 23:00:00,1.4885
2024-02-29 14:30:00,1.4870999999999999
2024-02-29 15:00:00,1.4848999999999999
2024-02-29 16:00:00,1.4837
2024-02-29 23:00:00,1.4838
2024-03-01 15:00:00,1.4867
2024-03-01 16:00:00,1.4850999999999999
2024-03-01 23:00:00,1.4871999999999999
2024-03-04 15:00:00,1.4904
2024-03-04 16:00:00,1.4899
2024-03-04 19:00:00,1.4899
2024-03-04 23:00:00,1.4914
2024-03-05 14:30:00,1.4897
2024-03-05 16:00:00,1.4921
2024-03-05 17:00:00,1.4916
2024-03-05 19:00:00,1.4922
2024-03-05 23:00:00,1.4924
2024-03-06 15:00:00,1.4906
2024-03-06 16:00:00,1.4903
2024-03-06 23:00:00,1.4899
2024-03-07 16:00:00,1.4896
2024-03-07 19:00:00,1.4901
2024-03-07 23:00:00,1.49
2024-03-08 15:00:00,1.49
2024-03-08 16:00:00,1.49
2024-03-08 18:00:00,1.4919
2024-03-08 23:00:00,1.4923
2024-03-11 18:00:00,1.49
2024-03-11 23:00:00,1.4901
2024-03-12 15:00:00,1.49
2024-03-12 23:00:00,1.4910999999999999
2024-03-13 14:00:00,1.4896
2024-03-13 15:00:00,1.4907
2024-03-13 16:00:00,1.4908
2024-03-13 23:00:00,1.4916
2024-03-14 14:00:00,1.4916
2024-03-14 15:00:00,1.4889999999999999
2024-03-14 16:00:00,1.4884
2024-03-14 16:00:01,1.4884
2024-03-14 23:00:00,1.4891999999999999
2024-03-15 23:00:00,1.4905
2024-03-18 15:00:00,1.4899
2024-03-18 16:00:00,1.4890999999999999
2024-03-18 17:00:00,1.4875
2024-03-18 23:00:00,1.4869999999999999
2024-03-19 13:30:00,1.4928
2024-03-19 15:00:00,1.4911999999999999
2024-03-19 17:00:00,1.4890999999999999
2024-03-19 23:00:00,1.4896
2024-03-20 14:00:00,1.4888
2024-03-20 16:00:00,1.4875
2024-03-20 17:00:00,1.4885
2024-03-20 19:00:00,1.4875
2024-03-20 23:00:00,1.4886
2024-03-21 15:00:00,1.4850999999999999
2024-03-21 16:00:00,1.4861
2024-03-21 19:00:00,1.4854
2024-03-21 20:00:00,1.4848999999999999
2024-03-21 23:00:00,1.4857
2024-03-22 14:00:00,1.4844
2024-03-22 15:00:00,1.4866
2024-03-22 16:00:00,1.4857
2024-03-22 23:00:00,1.4862
2024-03-25 23:00:00,1.4875
2024-03-26 15:00:00,1.4847
2024-03-26 17:00:00,1.4855
2024-03-26 23:00:00,1.4865
2024-03-27 14:00:00,1.4848
2024-03-27 15:00:00,1.4859
2024-03-27 23:00:00,1.4846
2024-03-28 13:30:00,1.4813
2024-03-28 14:00:00,1.4803
2024-03-28 15:00:00,1.4768999999999999
2024-03-28 16:00:00,1.4764
2024-03-28 17:00:00,1.4770999999999999
2024-03-28 18:00:00,1.476
2024-03-28 23:00:00,1.476
2024-04-01 15:00:00,1.4727
2024-04-01 22:00:00,1.4735
2024-04-01 23:00:00,1.4738
2024-04-02 07:00:00,1.4714
2024-04-02 08:00:00,1.4719
2024-04-02 12:00:00,1.4734
2024-04-02 13:00:00,1.4768
2024-04-02 14:00:00,1.4773
2024-04-02 23:00:00,1.4763
2024-04-03 08:00:00,1.4781
2024-04-03 09:00:00,1.4781
2024-04-03 14:00:00,1.4781
2024-04-03 16:00:00,1.4807
2024-04-03 17:00:00,1.4803
2024-04-03 19:00:00,1.4812
2024-04-03 23:00:00,1.4812
2024-04-04 11:00:00,1.4804
2024-04-04 12:00:00,1.4808
2024-04-04 13:00:00,1.4810999999999999
2024-04-04 14:00:00,1.4809999999999999
2024-04-04 15:00:00,1.4808999999999999
2024-04-04 16:00:00,1.4813
2024-04-04 18:00:00,1.4844
2024-04-04 23:00:00,1.4830999999999999
2024-04-05 12:00:00,1.4884
2024-04-05 13:00:00,1.4875
2024-04-05 14:00:00,1.4866
2024-04-05 15:00:00,1.4877
2024-04-05 16:00:00,1.4867
2024-04-05 23:00:00,1.4875
2024-04-08 00:00:00,1.4883
2024-04-08 12:00:00,1.4868
2024-04-08 14:00:00,1.4890999999999999
2024-04-08 15:00:00,1.4890999999999999
2024-04-08 23:00:00,1.4890999999999999
2024-04-09 12:00:00,1.4907
2024-04-09 15:00:00,1.4899
2024-04-09 23:00:00,1.4889999999999999
2024-04-10 06:00:00,1.4864
2024-04-10 09:00:00,1.4883
2024-04-10 12:00:00,1.4866
2024-04-10 13:00:00,1.4825
2024-04-10 14:00:00,1.4837
2024-04-10 15:00:00,1.4853
2024-04-10 23:00:00,1.4850999999999999
2024-04-11 12:00:00,1.4830999999999999
2024-04-11 13:00:00,1.4836
2024-04-11 14:00:00,1.4849999999999999
2024-04-11 23:00:00,1.4827
2024-04-12 07:00:00,1.4807
2024-04-12 10:00:00,1.4789999999999999
2024-04-12 13:00:00,1.4777
2024-04-12 23:00:00,1.4814
2024-04-15 07:00:00,1.4802
2024-04-15 09:00:00,1.4789999999999999
2024-04-15 12:00:00,1.4775
2024-04-15 23:00:00,1.4801
2024-04-16 10:00:00,1.4808
2024-04-16 11:00:00,1.4812
2024-04-16 12:00:00,1.4850999999999999
2024-04-16 14:00:00,1.4864
2024-04-16 23:00:00,1.4828999999999999
2024-04-17 13:00:00,1.4825
2024-04-17 14:00:00,1.4817
2024-04-17 15:00:00,1.4823
2024-04-17 23:00:00,1.4842
2024-04-18 00:00:00,1.4834
2024-04-18 12:00:00,1.4822
2024-04-18 15:00:00,1.4810999999999999
2024-04-18 19:00:00,1.4804
2024-04-18 23:00:00,1.4809999999999999
2024-04-19 01:00:00,1.4789999999999999
2024-04-19 15:00:00,1.4794
2024-04-19 17:00:00,1.4785
2024-04-19 23:00:00,1.4793
2024-04-22 06:00:00,1.4775
2024-04-22 11:00:00,1.4755
2024-04-22 12:00:00,1.4736
2024-04-22 14:00:00,1.4743
2024-04-22 15:00:00,1.4754
2024-04-22 17:00:00,1.4742
2024-04-22 23:00:00,1.4741
2024-04-23 09:00:00,1.4762
2024-04-23 10:00:00,1.4755
2024-04-23 23:00:00,1.4768
2024-04-24 23:00:00,1.48
2024-04-25 06:00:00,1.4814
2024-04-25 08:00:00,1.4810999999999999
2024-04-25 11:00:00,1.4795
2024-04-25 14:00:00,1.4830999999999999
2024-04-25 23:00:00,1.4799
2024-04-26 08:00:00,1.4801
2024-04-26 09:00:00,1.4795
2024-04-26 10:00:00,1.4797
2024-04-26 11:00:00,1.4777
2024-04-26 12:00:00,1.4787
2024-04-26 14:00:00,1.4755
2024-04-26 23:00:00,1.4762
2024-04-29 04:00:00,1.4768999999999999
2024-04-29 07:00:00,1.4775
2024-04-29 18:00:00,1.4786
2024-04-29 23:00:00,1.4790999999999999
2024-04-30 12:00:00,1.4836
2024-04-30 13:00:00,1.4864
2024-04-30 14:00:00,1.4827
2024-04-30 15:00:00,1.4832
2024-04-30 23:00:00,1.4835
2024-05-01 12:00:00,1.4838
2024-05-01 20:00:00,1.4852
2024-05-01 23:00:00,1.4849999999999999
2024-05-02 08:00:00,1.4822
2024-05-02 14:00:00,1.4790999999999999
2024-05-02 23:00:00,1.4808
2024-05-03 07:00:00,1.4812
2024-05-03 08:00:00,1.4824
2024-05-03 13:00:00,1.4854
2024-05-03 14:00:00,1.4861
2024-05-03 15:00:00,1.4873
2024-05-03 23:00:00,1.4872
2024-05-06 04:00:00,1.4873
2024-05-06 09:00:00,1.4869999999999999
2024-05-06 15:00:00,1.4862
2024-05-06 23:00:00,1.4858
2024-05-07 08:00:00,1.4864
2024-05-07 11:00:00,1.4865
2024-05-07 14:00:00,1.4894
2024-05-07 16:00:00,1.4909999999999999
2024-05-07 23:00:00,1.4904
2024-05-08 09:00:00,1.4917
2024-05-08 11:00:00,1.4919
2024-05-08 15:00:00,1.4885
2024-05-08 19:00:00,1.4894
2024-05-08 23:00:00,1.4895
2024-05-09 08:00:00,1.4868999999999999
2024-05-09 10:00:00,1.4873
2024-05-09 12:00:00,1.4866
2024-05-09 23:00:00,1.4883
2024-05-10 06:00:00,1.4884
2024-05-10 10:00:00,1.4888
2024-05-10 12:00:00,1.4849999999999999
2024-05-10 14:00:00,1.4843
2024-05-10 23:00:00,1.4867
2024-05-13 14:00:00,1.4906
2024-05-13 23:00:00,1.4887
2024-05-14 10:00:00,1.4891999999999999
2024-05-14 12:00:00,1.4886
2024-05-14 15:00:00,1.4886
2024-05-14 23:00:00,1.4908
2024-05-15 07:00:00,1.4904
2024-05-15 08:00:00,1.4899
2024-05-15 12:00:00,1.4929
2024-05-15 14:00:00,1.4949
2024-05-15 22:00:00,1.4941
2024-05-15 23:00:00,1.4934
2024-05-16 07:00:00,1.4951999999999999
2024-05-16 10:00:00,1.4951999999999999
2024-05-16 11:00:00,1.4953
2024-05-16 14:00:00,1.4937
2024-05-16 15:00:00,1.4938
2024-05-16 23:00:00,1.4935
2024-05-17 07:00:00,1.4935
2024-05-17 23:00:00,1.4936
2024-05-20 14:00:00,1.4916
2024-05-20 17:00:00,1.4933
2024-05-20 18:00:00,1.4933
2024-05-20 23:00:00,1.4934
2024-05-21 07:00:00,1.4943
2024-05-21 10:00:00,1.4946
2024-05-21 11:00:00,1.4931999999999999
2024-05-21 12:00:00,1.4962
2024-05-21 13:00:00,1.4959
2024-05-21 14:00:00,1.494
2024-05-21 15:00:00,1.4945
2024-05-21 23:00:00,1.4951999999999999
2024-05-22 01:00:00,1.494
2024-05-22 06:00:00,1.4951999999999999
2024-05-22 12:00:00,1.4951999999999999
2024-05-22 23:00:00,1.4955
2024-05-23 07:00:00,1.4939
2024-05-23 22:00:00,1.4981
2024-05-23 23:00:00,1.4981
2024-05-24 10:00:00,1.4981
2024-05-24 12:00:00,1.4981
2024-05-24 13:00:00,1.5007
2024-05-24 15:00:00,1.4962
2024-05-24 20:00:00,1.4955
2024-05-24 23:00:00,1.4957
2024-05-27 13:00:00,1.4933
2024-05-27 15:00:00,1.4936
2024-05-27 22:00:00,1.4933
2024-05-27 23:00:00,1.4957
2024-05-28 01:00:00,1.4939
2024-05-28 06:00:00,1.4954
2024-05-28 13:00:00,1.4947
2024-05-28 14:00:00,1.4961
2024-05-28 15:00:00,1.4961
2024-05-28 23:00:00,1.4950999999999999
2024-05-29 15:00:00,1.4947
2024-05-29 18:00:00,1.4949
2024-05-29 23:00:00,1.4949
2024-05-30 09:00:00,1.4961
2024-05-30 13:00:00,1.4946
2024-05-30 15:00:00,1.4946
2024-05-30 22:00:00,1.4949
2024-05-30 23:00:00,1.4949
2024-05-31 05:00:00,1.4916
2024-05-31 07:00:00,1.4929
2024-05-31 10:00:00,1.4922
2024-05-31 11:00:00,1.492
2024-05-31 14:00:00,1.4926
2024-05-31 15:00:00,1.4927
2024-05-31 19:00:00,1.4910999999999999
2024-05-31 20:00:00,1.4917
2024-05-31 23:00:00,1.4908
2024-06-02 23:00:00,1.4909
2024-06-03 04:00:00,1.492
2024-06-03 10:00:00,1.4921
2024-06-03 12:00:00,1.4903
2024-06-03 13:00:00,1.492
2024-06-03 14:00:00,1.4950999999999999
2024-06-03 15:00:00,1.4948
2024-06-03 16:00:00,1.4981
2024-06-03 18:00:00,1.4996
2024-06-03 23:00:00,1.5
2024-06-04 05:00:00,1.5
2024-06-04 07:00:00,1.5017
2024-06-04 08:00:00,1.5016
2024-06-04 10:00:00,1.5009
2024-06-04 13:00:00,1.4996
2024-06-04 14:00:00,1.4997
2024-06-04 19:00:00,1.5018
2024-06-04 23:00:00,1.5016
2024-06-05 01:00:00,1.5015
2024-06-05 11:00:00,1.4988
2024-06-05 12:00:00,1.5002
2024-06-05 13:00:00,1.5045
2024-06-05 14:00:00,1.5041
2024-06-05 22:00:00,1.5016
2024-06-05 23:00:00,1.5016
2024-06-06 06:00:00,1.5011999999999999
2024-06-06 07:00:00,1.5017
2024-06-06 08:00:00,1.5017
2024-06-06 11:00:00,1.5005
2024-06-06 12:00:00,1.5036
2024-06-06 13:00:00,1.5036
2024-06-06 14:00:00,1.5023
2024-06-06 14:30:00,1.5023
2024-06-06 15:00:00,1.5023
2024-06-06 23:00:00,1.5015
2024-06-07 07:00:00,1.502
2024-06-07 08:00:00,1.5017
2024-06-07 10:00:00,1.5017
2024-06-07 12:00:00,1.4987
2024-06-07 13:00:00,1.4978
2024-06-07 15:00:00,1.4989
2024-06-07 16:00:00,1.4988
2024-06-07 17:00:00,1.4981
2024-06-07 18:00:00,1.4981
2024-06-07 20:00:00,1.4990999999999999
2024-06-07 21:00:00,1.4990999999999999
2024-06-07 23:00:00,1.498
2024-06-09 22:00:00,1.4949
2024-06-09 23:00:00,1.4959
2024-06-10 05:00:00,1.4923
2024-06-10 06:00:00,1.4930999999999999
2024-06-10 07:00:00,1.4938
2024-06-10 08:00:00,1.4948
2024-06-10 09:00:00,1.4928
2024-06-10 10:00:00,1.4921
2024-06-10 12:00:00,1.4923
2024-06-10 13:00:00,1.4924
2024-06-10 14:00:00,1.4915
2024-06-10 14:30:00,1.4924
2024-06-10 15:00:00,1.4915
2024-06-10 16:00:00,1.4927
2024-06-10 17:00:00,1.4927
2024-06-10 18:00:00,1.4927
2024-06-10 20:00:00,1.4937
2024-06-10 21:00:00,1.4937
2024-06-10 23:00:00,1.4937
2024-06-11 00:00:00,1.494
2024-06-11 06:00:00,1.4942
2024-06-11 07:00:00,1.4946
2024-06-11 08:00:00,1.4922
2024-06-11 09:00:00,1.4926
2024-06-11 10:00:00,1.492
2024-06-11 11:00:00,1.4904
2024-06-11 13:00:00,1.4893999999999998
2024-06-11 14:00:00,1.4889999999999999
2024-06-11 15:00:00,1.4889999999999999
2024-06-11 23:00:00,1.4898
2024-06-12 12:00:00,1.4939
2024-06-12 14:00:00,1.4964
2024-06-12 15:00:00,1.4975999999999998
2024-06-12 16:00:00,1.4975999999999998
2024-06-12 18:00:00,1.4935999999999998
2024-06-12 19:00:00,1.4935999999999998
2024-06-12 23:00:00,1.4953999999999998
2024-06-13 10:00:00,1.4971999999999999
2024-06-13 13:00:00,1.4945
2024-06-13 15:00:00,1.4915999999999998
2024-06-13 16:00:00,1.4915999999999998
2024-06-13 17:00:00,1.4879
2024-06-13 18:00:00,1.4879
2024-06-13 23:00:00,1.488
2024-06-14 02:00:00,1.4876999999999998
2024-06-14 06:00:00,1.486
2024-06-14 07:00:00,1.4849999999999999
2024-06-14 08:00:00,1.4843
2024-06-14 09:00:00,1.4828999999999999
2024-06-14 10:00:00,1.4830999999999999
2024-06-14 11:00:00,1.4838
2024-06-14 12:00:00,1.4831999999999999
2024-06-14 13:00:00,1.482
2024-06-14 14:00:00,1.4828999999999999
2024-06-14 14:30:00,1.482
2024-06-14 15:00:00,1.4828
2024-06-14 16:00:00,1.4815999999999998
2024-06-14 17:00:00,1.482
2024-06-14 18:00:00,1.482
2024-06-14 23:00:00,1.4822
2024-06-16 22:00:00,1.4822
2024-06-17 00:00:00,1.4823
2024-06-17 01:00:00,1.4827
2024-06-17 04:00:00,1.4829999999999999
2024-06-17 05:00:00,1.4824
2024-06-17 08:00:00,1.4833999999999998
2024-06-17 09:00:00,1.4839
2024-06-17 10:00:00,1.4839
2024-06-17 14:00:00,1.4848
2024-06-17 15:00:00,1.4867
2024-06-17 16:00:00,1.4867
2024-06-17 23:00:00,1.4851999999999999
2024-06-18 06:00:00,1.4859
2024-06-18 14:00:00,1.4867
2024-06-18 15:00:00,1.4848999999999999
2024-06-18 16:00:00,1.4848999999999999
2024-06-18 17:00:00,1.4850999999999999
2024-06-18 18:00:00,1.4850999999999999
2024-06-18 19:00:00,1.4849999999999999
2024-06-18 20:00:00,1.4849999999999999
2024-06-18 23:00:00,1.4850999999999999
2024-06-19 01:00:00,1.4850999999999999
2024-06-19 06:00:00,1.4845
2024-06-19 07:00:00,1.4846
2024-06-19 08:00:00,1.4850999999999999
2024-06-19 09:00:00,1.4847
2024-06-19 11:00:00,1.4854999999999998
2024-06-19 14:00:00,1.4843
2024-06-19 15:00:00,1.4843
2024-06-19 23:00:00,1.4850999999999999
2024-06-20 00:00:00,1.4852999999999998
2024-06-20 07:00:00,1.4826
2024-06-20 08:00:00,1.4822
2024-06-20 09:00:00,1.4828
2024-06-20 11:00:00,1.4828
2024-06-20 13:00:00,1.4810999999999999
2024-06-20 14:30:00,1.4810999999999999
2024-06-20 17:00:00,1.4786
2024-06-20 18:00:00,1.4779
2024-06-20 19:00:00,1.4779
2024-06-20 22:00:00,1.4779
2024-06-20 23:00:00,1.4779
2024-06-21 02:00:00,1.4778
2024-06-21 06:00:00,1.4773999999999998
2024-06-21 07:00:00,1.4761
2024-06-21 08:00:00,1.4755999999999998
2024-06-21 09:00:00,1.4752999999999998
2024-06-21 10:00:00,1.4765
2024-06-21 11:00:00,1.4746
2024-06-21 12:00:00,1.4763
2024-06-21 13:00:00,1.4761
2024-06-21 14:30:00,1.4761
2024-06-21 15:00:00,1.4770999999999999
2024-06-21 16:00:00,1.4770999999999999
2024-06-21 17:00:00,1.4770999999999999
2024-06-21 18:00:00,1.4769999999999999
2024-06-21 19:00:00,1.4769999999999999
2024-06-21 23:00:00,1.4768
2024-06-23 22:00:00,1.4762
2024-06-24 10:00:00,1.4784
2024-06-24 12:00:00,1.4806
2024-06-24 13:00:00,1.4791999999999998
2024-06-24 14:00:00,1.4793999999999998
2024-06-24 14:30:00,1.4791999999999998
2024-06-24 15:00:00,1.4768
2024-06-24 16:00:00,1.4768
2024-06-24 23:00:00,1.4773999999999998
2024-06-25 00:00:00,1.4775999999999998
2024-06-25 01:00:00,1.4775999999999998
2024-06-25 06:00:00,1.4774999999999998
2024-06-25 08:00:00,1.4759
2024-06-25 09:00:00,1.4768
2024-06-25 10:00:00,1.4772999999999998
2024-06-25 11:00:00,1.4769999999999999
2024-06-25 12:00:00,1.4727
2024-06-25 13:00:00,1.4731999999999998
2024-06-25 14:00:00,1.4742
2024-06-25 14:30:00,1.4731999999999998
2024-06-25 15:00:00,1.4742
2024-06-25 16:00:00,1.4747999999999999
2024-06-25 17:00:00,1.4749999999999999
2024-06-25 18:00:00,1.4749999999999999
2024-06-25 22:00:00,1.4750999999999999
2024-06-25 23:00:00,1.4750999999999999
2024-06-26 05:00:00,1.474
2024-06-26 06:00:00,1.4728999999999999
2024-06-26 07:00:00,1.4725
2024-06-26 10:00:00,1.4737
2024-06-26 12:00:00,1.4752999999999998
2024-06-26 13:00:00,1.4737
2024-06-26 14:00:00,1.4759
2024-06-26 14:30:00,1.4737
2024-06-26 15:00:00,1.4759
2024-06-26 16:00:00,1.4751999999999998
2024-06-26 17:00:00,1.4757
2024-06-26 18:00:00,1.4757
2024-06-26 19:00:00,1.4752999999999998
2024-06-26 20:00:00,1.4752999999999998
2024-06-26 22:00:00,1.4751999999999998
2024-06-26 23:00:00,1.4751999999999998
2024-06-27 06:00:00,1.4759
2024-06-27 08:00:00,1.4742
2024-06-27 09:00:00,1.4743
2024-06-27 10:00:00,1.4753999999999998
2024-06-27 11:00:00,1.4763
2024-06-27 12:00:00,1.4781
2024-06-27 13:00:00,1.4787
2024-06-27 14:30:00,1.4787
2024-06-27 16:00:00,1.4778
2024-06-27 17:00:00,1.4778
2024-06-27 18:00:00,1.4777
2024-06-27 19:00:00,1.4777
2024-06-27 23:00:00,1.4774999999999998
2024-06-28 08:00:00,1.4775999999999998
2024-06-28 09:00:00,1.4781
2024-06-28 13:00:00,1.4767
2024-06-28 14:00:00,1.4784
2024-06-28 14:30:00,1.4767
2024-06-28 15:00:00,1.4773999999999998
2024-06-28 16:00:00,1.4779
2024-06-28 17:00:00,1.4779
2024-06-28 19:00:00,1.4778
2024-06-28 20:00:00,1.4778
2024-06-28 23:00:00,1.4778
2024-06-30 22:00:00,1.4790999999999999
2024-07-01 07:00:00,1.4829999999999999
2024-07-01 08:00:00,1.4824
2024-07-01 09:00:00,1.4841
2024-07-01 15:00:00,1.4846
2024-07-01 16:00:00,1.4846
2024-07-01 23:00:00,1.4864
2024-07-02 07:00:00,1.4847
2024-07-02 11:00:00,1.4844
2024-07-02 12:00:00,1.4843
2024-07-02 13:00:00,1.4841
2024-07-02 14:30:00,1.4841
2024-07-02 23:00:00,1.4804
2024-07-03 08:00:00,1.4822
2024-07-03 09:00:00,1.4831999999999999
2024-07-03 10:00:00,1.4829999999999999
2024-07-03 11:00:00,1.482
2024-07-03 13:00:00,1.484
2024-07-03 14:00:00,1.4844
2024-07-03 14:30:00,1.484
2024-07-03 15:00:00,1.4844
2024-07-03 16:00:00,1.4829999999999999
2024-07-03 17:00:00,1.4823
2024-07-03 19:00:00,1.4824
2024-07-03 23:00:00,1.4829999999999999
2024-07-04 09:00:00,1.4827
2024-07-04 11:00:00,1.4818
2024-07-04 12:00:00,1.4814999999999998
2024-07-04 15:00:00,1.4829999999999999
2024-07-04 16:00:00,1.4829999999999999
2024-07-04 23:00:00,1.4829999999999999
2024-07-05 07:00:00,1.4839
2024-07-05 08:00:00,1.4845
2024-07-05 09:00:00,1.4845
2024-07-05 10:00:00,1.4844
2024-07-05 11:00:00,1.4843
2024-07-05 12:00:00,1.4863
2024-07-05 13:00:00,1.4879
2024-07-05 14:30:00,1.4879
2024-07-05 16:00:00,1.4873999999999998
2024-07-05 19:00:00,1.4890999999999999
2024-07-05 23:00:00,1.4890999999999999
2024-07-08 05:00:00,1.4882
2024-07-08 08:00:00,1.4889
2024-07-08 09:00:00,1.4887
2024-07-08 10:00:00,1.4884
2024-07-08 23:00:00,1.4876999999999998
2024-07-09 09:00:00,1.4868
2024-07-09 13:00:00,1.4873999999999998
2024-07-09 14:00:00,1.4866
2024-07-09 16:00:00,1.4859
2024-07-09 17:00:00,1.4847
2024-07-09 23:00:00,1.4847
2024-07-10 09:00:00,1.4863
2024-07-10 15:00:00,1.4845
2024-07-10 16:00:00,1.4844
2024-07-10 23:00:00,1.4844
2024-07-11 08:00:00,1.4883
2024-07-11 09:00:00,1.49
2024-07-11 11:00:00,1.4903
2024-07-11 12:00:00,1.4909999999999999
2024-07-11 13:00:00,1.4913999999999998
2024-07-11 14:00:00,1.4912999999999998
2024-07-11 15:00:00,1.4913999999999998
2024-07-11 16:00:00,1.4910999999999999
2024-07-11 19:00:00,1.4925
2024-07-11 23:00:00,1.4925
2024-07-12 11:00:00,1.4941
2024-07-12 12:00:00,1.4942
2024-07-12 14:00:00,1.4961
2024-07-12 16:00:00,1.496
2024-07-12 19:00:00,1.4974999999999998
2024-07-12 23:00:00,1.4974999999999998
2024-07-15 08:00:00,1.498
2024-07-15 10:00:00,1.4996999999999998
2024-07-15 12:00:00,1.4989999999999999
2024-07-15 13:00:00,1.5009
2024-07-15 14:00:00,1.5021
2024-07-15 15:00:00,1.5023
2024-07-15 16:00:00,1.5012999999999999
2024-07-15 23:00:00,1.5012999999999999
2024-07-16 00:00:00,1.5010999999999999
2024-07-16 06:00:00,1.501
2024-07-16 08:00:00,1.5027
2024-07-16 11:00:00,1.5014999999999998
2024-07-16 12:00:00,1.5016999999999998
2024-07-16 13:00:00,1.4997999999999998
2024-07-16 14:00:00,1.4997999999999998
2024-07-16 15:00:00,1.5003
2024-07-16 16:00:00,1.5004
2024-07-16 23:00:00,1.5004
2024-07-17 07:00:00,1.5026
2024-07-17 08:00:00,1.5053999999999998
2024-07-17 10:00:00,1.5053999999999998
2024-07-17 11:00:00,1.5056999999999998
2024-07-17 13:00:00,1.5063
2024-07-17 14:00:00,1.5056999999999998
2024-07-17 15:00:00,1.5066
2024-07-17 16:00:00,1.507
2024-07-17 23:00:00,1.507
2024-07-18 01:00:00,1.507
2024-07-18 06:00:00,1.5051999999999999
2024-07-18 12:00:00,1.5062
2024-07-18 14:00:00,1.5035999999999998
2024-07-18 15:00:00,1.5052999999999999
2024-07-18 23:00:00,1.5052999999999999
2024-07-19 01:00:00,1.5030999999999999
2024-07-19 14:00:00,1.5051999999999999
2024-07-19 15:00:00,1.5054999999999998
2024-07-19 16:00:00,1.5047
2024-07-19 23:00:00,1.5047
2024-07-22 00:00:00,1.5042
2024-07-22 09:00:00,1.5075999999999998
2024-07-22 12:00:00,1.5075999999999998
2024-07-22 13:00:00,1.5082
2024-07-22 14:00:00,1.5084
2024-07-22 15:00:00,1.5076999999999998
2024-07-22 17:00:00,1.5071999999999999
2024-07-22 22:00:00,1.5088
2024-07-22 23:00:00,1.5071999999999999
2024-07-23 00:00:00,1.5092999999999999
2024-07-23 11:00:00,1.5052999999999999
2024-07-23 12:00:00,1.5045
2024-07-23 14:00:00,1.5046
2024-07-23 15:00:00,1.505
2024-07-23 16:00:00,1.5048
2024-07-23 22:00:00,1.5062
2024-07-23 23:00:00,1.5048
2024-07-24 01:00:00,1.5056999999999998
2024-07-24 11:00:00,1.5057999999999998
2024-07-24 12:00:00,1.5056999999999998
2024-07-24 13:00:00,1.5085
2024-07-24 15:00:00,1.5071999999999999
2024-07-24 16:00:00,1.5061
2024-07-24 19:00:00,1.5074999999999998
2024-07-24 23:00:00,1.5074999999999998
2024-07-25 09:00:00,1.5107
2024-07-25 10:00:00,1.5114999999999998
2024-07-25 12:00:00,1.5122
2024-07-25 14:00:00,1.5090999999999999
2024-07-25 16:00:00,1.5096999999999998
2024-07-25 23:00:00,1.5096999999999998
2024-07-26 03:00:00,1.5098999999999998
2024-07-26 08:00:00,1.508
2024-07-26 10:00:00,1.5097999999999998
2024-07-26 11:00:00,1.5103
2024-07-26 12:00:00,1.5116999999999998
2024-07-26 13:00:00,1.5102
2024-07-26 17:00:00,1.5118999999999998
2024-07-26 23:00:00,1.5118999999999998
2024-07-29 11:00:00,1.5086
2024-07-29 12:00:00,1.5076999999999998
2024-07-29 14:00:00,1.5075999999999998
2024-07-29 15:00:00,1.5095999999999998
2024-07-29 23:00:00,1.5095999999999998
2024-07-30 07:00:00,1.509
2024-07-30 08:00:00,1.5091999999999999
2024-07-30 11:00:00,1.51
2024-07-30 12:00:00,1.5075999999999998
2024-07-30 13:00:00,1.5075999999999998
2024-07-30 14:00:00,1.506
2024-07-30 15:00:00,1.5065
2024-07-30 16:00:00,1.5068
2024-07-30 23:00:00,1.5068
2024-07-31 01:00:00,1.5085
2024-07-31 02:00:00,1.5091999999999999
2024-07-31 12:00:00,1.5088
2024-07-31 14:00:00,1.5047
2024-07-31 15:00:00,1.5049
2024-07-31 16:00:00,1.5039
2024-07-31 23:00:00,1.5039
2024-08-01 08:00:00,1.5014999999999998
2024-08-01 09:00:00,1.5015999999999998
2024-08-01 11:00:00,1.5013999999999998
2024-08-01 12:00:00,1.502
2024-08-01 13:00:00,1.5001
2024-08-01 14:00:00,1.5028
2024-08-01 15:00:00,1.503
2024-08-01 16:00:00,1.5044
2024-08-01 17:00:00,1.5059
2024-08-01 23:00:00,1.5059
2024-08-02 08:00:00,1.5106
2024-08-02 09:00:00,1.512
2024-08-02 12:00:00,1.5184
2024-08-02 13:00:00,1.5202
2024-08-02 14:00:00,1.5223
2024-08-02 15:00:00,1.5235999999999998
2024-08-02 16:00:00,1.5205
2024-08-02 17:00:00,1.5225
2024-08-02 23:00:00,1.5225
2024-08-04 22:00:00,1.5236999999999998
2024-08-05 05:00:00,1.5281
2024-08-05 06:00:00,1.5303
2024-08-05 07:00:00,1.5276999999999998
2024-08-05 08:00:00,1.5311
2024-08-05 11:00:00,1.5279999999999998
2024-08-05 16:00:00,1.5247
2024-08-05 18:00:00,1.5247
2024-08-05 22:00:00,1.5238999999999998
2024-08-05 23:00:00,1.5247
2024-08-06 06:00:00,1.5219999999999998
2024-08-06 08:00:00,1.5222
2024-08-06 12:00:00,1.5192999999999999
2024-08-06 13:00:00,1.5178999999999998
2024-08-06 23:00:00,1.5178999999999998
2024-08-07 07:00:00,1.514
2024-08-07 08:00:00,1.5116999999999998
2024-08-07 10:00:00,1.5103
2024-08-07 11:00:00,1.5110999999999999
2024-08-07 14:00:00,1.5106
2024-08-07 15:00:00,1.5103
2024-08-07 16:00:00,1.5095999999999998
2024-08-07 17:00:00,1.5105
2024-08-07 18:00:00,1.5115999999999998
2024-08-07 23:00:00,1.5115999999999998
2024-08-08 01:00:00,1.5110999999999999
2024-08-08 07:00:00,1.5123
2024-08-08 10:00:00,1.512
2024-08-08 11:00:00,1.5121
2024-08-08 12:00:00,1.5110999999999999
2024-08-08 13:00:00,1.509
2024-08-08 14:00:00,1.5090999999999999
2024-08-08 15:00:00,1.5088
2024-08-08 23:00:00,1.5088
2024-08-09 04:00:00,1.51
2024-08-09 05:00:00,1.5088
2024-08-09 06:00:00,1.5086
2024-08-09 07:00:00,1.5095999999999998
2024-08-09 08:00:00,1.509
2024-08-09 09:00:00,1.5093999999999999
2024-08-09 10:00:00,1.5096999999999998
2024-08-09 11:00:00,1.5101
2024-08-09 12:00:00,1.509
2024-08-09 13:00:00,1.5105
2024-08-09 14:00:00,1.5089
2024-08-09 15:00:00,1.509
2024-08-09 16:00:00,1.5085
2024-08-09 17:00:00,1.5091999999999999
2024-08-09 18:00:00,1.5094999999999998
2024-08-09 19:00:00,1.5088
2024-08-09 20:00:00,1.5084
2024-08-09 23:00:00,1.5084
2024-08-11 22:00:00,1.5083
2024-08-12 04:00:00,1.5092999999999999
2024-08-12 06:00:00,1.5094999999999998
2024-08-12 07:00:00,1.5083
2024-08-12 08:00:00,1.5086
2024-08-12 09:00:00,1.5091999999999999
2024-08-12 11:00:00,1.5091999999999999
2024-08-12 13:00:00,1.5105
2024-08-12 16:00:00,1.5110999999999999
2024-08-12 23:00:00,1.5110999999999999
2024-08-13 07:00:00,1.5101
2024-08-13 11:00:00,1.5102
2024-08-13 13:00:00,1.5136999999999998
2024-08-13 16:00:00,1.5132999999999999
2024-08-13 19:00:00,1.5175999999999998
2024-08-13 23:00:00,1.5175999999999998
2024-08-14 09:00:00,1.5204
2024-08-14 11:00:00,1.521
2024-08-14 12:00:00,1.5212999999999999
2024-08-14 13:00:00,1.5219999999999998
2024-08-14 14:00:00,1.521
2024-08-14 16:00:00,1.5206
2024-08-14 22:00:00,1.5197999999999998
2024-08-14 23:00:00,1.5206
2024-08-15 10:00:00,1.5184
2024-08-15 12:00:00,1.5132999999999999
2024-08-15 13:00:00,1.5134999999999998
2024-08-15 14:00:00,1.5149
2024-08-15 16:00:00,1.5148
2024-08-15 23:00:00,1.5148
2024-08-16 06:00:00,1.5165
2024-08-16 08:00:00,1.5165
2024-08-16 09:00:00,1.517
2024-08-16 10:00:00,1.5188
2024-08-16 12:00:00,1.5188
2024-08-16 13:00:00,1.5184
2024-08-16 23:00:00,1.5184
2024-08-18 22:00:00,1.5181
2024-08-19 08:00:00,1.5187
2024-08-19 09:00:00,1.5191999999999999
2024-08-19 10:00:00,1.5194999999999999
2024-08-19 11:00:00,1.5195999999999998
2024-08-19 12:00:00,1.5189
2024-08-19 13:00:00,1.5176999999999998
2024-08-19 14:00:00,1.5184
2024-08-19 15:00:00,1.5184
2024-08-19 23:00:00,1.5184
2024-08-20 01:00:00,1.5203
2024-08-20 10:00:00,1.5176999999999998
2024-08-20 12:00:00,1.5205
2024-08-20 13:00:00,1.5225
2024-08-20 14:00:00,1.5222
2024-08-20 23:00:00,1.5222
2024-08-21 00:00:00,1.5247
2024-08-21 07:00:00,1.523
2024-08-21 08:00:00,1.5227
2024-08-21 09:00:00,1.5225
2024-08-21 10:00:00,1.5224
2024-08-21 11:00:00,1.5208
2024-08-21 12:00:00,1.5224
2024-08-21 13:00:00,1.5213999999999999
2024-08-21 18:00:00,1.5266
2024-08-21 19:00:00,1.5263
2024-08-21 23:00:00,1.5263
2024-08-22 00:00:00,1.5239999999999998
2024-08-22 13:00:00,1.521
2024-08-22 14:00:00,1.5206
2024-08-22 15:00:00,1.5214999999999999
2024-08-22 16:00:00,1.5206
2024-08-22 22:00:00,1.5221
2024-08-22 23:00:00,1.5206
2024-08-23 01:00:00,1.5217999999999998
2024-08-23 14:00:00,1.5189
2024-08-23 23:00:00,1.5189
2024-08-25 22:00:00,1.5209
2024-08-26 07:00:00,1.5197999999999998
2024-08-26 08:00:00,1.5192999999999999
2024-08-26 09:00:00,1.5192999999999999
2024-08-26 11:00:00,1.5173999999999999
2024-08-26 12:00:00,1.5168
2024-08-26 13:00:00,1.5144
2024-08-26 14:00:00,1.5136999999999998
2024-08-26 15:00:00,1.515
2024-08-26 16:00:00,1.514
2024-08-26 17:00:00,1.514
2024-08-26 18:00:00,1.5132999999999999
2024-08-26 19:00:00,1.5143
2024-08-26 20:00:00,1.5145
2024-08-26 23:00:00,1.5145
2024-08-27 04:00:00,1.5149
2024-08-27 07:00:00,1.5138999999999998
2024-08-27 08:00:00,1.5143
2024-08-27 09:00:00,1.5134999999999998
2024-08-27 10:00:00,1.5129
2024-08-27 11:00:00,1.5134999999999998
2024-08-27 12:00:00,1.5117999999999998
2024-08-27 13:00:00,1.5132999999999999
2024-08-27 14:00:00,1.5117999999999998
2024-08-27 15:00:00,1.5116999999999998
2024-08-27 16:00:00,1.5125
2024-08-27 17:00:00,1.5136999999999998
2024-08-27 18:00:00,1.5141
2024-08-27 23:00:00,1.5141
2024-08-28 00:00:00,1.5116999999999998
2024-08-28 02:00:00,1.5112999999999999
2024-08-28 03:00:00,1.5109
2024-08-28 04:00:00,1.5105
2024-08-28 05:00:00,1.5098999999999998
2024-08-28 06:00:00,1.5098999999999998
2024-08-28 07:00:00,1.5101
2024-08-28 08:00:00,1.5088
2024-08-28 09:00:00,1.5079
2024-08-28 10:00:00,1.5069
2024-08-28 11:00:00,1.5070999999999999
2024-08-28 12:00:00,1.5062
2024-08-28 13:00:00,1.5059
2024-08-28 14:00:00,1.507
2024-08-28 15:00:00,1.5061
2024-08-28 16:00:00,1.5065
2024-08-28 17:00:00,1.5067
2024-08-28 18:00:00,1.5074999999999998
2024-08-28 20:00:00,1.5076999999999998
2024-08-28 23:00:00,1.5076999999999998
2024-08-29 06:00:00,1.5065
2024-08-29 07:00:00,1.5064
2024-08-29 08:00:00,1.5017999999999998
2024-08-29 09:00:00,1.5024
2024-08-29 10:00:00,1.5021
2024-08-29 11:00:00,1.5024
2024-08-29 12:00:00,1.5012999999999999
2024-08-29 13:00:00,1.5037999999999998
2024-08-29 14:00:00,1.5010999999999999
2024-08-29 23:00:00,1.5010999999999999
2024-08-30 00:00:00,1.5034999999999998
2024-08-30 08:00:00,1.5019
2024-08-30 09:00:00,1.5021
2024-08-30 10:00:00,1.502
2024-08-30 13:00:00,1.5025
2024-08-30 14:00:00,1.5030999999999999
2024-08-30 15:00:00,1.5016999999999998
2024-08-30 16:00:00,1.5010999999999999
2024-08-30 17:00:00,1.5008
2024-08-30 19:00:00,1.4982
2024-08-30 23:00:00,1.4982
2024-09-01 22:00:00,1.4993999999999998
2024-09-02 03:00:00,1.5003
2024-09-02 04:00:00,1.5005
2024-09-02 05:00:00,1.5009
2024-09-02 06:00:00,1.5014999999999998
2024-09-02 14:00:00,1.5028
2024-09-02 23:00:00,1.5028
2024-09-03 00:00:00,1.5026
2024-09-03 08:00:00,1.5016999999999998
2024-09-03 09:00:00,1.5029
2024-09-03 10:00:00,1.5041
2024-09-03 12:00:00,1.5051999999999999
2024-09-03 13:00:00,1.5075999999999998
2024-09-03 23:00:00,1.5075999999999998
2024-09-04 08:00:00,1.508
2024-09-04 09:00:00,1.5073999999999999
2024-09-04 12:00:00,1.5066
2024-09-04 13:00:00,1.5064
2024-09-04 14:00:00,1.5071999999999999
2024-09-04 15:00:00,1.5070999999999999
2024-09-04 16:00:00,1.5076999999999998
2024-09-04 22:00:00,1.506
2024-09-04 23:00:00,1.5076999999999998
2024-09-05 06:00:00,1.5076999999999998
2024-09-05 10:00:00,1.5087
2024-09-05 13:00:00,1.5087
2024-09-05 14:00:00,1.5064
2024-09-05 22:00:00,1.5091999999999999
2024-09-05 23:00:00,1.5064
2024-09-06 08:00:00,1.5097999999999998
2024-09-06 10:00:00,1.5076999999999998
2024-09-06 12:00:00,1.5106
2024-09-06 13:00:00,1.5103
2024-09-06 14:00:00,1.5121
2024-09-06 15:00:00,1.5133999999999999
2024-09-06 20:00:00,1.5133999999999999
2024-09-06 23:00:00,1.5133999999999999
2024-09-09 10:00:00,1.5133999999999999
2024-09-09 13:00:00,1.5085
2024-09-09 14:00:00,1.5066
2024-09-09 15:00:00,1.5068
2024-09-09 16:00:00,1.506
2024-09-09 20:00:00,1.5054999999999998
2024-09-09 23:00:00,1.5054999999999998
2024-09-10 08:00:00,1.5070999999999999
2024-09-10 09:00:00,1.5066
2024-09-10 10:00:00,1.5066
2024-09-10 11:00:00,1.5066
2024-09-10 12:00:00,1.5066
2024-09-10 13:00:00,1.5070999999999999
2024-09-10 14:00:00,1.5088
2024-09-10 15:00:00,1.5076999999999998
2024-09-10 16:00:00,1.5076999999999998
2024-09-10 18:00:00,1.5094999999999998
2024-09-10 19:00:00,1.5086
2024-09-10 20:00:00,1.5086
2024-09-10 23:00:00,1.5086
2024-09-11 01:00:00,1.5086
2024-09-11 03:00:00,1.5086
2024-09-11 04:00:00,1.5086
2024-09-11 05:00:00,1.5086
2024-09-11 08:00:00,1.5086
2024-09-11 09:00:00,1.5086
2024-09-11 12:00:00,1.5086
2024-09-11 13:00:00,1.5086
2024-09-11 14:00:00,1.5075999999999998
2024-09-11 17:00:00,1.5049999999999997
2024-09-11 18:00:00,1.5043999999999997
2024-09-11 23:00:00,1.5046999999999997
2024-09-12 06:00:00,1.5029999999999997
2024-09-12 10:00:00,1.5048999999999997
2024-09-12 11:00:00,1.5046999999999997
2024-09-12 12:00:00,1.5062999999999998
2024-09-12 13:00:00,1.5088999999999997
2024-09-12 14:00:00,1.5101999999999998
2024-09-12 15:00:00,1.5084999999999997
2024-09-12 18:00:00,1.5118999999999998
2024-09-12 19:00:00,1.5120999999999998
2024-09-12 20:00:00,1.5121999999999998
2024-09-12 23:00:00,1.5114999999999996
2024-09-13 01:00:00,1.5128999999999997
2024-09-13 03:00:00,1.5134999999999996
2024-09-13 05:00:00,1.5135999999999998
2024-09-13 07:00:00,1.5139999999999998
2024-09-13 08:00:00,1.5146999999999997
2024-09-13 09:00:00,1.5145999999999997
2024-09-13 10:00:00,1.5150999999999997
2024-09-13 11:00:00,1.5159999999999998
2024-09-13 14:00:00,1.5145999999999997
2024-09-13 15:00:00,1.5140999999999998
2024-09-13 16:00:00,1.5140999999999998
2024-09-13 23:00:00,1.5144999999999997
2024-09-15 22:00:00,1.5144999999999997
2024-09-16 05:00:00,1.5143999999999997
2024-09-16 06:00:00,1.5174999999999996
2024-09-16 07:00:00,1.5177999999999998
2024-09-16 08:00:00,1.5184999999999997
2024-09-16 09:00:00,1.5182999999999998
2024-09-16 10:00:00,1.5180999999999998
2024-09-16 11:00:00,1.5189999999999997
2024-09-16 12:00:00,1.5193999999999996
2024-09-16 13:00:00,1.5209999999999997
2024-09-16 14:00:00,1.5202999999999998
2024-09-16 15:00:00,1.5211999999999997
2024-09-16 16:00:00,1.5214999999999996
2024-09-16 17:00:00,1.5198999999999998
2024-09-16 18:00:00,1.5196999999999998
2024-09-16 23:00:00,1.5199999999999998
2024-09-17 07:00:00,1.5215999999999996
2024-09-17 08:00:00,1.5223999999999998
2024-09-17 09:00:00,1.5213999999999996
2024-09-17 10:00:00,1.5213999999999996
2024-09-17 12:00:00,1.5217999999999998
2024-09-17 23:00:00,1.5201999999999998
2024-09-18 08:00:00,1.5206999999999997
2024-09-18 09:00:00,1.5205999999999997
2024-09-18 13:00:00,1.5209999999999997
2024-09-18 15:00:00,1.5198999999999998
2024-09-18 18:00:00,1.5239999999999998
2024-09-18 19:00:00,1.5217999999999998
2024-09-18 23:00:00,1.5215999999999996
2024-09-19 00:00:00,1.5203999999999998
2024-09-19 06:00:00,1.5202999999999998
2024-09-19 08:00:00,1.5204999999999997
2024-09-19 09:00:00,1.5210999999999997
2024-09-19 10:00:00,1.5205999999999997
2024-09-19 17:00:00,1.5201999999999998
2024-09-19 22:00:00,1.5215999999999996
2024-09-19 23:00:00,1.5215999999999996
2024-09-20 10:00:00,1.5224999999999997
2024-09-20 11:00:00,1.5224999999999997
2024-09-20 12:00:00,1.5217999999999998
2024-09-20 13:00:00,1.5218999999999998
2024-09-20 14:00:00,1.5211999999999997
2024-09-20 16:00:00,1.5225999999999997
2024-09-20 20:00:00,1.5225999999999997
2024-09-20 23:00:00,1.5219999999999998
2024-09-23 07:00:00,1.5165999999999997
2024-09-23 10:00:00,1.5144999999999997
2024-09-23 12:00:00,1.5137999999999998
2024-09-23 14:00:00,1.5121999999999998
2024-09-23 15:00:00,1.5106999999999997
2024-09-23 17:00:00,1.5100999999999998
2024-09-23 18:00:00,1.5089999999999997
2024-09-23 23:00:00,1.5090999999999997
2024-09-24 08:00:00,1.5135999999999998
2024-09-24 09:00:00,1.5133999999999996
2024-09-24 10:00:00,1.5118999999999998
2024-09-24 12:00:00,1.5120999999999998
2024-09-24 16:00:00,1.5099999999999998
2024-09-24 23:00:00,1.5092999999999996
2024-09-25 09:00:00,1.5109999999999997
2024-09-25 10:00:00,1.5109999999999997
2024-09-25 13:00:00,1.5150999999999997
2024-09-25 15:00:00,1.5092999999999996
2024-09-25 16:00:00,1.5086999999999997
2024-09-25 17:00:00,1.5083999999999997
2024-09-25 18:00:00,1.5091999999999997
2024-09-25 19:00:00,1.5083999999999997
2024-09-25 22:00:00,1.5090999999999997
2024-09-25 23:00:00,1.5090999999999997
2024-09-26 02:00:00,1.5086999999999997
2024-09-26 03:00:00,1.5087999999999997
2024-09-26 07:00:00,1.5108999999999997
2024-09-26 08:00:00,1.5083999999999997
2024-09-26 09:00:00,1.5092999999999996
2024-09-26 12:00:00,1.5097999999999998
2024-09-26 13:00:00,1.5097999999999998
2024-09-26 14:00:00,1.5123999999999997
2024-09-26 15:00:00,1.5143999999999997
2024-09-26 16:00:00,1.5134999999999996
2024-09-26 18:00:00,1.5137999999999998
2024-09-26 19:00:00,1.5142999999999998
2024-09-26 23:00:00,1.5138999999999998
2024-09-27 08:00:00,1.5102999999999998
2024-09-27 09:00:00,1.5118999999999998
2024-09-27 12:00:00,1.5125999999999997
2024-09-27 13:00:00,1.5166999999999997
2024-09-27 17:00:00,1.5178999999999998
2024-09-27 23:00:00,1.5169999999999997
2024-09-30 01:00:00,1.5165999999999997
2024-09-30 07:00:00,1.5179999999999998
2024-09-30 08:00:00,1.5192999999999997
2024-09-30 09:00:00,1.5211999999999997
2024-09-30 10:00:00,1.5212999999999997
2024-09-30 14:00:00,1.5157999999999998
2024-09-30 15:00:00,1.5139999999999998
2024-09-30 17:00:00,1.5151999999999997
2024-09-30 23:00:00,1.5136999999999998
2024-10-01 06:00:00,1.5136999999999998
2024-10-01 07:00:00,1.5119999999999998
2024-10-01 08:00:00,1.5112999999999996
2024-10-01 09:00:00,1.5100999999999998
2024-10-01 10:00:00,1.5084999999999997
2024-10-01 11:00:00,1.5068999999999997
2024-10-01 12:00:00,1.5054999999999998
2024-10-01 13:00:00,1.5036999999999998
2024-10-01 14:00:00,1.5036999999999998
2024-10-01 15:00:00,1.5015999999999998
2024-10-01 16:00:00,1.5014999999999998
2024-10-01 23:00:00,1.5009999999999997
2024-10-02 09:00:00,1.5013999999999996
2024-10-02 11:00:00,1.5008999999999997
2024-10-02 12:00:00,1.5005999999999997
2024-10-02 13:00:00,1.4977999999999998
2024-10-02 14:00:00,1.4975999999999998
2024-10-02 15:00:00,1.4983999999999997
2024-10-02 16:00:00,1.4977999999999998
2024-10-02 17:00:00,1.4986999999999997
2024-10-02 23:00:00,1.4989999999999997
2024-10-03 06:00:00,1.4989999999999997
2024-10-03 08:00:00,1.5009999999999997
2024-10-03 09:00:00,1.5010999999999997
2024-10-03 10:00:00,1.5010999999999997
2024-10-03 13:00:00,1.5018999999999998
2024-10-03 14:00:00,1.4994999999999998
2024-10-03 15:00:00,1.4994999999999998
2024-10-03 23:00:00,1.5018999999999998
2024-10-04 06:00:00,1.5029999999999997
2024-10-04 08:00:00,1.5036999999999998
2024-10-04 12:00:00,1.4968999999999997
2024-10-04 13:00:00,1.4979999999999998
2024-10-04 14:00:00,1.4986999999999997
2024-10-04 23:00:00,1.4976999999999998
2024-10-06 22:00:00,1.4976999999999998
2024-10-07 03:00:00,1.4981999999999998
2024-10-07 13:00:00,1.5011999999999996
2024-10-07 14:00:00,1.5019999999999998
2024-10-07 15:00:00,1.5015999999999998
2024-10-07 16:00:00,1.5016999999999998
2024-10-07 18:00:00,1.5033999999999996
2024-10-07 23:00:00,1.5041999999999998
2024-10-08 07:00:00,1.5061999999999998
2024-10-08 09:00:00,1.5072999999999996
2024-10-08 10:00:00,1.5079999999999998
2024-10-08 12:00:00,1.5063999999999997
2024-10-08 15:00:00,1.5072999999999996
2024-10-08 23:00:00,1.5064999999999997
2024-10-09 05:00:00,1.5059999999999998
2024-10-09 07:00:00,1.5061999999999998
2024-10-09 08:00:00,1.5056999999999998
2024-10-09 09:00:00,1.5066999999999997
2024-10-09 10:00:00,1.5070999999999997
2024-10-09 11:00:00,1.5074999999999996
2024-10-09 12:00:00,1.5065999999999997
2024-10-09 13:00:00,1.5071999999999997
2024-10-09 14:00:00,1.5071999999999997
2024-10-09 15:00:00,1.5067999999999997
2024-10-09 22:00:00,1.5079999999999998
2024-10-09 23:00:00,1.5074999999999996
2024-10-10 07:00:00,1.5083999999999997
2024-10-10 11:00:00,1.5110999999999997
2024-10-10 12:00:00,1.5115999999999998
2024-10-10 13:00:00,1.5121999999999998
2024-10-10 15:00:00,1.5108999999999997
2024-10-10 23:00:00,1.5103999999999997
2024-10-11 02:00:00,1.5120999999999998
2024-10-11 08:00:00,1.5149999999999997
2024-10-11 09:00:00,1.5141999999999998
2024-10-11 13:00:00,1.5110999999999997
2024-10-11 23:00:00,1.5132999999999996
2024-10-14 23:00:00,1.5118999999999998
2024-10-15 04:00:00,1.5114999999999996
2024-10-15 08:00:00,1.5134999999999996
2024-10-15 09:00:00,1.5145999999999997
2024-10-15 11:00:00,1.5139999999999998
2024-10-15 12:00:00,1.5168999999999997
2024-10-15 13:00:00,1.5148999999999997
2024-10-15 18:00:00,1.5101999999999998
2024-10-15 23:00:00,1.5092999999999996
2024-10-16 00:00:00,1.5085999999999997
2024-10-16 10:00:00,1.5093999999999996
2024-10-16 13:00:00,1.5075999999999998
2024-10-16 15:00:00,1.5055999999999998
2024-10-16 17:00:00,1.5029999999999997
2024-10-16 18:00:00,1.5017999999999998
2024-10-16 22:00:00,1.5013999999999996
2024-10-16 23:00:00,1.5012999999999996
2024-10-17 09:00:00,1.5035999999999998
2024-10-17 11:00:00,1.5043999999999997
2024-10-17 12:00:00,1.5016999999999998
2024-10-17 13:00:00,1.5004999999999997
2024-10-17 15:00:00,1.5008999999999997
2024-10-17 16:00:00,1.5004999999999997
2024-10-17 23:00:00,1.5012999999999996
2024-10-18 07:00:00,1.5026999999999997
2024-10-18 09:00:00,1.5025999999999997
2024-10-18 11:00:00,1.5035999999999998
2024-10-18 12:00:00,1.5041999999999998
2024-10-18 13:00:00,1.5049999999999997
2024-10-18 14:00:00,1.5059999999999998
2024-10-18 15:00:00,1.5058999999999998
2024-10-18 16:00:00,1.5060999999999998
2024-10-18 20:00:00,1.5074999999999996
2024-10-18 23:00:00,1.5078999999999998
2024-10-21 08:00:00,1.5063999999999997
2024-10-21 09:00:00,1.5071999999999997
2024-10-21 10:00:00,1.5068999999999997
2024-10-21 12:00:00,1.5078999999999998
2024-10-21 13:00:00,1.5076999999999998
2024-10-21 14:00:00,1.5068999999999997
2024-10-21 15:00:00,1.5064999999999997
2024-10-21 16:00:00,1.5057999999999998
2024-10-21 23:00:00,1.5038999999999998
2024-10-22 08:00:00,1.5050999999999997
2024-10-22 09:00:00,1.5044999999999997
2024-10-22 10:00:00,1.5044999999999997
2024-10-22 14:00:00,1.5015999999999998
2024-10-22 15:00:00,1.5019999999999998
2024-10-22 16:00:00,1.5021999999999998
2024-10-22 17:00:00,1.5016999999999998
2024-10-22 23:00:00,1.5001999999999998
2024-10-23 07:00:00,1.4976999999999998
2024-10-23 09:00:00,1.4983999999999997
2024-10-23 11:00:00,1.4981999999999998
2024-10-23 12:00:00,1.4982999999999997
2024-10-23 13:00:00,1.4983999999999997
2024-10-23 14:00:00,1.4993999999999996
2024-10-23 15:00:00,1.5004999999999997
2024-10-23 23:00:00,1.4992999999999996
2024-10-24 10:00:00,1.4990999999999997
2024-10-24 13:00:00,1.5004999999999997
2024-10-24 14:00:00,1.5027999999999997
2024-10-24 15:00:00,1.5037999999999998
2024-10-24 16:00:00,1.5048999999999997
2024-10-24 23:00:00,1.5066999999999997
2024-10-25 08:00:00,1.5058999999999998
2024-10-25 10:00:00,1.5061999999999998
2024-10-25 12:00:00,1.5072999999999996
2024-10-25 13:00:00,1.5075999999999998
2024-10-25 14:00:00,1.5085999999999997
2024-10-25 15:00:00,1.5089999999999997
2024-10-25 23:00:00,1.5071999999999997
2024-10-28 10:00:00,1.5103999999999997
2024-10-28 11:00:00,1.5095999999999998
2024-10-28 15:00:00,1.5107999999999997
2024-10-28 16:00:00,1.5111999999999997
2024-10-28 17:00:00,1.5099999999999998
2024-10-28 23:00:00,1.5094999999999996
2024-10-29 09:00:00,1.5083999999999997
2024-10-29 10:00:00,1.5068999999999997
2024-10-29 11:00:00,1.5067999999999997
2024-10-29 12:00:00,1.5053999999999996
2024-10-29 13:00:00,1.5056999999999998
2024-10-29 14:00:00,1.5086999999999997
2024-10-29 16:00:00,1.5101999999999998
2024-10-29 17:00:00,1.5111999999999997
2024-10-29 19:00:00,1.5123999999999997
2024-10-29 23:00:00,1.5126999999999997
2024-10-30 08:00:00,1.5142999999999998
2024-10-30 09:00:00,1.5150999999999997
2024-10-30 10:00:00,1.5151999999999997
2024-10-30 11:00:00,1.5143999999999997
2024-10-30 12:00:00,1.5146999999999997
2024-10-30 13:00:00,1.5146999999999997
2024-10-30 14:00:00,1.5184999999999997
2024-10-30 15:00:00,1.5187999999999997
2024-10-30 16:00:00,1.5186999999999997
2024-10-30 17:00:00,1.5174999999999996
2024-10-30 18:00:00,1.5180999999999998
2024-10-30 19:00:00,1.5166999999999997
2024-10-30 20:00:00,1.5160999999999998
2024-10-30 23:00:00,1.5178999999999998
2024-10-31 06:00:00,1.5170999999999997
2024-10-31 10:00:00,1.5201999999999998
2024-10-31 11:00:00,1.5198999999999998
2024-10-31 12:00:00,1.5191999999999997
2024-10-31 13:00:00,1.5205999999999997
2024-10-31 18:00:00,1.5196999999999998
2024-10-31 20:00:00,1.5223999999999998
2024-10-31 23:00:00,1.5189999999999997
2024-11-01 03:00:00,1.5220999999999998
2024-11-01 07:00:00,1.5224999999999997
2024-11-01 12:00:00,1.5232999999999997
2024-11-01 15:00:00,1.5171999999999997
2024-11-01 17:00:00,1.5191999999999997
2024-11-01 20:00:00,1.5190999999999997
2024-11-01 23:00:00,1.5192999999999997
2024-11-03 23:00:00,1.5212999999999997
2024-11-04 07:00:00,1.5224999999999997
2024-11-04 09:00:00,1.5238999999999998
2024-11-04 12:00:00,1.5225999999999997
2024-11-04 13:00:00,1.5218999999999998
2024-11-04 16:00:00,1.5189999999999997
2024-11-04 23:00:00,1.5188999999999997
2024-11-05 08:00:00,1.5186999999999997
2024-11-05 13:00:00,1.5189999999999997
2024-11-05 15:00:00,1.5186999999999997
2024-11-05 16:00:00,1.5191999999999997
2024-11-05 23:00:00,1.5200999999999998
2024-11-06 00:00:00,1.5134999999999996
2024-11-06 01:00:00,1.5125999999999997
2024-11-06 02:00:00,1.5046999999999997
2024-11-06 05:00:00,1.5042999999999997
2024-11-06 06:00:00,1.5009999999999997
2024-11-06 09:00:00,1.5029999999999997
2024-11-06 11:00:00,1.4968999999999997
2024-11-06 12:00:00,1.4954999999999998
2024-11-06 13:00:00,1.4980999999999998
2024-11-06 14:00:00,1.5008999999999997
2024-11-06 15:00:00,1.5017999999999998
2024-11-06 19:00:00,1.5037999999999998
2024-11-06 23:00:00,1.5026999999999997
2024-11-07 00:00:00,1.5026999999999997
2024-11-07 10:00:00,1.4999999999999998
2024-11-07 14:00:00,1.5060999999999998
2024-11-07 15:00:00,1.5059999999999998
2024-11-07 16:00:00,1.5032999999999996
2024-11-07 17:00:00,1.5026999999999997
2024-11-07 23:00:00,1.5016999999999998
2024-11-08 09:00:00,1.5042999999999997
2024-11-08 10:00:00,1.5033999999999996
2024-11-08 13:00:00,1.5054999999999998
2024-11-08 16:00:00,1.4984999999999997
2024-11-08 17:00:00,1.4965999999999997
2024-11-08 23:00:00,1.4976999999999998
2024-11-11 00:00:00,1.4969999999999997
2024-11-11 09:00:00,1.4935999999999998
2024-11-11 11:00:00,1.4918999999999998
2024-11-11 14:00:00,1.4890999999999996
2024-11-11 16:00:00,1.4892999999999996
2024-11-11 18:00:00,1.4900999999999998
2024-11-11 23:00:00,1.4901999999999997
2024-11-12 00:00:00,1.4911999999999996
2024-11-12 06:00:00,1.4901999999999997
2024-11-12 13:00:00,1.4871999999999996
2024-11-12 14:00:00,1.4872999999999996
2024-11-12 15:00:00,1.4861999999999997
2024-11-12 16:00:00,1.4855999999999998
2024-11-12 17:00:00,1.4851999999999996
2024-11-12 20:00:00,1.4873999999999998
2024-11-12 23:00:00,1.4869999999999997
2024-11-13 07:00:00,1.4869999999999997
2024-11-13 09:00:00,1.4886999999999997
2024-11-13 10:00:00,1.4891999999999996
2024-11-13 11:00:00,1.4901999999999997
2024-11-13 13:00:00,1.4893999999999998
2024-11-13 14:00:00,1.4874999999999998
2024-11-13 15:00:00,1.4869999999999997
2024-11-13 16:00:00,1.4839999999999998
2024-11-13 17:00:00,1.4852999999999996
2024-11-13 19:00:00,1.4854999999999998
2024-11-13 23:00:00,1.4859999999999998
2024-11-14 01:00:00,1.4844999999999997
2024-11-14 05:00:00,1.4837999999999998
2024-11-14 07:00:00,1.4836999999999998
2024-11-14 09:00:00,1.4807999999999997
2024-11-14 10:00:00,1.4787999999999997
2024-11-14 13:00:00,1.4824999999999997
2024-11-14 14:00:00,1.4870999999999996
2024-11-14 15:00:00,1.4888999999999997
2024-11-14 16:00:00,1.4886999999999997
2024-11-14 17:00:00,1.4882999999999997
2024-11-14 23:00:00,1.4872999999999996
2024-11-15 07:00:00,1.4905999999999997
2024-11-15 08:00:00,1.4916999999999998
2024-11-15 09:00:00,1.4916999999999998
2024-11-15 11:00:00,1.4913999999999998
2024-11-15 13:00:00,1.4921999999999997
2024-11-15 14:00:00,1.4907999999999997
2024-11-15 23:00:00,1.4917999999999998
2024-11-18 09:00:00,1.4953999999999996
2024-11-18 12:00:00,1.4915999999999998
2024-11-18 13:00:00,1.4936999999999998
2024-11-18 16:00:00,1.4913999999999998
2024-11-18 17:00:00,1.4918999999999998
2024-11-18 19:00:00,1.4923999999999997
2024-11-18 20:00:00,1.4915999999999998
2024-11-18 23:00:00,1.4913999999999998
2024-11-19 05:00:00,1.4911999999999996
2024-11-19 09:00:00,1.4857999999999998
2024-11-19 15:00:00,1.4876999999999998
2024-11-19 16:00:00,1.4867999999999997
2024-11-19 17:00:00,1.4864999999999997
2024-11-19 23:00:00,1.4861999999999997
2024-11-20 07:00:00,1.4840999999999998
2024-11-20 10:00:00,1.4824999999999997
2024-11-20 13:00:00,1.4834999999999998
2024-11-20 15:00:00,1.4817999999999998
2024-11-20 21:00:00,1.4800999999999997
2024-11-20 23:00:00,1.4804999999999997
2024-11-21 08:00:00,1.4770999999999996
2024-11-21 10:00:00,1.4764999999999997
2024-11-21 11:00:00,1.4754999999999998
2024-11-21 14:00:00,1.4769999999999996
2024-11-21 15:00:00,1.4745999999999997
2024-11-21 16:00:00,1.4726999999999997
2024-11-21 18:00:00,1.4702999999999997
2024-11-21 20:00:00,1.4707999999999997
2024-11-21 23:00:00,1.4706999999999997
2024-11-22 07:00:00,1.4716999999999998
2024-11-22 08:00:00,1.4673999999999998
2024-11-22 09:00:00,1.4604999999999997
2024-11-22 12:00:00,1.4643999999999997
2024-11-22 13:00:00,1.4638999999999998
2024-11-22 14:00:00,1.4635999999999998
2024-11-22 20:00:00,1.4623999999999997
2024-11-22 23:00:00,1.4621999999999997
2024-11-25 11:00:00,1.4707999999999997
2024-11-25 13:00:00,1.4751999999999996
2024-11-25 14:00:00,1.4755999999999998
2024-11-25 17:00:00,1.4733999999999998
2024-11-25 20:00:00,1.4741999999999997
2024-11-25 23:00:00,1.4749999999999996
2024-11-26 00:00:00,1.4835999999999998
2024-11-26 01:00:00,1.4851999999999996
2024-11-26 04:00:00,1.4844999999999997
2024-11-26 07:00:00,1.4866999999999997
2024-11-26 08:00:00,1.4889999999999997
2024-11-26 10:00:00,1.4884999999999997
2024-11-26 12:00:00,1.4885999999999997
2024-11-26 13:00:00,1.4883999999999997
2024-11-26 14:00:00,1.4869999999999997
2024-11-26 15:00:00,1.4802999999999997
2024-11-26 16:00:00,1.4812999999999998
2024-11-26 17:00:00,1.4812999999999998
2024-11-26 21:00:00,1.4813999999999998
2024-11-26 23:00:00,1.4792999999999998
2024-11-27 03:00:00,1.4810999999999996
2024-11-27 04:00:00,1.4811999999999996
2024-11-27 07:00:00,1.4819999999999998
2024-11-27 08:00:00,1.4856999999999998
2024-11-27 10:00:00,1.4855999999999998
2024-11-27 12:00:00,1.4857999999999998
2024-11-27 13:00:00,1.4903999999999997
2024-11-27 14:00:00,1.4887999999999997
2024-11-27 15:00:00,1.4896999999999998
2024-11-27 16:00:00,1.4891999999999996
2024-11-27 19:00:00,1.4885999999999997
2024-11-27 21:00:00,1.4887999999999997
2024-11-27 23:00:00,1.4887999999999997
2024-11-28 08:00:00,1.4842999999999997
2024-11-28 09:00:00,1.4826999999999997
2024-11-28 10:00:00,1.4821999999999997
2024-11-28 11:00:00,1.4838999999999998
2024-11-28 12:00:00,1.4850999999999996
2024-11-28 15:00:00,1.4858999999999998
2024-11-28 16:00:00,1.4847999999999997
2024-11-28 20:00:00,1.4855999999999998
2024-11-28 23:00:00,1.4887999999999997
2024-11-29 07:00:00,1.4876999999999998
2024-11-29 10:00:00,1.4848999999999997
2024-11-29 12:00:00,1.4850999999999996
2024-11-29 14:00:00,1.4881999999999997
2024-11-29 15:00:00,1.4864999999999997
2024-11-29 17:00:00,1.4859999999999998
2024-11-29 23:00:00,1.4858999999999998
2024-12-02 07:00:00,1.4834999999999998
2024-12-02 08:00:00,1.4813999999999998
2024-12-02 09:00:00,1.4816999999999998
2024-12-02 10:00:00,1.4814999999999998
2024-12-02 14:00:00,1.4807999999999997
2024-12-02 15:00:00,1.4790999999999996
2024-12-02 17:00:00,1.4822999999999997
2024-12-02 20:00:00,1.4818999999999998
2024-12-02 23:00:00,1.4799999999999998
2024-12-03 08:00:00,1.4803999999999997
2024-12-03 09:00:00,1.4813999999999998
2024-12-03 10:00:00,1.4826999999999997
2024-12-03 13:00:00,1.4833999999999998
2024-12-03 14:00:00,1.4835999999999998
2024-12-03 15:00:00,1.4860999999999998
2024-12-03 16:00:00,1.4860999999999998
2024-12-03 23:00:00,1.4845999999999997
2024-12-04 07:00:00,1.4861999999999997
2024-12-04 09:00:00,1.4837999999999998
2024-12-04 13:00:00,1.4813999999999998
2024-12-04 16:00:00,1.4883999999999997
2024-12-04 18:00:00,1.4863999999999997
2024-12-04 20:00:00,1.4845999999999997
2024-12-04 23:00:00,1.4852999999999996
2024-12-05 08:00:00,1.4883999999999997
2024-12-05 09:00:00,1.4863999999999997
2024-12-05 10:00:00,1.4861999999999997
2024-12-05 13:00:00,1.4875999999999998
2024-12-05 14:00:00,1.4902999999999997
2024-12-05 15:00:00,1.4885999999999997
2024-12-05 16:00:00,1.4896999999999998
2024-12-05 18:00:00,1.4900999999999998
2024-12-05 19:00:00,1.4914999999999998
2024-12-05 20:00:00,1.4908999999999997
2024-12-05 23:00:00,1.4915999999999998
2024-12-06 01:00:00,1.4903999999999997
2024-12-06 08:00:00,1.4927999999999997
2024-12-06 09:00:00,1.4915999999999998
2024-12-06 10:00:00,1.4911999999999996
2024-12-06 12:00:00,1.4911999999999996
2024-12-06 13:00:00,1.4992999999999996
2024-12-06 14:00:00,1.4979999999999998
2024-12-06 15:00:00,1.4979999999999998
2024-12-06 19:00:00,1.5006999999999997
2024-12-06 21:00:00,1.5021999999999998
2024-12-06 23:00:00,1.5007999999999997
2024-12-09 09:00:00,1.5003999999999997
2024-12-09 10:00:00,1.5021999999999998
2024-12-09 11:00:00,1.5020999999999998
2024-12-09 12:00:00,1.4987999999999997
2024-12-09 14:00:00,1.4992999999999996
2024-12-09 17:00:00,1.4989999999999997
2024-12-09 23:00:00,1.5008999999999997
2024-12-10 00:00:00,1.5021999999999998
2024-12-10 08:00:00,1.5021999999999998
2024-12-10 10:00:00,1.4977999999999998
2024-12-10 11:00:00,1.4977999999999998
2024-12-10 12:00:00,1.4979999999999998
2024-12-10 13:00:00,1.4969999999999997
2024-12-10 14:00:00,1.4993999999999996
2024-12-10 15:00:00,1.4971999999999996
2024-12-10 16:00:00,1.4940999999999998
2024-12-10 17:00:00,1.4946999999999997
2024-12-10 23:00:00,1.4973999999999996
2024-12-11 07:00:00,1.4973999999999996
2024-12-11 08:00:00,1.4958999999999998
2024-12-11 09:00:00,1.4962999999999997
2024-12-11 12:00:00,1.4970999999999997
2024-12-11 13:00:00,1.4963999999999997
2024-12-11 14:00:00,1.4896999999999998
2024-12-11 15:00:00,1.4904999999999997
2024-12-11 16:00:00,1.4895999999999998
2024-12-11 17:00:00,1.4907
2024-12-11 23:00:00,1.4922999999999997
2024-12-12 14:00:00,1.4958999999999998
2024-12-12 23:00:00,1.4944999999999997
2024-12-13 03:00:00,1.4963999999999997
2024-12-13 11:00:00,1.4983999999999997
2024-12-13 12:00:00,1.4985999999999997
2024-12-13 13:00:00,1.5021999999999998
2024-12-13 15:00:00,1.5002999999999997
2024-12-13 16:00:00,1.5013999999999998
2024-12-13 21:00:00,1.4995999999999998
2024-12-13 23:00:00,1.5001999999999998
2024-12-16 01:00:00,1.5015999999999998
2024-12-16 09:00:00,1.5016999999999998
2024-12-16 23:00:00,1.5029
2024-12-17 09:00:00,1.5040999999999998
2024-12-17 12:00:00,1.5062999999999998
2024-12-17 14:00:00,1.5078999999999998
2024-12-17 15:00:00,1.5093999999999999
2024-12-17 16:00:00,1.5100999999999998
2024-12-17 23:00:00,1.5077999999999998
2024-12-18 04:00:00,1.5116999999999998
2024-12-18 08:00:00,1.5095999999999998
2024-12-18 10:00:00,1.5101999999999998
2024-12-18 12:00:00,1.5089
2024-12-18 15:00:00,1.5081999999999998
2024-12-18 19:00:00,1.5054999999999998
2024-12-18 20:00:00,1.5028
2024-12-18 23:00:00,1.503
2024-12-19 07:00:00,1.5074999999999998
2024-12-19 11:00:00,1.5034999999999998
2024-12-19 14:00:00,1.4992999999999999
2024-12-19 15:00:00,1.5002999999999997
2024-12-19 16:00:00,1.4945999999999997
2024-12-19 17:00:00,1.4968
2024-12-19 23:00:00,1.4973999999999998
2024-12-20 07:00:00,1.4998999999999998
2024-12-20 08:00:00,1.5016999999999998
2024-12-20 09:00:00,1.5004999999999997
2024-12-20 11:00:00,1.5002999999999997
2024-12-20 14:00:00,1.5029
2024-12-20 15:00:00,1.5010999999999999
2024-12-20 16:00:00,1.5035999999999998
2024-12-20 17:00:00,1.5034999999999998
2024-12-20 20:00:00,1.5060999999999998
2024-12-20 23:00:00,1.5056999999999998
2024-12-23 10:00:00,1.5032999999999999
2024-12-23 12:00:00,1.5039999999999998
2024-12-23 14:00:00,1.5078999999999998
2024-12-23 15:00:00,1.505
2024-12-23 18:00:00,1.503
2024-12-23 20:00:00,1.5020999999999998
2024-12-23 23:00:00,1.5029
2024-12-24 17:00:00,1.5004999999999997
2024-12-24 23:00:00,1.5001999999999998
2024-12-26 16:00:00,1.5073999999999999
2024-12-26 19:00:00,1.5085999999999997
2024-12-26 23:00:00,1.5083999999999997
2024-12-27 09:00:00,1.5057999999999998
2024-12-27 15:00:00,1.5095999999999998
2024-12-27 16:00:00,1.5110999999999999
2024-12-27 17:00:00,1.5105999999999997
2024-12-27 20:00:00,1.5097999999999998
2024-12-27 23:00:00,1.5095999999999998
2024-12-30 09:00:00,1.5082999999999998
2024-12-30 13:00:00,1.5043999999999997
2024-12-30 14:00:00,1.5060999999999998
2024-12-30 15:00:00,1.4997999999999998
2024-12-30 16:00:00,1.5000999999999998
2024-12-30 18:00:00,1.4993999999999998
2024-12-30 19:00:00,1.4993999999999998
2024-12-30 20:00:00,1.4994999999999998
2024-12-30 23:00:00,1.4990999999999999
2024-12-31 08:00:00,1.5029
2024-12-31 12:00:00,1.5015999999999998
2024-12-31 14:00:00,1.5004999999999997
2024-12-31 15:00:00,1.4990999999999999
2024-12-31 16:00:00,1.4961999999999998
2024-12-31 17:00:00,1.4958999999999998
2024-12-31 23:00:00,1.4956999999999998
2025-01-01 23:00:00,1.4948
2025-01-02 11:00:00,1.4951999999999999
2025-01-02 13:00:00,1.4949
2025-01-02 14:00:00,1.4937999999999998
2025-01-02 15:00:00,1.4881999999999997
2025-01-02 16:00:00,1.4845999999999997
2025-01-02 19:00:00,1.4835999999999998
2025-01-02 23:00:00,1.4840999999999998
2025-01-03 09:00:00,1.4871999999999999
2025-01-03 10:00:00,1.4863999999999997
2025-01-03 12:00:00,1.4887
2025-01-03 13:00:00,1.4902999999999997
2025-01-03 15:00:00,1.4914999999999998
2025-01-03 17:00:00,1.4936999999999998
2025-01-03 23:00:00,1.4949
2025-01-06 05:00:00,1.4900999999999998
2025-01-06 10:00:00,1.4939999999999998
2025-01-06 11:00:00,1.4975999999999998
2025-01-06 12:00:00,1.4966999999999997
2025-01-06 13:00:00,1.4976999999999998
2025-01-06 14:00:00,1.4932999999999998
2025-01-06 15:00:00,1.4962999999999997
2025-01-06 17:00:00,1.4990999999999999
2025-01-06 18:00:00,1.4976999999999998
2025-01-06 23:00:00,1.4956999999999998
2025-01-07 08:00:00,1.4964999999999997
2025-01-07 09:00:00,1.4980999999999998
2025-01-07 12:00:00,1.4956999999999998
2025-01-07 15:00:00,1.4952999999999999
2025-01-07 16:00:00,1.4933999999999998
2025-01-07 17:00:00,1.4917999999999998
2025-01-07 23:00:00,1.4920999999999998
2025-01-08 11:00:00,1.4879999999999998
2025-01-08 17:00:00,1.4889
2025-01-08 23:00:00,1.4896999999999998
2025-01-09 16:00:00,1.4885999999999997
2025-01-09 23:00:00,1.4884999999999997
2025-01-10 13:00:00,1.4839999999999998
2025-01-10 14:00:00,1.4848
2025-01-10 16:00:00,1.4839999999999998
2025-01-10 17:00:00,1.4840999999999998
2025-01-10 23:00:00,1.4844999999999997
2025-01-13 09:00:00,1.4764999999999997
2025-01-13 10:00:00,1.4788
2025-01-13 11:00:00,1.4777999999999998
2025-01-13 15:00:00,1.4771999999999998
2025-01-13 16:00:00,1.4771999999999998
2025-01-13 23:00:00,1.4774999999999998
2025-01-14 00:00:00,1.4799999999999998
2025-01-14 09:00:00,1.4812999999999998
2025-01-14 10:00:00,1.4814999999999998
2025-01-14 13:00:00,1.4815999999999998
2025-01-14 23:00:00,1.4856999999999998
2025-01-15 09:00:00,1.4851999999999999
2025-01-15 13:00:00,1.4877999999999998
2025-01-15 15:00:00,1.4860999999999998
2025-01-15 16:00:00,1.4810999999999999
2025-01-15 17:00:00,1.4816999999999998
2025-01-15 23:00:00,1.4811999999999999
2025-01-16 12:00:00,1.4833999999999998
2025-01-16 15:00:00,1.4874999999999998
2025-01-16 23:00:00,1.4890999999999999
2025-01-17 09:00:00,1.4905999999999997
2025-01-17 15:00:00,1.4921999999999997
2025-01-17 23:00:00,1.4922999999999997
2025-01-20 06:00:00,1.4952999999999999
2025-01-20 09:00:00,1.4977999999999998
2025-01-20 11:00:00,1.4995999999999998
2025-01-20 13:00:00,1.4978999999999998
2025-01-20 14:00:00,1.4950999999999999
2025-01-20 15:00:00,1.4973999999999998
2025-01-20 16:00:00,1.4955999999999998
2025-01-20 17:00:00,1.4956999999999998
2025-01-20 23:00:00,1.4922999999999997
2025-01-21 00:00:00,1.5080999999999998
2025-01-21 01:00:00,1.5033999999999998
2025-01-21 08:00:00,1.5031999999999999
2025-01-21 10:00:00,1.5004999999999997
2025-01-21 14:00:00,1.5053999999999998
2025-01-21 16:00:00,1.4998999999999998
2025-01-21 23:00:00,1.4995999999999998
2025-01-22 11:00:00,1.5030999999999999
2025-01-22 12:00:00,1.5035999999999998
2025-01-22 15:00:00,1.5043999999999997
2025-01-22 16:00:00,1.5033999999999998
2025-01-22 17:00:00,1.5026999999999997
2025-01-22 23:00:00,1.5035999999999998
2025-01-23 10:00:00,1.5042999999999997
2025-01-23 13:00:00,1.5060999999999998
2025-01-23 15:00:00,1.5002999999999997
2025-01-23 16:00:00,1.5005999999999997
2025-01-23 20:00:00,1.5031999999999999
2025-01-23 23:00:00,1.503
2025-01-24 02:00:00,1.5032999999999999
2025-01-24 08:00:00,1.5097999999999998
2025-01-24 14:00:00,1.5084999999999997
2025-01-24 15:00:00,1.5111999999999999
2025-01-24 16:00:00,1.5131999999999999
2025-01-24 17:00:00,1.5131999999999999
2025-01-24 23:00:00,1.5114999999999998
2025-01-26 23:00:00,1.5121999999999998
2025-01-27 03:00:00,1.5116999999999998
2025-01-27 10:00:00,1.5131
2025-01-27 11:00:00,1.5162999999999998
2025-01-27 12:00:00,1.5151
2025-01-27 13:00:00,1.5160999999999998
2025-01-27 14:00:00,1.5185999999999997
2025-01-27 15:00:00,1.5164999999999997
2025-01-27 16:00:00,1.5166999999999997
2025-01-27 17:00:00,1.5156999999999998
2025-01-27 19:00:00,1.5136999999999998
2025-01-27 23:00:00,1.511
2025-01-28 01:00:00,1.5095999999999998
2025-01-28 08:00:00,1.5086999999999997
2025-01-28 09:00:00,1.5084999999999997
2025-01-28 10:00:00,1.5081999999999998
2025-01-28 11:00:00,1.5086999999999997
2025-01-28 12:00:00,1.5082999999999998
2025-01-28 13:00:00,1.5079999999999998
2025-01-28 14:00:00,1.5057999999999998
2025-01-28 16:00:00,1.5063999999999997
2025-01-28 18:00:00,1.5072999999999999
2025-01-28 23:00:00,1.5083999999999997
2025-01-29 09:00:00,1.5081999999999998
2025-01-29 10:00:00,1.5072999999999999
2025-01-29 11:00:00,1.5067999999999997
2025-01-29 12:00:00,1.507
2025-01-29 14:00:00,1.5093999999999999
2025-01-29 15:00:00,1.5106999999999997
2025-01-29 23:00:00,1.5079999999999998
2025-01-30 09:00:00,1.5050999999999999
2025-01-30 12:00:00,1.5052999999999999
2025-01-30 13:00:00,1.5100999999999998
2025-01-30 14:00:00,1.5085999999999997
2025-01-30 20:00:00,1.5224999999999997
2025-01-30 23:00:00,1.5115999999999998
2025-01-31 00:00:00,1.5131
2025-01-31 01:00:00,1.5106999999999997
2025-01-31 13:00:00,1.5098999999999998
2025-01-31 14:00:00,1.5115999999999998
2025-01-31 15:00:00,1.5117999999999998
2025-01-31 16:00:00,1.5103999999999997
2025-01-31 17:00:00,1.5073999999999999
2025-01-31 18:00:00,1.5110999999999999
2025-01-31 20:00:00,1.5123999999999997
2025-01-31 23:00:00,1.5115999999999998
2025-02-02 23:00:00,1.5126999999999997
2025-02-03 00:00:00,1.5110999999999999
2025-02-03 01:00:00,1.5159999999999998
2025-02-03 08:00:00,1.5087999999999997
2025-02-03 09:00:00,1.5087999999999997
2025-02-03 10:00:00,1.5086999999999997
2025-02-03 11:00:00,1.5118999999999998
2025-02-03 12:00:00,1.5120999999999998
2025-02-03 13:00:00,1.5120999999999998
2025-02-03 15:00:00,1.511
2025-02-03 16:00:00,1.5087999999999997
2025-02-03 17:00:00,1.5045999999999997
2025-02-03 18:00:00,1.5052999999999999
2025-02-03 21:00:00,1.4948
2025-02-03 23:00:00,1.5048
2025-02-04 00:00:00,1.4956999999999998
2025-02-04 07:00:00,1.4945999999999997
2025-02-04 08:00:00,1.4985999999999997
2025-02-04 12:00:00,1.4954999999999998
2025-02-04 13:00:00,1.4945999999999997
2025-02-04 14:00:00,1.4942999999999997
2025-02-04 15:00:00,1.4932999999999998
2025-02-04 16:00:00,1.4930999999999999
2025-02-04 23:00:00,1.4910999999999999
2025-02-05 11:00:00,1.4946999999999997
2025-02-05 13:00:00,1.4931999999999999
2025-02-05 15:00:00,1.4943999999999997
2025-02-05 16:00:00,1.4945999999999997
2025-02-05 17:00:00,1.4949
2025-02-05 21:00:00,1.4951999999999999
2025-02-05 23:00:00,1.4957999999999998
2025-02-06 10:00:00,1.4929999999999999
2025-02-06 14:00:00,1.4928
2025-02-06 16:00:00,1.4896999999999998
2025-02-06 17:00:00,1.4910999999999999
2025-02-06 21:00:00,1.4919999999999998
2025-02-06 23:00:00,1.4929
2025-02-07 07:00:00,1.4911999999999999
2025-02-07 09:00:00,1.4934999999999998
2025-02-07 11:00:00,1.4937999999999998
2025-02-07 14:00:00,1.4901999999999997
2025-02-07 15:00:00,1.4885999999999997
2025-02-07 16:00:00,1.4851999999999999
2025-02-07 17:00:00,1.4839999999999998
2025-02-07 18:00:00,1.4814999999999998
2025-02-07 19:00:00,1.4811999999999999
2025-02-07 21:00:00,1.4801999999999997
2025-02-07 23:00:00,1.4818999999999998
2025-02-10 01:00:00,1.4834999999999998
2025-02-10 10:00:00,1.4865999999999997
2025-02-10 12:00:00,1.4847
2025-02-10 15:00:00,1.4837999999999998
2025-02-10 18:00:00,1.4828
2025-02-10 23:00:00,1.4808
2025-02-11 01:00:00,1.4827
2025-02-11 11:00:00,1.4858999999999998
2025-02-11 12:00:00,1.4857999999999998
2025-02-11 15:00:00,1.4856999999999998
2025-02-11 19:00:00,1.4863999999999997
2025-02-11 23:00:00,1.4865999999999997
2025-02-12 09:00:00,1.4902999999999997
2025-02-12 13:00:00,1.4850999999999999
2025-02-12 14:00:00,1.4880999999999998
2025-02-12 15:00:00,1.4891999999999999
2025-02-12 17:00:00,1.4914999999999998
2025-02-12 21:00:00,1.4907
2025-02-12 23:00:00,1.4903999999999997
2025-02-13 09:00:00,1.4951999999999999
2025-02-13 11:00:00,1.4925999999999997
2025-02-13 12:00:00,1.4913999999999998
2025-02-13 14:00:00,1.4893999999999998
2025-02-13 15:00:00,1.4895999999999998
2025-02-13 16:00:00,1.4895999999999998
2025-02-13 17:00:00,1.4904999999999997
2025-02-13 23:00:00,1.4910999999999999
2025-02-14 09:00:00,1.4903999999999997
2025-02-14 13:00:00,1.4919999999999998
2025-02-14 14:00:00,1.4917999999999998
2025-02-14 15:00:00,1.4927
2025-02-14 18:00:00,1.4940999999999998
2025-02-14 23:00:00,1.4927
2025-02-17 09:00:00,1.4923999999999997
2025-02-17 10:00:00,1.4936999999999998
2025-02-17 14:00:00,1.4921999999999997
2025-02-17 16:00:00,1.4928
2025-02-17 23:00:00,1.4927
2025-02-18 12:00:00,1.4904999999999997
2025-02-18 13:00:00,1.4904999999999997
2025-02-18 15:00:00,1.4898999999999998
2025-02-18 16:00:00,1.4910999999999999
2025-02-18 19:00:00,1.4874999999999998
2025-02-18 23:00:00,1.4878999999999998
2025-02-19 01:00:00,1.4885999999999997
2025-02-19 13:00:00,1.4871999999999999
2025-02-19 16:00:00,1.4864999999999997
2025-02-19 23:00:00,1.4895999999999998
2025-02-20 01:00:00,1.4890999999999999
2025-02-20 10:00:00,1.4893999999999998
2025-02-20 12:00:00,1.4896999999999998
2025-02-20 13:00:00,1.4901999999999997
2025-02-20 14:00:00,1.4894999999999998
2025-02-20 16:00:00,1.4918999999999998
2025-02-20 23:00:00,1.4943999999999997
2025-02-21 09:00:00,1.4923999999999997
2025-02-21 15:00:00,1.4909999999999999
2025-02-21 23:00:00,1.4946999999999997
2025-02-24 00:00:00,1.4975999999999998
2025-02-24 07:00:00,1.4949999999999999
2025-02-24 08:00:00,1.4951999999999999
2025-02-24 17:00:00,1.4951999999999999
2025-02-24 23:00:00,1.4961999999999998
2025-02-25 08:00:00,1.4993999999999998
2025-02-25 12:00:00,1.5015999999999998
2025-02-25 13:00:00,1.5039999999999998
2025-02-25 14:00:00,1.5032999999999999
2025-02-25 15:00:00,1.5069
2025-02-25 17:00:00,1.507
2025-02-25 18:00:00,1.5077999999999998
2025-02-25 23:00:00,1.5101999999999998
2025-02-26 01:00:00,1.511
2025-02-26 11:00:00,1.5115999999999998
2025-02-26 12:00:00,1.5115999999999998
2025-02-26 14:00:00,1.5109
2025-02-26 15:00:00,1.5111999999999999
2025-02-26 17:00:00,1.5090999999999999
2025-02-26 18:00:00,1.5100999999999998
2025-02-26 23:00:00,1.5097999999999998
2025-02-27 13:00:00,1.5107999999999997
2025-02-27 15:00:00,1.5072999999999999
2025-02-27 16:00:00,1.5071999999999999
2025-02-27 23:00:00,1.5083999999999997
2025-02-28 07:00:00,1.5077999999999998
2025-02-28 14:00:00,1.5092999999999999
2025-02-28 15:00:00,1.5041999999999998
2025-02-28 16:00:00,1.505
2025-02-28 18:00:00,1.5069
2025-02-28 23:00:00,1.505
2025-03-03 02:00:00,1.5098999999999998
2025-03-03 11:00:00,1.5133999999999999
2025-03-03 12:00:00,1.5164999999999997
2025-03-03 13:00:00,1.5140999999999998
2025-03-03 14:00:00,1.5166999999999997
2025-03-03 15:00:00,1.5163999999999997
2025-03-03 16:00:00,1.5161999999999998
2025-03-03 17:00:00,1.5174999999999998
2025-03-03 18:00:00,1.5212999999999999
2025-03-03 19:00:00,1.5212999999999999
2025-03-03 20:00:00,1.5267999999999997
2025-03-03 23:00:00,1.5246999999999997
2025-03-04 02:00:00,1.5252999999999999
2025-03-04 05:00:00,1.5247999999999997
2025-03-04 08:00:00,1.5256999999999998
2025-03-04 09:00:00,1.5251
2025-03-04 10:00:00,1.523
2025-03-04 12:00:00,1.5272999999999999
2025-03-04 14:00:00,1.5291
2025-03-04 15:00:00,1.5282999999999998
2025-03-04 16:00:00,1.5282999999999998
2025-03-04 17:00:00,1.5371
2025-03-04 18:00:00,1.5433
2025-03-04 19:00:00,1.5422999999999998
2025-03-04 21:00:00,1.5382999999999998
2025-03-04 23:00:00,1.5416999999999998
2025-03-05 00:00:00,1.5361999999999998
2025-03-05 01:00:00,1.5364999999999998
2025-03-05 06:00:00,1.5395999999999999
2025-03-05 07:00:00,1.5416999999999998
2025-03-05 08:00:00,1.5434999999999999
2025-03-05 09:00:00,1.5457999999999998
2025-03-05 10:00:00,1.5441999999999998
2025-03-05 11:00:00,1.5423999999999998
2025-03-05 12:00:00,1.5480999999999998
2025-03-05 13:00:00,1.5469999999999997
2025-03-05 14:00:00,1.5475999999999999
2025-03-05 15:00:00,1.5537999999999998
2025-03-05 16:00:00,1.5564999999999998
2025-03-05 18:00:00,1.5514
2025-03-05 23:00:00,1.5548999999999997
2025-03-06 08:00:00,1.5560999999999998
2025-03-06 09:00:00,1.5532
2025-03-06 10:00:00,1.5553
2025-03-06 11:00:00,1.5557999999999998
2025-03-06 12:00:00,1.5567999999999997
2025-03-06 14:00:00,1.5587999999999997
2025-03-06 15:00:00,1.5490999999999997
2025-03-06 16:00:00,1.5489999999999997
2025-03-06 17:00:00,1.5501999999999998
2025-03-06 18:00:00,1.5473999999999999
2025-03-06 19:00:00,1.5509999999999997
2025-03-06 23:00:00,1.5505999999999998
2025-03-07 07:00:00,1.5549999999999997
2025-03-07 08:00:00,1.5553
2025-03-07 09:00:00,1.5587999999999997
2025-03-07 13:00:00,1.5662999999999998
2025-03-07 14:00:00,1.5648999999999997
2025-03-07 15:00:00,1.5682999999999998
2025-03-07 16:00:00,1.5682999999999998
2025-03-07 17:00:00,1.5702999999999998
2025-03-07 21:00:00,1.5627999999999997
2025-03-07 23:00:00,1.5635
2025-03-09 22:00:00,1.5635
2025-03-10 07:00:00,1.5583999999999998
2025-03-10 08:00:00,1.5609999999999997
2025-03-10 09:00:00,1.5644999999999998
2025-03-10 11:00:00,1.5656999999999999
2025-03-10 12:00:00,1.5679999999999998
2025-03-10 13:00:00,1.5681999999999998
2025-03-10 15:00:00,1.5684999999999998
2025-03-10 16:00:00,1.5695999999999999
2025-03-10 17:00:00,1.5695999999999999
2025-03-10 18:00:00,1.5695999999999999
2025-03-10 23:00:00,1.5721999999999998
2025-03-11 00:00:00,1.5721999999999998
2025-03-11 02:00:00,1.5714
2025-03-11 06:00:00,1.5739999999999998
2025-03-11 07:00:00,1.5756999999999999
2025-03-11 08:00:00,1.5776
2025-03-11 10:00:00,1.5748
2025-03-11 14:00:00,1.5863999999999998
2025-03-11 15:00:00,1.5908
2025-03-11 18:00:00,1.5802999999999998
2025-03-11 19:00:00,1.5796
2025-03-11 23:00:00,1.5800999999999998
2025-03-12 00:00:00,1.5802999999999998
2025-03-12 09:00:00,1.5827
2025-03-12 10:00:00,1.5797999999999999
2025-03-12 11:00:00,1.5776999999999999
2025-03-12 12:00:00,1.5716999999999999
2025-03-12 13:00:00,1.5700999999999998
2025-03-12 14:00:00,1.5773
2025-03-12 18:00:00,1.5687
2025-03-12 23:00:00,1.5692
2025-03-13 01:00:00,1.5701999999999998
2025-03-13 09:00:00,1.5685
2025-03-13 14:00:00,1.5689
2025-03-13 15:00:00,1.5702999999999998
2025-03-13 16:00:00,1.5739999999999998
2025-03-13 23:00:00,1.5712
2025-03-14 04:00:00,1.5706
2025-03-14 05:00:00,1.5708
2025-03-14 08:00:00,1.5696999999999999
2025-03-14 10:00:00,1.5777999999999999
2025-03-14 11:00:00,1.5774
2025-03-14 12:00:00,1.5765
2025-03-14 13:00:00,1.5727
2025-03-14 14:00:00,1.5708
2025-03-14 19:00:00,1.5688
2025-03-14 23:00:00,1.5697999999999999
2025-03-17 13:00:00,1.5658999999999998
2025-03-17 16:00:00,1.5655
2025-03-17 23:00:00,1.5660999999999998
2025-03-18 06:00:00,1.5660999999999998
2025-03-18 08:00:00,1.5696999999999999
2025-03-18 11:00:00,1.5654
2025-03-18 12:00:00,1.5641999999999998
2025-03-18 13:00:00,1.5644
2025-03-18 14:00:00,1.5651
2025-03-18 15:00:00,1.5696999999999999
2025-03-18 17:00:00,1.5720999999999998
2025-03-18 18:00:00,1.5711
2025-03-18 23:00:00,1.5709
2025-03-19 00:00:00,1.5694
2025-03-19 08:00:00,1.5672
2025-03-19 10:00:00,1.5677999999999999
2025-03-19 11:00:00,1.5675999999999999
2025-03-19 13:00:00,1.5655999999999999
2025-03-19 15:00:00,1.5646
2025-03-19 17:00:00,1.5635
2025-03-19 23:00:00,1.5667
2025-03-20 07:00:00,1.567
2025-03-20 11:00:00,1.5646
2025-03-20 13:00:00,1.5613
2025-03-20 14:00:00,1.5594
2025-03-20 16:00:00,1.5598999999999998
2025-03-20 22:00:00,1.5608
2025-03-20 23:00:00,1.5597999999999999
2025-03-21 02:00:00,1.5592
2025-03-21 06:00:00,1.5573
2025-03-21 12:00:00,1.5618999999999998
2025-03-21 14:00:00,1.5576999999999999
2025-03-21 15:00:00,1.5569
2025-03-21 17:00:00,1.5574999999999999
2025-03-21 23:00:00,1.5579999999999998
2025-03-24 13:00:00,1.5551
2025-03-24 14:00:00,1.5513
2025-03-24 16:00:00,1.5500999999999998
2025-03-24 17:00:00,1.5515999999999999
2025-03-24 23:00:00,1.5524
2025-03-25 01:00:00,1.5523
2025-03-25 09:00:00,1.5519999999999998
2025-03-25 10:00:00,1.5524
2025-03-25 11:00:00,1.5513
2025-03-25 23:00:00,1.5494999999999999
2025-03-26 06:00:00,1.5453999999999999
2025-03-26 07:00:00,1.5432
2025-03-26 10:00:00,1.5432
2025-03-26 11:00:00,1.5443
2025-03-26 13:00:00,1.5406
2025-03-26 14:00:00,1.5442
2025-03-26 15:00:00,1.5422
2025-03-26 16:00:00,1.5446
2025-03-26 18:00:00,1.5422
2025-03-26 23:00:00,1.5423
2025-03-27 00:00:00,1.5414999999999999
2025-03-27 07:00:00,1.5446
2025-03-27 08:00:00,1.5452
2025-03-27 12:00:00,1.5462
2025-03-27 13:00:00,1.5476999999999999
2025-03-27 14:00:00,1.549
2025-03-27 15:00:00,1.5514
2025-03-27 23:00:00,1.5507
2025-03-28 07:00:00,1.5505
2025-03-28 14:00:00,1.5552
2025-03-28 16:00:00,1.5523
2025-03-28 17:00:00,1.5536999999999999
2025-03-28 23:00:00,1.5552
2025-03-31 07:00:00,1.5579999999999998
2025-03-31 11:00:00,1.5594
2025-03-31 13:00:00,1.5601999999999998
2025-03-31 14:00:00,1.5604
2025-03-31 15:00:00,1.5604
2025-03-31 19:00:00,1.5601999999999998
2025-03-31 23:00:00,1.5603
2025-04-01 09:00:00,1.5599999999999998
2025-04-01 11:00:00,1.5587
2025-04-01 14:00:00,1.5537999999999998
2025-04-01 15:00:00,1.5519999999999998
2025-04-01 17:00:00,1.5528
2025-04-01 23:00:00,1.5518999999999998
2025-04-02 00:00:00,1.5491
2025-04-02 04:00:00,1.5497999999999998
2025-04-02 09:00:00,1.5514999999999999
2025-04-02 14:00:00,1.557
2025-04-02 15:00:00,1.5594
2025-04-02 17:00:00,1.5599999999999998
2025-04-02 20:00:00,1.5560999999999998
2025-04-02 22:00:00,1.5511
2025-04-02 23:00:00,1.5603
2025-04-03 00:00:00,1.5556999999999999
2025-04-03 06:00:00,1.5620999999999998
2025-04-03 07:00:00,1.5612
2025-04-03 08:00:00,1.5615999999999999
2025-04-03 09:00:00,1.5664
2025-04-03 10:00:00,1.5682999999999998
2025-04-03 11:00:00,1.5675999999999999
2025-04-03 13:00:00,1.5638999999999998
2025-04-03 14:00:00,1.5636999999999999
2025-04-03 15:00:00,1.5594
2025-04-03 16:00:00,1.5571
2025-04-03 17:00:00,1.5576999999999999
2025-04-03 19:00:00,1.5587
2025-04-03 22:00:00,1.5617999999999999
2025-04-03 23:00:00,1.5595999999999999
2025-04-04 02:00:00,1.5643
2025-04-04 08:00:00,1.5598999999999998
2025-04-04 09:00:00,1.5600999999999998
2025-04-04 10:00:00,1.5677999999999999
2025-04-04 11:00:00,1.5742999999999998
2025-04-04 12:00:00,1.5762999999999998
2025-04-04 13:00:00,1.5714
2025-04-04 14:00:00,1.5669
2025-04-04 15:00:00,1.5677999999999999
2025-04-04 16:00:00,1.5656999999999999
2025-04-04 17:00:00,1.5623
2025-04-04 19:00:00,1.5619999999999998
2025-04-04 23:00:00,1.5635999999999999
2025-04-07 00:00:00,1.5681999999999998
2025-04-07 06:00:00,1.5735
2025-04-07 09:00:00,1.5667
2025-04-07 10:00:00,1.5697999999999999
2025-04-07 11:00:00,1.5691
2025-04-07 13:00:00,1.5693
2025-04-07 14:00:00,1.5585
2025-04-07 16:00:00,1.5593
2025-04-07 19:00:00,1.5603
2025-04-07 23:00:00,1.5586
2025-04-08 07:00:00,1.5553
2025-04-08 10:00:00,1.5554999999999999
2025-04-08 12:00:00,1.5564
2025-04-08 13:00:00,1.5553
2025-04-08 14:00:00,1.5537999999999998
2025-04-08 15:00:00,1.5568
2025-04-08 16:00:00,1.5537999999999998
2025-04-08 17:00:00,1.5614
2025-04-08 19:00:00,1.5669
2025-04-08 23:00:00,1.5647
2025-04-09 02:00:00,1.573
2025-04-09 09:00:00,1.5733
2025-04-09 10:00:00,1.5741999999999998
2025-04-09 11:00:00,1.5721999999999998
2025-04-09 14:00:00,1.5689
2025-04-09 17:00:00,1.5537999999999998
2025-04-09 18:00:00,1.5497999999999998
2025-04-09 23:00:00,1.5529
2025-04-10 07:00:00,1.5558999999999998
2025-04-10 09:00:00,1.5607
2025-04-10 10:00:00,1.5618999999999998
2025-04-10 12:00:00,1.5668
2025-04-10 13:00:00,1.5698999999999999
2025-04-10 18:00:00,1.5682999999999998
2025-04-10 23:00:00,1.5740999999999998
2025-04-11 00:00:00,1.5831
2025-04-11 02:00:00,1.5816999999999999
2025-04-11 06:00:00,1.5787
2025-04-11 07:00:00,1.5846
2025-04-11 08:00:00,1.5939999999999999
2025-04-11 09:00:00,1.5901999999999998
2025-04-11 10:00:00,1.5857999999999999
2025-04-11 11:00:00,1.5798999999999999
2025-04-11 13:00:00,1.5841999999999998
2025-04-11 23:00:00,1.5768
2025-04-13 22:00:00,1.5757999999999999
2025-04-14 01:00:00,1.5847
2025-04-14 02:00:00,1.5825
2025-04-14 09:00:00,1.5826
2025-04-14 10:00:00,1.5837999999999999
2025-04-14 11:00:00,1.5833
2025-04-14 13:00:00,1.5767
2025-04-14 16:00:00,1.5841999999999998
2025-04-14 23:00:00,1.5795
2025-04-15 11:00:00,1.5757999999999999
2025-04-15 12:00:00,1.5821999999999998
2025-04-15 13:00:00,1.5756
2025-04-15 14:00:00,1.5803999999999998
2025-04-15 23:00:00,1.5799999999999998
2025-04-16 08:00:00,1.5836999999999999
2025-04-16 09:00:00,1.5865
2025-04-16 13:00:00,1.5874
2025-04-16 20:00:00,1.5856999999999999
2025-04-16 23:00:00,1.5856
2025-04-17 00:00:00,1.5832
2025-04-17 11:00:00,1.5842999999999998
2025-04-17 12:00:00,1.581
2025-04-17 14:00:00,1.5822999999999998
2025-04-17 16:00:00,1.5769
2025-04-17 18:00:00,1.5796
2025-04-17 19:00:00,1.5792
2025-04-17 23:00:00,1.5796999999999999
2025-04-21 02:00:00,1.5944999999999998
2025-04-21 09:00:00,1.5995
2025-04-21 11:00:00,1.5972
2025-04-21 15:00:00,1.5943999999999998
2025-04-21 23:00:00,1.5999999999999999
2025-04-22 09:00:00,1.5954
2025-04-22 10:00:00,1.5967
2025-04-22 13:00:00,1.5946
2025-04-22 15:00:00,1.5911
2025-04-22 16:00:00,1.5877999999999999
2025-04-22 22:00:00,1.5771
2025-04-22 23:00:00,1.5841999999999998
2025-04-23 09:00:00,1.5833
2025-04-23 12:00:00,1.5831
2025-04-23 14:00:00,1.5776
2025-04-23 15:00:00,1.5837999999999999
2025-04-23 22:00:00,1.5791
2025-04-23 23:00:00,1.5780999999999998
2025-04-24 11:00:00,1.5832
2025-04-24 14:00:00,1.5831
2025-04-24 23:00:00,1.5827
2025-04-25 14:00:00,1.5815
2025-04-25 15:00:00,1.5823999999999998
2025-04-25 17:00:00,1.5834
2025-04-25 19:00:00,1.5828
2025-04-25 23:00:00,1.5827
2025-04-27 22:00:00,1.5786
2025-04-28 00:00:00,1.5819999999999999
2025-04-28 15:00:00,1.5796999999999999
2025-04-28 23:00:00,1.5856
2025-04-29 00:00:00,1.5836
2025-04-29 11:00:00,1.5814
2025-04-29 23:00:00,1.5815
2025-04-30 01:00:00,1.5775
2025-04-30 10:00:00,1.577
2025-04-30 14:00:00,1.5773
2025-04-30 15:00:00,1.5713
2025-04-30 16:00:00,1.5733
2025-04-30 18:00:00,1.5696999999999999
2025-04-30 20:00:00,1.5668
2025-04-30 23:00:00,1.5697999999999999
2025-05-01 00:00:00,1.5675
2025-05-01 07:00:00,1.5653
2025-05-01 10:00:00,1.5688
2025-05-01 14:00:00,1.5658999999999998
2025-05-01 16:00:00,1.5679999999999998
2025-05-01 23:00:00,1.5680999999999998
2025-05-02 00:00:00,1.5668
2025-05-02 08:00:00,1.5731
2025-05-02 09:00:00,1.5726
2025-05-02 15:00:00,1.5674
2025-05-02 16:00:00,1.5665
2025-05-02 23:00:00,1.5664
2025-05-05 08:00:00,1.5686
2025-05-05 09:00:00,1.569
2025-05-05 10:00:00,1.5697999999999999
2025-05-05 11:00:00,1.5707
2025-05-05 12:00:00,1.5725
2025-05-05 17:00:00,1.567
2025-05-05 23:00:00,1.5685
2025-05-06 05:00:00,1.5696999999999999
2025-05-06 13:00:00,1.571
2025-05-06 15:00:00,1.5680999999999998
2025-05-06 18:00:00,1.5709
2025-05-06 22:00:00,1.567
2025-05-06 23:00:00,1.5716999999999999
2025-05-07 00:00:00,1.5669
2025-05-07 01:00:00,1.567
2025-05-07 11:00:00,1.5725
2025-05-07 14:00:00,1.5722999999999998
2025-05-07 23:00:00,1.5701999999999998
2025-05-08 01:00:00,1.5705
2025-05-08 08:00:00,1.5716999999999999
2025-05-08 10:00:00,1.5709
2025-05-08 13:00:00,1.5747
2025-05-08 14:00:00,1.5736999999999999
2025-05-08 17:00:00,1.5688
2025-05-08 19:00:00,1.5688
2025-05-08 23:00:00,1.5687
2025-05-09 02:00:00,1.5675
2025-05-09 08:00:00,1.5715
2025-05-09 14:00:00,1.5776
2025-05-09 23:00:00,1.5736999999999999
2025-05-11 22:00:00,1.5672
2025-05-11 23:00:00,1.569
2025-05-12 07:00:00,1.5563
2025-05-12 08:00:00,1.5557999999999998
2025-05-12 09:00:00,1.5608
2025-05-12 10:00:00,1.5545
2025-05-12 14:00:00,1.5605
2025-05-12 16:00:00,1.5596999999999999
2025-05-12 20:00:00,1.5554999999999999
2025-05-12 23:00:00,1.5572
2025-05-13 08:00:00,1.5599999999999998
2025-05-13 09:00:00,1.5593
2025-05-13 10:00:00,1.5574999999999999
2025-05-13 13:00:00,1.5654
2025-05-13 14:00:00,1.5655
2025-05-13 15:00:00,1.5664
2025-05-13 23:00:00,1.5645
2025-05-14 07:00:00,1.5663
2025-05-14 08:00:00,1.569
2025-05-14 13:00:00,1.5722999999999998
2025-05-14 16:00:00,1.5692
2025-05-14 23:00:00,1.5675999999999999
2025-05-15 05:00:00,1.5691
2025-05-15 11:00:00,1.5693
2025-05-15 13:00:00,1.5722999999999998
2025-05-15 18:00:00,1.5660999999999998
2025-05-15 23:00:00,1.5660999999999998
2025-05-16 13:00:00,1.5675
2025-05-16 23:00:00,1.5649
2025-05-19 09:00:00,1.5775
2025-05-19 19:00:00,1.5736999999999999
2025-05-19 23:00:00,1.5735
2025-05-20 08:00:00,1.575
2025-05-20 14:00:00,1.5760999999999998
2025-05-20 23:00:00,1.5755
2025-05-21 07:00:00,1.5787
2025-05-21 10:00:00,1.5807
2025-05-21 23:00:00,1.5737999999999999
2025-05-22 05:00:00,1.5742999999999998
2025-05-22 23:00:00,1.569
2025-05-23 13:00:00,1.5649
2025-05-23 18:00:00,1.5637999999999999
2025-05-23 19:00:00,1.5648
2025-05-23 23:00:00,1.5639999999999998
2025-05-26 14:00:00,1.5678999999999998
2025-05-26 15:00:00,1.5675
2025-05-26 23:00:00,1.5639999999999998
2025-05-27 15:00:00,1.5639999999999998
2025-05-27 23:00:00,1.5692
2025-05-28 06:00:00,1.5697999999999999
2025-05-28 10:00:00,1.5716999999999999
2025-05-28 13:00:00,1.5692
2025-05-28 14:00:00,1.5694
2025-05-28 23:00:00,1.5588
2025-05-29 12:00:00,1.5588
2025-05-29 13:00:00,1.5717999999999999
2025-05-29 14:00:00,1.5738999999999999
2025-05-29 17:00:00,1.5755
2025-05-29 23:00:00,1.5748
2025-05-30 08:00:00,1.5720999999999998
2025-05-30 14:00:00,1.5657999999999999
2025-05-30 16:00:00,1.5659999999999998
2025-05-30 18:00:00,1.5638999999999998
2025-05-30 23:00:00,1.5633
2025-06-02 08:00:00,1.5691
2025-06-02 09:00:00,1.5691
2025-06-02 11:00:00,1.5700999999999998
2025-06-02 13:00:00,1.5680999999999998
2025-06-02 14:00:00,1.5734
2025-06-02 15:00:00,1.5713
2025-06-02 16:00:00,1.571
2025-06-02 20:00:00,1.5740999999999998
2025-06-02 23:00:00,1.5738999999999999
2025-06-03 08:00:00,1.5715
2025-06-03 09:00:00,1.5718999999999999
2025-06-03 11:00:00,1.5697999999999999
2025-06-03 14:00:00,1.5667
2025-06-03 16:00:00,1.5667
2025-06-03 23:00:00,1.5651
2025-06-04 07:00:00,1.5671
2025-06-04 12:00:00,1.5666
2025-06-04 14:00:00,1.5687
2025-06-04 15:00:00,1.5672
2025-06-04 16:00:00,1.5657999999999999
2025-06-04 23:00:00,1.5656999999999999
2025-06-05 13:00:00,1.5715999999999999
2025-06-05 14:00:00,1.5699999999999998
2025-06-05 23:00:00,1.5679999999999998
2025-06-06 07:00:00,1.5675
2025-06-06 08:00:00,1.5663
2025-06-06 10:00:00,1.5663
2025-06-06 16:00:00,1.565
2025-06-06 23:00:00,1.5657999999999999
2025-06-09 02:00:00,1.5675
2025-06-09 05:00:00,1.5674
2025-06-09 08:00:00,1.5675
2025-06-09 15:00:00,1.5675
2025-06-09 18:00:00,1.5681999999999998
2025-06-09 23:00:00,1.5677999999999999
2025-06-10 08:00:00,1.5677999999999999
2025-06-10 09:00:00,1.5677999999999999
2025-06-10 10:00:00,1.5697999999999999
2025-06-10 11:00:00,1.5697999999999999
2025-06-10 12:00:00,1.5705
2025-06-10 13:00:00,1.5705
2025-06-10 14:00:00,1.5679999999999998
2025-06-10 15:00:00,1.5679999999999998
2025-06-10 16:00:00,1.5679999999999998
2025-06-10 23:00:00,1.5682999999999998
2025-06-11 08:00:00,1.5682999999999998
2025-06-11 09:00:00,1.5699999999999998
2025-06-11 10:00:00,1.5700999999999998
2025-06-11 11:00:00,1.5700999999999998
2025-06-11 12:00:00,1.5702999999999998
2025-06-11 13:00:00,1.5702999999999998
2025-06-11 14:00:00,1.5740999999999998
2025-06-11 15:00:00,1.5753
2025-06-11 16:00:00,1.5747
2025-06-11 22:00:00,1.5767
2025-06-11 23:00:00,1.5742
2025-06-12 08:00:00,1.58
2025-06-12 09:00:00,1.5842
2025-06-12 11:00:00,1.585
2025-06-12 12:00:00,1.5862
2025-06-12 13:00:00,1.5829
2025-06-12 14:00:00,1.5812
2025-06-12 15:00:00,1.5812
2025-06-12 23:00:00,1.5796
2025-06-13 10:00:00,1.574
2025-06-13 12:00:00,1.5741
2025-06-13 15:00:00,1.5735
2025-06-13 23:00:00,1.5738
2025-06-16 11:00:00,1.5763
2025-06-16 14:00:00,1.5763
2025-06-16 15:00:00,1.5761
2025-06-16 23:00:00,1.5748
2025-06-17 10:00:00,1.5723
2025-06-17 11:00:00,1.5739
2025-06-17 14:00:00,1.5723
2025-06-17 17:00:00,1.5699
2025-06-17 19:00:00,1.5708
2025-06-17 20:00:00,1.5731
2025-06-17 23:00:00,1.5709
2025-06-18 08:00:00,1.5767
2025-06-18 12:00:00,1.5765
2025-06-18 13:00:00,1.5751
2025-06-18 15:00:00,1.5812
2025-06-18 23:00:00,1.576
2025-06-19 13:00:00,1.5789
2025-06-19 14:00:00,1.5804
2025-06-19 15:00:00,1.5795
2025-06-19 23:00:00,1.576
2025-06-20 00:00:00,1.5811
2025-06-20 10:00:00,1.5836999999999999
2025-06-20 11:00:00,1.5833
2025-06-20 12:00:00,1.5842
2025-06-20 14:00:00,1.5862
2025-06-20 15:00:00,1.588
2025-06-20 16:00:00,1.5882
2025-06-20 19:00:00,1.5872
2025-06-20 23:00:00,1.5871
2025-06-22 22:00:00,1.5836
2025-06-23 08:00:00,1.5864
2025-06-23 09:00:00,1.5865
2025-06-23 12:00:00,1.5841
2025-06-23 14:00:00,1.5885
2025-06-23 15:00:00,1.5897
2025-06-23 16:00:00,1.5924
2025-06-23 18:00:00,1.5945
2025-06-23 19:00:00,1.5936
2025-06-23 22:00:00,1.597
2025-06-23 23:00:00,1.5947
2025-06-24 07:00:00,1.594
2025-06-24 08:00:00,1.5945
2025-06-24 13:00:00,1.5941
2025-06-24 14:00:00,1.5941
2025-06-24 15:00:00,1.597
2025-06-24 17:00:00,1.5988
2025-06-24 23:00:00,1.5996
2025-06-25 06:00:00,1.5996
2025-06-25 08:00:00,1.5964
2025-06-25 11:00:00,1.598
2025-06-25 12:00:00,1.5976
2025-06-25 13:00:00,1.5972
2025-06-25 14:00:00,1.599
2025-06-25 15:00:00,1.6018999999999999
2025-06-25 16:00:00,1.6016
2025-06-25 17:00:00,1.6027
2025-06-25 18:00:00,1.6048
2025-06-25 19:00:00,1.6049
2025-06-25 23:00:00,1.6051
2025-06-26 07:00:00,1.6083
2025-06-26 08:00:00,1.6101
2025-06-26 10:00:00,1.6068
2025-06-26 12:00:00,1.6049
2025-06-26 13:00:00,1.6027
2025-06-26 15:00:00,1.5997
2025-06-26 23:00:00,1.6013
2025-06-27 08:00:00,1.6021
2025-06-27 10:00:00,1.603
2025-06-27 11:00:00,1.6044
2025-06-27 12:00:00,1.6052
2025-06-27 13:00:00,1.6044
2025-06-27 17:00:00,1.6099999999999999
2025-06-27 18:00:00,1.6102
2025-06-27 19:00:00,1.6096
2025-06-27 20:00:00,1.6079999999999999
2025-06-27 23:00:00,1.6087
2025-06-30 09:00:00,1.6075
2025-06-30 12:00:00,1.6041
2025-06-30 14:00:00,1.6049
2025-06-30 15:00:00,1.6054
2025-06-30 23:00:00,1.6086
2025-07-01 06:00:00,1.607
2025-07-01 07:00:00,1.6067
2025-07-01 08:00:00,1.6078
2025-07-01 10:00:00,1.611
2025-07-01 11:00:00,1.6109
2025-07-01 14:00:00,1.6138
2025-07-01 20:00:00,1.6143
2025-07-01 23:00:00,1.6122
2025-07-02 10:00:00,1.6095
2025-07-02 11:00:00,1.6073
2025-07-02 12:00:00,1.609
2025-07-02 15:00:00,1.6102
2025-07-02 23:00:00,1.6078999999999999
2025-07-03 00:00:00,1.6073
2025-07-03 09:00:00,1.6066
2025-07-03 12:00:00,1.6011
2025-07-03 13:00:00,1.6029
2025-07-03 14:00:00,1.6003
2025-07-03 15:00:00,1.5983
2025-07-03 23:00:00,1.5983
2025-07-04 08:00:00,1.6046
2025-07-04 13:00:00,1.6065
2025-07-06 22:00:00,1.6066
2025-07-07 09:00:00,1.6085
2025-07-07 10:00:00,1.6064
2025-07-07 12:00:00,1.6054
2025-07-07 13:00:00,1.6052
2025-07-07 15:00:00,1.6055
2025-07-07 20:00:00,1.6059999999999999
2025-07-07 23:00:00,1.6059999999999999
2025-07-08 08:00:00,1.6079999999999999
2025-07-08 10:00:00,1.6063
2025-07-08 12:00:00,1.6043
2025-07-08 13:00:00,1.6037
2025-07-08 15:00:00,1.6057
2025-07-08 17:00:00,1.607
2025-07-08 20:00:00,1.6074
2025-07-08 23:00:00,1.6074
2025-07-09 00:00:00,1.6066
2025-07-09 11:00:00,1.6071
2025-07-09 14:00:00,1.6084
2025-07-09 15:00:00,1.6083
2025-07-09 18:00:00,1.6078
2025-07-09 19:00:00,1.6079999999999999
2025-07-09 23:00:00,1.6079999999999999
2025-07-10 00:00:00,1.6099999999999999
2025-07-10 08:00:00,1.6073
2025-07-10 14:00:00,1.6021
2025-07-10 15:00:00,1.6015
2025-07-10 23:00:00,1.6015
2025-07-11 07:00:00,1.6039999999999999
2025-07-11 11:00:00,1.605
2025-07-11 12:00:00,1.6022
2025-07-11 13:00:00,1.6037
2025-07-11 14:00:00,1.6052
2025-07-11 15:00:00,1.6049
2025-07-11 23:00:00,1.6049
2025-07-14 00:00:00,1.6035
2025-07-14 05:00:00,1.6022
2025-07-14 07:00:00,1.602
2025-07-14 09:00:00,1.6024
2025-07-14 10:00:00,1.6023
2025-07-14 15:00:00,1.6018
2025-07-14 16:00:00,1.6008
2025-07-14 17:00:00,1.6017
2025-07-14 23:00:00,1.6017
2025-07-15 00:00:00,1.6031
2025-07-15 10:00:00,1.6025
2025-07-15 11:00:00,1.6013
2025-07-15 12:00:00,1.6001
2025-07-15 13:00:00,1.5986
2025-07-15 14:00:00,1.5977999999999999
2025-07-15 15:00:00,1.5967
2025-07-15 16:00:00,1.5954
2025-07-15 23:00:00,1.5954
2025-07-16 00:00:00,1.5957999999999999
2025-07-16 05:00:00,1.5972
2025-07-16 09:00:00,1.5984
2025-07-16 10:00:00,1.5976
2025-07-16 11:00:00,1.5981
2025-07-16 13:00:00,1.5937
2025-07-16 15:00:00,1.6014
2025-07-16 18:00:00,1.598
2025-07-16 19:00:00,1.5962
2025-07-16 23:00:00,1.5962
2025-07-17 01:00:00,1.5958999999999999
2025-07-17 09:00:00,1.5983
2025-07-17 15:00:00,1.5976
2025-07-17 23:00:00,1.5976
2025-07-18 01:00:00,1.6003
2025-07-18 08:00:00,1.6017
2025-07-18 10:00:00,1.6005
2025-07-18 13:00:00,1.6021
2025-07-18 14:00:00,1.6014
2025-07-18 15:00:00,1.602
2025-07-18 19:00:00,1.5987
2025-07-18 23:00:00,1.5987
2025-07-20 23:00:00,1.5997999999999999
2025-07-21 14:00:00,1.6047
2025-07-21 16:00:00,1.6049
2025-07-21 18:00:00,1.6039999999999999
2025-07-21 19:00:00,1.6035
2025-07-21 23:00:00,1.6035
2025-07-22 00:00:00,1.6029
2025-07-22 14:00:00,1.6021
2025-07-22 15:00:00,1.6021
2025-07-22 22:00:00,1.6023
2025-07-22 23:00:00,1.6021
2025-07-23 01:00:00,1.5996
2025-07-23 02:00:00,1.5998999999999999
2025-07-23 07:00:00,1.6011
2025-07-23 08:00:00,1.5988
2025-07-23 09:00:00,1.5974
2025-07-23 10:00:00,1.5967
2025-07-23 11:00:00,1.5961
2025-07-23 13:00:00,1.5993
2025-07-23 15:00:00,1.6012
2025-07-23 23:00:00,1.6012
2025-07-24 14:00:00,1.6057
2025-07-24 23:00:00,1.6057
2025-07-25 07:00:00,1.6096
2025-07-25 12:00:00,1.6071
2025-07-25 13:00:00,1.6085
2025-07-25 15:00:00,1.6115
2025-07-25 16:00:00,1.6125
2025-07-25 18:00:00,1.6138
2025-07-25 19:00:00,1.6137
2025-07-25 23:00:00,1.6137
2025-07-28 10:00:00,1.6042
2025-07-28 13:00:00,1.6004
2025-07-28 14:00:00,1.6002
2025-07-28 15:00:00,1.5965
2025-07-28 17:00:00,1.5948
2025-07-28 18:00:00,1.5946
2025-07-28 23:00:00,1.5946
2025-07-29 01:00:00,1.5962
2025-07-29 06:00:00,1.5905
2025-07-29 07:00:00,1.5908
2025-07-29 13:00:00,1.59
2025-07-29 20:00:00,1.5946
2025-07-29 23:00:00,1.5946
2025-07-30 00:00:00,1.5947
2025-07-30 10:00:00,1.595
2025-07-30 12:00:00,1.5871
2025-07-30 13:00:00,1.5864
2025-07-30 14:00:00,1.5886
2025-07-30 15:00:00,1.5885
2025-07-30 18:00:00,1.5823
2025-07-30 19:00:00,1.5817999999999999
2025-07-30 23:00:00,1.5817999999999999
2025-07-31 00:00:00,1.5844
2025-07-31 12:00:00,1.5864
2025-07-31 13:00:00,1.5816
2025-07-31 14:00:00,1.5856
2025-07-31 15:00:00,1.586
2025-07-31 19:00:00,1.5848
2025-07-31 20:00:00,1.5842
2025-07-31 23:00:00,1.5842
2025-08-01 02:00:00,1.5847
2025-08-01 07:00:00,1.5883
2025-08-01 09:00:00,1.5861
2025-08-01 13:00:00,1.5969
2025-08-01 15:00:00,1.597
2025-08-01 16:00:00,1.5956
2025-08-01 17:00:00,1.5941
2025-08-01 18:00:00,1.5955
2025-08-01 19:00:00,1.6001
2025-08-01 23:00:00,1.6001
2025-08-04 00:00:00,1.5995
2025-08-04 12:00:00,1.5978999999999999
2025-08-04 13:00:00,1.5964
2025-08-04 15:00:00,1.5976
2025-08-04 16:00:00,1.5974
2025-08-04 17:00:00,1.597
2025-08-04 23:00:00,1.597
2025-08-05 09:00:00,1.5961
2025-08-05 11:00:00,1.5955
2025-08-05 12:00:00,1.595
2025-08-05 13:00:00,1.5956
2025-08-05 15:00:00,1.5989
2025-08-05 16:00:00,1.5989
2025-08-05 18:00:00,1.5987
2025-08-05 23:00:00,1.5987
2025-08-06 08:00:00,1.5967
2025-08-06 10:00:00,1.5997
2025-08-06 15:00:00,1.6029
2025-08-06 18:00:00,1.6053
2025-08-06 23:00:00,1.6053
2025-08-07 06:00:00,1.6059999999999999
2025-08-07 08:00:00,1.6079999999999999
2025-08-07 10:00:00,1.6049
2025-08-07 11:00:00,1.6045
2025-08-07 14:00:00,1.6035
2025-08-07 20:00:00,1.6068
2025-08-07 23:00:00,1.6068
2025-08-08 07:00:00,1.6045
2025-08-08 08:00:00,1.6041
2025-08-08 12:00:00,1.6047
2025-08-08 15:00:00,1.6072
2025-08-08 23:00:00,1.6072
2025-08-11 13:00:00,1.6045
2025-08-11 23:00:00,1.6032
2025-08-12 09:00:00,1.6036
2025-08-12 12:00:00,1.6073
2025-08-12 13:00:00,1.6095
2025-08-12 14:00:00,1.6088
2025-08-12 19:00:00,1.6116
2025-08-12 23:00:00,1.6116
2025-08-13 07:00:00,1.6139999999999999
2025-08-13 09:00:00,1.6165
2025-08-13 12:00:00,1.6139999999999999
2025-08-13 13:00:00,1.6143
2025-08-13 14:00:00,1.6157
2025-08-13 20:00:00,1.6133
2025-08-13 23:00:00,1.6133
2025-08-14 00:00:00,1.6138
2025-08-14 15:00:00,1.6107
2025-08-14 16:00:00,1.6106
2025-08-14 17:00:00,1.6108
2025-08-14 18:00:00,1.6108
2025-08-14 19:00:00,1.6109
2025-08-14 23:00:00,1.6109
2025-08-15 13:00:00,1.6180999999999999
2025-08-15 14:00:00,1.6198
2025-08-15 15:00:00,1.6192
2025-08-15 23:00:00,1.6192
2025-08-18 06:00:00,1.6184
2025-08-18 09:00:00,1.6141
2025-08-18 22:00:00,1.6135
2025-08-18 23:00:00,1.6134
2025-08-19 09:00:00,1.6163
2025-08-19 12:00:00,1.6162
2025-08-19 13:00:00,1.6185
2025-08-19 15:00:00,1.6188
2025-08-19 18:00:00,1.6178
2025-08-19 23:00:00,1.6178
2025-08-20 10:00:00,1.6195
2025-08-20 12:00:00,1.6198
2025-08-20 17:00:00,1.6205
2025-08-20 23:00:00,1.6205
2025-08-21 00:00:00,1.619
2025-08-21 06:00:00,1.6167
2025-08-21 07:00:00,1.6184
2025-08-21 09:00:00,1.6204
2025-08-21 23:00:00,1.6163
2025-08-22 03:00:00,1.6163
2025-08-22 12:00:00,1.6182
2025-08-22 13:00:00,1.6189
2025-08-22 14:00:00,1.6237
2025-08-22 15:00:00,1.6247
2025-08-22 23:00:00,1.6247
2025-08-25 10:00:00,1.6199
2025-08-25 15:00:00,1.6185
2025-08-25 16:00:00,1.6147
2025-08-25 17:00:00,1.6144
2025-08-25 18:00:00,1.6125
2025-08-25 19:00:00,1.6116
2025-08-25 23:00:00,1.6116
2025-08-26 00:00:00,1.615
2025-08-26 08:00:00,1.6119999999999999
2025-08-26 15:00:00,1.6148
2025-08-26 19:00:00,1.6134
2025-08-26 23:00:00,1.6134
2025-08-27 08:00:00,1.6072
2025-08-27 10:00:00,1.6068
2025-08-27 12:00:00,1.6081
2025-08-27 14:00:00,1.6062
2025-08-27 23:00:00,1.6062
2025-08-28 00:00:00,1.6068
2025-08-28 15:00:00,1.6078
2025-08-28 18:00:00,1.609
2025-08-28 23:00:00,1.609
2025-08-29 12:00:00,1.6078
2025-08-29 14:00:00,1.6093
2025-08-29 15:00:00,1.6096
2025-08-29 19:00:00,1.6093
2025-08-29 23:00:00,1.6093
2025-09-01 08:00:00,1.6141
2025-09-01 14:00:00,1.6124
2025-09-02 08:00:00,1.6059999999999999
2025-09-02 09:00:00,1.6042
2025-09-02 10:00:00,1.6058
2025-09-02 12:00:00,1.6076
2025-09-02 14:00:00,1.6116
2025-09-02 23:00:00,1.6116
2025-09-03 14:00:00,1.6121
2025-09-03 20:00:00,1.611
2025-09-03 23:00:00,1.611
2025-09-04 12:00:00,1.6118
2025-09-04 13:00:00,1.6108
2025-09-04 14:00:00,1.6129
2025-09-04 15:00:00,1.6127
2025-09-04 18:00:00,1.6123
2025-09-04 20:00:00,1.6124
2025-09-04 23:00:00,1.6124
2025-09-05 04:00:00,1.6133
2025-09-05 06:00:00,1.6133
2025-09-05 08:00:00,1.6133
2025-09-05 11:00:00,1.6149
2025-09-05 12:00:00,1.6215
2025-09-05 13:00:00,1.6207
2025-09-05 14:00:00,1.6207
2025-09-05 15:00:00,1.6271
2025-09-05 16:00:00,1.6263
2025-09-05 18:00:00,1.6252
2025-09-05 20:00:00,1.6231
2025-09-05 23:00:00,1.6231
2025-09-08 07:00:00,1.623
2025-09-08 09:00:00,1.6225
2025-09-08 12:00:00,1.6206
2025-09-08 13:00:00,1.6254
2025-09-08 13:30:00,1.6254
2025-09-08 23:00:00,1.6254
2025-09-09 05:00:00,1.6277
2025-09-09 09:00:00,1.6253
2025-09-09 10:00:00,1.6265
2025-09-09 11:00:00,1.6253
2025-09-09 13:00:00,1.6248
2025-09-09 15:00:00,1.6240999999999999
2025-09-09 16:00:00,1.6236
2025-09-09 17:00:00,1.6237
2025-09-09 23:00:00,1.6237
2025-09-10 07:00:00,1.6219999999999999
2025-09-10 11:00:00,1.6242
2025-09-10 12:00:00,1.6247
2025-09-10 13:00:00,1.6247
2025-09-10 13:30:00,1.6247
2025-09-10 15:00:00,1.6265
2025-09-10 23:00:00,1.6265
2025-09-11 08:00:00,1.6247
2025-09-11 09:00:00,1.625
2025-09-11 12:00:00,1.6260999999999999
2025-09-11 13:00:00,1.628
2025-09-11 16:00:00,1.6252
2025-09-11 18:00:00,1.6252
2025-09-11 23:00:00,1.6254
2025-09-12 14:00:00,1.6241
2025-09-12 23:00:00,1.6267
2025-09-15 14:00:00,1.6291
2025-09-15 16:00:00,1.6245
2025-09-15 18:00:00,1.6235
2025-09-15 23:00:00,1.6232
2025-09-16 13:30:00,1.6271
2025-09-16 14:00:00,1.6308
2025-09-16 15:00:00,1.6299
2025-09-16 16:00:00,1.6324
2025-09-16 18:00:00,1.6324
2025-09-16 19:00:00,1.6322
2025-09-16 23:00:00,1.6333
2025-09-17 14:00:00,1.6324
2025-09-17 15:00:00,1.6316
2025-09-17 16:00:00,1.633
2025-09-17 20:00:00,1.629
2025-09-17 23:00:00,1.6314
2025-09-18 13:30:00,1.6246
2025-09-18 14:00:00,1.6262
2025-09-18 20:00:00,1.627
2025-09-18 23:00:00,1.6276
2025-09-19 14:00:00,1.621
2025-09-19 15:00:00,1.6189
2025-09-19 16:00:00,1.6199
2025-09-19 17:00:00,1.6208
2025-09-19 20:00:00,1.6208
2025-09-19 23:00:00,1.62
2025-09-22 14:00:00,1.6268
2025-09-22 15:00:00,1.6277
2025-09-22 16:00:00,1.6313
2025-09-22 17:00:00,1.6313
2025-09-22 20:00:00,1.633
2025-09-22 23:00:00,1.6319
2025-09-23 14:00:00,1.6332
2025-09-23 18:00:00,1.6371
2025-09-23 19:00:00,1.6374
2025-09-23 23:00:00,1.6373
2025-09-24 17:00:00,1.6333
2025-09-24 23:00:00,1.6334
2025-09-25 13:30:00,1.6285
2025-09-25 14:00:00,1.6277
2025-09-25 15:00:00,1.6268
2025-09-25 23:00:00,1.626
2025-09-26 15:00:00,1.6325
2025-09-26 18:00:00,1.6326
2025-09-26 23:00:00,1.6327
2025-09-29 14:00:00,1.6352
2025-09-29 15:00:00,1.6338
2025-09-29 23:00:00,1.6338
2025-09-30 15:00:00,1.6351
2025-09-30 16:00:00,1.6374
2025-09-30 23:00:00,1.6355
2025-10-01 14:00:00,1.6365
2025-10-01 15:00:00,1.6378
2025-10-01 16:00:00,1.6366
2025-10-01 23:00:00,1.6373
2025-10-02 14:00:00,1.6363
2025-10-02 17:00:00,1.6372
2025-10-02 20:00:00,1.6378
2025-10-02 23:00:00,1.6377
2025-10-03 14:00:00,1.6411
2025-10-03 16:00:00,1.6385
2025-10-03 23:00:00,1.6392
2025-10-06 15:00:00,1.6338
2025-10-06 18:00:00,1.6352
2025-10-06 23:00:00,1.6353
2025-10-07 23:00:00,1.6274
2025-10-08 13:30:00,1.6228
2025-10-08 15:00:00,1.6204
2025-10-08 16:00:00,1.6206
2025-10-08 17:00:00,1.6212
2025-10-08 18:00:00,1.6208
2025-10-08 20:00:00,1.6238
2025-10-08 23:00:00,1.6228
2025-10-09 15:00:00,1.6204
2025-10-09 18:00:00,1.6213
2025-10-09 23:00:00,1.6213
2025-10-10 14:00:00,1.6205
2025-10-10 15:00:00,1.6247
2025-10-10 20:00:00,1.6262
2025-10-10 23:00:00,1.6262
2025-10-13 13:30:00,1.6226
2025-10-13 16:00:00,1.6247
2025-10-13 19:00:00,1.6251
2025-10-13 23:00:00,1.6251
2025-10-14 13:30:00,1.6266
2025-10-14 14:00:00,1.6257
2025-10-14 16:00:00,1.6309
2025-10-14 23:00:00,1.6309
2025-10-15 14:00:00,1.6333
2025-10-15 15:00:00,1.6332
2025-10-15 18:00:00,1.6361
2025-10-15 23:00:00,1.6361
2025-10-16 15:00:00,1.64
2025-10-16 18:00:00,1.6422
2025-10-16 19:00:00,1.6438
2025-10-16 20:00:00,1.6432
2025-10-16 23:00:00,1.6432
2025-10-17 13:30:00,1.6401
2025-10-17 14:00:00,1.6383
2025-10-17 15:00:00,1.6405
2025-10-17 18:00:00,1.6369
2025-10-17 19:00:00,1.6359
2025-10-17 20:00:00,1.6361
2025-10-17 23:00:00,1.6362
2025-10-20 23:00:00,1.6354
2025-10-21 14:00:00,1.6274
2025-10-21 15:00:00,1.6284
2025-10-21 18:00:00,1.6275
2025-10-21 23:00:00,1.6275
2025-10-22 14:00:00,1.625
2025-10-22 15:00:00,1.6252
2025-10-22 16:00:00,1.6264
2025-10-22 23:00:00,1.6246
2025-10-23 15:00:00,1.6254
2025-10-23 18:00:00,1.6251
2025-10-23 23:00:00,1.6255
2025-10-24 13:30:00,1.6312
2025-10-24 23:00:00,1.6283
2025-10-27 15:00:00,1.6302
2025-10-27 20:00:00,1.6299
2025-10-27 23:00:00,1.6307
2025-10-28 14:00:00,1.6283
2025-10-28 19:00:00,1.6265
2025-10-28 23:00:00,1.6264
2025-10-29 15:00:00,1.62
2025-10-29 18:00:00,1.6173
2025-10-29 19:00:00,1.6155
2025-10-29 23:00:00,1.6159
2025-10-30 15:00:00,1.6167
2025-10-30 23:00:00,1.6177
2025-10-31 14:00:00,1.6163
2025-10-31 15:00:00,1.6153
2025-10-31 16:00:00,1.6168
2025-10-31 23:00:00,1.6153
2025-11-03 17:00:00,1.6208
2025-11-03 23:00:00,1.6189
2025-11-04 14:30:00,1.6171
2025-11-04 23:00:00,1.619
2025-11-05 16:00:00,1.6218
2025-11-05 17:00:00,1.6203
2025-11-05 23:00:00,1.6212
2025-11-06 16:00:00,1.6306
2025-11-06 23:00:00,1.6293
2025-11-07 19:00:00,1.6231
2025-11-07 23:00:00,1.623
