DATETIME,price
2022-07-29 23:00:00,2.0737999999999985
2022-08-01 23:00:00,1.9586999999999986
2022-08-02 23:00:00,2.0172999999999988
2022-08-03 23:00:00,1.8727999999999982
2022-08-04 23:00:00,1.7540999999999982
2022-08-05 23:00:00,1.8161999999999983
2022-08-08 23:00:00,1.8467999999999984
2022-08-09 23:00:00,1.9207999999999983
2022-08-10 23:00:00,2.030899999999998
2022-08-11 23:00:00,2.032099999999998
2022-08-12 23:00:00,2.006599999999998
2022-08-15 23:00:00,1.9122999999999986
2022-08-16 23:00:00,1.8612999999999984
2022-08-17 23:00:00,1.8950999999999982
2022-08-18 23:00:00,1.9866999999999981
2022-08-19 23:00:00,1.9780999999999986
2022-08-22 23:00:00,1.8517999999999983
2022-08-23 23:00:00,1.8935999999999982
2022-08-24 23:00:00,1.7612999999999983
2022-08-25 23:00:00,1.7726999999999984
2022-08-26 23:00:00,1.8118999999999985
2022-08-29 23:00:00,1.8381999999999985
2022-08-30 23:00:00,1.6549999999999983
2022-08-31 23:00:00,1.5554999999999983
2022-09-01 23:00:00,1.5099999999999982
2022-09-02 23:00:00,1.5882999999999983
2022-09-05 23:00:00,1.6267999999999982
2022-09-06 23:00:00,1.5405999999999984
2022-09-07 23:00:00,1.4323999999999983
2022-09-08 23:00:00,1.470799999999998
2022-09-09 23:00:00,1.5577999999999983
2022-09-12 23:00:00,1.5694999999999981
2022-09-13 23:00:00,1.6050999999999982
2022-09-14 23:00:00,1.6491999999999984
2022-09-15 23:00:00,1.5533999999999983
2022-09-16 23:00:00,1.5403999999999984
2022-09-19 23:00:00,1.5887999999999984
2022-09-20 23:00:00,1.5724999999999982
2022-09-21 23:00:00,1.6111999999999982
2022-09-22 23:00:00,1.640399999999998
2022-09-23 23:00:00,1.5076999999999983
2022-09-26 23:00:00,1.5088999999999981
2022-09-27 23:00:00,1.6177999999999984
2022-09-28 23:00:00,1.7025999999999983
2022-09-29 23:00:00,1.6322999999999983
2022-09-30 23:00:00,1.5993999999999986
2022-10-03 23:00:00,1.7424999999999986
2022-10-04 23:00:00,1.9125999999999983
2022-10-05 23:00:00,1.8980999999999983
2022-10-06 23:00:00,1.9109999999999985
2022-10-07 23:00:00,1.9641999999999982
2022-10-10 23:00:00,1.8523999999999983
2022-10-11 23:00:00,1.8568999999999984
2022-10-12 23:00:00,1.8598999999999986
2022-10-13 23:00:00,1.9329999999999983
2022-10-14 23:00:00,1.8604999999999985
2022-10-17 23:00:00,1.8226999999999987
2022-10-18 23:00:00,1.7801999999999987
2022-10-19 23:00:00,1.8817999999999986
2022-10-20 23:00:00,1.8773999999999986
2022-10-21 23:00:00,1.8915999999999984
2022-10-24 23:00:00,1.9597999999999987
2022-10-25 23:00:00,2.145599999999998
2022-10-26 23:00:00,2.1289999999999987
2022-10-27 23:00:00,2.241199999999999
2022-10-28 23:00:00,2.1361999999999988
2022-10-31 23:00:00,2.0989999999999984
2022-11-01 23:00:00,2.1677999999999984
2022-11-02 23:00:00,2.2704999999999993
2022-11-03 23:00:00,2.267199999999999
2022-11-04 23:00:00,2.3080999999999987
2022-11-07 23:00:00,2.2263999999999986
2022-11-08 23:00:00,2.2099999999999986
2022-11-09 23:00:00,2.117899999999999
2022-11-10 23:00:00,2.139599999999999
2022-11-11 23:00:00,2.1828999999999987
2022-11-14 23:00:00,2.101799999999999
2022-11-15 23:00:00,2.0893999999999986
2022-11-16 23:00:00,2.081299999999999
2022-11-17 23:00:00,2.0279999999999987
2022-11-18 23:00:00,1.9940999999999987
2022-11-21 23:00:00,2.010399999999999
2022-11-22 23:00:00,2.1137999999999986
2022-11-23 23:00:00,2.047699999999999
2022-11-24 23:00:00,2.0227999999999984
2022-11-25 23:00:00,1.9014999999999984
2022-11-28 23:00:00,1.9038999999999986
2022-11-29 23:00:00,1.9053999999999987
2022-11-30 23:00:00,2.002299999999999
2022-12-01 23:00:00,1.9595999999999991
2022-12-02 23:00:00,1.897999999999999
2022-12-05 23:00:00,1.819499999999999
2022-12-06 23:00:00,1.7666999999999986
2022-12-07 23:00:00,1.6947999999999988
2022-12-08 23:00:00,1.666699999999999
2022-12-09 23:00:00,1.6736999999999986
2022-12-12 23:00:00,1.6985999999999988
2022-12-13 23:00:00,1.7784999999999986
2022-12-14 23:00:00,1.861999999999999
2022-12-15 23:00:00,1.7843999999999987
2022-12-16 23:00:00,1.7498999999999987
2022-12-19 23:00:00,1.7951999999999988
2022-12-20 23:00:00,1.8403999999999987
2022-12-21 23:00:00,1.8733999999999986
2022-12-22 23:00:00,1.866399999999999
2022-12-23 23:00:00,2.001199999999999
2022-12-27 23:00:00,1.9777999999999984
2022-12-28 23:00:00,1.9804999999999984
2022-12-29 23:00:00,1.9882999999999988
2022-12-30 23:00:00,2.0898999999999983
2023-01-03 23:00:00,1.9727999999999986
2023-01-04 23:00:00,1.8707999999999985
2023-01-05 23:00:00,1.8786999999999987
2023-01-06 23:00:00,1.8561999999999987
2023-01-09 23:00:00,1.9044999999999985
2023-01-10 23:00:00,1.9392999999999985
2023-01-11 23:00:00,2.0460999999999983
2023-01-12 23:00:00,2.086899999999998
2023-01-13 23:00:00,2.1443999999999983
2023-01-16 23:00:00,2.1157999999999983
2023-01-17 23:00:00,2.156699999999999
2023-01-18 23:00:00,2.1350999999999987
2023-01-19 23:00:00,2.208399999999999
2023-01-20 23:00:00,2.256999999999999
2023-01-23 23:00:00,2.3080999999999987
2023-01-24 23:00:00,2.260299999999999
2023-01-25 23:00:00,2.2049999999999987
2023-01-26 23:00:00,2.2236999999999987
2023-01-27 23:00:00,2.2001999999999984
2023-01-30 23:00:00,2.1104999999999983
2023-01-31 23:00:00,2.1714999999999987
2023-02-01 23:00:00,2.0584999999999987
2023-02-02 23:00:00,2.0569999999999986
2023-02-03 23:00:00,1.9256999999999989
2023-02-06 23:00:00,1.9780999999999986
2023-02-07 23:00:00,2.0614999999999988
2023-02-08 23:00:00,2.067499999999999
2023-02-09 23:00:00,2.0521999999999982
2023-02-10 23:00:00,2.1083999999999987
2023-02-13 23:00:00,2.135799999999999
2023-02-14 23:00:00,2.0931999999999986
2023-02-15 23:00:00,2.1024999999999983
2023-02-16 23:00:00,2.0401999999999987
2023-02-17 23:00:00,2.0128999999999984
2023-02-20 23:00:00,2.0456999999999983
2023-02-21 23:00:00,2.020299999999999
2023-02-22 23:00:00,1.9422999999999986
2023-02-23 23:00:00,1.9841999999999986
2023-02-24 23:00:00,1.9633999999999983
2023-02-27 23:00:00,1.972999999999999
2023-02-28 23:00:00,2.030999999999999
2023-03-01 23:00:00,2.0637999999999987
2023-03-02 23:00:00,2.089299999999999
2023-03-03 23:00:00,2.1393999999999984
2023-03-06 23:00:00,2.185499999999999
2023-03-07 23:00:00,2.089699999999999
2023-03-08 23:00:00,2.0778999999999987
2023-03-09 23:00:00,1.9940999999999987
2023-03-10 23:00:00,2.034799999999999
2023-03-13 23:00:00,1.9803999999999986
2023-03-14 23:00:00,1.9419999999999984
2023-03-15 23:00:00,1.8273999999999988
2023-03-16 23:00:00,1.8924999999999985
2023-03-17 23:00:00,1.8904999999999987
2023-03-20 23:00:00,1.9249999999999987
2023-03-21 23:00:00,1.9278999999999986
2023-03-22 23:00:00,1.9821999999999989
2023-03-23 23:00:00,1.9948999999999986
2023-03-24 23:00:00,1.9774999999999983
2023-03-27 23:00:00,2.073199999999999
2023-03-28 23:00:00,2.101099999999999
2023-03-29 23:00:00,2.0570999999999984
2023-03-30 23:00:00,2.050399999999999
2023-03-31 23:00:00,2.0935999999999986
2023-04-03 23:00:00,2.1700999999999984
2023-04-04 23:00:00,2.1496999999999984
2023-04-05 23:00:00,2.2326999999999995
2023-04-06 23:00:00,2.225899999999999
2023-04-10 23:00:00,2.220499999999999
2023-04-11 23:00:00,2.277799999999999
2023-04-12 23:00:00,2.2852999999999994
2023-04-13 23:00:00,2.244299999999999
2023-04-14 23:00:00,2.248499999999999
2023-04-17 23:00:00,2.186599999999999
2023-04-18 23:00:00,2.163499999999999
2023-04-19 23:00:00,2.0580999999999987
2023-04-20 23:00:00,1.9989999999999988
2023-04-21 23:00:00,2.014199999999999
2023-04-24 23:00:00,2.0443999999999987
2023-04-25 23:00:00,2.001199999999999
2023-04-26 23:00:00,1.9619999999999989
2023-04-27 23:00:00,1.9453999999999985
2023-04-28 23:00:00,1.9827999999999983
2023-05-01 23:00:00,2.003099999999998
2023-05-02 23:00:00,1.8883999999999987
2023-05-03 23:00:00,1.7747999999999984
2023-05-04 23:00:00,1.7785999999999984
2023-05-05 23:00:00,1.8316999999999986
2023-05-08 23:00:00,1.9142999999999983
2023-05-09 23:00:00,1.9325999999999988
2023-05-10 23:00:00,1.9475999999999987
2023-05-11 23:00:00,1.9103999999999985
2023-05-12 23:00:00,1.8828999999999987
2023-05-15 23:00:00,1.9246999999999985
2023-05-16 23:00:00,1.9317999999999984
2023-05-17 23:00:00,2.0218999999999987
2023-05-18 23:00:00,2.020999999999998
2023-05-19 23:00:00,2.0287999999999986
2023-05-22 23:00:00,2.1015999999999986
2023-05-23 23:00:00,2.1148999999999987
2023-05-24 23:00:00,2.1738999999999984
2023-05-25 23:00:00,2.126199999999999
2023-05-26 23:00:00,2.1560999999999986
2023-05-29 23:00:00,2.1584999999999983
2023-05-30 23:00:00,2.0485999999999986
2023-05-31 23:00:00,2.0131999999999985
2023-06-01 23:00:00,2.0055999999999985
2023-06-02 23:00:00,2.0700999999999983
2023-06-05 23:00:00,2.093799999999998
2023-06-06 23:00:00,2.1336999999999984
2023-06-07 23:00:00,2.210599999999998
2023-06-08 23:00:00,2.182099999999998
2023-06-09 23:00:00,2.1625999999999985
2023-06-12 23:00:00,2.0519999999999987
2023-06-13 03:00:00,2.0519999999999987
2023-06-13 04:00:00,2.0519999999999987
2023-06-13 05:00:00,2.0695999999999986
2023-06-13 06:00:00,2.0695999999999986
2023-06-13 07:00:00,2.075599999999999
2023-06-13 08:00:00,2.0786999999999987
2023-06-13 09:00:00,2.0837999999999983
2023-06-13 10:00:00,2.0825999999999985
2023-06-13 11:00:00,2.0909999999999984
2023-06-13 12:00:00,2.0917999999999983
2023-06-13 13:00:00,2.113999999999998
2023-06-13 14:00:00,2.1423999999999985
2023-06-13 15:00:00,2.138099999999999
2023-06-13 16:00:00,2.1222999999999983
2023-06-13 17:00:00,2.1274999999999986
2023-06-13 18:00:00,2.1312999999999986
2023-06-13 19:00:00,2.110599999999998
2023-06-13 20:00:00,2.1106999999999987
2023-06-13 21:00:00,2.1068999999999987
2023-06-13 22:00:00,2.1068999999999987
2023-06-13 23:00:00,2.127299999999998
2023-06-14 01:00:00,2.108699999999998
2023-06-14 02:00:00,2.1091999999999986
2023-06-14 03:00:00,2.1091999999999986
2023-06-14 04:00:00,2.1091999999999986
2023-06-14 05:00:00,2.1091999999999986
2023-06-14 06:00:00,2.1091999999999986
2023-06-14 07:00:00,2.1343999999999985
2023-06-14 08:00:00,2.1324999999999985
2023-06-14 09:00:00,2.1343999999999985
2023-06-14 10:00:00,2.1293999999999986
2023-06-14 11:00:00,2.1499999999999986
2023-06-14 12:00:00,2.1259999999999986
2023-06-14 13:00:00,2.139899999999998
2023-06-14 14:00:00,2.137199999999998
2023-06-14 15:00:00,2.1237999999999984
2023-06-14 16:00:00,2.117899999999999
2023-06-14 17:00:00,2.138799999999998
2023-06-14 18:00:00,2.1377999999999986
2023-06-14 19:00:00,2.124699999999998
2023-06-14 20:00:00,2.1320999999999986
2023-06-14 21:00:00,2.1343999999999985
2023-06-14 22:00:00,2.1343999999999985
2023-06-14 23:00:00,2.1239999999999988
2023-06-15 01:00:00,2.1239999999999988
2023-06-15 02:00:00,2.1239999999999988
2023-06-15 03:00:00,2.1239999999999988
2023-06-15 04:00:00,2.1239999999999988
2023-06-15 05:00:00,2.121599999999998
2023-06-15 06:00:00,2.1247999999999987
2023-06-15 07:00:00,2.1247999999999987
2023-06-15 08:00:00,2.135799999999998
2023-06-15 09:00:00,2.1329999999999982
2023-06-15 10:00:00,2.1480999999999986
2023-06-15 11:00:00,2.1461999999999986
2023-06-15 12:00:00,2.1510999999999987
2023-06-15 13:00:00,2.149399999999998
2023-06-15 14:00:00,2.1492999999999984
2023-06-15 15:00:00,2.174399999999998
2023-06-15 16:00:00,2.203799999999998
2023-06-15 17:00:00,2.204499999999998
2023-06-15 18:00:00,2.2072999999999987
2023-06-15 19:00:00,2.205299999999998
2023-06-15 20:00:00,2.2114999999999987
2023-06-15 21:00:00,2.2191999999999985
2023-06-15 22:00:00,2.2191999999999985
2023-06-15 23:00:00,2.2110999999999987
2023-06-16 01:00:00,2.2110999999999987
2023-06-16 02:00:00,2.2110999999999987
2023-06-16 03:00:00,2.2110999999999987
2023-06-16 04:00:00,2.2110999999999987
2023-06-16 05:00:00,2.214499999999998
2023-06-16 06:00:00,2.2237999999999984
2023-06-16 07:00:00,2.2237999999999984
2023-06-16 08:00:00,2.2076999999999987
2023-06-16 09:00:00,2.224299999999998
2023-06-16 10:00:00,2.2123999999999984
2023-06-16 11:00:00,2.2080999999999986
2023-06-16 12:00:00,2.2237999999999984
2023-06-16 13:00:00,2.245899999999999
2023-06-16 14:00:00,2.2053999999999987
2023-06-16 15:00:00,2.2272999999999987
2023-06-16 16:00:00,2.2169999999999983
2023-06-16 17:00:00,2.220199999999998
2023-06-16 18:00:00,2.232199999999999
2023-06-16 19:00:00,2.249299999999999
2023-06-16 20:00:00,2.247399999999999
2023-06-16 21:00:00,2.243099999999999
2023-06-16 22:00:00,2.243099999999999
2023-06-16 23:00:00,2.2498999999999985
2023-06-19 01:00:00,2.2498999999999985
2023-06-19 02:00:00,2.2498999999999985
2023-06-19 03:00:00,2.2498999999999985
2023-06-19 04:00:00,2.2498999999999985
2023-06-19 05:00:00,2.216699999999998
2023-06-19 06:00:00,2.216699999999998
2023-06-19 07:00:00,2.229099999999999
2023-06-19 08:00:00,2.230899999999999
2023-06-19 09:00:00,2.2233999999999985
2023-06-19 10:00:00,2.230299999999999
2023-06-19 11:00:00,2.227599999999999
2023-06-19 12:00:00,2.233699999999999
2023-06-19 13:00:00,2.2379999999999987
2023-06-19 14:00:00,2.2281999999999984
2023-06-19 15:00:00,2.2284999999999986
2023-06-19 16:00:00,2.224699999999998
2023-06-19 17:00:00,2.2263999999999986
2023-06-19 18:00:00,2.2253999999999983
2023-06-19 23:00:00,2.226299999999998
2023-06-20 02:00:00,2.226299999999998
2023-06-20 03:00:00,2.226299999999998
2023-06-20 04:00:00,2.226299999999998
2023-06-20 05:00:00,2.226299999999998
2023-06-20 06:00:00,2.226299999999998
2023-06-20 07:00:00,2.2245999999999984
2023-06-20 08:00:00,2.2141999999999986
2023-06-20 09:00:00,2.2141999999999986
2023-06-20 10:00:00,2.2257999999999982
2023-06-20 11:00:00,2.2277999999999984
2023-06-20 12:00:00,2.226299999999998
2023-06-20 13:00:00,2.192699999999998
2023-06-20 14:00:00,2.1650999999999985
2023-06-20 15:00:00,2.1511999999999984
2023-06-20 16:00:00,2.1626999999999983
2023-06-20 17:00:00,2.1523999999999983
2023-06-20 18:00:00,2.1651999999999982
2023-06-20 19:00:00,2.1802999999999986
2023-06-20 20:00:00,2.181599999999998
2023-06-20 21:00:00,2.1764999999999985
2023-06-20 22:00:00,2.1764999999999985
2023-06-20 23:00:00,2.178599999999998
2023-06-21 01:00:00,2.178599999999998
2023-06-21 02:00:00,2.178599999999998
2023-06-21 03:00:00,2.178599999999998
2023-06-21 04:00:00,2.178599999999998
2023-06-21 05:00:00,2.178599999999998
2023-06-21 06:00:00,2.1818999999999984
2023-06-21 07:00:00,2.1742999999999983
2023-06-21 08:00:00,2.1742999999999983
2023-06-21 09:00:00,2.172899999999998
2023-06-21 10:00:00,2.1691999999999987
2023-06-21 11:00:00,2.159399999999998
2023-06-21 12:00:00,2.159399999999998
2023-06-21 13:00:00,2.148699999999998
2023-06-21 14:00:00,2.148699999999998
2023-06-21 15:00:00,2.171399999999998
2023-06-21 16:00:00,2.185099999999998
2023-06-21 17:00:00,2.2030999999999987
2023-06-21 18:00:00,2.182799999999998
2023-06-21 19:00:00,2.181699999999998
2023-06-21 20:00:00,2.1806999999999985
2023-06-21 21:00:00,2.180199999999998
2023-06-21 22:00:00,2.180199999999998
2023-06-21 23:00:00,2.193499999999998
2023-06-22 03:00:00,2.193499999999998
2023-06-22 04:00:00,2.193499999999998
2023-06-22 05:00:00,2.1695999999999986
2023-06-22 06:00:00,2.1650999999999985
2023-06-22 07:00:00,2.1650999999999985
2023-06-22 08:00:00,2.1749999999999985
2023-06-22 09:00:00,2.159299999999998
2023-06-22 10:00:00,2.1541999999999986
2023-06-22 11:00:00,2.1381999999999985
2023-06-22 12:00:00,2.138399999999998
2023-06-22 13:00:00,2.129299999999998
2023-06-22 14:00:00,2.113999999999998
2023-06-22 15:00:00,2.1205999999999987
2023-06-22 16:00:00,2.1195999999999984
2023-06-22 17:00:00,2.1005999999999982
2023-06-22 18:00:00,2.107599999999998
2023-06-22 19:00:00,2.1184999999999983
2023-06-22 20:00:00,2.112099999999998
2023-06-22 21:00:00,2.112099999999998
2023-06-22 22:00:00,2.112099999999998
2023-06-22 23:00:00,2.1194999999999986
2023-06-23 05:00:00,2.1194999999999986
2023-06-23 06:00:00,2.1194999999999986
2023-06-23 07:00:00,2.0916999999999986
2023-06-23 08:00:00,2.0916999999999986
2023-06-23 09:00:00,2.0764999999999985
2023-06-23 10:00:00,2.0764999999999985
2023-06-23 11:00:00,2.0764999999999985
2023-06-23 12:00:00,2.1066999999999982
2023-06-23 13:00:00,2.0780999999999983
2023-06-23 14:00:00,2.0527999999999986
2023-06-23 15:00:00,2.0639999999999983
2023-06-23 16:00:00,2.0816999999999988
2023-06-23 17:00:00,2.0954999999999986
2023-06-23 18:00:00,2.1034999999999986
2023-06-23 19:00:00,2.091099999999998
2023-06-23 20:00:00,2.091099999999998
2023-06-23 21:00:00,2.104099999999998
2023-06-23 22:00:00,2.104099999999998
2023-06-23 23:00:00,2.086599999999998
2023-06-26 07:00:00,2.086599999999998
2023-06-26 08:00:00,2.086599999999998
2023-06-26 09:00:00,2.0856999999999983
2023-06-26 10:00:00,2.0939999999999985
2023-06-26 11:00:00,2.0920999999999985
2023-06-26 12:00:00,2.0920999999999985
2023-06-26 13:00:00,2.0897999999999985
2023-06-26 14:00:00,2.1023999999999985
2023-06-26 15:00:00,2.083199999999998
2023-06-26 16:00:00,2.0859999999999985
2023-06-26 17:00:00,2.1043999999999983
2023-06-26 18:00:00,2.105999999999998
2023-06-26 19:00:00,2.109399999999998
2023-06-26 20:00:00,2.1198999999999986
2023-06-26 21:00:00,2.1198999999999986
2023-06-26 22:00:00,2.1198999999999986
2023-06-26 23:00:00,2.1068999999999987
2023-06-27 02:00:00,2.1068999999999987
2023-06-27 03:00:00,2.1068999999999987
2023-06-27 04:00:00,2.1068999999999987
2023-06-27 05:00:00,2.1068999999999987
2023-06-27 06:00:00,2.1068999999999987
2023-06-27 07:00:00,2.1068999999999987
2023-06-27 08:00:00,2.1068999999999987
2023-06-27 09:00:00,2.1167999999999987
2023-06-27 10:00:00,2.0921999999999983
2023-06-27 11:00:00,2.0921999999999983
2023-06-27 12:00:00,2.0921999999999983
2023-06-27 13:00:00,2.0839999999999987
2023-06-27 14:00:00,2.1142999999999983
2023-06-27 15:00:00,2.1287999999999982
2023-06-27 16:00:00,2.108299999999998
2023-06-27 17:00:00,2.0860999999999983
2023-06-27 18:00:00,2.093799999999998
2023-06-27 19:00:00,2.0821999999999985
2023-06-27 20:00:00,2.0833999999999984
2023-06-27 21:00:00,2.1179999999999986
2023-06-27 22:00:00,2.1179999999999986
2023-06-27 23:00:00,2.086199999999998
2023-06-28 04:00:00,2.086199999999998
2023-06-28 05:00:00,2.1214999999999984
2023-06-28 06:00:00,2.119399999999998
2023-06-28 07:00:00,2.119399999999998
2023-06-28 08:00:00,2.1293999999999986
2023-06-28 09:00:00,2.1079999999999988
2023-06-28 10:00:00,2.1393999999999984
2023-06-28 11:00:00,2.1393999999999984
2023-06-28 12:00:00,2.1393999999999984
2023-06-28 13:00:00,2.106799999999998
2023-06-28 14:00:00,2.1003999999999987
2023-06-28 15:00:00,2.1343999999999985
2023-06-28 16:00:00,2.151299999999998
2023-06-28 17:00:00,2.1594999999999986
2023-06-28 18:00:00,2.1745999999999985
2023-06-28 19:00:00,2.1685999999999983
2023-06-28 20:00:00,2.1685999999999983
2023-06-28 21:00:00,2.1685999999999983
2023-06-28 22:00:00,2.1685999999999983
2023-06-28 23:00:00,2.1727999999999983
2023-06-29 03:00:00,2.1727999999999983
2023-06-29 04:00:00,2.1727999999999983
2023-06-29 05:00:00,2.1727999999999983
2023-06-29 06:00:00,2.1727999999999983
2023-06-29 07:00:00,2.1727999999999983
2023-06-29 08:00:00,2.1727999999999983
2023-06-29 09:00:00,2.179399999999998
2023-06-29 10:00:00,2.167499999999998
2023-06-29 11:00:00,2.173399999999998
2023-06-29 12:00:00,2.173399999999998
2023-06-29 13:00:00,2.1669999999999985
2023-06-29 14:00:00,2.1727999999999983
2023-06-29 15:00:00,2.175999999999998
2023-06-29 16:00:00,2.174899999999998
2023-06-29 17:00:00,2.1948999999999983
2023-06-29 18:00:00,2.1853999999999982
2023-06-29 19:00:00,2.1738999999999984
2023-06-29 20:00:00,2.1745999999999985
2023-06-29 21:00:00,2.1738999999999984
2023-06-29 22:00:00,2.1738999999999984
2023-06-29 23:00:00,2.1852999999999985
2023-06-30 01:00:00,2.1852999999999985
2023-06-30 02:00:00,2.1852999999999985
2023-06-30 03:00:00,2.1852999999999985
2023-06-30 04:00:00,2.1806999999999985
2023-06-30 05:00:00,2.1806999999999985
2023-06-30 06:00:00,2.1798999999999986
2023-06-30 07:00:00,2.1798999999999986
2023-06-30 08:00:00,2.1802999999999986
2023-06-30 09:00:00,2.1966999999999985
2023-06-30 10:00:00,2.1878999999999977
2023-06-30 11:00:00,2.179399999999998
2023-06-30 12:00:00,2.177899999999998
2023-06-30 13:00:00,2.1798999999999986
2023-06-30 14:00:00,2.189999999999998
2023-06-30 15:00:00,2.1993999999999985
2023-06-30 16:00:00,2.220599999999998
2023-06-30 17:00:00,2.2027999999999985
2023-06-30 18:00:00,2.2191999999999985
2023-06-30 19:00:00,2.223999999999998
2023-06-30 20:00:00,2.2257999999999982
2023-06-30 21:00:00,2.223299999999998
2023-06-30 22:00:00,2.223299999999998
2023-06-30 23:00:00,2.2267999999999986
2023-07-03 05:00:00,2.2248999999999985
2023-07-03 06:00:00,2.2248999999999985
2023-07-03 07:00:00,2.2248999999999985
2023-07-03 08:00:00,2.2196999999999982
2023-07-03 09:00:00,2.205399999999998
2023-07-03 10:00:00,2.242099999999999
2023-07-03 11:00:00,2.2289999999999983
2023-07-03 12:00:00,2.2288999999999985
2023-07-03 13:00:00,2.2187999999999986
2023-07-03 14:00:00,2.204599999999998
2023-07-03 15:00:00,2.2080999999999977
2023-07-03 16:00:00,2.210199999999998
2023-07-03 17:00:00,2.175599999999998
2023-07-03 18:00:00,2.151799999999998
2023-07-03 19:00:00,2.1489999999999982
2023-07-03 20:00:00,2.155899999999998
2023-07-03 21:00:00,2.1621999999999986
2023-07-03 22:00:00,2.1621999999999986
2023-07-03 23:00:00,2.1442999999999985
2023-07-04 01:00:00,2.1626999999999983
2023-07-04 02:00:00,2.1626999999999983
2023-07-04 03:00:00,2.1626999999999983
2023-07-04 04:00:00,2.1626999999999983
2023-07-04 05:00:00,2.164899999999998
2023-07-04 06:00:00,2.164899999999998
2023-07-04 07:00:00,2.1618999999999984
2023-07-04 08:00:00,2.1651999999999982
2023-07-04 09:00:00,2.1568999999999985
2023-07-04 10:00:00,2.1669999999999985
2023-07-04 11:00:00,2.179699999999998
2023-07-04 12:00:00,2.182399999999998
2023-07-04 13:00:00,2.187799999999998
2023-07-04 14:00:00,2.177199999999998
2023-07-04 15:00:00,2.197599999999998
2023-07-04 16:00:00,2.196599999999998
2023-07-04 17:00:00,2.201899999999998
2023-07-04 18:00:00,2.1974999999999985
2023-07-04 23:00:00,2.1993999999999985
2023-07-05 02:00:00,2.188999999999998
2023-07-05 03:00:00,2.188999999999998
2023-07-05 04:00:00,2.188999999999998
2023-07-05 05:00:00,2.1913999999999985
2023-07-05 06:00:00,2.1913999999999985
2023-07-05 07:00:00,2.1887999999999983
2023-07-05 08:00:00,2.1990999999999983
2023-07-05 09:00:00,2.1871999999999985
2023-07-05 10:00:00,2.199299999999998
2023-07-05 11:00:00,2.199899999999998
2023-07-05 12:00:00,2.2016999999999984
2023-07-05 13:00:00,2.2057999999999978
2023-07-05 14:00:00,2.2168999999999985
2023-07-05 15:00:00,2.1963999999999984
2023-07-05 16:00:00,2.2118999999999978
2023-07-05 17:00:00,2.1920999999999986
2023-07-05 18:00:00,2.212899999999998
2023-07-05 19:00:00,2.200699999999998
2023-07-05 20:00:00,2.2028999999999983
2023-07-05 21:00:00,2.2005999999999983
2023-07-05 22:00:00,2.2005999999999983
2023-07-05 23:00:00,2.2001999999999984
2023-07-06 01:00:00,2.2001999999999984
2023-07-06 02:00:00,2.2001999999999984
2023-07-06 03:00:00,2.2001999999999984
2023-07-06 04:00:00,2.2001999999999984
2023-07-06 05:00:00,2.1913999999999985
2023-07-06 06:00:00,2.1913999999999985
2023-07-06 07:00:00,2.1958999999999977
2023-07-06 08:00:00,2.1883999999999983
2023-07-06 09:00:00,2.2028999999999983
2023-07-06 10:00:00,2.198399999999998
2023-07-06 11:00:00,2.195799999999998
2023-07-06 12:00:00,2.2057999999999978
2023-07-06 13:00:00,2.181299999999998
2023-07-06 14:00:00,2.160999999999998
2023-07-06 15:00:00,2.1703999999999986
2023-07-06 16:00:00,2.1921999999999984
2023-07-06 17:00:00,2.2168999999999985
2023-07-06 18:00:00,2.2233999999999985
2023-07-06 19:00:00,2.2257999999999982
2023-07-06 20:00:00,2.229899999999999
2023-07-06 21:00:00,2.2322999999999986
2023-07-06 22:00:00,2.2322999999999986
2023-07-06 23:00:00,2.2256999999999985
2023-07-07 01:00:00,2.2295999999999987
2023-07-07 02:00:00,2.2322999999999986
2023-07-07 03:00:00,2.2322999999999986
2023-07-07 04:00:00,2.239399999999999
2023-07-07 05:00:00,2.240599999999999
2023-07-07 06:00:00,2.2421999999999986
2023-07-07 07:00:00,2.240899999999999
2023-07-07 08:00:00,2.240099999999998
2023-07-07 09:00:00,2.234399999999999
2023-07-07 10:00:00,2.243199999999999
2023-07-07 11:00:00,2.240899999999999
2023-07-07 12:00:00,2.234499999999999
2023-07-07 13:00:00,2.2470999999999988
2023-07-07 14:00:00,2.264999999999999
2023-07-07 15:00:00,2.2756999999999987
2023-07-07 16:00:00,2.2658999999999985
2023-07-07 17:00:00,2.2674999999999983
2023-07-07 18:00:00,2.2579999999999982
2023-07-07 19:00:00,2.2700999999999985
2023-07-07 20:00:00,2.2653999999999987
2023-07-07 21:00:00,2.267599999999999
2023-07-07 22:00:00,2.267599999999999
2023-07-07 23:00:00,2.2711999999999986
2023-07-10 02:00:00,2.269899999999999
2023-07-10 03:00:00,2.269899999999999
2023-07-10 04:00:00,2.269899999999999
2023-07-10 05:00:00,2.2597999999999985
2023-07-10 06:00:00,2.2597999999999985
2023-07-10 07:00:00,2.2597999999999985
2023-07-10 08:00:00,2.2491999999999983
2023-07-10 09:00:00,2.253099999999999
2023-07-10 10:00:00,2.2518999999999982
2023-07-10 11:00:00,2.256899999999999
2023-07-10 12:00:00,2.2532999999999985
2023-07-10 13:00:00,2.2411999999999983
2023-07-10 14:00:00,2.2737999999999987
2023-07-10 15:00:00,2.2810999999999986
2023-07-10 16:00:00,2.271399999999999
2023-07-10 17:00:00,2.2486999999999986
2023-07-10 18:00:00,2.2472999999999983
2023-07-10 19:00:00,2.256199999999999
2023-07-10 20:00:00,2.2597999999999985
2023-07-10 21:00:00,2.2574999999999985
2023-07-10 22:00:00,2.2574999999999985
2023-07-10 23:00:00,2.2514999999999983
2023-07-11 05:00:00,2.2628999999999984
2023-07-11 06:00:00,2.2628999999999984
2023-07-11 07:00:00,2.2628999999999984
2023-07-11 08:00:00,2.2619999999999987
2023-07-11 09:00:00,2.2617999999999983
2023-07-11 10:00:00,2.2601999999999984
2023-07-11 11:00:00,2.2716999999999983
2023-07-11 12:00:00,2.2765999999999984
2023-07-11 13:00:00,2.272899999999999
2023-07-11 14:00:00,2.267999999999999
2023-07-11 15:00:00,2.2936999999999985
2023-07-11 16:00:00,2.2970999999999986
2023-07-11 17:00:00,2.2936999999999985
2023-07-11 18:00:00,2.290899999999999
2023-07-11 19:00:00,2.3035999999999985
2023-07-11 20:00:00,2.3073999999999986
2023-07-11 21:00:00,2.3002999999999982
2023-07-11 22:00:00,2.3002999999999982
2023-07-11 23:00:00,2.304599999999999
2023-07-12 01:00:00,2.3078999999999983
2023-07-12 02:00:00,2.3078999999999983
2023-07-12 03:00:00,2.3078999999999983
2023-07-12 04:00:00,2.3078999999999983
2023-07-12 05:00:00,2.3141999999999987
2023-07-12 06:00:00,2.3119999999999985
2023-07-12 07:00:00,2.3119999999999985
2023-07-12 08:00:00,2.3096999999999985
2023-07-12 09:00:00,2.3137999999999987
2023-07-12 10:00:00,2.3101999999999983
2023-07-12 11:00:00,2.3082999999999982
2023-07-12 12:00:00,2.3146999999999984
2023-07-12 13:00:00,2.3204999999999982
2023-07-12 14:00:00,2.3287999999999984
2023-07-12 15:00:00,2.3383999999999983
2023-07-12 16:00:00,2.3421999999999983
2023-07-12 17:00:00,2.339999999999999
2023-07-12 23:00:00,2.339999999999999
2023-07-12 23:00:01,2.339999999999999
2023-07-13 01:00:00,2.3546999999999985
2023-07-13 02:00:00,2.3621999999999987
2023-07-13 05:00:00,2.3541999999999987
2023-07-13 07:00:00,2.3512999999999984
2023-07-13 08:00:00,2.354099999999999
2023-07-13 09:00:00,2.3541999999999987
2023-07-13 10:00:00,2.3519999999999985
2023-07-13 11:00:00,2.356799999999999
2023-07-13 12:00:00,2.357199999999999
2023-07-13 13:00:00,2.3363999999999985
2023-07-13 14:00:00,2.362899999999999
2023-07-13 15:00:00,2.3741999999999983
2023-07-13 16:00:00,2.351099999999999
2023-07-13 17:00:00,2.3447999999999984
2023-07-13 18:00:00,2.3535999999999984
2023-07-13 19:00:00,2.3726999999999983
2023-07-13 20:00:00,2.375099999999999
2023-07-13 21:00:00,2.3717999999999986
2023-07-13 23:00:00,2.3701999999999988
2023-07-14 01:00:00,2.3726999999999983
2023-07-14 06:00:00,2.3691999999999984
2023-07-14 07:00:00,2.358699999999999
2023-07-14 08:00:00,2.3595999999999986
2023-07-14 09:00:00,2.3657999999999983
2023-07-14 10:00:00,2.369699999999999
2023-07-14 11:00:00,2.373599999999999
2023-07-14 12:00:00,2.366999999999998
2023-07-14 13:00:00,2.3724999999999987
2023-07-14 14:00:00,2.3608999999999982
2023-07-14 15:00:00,2.3366999999999987
2023-07-14 16:00:00,2.3539999999999983
2023-07-14 17:00:00,2.3378999999999985
2023-07-14 18:00:00,2.345399999999999
2023-07-14 19:00:00,2.3381999999999987
2023-07-14 20:00:00,2.338099999999999
2023-07-14 21:00:00,2.333199999999999
2023-07-14 23:00:00,2.3386999999999984
2023-07-16 23:00:00,2.320999999999999
2023-07-17 05:00:00,2.315199999999999
2023-07-17 06:00:00,2.318299999999999
2023-07-17 07:00:00,2.310699999999999
2023-07-17 08:00:00,2.3116999999999983
2023-07-17 09:00:00,2.3138999999999985
2023-07-17 10:00:00,2.3076999999999988
2023-07-17 11:00:00,2.309099999999999
2023-07-17 12:00:00,2.3203999999999985
2023-07-17 13:00:00,2.3118999999999987
2023-07-17 14:00:00,2.3175999999999988
2023-07-17 15:00:00,2.3317999999999985
2023-07-17 16:00:00,2.3160999999999987
2023-07-17 17:00:00,2.317499999999999
2023-07-17 18:00:00,2.315299999999999
2023-07-17 19:00:00,2.329299999999999
2023-07-17 20:00:00,2.3316999999999988
2023-07-17 21:00:00,2.3324999999999987
2023-07-17 23:00:00,2.3275999999999986
2023-07-18 04:00:00,2.341099999999999
2023-07-18 05:00:00,2.337699999999999
2023-07-18 07:00:00,2.333499999999999
2023-07-18 08:00:00,2.328199999999999
2023-07-18 09:00:00,2.3375999999999983
2023-07-18 10:00:00,2.3508999999999984
2023-07-18 11:00:00,2.3454999999999986
2023-07-18 12:00:00,2.3466999999999985
2023-07-18 13:00:00,2.352199999999999
2023-07-18 14:00:00,2.3736999999999986
2023-07-18 15:00:00,2.369299999999999
2023-07-18 16:00:00,2.3661999999999983
2023-07-18 17:00:00,2.3786999999999985
2023-07-18 18:00:00,2.385699999999999
2023-07-18 19:00:00,2.3897999999999984
2023-07-18 20:00:00,2.3889999999999985
2023-07-18 21:00:00,2.3970999999999982
2023-07-18 23:00:00,2.3878999999999984
2023-07-19 01:00:00,2.392199999999999
2023-07-19 04:00:00,2.3855999999999984
2023-07-19 05:00:00,2.384199999999999
2023-07-19 06:00:00,2.3861999999999988
2023-07-19 07:00:00,2.3881999999999985
2023-07-19 08:00:00,2.3821999999999983
2023-07-19 09:00:00,2.3977999999999984
2023-07-19 10:00:00,2.3861999999999988
2023-07-19 11:00:00,2.384199999999999
2023-07-19 12:00:00,2.3842999999999988
2023-07-19 13:00:00,2.4004999999999983
2023-07-19 14:00:00,2.411299999999999
2023-07-19 15:00:00,2.415399999999998
2023-07-19 16:00:00,2.424999999999999
2023-07-19 17:00:00,2.4328999999999983
2023-07-19 18:00:00,2.4252999999999982
2023-07-19 19:00:00,2.4262999999999986
2023-07-19 20:00:00,2.4293999999999984
2023-07-19 21:00:00,2.432299999999999
2023-07-19 23:00:00,2.4266999999999985
2023-07-20 01:00:00,2.428799999999999
2023-07-20 06:00:00,2.4309999999999983
2023-07-20 07:00:00,2.4262999999999986
2023-07-20 08:00:00,2.4284999999999988
2023-07-20 09:00:00,2.431799999999999
2023-07-20 10:00:00,2.426199999999999
2023-07-20 11:00:00,2.433699999999999
2023-07-20 12:00:00,2.4286999999999983
2023-07-20 13:00:00,2.419999999999999
2023-07-20 14:00:00,2.440299999999999
2023-07-20 15:00:00,2.4357999999999986
2023-07-20 16:00:00,2.4236999999999984
2023-07-20 17:00:00,2.4385999999999983
2023-07-20 18:00:00,2.4548999999999985
2023-07-20 19:00:00,2.458199999999999
2023-07-20 20:00:00,2.4591999999999983
2023-07-20 21:00:00,2.460099999999999
2023-07-20 23:00:00,2.4528999999999987
2023-07-21 01:00:00,2.4601999999999986
2023-07-21 06:00:00,2.4601999999999986
2023-07-21 07:00:00,2.472699999999999
2023-07-21 08:00:00,2.4651999999999985
2023-07-21 09:00:00,2.4606999999999983
2023-07-21 10:00:00,2.4700999999999986
2023-07-21 11:00:00,2.4663999999999984
2023-07-21 12:00:00,2.476399999999999
2023-07-21 13:00:00,2.493599999999999
2023-07-21 14:00:00,2.485599999999999
2023-07-21 15:00:00,2.490499999999999
2023-07-21 16:00:00,2.5040999999999984
2023-07-21 17:00:00,2.5071999999999983
2023-07-21 18:00:00,2.4953999999999983
2023-07-21 19:00:00,2.512699999999999
2023-07-21 20:00:00,2.512699999999999
2023-07-21 21:00:00,2.5036999999999985
2023-07-21 23:00:00,2.5128999999999984
2023-07-23 23:00:00,2.4972999999999983
2023-07-24 03:00:00,2.518699999999999
2023-07-24 04:00:00,2.5322999999999984
2023-07-24 06:00:00,2.5281999999999982
2023-07-24 07:00:00,2.512199999999998
2023-07-24 08:00:00,2.5043999999999986
2023-07-24 09:00:00,2.5134999999999987
2023-07-24 10:00:00,2.544299999999999
2023-07-24 11:00:00,2.5371999999999986
2023-07-24 12:00:00,2.5257999999999985
2023-07-24 13:00:00,2.5521999999999982
2023-07-24 14:00:00,2.579699999999999
2023-07-24 15:00:00,2.5919999999999987
2023-07-24 16:00:00,2.605699999999999
2023-07-24 17:00:00,2.625399999999999
2023-07-24 18:00:00,2.6073999999999984
2023-07-24 19:00:00,2.6026999999999987
2023-07-24 20:00:00,2.6054999999999984
2023-07-24 21:00:00,2.604499999999999
2023-07-24 23:00:00,2.595299999999999
2023-07-25 07:00:00,2.5961999999999987
2023-07-25 08:00:00,2.5696999999999983
2023-07-25 09:00:00,2.5618999999999987
2023-07-25 10:00:00,2.5679999999999987
2023-07-25 11:00:00,2.563299999999999
2023-07-25 12:00:00,2.5780999999999983
2023-07-25 13:00:00,2.5565999999999987
2023-07-25 14:00:00,2.536699999999999
2023-07-25 15:00:00,2.5546999999999986
2023-07-25 15:00:01,2.5546999999999986
2023-07-25 16:00:00,2.5573999999999995
2023-07-25 17:00:00,2.5527999999999986
2023-07-25 18:00:00,2.563699999999999
2023-07-25 19:00:00,2.554899999999999
2023-07-25 20:00:00,2.557499999999999
2023-07-25 21:00:00,2.556099999999999
2023-07-25 23:00:00,2.5569999999999995
2023-07-26 04:00:00,2.5421999999999993
2023-07-26 07:00:00,2.5378999999999987
2023-07-26 08:00:00,2.546199999999999
2023-07-26 09:00:00,2.546999999999999
2023-07-26 10:00:00,2.546499999999999
2023-07-26 11:00:00,2.5524999999999993
2023-07-26 12:00:00,2.5477999999999987
2023-07-26 13:00:00,2.5577999999999994
2023-07-26 14:00:00,2.5729999999999986
2023-07-26 15:00:00,2.5790999999999995
2023-07-26 16:00:00,2.576999999999999
2023-07-26 17:00:00,2.575499999999999
2023-07-26 18:00:00,2.574399999999999
2023-07-26 19:00:00,2.583499999999999
2023-07-26 20:00:00,2.582299999999999
2023-07-26 21:00:00,2.5859999999999994
2023-07-26 23:00:00,2.5821999999999994
2023-07-27 07:00:00,2.594999999999999
2023-07-27 08:00:00,2.596399999999999
2023-07-27 09:00:00,2.597599999999999
2023-07-27 10:00:00,2.6000999999999994
2023-07-27 11:00:00,2.5885999999999987
2023-07-27 12:00:00,2.5997999999999992
2023-07-27 13:00:00,2.615599999999999
2023-07-27 14:00:00,2.5797999999999988
2023-07-27 15:00:00,2.5913999999999993
2023-07-27 16:00:00,2.6038999999999994
2023-07-27 17:00:00,2.6233999999999993
2023-07-27 18:00:00,2.6114999999999995
2023-07-27 19:00:00,2.612399999999999
2023-07-27 20:00:00,2.6091999999999986
2023-07-27 21:00:00,2.605599999999999
2023-07-27 23:00:00,2.612899999999999
2023-07-28 01:00:00,2.5886999999999993
2023-07-28 04:00:00,2.5947999999999993
2023-07-28 07:00:00,2.5962999999999994
2023-07-28 08:00:00,2.605699999999999
2023-07-28 09:00:00,2.598699999999999
2023-07-28 10:00:00,2.6000999999999994
2023-07-28 11:00:00,2.6000999999999994
2023-07-28 12:00:00,2.602599999999999
2023-07-28 13:00:00,2.6224999999999987
2023-07-28 14:00:00,2.621699999999999
2023-07-28 15:00:00,2.633799999999999
2023-07-28 16:00:00,2.626199999999999
2023-07-28 17:00:00,2.6065999999999994
2023-07-28 18:00:00,2.6298999999999992
2023-07-28 19:00:00,2.6195999999999993
2023-07-28 20:00:00,2.618599999999999
2023-07-28 21:00:00,2.6179999999999994
2023-07-28 23:00:00,2.6251999999999986
2023-07-31 01:00:00,2.6061999999999994
2023-07-31 06:00:00,2.601099999999999
2023-07-31 07:00:00,2.6183999999999994
2023-07-31 08:00:00,2.615099999999999
2023-07-31 09:00:00,2.6149999999999993
2023-07-31 10:00:00,2.6308999999999987
2023-07-31 11:00:00,2.627799999999999
2023-07-31 12:00:00,2.621699999999999
2023-07-31 13:00:00,2.6125999999999987
2023-07-31 14:00:00,2.6122999999999994
2023-07-31 15:00:00,2.618899999999999
2023-07-31 16:00:00,2.623199999999999
2023-07-31 17:00:00,2.603999999999999
2023-07-31 18:00:00,2.6240999999999994
2023-07-31 19:00:00,2.648599999999999
2023-07-31 20:00:00,2.649499999999999
2023-07-31 21:00:00,2.6510999999999987
2023-07-31 23:00:00,2.6435999999999993
2023-08-01 02:00:00,2.648299999999999
2023-08-01 06:00:00,2.6403999999999987
2023-08-01 07:00:00,2.6389999999999993
2023-08-01 08:00:00,2.636799999999999
2023-08-01 09:00:00,2.651699999999999
2023-08-01 10:00:00,2.641899999999999
2023-08-01 11:00:00,2.650599999999999
2023-08-01 12:00:00,2.646799999999999
2023-08-01 13:00:00,2.6317999999999993
2023-08-01 14:00:00,2.635799999999999
2023-08-01 15:00:00,2.6415999999999995
2023-08-01 16:00:00,2.637999999999999
2023-08-01 17:00:00,2.6544999999999987
2023-08-01 18:00:00,2.6449999999999987
2023-08-01 19:00:00,2.627799999999999
2023-08-01 20:00:00,2.630699999999999
2023-08-01 21:00:00,2.661999999999999
2023-08-01 23:00:00,2.632199999999999
2023-08-02 02:00:00,2.651399999999999
2023-08-02 05:00:00,2.6484999999999994
2023-08-02 07:00:00,2.6553999999999993
2023-08-02 08:00:00,2.646699999999999
2023-08-02 09:00:00,2.653999999999999
2023-08-02 10:00:00,2.6515999999999993
2023-08-02 11:00:00,2.663899999999999
2023-08-02 12:00:00,2.6473999999999993
2023-08-02 13:00:00,2.657499999999999
2023-08-02 14:00:00,2.6156999999999995
2023-08-02 15:00:00,2.5630999999999995
2023-08-02 16:00:00,2.5534999999999988
2023-08-02 17:00:00,2.556399999999999
2023-08-02 18:00:00,2.5452999999999992
2023-08-02 19:00:00,2.558699999999999
2023-08-02 20:00:00,2.557299999999999
2023-08-02 21:00:00,2.554499999999999
2023-08-02 23:00:00,2.554499999999999
2023-08-03 01:00:00,2.5504999999999987
2023-08-03 02:00:00,2.5532999999999992
2023-08-03 05:00:00,2.5512999999999995
2023-08-03 06:00:00,2.551099999999999
2023-08-03 07:00:00,2.5398999999999994
2023-08-03 08:00:00,2.5162999999999993
2023-08-03 09:00:00,2.529699999999999
2023-08-03 10:00:00,2.5261999999999993
2023-08-03 11:00:00,2.5157999999999987
2023-08-03 12:00:00,2.508899999999999
2023-08-03 13:00:00,2.5416999999999987
2023-08-03 14:00:00,2.543399999999999
2023-08-03 15:00:00,2.536299999999999
2023-08-03 16:00:00,2.545099999999999
2023-08-03 17:00:00,2.5676999999999994
2023-08-03 18:00:00,2.5528999999999993
2023-08-03 19:00:00,2.557599999999999
2023-08-03 20:00:00,2.561099999999999
2023-08-03 21:00:00,2.563999999999999
2023-08-03 23:00:00,2.551899999999999
2023-08-04 01:00:00,2.563699999999999
2023-08-04 02:00:00,2.568599999999999
2023-08-04 06:00:00,2.562999999999999
2023-08-04 07:00:00,2.562999999999999
2023-08-04 08:00:00,2.562899999999999
2023-08-04 09:00:00,2.578599999999999
2023-08-04 10:00:00,2.5783999999999994
2023-08-04 11:00:00,2.5752999999999995
2023-08-04 12:00:00,2.586499999999999
2023-08-04 13:00:00,2.5772999999999993
2023-08-04 14:00:00,2.5622999999999987
2023-08-04 15:00:00,2.5527999999999986
2023-08-04 16:00:00,2.5600999999999994
2023-08-04 17:00:00,2.572399999999999
2023-08-04 18:00:00,2.578999999999999
2023-08-04 19:00:00,2.561799999999999
2023-08-04 20:00:00,2.556399999999999
2023-08-04 21:00:00,2.5577999999999994
2023-08-04 23:00:00,2.5645999999999987
2023-08-06 23:00:00,2.568199999999999
2023-08-07 02:00:00,2.575799999999999
2023-08-07 08:00:00,2.575499999999999
2023-08-07 09:00:00,2.5638999999999994
2023-08-07 10:00:00,2.5691999999999995
2023-08-07 11:00:00,2.564899999999999
2023-08-07 12:00:00,2.570499999999999
2023-08-07 13:00:00,2.569399999999999
2023-08-07 14:00:00,2.5763999999999987
2023-08-07 15:00:00,2.564099999999999
2023-08-07 16:00:00,2.575199999999999
2023-08-07 17:00:00,2.5938999999999988
2023-08-07 18:00:00,2.5829999999999993
2023-08-07 19:00:00,2.592299999999999
2023-08-07 20:00:00,2.5974999999999993
2023-08-07 21:00:00,2.6054999999999993
2023-08-07 23:00:00,2.5839999999999987
2023-08-08 01:00:00,2.6026999999999987
2023-08-08 05:00:00,2.5890999999999993
2023-08-08 07:00:00,2.5756999999999994
2023-08-08 08:00:00,2.5748999999999986
2023-08-08 09:00:00,2.5656999999999988
2023-08-08 10:00:00,2.5528999999999993
2023-08-08 11:00:00,2.5585999999999993
2023-08-08 12:00:00,2.5410999999999992
2023-08-08 13:00:00,2.5443999999999987
2023-08-08 14:00:00,2.5410999999999992
2023-08-08 15:00:00,2.5717999999999988
2023-08-08 16:00:00,2.582699999999999
2023-08-08 17:00:00,2.596899999999999
2023-08-08 18:00:00,2.620499999999999
2023-08-08 19:00:00,2.6251999999999986
2023-08-08 20:00:00,2.6156999999999995
2023-08-08 21:00:00,2.621699999999999
2023-08-08 23:00:00,2.6270999999999987
2023-08-09 01:00:00,2.6190999999999987
2023-08-09 06:00:00,2.618199999999999
2023-08-09 07:00:00,2.6210999999999993
2023-08-09 08:00:00,2.6251999999999986
2023-08-09 09:00:00,2.632599999999999
2023-08-09 10:00:00,2.6499999999999995
2023-08-09 11:00:00,2.652899999999999
2023-08-09 12:00:00,2.6564999999999994
2023-08-09 13:00:00,2.6468999999999987
2023-08-09 14:00:00,2.6503999999999994
2023-08-09 15:00:00,2.6727999999999987
2023-08-09 16:00:00,2.6694999999999993
2023-08-09 17:00:00,2.681099999999999
2023-08-09 18:00:00,2.686099999999999
2023-08-09 19:00:00,2.7040999999999995
2023-08-09 20:00:00,2.708799999999999
2023-08-09 21:00:00,2.7089999999999987
2023-08-09 23:00:00,2.7052999999999994
2023-08-10 01:00:00,2.7060999999999993
2023-08-10 06:00:00,2.714899999999999
2023-08-10 07:00:00,2.708599999999999
2023-08-10 08:00:00,2.705799999999999
2023-08-10 09:00:00,2.706999999999999
2023-08-10 10:00:00,2.690299999999999
2023-08-10 11:00:00,2.6976999999999993
2023-08-10 12:00:00,2.687599999999999
2023-08-10 13:00:00,2.691299999999999
2023-08-10 14:00:00,2.697399999999999
2023-08-10 15:00:00,2.668499999999999
2023-08-10 16:00:00,2.666899999999999
2023-08-10 17:00:00,2.6544999999999987
2023-08-10 18:00:00,2.6689999999999987
2023-08-10 19:00:00,2.6835999999999993
2023-08-10 20:00:00,2.680399999999999
2023-08-10 21:00:00,2.6766999999999994
2023-08-10 23:00:00,2.680299999999999
2023-08-11 01:00:00,2.6785999999999994
2023-08-11 06:00:00,2.6762999999999995
2023-08-11 07:00:00,2.677699999999999
2023-08-11 08:00:00,2.6929999999999987
2023-08-11 09:00:00,2.6862999999999992
2023-08-11 10:00:00,2.6784999999999988
2023-08-11 11:00:00,2.685299999999999
2023-08-11 12:00:00,2.703999999999999
2023-08-11 13:00:00,2.7086999999999994
2023-08-11 14:00:00,2.688599999999999
2023-08-11 15:00:00,2.706199999999999
2023-08-11 16:00:00,2.7215999999999987
2023-08-11 17:00:00,2.7281999999999993
2023-08-11 18:00:00,2.7380999999999993
2023-08-11 19:00:00,2.7067999999999994
2023-08-11 20:00:00,2.707299999999999
2023-08-11 21:00:00,2.7044999999999995
2023-08-11 23:00:00,2.721099999999999
2023-08-14 05:00:00,2.6876999999999986
2023-08-14 07:00:00,2.6835999999999993
2023-08-14 08:00:00,2.6933999999999987
2023-08-14 09:00:00,2.6881999999999993
2023-08-14 10:00:00,2.696399999999999
2023-08-14 11:00:00,2.695599999999999
2023-08-14 12:00:00,2.6934999999999993
2023-08-14 13:00:00,2.678799999999999
2023-08-14 14:00:00,2.6759999999999993
2023-08-14 15:00:00,2.6762999999999995
2023-08-14 16:00:00,2.672999999999999
2023-08-14 17:00:00,2.674199999999999
2023-08-14 18:00:00,2.6839999999999993
2023-08-14 19:00:00,2.672299999999999
2023-08-14 20:00:00,2.6758999999999995
2023-08-14 21:00:00,2.674299999999999
2023-08-14 23:00:00,2.6781999999999995
2023-08-15 07:00:00,2.6934999999999993
2023-08-15 08:00:00,2.682599999999999
2023-08-15 09:00:00,2.6869999999999994
2023-08-15 10:00:00,2.6724999999999994
2023-08-15 11:00:00,2.668099999999999
2023-08-15 12:00:00,2.672299999999999
2023-08-15 13:00:00,2.6721999999999992
2023-08-15 14:00:00,2.6694999999999993
2023-08-15 15:00:00,2.6666999999999987
2023-08-15 16:00:00,2.6400999999999994
2023-08-15 17:00:00,2.6465999999999994
2023-08-15 18:00:00,2.625499999999999
2023-08-15 19:00:00,2.6266999999999987
2023-08-15 20:00:00,2.6263999999999994
2023-08-15 21:00:00,2.6282999999999994
2023-08-15 23:00:00,2.6301999999999994
2023-08-16 04:00:00,2.6065999999999994
2023-08-16 06:00:00,2.6163999999999987
2023-08-16 07:00:00,2.618899999999999
2023-08-16 08:00:00,2.6389999999999993
2023-08-16 09:00:00,2.635799999999999
2023-08-16 10:00:00,2.6251999999999986
2023-08-16 11:00:00,2.6252999999999993
2023-08-16 12:00:00,2.638699999999999
2023-08-16 13:00:00,2.641399999999999
2023-08-16 14:00:00,2.639999999999999
2023-08-16 15:00:00,2.641399999999999
2023-08-16 16:00:00,2.6556999999999995
2023-08-16 17:00:00,2.625099999999999
2023-08-16 18:00:00,2.648599999999999
2023-08-16 19:00:00,2.634999999999999
2023-08-16 20:00:00,2.625099999999999
2023-08-16 21:00:00,2.627399999999999
2023-08-16 23:00:00,2.639999999999999
2023-08-17 05:00:00,2.6354999999999986
2023-08-17 07:00:00,2.647199999999999
2023-08-17 08:00:00,2.646399999999999
2023-08-17 09:00:00,2.6279999999999992
2023-08-17 10:00:00,2.6468999999999987
2023-08-17 11:00:00,2.6506999999999987
2023-08-17 12:00:00,2.652499999999999
2023-08-17 13:00:00,2.663899999999999
2023-08-17 14:00:00,2.657899999999999
2023-08-17 15:00:00,2.6533999999999986
2023-08-17 16:00:00,2.643699999999999
2023-08-17 17:00:00,2.6468999999999987
2023-08-17 18:00:00,2.623099999999999
2023-08-17 19:00:00,2.613199999999999
2023-08-17 20:00:00,2.6057999999999995
2023-08-17 21:00:00,2.606799999999999
2023-08-17 23:00:00,2.6220999999999988
2023-08-18 01:00:00,2.6008999999999993
2023-08-18 02:00:00,2.620899999999999
2023-08-18 04:00:00,2.6255999999999995
2023-08-18 07:00:00,2.624599999999999
2023-08-18 08:00:00,2.6294999999999993
2023-08-18 09:00:00,2.6328999999999994
2023-08-18 10:00:00,2.6172999999999993
2023-08-18 11:00:00,2.616199999999999
2023-08-18 12:00:00,2.5938999999999988
2023-08-18 13:00:00,2.591599999999999
2023-08-18 14:00:00,2.6019999999999994
2023-08-18 15:00:00,2.600999999999999
2023-08-18 16:00:00,2.630699999999999
2023-08-18 17:00:00,2.6248999999999993
2023-08-18 18:00:00,2.636499999999999
2023-08-18 19:00:00,2.607199999999999
2023-08-18 20:00:00,2.6076999999999995
2023-08-18 21:00:00,2.6121999999999987
2023-08-18 23:00:00,2.6186999999999987
2023-08-21 01:00:00,2.6095999999999995
2023-08-21 02:00:00,2.626199999999999
2023-08-21 05:00:00,2.6239999999999988
2023-08-21 06:00:00,2.628499999999999
2023-08-21 07:00:00,2.635699999999999
2023-08-21 08:00:00,2.632599999999999
2023-08-21 09:00:00,2.633099999999999
2023-08-21 10:00:00,2.6342999999999988
2023-08-21 11:00:00,2.6454999999999993
2023-08-21 12:00:00,2.6365999999999987
2023-08-21 13:00:00,2.620799999999999
2023-08-21 14:00:00,2.596099999999999
2023-08-21 15:00:00,2.582399999999999
2023-08-21 16:00:00,2.5783999999999994
2023-08-21 17:00:00,2.5626999999999986
2023-08-21 18:00:00,2.575899999999999
2023-08-21 19:00:00,2.5779999999999994
2023-08-21 20:00:00,2.574399999999999
2023-08-21 21:00:00,2.5795999999999992
2023-08-21 23:00:00,2.572499999999999
2023-08-22 02:00:00,2.572499999999999
2023-08-22 03:00:00,2.579999999999999
2023-08-22 04:00:00,2.580499999999999
2023-08-22 06:00:00,2.576199999999999
2023-08-22 07:00:00,2.575899999999999
2023-08-22 08:00:00,2.573999999999999
2023-08-22 09:00:00,2.574399999999999
2023-08-22 10:00:00,2.575099999999999
2023-08-22 11:00:00,2.575599999999999
2023-08-22 12:00:00,2.5759999999999987
2023-08-22 13:00:00,2.577399999999999
2023-08-22 14:00:00,2.581899999999999
2023-08-22 15:00:00,2.580399999999999
2023-08-22 16:00:00,2.5814999999999992
2023-08-22 17:00:00,2.5729999999999986
2023-08-22 18:00:00,2.5904999999999987
2023-08-22 19:00:00,2.5919999999999987
2023-08-22 20:00:00,2.5916999999999994
2023-08-22 21:00:00,2.577099999999999
2023-08-22 23:00:00,2.591099999999999
2023-08-23 01:00:00,2.5729999999999986
2023-08-23 02:00:00,2.5729999999999986
2023-08-23 03:00:00,2.5772999999999993
2023-08-23 05:00:00,2.5772999999999993
2023-08-23 06:00:00,2.5806999999999993
2023-08-23 07:00:00,2.5725999999999987
2023-08-23 08:00:00,2.572799999999999
2023-08-23 09:00:00,2.561799999999999
2023-08-23 10:00:00,2.558399999999999
2023-08-23 11:00:00,2.547599999999999
2023-08-23 12:00:00,2.545699999999999
2023-08-23 13:00:00,2.556399999999999
2023-08-23 14:00:00,2.534799999999999
2023-08-23 15:00:00,2.551099999999999
2023-08-23 16:00:00,2.5653999999999995
2023-08-23 17:00:00,2.561399999999999
2023-08-23 18:00:00,2.5749999999999993
2023-08-23 19:00:00,2.5725999999999987
2023-08-23 20:00:00,2.580399999999999
2023-08-23 21:00:00,2.5791999999999993
2023-08-23 23:00:00,2.578099999999999
2023-08-24 02:00:00,2.578099999999999
2023-08-24 03:00:00,2.578099999999999
2023-08-24 04:00:00,2.584999999999999
2023-08-24 06:00:00,2.584999999999999
2023-08-24 07:00:00,2.5863999999999994
2023-08-24 08:00:00,2.576699999999999
2023-08-24 09:00:00,2.5900999999999987
2023-08-24 10:00:00,2.5935999999999995
2023-08-24 11:00:00,2.597599999999999
2023-08-24 12:00:00,2.6023999999999994
2023-08-24 13:00:00,2.5753999999999992
2023-08-24 14:00:00,2.572399999999999
2023-08-24 15:00:00,2.5855999999999995
2023-08-24 16:00:00,2.5717999999999988
2023-08-24 17:00:00,2.584999999999999
2023-08-24 18:00:00,2.584999999999999
2023-08-24 19:00:00,2.597899999999999
2023-08-24 20:00:00,2.5924999999999994
2023-08-24 21:00:00,2.585099999999999
2023-08-24 23:00:00,2.599599999999999
2023-08-25 02:00:00,2.5890999999999993
2023-08-25 05:00:00,2.5897999999999994
2023-08-25 06:00:00,2.5935999999999995
2023-08-25 07:00:00,2.5985999999999994
2023-08-25 08:00:00,2.601799999999999
2023-08-25 09:00:00,2.6068999999999987
2023-08-25 10:00:00,2.607599999999999
2023-08-25 11:00:00,2.6107999999999993
2023-08-25 12:00:00,2.619399999999999
2023-08-25 13:00:00,2.6042999999999994
2023-08-25 14:00:00,2.6041999999999987
2023-08-25 15:00:00,2.609499999999999
2023-08-25 16:00:00,2.6064999999999987
2023-08-25 17:00:00,2.614699999999999
2023-08-25 18:00:00,2.6381999999999994
2023-08-25 19:00:00,2.6690999999999994
2023-08-25 20:00:00,2.6660999999999992
2023-08-25 21:00:00,2.6533999999999986
2023-08-25 23:00:00,2.663599999999999
2023-08-28 01:00:00,2.6484999999999994
2023-08-28 02:00:00,2.6446999999999994
2023-08-28 04:00:00,2.625799999999999
2023-08-28 06:00:00,2.622699999999999
2023-08-28 07:00:00,2.635299999999999
2023-08-28 08:00:00,2.6336999999999993
2023-08-28 09:00:00,2.643399999999999
2023-08-28 10:00:00,2.6441999999999988
2023-08-28 11:00:00,2.628899999999999
2023-08-28 12:00:00,2.6293999999999986
2023-08-28 13:00:00,2.6157999999999992
2023-08-28 14:00:00,2.6228999999999987
2023-08-28 15:00:00,2.602499999999999
2023-08-28 16:00:00,2.579699999999999
2023-08-28 17:00:00,2.578599999999999
2023-08-28 18:00:00,2.5851999999999995
2023-08-28 19:00:00,2.5851999999999995
2023-08-28 20:00:00,2.581199999999999
2023-08-28 21:00:00,2.5798999999999994
2023-08-28 23:00:00,2.585499999999999
2023-08-29 01:00:00,2.585499999999999
2023-08-29 02:00:00,2.585499999999999
2023-08-29 08:00:00,2.593499999999999
2023-08-29 09:00:00,2.600699999999999
2023-08-29 10:00:00,2.578499999999999
2023-08-29 11:00:00,2.578499999999999
2023-08-29 12:00:00,2.576299999999999
2023-08-29 13:00:00,2.5706999999999987
2023-08-29 14:00:00,2.5440999999999994
2023-08-29 15:00:00,2.574299999999999
2023-08-29 16:00:00,2.572099999999999
2023-08-29 17:00:00,2.572899999999999
2023-08-29 18:00:00,2.588099999999999
2023-08-29 19:00:00,2.5810999999999993
2023-08-29 20:00:00,2.5795999999999992
2023-08-29 21:00:00,2.568999999999999
2023-08-29 23:00:00,2.575099999999999
2023-08-30 01:00:00,2.566799999999999
2023-08-30 02:00:00,2.568599999999999
2023-08-30 06:00:00,2.578499999999999
2023-08-30 07:00:00,2.582699999999999
2023-08-30 08:00:00,2.582299999999999
2023-08-30 09:00:00,2.572499999999999
2023-08-30 10:00:00,2.578099999999999
2023-08-30 11:00:00,2.5829999999999993
2023-08-30 12:00:00,2.5955999999999992
2023-08-30 13:00:00,2.5593999999999992
2023-08-30 14:00:00,2.585099999999999
2023-08-30 15:00:00,2.581899999999999
2023-08-30 16:00:00,2.591799999999999
2023-08-30 17:00:00,2.5946999999999987
2023-08-30 18:00:00,2.5795999999999992
2023-08-30 19:00:00,2.578599999999999
2023-08-30 20:00:00,2.584699999999999
2023-08-30 21:00:00,2.5843999999999987
2023-08-30 23:00:00,2.585699999999999
2023-08-31 01:00:00,2.585699999999999
2023-08-31 02:00:00,2.585699999999999
2023-08-31 04:00:00,2.5905999999999993
2023-08-31 05:00:00,2.592999999999999
2023-08-31 06:00:00,2.592999999999999
2023-08-31 08:00:00,2.592999999999999
2023-08-31 09:00:00,2.5992999999999995
2023-08-31 10:00:00,2.6083999999999987
2023-08-31 11:00:00,2.616999999999999
2023-08-31 12:00:00,2.621299999999999
2023-08-31 13:00:00,2.6140999999999988
2023-08-31 14:00:00,2.5840999999999994
2023-08-31 15:00:00,2.603999999999999
2023-08-31 16:00:00,2.5634999999999994
2023-08-31 17:00:00,2.5627999999999993
2023-08-31 18:00:00,2.5816999999999988
2023-08-31 19:00:00,2.5843999999999987
2023-08-31 20:00:00,2.5848999999999993
2023-08-31 21:00:00,2.5814999999999992
2023-08-31 23:00:00,2.5844999999999994
2023-09-01 01:00:00,2.5885999999999987
2023-09-01 02:00:00,2.595399999999999
2023-09-01 06:00:00,2.6015999999999995
2023-09-01 08:00:00,2.609099999999999
2023-09-01 09:00:00,2.6015999999999995
2023-09-01 10:00:00,2.6106999999999987
2023-09-01 11:00:00,2.6118999999999994
2023-09-01 12:00:00,2.6141999999999994
2023-09-01 13:00:00,2.6194999999999995
2023-09-01 14:00:00,2.611999999999999
2023-09-01 15:00:00,2.619299999999999
2023-09-01 15:00:01,2.619299999999999
2023-09-01 16:00:00,2.6186999999999987
2023-09-01 17:00:00,2.6171999999999986
2023-09-01 18:00:00,2.6084999999999985
2023-09-01 19:00:00,2.611299999999999
2023-09-01 20:00:00,2.6107999999999985
2023-09-01 21:00:00,2.625399999999999
2023-09-01 23:00:00,2.614799999999999
2023-09-04 06:00:00,2.6121999999999987
2023-09-04 07:00:00,2.6142999999999983
2023-09-04 08:00:00,2.620799999999999
2023-09-04 09:00:00,2.6159999999999988
2023-09-04 10:00:00,2.6248999999999985
2023-09-04 11:00:00,2.6256999999999984
2023-09-04 12:00:00,2.624299999999999
2023-09-04 13:00:00,2.619399999999999
2023-09-04 14:00:00,2.633099999999999
2023-09-04 15:00:00,2.6347999999999985
2023-09-04 16:00:00,2.6298999999999984
2023-09-04 17:00:00,2.624299999999999
2023-09-04 18:00:00,2.6263999999999985
2023-09-04 23:00:00,2.6255999999999986
2023-09-05 01:00:00,2.6106999999999987
2023-09-05 03:00:00,2.6184999999999983
2023-09-05 06:00:00,2.6260999999999983
2023-09-05 07:00:00,2.6244999999999985
2023-09-05 08:00:00,2.6099999999999985
2023-09-05 09:00:00,2.613599999999999
2023-09-05 10:00:00,2.617399999999999
2023-09-05 11:00:00,2.620499999999999
2023-09-05 12:00:00,2.6203999999999983
2023-09-05 13:00:00,2.6180999999999983
2023-09-05 14:00:00,2.6705999999999985
2023-09-05 15:00:00,2.6483999999999988
2023-09-05 16:00:00,2.6706999999999983
2023-09-05 17:00:00,2.642999999999999
2023-09-05 18:00:00,2.6309999999999985
2023-09-05 19:00:00,2.6159999999999988
2023-09-05 20:00:00,2.6182999999999987
2023-09-05 21:00:00,2.621299999999999
2023-09-05 23:00:00,2.617099999999999
2023-09-06 01:00:00,2.635299999999999
2023-09-06 06:00:00,2.625499999999999
2023-09-06 07:00:00,2.6239999999999988
2023-09-06 08:00:00,2.621299999999999
2023-09-06 09:00:00,2.610199999999999
2023-09-06 10:00:00,2.607499999999999
2023-09-06 11:00:00,2.6095999999999986
2023-09-06 12:00:00,2.6115999999999984
2023-09-06 13:00:00,2.6133999999999986
2023-09-06 14:00:00,2.6343999999999985
2023-09-06 15:00:00,2.6023999999999985
2023-09-06 16:00:00,2.6195999999999984
2023-09-06 17:00:00,2.638799999999999
2023-09-06 18:00:00,2.6506999999999987
2023-09-06 19:00:00,2.640999999999999
2023-09-06 20:00:00,2.642199999999999
2023-09-06 21:00:00,2.6568999999999985
2023-09-06 23:00:00,2.637299999999999
2023-09-07 03:00:00,2.656699999999999
2023-09-07 07:00:00,2.649399999999999
2023-09-07 08:00:00,2.648299999999999
2023-09-07 09:00:00,2.643399999999999
2023-09-07 10:00:00,2.6354999999999986
2023-09-07 11:00:00,2.638699999999999
2023-09-07 12:00:00,2.642599999999999
2023-09-07 13:00:00,2.6533999999999986
2023-09-07 14:00:00,2.642599999999999
2023-09-07 15:00:00,2.661999999999999
2023-09-07 16:00:00,2.6579999999999986
2023-09-07 17:00:00,2.6286999999999985
2023-09-07 18:00:00,2.6477999999999984
2023-09-07 19:00:00,2.659299999999999
2023-09-07 20:00:00,2.6621999999999986
2023-09-07 21:00:00,2.6561999999999983
2023-09-07 23:00:00,2.6560999999999986
2023-09-08 01:00:00,2.647499999999999
2023-09-08 03:00:00,2.677699999999999
2023-09-08 04:00:00,2.671499999999999
2023-09-08 05:00:00,2.6678999999999986
2023-09-08 06:00:00,2.666599999999999
2023-09-08 07:00:00,2.6750999999999987
2023-09-08 08:00:00,2.677999999999999
2023-09-08 09:00:00,2.6805999999999983
2023-09-08 10:00:00,2.6907999999999985
2023-09-08 11:00:00,2.7010999999999985
2023-09-08 12:00:00,2.706299999999999
2023-09-08 13:00:00,2.718099999999999
2023-09-08 14:00:00,2.679099999999999
2023-09-08 15:00:00,2.693199999999999
2023-09-08 16:00:00,2.697399999999999
2023-09-08 17:00:00,2.685999999999999
2023-09-08 18:00:00,2.6946999999999983
2023-09-08 19:00:00,2.6877999999999984
2023-09-08 20:00:00,2.689799999999999
2023-09-08 21:00:00,2.687999999999999
2023-09-08 23:00:00,2.6885999999999983
2023-09-11 01:00:00,2.677199999999999
2023-09-11 05:00:00,2.6857999999999986
2023-09-11 06:00:00,2.689399999999999
2023-09-11 07:00:00,2.6853999999999987
2023-09-11 08:00:00,2.6969999999999983
2023-09-11 09:00:00,2.684199999999999
2023-09-11 10:00:00,2.685599999999999
2023-09-11 11:00:00,2.689499999999999
2023-09-11 12:00:00,2.690599999999999
2023-09-11 13:00:00,2.6952999999999987
2023-09-11 14:00:00,2.7109999999999985
2023-09-11 15:00:00,2.708599999999999
2023-09-11 16:00:00,2.717699999999999
2023-09-11 17:00:00,2.730199999999999
2023-09-11 18:00:00,2.729099999999999
2023-09-11 19:00:00,2.7418999999999984
2023-09-11 20:00:00,2.740099999999999
2023-09-11 21:00:00,2.7406999999999986
2023-09-11 23:00:00,2.7388999999999983
2023-09-12 04:00:00,2.7533999999999983
2023-09-12 05:00:00,2.749599999999999
2023-09-12 07:00:00,2.7410999999999985
2023-09-12 08:00:00,2.732099999999999
2023-09-12 09:00:00,2.736299999999999
2023-09-12 10:00:00,2.745099999999999
2023-09-12 11:00:00,2.7436999999999987
2023-09-12 12:00:00,2.7418999999999984
2023-09-12 13:00:00,2.758499999999999
2023-09-12 14:00:00,2.7487999999999984
2023-09-12 15:00:00,2.751199999999999
2023-09-12 16:00:00,2.7525999999999984
2023-09-12 17:00:00,2.7609999999999983
2023-09-12 18:00:00,2.756599999999999
2023-09-12 19:00:00,2.755399999999999
2023-09-12 20:00:00,2.756899999999999
2023-09-12 21:00:00,2.7449999999999983
2023-09-12 23:00:00,2.7575999999999983
2023-09-13 01:00:00,2.748199999999999
2023-09-13 04:00:00,2.748099999999999
2023-09-13 06:00:00,2.7483999999999984
2023-09-13 07:00:00,2.7491999999999983
2023-09-13 08:00:00,2.7581999999999987
2023-09-13 09:00:00,2.754999999999999
2023-09-13 10:00:00,2.7524999999999986
2023-09-13 11:00:00,2.7468999999999983
2023-09-13 12:00:00,2.7471999999999985
2023-09-13 13:00:00,2.751599999999999
2023-09-13 14:00:00,2.750399999999999
2023-09-13 15:00:00,2.761899999999999
2023-09-13 16:00:00,2.7635999999999985
2023-09-13 17:00:00,2.7562999999999986
2023-09-13 18:00:00,2.7521999999999984
2023-09-13 19:00:00,2.7674999999999983
2023-09-13 20:00:00,2.767599999999999
2023-09-13 21:00:00,2.7681999999999984
2023-09-13 23:00:00,2.7653999999999987
2023-09-14 01:00:00,2.7711999999999986
2023-09-14 06:00:00,2.7738999999999985
2023-09-14 07:00:00,2.772099999999999
2023-09-14 08:00:00,2.772499999999999
2023-09-14 09:00:00,2.770199999999999
2023-09-14 10:00:00,2.7711999999999986
2023-09-14 11:00:00,2.783199999999999
2023-09-14 12:00:00,2.790399999999999
2023-09-14 13:00:00,2.7947999999999986
2023-09-14 14:00:00,2.7937999999999983
2023-09-14 15:00:00,2.7920999999999987
2023-09-14 16:00:00,2.7814999999999985
2023-09-14 17:00:00,2.792799999999999
2023-09-14 18:00:00,2.7844999999999986
2023-09-14 19:00:00,2.7798999999999987
2023-09-14 20:00:00,2.7826999999999984
2023-09-14 21:00:00,2.788999999999999
2023-09-14 23:00:00,2.7817999999999987
2023-09-15 01:00:00,2.784399999999999
2023-09-15 04:00:00,2.8023999999999987
2023-09-15 05:00:00,2.800399999999999
2023-09-15 06:00:00,2.797299999999999
2023-09-15 07:00:00,2.8024999999999984
2023-09-15 08:00:00,2.798499999999999
2023-09-15 09:00:00,2.7905999999999986
2023-09-15 10:00:00,2.7855999999999987
2023-09-15 11:00:00,2.781999999999999
2023-09-15 12:00:00,2.783899999999999
2023-09-15 13:00:00,2.7731999999999983
2023-09-15 14:00:00,2.744799999999999
2023-09-15 15:00:00,2.746699999999999
2023-09-15 16:00:00,2.7653999999999987
2023-09-15 17:00:00,2.750499999999999
2023-09-15 18:00:00,2.7483999999999984
2023-09-15 19:00:00,2.7529999999999983
2023-09-15 20:00:00,2.754699999999999
2023-09-15 21:00:00,2.7601999999999984
2023-09-15 23:00:00,2.7512999999999987
2023-09-18 01:00:00,2.744399999999999
2023-09-18 04:00:00,2.7512999999999987
2023-09-18 05:00:00,2.7643999999999984
2023-09-18 06:00:00,2.7634999999999987
2023-09-18 07:00:00,2.7628999999999984
2023-09-18 08:00:00,2.7608999999999986
2023-09-18 09:00:00,2.7483999999999984
2023-09-18 10:00:00,2.7493999999999987
2023-09-18 11:00:00,2.752699999999999
2023-09-18 12:00:00,2.738699999999999
2023-09-18 13:00:00,2.765999999999999
2023-09-18 14:00:00,2.751199999999999
2023-09-18 15:00:00,2.754599999999999
2023-09-18 16:00:00,2.7525999999999984
2023-09-18 17:00:00,2.740099999999999
2023-09-18 18:00:00,2.7315999999999985
2023-09-18 19:00:00,2.7426999999999984
2023-09-18 20:00:00,2.7453999999999983
2023-09-18 21:00:00,2.746199999999999
2023-09-18 23:00:00,2.743899999999999
2023-09-19 04:00:00,2.752699999999999
2023-09-19 07:00:00,2.7552999999999983
2023-09-19 08:00:00,2.7434999999999983
2023-09-19 09:00:00,2.7418999999999984
2023-09-19 10:00:00,2.739699999999999
2023-09-19 11:00:00,2.7391999999999985
2023-09-19 12:00:00,2.7380999999999984
2023-09-19 13:00:00,2.7590999999999983
2023-09-19 14:00:00,2.743199999999999
2023-09-19 15:00:00,2.729499999999999
2023-09-19 16:00:00,2.7182999999999984
2023-09-19 17:00:00,2.715699999999999
2023-09-19 18:00:00,2.7079999999999984
2023-09-19 19:00:00,2.7171999999999983
2023-09-19 20:00:00,2.714599999999999
2023-09-19 21:00:00,2.709999999999999
2023-09-19 23:00:00,2.707399999999999
2023-09-20 01:00:00,2.7091999999999983
2023-09-20 02:00:00,2.698999999999999
2023-09-20 03:00:00,2.6888999999999985
2023-09-20 04:00:00,2.679099999999999
2023-09-20 05:00:00,2.6827999999999985
2023-09-20 06:00:00,2.6937999999999986
2023-09-20 07:00:00,2.6937999999999986
2023-09-20 08:00:00,2.689399999999999
2023-09-20 09:00:00,2.6693999999999987
2023-09-20 10:00:00,2.6796999999999986
2023-09-20 11:00:00,2.6858999999999984
2023-09-20 12:00:00,2.6873999999999985
2023-09-20 13:00:00,2.6782999999999983
2023-09-20 14:00:00,2.700499999999999
2023-09-20 15:00:00,2.709999999999999
2023-09-20 16:00:00,2.689099999999999
2023-09-20 17:00:00,2.6942999999999984
2023-09-20 18:00:00,2.6872999999999987
2023-09-20 19:00:00,2.677599999999999
2023-09-20 20:00:00,2.6666999999999987
2023-09-20 21:00:00,2.664699999999999
2023-09-20 23:00:00,2.673099999999999
2023-09-21 01:00:00,2.673099999999999
2023-09-21 02:00:00,2.673099999999999
2023-09-21 03:00:00,2.655599999999999
2023-09-21 05:00:00,2.657399999999999
2023-09-21 07:00:00,2.6548999999999987
2023-09-21 08:00:00,2.649399999999999
2023-09-21 09:00:00,2.637999999999999
2023-09-21 10:00:00,2.6441999999999988
2023-09-21 11:00:00,2.645199999999999
2023-09-21 12:00:00,2.6628999999999987
2023-09-21 13:00:00,2.6850999999999985
2023-09-21 14:00:00,2.696399999999999
2023-09-21 15:00:00,2.678399999999999
2023-09-21 16:00:00,2.6679999999999984
2023-09-21 17:00:00,2.671899999999999
2023-09-21 18:00:00,2.6694999999999984
2023-09-21 19:00:00,2.670799999999999
2023-09-21 20:00:00,2.669299999999999
2023-09-21 21:00:00,2.665499999999999
2023-09-21 23:00:00,2.6704999999999988
2023-09-22 01:00:00,2.6704999999999988
2023-09-22 03:00:00,2.6784999999999988
2023-09-22 07:00:00,2.6784999999999988
2023-09-22 08:00:00,2.673499999999999
2023-09-22 09:00:00,2.6796999999999986
2023-09-22 10:00:00,2.6786999999999983
2023-09-22 11:00:00,2.6827999999999985
2023-09-22 12:00:00,2.6911999999999985
2023-09-22 13:00:00,2.694799999999999
2023-09-22 14:00:00,2.681399999999999
2023-09-22 15:00:00,2.6544999999999987
2023-09-22 16:00:00,2.640999999999999
2023-09-22 17:00:00,2.6302999999999983
2023-09-22 18:00:00,2.6191999999999984
2023-09-22 19:00:00,2.6248999999999985
2023-09-22 20:00:00,2.624599999999999
2023-09-22 21:00:00,2.6262999999999987
2023-09-22 23:00:00,2.6142999999999983
2023-09-24 23:00:00,2.6312999999999986
2023-09-25 01:00:00,2.6312999999999986
2023-09-25 06:00:00,2.6293999999999986
2023-09-25 07:00:00,2.6297999999999986
2023-09-25 08:00:00,2.6361999999999988
2023-09-25 09:00:00,2.625899999999999
2023-09-25 10:00:00,2.6225999999999985
2023-09-25 11:00:00,2.618899999999999
2023-09-25 12:00:00,2.614799999999999
2023-09-25 13:00:00,2.6220999999999988
2023-09-25 14:00:00,2.6164999999999985
2023-09-25 15:00:00,2.5923999999999987
2023-09-25 16:00:00,2.590799999999999
2023-09-25 17:00:00,2.6000999999999985
2023-09-25 18:00:00,2.604099999999999
2023-09-25 19:00:00,2.6046999999999985
2023-09-25 20:00:00,2.6023999999999985
2023-09-25 21:00:00,2.599099999999999
2023-09-25 23:00:00,2.6057999999999986
2023-09-26 02:00:00,2.6057999999999986
2023-09-26 05:00:00,2.593799999999999
2023-09-26 07:00:00,2.576599999999999
2023-09-26 08:00:00,2.565299999999999
2023-09-26 09:00:00,2.572499999999999
2023-09-26 10:00:00,2.5718999999999985
2023-09-26 11:00:00,2.578499999999999
2023-09-26 12:00:00,2.5718999999999985
2023-09-26 13:00:00,2.5759999999999987
2023-09-26 14:00:00,2.586499999999999
2023-09-26 15:00:00,2.588399999999999
2023-09-26 16:00:00,2.5881999999999987
2023-09-26 17:00:00,2.6247999999999987
2023-09-26 18:00:00,2.6171999999999986
2023-09-26 19:00:00,2.623599999999999
2023-09-26 20:00:00,2.625799999999999
2023-09-26 21:00:00,2.6309999999999985
2023-09-26 23:00:00,2.618999999999999
2023-09-27 01:00:00,2.628899999999999
2023-09-27 02:00:00,2.6420999999999983
2023-09-27 03:00:00,2.6438999999999986
2023-09-27 04:00:00,2.646099999999999
2023-09-27 05:00:00,2.6424999999999983
2023-09-27 07:00:00,2.634999999999999
2023-09-27 08:00:00,2.632999999999999
2023-09-27 09:00:00,2.638399999999999
2023-09-27 10:00:00,2.634999999999999
2023-09-27 11:00:00,2.6388999999999987
2023-09-27 12:00:00,2.651399999999999
2023-09-27 13:00:00,2.659799999999999
2023-09-27 14:00:00,2.6777999999999986
2023-09-27 15:00:00,2.6502999999999988
2023-09-27 16:00:00,2.6723999999999988
2023-09-27 17:00:00,2.6717999999999984
2023-09-27 18:00:00,2.663499999999999
2023-09-27 19:00:00,2.6525999999999987
2023-09-27 20:00:00,2.653199999999999
2023-09-27 21:00:00,2.653299999999999
2023-09-27 23:00:00,2.652499999999999
2023-09-28 01:00:00,2.671199999999999
2023-09-28 03:00:00,2.671199999999999
2023-09-28 06:00:00,2.664999999999999
2023-09-28 07:00:00,2.664999999999999
2023-09-28 08:00:00,2.6643999999999988
2023-09-28 09:00:00,2.6480999999999986
2023-09-28 10:00:00,2.6336999999999984
2023-09-28 11:00:00,2.6328999999999985
2023-09-28 12:00:00,2.6305999999999985
2023-09-28 13:00:00,2.624699999999999
2023-09-28 14:00:00,2.629999999999999
2023-09-28 15:00:00,2.617399999999999
2023-09-28 16:00:00,2.6096999999999984
2023-09-28 17:00:00,2.5935999999999986
2023-09-28 18:00:00,2.578499999999999
2023-09-28 19:00:00,2.578599999999999
2023-09-28 20:00:00,2.5772999999999984
2023-09-28 21:00:00,2.5783999999999985
2023-09-28 23:00:00,2.568599999999999
2023-09-29 06:00:00,2.5699999999999985
2023-09-29 07:00:00,2.572799999999999
2023-09-29 08:00:00,2.558299999999999
2023-09-29 09:00:00,2.5467999999999984
2023-09-29 10:00:00,2.563299999999999
2023-09-29 11:00:00,2.574299999999999
2023-09-29 12:00:00,2.575499999999999
2023-09-29 13:00:00,2.5706999999999987
2023-09-29 14:00:00,2.5215999999999985
2023-09-29 15:00:00,2.508399999999999
2023-09-29 16:00:00,2.5142999999999986
2023-09-29 17:00:00,2.5142999999999986
2023-09-29 18:00:00,2.5028999999999986
2023-09-29 19:00:00,2.500899999999999
2023-09-29 20:00:00,2.502399999999999
2023-09-29 21:00:00,2.497799999999999
2023-09-29 23:00:00,2.501899999999999
2023-10-01 23:00:00,2.5002999999999984
2023-10-02 01:00:00,2.5002999999999984
2023-10-02 02:00:00,2.499299999999999
2023-10-02 07:00:00,2.507299999999999
2023-10-02 08:00:00,2.512299999999999
2023-10-02 09:00:00,2.5155999999999983
2023-10-02 10:00:00,2.5241999999999987
2023-10-02 11:00:00,2.530499999999999
2023-10-02 12:00:00,2.524899999999999
2023-10-02 13:00:00,2.532499999999999
2023-10-02 14:00:00,2.531299999999999
2023-10-02 15:00:00,2.5048999999999984
2023-10-02 16:00:00,2.508899999999999
2023-10-02 17:00:00,2.520699999999999
2023-10-02 18:00:00,2.508099999999999
2023-10-02 19:00:00,2.5092999999999988
2023-10-02 20:00:00,2.512599999999999
2023-10-02 21:00:00,2.5127999999999986
2023-10-02 23:00:00,2.514599999999999
2023-10-03 01:00:00,2.514599999999999
2023-10-03 02:00:00,2.4993999999999987
2023-10-03 03:00:00,2.4993999999999987
2023-10-03 05:00:00,2.5036999999999985
2023-10-03 06:00:00,2.492099999999999
2023-10-03 07:00:00,2.492099999999999
2023-10-03 08:00:00,2.492099999999999
2023-10-03 09:00:00,2.5119999999999987
2023-10-03 10:00:00,2.5151999999999983
2023-10-03 11:00:00,2.4930999999999983
2023-10-03 12:00:00,2.4834999999999985
2023-10-03 13:00:00,2.489399999999999
2023-10-03 14:00:00,2.488299999999999
2023-10-03 15:00:00,2.4659999999999984
2023-10-03 16:00:00,2.4624999999999986
2023-10-03 17:00:00,2.468399999999999
2023-10-03 18:00:00,2.4711999999999987
2023-10-03 19:00:00,2.462699999999999
2023-10-03 20:00:00,2.465399999999999
2023-10-03 21:00:00,2.442199999999999
2023-10-03 23:00:00,2.4624999999999986
2023-10-04 01:00:00,2.440999999999999
2023-10-04 02:00:00,2.429199999999999
2023-10-04 06:00:00,2.4259999999999984
2023-10-04 07:00:00,2.423799999999999
2023-10-04 08:00:00,2.4227999999999987
2023-10-04 09:00:00,2.4209999999999985
2023-10-04 10:00:00,2.4183999999999983
2023-10-04 11:00:00,2.4144999999999985
2023-10-04 12:00:00,2.420799999999999
2023-10-04 13:00:00,2.4128999999999987
2023-10-04 14:00:00,2.4002999999999988
2023-10-04 15:00:00,2.3439999999999985
2023-10-04 16:00:00,2.333899999999999
2023-10-04 17:00:00,2.3244999999999987
2023-10-04 18:00:00,2.2977999999999987
2023-10-04 19:00:00,2.300699999999999
2023-10-04 20:00:00,2.3058999999999985
2023-10-04 21:00:00,2.3043999999999984
2023-10-04 23:00:00,2.300399999999999
2023-10-05 02:00:00,2.3023999999999987
2023-10-05 04:00:00,2.3062999999999985
2023-10-05 05:00:00,2.3122999999999987
2023-10-05 06:00:00,2.3118999999999987
2023-10-05 07:00:00,2.3108999999999984
2023-10-05 08:00:00,2.3103999999999987
2023-10-05 09:00:00,2.2939999999999987
2023-10-05 10:00:00,2.3038999999999987
2023-10-05 11:00:00,2.2890999999999986
2023-10-05 12:00:00,2.3103999999999987
2023-10-05 13:00:00,2.3055999999999983
2023-10-05 14:00:00,2.2916999999999987
2023-10-05 15:00:00,2.3107999999999986
2023-10-05 16:00:00,2.2799999999999985
2023-10-05 17:00:00,2.3073999999999986
2023-10-05 18:00:00,2.306099999999999
2023-10-05 19:00:00,2.288999999999999
2023-10-05 20:00:00,2.294599999999999
2023-10-05 21:00:00,2.2993999999999986
2023-10-05 23:00:00,2.2913999999999985
2023-10-06 05:00:00,2.307999999999999
2023-10-06 06:00:00,2.3036999999999983
2023-10-06 07:00:00,2.3036999999999983
2023-10-06 08:00:00,2.317499999999999
2023-10-06 09:00:00,2.3097999999999983
2023-10-06 10:00:00,2.3169999999999984
2023-10-06 11:00:00,2.3169999999999984
2023-10-06 12:00:00,2.317899999999999
2023-10-06 13:00:00,2.309499999999999
2023-10-06 14:00:00,2.3013999999999983
2023-10-06 15:00:00,2.288099999999999
2023-10-06 15:00:01,2.288099999999999
2023-10-06 16:00:00,2.307899999999999
2023-10-06 17:00:00,2.3001999999999985
2023-10-06 18:00:00,2.2947999999999986
2023-10-06 19:00:00,2.2985999999999986
2023-10-06 20:00:00,2.296999999999999
2023-10-06 21:00:00,2.2962999999999987
2023-10-06 23:00:00,2.2985999999999986
2023-10-08 23:00:00,2.3516999999999992
2023-10-09 02:00:00,2.3808999999999987
2023-10-09 05:00:00,2.357199999999999
2023-10-09 06:00:00,2.358199999999999
2023-10-09 07:00:00,2.3676999999999992
2023-10-09 08:00:00,2.3474999999999993
2023-10-09 09:00:00,2.3573999999999993
2023-10-09 10:00:00,2.363199999999999
2023-10-09 11:00:00,2.3660999999999985
2023-10-09 12:00:00,2.373099999999999
2023-10-09 13:00:00,2.3595999999999986
2023-10-09 14:00:00,2.342999999999999
2023-10-09 15:00:00,2.3530999999999986
2023-10-09 16:00:00,2.359799999999999
2023-10-09 17:00:00,2.3457999999999988
2023-10-09 18:00:00,2.3367999999999993
2023-10-09 19:00:00,2.350299999999999
2023-10-09 20:00:00,2.349599999999999
2023-10-09 21:00:00,2.353699999999999
2023-10-09 23:00:00,2.352099999999999
2023-10-10 01:00:00,2.3550999999999993
2023-10-10 02:00:00,2.347199999999999
2023-10-10 03:00:00,2.3561999999999985
2023-10-10 06:00:00,2.3561999999999985
2023-10-10 07:00:00,2.3446999999999987
2023-10-10 08:00:00,2.354899999999999
2023-10-10 09:00:00,2.3626999999999985
2023-10-10 10:00:00,2.359499999999999
2023-10-10 11:00:00,2.349599999999999
2023-10-10 12:00:00,2.3447999999999993
2023-10-10 13:00:00,2.3599999999999985
2023-10-10 14:00:00,2.3427999999999987
2023-10-10 15:00:00,2.348299999999999
2023-10-10 16:00:00,2.3550999999999993
2023-10-10 17:00:00,2.3645999999999985
2023-10-10 18:00:00,2.363599999999999
2023-10-10 19:00:00,2.3667999999999987
2023-10-10 20:00:00,2.369299999999999
2023-10-10 21:00:00,2.3728999999999987
2023-10-10 23:00:00,2.368199999999999
2023-10-11 05:00:00,2.378899999999999
2023-10-11 06:00:00,2.379699999999999
2023-10-11 07:00:00,2.3861999999999988
2023-10-11 08:00:00,2.3813999999999993
2023-10-11 09:00:00,2.376899999999999
2023-10-11 10:00:00,2.3736999999999986
2023-10-11 11:00:00,2.381099999999999
2023-10-11 12:00:00,2.3687999999999985
2023-10-11 13:00:00,2.361399999999999
2023-10-11 14:00:00,2.3550999999999993
2023-10-11 15:00:00,2.3351999999999986
2023-10-11 16:00:00,2.328499999999999
2023-10-11 17:00:00,2.336099999999999
2023-10-11 18:00:00,2.3313999999999986
2023-10-11 19:00:00,2.337299999999999
2023-10-11 20:00:00,2.343099999999999
2023-10-11 21:00:00,2.3161999999999985
2023-10-11 23:00:00,2.3306999999999993
2023-10-12 02:00:00,2.3100999999999985
2023-10-12 03:00:00,2.3069999999999986
2023-10-12 07:00:00,2.3173999999999992
2023-10-12 08:00:00,2.330399999999999
2023-10-12 09:00:00,2.338099999999999
2023-10-12 10:00:00,2.341199999999999
2023-10-12 11:00:00,2.334999999999999
2023-10-12 12:00:00,2.3397999999999985
2023-10-12 13:00:00,2.336599999999999
2023-10-12 14:00:00,2.323599999999999
2023-10-12 15:00:00,2.3245999999999993
2023-10-12 16:00:00,2.289999999999999
2023-10-12 17:00:00,2.2863999999999987
2023-10-12 18:00:00,2.285199999999999
2023-10-12 19:00:00,2.2981999999999987
2023-10-12 20:00:00,2.302699999999999
2023-10-12 21:00:00,2.302599999999999
2023-10-12 23:00:00,2.2879999999999985
2023-10-13 01:00:00,2.305299999999999
2023-10-13 06:00:00,2.3104999999999993
2023-10-13 07:00:00,2.319699999999999
2023-10-13 08:00:00,2.334299999999999
2023-10-13 09:00:00,2.3523999999999985
2023-10-13 10:00:00,2.3579999999999988
2023-10-13 11:00:00,2.3596999999999992
2023-10-13 12:00:00,2.3588999999999993
2023-10-13 13:00:00,2.3634999999999993
2023-10-13 14:00:00,2.3610999999999986
2023-10-13 15:00:00,2.368499999999999
2023-10-13 16:00:00,2.372699999999999
2023-10-13 17:00:00,2.380299999999999
2023-10-13 18:00:00,2.386099999999999
2023-10-13 19:00:00,2.386099999999999
2023-10-13 20:00:00,2.385799999999999
2023-10-13 21:00:00,2.3870999999999993
2023-10-13 23:00:00,2.389999999999999
2023-10-16 01:00:00,2.385799999999999
2023-10-16 05:00:00,2.3958999999999993
2023-10-16 06:00:00,2.3865999999999987
2023-10-16 07:00:00,2.3884999999999987
2023-10-16 08:00:00,2.386399999999999
2023-10-16 09:00:00,2.388399999999999
2023-10-16 10:00:00,2.3953999999999986
2023-10-16 11:00:00,2.3950999999999993
2023-10-16 12:00:00,2.396099999999999
2023-10-16 13:00:00,2.410399999999999
2023-10-16 14:00:00,2.3926999999999987
2023-10-16 15:00:00,2.392899999999999
2023-10-16 16:00:00,2.386799999999999
2023-10-16 17:00:00,2.4011999999999993
2023-10-16 18:00:00,2.396299999999999
2023-10-16 19:00:00,2.3977999999999993
2023-10-16 20:00:00,2.4029999999999987
2023-10-16 21:00:00,2.4080999999999992
2023-10-16 23:00:00,2.3946999999999985
2023-10-17 01:00:00,2.404399999999999
2023-10-17 02:00:00,2.3984999999999985
2023-10-17 03:00:00,2.3912999999999993
2023-10-17 05:00:00,2.3995999999999986
2023-10-17 06:00:00,2.397499999999999
2023-10-17 07:00:00,2.402899999999999
2023-10-17 08:00:00,2.401699999999999
2023-10-17 09:00:00,2.4022999999999985
2023-10-17 10:00:00,2.406699999999999
2023-10-17 11:00:00,2.406299999999999
2023-10-17 12:00:00,2.408999999999999
2023-10-17 13:00:00,2.4007999999999985
2023-10-17 14:00:00,2.4049999999999985
2023-10-17 15:00:00,2.406999999999999
2023-10-17 16:00:00,2.394399999999999
2023-10-17 17:00:00,2.3907999999999987
2023-10-17 18:00:00,2.398599999999999
2023-10-17 19:00:00,2.4105999999999987
2023-10-17 20:00:00,2.4160999999999992
2023-10-17 21:00:00,2.4227999999999987
2023-10-17 23:00:00,2.4094999999999986
2023-10-18 03:00:00,2.4457999999999993
2023-10-18 07:00:00,2.434899999999999
2023-10-18 08:00:00,2.439099999999999
2023-10-18 09:00:00,2.444799999999999
2023-10-18 10:00:00,2.4625999999999992
2023-10-18 11:00:00,2.4551999999999987
2023-10-18 12:00:00,2.437199999999999
2023-10-18 13:00:00,2.429899999999999
2023-10-18 14:00:00,2.4354999999999993
2023-10-18 15:00:00,2.453499999999999
2023-10-18 16:00:00,2.4589999999999987
2023-10-18 17:00:00,2.4669999999999987
2023-10-18 18:00:00,2.466799999999999
2023-10-18 19:00:00,2.4724999999999993
2023-10-18 20:00:00,2.471499999999999
2023-10-18 21:00:00,2.4720999999999993
2023-10-18 23:00:00,2.471799999999999
2023-10-19 01:00:00,2.4715999999999987
2023-10-19 07:00:00,2.4692999999999987
2023-10-19 08:00:00,2.4529999999999985
2023-10-19 09:00:00,2.446999999999999
2023-10-19 10:00:00,2.4418999999999986
2023-10-19 11:00:00,2.448599999999999
2023-10-19 12:00:00,2.4544999999999986
2023-10-19 13:00:00,2.454399999999999
2023-10-19 14:00:00,2.461999999999999
2023-10-19 15:00:00,2.471099999999999
2023-10-19 16:00:00,2.474599999999999
2023-10-19 17:00:00,2.4837999999999987
2023-10-19 18:00:00,2.483699999999999
2023-10-19 19:00:00,2.4857999999999993
2023-10-19 20:00:00,2.494999999999999
2023-10-19 21:00:00,2.4906999999999986
2023-10-19 23:00:00,2.4799999999999986
2023-10-20 01:00:00,2.494799999999999
2023-10-20 03:00:00,2.487499999999999
2023-10-20 04:00:00,2.487499999999999
2023-10-20 07:00:00,2.489699999999999
2023-10-20 08:00:00,2.4989999999999988
2023-10-20 09:00:00,2.5013999999999985
2023-10-20 10:00:00,2.504999999999999
2023-10-20 11:00:00,2.5032999999999985
2023-10-20 12:00:00,2.5115999999999987
2023-10-20 13:00:00,2.511499999999999
2023-10-20 14:00:00,2.5054999999999987
2023-10-20 15:00:00,2.5043999999999986
2023-10-20 16:00:00,2.502699999999999
2023-10-20 17:00:00,2.493199999999999
2023-10-20 18:00:00,2.493499999999999
2023-10-20 19:00:00,2.4876999999999985
2023-10-20 20:00:00,2.4894999999999987
2023-10-20 21:00:00,2.4895999999999985
2023-10-20 23:00:00,2.4907999999999992
2023-10-23 01:00:00,2.4833999999999987
2023-10-23 02:00:00,2.466899999999999
2023-10-23 05:00:00,2.4658999999999986
2023-10-23 07:00:00,2.4724999999999993
2023-10-23 08:00:00,2.467599999999999
2023-10-23 09:00:00,2.4834999999999985
2023-10-23 10:00:00,2.4781999999999993
2023-10-23 11:00:00,2.4724999999999993
2023-10-23 12:00:00,2.482599999999999
2023-10-23 13:00:00,2.481699999999999
2023-10-23 14:00:00,2.4693999999999985
2023-10-23 15:00:00,2.482199999999999
2023-10-23 16:00:00,2.4625999999999992
2023-10-23 17:00:00,2.4471999999999987
2023-10-23 18:00:00,2.445099999999999
2023-10-23 19:00:00,2.447399999999999
2023-10-23 20:00:00,2.445499999999999
2023-10-23 21:00:00,2.448999999999999
2023-10-23 23:00:00,2.481699999999999
2023-10-24 01:00:00,2.4518999999999993
2023-10-24 07:00:00,2.445499999999999
2023-10-24 08:00:00,2.454999999999999
2023-10-24 09:00:00,2.4452999999999987
2023-10-24 10:00:00,2.4464999999999986
2023-10-24 11:00:00,2.445499999999999
2023-10-24 12:00:00,2.445499999999999
2023-10-24 13:00:00,2.440299999999999
2023-10-24 14:00:00,2.416899999999999
2023-10-24 15:00:00,2.387599999999999
2023-10-24 16:00:00,2.3766999999999987
2023-10-24 17:00:00,2.3824999999999985
2023-10-24 18:00:00,2.390999999999999
2023-10-24 19:00:00,2.384899999999999
2023-10-24 20:00:00,2.3878999999999992
2023-10-24 21:00:00,2.394899999999999
2023-10-24 23:00:00,2.3896999999999986
2023-10-25 06:00:00,2.391099999999999
2023-10-25 07:00:00,2.388299999999999
2023-10-25 08:00:00,2.385399999999999
2023-10-25 09:00:00,2.403999999999999
2023-10-25 10:00:00,2.4019999999999992
2023-10-25 11:00:00,2.3980999999999986
2023-10-25 12:00:00,2.4086999999999987
2023-10-25 13:00:00,2.4124999999999988
2023-10-25 14:00:00,2.412099999999999
2023-10-25 15:00:00,2.3748999999999985
2023-10-25 16:00:00,2.398599999999999
2023-10-25 17:00:00,2.381599999999999
2023-10-25 18:00:00,2.393299999999999
2023-10-25 19:00:00,2.4072999999999993
2023-10-25 20:00:00,2.4033999999999986
2023-10-25 21:00:00,2.401399999999999
2023-10-25 23:00:00,2.4057999999999993
2023-10-26 01:00:00,2.4057999999999993
2023-10-26 03:00:00,2.3996999999999993
2023-10-26 05:00:00,2.3995999999999986
2023-10-26 06:00:00,2.397499999999999
2023-10-26 08:00:00,2.404299999999999
2023-10-26 09:00:00,2.4010999999999987
2023-10-26 10:00:00,2.400499999999999
2023-10-26 11:00:00,2.3877999999999986
2023-10-26 12:00:00,2.381199999999999
2023-10-26 13:00:00,2.3622999999999985
2023-10-26 14:00:00,2.3847999999999985
2023-10-26 15:00:00,2.3980999999999986
2023-10-26 16:00:00,2.3874999999999993
2023-10-26 17:00:00,2.371999999999999
2023-10-26 18:00:00,2.371699999999999
2023-10-26 19:00:00,2.3809999999999993
2023-10-26 20:00:00,2.3804999999999987
2023-10-26 21:00:00,2.382199999999999
2023-10-26 23:00:00,2.3740999999999985
2023-10-27 01:00:00,2.3740999999999985
2023-10-27 02:00:00,2.388699999999999
2023-10-27 06:00:00,2.411199999999999
2023-10-27 08:00:00,2.407499999999999
2023-10-27 09:00:00,2.4190999999999985
2023-10-27 10:00:00,2.4217999999999993
2023-10-27 11:00:00,2.4175999999999993
2023-10-27 12:00:00,2.4063999999999988
2023-10-27 13:00:00,2.395199999999999
2023-10-27 14:00:00,2.385399999999999
2023-10-27 15:00:00,2.392899999999999
2023-10-27 16:00:00,2.4080999999999992
2023-10-27 17:00:00,2.4194999999999993
2023-10-27 18:00:00,2.4316999999999993
2023-10-27 19:00:00,2.4220999999999986
2023-10-27 20:00:00,2.4330999999999987
2023-10-27 21:00:00,2.4362999999999992
2023-10-27 23:00:00,2.432199999999999
2023-10-29 22:00:00,2.411999999999999
2023-10-30 01:00:00,2.428399999999999
2023-10-30 04:00:00,2.4170999999999987
2023-10-30 06:00:00,2.424999999999999
2023-10-30 07:00:00,2.411599999999999
2023-10-30 08:00:00,2.4133999999999993
2023-10-30 09:00:00,2.414999999999999
2023-10-30 10:00:00,2.4204999999999988
2023-10-30 11:00:00,2.4232999999999993
2023-10-30 12:00:00,2.4061999999999992
2023-10-30 13:00:00,2.422599999999999
2023-10-30 14:00:00,2.3759999999999986
2023-10-30 15:00:00,2.360599999999999
2023-10-30 16:00:00,2.374299999999999
2023-10-30 17:00:00,2.3762999999999987
2023-10-30 18:00:00,2.362899999999999
2023-10-30 19:00:00,2.361699999999999
2023-10-30 20:00:00,2.3603999999999985
2023-10-30 23:00:00,2.353799999999999
2023-10-31 04:00:00,2.357599999999999
2023-10-31 07:00:00,2.357599999999999
2023-10-31 08:00:00,2.368599999999999
2023-10-31 09:00:00,2.366299999999999
2023-10-31 10:00:00,2.366299999999999
2023-10-31 11:00:00,2.369999999999999
2023-10-31 12:00:00,2.3724999999999987
2023-10-31 13:00:00,2.361399999999999
2023-10-31 14:00:00,2.382599999999999
2023-10-31 15:00:00,2.381599999999999
2023-10-31 16:00:00,2.368499999999999
2023-10-31 17:00:00,2.349499999999999
2023-10-31 18:00:00,2.3542999999999985
2023-10-31 19:00:00,2.3561999999999985
2023-10-31 20:00:00,2.360899999999999
2023-10-31 23:00:00,2.3542999999999985
2023-11-01 02:00:00,2.3579999999999988
2023-11-01 06:00:00,2.3579999999999988
2023-11-01 07:00:00,2.360899999999999
2023-11-01 08:00:00,2.360899999999999
2023-11-01 09:00:00,2.374999999999999
2023-11-01 10:00:00,2.381999999999999
2023-11-01 11:00:00,2.3866999999999985
2023-11-01 12:00:00,2.396099999999999
2023-11-01 13:00:00,2.4132999999999987
2023-11-01 14:00:00,2.400999999999999
2023-11-01 15:00:00,2.3729999999999993
2023-11-01 16:00:00,2.364299999999999
2023-11-01 17:00:00,2.3443999999999985
2023-11-01 18:00:00,2.323599999999999
2023-11-01 19:00:00,2.328599999999999
2023-11-01 20:00:00,2.331999999999999
2023-11-01 23:00:00,2.322499999999999
2023-11-02 04:00:00,2.3375999999999992
2023-11-02 06:00:00,2.3375999999999992
2023-11-02 07:00:00,2.343499999999999
2023-11-02 08:00:00,2.3493999999999993
2023-11-02 09:00:00,2.3531999999999993
2023-11-02 10:00:00,2.346499999999999
2023-11-02 11:00:00,2.3432999999999993
2023-11-02 12:00:00,2.3390999999999993
2023-11-02 13:00:00,2.3560999999999988
2023-11-02 14:00:00,2.3531999999999993
2023-11-02 15:00:00,2.3779999999999992
2023-11-02 15:00:01,2.3779999999999992
2023-11-02 16:00:00,2.3748999999999993
2023-11-02 17:00:00,2.3854999999999986
2023-11-02 18:00:00,2.383899999999999
2023-11-02 19:00:00,2.381599999999999
2023-11-02 20:00:00,2.3805999999999994
2023-11-02 23:00:00,2.3817999999999993
2023-11-03 02:00:00,2.386899999999999
2023-11-03 07:00:00,2.393399999999999
2023-11-03 08:00:00,2.3900999999999994
2023-11-03 09:00:00,2.3770999999999987
2023-11-03 10:00:00,2.373899999999999
2023-11-03 11:00:00,2.386399999999999
2023-11-03 12:00:00,2.389499999999999
2023-11-03 13:00:00,2.364399999999999
2023-11-03 14:00:00,2.332299999999999
2023-11-03 15:00:00,2.358599999999999
2023-11-03 16:00:00,2.339299999999999
2023-11-03 17:00:00,2.3386999999999993
2023-11-03 18:00:00,2.3375999999999992
2023-11-03 19:00:00,2.337999999999999
2023-11-03 20:00:00,2.336099999999999
2023-11-03 23:00:00,2.336199999999999
2023-11-05 23:00:00,2.3416999999999994
2023-11-06 07:00:00,2.349599999999999
2023-11-06 08:00:00,2.3649999999999993
2023-11-06 09:00:00,2.362499999999999
2023-11-06 10:00:00,2.3663999999999987
2023-11-06 11:00:00,2.3648999999999987
2023-11-06 12:00:00,2.3622999999999994
2023-11-06 13:00:00,2.3645999999999994
2023-11-06 14:00:00,2.378499999999999
2023-11-06 15:00:00,2.3739999999999988
2023-11-06 16:00:00,2.3808999999999987
2023-11-06 17:00:00,2.388399999999999
2023-11-06 18:00:00,2.377799999999999
2023-11-06 19:00:00,2.375899999999999
2023-11-06 20:00:00,2.370799999999999
2023-11-06 21:00:00,2.370099999999999
2023-11-06 23:00:00,2.339999999999999
2023-11-07 07:00:00,2.350199999999999
2023-11-07 08:00:00,2.332299999999999
2023-11-07 09:00:00,2.320199999999999
2023-11-07 10:00:00,2.3253999999999992
2023-11-07 11:00:00,2.3297999999999988
2023-11-07 12:00:00,2.3306999999999993
2023-11-07 13:00:00,2.329399999999999
2023-11-07 14:00:00,2.304099999999999
2023-11-07 15:00:00,2.304499999999999
2023-11-07 16:00:00,2.3020999999999994
2023-11-07 17:00:00,2.296099999999999
2023-11-07 18:00:00,2.2985999999999986
2023-11-07 19:00:00,2.294699999999999
2023-11-07 20:00:00,2.296199999999999
2023-11-07 21:00:00,2.290799999999999
2023-11-07 23:00:00,2.2943999999999987
2023-11-08 07:00:00,2.2967999999999993
2023-11-08 08:00:00,2.2974999999999994
2023-11-08 09:00:00,2.293099999999999
2023-11-08 10:00:00,2.284399999999999
2023-11-08 11:00:00,2.2867999999999986
2023-11-08 12:00:00,2.2746999999999993
2023-11-08 13:00:00,2.2924999999999986
2023-11-08 14:00:00,2.291199999999999
2023-11-08 15:00:00,2.267999999999999
2023-11-08 16:00:00,2.2608999999999995
2023-11-08 17:00:00,2.2506999999999993
2023-11-08 18:00:00,2.257699999999999
2023-11-08 19:00:00,2.255399999999999
2023-11-08 20:00:00,2.260399999999999
2023-11-08 21:00:00,2.2612999999999994
2023-11-08 23:00:00,2.252299999999999
2023-11-09 06:00:00,2.2589999999999995
2023-11-09 08:00:00,2.264499999999999
2023-11-09 09:00:00,2.265999999999999
2023-11-09 10:00:00,2.2646999999999995
2023-11-09 11:00:00,2.260799999999999
2023-11-09 12:00:00,2.2670999999999992
2023-11-09 13:00:00,2.2746999999999993
2023-11-09 14:00:00,2.281299999999999
2023-11-09 15:00:00,2.3000999999999987
2023-11-09 16:00:00,2.283599999999999
2023-11-09 17:00:00,2.2799999999999994
2023-11-09 18:00:00,2.285099999999999
2023-11-09 19:00:00,2.2707999999999995
2023-11-09 20:00:00,2.275499999999999
2023-11-09 21:00:00,2.2787999999999995
2023-11-09 23:00:00,2.278299999999999
2023-11-10 01:00:00,2.2817999999999987
2023-11-10 04:00:00,2.2936999999999994
2023-11-10 06:00:00,2.2936999999999994
2023-11-10 07:00:00,2.2916999999999987
2023-11-10 08:00:00,2.2967999999999993
2023-11-10 09:00:00,2.2993999999999994
2023-11-10 10:00:00,2.302999999999999
2023-11-10 11:00:00,2.304599999999999
2023-11-10 12:00:00,2.3066999999999993
2023-11-10 13:00:00,2.3054999999999994
2023-11-10 14:00:00,2.314399999999999
2023-11-10 15:00:00,2.307599999999999
2023-11-10 16:00:00,2.310199999999999
2023-11-10 17:00:00,2.3150999999999993
2023-11-10 18:00:00,2.316399999999999
2023-11-10 19:00:00,2.305599999999999
2023-11-10 20:00:00,2.306099999999999
2023-11-10 21:00:00,2.3057999999999987
2023-11-10 23:00:00,2.307999999999999
2023-11-13 01:00:00,2.2822999999999993
2023-11-13 06:00:00,2.279699999999999
2023-11-13 07:00:00,2.281999999999999
2023-11-13 08:00:00,2.285899999999999
2023-11-13 09:00:00,2.3016999999999994
2023-11-13 10:00:00,2.3057999999999987
2023-11-13 11:00:00,2.3070999999999993
2023-11-13 12:00:00,2.305299999999999
2023-11-13 13:00:00,2.3061999999999987
2023-11-13 14:00:00,2.320199999999999
2023-11-13 15:00:00,2.321699999999999
2023-11-13 16:00:00,2.347199999999999
2023-11-13 17:00:00,2.3512999999999993
2023-11-13 18:00:00,2.3512999999999993
2023-11-13 19:00:00,2.355299999999999
2023-11-13 20:00:00,2.355999999999999
2023-11-13 21:00:00,2.355199999999999
2023-11-13 23:00:00,2.350999999999999
2023-11-14 06:00:00,2.354499999999999
2023-11-14 07:00:00,2.352099999999999
2023-11-14 08:00:00,2.3542999999999994
2023-11-14 09:00:00,2.350299999999999
2023-11-14 10:00:00,2.354099999999999
2023-11-14 11:00:00,2.3454999999999995
2023-11-14 12:00:00,2.3443999999999994
2023-11-14 13:00:00,2.3676999999999992
2023-11-14 14:00:00,2.3836999999999993
2023-11-14 15:00:00,2.379999999999999
2023-11-14 16:00:00,2.3720999999999988
2023-11-14 17:00:00,2.3508999999999993
2023-11-14 18:00:00,2.347199999999999
2023-11-14 19:00:00,2.3416999999999994
2023-11-14 20:00:00,2.3401999999999994
2023-11-14 21:00:00,2.3400999999999987
2023-11-14 23:00:00,2.342299999999999
2023-11-15 05:00:00,2.349499999999999
2023-11-15 06:00:00,2.349199999999999
2023-11-15 07:00:00,2.3375999999999992
2023-11-15 08:00:00,2.3377999999999988
2023-11-15 09:00:00,2.321699999999999
2023-11-15 10:00:00,2.323199999999999
2023-11-15 11:00:00,2.318299999999999
2023-11-15 12:00:00,2.319499999999999
2023-11-15 13:00:00,2.3038999999999987
2023-11-15 14:00:00,2.306099999999999
2023-11-15 15:00:00,2.323999999999999
2023-11-15 16:00:00,2.320199999999999
2023-11-15 17:00:00,2.3283999999999994
2023-11-15 18:00:00,2.318699999999999
2023-11-15 19:00:00,2.3173999999999992
2023-11-15 20:00:00,2.317799999999999
2023-11-15 21:00:00,2.319099999999999
2023-11-15 23:00:00,2.321999999999999
2023-11-16 01:00:00,2.306499999999999
2023-11-16 07:00:00,2.305699999999999
2023-11-16 08:00:00,2.3051999999999992
2023-11-16 09:00:00,2.302699999999999
2023-11-16 10:00:00,2.3065999999999987
2023-11-16 11:00:00,2.298899999999999
2023-11-16 12:00:00,2.2929999999999993
2023-11-16 13:00:00,2.3020999999999994
2023-11-16 14:00:00,2.250799999999999
2023-11-16 15:00:00,2.244799999999999
2023-11-16 16:00:00,2.2311999999999994
2023-11-16 17:00:00,2.2129999999999987
2023-11-16 18:00:00,2.2218999999999984
2023-11-16 19:00:00,2.2157999999999984
2023-11-16 20:00:00,2.2169999999999983
2023-11-16 21:00:00,2.2191999999999985
2023-11-16 23:00:00,2.2176999999999985
2023-11-17 03:00:00,2.2228999999999988
2023-11-17 07:00:00,2.2145999999999986
2023-11-17 08:00:00,2.2229999999999985
2023-11-17 09:00:00,2.2234999999999983
2023-11-17 10:00:00,2.2260999999999984
2023-11-17 11:00:00,2.2323999999999993
2023-11-17 12:00:00,2.239799999999999
2023-11-17 13:00:00,2.239399999999999
2023-11-17 14:00:00,2.2475999999999994
2023-11-17 15:00:00,2.2715999999999994
2023-11-17 16:00:00,2.279299999999999
2023-11-17 17:00:00,2.292399999999999
2023-11-17 18:00:00,2.295399999999999
2023-11-17 19:00:00,2.2940999999999994
2023-11-17 20:00:00,2.292699999999999
2023-11-17 21:00:00,2.291199999999999
2023-11-17 23:00:00,2.296099999999999
2023-11-20 04:00:00,2.3051999999999992
2023-11-20 06:00:00,2.3093999999999992
2023-11-20 07:00:00,2.308299999999999
2023-11-20 08:00:00,2.297299999999999
2023-11-20 09:00:00,2.2996999999999987
2023-11-20 10:00:00,2.314399999999999
2023-11-20 11:00:00,2.3241999999999994
2023-11-20 12:00:00,2.328099999999999
2023-11-20 13:00:00,2.3397999999999994
2023-11-20 14:00:00,2.344999999999999
2023-11-20 15:00:00,2.361299999999999
2023-11-20 16:00:00,2.361799999999999
2023-11-20 17:00:00,2.351799999999999
2023-11-20 18:00:00,2.3457999999999988
2023-11-20 19:00:00,2.3390999999999993
2023-11-20 20:00:00,2.3381999999999987
2023-11-20 21:00:00,2.335699999999999
2023-11-20 23:00:00,2.338899999999999
2023-11-21 01:00:00,2.338899999999999
2023-11-21 05:00:00,2.3336999999999994
2023-11-21 06:00:00,2.328199999999999
2023-11-21 08:00:00,2.3271999999999995
2023-11-21 09:00:00,2.323999999999999
2023-11-21 10:00:00,2.323899999999999
2023-11-21 11:00:00,2.327499999999999
2023-11-21 12:00:00,2.323199999999999
2023-11-21 13:00:00,2.313699999999999
2023-11-21 14:00:00,2.3210999999999986
2023-11-21 15:00:00,2.324699999999999
2023-11-21 16:00:00,2.335799999999999
2023-11-21 17:00:00,2.3351999999999986
2023-11-21 18:00:00,2.346799999999999
2023-11-21 19:00:00,2.352599999999999
2023-11-21 20:00:00,2.351399999999999
2023-11-21 21:00:00,2.3516999999999992
2023-11-21 23:00:00,2.3496999999999995
2023-11-22 03:00:00,2.3496999999999995
2023-11-22 04:00:00,2.348699999999999
2023-11-22 07:00:00,2.354499999999999
2023-11-22 08:00:00,2.3530999999999986
2023-11-22 09:00:00,2.3481999999999994
2023-11-22 10:00:00,2.3481999999999994
2023-11-22 11:00:00,2.341099999999999
2023-11-22 12:00:00,2.316799999999999
2023-11-22 13:00:00,2.281699999999999
2023-11-22 14:00:00,2.2628999999999992
2023-11-22 15:00:00,2.2593999999999994
2023-11-22 16:00:00,2.270699999999999
2023-11-22 17:00:00,2.3016999999999994
2023-11-22 18:00:00,2.325099999999999
2023-11-22 19:00:00,2.3302999999999994
2023-11-22 20:00:00,2.3333999999999993
2023-11-22 21:00:00,2.333499999999999
2023-11-22 23:00:00,2.3374999999999995
2023-11-23 01:00:00,2.311699999999999
2023-11-23 08:00:00,2.3221999999999987
2023-11-23 09:00:00,2.311699999999999
2023-11-23 10:00:00,2.3226999999999993
2023-11-23 11:00:00,2.3192999999999993
2023-11-23 12:00:00,2.3214999999999995
2023-11-23 13:00:00,2.3141999999999987
2023-11-23 14:00:00,2.3050999999999995
2023-11-23 15:00:00,2.3145999999999987
2023-11-23 16:00:00,2.3183999999999987
2023-11-23 17:00:00,2.3236999999999988
2023-11-23 18:00:00,2.3241999999999994
2023-11-23 23:00:00,2.329699999999999
2023-11-24 05:00:00,2.325199999999999
2023-11-24 06:00:00,2.3236999999999988
2023-11-24 07:00:00,2.3225999999999987
2023-11-24 08:00:00,2.320099999999999
2023-11-24 09:00:00,2.3225999999999987
2023-11-24 10:00:00,2.327399999999999
2023-11-24 12:00:00,2.3241999999999994
2023-11-24 13:00:00,2.311699999999999
2023-11-24 14:00:00,2.337999999999999
2023-11-24 15:00:00,2.341199999999999
2023-11-24 16:00:00,2.319499999999999
2023-11-24 17:00:00,2.300399999999999
2023-11-24 18:00:00,2.281699999999999
2023-11-24 23:00:00,2.278299999999999
2023-11-27 05:00:00,2.265199999999999
2023-11-27 06:00:00,2.265199999999999
2023-11-27 07:00:00,2.2742999999999993
2023-11-27 08:00:00,2.2764999999999986
2023-11-27 09:00:00,2.2761999999999993
2023-11-27 10:00:00,2.2601999999999993
2023-11-27 11:00:00,2.2670999999999992
2023-11-27 12:00:00,2.277099999999999
2023-11-27 13:00:00,2.2844999999999986
2023-11-27 14:00:00,2.297699999999999
2023-11-27 15:00:00,2.309099999999999
2023-11-27 16:00:00,2.299899999999999
2023-11-27 17:00:00,2.2978999999999994
2023-11-27 18:00:00,2.2929999999999993
2023-11-27 19:00:00,2.2902999999999993
2023-11-27 20:00:00,2.293099999999999
2023-11-27 21:00:00,2.297299999999999
2023-11-27 23:00:00,2.287099999999999
2023-11-28 01:00:00,2.287099999999999
2023-11-28 03:00:00,2.305699999999999
2023-11-28 07:00:00,2.304499999999999
2023-11-28 08:00:00,2.313699999999999
2023-11-28 09:00:00,2.3179999999999987
2023-11-28 10:00:00,2.3180999999999994
2023-11-28 11:00:00,2.3130999999999995
2023-11-28 12:00:00,2.3130999999999995
2023-11-28 13:00:00,2.3050999999999995
2023-11-28 14:00:00,2.299999999999999
2023-11-28 15:00:00,2.327699999999999
2023-11-28 16:00:00,2.341499999999999
2023-11-28 17:00:00,2.346099999999999
2023-11-28 18:00:00,2.334599999999999
2023-11-28 19:00:00,2.3371999999999993
2023-11-28 20:00:00,2.3375999999999992
2023-11-28 21:00:00,2.3412999999999995
2023-11-28 23:00:00,2.334299999999999
2023-11-29 01:00:00,2.353399999999999
2023-11-29 02:00:00,2.3454999999999995
2023-11-29 07:00:00,2.3454999999999995
2023-11-29 08:00:00,2.342999999999999
2023-11-29 09:00:00,2.3516999999999992
2023-11-29 10:00:00,2.3481999999999994
2023-11-29 11:00:00,2.3481999999999994
2023-11-29 12:00:00,2.3607999999999993
2023-11-29 13:00:00,2.3572999999999986
2023-11-29 14:00:00,2.3317999999999994
2023-11-29 15:00:00,2.318199999999999
2023-11-29 15:00:01,2.318199999999999
2023-11-29 16:00:00,2.350299999999999
2023-11-29 17:00:00,2.3633999999999986
2023-11-29 18:00:00,2.369799999999999
2023-11-29 19:00:00,2.3866999999999994
2023-11-29 20:00:00,2.382299999999999
2023-11-29 21:00:00,2.3805999999999994
2023-11-29 23:00:00,2.3851999999999993
2023-11-30 04:00:00,2.3923999999999994
2023-11-30 07:00:00,2.3965999999999994
2023-11-30 08:00:00,2.389999999999999
2023-11-30 09:00:00,2.391499999999999
2023-11-30 10:00:00,2.408599999999999
2023-11-30 11:00:00,2.3843999999999994
2023-11-30 12:00:00,2.3903999999999987
2023-11-30 13:00:00,2.396699999999999
2023-11-30 14:00:00,2.391399999999999
2023-11-30 15:00:00,2.3583999999999987
2023-11-30 16:00:00,2.304199999999999
2023-11-30 17:00:00,2.335399999999999
2023-11-30 18:00:00,2.323299999999999
2023-11-30 19:00:00,2.315899999999999
2023-11-30 20:00:00,2.2990999999999993
2023-11-30 21:00:00,2.306899999999999
2023-11-30 23:00:00,2.320099999999999
2023-12-01 01:00:00,2.307199999999999
2023-12-01 07:00:00,2.3104999999999993
2023-12-01 08:00:00,2.3069999999999986
2023-12-01 09:00:00,2.3111999999999986
2023-12-01 10:00:00,2.3236999999999988
2023-12-01 11:00:00,2.3214999999999986
2023-12-01 12:00:00,2.317499999999999
2023-12-01 13:00:00,2.328999999999999
2023-12-01 14:00:00,2.330799999999999
2023-12-01 15:00:00,2.3176999999999985
2023-12-01 16:00:00,2.3321999999999994
2023-12-01 17:00:00,2.334299999999999
2023-12-01 18:00:00,2.278999999999999
2023-12-01 19:00:00,2.276299999999999
2023-12-01 20:00:00,2.273999999999999
2023-12-01 21:00:00,2.274399999999999
2023-12-01 23:00:00,2.267899999999999
2023-12-04 01:00:00,2.2688999999999986
2023-12-04 06:00:00,2.2471999999999994
2023-12-04 07:00:00,2.2471999999999994
2023-12-04 08:00:00,2.246599999999999
2023-12-04 09:00:00,2.258799999999999
2023-12-04 10:00:00,2.257999999999999
2023-12-04 11:00:00,2.263699999999999
2023-12-04 12:00:00,2.260799999999999
2023-12-04 13:00:00,2.253499999999999
2023-12-04 14:00:00,2.254599999999999
2023-12-04 15:00:00,2.293899999999999
2023-12-04 16:00:00,2.281299999999999
2023-12-04 17:00:00,2.2855999999999987
2023-12-04 18:00:00,2.269499999999999
2023-12-04 19:00:00,2.286199999999999
2023-12-04 20:00:00,2.286699999999999
2023-12-04 21:00:00,2.2871999999999986
2023-12-04 23:00:00,2.2765999999999993
2023-12-05 01:00:00,2.2890999999999986
2023-12-05 02:00:00,2.2830999999999992
2023-12-05 04:00:00,2.279399999999999
2023-12-05 05:00:00,2.284299999999999
2023-12-05 06:00:00,2.2841999999999993
2023-12-05 07:00:00,2.2821999999999987
2023-12-05 08:00:00,2.2929999999999993
2023-12-05 09:00:00,2.288199999999999
2023-12-05 11:00:00,2.2863999999999987
2023-12-05 12:00:00,2.277499999999999
2023-12-05 13:00:00,2.2769999999999992
2023-12-05 14:00:00,2.2977999999999987
2023-12-05 15:00:00,2.2863999999999987
2023-12-05 16:00:00,2.279399999999999
2023-12-05 17:00:00,2.261899999999999
2023-12-05 18:00:00,2.2578999999999994
2023-12-05 19:00:00,2.2535999999999987
2023-12-05 20:00:00,2.2550999999999988
2023-12-05 21:00:00,2.254199999999999
2023-12-05 23:00:00,2.2550999999999988
2023-12-06 03:00:00,2.259199999999999
2023-12-06 07:00:00,2.2550999999999988
2023-12-06 08:00:00,2.249999999999999
2023-12-06 09:00:00,2.242899999999999
2023-12-06 10:00:00,2.2311999999999994
2023-12-06 11:00:00,2.230599999999999
2023-12-06 12:00:00,2.231399999999999
2023-12-06 13:00:00,2.2244999999999986
2023-12-06 14:00:00,2.2026999999999988
2023-12-06 15:00:00,2.1920999999999986
2023-12-06 16:00:00,2.173599999999998
2023-12-06 17:00:00,2.1805999999999988
2023-12-06 18:00:00,2.180899999999999
2023-12-06 19:00:00,2.1773999999999982
2023-12-06 20:00:00,2.1792999999999982
2023-12-06 21:00:00,2.1792999999999982
2023-12-06 23:00:00,2.1764999999999985
2023-12-07 05:00:00,2.183599999999999
2023-12-07 06:00:00,2.1871999999999985
2023-12-07 07:00:00,2.190799999999999
2023-12-07 08:00:00,2.1863999999999986
2023-12-07 09:00:00,2.188499999999998
2023-12-07 10:00:00,2.1887999999999983
2023-12-07 11:00:00,2.1833999999999985
2023-12-07 12:00:00,2.186299999999999
2023-12-07 13:00:00,2.1925999999999983
2023-12-07 14:00:00,2.1792999999999982
2023-12-07 15:00:00,2.178999999999999
2023-12-07 16:00:00,2.161299999999999
2023-12-07 17:00:00,2.158999999999999
2023-12-07 18:00:00,2.163199999999999
2023-12-07 19:00:00,2.1590999999999987
2023-12-07 20:00:00,2.1621999999999986
2023-12-07 21:00:00,2.1575999999999986
2023-12-07 23:00:00,2.1507999999999985
2023-12-08 01:00:00,2.1582999999999988
2023-12-08 05:00:00,2.1841999999999984
2023-12-08 08:00:00,2.1927999999999988
2023-12-08 09:00:00,2.193799999999998
2023-12-08 10:00:00,2.1887999999999983
2023-12-08 11:00:00,2.1910999999999983
2023-12-08 12:00:00,2.1971999999999983
2023-12-08 13:00:00,2.1969999999999987
2023-12-08 14:00:00,2.1951999999999985
2023-12-08 15:00:00,2.2072999999999987
2023-12-08 16:00:00,2.2024999999999983
2023-12-08 17:00:00,2.196099999999998
2023-12-08 18:00:00,2.2013999999999982
2023-12-08 19:00:00,2.2042999999999986
2023-12-08 20:00:00,2.207199999999999
2023-12-08 21:00:00,2.207899999999998
2023-12-08 23:00:00,2.199899999999998
2023-12-11 07:00:00,2.2137999999999987
2023-12-11 08:00:00,2.210599999999998
2023-12-11 09:00:00,2.1990999999999983
2023-12-11 10:00:00,2.193899999999999
2023-12-11 11:00:00,2.1871999999999985
2023-12-11 12:00:00,2.2000999999999986
2023-12-11 13:00:00,2.1943999999999986
2023-12-11 14:00:00,2.2016999999999984
2023-12-11 15:00:00,2.1977999999999986
2023-12-11 16:00:00,2.2007999999999988
2023-12-11 17:00:00,2.197999999999998
2023-12-11 18:00:00,2.2053999999999987
2023-12-11 19:00:00,2.198099999999999
2023-12-11 21:00:00,2.2001999999999984
2023-12-11 23:00:00,2.2092999999999985
2023-12-12 05:00:00,2.2088999999999985
2023-12-12 06:00:00,2.209099999999999
2023-12-12 07:00:00,2.2081999999999984
2023-12-12 08:00:00,2.203699999999998
2023-12-12 09:00:00,2.203699999999998
2023-12-12 10:00:00,2.1962999999999986
2023-12-12 11:00:00,2.1967999999999983
2023-12-12 12:00:00,2.186999999999999
2023-12-12 13:00:00,2.169499999999999
2023-12-12 14:00:00,2.149499999999999
2023-12-12 15:00:00,2.1438999999999986
2023-12-12 16:00:00,2.137699999999999
2023-12-12 17:00:00,2.138399999999999
2023-12-12 18:00:00,2.1301999999999985
2023-12-12 19:00:00,2.1415999999999986
2023-12-12 20:00:00,2.1424999999999983
2023-12-12 21:00:00,2.1465999999999985
2023-12-12 23:00:00,2.1354999999999986
2023-12-13 01:00:00,2.1384999999999987
2023-12-13 05:00:00,2.1386999999999983
2023-12-13 06:00:00,2.1281999999999988
2023-12-13 07:00:00,2.1304999999999987
2023-12-13 08:00:00,2.125799999999998
2023-12-13 09:00:00,2.131599999999999
2023-12-13 10:00:00,2.1363999999999983
2023-12-13 11:00:00,2.138399999999999
2023-12-13 12:00:00,2.1427999999999985
2023-12-13 13:00:00,2.147999999999999
2023-12-13 14:00:00,2.1481999999999983
2023-12-13 15:00:00,2.1673999999999984
2023-12-13 16:00:00,2.180099999999998
2023-12-13 17:00:00,2.169099999999999
2023-12-13 18:00:00,2.173599999999998
2023-12-13 19:00:00,2.1780999999999984
2023-12-13 20:00:00,2.1859999999999986
2023-12-13 21:00:00,2.1943999999999986
2023-12-13 23:00:00,2.181299999999999
2023-12-14 01:00:00,2.2026999999999988
2023-12-14 05:00:00,2.1916999999999986
2023-12-14 08:00:00,2.2099999999999986
2023-12-14 09:00:00,2.219799999999999
2023-12-14 10:00:00,2.2199999999999984
2023-12-14 11:00:00,2.2210999999999985
2023-12-14 12:00:00,2.226199999999998
2023-12-14 13:00:00,2.238999999999999
2023-12-14 14:00:00,2.257999999999999
2023-12-14 15:00:00,2.2550999999999988
2023-12-14 16:00:00,2.2573999999999987
2023-12-14 17:00:00,2.271799999999999
2023-12-14 18:00:00,2.277399999999999
2023-12-14 19:00:00,2.2665999999999986
2023-12-14 20:00:00,2.273299999999999
2023-12-14 21:00:00,2.273999999999999
2023-12-14 23:00:00,2.2714999999999987
2023-12-15 06:00:00,2.2738999999999994
2023-12-15 07:00:00,2.275599999999999
2023-12-15 08:00:00,2.276399999999999
2023-12-15 09:00:00,2.273699999999999
2023-12-15 10:00:00,2.2791999999999986
2023-12-15 11:00:00,2.273999999999999
2023-12-15 12:00:00,2.282799999999999
2023-12-15 13:00:00,2.285899999999999
2023-12-15 14:00:00,2.274399999999999
2023-12-15 15:00:00,2.2689999999999992
2023-12-15 16:00:00,2.285399999999999
2023-12-15 17:00:00,2.304199999999999
2023-12-15 18:00:00,2.301199999999999
2023-12-15 19:00:00,2.2864999999999993
2023-12-15 20:00:00,2.287099999999999
2023-12-15 21:00:00,2.2886999999999986
2023-12-15 23:00:00,2.2898999999999994
2023-12-17 23:00:00,2.2997999999999994
2023-12-18 05:00:00,2.2898999999999994
2023-12-18 07:00:00,2.2893999999999988
2023-12-18 08:00:00,2.283999999999999
2023-12-18 09:00:00,2.266099999999999
2023-12-18 10:00:00,2.262699999999999
2023-12-18 11:00:00,2.3004999999999987
2023-12-18 12:00:00,2.3112999999999992
2023-12-18 13:00:00,2.333899999999999
2023-12-18 14:00:00,2.3649999999999993
2023-12-18 15:00:00,2.339899999999999
2023-12-18 16:00:00,2.3333999999999993
2023-12-18 17:00:00,2.334299999999999
2023-12-18 18:00:00,2.3165999999999993
2023-12-18 19:00:00,2.319099999999999
2023-12-18 20:00:00,2.323299999999999
2023-12-18 21:00:00,2.320099999999999
2023-12-18 23:00:00,2.309799999999999
2023-12-19 03:00:00,2.3241999999999994
2023-12-19 06:00:00,2.326699999999999
2023-12-19 07:00:00,2.321599999999999
2023-12-19 08:00:00,2.3142999999999994
2023-12-19 09:00:00,2.305399999999999
2023-12-19 10:00:00,2.304599999999999
2023-12-19 11:00:00,2.3062999999999994
2023-12-19 12:00:00,2.294599999999999
2023-12-19 13:00:00,2.296199999999999
2023-12-19 14:00:00,2.3275999999999986
2023-12-19 15:00:00,2.336199999999999
2023-12-19 15:00:01,2.336199999999999
2023-12-19 16:00:00,2.343499999999999
2023-12-19 17:00:00,2.3507999999999987
2023-12-19 18:00:00,2.346399999999999
2023-12-19 19:00:00,2.350599999999999
2023-12-19 20:00:00,2.352999999999999
2023-12-19 21:00:00,2.3462999999999994
2023-12-19 23:00:00,2.347299999999999
2023-12-20 07:00:00,2.341899999999999
2023-12-20 08:00:00,2.3470999999999993
2023-12-20 09:00:00,2.347299999999999
2023-12-20 10:00:00,2.3554999999999993
2023-12-20 11:00:00,2.351099999999999
2023-12-20 12:00:00,2.3470999999999993
2023-12-20 13:00:00,2.3565999999999994
2023-12-20 14:00:00,2.3596999999999992
2023-12-20 15:00:00,2.3431999999999986
2023-12-20 16:00:00,2.344199999999999
2023-12-20 17:00:00,2.329699999999999
2023-12-20 18:00:00,2.3347999999999987
2023-12-20 19:00:00,2.3431999999999986
2023-12-20 20:00:00,2.3332999999999986
2023-12-20 21:00:00,2.3295999999999992
2023-12-20 23:00:00,2.346799999999999
2023-12-21 01:00:00,2.328899999999999
2023-12-21 07:00:00,2.3332999999999986
2023-12-21 08:00:00,2.339599999999999
2023-12-21 09:00:00,2.3340999999999994
2023-12-21 10:00:00,2.317199999999999
2023-12-21 11:00:00,2.3191999999999986
2023-12-21 12:00:00,2.307899999999999
2023-12-21 13:00:00,2.2943999999999987
2023-12-21 14:00:00,2.3084999999999987
2023-12-21 15:00:00,2.3154999999999992
2023-12-21 16:00:00,2.305299999999999
2023-12-21 17:00:00,2.3004999999999987
2023-12-21 18:00:00,2.301899999999999
2023-12-21 19:00:00,2.3099999999999987
2023-12-21 20:00:00,2.3188999999999993
2023-12-21 21:00:00,2.319399999999999
2023-12-21 23:00:00,2.3111999999999986
2023-12-22 01:00:00,2.316699999999999
2023-12-22 02:00:00,2.3244999999999987
2023-12-22 06:00:00,2.3199999999999994
2023-12-22 08:00:00,2.325599999999999
2023-12-22 09:00:00,2.3226999999999993
2023-12-22 10:00:00,2.318999999999999
2023-12-22 11:00:00,2.322099999999999
2023-12-22 12:00:00,2.320199999999999
2023-12-22 13:00:00,2.3447999999999993
2023-12-22 14:00:00,2.3385999999999987
2023-12-22 15:00:00,2.3122999999999987
2023-12-22 16:00:00,2.301799999999999
2023-12-22 17:00:00,2.304599999999999
2023-12-22 18:00:00,2.300699999999999
2023-12-22 19:00:00,2.287399999999999
2023-12-22 23:00:00,2.2874999999999988
2023-12-26 01:00:00,2.3070999999999993
2023-12-26 06:00:00,2.289599999999999
2023-12-26 08:00:00,2.277399999999999
2023-12-26 09:00:00,2.2849999999999993
2023-12-26 10:00:00,2.286199999999999
2023-12-26 12:00:00,2.2935999999999988
2023-12-26 13:00:00,2.3160999999999987
2023-12-26 14:00:00,2.324399999999999
2023-12-26 15:00:00,2.3217999999999988
2023-12-26 16:00:00,2.3309999999999986
2023-12-26 17:00:00,2.326299999999999
2023-12-26 18:00:00,2.332299999999999
2023-12-26 19:00:00,2.3198999999999987
2023-12-26 20:00:00,2.3169999999999993
2023-12-26 21:00:00,2.314399999999999
2023-12-26 23:00:00,2.320099999999999
2023-12-27 06:00:00,2.3187999999999986
2023-12-27 07:00:00,2.324299999999999
2023-12-27 08:00:00,2.326199999999999
2023-12-27 09:00:00,2.330899999999999
2023-12-27 10:00:00,2.319799999999999
2023-12-27 11:00:00,2.314899999999999
2023-12-27 12:00:00,2.320999999999999
2023-12-27 13:00:00,2.324399999999999
2023-12-27 14:00:00,2.327699999999999
2023-12-27 15:00:00,2.345399999999999
2023-12-27 16:00:00,2.323999999999999
2023-12-27 17:00:00,2.3192999999999993
2023-12-27 18:00:00,2.318299999999999
2023-12-27 19:00:00,2.306099999999999
2023-12-27 20:00:00,2.302299999999999
2023-12-27 21:00:00,2.2986999999999993
2023-12-27 23:00:00,2.305999999999999
2023-12-28 03:00:00,2.3057999999999987
2023-12-28 04:00:00,2.304899999999999
2023-12-28 08:00:00,2.3032999999999992
2023-12-28 09:00:00,2.2967999999999993
2023-12-28 10:00:00,2.286999999999999
2023-12-28 13:00:00,2.2982999999999993
2023-12-28 14:00:00,2.2883999999999993
2023-12-28 15:00:00,2.282899999999999
2023-12-28 16:00:00,2.285899999999999
2023-12-28 17:00:00,2.283899999999999
2023-12-28 18:00:00,2.2680999999999987
2023-12-28 19:00:00,2.255399999999999
2023-12-28 20:00:00,2.2544999999999993
2023-12-28 21:00:00,2.2558999999999987
2023-12-28 23:00:00,2.2479999999999993
2023-12-29 04:00:00,2.2608999999999986
2023-12-29 05:00:00,2.2643999999999993
2023-12-29 07:00:00,2.259999999999999
2023-12-29 08:00:00,2.2666999999999993
2023-12-29 09:00:00,2.2691999999999988
2023-12-29 10:00:00,2.264199999999999
2023-12-29 11:00:00,2.2647999999999993
2023-12-29 12:00:00,2.2600999999999987
2023-12-29 13:00:00,2.256899999999999
2023-12-29 14:00:00,2.278599999999999
2023-12-29 15:00:00,2.269099999999999
2023-12-29 16:00:00,2.269799999999999
2023-12-29 17:00:00,2.2757999999999994
2023-12-29 18:00:00,2.2764999999999986
2023-12-29 19:00:00,2.246699999999999
2023-12-29 23:00:00,2.2520999999999987
2024-01-02 01:00:00,2.293099999999999
2024-01-02 06:00:00,2.296199999999999
2024-01-02 07:00:00,2.290899999999999
2024-01-02 08:00:00,2.2826999999999993
2024-01-02 09:00:00,2.2936999999999994
2024-01-02 10:00:00,2.305599999999999
2024-01-02 11:00:00,2.295699999999999
2024-01-02 12:00:00,2.3019999999999987
2024-01-02 13:00:00,2.3149999999999986
2024-01-02 14:00:00,2.2550999999999988
2024-01-02 15:00:00,2.260699999999999
2024-01-02 16:00:00,2.247699999999999
2024-01-02 17:00:00,2.264099999999999
2024-01-02 18:00:00,2.237099999999999
2024-01-02 19:00:00,2.245899999999999
2024-01-02 20:00:00,2.242099999999999
2024-01-02 21:00:00,2.242399999999999
2024-01-02 23:00:00,2.2402999999999986
2024-01-03 03:00:00,2.235599999999999
2024-01-03 05:00:00,2.2260999999999984
2024-01-03 07:00:00,2.234099999999999
2024-01-03 08:00:00,2.2307999999999986
2024-01-03 09:00:00,2.230599999999999
2024-01-03 10:00:00,2.226299999999999
2024-01-03 11:00:00,2.2387999999999986
2024-01-03 12:00:00,2.2487999999999992
2024-01-03 13:00:00,2.2441999999999993
2024-01-03 14:00:00,2.2795999999999994
2024-01-03 15:00:00,2.301099999999999
2024-01-03 16:00:00,2.294299999999999
2024-01-03 17:00:00,2.3000999999999987
2024-01-03 18:00:00,2.304099999999999
2024-01-03 19:00:00,2.3028999999999993
2024-01-03 20:00:00,2.303699999999999
2024-01-03 21:00:00,2.299299999999999
2024-01-03 23:00:00,2.301799999999999
2024-01-04 01:00:00,2.3020999999999994
2024-01-04 03:00:00,2.301799999999999
2024-01-04 07:00:00,2.306799999999999
2024-01-04 08:00:00,2.3093999999999992
2024-01-04 09:00:00,2.3042999999999987
2024-01-04 10:00:00,2.311799999999999
2024-01-04 12:00:00,2.306799999999999
2024-01-04 13:00:00,2.307599999999999
2024-01-04 14:00:00,2.2886999999999986
2024-01-04 15:00:00,2.2707999999999986
2024-01-04 16:00:00,2.243899999999999
2024-01-04 17:00:00,2.2582999999999993
2024-01-04 18:00:00,2.266099999999999
2024-01-04 19:00:00,2.259599999999999
2024-01-04 20:00:00,2.263299999999999
2024-01-04 21:00:00,2.265299999999999
2024-01-04 23:00:00,2.261399999999999
2024-01-05 05:00:00,2.2638999999999987
2024-01-05 08:00:00,2.267899999999999
2024-01-05 09:00:00,2.265999999999999
2024-01-05 10:00:00,2.2574999999999994
2024-01-05 11:00:00,2.2573999999999987
2024-01-05 12:00:00,2.2647999999999993
2024-01-05 13:00:00,2.2772999999999985
2024-01-05 14:00:00,2.2829999999999986
2024-01-05 15:00:00,2.2733999999999988
2024-01-05 16:00:00,2.2742999999999993
2024-01-05 17:00:00,2.265299999999999
2024-01-05 18:00:00,2.267499999999999
2024-01-05 19:00:00,2.253899999999999
2024-01-05 20:00:00,2.2609999999999992
2024-01-05 21:00:00,2.259999999999999
2024-01-05 23:00:00,2.257599999999999
2024-01-08 07:00:00,2.232899999999999
2024-01-08 08:00:00,2.2323999999999993
2024-01-08 09:00:00,2.225099999999999
2024-01-08 10:00:00,2.2055999999999982
2024-01-08 11:00:00,2.1989999999999985
2024-01-08 12:00:00,2.2046999999999985
2024-01-08 13:00:00,2.192299999999998
2024-01-08 14:00:00,2.1719999999999984
2024-01-08 15:00:00,2.1952999999999983
2024-01-08 16:00:00,2.177799999999998
2024-01-08 17:00:00,2.1809999999999987
2024-01-08 18:00:00,2.1810999999999985
2024-01-08 19:00:00,2.191599999999999
2024-01-08 20:00:00,2.191999999999999
2024-01-08 21:00:00,2.192299999999998
2024-01-08 23:00:00,2.1809999999999987
2024-01-09 01:00:00,2.1933999999999982
2024-01-09 07:00:00,2.1875999999999984
2024-01-09 08:00:00,2.2032999999999983
2024-01-09 09:00:00,2.2194999999999987
2024-01-09 10:00:00,2.2269999999999985
2024-01-09 11:00:00,2.2371999999999987
2024-01-09 12:00:00,2.230999999999999
2024-01-09 13:00:00,2.223899999999998
2024-01-09 14:00:00,2.2112999999999983
2024-01-09 15:00:00,2.2192999999999983
2024-01-09 16:00:00,2.2391999999999985
2024-01-09 17:00:00,2.237499999999999
2024-01-09 18:00:00,2.2391999999999985
2024-01-09 19:00:00,2.2318999999999987
2024-01-09 20:00:00,2.228699999999999
2024-01-09 21:00:00,2.2329999999999988
2024-01-09 23:00:00,2.229499999999999
2024-01-10 01:00:00,2.235599999999999
2024-01-10 02:00:00,2.239699999999999
2024-01-10 05:00:00,2.2414999999999994
2024-01-10 06:00:00,2.2452999999999994
2024-01-10 07:00:00,2.2444999999999986
2024-01-10 08:00:00,2.2425999999999986
2024-01-10 09:00:00,2.235199999999999
2024-01-10 10:00:00,2.256999999999999
2024-01-10 11:00:00,2.2512999999999987
2024-01-10 12:00:00,2.277899999999999
2024-01-10 13:00:00,2.2783999999999986
2024-01-10 14:00:00,2.273299999999999
2024-01-10 15:00:00,2.2413999999999987
2024-01-10 16:00:00,2.2345999999999986
2024-01-10 17:00:00,2.2131999999999983
2024-01-10 18:00:00,2.217499999999999
2024-01-10 19:00:00,2.2188999999999983
2024-01-10 20:00:00,2.2210999999999985
2024-01-10 21:00:00,2.223199999999999
2024-01-10 23:00:00,2.2199999999999984
2024-01-11 01:00:00,2.227199999999999
2024-01-11 05:00:00,2.233299999999999
2024-01-11 07:00:00,2.238699999999999
2024-01-11 08:00:00,2.238599999999999
2024-01-11 09:00:00,2.2620999999999993
2024-01-11 10:00:00,2.2624999999999993
2024-01-11 11:00:00,2.271099999999999
2024-01-11 12:00:00,2.263399999999999
2024-01-11 13:00:00,2.263399999999999
2024-01-11 14:00:00,2.279099999999999
2024-01-11 15:00:00,2.282899999999999
2024-01-11 16:00:00,2.277799999999999
2024-01-11 17:00:00,2.2623999999999986
2024-01-11 18:00:00,2.2555999999999994
2024-01-11 19:00:00,2.266899999999999
2024-01-11 20:00:00,2.2761999999999993
2024-01-11 21:00:00,2.285399999999999
2024-01-11 23:00:00,2.2627999999999986
2024-01-12 01:00:00,2.3058999999999994
2024-01-12 06:00:00,2.3134999999999986
2024-01-12 07:00:00,2.311099999999999
2024-01-12 08:00:00,2.3108999999999993
2024-01-12 09:00:00,2.3165999999999993
2024-01-12 10:00:00,2.331199999999999
2024-01-12 11:00:00,2.338899999999999
2024-01-12 12:00:00,2.3301999999999987
2024-01-12 13:00:00,2.3207999999999993
2024-01-12 14:00:00,2.3145999999999987
2024-01-12 15:00:00,2.2905999999999986
2024-01-12 16:00:00,2.278299999999999
2024-01-12 17:00:00,2.276699999999999
2024-01-12 18:00:00,2.285899999999999
2024-01-12 19:00:00,2.270699999999999
2024-01-12 20:00:00,2.2750999999999992
2024-01-12 21:00:00,2.2707999999999986
2024-01-12 23:00:00,2.270199999999999
2024-01-15 03:00:00,2.2757999999999994
2024-01-15 05:00:00,2.271399999999999
2024-01-15 08:00:00,2.2691999999999988
2024-01-15 09:00:00,2.266499999999999
2024-01-15 10:00:00,2.2696999999999994
2024-01-15 11:00:00,2.2669999999999986
2024-01-15 12:00:00,2.254999999999999
2024-01-15 13:00:00,2.2592999999999988
2024-01-15 14:00:00,2.272999999999999
2024-01-15 15:00:00,2.2653999999999987
2024-01-15 16:00:00,2.282499999999999
2024-01-15 17:00:00,2.280599999999999
2024-01-15 18:00:00,2.274499999999999
2024-01-15 19:00:00,2.2722999999999987
2024-01-15 23:00:00,2.2791999999999986
2024-01-16 02:00:00,2.2775999999999987
2024-01-16 07:00:00,2.297699999999999
2024-01-16 08:00:00,2.3130999999999986
2024-01-16 09:00:00,2.3042999999999987
2024-01-16 10:00:00,2.3202999999999987
2024-01-16 11:00:00,2.3108999999999993
2024-01-16 12:00:00,2.3263999999999987
2024-01-16 13:00:00,2.3119999999999994
2024-01-16 14:00:00,2.2958999999999987
2024-01-16 15:00:00,2.2811999999999992
2024-01-16 16:00:00,2.288999999999999
2024-01-16 17:00:00,2.2769999999999992
2024-01-16 18:00:00,2.261099999999999
2024-01-16 19:00:00,2.276699999999999
2024-01-16 20:00:00,2.2749999999999986
2024-01-16 21:00:00,2.270999999999999
2024-01-16 23:00:00,2.274399999999999
2024-01-17 01:00:00,2.273299999999999
2024-01-17 05:00:00,2.262299999999999
2024-01-17 06:00:00,2.2672999999999988
2024-01-17 07:00:00,2.262599999999999
2024-01-17 08:00:00,2.247299999999999
2024-01-17 09:00:00,2.2399999999999993
2024-01-17 10:00:00,2.2471999999999985
2024-01-17 11:00:00,2.2455999999999987
2024-01-17 12:00:00,2.2520999999999987
2024-01-17 13:00:00,2.2390999999999988
2024-01-17 14:00:00,2.2497999999999987
2024-01-17 15:00:00,2.261899999999999
2024-01-17 16:00:00,2.2596999999999987
2024-01-17 17:00:00,2.2604999999999986
2024-01-17 18:00:00,2.279799999999999
2024-01-17 19:00:00,2.289299999999999
2024-01-17 20:00:00,2.286299999999999
2024-01-17 21:00:00,2.2859999999999987
2024-01-17 23:00:00,2.284799999999999
2024-01-18 01:00:00,2.2852999999999986
2024-01-18 07:00:00,2.293199999999999
2024-01-18 08:00:00,2.2944999999999993
2024-01-18 10:00:00,2.287699999999999
2024-01-18 11:00:00,2.279699999999999
2024-01-18 12:00:00,2.2794999999999987
2024-01-18 13:00:00,2.2794999999999987
2024-01-18 14:00:00,2.2875999999999994
2024-01-18 15:00:00,2.295699999999999
2024-01-18 16:00:00,2.3153999999999986
2024-01-18 17:00:00,2.320999999999999
2024-01-18 18:00:00,2.323999999999999
2024-01-18 19:00:00,2.3260999999999994
2024-01-18 20:00:00,2.323299999999999
2024-01-18 21:00:00,2.3260999999999994
2024-01-18 23:00:00,2.3317999999999985
2024-01-19 06:00:00,2.3267999999999986
2024-01-19 07:00:00,2.321999999999999
2024-01-19 08:00:00,2.3267999999999986
2024-01-19 09:00:00,2.336899999999999
2024-01-19 10:00:00,2.344199999999999
2024-01-19 11:00:00,2.320999999999999
2024-01-19 12:00:00,2.319099999999999
2024-01-19 13:00:00,2.3253999999999992
2024-01-19 14:00:00,2.341899999999999
2024-01-19 15:00:00,2.3267999999999986
2024-01-19 16:00:00,2.3112999999999992
2024-01-19 17:00:00,2.307999999999999
2024-01-19 18:00:00,2.308299999999999
2024-01-19 19:00:00,2.313599999999999
2024-01-19 20:00:00,2.3249999999999993
2024-01-19 21:00:00,2.321299999999999
2024-01-19 23:00:00,2.3114999999999988
2024-01-22 05:00:00,2.3130999999999986
2024-01-22 06:00:00,2.3092999999999986
2024-01-22 07:00:00,2.313599999999999
2024-01-22 08:00:00,2.306799999999999
2024-01-22 09:00:00,2.3061999999999987
2024-01-22 10:00:00,2.3176999999999985
2024-01-22 11:00:00,2.335399999999999
2024-01-22 12:00:00,2.333099999999999
2024-01-22 13:00:00,2.3272999999999993
2024-01-22 14:00:00,2.3519999999999985
2024-01-22 15:00:00,2.3659999999999988
2024-01-22 16:00:00,2.3676999999999992
2024-01-22 17:00:00,2.382299999999999
2024-01-22 18:00:00,2.3827999999999987
2024-01-22 19:00:00,2.387999999999999
2024-01-22 20:00:00,2.388399999999999
2024-01-22 21:00:00,2.3851999999999993
2024-01-22 23:00:00,2.3870999999999993
2024-01-23 01:00:00,2.379299999999999
2024-01-23 05:00:00,2.3832999999999993
2024-01-23 06:00:00,2.384899999999999
2024-01-23 07:00:00,2.384899999999999
2024-01-23 08:00:00,2.3827999999999987
2024-01-23 09:00:00,2.3630999999999993
2024-01-23 10:00:00,2.362899999999999
2024-01-23 11:00:00,2.356299999999999
2024-01-23 12:00:00,2.3503999999999987
2024-01-23 13:00:00,2.3401999999999994
2024-01-23 14:00:00,2.3683999999999994
2024-01-23 15:00:00,2.359399999999999
2024-01-23 16:00:00,2.358999999999999
2024-01-23 17:00:00,2.352899999999999
2024-01-23 18:00:00,2.356799999999999
2024-01-23 19:00:00,2.357499999999999
2024-01-23 20:00:00,2.3572999999999986
2024-01-23 21:00:00,2.351099999999999
2024-01-23 23:00:00,2.3595999999999986
2024-01-24 07:00:00,2.3607999999999993
2024-01-24 08:00:00,2.358999999999999
2024-01-24 09:00:00,2.3626999999999994
2024-01-24 10:00:00,2.358999999999999
2024-01-24 11:00:00,2.352899999999999
2024-01-24 12:00:00,2.349599999999999
2024-01-24 13:00:00,2.364799999999999
2024-01-24 14:00:00,2.3611999999999993
2024-01-24 15:00:00,2.3602999999999987
2024-01-24 16:00:00,2.393799999999999
2024-01-24 17:00:00,2.383499999999999
2024-01-24 18:00:00,2.3675999999999986
2024-01-24 19:00:00,2.3671999999999986
2024-01-24 20:00:00,2.3728999999999987
2024-01-24 21:00:00,2.3728999999999987
2024-01-24 23:00:00,2.365199999999999
2024-01-25 01:00:00,2.3690999999999987
2024-01-25 05:00:00,2.376599999999999
2024-01-25 08:00:00,2.383799999999999
2024-01-25 09:00:00,2.382999999999999
2024-01-25 10:00:00,2.3892999999999986
2024-01-25 11:00:00,2.3847999999999994
2024-01-25 12:00:00,2.3847999999999994
2024-01-25 13:00:00,2.3865999999999987
2024-01-25 14:00:00,2.389999999999999
2024-01-25 15:00:00,2.3847999999999994
2024-01-25 16:00:00,2.387299999999999
2024-01-25 17:00:00,2.3939999999999992
2024-01-25 18:00:00,2.4041999999999986
2024-01-25 19:00:00,2.4148999999999994
2024-01-25 20:00:00,2.4117999999999986
2024-01-25 21:00:00,2.410499999999999
2024-01-25 22:00:00,2.410499999999999
2024-01-25 23:00:00,2.417299999999999
2024-01-26 01:00:00,2.4117999999999986
2024-01-26 05:00:00,2.4117999999999986
2024-01-26 07:00:00,2.4117999999999986
2024-01-26 08:00:00,2.3916999999999993
2024-01-26 09:00:00,2.3877999999999986
2024-01-26 10:00:00,2.3912999999999993
2024-01-26 11:00:00,2.3977999999999993
2024-01-26 12:00:00,2.3930999999999987
2024-01-26 13:00:00,2.397899999999999
2024-01-26 14:00:00,2.4144999999999985
2024-01-26 15:00:00,2.417799999999999
2024-01-26 16:00:00,2.389599999999999
2024-01-26 17:00:00,2.403199999999999
2024-01-26 18:00:00,2.4483999999999986
2024-01-26 19:00:00,2.4479999999999986
2024-01-26 20:00:00,2.4540999999999986
2024-01-26 21:00:00,2.4517999999999986
2024-01-26 23:00:00,2.452099999999999
2024-01-29 05:00:00,2.452099999999999
2024-01-29 07:00:00,2.449299999999999
2024-01-29 08:00:00,2.443299999999999
2024-01-29 09:00:00,2.438399999999999
2024-01-29 10:00:00,2.441399999999999
2024-01-29 11:00:00,2.4425999999999988
2024-01-29 12:00:00,2.4392999999999994
2024-01-29 13:00:00,2.4232999999999993
2024-01-29 14:00:00,2.401799999999999
2024-01-29 15:00:00,2.410799999999999
2024-01-29 16:00:00,2.402799999999999
2024-01-29 17:00:00,2.400199999999999
2024-01-29 18:00:00,2.396799999999999
2024-01-29 19:00:00,2.395699999999999
2024-01-29 20:00:00,2.3957999999999986
2024-01-29 21:00:00,2.3942999999999985
2024-01-29 23:00:00,2.3908999999999994
2024-01-30 05:00:00,2.401299999999999
2024-01-30 06:00:00,2.398299999999999
2024-01-30 07:00:00,2.384099999999999
2024-01-30 08:00:00,2.3744999999999994
2024-01-30 09:00:00,2.382299999999999
2024-01-30 10:00:00,2.3797999999999986
2024-01-30 11:00:00,2.367799999999999
2024-01-30 12:00:00,2.3545999999999987
2024-01-30 13:00:00,2.349199999999999
2024-01-30 14:00:00,2.382299999999999
2024-01-30 15:00:00,2.397499999999999
2024-01-30 16:00:00,2.4117999999999986
2024-01-30 17:00:00,2.4179999999999993
2024-01-30 18:00:00,2.4113999999999987
2024-01-30 19:00:00,2.418499999999999
2024-01-30 20:00:00,2.422999999999999
2024-01-30 21:00:00,2.4193999999999987
2024-01-30 23:00:00,2.423099999999999
2024-01-31 03:00:00,2.423099999999999
2024-01-31 04:00:00,2.423099999999999
2024-01-31 05:00:00,2.4128999999999987
2024-01-31 07:00:00,2.3977999999999993
2024-01-31 08:00:00,2.4057999999999993
2024-01-31 09:00:00,2.3972999999999987
2024-01-31 10:00:00,2.395199999999999
2024-01-31 11:00:00,2.395199999999999
2024-01-31 12:00:00,2.398999999999999
2024-01-31 13:00:00,2.407799999999999
2024-01-31 14:00:00,2.386799999999999
2024-01-31 15:00:00,2.368599999999999
2024-01-31 16:00:00,2.3621999999999987
2024-01-31 17:00:00,2.3644999999999987
2024-01-31 18:00:00,2.3565999999999994
2024-01-31 19:00:00,2.358299999999999
2024-01-31 20:00:00,2.353999999999999
2024-01-31 21:00:00,2.3535999999999992
2024-01-31 23:00:00,2.357499999999999
2024-02-01 01:00:00,2.359799999999999
2024-02-01 02:00:00,2.385799999999999
2024-02-01 05:00:00,2.370799999999999
2024-02-01 06:00:00,2.363199999999999
2024-02-01 07:00:00,2.362799999999999
2024-02-01 08:00:00,2.348299999999999
2024-02-01 09:00:00,2.348299999999999
2024-02-01 10:00:00,2.366299999999999
2024-02-01 11:00:00,2.365499999999999
2024-02-01 12:00:00,2.366199999999999
2024-02-01 13:00:00,2.3625999999999987
2024-02-01 14:00:00,2.3507999999999987
2024-02-01 15:00:00,2.3473999999999986
2024-02-01 16:00:00,2.352999999999999
2024-02-01 17:00:00,2.286999999999999
2024-02-01 18:00:00,2.3271999999999986
2024-02-01 19:00:00,2.3233999999999986
2024-02-01 20:00:00,2.3157999999999985
2024-02-01 21:00:00,2.3207999999999993
2024-02-01 23:00:00,2.3210999999999986
2024-02-02 01:00:00,2.3210999999999986
2024-02-02 06:00:00,2.3210999999999986
2024-02-02 07:00:00,2.324799999999999
2024-02-02 08:00:00,2.3249999999999993
2024-02-02 09:00:00,2.3343999999999987
2024-02-02 10:00:00,2.330799999999999
2024-02-02 11:00:00,2.330799999999999
2024-02-02 12:00:00,2.312999999999999
2024-02-02 13:00:00,2.296199999999999
2024-02-02 14:00:00,2.2581999999999987
2024-02-02 15:00:00,2.2738999999999994
2024-02-02 16:00:00,2.2662999999999993
2024-02-02 17:00:00,2.291299999999999
2024-02-02 18:00:00,2.2863999999999987
2024-02-02 19:00:00,2.2700999999999993
2024-02-02 20:00:00,2.263799999999999
2024-02-02 21:00:00,2.272499999999999
2024-02-02 23:00:00,2.2737999999999987
2024-02-04 23:00:00,2.287399999999999
2024-02-05 02:00:00,2.287399999999999
2024-02-05 06:00:00,2.2772999999999985
2024-02-05 07:00:00,2.2776999999999994
2024-02-05 08:00:00,2.2832999999999988
2024-02-05 09:00:00,2.273299999999999
2024-02-05 10:00:00,2.275599999999999
2024-02-05 11:00:00,2.275599999999999
2024-02-05 12:00:00,2.275599999999999
2024-02-05 13:00:00,2.2879999999999994
2024-02-05 14:00:00,2.2775999999999987
2024-02-05 15:00:00,2.2817999999999987
2024-02-05 16:00:00,2.286299999999999
2024-02-05 17:00:00,2.325099999999999
2024-02-05 18:00:00,2.326199999999999
2024-02-05 19:00:00,2.334299999999999
2024-02-05 20:00:00,2.3362999999999987
2024-02-05 21:00:00,2.3362999999999987
2024-02-05 23:00:00,2.2830999999999992
2024-02-06 01:00:00,2.2830999999999992
2024-02-06 06:00:00,2.2830999999999992
2024-02-06 07:00:00,2.348399999999999
2024-02-06 08:00:00,2.347299999999999
2024-02-06 09:00:00,2.3336999999999986
2024-02-06 10:00:00,2.3438999999999988
2024-02-06 11:00:00,2.346899999999999
2024-02-06 12:00:00,2.3499999999999988
2024-02-06 13:00:00,2.340799999999999
2024-02-06 14:00:00,2.3427999999999987
2024-02-06 15:00:00,2.3317999999999985
2024-02-06 16:00:00,2.3394999999999992
2024-02-06 17:00:00,2.339299999999999
2024-02-06 18:00:00,2.338099999999999
2024-02-06 19:00:00,2.344099999999999
2024-02-06 20:00:00,2.3497999999999992
2024-02-06 21:00:00,2.343799999999999
2024-02-06 23:00:00,2.3435999999999986
2024-02-07 01:00:00,2.3497999999999992
2024-02-07 03:00:00,2.3497999999999992
2024-02-07 05:00:00,2.340799999999999
2024-02-07 06:00:00,2.338799999999999
2024-02-07 07:00:00,2.338799999999999
2024-02-07 08:00:00,2.338799999999999
2024-02-07 09:00:00,2.348299999999999
2024-02-07 11:00:00,2.355999999999999
2024-02-07 12:00:00,2.358199999999999
2024-02-07 13:00:00,2.3675999999999986
2024-02-07 14:00:00,2.3531999999999993
2024-02-07 15:00:00,2.3717999999999986
2024-02-07 16:00:00,2.380399999999999
2024-02-07 17:00:00,2.3823999999999987
2024-02-07 18:00:00,2.3831999999999987
2024-02-07 19:00:00,2.3907999999999987
2024-02-07 20:00:00,2.3957999999999986
2024-02-07 21:00:00,2.3950999999999993
2024-02-07 23:00:00,2.3892999999999986
2024-02-08 02:00:00,2.3892999999999986
2024-02-08 05:00:00,2.4098999999999986
2024-02-08 06:00:00,2.4113999999999987
2024-02-08 07:00:00,2.406599999999999
2024-02-08 08:00:00,2.406599999999999
2024-02-08 09:00:00,2.4007999999999994
2024-02-08 10:00:00,2.4007999999999994
2024-02-08 11:00:00,2.419299999999999
2024-02-08 12:00:00,2.434099999999999
2024-02-08 13:00:00,2.432499999999999
2024-02-08 14:00:00,2.455799999999999
2024-02-08 15:00:00,2.4563999999999986
2024-02-08 16:00:00,2.4434999999999993
2024-02-08 17:00:00,2.442899999999999
2024-02-08 18:00:00,2.4479999999999986
2024-02-08 19:00:00,2.467599999999999
2024-02-08 20:00:00,2.4677999999999987
2024-02-08 21:00:00,2.463799999999999
2024-02-08 23:00:00,2.4682999999999993
2024-02-09 01:00:00,2.470299999999999
2024-02-09 02:00:00,2.466799999999999
2024-02-09 05:00:00,2.4643999999999986
2024-02-09 06:00:00,2.4643999999999986
2024-02-09 07:00:00,2.466799999999999
2024-02-09 08:00:00,2.466799999999999
2024-02-09 09:00:00,2.4720999999999993
2024-02-09 10:00:00,2.464299999999999
2024-02-09 11:00:00,2.464299999999999
2024-02-09 12:00:00,2.4594999999999994
2024-02-09 13:00:00,2.4631999999999987
2024-02-09 14:00:00,2.4804999999999993
2024-02-09 15:00:00,2.464299999999999
2024-02-09 16:00:00,2.468499999999999
2024-02-09 17:00:00,2.4662999999999986
2024-02-09 18:00:00,2.4635999999999987
2024-02-09 19:00:00,2.4612999999999987
2024-02-09 20:00:00,2.458499999999999
2024-02-09 21:00:00,2.4608999999999988
2024-02-09 23:00:00,2.465799999999999
2024-02-12 05:00:00,2.465799999999999
2024-02-12 07:00:00,2.453199999999999
2024-02-12 08:00:00,2.453199999999999
2024-02-12 09:00:00,2.462999999999999
2024-02-12 10:00:00,2.4590999999999994
2024-02-12 11:00:00,2.456899999999999
2024-02-12 12:00:00,2.4716999999999993
2024-02-12 13:00:00,2.4716999999999993
2024-02-12 14:00:00,2.485899999999999
2024-02-12 15:00:00,2.472699999999999
2024-02-12 16:00:00,2.4685999999999986
2024-02-12 17:00:00,2.464299999999999
2024-02-12 18:00:00,2.4747999999999992
2024-02-12 19:00:00,2.4955999999999987
2024-02-12 20:00:00,2.4951999999999988
2024-02-12 21:00:00,2.4918999999999993
2024-02-12 23:00:00,2.493599999999999
2024-02-13 01:00:00,2.493599999999999
2024-02-13 07:00:00,2.5047999999999986
2024-02-13 08:00:00,2.4917999999999987
2024-02-13 09:00:00,2.4975999999999994
2024-02-13 10:00:00,2.4975999999999994
2024-02-13 11:00:00,2.5017999999999994
2024-02-13 12:00:00,2.5105999999999993
2024-02-13 13:00:00,2.494799999999999
2024-02-13 14:00:00,2.4932999999999987
2024-02-13 15:00:00,2.500499999999999
2024-02-13 16:00:00,2.5261999999999993
2024-02-13 17:00:00,2.534299999999999
2024-02-13 18:00:00,2.5253999999999985
2024-02-13 19:00:00,2.5177999999999994
2024-02-13 20:00:00,2.510699999999999
2024-02-13 21:00:00,2.5272999999999985
2024-02-13 23:00:00,2.5208999999999993
2024-02-14 06:00:00,2.5230999999999986
2024-02-14 07:00:00,2.526399999999999
2024-02-14 08:00:00,2.526399999999999
2024-02-14 09:00:00,2.523299999999999
2024-02-14 10:00:00,2.516799999999999
2024-02-14 11:00:00,2.516799999999999
2024-02-14 12:00:00,2.5196999999999994
2024-02-14 13:00:00,2.5146999999999986
2024-02-14 14:00:00,2.5214999999999987
2024-02-14 15:00:00,2.4868999999999986
2024-02-14 15:00:01,2.4868999999999986
2024-02-14 16:00:00,2.4746999999999986
2024-02-14 17:00:00,2.451699999999999
2024-02-14 18:00:00,2.4635999999999987
2024-02-14 19:00:00,2.4419999999999993
2024-02-14 20:00:00,2.442499999999999
2024-02-14 21:00:00,2.441299999999999
2024-02-14 23:00:00,2.447399999999999
2024-02-15 01:00:00,2.4297999999999993
2024-02-15 05:00:00,2.429199999999999
2024-02-15 06:00:00,2.4301999999999992
2024-02-15 07:00:00,2.4167999999999985
2024-02-15 08:00:00,2.436699999999999
2024-02-15 09:00:00,2.421199999999999
2024-02-15 10:00:00,2.4079999999999986
2024-02-15 11:00:00,2.4091999999999985
2024-02-15 12:00:00,2.426499999999999
2024-02-15 13:00:00,2.438299999999999
2024-02-15 14:00:00,2.452399999999999
2024-02-15 15:00:00,2.464999999999999
2024-02-15 16:00:00,2.4785999999999992
2024-02-15 17:00:00,2.4570999999999987
2024-02-15 18:00:00,2.4593999999999987
2024-02-15 19:00:00,2.461599999999999
2024-02-15 20:00:00,2.4559999999999986
2024-02-15 21:00:00,2.4552999999999985
2024-02-15 23:00:00,2.460399999999999
2024-02-16 01:00:00,2.449699999999999
2024-02-16 05:00:00,2.4551999999999987
2024-02-16 06:00:00,2.449699999999999
2024-02-16 07:00:00,2.4506999999999985
2024-02-16 08:00:00,2.4376999999999986
2024-02-16 09:00:00,2.422299999999999
2024-02-16 10:00:00,2.425399999999999
2024-02-16 11:00:00,2.424499999999999
2024-02-16 12:00:00,2.4277999999999986
2024-02-16 13:00:00,2.4457999999999993
2024-02-16 14:00:00,2.430599999999999
2024-02-16 15:00:00,2.4434999999999985
2024-02-16 16:00:00,2.4551999999999987
2024-02-16 17:00:00,2.4547999999999988
2024-02-16 18:00:00,2.4597999999999987
2024-02-16 19:00:00,2.4692999999999987
2024-02-16 20:00:00,2.4628999999999985
2024-02-16 21:00:00,2.462299999999999
2024-02-16 23:00:00,2.4734999999999987
2024-02-18 23:00:00,2.460699999999999
2024-02-19 07:00:00,2.460699999999999
2024-02-19 08:00:00,2.446699999999999
2024-02-19 09:00:00,2.441799999999999
2024-02-19 10:00:00,2.4429999999999987
2024-02-19 11:00:00,2.451199999999999
2024-02-19 12:00:00,2.451199999999999
2024-02-19 13:00:00,2.4555999999999987
2024-02-19 14:00:00,2.4521999999999986
2024-02-19 15:00:00,2.456199999999999
2024-02-19 16:00:00,2.448599999999999
2024-02-19 17:00:00,2.458199999999999
2024-02-19 18:00:00,2.4556999999999993
2024-02-19 19:00:00,2.4560999999999993
2024-02-19 23:00:00,2.4582999999999986
2024-02-20 01:00:00,2.4529999999999985
2024-02-20 06:00:00,2.4486999999999988
2024-02-20 07:00:00,2.4536999999999987
2024-02-20 08:00:00,2.4380999999999986
2024-02-20 09:00:00,2.428799999999999
2024-02-20 10:00:00,2.429199999999999
2024-02-20 11:00:00,2.4274999999999993
2024-02-20 12:00:00,2.424999999999999
2024-02-20 13:00:00,2.4392999999999985
2024-02-20 14:00:00,2.4278999999999993
2024-02-20 15:00:00,2.4136999999999986
2024-02-20 16:00:00,2.423899999999999
2024-02-20 17:00:00,2.426799999999999
2024-02-20 18:00:00,2.4136999999999986
2024-02-20 19:00:00,2.406699999999999
2024-02-20 20:00:00,2.4182999999999986
2024-02-20 21:00:00,2.416599999999999
2024-02-20 23:00:00,2.4037999999999986
2024-02-21 02:00:00,2.419199999999999
2024-02-21 05:00:00,2.419199999999999
2024-02-21 06:00:00,2.419299999999999
2024-02-21 07:00:00,2.419299999999999
2024-02-21 08:00:00,2.398199999999999
2024-02-21 09:00:00,2.411699999999999
2024-02-21 10:00:00,2.411699999999999
2024-02-21 11:00:00,2.4082999999999988
2024-02-21 12:00:00,2.4190999999999985
2024-02-21 13:00:00,2.420699999999999
2024-02-21 14:00:00,2.4239999999999986
2024-02-21 15:00:00,2.4255999999999993
2024-02-21 16:00:00,2.4239999999999986
2024-02-21 17:00:00,2.4254999999999987
2024-02-21 18:00:00,2.4270999999999985
2024-02-21 19:00:00,2.4232999999999985
2024-02-21 20:00:00,2.434499999999999
2024-02-21 21:00:00,2.4278999999999993
2024-02-21 23:00:00,2.4259999999999993
2024-02-22 01:00:00,2.4259999999999993
2024-02-22 05:00:00,2.4381999999999993
2024-02-22 08:00:00,2.4343999999999992
2024-02-22 09:00:00,2.427199999999999
2024-02-22 10:00:00,2.421999999999999
2024-02-22 11:00:00,2.411199999999999
2024-02-22 12:00:00,2.408499999999999
2024-02-22 13:00:00,2.3927999999999985
2024-02-22 14:00:00,2.416999999999999
2024-02-22 15:00:00,2.416599999999999
2024-02-22 16:00:00,2.4289999999999985
2024-02-22 17:00:00,2.442499999999999
2024-02-22 18:00:00,2.447499999999999
2024-02-22 19:00:00,2.456599999999999
2024-02-22 20:00:00,2.452499999999999
2024-02-22 21:00:00,2.4491999999999985
2024-02-22 23:00:00,2.462699999999999
2024-02-23 01:00:00,2.462699999999999
2024-02-23 02:00:00,2.462699999999999
2024-02-23 03:00:00,2.462699999999999
2024-02-23 05:00:00,2.446699999999999
2024-02-23 06:00:00,2.443599999999999
2024-02-23 07:00:00,2.443599999999999
2024-02-23 08:00:00,2.4372999999999987
2024-02-23 09:00:00,2.440999999999999
2024-02-23 10:00:00,2.4491999999999985
2024-02-23 11:00:00,2.449799999999999
2024-02-23 12:00:00,2.4411999999999985
2024-02-23 13:00:00,2.427299999999999
2024-02-23 14:00:00,2.416599999999999
2024-02-23 15:00:00,2.422999999999999
2024-02-23 16:00:00,2.418199999999999
2024-02-23 17:00:00,2.3973999999999993
2024-02-23 18:00:00,2.4080999999999992
2024-02-23 19:00:00,2.407099999999999
2024-02-23 20:00:00,2.4052999999999987
2024-02-23 21:00:00,2.401399999999999
2024-02-23 23:00:00,2.4044999999999987
2024-02-26 01:00:00,2.387199999999999
2024-02-26 02:00:00,2.389199999999999
2024-02-26 06:00:00,2.3968999999999987
2024-02-26 07:00:00,2.3968999999999987
2024-02-26 08:00:00,2.3931999999999993
2024-02-26 09:00:00,2.392199999999999
2024-02-26 10:00:00,2.4052999999999987
2024-02-26 11:00:00,2.4125999999999985
2024-02-26 12:00:00,2.4072999999999993
2024-02-26 13:00:00,2.4205999999999985
2024-02-26 14:00:00,2.4384999999999986
2024-02-26 15:00:00,2.449699999999999
2024-02-26 16:00:00,2.4400999999999993
2024-02-26 17:00:00,2.4693999999999985
2024-02-26 18:00:00,2.4682999999999993
2024-02-26 19:00:00,2.455799999999999
2024-02-26 20:00:00,2.4522999999999993
2024-02-26 21:00:00,2.455399999999999
2024-02-26 23:00:00,2.452399999999999
2024-02-27 01:00:00,2.452399999999999
2024-02-27 03:00:00,2.4578999999999986
2024-02-27 05:00:00,2.4578999999999986
2024-02-27 06:00:00,2.462299999999999
2024-02-27 07:00:00,2.462299999999999
2024-02-27 08:00:00,2.463499999999999
2024-02-27 09:00:00,2.4616999999999987
2024-02-27 10:00:00,2.4651999999999985
2024-02-27 11:00:00,2.4564999999999992
2024-02-27 12:00:00,2.464299999999999
2024-02-27 13:00:00,2.464199999999999
2024-02-27 14:00:00,2.492099999999999
2024-02-27 15:00:00,2.4742999999999986
2024-02-27 16:00:00,2.4753999999999987
2024-02-27 17:00:00,2.4644999999999992
2024-02-27 18:00:00,2.4738999999999987
2024-02-27 19:00:00,2.4856999999999987
2024-02-27 20:00:00,2.4829999999999988
2024-02-27 21:00:00,2.4734999999999987
2024-02-27 23:00:00,2.4895999999999985
2024-02-28 01:00:00,2.483199999999999
2024-02-28 02:00:00,2.496199999999999
2024-02-28 06:00:00,2.488999999999999
2024-02-28 07:00:00,2.491699999999999
2024-02-28 08:00:00,2.491699999999999
2024-02-28 09:00:00,2.4624999999999986
2024-02-28 10:00:00,2.4644999999999992
2024-02-28 11:00:00,2.4559999999999986
2024-02-28 12:00:00,2.4605999999999986
2024-02-28 13:00:00,2.4696999999999987
2024-02-28 14:00:00,2.4827999999999992
2024-02-28 15:00:00,2.4715999999999987
2024-02-28 16:00:00,2.4452999999999987
2024-02-28 17:00:00,2.4487999999999985
2024-02-28 18:00:00,2.430599999999999
2024-02-28 19:00:00,2.4411999999999985
2024-02-28 20:00:00,2.435199999999999
2024-02-28 21:00:00,2.431899999999999
2024-02-28 23:00:00,2.446399999999999
2024-02-29 01:00:00,2.4296999999999986
2024-02-29 03:00:00,2.432499999999999
2024-02-29 04:00:00,2.4373999999999985
2024-02-29 06:00:00,2.435199999999999
2024-02-29 07:00:00,2.4320999999999993
2024-02-29 08:00:00,2.4354999999999984
2024-02-29 09:00:00,2.447899999999999
2024-02-29 10:00:00,2.445199999999999
2024-02-29 11:00:00,2.4419999999999993
2024-02-29 12:00:00,2.440999999999999
2024-02-29 13:00:00,2.442499999999999
2024-02-29 14:00:00,2.449699999999999
2024-02-29 15:00:00,2.4579999999999993
2024-02-29 16:00:00,2.479399999999999
2024-02-29 17:00:00,2.4724999999999993
2024-02-29 18:00:00,2.478399999999999
2024-02-29 19:00:00,2.4730999999999987
2024-02-29 20:00:00,2.4696999999999987
2024-02-29 21:00:00,2.472699999999999
2024-02-29 23:00:00,2.4761999999999986
2024-03-01 01:00:00,2.4758999999999993
2024-03-01 03:00:00,2.481699999999999
2024-03-01 04:00:00,2.481699999999999
2024-03-01 05:00:00,2.4848999999999988
2024-03-01 07:00:00,2.4848999999999988
2024-03-01 08:00:00,2.473399999999999
2024-03-01 09:00:00,2.503399999999999
2024-03-01 10:00:00,2.501099999999999
2024-03-01 11:00:00,2.5078999999999985
2024-03-01 12:00:00,2.502299999999999
2024-03-01 13:00:00,2.5036999999999985
2024-03-01 14:00:00,2.507699999999999
2024-03-01 15:00:00,2.522599999999999
2024-03-01 16:00:00,2.5291999999999986
2024-03-01 17:00:00,2.514899999999999
2024-03-01 18:00:00,2.5104999999999986
2024-03-01 19:00:00,2.5100999999999987
2024-03-01 20:00:00,2.509499999999999
2024-03-01 21:00:00,2.5070999999999986
2024-03-01 23:00:00,2.509599999999999
2024-03-03 23:00:00,2.5039999999999987
2024-03-04 01:00:00,2.515699999999999
2024-03-04 02:00:00,2.5131999999999985
2024-03-04 07:00:00,2.517899999999999
2024-03-04 08:00:00,2.5146999999999986
2024-03-04 09:00:00,2.5002999999999993
2024-03-04 10:00:00,2.5002999999999993
2024-03-04 11:00:00,2.490199999999999
2024-03-04 12:00:00,2.490199999999999
2024-03-04 13:00:00,2.4926999999999992
2024-03-04 14:00:00,2.5017999999999985
2024-03-04 15:00:00,2.4872999999999985
2024-03-04 16:00:00,2.4906999999999986
2024-03-04 17:00:00,2.477499999999999
2024-03-04 18:00:00,2.475699999999999
2024-03-04 19:00:00,2.482899999999999
2024-03-04 20:00:00,2.482899999999999
2024-03-04 21:00:00,2.4823999999999993
2024-03-04 23:00:00,2.480899999999999
2024-03-05 01:00:00,2.4811999999999985
2024-03-05 02:00:00,2.480199999999999
2024-03-05 06:00:00,2.4686999999999992
2024-03-05 07:00:00,2.4686999999999992
2024-03-05 08:00:00,2.4719999999999986
2024-03-05 09:00:00,2.485199999999999
2024-03-05 10:00:00,2.4700999999999986
2024-03-05 11:00:00,2.467199999999999
2024-03-05 12:00:00,2.445899999999999
2024-03-05 13:00:00,2.445599999999999
2024-03-05 14:00:00,2.449299999999999
2024-03-05 15:00:00,2.456299999999999
2024-03-05 16:00:00,2.432199999999999
2024-03-05 17:00:00,2.428099999999999
2024-03-05 18:00:00,2.415899999999999
2024-03-05 19:00:00,2.425699999999999
2024-03-05 20:00:00,2.4246999999999987
2024-03-05 21:00:00,2.429099999999999
2024-03-05 23:00:00,2.427999999999999
2024-03-06 01:00:00,2.427999999999999
2024-03-06 05:00:00,2.435199999999999
2024-03-06 06:00:00,2.4380999999999986
2024-03-06 07:00:00,2.4400999999999993
2024-03-06 08:00:00,2.438999999999999
2024-03-06 09:00:00,2.448999999999999
2024-03-06 10:00:00,2.448999999999999
2024-03-06 11:00:00,2.437499999999999
2024-03-06 12:00:00,2.437499999999999
2024-03-06 13:00:00,2.438599999999999
2024-03-06 14:00:00,2.448899999999999
2024-03-06 15:00:00,2.4688999999999988
2024-03-06 16:00:00,2.4655999999999985
2024-03-06 17:00:00,2.4727999999999986
2024-03-06 18:00:00,2.460799999999999
2024-03-06 19:00:00,2.440599999999999
2024-03-06 20:00:00,2.439399999999999
2024-03-06 21:00:00,2.4415999999999993
2024-03-06 23:00:00,2.4490999999999987
2024-03-07 01:00:00,2.4429999999999987
2024-03-07 05:00:00,2.444699999999999
2024-03-07 07:00:00,2.4426999999999985
2024-03-07 08:00:00,2.4426999999999985
2024-03-07 09:00:00,2.4289999999999985
2024-03-07 10:00:00,2.438399999999999
2024-03-07 11:00:00,2.438399999999999
2024-03-07 12:00:00,2.4461999999999993
2024-03-07 13:00:00,2.447499999999999
2024-03-07 14:00:00,2.4288999999999987
2024-03-07 15:00:00,2.4404999999999992
2024-03-07 16:00:00,2.4541999999999993
2024-03-07 17:00:00,2.474199999999999
2024-03-07 18:00:00,2.4670999999999985
2024-03-07 19:00:00,2.449699999999999
2024-03-07 20:00:00,2.4491999999999985
2024-03-07 21:00:00,2.449699999999999
2024-03-07 23:00:00,2.4499999999999993
2024-03-08 06:00:00,2.4499999999999993
2024-03-08 07:00:00,2.4499999999999993
2024-03-08 08:00:00,2.466099999999999
2024-03-08 09:00:00,2.463799999999999
2024-03-08 10:00:00,2.4528999999999987
2024-03-08 11:00:00,2.437899999999999
2024-03-08 12:00:00,2.4334999999999987
2024-03-08 13:00:00,2.4425999999999988
2024-03-08 14:00:00,2.4316999999999993
2024-03-08 15:00:00,2.4281999999999986
2024-03-08 16:00:00,2.421999999999999
2024-03-08 17:00:00,2.4288999999999987
2024-03-08 18:00:00,2.4208999999999987
2024-03-08 19:00:00,2.4243999999999986
2024-03-08 20:00:00,2.4243999999999986
2024-03-08 21:00:00,2.4221999999999992
2024-03-08 23:00:00,2.4223999999999988
2024-03-10 22:00:00,2.418399999999999
2024-03-10 23:00:00,2.416199999999999
2024-03-11 01:00:00,2.416199999999999
2024-03-11 02:00:00,2.416199999999999
2024-03-11 03:00:00,2.416199999999999
2024-03-11 05:00:00,2.416199999999999
2024-03-11 06:00:00,2.416199999999999
2024-03-11 07:00:00,2.425799999999999
2024-03-11 08:00:00,2.431399999999999
2024-03-11 09:00:00,2.4406999999999988
2024-03-11 10:00:00,2.432299999999999
2024-03-11 11:00:00,2.4304999999999986
2024-03-11 12:00:00,2.4304999999999986
2024-03-11 13:00:00,2.4216999999999986
2024-03-11 14:00:00,2.4311999999999987
2024-03-11 15:00:00,2.4632999999999985
2024-03-11 16:00:00,2.4674999999999985
2024-03-11 17:00:00,2.4651999999999985
2024-03-11 18:00:00,2.4837999999999987
2024-03-11 19:00:00,2.475599999999999
2024-03-11 20:00:00,2.477099999999999
2024-03-11 23:00:00,2.475699999999999
2024-03-12 03:00:00,2.475699999999999
2024-03-12 05:00:00,2.4795999999999987
2024-03-12 07:00:00,2.4795999999999987
2024-03-12 08:00:00,2.475199999999999
2024-03-12 09:00:00,2.4762999999999993
2024-03-12 10:00:00,2.4762999999999993
2024-03-12 11:00:00,2.4753999999999987
2024-03-12 12:00:00,2.452499999999999
2024-03-12 13:00:00,2.4750999999999985
2024-03-12 14:00:00,2.485999999999999
2024-03-12 15:00:00,2.483299999999999
2024-03-12 16:00:00,2.4890999999999988
2024-03-12 17:00:00,2.485599999999999
2024-03-12 18:00:00,2.485099999999999
2024-03-12 19:00:00,2.485099999999999
2024-03-12 20:00:00,2.488999999999999
2024-03-12 23:00:00,2.4815999999999985
2024-03-13 01:00:00,2.4815999999999985
2024-03-13 05:00:00,2.499999999999999
2024-03-13 06:00:00,2.499999999999999
2024-03-13 07:00:00,2.499999999999999
2024-03-13 08:00:00,2.4876999999999985
2024-03-13 09:00:00,2.4876999999999985
2024-03-13 10:00:00,2.521399999999999
2024-03-13 11:00:00,2.5143999999999993
2024-03-13 12:00:00,2.531299999999999
2024-03-13 13:00:00,2.539299999999999
2024-03-13 14:00:00,2.5470999999999986
2024-03-13 15:00:00,2.5500999999999987
2024-03-13 16:00:00,2.5535999999999985
2024-03-13 17:00:00,2.557899999999999
2024-03-13 18:00:00,2.557299999999999
2024-03-13 19:00:00,2.5581999999999985
2024-03-13 20:00:00,2.5508999999999986
2024-03-13 23:00:00,2.5566999999999993
2024-03-14 02:00:00,2.5566999999999993
2024-03-14 05:00:00,2.5566999999999993
2024-03-14 07:00:00,2.5585999999999993
2024-03-14 08:00:00,2.552999999999999
2024-03-14 09:00:00,2.5588999999999986
2024-03-14 10:00:00,2.561399999999999
2024-03-14 11:00:00,2.561099999999999
2024-03-14 12:00:00,2.5599999999999987
2024-03-14 13:00:00,2.570199999999999
2024-03-14 14:00:00,2.5802999999999985
2024-03-14 15:00:00,2.5687999999999986
2024-03-14 15:00:01,2.5687999999999986
2024-03-14 16:00:00,2.5794999999999986
2024-03-14 17:00:00,2.578499999999999
2024-03-14 18:00:00,2.5890999999999984
2024-03-14 19:00:00,2.5860999999999983
2024-03-14 20:00:00,2.5862999999999987
2024-03-14 23:00:00,2.5954999999999986
2024-03-15 03:00:00,2.5858999999999988
2024-03-15 07:00:00,2.581299999999999
2024-03-15 08:00:00,2.584299999999999
2024-03-15 09:00:00,2.586199999999999
2024-03-15 10:00:00,2.5923999999999987
2024-03-15 11:00:00,2.5905999999999985
2024-03-15 12:00:00,2.5832999999999986
2024-03-15 13:00:00,2.575499999999999
2024-03-15 14:00:00,2.5938999999999988
2024-03-15 15:00:00,2.598399999999999
2024-03-15 16:00:00,2.603799999999999
2024-03-15 17:00:00,2.6080999999999985
2024-03-15 18:00:00,2.6045999999999987
2024-03-15 19:00:00,2.6027999999999984
2024-03-15 20:00:00,2.6001999999999983
2024-03-15 23:00:00,2.581599999999999
2024-03-17 22:00:00,2.599899999999999
2024-03-18 05:00:00,2.611799999999999
2024-03-18 07:00:00,2.611799999999999
2024-03-18 08:00:00,2.6214999999999984
2024-03-18 09:00:00,2.631099999999999
2024-03-18 10:00:00,2.634899999999999
2024-03-18 11:00:00,2.633399999999999
2024-03-18 12:00:00,2.630399999999999
2024-03-18 13:00:00,2.6363999999999983
2024-03-18 14:00:00,2.637199999999999
2024-03-18 15:00:00,2.642199999999999
2024-03-18 16:00:00,2.646099999999999
2024-03-18 17:00:00,2.648699999999999
2024-03-18 18:00:00,2.642199999999999
2024-03-18 19:00:00,2.6434999999999986
2024-03-18 20:00:00,2.634999999999999
2024-03-18 23:00:00,2.648299999999999
2024-03-19 05:00:00,2.6301999999999985
2024-03-19 06:00:00,2.626899999999999
2024-03-19 07:00:00,2.6301999999999985
2024-03-19 08:00:00,2.630399999999999
2024-03-19 09:00:00,2.625899999999999
2024-03-19 10:00:00,2.6308999999999987
2024-03-19 11:00:00,2.6316999999999986
2024-03-19 12:00:00,2.6313999999999984
2024-03-19 13:00:00,2.649399999999999
2024-03-19 14:00:00,2.6450999999999985
2024-03-19 15:00:00,2.645999999999999
2024-03-19 16:00:00,2.643299999999999
2024-03-19 17:00:00,2.6523999999999983
2024-03-19 18:00:00,2.6525999999999987
2024-03-19 19:00:00,2.6525999999999987
2024-03-19 20:00:00,2.6427999999999985
2024-03-19 23:00:00,2.6328999999999985
2024-03-20 01:00:00,2.6328999999999985
2024-03-20 05:00:00,2.6358999999999986
2024-03-20 07:00:00,2.6358999999999986
2024-03-20 08:00:00,2.628499999999999
2024-03-20 09:00:00,2.6233999999999984
2024-03-20 10:00:00,2.6119999999999983
2024-03-20 11:00:00,2.6163999999999987
2024-03-20 12:00:00,2.6030999999999986
2024-03-20 13:00:00,2.6220999999999988
2024-03-20 14:00:00,2.6153999999999984
2024-03-20 15:00:00,2.617899999999999
2024-03-20 16:00:00,2.6167999999999987
2024-03-20 17:00:00,2.6184999999999983
2024-03-20 18:00:00,2.620899999999999
2024-03-20 19:00:00,2.6229999999999984
2024-03-20 20:00:00,2.6233999999999984
2024-03-20 23:00:00,2.6336999999999984
2024-03-21 02:00:00,2.632699999999999
2024-03-21 05:00:00,2.6351999999999984
2024-03-21 07:00:00,2.6263999999999985
2024-03-21 08:00:00,2.616299999999999
2024-03-21 09:00:00,2.6125999999999987
2024-03-21 10:00:00,2.6163999999999987
2024-03-21 11:00:00,2.603299999999999
2024-03-21 12:00:00,2.6180999999999983
2024-03-21 13:00:00,2.6102999999999987
2024-03-21 14:00:00,2.5917999999999983
2024-03-21 15:00:00,2.605199999999999
2024-03-21 16:00:00,2.603399999999999
2024-03-21 17:00:00,2.6133999999999986
2024-03-21 18:00:00,2.610999999999999
2024-03-21 19:00:00,2.613699999999999
2024-03-21 20:00:00,2.6072999999999986
2024-03-21 23:00:00,2.615099999999999
2024-03-22 02:00:00,2.596899999999999
2024-03-22 05:00:00,2.596099999999999
2024-03-22 06:00:00,2.600299999999999
2024-03-22 07:00:00,2.600299999999999
2024-03-22 08:00:00,2.6187999999999985
2024-03-22 09:00:00,2.6144999999999987
2024-03-22 10:00:00,2.6213999999999986
2024-03-22 11:00:00,2.6213999999999986
2024-03-22 12:00:00,2.6281999999999988
2024-03-22 13:00:00,2.6245999999999983
2024-03-22 14:00:00,2.6190999999999987
2024-03-22 15:00:00,2.6209999999999987
2024-03-22 16:00:00,2.6123999999999983
2024-03-22 17:00:00,2.6182999999999987
2024-03-22 18:00:00,2.6194999999999986
2024-03-22 19:00:00,2.6168999999999984
2024-03-22 20:00:00,2.6172999999999984
2024-03-22 23:00:00,2.6198999999999986
2024-03-25 01:00:00,2.6198999999999986
2024-03-25 06:00:00,2.626199999999999
2024-03-25 07:00:00,2.628899999999999
2024-03-25 08:00:00,2.6233999999999984
2024-03-25 09:00:00,2.6283999999999983
2024-03-25 10:00:00,2.6198999999999986
2024-03-25 11:00:00,2.6149999999999984
2024-03-25 12:00:00,2.6106999999999987
2024-03-25 13:00:00,2.6331999999999987
2024-03-25 14:00:00,2.6458999999999984
2024-03-25 15:00:00,2.6382999999999983
2024-03-25 16:00:00,2.635799999999999
2024-03-25 17:00:00,2.623599999999999
2024-03-25 18:00:00,2.6332999999999984
2024-03-25 19:00:00,2.6306999999999983
2024-03-25 20:00:00,2.6306999999999983
2024-03-25 23:00:00,2.6312999999999986
2024-03-26 01:00:00,2.6312999999999986
2024-03-26 04:00:00,2.6274999999999986
2024-03-26 05:00:00,2.6283999999999983
2024-03-26 07:00:00,2.617399999999999
2024-03-26 08:00:00,2.622399999999999
2024-03-26 09:00:00,2.624699999999999
2024-03-26 10:00:00,2.624699999999999
2024-03-26 11:00:00,2.624699999999999
2024-03-26 12:00:00,2.6255999999999986
2024-03-26 13:00:00,2.615899999999999
2024-03-26 14:00:00,2.596899999999999
2024-03-26 15:00:00,2.5988999999999987
2024-03-26 15:00:01,2.5988999999999987
2024-03-26 16:00:00,2.602199999999999
2024-03-26 17:00:00,2.5973999999999986
2024-03-26 18:00:00,2.5836999999999986
2024-03-26 19:00:00,2.5821999999999985
2024-03-26 20:00:00,2.582399999999999
2024-03-26 23:00:00,2.6256999999999993
2024-03-27 02:00:00,2.5645999999999987
2024-03-27 03:00:00,2.571299999999999
2024-03-27 06:00:00,2.567799999999999
2024-03-27 07:00:00,2.566799999999999
2024-03-27 08:00:00,2.5756999999999985
2024-03-27 09:00:00,2.5753999999999992
2024-03-27 10:00:00,2.577799999999999
2024-03-27 11:00:00,2.582699999999999
2024-03-27 12:00:00,2.5775999999999986
2024-03-27 13:00:00,2.577699999999999
2024-03-27 14:00:00,2.5669999999999993
2024-03-27 15:00:00,2.5806999999999984
2024-03-27 16:00:00,2.570899999999999
2024-03-27 17:00:00,2.5843999999999987
2024-03-27 18:00:00,2.578199999999999
2024-03-27 19:00:00,2.579999999999999
2024-03-27 20:00:00,2.583599999999999
2024-03-27 23:00:00,2.575099999999999
2024-03-28 03:00:00,2.579299999999999
2024-03-28 06:00:00,2.5852999999999993
2024-03-28 07:00:00,2.5820999999999987
2024-03-28 08:00:00,2.582699999999999
2024-03-28 09:00:00,2.5852999999999993
2024-03-28 10:00:00,2.593099999999999
2024-03-28 11:00:00,2.594999999999999
2024-03-28 12:00:00,2.595299999999999
2024-03-28 13:00:00,2.588399999999999
2024-03-28 14:00:00,2.615499999999999
2024-03-28 15:00:00,2.600699999999999
2024-03-28 16:00:00,2.612399999999999
2024-03-28 17:00:00,2.621699999999999
2024-03-28 18:00:00,2.619999999999999
2024-03-28 19:00:00,2.6168999999999984
2024-03-28 20:00:00,2.6176999999999992
2024-03-28 23:00:00,2.6202999999999985
2024-04-01 23:00:00,2.612799999999999
2024-04-02 23:00:00,2.6580999999999992
2024-04-03 23:00:00,2.666199999999999
2024-04-04 23:00:00,2.6995999999999984
2024-04-05 23:00:00,2.697499999999999
2024-04-08 23:00:00,2.661299999999999
2024-04-09 23:00:00,2.661999999999999
2024-04-10 23:00:00,2.688699999999999
2024-04-11 23:00:00,2.680299999999999
2024-04-12 23:00:00,2.7078999999999986
2024-04-15 23:00:00,2.6914999999999987
2024-04-16 23:00:00,2.722899999999999
2024-04-17 23:00:00,2.6309999999999985
2024-04-18 23:00:00,2.6163999999999987
2024-04-19 23:00:00,2.615199999999999
2024-04-22 23:00:00,2.5947999999999984
2024-04-23 23:00:00,2.6328999999999985
2024-04-24 23:00:00,2.6404999999999985
2024-04-25 23:00:00,2.665099999999999
2024-04-26 23:00:00,2.675799999999999
2024-04-29 23:00:00,2.662699999999999
2024-04-30 23:00:00,2.6229999999999984
2024-05-01 23:00:00,2.509199999999999
2024-05-02 23:00:00,2.528299999999999
2024-05-03 23:00:00,2.4868999999999986
2024-05-06 23:00:00,2.5199999999999987
2024-05-07 23:00:00,2.475199999999999
2024-05-08 23:00:00,2.4635999999999987
2024-05-09 23:00:00,2.4735999999999985
2024-05-10 23:00:00,2.431499999999999
2024-05-13 23:00:00,2.4422999999999986
2024-05-14 23:00:00,2.391399999999999
2024-05-15 23:00:00,2.4285999999999985
2024-05-16 23:00:00,2.469599999999999
2024-05-17 23:00:00,2.5059999999999985
2024-05-20 23:00:00,2.4716999999999985
2024-05-21 23:00:00,2.441799999999999
2024-05-22 23:00:00,2.3995999999999986
2024-05-23 23:00:00,2.4011999999999984
2024-05-24 23:00:00,2.4159999999999986
2024-05-27 23:00:00,2.4457999999999984
2024-05-28 23:00:00,2.4407999999999985
2024-05-29 23:00:00,2.3961999999999986
2024-05-30 23:00:00,2.3363999999999985
2024-05-31 23:00:00,2.350299999999999
2024-06-03 23:00:00,2.2684999999999986
2024-06-04 23:00:00,2.282399999999998
2024-06-05 23:00:00,2.2864999999999984
2024-06-06 01:00:00,2.3013999999999983
2024-06-06 02:00:00,2.3013999999999983
2024-06-06 03:00:00,2.3013999999999983
2024-06-06 04:00:00,2.3013999999999983
2024-06-06 05:00:00,2.3013999999999983
2024-06-06 06:00:00,2.2993999999999986
2024-06-06 07:00:00,2.2993999999999986
2024-06-06 08:00:00,2.3047999999999984
2024-06-06 09:00:00,2.295799999999998
2024-06-06 10:00:00,2.298499999999999
2024-06-06 11:00:00,2.2966999999999986
2024-06-06 12:00:00,2.3005999999999984
2024-06-06 13:00:00,2.2959999999999985
2024-06-06 14:00:00,2.2974999999999985
2024-06-06 15:00:00,2.2994999999999983
2024-06-06 16:00:00,2.331199999999998
2024-06-06 17:00:00,2.3257999999999983
2024-06-06 18:00:00,2.3325999999999985
2024-06-06 19:00:00,2.3291999999999984
2024-06-06 20:00:00,2.331999999999998
2024-06-06 21:00:00,2.335099999999999
2024-06-06 22:00:00,2.335099999999999
2024-06-06 23:00:00,2.3303999999999983
2024-06-07 01:00:00,2.3374999999999986
2024-06-07 02:00:00,2.3435999999999986
2024-06-07 03:00:00,2.3435999999999986
2024-06-07 04:00:00,2.3398999999999983
2024-06-07 05:00:00,2.338899999999999
2024-06-07 06:00:00,2.3406999999999982
2024-06-07 07:00:00,2.339299999999999
2024-06-07 08:00:00,2.3332999999999986
2024-06-07 09:00:00,2.3278999999999987
2024-06-07 10:00:00,2.3318999999999983
2024-06-07 11:00:00,2.3378999999999985
2024-06-07 12:00:00,2.3438999999999988
2024-06-07 13:00:00,2.326299999999999
2024-06-07 14:00:00,2.327799999999998
2024-06-07 15:00:00,2.321299999999998
2024-06-07 16:00:00,2.310699999999999
2024-06-07 17:00:00,2.3161999999999985
2024-06-07 18:00:00,2.319799999999998
2024-06-07 19:00:00,2.3116999999999983
2024-06-07 20:00:00,2.3082999999999982
2024-06-07 21:00:00,2.3130999999999986
2024-06-07 22:00:00,2.3130999999999986
2024-06-07 23:00:00,2.3154999999999983
2024-06-09 23:00:00,2.3168999999999986
2024-06-10 01:00:00,2.3168999999999986
2024-06-10 02:00:00,2.3267999999999986
2024-06-10 03:00:00,2.3267999999999986
2024-06-10 04:00:00,2.3267999999999986
2024-06-10 05:00:00,2.3299999999999983
2024-06-10 06:00:00,2.3299999999999983
2024-06-10 07:00:00,2.3299999999999983
2024-06-10 08:00:00,2.329699999999998
2024-06-10 09:00:00,2.324699999999998
2024-06-10 10:00:00,2.324699999999998
2024-06-10 11:00:00,2.324699999999998
2024-06-10 12:00:00,2.3240999999999987
2024-06-10 13:00:00,2.3233999999999986
2024-06-10 14:00:00,2.3135999999999983
2024-06-10 15:00:00,2.3301999999999987
2024-06-10 16:00:00,2.337399999999999
2024-06-10 17:00:00,2.341899999999998
2024-06-10 18:00:00,2.3405999999999985
2024-06-10 19:00:00,2.344199999999999
2024-06-10 20:00:00,2.344199999999999
2024-06-10 21:00:00,2.3546999999999985
2024-06-10 22:00:00,2.3546999999999985
2024-06-10 23:00:00,2.343799999999998
2024-06-11 01:00:00,2.362899999999999
2024-06-11 02:00:00,2.362899999999999
2024-06-11 03:00:00,2.362899999999999
2024-06-11 04:00:00,2.362899999999999
2024-06-11 05:00:00,2.362899999999999
2024-06-11 06:00:00,2.344199999999999
2024-06-11 07:00:00,2.347299999999999
2024-06-11 08:00:00,2.3474999999999984
2024-06-11 09:00:00,2.3480999999999987
2024-06-11 10:00:00,2.3306999999999984
2024-06-11 11:00:00,2.3306999999999984
2024-06-11 12:00:00,2.329299999999998
2024-06-11 13:00:00,2.3386999999999984
2024-06-11 14:00:00,2.3423999999999987
2024-06-11 15:00:00,2.332799999999999
2024-06-11 16:00:00,2.351799999999998
2024-06-11 17:00:00,2.350699999999999
2024-06-11 18:00:00,2.3443999999999985
2024-06-11 19:00:00,2.3477999999999986
2024-06-11 20:00:00,2.3477999999999986
2024-06-11 21:00:00,2.3569999999999984
2024-06-11 22:00:00,2.3569999999999984
2024-06-11 23:00:00,2.3417999999999983
2024-06-12 05:00:00,2.3417999999999983
2024-06-12 06:00:00,2.3417999999999983
2024-06-12 07:00:00,2.3637999999999986
2024-06-12 08:00:00,2.3621999999999987
2024-06-12 09:00:00,2.3622999999999985
2024-06-12 10:00:00,2.3619999999999983
2024-06-12 11:00:00,2.362899999999999
2024-06-12 12:00:00,2.362899999999999
2024-06-12 13:00:00,2.379299999999999
2024-06-12 14:00:00,2.382299999999998
2024-06-12 15:00:00,2.3355999999999986
2024-06-12 16:00:00,2.3333999999999984
2024-06-12 17:00:00,2.338899999999999
2024-06-12 18:00:00,2.3390999999999984
2024-06-12 19:00:00,2.3286999999999987
2024-06-12 20:00:00,2.322499999999999
2024-06-12 21:00:00,2.322499999999999
2024-06-12 22:00:00,2.322499999999999
2024-06-12 23:00:00,2.3272999999999984
2024-06-13 02:00:00,2.3272999999999984
2024-06-13 03:00:00,2.3272999999999984
2024-06-13 04:00:00,2.3272999999999984
2024-06-13 05:00:00,2.3272999999999984
2024-06-13 06:00:00,2.3272999999999984
2024-06-13 07:00:00,2.3139999999999983
2024-06-13 08:00:00,2.3108999999999984
2024-06-13 09:00:00,2.3108999999999984
2024-06-13 10:00:00,2.303099999999999
2024-06-13 11:00:00,2.303099999999999
2024-06-13 12:00:00,2.317099999999998
2024-06-13 13:00:00,2.329699999999998
2024-06-13 14:00:00,2.3466999999999985
2024-06-13 15:00:00,2.3446999999999987
2024-06-13 16:00:00,2.329399999999999
2024-06-13 17:00:00,2.3436999999999983
2024-06-13 18:00:00,2.344199999999999
2024-06-13 19:00:00,2.3436999999999983
2024-06-13 20:00:00,2.3436999999999983
2024-06-13 21:00:00,2.3436999999999983
2024-06-13 22:00:00,2.3436999999999983
2024-06-13 23:00:00,2.3484999999999987
2024-06-14 01:00:00,2.3484999999999987
2024-06-14 02:00:00,2.3484999999999987
2024-06-14 03:00:00,2.3484999999999987
2024-06-14 04:00:00,2.3484999999999987
2024-06-14 05:00:00,2.3501999999999983
2024-06-14 06:00:00,2.3501999999999983
2024-06-14 07:00:00,2.3501999999999983
2024-06-14 08:00:00,2.3557999999999986
2024-06-14 09:00:00,2.347999999999998
2024-06-14 10:00:00,2.362899999999999
2024-06-14 11:00:00,2.362899999999999
2024-06-14 12:00:00,2.379999999999998
2024-06-14 13:00:00,2.3782999999999985
2024-06-14 14:00:00,2.3688999999999982
2024-06-14 15:00:00,2.3477999999999986
2024-06-14 16:00:00,2.3499999999999988
2024-06-14 17:00:00,2.3505999999999982
2024-06-14 18:00:00,2.3438999999999988
2024-06-14 19:00:00,2.337299999999998
2024-06-14 20:00:00,2.337299999999998
2024-06-14 21:00:00,2.3345999999999982
2024-06-14 22:00:00,2.3345999999999982
2024-06-14 23:00:00,2.3324999999999987
2024-06-16 23:00:00,2.3324999999999987
2024-06-17 01:00:00,2.3316999999999988
2024-06-17 02:00:00,2.3316999999999988
2024-06-17 03:00:00,2.3316999999999988
2024-06-17 04:00:00,2.3316999999999988
2024-06-17 05:00:00,2.3316999999999988
2024-06-17 06:00:00,2.3316999999999988
2024-06-17 07:00:00,2.3150999999999984
2024-06-17 08:00:00,2.3233999999999986
2024-06-17 09:00:00,2.3386999999999984
2024-06-17 10:00:00,2.3451999999999984
2024-06-17 11:00:00,2.3451999999999984
2024-06-17 12:00:00,2.3451999999999984
2024-06-17 13:00:00,2.3436999999999983
2024-06-17 14:00:00,2.3588999999999984
2024-06-17 15:00:00,2.3573999999999984
2024-06-17 16:00:00,2.3576999999999986
2024-06-17 17:00:00,2.3687999999999985
2024-06-17 18:00:00,2.369699999999998
2024-06-17 19:00:00,2.3787999999999982
2024-06-17 20:00:00,2.3779999999999983
2024-06-17 21:00:00,2.3816999999999986
2024-06-17 22:00:00,2.3816999999999986
2024-06-17 23:00:00,2.3797999999999986
2024-06-18 01:00:00,2.389899999999998
2024-06-18 02:00:00,2.389899999999998
2024-06-18 03:00:00,2.380799999999999
2024-06-18 04:00:00,2.380799999999999
2024-06-18 05:00:00,2.375499999999999
2024-06-18 06:00:00,2.3771999999999984
2024-06-18 07:00:00,2.3771999999999984
2024-06-18 08:00:00,2.373899999999998
2024-06-18 09:00:00,2.3690999999999987
2024-06-18 10:00:00,2.3705999999999987
2024-06-18 11:00:00,2.3705999999999987
2024-06-18 12:00:00,2.3828999999999985
2024-06-18 13:00:00,2.3828999999999985
2024-06-18 14:00:00,2.3999999999999986
2024-06-18 15:00:00,2.4111999999999982
2024-06-18 16:00:00,2.4033999999999986
2024-06-18 17:00:00,2.401299999999998
2024-06-18 18:00:00,2.403599999999998
2024-06-18 19:00:00,2.4136999999999986
2024-06-18 20:00:00,2.4118999999999984
2024-06-18 21:00:00,2.4118999999999984
2024-06-18 22:00:00,2.4118999999999984
2024-06-18 23:00:00,2.4160999999999984
2024-06-19 01:00:00,2.4160999999999984
2024-06-19 02:00:00,2.4160999999999984
2024-06-19 03:00:00,2.4160999999999984
2024-06-19 04:00:00,2.4160999999999984
2024-06-19 05:00:00,2.4160999999999984
2024-06-19 06:00:00,2.4160999999999984
2024-06-19 07:00:00,2.4250999999999987
2024-06-19 08:00:00,2.4250999999999987
2024-06-19 09:00:00,2.419599999999998
2024-06-19 10:00:00,2.4224999999999985
2024-06-19 11:00:00,2.4262999999999986
2024-06-19 12:00:00,2.4262999999999986
2024-06-19 13:00:00,2.4437999999999986
2024-06-19 14:00:00,2.437899999999998
2024-06-19 15:00:00,2.443699999999999
2024-06-19 16:00:00,2.4448999999999987
2024-06-19 17:00:00,2.4296999999999986
2024-06-19 18:00:00,2.4296999999999986
2024-06-19 19:00:00,2.4296999999999986
2024-06-19 20:00:00,2.4296999999999986
2024-06-19 21:00:00,2.4296999999999986
2024-06-19 22:00:00,2.4296999999999986
2024-06-19 23:00:00,2.4270999999999985
2024-06-20 07:00:00,2.429499999999998
2024-06-20 08:00:00,2.429499999999998
2024-06-20 09:00:00,2.4326999999999988
2024-06-20 10:00:00,2.4326999999999988
2024-06-20 11:00:00,2.4326999999999988
2024-06-20 12:00:00,2.4326999999999988
2024-06-20 13:00:00,2.4281999999999986
2024-06-20 14:00:00,2.439499999999999
2024-06-20 15:00:00,2.4309999999999983
2024-06-20 16:00:00,2.4278999999999984
2024-06-20 17:00:00,2.4248999999999983
2024-06-20 18:00:00,2.4254999999999987
2024-06-20 19:00:00,2.4342999999999986
2024-06-20 20:00:00,2.4351999999999983
2024-06-20 21:00:00,2.4351999999999983
2024-06-20 22:00:00,2.4351999999999983
2024-06-20 23:00:00,2.433699999999998
2024-06-21 04:00:00,2.433699999999998
2024-06-21 05:00:00,2.433699999999998
2024-06-21 06:00:00,2.433699999999998
2024-06-21 07:00:00,2.433699999999998
2024-06-21 08:00:00,2.4338999999999986
2024-06-21 09:00:00,2.4338999999999986
2024-06-21 10:00:00,2.442899999999998
2024-06-21 11:00:00,2.443999999999998
2024-06-21 12:00:00,2.4465999999999983
2024-06-21 13:00:00,2.446399999999999
2024-06-21 14:00:00,2.4490999999999987
2024-06-21 15:00:00,2.4568999999999983
2024-06-21 16:00:00,2.4560999999999984
2024-06-21 17:00:00,2.431899999999999
2024-06-21 18:00:00,2.4471999999999987
2024-06-21 19:00:00,2.4468999999999985
2024-06-21 20:00:00,2.4411999999999985
2024-06-21 21:00:00,2.4449999999999985
2024-06-21 22:00:00,2.4449999999999985
2024-06-21 23:00:00,2.4465999999999983
2024-06-24 02:00:00,2.4465999999999983
2024-06-24 03:00:00,2.4373999999999985
2024-06-24 04:00:00,2.4373999999999985
2024-06-24 05:00:00,2.4433999999999987
2024-06-24 06:00:00,2.4422999999999986
2024-06-24 07:00:00,2.4422999999999986
2024-06-24 08:00:00,2.4407999999999985
2024-06-24 09:00:00,2.4391999999999987
2024-06-24 10:00:00,2.4391999999999987
2024-06-24 11:00:00,2.4441999999999986
2024-06-24 12:00:00,2.4441999999999986
2024-06-24 13:00:00,2.4400999999999984
2024-06-24 14:00:00,2.4415999999999984
2024-06-24 15:00:00,2.4406999999999988
2024-06-24 16:00:00,2.4486999999999988
2024-06-24 17:00:00,2.4429999999999987
2024-06-24 18:00:00,2.4461999999999984
2024-06-24 19:00:00,2.4437999999999986
2024-06-24 20:00:00,2.445999999999999
2024-06-24 21:00:00,2.4456999999999987
2024-06-24 22:00:00,2.4456999999999987
2024-06-24 23:00:00,2.444399999999998
2024-06-25 01:00:00,2.444399999999998
2024-06-25 02:00:00,2.444399999999998
2024-06-25 03:00:00,2.4468999999999985
2024-06-25 04:00:00,2.4468999999999985
2024-06-25 05:00:00,2.4468999999999985
2024-06-25 06:00:00,2.4468999999999985
2024-06-25 07:00:00,2.4468999999999985
2024-06-25 08:00:00,2.439799999999998
2024-06-25 09:00:00,2.439799999999998
2024-06-25 10:00:00,2.439799999999998
2024-06-25 11:00:00,2.439799999999998
2024-06-25 12:00:00,2.439799999999998
2024-06-25 13:00:00,2.4391999999999987
2024-06-25 14:00:00,2.445899999999998
2024-06-25 15:00:00,2.460499999999999
2024-06-25 16:00:00,2.4636999999999984
2024-06-25 17:00:00,2.4426999999999985
2024-06-25 18:00:00,2.448199999999998
2024-06-25 19:00:00,2.4473999999999982
2024-06-25 20:00:00,2.4429999999999987
2024-06-25 21:00:00,2.4429999999999987
2024-06-25 22:00:00,2.4429999999999987
2024-06-25 23:00:00,2.4475999999999987
2024-06-26 01:00:00,2.434899999999998
2024-06-26 02:00:00,2.434899999999998
2024-06-26 03:00:00,2.434899999999998
2024-06-26 04:00:00,2.434899999999998
2024-06-26 05:00:00,2.434899999999998
2024-06-26 06:00:00,2.434899999999998
2024-06-26 07:00:00,2.4528999999999987
2024-06-26 08:00:00,2.450599999999999
2024-06-26 09:00:00,2.450599999999999
2024-06-26 10:00:00,2.450599999999999
2024-06-26 11:00:00,2.450599999999999
2024-06-26 12:00:00,2.4582999999999986
2024-06-26 13:00:00,2.4606999999999983
2024-06-26 14:00:00,2.454699999999998
2024-06-26 15:00:00,2.454699999999998
2024-06-26 16:00:00,2.454699999999998
2024-06-26 17:00:00,2.4708999999999985
2024-06-26 18:00:00,2.4708999999999985
2024-06-26 19:00:00,2.480699999999999
2024-06-26 20:00:00,2.480699999999999
2024-06-26 21:00:00,2.480699999999999
2024-06-26 22:00:00,2.480699999999999
2024-06-26 23:00:00,2.4774999999999983
2024-06-27 02:00:00,2.4774999999999983
2024-06-27 03:00:00,2.4774999999999983
2024-06-27 04:00:00,2.4774999999999983
2024-06-27 05:00:00,2.4774999999999983
2024-06-27 06:00:00,2.4774999999999983
2024-06-27 07:00:00,2.4774999999999983
2024-06-27 08:00:00,2.4774999999999983
2024-06-27 09:00:00,2.4774999999999983
2024-06-27 10:00:00,2.4774999999999983
2024-06-27 11:00:00,2.4774999999999983
2024-06-27 12:00:00,2.4774999999999983
2024-06-27 13:00:00,2.4774999999999983
2024-06-27 14:00:00,2.5048999999999984
2024-06-27 15:00:00,2.501199999999999
2024-06-27 16:00:00,2.482899999999999
2024-06-27 17:00:00,2.4765999999999986
2024-06-27 18:00:00,2.483299999999999
2024-06-27 19:00:00,2.482899999999999
2024-06-27 20:00:00,2.483699999999999
2024-06-27 21:00:00,2.486799999999999
2024-06-27 22:00:00,2.486799999999999
2024-06-27 23:00:00,2.4826999999999986
2024-06-28 01:00:00,2.4826999999999986
2024-06-28 02:00:00,2.4913999999999987
2024-06-28 03:00:00,2.495499999999999
2024-06-28 04:00:00,2.495499999999999
2024-06-28 05:00:00,2.498899999999999
2024-06-28 06:00:00,2.5040999999999984
2024-06-28 07:00:00,2.5054999999999987
2024-06-28 08:00:00,2.5067999999999984
2024-06-28 09:00:00,2.5018999999999982
2024-06-28 10:00:00,2.5067999999999984
2024-06-28 11:00:00,2.4944999999999986
2024-06-28 12:00:00,2.488699999999999
2024-06-28 13:00:00,2.497399999999999
2024-06-28 14:00:00,2.481399999999999
2024-06-28 15:00:00,2.468499999999999
2024-06-28 16:00:00,2.471099999999999
2024-06-28 17:00:00,2.4636999999999984
2024-06-28 18:00:00,2.4628999999999985
2024-06-28 19:00:00,2.4536999999999987
2024-06-28 20:00:00,2.4639999999999986
2024-06-28 21:00:00,2.466099999999999
2024-06-28 22:00:00,2.466099999999999
2024-06-28 23:00:00,2.457399999999999
2024-06-30 23:00:00,2.457399999999999
2024-07-01 01:00:00,2.457399999999999
2024-07-01 02:00:00,2.457399999999999
2024-07-01 03:00:00,2.4799999999999986
2024-07-01 04:00:00,2.4799999999999986
2024-07-01 05:00:00,2.4799999999999986
2024-07-01 06:00:00,2.4799999999999986
2024-07-01 07:00:00,2.4933999999999985
2024-07-01 08:00:00,2.4949999999999983
2024-07-01 09:00:00,2.4754999999999985
2024-07-01 10:00:00,2.4788999999999985
2024-07-01 11:00:00,2.4788999999999985
2024-07-01 12:00:00,2.486799999999999
2024-07-01 13:00:00,2.491699999999999
2024-07-01 14:00:00,2.498899999999999
2024-07-01 15:00:00,2.5033999999999983
2024-07-01 16:00:00,2.5235999999999983
2024-07-01 17:00:00,2.525199999999999
2024-07-01 18:00:00,2.5268999999999986
2024-07-01 19:00:00,2.5310999999999986
2024-07-01 20:00:00,2.5332999999999988
2024-07-01 21:00:00,2.5287999999999986
2024-07-01 22:00:00,2.5287999999999986
2024-07-01 23:00:00,2.5341999999999985
2024-07-02 01:00:00,2.5341999999999985
2024-07-02 02:00:00,2.5341999999999985
2024-07-02 03:00:00,2.5341999999999985
2024-07-02 04:00:00,2.5341999999999985
2024-07-02 05:00:00,2.5348999999999986
2024-07-02 06:00:00,2.5332999999999988
2024-07-02 07:00:00,2.5338999999999983
2024-07-02 08:00:00,2.542399999999999
2024-07-02 09:00:00,2.5505999999999984
2024-07-02 10:00:00,2.558799999999999
2024-07-02 11:00:00,2.5630999999999986
2024-07-02 12:00:00,2.563299999999999
2024-07-02 13:00:00,2.5635999999999983
2024-07-02 14:00:00,2.5508999999999986
2024-07-02 15:00:00,2.5437999999999983
2024-07-02 16:00:00,2.5291999999999986
2024-07-02 17:00:00,2.5433999999999983
2024-07-02 18:00:00,2.5441999999999982
2024-07-02 19:00:00,2.5284999999999984
2024-07-02 20:00:00,2.527899999999999
2024-07-02 21:00:00,2.5390999999999986
2024-07-02 22:00:00,2.5390999999999986
2024-07-02 23:00:00,2.5292999999999983
2024-07-03 01:00:00,2.5292999999999983
2024-07-03 02:00:00,2.5292999999999983
2024-07-03 03:00:00,2.5292999999999983
2024-07-03 04:00:00,2.5292999999999983
2024-07-03 05:00:00,2.530899999999999
2024-07-03 06:00:00,2.530899999999999
2024-07-03 07:00:00,2.530899999999999
2024-07-03 08:00:00,2.5227999999999984
2024-07-03 09:00:00,2.5172999999999988
2024-07-03 10:00:00,2.5113999999999983
2024-07-03 11:00:00,2.5078999999999985
2024-07-03 12:00:00,2.5078999999999985
2024-07-03 13:00:00,2.519899999999999
2024-07-03 14:00:00,2.520599999999999
2024-07-03 15:00:00,2.504999999999999
2024-07-03 16:00:00,2.5123999999999986
2024-07-03 17:00:00,2.5239999999999982
2024-07-03 18:00:00,2.5340999999999987
2024-07-03 19:00:00,2.546999999999999
2024-07-03 20:00:00,2.546999999999999
2024-07-03 21:00:00,2.546999999999999
2024-07-03 22:00:00,2.546999999999999
2024-07-03 23:00:00,2.557199999999999
2024-07-04 02:00:00,2.5352999999999986
2024-07-04 03:00:00,2.5352999999999986
2024-07-04 04:00:00,2.5352999999999986
2024-07-04 05:00:00,2.5352999999999986
2024-07-04 06:00:00,2.5352999999999986
2024-07-04 07:00:00,2.5352999999999986
2024-07-04 08:00:00,2.5283999999999986
2024-07-04 09:00:00,2.5211999999999986
2024-07-04 10:00:00,2.5405999999999986
2024-07-04 11:00:00,2.5405999999999986
2024-07-04 12:00:00,2.5405999999999986
2024-07-04 13:00:00,2.5364999999999984
2024-07-04 14:00:00,2.5364999999999984
2024-07-04 15:00:00,2.5349999999999984
2024-07-04 16:00:00,2.5352999999999986
2024-07-04 17:00:00,2.5352999999999986
2024-07-04 18:00:00,2.540499999999999
2024-07-04 23:00:00,2.5398999999999985
2024-07-05 05:00:00,2.5336999999999987
2024-07-05 06:00:00,2.5336999999999987
2024-07-05 07:00:00,2.5336999999999987
2024-07-05 08:00:00,2.5418999999999983
2024-07-05 09:00:00,2.537799999999999
2024-07-05 10:00:00,2.532899999999999
2024-07-05 11:00:00,2.532899999999999
2024-07-05 12:00:00,2.5393999999999988
2024-07-05 13:00:00,2.553399999999999
2024-07-05 14:00:00,2.564499999999999
2024-07-05 15:00:00,2.5688999999999984
2024-07-05 16:00:00,2.5711999999999984
2024-07-05 17:00:00,2.553399999999999
2024-07-05 18:00:00,2.544999999999999
2024-07-05 23:00:00,2.544999999999999
2024-07-08 23:00:00,2.4937999999999985
2024-07-09 23:00:00,2.483299999999999
2024-07-10 23:00:00,2.459299999999999
2024-07-11 23:00:00,2.4736999999999982
2024-07-12 23:00:00,2.4711999999999987
2024-07-15 23:00:00,2.447499999999999
2024-07-16 23:00:00,2.433399999999999
2024-07-17 23:00:00,2.4571999999999985
2024-07-18 23:00:00,2.472299999999999
2024-07-19 23:00:00,2.406299999999999
2024-07-22 23:00:00,2.426499999999999
2024-07-23 23:00:00,2.3699999999999983
2024-07-24 23:00:00,2.407399999999998
2024-07-25 23:00:00,2.423499999999999
2024-07-26 23:00:00,2.4163999999999985
2024-07-29 23:00:00,2.371199999999998
2024-07-30 23:00:00,2.342999999999999
2024-07-31 23:00:00,2.4411999999999985
2024-08-01 23:00:00,2.396699999999999
2024-08-02 23:00:00,2.316299999999999
2024-08-05 23:00:00,2.332299999999999
2024-08-06 23:00:00,2.3248999999999986
2024-08-07 23:00:00,2.355999999999999
2024-08-08 23:00:00,2.397899999999999
2024-08-09 23:00:00,2.3889999999999985
2024-08-12 23:00:00,2.4415999999999984
2024-08-13 23:00:00,2.3733999999999984
2024-08-14 23:00:00,2.319799999999999
2024-08-15 23:00:00,2.356699999999999
2024-08-16 23:00:00,2.3088999999999986
2024-08-19 23:00:00,2.2624999999999984
2024-08-20 23:00:00,2.254999999999999
2024-08-21 23:00:00,2.203699999999998
2024-08-22 23:00:00,2.242399999999999
2024-08-23 23:00:00,2.2837999999999985
2024-08-26 23:00:00,2.278599999999999
2024-08-27 23:00:00,2.2455999999999987
2024-08-28 23:00:00,2.2134999999999985
2024-08-29 23:00:00,2.2463999999999986
2024-08-30 23:00:00,2.2318999999999987
2024-09-02 23:00:00,2.2095999999999987
2024-09-03 23:00:00,2.1163999999999987
2024-09-04 23:00:00,2.1004999999999985
2024-09-05 23:00:00,2.0644999999999984
2024-09-06 23:00:00,2.034699999999998
2024-09-09 23:00:00,2.0590999999999986
2024-09-10 23:00:00,2.0086999999999984
2024-09-11 23:00:00,2.0358999999999985
2024-09-12 23:00:00,2.0656999999999988
2024-09-13 23:00:00,2.0688999999999984
2024-09-16 23:00:00,2.1068999999999987
2024-09-17 23:00:00,2.1405999999999983
2024-09-18 23:00:00,2.149399999999998
2024-09-19 23:00:00,2.1986999999999983
2024-09-20 23:00:00,2.1750999999999983
2024-09-23 23:00:00,2.1288999999999985
2024-09-24 23:00:00,2.1683999999999988
2024-09-25 23:00:00,2.1385999999999985
2024-09-26 23:00:00,2.0999999999999988
2024-09-27 23:00:00,2.0916999999999986
2024-09-30 23:00:00,2.0997999999999983
2024-10-01 23:00:00,2.1312999999999986
2024-10-02 23:00:00,2.1505999999999985
2024-10-03 23:00:00,2.257299999999999
2024-10-04 23:00:00,2.2604999999999986
2024-10-07 23:00:00,2.3184999999999985
2024-10-08 23:00:00,2.2327999999999983
2024-10-09 23:00:00,2.2310999999999988
2024-10-10 23:00:00,2.315599999999999
2024-10-11 23:00:00,2.316299999999999
2024-10-14 23:00:00,2.273299999999999
2024-10-15 23:00:00,2.2023999999999986
2024-10-16 23:00:00,2.204999999999998
2024-10-17 23:00:00,2.2114999999999987
2024-10-18 23:00:00,2.1666999999999983
2024-10-21 23:00:00,2.1793999999999984
2024-10-22 23:00:00,2.2361999999999984
2024-10-23 23:00:00,2.206099999999998
2024-10-24 23:00:00,2.1923999999999984
2024-10-25 23:00:00,2.243199999999999
2024-10-28 23:00:00,2.131099999999998
2024-10-29 23:00:00,2.1164999999999985
2024-10-30 23:00:00,2.1603999999999983
2024-10-31 23:00:00,2.1751999999999985
2024-11-01 23:00:00,2.1678999999999986
2024-11-04 23:00:00,2.220599999999999
2024-11-05 23:00:00,2.2459999999999987
2024-11-06 23:00:00,2.236799999999999
2024-11-07 23:00:00,2.254999999999998
2024-11-08 23:00:00,2.2138999999999984
2024-11-11 23:00:00,2.1583999999999985
2024-11-12 23:00:00,2.1656999999999984
2024-11-13 23:00:00,2.1664999999999983
2024-11-14 23:00:00,2.1830999999999987
2024-11-15 23:00:00,2.1506999999999987
2024-11-18 23:00:00,2.2196999999999982
2024-11-19 23:00:00,2.2390999999999988
2024-11-20 23:00:00,2.2471999999999985
2024-11-21 23:00:00,2.260799999999999
2024-11-22 23:00:00,2.2627999999999986
2024-11-25 23:00:00,2.201899999999999
2024-11-26 23:00:00,2.1931999999999983
2024-11-27 23:00:00,2.1747999999999985
2024-11-28 23:00:00,2.1872999999999987
2024-11-29 23:00:00,2.1451999999999987
2024-12-02 23:00:00,2.163599999999999
2024-12-03 23:00:00,2.2087999999999988
2024-12-04 23:00:00,2.1854999999999984
2024-12-05 23:00:00,2.1788999999999987
2024-12-06 23:00:00,2.1525999999999987
2024-12-08 23:00:00,2.1524999999999985
2024-12-09 01:00:00,2.1524999999999985
2024-12-09 02:00:00,2.1625999999999985
2024-12-09 03:00:00,2.1625999999999985
2024-12-09 04:00:00,2.1625999999999985
2024-12-09 05:00:00,2.163999999999999
2024-12-09 06:00:00,2.163999999999999
2024-12-09 07:00:00,2.1713999999999984
2024-12-09 08:00:00,2.1785999999999985
2024-12-09 09:00:00,2.1754999999999987
2024-12-09 10:00:00,2.1754999999999987
2024-12-09 11:00:00,2.1828999999999987
2024-12-09 12:00:00,2.1782999999999983
2024-12-09 13:00:00,2.1865999999999985
2024-12-09 14:00:00,2.1946999999999983
2024-12-09 15:00:00,2.199399999999999
2024-12-09 16:00:00,2.2012999999999985
2024-12-09 17:00:00,2.2013999999999987
2024-12-09 18:00:00,2.199799999999999
2024-12-09 19:00:00,2.1952999999999987
2024-12-09 20:00:00,2.1916999999999986
2024-12-09 21:00:00,2.1900999999999984
2024-12-09 22:00:00,2.1900999999999984
2024-12-09 23:00:00,2.1524999999999985
2024-12-10 01:00:00,2.1524999999999985
2024-12-10 02:00:00,2.1524999999999985
2024-12-10 03:00:00,2.1858999999999984
2024-12-10 04:00:00,2.1858999999999984
2024-12-10 05:00:00,2.1858999999999984
2024-12-10 06:00:00,2.1867999999999985
2024-12-10 07:00:00,2.1858999999999984
2024-12-10 08:00:00,2.1973999999999987
2024-12-10 09:00:00,2.192199999999999
2024-12-10 10:00:00,2.1967999999999988
2024-12-10 11:00:00,2.1941999999999986
2024-12-10 12:00:00,2.2007999999999988
2024-12-10 13:00:00,2.202299999999999
2024-12-10 14:00:00,2.2000999999999986
2024-12-10 15:00:00,2.2133999999999987
2024-12-10 16:00:00,2.217899999999999
2024-12-10 17:00:00,2.2143999999999986
2024-12-10 18:00:00,2.2088999999999985
2024-12-10 19:00:00,2.1962999999999986
2024-12-10 20:00:00,2.1946999999999983
2024-12-10 21:00:00,2.1968999999999985
2024-12-10 22:00:00,2.1968999999999985
2024-12-10 23:00:00,2.2031999999999985
2024-12-11 01:00:00,2.2021999999999986
2024-12-11 02:00:00,2.2021999999999986
2024-12-11 03:00:00,2.211399999999999
2024-12-11 04:00:00,2.211399999999999
2024-12-11 05:00:00,2.2123999999999984
2024-12-11 06:00:00,2.2123999999999984
2024-12-11 07:00:00,2.2123999999999984
2024-12-11 08:00:00,2.2103999999999986
2024-12-11 09:00:00,2.2190999999999987
2024-12-11 10:00:00,2.2206999999999986
2024-12-11 11:00:00,2.2273999999999985
2024-12-11 12:00:00,2.2255999999999987
2024-12-11 13:00:00,2.222499999999999
2024-12-11 14:00:00,2.2187999999999986
2024-12-11 15:00:00,2.2157999999999984
2024-12-11 16:00:00,2.2253999999999987
2024-12-11 17:00:00,2.2277999999999984
2024-12-11 18:00:00,2.2290999999999985
2024-12-11 19:00:00,2.2372999999999985
2024-12-11 20:00:00,2.2352999999999987
2024-12-11 21:00:00,2.2354999999999987
2024-12-11 22:00:00,2.2354999999999987
2024-12-11 23:00:00,2.232199999999999
2024-12-12 01:00:00,2.232199999999999
2024-12-12 02:00:00,2.232199999999999
2024-12-12 03:00:00,2.232199999999999
2024-12-12 04:00:00,2.232199999999999
2024-12-12 05:00:00,2.232199999999999
2024-12-12 06:00:00,2.232199999999999
2024-12-12 07:00:00,2.242899999999999
2024-12-12 08:00:00,2.2409999999999988
2024-12-12 09:00:00,2.2399999999999984
2024-12-12 10:00:00,2.237899999999999
2024-12-12 11:00:00,2.237899999999999
2024-12-12 12:00:00,2.2357999999999985
2024-12-12 13:00:00,2.2296999999999985
2024-12-12 14:00:00,2.2184999999999984
2024-12-12 15:00:00,2.210299999999999
2024-12-12 16:00:00,2.2122999999999986
2024-12-12 17:00:00,2.2308999999999983
2024-12-12 18:00:00,2.2297999999999987
2024-12-12 19:00:00,2.2421999999999986
2024-12-12 20:00:00,2.2417999999999987
2024-12-12 21:00:00,2.2385999999999986
2024-12-12 22:00:00,2.2385999999999986
2024-12-12 23:00:00,2.2348999999999988
2024-12-13 01:00:00,2.2373999999999987
2024-12-13 02:00:00,2.2373999999999987
2024-12-13 03:00:00,2.2373999999999987
2024-12-13 04:00:00,2.2373999999999987
2024-12-13 05:00:00,2.2373999999999987
2024-12-13 06:00:00,2.2373999999999987
2024-12-13 07:00:00,2.2373999999999987
2024-12-13 08:00:00,2.234499999999999
2024-12-13 09:00:00,2.2418999999999984
2024-12-13 10:00:00,2.2467999999999986
2024-12-13 11:00:00,2.2516999999999987
2024-12-13 12:00:00,2.2473999999999985
2024-12-13 13:00:00,2.238699999999999
2024-12-13 14:00:00,2.2453999999999987
2024-12-13 15:00:00,2.2479999999999984
2024-12-13 16:00:00,2.250899999999999
2024-12-13 17:00:00,2.2514999999999987
2024-12-13 18:00:00,2.2492999999999985
2024-12-13 19:00:00,2.2492999999999985
2024-12-13 20:00:00,2.244399999999999
2024-12-13 21:00:00,2.243999999999999
2024-12-13 22:00:00,2.243999999999999
2024-12-13 23:00:00,2.2481999999999984
2024-12-15 23:00:00,2.2481999999999984
2024-12-16 01:00:00,2.2481999999999984
2024-12-16 02:00:00,2.2481999999999984
2024-12-16 03:00:00,2.2481999999999984
2024-12-16 04:00:00,2.2481999999999984
2024-12-16 05:00:00,2.2404999999999986
2024-12-16 06:00:00,2.2404999999999986
2024-12-16 07:00:00,2.2404999999999986
2024-12-16 08:00:00,2.2412999999999985
2024-12-16 09:00:00,2.2395999999999985
2024-12-16 10:00:00,2.2309999999999985
2024-12-16 11:00:00,2.2326999999999986
2024-12-16 12:00:00,2.232599999999999
2024-12-16 13:00:00,2.2360999999999986
2024-12-16 14:00:00,2.2318999999999987
2024-12-16 15:00:00,2.233299999999999
2024-12-16 16:00:00,2.2222999999999984
2024-12-16 17:00:00,2.2308999999999983
2024-12-16 18:00:00,2.2221999999999986
2024-12-16 19:00:00,2.2214999999999985
2024-12-16 20:00:00,2.2210999999999985
2024-12-16 21:00:00,2.2202999999999986
2024-12-16 22:00:00,2.2202999999999986
2024-12-16 23:00:00,2.222099999999999
2024-12-17 01:00:00,2.222099999999999
2024-12-17 02:00:00,2.2213999999999987
2024-12-17 03:00:00,2.2213999999999987
2024-12-17 04:00:00,2.2213999999999987
2024-12-17 05:00:00,2.2213999999999987
2024-12-17 06:00:00,2.2213999999999987
2024-12-17 07:00:00,2.2213999999999987
2024-12-17 08:00:00,2.2089999999999983
2024-12-17 09:00:00,2.2170999999999985
2024-12-17 10:00:00,2.2112999999999987
2024-12-17 11:00:00,2.2084999999999986
2024-12-17 12:00:00,2.2084999999999986
2024-12-17 13:00:00,2.2020999999999984
2024-12-17 14:00:00,2.191799999999999
2024-12-17 15:00:00,2.1777999999999986
2024-12-17 16:00:00,2.1866999999999983
2024-12-17 17:00:00,2.1926999999999985
2024-12-17 18:00:00,2.1925999999999988
2024-12-17 19:00:00,2.1901999999999986
2024-12-17 20:00:00,2.1930999999999985
2024-12-17 21:00:00,2.1962999999999986
2024-12-17 22:00:00,2.1962999999999986
2024-12-17 23:00:00,2.190299999999999
2024-12-18 01:00:00,2.1960999999999986
2024-12-18 02:00:00,2.1960999999999986
2024-12-18 03:00:00,2.1960999999999986
2024-12-18 04:00:00,2.1960999999999986
2024-12-18 05:00:00,2.1939999999999986
2024-12-18 06:00:00,2.1939999999999986
2024-12-18 07:00:00,2.1999999999999984
2024-12-18 08:00:00,2.2021999999999986
2024-12-18 09:00:00,2.2073999999999985
2024-12-18 10:00:00,2.2081999999999984
2024-12-18 11:00:00,2.207199999999999
2024-12-18 12:00:00,2.214499999999999
2024-12-18 13:00:00,2.2120999999999986
2024-12-18 14:00:00,2.214499999999999
2024-12-18 15:00:00,2.2171999999999987
2024-12-18 16:00:00,2.2165999999999983
2024-12-18 17:00:00,2.2011999999999987
2024-12-18 18:00:00,2.1964999999999986
2024-12-18 19:00:00,2.185299999999999
2024-12-18 20:00:00,2.1802999999999986
2024-12-18 21:00:00,2.1802999999999986
2024-12-18 22:00:00,2.1802999999999986
2024-12-18 23:00:00,2.1891999999999987
2024-12-19 01:00:00,2.1891999999999987
2024-12-19 02:00:00,2.179199999999999
2024-12-19 03:00:00,2.179199999999999
2024-12-19 04:00:00,2.179199999999999
2024-12-19 05:00:00,2.179199999999999
2024-12-19 06:00:00,2.1758999999999986
2024-12-19 07:00:00,2.1758999999999986
2024-12-19 08:00:00,2.171199999999999
2024-12-19 09:00:00,2.171199999999999
2024-12-19 10:00:00,2.171199999999999
2024-12-19 11:00:00,2.171199999999999
2024-12-19 12:00:00,2.171199999999999
2024-12-19 13:00:00,2.1878999999999986
2024-12-19 14:00:00,2.1878999999999986
2024-12-19 15:00:00,2.1722999999999986
2024-12-19 16:00:00,2.1708999999999987
2024-12-19 17:00:00,2.1676999999999986
2024-12-19 18:00:00,2.1676999999999986
2024-12-19 19:00:00,2.1686999999999985
2024-12-19 20:00:00,2.1590999999999987
2024-12-19 21:00:00,2.1604999999999985
2024-12-19 22:00:00,2.1604999999999985
2024-12-19 23:00:00,2.1691999999999987
2024-12-20 01:00:00,2.1580999999999984
2024-12-20 02:00:00,2.1588999999999987
2024-12-20 03:00:00,2.1586999999999987
2024-12-20 04:00:00,2.1586999999999987
2024-12-20 05:00:00,2.1586999999999987
2024-12-20 06:00:00,2.1586999999999987
2024-12-20 07:00:00,2.1586999999999987
2024-12-20 08:00:00,2.1603999999999983
2024-12-20 09:00:00,2.1603999999999983
2024-12-20 10:00:00,2.1554999999999986
2024-12-20 11:00:00,2.153299999999999
2024-12-20 12:00:00,2.1663999999999985
2024-12-20 13:00:00,2.1595999999999984
2024-12-20 14:00:00,2.1626999999999983
2024-12-20 15:00:00,2.1786999999999983
2024-12-20 16:00:00,2.1827999999999985
2024-12-20 17:00:00,2.1920999999999986
2024-12-20 18:00:00,2.1935999999999987
2024-12-20 19:00:00,2.1889999999999987
2024-12-20 20:00:00,2.1889999999999987
2024-12-20 21:00:00,2.1885999999999983
2024-12-20 22:00:00,2.1885999999999983
2024-12-20 23:00:00,2.187999999999999
2024-12-22 23:00:00,2.1897999999999986
2024-12-23 01:00:00,2.1897999999999986
2024-12-23 02:00:00,2.1897999999999986
2024-12-23 03:00:00,2.1897999999999986
2024-12-23 04:00:00,2.1897999999999986
2024-12-23 05:00:00,2.1897999999999986
2024-12-23 06:00:00,2.1999999999999984
2024-12-23 07:00:00,2.1999999999999984
2024-12-23 08:00:00,2.1999999999999984
2024-12-23 09:00:00,2.2027999999999985
2024-12-23 10:00:00,2.2027999999999985
2024-12-23 11:00:00,2.1885999999999983
2024-12-23 12:00:00,2.1885999999999983
2024-12-23 13:00:00,2.1848999999999985
2024-12-23 14:00:00,2.1759999999999984
2024-12-23 15:00:00,2.1689999999999987
2024-12-23 16:00:00,2.169699999999999
2024-12-23 17:00:00,2.1726999999999985
2024-12-23 18:00:00,2.182299999999999
2024-12-23 19:00:00,2.1905999999999985
2024-12-23 20:00:00,2.1938999999999984
2024-12-23 21:00:00,2.1938999999999984
2024-12-23 22:00:00,2.1938999999999984
2024-12-23 23:00:00,2.1897999999999986
2024-12-24 02:00:00,2.1976999999999984
2024-12-24 03:00:00,2.1976999999999984
2024-12-24 04:00:00,2.1976999999999984
2024-12-24 05:00:00,2.1976999999999984
2024-12-24 06:00:00,2.1976999999999984
2024-12-24 07:00:00,2.1976999999999984
2024-12-24 08:00:00,2.1976999999999984
2024-12-24 09:00:00,2.1976999999999984
2024-12-24 10:00:00,2.1976999999999984
2024-12-24 11:00:00,2.2015999999999987
2024-12-24 12:00:00,2.2015999999999987
2024-12-24 13:00:00,2.2015999999999987
2024-12-24 14:00:00,2.211799999999999
2024-12-24 15:00:00,2.2244999999999986
2024-12-24 16:00:00,2.2244999999999986
2024-12-24 17:00:00,2.2134999999999985
2024-12-24 18:00:00,2.2074999999999987
2024-12-24 23:00:00,2.205299999999999
2024-12-26 01:00:00,2.212199999999999
2024-12-26 02:00:00,2.2110999999999987
2024-12-26 03:00:00,2.2124999999999986
2024-12-26 04:00:00,2.2124999999999986
2024-12-26 05:00:00,2.2090999999999985
2024-12-26 06:00:00,2.206099999999999
2024-12-26 07:00:00,2.206099999999999
2024-12-26 08:00:00,2.206099999999999
2024-12-26 09:00:00,2.2130999999999985
2024-12-26 10:00:00,2.2130999999999985
2024-12-26 11:00:00,2.2130999999999985
2024-12-26 12:00:00,2.2130999999999985
2024-12-26 13:00:00,2.2176999999999985
2024-12-26 14:00:00,2.2127999999999983
2024-12-26 15:00:00,2.1973999999999987
2024-12-26 16:00:00,2.199799999999999
2024-12-26 17:00:00,2.1924999999999986
2024-12-26 18:00:00,2.1984999999999983
2024-12-26 19:00:00,2.1941999999999986
2024-12-26 20:00:00,2.1918999999999986
2024-12-26 21:00:00,2.1912999999999987
2024-12-26 22:00:00,2.1912999999999987
2024-12-26 23:00:00,2.192199999999999
2024-12-27 01:00:00,2.191799999999999
2024-12-27 02:00:00,2.191799999999999
2024-12-27 03:00:00,2.1928999999999985
2024-12-27 04:00:00,2.1928999999999985
2024-12-27 05:00:00,2.1928999999999985
2024-12-27 06:00:00,2.1928999999999985
2024-12-27 07:00:00,2.1995999999999984
2024-12-27 08:00:00,2.1995999999999984
2024-12-27 09:00:00,2.1962999999999986
2024-12-27 10:00:00,2.1998999999999986
2024-12-27 11:00:00,2.1998999999999986
2024-12-27 12:00:00,2.205699999999999
2024-12-27 13:00:00,2.2068999999999988
2024-12-27 14:00:00,2.2059999999999986
2024-12-27 15:00:00,2.200399999999999
2024-12-27 16:00:00,2.2043999999999984
2024-12-27 17:00:00,2.1956999999999987
2024-12-27 18:00:00,2.2092999999999985
2024-12-27 19:00:00,2.2062999999999984
2024-12-27 20:00:00,2.2062999999999984
2024-12-27 21:00:00,2.2062999999999984
2024-12-27 22:00:00,2.2062999999999984
2024-12-27 23:00:00,2.204599999999999
2024-12-29 23:00:00,2.204599999999999
2024-12-30 01:00:00,2.204599999999999
2024-12-30 02:00:00,2.204599999999999
2024-12-30 03:00:00,2.204599999999999
2024-12-30 04:00:00,2.204599999999999
2024-12-30 05:00:00,2.204599999999999
2024-12-30 06:00:00,2.204599999999999
2024-12-30 07:00:00,2.204599999999999
2024-12-30 08:00:00,2.204599999999999
2024-12-30 09:00:00,2.204599999999999
2024-12-30 10:00:00,2.204599999999999
2024-12-30 11:00:00,2.204599999999999
2024-12-30 12:00:00,2.204599999999999
2024-12-30 13:00:00,2.204599999999999
2024-12-30 14:00:00,2.204599999999999
2024-12-30 15:00:00,2.204599999999999
2024-12-30 16:00:00,2.204599999999999
2024-12-30 17:00:00,2.204599999999999
2024-12-30 18:00:00,2.204599999999999
2024-12-30 19:00:00,2.2172999999999985
2024-12-30 20:00:00,2.220899999999999
2024-12-30 21:00:00,2.2195999999999985
2024-12-30 22:00:00,2.2195999999999985
2024-12-30 23:00:00,2.1992999999999987
2024-12-31 01:00:00,2.2274999999999987
2024-12-31 02:00:00,2.223999999999999
2024-12-31 03:00:00,2.2211999999999987
2024-12-31 04:00:00,2.2286999999999986
2024-12-31 05:00:00,2.2263999999999986
2024-12-31 06:00:00,2.2282999999999986
2024-12-31 07:00:00,2.2282999999999986
2024-12-31 08:00:00,2.2282999999999986
2024-12-31 09:00:00,2.2213999999999987
2024-12-31 10:00:00,2.226699999999999
2024-12-31 11:00:00,2.2236999999999987
2024-12-31 12:00:00,2.214399999999999
2024-12-31 13:00:00,2.2106999999999988
2024-12-31 14:00:00,2.220599999999999
2024-12-31 15:00:00,2.2225999999999986
2024-12-31 16:00:00,2.228399999999999
2024-12-31 17:00:00,2.229899999999999
2024-12-31 18:00:00,2.233299999999999
2024-12-31 19:00:00,2.238099999999999
2024-12-31 23:00:00,2.2360999999999986
2025-01-02 01:00:00,2.250699999999999
2025-01-02 02:00:00,2.249699999999999
2025-01-02 03:00:00,2.247799999999999
2025-01-02 04:00:00,2.2446999999999986
2025-01-02 05:00:00,2.245099999999999
2025-01-02 06:00:00,2.2459999999999987
2025-01-02 07:00:00,2.2459999999999987
2025-01-02 08:00:00,2.2436999999999987
2025-01-02 09:00:00,2.256399999999999
2025-01-02 10:00:00,2.259399999999999
2025-01-02 11:00:00,2.263399999999999
2025-01-02 12:00:00,2.2634999999999987
2025-01-02 13:00:00,2.273699999999999
2025-01-02 14:00:00,2.2899999999999987
2025-01-02 15:00:00,2.2911999999999986
2025-01-02 16:00:00,2.2958999999999987
2025-01-02 17:00:00,2.2914999999999988
2025-01-02 18:00:00,2.280599999999999
2025-01-02 19:00:00,2.280199999999999
2025-01-02 20:00:00,2.2773999999999988
2025-01-02 21:00:00,2.279799999999999
2025-01-02 22:00:00,2.279799999999999
2025-01-02 23:00:00,2.2787999999999986
2025-01-03 01:00:00,2.284599999999999
2025-01-03 02:00:00,2.2836999999999987
2025-01-03 03:00:00,2.286299999999999
2025-01-03 04:00:00,2.2857999999999987
2025-01-03 05:00:00,2.2819999999999987
2025-01-03 06:00:00,2.2804999999999986
2025-01-03 07:00:00,2.2777999999999987
2025-01-03 08:00:00,2.278899999999999
2025-01-03 09:00:00,2.270699999999999
2025-01-03 10:00:00,2.276399999999999
2025-01-03 11:00:00,2.2777999999999987
2025-01-03 12:00:00,2.284399999999999
2025-01-03 13:00:00,2.2850999999999986
2025-01-03 14:00:00,2.2850999999999986
2025-01-03 15:00:00,2.288999999999999
2025-01-03 16:00:00,2.2867999999999986
2025-01-03 17:00:00,2.290699999999999
2025-01-03 18:00:00,2.284199999999999
2025-01-03 19:00:00,2.2825999999999986
2025-01-03 20:00:00,2.281899999999999
2025-01-03 21:00:00,2.2855999999999987
2025-01-03 22:00:00,2.2855999999999987
2025-01-03 23:00:00,2.280599999999999
2025-01-05 23:00:00,2.280599999999999
2025-01-06 01:00:00,2.2834999999999988
2025-01-06 02:00:00,2.2791999999999986
2025-01-06 03:00:00,2.274699999999999
2025-01-06 04:00:00,2.273699999999999
2025-01-06 05:00:00,2.2712999999999988
2025-01-06 06:00:00,2.2724999999999986
2025-01-06 07:00:00,2.2705999999999986
2025-01-06 08:00:00,2.271399999999999
2025-01-06 09:00:00,2.272799999999999
2025-01-06 10:00:00,2.280199999999999
2025-01-06 11:00:00,2.287099999999999
2025-01-06 12:00:00,2.290899999999999
2025-01-06 13:00:00,2.2834999999999988
2025-01-06 14:00:00,2.303099999999999
2025-01-06 15:00:00,2.287399999999999
2025-01-06 16:00:00,2.282699999999999
2025-01-06 17:00:00,2.2625999999999986
2025-01-06 18:00:00,2.2583999999999986
2025-01-06 19:00:00,2.262099999999999
2025-01-06 20:00:00,2.258899999999999
2025-01-06 21:00:00,2.259599999999999
2025-01-06 23:00:00,2.290899999999999
2025-01-07 01:00:00,2.2566999999999986
2025-01-07 02:00:00,2.258899999999999
2025-01-07 03:00:00,2.257899999999999
2025-01-07 04:00:00,2.258099999999999
2025-01-07 05:00:00,2.259799999999999
2025-01-07 06:00:00,2.258499999999999
2025-01-07 07:00:00,2.2556999999999987
2025-01-07 08:00:00,2.2556999999999987
2025-01-07 09:00:00,2.258699999999999
2025-01-07 10:00:00,2.261899999999999
2025-01-07 11:00:00,2.2758999999999987
2025-01-07 12:00:00,2.2720999999999987
2025-01-07 13:00:00,2.261499999999999
2025-01-07 14:00:00,2.2651999999999988
2025-01-07 15:00:00,2.2629999999999986
2025-01-07 16:00:00,2.2549999999999986
2025-01-07 17:00:00,2.2535999999999987
2025-01-07 18:00:00,2.256399999999999
2025-01-07 19:00:00,2.259399999999999
2025-01-07 20:00:00,2.2571999999999988
2025-01-07 21:00:00,2.2575999999999987
2025-01-07 23:00:00,2.253499999999999
2025-01-08 01:00:00,2.264999999999999
2025-01-08 02:00:00,2.2621999999999987
2025-01-08 03:00:00,2.258899999999999
2025-01-08 04:00:00,2.2598999999999987
2025-01-08 05:00:00,2.2653999999999987
2025-01-08 06:00:00,2.2568999999999986
2025-01-08 07:00:00,2.249499999999999
2025-01-08 08:00:00,2.2600999999999987
2025-01-08 09:00:00,2.2543999999999986
2025-01-08 10:00:00,2.2453999999999987
2025-01-08 11:00:00,2.245899999999999
2025-01-08 12:00:00,2.254699999999999
2025-01-08 13:00:00,2.258299999999999
2025-01-08 14:00:00,2.2636999999999987
2025-01-08 15:00:00,2.2541999999999986
2025-01-08 16:00:00,2.234699999999999
2025-01-08 17:00:00,2.2396999999999987
2025-01-08 18:00:00,2.236199999999999
2025-01-08 19:00:00,2.2400999999999986
2025-01-08 20:00:00,2.2402999999999986
2025-01-08 21:00:00,2.2406999999999986
2025-01-08 23:00:00,2.237099999999999
2025-01-09 01:00:00,2.229699999999999
2025-01-09 02:00:00,2.2354999999999987
2025-01-09 03:00:00,2.238299999999999
2025-01-09 04:00:00,2.2371999999999987
2025-01-09 05:00:00,2.240199999999999
2025-01-09 06:00:00,2.246299999999999
2025-01-09 07:00:00,2.2362999999999986
2025-01-09 08:00:00,2.241699999999999
2025-01-09 09:00:00,2.233699999999999
2025-01-09 10:00:00,2.2385999999999986
2025-01-09 11:00:00,2.243599999999999
2025-01-09 12:00:00,2.2448999999999986
2025-01-09 13:00:00,2.2390999999999988
2025-01-09 14:00:00,2.242699999999999
2025-01-09 15:00:00,2.260799999999999
2025-01-09 16:00:00,2.257899999999999
2025-01-09 17:00:00,2.2627999999999986
2025-01-09 18:00:00,2.255999999999999
2025-01-09 19:00:00,2.2623999999999986
2025-01-09 20:00:00,2.2613999999999987
2025-01-09 21:00:00,2.263399999999999
2025-01-09 23:00:00,2.255199999999999
2025-01-10 01:00:00,2.2617999999999987
2025-01-10 02:00:00,2.2623999999999986
2025-01-10 03:00:00,2.261899999999999
2025-01-10 04:00:00,2.2671999999999985
2025-01-10 05:00:00,2.2693999999999988
2025-01-10 06:00:00,2.2707999999999986
2025-01-10 07:00:00,2.2731999999999988
2025-01-10 08:00:00,2.2796999999999987
2025-01-10 09:00:00,2.2808999999999986
2025-01-10 10:00:00,2.2941999999999987
2025-01-10 11:00:00,2.313899999999999
2025-01-10 12:00:00,2.3168999999999986
2025-01-10 13:00:00,2.319099999999999
2025-01-10 14:00:00,2.316399999999999
2025-01-10 15:00:00,2.288599999999999
2025-01-10 16:00:00,2.2983999999999987
2025-01-10 17:00:00,2.300399999999999
2025-01-10 18:00:00,2.2996999999999987
2025-01-10 19:00:00,2.3052999999999986
2025-01-10 20:00:00,2.3002999999999987
2025-01-10 21:00:00,2.301199999999999
2025-01-10 22:00:00,2.301199999999999
2025-01-10 23:00:00,2.3017999999999987
2025-01-12 23:00:00,2.3318999999999988
2025-01-13 01:00:00,2.3296999999999985
2025-01-13 02:00:00,2.3248999999999986
2025-01-13 03:00:00,2.323499999999999
2025-01-13 04:00:00,2.3301999999999987
2025-01-13 05:00:00,2.3322999999999987
2025-01-13 06:00:00,2.333899999999999
2025-01-13 07:00:00,2.333899999999999
2025-01-13 08:00:00,2.3370999999999986
2025-01-13 09:00:00,2.311299999999999
2025-01-13 10:00:00,2.3193999999999986
2025-01-13 11:00:00,2.3263999999999987
2025-01-13 12:00:00,2.329199999999999
2025-01-13 13:00:00,2.324799999999999
2025-01-13 14:00:00,2.3318999999999988
2025-01-13 15:00:00,2.341599999999999
2025-01-13 16:00:00,2.345199999999999
2025-01-13 17:00:00,2.334899999999999
2025-01-13 18:00:00,2.328199999999999
2025-01-13 19:00:00,2.331299999999999
2025-01-13 20:00:00,2.3259999999999987
2025-01-13 21:00:00,2.329199999999999
2025-01-13 23:00:00,2.3271999999999986
2025-01-14 01:00:00,2.3267999999999986
2025-01-14 02:00:00,2.322699999999999
2025-01-14 03:00:00,2.3269999999999986
2025-01-14 04:00:00,2.3219999999999987
2025-01-14 05:00:00,2.3229999999999986
2025-01-14 06:00:00,2.321199999999999
2025-01-14 07:00:00,2.321199999999999
2025-01-14 08:00:00,2.329599999999999
2025-01-14 09:00:00,2.3345999999999987
2025-01-14 10:00:00,2.323499999999999
2025-01-14 11:00:00,2.331799999999999
2025-01-14 12:00:00,2.321399999999999
2025-01-14 13:00:00,2.316799999999999
2025-01-14 14:00:00,2.3202999999999987
2025-01-14 15:00:00,2.332999999999999
2025-01-14 16:00:00,2.3452999999999986
2025-01-14 17:00:00,2.342499999999999
2025-01-14 18:00:00,2.333399999999999
2025-01-14 19:00:00,2.336599999999999
2025-01-14 20:00:00,2.336999999999999
2025-01-14 21:00:00,2.342699999999999
2025-01-14 22:00:00,2.342699999999999
2025-01-14 23:00:00,2.331499999999999
2025-01-15 01:00:00,2.343499999999999
2025-01-15 02:00:00,2.342299999999999
2025-01-15 03:00:00,2.3465999999999987
2025-01-15 04:00:00,2.349799999999999
2025-01-15 05:00:00,2.3549999999999986
2025-01-15 06:00:00,2.3585999999999987
2025-01-15 07:00:00,2.356399999999999
2025-01-15 08:00:00,2.3499999999999988
2025-01-15 09:00:00,2.347999999999999
2025-01-15 10:00:00,2.348799999999999
2025-01-15 11:00:00,2.348799999999999
2025-01-15 12:00:00,2.3471999999999986
2025-01-15 13:00:00,2.3543999999999987
2025-01-15 14:00:00,2.3675999999999986
2025-01-15 15:00:00,2.3642999999999987
2025-01-15 16:00:00,2.382699999999999
2025-01-15 17:00:00,2.3837999999999986
2025-01-15 18:00:00,2.3858999999999986
2025-01-15 19:00:00,2.392099999999999
2025-01-15 20:00:00,2.3999999999999986
2025-01-15 21:00:00,2.4004999999999987
2025-01-15 22:00:00,2.4004999999999987
2025-01-15 23:00:00,2.385799999999999
2025-01-16 01:00:00,2.385799999999999
2025-01-16 02:00:00,2.394299999999999
2025-01-16 03:00:00,2.396099999999999
2025-01-16 04:00:00,2.3924999999999987
2025-01-16 05:00:00,2.3909999999999987
2025-01-16 06:00:00,2.390699999999999
2025-01-16 07:00:00,2.388199999999999
2025-01-16 08:00:00,2.380399999999999
2025-01-16 09:00:00,2.385399999999999
2025-01-16 10:00:00,2.378499999999999
2025-01-16 11:00:00,2.363299999999999
2025-01-16 12:00:00,2.366099999999999
2025-01-16 13:00:00,2.3684999999999987
2025-01-16 14:00:00,2.359499999999999
2025-01-16 15:00:00,2.3402999999999987
2025-01-16 16:00:00,2.3471999999999986
2025-01-16 17:00:00,2.3553999999999986
2025-01-16 18:00:00,2.3482999999999987
2025-01-16 19:00:00,2.351999999999999
2025-01-16 20:00:00,2.346899999999999
2025-01-16 21:00:00,2.3438999999999988
2025-01-16 22:00:00,2.3438999999999988
2025-01-16 23:00:00,2.3909999999999987
2025-01-17 01:00:00,2.3909999999999987
2025-01-17 02:00:00,2.353399999999999
2025-01-17 03:00:00,2.353399999999999
2025-01-17 04:00:00,2.353399999999999
2025-01-17 05:00:00,2.353399999999999
2025-01-17 06:00:00,2.353399999999999
2025-01-17 07:00:00,2.353399999999999
2025-01-17 08:00:00,2.3517999999999986
2025-01-17 09:00:00,2.345599999999999
2025-01-17 10:00:00,2.3538999999999985
2025-01-17 11:00:00,2.3538999999999985
2025-01-17 12:00:00,2.3538999999999985
2025-01-17 13:00:00,2.3385999999999987
2025-01-17 14:00:00,2.341599999999999
2025-01-17 15:00:00,2.3416999999999986
2025-01-17 16:00:00,2.353199999999999
2025-01-17 17:00:00,2.347499999999999
2025-01-17 18:00:00,2.336599999999999
2025-01-17 19:00:00,2.3370999999999986
2025-01-17 20:00:00,2.337399999999999
2025-01-17 21:00:00,2.3397999999999985
2025-01-17 22:00:00,2.3397999999999985
2025-01-17 23:00:00,2.339099999999999
2025-01-19 23:00:00,2.348799999999999
2025-01-20 01:00:00,2.347499999999999
2025-01-20 02:00:00,2.347499999999999
2025-01-20 03:00:00,2.347499999999999
2025-01-20 04:00:00,2.347499999999999
2025-01-20 05:00:00,2.347499999999999
2025-01-20 06:00:00,2.347499999999999
2025-01-20 07:00:00,2.337899999999999
2025-01-20 08:00:00,2.337199999999999
2025-01-20 09:00:00,2.331299999999999
2025-01-20 10:00:00,2.334499999999999
2025-01-20 11:00:00,2.334499999999999
2025-01-20 12:00:00,2.3486999999999987
2025-01-20 13:00:00,2.3362999999999987
2025-01-20 14:00:00,2.3297999999999988
2025-01-20 15:00:00,2.3267999999999986
2025-01-20 16:00:00,2.3332999999999986
2025-01-20 17:00:00,2.336999999999999
2025-01-20 18:00:00,2.3374999999999986
2025-01-20 19:00:00,2.332999999999999
2025-01-20 20:00:00,2.3355999999999986
2025-01-20 21:00:00,2.3355999999999986
2025-01-20 22:00:00,2.3355999999999986
2025-01-20 23:00:00,2.3366999999999987
2025-01-21 01:00:00,2.3366999999999987
2025-01-21 02:00:00,2.3366999999999987
2025-01-21 03:00:00,2.343099999999999
2025-01-21 04:00:00,2.343099999999999
2025-01-21 05:00:00,2.343099999999999
2025-01-21 06:00:00,2.343099999999999
2025-01-21 07:00:00,2.343099999999999
2025-01-21 08:00:00,2.323099999999999
2025-01-21 09:00:00,2.3282999999999987
2025-01-21 10:00:00,2.3166999999999986
2025-01-21 11:00:00,2.3099999999999987
2025-01-21 12:00:00,2.3168999999999986
2025-01-21 13:00:00,2.3092999999999986
2025-01-21 14:00:00,2.3193999999999986
2025-01-21 15:00:00,2.3259999999999987
2025-01-21 16:00:00,2.3257999999999988
2025-01-21 17:00:00,2.3118999999999987
2025-01-21 18:00:00,2.3094999999999986
2025-01-21 19:00:00,2.3156999999999988
2025-01-21 20:00:00,2.3155999999999985
2025-01-21 21:00:00,2.314099999999999
2025-01-21 22:00:00,2.314099999999999
2025-01-21 23:00:00,2.3111999999999986
2025-01-22 01:00:00,2.3111999999999986
2025-01-22 02:00:00,2.3092999999999986
2025-01-22 03:00:00,2.3092999999999986
2025-01-22 04:00:00,2.3092999999999986
2025-01-22 05:00:00,2.3092999999999986
2025-01-22 06:00:00,2.3092999999999986
2025-01-22 07:00:00,2.3092999999999986
2025-01-22 08:00:00,2.301499999999999
2025-01-22 09:00:00,2.3149999999999986
2025-01-22 10:00:00,2.315299999999999
2025-01-22 11:00:00,2.315299999999999
2025-01-22 12:00:00,2.312599999999999
2025-01-22 13:00:00,2.304999999999999
2025-01-22 14:00:00,2.2880999999999987
2025-01-22 15:00:00,2.2930999999999986
2025-01-22 16:00:00,2.293499999999999
2025-01-22 17:00:00,2.2918999999999987
2025-01-22 18:00:00,2.2901999999999987
2025-01-22 19:00:00,2.2863999999999987
2025-01-22 20:00:00,2.2832999999999988
2025-01-22 21:00:00,2.2834999999999988
2025-01-22 22:00:00,2.2834999999999988
2025-01-22 23:00:00,2.2846999999999986
2025-01-23 01:00:00,2.2846999999999986
2025-01-23 02:00:00,2.2846999999999986
2025-01-23 03:00:00,2.2846999999999986
2025-01-23 04:00:00,2.2846999999999986
2025-01-23 05:00:00,2.2846999999999986
2025-01-23 06:00:00,2.2846999999999986
2025-01-23 07:00:00,2.2798999999999987
2025-01-23 08:00:00,2.302699999999999
2025-01-23 09:00:00,2.302699999999999
2025-01-23 10:00:00,2.2970999999999986
2025-01-23 11:00:00,2.304399999999999
2025-01-23 12:00:00,2.3034999999999988
2025-01-23 13:00:00,2.2943999999999987
2025-01-23 14:00:00,2.308999999999999
2025-01-23 15:00:00,2.304399999999999
2025-01-23 16:00:00,2.283399999999999
2025-01-23 17:00:00,2.297499999999999
2025-01-23 18:00:00,2.289699999999999
2025-01-23 19:00:00,2.2880999999999987
2025-01-23 20:00:00,2.2850999999999986
2025-01-23 21:00:00,2.2812999999999986
2025-01-23 22:00:00,2.2812999999999986
2025-01-23 23:00:00,2.2924999999999986
2025-01-24 01:00:00,2.2817999999999987
2025-01-24 02:00:00,2.287399999999999
2025-01-24 03:00:00,2.287399999999999
2025-01-24 04:00:00,2.290299999999999
2025-01-24 05:00:00,2.290699999999999
2025-01-24 06:00:00,2.2913999999999985
2025-01-24 07:00:00,2.291799999999999
2025-01-24 08:00:00,2.2874999999999988
2025-01-24 09:00:00,2.2874999999999988
2025-01-24 10:00:00,2.2874999999999988
2025-01-24 11:00:00,2.2874999999999988
2025-01-24 12:00:00,2.291999999999999
2025-01-24 13:00:00,2.2808999999999986
2025-01-24 14:00:00,2.273499999999999
2025-01-24 15:00:00,2.2663999999999986
2025-01-24 16:00:00,2.258699999999999
2025-01-24 17:00:00,2.2651999999999988
2025-01-24 18:00:00,2.2823999999999987
2025-01-24 19:00:00,2.2745999999999986
2025-01-24 20:00:00,2.276399999999999
2025-01-24 21:00:00,2.2762999999999987
2025-01-24 22:00:00,2.2762999999999987
2025-01-24 23:00:00,2.2758999999999987
2025-01-27 01:00:00,2.2507999999999986
2025-01-27 02:00:00,2.2507999999999986
2025-01-27 03:00:00,2.2507999999999986
2025-01-27 04:00:00,2.2507999999999986
2025-01-27 05:00:00,2.2507999999999986
2025-01-27 06:00:00,2.2507999999999986
2025-01-27 07:00:00,2.2507999999999986
2025-01-27 08:00:00,2.2733999999999988
2025-01-27 09:00:00,2.2733999999999988
2025-01-27 10:00:00,2.2895999999999987
2025-01-27 11:00:00,2.282099999999999
2025-01-27 12:00:00,2.2661999999999987
2025-01-27 13:00:00,2.2728999999999986
2025-01-27 14:00:00,2.2794999999999987
2025-01-27 15:00:00,2.2617999999999987
2025-01-27 16:00:00,2.242899999999999
2025-01-27 17:00:00,2.2392999999999987
2025-01-27 18:00:00,2.2520999999999987
2025-01-27 19:00:00,2.256399999999999
2025-01-27 20:00:00,2.256199999999999
2025-01-27 21:00:00,2.2545999999999986
2025-01-27 22:00:00,2.2545999999999986
2025-01-27 23:00:00,2.2507999999999986
2025-01-28 01:00:00,2.2507999999999986
2025-01-28 02:00:00,2.2507999999999986
2025-01-28 03:00:00,2.2507999999999986
2025-01-28 04:00:00,2.2507999999999986
2025-01-28 05:00:00,2.2507999999999986
2025-01-28 06:00:00,2.2507999999999986
2025-01-28 07:00:00,2.2693999999999988
2025-01-28 08:00:00,2.2693999999999988
2025-01-28 09:00:00,2.2651999999999988
2025-01-28 10:00:00,2.2651999999999988
2025-01-28 11:00:00,2.2651999999999988
2025-01-28 12:00:00,2.2651999999999988
2025-01-28 13:00:00,2.2747999999999986
2025-01-28 14:00:00,2.263399999999999
2025-01-28 15:00:00,2.264599999999999
2025-01-28 16:00:00,2.257499999999999
2025-01-28 17:00:00,2.265699999999999
2025-01-28 18:00:00,2.2699999999999987
2025-01-28 19:00:00,2.2813999999999988
2025-01-28 20:00:00,2.2813999999999988
2025-01-28 21:00:00,2.2813999999999988
2025-01-28 22:00:00,2.2813999999999988
2025-01-28 23:00:00,2.2794999999999987
2025-01-29 01:00:00,2.280399999999999
2025-01-29 02:00:00,2.2766999999999986
2025-01-29 03:00:00,2.2766999999999986
2025-01-29 04:00:00,2.2766999999999986
2025-01-29 05:00:00,2.2766999999999986
2025-01-29 06:00:00,2.2766999999999986
2025-01-29 07:00:00,2.2766999999999986
2025-01-29 08:00:00,2.2766999999999986
2025-01-29 09:00:00,2.2766999999999986
2025-01-29 10:00:00,2.257699999999999
2025-01-29 11:00:00,2.258899999999999
2025-01-29 12:00:00,2.274099999999999
2025-01-29 13:00:00,2.271799999999999
2025-01-29 14:00:00,2.271799999999999
2025-01-29 15:00:00,2.2852999999999986
2025-01-29 16:00:00,2.272199999999999
2025-01-29 17:00:00,2.272199999999999
2025-01-29 18:00:00,2.259799999999999
2025-01-29 19:00:00,2.264199999999999
2025-01-29 20:00:00,2.2665999999999986
2025-01-29 21:00:00,2.2665999999999986
2025-01-29 22:00:00,2.2665999999999986
2025-01-29 23:00:00,2.2625999999999986
2025-01-30 02:00:00,2.2625999999999986
2025-01-30 03:00:00,2.2625999999999986
2025-01-30 04:00:00,2.2625999999999986
2025-01-30 05:00:00,2.2625999999999986
2025-01-30 06:00:00,2.2625999999999986
2025-01-30 07:00:00,2.2625999999999986
2025-01-30 08:00:00,2.2625999999999986
2025-01-30 09:00:00,2.240399999999999
2025-01-30 10:00:00,2.2447999999999992
2025-01-30 11:00:00,2.256299999999999
2025-01-30 12:00:00,2.254699999999999
2025-01-30 13:00:00,2.253299999999999
2025-01-30 14:00:00,2.272599999999999
2025-01-30 15:00:00,2.285799999999999
2025-01-30 16:00:00,2.271699999999999
2025-01-30 17:00:00,2.268899999999999
2025-01-30 18:00:00,2.270399999999999
2025-01-30 19:00:00,2.268799999999999
2025-01-30 20:00:00,2.282499999999999
2025-01-30 21:00:00,2.2790999999999992
2025-01-30 22:00:00,2.2790999999999992
2025-01-30 23:00:00,2.266799999999999
2025-01-31 01:00:00,2.283499999999999
2025-01-31 02:00:00,2.287799999999999
2025-01-31 03:00:00,2.287799999999999
2025-01-31 04:00:00,2.287799999999999
2025-01-31 05:00:00,2.287799999999999
2025-01-31 06:00:00,2.287799999999999
2025-01-31 07:00:00,2.273799999999999
2025-01-31 08:00:00,2.278299999999999
2025-01-31 09:00:00,2.273699999999999
2025-01-31 10:00:00,2.2708999999999993
2025-01-31 11:00:00,2.269999999999999
2025-01-31 12:00:00,2.279799999999999
2025-01-31 13:00:00,2.274299999999999
2025-01-31 14:00:00,2.241599999999999
2025-01-31 15:00:00,2.253799999999999
2025-01-31 16:00:00,2.258099999999999
2025-01-31 17:00:00,2.255299999999999
2025-01-31 18:00:00,2.279899999999999
2025-01-31 19:00:00,2.255199999999999
2025-01-31 20:00:00,2.268499999999999
2025-01-31 21:00:00,2.282499999999999
2025-01-31 22:00:00,2.282499999999999
2025-01-31 23:00:00,2.259099999999999
2025-02-02 23:00:00,2.325799999999999
2025-02-03 01:00:00,2.313299999999999
2025-02-03 02:00:00,2.306799999999999
2025-02-03 03:00:00,2.306799999999999
2025-02-03 04:00:00,2.306799999999999
2025-02-03 05:00:00,2.306799999999999
2025-02-03 06:00:00,2.315799999999999
2025-02-03 07:00:00,2.321299999999999
2025-02-03 08:00:00,2.313799999999999
2025-02-03 09:00:00,2.3213999999999992
2025-02-03 10:00:00,2.320299999999999
2025-02-03 11:00:00,2.344999999999999
2025-02-03 12:00:00,2.343999999999999
2025-02-03 13:00:00,2.360299999999999
2025-02-03 14:00:00,2.316799999999999
2025-02-03 15:00:00,2.294799999999999
2025-02-03 16:00:00,2.299899999999999
2025-02-03 17:00:00,2.300499999999999
2025-02-03 18:00:00,2.308399999999999
2025-02-03 19:00:00,2.316099999999999
2025-02-03 20:00:00,2.311099999999999
2025-02-03 21:00:00,2.276299999999999
2025-02-03 22:00:00,2.276299999999999
2025-02-03 23:00:00,2.317999999999999
2025-02-04 01:00:00,2.270599999999999
2025-02-04 02:00:00,2.268299999999999
2025-02-04 03:00:00,2.273799999999999
2025-02-04 04:00:00,2.273799999999999
2025-02-04 05:00:00,2.261299999999999
2025-02-04 06:00:00,2.267399999999999
2025-02-04 07:00:00,2.267399999999999
2025-02-04 08:00:00,2.258999999999999
2025-02-04 09:00:00,2.265799999999999
2025-02-04 10:00:00,2.270299999999999
2025-02-04 11:00:00,2.262099999999999
2025-02-04 12:00:00,2.259299999999999
2025-02-04 13:00:00,2.257299999999999
2025-02-04 14:00:00,2.295699999999999
2025-02-04 15:00:00,2.291499999999999
2025-02-04 16:00:00,2.302499999999999
2025-02-04 17:00:00,2.296299999999999
2025-02-04 18:00:00,2.301699999999999
2025-02-04 19:00:00,2.292499999999999
2025-02-04 20:00:00,2.290999999999999
2025-02-04 21:00:00,2.300199999999999
2025-02-04 22:00:00,2.300199999999999
2025-02-04 23:00:00,2.2992999999999992
2025-02-05 01:00:00,2.301299999999999
2025-02-05 02:00:00,2.2912999999999992
2025-02-05 03:00:00,2.289699999999999
2025-02-05 04:00:00,2.289699999999999
2025-02-05 05:00:00,2.289699999999999
2025-02-05 06:00:00,2.289699999999999
2025-02-05 07:00:00,2.289699999999999
2025-02-05 08:00:00,2.2872999999999992
2025-02-05 09:00:00,2.279999999999999
2025-02-05 10:00:00,2.277299999999999
2025-02-05 11:00:00,2.272699999999999
2025-02-05 12:00:00,2.267199999999999
2025-02-05 13:00:00,2.271899999999999
2025-02-05 14:00:00,2.274099999999999
2025-02-05 15:00:00,2.264499999999999
2025-02-05 16:00:00,2.246299999999999
2025-02-05 17:00:00,2.246299999999999
2025-02-05 18:00:00,2.249299999999999
2025-02-05 19:00:00,2.252699999999999
2025-02-05 20:00:00,2.253099999999999
2025-02-05 21:00:00,2.251099999999999
2025-02-05 22:00:00,2.251099999999999
2025-02-05 23:00:00,2.250999999999999
2025-02-06 01:00:00,2.250299999999999
2025-02-06 02:00:00,2.254599999999999
2025-02-06 03:00:00,2.254599999999999
2025-02-06 04:00:00,2.254599999999999
2025-02-06 05:00:00,2.254599999999999
2025-02-06 06:00:00,2.2567999999999993
2025-02-06 07:00:00,2.256299999999999
2025-02-06 08:00:00,2.257899999999999
2025-02-06 09:00:00,2.265099999999999
2025-02-06 10:00:00,2.268099999999999
2025-02-06 11:00:00,2.269799999999999
2025-02-06 12:00:00,2.264799999999999
2025-02-06 13:00:00,2.2609999999999992
2025-02-06 14:00:00,2.245699999999999
2025-02-06 15:00:00,2.272799999999999
2025-02-06 16:00:00,2.279899999999999
2025-02-06 17:00:00,2.269699999999999
2025-02-06 18:00:00,2.265499999999999
2025-02-06 19:00:00,2.273299999999999
2025-02-06 20:00:00,2.275299999999999
2025-02-06 21:00:00,2.2750999999999992
2025-02-06 22:00:00,2.2750999999999992
2025-02-06 23:00:00,2.274999999999999
2025-02-07 01:00:00,2.277799999999999
2025-02-07 02:00:00,2.288299999999999
2025-02-07 03:00:00,2.289499999999999
2025-02-07 04:00:00,2.289499999999999
2025-02-07 05:00:00,2.292799999999999
2025-02-07 06:00:00,2.2931999999999992
2025-02-07 07:00:00,2.294799999999999
2025-02-07 08:00:00,2.291799999999999
2025-02-07 09:00:00,2.292499999999999
2025-02-07 10:00:00,2.293799999999999
2025-02-07 11:00:00,2.288799999999999
2025-02-07 12:00:00,2.2809999999999993
2025-02-07 13:00:00,2.280299999999999
2025-02-07 14:00:00,2.286399999999999
2025-02-07 15:00:00,2.294699999999999
2025-02-07 16:00:00,2.296799999999999
2025-02-07 17:00:00,2.3032999999999992
2025-02-07 18:00:00,2.298599999999999
2025-02-07 19:00:00,2.305499999999999
2025-02-07 20:00:00,2.3053999999999992
2025-02-07 21:00:00,2.306299999999999
2025-02-07 22:00:00,2.306299999999999
2025-02-07 23:00:00,2.305299999999999
2025-02-09 23:00:00,2.306299999999999
2025-02-10 01:00:00,2.306299999999999
2025-02-10 02:00:00,2.320499999999999
2025-02-10 03:00:00,2.320499999999999
2025-02-10 04:00:00,2.320499999999999
2025-02-10 05:00:00,2.320499999999999
2025-02-10 06:00:00,2.320499999999999
2025-02-10 07:00:00,2.320499999999999
2025-02-10 08:00:00,2.313699999999999
2025-02-10 09:00:00,2.321699999999999
2025-02-10 10:00:00,2.323099999999999
2025-02-10 11:00:00,2.3192999999999993
2025-02-10 12:00:00,2.3192999999999993
2025-02-10 13:00:00,2.326999999999999
2025-02-10 14:00:00,2.303899999999999
2025-02-10 15:00:00,2.309899999999999
2025-02-10 16:00:00,2.311799999999999
2025-02-10 17:00:00,2.309299999999999
2025-02-10 18:00:00,2.303399999999999
2025-02-10 19:00:00,2.306099999999999
2025-02-10 20:00:00,2.305699999999999
2025-02-10 21:00:00,2.307699999999999
2025-02-10 22:00:00,2.307699999999999
2025-02-10 23:00:00,2.304499999999999
2025-02-11 01:00:00,2.304499999999999
2025-02-11 02:00:00,2.303799999999999
2025-02-11 03:00:00,2.304199999999999
2025-02-11 04:00:00,2.304199999999999
2025-02-11 05:00:00,2.304199999999999
2025-02-11 06:00:00,2.304199999999999
2025-02-11 07:00:00,2.320899999999999
2025-02-11 08:00:00,2.322299999999999
2025-02-11 09:00:00,2.330899999999999
2025-02-11 10:00:00,2.332099999999999
2025-02-11 11:00:00,2.328899999999999
2025-02-11 12:00:00,2.335699999999999
2025-02-11 13:00:00,2.336699999999999
2025-02-11 14:00:00,2.342299999999999
2025-02-11 15:00:00,2.343299999999999
2025-02-11 16:00:00,2.348199999999999
2025-02-11 17:00:00,2.351099999999999
2025-02-11 18:00:00,2.354399999999999
2025-02-11 19:00:00,2.350399999999999
2025-02-11 20:00:00,2.347099999999999
2025-02-11 21:00:00,2.350199999999999
2025-02-11 22:00:00,2.350199999999999
2025-02-11 23:00:00,2.303799999999999
2025-02-12 01:00:00,2.303799999999999
2025-02-12 02:00:00,2.350799999999999
2025-02-12 03:00:00,2.350799999999999
2025-02-12 04:00:00,2.350799999999999
2025-02-12 05:00:00,2.346999999999999
2025-02-12 06:00:00,2.346999999999999
2025-02-12 07:00:00,2.336999999999999
2025-02-12 08:00:00,2.332399999999999
2025-02-12 09:00:00,2.332399999999999
2025-02-12 10:00:00,2.327199999999999
2025-02-12 11:00:00,2.333199999999999
2025-02-12 12:00:00,2.3394999999999992
2025-02-12 13:00:00,2.338799999999999
2025-02-12 14:00:00,2.320999999999999
2025-02-12 15:00:00,2.318499999999999
2025-02-12 16:00:00,2.306699999999999
2025-02-12 17:00:00,2.305099999999999
2025-02-12 18:00:00,2.295799999999999
2025-02-12 19:00:00,2.286299999999999
2025-02-12 20:00:00,2.284699999999999
2025-02-12 21:00:00,2.279899999999999
2025-02-12 22:00:00,2.279899999999999
2025-02-12 23:00:00,2.289899999999999
2025-02-13 01:00:00,2.277299999999999
2025-02-13 02:00:00,2.262499999999999
2025-02-13 03:00:00,2.262799999999999
2025-02-13 04:00:00,2.262799999999999
2025-02-13 05:00:00,2.262799999999999
2025-02-13 06:00:00,2.262799999999999
2025-02-13 07:00:00,2.263499999999999
2025-02-13 08:00:00,2.270799999999999
2025-02-13 09:00:00,2.258299999999999
2025-02-13 10:00:00,2.266599999999999
2025-02-13 11:00:00,2.271299999999999
2025-02-13 12:00:00,2.268499999999999
2025-02-13 13:00:00,2.267399999999999
2025-02-13 14:00:00,2.287799999999999
2025-02-13 15:00:00,2.290099999999999
2025-02-13 16:00:00,2.301999999999999
2025-02-13 17:00:00,2.303799999999999
2025-02-13 18:00:00,2.308799999999999
2025-02-13 19:00:00,2.312299999999999
2025-02-13 20:00:00,2.312299999999999
2025-02-13 21:00:00,2.316499999999999
2025-02-13 22:00:00,2.316499999999999
2025-02-13 23:00:00,2.262799999999999
2025-02-14 01:00:00,2.262799999999999
2025-02-14 02:00:00,2.314299999999999
2025-02-14 03:00:00,2.314299999999999
2025-02-14 04:00:00,2.314299999999999
2025-02-14 05:00:00,2.310199999999999
2025-02-14 06:00:00,2.310199999999999
2025-02-14 07:00:00,2.316399999999999
2025-02-14 08:00:00,2.3133999999999992
2025-02-14 09:00:00,2.309599999999999
2025-02-14 10:00:00,2.308699999999999
2025-02-14 11:00:00,2.321199999999999
2025-02-14 12:00:00,2.322499999999999
2025-02-14 13:00:00,2.320299999999999
2025-02-14 14:00:00,2.310399999999999
2025-02-14 15:00:00,2.295599999999999
2025-02-14 16:00:00,2.290699999999999
2025-02-14 17:00:00,2.293599999999999
2025-02-14 18:00:00,2.290499999999999
2025-02-14 19:00:00,2.287499999999999
2025-02-14 20:00:00,2.285099999999999
2025-02-14 21:00:00,2.283699999999999
2025-02-14 22:00:00,2.283699999999999
2025-02-14 23:00:00,2.290199999999999
2025-02-17 01:00:00,2.282399999999999
2025-02-17 02:00:00,2.282399999999999
2025-02-17 03:00:00,2.282399999999999
2025-02-17 04:00:00,2.284799999999999
2025-02-17 05:00:00,2.287399999999999
2025-02-17 06:00:00,2.288999999999999
2025-02-17 07:00:00,2.285799999999999
2025-02-17 08:00:00,2.295799999999999
2025-02-17 09:00:00,2.294699999999999
2025-02-17 10:00:00,2.302299999999999
2025-02-17 11:00:00,2.285899999999999
2025-02-17 12:00:00,2.285899999999999
2025-02-17 13:00:00,2.285899999999999
2025-02-17 14:00:00,2.285899999999999
2025-02-17 15:00:00,2.285899999999999
2025-02-17 16:00:00,2.298499999999999
2025-02-17 17:00:00,2.297299999999999
2025-02-17 18:00:00,2.297299999999999
2025-02-17 19:00:00,2.304099999999999
2025-02-17 20:00:00,2.304099999999999
2025-02-17 21:00:00,2.304099999999999
2025-02-17 22:00:00,2.304099999999999
2025-02-17 23:00:00,2.299999999999999
2025-02-18 01:00:00,2.299999999999999
2025-02-18 02:00:00,2.299699999999999
2025-02-18 03:00:00,2.299599999999999
2025-02-18 04:00:00,2.299599999999999
2025-02-18 05:00:00,2.299599999999999
2025-02-18 06:00:00,2.299599999999999
2025-02-18 07:00:00,2.299599999999999
2025-02-18 08:00:00,2.299599999999999
2025-02-18 09:00:00,2.310299999999999
2025-02-18 10:00:00,2.312399999999999
2025-02-18 11:00:00,2.293899999999999
2025-02-18 12:00:00,2.292099999999999
2025-02-18 13:00:00,2.287699999999999
2025-02-18 14:00:00,2.289599999999999
2025-02-18 15:00:00,2.289599999999999
2025-02-18 16:00:00,2.289899999999999
2025-02-18 17:00:00,2.284899999999999
2025-02-18 18:00:00,2.286799999999999
2025-02-18 19:00:00,2.288399999999999
2025-02-18 20:00:00,2.289799999999999
2025-02-18 21:00:00,2.289499999999999
2025-02-18 22:00:00,2.289499999999999
2025-02-18 23:00:00,2.286999999999999
2025-02-19 01:00:00,2.293099999999999
2025-02-19 02:00:00,2.297399999999999
2025-02-19 03:00:00,2.289299999999999
2025-02-19 04:00:00,2.2891999999999992
2025-02-19 05:00:00,2.2891999999999992
2025-02-19 06:00:00,2.298099999999999
2025-02-19 07:00:00,2.306599999999999
2025-02-19 08:00:00,2.308799999999999
2025-02-19 09:00:00,2.304499999999999
2025-02-19 10:00:00,2.303799999999999
2025-02-19 11:00:00,2.303799999999999
2025-02-19 12:00:00,2.302399999999999
2025-02-19 13:00:00,2.302399999999999
2025-02-19 14:00:00,2.3112999999999992
2025-02-19 15:00:00,2.285899999999999
2025-02-19 16:00:00,2.283299999999999
2025-02-19 17:00:00,2.279999999999999
2025-02-19 18:00:00,2.272799999999999
2025-02-19 19:00:00,2.284399999999999
2025-02-19 20:00:00,2.287899999999999
2025-02-19 21:00:00,2.287899999999999
2025-02-19 22:00:00,2.287899999999999
2025-02-19 23:00:00,2.286799999999999
2025-02-20 01:00:00,2.286799999999999
2025-02-20 02:00:00,2.275999999999999
2025-02-20 03:00:00,2.275999999999999
2025-02-20 04:00:00,2.275999999999999
2025-02-20 05:00:00,2.275999999999999
2025-02-20 06:00:00,2.275999999999999
2025-02-20 07:00:00,2.275999999999999
2025-02-20 08:00:00,2.277599999999999
2025-02-20 09:00:00,2.276799999999999
2025-02-20 10:00:00,2.276799999999999
2025-02-20 11:00:00,2.276799999999999
2025-02-20 12:00:00,2.293799999999999
2025-02-20 13:00:00,2.287499999999999
2025-02-20 14:00:00,2.287699999999999
2025-02-20 15:00:00,2.284399999999999
2025-02-20 16:00:00,2.288299999999999
2025-02-20 17:00:00,2.295599999999999
2025-02-20 18:00:00,2.298099999999999
2025-02-20 19:00:00,2.284599999999999
2025-02-20 20:00:00,2.284599999999999
2025-02-20 21:00:00,2.284599999999999
2025-02-20 22:00:00,2.284599999999999
2025-02-20 23:00:00,2.286799999999999
2025-02-21 01:00:00,2.286799999999999
2025-02-21 02:00:00,2.278499999999999
2025-02-21 03:00:00,2.278499999999999
2025-02-21 04:00:00,2.278499999999999
2025-02-21 05:00:00,2.278499999999999
2025-02-21 06:00:00,2.274499999999999
2025-02-21 07:00:00,2.274499999999999
2025-02-21 08:00:00,2.274499999999999
2025-02-21 09:00:00,2.274499999999999
2025-02-21 10:00:00,2.265599999999999
2025-02-21 11:00:00,2.278799999999999
2025-02-21 12:00:00,2.270699999999999
2025-02-21 13:00:00,2.271199999999999
2025-02-21 14:00:00,2.258499999999999
2025-02-21 15:00:00,2.250199999999999
2025-02-21 16:00:00,2.257699999999999
2025-02-21 17:00:00,2.254699999999999
2025-02-21 18:00:00,2.241499999999999
2025-02-21 19:00:00,2.224299999999999
2025-02-21 20:00:00,2.229299999999999
2025-02-21 21:00:00,2.228099999999999
2025-02-21 22:00:00,2.228099999999999
2025-02-21 23:00:00,2.226999999999999
2025-02-23 23:00:00,2.226999999999999
2025-02-24 01:00:00,2.226999999999999
2025-02-24 02:00:00,2.226999999999999
2025-02-24 03:00:00,2.226999999999999
2025-02-24 04:00:00,2.226999999999999
2025-02-24 05:00:00,2.226999999999999
2025-02-24 06:00:00,2.226999999999999
2025-02-24 07:00:00,2.226999999999999
2025-02-24 08:00:00,2.227699999999999
2025-02-24 09:00:00,2.227699999999999
2025-02-24 10:00:00,2.227699999999999
2025-02-24 11:00:00,2.227699999999999
2025-02-24 12:00:00,2.229699999999999
2025-02-24 13:00:00,2.232199999999999
2025-02-24 14:00:00,2.231699999999999
2025-02-24 15:00:00,2.218399999999999
2025-02-24 16:00:00,2.222199999999999
2025-02-24 17:00:00,2.216299999999999
2025-02-24 18:00:00,2.216299999999999
2025-02-24 19:00:00,2.211399999999999
2025-02-24 20:00:00,2.211399999999999
2025-02-24 21:00:00,2.227399999999999
2025-02-24 22:00:00,2.227399999999999
2025-02-24 23:00:00,2.211299999999999
2025-02-25 01:00:00,2.211299999999999
2025-02-25 02:00:00,2.232099999999999
2025-02-25 03:00:00,2.232099999999999
2025-02-25 04:00:00,2.232099999999999
2025-02-25 05:00:00,2.232099999999999
2025-02-25 06:00:00,2.232099999999999
2025-02-25 07:00:00,2.232099999999999
2025-02-25 08:00:00,2.225999999999999
2025-02-25 09:00:00,2.221199999999999
2025-02-25 10:00:00,2.227799999999999
2025-02-25 11:00:00,2.227799999999999
2025-02-25 12:00:00,2.216299999999999
2025-02-25 13:00:00,2.216299999999999
2025-02-25 14:00:00,2.209399999999999
2025-02-25 15:00:00,2.197399999999999
2025-02-25 16:00:00,2.166999999999999
2025-02-25 17:00:00,2.172099999999999
2025-02-25 18:00:00,2.172099999999999
2025-02-25 19:00:00,2.168499999999999
2025-02-25 20:00:00,2.168499999999999
2025-02-25 21:00:00,2.1727999999999987
2025-02-25 22:00:00,2.1727999999999987
2025-02-25 23:00:00,2.1675999999999993
2025-02-26 01:00:00,2.1675999999999993
2025-02-26 02:00:00,2.1675999999999993
2025-02-26 03:00:00,2.1675999999999993
2025-02-26 04:00:00,2.1675999999999993
2025-02-26 05:00:00,2.1675999999999993
2025-02-26 06:00:00,2.1675999999999993
2025-02-26 07:00:00,2.169399999999999
2025-02-26 08:00:00,2.1605999999999987
2025-02-26 09:00:00,2.163999999999999
2025-02-26 10:00:00,2.1643999999999988
2025-02-26 11:00:00,2.1643999999999988
2025-02-26 12:00:00,2.1643999999999988
2025-02-26 13:00:00,2.1643999999999988
2025-02-26 14:00:00,2.1563999999999988
2025-02-26 15:00:00,2.143699999999999
2025-02-26 16:00:00,2.142899999999999
2025-02-26 17:00:00,2.152199999999999
2025-02-26 18:00:00,2.143899999999999
2025-02-26 19:00:00,2.147999999999999
2025-02-26 20:00:00,2.147999999999999
2025-02-26 21:00:00,2.147999999999999
2025-02-26 22:00:00,2.147999999999999
2025-02-26 23:00:00,2.149199999999999
2025-02-27 01:00:00,2.149199999999999
2025-02-27 02:00:00,2.149199999999999
2025-02-27 03:00:00,2.149199999999999
2025-02-27 04:00:00,2.149199999999999
2025-02-27 05:00:00,2.149199999999999
2025-02-27 06:00:00,2.149199999999999
2025-02-27 07:00:00,2.149199999999999
2025-02-27 08:00:00,2.149199999999999
2025-02-27 09:00:00,2.149199999999999
2025-02-27 10:00:00,2.149199999999999
2025-02-27 11:00:00,2.151499999999999
2025-02-27 12:00:00,2.152999999999999
2025-02-27 13:00:00,2.1566999999999994
2025-02-27 14:00:00,2.1627999999999994
2025-02-27 15:00:00,2.180999999999999
2025-02-27 16:00:00,2.1774999999999993
2025-02-27 17:00:00,2.1825999999999994
2025-02-27 18:00:00,2.1920999999999995
2025-02-27 19:00:00,2.193199999999999
2025-02-27 20:00:00,2.190699999999999
2025-02-27 21:00:00,2.1880999999999995
2025-02-27 22:00:00,2.1880999999999995
2025-02-27 23:00:00,2.1917999999999993
2025-02-28 01:00:00,2.1888999999999994
2025-02-28 02:00:00,2.1934999999999993
2025-02-28 03:00:00,2.1909999999999994
2025-02-28 04:00:00,2.1901999999999995
2025-02-28 05:00:00,2.189199999999999
2025-02-28 06:00:00,2.187099999999999
2025-02-28 07:00:00,2.1831999999999994
2025-02-28 08:00:00,2.1761999999999992
2025-02-28 09:00:00,2.182499999999999
2025-02-28 10:00:00,2.1837999999999993
2025-02-28 11:00:00,2.1781999999999995
2025-02-28 12:00:00,2.1755999999999993
2025-02-28 13:00:00,2.172799999999999
2025-02-28 14:00:00,2.160799999999999
2025-02-28 15:00:00,2.176999999999999
2025-02-28 16:00:00,2.170699999999999
2025-02-28 17:00:00,2.174899999999999
2025-02-28 18:00:00,2.185399999999999
2025-02-28 19:00:00,2.1736999999999993
2025-02-28 20:00:00,2.1806999999999994
2025-02-28 21:00:00,2.1801999999999992
2025-02-28 22:00:00,2.1801999999999992
2025-02-28 23:00:00,2.1722999999999995
2025-03-02 23:00:00,2.188799999999999
2025-03-03 01:00:00,2.1949999999999994
2025-03-03 02:00:00,2.1970999999999994
2025-03-03 03:00:00,2.1970999999999994
2025-03-03 04:00:00,2.1970999999999994
2025-03-03 05:00:00,2.1970999999999994
2025-03-03 06:00:00,2.1970999999999994
2025-03-03 07:00:00,2.1970999999999994
2025-03-03 08:00:00,2.1970999999999994
2025-03-03 09:00:00,2.1970999999999994
2025-03-03 10:00:00,2.1970999999999994
2025-03-03 11:00:00,2.1970999999999994
2025-03-03 12:00:00,2.1970999999999994
2025-03-03 13:00:00,2.1970999999999994
2025-03-03 14:00:00,2.1970999999999994
2025-03-03 15:00:00,2.1970999999999994
2025-03-03 16:00:00,2.1970999999999994
2025-03-03 17:00:00,2.1970999999999994
2025-03-03 18:00:00,2.1970999999999994
2025-03-03 19:00:00,2.1970999999999994
2025-03-03 20:00:00,2.1970999999999994
2025-03-03 21:00:00,2.1970999999999994
2025-03-03 22:00:00,2.1970999999999994
2025-03-03 23:00:00,2.1970999999999994
2025-03-04 01:00:00,2.1383999999999994
2025-03-04 02:00:00,2.143099999999999
2025-03-04 03:00:00,2.145399999999999
2025-03-04 04:00:00,2.145399999999999
2025-03-04 05:00:00,2.140199999999999
2025-03-04 06:00:00,2.1383999999999994
2025-03-04 07:00:00,2.1357999999999993
2025-03-04 08:00:00,2.1269999999999993
2025-03-04 09:00:00,2.128999999999999
2025-03-04 10:00:00,2.1339999999999995
2025-03-04 11:00:00,2.1284999999999994
2025-03-04 12:00:00,2.1237999999999992
2025-03-04 13:00:00,2.1324999999999994
2025-03-04 14:00:00,2.1029999999999993
2025-03-04 15:00:00,2.118099999999999
2025-03-04 16:00:00,2.128999999999999
2025-03-04 17:00:00,2.1322999999999994
2025-03-04 18:00:00,2.1458999999999993
2025-03-04 19:00:00,2.1429999999999993
2025-03-04 20:00:00,2.144799999999999
2025-03-04 21:00:00,2.1267999999999994
2025-03-04 22:00:00,2.1267999999999994
2025-03-04 23:00:00,2.140199999999999
2025-03-05 01:00:00,2.122499999999999
2025-03-05 02:00:00,2.1193999999999993
2025-03-05 03:00:00,2.1193999999999993
2025-03-05 04:00:00,2.1193999999999993
2025-03-05 05:00:00,2.1193999999999993
2025-03-05 06:00:00,2.1193999999999993
2025-03-05 07:00:00,2.1286999999999994
2025-03-05 08:00:00,2.1229999999999993
2025-03-05 09:00:00,2.1162999999999994
2025-03-05 10:00:00,2.106899999999999
2025-03-05 11:00:00,2.098699999999999
2025-03-05 12:00:00,2.1014999999999993
2025-03-05 13:00:00,2.084999999999999
2025-03-05 14:00:00,2.0692999999999993
2025-03-05 15:00:00,2.058499999999999
2025-03-05 16:00:00,2.0562999999999994
2025-03-05 17:00:00,2.0729999999999995
2025-03-05 18:00:00,2.0855999999999995
2025-03-05 19:00:00,2.084999999999999
2025-03-05 20:00:00,2.0869999999999993
2025-03-05 21:00:00,2.084399999999999
2025-03-05 22:00:00,2.084399999999999
2025-03-05 23:00:00,2.0869999999999993
2025-03-06 01:00:00,2.086699999999999
2025-03-06 02:00:00,2.0939999999999994
2025-03-06 03:00:00,2.090899999999999
2025-03-06 04:00:00,2.090899999999999
2025-03-06 05:00:00,2.0899999999999994
2025-03-06 06:00:00,2.091799999999999
2025-03-06 07:00:00,2.0952999999999995
2025-03-06 08:00:00,2.0804999999999993
2025-03-06 09:00:00,2.085699999999999
2025-03-06 10:00:00,2.0785999999999993
2025-03-06 11:00:00,2.090499999999999
2025-03-06 12:00:00,2.090499999999999
2025-03-06 13:00:00,2.0777999999999994
2025-03-06 14:00:00,2.0794999999999995
2025-03-06 15:00:00,2.051999999999999
2025-03-06 16:00:00,2.0419999999999994
2025-03-06 17:00:00,2.0572999999999992
2025-03-06 18:00:00,2.058299999999999
2025-03-06 19:00:00,2.053499999999999
2025-03-06 20:00:00,2.0467999999999993
2025-03-06 21:00:00,2.0449999999999995
2025-03-06 22:00:00,2.0449999999999995
2025-03-06 23:00:00,2.053499999999999
2025-03-07 01:00:00,2.053499999999999
2025-03-07 02:00:00,2.0514999999999994
2025-03-07 03:00:00,2.0514999999999994
2025-03-07 04:00:00,2.0514999999999994
2025-03-07 05:00:00,2.0469999999999993
2025-03-07 06:00:00,2.047799999999999
2025-03-07 07:00:00,2.0625999999999993
2025-03-07 08:00:00,2.0726999999999993
2025-03-07 09:00:00,2.074499999999999
2025-03-07 10:00:00,2.079799999999999
2025-03-07 11:00:00,2.0812999999999993
2025-03-07 12:00:00,2.079999999999999
2025-03-07 13:00:00,2.0819999999999994
2025-03-07 14:00:00,2.0912999999999995
2025-03-07 15:00:00,2.0734999999999992
2025-03-07 16:00:00,2.051999999999999
2025-03-07 17:00:00,2.053699999999999
2025-03-07 18:00:00,2.0577999999999994
2025-03-07 19:00:00,2.055999999999999
2025-03-07 20:00:00,2.056399999999999
2025-03-07 21:00:00,2.057699999999999
2025-03-07 22:00:00,2.057699999999999
2025-03-07 23:00:00,2.058699999999999
2025-03-10 01:00:00,2.0512999999999995
2025-03-10 02:00:00,2.047799999999999
2025-03-10 03:00:00,2.047799999999999
2025-03-10 04:00:00,2.047799999999999
2025-03-10 05:00:00,2.047799999999999
2025-03-10 06:00:00,2.0497999999999994
2025-03-10 07:00:00,2.057499999999999
2025-03-10 08:00:00,2.0575999999999994
2025-03-10 09:00:00,2.0711999999999993
2025-03-10 10:00:00,2.0667999999999993
2025-03-10 11:00:00,2.0795999999999992
2025-03-10 12:00:00,2.0783999999999994
2025-03-10 13:00:00,2.0543999999999993
2025-03-10 14:00:00,2.0489999999999995
2025-03-10 15:00:00,2.0564999999999993
2025-03-10 16:00:00,2.0531999999999995
2025-03-10 17:00:00,2.0404999999999993
2025-03-10 18:00:00,2.0419999999999994
2025-03-10 23:00:00,2.0419999999999994
2025-03-11 01:00:00,2.0419999999999994
2025-03-11 02:00:00,2.037499999999999
2025-03-11 03:00:00,2.0358999999999994
2025-03-11 04:00:00,2.0358999999999994
2025-03-11 05:00:00,2.037499999999999
2025-03-11 06:00:00,2.0415999999999994
2025-03-11 07:00:00,2.0482999999999993
2025-03-11 08:00:00,2.0520999999999994
2025-03-11 09:00:00,2.0558999999999994
2025-03-11 10:00:00,2.0608999999999993
2025-03-11 11:00:00,2.064599999999999
2025-03-11 12:00:00,2.0631999999999993
2025-03-11 13:00:00,2.0743999999999994
2025-03-11 14:00:00,2.065899999999999
2025-03-11 15:00:00,2.0732999999999993
2025-03-11 16:00:00,2.056399999999999
2025-03-11 17:00:00,2.0554999999999994
2025-03-11 18:00:00,2.061899999999999
2025-03-11 19:00:00,2.0610999999999993
2025-03-11 20:00:00,2.0678999999999994
2025-03-11 21:00:00,2.0671999999999993
2025-03-11 23:00:00,2.061899999999999
2025-03-12 01:00:00,2.0691999999999995
2025-03-12 02:00:00,2.0691999999999995
2025-03-12 03:00:00,2.0701999999999994
2025-03-12 04:00:00,2.0701999999999994
2025-03-12 05:00:00,2.0701999999999994
2025-03-12 06:00:00,2.062299999999999
2025-03-12 07:00:00,2.0695999999999994
2025-03-12 08:00:00,2.0686999999999993
2025-03-12 09:00:00,2.0716999999999994
2025-03-12 10:00:00,2.079799999999999
2025-03-12 11:00:00,2.0781999999999994
2025-03-12 12:00:00,2.084799999999999
2025-03-12 13:00:00,2.0798999999999994
2025-03-12 14:00:00,2.098299999999999
2025-03-12 15:00:00,2.0949999999999993
2025-03-12 16:00:00,2.103999999999999
2025-03-12 23:00:00,2.066299999999999
2025-03-13 01:00:00,2.099099999999999
2025-03-13 02:00:00,2.1055999999999995
2025-03-13 03:00:00,2.103999999999999
2025-03-13 04:00:00,2.1015999999999995
2025-03-13 05:00:00,2.1015999999999995
2025-03-13 06:00:00,2.1015999999999995
2025-03-13 07:00:00,2.1033999999999993
2025-03-13 08:00:00,2.1032999999999995
2025-03-13 09:00:00,2.0972999999999993
2025-03-13 10:00:00,2.0998999999999994
2025-03-13 11:00:00,2.0998999999999994
2025-03-13 12:00:00,2.0981999999999994
2025-03-13 13:00:00,2.096199999999999
2025-03-13 14:00:00,2.100799999999999
2025-03-13 15:00:00,2.094899999999999
2025-03-13 16:00:00,2.0842999999999994
2025-03-13 17:00:00,2.0793999999999992
2025-03-13 18:00:00,2.082699999999999
2025-03-13 19:00:00,2.0834999999999995
2025-03-13 20:00:00,2.085699999999999
2025-03-13 21:00:00,2.085699999999999
2025-03-13 23:00:00,2.0830999999999995
2025-03-14 01:00:00,2.0831999999999993
2025-03-14 02:00:00,2.0884999999999994
2025-03-14 03:00:00,2.0884999999999994
2025-03-14 04:00:00,2.0884999999999994
2025-03-14 05:00:00,2.0884999999999994
2025-03-14 06:00:00,2.099099999999999
2025-03-14 07:00:00,2.0960999999999994
2025-03-14 08:00:00,2.0992999999999995
2025-03-14 09:00:00,2.0970999999999993
2025-03-14 10:00:00,2.0939999999999994
2025-03-14 11:00:00,2.0907999999999993
2025-03-14 12:00:00,2.0935999999999995
2025-03-14 13:00:00,2.0913999999999993
2025-03-14 14:00:00,2.0873999999999993
2025-03-14 15:00:00,2.0863999999999994
2025-03-14 16:00:00,2.0884999999999994
2025-03-14 17:00:00,2.0924999999999994
2025-03-14 18:00:00,2.0987999999999993
2025-03-14 19:00:00,2.096999999999999
2025-03-14 20:00:00,2.0989999999999993
2025-03-14 21:00:00,2.0989999999999993
2025-03-14 23:00:00,2.098699999999999
2025-03-16 22:00:00,2.1141999999999994
2025-03-16 23:00:00,2.1141999999999994
2025-03-17 01:00:00,2.120799999999999
2025-03-17 02:00:00,2.1179999999999994
2025-03-17 03:00:00,2.1179999999999994
2025-03-17 04:00:00,2.1179999999999994
2025-03-17 05:00:00,2.1154999999999995
2025-03-17 06:00:00,2.1154999999999995
2025-03-17 07:00:00,2.1187999999999994
2025-03-17 23:00:00,2.1141999999999994
2025-03-18 01:00:00,2.136999999999999
2025-03-18 02:00:00,2.136999999999999
2025-03-18 03:00:00,2.1356999999999995
2025-03-18 04:00:00,2.1356999999999995
2025-03-18 05:00:00,2.1356999999999995
2025-03-18 06:00:00,2.1356999999999995
2025-03-18 07:00:00,2.1356999999999995
2025-03-18 08:00:00,2.1478999999999995
2025-03-18 09:00:00,2.147299999999999
2025-03-18 10:00:00,2.1540999999999992
2025-03-18 11:00:00,2.1540999999999992
2025-03-18 12:00:00,2.1488999999999994
2025-03-18 13:00:00,2.149199999999999
2025-03-18 14:00:00,2.133199999999999
2025-03-18 15:00:00,2.1198999999999995
2025-03-18 16:00:00,2.110899999999999
2025-03-18 17:00:00,2.1173999999999995
2025-03-18 18:00:00,2.114499999999999
2025-03-18 19:00:00,2.1175999999999995
2025-03-18 20:00:00,2.1105999999999994
2025-03-18 21:00:00,2.1105999999999994
2025-03-18 23:00:00,2.1356999999999995
2025-03-19 01:00:00,2.1112999999999995
2025-03-19 02:00:00,2.1112999999999995
2025-03-19 03:00:00,2.1112999999999995
2025-03-19 04:00:00,2.1112999999999995
2025-03-19 05:00:00,2.1112999999999995
2025-03-19 06:00:00,2.1112999999999995
2025-03-19 07:00:00,2.105899999999999
2025-03-19 08:00:00,2.0987999999999993
2025-03-19 09:00:00,2.101199999999999
2025-03-19 10:00:00,2.101199999999999
2025-03-19 11:00:00,2.101199999999999
2025-03-19 12:00:00,2.119299999999999
2025-03-19 13:00:00,2.1214999999999993
2025-03-19 14:00:00,2.1158999999999994
2025-03-19 15:00:00,2.130099999999999
2025-03-19 16:00:00,2.1353999999999993
2025-03-19 17:00:00,2.123999999999999
2025-03-19 18:00:00,2.1191999999999993
2025-03-19 19:00:00,2.1191999999999993
2025-03-19 20:00:00,2.1198999999999995
2025-03-19 21:00:00,2.1198999999999995
2025-03-19 23:00:00,2.1191999999999993
2025-03-20 01:00:00,2.1250999999999993
2025-03-20 02:00:00,2.1250999999999993
2025-03-20 03:00:00,2.1250999999999993
2025-03-20 04:00:00,2.1250999999999993
2025-03-20 05:00:00,2.1250999999999993
2025-03-20 06:00:00,2.1240999999999994
2025-03-20 07:00:00,2.1240999999999994
2025-03-20 08:00:00,2.124999999999999
2025-03-20 09:00:00,2.124999999999999
2025-03-20 10:00:00,2.112199999999999
2025-03-20 11:00:00,2.114699999999999
2025-03-20 12:00:00,2.109199999999999
2025-03-20 13:00:00,2.100199999999999
2025-03-20 14:00:00,2.1299999999999994
2025-03-20 15:00:00,2.1337999999999995
2025-03-20 16:00:00,2.1351999999999993
2025-03-20 17:00:00,2.1364999999999994
2025-03-20 18:00:00,2.1415999999999995
2025-03-20 19:00:00,2.1415999999999995
2025-03-20 20:00:00,2.1461999999999994
2025-03-20 21:00:00,2.1461999999999994
2025-03-20 23:00:00,2.1250999999999993
2025-03-21 01:00:00,2.1250999999999993
2025-03-21 02:00:00,2.1439999999999992
2025-03-21 03:00:00,2.1450999999999993
2025-03-21 04:00:00,2.1450999999999993
2025-03-21 05:00:00,2.1450999999999993
2025-03-21 06:00:00,2.1450999999999993
2025-03-21 07:00:00,2.141199999999999
2025-03-21 08:00:00,2.1444999999999994
2025-03-21 09:00:00,2.1328999999999994
2025-03-21 10:00:00,2.1276999999999995
2025-03-21 11:00:00,2.123999999999999
2025-03-21 12:00:00,2.1284999999999994
2025-03-21 13:00:00,2.1303999999999994
2025-03-21 14:00:00,2.1355999999999993
2025-03-21 15:00:00,2.134499999999999
2025-03-21 16:00:00,2.142499999999999
2025-03-21 17:00:00,2.1437999999999993
2025-03-21 18:00:00,2.146499999999999
2025-03-21 19:00:00,2.140599999999999
2025-03-21 20:00:00,2.1421999999999994
2025-03-21 21:00:00,2.1421999999999994
2025-03-21 23:00:00,2.146499999999999
2025-03-24 01:00:00,2.146499999999999
2025-03-24 02:00:00,2.146499999999999
2025-03-24 03:00:00,2.146499999999999
2025-03-24 04:00:00,2.146499999999999
2025-03-24 05:00:00,2.146499999999999
2025-03-24 06:00:00,2.146499999999999
2025-03-24 07:00:00,2.144999999999999
2025-03-24 08:00:00,2.1420999999999992
2025-03-24 09:00:00,2.1418999999999992
2025-03-24 10:00:00,2.1418999999999992
2025-03-24 11:00:00,2.1499999999999995
2025-03-24 12:00:00,2.140799999999999
2025-03-24 13:00:00,2.140799999999999
2025-03-24 14:00:00,2.1518999999999995
2025-03-24 15:00:00,2.1570999999999994
2025-03-24 16:00:00,2.1490999999999993
2025-03-24 17:00:00,2.1497999999999995
2025-03-24 18:00:00,2.1541999999999994
2025-03-24 19:00:00,2.157599999999999
2025-03-24 20:00:00,2.157599999999999
2025-03-24 21:00:00,2.157599999999999
2025-03-24 23:00:00,2.156599999999999
2025-03-25 01:00:00,2.156599999999999
2025-03-25 02:00:00,2.156599999999999
2025-03-25 03:00:00,2.156599999999999
2025-03-25 04:00:00,2.156599999999999
2025-03-25 05:00:00,2.156599999999999
2025-03-25 06:00:00,2.156599999999999
2025-03-25 07:00:00,2.156599999999999
2025-03-25 08:00:00,2.156599999999999
2025-03-25 09:00:00,2.156599999999999
2025-03-25 10:00:00,2.156599999999999
2025-03-25 11:00:00,2.1684999999999994
2025-03-25 12:00:00,2.1684999999999994
2025-03-25 13:00:00,2.171299999999999
2025-03-25 14:00:00,2.1646999999999994
2025-03-25 15:00:00,2.1574999999999993
2025-03-25 16:00:00,2.151099999999999
2025-03-25 17:00:00,2.1511999999999993
2025-03-25 18:00:00,2.154699999999999
2025-03-25 19:00:00,2.1598999999999995
2025-03-25 20:00:00,2.1598999999999995
2025-03-25 21:00:00,2.1598999999999995
2025-03-25 23:00:00,2.158699999999999
2025-03-26 01:00:00,2.158699999999999
2025-03-26 02:00:00,2.158699999999999
2025-03-26 03:00:00,2.158699999999999
2025-03-26 04:00:00,2.158699999999999
2025-03-26 05:00:00,2.158699999999999
2025-03-26 06:00:00,2.158699999999999
2025-03-26 07:00:00,2.158699999999999
2025-03-26 08:00:00,2.158699999999999
2025-03-26 09:00:00,2.1701999999999995
2025-03-26 10:00:00,2.1701999999999995
2025-03-26 11:00:00,2.1753999999999993
2025-03-26 12:00:00,2.1742999999999992
2025-03-26 13:00:00,2.1825999999999994
2025-03-26 14:00:00,2.1843999999999992
2025-03-26 15:00:00,2.1951999999999994
2025-03-26 16:00:00,2.1860999999999993
2025-03-26 17:00:00,2.177799999999999
2025-03-26 18:00:00,2.1838999999999995
2025-03-26 19:00:00,2.182699999999999
2025-03-26 20:00:00,2.1867999999999994
2025-03-26 21:00:00,2.1867999999999994
2025-03-26 23:00:00,2.1827999999999994
2025-03-27 01:00:00,2.1827999999999994
2025-03-27 02:00:00,2.1827999999999994
2025-03-27 03:00:00,2.1827999999999994
2025-03-27 04:00:00,2.185199999999999
2025-03-27 05:00:00,2.185199999999999
2025-03-27 06:00:00,2.1803999999999992
2025-03-27 07:00:00,2.1772999999999993
2025-03-27 08:00:00,2.1768999999999994
2025-03-27 09:00:00,2.1751999999999994
2025-03-27 10:00:00,2.1751999999999994
2025-03-27 11:00:00,2.176999999999999
2025-03-27 12:00:00,2.1867999999999994
2025-03-27 13:00:00,2.1751999999999994
2025-03-27 14:00:00,2.1783999999999994
2025-03-27 15:00:00,2.1822999999999992
2025-03-27 16:00:00,2.1837999999999993
2025-03-27 17:00:00,2.1837999999999993
2025-03-27 18:00:00,2.1953999999999994
2025-03-27 19:00:00,2.1953999999999994
2025-03-27 20:00:00,2.1953999999999994
2025-03-27 21:00:00,2.1953999999999994
2025-03-27 23:00:00,2.1963999999999992
2025-03-28 01:00:00,2.1963999999999992
2025-03-28 02:00:00,2.1964999999999995
2025-03-28 03:00:00,2.195
2025-03-28 04:00:00,2.195
2025-03-28 05:00:00,2.195
2025-03-28 06:00:00,2.1884999999999994
2025-03-28 07:00:00,2.1845
2025-03-28 08:00:00,2.1884999999999994
2025-03-28 09:00:00,2.1941999999999995
2025-03-28 10:00:00,2.1904999999999997
2025-03-28 11:00:00,2.1975
2025-03-28 12:00:00,2.2030999999999996
2025-03-28 13:00:00,2.1915999999999998
2025-03-28 14:00:00,2.1856999999999998
2025-03-28 15:00:00,2.1765
2025-03-28 16:00:00,2.1773999999999996
2025-03-28 17:00:00,2.179
2025-03-28 18:00:00,2.1805
2025-03-28 19:00:00,2.1779999999999995
2025-03-28 20:00:00,2.1759999999999997
2025-03-28 21:00:00,2.1759999999999997
2025-03-28 23:00:00,2.1799999999999997
2025-03-30 23:00:00,2.1799999999999997
2025-03-31 01:00:00,2.1725
2025-03-31 02:00:00,2.1729999999999996
2025-03-31 03:00:00,2.1729999999999996
2025-03-31 04:00:00,2.1729999999999996
2025-03-31 05:00:00,2.1729999999999996
2025-03-31 06:00:00,2.1729999999999996
2025-03-31 07:00:00,2.183
2025-03-31 08:00:00,2.1952999999999996
2025-03-31 09:00:00,2.1948999999999996
2025-03-31 10:00:00,2.1948999999999996
2025-03-31 11:00:00,2.1923999999999997
2025-03-31 12:00:00,2.1884999999999994
2025-03-31 13:00:00,2.1900999999999997
2025-03-31 14:00:00,2.1952
2025-03-31 15:00:00,2.2141999999999995
2025-03-31 16:00:00,2.2257
2025-03-31 17:00:00,2.2322999999999995
2025-03-31 18:00:00,2.2264999999999997
2025-03-31 19:00:00,2.2263999999999995
2025-03-31 20:00:00,2.2265999999999995
2025-03-31 21:00:00,2.2289999999999996
2025-03-31 22:00:00,2.2289999999999996
2025-03-31 23:00:00,2.2272
2025-04-01 01:00:00,2.2278
2025-04-01 02:00:00,2.2316
2025-04-01 03:00:00,2.2312
2025-04-01 04:00:00,2.2329
2025-04-01 05:00:00,2.2329
2025-04-01 06:00:00,2.2329
2025-04-01 07:00:00,2.2354999999999996
2025-04-01 08:00:00,2.2274
2025-04-01 09:00:00,2.2215999999999996
2025-04-01 10:00:00,2.2324999999999995
2025-04-01 11:00:00,2.2396999999999996
2025-04-01 12:00:00,2.227
2025-04-01 13:00:00,2.2320999999999995
2025-04-01 14:00:00,2.2419999999999995
2025-04-01 15:00:00,2.2392
2025-04-01 16:00:00,2.2377
2025-04-01 17:00:00,2.2329999999999997
2025-04-01 18:00:00,2.2352
2025-04-01 19:00:00,2.2379
2025-04-01 20:00:00,2.2392999999999996
2025-04-01 21:00:00,2.2394
2025-04-01 22:00:00,2.2394
2025-04-01 23:00:00,2.239
2025-04-02 01:00:00,2.2425999999999995
2025-04-02 02:00:00,2.2394999999999996
2025-04-02 03:00:00,2.2446999999999995
2025-04-02 04:00:00,2.2403999999999997
2025-04-02 05:00:00,2.243
2025-04-02 06:00:00,2.243
2025-04-02 07:00:00,2.2367999999999997
2025-04-02 08:00:00,2.2396
2025-04-02 09:00:00,2.2434999999999996
2025-04-02 10:00:00,2.2402999999999995
2025-04-02 11:00:00,2.2331
2025-04-02 12:00:00,2.2363999999999997
2025-04-02 13:00:00,2.2352999999999996
2025-04-02 14:00:00,2.2428999999999997
2025-04-02 15:00:00,2.2480999999999995
2025-04-02 16:00:00,2.2535
2025-04-02 17:00:00,2.2575
2025-04-02 18:00:00,2.2663999999999995
2025-04-02 19:00:00,2.2661999999999995
2025-04-02 20:00:00,2.2695
2025-04-02 21:00:00,2.2573
2025-04-02 22:00:00,2.2573
2025-04-02 23:00:00,2.2674999999999996
2025-04-03 01:00:00,2.1832999999999996
2025-04-03 02:00:00,2.1845
2025-04-03 03:00:00,2.1858999999999997
2025-04-03 04:00:00,2.1925999999999997
2025-04-03 05:00:00,2.1881999999999997
2025-04-03 06:00:00,2.1784999999999997
2025-04-03 07:00:00,2.1734999999999998
2025-04-03 08:00:00,2.1706
2025-04-03 09:00:00,2.1533999999999995
2025-04-03 10:00:00,2.1405999999999996
2025-04-03 11:00:00,2.1394999999999995
2025-04-03 12:00:00,2.1136999999999997
2025-04-03 13:00:00,2.1125
2025-04-03 14:00:00,2.0938
2025-04-03 15:00:00,2.0827999999999998
2025-04-03 16:00:00,2.0955999999999997
2025-04-03 17:00:00,2.0961999999999996
2025-04-03 18:00:00,2.1028
2025-04-03 19:00:00,2.0957999999999997
2025-04-03 20:00:00,2.0932999999999997
2025-04-03 21:00:00,2.0932999999999997
2025-04-03 22:00:00,2.0932999999999997
2025-04-03 23:00:00,2.1007999999999996
2025-04-04 01:00:00,2.1007999999999996
2025-04-04 02:00:00,2.0845
2025-04-04 03:00:00,2.0832999999999995
2025-04-04 04:00:00,2.0832999999999995
2025-04-04 05:00:00,2.0832999999999995
2025-04-04 06:00:00,2.0788999999999995
2025-04-04 07:00:00,2.0715999999999997
2025-04-04 08:00:00,2.0536
2025-04-04 09:00:00,2.0343999999999998
2025-04-04 10:00:00,2.0414999999999996
2025-04-04 11:00:00,1.9963999999999995
2025-04-04 12:00:00,1.9780999999999995
2025-04-04 13:00:00,1.9891999999999999
2025-04-04 14:00:00,1.9750999999999999
2025-04-04 15:00:00,1.9619999999999997
2025-04-04 16:00:00,1.9825999999999997
2025-04-04 17:00:00,1.9888999999999997
2025-04-04 18:00:00,1.9939999999999998
2025-04-04 19:00:00,1.9983999999999997
2025-04-04 20:00:00,2.0106999999999995
2025-04-04 21:00:00,1.9999999999999996
2025-04-04 22:00:00,1.9999999999999996
2025-04-04 23:00:00,1.9909999999999997
2025-04-06 23:00:00,1.9578999999999995
2025-04-07 01:00:00,1.9419999999999997
2025-04-07 02:00:00,1.9471999999999996
2025-04-07 03:00:00,1.9508999999999999
2025-04-07 04:00:00,1.9504999999999995
2025-04-07 05:00:00,1.9554999999999998
2025-04-07 06:00:00,1.9470999999999998
2025-04-07 07:00:00,1.9389999999999996
2025-04-07 08:00:00,1.9303999999999997
2025-04-07 09:00:00,1.9304999999999997
2025-04-07 10:00:00,1.9339999999999997
2025-04-07 11:00:00,1.9539999999999997
2025-04-07 12:00:00,1.9596999999999998
2025-04-07 13:00:00,1.9726999999999997
2025-04-07 14:00:00,1.9832999999999998
2025-04-07 15:00:00,1.9803999999999995
2025-04-07 16:00:00,1.9674999999999998
2025-04-07 17:00:00,1.9627999999999997
2025-04-07 18:00:00,1.9742999999999995
2025-04-07 19:00:00,1.9571999999999998
2025-04-07 20:00:00,1.9621999999999997
2025-04-07 21:00:00,1.9652999999999996
2025-04-07 22:00:00,1.9652999999999996
2025-04-07 23:00:00,1.9383999999999997
2025-04-08 01:00:00,1.9383999999999997
2025-04-08 02:00:00,1.9644999999999997
2025-04-08 03:00:00,1.9839999999999995
2025-04-08 04:00:00,1.9839999999999995
2025-04-08 05:00:00,1.9839999999999995
2025-04-08 06:00:00,1.9839999999999995
2025-04-08 07:00:00,1.9849999999999999
2025-04-08 08:00:00,1.9634999999999998
2025-04-08 09:00:00,1.9755999999999996
2025-04-08 10:00:00,1.9694999999999996
2025-04-08 11:00:00,1.9653999999999998
2025-04-08 12:00:00,1.9760999999999997
2025-04-08 13:00:00,1.9725999999999995
2025-04-08 14:00:00,1.9717999999999996
2025-04-08 15:00:00,1.9661999999999997
2025-04-08 16:00:00,1.9738999999999995
2025-04-08 17:00:00,1.9339999999999997
2025-04-08 18:00:00,1.9375999999999998
2025-04-08 19:00:00,1.9195999999999998
2025-04-08 20:00:00,1.9064999999999996
2025-04-08 21:00:00,1.8974999999999997
2025-04-08 22:00:00,1.8974999999999997
2025-04-08 23:00:00,1.9278999999999997
2025-04-09 01:00:00,1.8609999999999998
2025-04-09 02:00:00,1.8762999999999996
2025-04-09 03:00:00,1.8762999999999996
2025-04-09 04:00:00,1.8824999999999996
2025-04-09 05:00:00,1.8709999999999998
2025-04-09 06:00:00,1.8777999999999997
2025-04-09 07:00:00,1.8953999999999998
2025-04-09 08:00:00,1.8906999999999996
2025-04-09 09:00:00,1.8850999999999998
2025-04-09 10:00:00,1.8697999999999997
2025-04-09 11:00:00,1.8749999999999996
2025-04-09 12:00:00,1.8273999999999997
2025-04-09 13:00:00,1.8402999999999996
2025-04-09 14:00:00,1.8616999999999997
2025-04-09 15:00:00,1.8233999999999997
2025-04-09 16:00:00,1.8336999999999997
2025-04-09 17:00:00,1.8349999999999997
2025-04-09 18:00:00,1.9549999999999996
2025-04-09 19:00:00,1.9510999999999998
2025-04-09 20:00:00,1.9750999999999999
2025-04-09 21:00:00,1.9749999999999996
2025-04-09 22:00:00,1.9749999999999996
2025-04-09 23:00:00,1.9748999999999999
2025-04-10 01:00:00,1.9744999999999995
2025-04-10 02:00:00,1.9604999999999997
2025-04-10 03:00:00,1.9604999999999997
2025-04-10 04:00:00,1.9604999999999997
2025-04-10 05:00:00,1.9604999999999997
2025-04-10 06:00:00,1.9604999999999997
2025-04-10 07:00:00,1.9699999999999998
2025-04-10 08:00:00,1.9296999999999997
2025-04-10 09:00:00,1.9224999999999997
2025-04-10 10:00:00,1.9308999999999996
2025-04-10 11:00:00,1.9310999999999996
2025-04-10 12:00:00,1.9242999999999997
2025-04-10 13:00:00,1.9062999999999997
2025-04-10 14:00:00,1.8894999999999997
2025-04-10 15:00:00,1.8848999999999996
2025-04-10 16:00:00,1.8905999999999996
2025-04-10 17:00:00,1.8860999999999997
2025-04-10 18:00:00,1.9001999999999997
2025-04-10 19:00:00,1.9056999999999997
2025-04-10 20:00:00,1.9066999999999996
2025-04-10 21:00:00,1.9029999999999996
2025-04-10 22:00:00,1.9029999999999996
2025-04-10 23:00:00,1.8977999999999997
2025-04-11 01:00:00,1.8885999999999996
2025-04-11 02:00:00,1.8880999999999997
2025-04-11 03:00:00,1.8811999999999998
2025-04-11 04:00:00,1.8811999999999998
2025-04-11 05:00:00,1.8811999999999998
2025-04-11 06:00:00,1.9062999999999997
2025-04-11 07:00:00,1.9141999999999997
2025-04-11 08:00:00,1.9232999999999996
2025-04-11 09:00:00,1.9077999999999997
2025-04-11 10:00:00,1.9156999999999997
2025-04-11 11:00:00,1.9133999999999998
2025-04-11 12:00:00,1.9136999999999997
2025-04-11 13:00:00,1.9175999999999997
2025-04-11 14:00:00,1.9109999999999996
2025-04-11 15:00:00,1.8921999999999997
2025-04-11 16:00:00,1.9045999999999996
2025-04-11 17:00:00,1.9194999999999998
2025-04-11 18:00:00,1.9345999999999997
2025-04-11 19:00:00,1.9371999999999998
2025-04-11 20:00:00,1.9411999999999998
2025-04-11 21:00:00,1.9431999999999996
2025-04-11 22:00:00,1.9431999999999996
2025-04-11 23:00:00,1.9355999999999998
2025-04-13 23:00:00,1.9355999999999998
2025-04-14 01:00:00,1.9571999999999998
2025-04-14 02:00:00,1.9571999999999998
2025-04-14 03:00:00,1.9571999999999998
2025-04-14 04:00:00,1.9571999999999998
2025-04-14 05:00:00,1.9571999999999998
2025-04-14 06:00:00,1.9585999999999997
2025-04-14 07:00:00,1.9562999999999997
2025-04-14 08:00:00,1.9609999999999999
2025-04-14 09:00:00,1.9569999999999999
2025-04-14 10:00:00,1.9688999999999997
2025-04-14 11:00:00,1.9715999999999996
2025-04-14 12:00:00,1.9728999999999997
2025-04-14 13:00:00,1.9771999999999998
2025-04-14 14:00:00,1.9584999999999995
2025-04-14 15:00:00,1.9583999999999997
2025-04-14 16:00:00,1.9495999999999998
2025-04-14 17:00:00,1.9451999999999998
2025-04-14 18:00:00,1.9496999999999995
2025-04-14 19:00:00,1.9575999999999998
2025-04-14 20:00:00,1.9609999999999999
2025-04-14 21:00:00,1.9609999999999999
2025-04-14 22:00:00,1.9609999999999999
2025-04-14 23:00:00,1.9571999999999998
2025-04-15 01:00:00,1.9571999999999998
2025-04-15 02:00:00,1.9571999999999998
2025-04-15 03:00:00,1.9571999999999998
2025-04-15 04:00:00,1.9571999999999998
2025-04-15 05:00:00,1.9623999999999997
2025-04-15 06:00:00,1.9623999999999997
2025-04-15 07:00:00,1.9623999999999997
2025-04-15 08:00:00,1.9699999999999998
2025-04-15 09:00:00,1.9590999999999998
2025-04-15 10:00:00,1.9602999999999997
2025-04-15 11:00:00,1.9614999999999996
2025-04-15 12:00:00,1.9580999999999995
2025-04-15 13:00:00,1.9528999999999996
2025-04-15 14:00:00,1.9710999999999999
2025-04-15 15:00:00,1.9649999999999999
2025-04-15 16:00:00,1.9562999999999997
2025-04-15 17:00:00,1.9649999999999999
2025-04-15 18:00:00,1.9664999999999995
2025-04-15 19:00:00,1.9659999999999997
2025-04-15 20:00:00,1.9659999999999997
2025-04-15 21:00:00,1.9702999999999995
2025-04-15 22:00:00,1.9702999999999995
2025-04-15 23:00:00,1.9608999999999996
2025-04-16 01:00:00,1.9608999999999996
2025-04-16 02:00:00,1.9608999999999996
2025-04-16 03:00:00,1.9608999999999996
2025-04-16 04:00:00,1.9608999999999996
2025-04-16 05:00:00,1.9608999999999996
2025-04-16 06:00:00,1.9468999999999999
2025-04-16 07:00:00,1.9512999999999998
2025-04-16 08:00:00,1.9609999999999999
2025-04-16 09:00:00,1.9839999999999995
2025-04-16 10:00:00,1.9803999999999995
2025-04-16 11:00:00,1.9803999999999995
2025-04-16 12:00:00,1.9780999999999995
2025-04-16 13:00:00,1.9864999999999995
2025-04-16 14:00:00,1.9819999999999998
2025-04-16 15:00:00,1.9753999999999996
2025-04-16 16:00:00,1.9725999999999995
2025-04-16 17:00:00,1.9790999999999999
2025-04-16 18:00:00,1.9731999999999998
2025-04-16 19:00:00,1.9870999999999999
2025-04-16 20:00:00,1.9854999999999996
2025-04-16 21:00:00,1.9821999999999997
2025-04-16 22:00:00,1.9821999999999997
2025-04-16 23:00:00,1.9798999999999998
2025-04-17 01:00:00,1.9798999999999998
2025-04-17 02:00:00,1.9798999999999998
2025-04-17 03:00:00,1.9798999999999998
2025-04-17 04:00:00,1.9956999999999998
2025-04-17 05:00:00,1.9956999999999998
2025-04-17 06:00:00,1.9956999999999998
2025-04-17 07:00:00,1.9956999999999998
2025-04-17 08:00:00,1.9903999999999997
2025-04-17 09:00:00,1.9918999999999998
2025-04-17 10:00:00,1.9918999999999998
2025-04-17 11:00:00,1.9908999999999994
2025-04-17 12:00:00,1.9908999999999994
2025-04-17 13:00:00,2.0040999999999998
2025-04-17 14:00:00,2.0002999999999997
2025-04-17 15:00:00,2.0115
2025-04-17 16:00:00,2.0241999999999996
2025-04-17 17:00:00,2.0241999999999996
2025-04-17 18:00:00,2.0330999999999997
2025-04-17 19:00:00,2.0302
2025-04-17 20:00:00,2.0282999999999998
2025-04-17 21:00:00,2.03
2025-04-17 22:00:00,2.03
2025-04-17 23:00:00,2.0241999999999996
2025-04-20 23:00:00,2.0241999999999996
2025-04-21 01:00:00,2.0241999999999996
2025-04-21 02:00:00,2.0104999999999995
2025-04-21 03:00:00,2.0104999999999995
2025-04-21 04:00:00,2.0104999999999995
2025-04-21 05:00:00,2.0109999999999997
2025-04-21 06:00:00,2.0109999999999997
2025-04-21 07:00:00,2.0165999999999995
2025-04-21 08:00:00,2.0105999999999997
2025-04-21 09:00:00,2.0105999999999997
2025-04-21 10:00:00,1.9923999999999995
2025-04-21 11:00:00,1.9923999999999995
2025-04-21 12:00:00,1.9964999999999997
2025-04-21 13:00:00,1.9964999999999997
2025-04-21 14:00:00,1.9839999999999995
2025-04-21 15:00:00,1.9955999999999996
2025-04-21 16:00:00,1.9965999999999995
2025-04-21 17:00:00,1.9906999999999995
2025-04-21 18:00:00,1.9906999999999995
2025-04-21 19:00:00,2.0025999999999997
2025-04-21 20:00:00,2.0025999999999997
2025-04-21 21:00:00,2.0025999999999997
2025-04-21 22:00:00,2.0025999999999997
2025-04-21 23:00:00,2.0018
2025-04-22 02:00:00,2.0018
2025-04-22 03:00:00,2.0018
2025-04-22 04:00:00,2.0018
2025-04-22 05:00:00,2.0018
2025-04-22 06:00:00,2.0018
2025-04-22 07:00:00,2.0018
2025-04-22 08:00:00,2.0018
2025-04-22 09:00:00,2.0018
2025-04-22 10:00:00,2.0018
2025-04-22 11:00:00,2.0018
2025-04-22 12:00:00,2.0018
2025-04-22 13:00:00,2.0344999999999995
2025-04-22 14:00:00,2.0277999999999996
2025-04-22 15:00:00,2.0239999999999996
2025-04-22 16:00:00,2.0496999999999996
2025-04-22 17:00:00,2.0524999999999998
2025-04-22 18:00:00,2.0456
2025-04-22 19:00:00,2.0456
2025-04-22 20:00:00,2.0323999999999995
2025-04-22 21:00:00,2.0323999999999995
2025-04-22 22:00:00,2.0323999999999995
2025-04-22 23:00:00,2.0456
2025-04-23 01:00:00,2.0456
2025-04-23 02:00:00,2.0456
2025-04-23 03:00:00,2.0456
2025-04-23 04:00:00,2.0456
2025-04-23 05:00:00,2.0456
2025-04-23 06:00:00,2.0456
2025-04-23 07:00:00,2.0563
2025-04-23 08:00:00,2.0563
2025-04-23 09:00:00,2.0614999999999997
2025-04-23 10:00:00,2.0614999999999997
2025-04-23 11:00:00,2.0590999999999995
2025-04-23 12:00:00,2.0590999999999995
2025-04-23 13:00:00,2.0245999999999995
2025-04-23 14:00:00,2.0353
2025-04-23 15:00:00,2.022
2025-04-23 16:00:00,2.0100999999999996
2025-04-23 17:00:00,2.0244999999999997
2025-04-23 18:00:00,2.0155
2025-04-23 19:00:00,2.0201999999999996
2025-04-23 20:00:00,2.0201999999999996
2025-04-23 21:00:00,2.0201999999999996
2025-04-23 22:00:00,2.0201999999999996
2025-04-23 23:00:00,2.0563
2025-04-24 07:00:00,2.0563
2025-04-24 08:00:00,2.0563
2025-04-24 09:00:00,2.0289999999999995
2025-04-24 10:00:00,2.0275999999999996
2025-04-24 11:00:00,2.0326999999999997
2025-04-24 12:00:00,2.0321
2025-04-24 13:00:00,2.0380999999999996
2025-04-24 14:00:00,2.0266999999999995
2025-04-24 15:00:00,2.0302
2025-04-24 16:00:00,2.0223999999999998
2025-04-24 17:00:00,2.0430999999999995
2025-04-24 18:00:00,2.0392999999999994
2025-04-24 19:00:00,2.0392999999999994
2025-04-24 20:00:00,2.0392999999999994
2025-04-24 21:00:00,2.0392999999999994
2025-04-24 23:00:00,2.0422
2025-04-25 01:00:00,2.0547999999999997
2025-04-25 02:00:00,2.0547999999999997
2025-04-25 03:00:00,2.0547999999999997
2025-04-25 04:00:00,2.0547999999999997
2025-04-25 05:00:00,2.0557
2025-04-25 06:00:00,2.0557
2025-04-25 07:00:00,2.0557
2025-04-25 08:00:00,2.0557
2025-04-25 09:00:00,2.0412999999999997
2025-04-25 10:00:00,2.0412999999999997
2025-04-25 11:00:00,2.0292999999999997
2025-04-25 12:00:00,2.0323999999999995
2025-04-25 13:00:00,2.0404999999999998
2025-04-25 14:00:00,2.0388999999999995
2025-04-25 15:00:00,2.0544
2025-04-25 16:00:00,2.0557999999999996
2025-04-25 17:00:00,2.0462999999999996
2025-04-25 18:00:00,2.0557
2025-04-25 19:00:00,2.0557
2025-04-25 20:00:00,2.0589999999999997
2025-04-25 21:00:00,2.0589999999999997
2025-04-25 23:00:00,2.0553999999999997
2025-04-27 22:00:00,2.0553999999999997
2025-04-27 23:00:00,2.0553999999999997
2025-04-28 01:00:00,2.0553999999999997
2025-04-28 02:00:00,2.0553999999999997
2025-04-28 03:00:00,2.0553999999999997
2025-04-28 04:00:00,2.0553999999999997
2025-04-28 05:00:00,2.0553999999999997
2025-04-28 06:00:00,2.0553999999999997
2025-04-28 07:00:00,2.0546999999999995
2025-04-28 08:00:00,2.0511999999999997
2025-04-28 09:00:00,2.0489999999999995
2025-04-28 10:00:00,2.0454
2025-04-28 11:00:00,2.0506999999999995
2025-04-28 12:00:00,2.0527999999999995
2025-04-28 13:00:00,2.0586999999999995
2025-04-28 14:00:00,2.0439
2025-04-28 15:00:00,2.0439
2025-04-28 16:00:00,2.0439
2025-04-28 17:00:00,2.0439
2025-04-28 18:00:00,2.0435999999999996
2025-04-28 19:00:00,2.0435999999999996
2025-04-28 20:00:00,2.0435999999999996
2025-04-28 21:00:00,2.0435999999999996
2025-04-28 23:00:00,2.0586999999999995
2025-04-29 01:00:00,2.0586999999999995
2025-04-29 02:00:00,2.0586999999999995
2025-04-29 03:00:00,2.0586999999999995
2025-04-29 04:00:00,2.0586999999999995
2025-04-29 05:00:00,2.0586999999999995
2025-04-29 06:00:00,2.0586999999999995
2025-04-29 07:00:00,2.0586999999999995
2025-04-29 08:00:00,2.0586999999999995
2025-04-29 09:00:00,2.0163999999999995
2025-04-29 10:00:00,2.0162999999999998
2025-04-29 11:00:00,2.0149999999999997
2025-04-29 12:00:00,2.0042999999999997
2025-04-29 13:00:00,2.0073999999999996
2025-04-29 14:00:00,2.0031999999999996
2025-04-29 15:00:00,1.9974999999999996
2025-04-29 16:00:00,1.9933999999999998
2025-04-29 17:00:00,1.9987999999999997
2025-04-29 18:00:00,1.9964999999999997
2025-04-29 19:00:00,1.9929999999999999
2025-04-29 20:00:00,1.9916999999999998
2025-04-29 21:00:00,1.9916999999999998
2025-04-29 23:00:00,1.9989999999999997
2025-04-30 01:00:00,1.9940999999999995
2025-04-30 02:00:00,1.9940999999999995
2025-04-30 03:00:00,1.9756999999999998
2025-04-30 04:00:00,1.9749999999999996
2025-04-30 05:00:00,1.9743
2025-04-30 06:00:00,1.9764999999999997
2025-04-30 07:00:00,1.9749999999999996
2025-04-30 08:00:00,1.9747
2025-04-30 09:00:00,1.9912999999999998
2025-04-30 10:00:00,1.9905999999999997
2025-04-30 11:00:00,1.9894999999999996
2025-04-30 12:00:00,1.9799999999999995
2025-04-30 13:00:00,1.9816999999999996
2025-04-30 14:00:00,1.9816999999999996
2025-04-30 15:00:00,1.9816999999999996
2025-04-30 16:00:00,1.9816999999999996
2025-04-30 17:00:00,1.9816999999999996
2025-04-30 18:00:00,1.9816999999999996
2025-04-30 19:00:00,1.9816999999999996
2025-04-30 20:00:00,1.9816999999999996
2025-04-30 21:00:00,1.9816999999999996
2025-04-30 23:00:00,1.9816999999999996
2025-05-01 01:00:00,1.9651999999999998
2025-05-01 02:00:00,1.9651999999999998
2025-05-01 03:00:00,1.9651999999999998
2025-05-01 04:00:00,1.9659999999999997
2025-05-01 05:00:00,1.9676999999999998
2025-05-01 06:00:00,1.9575999999999998
2025-05-01 07:00:00,1.9496999999999995
2025-05-01 08:00:00,1.9378999999999997
2025-05-01 09:00:00,1.9329999999999998
2025-05-01 10:00:00,1.9282999999999997
2025-05-01 11:00:00,1.9417999999999997
2025-05-01 12:00:00,1.9548999999999999
2025-05-01 13:00:00,1.9769999999999999
2025-05-01 14:00:00,1.9754999999999998
2025-05-01 15:00:00,1.9708999999999999
2025-05-01 16:00:00,1.9676999999999998
2025-05-01 17:00:00,1.9750999999999999
2025-05-01 18:00:00,1.9907
2025-05-01 19:00:00,1.9879999999999995
2025-05-01 20:00:00,1.9853999999999998
2025-05-01 21:00:00,1.9853999999999998
2025-05-01 23:00:00,1.9911999999999996
2025-05-02 01:00:00,1.9989
2025-05-02 02:00:00,1.9989
2025-05-02 03:00:00,2.0010999999999997
2025-05-02 04:00:00,2.0010999999999997
2025-05-02 05:00:00,1.9979999999999998
2025-05-02 06:00:00,1.9933999999999998
2025-05-02 07:00:00,1.9929999999999999
2025-05-02 08:00:00,1.9868999999999999
2025-05-02 09:00:00,1.9779999999999998
2025-05-02 10:00:00,1.9789999999999996
2025-05-02 11:00:00,1.9705
2025-05-02 12:00:00,1.9774999999999996
2025-05-02 13:00:00,1.9595999999999996
2025-05-02 14:00:00,1.9614999999999996
2025-05-02 15:00:00,1.9680999999999997
2025-05-02 16:00:00,1.9543999999999997
2025-05-02 17:00:00,1.9661999999999997
2025-05-02 18:00:00,1.9577999999999998
2025-05-02 19:00:00,1.9672999999999998
2025-05-02 20:00:00,1.9655999999999998
2025-05-02 21:00:00,1.9655999999999998
2025-05-02 23:00:00,1.9882999999999997
2025-05-04 22:00:00,1.9138999999999997
2025-05-04 23:00:00,1.9138999999999997
2025-05-05 01:00:00,1.9218999999999997
2025-05-05 02:00:00,1.9218999999999997
2025-05-05 03:00:00,1.9106999999999996
2025-05-05 04:00:00,1.9106999999999996
2025-05-05 05:00:00,1.9153999999999998
2025-05-05 06:00:00,1.9261999999999997
2025-05-05 07:00:00,1.9300999999999997
2025-05-05 08:00:00,1.9396999999999998
2025-05-05 09:00:00,1.9425999999999997
2025-05-05 10:00:00,1.9493999999999998
2025-05-05 11:00:00,1.9469999999999996
2025-05-05 12:00:00,1.9486999999999997
2025-05-05 13:00:00,1.9529999999999998
2025-05-05 14:00:00,1.9369999999999998
2025-05-05 15:00:00,1.9389999999999996
2025-05-05 16:00:00,1.9599999999999995
2025-05-05 17:00:00,1.9724999999999997
2025-05-05 18:00:00,1.9659999999999997
2025-05-05 19:00:00,1.9644999999999997
2025-05-05 20:00:00,1.9705999999999997
2025-05-05 21:00:00,1.9705999999999997
2025-05-05 23:00:00,1.9647999999999999
2025-05-06 01:00:00,1.9935999999999998
2025-05-06 02:00:00,1.9886
2025-05-06 03:00:00,1.9901999999999997
2025-05-06 04:00:00,1.9915999999999996
2025-05-06 05:00:00,1.9867
2025-05-06 06:00:00,1.9949
2025-05-06 07:00:00,1.9970999999999997
2025-05-06 08:00:00,1.9978999999999996
2025-05-06 09:00:00,2.0027999999999997
2025-05-06 10:00:00,1.9910999999999999
2025-05-06 11:00:00,1.9952999999999999
2025-05-06 12:00:00,1.9945
2025-05-06 13:00:00,2.0046999999999997
2025-05-06 14:00:00,2.0098999999999996
2025-05-06 15:00:00,2.0189999999999997
2025-05-06 16:00:00,2.0029999999999997
2025-05-06 17:00:00,2.01
2025-05-06 18:00:00,2.0037
2025-05-06 19:00:00,2.0033999999999996
2025-05-06 20:00:00,2.0018
2025-05-06 21:00:00,2.0018
2025-05-06 23:00:00,2.0064999999999995
2025-05-07 01:00:00,2.0157
2025-05-07 02:00:00,2.0107
2025-05-07 03:00:00,2.0107
2025-05-07 04:00:00,2.0107
2025-05-07 05:00:00,2.0107
2025-05-07 06:00:00,2.0176999999999996
2025-05-07 07:00:00,2.0235
2025-05-07 08:00:00,2.0181999999999998
2025-05-07 09:00:00,2.0025999999999997
2025-05-07 10:00:00,2.0075
2025-05-07 11:00:00,2.0079999999999996
2025-05-07 12:00:00,1.9964999999999997
2025-05-07 13:00:00,1.9957999999999996
2025-05-07 14:00:00,1.9726999999999997
2025-05-07 15:00:00,1.9701999999999997
2025-05-07 16:00:00,1.9731999999999998
2025-05-07 17:00:00,1.9705
2025-05-07 18:00:00,1.9675999999999996
2025-05-07 19:00:00,1.9633999999999996
2025-05-07 20:00:00,1.9628999999999999
2025-05-07 21:00:00,1.9628999999999999
2025-05-07 23:00:00,1.9697999999999998
2025-05-08 01:00:00,1.9697999999999998
2025-05-08 02:00:00,1.9697999999999998
2025-05-08 03:00:00,1.9697999999999998
2025-05-08 04:00:00,1.9697999999999998
2025-05-08 05:00:00,1.9814999999999996
2025-05-08 06:00:00,1.9759999999999995
2025-05-08 07:00:00,1.9752999999999998
2025-05-08 08:00:00,1.9745
2025-05-08 09:00:00,1.9825
2025-05-08 10:00:00,1.9889999999999999
2025-05-08 11:00:00,1.9921999999999995
2025-05-08 12:00:00,1.9907
2025-05-08 13:00:00,2.0077
2025-05-08 14:00:00,2.0136
2025-05-08 15:00:00,2.0302999999999995
2025-05-08 16:00:00,2.0279999999999996
2025-05-08 17:00:00,2.025
2025-05-08 18:00:00,2.0304999999999995
2025-05-08 19:00:00,2.0304999999999995
2025-05-08 20:00:00,2.0336
2025-05-08 21:00:00,2.0336
2025-05-08 23:00:00,2.0336
2025-05-09 01:00:00,2.0336
2025-05-09 02:00:00,2.0355
2025-05-09 03:00:00,2.0355
2025-05-09 04:00:00,2.0355
2025-05-09 05:00:00,2.0355
2025-05-09 06:00:00,2.0311999999999997
2025-05-09 07:00:00,2.0395
2025-05-09 08:00:00,2.0414
2025-05-09 09:00:00,2.0523
2025-05-09 10:00:00,2.0523
2025-05-09 11:00:00,2.0561999999999996
2025-05-09 12:00:00,2.0534999999999997
2025-05-09 13:00:00,2.0414999999999996
2025-05-09 14:00:00,2.0384999999999995
2025-05-09 15:00:00,2.0408999999999997
2025-05-09 16:00:00,2.0483
2025-05-09 17:00:00,2.0494999999999997
2025-05-09 18:00:00,2.0498
2025-05-09 19:00:00,2.0509999999999997
2025-05-09 20:00:00,2.0525999999999995
2025-05-09 21:00:00,2.0536
2025-05-09 23:00:00,2.0523
2025-05-11 22:00:00,2.062
2025-05-11 23:00:00,2.0675
2025-05-12 01:00:00,2.062
2025-05-12 02:00:00,2.062
2025-05-12 03:00:00,2.0681999999999996
2025-05-12 04:00:00,2.0681999999999996
2025-05-12 05:00:00,2.0734999999999997
2025-05-12 06:00:00,2.0761999999999996
2025-05-12 07:00:00,2.0915999999999997
2025-05-12 08:00:00,2.0856
2025-05-12 09:00:00,2.0932999999999997
2025-05-12 10:00:00,2.0963999999999996
2025-05-12 11:00:00,2.1062999999999996
2025-05-12 12:00:00,2.1033
2025-05-12 13:00:00,2.0911999999999997
2025-05-12 14:00:00,2.0847999999999995
2025-05-12 15:00:00,2.0769999999999995
2025-05-12 16:00:00,2.0778
2025-05-12 17:00:00,2.0759
2025-05-12 18:00:00,2.0707999999999998
2025-05-12 19:00:00,2.0708999999999995
2025-05-12 20:00:00,2.0768999999999997
2025-05-12 21:00:00,2.0768999999999997
2025-05-12 23:00:00,2.0751
2025-05-13 01:00:00,2.0761
2025-05-13 02:00:00,2.0761
2025-05-13 03:00:00,2.0761
2025-05-13 04:00:00,2.0761
2025-05-13 05:00:00,2.0761
2025-05-13 23:00:00,2.0761
2025-05-14 01:00:00,2.0761
2025-05-14 02:00:00,2.0761
2025-05-14 03:00:00,2.0761
2025-05-14 04:00:00,2.0761
2025-05-14 05:00:00,2.1009999999999995
2025-05-14 06:00:00,2.1009999999999995
2025-05-14 07:00:00,2.1068999999999996
2025-05-14 08:00:00,2.1068999999999996
2025-05-14 09:00:00,2.0862999999999996
2025-05-14 10:00:00,2.0858
2025-05-14 11:00:00,2.0894999999999997
2025-05-14 12:00:00,2.0950999999999995
2025-05-14 13:00:00,2.1058
2025-05-14 14:00:00,2.1146999999999996
2025-05-14 15:00:00,2.1106999999999996
2025-05-14 16:00:00,2.1163
2025-05-14 17:00:00,2.1182
2025-05-14 18:00:00,2.1102
2025-05-14 19:00:00,2.1041
2025-05-14 20:00:00,2.0950999999999995
2025-05-14 21:00:00,2.0950999999999995
2025-05-14 23:00:00,2.1009999999999995
2025-05-15 01:00:00,2.0757999999999996
2025-05-15 02:00:00,2.0757999999999996
2025-05-15 03:00:00,2.0700999999999996
2025-05-15 04:00:00,2.0700999999999996
2025-05-15 05:00:00,2.0648999999999997
2025-05-15 06:00:00,2.0485999999999995
2025-05-15 07:00:00,2.0475999999999996
2025-05-15 08:00:00,2.0420999999999996
2025-05-15 09:00:00,2.045
2025-05-15 10:00:00,2.0534
2025-05-15 11:00:00,2.0526999999999997
2025-05-15 12:00:00,2.0605999999999995
2025-05-15 13:00:00,2.0660999999999996
2025-05-15 14:00:00,2.0618
2025-05-15 15:00:00,2.0704
2025-05-15 16:00:00,2.0746999999999995
2025-05-15 17:00:00,2.0759
2025-05-15 18:00:00,2.0763
2025-05-15 19:00:00,2.0784999999999996
2025-05-15 20:00:00,2.0784999999999996
2025-05-15 21:00:00,2.0784999999999996
2025-05-15 23:00:00,2.0763999999999996
2025-05-16 01:00:00,2.0766999999999998
2025-05-16 02:00:00,2.0766999999999998
2025-05-16 03:00:00,2.0749999999999997
2025-05-16 04:00:00,2.0799999999999996
2025-05-16 05:00:00,2.0719999999999996
2025-05-16 06:00:00,2.0650999999999997
2025-05-16 07:00:00,2.0650999999999997
2025-05-16 08:00:00,2.0692
2025-05-16 09:00:00,2.0669999999999997
2025-05-16 10:00:00,2.0707999999999998
2025-05-16 11:00:00,2.0713999999999997
2025-05-16 12:00:00,2.0849999999999995
2025-05-16 13:00:00,2.0791999999999997
2025-05-16 14:00:00,2.0776999999999997
2025-05-16 15:00:00,2.0856999999999997
2025-05-16 16:00:00,2.0822
2025-05-16 17:00:00,2.0898999999999996
2025-05-16 18:00:00,2.0846999999999998
2025-05-16 19:00:00,2.0763999999999996
2025-05-16 20:00:00,2.0818
2025-05-16 21:00:00,2.0818
2025-05-16 23:00:00,2.0837999999999997
2025-05-18 22:00:00,2.0837999999999997
2025-05-18 23:00:00,2.0837999999999997
2025-05-19 01:00:00,2.0854
2025-05-19 02:00:00,2.0854
2025-05-19 03:00:00,2.0854
2025-05-19 04:00:00,2.0854
2025-05-19 05:00:00,2.0854
2025-05-19 06:00:00,2.0730999999999997
2025-05-19 07:00:00,2.0730999999999997
2025-05-19 08:00:00,2.0668999999999995
2025-05-19 09:00:00,2.0648999999999997
2025-05-19 10:00:00,2.0582
2025-05-19 11:00:00,2.0580999999999996
2025-05-19 12:00:00,2.0692999999999997
2025-05-19 13:00:00,2.0629999999999997
2025-05-19 14:00:00,2.0652
2025-05-19 15:00:00,2.0835
2025-05-19 16:00:00,2.0742999999999996
2025-05-19 17:00:00,2.0665999999999998
2025-05-19 18:00:00,2.0753999999999997
2025-05-19 19:00:00,2.0801999999999996
2025-05-19 20:00:00,2.0801999999999996
2025-05-19 21:00:00,2.0801999999999996
2025-05-19 23:00:00,2.0807999999999995
2025-05-20 01:00:00,2.0807999999999995
2025-05-20 02:00:00,2.0810999999999997
2025-05-20 03:00:00,2.0810999999999997
2025-05-20 04:00:00,2.0770999999999997
2025-05-20 05:00:00,2.0757999999999996
2025-05-20 06:00:00,2.0816999999999997
2025-05-20 07:00:00,2.0707999999999998
2025-05-20 08:00:00,2.0830999999999995
2025-05-20 09:00:00,2.0826999999999996
2025-05-20 10:00:00,2.0843999999999996
2025-05-20 11:00:00,2.0751999999999997
2025-05-20 12:00:00,2.0769999999999995
2025-05-20 13:00:00,2.0755999999999997
2025-05-20 14:00:00,2.0791999999999997
2025-05-20 15:00:00,2.0797999999999996
2025-05-20 16:00:00,2.0976
2025-05-20 17:00:00,2.0999999999999996
2025-05-20 18:00:00,2.0942
2025-05-20 19:00:00,2.0942
2025-05-20 20:00:00,2.1007999999999996
2025-05-20 21:00:00,2.1007999999999996
2025-05-20 23:00:00,2.0940999999999996
2025-05-21 01:00:00,2.1123999999999996
2025-05-21 02:00:00,2.1167
2025-05-21 03:00:00,2.1167
2025-05-21 04:00:00,2.1167
2025-05-21 05:00:00,2.1167
2025-05-21 06:00:00,2.1167
2025-05-21 07:00:00,2.1108
2025-05-21 08:00:00,2.1157
2025-05-21 09:00:00,2.1161999999999996
2025-05-21 10:00:00,2.1102
2025-05-21 11:00:00,2.1100999999999996
2025-05-21 12:00:00,2.1193999999999997
2025-05-21 23:00:00,2.1193999999999997
2025-05-22 01:00:00,2.1193999999999997
2025-05-22 02:00:00,2.1193999999999997
2025-05-22 03:00:00,2.1193999999999997
2025-05-22 04:00:00,2.1193999999999997
2025-05-22 05:00:00,2.1193999999999997
2025-05-22 06:00:00,2.058
2025-05-22 07:00:00,2.0551999999999997
2025-05-22 08:00:00,2.0625999999999998
2025-05-22 09:00:00,2.0625999999999998
2025-05-22 10:00:00,2.0588999999999995
2025-05-22 11:00:00,2.0585999999999998
2025-05-22 12:00:00,2.0561999999999996
2025-05-22 13:00:00,2.0595999999999997
2025-05-22 14:00:00,2.0665999999999998
2025-05-22 15:00:00,2.0601999999999996
2025-05-22 16:00:00,2.0702
2025-05-22 17:00:00,2.0660999999999996
2025-05-22 18:00:00,2.0728999999999997
2025-05-22 19:00:00,2.0728999999999997
2025-05-22 20:00:00,2.0635
2025-05-22 21:00:00,2.0635
2025-05-22 23:00:00,2.0732
2025-05-23 01:00:00,2.0732
2025-05-23 02:00:00,2.0732
2025-05-23 03:00:00,2.0732
2025-05-23 04:00:00,2.0732
2025-05-23 05:00:00,2.0732
2025-05-23 06:00:00,2.0732
2025-05-23 07:00:00,2.0647999999999995
2025-05-23 08:00:00,2.0646999999999998
2025-05-23 09:00:00,2.0664
2025-05-23 10:00:00,2.0808999999999997
2025-05-23 11:00:00,2.0559999999999996
2025-05-23 12:00:00,2.0483
2025-05-23 13:00:00,2.0599
2025-05-23 14:00:00,2.0633999999999997
2025-05-23 15:00:00,2.0683
2025-05-23 16:00:00,2.061
2025-05-23 17:00:00,2.0585999999999998
2025-05-23 18:00:00,2.0544999999999995
2025-05-23 19:00:00,2.0544999999999995
2025-05-23 20:00:00,2.0542
2025-05-23 21:00:00,2.0542
2025-05-23 23:00:00,2.0511999999999997
2025-05-25 22:00:00,2.0643999999999996
2025-05-25 23:00:00,2.0643999999999996
2025-05-26 01:00:00,2.0572999999999997
2025-05-26 02:00:00,2.0572999999999997
2025-05-26 03:00:00,2.0572999999999997
2025-05-26 04:00:00,2.0572999999999997
2025-05-26 05:00:00,2.0572999999999997
2025-05-26 06:00:00,2.0572999999999997
2025-05-26 07:00:00,2.0572999999999997
2025-05-26 08:00:00,2.0626999999999995
2025-05-26 09:00:00,2.0626999999999995
2025-05-26 10:00:00,2.0626999999999995
2025-05-26 11:00:00,2.0626999999999995
2025-05-26 12:00:00,2.0626999999999995
2025-05-26 13:00:00,2.0626999999999995
2025-05-26 14:00:00,2.0626999999999995
2025-05-26 15:00:00,2.0564999999999998
2025-05-26 16:00:00,2.0564999999999998
2025-05-26 17:00:00,2.0564999999999998
2025-05-26 18:00:00,2.0564999999999998
2025-05-26 19:00:00,2.0564999999999998
2025-05-26 20:00:00,2.0564999999999998
2025-05-26 21:00:00,2.0564999999999998
2025-05-26 23:00:00,2.0606999999999998
2025-05-27 01:00:00,2.0538999999999996
2025-05-27 02:00:00,2.0538999999999996
2025-05-27 03:00:00,2.0538999999999996
2025-05-27 04:00:00,2.0538999999999996
2025-05-27 05:00:00,2.0467999999999997
2025-05-27 06:00:00,2.0561999999999996
2025-05-27 07:00:00,2.0561999999999996
2025-05-27 08:00:00,2.0530999999999997
2025-05-27 09:00:00,2.0530999999999997
2025-05-27 10:00:00,2.0633999999999997
2025-05-27 11:00:00,2.0633999999999997
2025-05-27 12:00:00,2.0477999999999996
2025-05-27 13:00:00,2.0424999999999995
2025-05-27 14:00:00,2.0208
2025-05-27 15:00:00,2.0147
2025-05-27 16:00:00,2.0193999999999996
2025-05-27 17:00:00,2.0113
2025-05-27 18:00:00,2.014
2025-05-27 19:00:00,2.014
2025-05-27 20:00:00,2.014
2025-05-27 21:00:00,2.014
2025-05-27 23:00:00,2.0134999999999996
2025-05-28 01:00:00,2.0134999999999996
2025-05-28 02:00:00,2.0134999999999996
2025-05-28 03:00:00,2.0134999999999996
2025-05-28 04:00:00,2.0134999999999996
2025-05-28 05:00:00,2.0134999999999996
2025-05-28 06:00:00,2.0134999999999996
2025-05-28 07:00:00,2.0267999999999997
2025-05-28 08:00:00,2.0262999999999995
2025-05-28 09:00:00,2.0292
2025-05-28 10:00:00,2.0298
2025-05-28 11:00:00,2.0294
2025-05-28 12:00:00,2.0338
2025-05-28 13:00:00,2.0256
2025-05-28 14:00:00,2.0300999999999996
2025-05-28 15:00:00,2.0311
2025-05-28 16:00:00,2.0321
2025-05-28 17:00:00,2.0368
2025-05-28 18:00:00,2.0304999999999995
2025-05-28 19:00:00,2.0304999999999995
2025-05-28 20:00:00,2.0304999999999995
2025-05-28 21:00:00,2.0304999999999995
2025-05-28 23:00:00,2.0311999999999997
2025-05-29 01:00:00,2.0311999999999997
2025-05-29 02:00:00,2.0311999999999997
2025-05-29 03:00:00,2.0311999999999997
2025-05-29 04:00:00,2.0311999999999997
2025-05-29 05:00:00,2.0311999999999997
2025-05-29 06:00:00,2.0311999999999997
2025-05-29 07:00:00,2.0311999999999997
2025-05-29 08:00:00,2.0311999999999997
2025-05-29 09:00:00,2.0311999999999997
2025-05-29 10:00:00,2.0311999999999997
2025-05-29 11:00:00,2.0311999999999997
2025-05-29 12:00:00,2.0311999999999997
2025-05-29 13:00:00,2.0311999999999997
2025-05-29 14:00:00,1.9798999999999998
2025-05-29 15:00:00,1.9775
2025-05-29 16:00:00,1.9819
2025-05-29 17:00:00,1.9754999999999998
2025-05-29 18:00:00,1.9758
2025-05-29 19:00:00,1.9747999999999997
2025-05-29 20:00:00,1.9693999999999998
2025-05-29 21:00:00,1.9693999999999998
2025-05-29 23:00:00,2.0130999999999997
2025-05-30 01:00:00,1.9573999999999998
2025-05-30 02:00:00,1.9598999999999998
2025-05-30 03:00:00,1.9598
2025-05-30 04:00:00,1.9613999999999998
2025-05-30 05:00:00,1.9630999999999998
2025-05-30 06:00:00,1.9642
2025-05-30 07:00:00,1.9728999999999997
2025-05-30 08:00:00,1.9825
2025-05-30 09:00:00,1.9846999999999997
2025-05-30 10:00:00,1.9865
2025-05-30 11:00:00,1.9773
2025-05-30 12:00:00,1.9548999999999999
2025-05-30 13:00:00,1.9548999999999999
2025-05-30 14:00:00,1.9564
2025-05-30 15:00:00,1.9459
2025-05-30 16:00:00,1.9438999999999997
2025-05-30 17:00:00,1.9548999999999999
2025-05-30 18:00:00,1.9522
2025-05-30 19:00:00,1.9550999999999998
2025-05-30 20:00:00,1.9524
2025-05-30 21:00:00,1.9524
2025-05-30 23:00:00,1.9650999999999996
2025-06-01 22:00:00,1.9650999999999996
2025-06-01 23:00:00,1.9650999999999996
2025-06-02 01:00:00,1.9827
2025-06-02 02:00:00,1.9834
2025-06-02 03:00:00,1.9813999999999998
2025-06-02 04:00:00,1.9846999999999997
2025-06-02 05:00:00,1.9838999999999998
2025-06-02 06:00:00,1.9886
2025-06-02 07:00:00,1.9903999999999997
2025-06-02 08:00:00,1.9973999999999998
2025-06-02 09:00:00,2.0103999999999997
2025-06-02 10:00:00,2.0103999999999997
2025-06-02 23:00:00,1.9754
2025-06-03 01:00:00,2.0069
2025-06-03 02:00:00,2.0069
2025-06-03 03:00:00,2.0069
2025-06-03 04:00:00,2.0069
2025-06-03 05:00:00,2.0069
2025-06-03 06:00:00,2.0069
2025-06-03 07:00:00,2.0031999999999996
2025-06-03 08:00:00,1.9996
2025-06-03 09:00:00,1.9924
2025-06-03 10:00:00,1.9916999999999998
2025-06-03 11:00:00,1.9989
2025-06-03 12:00:00,2.0050999999999997
2025-06-03 13:00:00,1.9981
2025-06-03 14:00:00,2.0124
2025-06-03 15:00:00,2.0168999999999997
2025-06-03 16:00:00,2.0206999999999997
2025-06-03 17:00:00,2.0196
2025-06-03 18:00:00,2.0168999999999997
2025-06-03 19:00:00,2.018
2025-06-03 20:00:00,2.0099
2025-06-03 21:00:00,2.0099
2025-06-03 23:00:00,2.0177
2025-06-04 01:00:00,2.0103
2025-06-04 02:00:00,2.0103
2025-06-04 03:00:00,2.0103
2025-06-04 04:00:00,2.0054
2025-06-04 05:00:00,2.0054
2025-06-04 06:00:00,2.0044
2025-06-04 07:00:00,2.0075
2025-06-04 08:00:00,2.0073
2025-06-04 09:00:00,2.0153
2025-06-04 10:00:00,2.0095
2025-06-04 11:00:00,2.0092
2025-06-04 12:00:00,1.9979999999999998
2025-06-04 13:00:00,1.9954
2025-06-04 23:00:00,2.0103
2025-06-05 01:00:00,1.9684
2025-06-05 02:00:00,1.9699999999999998
2025-06-05 03:00:00,1.9708999999999999
2025-06-05 04:00:00,1.9708999999999999
2025-06-05 05:00:00,1.9714
2025-06-05 06:00:00,1.9728999999999997
2025-06-05 07:00:00,1.9882999999999997
2025-06-05 08:00:00,1.9844999999999997
2025-06-05 09:00:00,1.9893999999999998
2025-06-05 10:00:00,1.9886
2025-06-05 11:00:00,1.9863
2025-06-05 12:00:00,1.9994
2025-06-05 13:00:00,2.005
2025-06-05 14:00:00,2.0037
2025-06-05 15:00:00,1.9998999999999998
2025-06-05 16:00:00,1.9941999999999998
2025-06-05 17:00:00,1.9991999999999996
2025-06-05 18:00:00,2.0012
2025-06-05 19:00:00,1.9994
2025-06-05 20:00:00,1.9989
2025-06-05 21:00:00,1.9989
2025-06-05 23:00:00,1.9994
2025-06-06 01:00:00,2.0012
2025-06-06 02:00:00,2.0012
2025-06-06 03:00:00,2.0012
2025-06-06 04:00:00,2.0012
2025-06-06 05:00:00,2.0012
2025-06-06 06:00:00,2.0015
2025-06-06 07:00:00,1.9939999999999998
2025-06-06 08:00:00,1.9964999999999997
2025-06-06 09:00:00,1.9932999999999996
2025-06-06 10:00:00,2.0
2025-06-06 11:00:00,1.9983999999999997
2025-06-06 12:00:00,2.0023
2025-06-06 13:00:00,2.0164
2025-06-06 14:00:00,2.0120999999999998
2025-06-06 15:00:00,2.0174999999999996
2025-06-06 16:00:00,2.0199
2025-06-06 17:00:00,2.0147999999999997
2025-06-06 18:00:00,2.0189
2025-06-06 19:00:00,2.0179
2025-06-06 20:00:00,2.0179
2025-06-06 21:00:00,2.0179
2025-06-06 23:00:00,2.0157
2025-06-08 22:00:00,2.0157
2025-06-08 23:00:00,2.0157
2025-06-09 01:00:00,2.0157
2025-06-09 02:00:00,2.0157
2025-06-09 03:00:00,2.0157
2025-06-09 04:00:00,2.0157
2025-06-09 05:00:00,2.0145999999999997
2025-06-09 06:00:00,2.0113999999999996
2025-06-09 07:00:00,2.0128
2025-06-09 08:00:00,2.0208999999999997
2025-06-09 09:00:00,2.0208999999999997
2025-06-09 10:00:00,2.0221
2025-06-09 11:00:00,2.0250999999999997
2025-06-09 12:00:00,2.0303
2025-06-09 13:00:00,2.0168999999999997
2025-06-09 14:00:00,2.0309
2025-06-09 15:00:00,2.0254
2025-06-09 16:00:00,2.0204
2025-06-09 17:00:00,2.0254999999999996
2025-06-09 18:00:00,2.0368999999999997
2025-06-09 19:00:00,2.0336
2025-06-09 20:00:00,2.0338
2025-06-09 21:00:00,2.0338
2025-06-09 23:00:00,2.0208999999999997
2025-06-10 01:00:00,2.0410999999999997
2025-06-10 02:00:00,2.0410999999999997
2025-06-10 03:00:00,2.0410999999999997
2025-06-10 04:00:00,2.0410999999999997
2025-06-10 05:00:00,2.0383
2025-06-10 06:00:00,2.0398
2025-06-10 07:00:00,2.0345
2025-06-10 08:00:00,2.0362999999999998
2025-06-10 09:00:00,2.0362999999999998
2025-06-10 10:00:00,2.0362999999999998
2025-06-10 11:00:00,2.0414999999999996
2025-06-10 12:00:00,2.0443
2025-06-10 13:00:00,2.0448999999999997
2025-06-10 14:00:00,2.0435
2025-06-10 15:00:00,2.0387
2025-06-10 16:00:00,2.0357
2025-06-10 17:00:00,2.0326999999999997
2025-06-10 18:00:00,2.0212999999999997
2025-06-10 19:00:00,2.0214999999999996
2025-06-10 20:00:00,2.0259
2025-06-10 21:00:00,2.0259
2025-06-10 23:00:00,2.0383
2025-06-11 01:00:00,2.0236
2025-06-11 02:00:00,2.0236
2025-06-11 03:00:00,2.0236
2025-06-11 04:00:00,2.0236
2025-06-11 05:00:00,2.0236
2025-06-11 06:00:00,2.0262
2025-06-11 07:00:00,2.0282999999999998
2025-06-11 08:00:00,2.0269999999999997
2025-06-11 09:00:00,2.0281
2025-06-11 10:00:00,2.0439
2025-06-11 11:00:00,2.0484
2025-06-11 12:00:00,2.0433
2025-06-11 13:00:00,2.0581
2025-06-11 14:00:00,2.0654999999999997
2025-06-11 15:00:00,2.077
2025-06-11 16:00:00,2.0755
2025-06-11 17:00:00,2.0915
2025-06-11 18:00:00,2.1018
2025-06-11 19:00:00,2.0928999999999998
2025-06-11 20:00:00,2.1056
2025-06-11 21:00:00,2.1056
2025-06-11 23:00:00,2.1056999999999997
2025-06-12 01:00:00,2.1060999999999996
2025-06-12 02:00:00,2.1060999999999996
2025-06-12 03:00:00,2.1060999999999996
2025-06-12 04:00:00,2.1060999999999996
2025-06-12 05:00:00,2.1060999999999996
2025-06-12 06:00:00,2.0945
2025-06-12 07:00:00,2.082
2025-06-12 08:00:00,2.0823
2025-06-12 09:00:00,2.0768999999999997
2025-06-12 10:00:00,2.0768
2025-06-12 11:00:00,2.0627
2025-06-12 12:00:00,2.0745999999999998
2025-06-12 13:00:00,2.0772
2025-06-12 14:00:00,2.0804
2025-06-12 15:00:00,2.0951
2025-06-12 16:00:00,2.0861
2025-06-12 17:00:00,2.0881
2025-06-12 18:00:00,2.0831999999999997
2025-06-12 19:00:00,2.0846999999999998
2025-06-12 20:00:00,2.098
2025-06-12 21:00:00,2.098
2025-06-12 23:00:00,2.1060999999999996
2025-06-13 01:00:00,2.1845999999999997
2025-06-13 02:00:00,2.2228
2025-06-13 03:00:00,2.1978
2025-06-13 04:00:00,2.1936999999999998
2025-06-13 05:00:00,2.191
2025-06-13 06:00:00,2.1672
2025-06-13 07:00:00,2.1629
2025-06-13 08:00:00,2.1814999999999998
2025-06-13 09:00:00,2.1794
2025-06-13 10:00:00,2.1704
2025-06-13 11:00:00,2.1669
2025-06-13 12:00:00,2.1818999999999997
2025-06-13 13:00:00,2.1771
2025-06-13 14:00:00,2.1521
2025-06-13 15:00:00,2.1593999999999998
2025-06-13 16:00:00,2.1589
2025-06-13 17:00:00,2.1717
2025-06-13 18:00:00,2.1856999999999998
2025-06-13 19:00:00,2.1597
2025-06-13 20:00:00,2.1734999999999998
2025-06-13 21:00:00,2.1734999999999998
2025-06-13 23:00:00,2.1921
2025-06-15 23:00:00,2.1921
2025-06-16 01:00:00,2.1767
2025-06-16 02:00:00,2.1767
2025-06-16 03:00:00,2.1767
2025-06-16 04:00:00,2.1767
2025-06-16 05:00:00,2.1767
2025-06-16 06:00:00,2.1906999999999996
2025-06-16 07:00:00,2.1746999999999996
2025-06-16 08:00:00,2.1748
2025-06-16 09:00:00,2.1723999999999997
2025-06-16 10:00:00,2.1723999999999997
2025-06-16 11:00:00,2.1586
2025-06-16 12:00:00,2.1464
2025-06-16 13:00:00,2.1311999999999998
2025-06-16 14:00:00,2.1372999999999998
2025-06-16 15:00:00,2.1494999999999997
2025-06-16 16:00:00,2.1534
2025-06-16 17:00:00,2.1534
2025-06-16 18:00:00,2.1578
2025-06-16 19:00:00,2.1578
2025-06-16 23:00:00,2.1906999999999996
2025-06-17 01:00:00,2.1696999999999997
2025-06-17 02:00:00,2.1688
2025-06-17 03:00:00,2.1603
2025-06-17 04:00:00,2.1603
2025-06-17 05:00:00,2.1603
2025-06-17 06:00:00,2.1515999999999997
2025-06-17 07:00:00,2.1801
2025-06-17 08:00:00,2.1833
2025-06-17 09:00:00,2.1828
2025-06-17 10:00:00,2.1828
2025-06-17 11:00:00,2.2007
2025-06-17 12:00:00,2.1942
2025-06-17 13:00:00,2.1976999999999998
2025-06-17 14:00:00,2.1995999999999998
2025-06-17 15:00:00,2.1828
2025-06-17 16:00:00,2.1921999999999997
2025-06-17 17:00:00,2.1944999999999997
2025-06-17 18:00:00,2.2127999999999997
2025-06-17 19:00:00,2.2112
2025-06-17 20:00:00,2.2123999999999997
2025-06-17 21:00:00,2.2123999999999997
2025-06-17 23:00:00,2.1696999999999997
2025-06-18 01:00:00,2.2114
2025-06-18 02:00:00,2.2114
2025-06-18 03:00:00,2.2114
2025-06-18 04:00:00,2.2114
2025-06-18 05:00:00,2.2114
2025-06-18 06:00:00,2.2114
2025-06-18 07:00:00,2.2114
2025-06-18 08:00:00,2.1991
2025-06-18 09:00:00,2.2003999999999997
2025-06-18 10:00:00,2.2003999999999997
2025-06-18 11:00:00,2.2209
2025-06-18 12:00:00,2.2209
2025-06-18 13:00:00,2.2479
2025-06-18 14:00:00,2.2058999999999997
2025-06-18 15:00:00,2.2089
2025-06-18 16:00:00,2.2274
2025-06-18 17:00:00,2.2321
2025-06-18 18:00:00,2.2508
2025-06-18 19:00:00,2.2388999999999997
2025-06-18 20:00:00,2.2388999999999997
2025-06-18 21:00:00,2.2388999999999997
2025-06-18 23:00:00,2.2114
2025-06-19 01:00:00,2.2273
2025-06-19 02:00:00,2.2273
2025-06-19 03:00:00,2.2273
2025-06-19 04:00:00,2.2273
2025-06-19 05:00:00,2.2273
2025-06-19 06:00:00,2.2273
2025-06-19 07:00:00,2.2273
2025-06-19 08:00:00,2.2552999999999996
2025-06-19 09:00:00,2.2552999999999996
2025-06-19 10:00:00,2.2552999999999996
2025-06-19 11:00:00,2.2552999999999996
2025-06-19 12:00:00,2.2552999999999996
2025-06-19 13:00:00,2.2861
2025-06-19 14:00:00,2.2861
2025-06-19 15:00:00,2.292
2025-06-19 16:00:00,2.292
2025-06-19 17:00:00,2.2952999999999997
2025-06-19 23:00:00,2.3057
2025-06-20 01:00:00,2.3057
2025-06-20 02:00:00,2.3057
2025-06-20 03:00:00,2.3057
2025-06-20 04:00:00,2.2666
2025-06-20 05:00:00,2.2666
2025-06-20 06:00:00,2.2533999999999996
2025-06-20 07:00:00,2.2533999999999996
2025-06-20 08:00:00,2.2718
2025-06-20 09:00:00,2.2718
2025-06-20 10:00:00,2.2718
2025-06-20 11:00:00,2.246
2025-06-20 12:00:00,2.2546999999999997
2025-06-20 13:00:00,2.2546999999999997
2025-06-20 14:00:00,2.2579
2025-06-20 15:00:00,2.2544
2025-06-20 16:00:00,2.2544
2025-06-20 17:00:00,2.2653
2025-06-20 18:00:00,2.2651999999999997
2025-06-20 19:00:00,2.2651999999999997
2025-06-20 20:00:00,2.2744999999999997
2025-06-20 21:00:00,2.2744999999999997
2025-06-20 23:00:00,2.2683999999999997
2025-06-22 22:00:00,2.3438999999999997
2025-06-22 23:00:00,2.3438999999999997
2025-06-23 01:00:00,2.3047
2025-06-23 02:00:00,2.3047
2025-06-23 03:00:00,2.3047
2025-06-23 04:00:00,2.3047
2025-06-23 05:00:00,2.3047
2025-06-23 06:00:00,2.3047
2025-06-23 07:00:00,2.3047
2025-06-23 08:00:00,2.2699
2025-06-23 09:00:00,2.2699
2025-06-23 10:00:00,2.2699
2025-06-23 23:00:00,2.3438999999999997
2025-06-24 01:00:00,2.3438999999999997
2025-06-24 02:00:00,2.3438999999999997
2025-06-24 03:00:00,2.3438999999999997
2025-06-24 04:00:00,2.3438999999999997
2025-06-24 05:00:00,2.3438999999999997
2025-06-24 06:00:00,2.3438999999999997
2025-06-24 07:00:00,2.3438999999999997
2025-06-24 08:00:00,2.0924
2025-06-24 09:00:00,2.0989999999999998
2025-06-24 10:00:00,2.0989999999999998
2025-06-24 11:00:00,2.0852
2025-06-24 12:00:00,2.0852
2025-06-24 13:00:00,2.0677
2025-06-24 14:00:00,2.0608
2025-06-24 15:00:00,2.0479
2025-06-24 16:00:00,2.0414
2025-06-24 17:00:00,2.0414
2025-06-24 18:00:00,2.0229999999999997
2025-06-24 19:00:00,2.0229999999999997
2025-06-24 20:00:00,2.0229999999999997
2025-06-24 21:00:00,2.0229999999999997
2025-06-24 23:00:00,2.0246
2025-06-25 01:00:00,2.0246
2025-06-25 02:00:00,2.0526
2025-06-25 03:00:00,2.0551999999999997
2025-06-25 04:00:00,2.0536999999999996
2025-06-25 05:00:00,2.0562
2025-06-25 06:00:00,2.0581
2025-06-25 07:00:00,2.0581
2025-06-25 08:00:00,2.0581
2025-06-25 09:00:00,2.0581
2025-06-25 10:00:00,2.0581
2025-06-25 11:00:00,2.0581
2025-06-25 12:00:00,2.0236
2025-06-25 13:00:00,2.0236
2025-06-25 14:00:00,2.03
2025-06-25 15:00:00,2.0315999999999996
2025-06-25 16:00:00,2.0307999999999997
2025-06-25 17:00:00,2.0362
2025-06-25 18:00:00,2.021
2025-06-25 19:00:00,2.0290999999999997
2025-06-25 20:00:00,2.0290999999999997
2025-06-25 21:00:00,2.0290999999999997
2025-06-25 23:00:00,2.0212999999999997
2025-06-26 01:00:00,2.0212999999999997
2025-06-26 02:00:00,2.0212999999999997
2025-06-26 03:00:00,2.0212999999999997
2025-06-26 04:00:00,2.0212999999999997
2025-06-26 05:00:00,2.0212999999999997
2025-06-26 06:00:00,2.0212999999999997
2025-06-26 07:00:00,2.0278
2025-06-26 08:00:00,2.0278
2025-06-26 09:00:00,2.0278
2025-06-26 10:00:00,2.0448999999999997
2025-06-26 11:00:00,2.0448999999999997
2025-06-26 12:00:00,2.0448999999999997
2025-06-26 13:00:00,2.0448999999999997
2025-06-26 14:00:00,2.0444
2025-06-26 15:00:00,2.0444
2025-06-26 16:00:00,2.0549999999999997
2025-06-26 17:00:00,2.0454
2025-06-26 18:00:00,2.0372
2025-06-26 19:00:00,2.0372
2025-06-26 20:00:00,2.0372
2025-06-26 21:00:00,2.0372
2025-06-26 23:00:00,2.0379
2025-06-27 01:00:00,2.0379
2025-06-27 02:00:00,2.0379
2025-06-27 03:00:00,2.0379
2025-06-27 04:00:00,2.0379
2025-06-27 05:00:00,2.0379
2025-06-27 06:00:00,2.0379
2025-06-27 07:00:00,2.0379
2025-06-27 08:00:00,2.0379
2025-06-27 09:00:00,2.0379
2025-06-27 10:00:00,2.0379
2025-06-27 11:00:00,2.0379
2025-06-27 12:00:00,2.0379
2025-06-27 13:00:00,2.0379
2025-06-27 14:00:00,2.0379
2025-06-27 15:00:00,2.0379
2025-06-27 16:00:00,2.0379
2025-06-27 17:00:00,2.0379
2025-06-27 18:00:00,2.0358
2025-06-27 19:00:00,2.0358
2025-06-27 20:00:00,2.0358
2025-06-27 21:00:00,2.0358
2025-06-27 23:00:00,2.0286999999999997
2025-06-29 22:00:00,2.054
2025-06-29 23:00:00,2.054
2025-06-30 01:00:00,2.0145
2025-06-30 02:00:00,2.0302
2025-06-30 03:00:00,2.0302
2025-06-30 04:00:00,2.0302
2025-06-30 05:00:00,2.0305
2025-06-30 06:00:00,2.0297
2025-06-30 07:00:00,2.0249
2025-06-30 08:00:00,2.0336
2025-06-30 09:00:00,2.0286
2025-06-30 10:00:00,2.0332
2025-06-30 11:00:00,2.0353
2025-06-30 12:00:00,2.0431
2025-06-30 13:00:00,2.0433
2025-06-30 14:00:00,2.0331
2025-06-30 15:00:00,2.027
2025-06-30 16:00:00,2.0296
2025-06-30 17:00:00,2.0292
2025-06-30 18:00:00,2.036
2025-06-30 19:00:00,2.0342
2025-06-30 20:00:00,2.0324999999999998
2025-06-30 21:00:00,2.0324999999999998
2025-06-30 23:00:00,2.0145
2025-07-01 01:00:00,2.0298
2025-07-01 02:00:00,2.0298
2025-07-01 03:00:00,2.0298
2025-07-01 04:00:00,2.0275
2025-07-01 05:00:00,2.0269
2025-07-01 23:00:00,2.0269
2025-07-02 01:00:00,2.0564999999999998
2025-07-02 02:00:00,2.0564999999999998
2025-07-02 03:00:00,2.0582
2025-07-02 04:00:00,2.0582
2025-07-02 05:00:00,2.0582
2025-07-02 06:00:00,2.0576
2025-07-02 07:00:00,2.0672
2025-07-02 08:00:00,2.0686999999999998
2025-07-02 09:00:00,2.0716
2025-07-02 10:00:00,2.0779
2025-07-02 11:00:00,2.0813
2025-07-02 12:00:00,2.0737
2025-07-02 13:00:00,2.0636
2025-07-02 14:00:00,2.0511
2025-07-02 15:00:00,2.0739
2025-07-02 16:00:00,2.0752
2025-07-02 17:00:00,2.0876
2025-07-02 18:00:00,2.0836
2025-07-02 19:00:00,2.0836
2025-07-02 20:00:00,2.0876
2025-07-02 21:00:00,2.0876
2025-07-02 23:00:00,2.0574
2025-07-03 01:00:00,2.0757
2025-07-03 02:00:00,2.0757
2025-07-03 03:00:00,2.0747
2025-07-03 04:00:00,2.0747
2025-07-03 05:00:00,2.0739
2025-07-03 06:00:00,2.0747999999999998
2025-07-03 07:00:00,2.0775
2025-07-03 08:00:00,2.0775
2025-07-03 09:00:00,2.0752
2025-07-03 10:00:00,2.0838
2025-07-03 11:00:00,2.0878
2025-07-03 12:00:00,2.0805
2025-07-03 13:00:00,2.0778
2025-07-03 14:00:00,2.0736
2025-07-03 15:00:00,2.0825
2025-07-03 16:00:00,2.0826
2025-07-03 17:00:00,2.0852
2025-07-03 18:00:00,2.0799
2025-07-03 19:00:00,2.0799
2025-07-03 20:00:00,2.0799
2025-07-03 21:00:00,2.0799
2025-07-03 23:00:00,2.0752
2025-07-04 01:00:00,2.0752
2025-07-04 02:00:00,2.0752
2025-07-04 03:00:00,2.0752
2025-07-04 04:00:00,2.0752
2025-07-04 05:00:00,2.0752
2025-07-04 06:00:00,2.0737
2025-07-04 07:00:00,2.0869999999999997
2025-07-04 08:00:00,2.0772
2025-07-04 09:00:00,2.0724
2025-07-04 10:00:00,2.0724
2025-07-04 11:00:00,2.0802
2025-07-04 12:00:00,2.0876
2025-07-04 13:00:00,2.0803
2025-07-04 14:00:00,2.0844
2025-07-04 15:00:00,2.0854
2025-07-04 16:00:00,2.0806
2025-07-04 17:00:00,2.0829999999999997
2025-07-04 23:00:00,2.0812
2025-07-06 22:00:00,2.0812
2025-07-06 23:00:00,2.0812
2025-07-07 01:00:00,2.065
2025-07-07 02:00:00,2.065
2025-07-07 03:00:00,2.0717
2025-07-07 04:00:00,2.0717
2025-07-07 05:00:00,2.0782
2025-07-07 06:00:00,2.0792
2025-07-07 07:00:00,2.0853
2025-07-07 08:00:00,2.0935
2025-07-07 09:00:00,2.0933
2025-07-07 10:00:00,2.0986
2025-07-07 11:00:00,2.098
2025-07-07 12:00:00,2.0951
2025-07-07 13:00:00,2.0975
2025-07-07 14:00:00,2.0991999999999997
2025-07-07 15:00:00,2.1076
2025-07-07 16:00:00,2.1148
2025-07-07 17:00:00,2.1104
2025-07-07 18:00:00,2.1207
2025-07-07 19:00:00,2.1197
2025-07-07 20:00:00,2.1199
2025-07-07 21:00:00,2.1199
2025-07-07 23:00:00,2.0619
2025-07-08 01:00:00,2.1099
2025-07-08 02:00:00,2.1144
2025-07-08 03:00:00,2.1151999999999997
2025-07-08 04:00:00,2.1151999999999997
2025-07-08 05:00:00,2.1132999999999997
2025-07-08 06:00:00,2.1182
2025-07-08 07:00:00,2.1193999999999997
2025-07-08 08:00:00,2.1113
2025-07-08 09:00:00,2.1132
2025-07-08 10:00:00,2.125
2025-07-08 11:00:00,2.1302
2025-07-08 12:00:00,2.1346
2025-07-08 13:00:00,2.1348
2025-07-08 14:00:00,2.1477
2025-07-08 15:00:00,2.1532
2025-07-08 16:00:00,2.1574
2025-07-08 17:00:00,2.1525
2025-07-08 18:00:00,2.1502
2025-07-08 19:00:00,2.153
2025-07-08 20:00:00,2.1503
2025-07-08 21:00:00,2.1503
2025-07-08 23:00:00,2.1574
2025-07-09 01:00:00,2.1492999999999998
2025-07-09 02:00:00,2.1518
2025-07-09 03:00:00,2.1518
2025-07-09 04:00:00,2.1518
2025-07-09 05:00:00,2.1499
2025-07-09 06:00:00,2.1562
2025-07-09 07:00:00,2.1628
2025-07-09 08:00:00,2.1658
2025-07-09 09:00:00,2.1607
2025-07-09 10:00:00,2.1583
2025-07-09 11:00:00,2.1534999999999997
2025-07-09 12:00:00,2.1461
2025-07-09 13:00:00,2.1406
2025-07-09 14:00:00,2.1454
2025-07-09 15:00:00,2.1599
2025-07-09 16:00:00,2.1633
2025-07-09 17:00:00,2.1592
2025-07-09 18:00:00,2.1543
2025-07-09 19:00:00,2.1548
2025-07-09 20:00:00,2.1564
2025-07-09 21:00:00,2.1564
2025-07-09 23:00:00,2.1521
2025-07-10 01:00:00,2.1553
2025-07-10 02:00:00,2.1553
2025-07-10 03:00:00,2.1566
2025-07-10 04:00:00,2.1566
2025-07-10 05:00:00,2.1591
2025-07-10 06:00:00,2.1588
2025-07-10 07:00:00,2.1561
2025-07-10 08:00:00,2.1449
2025-07-10 09:00:00,2.145
2025-07-10 10:00:00,2.1473999999999998
2025-07-10 11:00:00,2.131
2025-07-10 12:00:00,2.1344
2025-07-10 13:00:00,2.1134
2025-07-10 14:00:00,2.1205
2025-07-10 15:00:00,2.1111999999999997
2025-07-10 16:00:00,2.1167
2025-07-10 17:00:00,2.1163
2025-07-10 18:00:00,2.1212
2025-07-10 19:00:00,2.1202
2025-07-10 20:00:00,2.1229
2025-07-10 21:00:00,2.1229
2025-07-10 23:00:00,2.1553
2025-07-11 01:00:00,2.1262
2025-07-11 02:00:00,2.1238
2025-07-11 03:00:00,2.1238
2025-07-11 04:00:00,2.1111999999999997
2025-07-11 05:00:00,2.1156
2025-07-11 06:00:00,2.1208
2025-07-11 07:00:00,2.1126
2025-07-11 08:00:00,2.1081
2025-07-11 09:00:00,2.1048999999999998
2025-07-11 10:00:00,2.1107
2025-07-11 11:00:00,2.1259
2025-07-11 12:00:00,2.1252999999999997
2025-07-11 13:00:00,2.1308
2025-07-11 14:00:00,2.141
2025-07-11 15:00:00,2.1543
2025-07-11 16:00:00,2.151
2025-07-11 17:00:00,2.1526
2025-07-11 18:00:00,2.157
2025-07-11 19:00:00,2.1553
2025-07-11 20:00:00,2.1566
2025-07-11 21:00:00,2.1566
2025-07-11 23:00:00,2.1512
2025-07-13 22:00:00,2.1512
2025-07-13 23:00:00,2.1502
2025-07-14 01:00:00,2.1525
2025-07-14 02:00:00,2.1525
2025-07-14 03:00:00,2.1536999999999997
2025-07-14 04:00:00,2.1555
2025-07-14 05:00:00,2.1555
2025-07-14 23:00:00,2.1502
2025-07-15 01:00:00,2.1247
2025-07-15 02:00:00,2.1247
2025-07-15 03:00:00,2.1188
2025-07-15 04:00:00,2.1196
2025-07-15 05:00:00,2.1243
2025-07-15 06:00:00,2.1149999999999998
2025-07-15 07:00:00,2.1132999999999997
2025-07-15 08:00:00,2.1204
2025-07-15 09:00:00,2.1233
2025-07-15 10:00:00,2.1259
2025-07-15 11:00:00,2.139
2025-07-15 12:00:00,2.1468
2025-07-15 13:00:00,2.1459
2025-07-15 14:00:00,2.1502
2025-07-15 15:00:00,2.1466
2025-07-15 16:00:00,2.13
2025-07-15 17:00:00,2.132
2025-07-15 18:00:00,2.135
2025-07-15 19:00:00,2.1367
2025-07-15 20:00:00,2.1372
2025-07-15 21:00:00,2.1372
2025-07-15 23:00:00,2.1338
2025-07-16 01:00:00,2.1402
2025-07-16 02:00:00,2.1353999999999997
2025-07-16 03:00:00,2.1342
2025-07-16 04:00:00,2.1327
2025-07-16 05:00:00,2.1327
2025-07-16 06:00:00,2.1383
2025-07-16 07:00:00,2.1313999999999997
2025-07-16 08:00:00,2.1248
2025-07-16 09:00:00,2.1238
2025-07-16 10:00:00,2.1222
2025-07-16 11:00:00,2.1151999999999997
2025-07-16 12:00:00,2.1181
2025-07-16 13:00:00,2.1111999999999997
2025-07-16 14:00:00,2.1033
2025-07-16 15:00:00,2.0987
2025-07-16 16:00:00,2.1077
2025-07-16 17:00:00,2.1127
2025-07-16 18:00:00,2.1195
2025-07-16 19:00:00,2.1201
2025-07-16 20:00:00,2.1172
2025-07-16 21:00:00,2.1172
2025-07-16 23:00:00,2.1082
2025-07-17 01:00:00,2.1221
2025-07-17 02:00:00,2.1221
2025-07-17 03:00:00,2.1233999999999997
2025-07-17 04:00:00,2.1209
2025-07-17 05:00:00,2.1188
2025-07-17 06:00:00,2.1156
2025-07-17 07:00:00,2.1135
2025-07-17 08:00:00,2.1164
2025-07-17 09:00:00,2.1098
2025-07-17 10:00:00,2.1188
2025-07-17 11:00:00,2.1164
2025-07-17 12:00:00,2.1167
2025-07-17 13:00:00,2.1102
2025-07-17 23:00:00,2.1233999999999997
2025-07-18 01:00:00,2.1233999999999997
2025-07-18 02:00:00,2.1233999999999997
2025-07-18 03:00:00,2.1233999999999997
2025-07-18 04:00:00,2.144
2025-07-18 05:00:00,2.1454
2025-07-18 06:00:00,2.1467
2025-07-18 07:00:00,2.146
2025-07-18 08:00:00,2.1353
2025-07-18 09:00:00,2.1498
2025-07-18 10:00:00,2.1498
2025-07-18 11:00:00,2.1411
2025-07-18 12:00:00,2.1471999999999998
2025-07-18 13:00:00,2.1414
2025-07-18 14:00:00,2.1409
2025-07-18 15:00:00,2.1219
2025-07-18 16:00:00,2.122
2025-07-18 17:00:00,2.1168
2025-07-18 18:00:00,2.1181
2025-07-18 19:00:00,2.114
2025-07-18 20:00:00,2.1124
2025-07-18 21:00:00,2.1124
2025-07-18 23:00:00,2.1176
2025-07-21 01:00:00,2.1111999999999997
2025-07-21 02:00:00,2.1111999999999997
2025-07-21 03:00:00,2.109
2025-07-21 04:00:00,2.109
2025-07-21 05:00:00,2.109
2025-07-21 06:00:00,2.109
2025-07-21 07:00:00,2.1056
2025-07-21 08:00:00,2.0999
2025-07-21 09:00:00,2.0999
2025-07-21 10:00:00,2.1044
2025-07-21 11:00:00,2.1071999999999997
2025-07-21 12:00:00,2.11
2025-07-21 13:00:00,2.088
2025-07-21 14:00:00,2.0944
2025-07-21 15:00:00,2.0941
2025-07-21 16:00:00,2.0917
2025-07-21 17:00:00,2.097
2025-07-21 18:00:00,2.0921
2025-07-21 19:00:00,2.0866
2025-07-21 20:00:00,2.0866
2025-07-21 21:00:00,2.0866
2025-07-21 23:00:00,2.0961
2025-07-22 01:00:00,2.0793
2025-07-22 02:00:00,2.0791
2025-07-22 03:00:00,2.0761
2025-07-22 04:00:00,2.0736
2025-07-22 05:00:00,2.0789
2025-07-22 06:00:00,2.088
2025-07-22 07:00:00,2.0775
2025-07-22 08:00:00,2.0792
2025-07-22 09:00:00,2.0775
2025-07-22 10:00:00,2.077
2025-07-22 23:00:00,2.077
