DATETIME,price
2000-08-31 23:00:00,82.68000000000005
2000-09-01 23:00:00,81.99000000000005
2000-09-05 23:00:00,81.98000000000005
2000-09-06 23:00:00,81.80000000000005
2000-09-07 23:00:00,81.38000000000005
2000-09-08 23:00:00,82.07000000000005
2000-09-11 23:00:00,81.95000000000005
2000-09-12 23:00:00,82.35000000000005
2000-09-13 23:00:00,81.95000000000005
2000-09-14 23:00:00,82.36000000000004
2000-09-15 23:00:00,82.67000000000004
2000-09-18 23:00:00,82.24000000000005
2000-09-19 23:00:00,82.43000000000005
2000-09-20 23:00:00,82.23000000000005
2000-09-21 23:00:00,82.16000000000005
2000-09-22 23:00:00,83.00000000000004
2000-09-25 23:00:00,82.91000000000005
2000-09-26 23:00:00,82.80000000000005
2000-09-27 23:00:00,82.18000000000005
2000-09-28 23:00:00,82.18000000000005
2000-09-29 23:00:00,82.38000000000005
2000-10-02 23:00:00,82.71000000000005
2000-10-03 23:00:00,82.85000000000005
2000-10-04 23:00:00,83.62000000000005
2000-10-05 23:00:00,83.50000000000004
2000-10-06 23:00:00,83.01000000000005
2000-10-09 23:00:00,83.20000000000005
2000-10-10 23:00:00,82.41000000000005
2000-10-11 23:00:00,82.18000000000005
2000-10-12 23:00:00,81.80000000000005
2000-10-13 23:00:00,82.17000000000004
2000-10-16 23:00:00,81.82000000000005
2000-10-17 23:00:00,81.74000000000005
2000-10-18 23:00:00,81.80000000000005
2000-10-19 23:00:00,82.34000000000005
2000-10-20 23:00:00,82.71000000000005
2000-10-23 23:00:00,82.49000000000005
2000-10-24 23:00:00,82.18000000000005
2000-10-25 23:00:00,82.05000000000005
2000-10-26 23:00:00,81.88000000000005
2000-10-27 23:00:00,81.88000000000005
2000-10-30 23:00:00,82.03000000000004
2000-10-31 23:00:00,82.46000000000005
2000-11-01 23:00:00,81.57000000000005
2000-11-02 23:00:00,81.54000000000005
2000-11-06 23:00:00,81.13000000000005
2000-11-07 23:00:00,80.80000000000005
2000-11-08 23:00:00,80.54000000000005
2000-11-09 23:00:00,80.27000000000005
2000-11-10 23:00:00,80.78000000000004
2000-11-13 23:00:00,80.74000000000005
2000-11-14 23:00:00,80.98000000000005
2000-11-15 23:00:00,81.12000000000005
2000-11-16 23:00:00,81.14000000000004
2000-11-17 23:00:00,80.92000000000004
2000-11-20 23:00:00,81.53000000000004
2000-11-21 23:00:00,81.79000000000005
2000-11-22 23:00:00,82.31000000000004
2000-11-24 23:00:00,83.53000000000004
2000-11-27 23:00:00,83.08000000000004
2000-11-28 23:00:00,82.82000000000005
2000-11-29 23:00:00,83.29000000000005
2000-11-30 23:00:00,83.14000000000006
2000-12-01 23:00:00,83.17000000000004
2000-12-04 23:00:00,83.24000000000005
2000-12-05 23:00:00,83.35000000000005
2000-12-06 23:00:00,83.55000000000005
2000-12-07 23:00:00,83.74000000000005
2000-12-08 23:00:00,83.74000000000005
2000-12-11 23:00:00,83.98000000000005
2000-12-12 23:00:00,84.28000000000006
2000-12-13 23:00:00,85.31000000000004
2000-12-14 23:00:00,85.42000000000004
2000-12-15 23:00:00,85.38000000000005
2000-12-18 23:00:00,84.86000000000006
2000-12-19 23:00:00,85.39000000000006
2000-12-20 23:00:00,85.58000000000006
2000-12-21 23:00:00,85.20000000000005
2000-12-22 23:00:00,85.82000000000005
2000-12-26 23:00:00,86.73000000000005
2000-12-27 23:00:00,87.15000000000005
2000-12-28 23:00:00,87.67000000000004
2000-12-29 23:00:00,87.95000000000005
2001-01-02 23:00:00,88.26000000000005
2001-01-03 23:00:00,87.38000000000005
2001-01-04 23:00:00,88.75000000000006
2001-01-05 23:00:00,89.37000000000005
2001-01-08 23:00:00,89.04000000000005
2001-01-09 23:00:00,88.06000000000004
2001-01-10 23:00:00,89.13000000000005
2001-01-11 23:00:00,90.35000000000005
2001-01-12 23:00:00,90.59000000000005
2001-01-16 23:00:00,89.67000000000004
2001-01-17 23:00:00,90.30000000000005
2001-01-18 23:00:00,89.70000000000005
2001-01-19 23:00:00,89.15000000000005
2001-01-22 23:00:00,89.24000000000005
2001-01-23 23:00:00,89.25000000000006
2001-01-24 23:00:00,89.71000000000005
2001-01-25 23:00:00,89.15000000000005
2001-01-26 23:00:00,89.67000000000004
2001-01-29 23:00:00,89.52000000000005
2001-01-30 23:00:00,88.85000000000005
2001-01-31 23:00:00,89.57000000000005
2001-02-01 23:00:00,89.25000000000006
2001-02-02 23:00:00,89.38000000000005
2001-02-05 23:00:00,88.12000000000005
2001-02-06 23:00:00,87.85000000000005
2001-02-07 23:00:00,88.80000000000005
2001-02-08 23:00:00,89.10000000000005
2001-02-09 23:00:00,89.78000000000006
2001-02-12 23:00:00,89.20000000000005
2001-02-13 23:00:00,88.56000000000004
2001-02-14 23:00:00,88.16000000000005
2001-02-15 23:00:00,87.62000000000005
2001-02-16 23:00:00,86.97000000000006
2001-02-20 23:00:00,87.14000000000006
2001-02-21 23:00:00,87.95000000000005
2001-02-22 23:00:00,87.75000000000006
2001-02-23 23:00:00,87.40000000000005
2001-02-26 23:00:00,88.34000000000005
2001-02-27 23:00:00,88.17000000000004
2001-02-28 23:00:00,88.59000000000005
2001-03-01 23:00:00,87.94000000000004
2001-03-02 23:00:00,89.06000000000004
2001-03-05 23:00:00,89.11000000000004
2001-03-06 23:00:00,89.43000000000005
2001-03-07 23:00:00,89.57000000000005
2001-03-08 23:00:00,89.66000000000004
2001-03-09 23:00:00,89.67000000000004
2001-03-12 23:00:00,89.91000000000004
2001-03-13 23:00:00,89.85000000000005
2001-03-14 23:00:00,90.10000000000005
2001-03-15 23:00:00,90.68000000000005
2001-03-16 23:00:00,90.75000000000004
2001-03-19 23:00:00,90.76000000000005
2001-03-20 23:00:00,90.49000000000005
2001-03-21 23:00:00,90.65000000000005
2001-03-22 23:00:00,90.87000000000005
2001-03-23 23:00:00,90.84000000000005
2001-03-26 23:00:00,91.22000000000004
2001-03-27 23:00:00,90.24000000000005
2001-03-28 23:00:00,90.66000000000004
2001-03-29 23:00:00,90.95000000000005
2001-03-30 23:00:00,92.39000000000004
2001-04-02 23:00:00,92.60000000000005
2001-04-03 23:00:00,92.01000000000005
2001-04-04 23:00:00,92.28000000000004
2001-04-05 23:00:00,91.27000000000004
2001-04-06 23:00:00,91.74000000000005
2001-04-09 23:00:00,92.39000000000004
2001-04-10 23:00:00,92.51000000000005
2001-04-11 23:00:00,92.40000000000005
2001-04-12 23:00:00,91.88000000000005
2001-04-16 23:00:00,92.22000000000004
2001-04-17 23:00:00,91.67000000000004
2001-04-18 23:00:00,90.87000000000005
2001-04-19 23:00:00,91.07000000000005
2001-04-20 23:00:00,91.89000000000004
2001-04-23 23:00:00,90.91000000000004
2001-04-24 23:00:00,91.60000000000005
2001-04-25 23:00:00,91.53000000000004
2001-04-26 23:00:00,92.35000000000005
2001-04-27 23:00:00,93.19000000000004
2001-04-30 23:00:00,93.07000000000005
2001-05-01 23:00:00,92.30000000000004
2001-05-02 23:00:00,92.11000000000004
2001-05-03 23:00:00,91.92000000000004
2001-05-04 23:00:00,91.72000000000004
2001-05-07 23:00:00,91.36000000000004
2001-05-08 23:00:00,91.35000000000005
2001-05-09 23:00:00,92.25000000000004
2001-05-10 23:00:00,92.26000000000005
2001-05-11 23:00:00,91.90000000000005
2001-05-14 23:00:00,92.31000000000004
2001-05-15 23:00:00,92.69000000000004
2001-05-16 23:00:00,93.07000000000005
2001-05-17 23:00:00,92.70000000000005
2001-05-18 23:00:00,93.46000000000005
2001-05-21 23:00:00,92.57000000000005
2001-05-22 23:00:00,92.50000000000004
2001-05-23 23:00:00,90.07000000000005
2001-05-24 23:00:00,90.49000000000005
2001-05-25 23:00:00,90.80000000000004
2001-05-29 23:00:00,91.07000000000005
2001-05-30 23:00:00,90.85000000000005
2001-05-31 23:00:00,90.48000000000006
2001-06-01 23:00:00,90.65000000000006
2001-06-04 23:00:00,90.69000000000005
2001-06-05 23:00:00,91.64000000000006
2001-06-06 23:00:00,91.94000000000005
2001-06-07 23:00:00,91.91000000000005
2001-06-08 23:00:00,92.64000000000006
2001-06-11 23:00:00,93.42000000000006
2001-06-12 23:00:00,92.94000000000005
2001-06-13 23:00:00,93.59000000000006
2001-06-14 23:00:00,92.78000000000006
2001-06-15 23:00:00,93.94000000000005
2001-06-18 23:00:00,93.47000000000006
2001-06-19 23:00:00,93.36000000000006
2001-06-20 23:00:00,93.79000000000006
2001-06-21 23:00:00,94.78000000000006
2001-06-22 23:00:00,94.67000000000006
2001-06-25 23:00:00,94.96000000000005
2001-06-26 23:00:00,94.76000000000006
2001-06-27 23:00:00,95.13000000000005
2001-06-28 23:00:00,95.17000000000006
2001-06-29 23:00:00,95.62000000000006
2001-07-02 23:00:00,95.36000000000006
2001-07-03 23:00:00,95.58000000000006
2001-07-05 23:00:00,96.47000000000006
2001-07-06 23:00:00,96.10000000000005
2001-07-09 23:00:00,95.70000000000006
2001-07-10 23:00:00,95.77000000000005
2001-07-11 23:00:00,94.94000000000005
2001-07-12 23:00:00,94.38000000000005
2001-07-13 23:00:00,94.53000000000006
2001-07-16 23:00:00,94.97000000000006
2001-07-17 23:00:00,94.62000000000006
2001-07-18 23:00:00,93.70000000000006
2001-07-19 23:00:00,93.42000000000006
2001-07-20 23:00:00,93.05000000000005
2001-07-23 23:00:00,94.04000000000006
2001-07-24 23:00:00,93.96000000000005
2001-07-25 23:00:00,93.94000000000005
2001-07-26 23:00:00,94.21000000000005
2001-07-27 23:00:00,94.18000000000006
2001-07-30 23:00:00,95.32000000000005
2001-07-31 23:00:00,95.21000000000005
2001-08-01 23:00:00,94.75000000000006
2001-08-02 23:00:00,94.14000000000006
2001-08-03 23:00:00,94.41000000000005
2001-08-06 23:00:00,94.80000000000005
2001-08-07 23:00:00,94.03000000000006
2001-08-08 23:00:00,94.03000000000006
2001-08-09 23:00:00,92.81000000000006
2001-08-10 23:00:00,92.82000000000005
2001-08-13 23:00:00,93.34000000000006
2001-08-14 23:00:00,92.85000000000005
2001-08-15 23:00:00,92.06000000000006
2001-08-16 23:00:00,91.73000000000006
2001-08-17 23:00:00,91.58000000000006
2001-08-20 23:00:00,91.86000000000006
2001-08-21 23:00:00,91.09000000000006
2001-08-22 23:00:00,91.82000000000005
2001-08-23 23:00:00,91.48000000000006
2001-08-24 23:00:00,91.83000000000006
2001-08-27 23:00:00,91.61000000000006
2001-08-28 23:00:00,91.81000000000006
2001-08-29 23:00:00,91.56000000000006
2001-08-30 23:00:00,91.02000000000005
2001-08-31 23:00:00,90.50000000000006
2001-09-04 23:00:00,90.43000000000005
2001-09-05 23:00:00,91.39000000000006
2001-09-06 23:00:00,91.64000000000006
2001-09-07 23:00:00,90.62000000000005
2001-09-10 23:00:00,91.33000000000006
2001-09-17 23:00:00,89.01000000000005
2001-09-18 23:00:00,88.63000000000005
2001-09-19 23:00:00,88.96000000000005
2001-09-20 23:00:00,87.99000000000005
2001-09-21 23:00:00,88.46000000000005
2001-09-24 23:00:00,89.03000000000004
2001-09-25 23:00:00,89.01000000000005
2001-09-26 23:00:00,89.13000000000005
2001-09-27 23:00:00,89.96000000000005
2001-09-28 23:00:00,89.91000000000005
2001-10-01 23:00:00,90.64000000000006
2001-10-02 23:00:00,91.31000000000004
2001-10-03 23:00:00,91.23000000000005
2001-10-04 23:00:00,91.16000000000005
2001-10-05 23:00:00,91.33000000000006
2001-10-08 23:00:00,90.92000000000004
2001-10-09 23:00:00,91.11000000000006
2001-10-10 23:00:00,91.00000000000006
2001-10-11 23:00:00,91.83000000000006
2001-10-12 23:00:00,91.81000000000004
2001-10-15 23:00:00,91.95000000000005
2001-10-16 23:00:00,91.87000000000005
2001-10-17 23:00:00,91.55000000000005
2001-10-18 23:00:00,91.08000000000006
2001-10-19 23:00:00,91.20000000000005
2001-10-22 23:00:00,91.96000000000005
2001-10-23 23:00:00,92.50000000000006
2001-10-24 23:00:00,92.46000000000005
2001-10-25 23:00:00,92.56000000000004
2001-10-26 23:00:00,92.21000000000005
2001-10-29 23:00:00,91.96000000000005
2001-10-30 23:00:00,91.76000000000005
2001-10-31 23:00:00,91.52000000000005
2001-11-01 23:00:00,90.97000000000006
2001-11-02 23:00:00,91.00000000000006
2001-11-05 23:00:00,90.91000000000005
2001-11-06 23:00:00,90.54000000000005
2001-11-07 23:00:00,90.16000000000005
2001-11-08 23:00:00,89.64000000000006
2001-11-09 23:00:00,89.61000000000006
2001-11-12 23:00:00,89.88000000000005
2001-11-13 23:00:00,90.79000000000005
2001-11-14 23:00:00,90.85000000000005
2001-11-15 23:00:00,91.69000000000005
2001-11-16 23:00:00,91.85000000000005
2001-11-19 23:00:00,92.29000000000005
2001-11-20 23:00:00,91.49000000000005
2001-11-21 23:00:00,91.47000000000006
2001-11-22 23:00:00,92.01000000000005
2001-11-23 23:00:00,92.39000000000006
2001-11-26 23:00:00,92.15000000000005
2001-11-27 23:00:00,92.34000000000005
2001-11-28 23:00:00,92.30000000000005
2001-11-29 23:00:00,92.90000000000005
2001-11-30 23:00:00,93.11000000000004
2001-12-03 23:00:00,93.39000000000004
2001-12-04 23:00:00,93.69000000000005
2001-12-05 23:00:00,93.74000000000005
2001-12-06 23:00:00,94.03000000000004
2001-12-07 23:00:00,94.50000000000004
2001-12-10 23:00:00,94.65000000000005
2001-12-11 23:00:00,94.80000000000005
2001-12-12 23:00:00,95.30000000000005
2001-12-13 23:00:00,95.23000000000005
2001-12-14 23:00:00,96.27000000000005
2001-12-17 23:00:00,96.20000000000005
2001-12-18 23:00:00,95.94000000000005
2001-12-19 23:00:00,96.09000000000005
2001-12-20 23:00:00,96.20000000000005
2001-12-21 23:00:00,96.56000000000004
2001-12-24 23:00:00,96.00000000000004
2001-12-26 23:00:00,96.52000000000005
2001-12-27 23:00:00,97.25000000000004
2001-12-28 23:00:00,97.15000000000005
2001-12-31 23:00:00,97.43000000000005
2002-01-02 23:00:00,97.49000000000005
2002-01-03 23:00:00,97.30000000000005
2002-01-04 23:00:00,96.83000000000006
2002-01-07 23:00:00,96.82000000000005
2002-01-08 23:00:00,98.06000000000004
2002-01-09 23:00:00,97.90000000000005
2002-01-10 23:00:00,97.75000000000004
2002-01-11 23:00:00,97.50000000000004
2002-01-14 23:00:00,97.55000000000005
2002-01-15 23:00:00,97.53000000000004
2002-01-16 23:00:00,97.40000000000005
2002-01-17 23:00:00,97.05000000000005
2002-01-18 23:00:00,97.20000000000005
2002-01-22 23:00:00,98.20000000000005
2002-01-23 23:00:00,98.75000000000004
2002-01-24 23:00:00,98.94000000000005
2002-01-25 23:00:00,98.25000000000004
2002-01-28 23:00:00,97.95000000000005
2002-01-29 23:00:00,98.63000000000005
2002-01-30 23:00:00,98.53000000000004
2002-01-31 23:00:00,99.96000000000005
2002-02-01 23:00:00,98.63000000000005
2002-02-04 23:00:00,97.85000000000005
2002-02-05 23:00:00,98.68000000000005
2002-02-06 23:00:00,98.18000000000005
2002-02-07 23:00:00,98.47000000000004
2002-02-08 23:00:00,99.35000000000005
2002-02-11 23:00:00,98.88000000000005
2002-02-12 23:00:00,98.30000000000005
2002-02-13 23:00:00,98.75000000000004
2002-02-14 23:00:00,97.90000000000005
2002-02-15 23:00:00,98.36000000000004
2002-02-19 23:00:00,99.22000000000004
2002-02-20 23:00:00,99.11000000000004
2002-02-21 23:00:00,99.45000000000005
2002-02-22 23:00:00,99.10000000000005
2002-02-25 23:00:00,98.75000000000004
2002-02-26 23:00:00,98.72000000000004
2002-02-27 23:00:00,98.55000000000005
2002-02-28 23:00:00,98.47000000000006
2002-03-01 23:00:00,98.76000000000005
2002-03-04 23:00:00,98.23000000000005
2002-03-05 23:00:00,98.30000000000005
2002-03-06 23:00:00,97.74000000000005
2002-03-07 23:00:00,95.30000000000005
2002-03-08 23:00:00,96.21000000000005
2002-03-11 23:00:00,96.05000000000005
2002-03-12 23:00:00,96.33000000000006
2002-03-13 23:00:00,96.13000000000005
2002-03-14 23:00:00,96.27000000000005
2002-03-15 23:00:00,96.62000000000005
2002-03-18 23:00:00,97.95000000000005
2002-03-19 23:00:00,98.42000000000004
2002-03-20 23:00:00,98.45000000000005
2002-03-21 23:00:00,98.74000000000005
2002-03-22 23:00:00,99.39000000000006
2002-03-25 23:00:00,99.36000000000006
2002-03-26 23:00:00,98.60000000000005
2002-03-27 23:00:00,98.35000000000005
2002-03-28 23:00:00,98.45000000000005
2002-04-01 23:00:00,98.68000000000005
2002-04-02 23:00:00,98.96000000000005
2002-04-03 23:00:00,98.73000000000005
2002-04-04 23:00:00,98.13000000000005
2002-04-05 23:00:00,98.07000000000005
2002-04-08 23:00:00,97.65000000000005
2002-04-09 23:00:00,97.30000000000005
2002-04-10 23:00:00,97.30000000000005
2002-04-11 23:00:00,97.95000000000005
2002-04-12 23:00:00,98.48000000000005
2002-04-15 23:00:00,98.41000000000005
2002-04-16 23:00:00,98.19000000000005
2002-04-17 23:00:00,98.30000000000005
2002-04-18 23:00:00,97.71000000000005
2002-04-19 23:00:00,98.20000000000005
2002-04-22 23:00:00,98.00000000000006
2002-04-23 23:00:00,97.98000000000005
2002-04-24 23:00:00,97.94000000000005
2002-04-25 23:00:00,97.57000000000005
2002-04-26 23:00:00,97.19000000000005
2002-04-29 23:00:00,97.06000000000004
2002-04-30 23:00:00,97.34000000000005
2002-05-01 23:00:00,97.03000000000006
2002-05-02 23:00:00,97.27000000000005
2002-05-03 23:00:00,96.62000000000005
2002-05-06 23:00:00,96.58000000000006
2002-05-07 23:00:00,96.94000000000005
2002-05-08 23:00:00,97.39000000000006
2002-05-09 23:00:00,97.40000000000005
2002-05-10 23:00:00,97.26000000000005
2002-05-13 23:00:00,97.50000000000006
2002-05-14 23:00:00,97.93000000000005
2002-05-15 23:00:00,97.47000000000006
2002-05-16 23:00:00,97.87000000000005
2002-05-17 23:00:00,96.76000000000005
2002-05-20 23:00:00,96.69000000000005
2002-05-21 23:00:00,95.99000000000005
2002-05-22 23:00:00,96.40000000000005
2002-05-23 23:00:00,96.88000000000005
2002-05-24 23:00:00,96.68000000000005
2002-05-28 23:00:00,96.77000000000005
2002-05-29 23:00:00,96.60000000000005
2002-05-30 23:00:00,95.76000000000005
2002-05-31 23:00:00,96.86000000000006
2002-06-03 23:00:00,96.50000000000004
2002-06-04 23:00:00,96.53000000000004
2002-06-05 23:00:00,96.73000000000005
2002-06-06 23:00:00,96.59000000000005
2002-06-07 23:00:00,96.75000000000004
2002-06-10 23:00:00,96.52000000000005
2002-06-11 23:00:00,97.01000000000005
2002-06-12 23:00:00,97.37000000000005
2002-06-13 23:00:00,96.85000000000005
2002-06-14 23:00:00,95.71000000000005
2002-06-17 23:00:00,96.03000000000004
2002-06-18 23:00:00,96.09000000000005
2002-06-19 23:00:00,95.98000000000005
2002-06-20 23:00:00,96.35000000000005
2002-06-21 23:00:00,95.50000000000004
2002-06-24 23:00:00,95.59000000000005
2002-06-25 23:00:00,95.76000000000005
2002-06-26 23:00:00,94.64000000000004
2002-06-27 23:00:00,94.63000000000005
2002-06-28 23:00:00,94.51000000000005
2002-07-01 23:00:00,94.79000000000005
2002-07-02 23:00:00,94.44000000000005
2002-07-03 23:00:00,93.88000000000005
2002-07-05 23:00:00,94.53000000000004
2002-07-08 23:00:00,93.68000000000005
2002-07-09 23:00:00,93.73000000000005
2002-07-10 23:00:00,93.21000000000005
2002-07-11 23:00:00,92.63000000000005
2002-07-12 23:00:00,92.02000000000005
2002-07-15 23:00:00,91.38000000000005
2002-07-16 23:00:00,91.40000000000005
2002-07-17 23:00:00,91.22000000000006
2002-07-18 23:00:00,91.38000000000005
2002-07-19 23:00:00,90.88000000000005
2002-07-22 23:00:00,90.38000000000005
2002-07-23 23:00:00,90.10000000000005
2002-07-24 23:00:00,89.90000000000005
2002-07-25 23:00:00,90.09000000000005
2002-07-26 23:00:00,90.81000000000004
2002-07-29 23:00:00,92.13000000000005
2002-07-30 23:00:00,92.29000000000005
2002-07-31 23:00:00,91.54000000000005
2002-08-01 23:00:00,90.92000000000004
2002-08-02 23:00:00,90.96000000000005
2002-08-05 23:00:00,90.64000000000004
2002-08-06 23:00:00,92.24000000000005
2002-08-07 23:00:00,92.12000000000005
2002-08-08 23:00:00,92.50000000000004
2002-08-09 23:00:00,92.32000000000005
2002-08-12 23:00:00,91.49000000000005
2002-08-13 23:00:00,92.09000000000005
2002-08-14 23:00:00,90.99000000000005
2002-08-15 23:00:00,91.02000000000005
2002-08-16 23:00:00,91.36000000000006
2002-08-19 23:00:00,91.38000000000005
2002-08-20 23:00:00,91.81000000000004
2002-08-21 23:00:00,92.10000000000005
2002-08-22 23:00:00,92.87000000000005
2002-08-23 23:00:00,92.93000000000005
2002-08-26 23:00:00,92.95000000000005
2002-08-27 23:00:00,92.04000000000005
2002-08-28 23:00:00,92.17000000000004
2002-08-29 23:00:00,91.96000000000005
2002-08-30 23:00:00,92.15000000000005
2002-09-03 23:00:00,91.57000000000004
2002-09-04 23:00:00,91.46000000000004
2002-09-05 23:00:00,91.45000000000005
2002-09-06 23:00:00,92.14000000000004
2002-09-09 23:00:00,92.11000000000004
2002-09-10 23:00:00,92.43000000000005
2002-09-11 23:00:00,92.43000000000005
2002-09-12 23:00:00,91.85000000000004
2002-09-13 23:00:00,92.77000000000004
2002-09-16 23:00:00,93.55000000000004
2002-09-17 23:00:00,93.69000000000004
2002-09-18 23:00:00,93.46000000000004
2002-09-19 23:00:00,93.37000000000005
2002-09-20 23:00:00,94.53000000000004
2002-09-23 23:00:00,94.43000000000005
2002-09-24 23:00:00,93.85000000000004
2002-09-25 23:00:00,94.03000000000004
2002-09-26 23:00:00,94.05000000000004
2002-09-27 23:00:00,94.16000000000004
2002-09-30 23:00:00,92.99000000000004
2002-10-01 23:00:00,93.96000000000004
2002-10-02 23:00:00,93.83000000000004
2002-10-03 23:00:00,93.32000000000004
2002-10-04 23:00:00,93.62000000000005
2002-10-07 23:00:00,94.28000000000004
2002-10-08 23:00:00,94.32000000000004
2002-10-09 23:00:00,93.50000000000004
2002-10-10 23:00:00,94.12000000000005
2002-10-11 23:00:00,94.49000000000004
2002-10-15 23:00:00,95.05000000000004
2002-10-16 23:00:00,95.00000000000004
2002-10-17 23:00:00,95.87000000000005
2002-10-18 23:00:00,96.08000000000004
2002-10-21 23:00:00,96.12000000000005
2002-10-22 23:00:00,96.12000000000005
2002-10-23 23:00:00,95.99000000000004
2002-10-24 23:00:00,96.05000000000004
2002-10-25 23:00:00,95.60000000000004
2002-10-28 23:00:00,95.81000000000004
2002-10-29 23:00:00,94.82000000000004
2002-10-30 23:00:00,94.98000000000005
2002-10-31 23:00:00,95.25000000000004
2002-11-01 23:00:00,94.86000000000004
2002-11-04 23:00:00,95.20000000000005
2002-11-05 23:00:00,94.75000000000004
2002-11-06 23:00:00,94.84000000000005
2002-11-07 23:00:00,94.45000000000005
2002-11-08 23:00:00,93.02000000000004
2002-11-12 23:00:00,92.42000000000004
2002-11-13 23:00:00,92.92000000000004
2002-11-14 23:00:00,92.98000000000005
2002-11-15 23:00:00,92.51000000000005
2002-11-18 23:00:00,92.76000000000005
2002-11-19 23:00:00,93.70000000000005
2002-11-20 23:00:00,93.84000000000005
2002-11-21 23:00:00,94.39000000000004
2002-11-22 23:00:00,94.36000000000004
2002-11-25 23:00:00,94.21000000000004
2002-11-26 23:00:00,93.85000000000004
2002-11-27 23:00:00,94.23000000000005
2002-11-29 23:00:00,95.12000000000005
2002-12-02 23:00:00,96.64000000000004
2002-12-03 23:00:00,96.76000000000005
2002-12-04 23:00:00,96.56000000000004
2002-12-05 23:00:00,96.73000000000005
2002-12-06 23:00:00,95.73000000000005
2002-12-09 23:00:00,95.80000000000005
2002-12-10 23:00:00,95.91000000000005
2002-12-11 23:00:00,96.16000000000005
2002-12-12 23:00:00,95.59000000000005
2002-12-13 23:00:00,93.94000000000005
2002-12-16 23:00:00,94.41000000000005
2002-12-17 23:00:00,94.94000000000005
2002-12-18 23:00:00,94.82000000000005
2002-12-19 23:00:00,94.59000000000005
2002-12-20 23:00:00,94.35000000000005
2002-12-23 23:00:00,94.36000000000004
2002-12-24 23:00:00,94.50000000000004
2002-12-26 23:00:00,94.53000000000004
2002-12-27 23:00:00,93.24000000000005
2002-12-30 23:00:00,92.88000000000005
2002-12-31 23:00:00,92.15000000000005
2003-01-02 23:00:00,93.25000000000004
2003-01-03 23:00:00,93.41000000000005
2003-01-06 23:00:00,93.19000000000005
2003-01-07 23:00:00,94.04000000000005
2003-01-08 23:00:00,93.11000000000004
2003-01-09 23:00:00,93.85000000000005
2003-01-10 23:00:00,94.04000000000005
2003-01-13 23:00:00,93.97000000000006
2003-01-14 23:00:00,93.53000000000004
2003-01-15 23:00:00,93.77000000000005
2003-01-16 23:00:00,93.74000000000005
2003-01-17 23:00:00,93.74000000000005
2003-01-21 23:00:00,94.06000000000004
2003-01-22 23:00:00,94.24000000000005
2003-01-23 23:00:00,94.35000000000005
2003-01-24 23:00:00,94.46000000000005
2003-01-27 23:00:00,94.70000000000005
2003-01-28 23:00:00,94.24000000000005
2003-01-29 23:00:00,94.68000000000005
2003-01-30 23:00:00,94.95000000000005
2003-01-31 23:00:00,95.86000000000004
2003-02-03 23:00:00,96.36000000000004
2003-02-04 23:00:00,96.06000000000004
2003-02-05 23:00:00,95.93000000000005
2003-02-06 23:00:00,96.05000000000005
2003-02-07 23:00:00,96.08000000000006
2003-02-10 23:00:00,96.28000000000004
2003-02-11 23:00:00,96.32000000000005
2003-02-12 23:00:00,96.41000000000005
2003-02-13 23:00:00,96.52000000000005
2003-02-14 23:00:00,96.20000000000005
2003-02-18 23:00:00,95.50000000000004
2003-02-19 23:00:00,95.56000000000004
2003-02-20 23:00:00,95.67000000000004
2003-02-21 23:00:00,95.95000000000005
2003-02-24 23:00:00,96.32000000000005
2003-02-25 23:00:00,95.69000000000005
2003-02-26 23:00:00,95.57000000000005
2003-02-27 23:00:00,95.95000000000005
2003-02-28 23:00:00,96.69000000000005
2003-03-03 23:00:00,96.62000000000005
2003-03-04 23:00:00,96.92000000000006
2003-03-05 23:00:00,96.94000000000005
2003-03-06 23:00:00,96.93000000000005
2003-03-07 23:00:00,97.02000000000005
2003-03-10 23:00:00,96.71000000000005
2003-03-11 23:00:00,96.74000000000005
2003-03-12 23:00:00,96.80000000000005
2003-03-13 23:00:00,96.86000000000006
2003-03-14 23:00:00,97.23000000000005
2003-03-17 23:00:00,97.22000000000006
2003-03-18 23:00:00,97.91000000000005
2003-03-19 23:00:00,98.49000000000005
2003-03-20 23:00:00,98.50000000000006
2003-03-21 23:00:00,98.63000000000005
2003-03-24 23:00:00,98.85000000000005
2003-03-25 23:00:00,98.62000000000005
2003-03-26 23:00:00,98.91000000000005
2003-03-27 23:00:00,99.27000000000005
2003-03-28 23:00:00,98.65000000000005
2003-03-31 23:00:00,97.69000000000005
2003-04-01 23:00:00,97.54000000000005
2003-04-02 23:00:00,98.28000000000006
2003-04-03 23:00:00,98.35000000000005
2003-04-04 23:00:00,98.84000000000005
2003-04-07 23:00:00,98.57000000000005
2003-04-08 23:00:00,99.08000000000006
2003-04-09 23:00:00,99.29000000000005
2003-04-10 23:00:00,99.58000000000006
2003-04-11 23:00:00,100.26000000000005
2003-04-14 23:00:00,100.15000000000005
2003-04-15 23:00:00,100.36000000000006
2003-04-16 23:00:00,99.57000000000005
2003-04-17 23:00:00,99.90000000000005
2003-04-21 23:00:00,100.32000000000005
2003-04-22 23:00:00,100.34000000000005
2003-04-23 23:00:00,100.44000000000005
2003-04-24 23:00:00,99.71000000000005
2003-04-25 23:00:00,100.68000000000005
2003-04-28 23:00:00,100.51000000000005
2003-04-29 23:00:00,100.61000000000006
2003-04-30 23:00:00,100.52000000000005
2003-05-01 23:00:00,101.01000000000005
2003-05-02 23:00:00,101.30000000000005
2003-05-05 23:00:00,101.59000000000005
2003-05-06 23:00:00,101.80000000000005
2003-05-07 23:00:00,100.79000000000005
2003-05-08 23:00:00,101.43000000000005
2003-05-09 23:00:00,101.77000000000005
2003-05-12 23:00:00,101.74000000000005
2003-05-13 23:00:00,101.74000000000005
2003-05-14 23:00:00,102.07000000000005
2003-05-15 23:00:00,101.89000000000006
2003-05-16 23:00:00,102.45000000000005
2003-05-19 23:00:00,103.33000000000006
2003-05-20 23:00:00,103.94000000000005
2003-05-21 23:00:00,104.60000000000005
2003-05-22 23:00:00,103.14000000000006
2003-05-23 23:00:00,102.56000000000006
2003-05-27 23:00:00,102.99000000000005
2003-05-28 23:00:00,103.49000000000005
2003-05-29 23:00:00,103.92000000000006
2003-05-30 23:00:00,104.97000000000006
2003-06-02 23:00:00,104.29000000000005
2003-06-03 23:00:00,105.02000000000005
2003-06-04 23:00:00,105.22000000000006
2003-06-05 23:00:00,105.56000000000004
2003-06-06 23:00:00,105.19000000000005
2003-06-09 23:00:00,104.77000000000005
2003-06-10 23:00:00,104.26000000000005
2003-06-11 23:00:00,105.02000000000005
2003-06-12 23:00:00,104.93000000000005
2003-06-13 23:00:00,105.77000000000005
2003-06-16 23:00:00,105.59000000000005
2003-06-17 23:00:00,105.99000000000005
2003-06-18 23:00:00,106.03000000000004
2003-06-19 23:00:00,105.97000000000006
2003-06-20 23:00:00,104.95000000000005
2003-06-23 23:00:00,104.46000000000005
2003-06-24 23:00:00,104.63000000000005
2003-06-25 23:00:00,105.49000000000005
2003-06-26 23:00:00,106.25000000000006
2003-06-27 23:00:00,106.75000000000006
2003-06-30 23:00:00,106.61000000000006
2003-07-01 23:00:00,106.51000000000005
2003-07-02 23:00:00,106.23000000000005
2003-07-03 23:00:00,106.43000000000005
2003-07-07 23:00:00,105.76000000000005
2003-07-08 23:00:00,104.59000000000005
2003-07-09 23:00:00,103.73000000000005
2003-07-10 23:00:00,103.12000000000005
2003-07-11 23:00:00,103.57000000000005
2003-07-14 23:00:00,103.66000000000005
2003-07-15 23:00:00,102.62000000000005
2003-07-16 23:00:00,103.38000000000005
2003-07-17 23:00:00,103.26000000000005
2003-07-18 23:00:00,102.30000000000005
2003-07-21 23:00:00,102.61000000000006
2003-07-22 23:00:00,102.25000000000006
2003-07-23 23:00:00,103.16000000000005
2003-07-24 23:00:00,103.35000000000005
2003-07-25 23:00:00,104.36000000000006
2003-07-28 23:00:00,104.31000000000004
2003-07-29 23:00:00,104.66000000000005
2003-07-30 23:00:00,104.07000000000005
2003-07-31 23:00:00,103.94000000000005
2003-08-01 23:00:00,104.04000000000005
2003-08-04 23:00:00,103.95000000000005
2003-08-05 23:00:00,103.77000000000005
2003-08-06 23:00:00,103.85000000000005
2003-08-07 23:00:00,103.69000000000005
2003-08-08 23:00:00,103.77000000000005
2003-08-11 23:00:00,104.31000000000004
2003-08-12 23:00:00,104.07000000000005
2003-08-13 23:00:00,104.78000000000004
2003-08-14 23:00:00,103.86000000000006
2003-08-15 23:00:00,104.39000000000004
2003-08-18 23:00:00,104.33000000000006
2003-08-19 23:00:00,103.07000000000005
2003-08-20 23:00:00,102.51000000000005
2003-08-21 23:00:00,102.01000000000005
2003-08-22 23:00:00,102.20000000000005
2003-08-25 23:00:00,102.25000000000006
2003-08-26 23:00:00,102.64000000000004
2003-08-27 23:00:00,102.09000000000005
2003-08-28 23:00:00,102.51000000000005
2003-08-29 23:00:00,102.67000000000004
2003-09-02 23:00:00,102.07000000000004
2003-09-03 23:00:00,102.61000000000004
2003-09-04 23:00:00,103.55000000000004
2003-09-05 23:00:00,103.77000000000004
2003-09-08 23:00:00,103.52000000000004
2003-09-09 23:00:00,104.00000000000004
2003-09-10 23:00:00,104.29000000000003
2003-09-11 23:00:00,103.90000000000003
2003-09-12 23:00:00,104.62000000000005
2003-09-15 23:00:00,104.63000000000004
2003-09-16 23:00:00,103.38000000000004
2003-09-17 23:00:00,103.80000000000004
2003-09-18 23:00:00,103.34000000000005
2003-09-19 23:00:00,103.34000000000005
2003-09-22 23:00:00,102.02000000000004
2003-09-23 23:00:00,101.30000000000004
2003-09-24 23:00:00,101.22000000000004
2003-09-25 23:00:00,101.63000000000004
2003-09-26 23:00:00,101.33000000000004
2003-09-29 23:00:00,100.75000000000004
2003-09-30 23:00:00,101.17000000000004
2003-10-01 23:00:00,100.83000000000004
2003-10-02 23:00:00,101.32000000000004
2003-10-03 23:00:00,101.16000000000004
2003-10-06 23:00:00,101.50000000000004
2003-10-07 23:00:00,101.34000000000005
2003-10-08 23:00:00,100.97000000000004
2003-10-09 23:00:00,100.38000000000004
2003-10-10 23:00:00,101.00000000000004
2003-10-14 23:00:00,101.02000000000004
2003-10-15 23:00:00,101.35000000000004
2003-10-16 23:00:00,102.27000000000004
2003-10-17 23:00:00,102.09000000000005
2003-10-20 23:00:00,102.24000000000004
2003-10-21 23:00:00,102.08000000000004
2003-10-22 23:00:00,102.33000000000004
2003-10-23 23:00:00,102.58000000000004
2003-10-24 23:00:00,102.53000000000004
2003-10-27 23:00:00,101.62000000000005
2003-10-28 23:00:00,101.56000000000004
2003-10-29 23:00:00,101.40000000000003
2003-10-30 23:00:00,101.62000000000005
2003-10-31 23:00:00,102.31000000000004
2003-11-03 23:00:00,102.29000000000003
2003-11-04 23:00:00,101.38000000000004
2003-11-05 23:00:00,101.51000000000003
2003-11-06 23:00:00,101.30000000000004
2003-11-07 23:00:00,101.46000000000004
2003-11-10 23:00:00,101.55000000000004
2003-11-12 23:00:00,102.48000000000005
2003-11-13 23:00:00,102.11000000000004
2003-11-14 23:00:00,102.16000000000004
2003-11-17 23:00:00,102.01000000000003
2003-11-18 23:00:00,102.23000000000005
2003-11-19 23:00:00,102.73000000000005
2003-11-20 23:00:00,102.62000000000005
2003-11-21 23:00:00,102.55000000000004
2003-11-24 23:00:00,101.91000000000004
2003-11-25 23:00:00,102.43000000000004
2003-11-26 23:00:00,102.72000000000004
2003-11-28 23:00:00,103.46000000000004
2003-12-01 23:00:00,103.16000000000003
2003-12-02 23:00:00,102.77000000000002
2003-12-03 23:00:00,102.39000000000003
2003-12-04 23:00:00,101.49000000000002
2003-12-05 23:00:00,101.61000000000003
2003-12-08 23:00:00,101.90000000000003
2003-12-09 23:00:00,100.93000000000004
2003-12-10 23:00:00,102.02000000000002
2003-12-11 23:00:00,101.15000000000003
2003-12-12 23:00:00,101.01000000000003
2003-12-15 23:00:00,101.09000000000003
2003-12-16 23:00:00,100.26000000000003
2003-12-17 23:00:00,100.26000000000003
2003-12-18 23:00:00,100.12000000000003
2003-12-19 23:00:00,99.79000000000003
2003-12-22 23:00:00,99.99000000000002
2003-12-23 23:00:00,100.59000000000003
2003-12-24 23:00:00,101.30000000000003
2003-12-26 23:00:00,101.08000000000003
2003-12-29 23:00:00,100.89000000000003
2003-12-30 23:00:00,101.95000000000003
2003-12-31 23:00:00,102.28000000000003
2004-01-02 23:00:00,102.33000000000003
2004-01-05 23:00:00,102.13000000000002
2004-01-06 23:00:00,102.06000000000003
2004-01-07 23:00:00,101.69000000000003
2004-01-08 23:00:00,102.26000000000003
2004-01-09 23:00:00,103.02000000000002
2004-01-12 23:00:00,103.07000000000004
2004-01-13 23:00:00,102.95000000000003
2004-01-14 23:00:00,101.76000000000003
2004-01-15 23:00:00,101.52000000000002
2004-01-16 23:00:00,101.68000000000004
2004-01-20 23:00:00,102.46000000000004
2004-01-21 23:00:00,101.78000000000003
2004-01-22 23:00:00,101.34000000000003
2004-01-23 23:00:00,100.15000000000003
2004-01-26 23:00:00,100.43000000000004
2004-01-27 23:00:00,100.42000000000003
2004-01-28 23:00:00,99.45000000000003
2004-01-29 23:00:00,99.04000000000003
2004-01-30 23:00:00,99.38000000000002
2004-02-02 23:00:00,98.46000000000004
2004-02-03 23:00:00,98.48000000000003
2004-02-04 23:00:00,98.61000000000003
2004-02-05 23:00:00,98.78000000000003
2004-02-06 23:00:00,98.96000000000004
2004-02-09 23:00:00,99.01000000000003
2004-02-10 23:00:00,99.02000000000002
2004-02-11 23:00:00,99.53000000000003
2004-02-12 23:00:00,99.52000000000002
2004-02-13 23:00:00,99.89000000000003
2004-02-17 23:00:00,100.27000000000002
2004-02-18 23:00:00,100.29000000000003
2004-02-19 23:00:00,100.20000000000003
2004-02-20 23:00:00,100.57000000000004
2004-02-23 23:00:00,100.64000000000003
2004-02-24 23:00:00,101.04000000000003
2004-02-25 23:00:00,101.14000000000003
2004-02-26 23:00:00,101.21000000000004
2004-02-27 23:00:00,101.38000000000002
2004-03-01 23:00:00,101.21000000000002
2004-03-02 23:00:00,101.93000000000002
2004-03-03 23:00:00,101.66000000000003
2004-03-04 23:00:00,103.18000000000002
2004-03-05 23:00:00,103.49000000000002
2004-03-08 23:00:00,104.11000000000003
2004-03-09 23:00:00,103.94000000000003
2004-03-10 23:00:00,103.68000000000002
2004-03-11 23:00:00,103.94000000000003
2004-03-12 23:00:00,103.01000000000002
2004-03-15 23:00:00,102.87000000000002
2004-03-16 23:00:00,101.53000000000003
2004-03-17 23:00:00,100.81000000000003
2004-03-18 23:00:00,100.31000000000003
2004-03-19 23:00:00,100.31000000000003
2004-03-22 23:00:00,100.43000000000002
2004-03-23 23:00:00,100.08000000000003
2004-03-24 23:00:00,99.39000000000003
2004-03-25 23:00:00,99.76000000000002
2004-03-26 23:00:00,100.16000000000003
2004-03-29 23:00:00,100.59000000000003
2004-03-30 23:00:00,100.87000000000002
2004-03-31 23:00:00,99.61000000000003
2004-04-01 23:00:00,98.95000000000003
2004-04-02 23:00:00,99.66000000000003
2004-04-05 23:00:00,100.19000000000003
2004-04-06 23:00:00,100.94000000000003
2004-04-07 23:00:00,100.18000000000002
2004-04-08 23:00:00,100.10000000000002
2004-04-12 23:00:00,98.81000000000003
2004-04-13 23:00:00,100.14000000000003
2004-04-14 23:00:00,100.82000000000002
2004-04-15 23:00:00,100.68000000000002
2004-04-16 23:00:00,100.23000000000002
2004-04-19 23:00:00,100.72000000000003
2004-04-20 23:00:00,100.28000000000003
2004-04-21 23:00:00,100.76000000000002
2004-04-22 23:00:00,100.99000000000002
2004-04-23 23:00:00,100.53000000000003
2004-04-26 23:00:00,100.26000000000002
2004-04-27 23:00:00,101.21000000000002
2004-04-28 23:00:00,100.55000000000003
2004-04-29 23:00:00,100.47000000000003
2004-04-30 23:00:00,100.63000000000002
2004-05-03 23:00:00,100.70000000000003
2004-05-04 23:00:00,100.51000000000002
2004-05-05 23:00:00,99.19000000000003
2004-05-06 23:00:00,99.71000000000002
2004-05-07 23:00:00,101.37000000000002
2004-05-10 23:00:00,101.96000000000002
2004-05-11 23:00:00,101.91000000000003
2004-05-12 23:00:00,101.84000000000003
2004-05-13 23:00:00,102.66000000000003
2004-05-14 23:00:00,102.66000000000003
2004-05-17 23:00:00,102.02000000000002
2004-05-18 23:00:00,102.24000000000002
2004-05-19 23:00:00,102.21000000000002
2004-05-20 23:00:00,102.75000000000003
2004-05-21 23:00:00,101.91000000000003
2004-05-24 23:00:00,102.57000000000002
2004-05-25 23:00:00,101.84000000000003
2004-05-26 23:00:00,101.82000000000002
2004-05-27 23:00:00,101.92000000000003
2004-05-28 23:00:00,101.24000000000002
2004-06-01 23:00:00,101.05000000000001
2004-06-02 23:00:00,101.34000000000002
2004-06-03 23:00:00,101.96000000000002
2004-06-04 23:00:00,102.71000000000002
2004-06-07 23:00:00,101.86000000000001
2004-06-08 23:00:00,101.89000000000001
2004-06-09 23:00:00,101.67000000000002
2004-06-10 23:00:00,100.73000000000002
2004-06-14 23:00:00,101.62000000000002
2004-06-15 23:00:00,100.44000000000001
2004-06-16 23:00:00,100.41000000000001
2004-06-17 23:00:00,100.10000000000002
2004-06-18 23:00:00,100.26000000000002
2004-06-21 23:00:00,100.01000000000002
2004-06-22 23:00:00,100.63000000000002
2004-06-23 23:00:00,100.24000000000002
2004-06-24 23:00:00,100.18000000000002
2004-06-25 23:00:00,100.32000000000002
2004-06-28 23:00:00,100.79000000000002
2004-06-29 23:00:00,100.96000000000002
2004-06-30 23:00:00,102.01000000000002
2004-07-01 23:00:00,101.68000000000002
2004-07-02 23:00:00,102.35000000000002
2004-07-06 23:00:00,103.05000000000001
2004-07-07 23:00:00,102.53000000000002
2004-07-08 23:00:00,103.16000000000001
2004-07-09 23:00:00,102.46000000000002
2004-07-12 23:00:00,102.61000000000001
2004-07-13 23:00:00,103.03000000000002
2004-07-14 23:00:00,103.09000000000002
2004-07-15 23:00:00,103.36000000000001
2004-07-16 23:00:00,103.62000000000002
2004-07-19 23:00:00,103.37000000000002
2004-07-20 23:00:00,103.30000000000001
2004-07-21 23:00:00,103.66000000000001
2004-07-22 23:00:00,103.94000000000001
2004-07-23 23:00:00,103.88000000000002
2004-07-26 23:00:00,103.22000000000001
2004-07-27 23:00:00,103.80000000000001
2004-07-28 23:00:00,104.77000000000002
2004-07-29 23:00:00,105.17000000000002
2004-07-30 23:00:00,104.44000000000001
2004-08-02 23:00:00,104.08000000000001
2004-08-03 23:00:00,104.48000000000002
2004-08-04 23:00:00,105.22000000000001
2004-08-05 23:00:00,105.46000000000002
2004-08-06 23:00:00,104.85000000000002
2004-08-09 23:00:00,104.64000000000001
2004-08-10 23:00:00,104.99000000000002
2004-08-11 23:00:00,104.32000000000002
2004-08-12 23:00:00,103.96000000000002
2004-08-13 23:00:00,105.24000000000002
2004-08-16 23:00:00,105.25000000000001
2004-08-17 23:00:00,104.87000000000002
2004-08-18 23:00:00,104.61000000000001
2004-08-19 23:00:00,105.02000000000002
2004-08-20 23:00:00,104.95000000000002
2004-08-23 23:00:00,104.71000000000002
2004-08-24 23:00:00,104.69000000000001
2004-08-25 23:00:00,105.10000000000002
2004-08-26 23:00:00,104.44000000000001
2004-08-27 23:00:00,104.31000000000002
2004-08-30 23:00:00,104.11000000000001
2004-08-31 23:00:00,104.07000000000001
2004-09-01 23:00:00,104.52000000000001
2004-09-02 23:00:00,105.02000000000001
2004-09-03 23:00:00,105.79
2004-09-07 23:00:00,105.74000000000001
2004-09-08 23:00:00,105.41000000000001
2004-09-09 23:00:00,106.06
2004-09-10 23:00:00,105.66000000000001
2004-09-13 23:00:00,105.49000000000001
2004-09-14 23:00:00,105.62
2004-09-15 23:00:00,105.61000000000001
2004-09-16 23:00:00,105.66000000000001
2004-09-17 23:00:00,105.39
2004-09-20 23:00:00,105.75000000000001
2004-09-21 23:00:00,106.01
2004-09-22 23:00:00,106.87
2004-09-23 23:00:00,107.32000000000001
2004-09-24 23:00:00,107.58000000000001
2004-09-27 23:00:00,108.36000000000001
2004-09-28 23:00:00,108.44000000000001
2004-09-29 23:00:00,108.05000000000001
2004-09-30 23:00:00,108.07000000000001
2004-10-01 23:00:00,108.30000000000001
2004-10-04 23:00:00,108.03
2004-10-05 23:00:00,108.98
2004-10-06 23:00:00,109.36000000000001
2004-10-07 23:00:00,109.16000000000001
2004-10-08 23:00:00,108.38000000000001
2004-10-11 23:00:00,108.00000000000001
2004-10-12 23:00:00,108.57000000000001
2004-10-13 23:00:00,108.21000000000001
2004-10-14 23:00:00,108.37
2004-10-15 23:00:00,108.17
2004-10-18 23:00:00,107.96000000000001
2004-10-19 23:00:00,107.23
2004-10-20 23:00:00,107.92
2004-10-21 23:00:00,107.43
2004-10-22 23:00:00,107.91000000000001
2004-10-25 23:00:00,108.48
2004-10-26 23:00:00,108.13000000000001
2004-10-27 23:00:00,107.81
2004-10-28 23:00:00,107.80000000000001
2004-10-29 23:00:00,107.88000000000001
2004-11-01 23:00:00,108.18
2004-11-02 23:00:00,107.76
2004-11-03 23:00:00,108.92
2004-11-04 23:00:00,108.96000000000001
2004-11-05 23:00:00,109.11000000000001
2004-11-08 23:00:00,109.59
2004-11-09 23:00:00,109.26
2004-11-10 23:00:00,110.81
2004-11-11 23:00:00,110.4
2004-11-12 23:00:00,109.54
2004-11-15 23:00:00,108.85000000000001
2004-11-16 23:00:00,109.35000000000001
2004-11-17 23:00:00,108.19000000000001
2004-11-18 23:00:00,107.47000000000001
2004-11-19 23:00:00,107.54
2004-11-22 23:00:00,108.21000000000001
2004-11-23 23:00:00,108.30000000000001
2004-11-24 23:00:00,108.49000000000001
2004-11-26 23:00:00,108.27000000000001
2004-11-29 23:00:00,108.02000000000001
2004-11-30 23:00:00,107.98
2004-12-01 23:00:00,107.91000000000001
2004-12-02 23:00:00,107.73
2004-12-03 23:00:00,107.03000000000002
2004-12-06 23:00:00,107.08000000000001
2004-12-07 23:00:00,106.50000000000001
2004-12-08 23:00:00,106.7
2004-12-09 23:00:00,106.77000000000001
2004-12-10 23:00:00,107.12
2004-12-13 23:00:00,106.51
2004-12-14 23:00:00,106.75000000000001
2004-12-15 23:00:00,106.37
2004-12-16 23:00:00,106.16000000000001
2004-12-17 23:00:00,106.4
2004-12-20 23:00:00,106.01
2004-12-21 23:00:00,106.21000000000001
2004-12-22 23:00:00,105.4
2004-12-23 23:00:00,105.54
2004-12-27 23:00:00,105.97000000000001
2004-12-28 23:00:00,106.13000000000001
2004-12-29 23:00:00,106.96000000000001
2004-12-30 23:00:00,106.95
2004-12-31 23:00:00,106.72000000000001
2005-01-03 23:00:00,106.51
2005-01-04 23:00:00,106.91000000000001
2005-01-05 23:00:00,106.37
2005-01-06 23:00:00,106.47000000000001
2005-01-07 23:00:00,106.62
2005-01-10 23:00:00,106.76
2005-01-11 23:00:00,106.32000000000001
2005-01-12 23:00:00,106.79
2005-01-13 23:00:00,106.80000000000001
2005-01-14 23:00:00,105.17000000000002
2005-01-18 23:00:00,105.24000000000001
2005-01-19 23:00:00,105.28000000000002
2005-01-20 23:00:00,105.34
2005-01-21 23:00:00,105.66000000000001
2005-01-24 23:00:00,105.44000000000001
2005-01-25 23:00:00,105.79
2005-01-26 23:00:00,105.09
2005-01-27 23:00:00,104.82000000000001
2005-01-28 23:00:00,104.97000000000001
2005-01-31 23:00:00,105.08000000000001
2005-02-01 23:00:00,105.38000000000001
2005-02-02 23:00:00,105.49000000000001
2005-02-03 23:00:00,105.84
2005-02-04 23:00:00,104.92000000000002
2005-02-07 23:00:00,105.09
2005-02-08 23:00:00,106.30000000000001
2005-02-09 23:00:00,106.26
2005-02-10 23:00:00,106.93
2005-02-11 23:00:00,107.18
2005-02-14 23:00:00,106.85000000000001
2005-02-15 23:00:00,106.57000000000001
2005-02-16 23:00:00,106.86000000000001
2005-02-17 23:00:00,107.61000000000001
2005-02-18 23:00:00,107.60000000000001
2005-02-22 23:00:00,106.79
2005-02-23 23:00:00,106.39000000000001
2005-02-24 23:00:00,106.7
2005-02-25 23:00:00,106.61000000000001
2005-02-28 23:00:00,106.54
2005-03-01 23:00:00,105.86000000000001
2005-03-02 23:00:00,106.30000000000001
2005-03-03 23:00:00,106.5
2005-03-04 23:00:00,106.83000000000001
2005-03-07 23:00:00,107.39
2005-03-08 23:00:00,108.11000000000001
2005-03-09 23:00:00,108.19000000000001
2005-03-10 23:00:00,108.32000000000001
2005-03-11 23:00:00,108.11000000000001
2005-03-14 23:00:00,108.96000000000001
2005-03-15 23:00:00,108.52000000000001
2005-03-16 23:00:00,108.38000000000001
2005-03-17 23:00:00,108.86000000000001
2005-03-18 23:00:00,108.95
2005-03-21 23:00:00,108.78
2005-03-22 23:00:00,109.27000000000001
2005-03-23 23:00:00,109.12
2005-03-24 23:00:00,109.25
2005-03-28 23:00:00,109.66000000000001
2005-03-29 23:00:00,110.72000000000001
2005-03-30 23:00:00,110.33000000000001
2005-03-31 23:00:00,110.51
2005-04-01 23:00:00,110.38000000000001
2005-04-04 23:00:00,110.61000000000001
2005-04-05 23:00:00,110.60000000000001
2005-04-06 23:00:00,110.91000000000001
2005-04-07 23:00:00,110.81
2005-04-08 23:00:00,110.23
2005-04-11 23:00:00,109.28
2005-04-12 23:00:00,109.11000000000001
2005-04-13 23:00:00,108.82000000000001
2005-04-14 23:00:00,109.19000000000001
2005-04-15 23:00:00,108.49000000000001
2005-04-18 23:00:00,108.25
2005-04-19 23:00:00,108.21000000000001
2005-04-20 23:00:00,108.27000000000001
2005-04-21 23:00:00,108.39
2005-04-22 23:00:00,107.87
2005-04-25 23:00:00,107.47000000000001
2005-04-26 23:00:00,107.27000000000001
2005-04-27 23:00:00,106.72000000000001
2005-04-28 23:00:00,106.78
2005-04-29 23:00:00,105.45
2005-05-02 23:00:00,105.82000000000001
2005-05-03 23:00:00,105.89
2005-05-04 23:00:00,106.03
2005-05-05 23:00:00,106.10000000000001
2005-05-06 23:00:00,106.75
2005-05-09 23:00:00,107.42
2005-05-10 23:00:00,107.46000000000001
2005-05-11 23:00:00,106.94000000000001
2005-05-12 23:00:00,107.54
2005-05-13 23:00:00,107.08000000000001
2005-05-16 23:00:00,106.51
2005-05-17 23:00:00,106.98
2005-05-18 23:00:00,107.0
2005-05-19 23:00:00,107.69000000000001
2005-05-20 23:00:00,107.7
2005-05-23 23:00:00,107.87
2005-05-24 23:00:00,107.54
2005-05-25 23:00:00,107.58000000000001
2005-05-26 23:00:00,107.47000000000001
2005-05-27 23:00:00,108.34
2005-05-31 23:00:00,108.87
2005-06-01 23:00:00,109.39
2005-06-02 23:00:00,109.07000000000001
2005-06-03 23:00:00,108.88
2005-06-06 23:00:00,108.21000000000001
2005-06-07 23:00:00,107.99
2005-06-08 23:00:00,108.08
2005-06-09 23:00:00,107.87
2005-06-10 23:00:00,109.29
2005-06-13 23:00:00,109.63
2005-06-14 23:00:00,109.8
2005-06-15 23:00:00,110.76
2005-06-16 23:00:00,110.58
2005-06-17 23:00:00,110.84
2005-06-20 23:00:00,111.08
2005-06-21 23:00:00,110.34
2005-06-22 23:00:00,110.6
2005-06-23 23:00:00,110.78
2005-06-24 23:00:00,111.03
2005-06-27 23:00:00,111.25
2005-06-28 23:00:00,111.77
2005-06-29 23:00:00,112.35
2005-06-30 23:00:00,112.79
2005-07-01 23:00:00,112.44
2005-07-05 23:00:00,112.4
2005-07-06 23:00:00,113.22
2005-07-07 23:00:00,113.76
2005-07-08 23:00:00,114.51
2005-07-11 23:00:00,114.55
2005-07-12 23:00:00,114.64
2005-07-13 23:00:00,115.29
2005-07-14 23:00:00,115.38
2005-07-15 23:00:00,114.5
2005-07-18 23:00:00,114.52
2005-07-19 23:00:00,115.09
2005-07-20 23:00:00,114.94
2005-07-21 23:00:00,113.29
2005-07-22 23:00:00,113.83
2005-07-25 23:00:00,114.06
2005-07-26 23:00:00,113.98
2005-07-27 23:00:00,113.48
2005-07-28 23:00:00,113.66
2005-07-29 23:00:00,114.52
2005-08-01 23:00:00,115.32000000000001
2005-08-02 23:00:00,114.34
2005-08-03 23:00:00,114.03
2005-08-04 23:00:00,114.38
2005-08-05 23:00:00,114.85
2005-08-08 23:00:00,115.07000000000001
2005-08-09 23:00:00,115.03
2005-08-10 23:00:00,114.1
2005-08-11 23:00:00,114.21000000000001
2005-08-12 23:00:00,114.47
2005-08-15 23:00:00,113.88
2005-08-16 23:00:00,114.16
2005-08-17 23:00:00,113.52
2005-08-18 23:00:00,113.5
2005-08-19 23:00:00,113.83
2005-08-22 23:00:00,113.94
2005-08-23 23:00:00,114.53
2005-08-24 23:00:00,115.29
2005-08-25 23:00:00,115.11
2005-08-26 23:00:00,114.75
2005-08-29 23:00:00,115.03
2005-08-30 23:00:00,116.2
2005-08-31 23:00:00,116.15
2005-09-01 23:00:00,115.67
2005-09-02 23:00:00,115.28
2005-09-06 23:00:00,115.06
2005-09-07 23:00:00,115.60000000000001
2005-09-08 23:00:00,116.45
2005-09-09 23:00:00,116.15
2005-09-12 23:00:00,115.85000000000001
2005-09-13 23:00:00,116.78
2005-09-14 23:00:00,116.42
2005-09-15 23:00:00,116.31
2005-09-16 23:00:00,117.41000000000001
2005-09-19 23:00:00,118.4
2005-09-20 23:00:00,118.75
2005-09-21 23:00:00,118.13000000000001
2005-09-22 23:00:00,118.42
2005-09-23 23:00:00,119.07000000000001
2005-09-26 23:00:00,118.87
2005-09-27 23:00:00,119.25
2005-09-28 23:00:00,119.37
2005-09-29 23:00:00,119.53
2005-09-30 23:00:00,120.78
2005-10-03 23:00:00,121.05000000000001
2005-10-04 23:00:00,120.47000000000001
2005-10-05 23:00:00,119.45
2005-10-06 23:00:00,118.94000000000001
2005-10-07 23:00:00,120.09
2005-10-10 23:00:00,120.33000000000001
2005-10-11 23:00:00,120.42
2005-10-12 23:00:00,120.78
2005-10-13 23:00:00,119.83000000000001
2005-10-14 23:00:00,119.25
2005-10-17 23:00:00,120.42
2005-10-18 23:00:00,121.24000000000001
2005-10-19 23:00:00,121.29
2005-10-20 23:00:00,121.27000000000001
2005-10-21 23:00:00,120.9
2005-10-24 23:00:00,120.49000000000001
2005-10-25 23:00:00,120.88000000000001
2005-10-26 23:00:00,122.18
2005-10-27 23:00:00,121.89
2005-10-28 23:00:00,121.39
2005-10-31 23:00:00,121.66000000000001
2005-11-01 23:00:00,122.45
2005-11-02 23:00:00,122.49000000000001
2005-11-03 23:00:00,122.5
2005-11-04 23:00:00,123.13000000000001
2005-11-07 23:00:00,122.30000000000001
2005-11-08 23:00:00,122.16000000000001
2005-11-09 23:00:00,122.57000000000001
2005-11-10 23:00:00,122.69000000000001
2005-11-11 23:00:00,122.29
2005-11-14 23:00:00,122.94000000000001
2005-11-15 23:00:00,123.03
2005-11-16 23:00:00,123.25
2005-11-17 23:00:00,123.4
2005-11-18 23:00:00,123.44000000000001
2005-11-21 23:00:00,123.88000000000001
2005-11-22 23:00:00,124.60000000000001
2005-11-23 23:00:00,124.76
2005-11-25 23:00:00,125.84
2005-11-28 23:00:00,125.42
2005-11-29 23:00:00,125.72000000000001
2005-11-30 23:00:00,126.26000000000002
2005-12-01 23:00:00,126.95000000000002
2005-12-02 23:00:00,127.15000000000002
2005-12-05 23:00:00,127.90000000000002
2005-12-06 23:00:00,127.90000000000002
2005-12-07 23:00:00,127.92000000000002
2005-12-08 23:00:00,127.32000000000002
2005-12-09 23:00:00,127.74000000000002
2005-12-12 23:00:00,127.52000000000001
2005-12-13 23:00:00,127.80000000000001
2005-12-14 23:00:00,125.45000000000002
2005-12-15 23:00:00,124.19000000000001
2005-12-16 23:00:00,123.62000000000002
2005-12-19 23:00:00,123.00000000000001
2005-12-20 23:00:00,123.54000000000002
2005-12-21 23:00:00,124.07000000000002
2005-12-22 23:00:00,123.77000000000001
2005-12-23 23:00:00,123.40000000000002
2005-12-27 23:00:00,123.73000000000002
2005-12-28 23:00:00,124.86000000000001
2005-12-29 23:00:00,124.93000000000002
2005-12-30 23:00:00,125.14000000000001
2006-01-03 23:00:00,124.29000000000002
2006-01-04 23:00:00,124.84000000000002
2006-01-05 23:00:00,123.55000000000001
2006-01-06 23:00:00,121.91000000000001
2006-01-09 23:00:00,121.84000000000002
2006-01-10 23:00:00,122.19000000000001
2006-01-11 23:00:00,122.37000000000002
2006-01-12 23:00:00,122.15000000000002
2006-01-13 23:00:00,122.43000000000002
2006-01-17 23:00:00,123.11000000000001
2006-01-18 23:00:00,122.44000000000001
2006-01-19 23:00:00,123.13000000000002
2006-01-20 23:00:00,123.85000000000002
2006-01-23 23:00:00,123.49000000000002
2006-01-24 23:00:00,123.34000000000002
2006-01-25 23:00:00,124.41000000000001
2006-01-26 23:00:00,125.12000000000002
2006-01-27 23:00:00,126.06000000000002
2006-01-30 23:00:00,126.69000000000001
2006-01-31 23:00:00,127.10000000000002
2006-02-01 23:00:00,125.79000000000002
2006-02-02 23:00:00,127.55000000000001
2006-02-03 23:00:00,127.90000000000002
2006-02-06 23:00:00,127.91000000000001
2006-02-07 23:00:00,126.58000000000001
2006-02-08 23:00:00,127.19000000000001
2006-02-09 23:00:00,127.82000000000002
2006-02-10 23:00:00,126.40000000000002
2006-02-13 23:00:00,126.11000000000001
2006-02-14 23:00:00,125.98000000000002
2006-02-15 23:00:00,126.05000000000001
2006-02-16 23:00:00,125.87000000000002
2006-02-17 23:00:00,126.94000000000001
2006-02-21 23:00:00,127.70000000000002
2006-02-22 23:00:00,127.45000000000002
2006-02-23 23:00:00,125.76000000000002
2006-02-24 23:00:00,126.09000000000002
2006-02-27 23:00:00,126.15000000000002
2006-02-28 23:00:00,126.20000000000002
2006-03-01 23:00:00,126.62000000000002
2006-03-02 23:00:00,126.69000000000001
2006-03-03 23:00:00,126.95000000000002
2006-03-06 23:00:00,127.40000000000002
2006-03-07 23:00:00,126.91000000000001
2006-03-08 23:00:00,126.23000000000002
2006-03-09 23:00:00,126.17000000000002
2006-03-10 23:00:00,126.96000000000001
2006-03-13 23:00:00,127.21000000000001
2006-03-14 23:00:00,126.04000000000002
2006-03-15 23:00:00,125.96000000000001
2006-03-16 23:00:00,125.81000000000002
2006-03-17 23:00:00,124.53000000000002
2006-03-20 23:00:00,124.62000000000002
2006-03-21 23:00:00,125.34000000000002
2006-03-22 23:00:00,124.78000000000002
2006-03-23 23:00:00,125.71000000000001
2006-03-24 23:00:00,125.25000000000001
2006-03-27 23:00:00,124.39000000000001
2006-03-28 23:00:00,125.37000000000002
2006-03-29 23:00:00,125.02000000000001
2006-03-30 23:00:00,125.65000000000002
2006-03-31 23:00:00,125.44000000000001
2006-04-03 23:00:00,125.13000000000001
2006-04-04 23:00:00,125.62000000000002
2006-04-05 23:00:00,125.71000000000001
2006-04-06 23:00:00,126.75000000000001
2006-04-07 23:00:00,127.49000000000001
2006-04-10 23:00:00,127.92000000000002
2006-04-11 23:00:00,128.15000000000003
2006-04-12 23:00:00,127.98000000000002
2006-04-13 23:00:00,127.51000000000002
2006-04-17 23:00:00,127.61000000000001
2006-04-18 23:00:00,127.60000000000001
2006-04-19 23:00:00,128.10000000000002
2006-04-20 23:00:00,127.93000000000002
2006-04-21 23:00:00,127.55000000000001
2006-04-24 23:00:00,125.47000000000001
2006-04-25 23:00:00,126.34000000000002
2006-04-26 23:00:00,126.57000000000001
2006-04-27 23:00:00,126.44000000000001
2006-04-28 23:00:00,126.48000000000002
2006-05-01 23:00:00,126.73000000000002
2006-05-02 23:00:00,127.13000000000001
2006-05-03 23:00:00,127.49000000000001
2006-05-04 23:00:00,127.62000000000002
2006-05-05 23:00:00,126.49000000000001
2006-05-08 23:00:00,125.50000000000001
2006-05-09 23:00:00,126.03000000000002
2006-05-10 23:00:00,125.18000000000002
2006-05-11 23:00:00,125.39000000000001
2006-05-12 23:00:00,124.47000000000001
2006-05-15 23:00:00,124.00000000000001
2006-05-16 23:00:00,124.17000000000002
2006-05-17 23:00:00,124.90000000000002
2006-05-18 23:00:00,124.00000000000001
2006-05-19 23:00:00,124.80000000000001
2006-05-22 23:00:00,125.15000000000002
2006-05-23 23:00:00,124.72000000000001
2006-05-24 23:00:00,125.80000000000001
2006-05-25 23:00:00,126.27000000000001
2006-05-26 23:00:00,126.91000000000001
2006-05-30 23:00:00,127.27000000000001
2006-05-31 23:00:00,127.47000000000001
2006-06-01 23:00:00,127.51
2006-06-02 23:00:00,126.63000000000001
2006-06-05 23:00:00,126.86000000000001
2006-06-06 23:00:00,126.94000000000001
2006-06-07 23:00:00,127.32000000000001
2006-06-08 23:00:00,127.07000000000001
2006-06-09 23:00:00,128.33
2006-06-12 23:00:00,129.36
2006-06-13 23:00:00,129.08
2006-06-14 23:00:00,128.68
2006-06-15 23:00:00,128.51
2006-06-16 23:00:00,127.88000000000001
2006-06-19 23:00:00,128.44
2006-06-20 23:00:00,128.22000000000003
2006-06-21 23:00:00,129.04000000000002
2006-06-22 23:00:00,129.33
2006-06-23 23:00:00,128.91000000000003
2006-06-26 23:00:00,129.02
2006-06-27 23:00:00,129.17000000000002
2006-06-28 23:00:00,129.22000000000003
2006-06-29 23:00:00,129.31
2006-06-30 23:00:00,128.13
2006-07-03 23:00:00,129.06
2006-07-05 23:00:00,129.67000000000002
2006-07-06 23:00:00,129.13
2006-07-07 23:00:00,127.98
2006-07-10 23:00:00,127.09
2006-07-11 23:00:00,126.56
2006-07-12 23:00:00,127.51
2006-07-13 23:00:00,127.81
2006-07-14 23:00:00,128.73000000000002
2006-07-17 23:00:00,128.9
2006-07-18 23:00:00,129.06
2006-07-19 23:00:00,128.72000000000003
2006-07-20 23:00:00,128.93
2006-07-21 23:00:00,127.97000000000001
2006-07-24 23:00:00,128.24
2006-07-25 23:00:00,128.52
2006-07-26 23:00:00,128.17000000000002
2006-07-27 23:00:00,127.73
2006-07-28 23:00:00,127.42000000000002
2006-07-31 23:00:00,127.35000000000001
2006-08-01 23:00:00,127.37
2006-08-02 23:00:00,127.73
2006-08-03 23:00:00,128.14000000000001
2006-08-04 23:00:00,127.26
2006-08-07 23:00:00,128.88
2006-08-08 23:00:00,128.52
2006-08-09 23:00:00,128.92000000000002
2006-08-10 23:00:00,128.37
2006-08-11 23:00:00,129.56
2006-08-14 23:00:00,129.74
2006-08-15 23:00:00,129.56
2006-08-16 23:00:00,129.73
2006-08-17 23:00:00,129.55
2006-08-18 23:00:00,129.01
2006-08-21 23:00:00,129.86
2006-08-22 23:00:00,130.62
2006-08-23 23:00:00,130.81
2006-08-24 23:00:00,131.06
2006-08-25 23:00:00,131.97000000000003
2006-08-28 23:00:00,131.82
2006-08-29 23:00:00,131.55
2006-08-30 23:00:00,131.86
2006-08-31 23:00:00,132.49
2006-09-01 23:00:00,132.28000000000003
2006-09-05 23:00:00,130.73000000000002
2006-09-06 23:00:00,131.85000000000002
2006-09-07 23:00:00,131.22000000000003
2006-09-08 23:00:00,130.72
2006-09-11 23:00:00,131.25
2006-09-12 23:00:00,131.78000000000003
2006-09-13 23:00:00,131.32000000000002
2006-09-14 23:00:00,131.66000000000003
2006-09-15 23:00:00,131.73000000000002
2006-09-18 23:00:00,131.99
2006-09-19 23:00:00,130.74
2006-09-20 23:00:00,130.54000000000002
2006-09-21 23:00:00,130.61
2006-09-22 23:00:00,130.74
2006-09-25 23:00:00,130.89000000000001
2006-09-26 23:00:00,131.65000000000003
2006-09-27 23:00:00,132.49
2006-09-28 23:00:00,132.68
2006-09-29 23:00:00,132.26000000000002
2006-10-02 23:00:00,132.10000000000002
2006-10-03 23:00:00,131.81
2006-10-04 23:00:00,131.34000000000003
2006-10-05 23:00:00,131.16
2006-10-06 23:00:00,132.35000000000002
2006-10-09 23:00:00,132.81
2006-10-10 23:00:00,132.44
2006-10-11 23:00:00,132.0
2006-10-12 23:00:00,131.91000000000003
2006-10-13 23:00:00,131.97000000000003
2006-10-16 23:00:00,131.49
2006-10-17 23:00:00,131.07000000000002
2006-10-18 23:00:00,131.49
2006-10-19 23:00:00,131.65000000000003
2006-10-20 23:00:00,132.40000000000003
2006-10-23 23:00:00,132.63
2006-10-24 23:00:00,132.88
2006-10-25 23:00:00,132.64000000000001
2006-10-26 23:00:00,132.33
2006-10-27 23:00:00,132.06
2006-10-30 23:00:00,131.20000000000002
2006-10-31 23:00:00,131.25
2006-11-01 23:00:00,130.11
2006-11-02 23:00:00,130.18000000000004
2006-11-03 23:00:00,131.51000000000002
2006-11-06 23:00:00,131.77
2006-11-07 23:00:00,131.28000000000003
2006-11-08 23:00:00,131.27
2006-11-09 23:00:00,131.55
2006-11-10 23:00:00,131.03
2006-11-13 23:00:00,130.92000000000002
2006-11-14 23:00:00,130.42000000000002
2006-11-15 23:00:00,130.72
2006-11-16 23:00:00,130.69000000000003
2006-11-17 23:00:00,129.93000000000004
2006-11-20 23:00:00,130.12000000000003
2006-11-21 23:00:00,130.07000000000002
2006-11-22 23:00:00,129.56000000000003
2006-11-24 23:00:00,129.41000000000003
2006-11-27 23:00:00,129.74
2006-11-28 23:00:00,129.9
2006-11-29 23:00:00,129.54000000000002
2006-11-30 23:00:00,128.79000000000002
2006-12-01 23:00:00,128.09000000000003
2006-12-04 23:00:00,128.46000000000004
2006-12-05 23:00:00,128.04000000000002
2006-12-06 23:00:00,127.75000000000003
2006-12-07 23:00:00,127.71000000000002
2006-12-08 23:00:00,128.69000000000003
2006-12-11 23:00:00,129.26000000000005
2006-12-12 23:00:00,128.95000000000005
2006-12-13 23:00:00,129.13000000000002
2006-12-14 23:00:00,129.35000000000002
2006-12-15 23:00:00,129.34000000000003
2006-12-18 23:00:00,129.57000000000002
2006-12-19 23:00:00,129.89000000000001
2006-12-20 23:00:00,130.59000000000003
2006-12-21 23:00:00,130.04000000000002
2006-12-22 23:00:00,130.22000000000003
2006-12-26 23:00:00,130.16000000000003
2006-12-27 23:00:00,129.86000000000004
2006-12-28 23:00:00,130.01000000000002
2006-12-29 23:00:00,129.82000000000002
2007-01-02 23:00:00,129.62000000000003
2007-01-03 23:00:00,129.58
2007-01-04 23:00:00,128.85000000000002
2007-01-05 23:00:00,128.84000000000003
2007-01-08 23:00:00,128.75000000000003
2007-01-09 23:00:00,129.20000000000005
2007-01-10 23:00:00,129.43
2007-01-11 23:00:00,130.06000000000003
2007-01-12 23:00:00,130.82000000000002
2007-01-16 23:00:00,130.32000000000002
2007-01-17 23:00:00,130.68000000000004
2007-01-18 23:00:00,131.12000000000003
2007-01-19 23:00:00,131.40000000000003
2007-01-22 23:00:00,130.74000000000004
2007-01-23 23:00:00,130.90000000000003
2007-01-24 23:00:00,130.40000000000003
2007-01-25 23:00:00,130.35000000000002
2007-01-26 23:00:00,130.87000000000003
2007-01-29 23:00:00,130.97000000000003
2007-01-30 23:00:00,130.96
2007-01-31 23:00:00,130.61000000000004
2007-02-01 23:00:00,130.30000000000004
2007-02-02 23:00:00,130.09000000000003
2007-02-05 23:00:00,129.81000000000003
2007-02-06 23:00:00,129.54000000000002
2007-02-07 23:00:00,129.83
2007-02-08 23:00:00,130.39000000000001
2007-02-09 23:00:00,131.44000000000003
2007-02-12 23:00:00,131.69000000000003
2007-02-13 23:00:00,132.04000000000002
2007-02-14 23:00:00,131.74
2007-02-15 23:00:00,130.81000000000003
2007-02-16 23:00:00,130.64000000000001
2007-02-20 23:00:00,130.64000000000001
2007-02-21 23:00:00,132.31000000000003
2007-02-22 23:00:00,132.88000000000002
2007-02-23 23:00:00,132.67000000000002
2007-02-26 23:00:00,132.15000000000003
2007-02-27 23:00:00,129.59000000000003
2007-02-28 23:00:00,129.44000000000005
2007-03-01 23:00:00,128.66000000000003
2007-03-02 23:00:00,127.73000000000003
2007-03-05 23:00:00,126.59000000000003
2007-03-06 23:00:00,127.44000000000004
2007-03-07 23:00:00,127.15000000000003
2007-03-08 23:00:00,127.50000000000004
2007-03-09 23:00:00,128.85000000000002
2007-03-12 23:00:00,128.79000000000002
2007-03-13 23:00:00,127.78000000000004
2007-03-14 23:00:00,127.70000000000003
2007-03-15 23:00:00,128.38000000000005
2007-03-16 23:00:00,127.74000000000004
2007-03-19 23:00:00,128.31000000000006
2007-03-20 23:00:00,129.50000000000006
2007-03-21 23:00:00,130.20000000000002
2007-03-22 23:00:00,130.53000000000006
2007-03-23 23:00:00,130.28000000000006
2007-03-26 23:00:00,130.14000000000004
2007-03-27 23:00:00,130.57000000000002
2007-03-28 23:00:00,129.43000000000004
2007-03-29 23:00:00,130.38000000000002
2007-03-30 23:00:00,130.52000000000004
2007-04-02 23:00:00,130.49000000000004
2007-04-03 23:00:00,131.16000000000005
2007-04-04 23:00:00,131.02000000000004
2007-04-05 23:00:00,131.80000000000004
2007-04-06 23:00:00,132.39000000000004
2007-04-09 23:00:00,132.13500000000005
2007-04-10 23:00:00,132.42500000000004
2007-04-11 23:00:00,133.17500000000004
2007-04-12 23:00:00,133.58000000000004
2007-04-13 23:00:00,133.50000000000006
2007-04-16 23:00:00,134.66500000000005
2007-04-17 23:00:00,133.99000000000004
2007-04-18 23:00:00,133.81000000000006
2007-04-19 23:00:00,133.64500000000004
2007-04-20 23:00:00,134.59000000000003
2007-04-23 23:00:00,134.41500000000002
2007-04-24 23:00:00,134.43000000000004
2007-04-25 23:00:00,135.24000000000004
2007-04-26 23:00:00,135.55000000000004
2007-04-27 23:00:00,136.02500000000003
2007-04-30 23:00:00,136.56000000000003
2007-05-01 23:00:00,136.64000000000004
2007-05-02 23:00:00,137.24500000000003
2007-05-03 23:00:00,137.65500000000006
2007-05-04 23:00:00,137.43500000000003
2007-05-07 23:00:00,137.86000000000004
2007-05-08 23:00:00,137.54000000000005
2007-05-09 23:00:00,137.46000000000004
2007-05-10 23:00:00,137.04500000000004
2007-05-11 23:00:00,136.91500000000005
2007-05-14 23:00:00,137.64500000000004
2007-05-15 23:00:00,138.45500000000004
2007-05-16 23:00:00,138.39500000000004
2007-05-17 23:00:00,139.40500000000006
2007-05-18 23:00:00,140.19500000000005
2007-05-21 23:00:00,140.98500000000004
2007-05-22 23:00:00,141.05000000000004
2007-05-23 23:00:00,141.46500000000003
2007-05-24 23:00:00,141.04000000000005
2007-05-25 23:00:00,141.83500000000004
2007-05-29 23:00:00,142.37000000000003
2007-05-30 23:00:00,142.38000000000002
2007-05-31 23:00:00,142.98000000000005
2007-06-01 23:00:00,144.14500000000004
2007-06-04 23:00:00,144.23000000000005
2007-06-05 23:00:00,143.47500000000005
2007-06-06 23:00:00,143.58000000000004
2007-06-07 23:00:00,143.25000000000006
2007-06-08 23:00:00,143.91500000000005
2007-06-11 23:00:00,144.04000000000005
2007-06-12 23:00:00,143.66000000000003
2007-06-13 23:00:00,144.05500000000004
2007-06-14 23:00:00,144.37500000000003
2007-06-15 23:00:00,144.88500000000005
2007-06-18 23:00:00,144.60000000000005
2007-06-19 23:00:00,145.46500000000003
2007-06-20 23:00:00,145.25000000000006
2007-06-21 23:00:00,144.33000000000004
2007-06-22 23:00:00,145.21500000000003
2007-06-25 23:00:00,144.87500000000006
2007-06-26 23:00:00,144.70000000000005
2007-06-27 23:00:00,143.69500000000005
2007-06-28 23:00:00,145.55000000000004
2007-06-29 23:00:00,145.34500000000003
2007-07-02 23:00:00,145.33500000000004
2007-07-03 23:00:00,144.80500000000006
2007-07-05 23:00:00,145.78500000000003
2007-07-06 23:00:00,147.08000000000004
2007-07-09 23:00:00,147.19500000000005
2007-07-10 23:00:00,145.68500000000006
2007-07-11 23:00:00,145.21500000000003
2007-07-12 23:00:00,146.53000000000003
2007-07-13 23:00:00,146.03000000000003
2007-07-16 23:00:00,146.40500000000003
2007-07-17 23:00:00,146.89500000000004
2007-07-18 23:00:00,146.22000000000003
2007-07-19 23:00:00,146.68500000000006
2007-07-20 23:00:00,145.45500000000004
2007-07-23 23:00:00,145.64000000000004
2007-07-24 23:00:00,146.18000000000006
2007-07-25 23:00:00,145.31500000000005
2007-07-26 23:00:00,142.39500000000004
2007-07-27 23:00:00,141.86500000000004
2007-07-30 23:00:00,140.90500000000006
2007-07-31 23:00:00,141.38000000000002
2007-08-01 23:00:00,141.84000000000006
2007-08-02 23:00:00,142.99500000000006
2007-08-03 23:00:00,142.32000000000005
2007-08-06 23:00:00,142.38000000000002
2007-08-07 23:00:00,142.20000000000005
2007-08-08 23:00:00,144.13000000000002
2007-08-09 23:00:00,142.12000000000003
2007-08-10 23:00:00,142.36000000000004
2007-08-13 23:00:00,142.47500000000005
2007-08-14 23:00:00,140.35000000000005
2007-08-15 23:00:00,138.68500000000003
2007-08-16 23:00:00,135.09500000000003
2007-08-17 23:00:00,137.38000000000005
2007-08-20 23:00:00,138.79000000000005
2007-08-21 23:00:00,137.49500000000003
2007-08-22 23:00:00,138.41000000000005
2007-08-23 23:00:00,140.02500000000006
2007-08-24 23:00:00,140.42000000000004
2007-08-27 23:00:00,140.32500000000005
2007-08-28 23:00:00,137.98500000000004
2007-08-29 23:00:00,138.83000000000004
2007-08-30 23:00:00,139.50500000000002
2007-08-31 23:00:00,140.13500000000005
2007-09-04 23:00:00,141.01500000000004
2007-09-05 23:00:00,139.55000000000004
2007-09-06 23:00:00,139.79500000000004
2007-09-07 23:00:00,137.72000000000006
2007-09-10 23:00:00,138.12500000000003
2007-09-11 23:00:00,139.89000000000004
2007-09-12 23:00:00,140.46500000000003
2007-09-13 23:00:00,142.01500000000004
2007-09-14 23:00:00,142.13000000000002
2007-09-17 23:00:00,142.31000000000003
2007-09-18 23:00:00,144.28500000000005
2007-09-19 23:00:00,144.85000000000002
2007-09-20 23:00:00,144.82000000000005
2007-09-21 23:00:00,145.74500000000003
2007-09-24 23:00:00,145.22000000000003
2007-09-25 23:00:00,144.76500000000004
2007-09-26 23:00:00,145.21000000000004
2007-09-27 23:00:00,145.93000000000004
2007-09-28 23:00:00,146.00000000000006
2007-10-01 23:00:00,147.31500000000005
2007-10-02 23:00:00,146.69000000000005
2007-10-03 23:00:00,147.47000000000003
2007-10-04 23:00:00,147.34500000000003
2007-10-05 23:00:00,149.58500000000004
2007-10-08 23:00:00,149.71500000000003
2007-10-09 23:00:00,149.76000000000005
2007-10-10 23:00:00,150.06500000000005
2007-10-11 23:00:00,150.76500000000004
2007-10-12 23:00:00,151.32000000000005
2007-10-15 23:00:00,150.52500000000003
2007-10-16 23:00:00,149.71000000000004
2007-10-17 23:00:00,149.99500000000003
2007-10-18 23:00:00,149.50500000000005
2007-10-19 23:00:00,149.70500000000004
2007-10-22 23:00:00,147.27000000000004
2007-10-23 23:00:00,149.45500000000004
2007-10-24 23:00:00,148.22000000000003
2007-10-25 23:00:00,148.70500000000004
2007-10-26 23:00:00,149.49500000000003
2007-10-29 23:00:00,151.10000000000002
2007-10-30 23:00:00,151.29000000000002
2007-10-31 23:00:00,152.80000000000004
2007-11-01 23:00:00,152.06000000000006
2007-11-02 23:00:00,153.48500000000004
2007-11-05 23:00:00,153.48000000000002
2007-11-06 23:00:00,155.08500000000004
2007-11-07 23:00:00,153.33000000000004
2007-11-08 23:00:00,150.58500000000004
2007-11-09 23:00:00,148.97000000000003
2007-11-12 23:00:00,145.29500000000004
2007-11-13 23:00:00,145.84500000000003
2007-11-14 23:00:00,146.82000000000005
2007-11-15 23:00:00,143.10500000000002
2007-11-16 23:00:00,144.73500000000004
2007-11-19 23:00:00,142.96000000000004
2007-11-20 23:00:00,142.72000000000003
2007-11-21 23:00:00,140.90500000000006
2007-11-23 23:00:00,140.86500000000004
2007-11-26 23:00:00,140.51000000000005
2007-11-27 23:00:00,140.06000000000003
2007-11-28 23:00:00,142.92500000000004
2007-11-29 23:00:00,141.42500000000004
2007-11-30 23:00:00,142.28000000000006
2007-12-03 23:00:00,141.76500000000004
2007-12-04 23:00:00,139.64000000000004
2007-12-05 23:00:00,140.11500000000004
2007-12-06 23:00:00,141.63000000000002
2007-12-07 23:00:00,142.58000000000004
2007-12-10 23:00:00,142.21500000000006
2007-12-11 23:00:00,140.85500000000002
2007-12-12 23:00:00,142.17000000000004
2007-12-13 23:00:00,141.36000000000004
2007-12-14 23:00:00,142.78000000000003
2007-12-17 23:00:00,143.86000000000004
2007-12-18 23:00:00,144.24000000000004
2007-12-19 23:00:00,144.41000000000005
2007-12-20 23:00:00,144.50000000000006
2007-12-21 23:00:00,146.02500000000003
2007-12-24 23:00:00,147.73000000000002
2007-12-26 23:00:00,147.97000000000003
2007-12-27 23:00:00,147.52500000000003
2007-12-28 23:00:00,146.54000000000002
2007-12-31 23:00:00,144.56000000000006
2008-01-02 23:00:00,142.19500000000002
2008-01-03 23:00:00,142.17500000000004
2008-01-04 23:00:00,141.53500000000005
2008-01-07 23:00:00,140.13000000000005
2008-01-08 23:00:00,140.94000000000003
2008-01-09 23:00:00,140.07000000000002
2008-01-10 23:00:00,140.38000000000005
2008-01-11 23:00:00,138.61500000000004
2008-01-14 23:00:00,138.29000000000005
2008-01-15 23:00:00,137.30000000000004
2008-01-16 23:00:00,137.20500000000004
2008-01-17 23:00:00,135.86500000000004
2008-01-18 23:00:00,136.10000000000002
2008-01-21 23:00:00,134.79000000000005
2008-01-22 23:00:00,135.78000000000003
2008-01-23 23:00:00,134.62500000000003
2008-01-24 23:00:00,138.04000000000005
2008-01-25 23:00:00,138.43500000000003
2008-01-28 23:00:00,138.37500000000003
2008-01-29 23:00:00,139.02000000000004
2008-01-30 23:00:00,140.31500000000005
2008-01-31 23:00:00,138.06500000000003
2008-02-01 23:00:00,139.26000000000002
2008-02-04 23:00:00,139.50500000000002
2008-02-05 23:00:00,138.36000000000004
2008-02-06 23:00:00,138.20000000000005
2008-02-07 23:00:00,138.42500000000004
2008-02-08 23:00:00,139.40000000000003
2008-02-11 23:00:00,139.04000000000005
2008-02-12 23:00:00,139.46000000000004
2008-02-13 23:00:00,140.65500000000003
2008-02-14 23:00:00,140.19500000000005
2008-02-15 23:00:00,138.97000000000006
2008-02-18 23:00:00,139.75000000000003
2008-02-19 23:00:00,138.12500000000003
2008-02-20 23:00:00,138.99000000000004
2008-02-21 23:00:00,138.36500000000004
2008-02-22 23:00:00,137.72000000000006
2008-02-25 23:00:00,140.77500000000003
2008-02-26 23:00:00,141.58000000000004
2008-02-27 23:00:00,140.74500000000003
2008-02-28 23:00:00,140.29500000000004
2008-02-29 23:00:00,138.05000000000004
2008-03-03 23:00:00,136.41500000000005
2008-03-04 23:00:00,136.13000000000005
2008-03-05 23:00:00,137.90500000000006
2008-03-06 23:00:00,136.86000000000004
2008-03-07 23:00:00,136.37000000000006
2008-03-10 23:00:00,134.66000000000005
2008-03-11 23:00:00,136.64000000000004
2008-03-12 23:00:00,135.55500000000006
2008-03-13 23:00:00,134.81000000000003
2008-03-14 23:00:00,133.29000000000005
2008-03-17 23:00:00,130.34500000000006
2008-03-18 23:00:00,132.55500000000006
2008-03-19 23:00:00,131.03500000000005
2008-03-20 23:00:00,128.61500000000007
2008-03-24 23:00:00,131.78500000000003
2008-03-25 23:00:00,131.44500000000005
2008-03-26 23:00:00,130.39500000000004
2008-03-27 23:00:00,130.91500000000005
2008-03-28 23:00:00,130.25000000000003
2008-03-31 23:00:00,129.76000000000005
2008-04-01 23:00:00,132.48500000000004
2008-04-02 23:00:00,133.28500000000003
2008-04-03 23:00:00,134.69500000000005
2008-04-04 23:00:00,133.63500000000005
2008-04-07 23:00:00,133.84000000000003
2008-04-08 23:00:00,133.96000000000004
2008-04-09 23:00:00,132.62500000000006
2008-04-10 23:00:00,132.83500000000004
2008-04-11 23:00:00,131.38500000000005
2008-04-14 23:00:00,131.92000000000004
2008-04-15 23:00:00,132.48500000000004
2008-04-16 23:00:00,134.42000000000004
2008-04-17 23:00:00,134.08000000000004
2008-04-18 23:00:00,136.09000000000003
2008-04-21 23:00:00,135.30500000000006
2008-04-22 23:00:00,135.02500000000003
2008-04-23 23:00:00,134.73500000000004
2008-04-24 23:00:00,135.80500000000006
2008-04-25 23:00:00,135.80000000000004
2008-04-28 23:00:00,135.99500000000006
2008-04-29 23:00:00,135.66000000000003
2008-04-30 23:00:00,136.32000000000005
2008-05-01 23:00:00,135.44000000000005
2008-05-02 23:00:00,136.27500000000003
2008-05-05 23:00:00,136.42500000000004
2008-05-06 23:00:00,137.51000000000005
2008-05-07 23:00:00,137.18500000000006
2008-05-08 23:00:00,135.30500000000006
2008-05-09 23:00:00,135.30000000000004
2008-05-12 23:00:00,136.40500000000006
2008-05-13 23:00:00,137.61000000000004
2008-05-14 23:00:00,138.04500000000004
2008-05-15 23:00:00,137.78000000000006
2008-05-16 23:00:00,137.18500000000006
2008-05-19 23:00:00,138.27000000000004
2008-05-20 23:00:00,137.66000000000005
2008-05-21 23:00:00,137.77000000000004
2008-05-22 23:00:00,138.98500000000004
2008-05-23 23:00:00,137.47000000000006
2008-05-26 23:00:00,137.39500000000004
2008-05-27 23:00:00,138.01500000000004
2008-05-28 23:00:00,138.05000000000004
2008-05-29 23:00:00,140.11000000000004
2008-05-30 23:00:00,139.12500000000003
2008-06-02 23:00:00,137.45500000000004
2008-06-03 23:00:00,137.09500000000003
2008-06-04 23:00:00,136.59000000000006
2008-06-05 23:00:00,137.01500000000004
2008-06-06 23:00:00,136.35500000000005
2008-06-09 23:00:00,137.02000000000004
2008-06-10 23:00:00,138.26000000000005
2008-06-11 23:00:00,138.12000000000003
2008-06-12 23:00:00,138.15000000000006
2008-06-13 23:00:00,138.37000000000003
2008-06-16 23:00:00,138.86000000000004
2008-06-17 23:00:00,139.32500000000005
2008-06-18 23:00:00,139.20000000000005
2008-06-19 23:00:00,139.66500000000005
2008-06-20 23:00:00,138.46500000000006
2008-06-23 23:00:00,139.57500000000005
2008-06-24 23:00:00,139.89000000000004
2008-06-25 23:00:00,140.25000000000006
2008-06-26 23:00:00,138.75500000000002
2008-06-27 23:00:00,138.52000000000004
2008-06-30 23:00:00,137.55500000000004
2008-07-01 23:00:00,137.01000000000005
2008-07-02 23:00:00,138.03000000000006
2008-07-03 23:00:00,137.86500000000004
2008-07-04 23:00:00,138.15000000000006
2008-07-07 23:00:00,138.46000000000006
2008-07-08 23:00:00,138.72500000000005
2008-07-09 23:00:00,139.11000000000004
2008-07-10 23:00:00,139.53000000000006
2008-07-11 23:00:00,139.04000000000005
2008-07-14 23:00:00,138.95500000000004
2008-07-15 23:00:00,138.24000000000004
2008-07-16 23:00:00,138.14000000000004
2008-07-17 23:00:00,139.39000000000004
2008-07-18 23:00:00,139.67000000000004
2008-07-21 23:00:00,140.08000000000004
2008-07-22 23:00:00,139.81000000000003
2008-07-23 23:00:00,140.29000000000005
2008-07-24 23:00:00,139.47500000000005
2008-07-25 23:00:00,139.35000000000005
2008-07-28 23:00:00,138.58000000000004
2008-07-29 23:00:00,139.05000000000004
2008-07-30 23:00:00,139.15000000000006
2008-07-31 23:00:00,138.98000000000005
2008-08-01 23:00:00,138.42500000000004
2008-08-04 23:00:00,138.01500000000004
2008-08-05 23:00:00,137.32000000000005
2008-08-06 23:00:00,138.21000000000006
2008-08-07 23:00:00,137.71500000000006
2008-08-08 23:00:00,136.86000000000004
2008-08-11 23:00:00,136.67000000000004
2008-08-12 23:00:00,136.60000000000005
2008-08-13 23:00:00,136.72500000000005
2008-08-14 23:00:00,136.89000000000004
2008-08-15 23:00:00,138.00500000000002
2008-08-18 23:00:00,137.25500000000005
2008-08-19 23:00:00,137.07500000000005
2008-08-20 23:00:00,137.08000000000004
2008-08-21 23:00:00,137.61000000000004
2008-08-22 23:00:00,138.69500000000005
2008-08-25 23:00:00,138.69500000000005
2008-08-26 23:00:00,138.27000000000004
2008-08-27 23:00:00,138.41500000000005
2008-08-28 23:00:00,137.90500000000006
2008-08-29 23:00:00,136.00000000000006
2008-09-01 23:00:00,135.07500000000005
2008-09-02 23:00:00,135.45500000000004
2008-09-03 23:00:00,135.76500000000004
2008-09-04 23:00:00,135.71000000000004
2008-09-05 23:00:00,135.72000000000003
2008-09-08 23:00:00,136.03000000000003
2008-09-09 23:00:00,136.03000000000003
2008-09-10 23:00:00,134.51000000000005
2008-09-11 23:00:00,132.84000000000003
2008-09-12 23:00:00,135.41000000000003
2008-09-15 23:00:00,132.80000000000004
2008-09-16 23:00:00,131.69500000000005
2008-09-17 23:00:00,132.39000000000004
2008-09-18 23:00:00,131.95500000000004
2008-09-19 23:00:00,135.73000000000005
2008-09-22 23:00:00,135.77500000000003
2008-09-23 23:00:00,135.53000000000003
2008-09-24 23:00:00,135.96500000000003
2008-09-25 23:00:00,136.72500000000005
2008-09-26 23:00:00,136.39000000000004
2008-09-29 23:00:00,134.16500000000002
2008-09-30 23:00:00,133.67000000000004
2008-10-01 23:00:00,133.43500000000006
2008-10-02 23:00:00,131.26000000000005
2008-10-03 23:00:00,131.38000000000005
2008-10-06 23:00:00,124.85500000000005
2008-10-07 23:00:00,125.79000000000003
2008-10-08 23:00:00,122.48000000000005
2008-10-09 23:00:00,121.95000000000005
2008-10-10 23:00:00,117.98000000000005
2008-10-13 23:00:00,121.43000000000004
2008-10-14 23:00:00,121.64000000000004
2008-10-15 23:00:00,118.90000000000003
2008-10-16 23:00:00,119.14500000000004
2008-10-17 23:00:00,119.99500000000005
2008-10-20 23:00:00,119.52500000000003
2008-10-21 23:00:00,116.99500000000005
2008-10-22 23:00:00,112.52000000000004
2008-10-23 23:00:00,111.86500000000004
2008-10-24 23:00:00,108.30500000000004
2008-10-27 23:00:00,107.23000000000005
2008-10-28 23:00:00,109.93500000000004
2008-10-29 23:00:00,113.49000000000004
2008-10-30 23:00:00,115.81000000000004
2008-10-31 23:00:00,116.30000000000004
2008-11-03 23:00:00,117.71500000000005
2008-11-04 23:00:00,120.76000000000005
2008-11-05 23:00:00,119.48000000000005
2008-11-06 23:00:00,116.52000000000004
2008-11-07 23:00:00,116.84500000000004
2008-11-10 23:00:00,116.24000000000004
2008-11-11 23:00:00,115.60500000000005
2008-11-12 23:00:00,111.47500000000004
2008-11-13 23:00:00,112.88000000000004
2008-11-14 23:00:00,114.22500000000004
2008-11-17 23:00:00,113.54500000000004
2008-11-18 23:00:00,112.32000000000004
2008-11-19 23:00:00,111.36000000000004
2008-11-20 23:00:00,108.18500000000004
2008-11-21 23:00:00,108.31000000000004
2008-11-24 23:00:00,112.62000000000005
2008-11-25 23:00:00,112.28500000000004
2008-11-26 23:00:00,111.83000000000004
2008-11-27 23:00:00,111.80500000000004
2008-11-28 23:00:00,111.53000000000004
2008-12-01 23:00:00,109.71000000000005
2008-12-02 23:00:00,108.85500000000005
2008-12-03 23:00:00,108.50000000000004
2008-12-04 23:00:00,106.91000000000005
2008-12-05 23:00:00,106.72000000000004
2008-12-08 23:00:00,108.90000000000005
2008-12-09 23:00:00,107.47500000000005
2008-12-10 23:00:00,108.08500000000005
2008-12-11 23:00:00,109.23000000000005
2008-12-12 23:00:00,107.94500000000005
2008-12-15 23:00:00,107.78000000000004
2008-12-16 23:00:00,108.17000000000004
2008-12-17 23:00:00,108.12000000000005
2008-12-18 23:00:00,109.16000000000005
2008-12-19 23:00:00,107.71500000000005
2008-12-22 23:00:00,108.51000000000005
2008-12-23 23:00:00,109.31000000000004
2008-12-24 23:00:00,109.34500000000004
2008-12-26 23:00:00,108.70000000000005
2008-12-29 23:00:00,109.26000000000005
2008-12-30 23:00:00,108.27000000000005
2008-12-31 23:00:00,108.86000000000004
2009-01-02 23:00:00,110.61000000000004
2009-01-05 23:00:00,112.85500000000005
2009-01-06 23:00:00,114.25500000000005
2009-01-07 23:00:00,112.02500000000005
2009-01-08 23:00:00,111.82000000000005
2009-01-09 23:00:00,110.85000000000005
2009-01-12 23:00:00,107.87500000000004
2009-01-13 23:00:00,107.28500000000005
2009-01-14 23:00:00,106.22500000000005
2009-01-15 23:00:00,106.35500000000005
2009-01-16 23:00:00,106.88500000000005
2009-01-19 23:00:00,106.79500000000004
2009-01-20 23:00:00,105.70500000000004
2009-01-21 23:00:00,104.58000000000004
2009-01-22 23:00:00,105.71000000000005
2009-01-23 23:00:00,106.55000000000004
2009-01-26 23:00:00,107.36000000000004
2009-01-27 23:00:00,107.24500000000005
2009-01-28 23:00:00,109.10500000000005
2009-01-29 23:00:00,108.15000000000005
2009-01-30 23:00:00,107.78000000000004
2009-02-02 23:00:00,106.59500000000004
2009-02-03 23:00:00,106.92000000000004
2009-02-04 23:00:00,107.20500000000004
2009-02-05 23:00:00,109.01500000000004
2009-02-06 23:00:00,109.81500000000004
2009-02-09 23:00:00,109.67500000000004
2009-02-10 23:00:00,107.04500000000004
2009-02-11 23:00:00,107.48500000000004
2009-02-12 23:00:00,106.84500000000004
2009-02-13 23:00:00,108.68000000000005
2009-02-16 23:00:00,108.54000000000005
2009-02-17 23:00:00,107.80000000000004
2009-02-18 23:00:00,109.16000000000005
2009-02-19 23:00:00,109.85500000000005
2009-02-20 23:00:00,109.35500000000005
2009-02-23 23:00:00,110.29500000000004
2009-02-24 23:00:00,112.77000000000005
2009-02-25 23:00:00,112.67000000000004
2009-02-26 23:00:00,113.42500000000004
2009-02-27 23:00:00,111.81500000000004
2009-03-02 23:00:00,110.58000000000004
2009-03-03 23:00:00,111.00500000000004
2009-03-04 23:00:00,112.59500000000004
2009-03-05 23:00:00,110.84500000000004
2009-03-06 23:00:00,110.76500000000004
2009-03-09 23:00:00,110.99000000000004
2009-03-10 23:00:00,111.54500000000004
2009-03-11 23:00:00,110.24500000000005
2009-03-12 23:00:00,111.47000000000004
2009-03-13 23:00:00,111.74000000000004
2009-03-16 23:00:00,112.32000000000004
2009-03-17 23:00:00,112.38000000000004
2009-03-18 23:00:00,111.81500000000004
2009-03-19 23:00:00,111.12500000000004
2009-03-20 23:00:00,112.27000000000004
2009-03-23 23:00:00,113.72500000000004
2009-03-24 23:00:00,114.72500000000004
2009-03-25 23:00:00,113.60000000000004
2009-03-26 23:00:00,114.85500000000005
2009-03-27 23:00:00,114.08000000000004
2009-03-30 23:00:00,111.63500000000005
2009-03-31 23:00:00,113.43000000000004
2009-04-01 23:00:00,113.13500000000005
2009-04-02 23:00:00,115.10500000000005
2009-04-03 23:00:00,116.39000000000004
2009-04-06 23:00:00,116.20000000000005
2009-04-07 23:00:00,116.05000000000004
2009-04-08 23:00:00,115.38500000000005
2009-04-09 23:00:00,116.67000000000004
2009-04-13 23:00:00,116.78000000000004
2009-04-14 23:00:00,116.30500000000004
2009-04-15 23:00:00,117.03500000000004
2009-04-16 23:00:00,116.93500000000004
2009-04-17 23:00:00,116.51000000000005
2009-04-20 23:00:00,113.87500000000004
2009-04-21 23:00:00,114.60000000000004
2009-04-22 23:00:00,114.20500000000004
2009-04-23 23:00:00,114.71000000000004
2009-04-24 23:00:00,115.17500000000004
2009-04-27 23:00:00,114.14500000000004
2009-04-28 23:00:00,113.95000000000005
2009-04-29 23:00:00,116.19000000000004
2009-04-30 23:00:00,117.53500000000004
2009-05-01 23:00:00,118.76500000000004
2009-05-04 23:00:00,118.87000000000005
2009-05-05 23:00:00,119.03000000000004
2009-05-06 23:00:00,119.09500000000004
2009-05-07 23:00:00,119.18000000000004
2009-05-08 23:00:00,120.26000000000005
2009-05-11 23:00:00,118.78000000000004
2009-05-12 23:00:00,117.78000000000004
2009-05-13 23:00:00,116.16500000000005
2009-05-14 23:00:00,116.66000000000004
2009-05-15 23:00:00,115.44500000000004
2009-05-18 23:00:00,117.71000000000004
2009-05-19 23:00:00,118.25000000000004
2009-05-20 23:00:00,118.33000000000004
2009-05-21 23:00:00,117.47500000000004
2009-05-22 23:00:00,118.93500000000004
2009-05-26 23:00:00,119.80000000000004
2009-05-27 23:00:00,120.24000000000004
2009-05-28 23:00:00,121.85500000000005
2009-05-29 23:00:00,121.84500000000004
2009-06-01 23:00:00,123.51000000000005
2009-06-02 23:00:00,123.40500000000004
2009-06-03 23:00:00,121.34500000000004
2009-06-04 23:00:00,123.27000000000004
2009-06-05 23:00:00,122.87500000000004
2009-06-08 23:00:00,122.89000000000004
2009-06-09 23:00:00,123.45500000000004
2009-06-10 23:00:00,123.44000000000004
2009-06-11 23:00:00,123.66000000000004
2009-06-12 23:00:00,122.73000000000005
2009-06-15 23:00:00,121.05000000000004
2009-06-16 23:00:00,119.96000000000005
2009-06-17 23:00:00,119.55500000000005
2009-06-18 23:00:00,120.18000000000005
2009-06-19 23:00:00,119.76500000000004
2009-06-22 23:00:00,118.19500000000005
2009-06-23 23:00:00,117.62000000000005
2009-06-24 23:00:00,118.04000000000005
2009-06-25 23:00:00,117.78000000000004
2009-06-26 23:00:00,117.51000000000005
2009-06-29 23:00:00,117.93500000000004
2009-06-30 23:00:00,117.84500000000004
2009-07-01 23:00:00,118.92000000000004
2009-07-02 23:00:00,117.60500000000005
2009-07-03 23:00:00,117.48000000000005
2009-07-06 23:00:00,116.86500000000005
2009-07-07 23:00:00,116.28000000000004
2009-07-08 23:00:00,113.86000000000004
2009-07-09 23:00:00,115.05500000000005
2009-07-10 23:00:00,114.31000000000004
2009-07-13 23:00:00,115.46500000000005
2009-07-14 23:00:00,117.07500000000005
2009-07-15 23:00:00,119.78000000000004
2009-07-16 23:00:00,118.78500000000004
2009-07-17 23:00:00,119.35500000000005
2009-07-20 23:00:00,120.04500000000004
2009-07-21 23:00:00,119.49500000000005
2009-07-22 23:00:00,120.10500000000005
2009-07-23 23:00:00,122.57500000000005
2009-07-24 23:00:00,122.33000000000004
2009-07-27 23:00:00,123.06000000000004
2009-07-28 23:00:00,122.27500000000005
2009-07-29 23:00:00,121.96500000000005
2009-07-30 23:00:00,123.21000000000005
2009-07-31 23:00:00,122.79000000000005
2009-08-03 23:00:00,124.23000000000005
2009-08-04 23:00:00,123.61500000000005
2009-08-05 23:00:00,123.71000000000005
2009-08-06 23:00:00,123.41000000000004
2009-08-07 23:00:00,125.04500000000004
2009-08-10 23:00:00,124.00000000000004
2009-08-11 23:00:00,122.11500000000005
2009-08-12 23:00:00,123.39000000000004
2009-08-13 23:00:00,122.22500000000005
2009-08-14 23:00:00,121.06000000000004
2009-08-17 23:00:00,120.38500000000005
2009-08-18 23:00:00,120.83500000000005
2009-08-19 23:00:00,120.65000000000005
2009-08-20 23:00:00,121.36000000000004
2009-08-21 23:00:00,121.95500000000004
2009-08-24 23:00:00,122.68000000000005
2009-08-25 23:00:00,121.75500000000004
2009-08-26 23:00:00,120.64000000000004
2009-08-27 23:00:00,121.14500000000004
2009-08-28 23:00:00,120.57500000000005
2009-08-31 23:00:00,119.85500000000005
2009-09-01 23:00:00,119.07000000000005
2009-09-02 23:00:00,118.25500000000004
2009-09-03 23:00:00,118.81500000000004
2009-09-04 23:00:00,120.60500000000005
2009-09-08 23:00:00,120.35500000000005
2009-09-09 23:00:00,120.19000000000004
2009-09-10 23:00:00,119.98500000000004
2009-09-11 23:00:00,119.06500000000004
2009-09-14 23:00:00,118.83500000000004
2009-09-15 23:00:00,119.85500000000005
2009-09-16 23:00:00,120.22000000000004
2009-09-17 23:00:00,120.60500000000005
2009-09-18 23:00:00,120.40500000000004
2009-09-21 23:00:00,120.46000000000004
2009-09-22 23:00:00,120.41500000000005
2009-09-23 23:00:00,120.23500000000004
2009-09-24 23:00:00,118.71500000000005
2009-09-25 23:00:00,117.31500000000004
2009-09-28 23:00:00,117.60000000000004
2009-09-29 23:00:00,118.18000000000005
2009-09-30 23:00:00,118.86500000000004
2009-10-01 23:00:00,117.76000000000005
2009-10-02 23:00:00,117.78000000000004
2009-10-05 23:00:00,118.66000000000004
2009-10-06 23:00:00,118.77500000000005
2009-10-07 23:00:00,118.38000000000004
2009-10-08 23:00:00,119.14500000000004
2009-10-09 23:00:00,121.05500000000005
2009-10-12 23:00:00,121.82000000000005
2009-10-13 23:00:00,121.75000000000004
2009-10-14 23:00:00,122.09500000000004
2009-10-15 23:00:00,122.72500000000004
2009-10-16 23:00:00,122.51500000000004
2009-10-19 23:00:00,123.14500000000004
2009-10-20 23:00:00,121.33000000000004
2009-10-21 23:00:00,122.65000000000005
2009-10-22 23:00:00,122.03500000000004
2009-10-23 23:00:00,122.52500000000005
2009-10-26 23:00:00,121.38000000000004
2009-10-27 23:00:00,121.31000000000004
2009-10-28 23:00:00,119.16500000000005
2009-10-29 23:00:00,120.84500000000004
2009-10-30 23:00:00,118.32000000000005
2009-11-02 23:00:00,118.75500000000004
2009-11-03 23:00:00,119.58000000000004
2009-11-04 23:00:00,120.56500000000004
2009-11-05 23:00:00,120.24500000000005
2009-11-06 23:00:00,118.55500000000005
2009-11-09 23:00:00,120.36000000000004
2009-11-10 23:00:00,120.55500000000005
2009-11-11 23:00:00,120.92000000000004
2009-11-12 23:00:00,120.64500000000004
2009-11-13 23:00:00,120.23000000000005
2009-11-16 23:00:00,119.98500000000004
2009-11-17 23:00:00,119.84500000000004
2009-11-18 23:00:00,119.66000000000004
2009-11-19 23:00:00,118.75500000000004
2009-11-20 23:00:00,118.05500000000005
2009-11-23 23:00:00,119.33000000000004
2009-11-24 23:00:00,118.74000000000004
2009-11-25 23:00:00,118.60500000000005
2009-11-27 23:00:00,116.68500000000004
2009-11-30 23:00:00,116.66000000000004
2009-12-01 23:00:00,118.06000000000004
2009-12-02 23:00:00,118.15500000000004
2009-12-03 23:00:00,118.68500000000004
2009-12-04 23:00:00,120.64000000000004
2009-12-07 23:00:00,119.95500000000004
2009-12-08 23:00:00,117.75500000000004
2009-12-09 23:00:00,118.28000000000004
2009-12-10 23:00:00,118.94500000000004
2009-12-11 23:00:00,119.04000000000003
2009-12-14 23:00:00,118.64000000000004
2009-12-15 23:00:00,119.54500000000004
2009-12-16 23:00:00,119.57000000000004
2009-12-17 23:00:00,119.03500000000004
2009-12-18 23:00:00,119.88000000000004
2009-12-21 23:00:00,120.92000000000004
2009-12-22 23:00:00,121.92000000000004
2009-12-23 23:00:00,122.51000000000003
2009-12-24 23:00:00,122.29500000000004
2009-12-28 23:00:00,122.82500000000005
2009-12-29 23:00:00,123.11500000000004
2009-12-30 23:00:00,122.62000000000003
2009-12-31 23:00:00,124.03000000000004
2010-01-04 23:00:00,123.83500000000004
2010-01-05 23:00:00,123.25000000000004
2010-01-06 23:00:00,124.51000000000003
2010-01-07 23:00:00,125.09000000000005
2010-01-08 23:00:00,124.75000000000004
2010-01-11 23:00:00,124.11500000000004
2010-01-12 23:00:00,122.72000000000004
2010-01-13 23:00:00,123.72000000000004
2010-01-14 23:00:00,123.96500000000005
2010-01-15 23:00:00,123.21500000000005
2010-01-19 23:00:00,123.34500000000004
2010-01-20 23:00:00,122.05000000000004
2010-01-21 23:00:00,121.10000000000004
2010-01-22 23:00:00,119.86000000000004
2010-01-25 23:00:00,120.35000000000004
2010-01-26 23:00:00,119.61500000000004
2010-01-27 23:00:00,119.40500000000004
2010-01-28 23:00:00,119.40000000000003
2010-01-29 23:00:00,119.44500000000004
2010-02-01 23:00:00,120.26500000000004
2010-02-02 23:00:00,120.32500000000005
2010-02-03 23:00:00,120.71500000000005
2010-02-04 23:00:00,118.23000000000003
2010-02-05 23:00:00,118.11500000000004
2010-02-08 23:00:00,118.29000000000003
2010-02-09 23:00:00,118.87500000000004
2010-02-10 23:00:00,119.68500000000004
2010-02-11 23:00:00,120.52000000000004
2010-02-12 23:00:00,120.65000000000003
2010-02-16 23:00:00,121.29500000000004
2010-02-17 23:00:00,122.28500000000004
2010-02-18 23:00:00,122.84000000000005
2010-02-19 23:00:00,123.19500000000004
2010-02-22 23:00:00,122.58000000000004
2010-02-23 23:00:00,120.53000000000004
2010-02-24 23:00:00,120.45500000000004
2010-02-25 23:00:00,118.96000000000004
2010-02-26 23:00:00,119.52000000000004
2010-03-01 23:00:00,120.53500000000004
2010-03-02 23:00:00,120.61500000000004
2010-03-03 23:00:00,120.74500000000005
2010-03-04 23:00:00,121.45000000000005
2010-03-05 23:00:00,122.81000000000004
2010-03-08 23:00:00,122.91500000000003
2010-03-09 23:00:00,122.70500000000004
2010-03-10 23:00:00,123.22500000000004
2010-03-11 23:00:00,123.39500000000004
2010-03-12 23:00:00,123.98000000000005
2010-03-15 23:00:00,123.72000000000004
2010-03-16 23:00:00,124.04000000000003
2010-03-17 23:00:00,124.42000000000004
2010-03-18 23:00:00,124.18500000000004
2010-03-19 23:00:00,124.10000000000004
2010-03-22 23:00:00,123.39500000000004
2010-03-23 23:00:00,123.87500000000004
2010-03-24 23:00:00,124.89000000000004
2010-03-25 23:00:00,125.75500000000004
2010-03-26 23:00:00,124.99500000000005
2010-03-29 23:00:00,125.58500000000004
2010-03-30 23:00:00,126.11000000000004
2010-03-31 23:00:00,127.12500000000004
2010-04-01 23:00:00,128.05500000000004
2010-04-05 23:00:00,128.98000000000005
2010-04-06 23:00:00,128.95500000000004
2010-04-07 23:00:00,127.93500000000004
2010-04-08 23:00:00,128.14000000000004
2010-04-09 23:00:00,127.84000000000005
2010-04-12 23:00:00,127.91500000000003
2010-04-13 23:00:00,127.95000000000005
2010-04-14 23:00:00,128.27500000000003
2010-04-15 23:00:00,127.93000000000004
2010-04-16 23:00:00,125.85500000000005
2010-04-19 23:00:00,126.07000000000004
2010-04-20 23:00:00,128.38500000000005
2010-04-21 23:00:00,128.05500000000004
2010-04-22 23:00:00,128.46000000000004
2010-04-23 23:00:00,129.09500000000003
2010-04-26 23:00:00,129.00500000000005
2010-04-27 23:00:00,126.83000000000004
2010-04-28 23:00:00,128.58000000000004
2010-04-29 23:00:00,128.48000000000005
2010-04-30 23:00:00,127.45500000000004
2010-05-03 23:00:00,128.64500000000004
2010-05-04 23:00:00,127.16000000000004
2010-05-05 23:00:00,125.82000000000004
2010-05-06 23:00:00,119.09500000000004
2010-05-07 23:00:00,122.68500000000004
2010-05-10 23:00:00,125.92500000000004
2010-05-11 23:00:00,126.11000000000004
2010-05-12 23:00:00,126.44500000000004
2010-05-13 23:00:00,126.29500000000004
2010-05-14 23:00:00,124.38000000000004
2010-05-17 23:00:00,124.44500000000004
2010-05-18 23:00:00,123.75500000000004
2010-05-19 23:00:00,122.50500000000004
2010-05-20 23:00:00,119.75000000000004
2010-05-21 23:00:00,119.56000000000004
2010-05-24 23:00:00,120.59000000000005
2010-05-25 23:00:00,118.85500000000005
2010-05-26 23:00:00,119.66000000000004
2010-05-27 23:00:00,121.53000000000004
2010-05-28 23:00:00,121.43500000000004
2010-06-01 23:00:00,121.86500000000005
2010-06-02 23:00:00,123.65500000000004
2010-06-03 23:00:00,124.00000000000004
2010-06-04 23:00:00,121.28500000000005
2010-06-07 23:00:00,121.79000000000005
2010-06-08 23:00:00,121.90500000000004
2010-06-09 23:00:00,122.22500000000005
2010-06-10 23:00:00,123.35000000000005
2010-06-11 23:00:00,123.28500000000005
2010-06-14 23:00:00,123.89000000000004
2010-06-15 23:00:00,124.05500000000005
2010-06-16 23:00:00,124.29000000000005
2010-06-17 23:00:00,123.28500000000005
2010-06-18 23:00:00,123.76500000000004
2010-06-21 23:00:00,123.96000000000005
2010-06-22 23:00:00,122.98500000000004
2010-06-23 23:00:00,121.56000000000004
2010-06-24 23:00:00,120.96000000000005
2010-06-25 23:00:00,121.32500000000005
2010-06-28 23:00:00,121.45500000000006
2010-06-29 23:00:00,118.95500000000006
2010-06-30 23:00:00,118.29500000000004
2010-07-01 23:00:00,117.54000000000005
2010-07-02 23:00:00,117.49500000000005
2010-07-06 23:00:00,117.89000000000004
2010-07-07 23:00:00,118.40500000000004
2010-07-08 23:00:00,119.66000000000005
2010-07-09 23:00:00,120.84000000000005
2010-07-12 23:00:00,120.41000000000005
2010-07-13 23:00:00,120.82000000000005
2010-07-14 23:00:00,120.32000000000005
2010-07-15 23:00:00,119.34000000000005
2010-07-16 23:00:00,117.32500000000005
2010-07-19 23:00:00,117.31500000000005
2010-07-20 23:00:00,118.34000000000005
2010-07-21 23:00:00,117.88000000000005
2010-07-22 23:00:00,118.95000000000005
2010-07-23 23:00:00,119.36000000000004
2010-07-26 23:00:00,119.07000000000005
2010-07-27 23:00:00,119.83500000000005
2010-07-28 23:00:00,119.29500000000004
2010-07-29 23:00:00,119.01000000000005
2010-07-30 23:00:00,118.96500000000005
2010-08-02 23:00:00,119.58000000000006
2010-08-03 23:00:00,118.92500000000005
2010-08-04 23:00:00,119.90000000000005
2010-08-05 23:00:00,119.51500000000004
2010-08-06 23:00:00,118.09000000000005
2010-08-09 23:00:00,118.72500000000005
2010-08-10 23:00:00,117.68500000000004
2010-08-11 23:00:00,116.54500000000004
2010-08-12 23:00:00,117.34000000000005
2010-08-13 23:00:00,117.89500000000005
2010-08-16 23:00:00,116.78500000000005
2010-08-17 23:00:00,117.97000000000004
2010-08-18 23:00:00,118.29000000000005
2010-08-19 23:00:00,117.18500000000004
2010-08-20 23:00:00,116.89000000000004
2010-08-23 23:00:00,116.21500000000005
2010-08-24 23:00:00,114.59500000000004
2010-08-25 23:00:00,115.01000000000005
2010-08-26 23:00:00,114.85500000000005
2010-08-27 23:00:00,116.24000000000005
2010-08-30 23:00:00,115.13500000000005
2010-08-31 23:00:00,113.91000000000004
2010-09-01 23:00:00,115.36500000000005
2010-09-02 23:00:00,115.01000000000005
2010-09-03 23:00:00,116.37500000000004
2010-09-07 23:00:00,115.13500000000005
2010-09-08 23:00:00,116.07000000000005
2010-09-09 23:00:00,116.29000000000005
2010-09-10 23:00:00,116.30000000000004
2010-09-13 23:00:00,116.56500000000004
2010-09-14 23:00:00,116.18000000000005
2010-09-15 23:00:00,118.47500000000005
2010-09-16 23:00:00,118.62500000000004
2010-09-17 23:00:00,118.34500000000004
2010-09-20 23:00:00,118.48500000000004
2010-09-21 23:00:00,118.21500000000005
2010-09-22 23:00:00,117.18500000000004
2010-09-23 23:00:00,116.88000000000004
2010-09-24 23:00:00,117.30500000000005
2010-09-27 23:00:00,117.25000000000004
2010-09-28 23:00:00,116.53000000000004
2010-09-29 23:00:00,116.27500000000005
2010-09-30 23:00:00,116.25000000000004
2010-10-01 23:00:00,116.92500000000004
2010-10-04 23:00:00,116.66000000000004
2010-10-05 23:00:00,117.03000000000004
2010-10-06 23:00:00,117.31000000000004
2010-10-07 23:00:00,115.97500000000005
2010-10-08 23:00:00,116.11500000000005
2010-10-11 23:00:00,116.15000000000005
2010-10-12 23:00:00,116.14500000000004
2010-10-13 23:00:00,116.62500000000004
2010-10-14 23:00:00,116.02500000000005
2010-10-15 23:00:00,115.53000000000004
2010-10-18 23:00:00,115.22500000000005
2010-10-19 23:00:00,113.97500000000005
2010-10-20 23:00:00,114.58000000000004
2010-10-21 23:00:00,114.32000000000005
2010-10-22 23:00:00,114.38000000000004
2010-10-25 23:00:00,114.59000000000005
2010-10-26 23:00:00,114.79000000000005
2010-10-27 23:00:00,114.55500000000005
2010-10-28 23:00:00,114.57500000000005
2010-10-29 23:00:00,114.08000000000004
2010-11-01 23:00:00,114.38000000000004
2010-11-02 23:00:00,115.14000000000004
2010-11-03 23:00:00,116.01500000000004
2010-11-04 23:00:00,115.63500000000005
2010-11-05 23:00:00,116.50500000000004
2010-11-08 23:00:00,116.23500000000004
2010-11-09 23:00:00,116.64000000000004
2010-11-10 23:00:00,117.36500000000005
2010-11-11 23:00:00,117.17000000000004
2010-11-12 23:00:00,116.86000000000004
2010-11-15 23:00:00,117.65500000000004
2010-11-16 23:00:00,116.78000000000004
2010-11-17 23:00:00,116.59500000000004
2010-11-18 23:00:00,116.93500000000004
2010-11-19 23:00:00,117.25000000000004
2010-11-22 23:00:00,117.02000000000004
2010-11-23 23:00:00,116.48000000000005
2010-11-24 23:00:00,117.87000000000005
2010-11-26 23:00:00,117.59000000000005
2010-11-29 23:00:00,117.92000000000004
2010-11-30 23:00:00,116.78500000000004
2010-12-01 23:00:00,118.08000000000004
2010-12-02 23:00:00,118.83500000000004
2010-12-03 23:00:00,117.77500000000003
2010-12-06 23:00:00,117.51000000000003
2010-12-07 23:00:00,117.93500000000004
2010-12-08 23:00:00,118.39500000000004
2010-12-09 23:00:00,118.08000000000004
2010-12-10 23:00:00,118.42500000000004
2010-12-13 23:00:00,118.00500000000004
2010-12-14 23:00:00,118.54500000000004
2010-12-15 23:00:00,119.39500000000004
2010-12-16 23:00:00,118.97500000000004
2010-12-17 23:00:00,118.29000000000003
2010-12-20 23:00:00,117.68500000000004
2010-12-21 23:00:00,117.54000000000003
2010-12-22 23:00:00,117.79500000000004
2010-12-23 23:00:00,117.56500000000004
2010-12-27 23:00:00,117.56500000000004
2010-12-28 23:00:00,117.76500000000004
2010-12-29 23:00:00,116.97500000000004
2010-12-30 23:00:00,116.88000000000004
2010-12-31 23:00:00,116.97000000000004
2011-01-03 23:00:00,117.69500000000004
2011-01-04 23:00:00,117.38500000000003
2011-01-05 23:00:00,118.97000000000004
2011-01-06 23:00:00,118.94000000000004
2011-01-07 23:00:00,119.04500000000004
2011-01-10 23:00:00,118.68500000000004
2011-01-11 23:00:00,119.37500000000004
2011-01-12 23:00:00,119.28000000000004
2011-01-13 23:00:00,118.95500000000004
2011-01-14 23:00:00,119.25000000000004
2011-01-18 23:00:00,118.57000000000004
2011-01-19 23:00:00,117.78000000000004
2011-01-20 23:00:00,118.64000000000004
2011-01-21 23:00:00,118.42000000000004
2011-01-24 23:00:00,118.33000000000004
2011-01-25 23:00:00,117.63000000000004
2011-01-26 23:00:00,118.26500000000004
2011-01-27 23:00:00,118.72000000000004
2011-01-28 23:00:00,117.55000000000004
2011-01-31 23:00:00,117.32500000000003
2011-02-01 23:00:00,117.49000000000004
2011-02-02 23:00:00,118.00000000000004
2011-02-03 23:00:00,117.86500000000004
2011-02-04 23:00:00,118.67000000000004
2011-02-07 23:00:00,118.53500000000004
2011-02-08 23:00:00,118.14000000000004
2011-02-09 23:00:00,118.29000000000003
2011-02-10 23:00:00,119.10500000000003
2011-02-11 23:00:00,119.97500000000004
2011-02-14 23:00:00,119.65000000000003
2011-02-15 23:00:00,120.20500000000004
2011-02-16 23:00:00,120.24000000000004
2011-02-17 23:00:00,120.07500000000003
2011-02-18 23:00:00,119.67000000000004
2011-02-22 23:00:00,118.96500000000003
2011-02-23 23:00:00,118.79500000000004
2011-02-24 23:00:00,118.58500000000004
2011-02-25 23:00:00,118.99000000000004
2011-02-28 23:00:00,119.65000000000003
2011-03-01 23:00:00,119.50500000000004
2011-03-02 23:00:00,119.69500000000004
2011-03-03 23:00:00,120.19500000000004
2011-03-04 23:00:00,120.14500000000004
2011-03-07 23:00:00,120.08000000000003
2011-03-08 23:00:00,120.57000000000004
2011-03-09 23:00:00,120.82000000000004
2011-03-10 23:00:00,120.62000000000003
2011-03-11 23:00:00,119.67500000000003
2011-03-14 23:00:00,119.27500000000003
2011-03-15 23:00:00,117.79000000000003
2011-03-16 23:00:00,116.31000000000003
2011-03-17 23:00:00,115.61500000000004
2011-03-18 23:00:00,117.63500000000003
2011-03-21 23:00:00,118.37500000000003
2011-03-22 23:00:00,118.13500000000003
2011-03-23 23:00:00,118.00000000000003
2011-03-24 23:00:00,118.43000000000004
2011-03-25 23:00:00,118.48000000000003
2011-03-28 23:00:00,119.21000000000004
2011-03-29 23:00:00,120.08000000000003
2011-03-30 23:00:00,120.87500000000003
2011-03-31 23:00:00,121.31000000000003
2011-04-01 23:00:00,122.70500000000003
2011-04-04 23:00:00,122.47000000000003
2011-04-05 23:00:00,123.65500000000003
2011-04-06 23:00:00,124.59500000000003
2011-04-07 23:00:00,124.13500000000003
2011-04-08 23:00:00,124.12500000000003
2011-04-11 23:00:00,124.02500000000003
2011-04-12 23:00:00,122.71000000000004
2011-04-13 23:00:00,122.63500000000003
2011-04-14 23:00:00,122.48500000000003
2011-04-15 23:00:00,122.12500000000003
2011-04-18 23:00:00,121.33000000000003
2011-04-19 23:00:00,121.72500000000004
2011-04-20 23:00:00,121.93500000000003
2011-04-21 23:00:00,121.51500000000003
2011-04-25 23:00:00,121.32000000000004
2011-04-26 23:00:00,121.29000000000003
2011-04-27 23:00:00,121.98000000000003
2011-04-28 23:00:00,121.32500000000003
2011-04-29 23:00:00,121.38500000000003
2011-05-02 23:00:00,121.22000000000003
2011-05-03 23:00:00,120.46500000000003
2011-05-04 23:00:00,119.80000000000003
2011-05-05 23:00:00,118.38000000000004
2011-05-06 23:00:00,118.70500000000003
2011-05-09 23:00:00,118.94500000000004
2011-05-10 23:00:00,119.89500000000004
2011-05-11 23:00:00,119.80500000000004
2011-05-12 23:00:00,119.66000000000004
2011-05-13 23:00:00,119.16000000000004
2011-05-16 23:00:00,118.67500000000003
2011-05-17 23:00:00,119.41500000000003
2011-05-18 23:00:00,119.54500000000003
2011-05-19 23:00:00,119.89000000000003
2011-05-20 23:00:00,119.58500000000004
2011-05-23 23:00:00,119.54000000000003
2011-05-24 23:00:00,119.57500000000003
2011-05-25 23:00:00,119.58000000000003
2011-05-26 23:00:00,118.79500000000003
2011-05-27 23:00:00,118.42500000000003
2011-05-31 23:00:00,119.79500000000003
2011-06-01 23:00:00,118.72000000000003
2011-06-02 23:00:00,118.57000000000004
2011-06-03 23:00:00,117.86000000000003
2011-06-06 23:00:00,117.39000000000003
2011-06-07 23:00:00,118.03500000000004
2011-06-08 23:00:00,117.36000000000003
2011-06-09 23:00:00,118.23000000000003
2011-06-10 23:00:00,118.01500000000003
2011-06-13 23:00:00,117.91000000000004
2011-06-14 23:00:00,118.91500000000003
2011-06-15 23:00:00,118.27500000000003
2011-06-16 23:00:00,117.53500000000004
2011-06-17 23:00:00,117.42500000000003
2011-06-20 23:00:00,117.76000000000003
2011-06-21 23:00:00,118.27500000000003
2011-06-22 23:00:00,118.38000000000004
2011-06-23 23:00:00,118.05000000000003
2011-06-24 23:00:00,117.18500000000003
2011-06-27 23:00:00,117.77500000000003
2011-06-28 23:00:00,118.38500000000003
2011-06-29 23:00:00,119.13500000000003
2011-06-30 23:00:00,119.28000000000003
2011-07-01 23:00:00,120.17500000000003
2011-07-05 23:00:00,120.06500000000003
2011-07-06 23:00:00,119.63500000000003
2011-07-07 23:00:00,120.50500000000004
2011-07-08 23:00:00,119.72000000000003
2011-07-11 23:00:00,118.67500000000003
2011-07-12 23:00:00,118.23500000000003
2011-07-13 23:00:00,118.21000000000004
2011-07-14 23:00:00,118.24000000000004
2011-07-15 23:00:00,118.50500000000004
2011-07-18 23:00:00,118.22000000000003
2011-07-19 23:00:00,119.11500000000004
2011-07-20 23:00:00,118.99000000000004
2011-07-21 23:00:00,118.91000000000004
2011-07-22 23:00:00,118.49000000000004
2011-07-25 23:00:00,118.62500000000003
2011-07-26 23:00:00,118.40500000000003
2011-07-27 23:00:00,118.06000000000003
2011-07-28 23:00:00,117.73000000000003
2011-07-29 23:00:00,116.56500000000003
2011-08-01 23:00:00,116.46500000000003
2011-08-02 23:00:00,116.37500000000003
2011-08-03 23:00:00,115.75000000000003
2011-08-04 23:00:00,116.63500000000003
2011-08-05 23:00:00,115.93000000000004
2011-08-08 23:00:00,114.13000000000004
2011-08-09 23:00:00,113.36500000000004
2011-08-10 23:00:00,113.51500000000003
2011-08-11 23:00:00,113.78500000000004
2011-08-12 23:00:00,113.45000000000003
2011-08-15 23:00:00,114.15000000000003
2011-08-16 23:00:00,114.01000000000003
2011-08-17 23:00:00,113.93500000000003
2011-08-18 23:00:00,113.21500000000003
2011-08-19 23:00:00,113.22500000000004
2011-08-22 23:00:00,113.49500000000003
2011-08-23 23:00:00,113.52000000000004
2011-08-24 23:00:00,113.82500000000003
2011-08-25 23:00:00,114.48000000000003
2011-08-26 23:00:00,113.81500000000003
2011-08-29 23:00:00,114.52000000000004
2011-08-30 23:00:00,114.29000000000003
2011-08-31 23:00:00,114.14000000000003
2011-09-01 23:00:00,114.71000000000004
2011-09-02 23:00:00,113.91000000000004
2011-09-06 23:00:00,114.34500000000004
2011-09-07 23:00:00,114.37000000000003
2011-09-08 23:00:00,114.26500000000003
2011-09-09 23:00:00,113.64000000000003
2011-09-12 23:00:00,113.57500000000003
2011-09-13 23:00:00,113.89000000000003
2011-09-14 23:00:00,113.39000000000003
2011-09-15 23:00:00,113.89500000000004
2011-09-16 23:00:00,114.44000000000004
2011-09-19 23:00:00,113.17000000000003
2011-09-20 23:00:00,112.92500000000004
2011-09-21 23:00:00,112.34500000000004
2011-09-22 23:00:00,110.14000000000003
2011-09-23 23:00:00,110.30000000000004
2011-09-26 23:00:00,109.96500000000003
2011-09-27 23:00:00,111.41500000000003
2011-09-28 23:00:00,110.38500000000003
2011-09-29 23:00:00,109.77000000000004
2011-09-30 23:00:00,109.87000000000003
2011-10-03 23:00:00,108.82000000000004
2011-10-04 23:00:00,108.17500000000004
2011-10-05 23:00:00,109.49000000000004
2011-10-06 23:00:00,109.65000000000003
2011-10-07 23:00:00,109.87000000000003
2011-10-10 23:00:00,110.56000000000003
2011-10-11 23:00:00,110.29000000000003
2011-10-12 23:00:00,112.04000000000003
2011-10-13 23:00:00,111.34000000000003
2011-10-14 23:00:00,112.23000000000003
2011-10-17 23:00:00,111.20000000000003
2011-10-18 23:00:00,111.36000000000004
2011-10-19 23:00:00,111.23000000000003
2011-10-20 23:00:00,111.69000000000004
2011-10-21 23:00:00,111.30000000000004
2011-10-24 23:00:00,111.59000000000003
2011-10-25 23:00:00,110.78000000000003
2011-10-26 23:00:00,111.60000000000004
2011-10-27 23:00:00,112.59000000000003
2011-10-28 23:00:00,112.17000000000003
2011-10-31 23:00:00,114.46000000000004
2011-11-01 23:00:00,112.89000000000003
2011-11-02 23:00:00,112.89000000000003
2011-11-03 23:00:00,113.38000000000004
2011-11-04 23:00:00,112.78000000000003
2011-11-07 23:00:00,112.99000000000004
2011-11-08 23:00:00,112.91000000000004
2011-11-09 23:00:00,112.08000000000004
2011-11-10 23:00:00,112.14000000000003
2011-11-11 23:00:00,112.20000000000003
2011-11-14 23:00:00,111.74000000000004
2011-11-15 23:00:00,111.49000000000004
2011-11-16 23:00:00,111.43000000000004
2011-11-17 23:00:00,110.81000000000003
2011-11-18 23:00:00,110.94000000000004
2011-11-21 23:00:00,110.09000000000003
2011-11-22 23:00:00,110.20000000000003
2011-11-23 23:00:00,109.78000000000003
2011-11-25 23:00:00,110.05000000000004
2011-11-28 23:00:00,111.25000000000004
2011-11-29 23:00:00,111.64000000000003
2011-11-30 23:00:00,112.08000000000004
2011-12-01 23:00:00,112.72000000000003
2011-12-02 23:00:00,112.69000000000004
2011-12-05 23:00:00,112.49000000000004
2011-12-06 23:00:00,113.05000000000004
2011-12-07 23:00:00,112.88000000000004
2011-12-08 23:00:00,112.16000000000004
2011-12-09 23:00:00,112.17000000000003
2011-12-12 23:00:00,111.95000000000003
2011-12-13 23:00:00,111.63000000000004
2011-12-14 23:00:00,111.11000000000003
2011-12-15 23:00:00,111.28000000000003
2011-12-16 23:00:00,111.09000000000003
2011-12-19 23:00:00,111.31000000000003
2011-12-20 23:00:00,111.65000000000003
2011-12-21 23:00:00,112.08000000000004
2011-12-22 23:00:00,112.66000000000004
2011-12-23 23:00:00,112.76000000000003
2011-12-27 23:00:00,112.60000000000004
2011-12-28 23:00:00,112.26000000000003
2011-12-29 23:00:00,112.16000000000004
2011-12-30 23:00:00,111.89000000000003
2012-01-03 23:00:00,112.10000000000004
2012-01-04 23:00:00,111.95000000000003
2012-01-05 23:00:00,111.91000000000004
2012-01-06 23:00:00,111.22000000000003
2012-01-09 23:00:00,111.26000000000003
2012-01-10 23:00:00,111.84000000000003
2012-01-11 23:00:00,111.61000000000003
2012-01-12 23:00:00,111.58000000000004
2012-01-13 23:00:00,111.42000000000003
2012-01-17 23:00:00,111.87000000000003
2012-01-18 23:00:00,112.09000000000003
2012-01-19 23:00:00,112.52000000000004
2012-01-20 23:00:00,112.18000000000004
2012-01-23 23:00:00,112.65000000000003
2012-01-24 23:00:00,113.23000000000003
2012-01-25 23:00:00,113.66000000000004
2012-01-26 23:00:00,113.65000000000003
2012-01-27 23:00:00,112.88000000000004
2012-01-30 23:00:00,112.35000000000004
2012-01-31 23:00:00,112.26000000000003
2012-02-01 23:00:00,112.62000000000003
2012-02-02 23:00:00,112.52000000000004
2012-02-03 23:00:00,113.38000000000004
2012-02-06 23:00:00,113.17000000000003
2012-02-07 23:00:00,113.40000000000003
2012-02-08 23:00:00,113.63000000000004
2012-02-09 23:00:00,114.38000000000004
2012-02-10 23:00:00,113.73000000000003
2012-02-13 23:00:00,114.03000000000003
2012-02-14 23:00:00,114.67000000000003
2012-02-15 23:00:00,114.86000000000003
2012-02-16 23:00:00,115.56000000000003
2012-02-17 23:00:00,116.10000000000004
2012-02-21 23:00:00,116.33000000000004
2012-02-22 23:00:00,116.61000000000003
2012-02-23 23:00:00,116.51000000000003
2012-02-24 23:00:00,117.30000000000004
2012-02-27 23:00:00,116.91000000000004
2012-02-28 23:00:00,117.21000000000004
2012-02-29 23:00:00,118.45000000000003
2012-03-01 23:00:00,118.61000000000004
2012-03-02 23:00:00,119.13000000000004
2012-03-05 23:00:00,118.31000000000004
2012-03-06 23:00:00,116.92000000000004
2012-03-07 23:00:00,117.67000000000004
2012-03-08 23:00:00,118.84000000000003
2012-03-09 23:00:00,119.74000000000004
2012-03-12 23:00:00,119.19000000000004
2012-03-13 23:00:00,119.99000000000004
2012-03-14 23:00:00,120.65000000000003
2012-03-15 23:00:00,120.51000000000003
2012-03-16 23:00:00,120.48000000000003
2012-03-19 23:00:00,120.92000000000004
2012-03-20 23:00:00,120.80000000000004
2012-03-21 23:00:00,120.49000000000004
2012-03-22 23:00:00,118.96000000000004
2012-03-23 23:00:00,119.03000000000004
2012-03-26 23:00:00,119.85000000000004
2012-03-27 23:00:00,119.98000000000003
2012-03-28 23:00:00,119.28000000000004
2012-03-29 23:00:00,118.96000000000004
2012-03-30 23:00:00,119.51000000000003
2012-04-02 23:00:00,119.53000000000004
2012-04-03 23:00:00,120.08000000000004
2012-04-04 23:00:00,119.34000000000003
2012-04-05 23:00:00,119.33000000000004
2012-04-06 23:00:00,118.17000000000004
2012-04-09 23:00:00,118.41000000000004
2012-04-10 23:00:00,116.92000000000004
2012-04-11 23:00:00,117.04000000000003
2012-04-12 23:00:00,117.72000000000004
2012-04-13 23:00:00,117.72000000000004
2012-04-16 23:00:00,117.02000000000004
2012-04-17 23:00:00,118.13000000000004
2012-04-18 23:00:00,118.48000000000003
2012-04-19 23:00:00,118.29000000000003
2012-04-20 23:00:00,118.64000000000004
2012-04-23 23:00:00,118.28000000000004
2012-04-24 23:00:00,118.68000000000004
2012-04-25 23:00:00,119.22000000000004
2012-04-26 23:00:00,118.81000000000004
2012-04-27 23:00:00,118.46000000000004
2012-04-30 23:00:00,117.33000000000004
2012-05-01 23:00:00,117.93000000000004
2012-05-02 23:00:00,117.77000000000004
2012-05-03 23:00:00,117.74000000000004
2012-05-04 23:00:00,116.77000000000004
2012-05-07 23:00:00,117.00000000000004
2012-05-08 23:00:00,116.45000000000003
2012-05-09 23:00:00,116.11000000000004
2012-05-10 23:00:00,116.35000000000004
2012-05-11 23:00:00,116.40000000000003
2012-05-14 23:00:00,116.17000000000004
2012-05-15 23:00:00,116.47000000000004
2012-05-16 23:00:00,115.94000000000004
2012-05-17 23:00:00,114.47000000000004
2012-05-18 23:00:00,113.97000000000004
2012-05-21 23:00:00,114.41000000000004
2012-05-22 23:00:00,115.10000000000004
2012-05-23 23:00:00,114.06000000000004
2012-05-24 23:00:00,113.94000000000004
2012-05-25 23:00:00,113.94000000000004
2012-05-28 23:00:00,113.94000000000004
2012-05-29 23:00:00,114.22000000000004
2012-05-30 23:00:00,113.37000000000003
2012-05-31 23:00:00,112.43000000000002
2012-06-01 23:00:00,111.69000000000003
2012-06-04 23:00:00,111.93000000000002
2012-06-05 23:00:00,112.39000000000003
2012-06-06 23:00:00,113.52000000000002
2012-06-07 23:00:00,114.37000000000003
2012-06-08 23:00:00,113.83000000000003
2012-06-11 23:00:00,113.71000000000002
2012-06-12 23:00:00,114.07000000000002
2012-06-13 23:00:00,113.76000000000003
2012-06-14 23:00:00,113.86000000000003
2012-06-15 23:00:00,113.52000000000002
2012-06-18 23:00:00,113.84000000000003
2012-06-19 23:00:00,114.27000000000002
2012-06-20 23:00:00,114.59000000000003
2012-06-21 23:00:00,114.75000000000003
2012-06-22 23:00:00,115.12000000000003
2012-06-25 23:00:00,114.03000000000003
2012-06-26 23:00:00,114.23000000000003
2012-06-27 23:00:00,114.37000000000003
2012-06-28 23:00:00,113.34000000000003
2012-06-29 23:00:00,115.17000000000003
2012-07-02 23:00:00,114.81000000000003
2012-07-03 23:00:00,115.49000000000002
2012-07-04 23:00:00,115.49000000000002
2012-07-05 23:00:00,115.50000000000003
2012-07-06 23:00:00,114.74000000000002
2012-07-09 23:00:00,114.71000000000002
2012-07-10 23:00:00,114.32000000000002
2012-07-11 23:00:00,114.64000000000003
2012-07-12 23:00:00,114.55000000000003
2012-07-13 23:00:00,114.85000000000002
2012-07-16 23:00:00,114.37000000000003
2012-07-17 23:00:00,114.81000000000003
2012-07-18 23:00:00,114.62000000000003
2012-07-19 23:00:00,114.73000000000003
2012-07-20 23:00:00,114.23000000000003
2012-07-23 23:00:00,113.78000000000003
2012-07-24 23:00:00,113.21000000000002
2012-07-25 23:00:00,113.72000000000003
2012-07-26 23:00:00,114.16000000000003
2012-07-27 23:00:00,115.00000000000003
2012-07-30 23:00:00,114.75000000000003
2012-07-31 23:00:00,114.65000000000003
2012-08-01 23:00:00,114.82000000000002
2012-08-02 23:00:00,114.38000000000002
2012-08-03 23:00:00,115.39000000000003
2012-08-06 23:00:00,115.04000000000003
2012-08-07 23:00:00,115.66000000000003
2012-08-08 23:00:00,115.66000000000003
2012-08-09 23:00:00,116.00000000000003
2012-08-10 23:00:00,115.65000000000003
2012-08-13 23:00:00,115.74000000000002
2012-08-14 23:00:00,116.26000000000003
2012-08-15 23:00:00,116.59000000000003
2012-08-16 23:00:00,117.17000000000003
2012-08-17 23:00:00,117.25000000000003
2012-08-20 23:00:00,117.14000000000003
2012-08-21 23:00:00,116.93000000000002
2012-08-22 23:00:00,115.96000000000002
2012-08-23 23:00:00,115.78000000000003
2012-08-24 23:00:00,116.22000000000003
2012-08-27 23:00:00,116.33000000000003
2012-08-28 23:00:00,116.28000000000003
2012-08-29 23:00:00,116.42000000000003
2012-08-30 23:00:00,116.05000000000003
2012-08-31 23:00:00,116.32000000000002
2012-09-03 23:00:00,116.32000000000002
2012-09-04 23:00:00,116.45000000000002
2012-09-05 23:00:00,115.99000000000002
2012-09-06 23:00:00,117.13000000000002
2012-09-07 23:00:00,116.87000000000002
2012-09-10 23:00:00,116.91000000000003
2012-09-11 23:00:00,116.76000000000002
2012-09-12 23:00:00,116.60000000000002
2012-09-13 23:00:00,116.73000000000002
2012-09-14 23:00:00,117.56000000000002
2012-09-17 23:00:00,117.58000000000003
2012-09-18 23:00:00,117.75000000000003
2012-09-19 23:00:00,117.34000000000002
2012-09-20 23:00:00,117.02000000000002
2012-09-21 23:00:00,116.88000000000002
2012-09-24 23:00:00,116.44000000000003
2012-09-25 23:00:00,116.27000000000002
2012-09-26 23:00:00,115.83000000000003
2012-09-27 23:00:00,116.04000000000002
2012-09-28 23:00:00,116.19000000000003
2012-10-01 23:00:00,116.34000000000002
2012-10-02 23:00:00,116.29000000000002
2012-10-03 23:00:00,116.40000000000002
2012-10-04 23:00:00,116.94000000000003
2012-10-05 23:00:00,117.29000000000002
2012-10-08 23:00:00,117.07000000000002
2012-10-09 23:00:00,116.95000000000002
2012-10-10 23:00:00,116.63000000000002
2012-10-11 23:00:00,116.95000000000002
2012-10-12 23:00:00,116.96000000000002
2012-10-15 23:00:00,117.34000000000002
2012-10-16 23:00:00,116.89000000000003
2012-10-17 23:00:00,117.73000000000002
2012-10-18 23:00:00,117.39000000000003
2012-10-19 23:00:00,116.77000000000002
2012-10-22 23:00:00,117.36000000000003
2012-10-23 23:00:00,117.47000000000003
2012-10-24 23:00:00,117.26000000000002
2012-10-25 23:00:00,117.73000000000002
2012-10-26 23:00:00,116.72000000000003
2012-10-29 23:00:00,116.73000000000002
2012-10-30 23:00:00,116.65000000000002
2012-10-31 23:00:00,116.74000000000002
2012-11-01 23:00:00,117.46000000000002
2012-11-02 23:00:00,117.74000000000002
2012-11-05 23:00:00,117.52000000000002
2012-11-06 23:00:00,118.08000000000003
2012-11-07 23:00:00,117.17000000000002
2012-11-08 23:00:00,116.42000000000002
2012-11-09 23:00:00,116.42000000000002
2012-11-12 23:00:00,116.49000000000002
2012-11-13 23:00:00,116.31000000000002
2012-11-14 23:00:00,116.94000000000003
2012-11-15 23:00:00,118.09000000000002
2012-11-16 23:00:00,118.11000000000003
2012-11-19 23:00:00,118.68000000000002
2012-11-20 23:00:00,118.90000000000002
2012-11-21 23:00:00,119.82000000000002
2012-11-22 23:00:00,119.82000000000002
2012-11-23 23:00:00,120.12000000000002
2012-11-26 23:00:00,119.74000000000002
2012-11-27 23:00:00,119.69000000000003
2012-11-28 23:00:00,119.59000000000002
2012-11-29 23:00:00,119.82000000000002
2012-11-30 23:00:00,120.03000000000002
2012-12-03 23:00:00,119.72000000000001
2012-12-04 23:00:00,119.51000000000002
2012-12-05 23:00:00,120.13000000000002
2012-12-06 23:00:00,120.13000000000002
2012-12-07 23:00:00,120.32000000000002
2012-12-10 23:00:00,120.49000000000002
2012-12-11 23:00:00,120.72000000000001
2012-12-12 23:00:00,121.64000000000001
2012-12-13 23:00:00,121.93000000000002
2012-12-14 23:00:00,121.70000000000002
2012-12-17 23:00:00,122.26000000000002
2012-12-18 23:00:00,122.54000000000002
2012-12-19 23:00:00,122.57000000000002
2012-12-20 23:00:00,122.63000000000002
2012-12-21 23:00:00,121.83000000000001
2012-12-24 23:00:00,122.68000000000002
2012-12-26 23:00:00,123.23000000000002
2012-12-27 23:00:00,123.59000000000002
2012-12-28 23:00:00,123.53000000000002
2012-12-31 23:00:00,124.24000000000002
2013-01-02 23:00:00,125.51000000000002
2013-01-03 23:00:00,125.45000000000002
2013-01-04 23:00:00,126.46000000000002
2013-01-07 23:00:00,126.22000000000001
2013-01-08 23:00:00,125.50000000000001
2013-01-09 23:00:00,126.03000000000002
2013-01-10 23:00:00,126.77000000000002
2013-01-11 23:00:00,127.81000000000002
2013-01-14 23:00:00,128.03000000000003
2013-01-15 23:00:00,127.39000000000001
2013-01-16 23:00:00,126.94000000000001
2013-01-17 23:00:00,128.59000000000003
2013-01-18 23:00:00,127.91000000000001
2013-01-21 23:00:00,127.91000000000001
2013-01-22 23:00:00,126.59000000000002
2013-01-23 23:00:00,125.92000000000002
2013-01-24 23:00:00,126.90000000000002
2013-01-25 23:00:00,127.50000000000001
2013-01-28 23:00:00,127.38000000000002
2013-01-29 23:00:00,127.72000000000001
2013-01-30 23:00:00,128.27000000000004
2013-01-31 23:00:00,128.84000000000003
2013-02-01 23:00:00,130.25000000000003
2013-02-04 23:00:00,129.79000000000002
2013-02-05 23:00:00,131.01000000000002
2013-02-06 23:00:00,130.98000000000002
2013-02-07 23:00:00,130.98000000000002
2013-02-08 23:00:00,129.8
2013-02-11 23:00:00,130.16
2013-02-12 23:00:00,130.49000000000004
2013-02-13 23:00:00,130.55
2013-02-14 23:00:00,130.13000000000002
2013-02-15 23:00:00,130.01000000000002
2013-02-18 23:00:00,130.01000000000002
2013-02-19 23:00:00,129.60000000000002
2013-02-20 23:00:00,129.42000000000002
2013-02-21 23:00:00,128.60000000000002
2013-02-22 23:00:00,128.58
2013-02-25 23:00:00,127.52000000000002
2013-02-26 23:00:00,126.90000000000002
2013-02-27 23:00:00,127.49000000000002
2013-02-28 23:00:00,127.27000000000002
2013-03-01 23:00:00,128.29000000000002
2013-03-04 23:00:00,128.18
2013-03-05 23:00:00,128.08000000000004
2013-03-06 23:00:00,128.52000000000004
2013-03-07 23:00:00,129.50000000000003
2013-03-08 23:00:00,130.44000000000003
2013-03-11 23:00:00,131.12000000000003
2013-03-12 23:00:00,130.78000000000003
2013-03-13 23:00:00,130.79000000000002
2013-03-14 23:00:00,131.28000000000003
2013-03-15 23:00:00,130.95000000000002
2013-03-18 23:00:00,130.73000000000005
2013-03-19 23:00:00,129.9
2013-03-20 23:00:00,130.9
2013-03-21 23:00:00,130.01000000000002
2013-03-22 23:00:00,129.71
2013-03-25 23:00:00,129.39000000000004
2013-03-26 23:00:00,130.34000000000003
2013-03-27 23:00:00,130.21
2013-03-28 23:00:00,129.94000000000003
2013-04-01 23:00:00,129.22000000000003
2013-04-02 23:00:00,129.38000000000002
2013-04-03 23:00:00,128.93
2013-04-04 23:00:00,132.40000000000003
2013-04-05 23:00:00,133.37000000000003
2013-04-08 23:00:00,134.85000000000002
2013-04-09 23:00:00,135.18
2013-04-10 23:00:00,135.71000000000004
2013-04-11 23:00:00,136.25000000000003
2013-04-12 23:00:00,134.92000000000004
2013-04-15 23:00:00,132.34000000000003
2013-04-16 23:00:00,132.81000000000003
2013-04-17 23:00:00,132.68
2013-04-18 23:00:00,132.94000000000003
2013-04-19 23:00:00,134.40000000000003
2013-04-22 23:00:00,134.3
2013-04-23 23:00:00,134.27000000000004
2013-04-24 23:00:00,134.47000000000003
2013-04-25 23:00:00,134.81000000000003
2013-04-26 23:00:00,134.03000000000003
2013-04-29 23:00:00,134.41000000000003
2013-04-30 23:00:00,134.23000000000002
2013-05-01 23:00:00,134.21000000000004
2013-05-02 23:00:00,134.68000000000004
2013-05-03 23:00:00,135.72000000000003
2013-05-06 23:00:00,136.19000000000003
2013-05-07 23:00:00,136.00000000000003
2013-05-08 23:00:00,136.00000000000003
2013-05-09 23:00:00,137.20000000000005
2013-05-10 23:00:00,137.88000000000002
2013-05-13 23:00:00,138.34000000000003
2013-05-14 23:00:00,137.94000000000003
2013-05-15 23:00:00,138.04000000000002
2013-05-16 23:00:00,137.87000000000003
2013-05-17 23:00:00,137.83
2013-05-20 23:00:00,137.49000000000004
2013-05-21 23:00:00,137.35000000000002
2013-05-22 23:00:00,136.94000000000003
2013-05-23 23:00:00,136.37000000000003
2013-05-24 23:00:00,135.27000000000004
2013-05-27 23:00:00,135.27000000000004
2013-05-28 23:00:00,135.83000000000004
2013-05-29 23:00:00,135.18
2013-05-30 23:00:00,135.54000000000002
2013-05-31 23:00:00,134.63000000000002
2013-06-03 23:00:00,134.3
2013-06-04 23:00:00,134.22000000000003
2013-06-05 23:00:00,133.43
2013-06-06 23:00:00,132.27000000000004
2013-06-07 23:00:00,132.94000000000003
2013-06-10 23:00:00,134.40000000000003
2013-06-11 23:00:00,131.91000000000003
2013-06-12 23:00:00,131.24
2013-06-13 23:00:00,130.72000000000003
2013-06-14 23:00:00,130.27
2013-06-17 23:00:00,130.58
2013-06-18 23:00:00,130.97000000000003
2013-06-19 23:00:00,131.41000000000003
2013-06-20 23:00:00,131.18
2013-06-21 23:00:00,131.07000000000002
2013-06-24 23:00:00,130.72000000000003
2013-06-25 23:00:00,130.55000000000004
2013-06-26 23:00:00,130.93000000000004
2013-06-27 23:00:00,131.49
2013-06-28 23:00:00,132.05
2013-07-01 23:00:00,132.58000000000004
2013-07-02 23:00:00,133.05
2013-07-03 23:00:00,132.79000000000002
2013-07-04 23:00:00,132.79000000000002
2013-07-05 23:00:00,133.27000000000004
2013-07-08 23:00:00,133.28000000000003
2013-07-09 23:00:00,133.49
2013-07-10 23:00:00,132.97000000000003
2013-07-11 23:00:00,133.12000000000003
2013-07-12 23:00:00,133.27000000000004
2013-07-15 23:00:00,133.49
2013-07-16 23:00:00,133.29000000000002
2013-07-17 23:00:00,133.27000000000004
2013-07-18 23:00:00,134.43
2013-07-19 23:00:00,134.33000000000004
2013-07-22 23:00:00,133.98000000000002
2013-07-23 23:00:00,134.40000000000003
2013-07-24 23:00:00,134.79000000000002
2013-07-25 23:00:00,134.49
2013-07-26 23:00:00,133.19000000000003
2013-07-29 23:00:00,133.11
2013-07-30 23:00:00,132.72000000000003
2013-07-31 23:00:00,133.08000000000004
2013-08-01 23:00:00,133.89000000000004
2013-08-02 23:00:00,132.89000000000004
2013-08-05 23:00:00,132.53000000000003
2013-08-06 23:00:00,131.90000000000003
2013-08-07 23:00:00,130.19000000000003
2013-08-08 23:00:00,131.29000000000002
2013-08-09 23:00:00,131.46000000000004
2013-08-12 23:00:00,131.63000000000002
2013-08-13 23:00:00,132.69000000000003
2013-08-14 23:00:00,132.72000000000003
2013-08-15 23:00:00,132.29000000000002
2013-08-16 23:00:00,132.27000000000004
2013-08-19 23:00:00,132.09000000000003
2013-08-20 23:00:00,131.36
2013-08-21 23:00:00,131.20000000000005
2013-08-22 23:00:00,131.42000000000002
2013-08-23 23:00:00,131.63000000000002
2013-08-26 23:00:00,131.69000000000003
2013-08-27 23:00:00,130.35000000000002
2013-08-28 23:00:00,130.97000000000003
2013-08-29 23:00:00,131.09000000000003
2013-08-30 23:00:00,131.00000000000003
2013-09-02 23:00:00,131.00000000000003
2013-09-03 23:00:00,132.20000000000005
2013-09-04 23:00:00,132.85000000000002
2013-09-05 23:00:00,133.14000000000004
2013-09-06 23:00:00,133.22000000000003
2013-09-09 23:00:00,133.87000000000003
2013-09-10 23:00:00,134.78000000000003
2013-09-11 23:00:00,134.67000000000004
2013-09-12 23:00:00,134.13000000000002
2013-09-13 23:00:00,133.84000000000003
2013-09-16 23:00:00,133.90000000000003
2013-09-17 23:00:00,134.13000000000002
2013-09-18 23:00:00,133.74
2013-09-19 23:00:00,134.63000000000002
2013-09-20 23:00:00,134.36
2013-09-23 23:00:00,134.01000000000005
2013-09-24 23:00:00,133.79000000000002
2013-09-25 23:00:00,133.33000000000004
2013-09-26 23:00:00,133.67000000000002
2013-09-27 23:00:00,133.28000000000003
2013-09-30 23:00:00,133.18
2013-10-01 23:00:00,132.63000000000002
2013-10-02 23:00:00,132.13000000000002
2013-10-03 23:00:00,132.07000000000002
2013-10-04 23:00:00,132.48000000000002
2013-10-07 23:00:00,131.86
2013-10-08 23:00:00,131.36
2013-10-09 23:00:00,131.56000000000003
2013-10-10 23:00:00,132.29000000000002
2013-10-11 23:00:00,133.13000000000002
2013-10-14 23:00:00,132.87000000000003
2013-10-15 23:00:00,132.61
2013-10-16 23:00:00,133.52000000000004
2013-10-17 23:00:00,133.02000000000004
2013-10-18 23:00:00,132.98000000000002
2013-10-21 23:00:00,133.27000000000004
2013-10-22 23:00:00,133.27000000000004
2013-10-23 23:00:00,131.57000000000002
2013-10-24 23:00:00,131.32000000000002
2013-10-25 23:00:00,131.08
2013-10-28 23:00:00,131.49
2013-10-29 23:00:00,131.74
2013-10-30 23:00:00,132.03000000000003
2013-10-31 23:00:00,132.31000000000003
2013-11-01 23:00:00,132.66000000000003
2013-11-04 23:00:00,132.52000000000004
2013-11-05 23:00:00,132.20000000000005
2013-11-06 23:00:00,132.67000000000002
2013-11-07 23:00:00,131.68
2013-11-08 23:00:00,132.51000000000005
2013-11-11 23:00:00,132.68
2013-11-12 23:00:00,133.00000000000003
2013-11-13 23:00:00,132.93
2013-11-14 23:00:00,133.43
2013-11-15 23:00:00,133.92000000000002
2013-11-18 23:00:00,133.94000000000003
2013-11-19 23:00:00,133.64000000000004
2013-11-20 23:00:00,133.74
2013-11-21 23:00:00,134.06000000000003
2013-11-22 23:00:00,134.23000000000002
2013-11-25 23:00:00,134.32000000000002
2013-11-26 23:00:00,134.02000000000004
2013-11-27 23:00:00,134.39000000000004
2013-11-28 23:00:00,134.39000000000004
2013-11-29 23:00:00,134.45000000000005
2013-12-02 23:00:00,134.98000000000002
2013-12-03 23:00:00,134.15000000000003
2013-12-04 23:00:00,133.64000000000004
2013-12-05 23:00:00,133.55000000000004
2013-12-06 23:00:00,134.58000000000004
2013-12-09 23:00:00,135.08000000000004
2013-12-10 23:00:00,134.86000000000004
2013-12-11 23:00:00,134.90000000000003
2013-12-12 23:00:00,135.12000000000003
2013-12-13 23:00:00,135.48000000000002
2013-12-16 23:00:00,135.36000000000004
2013-12-17 23:00:00,134.81000000000003
2013-12-18 23:00:00,135.23000000000002
2013-12-19 23:00:00,135.78000000000003
2013-12-20 23:00:00,135.69000000000005
2013-12-23 23:00:00,136.25000000000006
2013-12-24 23:00:00,136.35000000000002
2013-12-26 23:00:00,136.52000000000004
2013-12-27 23:00:00,136.28000000000003
2013-12-30 23:00:00,136.91000000000005
2013-12-31 23:00:00,137.18000000000004
2014-01-02 23:00:00,136.33000000000004
2014-01-03 23:00:00,136.72000000000006
2014-01-06 23:00:00,136.00000000000006
2014-01-07 23:00:00,135.22000000000003
2014-01-08 23:00:00,135.14000000000004
2014-01-09 23:00:00,134.57000000000002
2014-01-10 23:00:00,133.68000000000004
2014-01-13 23:00:00,132.96000000000004
2014-01-14 23:00:00,133.37000000000003
2014-01-15 23:00:00,133.66000000000003
2014-01-16 23:00:00,133.71000000000004
2014-01-17 23:00:00,133.27000000000004
2014-01-20 23:00:00,133.27000000000004
2014-01-21 23:00:00,133.15000000000003
2014-01-22 23:00:00,132.40000000000003
2014-01-23 23:00:00,131.04000000000005
2014-01-24 23:00:00,130.66000000000005
2014-01-27 23:00:00,130.82000000000002
2014-01-28 23:00:00,130.47000000000006
2014-01-29 23:00:00,129.64000000000004
2014-01-30 23:00:00,130.13000000000002
2014-01-31 23:00:00,130.20000000000002
2014-02-03 23:00:00,129.11000000000004
2014-02-04 23:00:00,130.00000000000003
2014-02-05 23:00:00,129.70000000000002
2014-02-06 23:00:00,130.53000000000006
2014-02-07 23:00:00,130.98000000000005
2014-02-10 23:00:00,130.78000000000006
2014-02-11 23:00:00,131.45000000000005
2014-02-12 23:00:00,131.45000000000005
2014-02-13 23:00:00,131.48000000000002
2014-02-14 23:00:00,131.05000000000004
2014-02-17 23:00:00,131.05000000000004
2014-02-18 23:00:00,131.77000000000004
2014-02-19 23:00:00,130.66000000000005
2014-02-20 23:00:00,130.40000000000003
2014-02-21 23:00:00,130.43000000000004
2014-02-24 23:00:00,130.97000000000006
2014-02-25 23:00:00,130.49000000000004
2014-02-26 23:00:00,130.35000000000005
2014-02-27 23:00:00,129.89000000000004
2014-02-28 23:00:00,130.30000000000004
2014-03-03 23:00:00,129.83000000000004
2014-03-04 23:00:00,130.35000000000005
2014-03-05 23:00:00,131.02000000000007
2014-03-06 23:00:00,132.14000000000004
2014-03-07 23:00:00,131.40000000000003
2014-03-10 23:00:00,131.25000000000006
2014-03-11 23:00:00,131.01000000000005
2014-03-12 23:00:00,130.69000000000003
2014-03-13 23:00:00,130.20000000000005
2014-03-14 23:00:00,129.59000000000006
2014-03-17 23:00:00,130.39000000000004
2014-03-18 23:00:00,129.46000000000004
2014-03-19 23:00:00,129.57000000000005
2014-03-20 23:00:00,129.51000000000005
2014-03-21 23:00:00,129.57000000000005
2014-03-24 23:00:00,129.71000000000006
2014-03-25 23:00:00,129.95000000000005
2014-03-26 23:00:00,130.22000000000006
2014-03-27 23:00:00,130.99000000000004
2014-03-28 23:00:00,131.38000000000005
2014-03-31 23:00:00,131.83000000000004
2014-04-01 23:00:00,132.37000000000006
2014-04-02 23:00:00,132.50000000000006
2014-04-03 23:00:00,132.55000000000004
2014-04-04 23:00:00,132.41000000000003
2014-04-07 23:00:00,132.41000000000003
2014-04-08 23:00:00,131.44000000000005
2014-04-09 23:00:00,132.12000000000006
2014-04-10 23:00:00,131.31000000000006
2014-04-11 23:00:00,131.07000000000005
2014-04-14 23:00:00,131.20000000000005
2014-04-15 23:00:00,131.16000000000005
2014-04-16 23:00:00,131.28000000000003
2014-04-17 23:00:00,131.48000000000005
2014-04-21 23:00:00,131.60000000000005
2014-04-22 23:00:00,131.51000000000005
2014-04-23 23:00:00,131.28000000000003
2014-04-24 23:00:00,131.25000000000006
2014-04-25 23:00:00,130.96000000000006
2014-04-28 23:00:00,131.34000000000003
2014-04-29 23:00:00,132.08000000000004
2014-04-30 23:00:00,131.76000000000005
2014-05-01 23:00:00,131.74000000000007
2014-05-02 23:00:00,131.61000000000004
2014-05-05 23:00:00,131.72000000000003
2014-05-06 23:00:00,131.82000000000005
2014-05-07 23:00:00,131.90000000000003
2014-05-08 23:00:00,132.28000000000003
2014-05-09 23:00:00,131.86000000000004
2014-05-12 23:00:00,132.30000000000004
2014-05-13 23:00:00,132.24000000000007
2014-05-14 23:00:00,132.07000000000005
2014-05-15 23:00:00,131.85000000000005
2014-05-16 23:00:00,131.92000000000004
2014-05-19 23:00:00,131.71000000000004
2014-05-20 23:00:00,131.47000000000003
2014-05-21 23:00:00,131.41000000000003
2014-05-22 23:00:00,131.95000000000005
2014-05-23 23:00:00,132.36000000000004
2014-05-26 23:00:00,132.36000000000004
2014-05-27 23:00:00,132.44000000000005
2014-05-28 23:00:00,132.13000000000005
2014-05-29 23:00:00,132.39000000000004
2014-05-30 23:00:00,132.34000000000003
2014-06-02 23:00:00,132.54000000000005
2014-06-03 23:00:00,132.50000000000006
2014-06-04 23:00:00,132.47000000000006
2014-06-05 23:00:00,132.33000000000004
2014-06-06 23:00:00,132.37000000000006
2014-06-09 23:00:00,132.54000000000005
2014-06-10 23:00:00,132.40000000000003
2014-06-11 23:00:00,132.45000000000005
2014-06-12 23:00:00,132.25000000000006
2014-06-13 23:00:00,132.57000000000005
2014-06-16 23:00:00,132.44000000000005
2014-06-17 23:00:00,132.61000000000007
2014-06-18 23:00:00,132.54000000000005
2014-06-19 23:00:00,132.77000000000004
2014-06-20 23:00:00,133.56000000000006
2014-06-23 23:00:00,133.61000000000007
2014-06-24 23:00:00,133.54000000000005
2014-06-25 23:00:00,133.59000000000003
2014-06-26 23:00:00,133.77000000000004
2014-06-27 23:00:00,133.72000000000006
2014-06-30 23:00:00,133.58000000000004
2014-07-01 23:00:00,134.07000000000005
2014-07-02 23:00:00,134.09000000000003
2014-07-03 23:00:00,134.86000000000004
2014-07-04 23:00:00,134.86000000000004
2014-07-07 23:00:00,134.06000000000006
2014-07-08 23:00:00,133.76000000000005
2014-07-09 23:00:00,134.05000000000007
2014-07-10 23:00:00,133.73000000000005
2014-07-11 23:00:00,133.06000000000006
2014-07-14 23:00:00,133.48000000000005
2014-07-15 23:00:00,133.18000000000006
2014-07-16 23:00:00,133.33000000000004
2014-07-17 23:00:00,132.94000000000005
2014-07-18 23:00:00,133.13000000000005
2014-07-21 23:00:00,133.11000000000007
2014-07-22 23:00:00,133.20000000000005
2014-07-23 23:00:00,133.32000000000005
2014-07-24 23:00:00,133.45000000000005
2014-07-25 23:00:00,132.84000000000003
2014-07-28 23:00:00,133.00000000000006
2014-07-29 23:00:00,132.81000000000006
2014-07-30 23:00:00,133.09000000000003
2014-07-31 23:00:00,133.09000000000003
2014-08-01 23:00:00,132.66000000000005
2014-08-04 23:00:00,132.73000000000005
2014-08-05 23:00:00,132.26000000000005
2014-08-06 23:00:00,132.18000000000006
2014-08-07 23:00:00,132.14000000000004
2014-08-08 23:00:00,131.75000000000006
2014-08-11 23:00:00,132.26000000000005
2014-08-12 23:00:00,132.39000000000004
2014-08-13 23:00:00,132.60000000000005
2014-08-14 23:00:00,132.71000000000004
2014-08-15 23:00:00,132.71000000000004
2014-08-18 23:00:00,132.99000000000007
2014-08-19 23:00:00,132.82000000000005
2014-08-20 23:00:00,133.34000000000003
2014-08-21 23:00:00,133.60000000000005
2014-08-22 23:00:00,133.74000000000007
2014-08-25 23:00:00,133.47000000000006
2014-08-26 23:00:00,133.83000000000004
2014-08-27 23:00:00,134.62000000000003
2014-08-28 23:00:00,134.33000000000004
2014-08-29 23:00:00,134.57000000000005
2014-09-01 23:00:00,134.57000000000005
2014-09-02 23:00:00,135.05000000000007
2014-09-03 23:00:00,135.14000000000004
2014-09-04 23:00:00,135.54000000000005
2014-09-05 23:00:00,135.36000000000007
2014-09-08 23:00:00,135.40000000000003
2014-09-09 23:00:00,135.46000000000004
2014-09-10 23:00:00,136.41000000000005
2014-09-11 23:00:00,135.69000000000005
2014-09-12 23:00:00,135.60000000000005
2014-09-15 23:00:00,135.85000000000005
2014-09-16 23:00:00,136.47000000000006
2014-09-17 23:00:00,137.27000000000004
2014-09-18 23:00:00,138.12000000000003
2014-09-19 23:00:00,138.26000000000005
2014-09-22 23:00:00,137.50000000000006
2014-09-23 23:00:00,137.24000000000007
2014-09-24 23:00:00,137.34000000000003
2014-09-25 23:00:00,136.79000000000005
2014-09-26 23:00:00,136.92000000000004
2014-09-29 23:00:00,137.05000000000007
2014-09-30 23:00:00,136.81000000000006
2014-10-01 23:00:00,136.60000000000005
2014-10-02 23:00:00,136.06000000000006
2014-10-03 23:00:00,136.49000000000004
2014-10-06 23:00:00,136.67000000000004
2014-10-07 23:00:00,135.64000000000004
2014-10-08 23:00:00,136.30000000000007
2014-10-09 23:00:00,135.44000000000005
2014-10-10 23:00:00,135.09000000000003
2014-10-13 23:00:00,134.82000000000005
2014-10-14 23:00:00,133.65000000000003
2014-10-15 23:00:00,132.88000000000005
2014-10-16 23:00:00,133.28000000000006
2014-10-17 23:00:00,133.60000000000005
2014-10-20 23:00:00,133.63000000000005
2014-10-21 23:00:00,134.13000000000005
2014-10-22 23:00:00,134.36000000000007
2014-10-23 23:00:00,135.27000000000004
2014-10-24 23:00:00,135.21000000000004
2014-10-27 23:00:00,134.80000000000004
2014-10-28 23:00:00,135.59000000000003
2014-10-29 23:00:00,136.15000000000003
2014-10-30 23:00:00,136.67000000000004
2014-10-31 23:00:00,138.59000000000006
2014-11-03 23:00:00,139.08000000000007
2014-11-04 23:00:00,138.70000000000005
2014-11-05 23:00:00,139.62000000000003
2014-11-06 23:00:00,139.64000000000007
2014-11-07 23:00:00,140.10000000000005
2014-11-10 23:00:00,140.00000000000006
2014-11-11 23:00:00,141.09000000000006
2014-11-12 23:00:00,141.23000000000005
2014-11-13 23:00:00,140.83000000000004
2014-11-14 23:00:00,142.06000000000006
2014-11-17 23:00:00,142.04000000000005
2014-11-18 23:00:00,142.53000000000006
2014-11-19 23:00:00,143.01000000000005
2014-11-20 23:00:00,143.41000000000005
2014-11-21 23:00:00,143.85000000000005
2014-11-24 23:00:00,143.77000000000004
2014-11-25 23:00:00,143.83000000000007
2014-11-26 23:00:00,143.91000000000005
2014-11-27 23:00:00,143.91000000000005
2014-11-28 23:00:00,142.88000000000005
2014-12-01 23:00:00,143.57000000000005
2014-12-02 23:00:00,143.60000000000005
2014-12-03 23:00:00,144.50000000000006
2014-12-04 23:00:00,144.28000000000006
2014-12-05 23:00:00,145.26000000000005
2014-12-08 23:00:00,144.11000000000004
2014-12-09 23:00:00,143.55000000000007
2014-12-10 23:00:00,141.88000000000005
2014-12-11 23:00:00,142.29000000000005
2014-12-12 23:00:00,141.77000000000007
2014-12-15 23:00:00,140.21000000000004
2014-12-16 23:00:00,139.88000000000005
2014-12-17 23:00:00,140.77000000000004
2014-12-18 23:00:00,141.63000000000005
2014-12-19 23:00:00,142.19000000000005
2014-12-22 23:00:00,142.23000000000005
2014-12-23 23:00:00,143.13000000000005
2014-12-24 23:00:00,142.84000000000003
2014-12-26 23:00:00,142.77000000000004
2014-12-29 23:00:00,142.98000000000005
2014-12-30 23:00:00,142.24000000000004
2014-12-31 23:00:00,142.43000000000004
2015-01-02 23:00:00,141.71000000000006
2015-01-05 23:00:00,140.88000000000005
2015-01-06 23:00:00,139.63000000000005
2015-01-07 23:00:00,139.88000000000005
2015-01-08 23:00:00,140.32000000000005
2015-01-09 23:00:00,139.23000000000005
2015-01-12 23:00:00,138.21000000000006
2015-01-13 23:00:00,137.64000000000007
2015-01-14 23:00:00,137.32000000000005
2015-01-15 23:00:00,136.63000000000005
2015-01-16 23:00:00,137.48000000000005
2015-01-19 23:00:00,137.48000000000005
2015-01-20 23:00:00,137.51000000000005
2015-01-21 23:00:00,134.82000000000005
2015-01-22 23:00:00,135.06000000000006
2015-01-23 23:00:00,134.09000000000003
2015-01-26 23:00:00,134.50000000000006
2015-01-27 23:00:00,134.33000000000004
2015-01-28 23:00:00,133.49000000000007
2015-01-29 23:00:00,133.18000000000006
2015-01-30 23:00:00,132.03000000000003
2015-02-02 23:00:00,132.51000000000005
2015-02-03 23:00:00,134.11000000000007
2015-02-04 23:00:00,132.76000000000005
2015-02-05 23:00:00,133.88000000000005
2015-02-06 23:00:00,134.46000000000004
2015-02-09 23:00:00,134.48000000000005
2015-02-10 23:00:00,134.19000000000005
2015-02-11 23:00:00,134.47000000000006
2015-02-12 23:00:00,134.63000000000005
2015-02-13 23:00:00,134.65000000000006
2015-02-16 23:00:00,134.65000000000006
2015-02-17 23:00:00,135.73000000000005
2015-02-18 23:00:00,134.98000000000005
2015-02-19 23:00:00,134.64000000000007
2015-02-20 23:00:00,134.40000000000003
2015-02-23 23:00:00,133.93000000000006
2015-02-24 23:00:00,134.48000000000005
2015-02-25 23:00:00,135.04000000000005
2015-02-26 23:00:00,134.72000000000006
2015-02-27 23:00:00,135.08000000000004
2015-03-02 23:00:00,135.23000000000005
2015-03-03 23:00:00,135.30000000000007
2015-03-04 23:00:00,135.85000000000005
2015-03-05 23:00:00,135.48000000000005
2015-03-06 23:00:00,135.11000000000007
2015-03-09 23:00:00,135.69000000000005
2015-03-10 23:00:00,134.98000000000005
2015-03-11 23:00:00,134.64000000000004
2015-03-12 23:00:00,134.89000000000004
2015-03-13 23:00:00,134.23000000000005
2015-03-16 23:00:00,134.47000000000006
2015-03-17 23:00:00,134.48000000000005
2015-03-18 23:00:00,134.65000000000006
2015-03-19 23:00:00,134.41000000000005
2015-03-20 23:00:00,135.01000000000005
2015-03-23 23:00:00,135.26000000000005
2015-03-24 23:00:00,135.23000000000005
2015-03-25 23:00:00,135.04000000000005
2015-03-26 23:00:00,135.06000000000006
2015-03-27 23:00:00,134.03000000000003
2015-03-30 23:00:00,134.23000000000005
2015-03-31 23:00:00,134.24000000000007
2015-04-01 23:00:00,134.27000000000004
2015-04-02 23:00:00,134.76000000000005
2015-04-03 23:00:00,134.99000000000007
2015-04-06 23:00:00,135.23000000000005
2015-04-07 23:00:00,135.84000000000003
2015-04-08 23:00:00,135.18000000000006
2015-04-09 23:00:00,135.31000000000006
2015-04-10 23:00:00,135.01000000000005
2015-04-13 23:00:00,134.83000000000007
2015-04-14 23:00:00,135.10000000000005
2015-04-15 23:00:00,136.17000000000004
2015-04-16 23:00:00,137.19000000000005
2015-04-17 23:00:00,136.58000000000007
2015-04-20 23:00:00,137.08000000000004
2015-04-21 23:00:00,136.98000000000005
2015-04-22 23:00:00,137.52000000000007
2015-04-23 23:00:00,137.98000000000005
2015-04-24 23:00:00,137.24000000000007
2015-04-27 23:00:00,138.06000000000003
2015-04-28 23:00:00,138.37000000000003
2015-04-29 23:00:00,138.61000000000004
2015-04-30 23:00:00,138.37000000000003
2015-05-01 23:00:00,138.42000000000004
2015-05-04 23:00:00,138.86000000000004
2015-05-05 23:00:00,138.89000000000004
2015-05-06 23:00:00,138.63000000000005
2015-05-07 23:00:00,138.29000000000005
2015-05-08 23:00:00,138.64000000000004
2015-05-11 23:00:00,138.89000000000004
2015-05-12 23:00:00,139.51000000000005
2015-05-13 23:00:00,139.08000000000007
2015-05-14 23:00:00,138.99000000000004
2015-05-15 23:00:00,138.93000000000004
2015-05-18 23:00:00,138.28000000000006
2015-05-19 23:00:00,138.41000000000005
2015-05-20 23:00:00,139.01000000000005
2015-05-21 23:00:00,138.72000000000006
2015-05-22 23:00:00,138.38000000000005
2015-05-25 23:00:00,138.38000000000005
2015-05-26 23:00:00,138.61000000000004
2015-05-27 23:00:00,138.96000000000006
2015-05-28 23:00:00,139.32000000000005
2015-05-29 23:00:00,139.32000000000005
2015-06-01 23:00:00,139.31000000000003
2015-06-02 23:00:00,139.67000000000004
2015-06-03 23:00:00,139.46000000000006
2015-06-04 23:00:00,139.20000000000005
2015-06-05 23:00:00,140.61000000000007
2015-06-08 23:00:00,140.09000000000003
2015-06-09 23:00:00,140.49000000000007
2015-06-10 23:00:00,139.72000000000006
2015-06-11 23:00:00,140.15000000000003
2015-06-12 23:00:00,139.82000000000005
2015-06-15 23:00:00,139.82000000000005
2015-06-16 23:00:00,139.84000000000006
2015-06-17 23:00:00,140.58000000000004
2015-06-18 23:00:00,140.25000000000006
2015-06-19 23:00:00,139.73000000000005
2015-06-22 23:00:00,139.86000000000004
2015-06-23 23:00:00,140.16000000000005
2015-06-24 23:00:00,139.64000000000004
2015-06-25 23:00:00,140.06000000000003
2015-06-26 23:00:00,140.23000000000005
2015-06-29 23:00:00,138.71000000000006
2015-06-30 23:00:00,137.68000000000004
2015-07-01 23:00:00,137.56000000000003
2015-07-02 23:00:00,137.73000000000005
2015-07-03 23:00:00,137.73000000000005
2015-07-06 23:00:00,136.49000000000004
2015-07-07 23:00:00,135.97000000000006
2015-07-08 23:00:00,134.43000000000006
2015-07-09 23:00:00,135.16000000000005
2015-07-10 23:00:00,136.57000000000005
2015-07-13 23:00:00,136.57000000000005
2015-07-14 23:00:00,136.55000000000004
2015-07-15 23:00:00,135.49000000000007
2015-07-16 23:00:00,135.54000000000005
2015-07-17 23:00:00,135.37000000000006
2015-07-20 23:00:00,135.40000000000003
2015-07-21 23:00:00,135.47000000000006
2015-07-22 23:00:00,135.07000000000005
2015-07-23 23:00:00,134.79000000000005
2015-07-24 23:00:00,134.55000000000004
2015-07-27 23:00:00,134.39000000000004
2015-07-28 23:00:00,135.44000000000005
2015-07-29 23:00:00,135.60000000000005
2015-07-30 23:00:00,135.40000000000003
2015-07-31 23:00:00,134.58000000000007
2015-08-03 23:00:00,134.13000000000005
2015-08-04 23:00:00,134.16000000000005
2015-08-05 23:00:00,134.55000000000004
2015-08-06 23:00:00,134.92000000000004
2015-08-07 23:00:00,134.42000000000004
2015-08-10 23:00:00,135.73000000000005
2015-08-11 23:00:00,135.23000000000005
2015-08-12 23:00:00,135.44000000000005
2015-08-13 23:00:00,135.08000000000004
2015-08-14 23:00:00,134.87000000000003
2015-08-17 23:00:00,134.95000000000005
2015-08-18 23:00:00,135.07000000000005
2015-08-19 23:00:00,134.39000000000004
2015-08-20 23:00:00,134.17000000000004
2015-08-21 23:00:00,132.60000000000005
2015-08-24 23:00:00,129.29000000000005
2015-08-25 23:00:00,129.80000000000004
2015-08-26 23:00:00,129.45000000000005
2015-08-27 23:00:00,131.11000000000004
2015-08-28 23:00:00,131.76000000000005
2015-08-31 23:00:00,131.82000000000005
2015-09-01 23:00:00,130.63000000000005
2015-09-02 23:00:00,130.44000000000005
2015-09-03 23:00:00,130.84000000000006
2015-09-04 23:00:00,129.66000000000005
2015-09-07 23:00:00,129.66000000000005
2015-09-08 23:00:00,130.69000000000005
2015-09-09 23:00:00,130.98000000000005
2015-09-10 23:00:00,131.20000000000005
2015-09-11 23:00:00,130.86000000000004
2015-09-14 23:00:00,130.43000000000004
2015-09-15 23:00:00,130.85000000000005
2015-09-16 23:00:00,131.53000000000006
2015-09-17 23:00:00,131.81000000000006
2015-09-18 23:00:00,130.86000000000004
2015-09-21 23:00:00,131.05000000000004
2015-09-22 23:00:00,130.41000000000005
2015-09-23 23:00:00,129.98000000000005
2015-09-24 23:00:00,130.02000000000007
2015-09-25 23:00:00,130.46000000000006
2015-09-28 23:00:00,129.44000000000005
2015-09-29 23:00:00,129.09000000000006
2015-09-30 23:00:00,129.83000000000007
2015-10-01 23:00:00,130.45000000000007
2015-10-02 23:00:00,130.86000000000004
2015-10-05 23:00:00,132.09000000000006
2015-10-06 23:00:00,132.13000000000005
2015-10-07 23:00:00,131.80000000000007
2015-10-08 23:00:00,132.24000000000007
2015-10-09 23:00:00,132.88000000000005
2015-10-12 23:00:00,132.48000000000008
2015-10-13 23:00:00,132.14000000000004
2015-10-14 23:00:00,131.86000000000007
2015-10-15 23:00:00,132.46000000000004
2015-10-16 23:00:00,132.45000000000005
2015-10-19 23:00:00,131.71000000000004
2015-10-20 23:00:00,132.34000000000006
2015-10-21 23:00:00,131.44000000000005
2015-10-22 23:00:00,132.17000000000007
2015-10-23 23:00:00,132.10000000000005
2015-10-26 23:00:00,131.97000000000006
2015-10-27 23:00:00,130.68000000000004
2015-10-28 23:00:00,131.75000000000006
2015-10-29 23:00:00,132.07000000000005
2015-10-30 23:00:00,132.32000000000005
2015-11-02 23:00:00,132.23000000000008
2015-11-03 23:00:00,132.84000000000006
2015-11-04 23:00:00,132.36000000000007
2015-11-05 23:00:00,132.43000000000006
2015-11-06 23:00:00,132.69000000000005
2015-11-09 23:00:00,132.72000000000006
2015-11-10 23:00:00,132.87000000000006
2015-11-11 23:00:00,132.61000000000007
2015-11-12 23:00:00,132.33000000000004
2015-11-13 23:00:00,132.25000000000006
2015-11-16 23:00:00,132.48000000000008
2015-11-17 23:00:00,132.72000000000006
2015-11-18 23:00:00,132.70000000000005
2015-11-19 23:00:00,132.48000000000008
2015-11-20 23:00:00,132.12000000000006
2015-11-23 23:00:00,131.91000000000005
2015-11-24 23:00:00,132.18000000000006
2015-11-25 23:00:00,132.38000000000005
2015-11-26 23:00:00,132.38000000000005
2015-11-27 23:00:00,132.01000000000005
2015-11-30 23:00:00,132.23000000000008
2015-12-01 23:00:00,131.87000000000006
2015-12-02 23:00:00,132.22000000000006
2015-12-03 23:00:00,131.79000000000008
2015-12-04 23:00:00,132.16000000000005
2015-12-07 23:00:00,131.32000000000005
2015-12-08 23:00:00,130.64000000000007
2015-12-09 23:00:00,129.21000000000006
2015-12-10 23:00:00,129.42000000000007
2015-12-11 23:00:00,128.01000000000005
2015-12-14 23:00:00,128.02000000000004
2015-12-15 23:00:00,128.77000000000004
2015-12-16 23:00:00,128.58000000000004
2015-12-17 23:00:00,128.16000000000005
2015-12-18 23:00:00,127.18000000000006
2015-12-21 23:00:00,126.85000000000007
2015-12-22 23:00:00,126.99000000000007
2015-12-23 23:00:00,127.38000000000005
2015-12-24 23:00:00,127.03000000000006
2015-12-28 23:00:00,126.78000000000006
2015-12-29 23:00:00,127.29000000000006
2015-12-30 23:00:00,126.94000000000005
2015-12-31 23:00:00,127.11000000000006
2016-01-04 23:00:00,125.70000000000006
2016-01-05 23:00:00,125.23000000000006
2016-01-06 23:00:00,124.13000000000005
2016-01-07 23:00:00,123.60000000000007
2016-01-08 23:00:00,123.43000000000006
2016-01-11 23:00:00,122.81000000000006
2016-01-12 23:00:00,122.64000000000006
2016-01-13 23:00:00,122.23000000000006
2016-01-14 23:00:00,122.54000000000006
2016-01-15 23:00:00,120.71000000000006
2016-01-18 23:00:00,120.71000000000006
2016-01-19 23:00:00,120.84000000000006
2016-01-20 23:00:00,120.77000000000005
2016-01-21 23:00:00,122.52000000000005
2016-01-22 23:00:00,124.16000000000005
2016-01-25 23:00:00,123.50000000000006
2016-01-26 23:00:00,124.36000000000006
2016-01-27 23:00:00,124.29000000000006
2016-01-28 23:00:00,124.80000000000005
2016-01-29 23:00:00,126.68000000000006
2016-02-01 23:00:00,127.19000000000005
2016-02-02 23:00:00,125.87000000000006
2016-02-03 23:00:00,125.59000000000006
2016-02-04 23:00:00,125.28000000000006
2016-02-05 23:00:00,124.38000000000005
2016-02-08 23:00:00,123.01000000000006
2016-02-09 23:00:00,123.02000000000005
2016-02-10 23:00:00,121.95000000000006
2016-02-11 23:00:00,120.92000000000006
2016-02-12 23:00:00,122.05000000000005
2016-02-15 23:00:00,122.05000000000005
2016-02-16 23:00:00,122.31000000000006
2016-02-17 23:00:00,123.16000000000005
2016-02-18 23:00:00,122.92000000000006
2016-02-19 23:00:00,122.00000000000006
2016-02-22 23:00:00,122.58000000000006
2016-02-23 23:00:00,121.72000000000006
2016-02-24 23:00:00,121.70000000000006
2016-02-25 23:00:00,123.63000000000005
2016-02-26 23:00:00,124.46000000000006
2016-02-29 23:00:00,123.79000000000006
2016-03-01 23:00:00,125.45000000000006
2016-03-02 23:00:00,124.73000000000006
2016-03-03 23:00:00,125.02000000000007
2016-03-04 23:00:00,125.88000000000007
2016-03-07 23:00:00,125.58000000000007
2016-03-08 23:00:00,124.37000000000006
2016-03-09 23:00:00,125.90000000000006
2016-03-10 23:00:00,125.07000000000006
2016-03-11 23:00:00,126.33000000000007
2016-03-14 23:00:00,126.13000000000007
2016-03-15 23:00:00,125.04000000000006
2016-03-16 23:00:00,126.04000000000006
2016-03-17 23:00:00,126.11000000000006
2016-03-18 23:00:00,126.00000000000006
2016-03-21 23:00:00,125.97000000000007
2016-03-22 23:00:00,126.44000000000007
2016-03-23 23:00:00,125.44000000000007
2016-03-24 23:00:00,125.35000000000007
2016-03-28 23:00:00,126.28000000000006
2016-03-29 23:00:00,126.67000000000006
2016-03-30 23:00:00,127.12000000000006
2016-03-31 23:00:00,127.10000000000007
2016-04-01 23:00:00,126.14000000000006
2016-04-04 23:00:00,125.58000000000007
2016-04-05 23:00:00,124.40000000000006
2016-04-06 23:00:00,124.06000000000006
2016-04-07 23:00:00,122.70000000000006
2016-04-08 23:00:00,123.80000000000007
2016-04-11 23:00:00,124.14000000000006
2016-04-12 23:00:00,125.52000000000007
2016-04-13 23:00:00,125.68000000000006
2016-04-14 23:00:00,125.44000000000007
2016-04-15 23:00:00,125.08000000000007
2016-04-18 23:00:00,125.39000000000006
2016-04-19 23:00:00,126.76000000000006
2016-04-20 23:00:00,127.36000000000006
2016-04-21 23:00:00,126.49000000000007
2016-04-22 23:00:00,128.49000000000007
2016-04-25 23:00:00,128.18000000000006
2016-04-26 23:00:00,128.70000000000005
2016-04-27 23:00:00,128.64000000000004
2016-04-28 23:00:00,126.76000000000006
2016-04-29 23:00:00,125.57000000000006
2016-05-02 23:00:00,125.30000000000007
2016-05-03 23:00:00,124.10000000000007
2016-05-04 23:00:00,123.59000000000006
2016-05-05 23:00:00,123.86000000000006
2016-05-06 23:00:00,123.30000000000007
2016-05-09 23:00:00,124.14000000000006
2016-05-10 23:00:00,125.03000000000006
2016-05-11 23:00:00,124.95000000000006
2016-05-12 23:00:00,125.59000000000006
2016-05-13 23:00:00,124.45000000000006
2016-05-16 23:00:00,124.98000000000006
2016-05-17 23:00:00,124.97000000000007
2016-05-18 23:00:00,125.20000000000006
2016-05-19 23:00:00,124.42000000000006
2016-05-20 23:00:00,124.41000000000007
2016-05-23 23:00:00,123.64000000000006
2016-05-24 23:00:00,124.17000000000006
2016-05-25 23:00:00,124.97000000000007
2016-05-26 23:00:00,124.99000000000007
2016-05-27 23:00:00,125.01000000000006
2016-05-30 23:00:00,125.01000000000006
2016-05-31 23:00:00,124.74000000000007
2016-06-01 23:00:00,124.32000000000006
2016-06-02 23:00:00,123.57000000000006
2016-06-03 23:00:00,123.10000000000007
2016-06-06 23:00:00,124.36000000000007
2016-06-07 23:00:00,124.61000000000007
2016-06-08 23:00:00,124.77000000000007
2016-06-09 23:00:00,124.64000000000006
2016-06-10 23:00:00,124.20000000000006
2016-06-13 23:00:00,123.49000000000007
2016-06-14 23:00:00,122.98000000000006
2016-06-15 23:00:00,122.61000000000007
2016-06-16 23:00:00,121.07000000000006
2016-06-17 23:00:00,121.54000000000006
2016-06-20 23:00:00,121.81000000000006
2016-06-21 23:00:00,122.44000000000007
2016-06-22 23:00:00,122.00000000000007
2016-06-23 23:00:00,123.23000000000006
2016-06-24 23:00:00,119.41000000000007
2016-06-27 23:00:00,118.46000000000006
2016-06-28 23:00:00,119.34000000000006
2016-06-29 23:00:00,119.62000000000006
2016-06-30 23:00:00,120.27000000000007
2016-07-01 23:00:00,120.02000000000007
2016-07-04 23:00:00,120.02000000000007
2016-07-05 23:00:00,118.84000000000006
2016-07-06 23:00:00,118.90000000000006
2016-07-07 23:00:00,118.03000000000006
2016-07-08 23:00:00,117.64000000000006
2016-07-11 23:00:00,118.92000000000006
2016-07-12 23:00:00,121.11000000000007
2016-07-13 23:00:00,121.13000000000007
2016-07-14 23:00:00,122.48000000000006
2016-07-15 23:00:00,122.17000000000006
2016-07-18 23:00:00,122.59000000000006
2016-07-19 23:00:00,122.08000000000007
2016-07-20 23:00:00,122.47000000000007
2016-07-21 23:00:00,121.54000000000006
2016-07-22 23:00:00,121.39000000000006
2016-07-25 23:00:00,120.72000000000007
2016-07-26 23:00:00,119.96000000000006
2016-07-27 23:00:00,120.49000000000007
2016-07-28 23:00:00,120.79000000000006
2016-07-29 23:00:00,118.91000000000007
2016-08-01 23:00:00,118.85000000000007
2016-08-02 23:00:00,117.80000000000007
2016-08-03 23:00:00,118.05000000000007
2016-08-04 23:00:00,118.47000000000007
2016-08-05 23:00:00,118.01000000000006
2016-08-08 23:00:00,118.54000000000006
2016-08-09 23:00:00,118.28000000000006
2016-08-10 23:00:00,118.32000000000006
2016-08-11 23:00:00,119.32000000000006
2016-08-12 23:00:00,118.90000000000006
2016-08-15 23:00:00,119.14000000000006
2016-08-16 23:00:00,118.82000000000006
2016-08-17 23:00:00,118.73000000000006
2016-08-18 23:00:00,119.00000000000007
2016-08-19 23:00:00,118.70000000000006
2016-08-22 23:00:00,118.18000000000006
2016-08-23 23:00:00,118.39000000000006
2016-08-24 23:00:00,118.43000000000006
2016-08-25 23:00:00,118.56000000000006
2016-08-26 23:00:00,119.08000000000007
2016-08-29 23:00:00,119.10000000000007
2016-08-30 23:00:00,119.49000000000007
2016-08-31 23:00:00,119.63000000000007
2016-09-01 23:00:00,119.67000000000006
2016-09-02 23:00:00,120.76000000000006
2016-09-05 23:00:00,120.76000000000006
2016-09-06 23:00:00,120.32000000000006
2016-09-07 23:00:00,119.72000000000007
2016-09-08 23:00:00,120.14000000000007
2016-09-09 23:00:00,119.64000000000007
2016-09-12 23:00:00,118.88000000000007
2016-09-13 23:00:00,118.77000000000007
2016-09-14 23:00:00,118.39000000000007
2016-09-15 23:00:00,118.50000000000007
2016-09-16 23:00:00,118.35000000000007
2016-09-19 23:00:00,117.95000000000006
2016-09-20 23:00:00,117.92000000000006
2016-09-21 23:00:00,117.29000000000006
2016-09-22 23:00:00,118.10000000000007
2016-09-23 23:00:00,117.62000000000006
2016-09-26 23:00:00,116.72000000000007
2016-09-27 23:00:00,116.75000000000007
2016-09-28 23:00:00,117.84000000000006
2016-09-29 23:00:00,117.78000000000007
2016-09-30 23:00:00,118.23000000000006
2016-10-03 23:00:00,118.37000000000006
2016-10-04 23:00:00,118.80000000000007
2016-10-05 23:00:00,119.62000000000006
2016-10-06 23:00:00,119.65000000000006
2016-10-07 23:00:00,118.55000000000007
2016-10-10 23:00:00,119.63000000000007
2016-10-11 23:00:00,119.05000000000007
2016-10-12 23:00:00,119.66000000000007
2016-10-13 23:00:00,119.50000000000007
2016-10-14 23:00:00,120.32000000000006
2016-10-17 23:00:00,120.06000000000006
2016-10-18 23:00:00,120.18000000000006
2016-10-19 23:00:00,119.74000000000007
2016-10-20 23:00:00,119.60000000000007
2016-10-21 23:00:00,118.83000000000007
2016-10-24 23:00:00,118.92000000000006
2016-10-25 23:00:00,119.08000000000007
2016-10-26 23:00:00,119.18000000000006
2016-10-27 23:00:00,119.56000000000006
2016-10-28 23:00:00,119.21000000000006
2016-10-31 23:00:00,119.17000000000006
2016-11-01 23:00:00,118.67000000000006
2016-11-02 23:00:00,118.13000000000007
2016-11-03 23:00:00,117.96000000000006
2016-11-04 23:00:00,117.93000000000006
2016-11-07 23:00:00,119.26000000000006
2016-11-08 23:00:00,119.89000000000007
2016-11-09 23:00:00,119.96000000000006
2016-11-10 23:00:00,120.33000000000007
2016-11-11 23:00:00,119.85000000000007
2016-11-14 23:00:00,121.05000000000007
2016-11-15 23:00:00,122.23000000000006
2016-11-16 23:00:00,122.26000000000006
2016-11-17 23:00:00,122.46000000000006
2016-11-18 23:00:00,122.96000000000006
2016-11-21 23:00:00,123.82000000000006
2016-11-22 23:00:00,123.74000000000007
2016-11-23 23:00:00,124.50000000000007
2016-11-24 23:00:00,124.50000000000007
2016-11-25 23:00:00,124.78000000000007
2016-11-28 23:00:00,124.73000000000006
2016-11-29 23:00:00,124.77000000000007
2016-11-30 23:00:00,126.23000000000006
2016-12-01 23:00:00,126.67000000000006
2016-12-02 23:00:00,126.57000000000006
2016-12-05 23:00:00,126.84000000000006
2016-12-06 23:00:00,126.93000000000006
2016-12-07 23:00:00,127.10000000000007
2016-12-08 23:00:00,127.57000000000006
2016-12-09 23:00:00,128.63000000000005
2016-12-12 23:00:00,128.73000000000008
2016-12-13 23:00:00,128.97000000000006
2016-12-14 23:00:00,128.94000000000005
2016-12-15 23:00:00,129.54000000000005
2016-12-16 23:00:00,129.55000000000007
2016-12-19 23:00:00,128.57000000000005
2016-12-20 23:00:00,129.27000000000007
2016-12-21 23:00:00,128.87000000000006
2016-12-22 23:00:00,128.34000000000006
2016-12-23 23:00:00,127.74000000000007
2016-12-27 23:00:00,127.70000000000006
2016-12-28 23:00:00,127.60000000000007
2016-12-29 23:00:00,127.64000000000006
2016-12-30 23:00:00,127.96000000000006
2017-01-03 23:00:00,128.82000000000005
2017-01-04 23:00:00,129.55000000000007
2017-01-05 23:00:00,128.55000000000007
2017-01-06 23:00:00,129.63000000000008
2017-01-09 23:00:00,128.98000000000008
2017-01-10 23:00:00,128.76000000000005
2017-01-11 23:00:00,128.90000000000006
2017-01-12 23:00:00,128.64000000000004
2017-01-13 23:00:00,128.53000000000006
2017-01-16 23:00:00,128.53000000000006
2017-01-17 23:00:00,127.62000000000006
2017-01-18 23:00:00,127.13000000000007
2017-01-19 23:00:00,127.49000000000007
2017-01-20 23:00:00,127.16000000000007
2017-01-23 23:00:00,126.60000000000007
2017-01-24 23:00:00,127.89000000000006
2017-01-25 23:00:00,128.16000000000008
2017-01-26 23:00:00,128.66000000000008
2017-01-27 23:00:00,128.93000000000006
2017-01-30 23:00:00,128.03000000000006
2017-01-31 23:00:00,127.89000000000006
2017-02-01 23:00:00,127.98000000000006
2017-02-02 23:00:00,127.85000000000007
2017-02-03 23:00:00,128.07000000000005
2017-02-06 23:00:00,126.74000000000007
2017-02-07 23:00:00,126.55000000000007
2017-02-08 23:00:00,126.55000000000007
2017-02-09 23:00:00,127.59000000000006
2017-02-10 23:00:00,127.98000000000006
2017-02-13 23:00:00,128.31000000000006
2017-02-14 23:00:00,128.69000000000005
2017-02-15 23:00:00,128.68000000000006
2017-02-16 23:00:00,127.92000000000006
2017-02-17 23:00:00,127.55000000000007
2017-02-20 23:00:00,127.55000000000007
2017-02-21 23:00:00,127.80000000000007
2017-02-22 23:00:00,127.32000000000006
2017-02-23 23:00:00,127.36000000000006
2017-02-24 23:00:00,126.87000000000006
2017-02-27 23:00:00,127.16000000000007
2017-02-28 23:00:00,125.80000000000007
2017-03-01 23:00:00,126.52000000000007
2017-03-02 23:00:00,126.90000000000006
2017-03-03 23:00:00,126.56000000000007
2017-03-06 23:00:00,126.34000000000007
2017-03-07 23:00:00,126.39000000000007
2017-03-08 23:00:00,126.23000000000008
2017-03-09 23:00:00,126.43000000000006
2017-03-10 23:00:00,126.71000000000006
2017-03-13 23:00:00,126.82000000000006
2017-03-14 23:00:00,126.50000000000007
2017-03-15 23:00:00,126.54000000000006
2017-03-16 23:00:00,126.39000000000007
2017-03-17 23:00:00,125.93000000000006
2017-03-20 23:00:00,125.72000000000007
2017-03-21 23:00:00,125.34000000000007
2017-03-22 23:00:00,124.62000000000008
2017-03-23 23:00:00,124.77000000000007
2017-03-24 23:00:00,124.30000000000007
2017-03-27 23:00:00,124.18000000000006
2017-03-28 23:00:00,124.53000000000007
2017-03-29 23:00:00,124.82000000000006
2017-03-30 23:00:00,125.35000000000007
2017-03-31 23:00:00,125.28000000000007
2017-04-03 23:00:00,124.43000000000006
2017-04-04 23:00:00,124.05000000000007
2017-04-05 23:00:00,124.26000000000006
2017-04-06 23:00:00,124.13000000000007
2017-04-07 23:00:00,124.40000000000006
2017-04-10 23:00:00,124.78000000000007
2017-04-11 23:00:00,123.83000000000007
2017-04-12 23:00:00,123.93000000000006
2017-04-13 23:00:00,123.65000000000006
2017-04-17 23:00:00,123.31000000000007
2017-04-18 23:00:00,122.59000000000007
2017-04-19 23:00:00,122.15000000000006
2017-04-20 23:00:00,122.72000000000007
2017-04-21 23:00:00,122.41000000000007
2017-04-24 23:00:00,122.81000000000007
2017-04-25 23:00:00,123.40000000000006
2017-04-26 23:00:00,123.39000000000007
2017-04-27 23:00:00,123.27000000000007
2017-04-28 23:00:00,123.08000000000007
2017-05-01 23:00:00,123.44000000000007
2017-05-02 23:00:00,123.24000000000007
2017-05-03 23:00:00,123.76000000000006
2017-05-04 23:00:00,123.29000000000006
2017-05-05 23:00:00,123.91000000000007
2017-05-08 23:00:00,124.17000000000007
2017-05-09 23:00:00,124.91000000000007
2017-05-10 23:00:00,125.24000000000007
2017-05-11 23:00:00,124.77000000000007
2017-05-12 23:00:00,124.34000000000007
2017-05-15 23:00:00,124.93000000000006
2017-05-16 23:00:00,124.86000000000007
2017-05-17 23:00:00,123.18000000000006
2017-05-18 23:00:00,123.45000000000007
2017-05-19 23:00:00,124.06000000000007
2017-05-22 23:00:00,123.96000000000006
2017-05-23 23:00:00,124.29000000000006
2017-05-24 23:00:00,124.85000000000007
2017-05-25 23:00:00,124.54000000000006
2017-05-26 23:00:00,124.35000000000007
2017-05-29 23:00:00,124.35000000000007
2017-05-30 23:00:00,123.94000000000007
2017-05-31 23:00:00,123.51000000000006
2017-06-01 23:00:00,124.04000000000006
2017-06-02 23:00:00,123.55000000000007
2017-06-05 23:00:00,123.68000000000006
2017-06-06 23:00:00,123.09000000000006
2017-06-07 23:00:00,122.94000000000007
2017-06-08 23:00:00,123.12000000000006
2017-06-09 23:00:00,123.49000000000007
2017-06-12 23:00:00,124.10000000000007
2017-06-13 23:00:00,124.80000000000007
2017-06-14 23:00:00,124.38000000000007
2017-06-15 23:00:00,125.21000000000006
2017-06-16 23:00:00,125.54000000000006
2017-06-19 23:00:00,125.99000000000007
2017-06-20 23:00:00,125.73000000000006
2017-06-21 23:00:00,125.36000000000006
2017-06-22 23:00:00,125.79000000000006
2017-06-23 23:00:00,125.63000000000007
2017-06-26 23:00:00,126.18000000000006
2017-06-27 23:00:00,126.98000000000006
2017-06-28 23:00:00,127.89000000000006
2017-06-29 23:00:00,127.89000000000006
2017-06-30 23:00:00,128.59000000000006
2017-07-03 23:00:00,128.98000000000008
2017-07-04 23:00:00,128.98000000000008
2017-07-05 23:00:00,129.10000000000008
2017-07-06 23:00:00,129.12000000000006
2017-07-07 23:00:00,130.23000000000005
2017-07-10 23:00:00,130.28000000000006
2017-07-11 23:00:00,129.89000000000007
2017-07-12 23:00:00,130.78000000000006
2017-07-13 23:00:00,130.74000000000007
2017-07-14 23:00:00,130.71000000000006
2017-07-17 23:00:00,130.49000000000007
2017-07-18 23:00:00,130.46000000000006
2017-07-19 23:00:00,130.52000000000007
2017-07-20 23:00:00,130.74000000000007
2017-07-21 23:00:00,130.36000000000004
2017-07-24 23:00:00,130.65000000000006
2017-07-25 23:00:00,131.21000000000006
2017-07-26 23:00:00,130.95000000000007
2017-07-27 23:00:00,130.25000000000006
2017-07-28 23:00:00,130.74000000000007
2017-07-31 23:00:00,130.30000000000007
2017-08-01 23:00:00,129.85000000000005
2017-08-02 23:00:00,129.84000000000006
2017-08-03 23:00:00,129.23000000000008
2017-08-04 23:00:00,129.31000000000006
2017-08-07 23:00:00,129.13000000000005
2017-08-08 23:00:00,128.99000000000007
2017-08-09 23:00:00,128.27000000000007
2017-08-10 23:00:00,127.74000000000007
2017-08-11 23:00:00,127.74000000000007
2017-08-14 23:00:00,128.01000000000005
2017-08-15 23:00:00,128.47000000000006
2017-08-16 23:00:00,128.79000000000008
2017-08-17 23:00:00,128.50000000000006
2017-08-18 23:00:00,128.68000000000006
2017-08-21 23:00:00,128.44000000000005
2017-08-22 23:00:00,129.00000000000006
2017-08-23 23:00:00,128.72000000000006
2017-08-24 23:00:00,129.26000000000005
2017-08-25 23:00:00,129.36000000000007
2017-08-28 23:00:00,129.16000000000008
2017-08-29 23:00:00,129.41000000000008
2017-08-30 23:00:00,129.31000000000006
2017-08-31 23:00:00,129.86000000000007
2017-09-01 23:00:00,130.82000000000008
2017-09-04 23:00:00,130.82000000000008
2017-09-05 23:00:00,129.63000000000008
2017-09-06 23:00:00,131.21000000000006
2017-09-07 23:00:00,131.30000000000007
2017-09-08 23:00:00,130.61000000000007
2017-09-11 23:00:00,132.13000000000005
2017-09-12 23:00:00,132.26000000000005
2017-09-13 23:00:00,132.59000000000006
2017-09-14 23:00:00,132.57000000000005
2017-09-15 23:00:00,132.90000000000006
2017-09-18 23:00:00,132.44000000000005
2017-09-19 23:00:00,132.73000000000008
2017-09-20 23:00:00,132.82000000000005
2017-09-21 23:00:00,133.10000000000008
2017-09-22 23:00:00,132.74000000000007
2017-09-25 23:00:00,132.23000000000008
2017-09-26 23:00:00,132.74000000000007
2017-09-27 23:00:00,132.36000000000007
2017-09-28 23:00:00,132.41000000000008
2017-09-29 23:00:00,132.18000000000006
2017-10-02 23:00:00,132.04000000000008
2017-10-03 23:00:00,132.36000000000007
2017-10-04 23:00:00,132.33000000000007
2017-10-05 23:00:00,131.73000000000008
2017-10-06 23:00:00,131.92000000000007
2017-10-09 23:00:00,131.78000000000006
2017-10-10 23:00:00,131.80000000000007
2017-10-11 23:00:00,132.08000000000007
2017-10-12 23:00:00,132.06000000000006
2017-10-13 23:00:00,131.65000000000006
2017-10-16 23:00:00,131.61000000000007
2017-10-17 23:00:00,131.46000000000006
2017-10-18 23:00:00,132.59000000000006
2017-10-19 23:00:00,132.24000000000007
2017-10-20 23:00:00,131.92000000000007
2017-10-23 23:00:00,131.99000000000007
2017-10-24 23:00:00,131.64000000000007
2017-10-25 23:00:00,130.81000000000006
2017-10-26 23:00:00,130.75000000000009
2017-10-27 23:00:00,130.62000000000006
2017-10-30 23:00:00,130.23000000000005
2017-10-31 23:00:00,130.23000000000005
2017-11-01 23:00:00,130.76000000000008
2017-11-02 23:00:00,131.07000000000008
2017-11-03 23:00:00,131.55000000000007
2017-11-06 23:00:00,131.53000000000006
2017-11-07 23:00:00,131.16000000000005
2017-11-08 23:00:00,131.50000000000006
2017-11-09 23:00:00,131.43000000000006
2017-11-10 23:00:00,131.69000000000005
2017-11-13 23:00:00,131.34000000000006
2017-11-14 23:00:00,131.20000000000005
2017-11-15 23:00:00,130.54000000000005
2017-11-16 23:00:00,130.74000000000007
2017-11-17 23:00:00,129.99000000000007
2017-11-20 23:00:00,130.10000000000005
2017-11-21 23:00:00,130.16000000000005
2017-11-22 23:00:00,129.65000000000006
2017-11-23 23:00:00,129.65000000000006
2017-11-24 23:00:00,129.92000000000004
2017-11-27 23:00:00,129.15000000000006
2017-11-28 23:00:00,129.22000000000008
2017-11-29 23:00:00,129.18000000000006
2017-11-30 23:00:00,129.39000000000007
2017-12-01 23:00:00,130.41000000000005
2017-12-04 23:00:00,130.84000000000006
2017-12-05 23:00:00,130.84000000000006
2017-12-06 23:00:00,129.91000000000005
2017-12-07 23:00:00,130.12000000000006
2017-12-08 23:00:00,130.40000000000006
2017-12-11 23:00:00,130.52000000000007
2017-12-12 23:00:00,130.43000000000006
2017-12-13 23:00:00,130.08000000000007
2017-12-14 23:00:00,130.22000000000006
2017-12-15 23:00:00,129.64000000000007
2017-12-18 23:00:00,129.67000000000007
2017-12-19 23:00:00,129.93000000000006
2017-12-20 23:00:00,130.64000000000007
2017-12-21 23:00:00,131.25000000000006
2017-12-22 23:00:00,131.12000000000006
2017-12-26 23:00:00,131.33000000000007
2017-12-27 23:00:00,131.79000000000008
2017-12-28 23:00:00,132.13000000000005
2017-12-29 23:00:00,132.18000000000006
2018-01-02 23:00:00,132.06000000000006
2018-01-03 23:00:00,132.06000000000006
2018-01-04 23:00:00,132.56000000000006
2018-01-05 23:00:00,133.51000000000005
2018-01-08 23:00:00,133.3400000000001
2018-01-09 23:00:00,132.71000000000006
2018-01-10 23:00:00,130.85000000000005
2018-01-11 23:00:00,131.01000000000008
2018-01-12 23:00:00,131.26000000000005
2018-01-15 23:00:00,131.26000000000005
2018-01-16 23:00:00,131.08000000000007
2018-01-17 23:00:00,131.88000000000005
2018-01-18 23:00:00,131.63000000000005
2018-01-19 23:00:00,130.96000000000006
2018-01-22 23:00:00,131.47000000000008
2018-01-23 23:00:00,131.07000000000008
2018-01-24 23:00:00,130.84000000000006
2018-01-25 23:00:00,130.85000000000005
2018-01-26 23:00:00,130.57000000000008
2018-01-29 23:00:00,130.77000000000007
2018-01-30 23:00:00,130.63000000000008
2018-01-31 23:00:00,131.05000000000007
2018-02-01 23:00:00,131.54000000000008
2018-02-02 23:00:00,131.39000000000007
2018-02-05 23:00:00,130.08000000000007
2018-02-06 23:00:00,129.71000000000006
2018-02-07 23:00:00,129.41000000000008
2018-02-08 23:00:00,128.88000000000005
2018-02-09 23:00:00,128.47000000000008
2018-02-12 23:00:00,128.56000000000006
2018-02-13 23:00:00,127.94000000000007
2018-02-14 23:00:00,127.94000000000007
2018-02-15 23:00:00,127.51000000000006
2018-02-16 23:00:00,127.14000000000007
2018-02-19 23:00:00,127.14000000000007
2018-02-20 23:00:00,127.30000000000007
2018-02-21 23:00:00,127.42000000000007
2018-02-22 23:00:00,126.33000000000007
2018-02-23 23:00:00,126.76000000000006
2018-02-26 23:00:00,126.78000000000007
2018-02-27 23:00:00,126.69000000000007
2018-02-28 23:00:00,125.62000000000008
2018-03-01 23:00:00,125.34000000000007
2018-03-02 23:00:00,124.36000000000007
2018-03-05 23:00:00,124.25000000000007
2018-03-06 23:00:00,124.87000000000008
2018-03-07 23:00:00,124.59000000000007
2018-03-08 23:00:00,124.83000000000007
2018-03-09 23:00:00,125.74000000000007
2018-03-12 23:00:00,125.43000000000006
2018-03-13 23:00:00,124.93000000000006
2018-03-14 23:00:00,124.64000000000007
2018-03-15 23:00:00,123.94000000000007
2018-03-16 23:00:00,123.58000000000007
2018-03-19 23:00:00,123.73000000000008
2018-03-20 23:00:00,123.96000000000006
2018-03-21 23:00:00,124.71000000000006
2018-03-22 23:00:00,124.36000000000007
2018-03-23 23:00:00,124.09000000000007
2018-03-26 23:00:00,124.38000000000007
2018-03-27 23:00:00,124.57000000000006
2018-03-28 23:00:00,125.40000000000006
2018-03-29 23:00:00,125.14000000000007
2018-04-02 23:00:00,124.47000000000007
2018-04-03 23:00:00,125.87000000000008
2018-04-04 23:00:00,126.10000000000007
2018-04-05 23:00:00,126.90000000000006
2018-04-06 23:00:00,126.29000000000006
2018-04-09 23:00:00,126.76000000000006
2018-04-10 23:00:00,127.78000000000007
2018-04-11 23:00:00,127.70000000000007
2018-04-12 23:00:00,127.91000000000007
2018-04-13 23:00:00,127.88000000000007
2018-04-16 23:00:00,127.92000000000007
2018-04-17 23:00:00,127.95000000000007
2018-04-18 23:00:00,127.63000000000007
2018-04-19 23:00:00,127.50000000000007
2018-04-20 23:00:00,127.12000000000008
2018-04-23 23:00:00,127.28000000000007
2018-04-24 23:00:00,127.42000000000007
2018-04-25 23:00:00,127.86000000000007
2018-04-26 23:00:00,127.72000000000007
2018-04-27 23:00:00,127.72000000000007
2018-04-30 23:00:00,127.86000000000007
2018-05-01 23:00:00,128.23000000000008
2018-05-02 23:00:00,128.17000000000007
2018-05-03 23:00:00,127.77000000000007
2018-05-04 23:00:00,127.66000000000007
2018-05-07 23:00:00,127.50000000000007
2018-05-08 23:00:00,126.94000000000007
2018-05-09 23:00:00,128.22000000000008
2018-05-10 23:00:00,128.5300000000001
2018-05-11 23:00:00,128.27000000000007
2018-05-14 23:00:00,128.49000000000007
2018-05-15 23:00:00,128.5900000000001
2018-05-16 23:00:00,129.05000000000007
2018-05-17 23:00:00,129.36000000000007
2018-05-18 23:00:00,128.77000000000007
2018-05-21 23:00:00,129.59000000000006
2018-05-22 23:00:00,129.49000000000007
2018-05-23 23:00:00,128.57000000000005
2018-05-24 23:00:00,127.68000000000006
2018-05-25 23:00:00,127.18000000000006
2018-05-28 23:00:00,127.18000000000006
2018-05-29 23:00:00,126.00000000000007
2018-05-30 23:00:00,127.41000000000007
2018-05-31 23:00:00,126.74000000000008
2018-06-01 23:00:00,127.32000000000008
2018-06-04 23:00:00,127.77000000000007
2018-06-05 23:00:00,127.50000000000007
2018-06-06 23:00:00,128.00000000000006
2018-06-07 23:00:00,127.45000000000007
2018-06-08 23:00:00,127.54000000000008
2018-06-11 23:00:00,127.62000000000008
2018-06-12 23:00:00,127.66000000000007
2018-06-13 23:00:00,127.94000000000007
2018-06-14 23:00:00,127.32000000000008
2018-06-15 23:00:00,126.83000000000007
2018-06-18 23:00:00,126.53000000000007
2018-06-19 23:00:00,125.80000000000007
2018-06-20 23:00:00,125.84000000000007
2018-06-21 23:00:00,125.53000000000007
2018-06-22 23:00:00,125.69000000000007
2018-06-25 23:00:00,125.18000000000008
2018-06-26 23:00:00,125.77000000000007
2018-06-27 23:00:00,125.75000000000007
2018-06-28 23:00:00,126.34000000000007
2018-06-29 23:00:00,127.30000000000007
2018-07-02 23:00:00,126.97000000000007
2018-07-03 23:00:00,126.96000000000008
2018-07-04 23:00:00,126.96000000000008
2018-07-05 23:00:00,127.21000000000008
2018-07-06 23:00:00,127.30000000000007
2018-07-09 23:00:00,127.55000000000007
2018-07-10 23:00:00,127.86000000000007
2018-07-11 23:00:00,127.95000000000007
2018-07-12 23:00:00,128.44000000000005
2018-07-13 23:00:00,128.4000000000001
2018-07-16 23:00:00,128.47000000000008
2018-07-17 23:00:00,128.5900000000001
2018-07-18 23:00:00,128.70000000000007
2018-07-19 23:00:00,127.94000000000007
2018-07-20 23:00:00,128.01000000000008
2018-07-23 23:00:00,127.70000000000007
2018-07-24 23:00:00,127.60000000000008
2018-07-25 23:00:00,127.99000000000008
2018-07-26 23:00:00,128.2100000000001
2018-07-27 23:00:00,128.04000000000008
2018-07-30 23:00:00,128.36000000000007
2018-07-31 23:00:00,129.1500000000001
2018-08-01 23:00:00,128.98000000000008
2018-08-02 23:00:00,128.89000000000007
2018-08-03 23:00:00,128.8400000000001
2018-08-06 23:00:00,128.80000000000007
2018-08-07 23:00:00,128.41000000000008
2018-08-08 23:00:00,128.42000000000007
2018-08-09 23:00:00,128.32000000000008
2018-08-10 23:00:00,127.36000000000007
2018-08-13 23:00:00,127.37000000000008
2018-08-14 23:00:00,128.17000000000007
2018-08-15 23:00:00,127.34000000000007
2018-08-16 23:00:00,127.45000000000007
2018-08-17 23:00:00,127.92000000000007
2018-08-20 23:00:00,127.64000000000007
2018-08-21 23:00:00,127.83000000000007
2018-08-22 23:00:00,128.2100000000001
2018-08-23 23:00:00,128.23000000000008
2018-08-24 23:00:00,128.58000000000007
2018-08-27 23:00:00,128.92000000000007
2018-08-28 23:00:00,129.25000000000006
2018-08-29 23:00:00,129.72000000000006
2018-08-30 23:00:00,128.74000000000007
2018-08-31 23:00:00,128.32000000000008
2018-09-03 23:00:00,128.32000000000008
2018-09-04 23:00:00,127.85000000000008
2018-09-05 23:00:00,127.81000000000007
2018-09-06 23:00:00,127.67000000000007
2018-09-07 23:00:00,127.61000000000007
2018-09-10 23:00:00,127.82000000000008
2018-09-11 23:00:00,128.2800000000001
2018-09-12 23:00:00,128.95000000000007
2018-09-13 23:00:00,129.44000000000005
2018-09-14 23:00:00,129.2800000000001
2018-09-17 23:00:00,129.20000000000007
2018-09-18 23:00:00,129.88000000000008
2018-09-19 23:00:00,130.23000000000008
2018-09-20 23:00:00,130.45000000000007
2018-09-21 23:00:00,130.4300000000001
2018-09-24 23:00:00,130.44000000000008
2018-09-25 23:00:00,130.54000000000008
2018-09-26 23:00:00,130.13000000000008
2018-09-27 23:00:00,130.35000000000008
2018-09-28 23:00:00,131.2700000000001
2018-10-01 23:00:00,132.5200000000001
2018-10-02 23:00:00,132.0900000000001
2018-10-03 23:00:00,132.43000000000006
2018-10-04 23:00:00,131.50000000000006
2018-10-05 23:00:00,131.31000000000006
2018-10-08 23:00:00,130.60000000000008
2018-10-09 23:00:00,130.7400000000001
2018-10-10 23:00:00,129.80000000000007
2018-10-11 23:00:00,129.24000000000007
2018-10-12 23:00:00,129.2700000000001
2018-10-15 23:00:00,129.59000000000006
2018-10-16 23:00:00,130.13000000000008
2018-10-17 23:00:00,129.89000000000007
2018-10-18 23:00:00,129.25000000000006
2018-10-19 23:00:00,129.30000000000007
2018-10-22 23:00:00,129.5600000000001
2018-10-23 23:00:00,129.42000000000007
2018-10-24 23:00:00,129.85000000000008
2018-10-25 23:00:00,129.60000000000008
2018-10-26 23:00:00,128.93000000000006
2018-10-29 23:00:00,129.10000000000008
2018-10-30 23:00:00,129.53000000000006
2018-10-31 23:00:00,129.35000000000008
2018-11-01 23:00:00,129.66000000000008
2018-11-02 23:00:00,129.91000000000008
2018-11-05 23:00:00,129.91000000000008
2018-11-06 23:00:00,129.84000000000006
2018-11-07 23:00:00,130.08000000000007
2018-11-08 23:00:00,130.05000000000007
2018-11-09 23:00:00,129.70000000000007
2018-11-12 23:00:00,129.63000000000008
2018-11-13 23:00:00,129.47000000000008
2018-11-14 23:00:00,129.38000000000008
2018-11-15 23:00:00,129.85000000000008
2018-11-16 23:00:00,129.31000000000006
2018-11-19 23:00:00,128.99000000000007
2018-11-20 23:00:00,128.29000000000008
2018-11-21 23:00:00,128.95000000000007
2018-11-22 23:00:00,128.95000000000007
2018-11-23 23:00:00,129.10000000000008
2018-11-26 23:00:00,129.47000000000008
2018-11-27 23:00:00,129.20000000000007
2018-11-28 23:00:00,129.19000000000005
2018-11-29 23:00:00,129.12000000000006
2018-11-30 23:00:00,129.1500000000001
2018-12-03 23:00:00,129.71000000000006
2018-12-04 23:00:00,128.81000000000006
2018-12-05 23:00:00,128.24000000000007
2018-12-06 23:00:00,127.80000000000008
2018-12-07 23:00:00,128.51000000000008
2018-12-10 23:00:00,128.13000000000008
2018-12-11 23:00:00,128.39000000000007
2018-12-12 23:00:00,128.5300000000001
2018-12-13 23:00:00,128.82000000000008
2018-12-14 23:00:00,128.47000000000008
2018-12-17 23:00:00,127.86000000000007
2018-12-18 23:00:00,127.18000000000008
2018-12-19 23:00:00,127.07000000000008
2018-12-20 23:00:00,126.20000000000007
2018-12-21 23:00:00,125.76000000000008
2018-12-24 23:00:00,125.01000000000008
2018-12-26 23:00:00,125.86000000000007
2018-12-27 23:00:00,125.12000000000008
2018-12-28 23:00:00,124.87000000000008
2018-12-31 23:00:00,124.41000000000008
2019-01-02 23:00:00,124.30000000000008
2019-01-03 23:00:00,123.88000000000008
2019-01-04 23:00:00,124.96000000000008
2019-01-07 23:00:00,125.62000000000008
2019-01-08 23:00:00,125.74000000000008
2019-01-09 23:00:00,125.85000000000008
2019-01-10 23:00:00,125.94000000000008
2019-01-11 23:00:00,125.73000000000008
2019-01-14 23:00:00,125.53000000000007
2019-01-15 23:00:00,125.73000000000008
2019-01-16 23:00:00,126.18000000000008
2019-01-17 23:00:00,126.34000000000007
2019-01-18 23:00:00,126.72000000000007
2019-01-21 23:00:00,126.72000000000007
2019-01-22 23:00:00,125.87000000000008
2019-01-23 23:00:00,126.12000000000008
2019-01-24 23:00:00,126.18000000000008
2019-01-25 23:00:00,126.91000000000008
2019-01-28 23:00:00,126.53000000000007
2019-01-29 23:00:00,126.31000000000007
2019-01-30 23:00:00,127.02000000000008
2019-01-31 23:00:00,127.00000000000007
2019-02-01 23:00:00,127.74000000000008
2019-02-04 23:00:00,127.84000000000007
2019-02-05 23:00:00,127.75000000000007
2019-02-06 23:00:00,127.38000000000008
2019-02-07 23:00:00,126.68000000000008
2019-02-08 23:00:00,126.84000000000007
2019-02-11 23:00:00,127.12000000000008
2019-02-12 23:00:00,127.57000000000008
2019-02-13 23:00:00,127.89000000000007
2019-02-14 23:00:00,127.32000000000008
2019-02-15 23:00:00,127.49000000000008
2019-02-18 23:00:00,127.49000000000008
2019-02-19 23:00:00,127.89000000000007
2019-02-20 23:00:00,128.41000000000008
2019-02-21 23:00:00,127.85000000000008
2019-02-22 23:00:00,128.42000000000007
2019-02-25 23:00:00,128.4000000000001
2019-02-26 23:00:00,128.10000000000008
2019-02-27 23:00:00,128.62000000000006
2019-02-28 23:00:00,128.97000000000008
2019-03-01 23:00:00,128.42000000000007
2019-03-04 23:00:00,128.13000000000005
2019-03-05 23:00:00,128.05000000000007
2019-03-06 23:00:00,127.52000000000007
2019-03-07 23:00:00,127.11000000000007
2019-03-08 23:00:00,127.05000000000007
2019-03-11 23:00:00,127.19000000000007
2019-03-12 23:00:00,127.52000000000007
2019-03-13 23:00:00,127.72000000000007
2019-03-14 23:00:00,128.14000000000007
2019-03-15 23:00:00,127.80000000000007
2019-03-18 23:00:00,127.72000000000007
2019-03-19 23:00:00,128.01000000000005
2019-03-20 23:00:00,127.65000000000006
2019-03-21 23:00:00,127.11000000000007
2019-03-22 23:00:00,126.37000000000008
2019-03-25 23:00:00,126.39000000000007
2019-03-26 23:00:00,126.92000000000007
2019-03-27 23:00:00,126.69000000000007
2019-03-28 23:00:00,126.62000000000008
2019-03-29 23:00:00,127.34000000000007
2019-04-01 23:00:00,128.05000000000007
2019-04-02 23:00:00,127.82000000000006
2019-04-03 23:00:00,127.93000000000006
2019-04-04 23:00:00,127.94000000000007
2019-04-05 23:00:00,127.79000000000006
2019-04-08 23:00:00,128.15000000000006
2019-04-09 23:00:00,127.77000000000007
2019-04-10 23:00:00,127.68000000000006
2019-04-11 23:00:00,127.87000000000008
2019-04-12 23:00:00,128.46000000000006
2019-04-15 23:00:00,128.13000000000005
2019-04-16 23:00:00,128.2800000000001
2019-04-17 23:00:00,128.41000000000008
2019-04-18 23:00:00,128.08000000000007
2019-04-22 23:00:00,128.33000000000007
2019-04-23 23:00:00,127.65000000000006
2019-04-24 23:00:00,127.72000000000007
2019-04-25 23:00:00,127.27000000000007
2019-04-26 23:00:00,127.42000000000007
2019-04-29 23:00:00,127.59000000000007
2019-04-30 23:00:00,127.66000000000007
2019-05-01 23:00:00,127.48000000000008
2019-05-02 23:00:00,127.28000000000007
2019-05-03 23:00:00,127.24000000000007
2019-05-06 23:00:00,127.04000000000006
2019-05-07 23:00:00,126.31000000000007
2019-05-08 23:00:00,126.23000000000008
2019-05-09 23:00:00,126.00000000000007
2019-05-10 23:00:00,126.42000000000007
2019-05-13 23:00:00,125.71000000000006
2019-05-14 23:00:00,125.94000000000007
2019-05-15 23:00:00,126.07000000000006
2019-05-16 23:00:00,126.17000000000007
2019-05-17 23:00:00,126.47000000000007
2019-05-20 23:00:00,126.44000000000007
2019-05-21 23:00:00,127.11000000000007
2019-05-22 23:00:00,126.71000000000006
2019-05-23 23:00:00,125.78000000000007
2019-05-24 23:00:00,125.96000000000006
2019-05-27 23:00:00,125.96000000000006
2019-05-28 23:00:00,125.78000000000007
2019-05-29 23:00:00,125.55000000000007
2019-05-30 23:00:00,125.72000000000007
2019-05-31 23:00:00,124.80000000000007
2019-06-03 23:00:00,125.04000000000008
2019-06-04 23:00:00,125.30000000000007
2019-06-05 23:00:00,125.41000000000007
2019-06-06 23:00:00,125.76000000000008
2019-06-07 23:00:00,126.14000000000007
2019-06-10 23:00:00,126.36000000000007
2019-06-11 23:00:00,126.31000000000007
2019-06-12 23:00:00,126.05000000000007
2019-06-13 23:00:00,125.97000000000007
2019-06-14 23:00:00,125.59000000000007
2019-06-17 23:00:00,125.62000000000008
2019-06-18 23:00:00,125.73000000000008
2019-06-19 23:00:00,125.93000000000008
2019-06-20 23:00:00,126.02000000000008
2019-06-21 23:00:00,126.04000000000008
2019-06-24 23:00:00,126.10000000000008
2019-06-25 23:00:00,126.01000000000008
2019-06-26 23:00:00,126.96000000000008
2019-06-27 23:00:00,127.05000000000007
2019-06-28 23:00:00,127.13000000000008
2019-07-01 23:00:00,127.29000000000008
2019-07-02 23:00:00,127.00000000000007
2019-07-03 23:00:00,127.26000000000008
2019-07-04 23:00:00,127.26000000000008
2019-07-05 23:00:00,127.75000000000007
2019-07-08 23:00:00,127.80000000000007
2019-07-09 23:00:00,127.72000000000007
2019-07-10 23:00:00,127.74000000000008
2019-07-11 23:00:00,127.78000000000007
2019-07-12 23:00:00,127.53000000000007
2019-07-15 23:00:00,127.52000000000008
2019-07-16 23:00:00,127.71000000000008
2019-07-17 23:00:00,127.69000000000007
2019-07-18 23:00:00,127.23000000000008
2019-07-19 23:00:00,127.35000000000008
2019-07-22 23:00:00,127.10000000000008
2019-07-23 23:00:00,127.27000000000008
2019-07-24 23:00:00,127.18000000000008
2019-07-25 23:00:00,127.49000000000008
2019-07-26 23:00:00,127.40000000000008
2019-07-29 23:00:00,127.53000000000007
2019-07-30 23:00:00,127.45000000000007
2019-07-31 23:00:00,127.33000000000007
2019-08-01 23:00:00,126.03000000000007
2019-08-02 23:00:00,125.56000000000007
2019-08-05 23:00:00,125.12000000000008
2019-08-06 23:00:00,125.12000000000008
2019-08-07 23:00:00,124.61000000000007
2019-08-08 23:00:00,124.98000000000008
2019-08-09 23:00:00,124.87000000000008
2019-08-12 23:00:00,124.43000000000008
2019-08-13 23:00:00,125.63000000000008
2019-08-14 23:00:00,124.42000000000007
2019-08-15 23:00:00,124.59000000000007
2019-08-16 23:00:00,125.06000000000007
2019-08-19 23:00:00,124.95000000000007
2019-08-20 23:00:00,124.81000000000007
2019-08-21 23:00:00,125.14000000000007
2019-08-22 23:00:00,125.00000000000007
2019-08-23 23:00:00,124.20000000000007
2019-08-26 23:00:00,125.06000000000007
2019-08-27 23:00:00,124.61000000000007
2019-08-28 23:00:00,124.68000000000008
2019-08-29 23:00:00,125.20000000000007
2019-08-30 23:00:00,124.79000000000008
2019-09-02 23:00:00,124.79000000000008
2019-09-03 23:00:00,124.60000000000008
2019-09-04 23:00:00,125.51000000000008
2019-09-05 23:00:00,125.86000000000008
2019-09-06 23:00:00,126.18000000000008
2019-09-09 23:00:00,126.45000000000007
2019-09-10 23:00:00,126.73000000000008
2019-09-11 23:00:00,126.75000000000009
2019-09-12 23:00:00,126.95000000000007
2019-09-13 23:00:00,126.51000000000008
2019-09-16 23:00:00,126.68000000000008
2019-09-17 23:00:00,126.74000000000008
2019-09-18 23:00:00,126.59000000000007
2019-09-19 23:00:00,126.57000000000008
2019-09-20 23:00:00,126.21000000000008
2019-09-23 23:00:00,126.17000000000009
2019-09-24 23:00:00,126.00000000000009
2019-09-25 23:00:00,126.47000000000008
2019-09-26 23:00:00,126.44000000000008
2019-09-27 23:00:00,126.58000000000008
2019-09-30 23:00:00,126.83000000000008
2019-10-01 23:00:00,126.70000000000007
2019-10-02 23:00:00,125.67000000000009
2019-10-03 23:00:00,125.39000000000009
2019-10-04 23:00:00,125.39000000000009
2019-10-07 23:00:00,125.80000000000008
2019-10-08 23:00:00,125.61000000000008
2019-10-09 23:00:00,125.87000000000008
2019-10-10 23:00:00,126.37000000000008
2019-10-11 23:00:00,127.52000000000008
2019-10-14 23:00:00,127.10000000000008
2019-10-15 23:00:00,127.65000000000008
2019-10-16 23:00:00,127.67000000000009
2019-10-17 23:00:00,127.96000000000008
2019-10-18 23:00:00,127.89000000000009
2019-10-21 23:00:00,128.24000000000007
2019-10-22 23:00:00,128.05000000000007
2019-10-23 23:00:00,128.35000000000008
2019-10-24 23:00:00,128.37000000000006
2019-10-25 23:00:00,128.50000000000009
2019-10-28 23:00:00,128.7700000000001
2019-10-29 23:00:00,128.42000000000007
2019-10-30 23:00:00,127.96000000000008
2019-10-31 23:00:00,127.34000000000007
2019-11-01 23:00:00,127.65000000000008
2019-11-04 23:00:00,127.92000000000009
2019-11-05 23:00:00,128.32000000000008
2019-11-06 23:00:00,127.95000000000007
2019-11-07 23:00:00,128.26000000000008
2019-11-08 23:00:00,127.85000000000008
2019-11-11 23:00:00,127.79000000000008
2019-11-12 23:00:00,127.72000000000008
2019-11-13 23:00:00,127.42000000000009
2019-11-14 23:00:00,127.12000000000008
2019-11-15 23:00:00,127.63000000000008
2019-11-18 23:00:00,127.62000000000008
2019-11-19 23:00:00,127.17000000000009
2019-11-20 23:00:00,126.99000000000008
2019-11-21 23:00:00,127.23000000000008
2019-11-22 23:00:00,127.11000000000008
2019-11-25 23:00:00,127.29000000000008
2019-11-26 23:00:00,127.54000000000008
2019-11-27 23:00:00,127.92000000000009
2019-11-28 23:00:00,127.92000000000009
2019-11-29 23:00:00,127.81000000000007
2019-12-02 23:00:00,127.40000000000008
2019-12-03 23:00:00,127.07000000000008
2019-12-04 23:00:00,128.02000000000007
2019-12-05 23:00:00,128.01000000000008
2019-12-06 23:00:00,127.33000000000007
2019-12-09 23:00:00,127.58000000000007
2019-12-10 23:00:00,127.65000000000008
2019-12-11 23:00:00,127.89000000000007
2019-12-12 23:00:00,128.44000000000005
2019-12-13 23:00:00,128.41000000000008
2019-12-16 23:00:00,128.82000000000008
2019-12-17 23:00:00,128.69000000000005
2019-12-18 23:00:00,129.0900000000001
2019-12-19 23:00:00,128.85000000000008
2019-12-20 23:00:00,128.77000000000007
2019-12-23 23:00:00,128.76000000000008
2019-12-24 23:00:00,128.74000000000007
2019-12-26 23:00:00,129.29000000000008
2019-12-27 23:00:00,129.38000000000008
2019-12-30 23:00:00,129.02000000000007
2019-12-31 23:00:00,129.33000000000007
2020-01-02 23:00:00,129.20000000000007
2020-01-03 23:00:00,128.7800000000001
2020-01-06 23:00:00,129.30000000000007
2020-01-07 23:00:00,129.10000000000008
2020-01-08 23:00:00,129.49000000000007
2020-01-09 23:00:00,129.4000000000001
2020-01-10 23:00:00,129.53000000000006
2020-01-13 23:00:00,129.9300000000001
2020-01-14 23:00:00,129.92000000000007
2020-01-15 23:00:00,129.97000000000006
2020-01-16 23:00:00,130.11000000000007
2020-01-17 23:00:00,130.01000000000008
2020-01-20 23:00:00,130.01000000000008
2020-01-21 23:00:00,129.70000000000007
2020-01-22 23:00:00,129.32000000000008
2020-01-23 23:00:00,129.16000000000008
2020-01-24 23:00:00,128.87000000000006
2020-01-27 23:00:00,128.36000000000007
2020-01-28 23:00:00,128.60000000000008
2020-01-29 23:00:00,128.4000000000001
2020-01-30 23:00:00,128.06000000000006
2020-01-31 23:00:00,127.66000000000007
2020-02-03 23:00:00,127.50000000000007
2020-02-04 23:00:00,128.19000000000005
2020-02-05 23:00:00,128.4000000000001
2020-02-06 23:00:00,128.5300000000001
2020-02-07 23:00:00,128.30000000000007
2020-02-10 23:00:00,128.17000000000007
2020-02-11 23:00:00,128.37000000000006
2020-02-12 23:00:00,128.81000000000006
2020-02-13 23:00:00,128.63000000000008
2020-02-14 23:00:00,128.6500000000001
2020-02-17 23:00:00,128.6500000000001
2020-02-18 23:00:00,128.74000000000007
2020-02-19 23:00:00,130.19000000000008
2020-02-20 23:00:00,130.34000000000006
2020-02-21 23:00:00,130.35000000000008
2020-02-24 23:00:00,129.19000000000005
2020-02-25 23:00:00,128.80000000000007
2020-02-26 23:00:00,128.62000000000006
2020-02-27 23:00:00,128.13000000000008
2020-02-28 23:00:00,126.34000000000007
2020-03-02 23:00:00,126.67000000000007
2020-03-03 23:00:00,126.11000000000007
2020-03-04 23:00:00,126.03000000000007
2020-03-05 23:00:00,125.23000000000008
2020-03-06 23:00:00,124.33000000000007
2020-03-09 23:00:00,120.91000000000007
2020-03-10 23:00:00,122.50000000000007
2020-03-11 23:00:00,121.98000000000008
2020-03-12 23:00:00,122.02000000000007
2020-03-13 23:00:00,123.51000000000008
2020-03-16 23:00:00,121.78000000000007
2020-03-17 23:00:00,121.85000000000008
2020-03-18 23:00:00,120.11000000000007
2020-03-19 23:00:00,122.16000000000007
2020-03-20 23:00:00,123.03000000000007
2020-03-23 23:00:00,122.70000000000007
2020-03-24 23:00:00,122.81000000000007
2020-03-25 23:00:00,124.40000000000008
2020-03-26 23:00:00,123.90000000000008
2020-03-27 23:00:00,123.32000000000008
2020-03-30 23:00:00,122.34000000000007
2020-03-31 23:00:00,122.54000000000008
2020-04-01 23:00:00,121.55000000000007
2020-04-02 23:00:00,122.21000000000008
2020-04-03 23:00:00,122.71000000000008
2020-04-06 23:00:00,123.47000000000007
2020-04-07 23:00:00,124.01000000000008
2020-04-08 23:00:00,123.74000000000008
2020-04-09 23:00:00,123.82000000000008
2020-04-13 23:00:00,123.73000000000008
2020-04-14 23:00:00,123.30000000000007
2020-04-15 23:00:00,122.54000000000008
2020-04-16 23:00:00,122.50000000000007
2020-04-17 23:00:00,122.98000000000008
2020-04-20 23:00:00,122.41000000000007
2020-04-21 23:00:00,122.15000000000008
2020-04-22 23:00:00,122.19000000000007
2020-04-23 23:00:00,122.88000000000007
2020-04-24 23:00:00,122.44000000000007
2020-04-27 23:00:00,122.65000000000008
2020-04-28 23:00:00,122.66000000000007
2020-04-29 23:00:00,122.96000000000008
2020-04-30 23:00:00,123.27000000000007
2020-05-01 23:00:00,122.18000000000008
2020-05-04 23:00:00,122.08000000000007
2020-05-05 23:00:00,122.20000000000007
2020-05-06 23:00:00,121.37000000000008
2020-05-07 23:00:00,122.23000000000008
2020-05-08 23:00:00,122.83000000000007
2020-05-11 23:00:00,123.12000000000008
2020-05-12 23:00:00,122.68000000000008
2020-05-13 23:00:00,122.12000000000008
2020-05-14 23:00:00,122.47000000000007
2020-05-15 23:00:00,122.33000000000007
2020-05-18 23:00:00,123.20000000000007
2020-05-19 23:00:00,123.87000000000008
2020-05-20 23:00:00,123.66000000000007
2020-05-21 23:00:00,123.44000000000007
2020-05-22 23:00:00,123.04000000000008
2020-05-25 23:00:00,123.04000000000008
2020-05-26 23:00:00,124.45000000000007
2020-05-27 23:00:00,124.45000000000007
2020-05-28 23:00:00,124.52000000000007
2020-05-29 23:00:00,124.53000000000007
2020-06-01 23:00:00,125.54000000000008
2020-06-02 23:00:00,126.72000000000007
2020-06-03 23:00:00,127.07000000000008
2020-06-04 23:00:00,127.09000000000007
2020-06-05 23:00:00,127.89000000000007
2020-06-08 23:00:00,127.36000000000007
2020-06-09 23:00:00,126.73000000000008
2020-06-10 23:00:00,126.35000000000008
2020-06-11 23:00:00,124.81000000000007
2020-06-12 23:00:00,125.22000000000007
2020-06-15 23:00:00,125.45000000000007
2020-06-16 23:00:00,125.40000000000008
2020-06-17 23:00:00,125.28000000000007
2020-06-18 23:00:00,124.87000000000008
2020-06-19 23:00:00,124.89000000000007
2020-06-22 23:00:00,125.40000000000008
2020-06-23 23:00:00,124.97000000000007
2020-06-24 23:00:00,124.90000000000008
2020-06-25 23:00:00,124.89000000000007
2020-06-26 23:00:00,124.84000000000007
2020-06-29 23:00:00,125.04000000000008
2020-06-30 23:00:00,125.83000000000007
2020-07-01 23:00:00,125.47000000000007
2020-07-02 23:00:00,125.51000000000008
2020-07-03 23:00:00,125.51000000000008
2020-07-06 23:00:00,125.59000000000007
2020-07-07 23:00:00,125.46000000000008
2020-07-08 23:00:00,125.78000000000007
2020-07-09 23:00:00,125.31000000000007
2020-07-10 23:00:00,125.05000000000007
2020-07-13 23:00:00,125.32000000000008
2020-07-14 23:00:00,125.07000000000008
2020-07-15 23:00:00,125.56000000000007
2020-07-16 23:00:00,125.48000000000008
2020-07-17 23:00:00,125.16000000000007
2020-07-20 23:00:00,125.67000000000007
2020-07-21 23:00:00,125.84000000000007
2020-07-22 23:00:00,126.31000000000007
2020-07-23 23:00:00,126.10000000000008
2020-07-24 23:00:00,125.35000000000008
2020-07-27 23:00:00,125.26000000000008
2020-07-28 23:00:00,125.04000000000008
2020-07-29 23:00:00,124.99000000000007
2020-07-30 23:00:00,124.39000000000007
2020-07-31 23:00:00,125.41000000000007
2020-08-03 23:00:00,125.56000000000007
2020-08-04 23:00:00,125.65000000000008
2020-08-05 23:00:00,125.92000000000007
2020-08-06 23:00:00,125.85000000000008
2020-08-07 23:00:00,125.54000000000008
2020-08-10 23:00:00,125.75000000000007
2020-08-11 23:00:00,126.69000000000007
2020-08-12 23:00:00,127.03000000000007
2020-08-13 23:00:00,127.25000000000007
2020-08-14 23:00:00,126.79000000000008
2020-08-17 23:00:00,126.75000000000007
2020-08-18 23:00:00,126.53000000000007
2020-08-19 23:00:00,126.68000000000008
2020-08-20 23:00:00,126.65000000000008
2020-08-21 23:00:00,126.63000000000007
2020-08-24 23:00:00,126.48000000000008
2020-08-25 23:00:00,127.07000000000008
2020-08-26 23:00:00,126.99000000000007
2020-08-27 23:00:00,127.63000000000007
2020-08-28 23:00:00,126.92000000000007
2020-08-31 23:00:00,127.68000000000008
2020-09-01 23:00:00,127.46000000000006
2020-09-02 23:00:00,127.74000000000007
2020-09-03 23:00:00,127.17000000000007
2020-09-04 23:00:00,127.83000000000007
2020-09-07 23:00:00,127.83000000000007
2020-09-08 23:00:00,126.62000000000008
2020-09-09 23:00:00,127.10000000000007
2020-09-10 23:00:00,126.92000000000007
2020-09-11 23:00:00,126.86000000000007
2020-09-14 23:00:00,126.69000000000007
2020-09-15 23:00:00,126.44000000000007
2020-09-16 23:00:00,126.16000000000007
2020-09-17 23:00:00,125.88000000000007
2020-09-18 23:00:00,125.66000000000007
2020-09-21 23:00:00,125.11000000000007
2020-09-22 23:00:00,125.27000000000007
2020-09-23 23:00:00,125.23000000000008
2020-09-24 23:00:00,125.40000000000008
2020-09-25 23:00:00,125.28000000000007
2020-09-28 23:00:00,125.36000000000007
2020-09-29 23:00:00,125.40000000000008
2020-09-30 23:00:00,125.69000000000007
2020-10-01 23:00:00,125.98000000000008
2020-10-02 23:00:00,125.66000000000007
2020-10-05 23:00:00,126.10000000000007
2020-10-06 23:00:00,125.82000000000006
2020-10-07 23:00:00,126.37000000000008
2020-10-08 23:00:00,126.75000000000007
2020-10-09 23:00:00,126.89000000000007
2020-10-12 23:00:00,126.78000000000007
2020-10-13 23:00:00,126.74000000000007
2020-10-14 23:00:00,126.42000000000007
2020-10-15 23:00:00,126.20000000000007
2020-10-16 23:00:00,126.41000000000007
2020-10-19 23:00:00,126.45000000000007
2020-10-20 23:00:00,126.83000000000007
2020-10-21 23:00:00,126.08000000000007
2020-10-22 23:00:00,126.26000000000008
2020-10-23 23:00:00,126.15000000000008
2020-10-26 23:00:00,125.92000000000007
2020-10-27 23:00:00,125.83000000000007
2020-10-28 23:00:00,124.93000000000008
2020-10-29 23:00:00,125.01000000000008
2020-10-30 23:00:00,125.07000000000006
2020-11-02 23:00:00,125.70000000000007
2020-11-03 23:00:00,125.88000000000007
2020-11-04 23:00:00,126.06000000000007
2020-11-05 23:00:00,125.86000000000007
2020-11-06 23:00:00,125.72000000000007
2020-11-09 23:00:00,127.68000000000008
2020-11-10 23:00:00,127.35000000000007
2020-11-11 23:00:00,127.17000000000007
2020-11-12 23:00:00,126.47000000000007
2020-11-13 23:00:00,126.13000000000007
2020-11-16 23:00:00,126.35000000000007
2020-11-17 23:00:00,126.13000000000007
2020-11-18 23:00:00,126.05000000000007
2020-11-19 23:00:00,125.93000000000008
2020-11-20 23:00:00,125.77000000000007
2020-11-23 23:00:00,126.38000000000007
2020-11-24 23:00:00,126.88000000000007
2020-11-25 23:00:00,126.84000000000007
2020-11-26 23:00:00,126.84000000000007
2020-11-27 23:00:00,126.59000000000007
2020-11-30 23:00:00,126.98000000000008
2020-12-01 23:00:00,127.19000000000007
2020-12-02 23:00:00,127.39000000000007
2020-12-03 23:00:00,127.37000000000008
2020-12-04 23:00:00,127.95000000000007
2020-12-07 23:00:00,127.75000000000007
2020-12-08 23:00:00,127.76000000000008
2020-12-09 23:00:00,127.81000000000007
2020-12-10 23:00:00,128.26000000000008
2020-12-11 23:00:00,127.95000000000007
2020-12-14 23:00:00,128.08000000000007
2020-12-15 23:00:00,128.19000000000005
2020-12-16 23:00:00,127.77000000000008
2020-12-17 23:00:00,127.54000000000008
2020-12-18 23:00:00,127.29000000000008
2020-12-21 23:00:00,127.08000000000007
2020-12-22 23:00:00,126.88000000000008
2020-12-23 23:00:00,127.12000000000008
2020-12-24 23:00:00,127.42000000000007
2020-12-28 23:00:00,127.38000000000008
2020-12-29 23:00:00,127.35000000000008
2020-12-30 23:00:00,127.44000000000007
2020-12-31 23:00:00,127.44000000000007
2021-01-04 23:00:00,127.27000000000008
2021-01-05 23:00:00,127.58000000000007
2021-01-06 23:00:00,127.79000000000008
2021-01-07 23:00:00,128.43000000000006
2021-01-08 23:00:00,128.29000000000008
2021-01-11 23:00:00,128.08000000000007
2021-01-12 23:00:00,128.16000000000008
2021-01-13 23:00:00,128.36000000000007
2021-01-14 23:00:00,128.69000000000005
2021-01-15 23:00:00,128.16000000000008
2021-01-18 23:00:00,128.16000000000008
2021-01-19 23:00:00,128.14000000000007
2021-01-20 23:00:00,128.45000000000007
2021-01-21 23:00:00,128.5300000000001
2021-01-22 23:00:00,128.1500000000001
2021-01-25 23:00:00,127.97000000000007
2021-01-26 23:00:00,128.20000000000007
2021-01-27 23:00:00,127.97000000000007
2021-01-28 23:00:00,128.0300000000001
2021-01-29 23:00:00,128.38000000000008
2021-02-01 23:00:00,128.29000000000008
2021-02-02 23:00:00,128.63000000000008
2021-02-03 23:00:00,128.76000000000008
2021-02-04 23:00:00,128.81000000000006
2021-02-05 23:00:00,129.1500000000001
2021-02-08 23:00:00,129.1500000000001
2021-02-09 23:00:00,128.92000000000007
2021-02-10 23:00:00,129.04000000000008
2021-02-11 23:00:00,129.06000000000006
2021-02-12 23:00:00,129.20000000000007
2021-02-15 23:00:00,129.20000000000007
2021-02-16 23:00:00,130.11000000000007
2021-02-17 23:00:00,129.98000000000008
2021-02-18 23:00:00,129.9300000000001
2021-02-19 23:00:00,130.16000000000005
2021-02-22 23:00:00,129.9300000000001
2021-02-23 23:00:00,130.21000000000006
2021-02-24 23:00:00,131.14000000000007
2021-02-25 23:00:00,131.04000000000008
2021-02-26 23:00:00,130.50000000000009
2021-03-01 23:00:00,131.01000000000008
2021-03-02 23:00:00,131.2100000000001
2021-03-03 23:00:00,131.25000000000006
2021-03-04 23:00:00,131.8300000000001
2021-03-05 23:00:00,132.14000000000007
2021-03-08 23:00:00,132.63000000000008
2021-03-09 23:00:00,132.4600000000001
2021-03-10 23:00:00,132.47000000000008
2021-03-11 23:00:00,133.11000000000007
2021-03-12 23:00:00,134.10000000000008
2021-03-15 23:00:00,134.12000000000006
2021-03-16 23:00:00,134.22000000000008
2021-03-17 23:00:00,134.2800000000001
2021-03-18 23:00:00,133.76000000000008
2021-03-19 23:00:00,133.76000000000008
2021-03-22 23:00:00,133.60000000000008
2021-03-23 23:00:00,133.14000000000007
2021-03-24 23:00:00,133.13000000000008
2021-03-25 23:00:00,133.13000000000008
2021-03-26 23:00:00,133.72000000000008
2021-03-29 23:00:00,133.81000000000006
2021-03-30 23:00:00,133.98000000000008
2021-03-31 23:00:00,134.7400000000001
2021-04-01 23:00:00,134.79000000000008
2021-04-02 23:00:00,134.70000000000007
2021-04-05 23:00:00,134.59000000000006
2021-04-06 23:00:00,133.97000000000008
2021-04-07 23:00:00,133.61000000000007
2021-04-08 23:00:00,133.5800000000001
2021-04-09 23:00:00,134.17000000000007
2021-04-12 23:00:00,133.74000000000007
2021-04-13 23:00:00,133.66000000000008
2021-04-14 23:00:00,133.62000000000006
2021-04-15 23:00:00,133.31000000000006
2021-04-16 23:00:00,133.67000000000007
2021-04-19 23:00:00,132.92000000000007
2021-04-20 23:00:00,132.3300000000001
2021-04-21 23:00:00,133.1500000000001
2021-04-22 23:00:00,133.16000000000008
2021-04-23 23:00:00,133.17000000000007
2021-04-26 23:00:00,133.85000000000008
2021-04-27 23:00:00,134.31000000000006
2021-04-28 23:00:00,134.90000000000006
2021-04-29 23:00:00,135.31000000000006
2021-04-30 23:00:00,135.67000000000007
2021-05-03 23:00:00,135.55000000000007
2021-05-04 23:00:00,135.47000000000008
2021-05-05 23:00:00,135.63000000000008
2021-05-06 23:00:00,136.16000000000008
2021-05-07 23:00:00,136.13000000000008
2021-05-10 23:00:00,136.6100000000001
2021-05-11 23:00:00,136.53000000000006
2021-05-12 23:00:00,137.19000000000008
2021-05-13 23:00:00,136.6100000000001
2021-05-14 23:00:00,136.94000000000008
2021-05-17 23:00:00,137.18000000000006
2021-05-18 23:00:00,136.94000000000008
2021-05-19 23:00:00,136.66000000000008
2021-05-20 23:00:00,136.89000000000007
2021-05-21 23:00:00,136.95000000000007
2021-05-24 23:00:00,136.9600000000001
2021-05-25 23:00:00,136.8100000000001
2021-05-26 23:00:00,136.75000000000009
2021-05-27 23:00:00,137.66000000000008
2021-05-28 23:00:00,137.51000000000008
2021-05-31 23:00:00,137.51000000000008
2021-06-01 23:00:00,137.42000000000007
2021-06-02 23:00:00,137.70000000000007
2021-06-03 23:00:00,137.79000000000008
2021-06-04 23:00:00,137.37000000000006
2021-06-07 23:00:00,137.18000000000006
2021-06-08 23:00:00,137.12000000000006
2021-06-09 23:00:00,137.19000000000005
2021-06-10 23:00:00,137.21000000000006
2021-06-11 23:00:00,136.85000000000005
2021-06-14 23:00:00,137.3400000000001
2021-06-15 23:00:00,137.01000000000008
2021-06-16 23:00:00,136.77000000000007
2021-06-17 23:00:00,135.94000000000005
2021-06-18 23:00:00,135.33000000000007
2021-06-21 23:00:00,135.92000000000007
2021-06-22 23:00:00,136.47000000000006
2021-06-23 23:00:00,136.8700000000001
2021-06-24 23:00:00,136.66000000000005
2021-06-25 23:00:00,136.75000000000009
2021-06-28 23:00:00,136.25000000000006
2021-06-29 23:00:00,135.86000000000007
2021-06-30 23:00:00,136.26000000000008
2021-07-01 23:00:00,136.40000000000006
2021-07-02 23:00:00,136.80000000000007
2021-07-05 23:00:00,136.80000000000007
2021-07-06 23:00:00,135.47000000000008
2021-07-07 23:00:00,135.36000000000007
2021-07-08 23:00:00,134.32000000000005
2021-07-09 23:00:00,135.1500000000001
2021-07-12 23:00:00,135.20000000000007
2021-07-13 23:00:00,135.06000000000006
2021-07-14 23:00:00,134.64000000000007
2021-07-15 23:00:00,133.81000000000006
2021-07-16 23:00:00,134.02000000000007
2021-07-19 23:00:00,132.51000000000008
2021-07-20 23:00:00,133.22000000000008
2021-07-21 23:00:00,134.50000000000006
2021-07-22 23:00:00,134.43000000000006
2021-07-23 23:00:00,134.63000000000008
2021-07-26 23:00:00,134.6800000000001
2021-07-27 23:00:00,133.85000000000008
2021-07-28 23:00:00,134.49000000000007
2021-07-29 23:00:00,134.73000000000008
2021-07-30 23:00:00,134.67000000000007
2021-08-02 23:00:00,134.05000000000007
2021-08-03 23:00:00,133.75000000000006
2021-08-04 23:00:00,133.95000000000007
2021-08-05 23:00:00,134.5600000000001
2021-08-06 23:00:00,134.49000000000007
2021-08-09 23:00:00,134.44000000000005
2021-08-10 23:00:00,135.00000000000006
2021-08-11 23:00:00,135.0300000000001
2021-08-12 23:00:00,134.88000000000008
2021-08-13 23:00:00,134.29000000000008
2021-08-16 23:00:00,133.62000000000006
2021-08-17 23:00:00,133.52000000000007
2021-08-18 23:00:00,133.72000000000008
2021-08-19 23:00:00,132.37000000000006
2021-08-20 23:00:00,132.21000000000006
2021-08-23 23:00:00,133.47000000000008
2021-08-24 23:00:00,133.83000000000007
2021-08-25 23:00:00,134.02000000000007
2021-08-26 23:00:00,133.47000000000008
2021-08-27 23:00:00,133.77000000000007
2021-08-30 23:00:00,133.91000000000008
2021-08-31 23:00:00,134.00000000000006
2021-09-01 23:00:00,133.89000000000007
2021-09-02 23:00:00,134.3400000000001
2021-09-03 23:00:00,134.36000000000007
2021-09-06 23:00:00,134.36000000000007
2021-09-07 23:00:00,133.99000000000007
2021-09-08 23:00:00,133.73000000000008
2021-09-09 23:00:00,133.48000000000008
2021-09-10 23:00:00,133.58000000000007
2021-09-13 23:00:00,133.62000000000006
2021-09-14 23:00:00,133.18000000000006
2021-09-15 23:00:00,133.31000000000006
2021-09-16 23:00:00,133.29000000000008
2021-09-17 23:00:00,133.00000000000006
2021-09-20 23:00:00,132.02000000000007
2021-09-21 23:00:00,132.02000000000007
2021-09-22 23:00:00,132.75000000000006
2021-09-23 23:00:00,133.92000000000007
2021-09-24 23:00:00,134.2800000000001
2021-09-27 23:00:00,134.74000000000007
2021-09-28 23:00:00,134.79000000000005
2021-09-29 23:00:00,134.6200000000001
2021-09-30 23:00:00,134.78000000000006
2021-10-01 23:00:00,134.66000000000005
2021-10-04 23:00:00,134.94000000000008
2021-10-05 23:00:00,135.42000000000007
2021-10-06 23:00:00,135.2800000000001
2021-10-07 23:00:00,135.70000000000007
2021-10-08 23:00:00,136.83000000000007
2021-10-11 23:00:00,137.61000000000007
2021-10-12 23:00:00,138.00000000000009
2021-10-13 23:00:00,137.95000000000007
2021-10-14 23:00:00,138.69000000000008
2021-10-15 23:00:00,139.05000000000007
2021-10-18 23:00:00,139.11000000000007
2021-10-19 23:00:00,139.28000000000006
2021-10-20 23:00:00,139.52000000000007
2021-10-21 23:00:00,138.82000000000008
2021-10-22 23:00:00,138.51000000000008
2021-10-25 23:00:00,138.61000000000007
2021-10-26 23:00:00,138.97000000000006
2021-10-27 23:00:00,138.96000000000006
2021-10-28 23:00:00,138.68000000000006
2021-10-29 23:00:00,138.86000000000007
2021-11-01 23:00:00,138.94000000000008
2021-11-02 23:00:00,138.66000000000005
2021-11-03 23:00:00,138.73000000000008
2021-11-04 23:00:00,138.08000000000007
2021-11-05 23:00:00,137.83000000000007
2021-11-08 23:00:00,137.80000000000007
2021-11-09 23:00:00,137.53000000000006
2021-11-10 23:00:00,137.89000000000007
2021-11-11 23:00:00,137.50000000000009
2021-11-12 23:00:00,137.59000000000006
2021-11-15 23:00:00,138.00000000000009
2021-11-16 23:00:00,138.13000000000008
2021-11-17 23:00:00,137.2800000000001
2021-11-18 23:00:00,137.49000000000007
2021-11-19 23:00:00,136.82000000000008
2021-11-22 23:00:00,137.33000000000007
2021-11-23 23:00:00,137.55000000000007
2021-11-24 23:00:00,137.93000000000006
2021-11-25 23:00:00,137.93000000000006
2021-11-26 23:00:00,135.35000000000008
2021-11-29 23:00:00,135.87000000000006
2021-11-30 23:00:00,135.30000000000007
2021-12-01 23:00:00,134.8700000000001
2021-12-02 23:00:00,135.17000000000007
2021-12-03 23:00:00,134.58000000000007
2021-12-06 23:00:00,135.73000000000008
2021-12-07 23:00:00,136.6800000000001
2021-12-08 23:00:00,136.64000000000007
2021-12-09 23:00:00,136.07000000000008
2021-12-10 23:00:00,135.9600000000001
2021-12-13 23:00:00,135.57000000000008
2021-12-14 23:00:00,135.3300000000001
2021-12-15 23:00:00,135.45000000000007
2021-12-16 23:00:00,135.61000000000007
2021-12-17 23:00:00,135.13000000000008
2021-12-20 23:00:00,134.67000000000007
2021-12-21 23:00:00,135.14000000000007
2021-12-22 23:00:00,135.75000000000006
2021-12-23 23:00:00,136.2100000000001
2021-12-24 23:00:00,136.2100000000001
2021-12-27 23:00:00,136.66000000000008
2021-12-28 23:00:00,136.46000000000006
2021-12-29 23:00:00,136.72000000000008
2021-12-30 23:00:00,137.17000000000007
2021-12-31 23:00:00,137.8100000000001
2022-01-03 23:00:00,137.3400000000001
2022-01-04 23:00:00,138.27000000000007
2022-01-05 23:00:00,137.95000000000007
2022-01-06 23:00:00,137.95000000000007
2022-01-07 23:00:00,138.34000000000006
2022-01-10 23:00:00,137.73000000000008
2022-01-11 23:00:00,138.5500000000001
2022-01-12 23:00:00,138.38000000000008
2022-01-13 23:00:00,138.21000000000006
2022-01-14 23:00:00,137.7400000000001
2022-01-17 23:00:00,137.7400000000001
2022-01-18 23:00:00,138.52000000000007
2022-01-19 23:00:00,138.35000000000008
2022-01-20 23:00:00,138.42000000000007
2022-01-21 23:00:00,137.2700000000001
2022-01-24 23:00:00,136.84000000000006
2022-01-25 23:00:00,137.29000000000008
2022-01-26 23:00:00,137.39000000000007
2022-01-27 23:00:00,137.36000000000007
2022-01-28 23:00:00,137.00000000000006
2022-01-31 23:00:00,137.45000000000007
2022-02-01 23:00:00,137.2100000000001
2022-02-02 23:00:00,137.19000000000008
2022-02-03 23:00:00,137.5500000000001
2022-02-04 23:00:00,137.2700000000001
2022-02-07 23:00:00,137.77000000000007
2022-02-08 23:00:00,137.78000000000006
2022-02-09 23:00:00,138.04000000000008
2022-02-10 23:00:00,138.04000000000008
2022-02-11 23:00:00,137.35000000000008
2022-02-14 23:00:00,137.72000000000008
2022-02-15 23:00:00,137.72000000000008
2022-02-16 23:00:00,137.94000000000008
2022-02-17 23:00:00,137.37000000000006
2022-02-18 23:00:00,137.2100000000001
2022-02-21 23:00:00,137.2100000000001
2022-02-22 23:00:00,137.13000000000008
2022-02-23 23:00:00,137.17000000000007
2022-02-24 23:00:00,137.17000000000007
2022-02-25 23:00:00,137.83000000000007
2022-02-28 23:00:00,137.46000000000006
2022-03-01 23:00:00,137.04000000000008
2022-03-02 23:00:00,138.26000000000008
2022-03-03 23:00:00,137.9300000000001
2022-03-04 23:00:00,136.97000000000008
2022-03-07 23:00:00,136.9600000000001
2022-03-08 23:00:00,136.70000000000007
2022-03-09 23:00:00,137.23000000000008
2022-03-10 23:00:00,137.9300000000001
2022-03-11 23:00:00,139.16000000000008
2022-03-14 23:00:00,139.01000000000008
2022-03-15 23:00:00,139.50000000000009
2022-03-16 23:00:00,140.23000000000008
2022-03-17 23:00:00,140.75000000000006
2022-03-18 23:00:00,141.4900000000001
2022-03-21 23:00:00,141.8000000000001
2022-03-22 23:00:00,142.87000000000006
2022-03-23 23:00:00,143.32000000000008
2022-03-24 23:00:00,144.3700000000001
2022-03-25 23:00:00,144.8400000000001
2022-03-28 23:00:00,145.58000000000007
2022-03-29 23:00:00,145.29000000000008
2022-03-30 23:00:00,144.49000000000007
2022-03-31 23:00:00,144.35000000000008
2022-04-01 23:00:00,144.93000000000006
2022-04-04 23:00:00,145.2800000000001
2022-04-05 23:00:00,146.0300000000001
2022-04-06 23:00:00,145.75000000000006
2022-04-07 23:00:00,145.49000000000007
2022-04-08 23:00:00,145.87000000000006
2022-04-11 23:00:00,146.32000000000008
2022-04-12 23:00:00,146.0900000000001
2022-04-13 23:00:00,146.86000000000007
2022-04-14 23:00:00,146.85000000000008
2022-04-18 23:00:00,147.58000000000007
2022-04-19 23:00:00,148.91000000000008
2022-04-20 23:00:00,149.12000000000006
2022-04-21 23:00:00,148.9000000000001
2022-04-22 23:00:00,148.0300000000001
2022-04-25 23:00:00,147.5200000000001
2022-04-26 23:00:00,146.62000000000006
2022-04-27 23:00:00,146.97000000000008
2022-04-28 23:00:00,149.18000000000006
2022-04-29 23:00:00,147.8400000000001
2022-05-02 23:00:00,147.80000000000007
2022-05-03 23:00:00,148.3400000000001
2022-05-04 23:00:00,147.97000000000008
2022-05-05 23:00:00,148.41000000000008
2022-05-06 23:00:00,148.18000000000006
2022-05-09 23:00:00,147.33000000000007
2022-05-10 23:00:00,147.12000000000006
2022-05-11 23:00:00,146.95000000000007
2022-05-12 23:00:00,144.98000000000008
2022-05-13 23:00:00,147.05000000000007
2022-05-16 23:00:00,147.57000000000008
2022-05-17 23:00:00,147.91000000000008
2022-05-18 23:00:00,146.51000000000008
2022-05-19 23:00:00,146.85000000000008
2022-05-20 23:00:00,146.50000000000006
2022-05-23 23:00:00,147.11000000000007
2022-05-24 23:00:00,145.8400000000001
2022-05-25 23:00:00,146.43000000000006
2022-05-26 23:00:00,146.64000000000007
2022-05-27 23:00:00,146.94000000000005
2022-05-30 23:00:00,146.94000000000005
2022-05-31 23:00:00,148.79000000000008
2022-06-01 23:00:00,150.06000000000006
2022-06-02 23:00:00,150.30000000000007
2022-06-03 23:00:00,151.00000000000006
2022-06-06 23:00:00,152.00000000000006
2022-06-07 23:00:00,152.85000000000008
2022-06-08 23:00:00,153.89000000000007
2022-06-09 23:00:00,152.92000000000007
2022-06-10 23:00:00,152.37000000000006
2022-06-13 23:00:00,151.33000000000007
2022-06-14 23:00:00,151.35000000000008
2022-06-15 23:00:00,150.6500000000001
2022-06-16 23:00:00,149.16000000000008
2022-06-17 23:00:00,150.69000000000005
2022-06-20 23:00:00,150.69000000000005
2022-06-21 23:00:00,152.69000000000005
2022-06-22 23:00:00,152.43000000000006
2022-06-23 23:00:00,150.88000000000005
2022-06-24 23:00:00,151.75000000000006
2022-06-27 23:00:00,152.25000000000006
2022-06-28 23:00:00,153.00000000000006
2022-06-29 23:00:00,152.98000000000008
2022-06-30 23:00:00,152.45000000000007
2022-07-01 23:00:00,152.0900000000001
2022-07-04 23:00:00,152.0900000000001
2022-07-05 23:00:00,151.11000000000007
2022-07-06 23:00:00,151.4000000000001
2022-07-07 23:00:00,152.02000000000007
2022-07-08 23:00:00,152.27000000000007
2022-07-11 23:00:00,152.87000000000006
2022-07-12 23:00:00,152.30000000000007
2022-07-13 23:00:00,153.0300000000001
2022-07-14 23:00:00,153.0900000000001
2022-07-15 23:00:00,153.48000000000008
2022-07-18 23:00:00,153.62000000000006
2022-07-19 23:00:00,154.47000000000008
2022-07-20 23:00:00,154.52000000000007
2022-07-21 23:00:00,153.97000000000008
2022-07-22 23:00:00,152.60000000000008
2022-07-25 23:00:00,153.64000000000007
2022-07-26 23:00:00,153.22000000000008
2022-07-27 23:00:00,153.50000000000006
2022-07-28 23:00:00,152.02000000000007
2022-07-29 23:00:00,151.36000000000007
2022-08-01 23:00:00,149.89000000000007
2022-08-02 23:00:00,150.72000000000008
2022-08-03 23:00:00,151.7100000000001
2022-08-04 23:00:00,150.76000000000008
2022-08-05 23:00:00,151.74000000000007
2022-08-08 23:00:00,152.16000000000008
2022-08-09 23:00:00,152.19000000000005
2022-08-10 23:00:00,151.33000000000007
2022-08-11 23:00:00,151.55000000000007
2022-08-12 23:00:00,151.87000000000006
2022-08-15 23:00:00,150.6500000000001
2022-08-16 23:00:00,151.88000000000005
2022-08-17 23:00:00,152.0900000000001
2022-08-18 23:00:00,152.42000000000007
2022-08-19 23:00:00,152.7800000000001
2022-08-22 23:00:00,152.79000000000008
2022-08-23 23:00:00,153.02000000000007
2022-08-24 23:00:00,153.11000000000007
2022-08-25 23:00:00,152.94000000000005
2022-08-26 23:00:00,152.94000000000005
2022-08-29 23:00:00,154.22000000000008
2022-08-30 23:00:00,153.33000000000007
2022-08-31 23:00:00,153.23000000000008
2022-09-01 23:00:00,154.01000000000008
2022-09-02 23:00:00,154.29000000000008
2022-09-05 23:00:00,154.29000000000008
2022-09-06 23:00:00,156.17000000000007
2022-09-07 23:00:00,157.17000000000007
2022-09-08 23:00:00,157.47000000000008
2022-09-09 23:00:00,157.06000000000006
2022-09-12 23:00:00,157.44000000000005
2022-09-13 23:00:00,157.31000000000006
2022-09-14 23:00:00,156.18000000000006
2022-09-15 23:00:00,156.11000000000007
2022-09-16 23:00:00,155.22000000000008
2022-09-19 23:00:00,155.56000000000006
2022-09-20 23:00:00,155.11000000000007
2022-09-21 23:00:00,155.02000000000007
2022-09-22 23:00:00,153.29000000000008
2022-09-23 23:00:00,153.05000000000007
2022-09-26 23:00:00,152.92000000000007
2022-09-27 23:00:00,153.31000000000006
2022-09-28 23:00:00,153.50000000000006
2022-09-29 23:00:00,153.0900000000001
2022-09-30 23:00:00,152.60000000000008
2022-10-03 23:00:00,153.97000000000008
2022-10-04 23:00:00,154.4000000000001
2022-10-05 23:00:00,154.00000000000006
2022-10-06 23:00:00,153.3400000000001
2022-10-07 23:00:00,153.74000000000007
2022-10-10 23:00:00,153.71000000000006
2022-10-11 23:00:00,153.48000000000008
2022-10-12 23:00:00,154.11000000000007
2022-10-13 23:00:00,155.11000000000007
2022-10-14 23:00:00,154.95000000000007
2022-10-17 23:00:00,156.46000000000006
2022-10-18 23:00:00,156.23000000000008
2022-10-19 23:00:00,156.69000000000005
2022-10-20 23:00:00,156.94000000000005
2022-10-21 23:00:00,155.82000000000008
2022-10-24 23:00:00,156.46000000000006
2022-10-25 23:00:00,156.63000000000005
2022-10-26 23:00:00,155.86000000000007
2022-10-27 23:00:00,155.87000000000006
2022-10-28 23:00:00,156.48000000000008
2022-10-31 23:00:00,157.13000000000005
2022-11-01 23:00:00,156.88000000000005
2022-11-02 23:00:00,155.87000000000006
2022-11-03 23:00:00,156.13000000000005
2022-11-04 23:00:00,157.07000000000008
2022-11-07 23:00:00,156.77000000000007
2022-11-08 23:00:00,156.44000000000005
2022-11-09 23:00:00,156.55000000000007
2022-11-10 23:00:00,154.44000000000005
2022-11-11 23:00:00,152.7800000000001
2022-11-14 23:00:00,153.50000000000006
2022-11-15 23:00:00,152.96000000000006
2022-11-16 23:00:00,152.7800000000001
2022-11-17 23:00:00,153.49000000000007
2022-11-18 23:00:00,153.20000000000007
2022-11-21 23:00:00,154.05000000000007
2022-11-22 23:00:00,153.8400000000001
2022-11-23 23:00:00,152.68000000000006
2022-11-24 23:00:00,152.68000000000006
2022-11-25 23:00:00,152.39000000000007
2022-11-28 23:00:00,151.35000000000008
2022-11-29 23:00:00,150.47000000000008
2022-11-30 23:00:00,151.10000000000008
2022-12-01 23:00:00,149.24000000000007
2022-12-02 23:00:00,148.37000000000006
2022-12-05 23:00:00,149.03000000000006
2022-12-06 23:00:00,148.71000000000006
2022-12-07 23:00:00,148.34000000000006
2022-12-08 23:00:00,149.13000000000005
2022-12-09 23:00:00,148.70000000000005
2022-12-12 23:00:00,149.55000000000007
2022-12-13 23:00:00,148.52000000000007
2022-12-14 23:00:00,148.44000000000005
2022-12-15 23:00:00,149.50000000000006
2022-12-16 23:00:00,148.38000000000005
2022-12-19 23:00:00,148.87000000000006
2022-12-20 23:00:00,145.27000000000007
2022-12-21 23:00:00,145.77000000000007
2022-12-22 23:00:00,145.70000000000005
2022-12-23 23:00:00,146.39000000000004
2022-12-27 23:00:00,147.41000000000008
2022-12-28 23:00:00,147.56000000000006
2022-12-29 23:00:00,146.97000000000008
2022-12-30 23:00:00,145.59000000000006
2023-01-03 23:00:00,144.54000000000008
2023-01-04 23:00:00,147.20000000000005
2023-01-05 23:00:00,147.06000000000006
2023-01-06 23:00:00,147.17000000000007
2023-01-09 23:00:00,147.32000000000005
2023-01-10 23:00:00,147.46000000000006
2023-01-11 23:00:00,147.59000000000006
2023-01-12 23:00:00,145.80000000000007
2023-01-13 23:00:00,144.53000000000006
2023-01-16 23:00:00,144.53000000000006
2023-01-17 23:00:00,144.91000000000008
2023-01-18 23:00:00,144.41000000000005
2023-01-19 23:00:00,144.51000000000005
2023-01-20 23:00:00,145.86000000000007
2023-01-23 23:00:00,146.68000000000006
2023-01-24 23:00:00,146.42000000000007
2023-01-25 23:00:00,145.88000000000005
2023-01-26 23:00:00,146.79000000000008
2023-01-27 23:00:00,146.78000000000006
2023-01-30 23:00:00,146.70000000000005
2023-01-31 23:00:00,147.01000000000005
2023-02-01 23:00:00,146.00000000000006
2023-02-02 23:00:00,145.76000000000005
2023-02-03 23:00:00,147.10000000000008
2023-02-06 23:00:00,147.80000000000007
2023-02-07 23:00:00,146.99000000000007
2023-02-08 23:00:00,147.03000000000006
2023-02-09 23:00:00,147.12000000000006
2023-02-10 23:00:00,147.85000000000008
2023-02-13 23:00:00,148.64000000000004
2023-02-14 23:00:00,149.09000000000006
2023-02-15 23:00:00,149.47000000000008
2023-02-16 23:00:00,149.08000000000007
2023-02-17 23:00:00,148.98000000000008
2023-02-20 23:00:00,148.98000000000008
2023-02-21 23:00:00,149.16000000000008
2023-02-22 23:00:00,148.94000000000005
2023-02-23 23:00:00,148.85000000000008
2023-02-24 23:00:00,149.73000000000008
2023-02-27 23:00:00,149.82000000000005
2023-02-28 23:00:00,149.41000000000008
2023-03-01 23:00:00,149.58000000000007
2023-03-02 23:00:00,150.11000000000007
2023-03-03 23:00:00,149.52000000000007
2023-03-06 23:00:00,149.51000000000008
2023-03-07 23:00:00,149.24000000000007
2023-03-08 23:00:00,149.06000000000006
2023-03-09 23:00:00,148.17000000000007
2023-03-10 23:00:00,147.13000000000005
2023-03-13 23:00:00,146.88000000000005
2023-03-14 23:00:00,147.79000000000008
2023-03-15 23:00:00,146.7800000000001
2023-03-16 23:00:00,147.05000000000007
2023-03-17 23:00:00,145.81000000000006
2023-03-20 23:00:00,145.94000000000005
2023-03-21 23:00:00,146.47000000000008
2023-03-22 23:00:00,145.87000000000006
2023-03-23 23:00:00,145.14000000000007
2023-03-24 23:00:00,145.05000000000007
2023-03-27 23:00:00,146.29000000000008
2023-03-28 23:00:00,146.07000000000005
2023-03-29 23:00:00,147.70000000000007
2023-03-30 23:00:00,147.95000000000007
2023-03-31 23:00:00,148.04000000000008
2023-04-03 23:00:00,148.64000000000007
2023-04-04 23:00:00,147.82000000000005
2023-04-05 23:00:00,147.45000000000007
2023-04-06 23:00:00,147.86000000000007
2023-04-07 23:00:00,147.87000000000006
2023-04-10 23:00:00,148.99000000000007
2023-04-11 23:00:00,149.41000000000008
2023-04-12 23:00:00,149.25000000000006
2023-04-13 23:00:00,149.70000000000007
2023-04-14 23:00:00,150.29000000000008
2023-04-17 23:00:00,150.47000000000008
2023-04-18 23:00:00,150.27000000000007
2023-04-19 23:00:00,150.26000000000008
2023-04-20 23:00:00,149.91000000000008
2023-04-21 23:00:00,149.31000000000006
2023-04-24 23:00:00,149.4000000000001
2023-04-25 23:00:00,148.16000000000008
2023-04-26 23:00:00,148.14000000000007
2023-04-27 23:00:00,148.82000000000005
2023-04-28 23:00:00,150.97000000000008
2023-05-01 23:00:00,151.92000000000007
2023-05-02 23:00:00,150.76000000000008
2023-05-03 23:00:00,150.07000000000005
2023-05-04 23:00:00,149.49000000000007
2023-05-05 23:00:00,151.20000000000007
2023-05-08 23:00:00,151.51000000000008
2023-05-09 23:00:00,151.48000000000008
2023-05-10 23:00:00,150.77000000000007
2023-05-11 23:00:00,150.24000000000007
2023-05-12 23:00:00,150.57000000000005
2023-05-15 23:00:00,151.55000000000007
2023-05-16 23:00:00,151.74000000000007
2023-05-17 23:00:00,152.83000000000007
2023-05-18 23:00:00,153.21000000000006
2023-05-19 23:00:00,152.81000000000006
2023-05-22 23:00:00,153.18000000000006
2023-05-23 23:00:00,153.20000000000007
2023-05-24 23:00:00,152.95000000000007
2023-05-25 23:00:00,153.31000000000006
2023-05-26 23:00:00,153.97000000000008
2023-05-29 23:00:00,153.97000000000008
2023-05-30 23:00:00,153.55000000000007
2023-05-31 23:00:00,153.32000000000005
2023-06-01 23:00:00,154.01000000000008
2023-06-02 23:00:00,154.92000000000007
2023-06-05 23:00:00,154.67000000000007
2023-06-06 23:00:00,154.97000000000008
2023-06-07 23:00:00,155.51000000000008
2023-06-08 23:00:00,154.7800000000001
2023-06-09 23:00:00,155.20000000000007
2023-06-12 23:00:00,155.22000000000008
2023-06-13 23:00:00,156.20000000000007
2023-06-14 23:00:00,155.76000000000008
2023-06-15 23:00:00,157.0900000000001
2023-06-16 23:00:00,158.44000000000005
2023-06-19 23:00:00,158.44000000000005
2023-06-20 23:00:00,157.74000000000007
2023-06-21 23:00:00,158.62000000000006
2023-06-22 23:00:00,159.74000000000007
2023-06-23 23:00:00,159.95000000000007
2023-06-26 23:00:00,160.08000000000007
2023-06-27 23:00:00,160.25000000000006
2023-06-28 23:00:00,159.89000000000007
2023-06-29 23:00:00,160.42000000000007
2023-06-30 23:00:00,160.07000000000005
2023-07-03 23:00:00,160.26000000000008
2023-07-04 23:00:00,160.26000000000008
2023-07-05 23:00:00,160.02000000000007
2023-07-06 23:00:00,159.07000000000005
2023-07-07 23:00:00,158.25000000000006
2023-07-10 23:00:00,157.5900000000001
2023-07-11 23:00:00,157.24000000000007
2023-07-12 23:00:00,156.10000000000008
2023-07-13 23:00:00,156.56000000000006
2023-07-14 23:00:00,156.36000000000007
2023-07-17 23:00:00,156.46000000000006
2023-07-18 23:00:00,156.68000000000006
2023-07-19 23:00:00,157.39000000000007
2023-07-20 23:00:00,157.76000000000008
2023-07-21 23:00:00,158.75000000000006
2023-07-24 23:00:00,158.7800000000001
2023-07-25 23:00:00,158.45000000000007
2023-07-26 23:00:00,157.50000000000006
2023-07-27 23:00:00,156.77000000000007
2023-07-28 23:00:00,157.95000000000007
2023-07-31 23:00:00,159.46000000000006
2023-08-01 23:00:00,159.39000000000007
2023-08-02 23:00:00,158.85000000000008
2023-08-03 23:00:00,158.41000000000008
2023-08-04 23:00:00,157.56000000000006
2023-08-07 23:00:00,158.13000000000005
2023-08-08 23:00:00,158.45000000000007
2023-08-09 23:00:00,158.76000000000008
2023-08-10 23:00:00,159.5300000000001
2023-08-11 23:00:00,159.47000000000008
2023-08-14 23:00:00,159.69000000000005
2023-08-15 23:00:00,159.6500000000001
2023-08-16 23:00:00,159.75000000000006
2023-08-17 23:00:00,159.61000000000007
2023-08-18 23:00:00,159.04000000000008
2023-08-21 23:00:00,159.64000000000007
2023-08-22 23:00:00,159.39000000000007
2023-08-23 23:00:00,158.73000000000008
2023-08-24 23:00:00,159.32000000000005
2023-08-25 23:00:00,159.52000000000007
2023-08-28 23:00:00,159.60000000000008
2023-08-29 23:00:00,159.42000000000007
2023-08-30 16:00:00,159.42000000000007
2023-08-30 19:00:00,159.42000000000007
2023-08-30 23:00:00,159.95000000000007
2023-08-31 14:00:00,159.95000000000007
2023-08-31 15:00:00,159.95000000000007
2023-08-31 18:00:00,159.95000000000007
2023-08-31 23:00:00,159.57000000000005
2023-09-01 19:00:00,159.57000000000005
2023-09-01 23:00:00,159.46000000000006
2023-09-04 23:00:00,159.46000000000006
2023-09-05 14:00:00,159.46000000000006
2023-09-05 15:00:00,159.46000000000006
2023-09-05 20:00:00,159.46000000000006
2023-09-05 23:00:00,160.35000000000008
2023-09-06 14:00:00,160.35000000000008
2023-09-06 15:00:00,160.35000000000008
2023-09-06 20:00:00,160.35000000000008
2023-09-06 23:00:00,160.21000000000006
2023-09-06 23:00:01,160.21000000000006
2023-09-07 14:00:00,160.10000000000008
2023-09-07 16:00:00,160.48000000000008
2023-09-07 23:00:00,160.70000000000007
2023-09-08 18:00:00,160.70000000000007
2023-09-08 19:00:00,160.5600000000001
2023-09-08 23:00:00,160.61000000000007
2023-09-11 14:00:00,160.80000000000007
2023-09-11 18:00:00,160.67000000000007
2023-09-11 19:00:00,160.70000000000007
2023-09-11 23:00:00,160.77000000000007
2023-09-12 14:00:00,160.63000000000008
2023-09-12 20:00:00,160.66000000000008
2023-09-12 23:00:00,160.58000000000007
2023-09-13 14:00:00,160.8100000000001
2023-09-13 17:00:00,160.98000000000008
2023-09-13 23:00:00,160.88000000000008
2023-09-14 14:00:00,161.14000000000007
2023-09-14 18:00:00,161.11000000000007
2023-09-14 19:00:00,161.02000000000007
2023-09-14 23:00:00,161.01000000000008
2023-09-15 07:00:00,161.08000000000007
2023-09-15 14:00:00,160.8400000000001
2023-09-15 23:00:00,160.5900000000001
2023-09-18 13:00:00,160.2800000000001
2023-09-18 14:00:00,160.57000000000008
2023-09-18 23:00:00,160.57000000000008
2023-09-19 19:00:00,160.19000000000008
2023-09-19 23:00:00,160.22000000000008
2023-09-20 23:00:00,160.15000000000006
2023-09-21 14:00:00,159.42000000000007
2023-09-21 17:00:00,159.22000000000008
2023-09-21 20:00:00,158.98000000000008
2023-09-21 21:00:00,158.93000000000006
2023-09-21 23:00:00,158.94000000000008
2023-09-22 14:00:00,159.27000000000007
2023-09-22 15:00:00,159.37000000000006
2023-09-22 17:00:00,159.35000000000008
2023-09-22 18:00:00,159.2800000000001
2023-09-22 19:00:00,159.16000000000008
2023-09-22 20:00:00,159.24000000000007
2023-09-22 23:00:00,159.0300000000001
2023-09-25 14:00:00,158.82000000000008
2023-09-25 15:00:00,158.77000000000007
2023-09-25 15:13:00,158.77000000000007
2023-09-25 16:00:00,158.85000000000008
2023-09-25 20:00:00,158.82000000000008
2023-09-25 23:00:00,158.83000000000007
2023-09-26 19:00:00,158.18000000000006
2023-09-26 23:00:00,158.33000000000007
2023-09-27 14:00:00,158.49000000000007
2023-09-27 16:00:00,158.27000000000007
2023-09-27 17:00:00,158.21000000000006
2023-09-27 18:00:00,158.07000000000008
2023-09-27 19:00:00,158.05000000000007
2023-09-27 23:00:00,158.22000000000008
2023-09-28 15:00:00,158.22000000000008
2023-09-28 16:00:00,158.22000000000008
2023-09-28 17:00:00,158.22000000000008
2023-09-28 19:00:00,158.22000000000008
2023-09-28 20:00:00,158.22000000000008
2023-09-28 23:00:00,157.95000000000007
2023-09-29 14:00:00,159.0600000000001
2023-09-29 18:00:00,159.0600000000001
2023-09-29 19:00:00,159.0600000000001
2023-09-29 19:00:01,159.0900000000001
2023-09-29 19:00:02,159.0900000000001
2023-09-29 23:00:00,158.9600000000001
2023-10-02 08:00:00,158.9600000000001
2023-10-02 10:00:00,158.9600000000001
2023-10-02 13:00:00,158.9600000000001
2023-10-02 14:00:00,158.9600000000001
2023-10-02 15:00:00,158.3600000000001
2023-10-02 16:00:00,158.35000000000008
2023-10-02 19:00:00,158.35000000000008
2023-10-02 23:00:00,158.1400000000001
2023-10-03 14:00:00,157.63000000000008
2023-10-03 15:00:00,157.1700000000001
2023-10-03 16:00:00,157.1800000000001
2023-10-03 18:00:00,157.1200000000001
2023-10-03 23:00:00,156.72000000000008
2023-10-04 14:30:00,156.8300000000001
2023-10-04 15:00:00,156.8300000000001
2023-10-04 16:00:00,157.0300000000001
2023-10-04 17:00:00,157.1200000000001
2023-10-04 18:00:00,157.0700000000001
2023-10-04 19:00:00,157.0800000000001
2023-10-04 20:00:00,157.2300000000001
2023-10-04 23:00:00,157.7800000000001
2023-10-05 14:30:00,157.7800000000001
2023-10-05 15:00:00,157.7800000000001
2023-10-05 16:00:00,157.7800000000001
2023-10-05 23:00:00,157.6700000000001
2023-10-06 14:30:00,157.6700000000001
2023-10-06 15:00:00,157.0300000000001
2023-10-06 16:00:00,157.6500000000001
2023-10-06 18:00:00,157.6500000000001
2023-10-06 19:00:00,157.8600000000001
2023-10-06 20:00:00,157.8600000000001
2023-10-06 20:00:01,157.8800000000001
2023-10-06 20:00:02,157.8800000000001
2023-10-06 23:00:00,157.9100000000001
2023-10-09 16:00:00,158.5000000000001
2023-10-09 19:00:00,158.6100000000001
2023-10-09 20:00:00,158.8500000000001
2023-10-09 23:00:00,158.7200000000001
2023-10-10 14:30:00,158.56000000000012
2023-10-10 15:00:00,158.8200000000001
2023-10-10 18:00:00,159.06000000000012
2023-10-10 20:00:00,158.9100000000001
2023-10-10 23:00:00,158.8900000000001
2023-10-11 15:00:00,158.81000000000012
2023-10-11 19:00:00,158.68000000000012
2023-10-11 23:00:00,158.7300000000001
2023-10-12 15:00:00,158.3600000000001
2023-10-12 16:00:00,158.2900000000001
2023-10-12 23:00:00,157.8500000000001
2023-10-13 15:00:00,158.43000000000012
2023-10-13 16:00:00,158.09000000000012
2023-10-13 17:00:00,158.1100000000001
2023-10-13 18:00:00,157.8600000000001
2023-10-13 23:00:00,157.7500000000001
2023-10-16 14:30:00,157.7300000000001
2023-10-16 15:00:00,157.59000000000012
2023-10-16 16:00:00,157.7500000000001
2023-10-16 20:00:00,157.77000000000012
2023-10-16 23:00:00,157.74000000000012
2023-10-17 14:30:00,156.99000000000012
2023-10-17 15:00:00,157.2200000000001
2023-10-17 23:00:00,156.9400000000001
2023-10-18 14:30:00,156.83000000000013
2023-10-18 15:00:00,157.0700000000001
2023-10-18 20:00:00,156.3800000000001
2023-10-18 23:00:00,156.31000000000012
2023-10-19 17:00:00,156.34000000000012
2023-10-19 18:00:00,156.53000000000011
2023-10-19 20:00:00,155.9400000000001
2023-10-19 23:00:00,155.9400000000001
2023-10-20 14:30:00,156.1600000000001
2023-10-20 16:00:00,156.0000000000001
2023-10-20 17:00:00,156.0700000000001
2023-10-20 18:00:00,156.1700000000001
2023-10-20 19:00:00,156.1000000000001
2023-10-20 20:00:00,156.05000000000013
2023-10-20 23:00:00,156.05000000000013
2023-10-23 15:00:00,156.27000000000012
2023-10-23 16:00:00,156.43000000000012
2023-10-23 17:00:00,156.5700000000001
2023-10-23 23:00:00,156.49000000000012
2023-10-24 14:30:00,156.5400000000001
2023-10-24 16:00:00,156.8500000000001
2023-10-24 18:00:00,156.9800000000001
2023-10-24 19:00:00,157.05000000000013
2023-10-24 23:00:00,157.24000000000012
2023-10-25 15:00:00,156.71000000000012
2023-10-25 16:00:00,156.83000000000013
2023-10-25 17:00:00,156.7600000000001
2023-10-25 18:00:00,156.5000000000001
2023-10-25 19:00:00,156.43000000000012
2023-10-25 23:00:00,156.52000000000012
2023-10-26 14:30:00,156.6600000000001
2023-10-26 15:12:30,156.6600000000001
2023-10-26 16:00:00,156.6100000000001
2023-10-26 17:00:00,156.5700000000001
2023-10-26 18:00:00,156.65000000000012
2023-10-26 19:00:00,156.9500000000001
2023-10-26 20:00:00,157.02000000000012
2023-10-26 23:00:00,156.9100000000001
2023-10-27 15:00:00,157.02000000000012
2023-10-27 16:00:00,156.9400000000001
2023-10-27 17:00:00,156.8800000000001
2023-10-27 23:00:00,156.68000000000012
2023-10-30 13:30:00,156.8900000000001
2023-10-30 14:00:00,156.71000000000012
2023-10-30 15:00:00,156.7500000000001
2023-10-30 17:00:00,156.8200000000001
2023-10-30 18:00:00,156.84000000000012
2023-10-30 19:00:00,156.84000000000012
2023-10-30 23:00:00,156.6900000000001
2023-10-31 14:00:00,157.37000000000012
2023-10-31 15:00:00,157.40000000000012
2023-10-31 19:00:00,157.2500000000001
2023-10-31 23:00:00,157.2000000000001
2023-11-01 14:00:00,157.8600000000001
2023-11-01 15:00:00,157.6600000000001
2023-11-01 16:00:00,157.65000000000012
2023-11-01 17:00:00,157.6400000000001
2023-11-01 18:00:00,157.7200000000001
2023-11-01 19:00:00,158.30000000000013
2023-11-01 23:00:00,158.2200000000001
2023-11-02 14:00:00,160.1700000000001
2023-11-02 15:00:00,160.1000000000001
2023-11-02 16:00:00,159.9700000000001
2023-11-02 17:00:00,160.1600000000001
2023-11-02 18:00:00,160.12000000000012
2023-11-02 19:00:00,160.1400000000001
2023-11-02 23:00:00,160.21000000000012
2023-11-03 14:00:00,161.03000000000011
2023-11-03 15:00:00,161.4200000000001
2023-11-03 16:00:00,161.58000000000013
2023-11-03 17:00:00,161.6700000000001
2023-11-03 19:00:00,161.55000000000013
2023-11-03 23:00:00,161.6000000000001
2023-11-06 11:00:00,161.46000000000012
2023-11-06 14:00:00,161.46000000000012
2023-11-06 15:00:00,161.56000000000012
2023-11-06 16:00:00,161.3900000000001
2023-11-06 17:00:00,161.30000000000013
2023-11-06 18:00:00,161.2300000000001
2023-11-06 19:00:00,161.18000000000012
2023-11-06 20:00:00,160.93000000000012
2023-11-06 23:00:00,161.06000000000012
2023-11-07 14:00:00,160.65000000000012
2023-11-07 15:00:00,160.90000000000012
2023-11-07 16:00:00,160.8600000000001
2023-11-07 17:00:00,160.74000000000012
2023-11-07 18:00:00,160.96000000000012
2023-11-07 20:00:00,160.90000000000012
2023-11-07 23:00:00,160.9800000000001
2023-11-08 14:00:00,160.83000000000013
2023-11-08 15:00:00,160.7500000000001
2023-11-08 16:00:00,160.6100000000001
2023-11-08 18:00:00,160.81000000000012
2023-11-08 20:00:00,160.9100000000001
2023-11-08 23:00:00,160.8500000000001
2023-11-09 15:00:00,160.49000000000012
2023-11-09 18:00:00,160.49000000000012
2023-11-09 19:00:00,160.1100000000001
2023-11-09 20:00:00,159.99000000000012
2023-11-09 23:00:00,159.9400000000001
2023-11-10 16:00:00,160.3900000000001
2023-11-10 20:00:00,160.4500000000001
2023-11-10 23:00:00,160.46000000000012
2023-11-13 20:00:00,160.31000000000012
2023-11-13 23:00:00,160.4100000000001
2023-11-14 02:00:00,160.2300000000001
2023-11-14 14:00:00,161.9700000000001
2023-11-14 15:00:00,161.99000000000012
2023-11-14 16:00:00,162.1300000000001
2023-11-14 17:00:00,162.1700000000001
2023-11-14 19:00:00,162.2000000000001
2023-11-14 20:00:00,162.1100000000001
2023-11-14 23:00:00,161.8800000000001
2023-11-15 13:00:00,162.1100000000001
2023-11-15 14:00:00,161.5400000000001
2023-11-15 15:00:00,161.78000000000011
2023-11-15 16:00:00,161.65000000000012
2023-11-15 18:00:00,161.4200000000001
2023-11-15 23:00:00,161.4100000000001
2023-11-16 08:00:00,161.6400000000001
2023-11-16 13:00:00,161.62000000000012
2023-11-16 16:00:00,161.40000000000012
2023-11-16 17:00:00,161.4800000000001
2023-11-16 20:00:00,161.5100000000001
2023-11-16 23:00:00,161.5000000000001
2023-11-17 14:00:00,161.4700000000001
2023-11-17 16:00:00,161.6000000000001
2023-11-17 17:00:00,161.6000000000001
2023-11-17 18:00:00,161.74000000000012
2023-11-17 23:00:00,161.9800000000001
2023-11-20 14:00:00,161.9800000000001
2023-11-20 15:00:00,161.87000000000012
2023-11-20 16:00:00,161.9500000000001
2023-11-20 17:00:00,162.0100000000001
2023-11-20 18:00:00,162.21000000000012
2023-11-20 19:00:00,162.2000000000001
2023-11-20 20:00:00,162.1400000000001
2023-11-20 23:00:00,162.08000000000013
2023-11-21 14:00:00,162.0000000000001
2023-11-21 15:00:00,162.0000000000001
2023-11-21 23:00:00,162.1300000000001
2023-11-22 20:00:00,162.4500000000001
2023-11-22 23:00:00,162.53000000000011
2023-11-23 23:00:00,162.53000000000011
2023-11-24 15:00:00,162.2500000000001
2023-11-24 17:00:00,162.30000000000013
2023-11-24 23:00:00,162.2300000000001
2023-11-27 14:00:00,162.15000000000012
2023-11-27 16:00:00,162.4700000000001
2023-11-27 17:00:00,162.43000000000012
2023-11-27 18:00:00,162.3800000000001
2023-11-27 19:00:00,162.37000000000012
2023-11-27 20:00:00,162.4100000000001
2023-11-27 23:00:00,162.3800000000001
2023-11-28 18:00:00,162.5700000000001
2023-11-28 20:00:00,162.77000000000012
2023-11-28 23:00:00,162.7600000000001
2023-11-29 13:00:00,162.7600000000001
2023-11-29 14:00:00,162.7600000000001
2023-11-29 15:00:00,163.9200000000001
2023-11-29 18:00:00,163.9200000000001
2023-11-29 19:00:00,163.9200000000001
2023-11-29 19:00:01,163.9200000000001
2023-11-29 20:00:00,163.9300000000001
2023-11-29 23:00:00,163.88000000000008
2023-11-30 23:00:00,163.5300000000001
2023-12-01 23:00:00,164.8100000000001
2023-12-04 16:00:00,164.35000000000008
2023-12-04 23:00:00,164.5300000000001
2023-12-05 15:00:00,164.5800000000001
2023-12-05 23:00:00,164.57000000000008
2023-12-06 15:00:00,164.91000000000008
2023-12-06 23:00:00,164.57000000000008
2023-12-07 14:00:00,164.82000000000008
2023-12-07 23:00:00,164.8700000000001
2023-12-08 14:00:00,164.5500000000001
2023-12-08 17:00:00,164.32000000000008
2023-12-08 23:00:00,164.6500000000001
2023-12-11 23:00:00,164.4900000000001
2023-12-12 13:00:00,164.60000000000008
2023-12-12 14:00:00,164.5600000000001
2023-12-12 16:00:00,164.3700000000001
2023-12-12 20:00:00,164.7100000000001
2023-12-12 23:00:00,164.9600000000001
2023-12-13 13:00:00,165.0300000000001
2023-12-13 18:00:00,165.0500000000001
2023-12-13 20:00:00,166.70000000000007
2023-12-13 23:00:00,166.94000000000008
2023-12-14 08:00:00,167.1400000000001
2023-12-14 09:00:00,167.10000000000008
2023-12-14 17:00:00,168.19000000000008
2023-12-14 18:00:00,167.6700000000001
2023-12-14 20:00:00,167.8000000000001
2023-12-14 23:00:00,167.5500000000001
2023-12-15 23:00:00,167.3400000000001
2023-12-18 19:00:00,167.1700000000001
2023-12-18 23:00:00,167.3400000000001
2023-12-19 17:00:00,167.72000000000008
2023-12-19 23:00:00,167.70000000000007
2023-12-20 23:00:00,167.7700000000001
2023-12-21 15:00:00,168.1400000000001
2023-12-21 23:00:00,168.2700000000001
2023-12-22 23:00:00,168.07000000000008
2023-12-26 23:00:00,168.1500000000001
2023-12-27 15:00:00,168.26000000000008
2023-12-27 17:00:00,168.73000000000008
2023-12-27 18:00:00,168.9200000000001
2023-12-27 20:00:00,168.95000000000007
2023-12-27 23:00:00,169.0900000000001
2023-12-28 23:00:00,168.41000000000008
2023-12-28 23:00:01,168.41000000000008
2023-12-29 17:00:00,168.41000000000008
2023-12-29 23:00:00,167.73000000000008
2024-01-02 14:40:00,167.27000000000007
2024-01-02 15:00:00,167.24000000000007
2024-01-02 16:00:00,167.32000000000008
2024-01-02 17:00:00,167.40000000000006
2024-01-02 19:00:00,167.40000000000006
2024-01-02 20:00:00,167.40000000000006
2024-01-02 23:00:00,167.33000000000007
2024-01-03 14:30:00,167.33000000000007
2024-01-03 15:00:00,166.63000000000008
2024-01-03 16:00:00,166.63000000000008
2024-01-03 18:00:00,166.63000000000008
2024-01-03 23:00:00,167.0300000000001
2024-01-04 16:00:00,167.0300000000001
2024-01-04 23:00:00,166.38000000000008
2024-01-05 15:00:00,166.38000000000008
2024-01-05 16:00:00,166.38000000000008
2024-01-05 23:00:00,166.35000000000008
2024-01-08 14:30:00,166.58000000000007
2024-01-08 16:00:00,166.58000000000007
2024-01-08 18:00:00,167.05000000000007
2024-01-08 20:00:00,167.22000000000008
2024-01-08 23:00:00,167.24000000000007
2024-01-09 15:00:00,167.24000000000007
2024-01-09 18:00:00,167.45000000000007
2024-01-09 19:00:00,167.45000000000007
2024-01-09 20:00:00,167.57000000000008
2024-01-09 23:00:00,167.41000000000008
2024-01-10 13:00:00,167.63000000000008
2024-01-10 14:00:00,167.91000000000008
2024-01-10 15:00:00,167.70000000000007
2024-01-10 19:00:00,167.70000000000007
2024-01-10 20:00:00,167.8100000000001
2024-01-10 23:00:00,167.71000000000006
2024-01-11 13:00:00,168.10000000000008
2024-01-11 14:00:00,167.82000000000008
2024-01-11 15:00:00,167.74000000000007
2024-01-11 16:00:00,167.54000000000008
2024-01-11 23:00:00,168.17000000000007
2024-01-12 14:00:00,168.48000000000008
2024-01-12 15:00:00,168.25000000000009
2024-01-12 18:00:00,168.29000000000008
2024-01-12 19:00:00,168.29000000000008
2024-01-12 20:00:00,168.38000000000008
2024-01-12 23:00:00,168.48000000000008
2024-01-15 23:00:00,168.48000000000008
2024-01-16 13:00:00,167.94000000000008
2024-01-16 14:00:00,167.98000000000008
2024-01-16 15:00:00,167.98000000000008
2024-01-16 17:00:00,167.57000000000008
2024-01-16 20:00:00,167.48000000000008
2024-01-16 23:00:00,167.49000000000007
2024-01-17 12:00:00,167.49000000000007
2024-01-17 14:00:00,167.35000000000008
2024-01-17 15:00:00,166.73000000000008
2024-01-17 20:00:00,166.94000000000008
2024-01-17 23:00:00,166.74000000000007
2024-01-18 17:00:00,166.74000000000007
2024-01-18 20:00:00,167.11000000000007
2024-01-18 23:00:00,167.10000000000008
2024-01-19 15:00:00,166.68000000000006
2024-01-19 16:00:00,166.68000000000006
2024-01-19 17:00:00,167.05000000000007
2024-01-19 18:00:00,167.05000000000007
2024-01-19 23:00:00,167.0900000000001
2024-01-22 15:00:00,167.0900000000001
2024-01-22 20:00:00,167.62000000000006
2024-01-22 23:00:00,167.16000000000008
2024-01-23 15:00:00,167.16000000000008
2024-01-23 19:00:00,167.16000000000008
2024-01-23 20:00:00,167.41000000000008
2024-01-23 23:00:00,167.41000000000008
2024-01-24 13:00:00,167.41000000000008
2024-01-24 14:00:00,167.77000000000007
2024-01-24 15:00:00,167.73000000000008
2024-01-24 17:00:00,167.73000000000008
2024-01-24 18:00:00,167.68000000000006
2024-01-24 20:00:00,167.24000000000007
2024-01-24 23:00:00,167.36000000000007
2024-01-25 14:00:00,167.36000000000007
2024-01-25 15:00:00,167.8100000000001
2024-01-25 17:00:00,167.7800000000001
2024-01-25 19:00:00,168.02000000000007
2024-01-25 23:00:00,168.24000000000007
2024-01-26 14:00:00,168.24000000000007
2024-01-26 15:00:00,168.17000000000007
2024-01-26 16:00:00,168.17000000000007
2024-01-26 17:00:00,168.17000000000007
2024-01-26 18:00:00,168.17000000000007
2024-01-26 18:00:01,168.17000000000007
2024-01-26 21:00:00,168.35000000000005
2024-01-26 23:00:00,168.15000000000006
2024-01-29 14:00:00,168.26000000000005
2024-01-29 15:00:00,168.06000000000006
2024-01-29 16:00:00,168.08000000000007
2024-01-29 18:00:00,168.03000000000006
2024-01-29 19:00:00,168.03000000000006
2024-01-29 20:00:00,168.30000000000007
2024-01-29 23:00:00,168.31000000000006
2024-01-30 14:00:00,168.41000000000005
2024-01-30 15:00:00,168.02000000000007
2024-01-30 16:00:00,168.14000000000007
2024-01-30 23:00:00,168.26000000000005
2024-01-31 12:00:00,168.11000000000007
2024-01-31 13:00:00,168.30000000000007
2024-01-31 19:00:00,168.41000000000005
2024-01-31 20:00:00,167.86000000000007
2024-01-31 23:00:00,167.88000000000005
2024-02-01 14:00:00,168.34000000000006
2024-02-01 15:00:00,168.55000000000007
2024-02-01 16:00:00,168.28000000000006
2024-02-01 17:00:00,168.28000000000006
2024-02-01 18:00:00,168.50000000000006
2024-02-01 20:00:00,167.67000000000007
2024-02-01 23:00:00,168.53000000000006
2024-02-02 13:00:00,168.08000000000007
2024-02-02 14:00:00,167.83000000000007
2024-02-02 15:00:00,167.79000000000005
2024-02-02 16:00:00,167.84000000000006
2024-02-02 17:00:00,167.80000000000007
2024-02-02 18:00:00,167.85000000000005
2024-02-02 20:00:00,168.03000000000006
2024-02-02 23:00:00,167.80000000000007
2024-02-05 09:00:00,167.63000000000005
2024-02-05 14:00:00,167.63000000000005
2024-02-05 15:00:00,167.09000000000006
2024-02-05 16:00:00,167.00000000000006
2024-02-05 20:00:00,167.32000000000005
2024-02-05 23:00:00,167.00000000000006
2024-02-06 11:00:00,167.33000000000007
2024-02-06 14:00:00,167.53000000000006
2024-02-06 15:00:00,167.41000000000005
2024-02-06 15:17:30,167.41000000000005
2024-02-06 19:00:00,167.71000000000006
2024-02-06 20:00:00,167.71000000000006
2024-02-06 23:00:00,167.62000000000006
2024-02-07 10:00:00,167.62000000000006
2024-02-07 13:00:00,167.65000000000006
2024-02-07 14:00:00,167.83000000000007
2024-02-07 15:00:00,167.70000000000005
2024-02-07 23:00:00,167.79000000000005
2024-02-08 12:00:00,167.83000000000007
2024-02-08 14:00:00,167.77000000000007
2024-02-08 15:00:00,167.91000000000005
2024-02-08 16:00:00,167.75000000000006
2024-02-08 18:00:00,167.91000000000005
2024-02-08 23:00:00,167.62000000000006
2024-02-09 14:00:00,167.94000000000005
2024-02-09 17:00:00,168.18000000000006
2024-02-09 18:00:00,168.20000000000005
2024-02-09 23:00:00,168.03000000000006
2024-02-12 14:00:00,167.97000000000006
2024-02-12 15:00:00,167.97000000000006
2024-02-12 16:00:00,168.07000000000005
2024-02-12 17:00:00,168.23000000000005
2024-02-12 23:00:00,167.59000000000006
2024-02-13 13:00:00,167.05000000000007
2024-02-13 14:00:00,166.78000000000006
2024-02-13 15:00:00,166.84000000000006
2024-02-13 19:00:00,166.39000000000007
2024-02-13 20:00:00,166.19000000000005
2024-02-13 23:00:00,166.44000000000005
2024-02-14 13:00:00,166.72000000000006
2024-02-14 14:00:00,166.79000000000005
2024-02-14 15:00:00,167.05000000000007
2024-02-14 17:00:00,167.03000000000006
2024-02-14 23:00:00,166.94000000000005
2024-02-15 14:00:00,167.40000000000006
2024-02-15 18:00:00,167.51000000000005
2024-02-15 19:00:00,167.64000000000007
2024-02-15 20:00:00,167.63000000000005
2024-02-15 23:00:00,167.59000000000006
2024-02-16 10:00:00,167.63000000000005
2024-02-16 13:00:00,167.06000000000006
2024-02-16 14:00:00,167.01000000000005
2024-02-16 16:00:00,167.15000000000006
2024-02-16 17:00:00,167.14000000000007
2024-02-16 19:00:00,166.98000000000005
2024-02-16 20:00:00,166.96000000000006
2024-02-16 23:00:00,167.00000000000006
2024-02-20 17:00:00,167.27000000000007
2024-02-20 18:00:00,167.26000000000005
2024-02-20 23:00:00,167.30000000000007
2024-02-21 15:00:00,167.16000000000005
2024-02-21 16:00:00,166.97000000000006
2024-02-21 23:00:00,167.03000000000006
2024-02-22 08:00:00,167.04000000000005
2024-02-22 11:00:00,167.14000000000007
2024-02-22 14:00:00,167.26000000000005
2024-02-22 17:00:00,167.20000000000005
2024-02-22 23:00:00,167.51000000000005
2024-02-23 12:00:00,167.58000000000007
2024-02-23 14:00:00,167.74000000000007
2024-02-23 23:00:00,167.81000000000006
2024-02-26 14:00:00,167.42000000000007
2024-02-26 15:00:00,167.36000000000007
2024-02-26 16:00:00,167.22000000000006
2024-02-26 17:00:00,167.17000000000007
2024-02-26 23:00:00,167.36000000000007
2024-02-27 14:00:00,167.20000000000005
2024-02-27 15:00:00,167.16000000000005
2024-02-27 16:00:00,167.13000000000005
2024-02-27 23:00:00,167.25000000000006
2024-02-28 14:00:00,167.25000000000006
2024-02-28 15:00:00,167.25000000000006
2024-02-28 23:00:00,167.31000000000006
2024-02-29 13:00:00,167.31000000000006
2024-02-29 17:00:00,167.56000000000006
2024-02-29 23:00:00,167.59000000000006
2024-03-01 15:00:00,167.59000000000006
2024-03-01 18:00:00,167.56000000000006
2024-03-01 20:00:00,167.56000000000006
2024-03-01 23:00:00,167.56000000000006
2024-03-04 13:00:00,167.56000000000006
2024-03-04 19:00:00,167.56000000000006
2024-03-04 19:00:01,167.56000000000006
2024-03-04 23:00:00,167.54000000000005
2024-03-05 16:00:00,167.43000000000006
2024-03-05 23:00:00,167.44000000000005
2024-03-06 15:00:00,167.67000000000004
2024-03-06 16:00:00,167.73000000000005
2024-03-06 20:00:00,167.54000000000005
2024-03-06 23:00:00,167.85000000000005
2024-03-07 23:00:00,167.54000000000005
2024-03-08 14:00:00,168.42000000000004
2024-03-08 15:00:00,168.31000000000006
2024-03-08 20:00:00,167.86000000000004
2024-03-08 23:00:00,167.88000000000005
2024-03-11 17:00:00,167.74000000000004
2024-03-11 23:00:00,167.89000000000004
2024-03-12 09:00:00,167.88000000000005
2024-03-12 14:00:00,167.78000000000006
2024-03-12 23:00:00,167.76000000000005
2024-03-13 09:00:00,167.92000000000004
2024-03-13 23:00:00,167.90000000000006
2024-03-14 23:00:00,167.13000000000005
2024-03-15 13:00:00,167.03000000000006
2024-03-15 23:00:00,166.96000000000006
2024-03-18 14:00:00,167.27000000000004
2024-03-18 23:00:00,167.26000000000005
2024-03-19 14:00:00,167.39000000000004
2024-03-19 15:00:00,167.49000000000004
2024-03-19 18:00:00,167.72000000000006
2024-03-19 23:00:00,167.78000000000006
2024-03-20 14:00:00,167.77000000000004
2024-03-20 23:00:00,168.25000000000006
2024-03-21 16:00:00,168.29000000000005
2024-03-21 17:00:00,168.07000000000005
2024-03-21 23:00:00,168.17000000000004
2024-03-22 23:00:00,168.04000000000005
2024-03-25 19:00:00,167.91000000000005
2024-03-25 23:00:00,167.71000000000006
2024-03-26 19:00:00,167.69000000000005
2024-03-26 23:00:00,167.59000000000006
2024-03-27 09:00:00,167.59000000000006
2024-03-27 23:00:00,168.36000000000004
2024-03-28 16:00:00,168.15000000000006
2024-03-28 23:00:00,168.02000000000004
2024-04-01 11:00:00,168.39000000000004
2024-04-01 12:00:00,168.39000000000004
2024-04-01 14:00:00,168.39000000000004
2024-04-01 17:00:00,168.39000000000004
2024-04-01 18:00:00,168.39000000000004
2024-04-01 19:00:00,168.39000000000004
2024-04-01 23:00:00,167.51000000000005
2024-04-02 07:00:00,167.57000000000005
2024-04-02 11:00:00,167.57000000000005
2024-04-02 12:00:00,167.57000000000005
2024-04-02 13:00:00,167.57000000000005
2024-04-02 14:00:00,167.07000000000005
2024-04-02 15:00:00,167.07000000000005
2024-04-02 16:00:00,167.07000000000005
2024-04-02 17:00:00,167.02000000000004
2024-04-02 18:00:00,167.04000000000005
2024-04-02 19:00:00,167.12000000000003
2024-04-02 23:00:00,167.10000000000005
2024-04-03 13:00:00,166.89000000000004
2024-04-03 14:00:00,166.98000000000005
2024-04-03 15:00:00,167.24000000000004
2024-04-03 16:00:00,167.40000000000003
2024-04-03 17:00:00,167.38000000000005
2024-04-03 18:00:00,167.36000000000004
2024-04-03 19:00:00,167.31000000000003
2024-04-03 23:00:00,167.38000000000005
2024-04-04 13:00:00,167.38000000000005
2024-04-04 14:00:00,167.38000000000005
2024-04-04 15:00:00,167.64000000000004
2024-04-04 18:00:00,167.23000000000005
2024-04-04 19:00:00,166.99000000000004
2024-04-04 23:00:00,167.02000000000004
2024-04-05 13:00:00,167.02000000000004
2024-04-05 15:00:00,167.02000000000004
2024-04-05 17:00:00,167.02000000000004
2024-04-05 18:00:00,167.01000000000005
2024-04-05 19:00:00,167.03000000000003
2024-04-05 23:00:00,167.01000000000005
2024-04-08 13:00:00,167.01000000000005
2024-04-08 14:00:00,167.01000000000005
2024-04-08 17:00:00,167.21000000000004
2024-04-08 23:00:00,167.17000000000004
2024-04-09 13:00:00,167.17000000000004
2024-04-09 14:00:00,167.57000000000005
2024-04-09 16:00:00,167.57000000000005
2024-04-09 17:00:00,167.49000000000004
2024-04-09 18:00:00,167.54000000000005
2024-04-09 19:00:00,167.54000000000005
2024-04-09 23:00:00,167.52000000000004
2024-04-10 12:00:00,167.52000000000004
2024-04-10 13:00:00,166.69000000000005
2024-04-10 14:00:00,166.69000000000005
2024-04-10 15:00:00,166.69000000000005
2024-04-10 16:00:00,166.69000000000005
2024-04-10 17:00:00,166.22000000000006
2024-04-10 18:00:00,166.23000000000005
2024-04-10 19:00:00,166.23000000000005
2024-04-10 23:00:00,166.17000000000004
2024-04-11 09:00:00,166.17000000000004
2024-04-11 13:00:00,166.17000000000004
2024-04-11 14:00:00,165.86000000000004
2024-04-11 15:00:00,165.86000000000004
2024-04-11 16:00:00,165.71000000000004
2024-04-11 17:00:00,165.79000000000005
2024-04-11 18:00:00,165.87000000000003
2024-04-11 19:00:00,165.87000000000003
2024-04-11 23:00:00,165.84000000000003
2024-04-12 07:00:00,165.84000000000003
2024-04-12 08:00:00,165.84000000000003
2024-04-12 10:00:00,165.84000000000003
2024-04-12 11:00:00,165.73000000000005
2024-04-12 12:00:00,165.67000000000004
2024-04-12 13:00:00,165.63000000000005
2024-04-12 14:00:00,165.63000000000005
2024-04-12 15:00:00,165.60000000000005
2024-04-12 16:00:00,165.60000000000005
2024-04-12 17:00:00,165.44000000000005
2024-04-12 18:00:00,165.37000000000003
2024-04-12 19:00:00,165.61000000000004
2024-04-12 23:00:00,165.55000000000004
2024-04-15 07:00:00,165.55000000000004
2024-04-15 13:00:00,165.46000000000004
2024-04-15 14:00:00,165.15000000000003
2024-04-15 15:00:00,165.09000000000003
2024-04-15 16:00:00,165.08000000000004
2024-04-15 17:00:00,164.76000000000005
2024-04-15 18:00:00,164.68000000000004
2024-04-15 19:00:00,164.79000000000005
2024-04-15 23:00:00,164.77000000000004
2024-04-16 10:00:00,164.77000000000004
2024-04-16 11:00:00,164.77000000000004
2024-04-16 12:00:00,164.77000000000004
2024-04-16 13:00:00,164.37000000000003
2024-04-16 14:00:00,164.03000000000003
2024-04-16 15:00:00,164.36000000000004
2024-04-16 16:00:00,164.32000000000005
2024-04-16 18:00:00,164.52000000000004
2024-04-16 19:00:00,164.43000000000004
2024-04-16 23:00:00,164.36000000000004
2024-04-17 12:00:00,164.36000000000004
2024-04-17 13:00:00,164.64000000000004
2024-04-17 14:00:00,164.66000000000005
2024-04-17 15:00:00,164.61000000000004
2024-04-17 16:00:00,164.49000000000004
2024-04-17 17:00:00,164.49000000000004
2024-04-17 18:00:00,164.78000000000003
2024-04-17 19:00:00,164.45000000000005
2024-04-17 23:00:00,164.49000000000004
2024-04-18 13:00:00,164.36000000000004
2024-04-18 14:00:00,164.36000000000004
2024-04-18 15:00:00,164.36000000000004
2024-04-18 17:00:00,164.37000000000003
2024-04-18 19:00:00,164.61000000000004
2024-04-18 23:00:00,164.65000000000003
2024-04-19 13:00:00,164.65000000000003
2024-04-19 14:00:00,164.98000000000005
2024-04-19 23:00:00,164.86000000000004
2024-04-22 14:00:00,164.86000000000004
2024-04-22 16:00:00,164.86000000000004
2024-04-22 18:00:00,165.64000000000004
2024-04-22 19:00:00,165.64000000000004
2024-04-22 23:00:00,165.69000000000005
2024-04-23 08:00:00,165.67000000000004
2024-04-23 13:00:00,165.92000000000004
2024-04-23 14:00:00,166.23000000000005
2024-04-23 16:00:00,166.16000000000005
2024-04-23 18:00:00,166.20000000000005
2024-04-23 19:00:00,166.20000000000005
2024-04-23 23:00:00,166.20000000000005
2024-04-24 08:00:00,166.29000000000005
2024-04-24 09:00:00,166.29000000000005
2024-04-24 13:00:00,166.00000000000003
2024-04-24 14:00:00,165.98000000000005
2024-04-24 16:00:00,165.69000000000005
2024-04-24 19:00:00,165.69000000000005
2024-04-24 23:00:00,165.91000000000005
2024-04-25 12:00:00,165.91000000000005
2024-04-25 13:00:00,165.91000000000005
2024-04-25 15:00:00,164.99000000000004
2024-04-25 16:00:00,164.99000000000004
2024-04-25 19:00:00,165.54000000000005
2024-04-25 23:00:00,165.48000000000005
2024-04-26 13:00:00,165.88000000000005
2024-04-26 14:00:00,166.01000000000005
2024-04-26 15:00:00,165.95000000000005
2024-04-26 23:00:00,165.96000000000004
2024-04-29 13:00:00,165.96000000000004
2024-04-29 14:00:00,165.96000000000004
2024-04-29 15:00:00,165.96000000000004
2024-04-29 16:00:00,165.96000000000004
2024-04-29 17:00:00,165.96000000000004
2024-04-29 18:00:00,165.96000000000004
2024-04-29 19:00:00,166.39000000000004
2024-04-29 23:00:00,166.33000000000004
2024-04-30 13:00:00,166.05000000000004
2024-04-30 14:00:00,165.96000000000004
2024-04-30 15:00:00,165.78000000000006
2024-04-30 17:00:00,165.63000000000005
2024-04-30 18:00:00,165.67000000000004
2024-04-30 23:00:00,165.54000000000005
2024-05-01 14:00:00,165.58000000000004
2024-05-01 15:00:00,165.60000000000005
2024-05-01 17:00:00,165.65000000000006
2024-05-01 18:00:00,166.52000000000004
2024-05-01 19:00:00,166.10000000000005
2024-05-01 23:00:00,166.25000000000006
2024-05-02 13:00:00,166.50000000000006
2024-05-02 14:00:00,166.27000000000004
2024-05-02 15:00:00,166.65000000000006
2024-05-02 16:00:00,166.68000000000006
2024-05-02 17:00:00,166.97000000000006
2024-05-02 18:00:00,167.01000000000005
2024-05-02 19:00:00,166.91000000000005
2024-05-02 23:00:00,166.87000000000006
2024-05-03 13:00:00,167.80000000000004
2024-05-03 14:00:00,167.45000000000005
2024-05-03 15:00:00,167.74000000000004
2024-05-03 17:00:00,167.69000000000005
2024-05-03 18:00:00,167.59000000000006
2024-05-03 19:00:00,167.59000000000006
2024-05-03 23:00:00,167.63000000000005
2024-05-06 13:00:00,167.85000000000005
2024-05-06 14:00:00,167.82000000000005
2024-05-06 15:00:00,167.75000000000006
2024-05-06 17:00:00,167.77000000000004
2024-05-06 18:00:00,167.76000000000005
2024-05-06 19:00:00,167.65000000000006
2024-05-06 23:00:00,167.70000000000005
2024-05-07 16:00:00,167.94000000000005
2024-05-07 18:00:00,167.58000000000004
2024-05-07 19:00:00,167.68000000000006
2024-05-07 23:00:00,167.66000000000005
2024-05-08 13:00:00,167.16000000000005
2024-05-08 14:00:00,167.33000000000004
2024-05-08 17:00:00,167.20000000000005
2024-05-08 18:00:00,167.22000000000006
2024-05-08 23:00:00,167.25000000000006
2024-05-09 10:00:00,167.23000000000005
2024-05-09 13:00:00,167.12000000000006
2024-05-09 14:00:00,167.14000000000004
2024-05-09 19:00:00,167.21000000000004
2024-05-09 23:00:00,167.28000000000006
2024-05-10 13:00:00,167.21000000000004
2024-05-10 14:00:00,167.05000000000004
2024-05-10 15:00:00,166.97000000000006
2024-05-10 17:00:00,166.88000000000005
2024-05-10 18:00:00,166.88000000000005
2024-05-10 19:00:00,166.92000000000004
2024-05-10 23:00:00,167.07000000000005
2024-05-13 14:00:00,167.11000000000004
2024-05-13 15:00:00,166.99000000000004
2024-05-13 18:00:00,166.91000000000005
2024-05-13 23:00:00,166.91000000000005
2024-05-14 14:00:00,167.03000000000006
2024-05-14 15:00:00,167.02000000000004
2024-05-14 17:00:00,167.00000000000006
2024-05-14 18:00:00,167.06000000000006
2024-05-14 19:00:00,167.11000000000004
2024-05-14 23:00:00,167.15000000000006
2024-05-15 13:00:00,167.73000000000005
2024-05-15 14:00:00,167.78000000000006
2024-05-15 15:00:00,167.85000000000005
2024-05-15 16:00:00,168.06000000000006
2024-05-15 17:00:00,168.08000000000004
2024-05-15 19:00:00,168.09000000000006
2024-05-15 23:00:00,168.04000000000005
2024-05-16 13:00:00,167.79000000000005
2024-05-16 17:00:00,167.89000000000004
2024-05-16 18:00:00,167.95000000000005
2024-05-16 23:00:00,167.84000000000006
2024-05-17 14:00:00,167.78000000000006
2024-05-17 15:00:00,167.78000000000006
2024-05-17 23:00:00,168.10000000000005
2024-05-20 18:00:00,167.64000000000004
2024-05-20 19:00:00,167.68000000000006
2024-05-20 23:00:00,167.63000000000005
2024-05-21 13:00:00,167.77000000000004
2024-05-21 15:00:00,167.77000000000004
2024-05-21 16:00:00,167.68000000000006
2024-05-21 17:00:00,167.67000000000004
2024-05-21 18:00:00,167.70000000000005
2024-05-21 23:00:00,167.66000000000005
2024-05-22 15:00:00,167.31000000000006
2024-05-22 23:00:00,167.20000000000005
2024-05-23 13:00:00,167.05000000000004
2024-05-23 14:00:00,166.90000000000006
2024-05-23 15:00:00,166.92000000000004
2024-05-23 16:00:00,166.89000000000004
2024-05-23 17:00:00,166.77000000000004
2024-05-23 19:00:00,166.64000000000004
2024-05-23 20:00:00,168.06000000000006
2024-05-23 23:00:00,166.63000000000005
2024-05-24 13:00:00,166.81000000000006
2024-05-24 14:00:00,166.98000000000005
2024-05-24 16:00:00,167.12000000000006
2024-05-24 17:00:00,167.11000000000004
2024-05-24 19:00:00,167.25000000000006
2024-05-24 23:00:00,167.20000000000005
2024-05-27 23:00:00,167.20000000000005
2024-05-28 10:00:00,167.40000000000006
2024-05-28 12:00:00,167.22000000000006
2024-05-28 13:00:00,167.07000000000005
2024-05-28 14:00:00,167.05000000000004
2024-05-28 16:00:00,166.96000000000004
2024-05-28 19:00:00,166.52000000000004
2024-05-28 23:00:00,166.53000000000006
2024-05-29 13:00:00,166.08000000000004
2024-05-29 14:00:00,166.08000000000004
2024-05-29 15:00:00,165.90000000000006
2024-05-29 16:00:00,165.95000000000005
2024-05-29 17:00:00,166.12000000000006
2024-05-29 23:00:00,165.98000000000005
2024-05-30 14:00:00,166.06000000000006
2024-05-30 23:00:00,168.33000000000004
2024-05-31 16:00:00,166.65000000000003
2024-05-31 17:00:00,166.67000000000004
2024-05-31 23:00:00,166.78000000000006
2024-06-03 14:00:00,167.18000000000004
2024-06-03 23:00:00,167.25000000000006
2024-06-04 15:00:00,167.25000000000006
2024-06-04 18:00:00,167.18000000000004
2024-06-04 19:00:00,167.08000000000004
2024-06-04 23:00:00,167.16000000000005
2024-06-05 13:00:00,167.41000000000005
2024-06-05 14:00:00,167.47000000000006
2024-06-05 15:00:00,167.64000000000004
2024-06-05 16:00:00,167.60000000000005
2024-06-05 18:00:00,167.58000000000004
2024-06-05 23:00:00,167.61000000000004
2024-06-06 15:00:00,167.53000000000006
2024-06-06 16:00:00,167.53000000000006
2024-06-06 23:00:00,167.38000000000005
2024-06-07 13:00:00,166.81000000000006
2024-06-07 14:00:00,166.97000000000006
2024-06-07 15:00:00,166.97000000000006
2024-06-07 23:00:00,167.03000000000006
2024-06-10 11:00:00,166.98000000000005
2024-06-10 12:00:00,166.98000000000005
2024-06-10 23:00:00,167.06000000000006
2024-06-11 16:00:00,167.02000000000004
2024-06-11 18:00:00,167.26000000000005
2024-06-11 23:00:00,167.28000000000006
2024-06-12 13:00:00,168.20000000000005
2024-06-12 14:00:00,168.16000000000005
2024-06-12 15:00:00,168.12000000000003
2024-06-12 16:00:00,168.12000000000003
2024-06-12 23:00:00,167.81000000000006
2024-06-13 13:00:00,167.97000000000006
2024-06-13 14:00:00,167.97000000000006
2024-06-13 15:00:00,167.66000000000005
2024-06-13 16:00:00,167.62000000000003
2024-06-13 17:00:00,167.62000000000003
2024-06-13 23:00:00,167.64000000000004
2024-06-14 14:00:00,167.21000000000004
2024-06-14 15:00:00,167.21000000000004
2024-06-14 18:00:00,167.00000000000006
2024-06-14 19:00:00,167.00000000000006
2024-06-14 23:00:00,167.06000000000006
2024-06-17 14:00:00,166.91000000000005
2024-06-17 15:00:00,166.91000000000005
2024-06-17 23:00:00,167.35000000000005
2024-06-18 12:00:00,167.52000000000004
2024-06-18 13:00:00,166.68000000000004
2024-06-18 14:00:00,166.68000000000004
2024-06-18 23:00:00,167.67000000000004
2024-06-19 23:00:00,167.67000000000004
2024-06-20 13:00:00,167.41000000000005
2024-06-20 14:00:00,167.41000000000005
2024-06-20 23:00:00,167.53000000000006
2024-06-21 19:00:00,167.66000000000005
2024-06-21 20:00:00,167.66000000000005
2024-06-21 23:00:00,167.67000000000004
2024-06-24 13:00:00,167.77000000000004
2024-06-24 14:00:00,167.77000000000004
2024-06-24 16:00:00,167.58000000000004
2024-06-24 17:00:00,167.58000000000004
2024-06-24 23:00:00,167.56000000000006
2024-06-25 14:00:00,167.51000000000005
2024-06-25 15:00:00,167.51000000000005
2024-06-25 23:00:00,167.56000000000006
2024-06-26 10:00:00,167.59000000000006
2024-06-26 11:00:00,167.59000000000006
2024-06-26 13:00:00,167.25000000000006
2024-06-26 14:00:00,167.25000000000006
2024-06-26 16:00:00,167.20000000000005
2024-06-26 17:00:00,167.27000000000004
2024-06-26 18:00:00,167.27000000000004
2024-06-26 23:00:00,167.20000000000005
2024-06-27 23:00:00,167.38000000000005
2024-06-28 14:00:00,167.38000000000005
2024-06-28 15:14:00,167.38000000000005
2024-06-28 19:00:00,167.13000000000005
2024-06-28 20:00:00,167.13000000000005
2024-06-28 23:00:00,167.17000000000004
2024-07-01 14:00:00,166.94000000000005
2024-07-01 15:00:00,166.94000000000005
2024-07-01 16:00:00,167.04000000000005
2024-07-01 17:00:00,167.04000000000005
2024-07-01 23:00:00,166.91000000000005
2024-07-02 13:00:00,166.91000000000005
2024-07-02 14:00:00,166.91000000000005
2024-07-02 15:00:00,167.19000000000005
2024-07-02 16:00:00,167.19000000000005
2024-07-02 17:00:00,167.19000000000005
2024-07-02 23:00:00,167.36000000000004
2024-07-03 11:00:00,167.36000000000004
2024-07-03 12:00:00,167.36000000000004
2024-07-03 13:00:00,167.36000000000004
2024-07-03 14:00:00,167.36000000000004
2024-07-03 15:00:00,167.36000000000004
2024-07-03 16:00:00,167.36000000000004
2024-07-03 17:00:00,167.36000000000004
2024-07-03 23:00:00,167.77000000000007
2024-07-04 10:00:00,167.77000000000007
2024-07-04 11:00:00,167.77000000000007
2024-07-04 23:00:00,167.77000000000007
2024-07-05 09:00:00,167.77000000000007
2024-07-05 10:00:00,167.77000000000007
2024-07-05 13:00:00,168.16000000000005
2024-07-05 14:00:00,168.05000000000007
2024-07-05 15:00:00,168.11000000000004
2024-07-05 16:00:00,168.11000000000004
2024-07-05 17:00:00,168.11000000000004
2024-07-05 19:00:00,168.11000000000004
2024-07-05 20:00:00,168.11000000000004
2024-07-05 23:00:00,168.32000000000005
2024-07-08 13:00:00,168.24000000000007
2024-07-08 14:00:00,168.24000000000007
2024-07-08 15:00:00,168.24000000000007
2024-07-08 16:00:00,168.07000000000005
2024-07-08 18:00:00,168.07000000000005
2024-07-08 19:00:00,168.07000000000005
2024-07-08 23:00:00,168.18000000000006
2024-07-09 11:00:00,168.26000000000005
2024-07-09 13:00:00,168.26000000000005
2024-07-09 14:00:00,168.09000000000006
2024-07-09 15:00:00,168.09000000000006
2024-07-09 16:00:00,167.91000000000005
2024-07-09 17:00:00,167.97000000000006
2024-07-09 18:00:00,167.92000000000004
2024-07-09 19:00:00,167.94000000000005
2024-07-09 23:00:00,168.01000000000005
2024-07-10 06:00:00,168.01000000000005
2024-07-10 14:00:00,168.01000000000005
2024-07-10 15:00:00,168.14000000000004
2024-07-10 16:00:00,168.14000000000004
2024-07-10 17:00:00,168.27000000000007
2024-07-10 23:00:00,168.28000000000006
2024-07-11 12:00:00,168.28000000000006
2024-07-11 13:00:00,168.28000000000006
2024-07-11 14:00:00,168.28000000000006
2024-07-11 15:00:00,168.86000000000004
2024-07-11 18:00:00,168.90000000000006
2024-07-11 19:00:00,168.93000000000006
2024-07-11 23:00:00,168.90000000000006
2024-07-12 13:00:00,168.97000000000006
2024-07-12 14:00:00,169.03000000000006
2024-07-12 15:00:00,169.03000000000006
2024-07-12 16:00:00,169.06000000000006
2024-07-12 17:00:00,169.06000000000006
2024-07-12 18:00:00,169.23000000000005
2024-07-12 19:00:00,169.29000000000005
2024-07-12 23:00:00,169.28000000000006
2024-07-15 13:00:00,169.16000000000005
2024-07-15 14:00:00,169.14000000000004
2024-07-15 15:00:00,169.23000000000005
2024-07-15 16:00:00,169.23000000000005
2024-07-15 17:00:00,169.14000000000004
2024-07-15 18:00:00,169.27000000000007
2024-07-15 19:00:00,169.24000000000007
2024-07-15 23:00:00,169.22000000000006
2024-07-16 13:00:00,169.31000000000006
2024-07-16 14:00:00,169.42000000000004
2024-07-16 15:00:00,169.42000000000004
2024-07-16 17:00:00,169.76000000000005
2024-07-16 18:00:00,169.83000000000007
2024-07-16 19:00:00,169.86000000000004
2024-07-16 23:00:00,169.80000000000007
2024-07-17 13:00:00,169.80000000000007
2024-07-17 14:00:00,169.62000000000006
2024-07-17 15:00:00,169.61000000000004
2024-07-17 16:00:00,169.54000000000005
2024-07-17 17:00:00,169.67000000000004
2024-07-17 18:00:00,169.65000000000006
2024-07-17 23:00:00,169.66000000000005
2024-07-18 13:00:00,169.70000000000005
2024-07-18 14:00:00,169.74000000000007
2024-07-18 15:00:00,169.32000000000005
2024-07-18 18:00:00,169.30000000000007
2024-07-18 19:00:00,169.30000000000007
2024-07-18 23:00:00,169.24000000000007
2024-07-19 13:00:00,169.28000000000006
2024-07-19 14:00:00,169.28000000000006
2024-07-19 15:00:00,169.14000000000004
2024-07-19 16:00:00,168.97000000000006
2024-07-19 17:00:00,168.98000000000005
2024-07-19 18:00:00,168.99000000000007
2024-07-19 19:00:00,169.07000000000005
2024-07-19 23:00:00,169.13000000000005
2024-07-22 12:00:00,169.43000000000006
2024-07-22 13:00:00,169.46000000000006
2024-07-22 15:00:00,169.46000000000006
2024-07-22 16:00:00,169.61000000000004
2024-07-22 18:00:00,169.59000000000006
2024-07-22 19:00:00,169.58000000000007
2024-07-22 23:00:00,169.69000000000005
2024-07-23 07:00:00,169.69000000000005
2024-07-23 13:00:00,169.69000000000005
2024-07-23 23:00:00,169.77000000000007
2024-07-24 12:00:00,169.77000000000007
2024-07-24 13:00:00,169.77000000000007
2024-07-24 15:00:00,169.77000000000007
2024-07-24 18:00:00,169.34000000000006
2024-07-24 23:00:00,169.15000000000006
2024-07-25 07:00:00,169.15000000000006
2024-07-25 08:00:00,169.15000000000006
2024-07-25 12:00:00,169.15000000000006
2024-07-25 13:00:00,169.15000000000006
2024-07-25 17:00:00,169.70000000000005
2024-07-25 18:00:00,169.42000000000004
2024-07-25 19:00:00,169.42000000000004
2024-07-25 23:00:00,169.28000000000006
2024-07-26 07:00:00,169.28000000000006
2024-07-26 13:00:00,169.28000000000006
2024-07-26 14:00:00,169.28000000000006
2024-07-26 17:00:00,169.51000000000005
2024-07-26 18:00:00,169.51000000000005
2024-07-26 19:00:00,169.42000000000004
2024-07-26 23:00:00,169.43000000000006
2024-07-29 12:00:00,169.49000000000007
2024-07-29 13:00:00,169.67000000000004
2024-07-29 14:00:00,169.64000000000004
2024-07-29 15:00:00,169.24000000000007
2024-07-29 16:00:00,169.30000000000007
2024-07-29 17:00:00,169.30000000000007
2024-07-29 19:00:00,169.30000000000007
2024-07-29 23:00:00,169.34000000000006
2024-07-30 13:00:00,169.72000000000006
2024-07-30 14:00:00,169.72000000000006
2024-07-30 15:00:00,169.72000000000006
2024-07-30 19:00:00,169.72000000000006
2024-07-30 23:00:00,169.42000000000004
2024-07-31 13:00:00,169.86000000000004
2024-07-31 14:00:00,169.88000000000005
2024-07-31 15:00:00,169.92000000000004
2024-07-31 16:00:00,169.94000000000005
2024-07-31 18:00:00,169.98000000000005
2024-07-31 23:00:00,170.11000000000004
2024-08-01 13:00:00,170.40000000000003
2024-08-01 14:00:00,170.06000000000003
2024-08-01 15:00:00,169.90000000000003
2024-08-01 16:00:00,169.90000000000003
2024-08-01 17:00:00,169.83000000000004
2024-08-01 18:00:00,169.83000000000004
2024-08-01 19:00:00,170.35000000000005
2024-08-01 23:00:00,169.88000000000005
2024-08-02 14:00:00,169.42000000000004
2024-08-02 15:00:00,169.37000000000003
2024-08-02 16:00:00,169.40000000000003
2024-08-02 17:00:00,169.38000000000005
2024-08-02 18:00:00,169.27000000000004
2024-08-02 19:00:00,169.37000000000003
2024-08-02 23:00:00,169.35000000000005
2024-08-05 06:00:00,169.13000000000005
2024-08-05 07:00:00,168.48000000000005
2024-08-05 08:00:00,168.52000000000004
2024-08-05 09:00:00,168.02000000000004
2024-08-05 10:00:00,167.91000000000005
2024-08-05 12:00:00,167.63000000000005
2024-08-05 13:00:00,168.12000000000003
2024-08-05 14:00:00,168.11000000000004
2024-08-05 15:00:00,168.17000000000004
2024-08-05 16:00:00,168.44000000000005
2024-08-05 19:00:00,168.19000000000005
2024-08-05 23:00:00,168.29000000000005
2024-08-06 13:00:00,168.46000000000004
2024-08-06 14:00:00,168.62000000000003
2024-08-06 19:00:00,168.98000000000005
2024-08-06 23:00:00,168.88000000000005
2024-08-07 07:00:00,168.81000000000003
2024-08-07 10:00:00,169.29000000000005
2024-08-07 13:00:00,169.63000000000005
2024-08-07 14:00:00,169.62000000000003
2024-08-07 15:00:00,169.65000000000003
2024-08-07 16:00:00,169.52000000000004
2024-08-07 17:00:00,169.18000000000004
2024-08-07 19:00:00,169.10000000000005
2024-08-07 23:00:00,169.05000000000004
2024-08-08 13:00:00,169.52000000000004
2024-08-08 14:00:00,169.64000000000004
2024-08-08 16:00:00,169.36000000000004
2024-08-08 23:00:00,169.51000000000005
2024-08-09 13:00:00,169.69000000000005
2024-08-09 14:00:00,169.78000000000003
2024-08-09 18:00:00,169.47000000000006
2024-08-09 23:00:00,169.53000000000003
2024-08-12 12:00:00,169.61000000000004
2024-08-12 14:00:00,169.52000000000004
2024-08-12 14:42:30,169.52000000000004
2024-08-12 15:00:00,169.50000000000003
2024-08-12 16:00:00,169.44000000000005
2024-08-12 17:00:00,169.39000000000004
2024-08-12 18:00:00,169.49000000000004
2024-08-12 19:00:00,169.62000000000003
2024-08-12 23:00:00,169.41000000000005
2024-08-13 14:00:00,169.87000000000003
2024-08-13 16:00:00,169.91000000000005
2024-08-13 17:00:00,170.01000000000005
2024-08-13 18:00:00,170.05000000000004
2024-08-13 19:00:00,170.11000000000004
2024-08-13 23:00:00,170.19000000000005
2024-08-14 13:00:00,170.11000000000004
2024-08-14 14:00:00,170.07000000000005
2024-08-14 15:00:00,170.24000000000004
2024-08-14 16:00:00,170.46000000000004
2024-08-14 19:00:00,170.45000000000005
2024-08-14 23:00:00,170.42000000000004
2024-08-15 15:00:00,170.50000000000003
2024-08-15 16:00:00,170.56000000000003
2024-08-15 19:00:00,170.60000000000005
2024-08-15 23:00:00,170.60000000000005
2024-08-16 13:00:00,170.65000000000003
2024-08-16 14:00:00,170.83000000000004
2024-08-16 23:00:00,171.11000000000004
2024-08-19 10:00:00,171.05000000000004
2024-08-19 13:00:00,170.96000000000004
2024-08-19 14:00:00,170.97000000000006
2024-08-19 15:00:00,171.17000000000004
2024-08-19 16:00:00,171.08000000000004
2024-08-19 17:00:00,170.95000000000005
2024-08-19 18:00:00,171.11000000000004
2024-08-19 19:00:00,171.05000000000004
2024-08-19 23:00:00,171.11000000000004
2024-08-20 08:00:00,171.26000000000005
2024-08-20 13:00:00,171.27000000000004
2024-08-20 14:00:00,171.19000000000005
2024-08-20 15:00:00,171.03000000000003
2024-08-20 16:00:00,170.89000000000004
2024-08-20 19:00:00,171.22000000000006
2024-08-20 23:00:00,171.00000000000003
2024-08-21 13:00:00,171.23000000000005
2024-08-21 14:00:00,171.19000000000005
2024-08-21 16:00:00,171.27000000000004
2024-08-21 17:00:00,171.40000000000003
2024-08-21 19:00:00,171.38000000000005
2024-08-21 23:00:00,171.33000000000004
2024-08-22 14:00:00,171.13000000000005
2024-08-22 15:00:00,171.13000000000005
2024-08-22 17:00:00,171.02000000000004
2024-08-22 18:00:00,171.04000000000005
2024-08-22 19:00:00,171.10000000000005
2024-08-22 23:00:00,171.11000000000004
2024-08-23 12:00:00,171.43000000000004
2024-08-23 13:00:00,171.46000000000004
2024-08-23 14:00:00,171.71000000000004
2024-08-23 15:00:00,171.75000000000003
2024-08-23 16:00:00,171.82000000000005
2024-08-23 17:00:00,171.90000000000003
2024-08-23 18:00:00,171.94000000000005
2024-08-23 19:00:00,172.11000000000004
2024-08-23 23:00:00,172.09000000000003
2024-08-26 13:00:00,172.06000000000003
2024-08-26 14:00:00,172.01000000000005
2024-08-26 15:00:00,171.90000000000003
2024-08-26 16:00:00,172.11000000000004
2024-08-26 17:00:00,172.00000000000003
2024-08-26 18:00:00,172.02000000000004
2024-08-26 19:00:00,172.02000000000004
2024-08-26 23:00:00,171.86000000000004
2024-08-27 14:00:00,171.82000000000005
2024-08-27 15:00:00,171.99000000000004
2024-08-27 16:00:00,171.94000000000005
2024-08-27 17:00:00,171.99000000000004
2024-08-27 18:00:00,171.99000000000004
2024-08-27 19:00:00,171.89000000000004
2024-08-27 23:00:00,171.95000000000005
2024-08-28 13:00:00,171.89000000000004
2024-08-28 14:00:00,171.85000000000005
2024-08-28 18:00:00,171.68000000000004
2024-08-28 19:00:00,171.60000000000005
2024-08-28 23:00:00,171.87000000000003
2024-08-29 13:00:00,171.96000000000004
2024-08-29 14:00:00,171.61000000000004
2024-08-29 15:00:00,171.60000000000005
2024-08-29 18:00:00,171.49000000000004
2024-08-29 23:00:00,172.03000000000003
2024-08-30 13:00:00,171.84000000000003
2024-08-30 14:00:00,171.63000000000005
2024-08-30 16:00:00,171.66000000000005
2024-08-30 19:00:00,172.02000000000004
2024-08-30 23:00:00,172.05000000000004
2024-09-03 14:00:00,171.92000000000004
2024-09-03 19:00:00,171.48000000000005
2024-09-03 23:00:00,171.53000000000006
2024-09-04 13:00:00,171.77000000000007
2024-09-04 14:00:00,171.97000000000006
2024-09-04 15:00:00,172.00000000000006
2024-09-04 17:00:00,171.97000000000006
2024-09-04 18:00:00,171.98000000000005
2024-09-04 19:00:00,171.99000000000007
2024-09-04 23:00:00,171.94000000000005
2024-09-05 13:00:00,172.77000000000007
2024-09-05 14:00:00,172.51000000000005
2024-09-05 15:00:00,172.30000000000004
2024-09-05 17:00:00,172.44000000000005
2024-09-05 18:00:00,172.59000000000006
2024-09-05 19:00:00,172.50000000000006
2024-09-05 23:00:00,172.41000000000005
2024-09-06 23:00:00,172.29000000000005
2024-09-09 14:00:00,172.44000000000005
2024-09-09 15:00:00,172.55000000000004
2024-09-09 17:00:00,172.71000000000006
2024-09-09 18:00:00,172.54000000000005
2024-09-09 19:00:00,172.59000000000006
2024-09-09 23:00:00,172.69000000000005
2024-09-10 13:00:00,172.68000000000006
2024-09-10 14:00:00,172.52000000000007
2024-09-10 15:00:00,172.40000000000006
2024-09-10 16:00:00,172.13000000000005
2024-09-10 18:00:00,172.14000000000004
2024-09-10 19:00:00,172.24000000000007
2024-09-10 23:00:00,172.35000000000005
2024-09-11 14:00:00,171.97000000000006
2024-09-11 15:00:00,172.08000000000004
2024-09-11 23:00:00,172.62000000000006
2024-09-12 14:00:00,172.50000000000006
2024-09-12 17:00:00,172.67000000000004
2024-09-12 18:00:00,172.80000000000004
2024-09-12 23:00:00,172.75000000000006
2024-09-13 13:00:00,173.12000000000006
2024-09-13 14:00:00,173.09000000000006
2024-09-13 15:00:00,173.14000000000004
2024-09-13 16:00:00,173.12000000000006
2024-09-13 18:00:00,173.16000000000005
2024-09-13 19:00:00,173.19000000000005
2024-09-13 23:00:00,173.15000000000006
2024-09-16 14:00:00,173.41000000000005
2024-09-16 16:00:00,173.44000000000005
2024-09-16 17:00:00,173.41000000000005
2024-09-16 18:00:00,173.52000000000007
2024-09-16 19:00:00,173.55000000000004
2024-09-16 23:00:00,173.46000000000006
2024-09-17 13:00:00,173.46000000000006
2024-09-17 23:00:00,173.57000000000005
2024-09-18 14:00:00,173.42000000000004
2024-09-18 16:00:00,173.50000000000006
2024-09-18 17:00:00,173.53000000000006
2024-09-18 18:00:00,174.02000000000007
2024-09-18 19:00:00,173.90000000000006
2024-09-18 23:00:00,173.64000000000004
2024-09-19 13:00:00,174.09000000000006
2024-09-19 16:00:00,174.32000000000005
2024-09-19 23:00:00,174.09000000000006
2024-09-20 23:00:00,174.16000000000005
2024-09-23 17:00:00,173.96000000000006
2024-09-23 23:00:00,173.84000000000006
2024-09-24 09:00:00,173.90000000000006
2024-09-24 23:00:00,173.82000000000005
2024-09-25 13:00:00,173.69000000000005
2024-09-25 14:00:00,173.76000000000005
2024-09-25 14:38:30,173.76000000000005
2024-09-25 15:00:00,173.72000000000006
2024-09-25 17:00:00,173.76000000000005
2024-09-25 18:00:00,173.76000000000005
2024-09-25 19:00:00,173.68000000000006
2024-09-25 23:00:00,173.71000000000006
2024-09-26 13:00:00,173.82000000000005
2024-09-26 14:00:00,173.63000000000005
2024-09-26 15:00:00,173.86000000000004
2024-09-26 17:00:00,173.87000000000006
2024-09-26 18:00:00,173.94000000000005
2024-09-26 23:00:00,173.90000000000006
2024-09-27 13:00:00,173.98000000000005
2024-09-27 14:00:00,173.98000000000005
2024-09-27 23:00:00,174.29000000000005
2024-09-30 13:00:00,174.29000000000005
2024-09-30 15:00:00,174.29000000000005
2024-09-30 18:00:00,174.29000000000005
2024-09-30 19:00:00,174.29000000000005
2024-09-30 23:00:00,174.17000000000004
2024-10-01 14:00:00,174.21000000000004
2024-10-01 15:00:00,174.21000000000004
2024-10-01 16:00:00,174.21000000000004
2024-10-01 23:00:00,174.23000000000005
2024-10-02 06:00:00,174.23000000000005
2024-10-02 07:00:00,174.23000000000005
2024-10-02 10:00:00,174.23000000000005
2024-10-02 14:00:00,174.00000000000003
2024-10-02 15:00:00,174.00000000000003
2024-10-02 16:00:00,173.92000000000004
2024-10-02 23:00:00,174.16000000000003
2024-10-03 10:00:00,174.16000000000003
2024-10-03 11:00:00,174.16000000000003
2024-10-03 13:00:00,174.16000000000003
2024-10-03 14:00:00,173.80000000000004
2024-10-03 16:00:00,173.83000000000004
2024-10-03 17:00:00,173.74000000000004
2024-10-03 18:00:00,173.66000000000003
2024-10-03 23:00:00,173.61000000000004
2024-10-04 13:00:00,173.71000000000004
2024-10-04 14:00:00,173.61000000000004
2024-10-04 15:00:00,173.61000000000004
2024-10-04 16:00:00,173.65000000000003
2024-10-04 17:00:00,173.72000000000003
2024-10-04 18:00:00,173.72000000000003
2024-10-04 19:00:00,173.72000000000003
2024-10-04 23:00:00,173.55000000000004
2024-10-07 09:00:00,173.23000000000005
2024-10-07 13:00:00,173.35000000000002
2024-10-07 14:00:00,173.28000000000003
2024-10-07 15:00:00,173.23000000000005
2024-10-07 16:00:00,173.18000000000004
2024-10-07 17:00:00,173.09000000000003
2024-10-07 18:00:00,172.98000000000005
2024-10-07 19:00:00,172.88000000000002
2024-10-07 23:00:00,172.90000000000003
2024-10-08 07:00:00,172.91000000000003
2024-10-08 13:00:00,173.01000000000005
2024-10-08 14:00:00,172.96000000000004
2024-10-08 15:00:00,172.96000000000004
2024-10-08 19:00:00,172.96000000000004
2024-10-08 23:00:00,173.20000000000005
2024-10-09 11:00:00,173.32000000000005
2024-10-09 13:00:00,173.08000000000004
2024-10-09 14:00:00,173.09000000000003
2024-10-09 15:00:00,173.15000000000003
2024-10-09 16:00:00,173.09000000000003
2024-10-09 23:00:00,173.07000000000005
2024-10-10 13:00:00,173.03000000000003
2024-10-10 14:00:00,172.99000000000004
2024-10-10 16:00:00,173.00000000000003
2024-10-10 17:00:00,172.88000000000002
2024-10-10 18:00:00,172.88000000000002
2024-10-10 19:00:00,173.04000000000005
2024-10-10 23:00:00,173.08000000000004
2024-10-11 13:00:00,173.11000000000004
2024-10-11 14:00:00,173.26000000000005
2024-10-11 15:00:00,173.34000000000003
2024-10-11 16:00:00,173.31000000000003
2024-10-11 18:00:00,173.31000000000003
2024-10-11 19:00:00,173.31000000000003
2024-10-11 23:00:00,173.34000000000003
2024-10-14 12:00:00,173.25000000000003
2024-10-14 13:00:00,173.25000000000003
2024-10-14 19:00:00,173.43000000000004
2024-10-14 23:00:00,173.45000000000005
2024-10-15 13:00:00,173.50000000000003
2024-10-15 14:00:00,173.50000000000003
2024-10-15 15:00:00,173.54000000000005
2024-10-15 19:00:00,173.54000000000005
2024-10-15 23:00:00,173.34000000000003
2024-10-16 14:00:00,173.70000000000005
2024-10-16 15:00:00,173.71000000000004
2024-10-16 16:00:00,173.71000000000004
2024-10-16 17:00:00,173.71000000000004
2024-10-16 19:00:00,173.71000000000004
2024-10-16 23:00:00,173.65000000000003
2024-10-17 13:00:00,173.65000000000003
2024-10-17 14:00:00,173.30000000000004
2024-10-17 15:00:00,173.34000000000003
2024-10-17 16:00:00,173.34000000000003
2024-10-17 18:00:00,173.18000000000004
2024-10-17 19:00:00,173.37000000000003
2024-10-17 23:00:00,173.27000000000004
2024-10-18 13:00:00,173.27000000000004
2024-10-18 14:00:00,173.61000000000004
2024-10-18 15:00:00,173.61000000000004
2024-10-18 16:00:00,173.63000000000002
2024-10-18 19:00:00,173.75000000000003
2024-10-18 23:00:00,173.79000000000005
2024-10-21 13:00:00,173.53000000000003
2024-10-21 14:00:00,173.53000000000003
2024-10-21 15:00:00,173.05000000000004
2024-10-21 16:00:00,173.01000000000005
2024-10-21 19:00:00,173.13000000000002
2024-10-21 23:00:00,173.01000000000005
2024-10-22 09:00:00,173.01000000000005
2024-10-22 13:00:00,173.01000000000005
2024-10-22 14:00:00,172.73000000000005
2024-10-22 15:00:00,172.77000000000004
2024-10-22 16:00:00,172.70000000000005
2024-10-22 18:00:00,172.86000000000004
2024-10-22 19:00:00,172.88000000000002
2024-10-22 23:00:00,172.90000000000003
2024-10-23 13:00:00,172.60000000000002
2024-10-23 14:00:00,172.41000000000003
2024-10-23 15:00:00,172.49000000000004
2024-10-23 18:00:00,172.29000000000005
2024-10-23 19:00:00,172.38000000000002
2024-10-23 23:00:00,172.39000000000004
2024-10-24 13:00:00,172.60000000000002
2024-10-24 14:00:00,172.64000000000004
2024-10-24 15:00:00,172.64000000000004
2024-10-24 17:00:00,172.64000000000004
2024-10-24 19:00:00,172.78000000000003
2024-10-24 23:00:00,172.84000000000003
2024-10-25 14:00:00,173.11000000000004
2024-10-25 15:00:00,172.78000000000003
2024-10-25 16:00:00,172.70000000000005
2024-10-25 19:00:00,172.70000000000005
2024-10-25 23:00:00,172.61000000000004
2024-10-28 13:00:00,173.01000000000005
2024-10-28 14:00:00,173.01000000000005
2024-10-28 15:00:00,173.01000000000005
2024-10-28 16:00:00,172.82000000000005
2024-10-28 19:00:00,172.94000000000003
2024-10-28 23:00:00,172.95000000000005
2024-10-29 10:00:00,172.95000000000005
2024-10-29 11:00:00,172.95000000000005
2024-10-29 13:00:00,172.86000000000004
2024-10-29 15:00:00,172.61000000000004
2024-10-29 18:00:00,172.82000000000005
2024-10-29 19:00:00,172.94000000000003
2024-10-29 23:00:00,172.98000000000005
2024-10-30 13:00:00,173.00000000000003
2024-10-30 14:00:00,172.87000000000003
2024-10-30 15:00:00,172.73000000000002
2024-10-30 16:00:00,172.82000000000002
2024-10-30 18:00:00,172.82000000000002
2024-10-30 19:00:00,172.70000000000002
2024-10-30 23:00:00,172.60000000000002
2024-10-31 15:00:00,172.23000000000002
2024-10-31 16:00:00,172.13000000000002
2024-10-31 17:00:00,172.48000000000002
2024-10-31 19:00:00,172.21000000000004
2024-10-31 23:00:00,172.08
2024-11-01 13:00:00,172.73000000000002
2024-11-01 14:00:00,172.68000000000004
2024-11-01 15:00:00,172.46000000000004
2024-11-01 18:00:00,172.43000000000004
2024-11-01 19:00:00,172.24000000000004
2024-11-01 23:00:00,172.23000000000002
2024-11-04 15:00:00,172.74000000000004
2024-11-04 16:00:00,172.49000000000004
2024-11-04 17:00:00,172.57000000000002
2024-11-04 21:00:00,172.73000000000002
2024-11-04 23:00:00,172.48000000000002
2024-11-05 14:00:00,172.71000000000004
2024-11-05 15:00:00,172.68000000000004
2024-11-05 16:00:00,172.65000000000003
2024-11-05 17:00:00,172.69000000000003
2024-11-05 19:00:00,172.74000000000004
2024-11-05 23:00:00,173.07000000000002
2024-11-06 07:00:00,172.73000000000002
2024-11-06 08:00:00,173.23000000000002
2024-11-06 14:00:00,172.82000000000002
2024-11-06 15:00:00,173.08
2024-11-06 16:00:00,173.08
2024-11-06 17:00:00,173.23000000000002
2024-11-06 18:00:00,173.20000000000002
2024-11-06 19:00:00,173.22000000000003
2024-11-06 20:00:00,173.40000000000003
2024-11-06 23:00:00,173.44000000000003
2024-11-07 08:00:00,173.43000000000004
2024-11-07 14:00:00,173.69000000000003
2024-11-07 15:00:00,173.73000000000002
2024-11-07 16:00:00,173.8
2024-11-07 17:00:00,173.85000000000002
2024-11-07 19:00:00,173.95000000000002
2024-11-07 20:00:00,174.05
2024-11-07 23:00:00,174.05
2024-11-08 14:00:00,174.03000000000003
2024-11-08 15:00:00,174.23000000000002
2024-11-08 16:00:00,174.17000000000002
2024-11-08 23:00:00,174.35000000000002
2024-11-11 08:00:00,174.73000000000002
2024-11-11 15:00:00,174.11
2024-11-11 17:00:00,174.11
2024-11-11 23:00:00,174.15000000000003
2024-11-12 14:00:00,173.73000000000002
2024-11-12 15:00:00,173.73000000000002
2024-11-12 16:00:00,173.48000000000002
2024-11-12 20:00:00,173.43000000000004
2024-11-12 23:00:00,173.38000000000002
2024-11-13 13:00:00,173.33
2024-11-13 14:00:00,173.63000000000002
2024-11-13 15:00:00,173.52
2024-11-13 16:00:00,173.49000000000004
2024-11-13 23:00:00,173.37000000000003
2024-11-14 14:00:00,173.40000000000003
2024-11-14 15:00:00,173.36
2024-11-14 17:00:00,173.38000000000002
2024-11-14 20:00:00,173.23000000000002
2024-11-14 23:00:00,173.04000000000002
2024-11-15 14:00:00,172.73000000000002
2024-11-15 15:00:00,172.79000000000002
2024-11-15 16:00:00,172.84000000000003
2024-11-15 17:00:00,172.85000000000002
2024-11-15 18:00:00,172.88000000000002
2024-11-15 19:00:00,172.92000000000002
2024-11-15 20:00:00,173.13000000000002
2024-11-15 23:00:00,173.06000000000003
2024-11-18 13:00:00,172.85000000000002
2024-11-18 14:00:00,172.96000000000004
2024-11-18 15:00:00,172.98000000000002
2024-11-18 16:00:00,173.16000000000003
2024-11-18 17:00:00,173.16000000000003
2024-11-18 18:00:00,173.17000000000002
2024-11-18 20:00:00,173.20000000000002
2024-11-18 23:00:00,173.23000000000002
2024-11-19 15:00:00,173.40000000000003
2024-11-19 16:00:00,173.41000000000003
2024-11-19 19:00:00,173.53000000000003
2024-11-19 23:00:00,173.50000000000003
2024-11-20 14:00:00,173.58
2024-11-20 19:00:00,173.31000000000003
2024-11-20 23:00:00,173.38000000000002
2024-11-21 14:00:00,173.54000000000002
2024-11-21 16:00:00,173.51000000000002
2024-11-21 17:00:00,173.63000000000002
2024-11-21 18:00:00,173.58
2024-11-21 19:00:00,173.52
2024-11-21 20:00:00,173.51000000000002
2024-11-21 23:00:00,173.41000000000003
2024-11-22 14:00:00,173.56000000000003
2024-11-22 15:00:00,173.42000000000002
2024-11-22 16:00:00,173.50000000000003
2024-11-22 17:00:00,173.43000000000004
2024-11-22 18:00:00,173.45000000000002
2024-11-22 19:00:00,173.47000000000003
2024-11-22 20:00:00,173.46000000000004
2024-11-22 23:00:00,173.38000000000002
2024-11-25 14:00:00,174.00000000000003
2024-11-25 15:00:00,174.03000000000003
2024-11-25 16:00:00,173.94000000000003
2024-11-25 17:00:00,173.94000000000003
2024-11-25 18:00:00,173.99000000000004
2024-11-25 19:00:00,174.07000000000002
2024-11-25 20:00:00,174.06000000000003
2024-11-25 23:00:00,174.03000000000003
2024-11-26 14:00:00,173.82000000000002
2024-11-26 15:00:00,173.66000000000003
2024-11-26 16:00:00,173.59000000000003
2024-11-26 17:00:00,173.55
2024-11-26 18:00:00,173.54000000000002
2024-11-26 19:00:00,173.54000000000002
2024-11-26 20:00:00,173.66000000000003
2024-11-26 23:00:00,173.66000000000003
2024-11-27 14:00:00,173.90000000000003
2024-11-27 15:00:00,173.8
2024-11-27 16:00:00,173.93000000000004
2024-11-27 17:00:00,173.94000000000003
2024-11-27 19:00:00,173.94000000000003
2024-11-27 20:00:00,174.07000000000002
2024-11-27 23:00:00,174.07000000000002
2024-11-29 14:00:00,174.09000000000003
2024-11-29 15:00:00,174.09000000000003
2024-11-29 16:00:00,174.10000000000002
2024-11-29 23:00:00,174.15000000000003
2024-12-02 15:00:00,173.92000000000004
2024-12-02 16:00:00,174.08000000000004
2024-12-02 17:00:00,173.99000000000004
2024-12-02 19:00:00,173.88000000000002
2024-12-02 20:00:00,174.00000000000003
2024-12-02 23:00:00,174.11000000000004
2024-12-03 14:00:00,174.10000000000002
2024-12-03 15:00:00,173.95000000000005
2024-12-03 16:00:00,173.77000000000004
2024-12-03 18:00:00,174.05000000000004
2024-12-03 19:00:00,173.86000000000004
2024-12-03 23:00:00,173.95000000000005
2024-12-04 15:00:00,174.07000000000002
2024-12-04 18:00:00,174.20000000000005
2024-12-04 19:00:00,174.27000000000004
2024-12-04 20:00:00,174.17000000000004
2024-12-04 23:00:00,174.28000000000003
2024-12-05 15:00:00,174.07000000000002
2024-12-05 16:00:00,174.12000000000003
2024-12-05 19:00:00,174.16000000000003
2024-12-05 20:00:00,174.19000000000003
2024-12-05 23:00:00,174.19000000000003
2024-12-06 13:00:00,174.21000000000004
2024-12-06 14:00:00,174.60000000000002
2024-12-06 15:00:00,174.52000000000004
2024-12-06 16:00:00,174.32000000000002
2024-12-06 17:00:00,174.43000000000004
2024-12-06 18:00:00,174.49000000000004
2024-12-06 19:00:00,174.28000000000003
2024-12-06 23:00:00,174.34000000000003
2024-12-09 14:00:00,174.40000000000003
2024-12-09 16:00:00,174.15000000000003
2024-12-09 17:00:00,174.14000000000004
2024-12-09 20:00:00,174.14000000000004
2024-12-09 23:00:00,174.19000000000003
2024-12-10 16:00:00,174.08000000000004
2024-12-10 17:00:00,174.12000000000003
2024-12-10 18:00:00,174.12000000000003
2024-12-10 20:00:00,174.21000000000004
2024-12-10 23:00:00,174.21000000000004
2024-12-11 14:00:00,174.39000000000004
2024-12-11 15:00:00,174.34000000000003
2024-12-11 16:00:00,174.40000000000003
2024-12-11 17:00:00,174.39000000000004
2024-12-11 20:00:00,174.27000000000004
2024-12-11 23:00:00,174.22000000000003
2024-12-12 15:00:00,174.02000000000004
2024-12-12 16:00:00,173.98000000000005
2024-12-12 18:00:00,173.93000000000004
2024-12-12 19:00:00,173.87000000000003
2024-12-12 23:00:00,173.83000000000004
2024-12-13 14:00:00,173.73000000000005
2024-12-13 16:00:00,173.62000000000003
2024-12-13 17:00:00,173.41000000000003
2024-12-13 18:00:00,173.35000000000002
2024-12-13 19:00:00,173.39000000000004
2024-12-13 20:00:00,173.33000000000004
2024-12-13 23:00:00,173.35000000000002
2024-12-16 15:00:00,173.46000000000004
2024-12-16 23:00:00,173.55000000000004
2024-12-17 14:00:00,173.38000000000002
2024-12-17 17:00:00,173.36000000000004
2024-12-17 18:00:00,173.36000000000004
2024-12-17 19:00:00,173.33000000000004
2024-12-17 23:00:00,173.27000000000004
2024-12-18 13:00:00,173.33000000000004
2024-12-18 16:00:00,173.12000000000003
2024-12-18 17:00:00,173.07000000000002
2024-12-18 19:00:00,172.15000000000003
2024-12-18 20:00:00,172.09000000000003
2024-12-18 23:00:00,171.43000000000004
2024-12-19 14:00:00,171.70000000000005
2024-12-19 15:00:00,171.39000000000004
2024-12-19 16:00:00,171.54000000000002
2024-12-19 17:00:00,171.57000000000002
2024-12-19 19:00:00,171.61000000000004
2024-12-19 20:00:00,171.38000000000002
2024-12-19 23:00:00,171.27000000000004
2024-12-20 14:00:00,171.73000000000005
2024-12-20 15:00:00,172.02000000000004
2024-12-20 16:00:00,172.20000000000005
2024-12-20 17:00:00,172.20000000000005
2024-12-20 18:00:00,172.09000000000003
2024-12-20 19:00:00,172.15000000000003
2024-12-20 20:00:00,172.13000000000002
2024-12-20 23:00:00,172.23000000000005
2024-12-23 14:00:00,171.95000000000005
2024-12-23 15:00:00,171.86000000000004
2024-12-23 17:00:00,171.88000000000002
2024-12-23 19:00:00,171.76000000000005
2024-12-23 20:00:00,171.74000000000004
2024-12-23 23:00:00,171.76000000000005
2024-12-24 15:00:00,171.95000000000005
2024-12-24 16:00:00,171.98000000000005
2024-12-24 23:00:00,172.25000000000003
2024-12-26 15:00:00,172.02000000000004
2024-12-26 16:00:00,172.27000000000004
2024-12-26 17:00:00,172.19000000000003
2024-12-26 18:00:00,172.42000000000004
2024-12-26 20:00:00,172.46000000000004
2024-12-26 23:00:00,172.62000000000003
2024-12-27 14:00:00,172.54000000000002
2024-12-27 15:00:00,172.50000000000003
2024-12-27 17:00:00,172.18000000000004
2024-12-27 18:00:00,172.28000000000003
2024-12-27 19:00:00,172.22000000000003
2024-12-27 20:00:00,172.22000000000003
2024-12-27 23:00:00,172.31000000000003
2024-12-30 14:00:00,172.19000000000003
2024-12-30 15:00:00,172.19000000000003
2024-12-30 15:18:30,172.19000000000003
2024-12-30 23:00:00,172.29000000000002
2024-12-31 15:00:00,171.62
2024-12-31 20:00:00,171.62
2024-12-31 23:00:00,172.23000000000002
2025-01-02 08:00:00,172.23000000000002
2025-01-02 16:00:00,172.23000000000002
2025-01-02 18:00:00,172.23000000000002
2025-01-02 19:00:00,172.23000000000002
2025-01-02 20:00:00,172.23000000000002
2025-01-02 23:00:00,172.54000000000002
2025-01-03 14:00:00,172.54000000000002
2025-01-03 15:00:00,172.67000000000002
2025-01-03 16:00:00,172.70000000000002
2025-01-03 17:00:00,172.70000000000002
2025-01-03 18:00:00,172.70000000000002
2025-01-03 19:00:00,172.86
2025-01-03 20:00:00,172.86
2025-01-03 23:00:00,172.89000000000001
2025-01-06 14:00:00,172.89000000000001
2025-01-06 15:00:00,173.03000000000003
2025-01-06 16:00:00,173.24
2025-01-06 17:00:00,173.24
2025-01-06 18:00:00,173.10000000000002
2025-01-06 19:00:00,173.15
2025-01-06 20:00:00,173.15
2025-01-06 23:00:00,173.14000000000001
2025-01-07 14:00:00,173.29000000000002
2025-01-07 15:00:00,172.62
2025-01-07 16:00:00,172.66000000000003
2025-01-07 17:00:00,172.62
2025-01-07 18:00:00,172.70000000000002
2025-01-07 19:00:00,172.63000000000002
2025-01-07 20:00:00,172.55
2025-01-07 23:00:00,172.59000000000003
2025-01-08 11:00:00,172.59000000000003
2025-01-08 14:00:00,172.49
2025-01-08 15:00:00,172.53000000000003
2025-01-08 16:00:00,172.53000000000003
2025-01-08 18:00:00,172.53000000000003
2025-01-08 19:00:00,172.53000000000003
2025-01-08 20:00:00,172.65
2025-01-08 23:00:00,172.69000000000003
2025-01-09 23:00:00,172.69000000000003
2025-01-10 11:00:00,172.69000000000003
2025-01-10 13:00:00,172.69000000000003
2025-01-10 14:00:00,172.20000000000002
2025-01-10 15:00:00,172.12
2025-01-10 16:00:00,171.99
2025-01-10 17:00:00,171.99
2025-01-10 18:00:00,172.03000000000003
2025-01-10 19:00:00,172.00000000000003
2025-01-10 20:00:00,171.79000000000002
2025-01-10 23:00:00,171.83
2025-01-13 09:00:00,171.83
2025-01-13 11:00:00,171.83
2025-01-13 12:00:00,171.83
2025-01-13 14:00:00,171.66000000000003
2025-01-13 15:00:00,171.55
2025-01-13 16:00:00,171.46
2025-01-13 17:00:00,171.49
2025-01-13 18:00:00,171.67000000000002
2025-01-13 19:00:00,171.58
2025-01-13 20:00:00,171.64000000000001
2025-01-13 23:00:00,171.73000000000002
2025-01-14 14:00:00,171.73000000000002
2025-01-14 15:00:00,171.92000000000002
2025-01-14 16:00:00,171.85000000000002
2025-01-14 17:00:00,171.89000000000001
2025-01-14 18:00:00,172.03000000000003
2025-01-14 19:00:00,171.93
2025-01-14 20:00:00,171.93
2025-01-14 21:00:00,171.93
2025-01-14 23:00:00,171.94000000000003
2025-01-15 07:00:00,171.94000000000003
2025-01-15 13:00:00,171.94000000000003
2025-01-15 14:00:00,171.94000000000003
2025-01-15 15:00:00,172.98000000000002
2025-01-15 16:00:00,172.91000000000003
2025-01-15 17:00:00,172.91000000000003
2025-01-15 18:00:00,172.91000000000003
2025-01-15 19:00:00,173.20000000000002
2025-01-15 20:00:00,173.29000000000002
2025-01-15 23:00:00,173.31000000000003
2025-01-16 12:00:00,173.31000000000003
2025-01-16 14:00:00,173.31000000000003
2025-01-16 15:00:00,173.14000000000001
2025-01-16 16:00:00,173.46
2025-01-16 17:00:00,173.46
2025-01-16 18:00:00,173.27
2025-01-16 19:00:00,173.45000000000002
2025-01-16 20:00:00,173.55
2025-01-16 23:00:00,173.49
2025-01-17 14:00:00,173.57000000000002
2025-01-17 15:00:00,173.66000000000003
2025-01-17 16:00:00,173.76000000000002
2025-01-17 17:00:00,173.74
2025-01-17 18:00:00,173.70000000000002
2025-01-17 19:00:00,173.76000000000002
2025-01-17 20:00:00,173.60000000000002
2025-01-17 23:00:00,173.66000000000003
2025-01-21 14:00:00,174.00000000000003
2025-01-21 15:00:00,173.96
2025-01-21 16:00:00,174.10000000000002
2025-01-21 17:00:00,174.10000000000002
2025-01-21 19:00:00,174.10000000000002
2025-01-21 20:00:00,174.01000000000002
2025-01-21 23:00:00,174.06000000000003
2025-01-22 16:00:00,174.06000000000003
2025-01-22 19:00:00,173.86
2025-01-22 20:00:00,173.86
2025-01-22 23:00:00,173.78000000000003
2025-01-23 14:00:00,173.78000000000003
2025-01-23 17:00:00,173.78000000000003
2025-01-23 23:00:00,174.04000000000002
2025-01-24 14:00:00,174.03000000000003
2025-01-24 15:00:00,174.03000000000003
2025-01-24 17:00:00,174.03000000000003
2025-01-24 19:00:00,174.03000000000003
2025-01-24 23:00:00,174.15
2025-01-27 10:00:00,174.15
2025-01-27 13:00:00,174.15
2025-01-27 15:00:00,174.15
2025-01-27 20:00:00,174.15
2025-01-27 23:00:00,174.29000000000002
2025-01-28 14:00:00,174.29000000000002
2025-01-28 15:00:00,174.29000000000002
2025-01-28 17:00:00,174.08
2025-01-28 23:00:00,174.15
2025-01-29 14:00:00,174.15
2025-01-29 15:00:00,174.15
2025-01-29 17:00:00,174.15
2025-01-29 18:00:00,174.08
2025-01-29 19:00:00,174.08
2025-01-29 23:00:00,174.06000000000003
2025-01-30 14:00:00,174.06000000000003
2025-01-30 15:00:00,174.06000000000003
2025-01-30 16:00:00,174.06000000000003
2025-01-30 19:00:00,174.06000000000003
2025-01-30 20:00:00,174.36
2025-01-30 23:00:00,174.4
2025-01-31 14:00:00,174.53
2025-01-31 15:00:00,174.51000000000002
2025-01-31 16:00:00,174.47
2025-01-31 17:00:00,174.61
2025-01-31 19:00:00,174.28
2025-01-31 20:00:00,174.06
2025-01-31 23:00:00,174.14000000000001
2025-02-03 08:00:00,173.63000000000002
2025-02-03 09:00:00,173.63000000000002
2025-02-03 11:00:00,173.61
2025-02-03 12:00:00,173.44
2025-02-03 13:00:00,173.37
2025-02-03 14:00:00,173.71
2025-02-03 15:00:00,173.94
2025-02-03 16:00:00,173.88000000000002
2025-02-03 17:00:00,173.93
2025-02-03 19:00:00,173.87
2025-02-03 20:00:00,173.89000000000001
2025-02-03 23:00:00,173.84
2025-02-04 09:00:00,173.84
2025-02-04 14:00:00,173.88000000000002
2025-02-04 15:00:00,174.04000000000002
2025-02-04 16:00:00,174.11
2025-02-04 18:00:00,174.15
2025-02-04 20:00:00,174.23000000000002
2025-02-04 23:00:00,174.21
2025-02-05 14:00:00,174.44
2025-02-05 15:00:00,174.61
2025-02-05 17:00:00,174.61
2025-02-05 23:00:00,174.70000000000002
2025-02-06 14:00:00,174.56
2025-02-06 15:00:00,174.59
2025-02-06 16:00:00,174.54000000000002
2025-02-06 17:00:00,174.54000000000002
2025-02-06 18:00:00,174.55
2025-02-06 19:00:00,174.52
2025-02-06 20:00:00,174.5
2025-02-06 23:00:00,174.55
2025-02-07 01:00:00,173.87
2025-02-07 14:00:00,174.37
2025-02-07 15:00:00,174.27
2025-02-07 16:00:00,174.17000000000002
2025-02-07 18:00:00,174.05
2025-02-07 20:00:00,173.96
2025-02-07 23:00:00,173.99
2025-02-10 14:00:00,174.29000000000002
2025-02-10 15:00:00,174.3
2025-02-10 16:00:00,174.32000000000002
2025-02-10 17:00:00,174.36
2025-02-10 18:00:00,174.36
2025-02-10 20:00:00,174.25
2025-02-10 23:00:00,174.3
2025-02-11 14:00:00,174.07000000000002
2025-02-11 15:00:00,174.09
2025-02-11 16:00:00,174.10000000000002
2025-02-11 17:00:00,174.04000000000002
2025-02-11 18:00:00,174.13000000000002
2025-02-11 19:00:00,174.10000000000002
2025-02-11 20:00:00,174.09
2025-02-11 23:00:00,174.11
2025-02-12 13:00:00,173.87
2025-02-12 14:00:00,173.51000000000002
2025-02-12 15:00:00,173.67000000000002
2025-02-12 16:00:00,173.62
2025-02-12 17:00:00,173.73000000000002
2025-02-12 18:00:00,173.78
2025-02-12 19:00:00,173.72
2025-02-12 20:00:00,173.78
2025-02-12 23:00:00,173.76000000000002
2025-02-13 11:00:00,173.87
2025-02-13 13:00:00,173.85000000000002
2025-02-13 15:00:00,173.85000000000002
2025-02-13 16:00:00,174.11
2025-02-13 17:00:00,174.18
2025-02-13 19:00:00,174.25
2025-02-13 23:00:00,174.4
2025-02-14 09:00:00,174.37
2025-02-14 15:00:00,174.82000000000002
2025-02-14 16:00:00,174.82000000000002
2025-02-14 17:00:00,174.70000000000002
2025-02-14 20:00:00,174.56
2025-02-14 23:00:00,174.54000000000002
2025-02-18 14:00:00,174.54000000000002
2025-02-18 15:00:00,174.52
2025-02-18 16:00:00,174.49
2025-02-18 17:00:00,174.35000000000002
2025-02-18 18:00:00,174.32000000000002
2025-02-18 19:00:00,174.26000000000002
2025-02-18 23:00:00,174.37
2025-02-19 14:00:00,174.27
2025-02-19 15:00:00,174.20000000000002
2025-02-19 16:00:00,174.19
2025-02-19 17:00:00,174.19
2025-02-19 19:00:00,174.32000000000002
2025-02-19 20:00:00,174.34
2025-02-19 23:00:00,174.47
2025-02-20 15:00:00,174.4
2025-02-20 16:00:00,174.39000000000001
2025-02-20 17:00:00,174.45000000000002
2025-02-20 18:00:00,174.47
2025-02-20 19:00:00,174.49
2025-02-20 20:00:00,174.52
2025-02-20 23:00:00,174.59
2025-02-21 15:00:00,174.58
2025-02-21 16:00:00,174.64000000000001
2025-02-21 17:00:00,174.63000000000002
2025-02-21 18:00:00,174.46
2025-02-21 19:00:00,174.4
2025-02-21 20:00:00,174.3
2025-02-21 23:00:00,174.27
2025-02-24 12:00:00,174.27
2025-02-24 14:00:00,174.27
2025-02-24 15:00:00,174.35000000000002
2025-02-24 16:00:00,174.44
2025-02-24 17:00:00,174.53
2025-02-24 18:00:00,174.58
2025-02-24 20:00:00,174.49
2025-02-24 23:00:00,174.46
2025-02-25 10:00:00,174.46
2025-02-25 14:00:00,174.74
2025-02-25 16:00:00,174.64000000000001
2025-02-25 17:00:00,174.73000000000002
2025-02-25 18:00:00,174.8
2025-02-25 20:00:00,174.72
2025-02-25 23:00:00,174.82000000000002
2025-02-26 08:00:00,174.87
2025-02-26 13:00:00,174.83
2025-02-26 14:00:00,174.92000000000002
2025-02-26 15:00:00,175.02
2025-02-26 17:00:00,175.05
2025-02-26 18:00:00,174.96
2025-02-26 19:00:00,174.97
2025-02-26 20:00:00,175.09
2025-02-26 23:00:00,174.98000000000002
2025-02-27 14:00:00,174.92000000000002
2025-02-27 15:00:00,175.07
2025-02-27 16:00:00,175.05
2025-02-27 17:00:00,175.1
2025-02-27 18:00:00,175.04
2025-02-27 19:00:00,174.99
2025-02-27 20:00:00,174.84
2025-02-27 23:00:00,174.83
2025-02-28 16:00:00,174.82
2025-02-28 20:00:00,175.21
2025-02-28 23:00:00,175.22
2025-03-03 14:00:00,175.03
2025-03-03 15:00:00,175.23
2025-03-03 16:00:00,174.9
2025-03-03 17:00:00,174.94
2025-03-03 18:00:00,174.81
2025-03-03 19:00:00,174.83
2025-03-03 20:00:00,174.62
2025-03-03 23:00:00,174.61
2025-03-04 09:00:00,174.5
2025-03-04 13:00:00,174.52
2025-03-04 14:00:00,174.27
2025-03-04 15:00:00,174.22
2025-03-04 15:40:30,174.22
2025-03-04 17:00:00,174.53
2025-03-04 20:00:00,174.61
2025-03-04 21:00:00,174.81
2025-03-04 23:00:00,174.61
2025-03-05 08:00:00,174.56
2025-03-05 10:00:00,174.78
2025-03-05 13:00:00,174.46
2025-03-05 14:00:00,174.46
2025-03-05 15:00:00,174.53
2025-03-05 16:00:00,174.37
2025-03-05 18:00:00,174.57
2025-03-05 23:00:00,174.56
2025-03-06 08:00:00,174.11
2025-03-06 09:00:00,174.06
2025-03-06 10:00:00,173.56
2025-03-06 11:00:00,173.49
2025-03-06 14:00:00,174.21
2025-03-06 15:00:00,174.24
2025-03-06 17:00:00,174.02
2025-03-06 18:00:00,174.06
2025-03-06 19:00:00,173.93
2025-03-06 20:00:00,173.93
2025-03-06 23:00:00,173.97
2025-03-07 14:00:00,174.01
2025-03-07 15:00:00,174.07
2025-03-07 16:00:00,174.24
2025-03-07 17:00:00,174.26
2025-03-07 18:00:00,174.17000000000002
2025-03-07 19:00:00,174.22
2025-03-07 20:00:00,174.26
2025-03-07 23:00:00,174.26
2025-03-10 13:00:00,173.88
2025-03-10 14:00:00,173.9
2025-03-10 15:00:00,174.06
2025-03-10 17:00:00,173.76
2025-03-10 18:00:00,173.74
2025-03-10 19:00:00,173.59
2025-03-10 23:00:00,173.64000000000001
2025-03-11 10:00:00,173.38
2025-03-11 13:00:00,173.78
2025-03-11 14:00:00,173.42000000000002
2025-03-11 15:00:00,173.48
2025-03-11 16:00:00,173.06
2025-03-11 17:00:00,172.79
2025-03-11 18:00:00,173.06
2025-03-11 19:00:00,172.97
2025-03-11 23:00:00,172.73
2025-03-12 09:00:00,172.71
2025-03-12 13:00:00,172.89000000000001
2025-03-12 14:00:00,172.76
2025-03-12 15:00:00,172.94
2025-03-12 16:00:00,173.01
2025-03-12 17:00:00,173.07
2025-03-12 18:00:00,173.02
2025-03-12 19:00:00,172.87
2025-03-12 23:00:00,172.93
2025-03-13 13:00:00,172.56
2025-03-13 14:00:00,172.54
2025-03-13 15:00:00,171.99
2025-03-13 16:00:00,171.94
2025-03-13 17:00:00,171.87
2025-03-13 18:00:00,172.01
2025-03-13 19:00:00,171.86
2025-03-13 23:00:00,171.96
2025-03-14 12:00:00,172.09
2025-03-14 13:00:00,172.46
2025-03-14 14:00:00,172.21
2025-03-14 15:00:00,172.57
2025-03-14 16:00:00,172.78
2025-03-14 17:00:00,172.71
2025-03-14 18:00:00,172.68
2025-03-14 19:00:00,172.7
2025-03-14 23:00:00,172.76
2025-03-16 22:00:00,171.56
2025-03-17 09:00:00,172.34
2025-03-17 10:00:00,172.34
2025-03-17 13:00:00,172.79
2025-03-17 14:00:00,172.76
2025-03-17 15:00:00,172.86
2025-03-17 16:00:00,172.8
2025-03-17 18:00:00,173.13
2025-03-17 23:00:00,172.99
2025-03-18 13:00:00,172.78
2025-03-18 14:00:00,172.97
2025-03-18 15:00:00,173.16
2025-03-18 16:00:00,173.24
2025-03-18 17:00:00,173.12
2025-03-18 18:00:00,173.09
2025-03-18 19:00:00,173.05
2025-03-18 23:00:00,173.11
2025-03-19 13:00:00,173.19
2025-03-19 14:00:00,173.25
2025-03-19 15:00:00,173.33
2025-03-19 16:00:00,173.5
2025-03-19 17:00:00,173.4
2025-03-19 18:00:00,174.01
2025-03-19 19:00:00,174.07
2025-03-19 23:00:00,173.84
2025-03-20 12:00:00,174.31
2025-03-20 14:00:00,174.14000000000001
2025-03-20 15:00:00,174.06
2025-03-20 16:00:00,174.0
2025-03-20 17:00:00,173.82
2025-03-20 18:00:00,173.85
2025-03-20 19:00:00,173.97
2025-03-20 23:00:00,173.88
2025-03-21 13:00:00,173.56
2025-03-21 14:00:00,173.55
2025-03-21 15:00:00,173.62
2025-03-21 16:00:00,173.78
2025-03-21 17:00:00,173.85
2025-03-21 18:00:00,173.83
2025-03-21 19:00:00,173.75
2025-03-21 23:00:00,173.81
2025-03-24 10:00:00,173.95
2025-03-24 13:00:00,174.03
2025-03-24 14:00:00,174.09
2025-03-24 15:00:00,174.15
2025-03-24 16:00:00,174.17000000000002
2025-03-24 17:00:00,174.15
2025-03-24 18:00:00,174.23
2025-03-24 19:00:00,174.21
2025-03-24 23:00:00,174.27
2025-03-25 13:00:00,174.4
2025-03-25 14:00:00,174.34
2025-03-25 15:00:00,174.3
2025-03-25 16:00:00,174.29
2025-03-25 17:00:00,174.18
2025-03-25 18:00:00,174.14000000000001
2025-03-25 19:00:00,174.07
2025-03-25 23:00:00,174.02
2025-03-26 13:00:00,173.89000000000001
2025-03-26 14:00:00,173.7
2025-03-26 15:00:00,173.41
2025-03-26 16:00:00,173.11
2025-03-26 17:00:00,173.0
2025-03-26 18:00:00,173.15
2025-03-26 19:00:00,173.36
2025-03-26 23:00:00,173.31
2025-03-27 13:00:00,173.13
2025-03-27 14:00:00,173.17000000000002
2025-03-27 15:00:00,172.95
2025-03-27 16:00:00,172.89000000000001
2025-03-27 17:00:00,172.84
2025-03-27 18:00:00,172.9
2025-03-27 19:00:00,172.92000000000002
2025-03-27 23:00:00,172.94
2025-03-28 12:00:00,172.79
2025-03-28 13:00:00,172.79
2025-03-28 14:00:00,172.5
2025-03-28 15:00:00,172.44
2025-03-28 16:00:00,172.34
2025-03-28 17:00:00,172.43
2025-03-28 18:00:00,172.46
2025-03-28 19:00:00,172.57
2025-03-28 23:00:00,172.59
2025-03-31 11:00:00,172.06
2025-03-31 13:00:00,172.04
2025-03-31 14:00:00,172.3
2025-03-31 15:00:00,172.41
2025-03-31 16:00:00,172.41
2025-03-31 17:00:00,172.25
2025-03-31 18:00:00,172.4
2025-03-31 19:00:00,172.67000000000002
2025-03-31 23:00:00,172.66
2025-04-01 14:00:00,172.74
2025-04-01 15:00:00,173.06
2025-04-01 16:00:00,173.07
2025-04-01 17:00:00,173.02
2025-04-01 18:00:00,173.0
2025-04-01 19:00:00,172.97
2025-04-01 22:00:00,173.06
2025-04-01 23:00:00,173.12
2025-04-02 12:00:00,172.68
2025-04-02 13:00:00,173.23
2025-04-02 14:00:00,173.19
2025-04-02 15:00:00,173.19
2025-04-02 16:00:00,173.19
2025-04-02 17:00:00,173.36
2025-04-02 18:00:00,173.22
2025-04-02 19:00:00,173.12
2025-04-02 20:00:00,172.91
2025-04-02 23:00:00,173.4
2025-04-03 13:00:00,171.96
2025-04-03 14:00:00,171.17000000000002
2025-04-03 15:00:00,171.44
2025-04-03 16:00:00,171.71
2025-04-03 17:00:00,171.68
2025-04-03 18:00:00,171.54
2025-04-03 19:00:00,171.24
2025-04-03 23:00:00,171.34
2025-04-04 09:00:00,171.22
2025-04-04 10:00:00,171.79
2025-04-04 11:00:00,169.56
2025-04-04 12:00:00,171.09
2025-04-04 13:00:00,169.55
2025-04-04 14:00:00,168.42000000000002
2025-04-04 15:00:00,168.82
2025-04-04 16:00:00,168.5
2025-04-04 17:00:00,169.06
2025-04-04 18:00:00,168.46
2025-04-04 19:00:00,168.74
2025-04-04 23:00:00,168.96
2025-04-06 22:00:00,168.56
2025-04-07 13:00:00,167.24
2025-04-07 14:00:00,168.43
2025-04-07 15:00:00,167.19
2025-04-07 16:00:00,166.83
2025-04-07 17:00:00,167.56
2025-04-07 18:00:00,167.28
2025-04-07 19:00:00,167.26
2025-04-07 23:00:00,167.14000000000001
2025-04-08 06:00:00,167.56
2025-04-08 07:00:00,167.49
2025-04-08 08:00:00,167.01
2025-04-08 09:00:00,167.23
2025-04-08 10:00:00,166.85
2025-04-08 12:00:00,168.59
2025-04-08 13:00:00,168.94
2025-04-08 14:00:00,168.97
2025-04-08 15:00:00,168.9
2025-04-08 16:00:00,168.01
2025-04-08 17:00:00,167.55
2025-04-08 18:00:00,167.66
2025-04-08 19:00:00,166.59
2025-04-08 23:00:00,166.22
2025-04-09 05:00:00,166.06
2025-04-09 11:00:00,165.47
2025-04-09 12:00:00,165.37
2025-04-09 13:00:00,166.01
2025-04-09 14:00:00,166.11
2025-04-09 15:00:00,165.67000000000002
2025-04-09 16:00:00,165.98
2025-04-09 17:00:00,167.99
2025-04-09 18:00:00,169.55
2025-04-09 19:00:00,170.87
2025-04-09 20:00:00,169.06
2025-04-09 23:00:00,170.86
2025-04-10 08:00:00,169.65
2025-04-10 12:00:00,169.66
2025-04-10 13:00:00,169.14000000000001
2025-04-10 14:00:00,168.61
2025-04-10 15:00:00,168.05
2025-04-10 16:00:00,167.88
2025-04-10 17:00:00,168.36
2025-04-10 18:00:00,168.65
2025-04-10 19:00:00,167.81
2025-04-10 23:00:00,167.81
2025-04-11 13:00:00,167.8
2025-04-11 14:00:00,167.46
2025-04-11 15:00:00,167.7
2025-04-11 16:00:00,168.56
2025-04-11 17:00:00,169.34
2025-04-11 18:00:00,168.82
2025-04-11 23:00:00,168.69
2025-04-14 13:00:00,169.69
2025-04-14 14:00:00,169.58
2025-04-14 15:00:00,169.17000000000002
2025-04-14 16:00:00,169.46
2025-04-14 17:00:00,169.56
2025-04-14 18:00:00,169.68
2025-04-14 19:00:00,169.53
2025-04-14 23:00:00,169.5
2025-04-15 08:00:00,169.53
2025-04-15 13:00:00,170.13
2025-04-15 14:00:00,169.99
2025-04-15 17:00:00,169.9
2025-04-15 19:00:00,169.97
2025-04-15 23:00:00,169.91
2025-04-16 09:00:00,169.39000000000001
2025-04-16 10:00:00,169.03
2025-04-16 13:00:00,169.71
2025-04-16 14:00:00,169.88
2025-04-16 15:00:00,169.98
2025-04-16 16:00:00,170.12
2025-04-16 18:00:00,169.69
2025-04-16 19:00:00,170.01
2025-04-16 23:00:00,169.95
2025-04-17 13:00:00,170.56
2025-04-17 14:00:00,170.42000000000002
2025-04-17 19:00:00,170.59
2025-04-17 23:00:00,170.72
2025-04-21 07:00:00,170.61
2025-04-21 13:00:00,169.96
2025-04-21 14:00:00,169.62
2025-04-21 15:00:00,169.51
2025-04-21 17:00:00,169.51
2025-04-21 19:00:00,169.68
2025-04-21 23:00:00,169.71
2025-04-22 13:00:00,170.56
2025-04-22 14:00:00,170.45
2025-04-22 15:00:00,170.48
2025-04-22 16:00:00,170.57
2025-04-22 17:00:00,170.21
2025-04-22 18:00:00,170.21
2025-04-22 19:00:00,170.35
2025-04-22 23:00:00,170.38
2025-04-23 08:00:00,171.06
2025-04-23 10:00:00,171.06
2025-04-23 11:00:00,171.56
2025-04-23 13:00:00,172.23
2025-04-23 14:00:00,172.08
2025-04-23 15:00:00,171.83
2025-04-23 17:00:00,171.42000000000002
2025-04-23 19:00:00,171.31
2025-04-23 23:00:00,171.32
2025-04-24 06:00:00,172.3
2025-04-24 13:00:00,171.84
2025-04-24 14:00:00,171.92000000000002
2025-04-24 16:00:00,172.2
2025-04-24 18:00:00,172.39000000000001
2025-04-24 19:00:00,172.58
2025-04-24 23:00:00,172.55
2025-04-25 13:00:00,172.53
2025-04-25 14:00:00,172.59
2025-04-25 16:00:00,172.88
2025-04-25 17:00:00,172.56
2025-04-25 18:00:00,172.87
2025-04-25 19:00:00,172.97
2025-04-25 23:00:00,172.97
2025-04-28 13:00:00,172.96
2025-04-28 14:00:00,173.01
2025-04-28 15:00:00,172.7
2025-04-28 16:00:00,172.57
2025-04-28 17:00:00,172.7
2025-04-28 18:00:00,172.82
2025-04-28 19:00:00,172.93
2025-04-28 23:00:00,172.84
2025-04-29 13:00:00,172.79
2025-04-29 14:00:00,172.64000000000001
2025-04-29 16:00:00,172.86
2025-04-29 17:00:00,173.02
2025-04-29 18:00:00,173.02
2025-04-29 19:00:00,173.18
2025-04-29 23:00:00,173.28
2025-04-30 13:00:00,172.49
2025-04-30 14:00:00,172.3
2025-04-30 15:00:00,172.58
2025-04-30 16:00:00,172.23
2025-04-30 17:00:00,172.38
2025-04-30 19:00:00,172.51
2025-04-30 23:00:00,172.44
2025-05-01 13:00:00,172.81
2025-05-01 14:00:00,172.68
2025-05-01 15:00:00,172.51
2025-05-01 16:00:00,172.65
2025-05-01 17:00:00,172.72
2025-05-01 18:00:00,172.64000000000001
2025-05-01 19:00:00,172.73
2025-05-01 23:00:00,172.53
2025-05-02 13:00:00,172.96
2025-05-02 14:00:00,172.97
2025-05-02 15:00:00,172.88
2025-05-02 16:00:00,172.95
2025-05-02 17:00:00,173.01
2025-05-02 18:00:00,173.06
2025-05-02 19:00:00,173.09
2025-05-02 23:00:00,173.02
2025-05-05 10:00:00,172.56
2025-05-05 14:00:00,173.01
2025-05-05 15:00:00,173.16
2025-05-05 19:00:00,172.99
2025-05-05 23:00:00,172.94
2025-05-06 11:00:00,172.94
2025-05-06 13:00:00,172.72
2025-05-06 14:00:00,172.86
2025-05-06 16:00:00,172.71
2025-05-06 23:00:00,172.75
2025-05-07 11:00:00,173.09
2025-05-07 13:00:00,173.09
2025-05-07 14:00:00,173.03
2025-05-07 15:00:00,172.88
2025-05-07 16:00:00,173.07
2025-05-07 17:00:00,173.07
2025-05-07 18:00:00,172.91
2025-05-07 19:00:00,172.9
2025-05-07 23:00:00,172.93
2025-05-08 14:00:00,172.97
2025-05-08 15:00:00,173.07
2025-05-08 16:00:00,173.41
2025-05-08 18:00:00,173.17000000000002
2025-05-08 19:00:00,172.89000000000001
2025-05-08 23:00:00,172.91
2025-05-09 13:00:00,173.12
2025-05-09 14:00:00,173.23
2025-05-09 15:00:00,173.11
2025-05-09 16:00:00,173.03
2025-05-09 17:00:00,173.07
2025-05-09 18:00:00,173.06
2025-05-09 19:00:00,172.95
2025-05-09 23:00:00,172.94
2025-05-12 11:00:00,174.24
2025-05-12 13:00:00,174.11
2025-05-12 14:00:00,174.23
2025-05-12 15:00:00,174.31
2025-05-12 16:00:00,174.56
2025-05-12 17:00:00,174.62
2025-05-12 18:00:00,174.76
2025-05-12 19:00:00,174.67000000000002
2025-05-12 23:00:00,174.75
2025-05-13 13:00:00,174.69
2025-05-13 14:00:00,174.86
2025-05-13 15:00:00,174.86
2025-05-13 16:00:00,174.95
2025-05-13 17:00:00,175.02
2025-05-13 18:00:00,174.86
2025-05-13 19:00:00,174.87
2025-05-13 23:00:00,174.78
2025-05-14 07:00:00,174.87
2025-05-14 13:00:00,174.83
2025-05-14 15:00:00,174.6
2025-05-14 16:00:00,174.5
2025-05-14 17:00:00,174.48
2025-05-14 18:00:00,174.51
2025-05-14 19:00:00,174.35
2025-05-14 23:00:00,174.31
2025-05-15 12:00:00,174.31
2025-05-15 13:00:00,174.31
2025-05-15 14:00:00,174.09
2025-05-15 15:00:00,174.32
2025-05-15 16:00:00,174.41
2025-05-15 17:00:00,174.41
2025-05-15 18:00:00,174.48
2025-05-15 19:00:00,174.49
2025-05-15 23:00:00,174.57
2025-05-16 13:00:00,174.7
2025-05-16 14:00:00,174.48
2025-05-16 15:00:00,174.47
2025-05-16 16:00:00,174.47
2025-05-16 18:00:00,174.55
2025-05-16 19:00:00,174.65
2025-05-16 20:00:00,173.83
2025-05-16 23:00:00,174.66
2025-05-19 13:00:00,174.27
2025-05-19 14:00:00,174.4
2025-05-19 15:00:00,174.34
2025-05-19 16:00:00,174.4
2025-05-19 17:00:00,174.48
2025-05-19 18:00:00,174.48
2025-05-19 23:00:00,174.56
2025-05-20 12:00:00,174.11
2025-05-20 13:00:00,174.11
2025-05-20 14:00:00,174.43
2025-05-20 15:00:00,174.45
2025-05-20 16:00:00,174.47
2025-05-20 17:00:00,174.55
2025-05-20 18:00:00,174.39000000000001
2025-05-20 19:00:00,174.47
2025-05-20 20:00:00,174.24
2025-05-20 23:00:00,174.49
2025-05-21 12:00:00,173.94
2025-05-21 14:00:00,173.94
2025-05-21 15:00:00,174.17000000000002
2025-05-21 17:00:00,173.71
2025-05-21 18:00:00,173.64000000000001
2025-05-21 19:00:00,173.51
2025-05-21 23:00:00,173.37
2025-05-22 09:00:00,173.47
2025-05-22 11:00:00,173.5
2025-05-22 12:00:00,173.32
2025-05-22 13:00:00,173.17000000000002
2025-05-22 14:00:00,173.21
2025-05-22 15:00:00,173.54
2025-05-22 16:00:00,173.63
2025-05-22 17:00:00,173.74
2025-05-22 18:00:00,173.78
2025-05-22 19:00:00,173.68
2025-05-22 23:00:00,173.59
2025-05-23 11:00:00,173.3
2025-05-23 13:00:00,173.34
2025-05-23 14:00:00,173.24
2025-05-23 15:00:00,173.37
2025-05-23 16:00:00,173.33
2025-05-23 17:00:00,173.53
2025-05-23 18:00:00,173.53
2025-05-23 19:00:00,173.59
2025-05-23 23:00:00,173.58
2025-05-26 12:00:00,173.58
2025-05-26 13:00:00,173.58
2025-05-27 08:00:00,174.44
2025-05-27 12:00:00,174.11
2025-05-27 13:00:00,174.17000000000002
2025-05-27 14:00:00,174.32
2025-05-27 15:00:00,174.3
2025-05-27 16:00:00,174.41
2025-05-27 17:00:00,174.54
2025-05-27 19:00:00,174.59
2025-05-27 23:00:00,174.62
2025-05-28 11:00:00,174.41
2025-05-28 13:00:00,174.41
2025-05-28 14:00:00,174.37
2025-05-28 15:00:00,174.27
2025-05-28 16:00:00,174.3
2025-05-28 17:00:00,174.46
2025-05-28 18:00:00,174.52
2025-05-28 19:00:00,174.51
2025-05-28 23:00:00,174.52
2025-05-29 06:00:00,174.52
2025-05-29 08:00:00,174.91
2025-05-29 12:00:00,174.77
2025-05-29 13:00:00,174.71
2025-05-29 14:00:00,174.72
2025-05-29 15:00:00,174.65
2025-05-29 16:00:00,174.73
2025-05-29 17:00:00,174.73
2025-05-29 18:00:00,174.62
2025-05-29 19:00:00,174.7
2025-05-29 23:00:00,174.69
2025-05-30 13:00:00,174.65
2025-05-30 14:00:00,174.61
2025-05-30 15:00:00,174.69000000000003
2025-05-30 16:00:00,174.46
2025-05-30 17:00:00,174.62
2025-05-30 18:00:00,174.68
2025-05-30 19:00:00,174.91000000000003
2025-05-30 23:00:00,174.8
2025-06-02 09:00:00,174.47000000000003
2025-06-02 12:00:00,174.44000000000003
2025-06-02 12:50:30,174.44000000000003
2025-06-02 13:00:00,174.56
2025-06-02 14:00:00,174.59
2025-06-02 15:00:00,174.60000000000002
2025-06-02 16:00:00,174.59
2025-06-02 17:00:00,174.59
2025-06-02 18:00:00,174.72000000000003
2025-06-02 19:00:00,174.66000000000003
2025-06-02 23:00:00,174.68
2025-06-03 13:00:00,174.76000000000002
2025-06-03 14:00:00,174.84
2025-06-03 15:00:00,174.87
2025-06-03 16:00:00,174.92000000000002
2025-06-03 17:00:00,174.9
2025-06-03 18:00:00,174.97000000000003
2025-06-03 19:00:00,174.96
2025-06-03 23:00:00,174.98000000000002
2025-06-04 12:00:00,175.02
2025-06-04 13:00:00,175.34
2025-06-04 14:00:00,175.12
2025-06-04 15:00:00,175.10000000000002
2025-06-04 16:00:00,175.19000000000003
2025-06-04 17:00:00,175.22000000000003
2025-06-04 18:00:00,175.25000000000003
2025-06-04 19:00:00,175.25000000000003
2025-06-04 20:00:00,175.42000000000002
2025-06-04 23:00:00,175.23000000000002
2025-06-05 09:00:00,175.12
2025-06-05 12:00:00,175.42000000000002
2025-06-05 13:00:00,175.14000000000001
2025-06-05 14:00:00,175.24
2025-06-05 15:00:00,175.12
2025-06-05 16:00:00,174.99
2025-06-05 17:00:00,175.08
2025-06-05 18:00:00,175.03000000000003
2025-06-05 19:00:00,174.92000000000002
2025-06-05 23:00:00,174.88000000000002
2025-06-06 13:00:00,174.91000000000003
2025-06-06 14:00:00,174.9
2025-06-06 15:00:00,174.78000000000003
2025-06-06 16:00:00,174.78000000000003
2025-06-06 17:00:00,174.89000000000001
2025-06-06 18:00:00,174.86
2025-06-06 19:00:00,174.83
2025-06-06 23:00:00,174.79000000000002
2025-06-09 13:00:00,175.00000000000003
2025-06-09 14:00:00,174.89000000000001
2025-06-09 15:00:00,174.91000000000003
2025-06-09 16:00:00,174.97000000000003
2025-06-09 19:00:00,175.01000000000002
2025-06-09 23:00:00,174.99
2025-06-10 11:00:00,174.99
2025-06-10 12:00:00,175.02
2025-06-10 13:00:00,175.04000000000002
2025-06-10 14:00:00,174.98000000000002
2025-06-10 15:00:00,175.03000000000003
2025-06-10 16:00:00,175.16000000000003
2025-06-10 17:00:00,175.17000000000002
2025-06-10 19:00:00,175.36
2025-06-10 23:00:00,175.33
2025-06-11 12:00:00,175.62
2025-06-11 13:00:00,175.54000000000002
2025-06-11 14:00:00,175.47000000000003
2025-06-11 15:00:00,175.53000000000003
2025-06-11 16:00:00,175.51000000000002
2025-06-11 18:00:00,175.49
2025-06-11 19:00:00,175.48000000000002
2025-06-11 23:00:00,175.33
2025-06-12 12:00:00,175.33
2025-06-12 13:00:00,175.31
2025-06-12 15:00:00,175.35000000000002
2025-06-12 17:00:00,175.36
2025-06-12 18:00:00,175.3
2025-06-12 19:00:00,175.43
2025-06-12 23:00:00,175.44000000000003
2025-06-13 08:00:00,174.97000000000003
2025-06-13 09:00:00,174.92000000000002
2025-06-13 13:00:00,175.05
2025-06-13 14:00:00,174.99
2025-06-13 15:00:00,175.04000000000002
2025-06-13 16:00:00,174.98000000000002
2025-06-13 17:00:00,174.96
2025-06-13 18:00:00,174.91000000000003
2025-06-13 19:00:00,174.79000000000002
2025-06-13 23:00:00,174.91000000000003
2025-06-16 07:00:00,174.87
2025-06-16 13:00:00,175.3
2025-06-16 14:00:00,175.37
2025-06-16 15:00:00,175.31
2025-06-16 16:00:00,175.24
2025-06-16 17:00:00,175.23000000000002
2025-06-16 18:00:00,175.3
2025-06-16 19:00:00,175.29000000000002
2025-06-16 23:00:00,175.31
2025-06-17 14:00:00,175.25000000000003
2025-06-17 15:00:00,175.12
2025-06-17 16:00:00,175.03000000000003
2025-06-17 17:00:00,174.94000000000003
2025-06-17 18:00:00,175.01000000000002
2025-06-17 19:00:00,174.98000000000002
2025-06-17 23:00:00,174.99
2025-06-18 14:00:00,175.27
2025-06-18 15:00:00,175.3
2025-06-18 16:00:00,175.35000000000002
2025-06-18 17:00:00,175.26000000000002
2025-06-18 18:00:00,175.23000000000002
2025-06-18 23:00:00,175.27
2025-06-20 00:00:00,174.89000000000001
2025-06-20 11:00:00,175.25000000000003
2025-06-20 13:00:00,175.33
2025-06-20 14:00:00,175.38000000000002
2025-06-20 15:00:00,175.53000000000003
2025-06-20 16:00:00,175.58
2025-06-20 17:00:00,175.62
2025-06-20 18:00:00,175.63000000000002
2025-06-20 19:00:00,175.8
2025-06-20 20:00:00,175.33
2025-06-20 23:00:00,175.72000000000003
2025-06-23 13:00:00,175.81
2025-06-23 14:00:00,175.91000000000003
2025-06-23 15:00:00,175.92000000000002
2025-06-23 16:00:00,175.83
2025-06-23 17:00:00,175.87
2025-06-23 19:00:00,176.01000000000002
2025-06-23 23:00:00,175.98000000000002
2025-06-24 13:00:00,175.98000000000002
2025-06-24 14:00:00,176.37
2025-06-24 15:00:00,176.37
2025-06-24 16:00:00,176.45000000000002
2025-06-24 17:00:00,176.38000000000002
2025-06-24 18:00:00,176.52
2025-06-24 19:00:00,176.53000000000003
2025-06-24 23:00:00,176.45000000000002
2025-06-25 13:00:00,176.45000000000002
2025-06-25 14:00:00,176.39000000000001
2025-06-25 15:00:00,176.39000000000001
2025-06-25 17:00:00,176.4
2025-06-25 19:00:00,176.48000000000002
2025-06-25 23:00:00,176.48000000000002
2025-06-26 13:00:00,176.67000000000002
2025-06-26 14:00:00,176.70000000000002
2025-06-26 15:00:00,176.82000000000002
2025-06-26 16:00:00,176.91000000000003
2025-06-26 17:00:00,176.95000000000002
2025-06-26 18:00:00,176.96
2025-06-26 19:00:00,176.96
2025-06-26 23:00:00,176.95000000000002
2025-06-27 13:00:00,176.99
2025-06-27 14:00:00,176.97000000000003
2025-06-27 16:00:00,177.01000000000002
2025-06-27 18:00:00,176.78000000000003
2025-06-27 19:00:00,176.81
2025-06-27 23:00:00,176.78000000000003
2025-06-30 07:00:00,177.01000000000002
2025-06-30 14:00:00,177.19000000000003
2025-06-30 16:00:00,177.3
2025-06-30 17:00:00,177.37
2025-06-30 18:00:00,177.44000000000003
2025-06-30 19:00:00,177.45000000000002
2025-06-30 23:00:00,177.41000000000003
2025-07-01 12:00:00,177.37
2025-07-01 14:00:00,177.35000000000002
2025-07-01 15:00:00,177.29000000000002
2025-07-01 16:00:00,177.31
2025-07-01 17:00:00,177.39000000000001
2025-07-01 19:00:00,177.36
2025-07-01 23:00:00,177.32000000000002
2025-07-02 08:00:00,177.36
2025-07-02 12:00:00,177.3
2025-07-02 14:00:00,177.21
2025-07-02 15:00:00,177.4
2025-07-02 16:00:00,177.31
2025-07-02 17:00:00,177.38000000000002
2025-07-02 18:00:00,177.36
2025-07-02 19:00:00,177.50000000000003
2025-07-02 23:00:00,177.49
2025-07-03 07:00:00,177.68
2025-07-03 12:00:00,177.49
2025-07-03 13:00:00,177.49
2025-07-03 14:00:00,177.52
2025-07-03 15:00:00,177.56
2025-07-03 16:00:00,177.59
2025-07-03 23:00:00,177.57500000000002
2025-07-07 09:00:00,177.50000000000003
2025-07-07 13:00:00,177.32000000000002
2025-07-07 14:00:00,177.29000000000002
2025-07-07 15:00:00,177.12
2025-07-07 16:00:00,177.00000000000003
2025-07-07 17:00:00,177.09
2025-07-07 18:00:00,176.99
2025-07-07 19:00:00,176.99
2025-07-07 20:00:00,177.57000000000002
2025-07-07 23:00:00,177.01000000000002
2025-07-08 11:00:00,177.01000000000002
2025-07-08 13:00:00,176.89000000000001
2025-07-08 14:00:00,176.87
2025-07-08 15:00:00,176.85000000000002
2025-07-08 16:00:00,176.79000000000002
2025-07-08 18:00:00,176.72000000000003
2025-07-08 23:00:00,176.71
2025-07-09 13:00:00,177.10000000000002
2025-07-09 14:00:00,176.96
2025-07-09 15:00:00,176.94000000000003
2025-07-09 17:00:00,177.06
2025-07-09 18:00:00,177.17000000000002
2025-07-09 19:00:00,177.20000000000002
2025-07-09 23:00:00,177.18
2025-07-10 13:00:00,177.06
2025-07-10 14:00:00,177.09
2025-07-10 15:00:00,177.09
2025-07-10 16:00:00,177.07000000000002
2025-07-10 17:00:00,177.17000000000002
2025-07-10 18:00:00,177.20000000000002
2025-07-10 19:00:00,177.11
2025-07-10 23:00:00,177.08
2025-07-11 12:00:00,177.08
2025-07-11 13:00:00,176.63000000000002
2025-07-11 14:00:00,176.64000000000001
2025-07-11 15:00:00,176.61
2025-07-11 16:00:00,176.56
2025-07-11 17:00:00,176.58
2025-07-11 18:00:00,176.72000000000003
2025-07-11 19:00:00,176.70000000000002
2025-07-11 23:00:00,176.68
2025-07-14 06:00:00,176.48000000000002
2025-07-14 11:00:00,176.57000000000002
2025-07-14 13:00:00,176.71
2025-07-14 14:00:00,176.70000000000002
2025-07-14 15:00:00,176.75000000000003
2025-07-14 16:00:00,176.73000000000002
2025-07-14 18:00:00,176.82000000000002
2025-07-14 19:00:00,176.83
2025-07-14 23:00:00,176.81
2025-07-15 14:00:00,176.56
2025-07-15 15:00:00,176.56
2025-07-15 16:00:00,176.42000000000002
2025-07-15 17:00:00,176.42000000000002
2025-07-15 18:00:00,176.47000000000003
2025-07-15 19:00:00,176.41000000000003
2025-07-15 23:00:00,176.35000000000002
2025-07-16 12:00:00,176.42000000000002
2025-07-16 13:00:00,176.44000000000003
2025-07-16 14:00:00,176.44000000000003
2025-07-16 15:00:00,176.36
2025-07-16 16:00:00,176.45000000000002
2025-07-16 18:00:00,176.59
2025-07-16 19:00:00,176.74
2025-07-16 23:00:00,176.70000000000002
2025-07-17 13:00:00,176.87
2025-07-17 14:00:00,176.92000000000002
2025-07-17 15:00:00,176.88000000000002
2025-07-17 16:00:00,176.87
2025-07-17 17:00:00,176.84
2025-07-17 19:00:00,176.81
2025-07-17 23:00:00,176.83
2025-07-18 13:00:00,177.02
2025-07-18 14:00:00,176.95000000000002
2025-07-18 15:00:00,176.97000000000003
2025-07-18 19:00:00,177.00000000000003
2025-07-18 23:00:00,177.02
2025-07-21 14:00:00,177.41000000000003
2025-07-21 15:00:00,177.39000000000001
2025-07-21 16:00:00,177.41000000000003
2025-07-21 17:00:00,177.42000000000002
2025-07-21 18:00:00,177.37
2025-07-21 19:00:00,177.36
2025-07-21 23:00:00,177.23000000000002
2025-07-22 14:00:00,177.43
2025-07-22 15:00:00,177.4
2025-07-22 16:00:00,177.4
2025-07-22 18:00:00,177.46
2025-07-22 19:00:00,177.52
2025-07-22 23:00:00,177.63000000000002
2025-07-23 13:00:00,177.52
2025-07-23 14:00:00,177.52
2025-07-23 15:00:00,177.63000000000002
2025-07-23 16:00:00,177.59
2025-07-23 17:00:00,177.67000000000002
2025-07-23 23:00:00,177.67000000000002
2025-07-24 13:00:00,177.32000000000002
2025-07-24 14:00:00,177.52
2025-07-24 15:00:00,177.47000000000003
2025-07-24 16:00:00,177.48000000000002
2025-07-24 19:00:00,177.51000000000002
2025-07-24 23:00:00,177.49
2025-07-25 13:00:00,177.43
2025-07-25 14:00:00,177.45000000000002
2025-07-25 15:00:00,177.51000000000002
2025-07-25 16:00:00,177.66000000000003
2025-07-25 17:00:00,177.66000000000003
2025-07-25 19:00:00,177.52
2025-07-25 23:00:00,177.49
2025-07-28 13:00:00,177.38000000000002
2025-07-28 14:00:00,177.44000000000003
2025-07-28 15:00:00,177.48000000000002
2025-07-28 17:00:00,177.48000000000002
2025-07-28 18:00:00,177.45000000000002
2025-07-28 19:00:00,177.42000000000002
2025-07-28 23:00:00,177.45000000000002
2025-07-29 13:00:00,177.48000000000002
2025-07-29 14:00:00,177.45000000000002
2025-07-29 15:00:00,177.47000000000003
2025-07-29 17:00:00,177.53000000000003
2025-07-29 19:00:00,177.45000000000002
2025-07-29 23:00:00,177.50000000000003
2025-07-30 13:00:00,177.21
2025-07-30 14:00:00,177.24
2025-07-30 15:00:00,177.16000000000003
2025-07-30 18:00:00,177.34
2025-07-30 23:00:00,177.15
2025-07-31 13:00:00,177.26000000000002
2025-07-31 14:00:00,177.27
2025-07-31 15:00:00,177.33
2025-07-31 16:00:00,177.41000000000003
2025-07-31 17:00:00,177.26000000000002
2025-07-31 19:00:00,177.25000000000003
2025-07-31 23:00:00,177.23000000000002
2025-08-01 12:00:00,177.23000000000002
2025-08-01 13:00:00,177.01000000000002
2025-08-01 14:00:00,177.05
2025-08-01 15:00:00,177.18
2025-08-01 16:00:00,177.12
2025-08-01 18:00:00,176.94000000000003
2025-08-01 19:00:00,177.06
2025-08-01 23:00:00,177.07000000000002
2025-08-04 12:00:00,177.26000000000002
2025-08-04 13:00:00,177.41000000000003
2025-08-04 14:00:00,177.42000000000002
2025-08-04 15:00:00,177.52
2025-08-04 17:00:00,177.58
2025-08-04 19:00:00,177.68
2025-08-04 23:00:00,177.73000000000002
2025-08-05 14:00:00,177.41000000000003
2025-08-05 15:00:00,177.42000000000002
2025-08-05 16:00:00,177.42000000000002
2025-08-05 17:00:00,177.56
2025-08-05 18:00:00,177.57000000000002
2025-08-05 19:00:00,177.61
2025-08-05 23:00:00,177.58
2025-08-06 13:00:00,177.58
2025-08-06 14:00:00,177.59
2025-08-06 15:00:00,177.55
2025-08-06 16:00:00,177.60000000000002
2025-08-06 17:00:00,177.58
2025-08-06 18:00:00,177.67000000000002
2025-08-06 19:00:00,177.77
2025-08-06 23:00:00,177.74
2025-08-07 08:00:00,177.74
2025-08-07 13:00:00,177.87
2025-08-07 14:00:00,177.67000000000002
2025-08-07 15:00:00,177.62
2025-08-07 17:00:00,177.57000000000002
2025-08-07 18:00:00,177.55
2025-08-07 19:00:00,177.56
2025-08-07 23:00:00,177.60000000000002
2025-08-08 13:00:00,177.43
2025-08-08 14:00:00,177.48000000000002
2025-08-08 15:00:00,177.44000000000003
2025-08-08 16:00:00,177.49
2025-08-08 17:00:00,177.50000000000003
2025-08-08 18:00:00,177.53000000000003
2025-08-08 19:00:00,177.51000000000002
2025-08-08 23:00:00,177.48000000000002
2025-08-11 13:00:00,177.4
2025-08-11 14:00:00,177.55
2025-08-11 15:00:00,177.60000000000002
2025-08-11 16:00:00,177.60000000000002
2025-08-11 17:00:00,177.52
2025-08-11 18:00:00,177.54000000000002
2025-08-11 19:00:00,177.54000000000002
2025-08-11 23:00:00,177.55
2025-08-12 12:00:00,177.55
2025-08-12 13:00:00,177.57000000000002
2025-08-12 14:00:00,177.63000000000002
2025-08-12 15:00:00,177.69000000000003
2025-08-12 18:00:00,177.78000000000003
2025-08-12 19:00:00,177.88000000000002
2025-08-12 23:00:00,177.82000000000002
2025-08-13 07:00:00,177.82000000000002
2025-08-13 13:00:00,178.14000000000001
2025-08-13 14:00:00,178.25000000000003
2025-08-13 15:00:00,178.28000000000003
2025-08-13 16:00:00,178.22000000000003
2025-08-13 17:00:00,178.22000000000003
2025-08-13 18:00:00,178.18
2025-08-13 19:00:00,178.3
2025-08-13 23:00:00,178.28000000000003
2025-08-14 13:00:00,177.92000000000002
2025-08-14 14:00:00,177.9
2025-08-14 15:00:00,177.78000000000003
2025-08-14 16:00:00,177.75000000000003
2025-08-14 17:00:00,177.75000000000003
2025-08-14 18:00:00,177.89000000000001
2025-08-14 19:00:00,177.86
2025-08-14 23:00:00,177.85000000000002
2025-08-15 08:00:00,177.88000000000002
2025-08-15 13:00:00,177.84
2025-08-15 14:00:00,177.75000000000003
2025-08-15 15:00:00,177.82000000000002
2025-08-15 16:00:00,177.77
2025-08-15 17:00:00,177.8
2025-08-15 18:00:00,177.79000000000002
2025-08-15 19:00:00,177.85000000000002
2025-08-15 23:00:00,177.84
2025-08-18 07:00:00,177.92000000000002
2025-08-18 08:00:00,177.93
2025-08-18 13:00:00,177.93
2025-08-18 14:00:00,177.86
2025-08-18 15:00:00,177.86
2025-08-18 16:00:00,177.92000000000002
2025-08-18 17:00:00,177.84
2025-08-18 18:00:00,177.84
2025-08-18 19:00:00,177.76000000000002
2025-08-18 23:00:00,177.76000000000002
2025-08-19 12:00:00,177.95000000000002
2025-08-19 13:00:00,177.82000000000002
2025-08-19 14:00:00,177.89000000000001
2025-08-19 15:00:00,177.78000000000003
2025-08-19 16:00:00,177.75000000000003
2025-08-19 17:00:00,177.72000000000003
2025-08-19 18:00:00,177.75000000000003
2025-08-19 19:00:00,177.77
2025-08-19 23:00:00,177.79000000000002
2025-08-20 13:00:00,177.69000000000003
2025-08-20 14:00:00,177.60000000000002
2025-08-20 15:00:00,177.71
2025-08-20 16:00:00,177.76000000000002
2025-08-20 17:00:00,177.70000000000002
2025-08-20 18:00:00,177.68
2025-08-20 19:00:00,177.70000000000002
2025-08-20 23:00:00,177.64000000000001
2025-08-21 11:00:00,177.54000000000002
2025-08-21 13:00:00,177.36
2025-08-21 14:00:00,177.46
2025-08-21 15:00:00,177.37
2025-08-21 16:00:00,177.38000000000002
2025-08-21 17:00:00,177.42000000000002
2025-08-21 18:00:00,177.44000000000003
2025-08-21 19:00:00,177.37
2025-08-21 23:00:00,177.39000000000001
2025-08-22 13:00:00,177.70000000000002
2025-08-22 14:00:00,178.43
2025-08-22 15:00:00,178.38000000000002
2025-08-22 16:00:00,178.36
2025-08-22 17:00:00,178.48000000000002
2025-08-22 18:00:00,178.43
2025-08-22 19:00:00,178.53000000000003
2025-08-22 23:00:00,178.60000000000002
2025-08-25 13:00:00,178.38000000000002
2025-08-25 14:00:00,178.38000000000002
2025-08-25 15:00:00,178.4
2025-08-25 16:00:00,178.47000000000003
2025-08-25 17:00:00,178.45000000000002
2025-08-25 18:00:00,178.42000000000002
2025-08-25 19:00:00,178.35000000000002
2025-08-25 23:00:00,178.32000000000002
2025-08-26 12:00:00,178.33
2025-08-26 13:00:00,178.41000000000003
2025-08-26 14:00:00,178.38000000000002
2025-08-26 15:00:00,178.51000000000002
2025-08-26 16:00:00,178.56
2025-08-26 17:00:00,178.61
2025-08-26 18:00:00,178.56
2025-08-26 19:00:00,178.71
2025-08-26 23:00:00,178.70000000000002
2025-08-27 08:00:00,178.71
2025-08-27 11:00:00,178.54000000000002
2025-08-27 13:00:00,178.65
2025-08-27 14:00:00,178.63000000000002
2025-08-27 15:00:00,178.67000000000002
2025-08-27 17:00:00,178.78000000000003
2025-08-27 18:00:00,178.78000000000003
2025-08-27 19:00:00,178.83
2025-08-27 23:00:00,178.86
2025-08-28 12:00:00,178.73000000000002
2025-08-28 13:00:00,178.70000000000002
2025-08-28 14:00:00,178.8
2025-08-28 15:00:00,178.79000000000002
2025-08-28 16:00:00,178.79000000000002
2025-08-28 18:00:00,178.81
2025-08-28 23:00:00,178.85000000000002
2025-08-29 11:00:00,178.73000000000002
2025-08-29 13:00:00,178.73000000000002
2025-08-29 14:00:00,178.79000000000002
2025-08-29 15:00:00,178.79000000000002
2025-08-29 16:00:00,178.75
2025-08-29 19:00:00,178.65
2025-08-29 23:00:00,178.69
2025-09-01 14:00:00,178.68
2025-09-02 07:00:00,178.36
2025-09-02 12:00:00,177.94
2025-09-02 13:00:00,178.08
2025-09-02 14:00:00,178.08
2025-09-02 15:00:00,178.09
2025-09-02 16:00:00,178.08
2025-09-02 17:00:00,178.08
2025-09-02 18:00:00,178.08
2025-09-02 19:00:00,178.27
2025-09-02 23:00:00,178.29000000000002
2025-09-03 13:00:00,178.34
2025-09-03 14:00:00,178.66
2025-09-03 15:00:00,178.62
2025-09-03 16:00:00,178.63000000000002
2025-09-03 17:00:00,178.63000000000002
2025-09-03 18:00:00,178.60000000000002
2025-09-03 19:00:00,178.70000000000002
2025-09-03 23:00:00,178.74
2025-09-04 13:00:00,178.74
2025-09-04 14:00:00,178.8
2025-09-04 15:00:00,178.9
2025-09-04 16:00:00,178.9
2025-09-04 17:00:00,178.89000000000001
2025-09-04 18:00:00,178.9
2025-09-04 19:00:00,179.13000000000002
2025-09-04 23:00:00,179.14000000000001
2025-09-05 13:00:00,179.75
2025-09-05 14:00:00,179.53
2025-09-05 15:00:00,179.31
2025-09-05 16:00:00,179.31
2025-09-05 17:00:00,179.17000000000002
2025-09-05 18:00:00,179.18
2025-09-05 19:00:00,179.17000000000002
2025-09-05 23:00:00,179.24
2025-09-08 13:00:00,179.42000000000002
2025-09-08 14:00:00,179.39000000000001
2025-09-08 15:00:00,179.44
2025-09-08 16:00:00,179.33
2025-09-08 17:00:00,179.3
2025-09-08 19:00:00,179.34
2025-09-08 23:00:00,179.31
2025-09-09 13:00:00,179.09
2025-09-09 14:00:00,178.94
2025-09-09 15:00:00,178.86
2025-09-09 16:00:00,178.92000000000002
2025-09-09 17:00:00,178.92000000000002
2025-09-09 18:00:00,179.0
2025-09-09 19:00:00,179.03
2025-09-09 23:00:00,179.04000000000002
2025-09-10 13:00:00,179.29000000000002
2025-09-10 14:00:00,179.29000000000002
2025-09-10 15:00:00,179.26000000000002
2025-09-10 16:00:00,179.27
2025-09-10 17:00:00,179.27
2025-09-10 18:00:00,179.24
2025-09-10 19:00:00,179.18
2025-09-10 23:00:00,179.18
2025-09-11 13:00:00,179.44
2025-09-11 14:00:00,179.64000000000001
2025-09-11 15:00:00,179.66
2025-09-11 16:00:00,179.60000000000002
2025-09-11 17:00:00,179.57000000000002
2025-09-11 18:00:00,179.52
2025-09-11 19:00:00,179.55
2025-09-11 23:00:00,179.55
2025-09-12 07:00:00,179.49
2025-09-12 13:00:00,179.41
2025-09-12 14:00:00,179.36
2025-09-12 15:00:00,179.35000000000002
2025-09-12 16:00:00,179.34
2025-09-12 17:00:00,179.3
2025-09-12 18:00:00,179.38000000000002
2025-09-12 19:00:00,179.34
2025-09-12 23:00:00,179.31
2025-09-15 08:00:00,179.31
2025-09-15 13:00:00,179.56
2025-09-15 14:00:00,179.67000000000002
2025-09-15 15:00:00,179.67000000000002
2025-09-15 16:00:00,179.67000000000002
2025-09-15 19:00:00,179.78
2025-09-15 23:00:00,179.8
2025-09-16 13:00:00,179.75
2025-09-16 14:00:00,179.67000000000002
2025-09-16 15:00:00,179.62
2025-09-16 17:00:00,179.68
2025-09-16 18:00:00,179.66
2025-09-16 19:00:00,179.65
2025-09-16 23:00:00,179.62
2025-09-17 08:00:00,179.52
2025-09-17 14:00:00,179.65
2025-09-17 15:00:00,179.57000000000002
2025-09-17 16:00:00,179.55
2025-09-17 17:00:00,179.49
2025-09-17 18:00:00,179.34
2025-09-17 19:00:00,179.46
2025-09-17 23:00:00,179.45000000000002
2025-09-18 13:00:00,179.56
2025-09-18 14:00:00,179.59
2025-09-18 15:00:00,179.63000000000002
2025-09-18 16:00:00,179.81
2025-09-18 17:00:00,179.84
2025-09-18 18:00:00,179.82000000000002
2025-09-18 19:00:00,179.8
2025-09-18 23:00:00,179.8
2025-09-19 14:00:00,179.81
2025-09-19 15:00:00,179.75
2025-09-19 16:00:00,179.74
2025-09-19 18:00:00,179.67000000000002
2025-09-19 19:00:00,179.63000000000002
2025-09-19 20:00:00,179.65
2025-09-19 23:00:00,179.68
2025-09-22 10:00:00,179.62
2025-09-22 13:00:00,179.69
2025-09-22 14:00:00,179.76000000000002
2025-09-22 15:00:00,179.77
2025-09-22 16:00:00,179.83
2025-09-22 23:00:00,179.87
2025-09-23 13:00:00,179.91
2025-09-23 14:00:00,179.89000000000001
2025-09-23 15:00:00,179.9
2025-09-23 16:00:00,179.87
2025-09-23 17:00:00,179.8
2025-09-23 18:00:00,179.77
2025-09-23 19:00:00,179.71
2025-09-23 23:00:00,179.72
2025-09-24 10:00:00,179.72
2025-09-24 13:00:00,179.67000000000002
2025-09-24 14:00:00,179.68
2025-09-24 15:00:00,179.57000000000002
2025-09-24 16:00:00,179.51000000000002
2025-09-24 17:00:00,179.51000000000002
2025-09-24 18:00:00,179.52
2025-09-24 19:00:00,179.52
2025-09-24 23:00:00,179.52
2025-09-25 12:00:00,179.27
2025-09-25 13:00:00,179.0
2025-09-25 14:00:00,179.0
2025-09-25 15:00:00,179.10000000000002
2025-09-25 16:00:00,179.13000000000002
2025-09-25 17:00:00,179.09
2025-09-25 18:00:00,179.01000000000002
2025-09-25 19:00:00,179.07000000000002
2025-09-25 23:00:00,179.06
2025-09-26 07:00:00,178.92000000000002
2025-09-26 08:00:00,178.97
2025-09-26 11:00:00,178.85000000000002
2025-09-26 13:00:00,179.14000000000001
2025-09-26 14:00:00,179.09
2025-09-26 15:00:00,179.15
2025-09-26 16:00:00,179.15
2025-09-26 17:00:00,179.25
2025-09-26 18:00:00,179.17000000000002
2025-09-26 19:00:00,179.26000000000002
2025-09-26 23:00:00,179.27
2025-09-29 13:00:00,179.49
2025-09-29 14:00:00,179.49
2025-09-29 15:00:00,179.47
2025-09-29 16:00:00,179.49
2025-09-29 19:00:00,179.59
2025-09-29 23:00:00,179.61
2025-09-30 14:00:00,179.46
2025-09-30 15:00:00,179.45000000000002
2025-09-30 16:00:00,179.37
2025-09-30 17:00:00,179.32000000000002
2025-09-30 18:00:00,179.39000000000001
2025-09-30 19:00:00,179.55
2025-09-30 23:00:00,179.49
2025-10-01 14:00:00,179.48000000000002
2025-10-01 15:00:00,179.58
2025-10-01 16:00:00,179.56
2025-10-01 17:00:00,179.60000000000002
2025-10-01 18:00:00,179.73000000000002
2025-10-01 19:00:00,179.8
2025-10-01 23:00:00,179.77
2025-10-02 08:00:00,179.76000000000002
2025-10-02 10:00:00,179.76000000000002
2025-10-02 11:00:00,179.76000000000002
2025-10-02 13:00:00,179.63000000000002
2025-10-02 14:00:00,179.58
2025-10-02 15:00:00,179.56
2025-10-02 16:00:00,179.66
2025-10-02 17:00:00,179.68
2025-10-02 19:00:00,179.74
2025-10-02 23:00:00,179.72
2025-10-03 14:00:00,179.52
2025-10-03 15:00:00,179.56
2025-10-03 16:00:00,179.59
2025-10-03 17:00:00,179.49
2025-10-03 18:00:00,179.53
2025-10-03 19:00:00,179.55
2025-10-03 23:00:00,179.46
2025-10-06 12:00:00,179.45000000000002
2025-10-06 13:00:00,179.45000000000002
2025-10-06 14:00:00,179.61
2025-10-06 15:00:00,179.55
2025-10-06 16:00:00,179.56
2025-10-06 18:00:00,179.54000000000002
2025-10-06 19:00:00,179.51000000000002
2025-10-06 23:00:00,179.52
2025-10-07 11:00:00,179.36
2025-10-07 13:00:00,179.55
2025-10-07 14:00:00,179.51000000000002
2025-10-07 15:00:00,179.45000000000002
2025-10-07 16:00:00,179.49
2025-10-07 17:00:00,179.48000000000002
2025-10-07 18:00:00,179.44
2025-10-07 19:00:00,179.42000000000002
2025-10-07 23:00:00,179.43
2025-10-08 13:00:00,179.4
2025-10-08 14:00:00,179.46
2025-10-08 15:00:00,179.44
2025-10-08 16:00:00,179.45000000000002
2025-10-08 17:00:00,179.45000000000002
2025-10-08 18:00:00,179.16
2025-10-08 19:00:00,179.09
2025-10-08 23:00:00,179.11
2025-10-09 07:00:00,179.11
2025-10-09 09:00:00,178.98000000000002
2025-10-09 10:00:00,179.02
2025-10-09 13:00:00,178.72
2025-10-09 14:00:00,178.53
2025-10-09 15:00:00,178.47
2025-10-09 17:00:00,178.37
2025-10-09 18:00:00,178.45000000000002
2025-10-09 19:00:00,178.55
2025-10-09 20:00:00,178.64000000000001
2025-10-09 23:00:00,178.55
2025-10-10 10:00:00,178.51000000000002
2025-10-10 13:00:00,178.48000000000002
2025-10-10 14:00:00,178.06
2025-10-10 15:00:00,177.71
2025-10-10 16:00:00,177.63000000000002
2025-10-10 18:00:00,177.70000000000002
2025-10-10 19:00:00,177.49
2025-10-10 23:00:00,177.43
2025-10-13 08:00:00,177.83
2025-10-13 11:00:00,177.79000000000002
2025-10-13 13:00:00,177.97
2025-10-13 14:00:00,177.95000000000002
2025-10-13 15:00:00,178.05
2025-10-13 16:00:00,178.05
2025-10-13 17:00:00,178.28
2025-10-13 19:00:00,178.4
2025-10-13 23:00:00,178.4
2025-10-14 07:00:00,177.75
2025-10-14 08:00:00,177.75
2025-10-14 09:00:00,177.89000000000001
2025-10-14 10:00:00,178.04000000000002
2025-10-14 11:00:00,177.86
2025-10-14 12:00:00,177.73000000000002
2025-10-14 13:00:00,177.97
2025-10-14 14:00:00,177.99
2025-10-14 15:00:00,178.42000000000002
2025-10-14 16:00:00,178.65
2025-10-14 17:00:00,178.69
2025-10-14 18:00:00,178.78
2025-10-14 19:00:00,178.75
2025-10-14 20:00:00,178.81
2025-10-14 23:00:00,178.81
2025-10-15 06:00:00,178.81
2025-10-15 07:00:00,178.97
2025-10-15 09:00:00,178.97
2025-10-15 10:00:00,179.10000000000002
2025-10-15 12:00:00,179.10000000000002
2025-10-15 13:00:00,179.10000000000002
2025-10-15 14:00:00,179.22
2025-10-15 15:00:00,179.06
2025-10-15 16:00:00,179.03
2025-10-15 18:00:00,179.21
2025-10-15 19:00:00,179.26000000000002
2025-10-15 23:00:00,179.26000000000002
2025-10-16 07:00:00,179.46
2025-10-16 08:00:00,179.42000000000002
2025-10-16 13:00:00,179.42000000000002
2025-10-16 14:00:00,179.24
2025-10-16 15:00:00,179.02
2025-10-16 16:00:00,178.86
2025-10-16 18:00:00,178.73000000000002
2025-10-16 19:00:00,178.73000000000002
2025-10-16 23:00:00,178.73000000000002
2025-10-17 07:00:00,178.35000000000002
2025-10-17 08:00:00,178.35000000000002
2025-10-17 10:00:00,178.02
2025-10-17 11:00:00,178.27
2025-10-17 12:00:00,178.52
2025-10-17 13:00:00,178.59
2025-10-17 14:00:00,178.65
2025-10-17 16:00:00,178.70000000000002
2025-10-17 17:00:00,178.76000000000002
2025-10-17 18:00:00,178.91
2025-10-17 19:00:00,179.04000000000002
2025-10-17 23:00:00,179.04000000000002
2025-10-20 07:00:00,179.03
2025-10-20 08:00:00,179.04000000000002
2025-10-20 09:00:00,178.99
2025-10-20 12:00:00,178.99
2025-10-20 13:00:00,179.33
2025-10-20 14:00:00,179.25
2025-10-20 15:00:00,179.28
2025-10-20 23:00:00,179.37
2025-10-21 13:00:00,179.41
2025-10-21 15:00:00,179.38000000000002
2025-10-21 17:00:00,179.24
2025-10-21 18:00:00,179.18
2025-10-21 23:00:00,179.23000000000002
2025-10-22 11:00:00,179.04000000000002
2025-10-22 13:00:00,179.14000000000001
2025-10-22 14:00:00,179.04000000000002
2025-10-22 15:00:00,179.03
2025-10-22 16:00:00,178.9
2025-10-22 23:00:00,179.02
2025-10-23 09:00:00,178.91
2025-10-23 15:00:00,179.04000000000002
2025-10-23 16:00:00,179.05
2025-10-23 19:00:00,179.29000000000002
2025-10-23 23:00:00,179.29000000000002
2025-10-24 12:00:00,179.85000000000002
2025-10-24 13:00:00,179.59
2025-10-24 14:00:00,179.53
2025-10-24 15:00:00,179.62
2025-10-24 16:00:00,179.57000000000002
2025-10-24 17:00:00,179.62
2025-10-24 19:00:00,179.68
2025-10-24 23:00:00,179.65
2025-10-27 13:00:00,179.86
2025-10-27 14:00:00,179.99
2025-10-27 15:00:00,179.99
2025-10-27 16:00:00,180.09
2025-10-27 17:00:00,180.11
2025-10-27 18:00:00,180.15
2025-10-27 19:00:00,180.16
2025-10-27 20:00:00,180.27
2025-10-27 23:00:00,180.14000000000001
2025-10-28 10:00:00,180.17000000000002
2025-10-28 13:00:00,179.97
2025-10-28 14:00:00,179.99
2025-10-28 15:00:00,180.04000000000002
2025-10-28 16:00:00,180.09
2025-10-28 17:00:00,180.05
2025-10-28 18:00:00,180.0
2025-10-28 19:00:00,180.01000000000002
2025-10-28 23:00:00,179.99
2025-10-29 12:00:00,179.93
2025-10-29 13:00:00,179.87
2025-10-29 14:00:00,179.88000000000002
2025-10-29 15:00:00,179.97
2025-10-29 16:00:00,179.95000000000002
2025-10-29 18:00:00,179.8
2025-10-29 19:00:00,179.41
2025-10-29 23:00:00,179.43
2025-10-30 13:00:00,179.3
2025-10-30 15:00:00,179.3
2025-10-30 17:00:00,179.27
2025-10-30 18:00:00,179.17000000000002
2025-10-30 19:00:00,179.09
2025-10-30 23:00:00,179.08
2025-10-31 13:00:00,179.25
2025-10-31 14:00:00,179.26000000000002
2025-10-31 15:00:00,179.24
2025-10-31 16:00:00,179.01000000000002
2025-10-31 17:00:00,178.95000000000002
2025-10-31 18:00:00,179.06
2025-10-31 19:00:00,178.98000000000002
2025-10-31 23:00:00,178.98000000000002
2025-11-03 14:00:00,178.76000000000002
2025-11-03 15:00:00,178.82000000000002
2025-11-03 16:00:00,178.74
2025-11-03 17:00:00,178.65
2025-11-03 21:00:00,178.42000000000002
2025-11-03 23:00:00,178.46
2025-11-04 07:00:00,178.46
2025-11-04 14:00:00,178.38000000000002
2025-11-04 15:00:00,178.49
2025-11-04 16:00:00,178.51000000000002
2025-11-04 17:00:00,178.55
2025-11-04 19:00:00,178.37
2025-11-04 20:00:00,178.4
2025-11-04 23:00:00,178.43
2025-11-05 14:00:00,178.63000000000002
2025-11-05 15:00:00,178.59
2025-11-05 16:00:00,178.60000000000002
2025-11-05 17:00:00,178.60000000000002
2025-11-05 18:00:00,178.60000000000002
2025-11-05 20:00:00,178.67000000000002
2025-11-05 23:00:00,178.60000000000002
2025-11-06 08:00:00,178.54000000000002
2025-11-06 13:00:00,178.96
2025-11-06 14:00:00,178.65
2025-11-06 15:00:00,178.47
2025-11-06 16:00:00,178.4
2025-11-06 17:00:00,178.49
2025-11-06 18:00:00,178.53
2025-11-06 20:00:00,178.66
2025-11-06 23:00:00,178.67000000000002
2025-11-07 11:00:00,178.3
2025-11-07 13:00:00,178.62
2025-11-07 14:00:00,178.53
2025-11-07 15:00:00,178.48000000000002
2025-11-07 16:00:00,178.48000000000002
2025-11-07 17:00:00,178.31
2025-11-07 18:00:00,178.54000000000002
2025-11-07 19:00:00,178.69
2025-11-07 20:00:00,178.68
2025-11-07 21:00:00,178.63000000000002
2025-11-07 23:00:00,178.74
2025-11-10 09:00:00,179.12
2025-11-10 10:00:00,179.13000000000002
2025-11-10 12:00:00,179.02
2025-11-10 14:00:00,179.09
2025-11-10 15:00:00,179.1
2025-11-10 16:00:00,179.13
2025-11-10 17:00:00,179.23
2025-11-10 23:00:00,179.27
