DATETIME,price
2023-06-01 23:00:00,2088.75
2023-06-02 23:00:00,2122.0
2023-06-05 23:00:00,2117.5
2023-06-06 23:00:00,2116.25
2023-06-07 23:00:00,2135.0
2023-06-08 23:00:00,2128.0
2023-06-09 23:00:00,2146.75
2023-06-12 23:00:00,2164.0
2023-06-13 23:00:00,2172.5
2023-06-14 23:00:00,2209.5
2023-06-15 23:00:00,2222.0
2023-06-16 23:00:00,2233.0
2023-06-19 23:00:00,2225.75
2023-06-20 01:00:00,2225.75
2023-06-20 02:00:00,2225.75
2023-06-20 03:00:00,2225.75
2023-06-20 04:00:00,2225.75
2023-06-20 05:00:00,2225.75
2023-06-20 06:00:00,2225.75
2023-06-20 07:00:00,2225.75
2023-06-20 08:00:00,2225.75
2023-06-20 09:00:00,2225.75
2023-06-20 10:00:00,2225.75
2023-06-20 11:00:00,2225.75
2023-06-20 12:00:00,2225.75
2023-06-20 13:00:00,2225.75
2023-06-20 14:00:00,2225.75
2023-06-20 15:00:00,2225.75
2023-06-20 16:00:00,2238.5
2023-06-20 17:00:00,2238.5
2023-06-20 18:00:00,2238.5
2023-06-20 23:00:00,2238.25
2023-06-21 08:00:00,2238.25
2023-06-21 09:00:00,2238.25
2023-06-21 10:00:00,2238.25
2023-06-21 11:00:00,2238.25
2023-06-21 12:00:00,2238.25
2023-06-21 13:00:00,2238.25
2023-06-21 14:00:00,2238.25
2023-06-21 15:00:00,2238.25
2023-06-21 16:00:00,2238.25
2023-06-21 17:00:00,2238.25
2023-06-21 18:00:00,2238.25
2023-06-21 23:00:00,2266.5
2023-06-22 07:00:00,2266.5
2023-06-22 08:00:00,2266.5
2023-06-22 09:00:00,2266.5
2023-06-22 10:00:00,2266.5
2023-06-22 11:00:00,2266.5
2023-06-22 12:00:00,2266.5
2023-06-22 13:00:00,2266.5
2023-06-22 14:00:00,2266.5
2023-06-22 15:00:00,2253.0
2023-06-22 16:00:00,2253.0
2023-06-22 17:00:00,2253.0
2023-06-22 18:00:00,2253.0
2023-06-22 23:00:00,2257.0
2023-06-23 10:00:00,2257.0
2023-06-23 11:00:00,2257.0
2023-06-23 12:00:00,2257.0
2023-06-23 13:00:00,2257.0
2023-06-23 14:00:00,2257.0
2023-06-23 15:00:00,2257.0
2023-06-23 16:00:00,2257.0
2023-06-23 17:00:00,2257.0
2023-06-23 18:00:00,2257.0
2023-06-23 23:00:00,2213.25
2023-06-26 10:00:00,2213.25
2023-06-26 11:00:00,2181.0
2023-06-26 12:00:00,2181.0
2023-06-26 13:00:00,2181.0
2023-06-26 14:00:00,2174.5
2023-06-26 15:00:00,2174.5
2023-06-26 16:00:00,2159.0
2023-06-26 17:00:00,2159.0
2023-06-26 18:00:00,2159.0
2023-06-26 23:00:00,2160.0
2023-06-27 10:00:00,2160.0
2023-06-27 11:00:00,2160.0
2023-06-27 12:00:00,2160.0
2023-06-27 13:00:00,2160.0
2023-06-27 14:00:00,2160.0
2023-06-27 15:00:00,2160.0
2023-06-27 16:00:00,2160.0
2023-06-27 17:00:00,2160.0
2023-06-27 18:00:00,2160.0
2023-06-27 23:00:00,2188.75
2023-06-28 07:00:00,2188.75
2023-06-28 08:00:00,2188.75
2023-06-28 09:00:00,2188.75
2023-06-28 10:00:00,2188.75
2023-06-28 11:00:00,2188.75
2023-06-28 12:00:00,2188.75
2023-06-28 13:00:00,2188.75
2023-06-28 14:00:00,2188.75
2023-06-28 15:00:00,2188.75
2023-06-28 16:00:00,2188.75
2023-06-28 17:00:00,2188.75
2023-06-28 18:00:00,2188.75
2023-06-28 23:00:00,2162.5
2023-06-29 08:00:00,2162.5
2023-06-29 09:00:00,2162.5
2023-06-29 10:00:00,2162.5
2023-06-29 11:00:00,2162.5
2023-06-29 12:00:00,2162.5
2023-06-29 13:00:00,2162.5
2023-06-29 14:00:00,2162.5
2023-06-29 15:00:00,2162.5
2023-06-29 16:00:00,2162.5
2023-06-29 17:00:00,2162.5
2023-06-29 18:00:00,2162.5
2023-06-29 23:00:00,2141.5
2023-06-30 08:00:00,2141.5
2023-06-30 09:00:00,2141.5
2023-06-30 10:00:00,2141.5
2023-06-30 11:00:00,2141.5
2023-06-30 12:00:00,2141.5
2023-06-30 13:00:00,2141.5
2023-06-30 14:00:00,2141.5
2023-06-30 15:00:00,2141.5
2023-06-30 16:00:00,2141.5
2023-06-30 17:00:00,2141.5
2023-06-30 18:00:00,2141.5
2023-06-30 23:00:00,2193.0
2023-07-03 13:00:00,2181.0
2023-07-03 14:00:00,2179.0
2023-07-03 15:00:00,2179.0
2023-07-03 16:00:00,2183.0
2023-07-03 17:00:00,2185.0
2023-07-03 18:00:00,2185.0
2023-07-03 23:00:00,2185.25
2023-07-04 09:00:00,2181.0
2023-07-04 10:00:00,2186.0
2023-07-04 11:00:00,2186.0
2023-07-04 12:00:00,2186.0
2023-07-04 13:00:00,2186.5
2023-07-04 14:00:00,2186.5
2023-07-04 15:00:00,2186.5
2023-07-04 16:00:00,2186.5
2023-07-04 17:00:00,2186.0
2023-07-04 18:00:00,2186.0
2023-07-04 23:00:00,2186.0
2023-07-05 09:00:00,2172.0
2023-07-05 10:00:00,2172.0
2023-07-05 11:00:00,2172.0
2023-07-05 12:00:00,2172.0
2023-07-05 13:00:00,2173.5
2023-07-05 14:00:00,2170.5
2023-07-05 15:00:00,2170.5
2023-07-05 16:00:00,2158.5
2023-07-05 17:00:00,2159.0
2023-07-05 18:00:00,2159.0
2023-07-05 23:00:00,2158.25
2023-07-06 09:00:00,2149.5
2023-07-06 10:00:00,2149.5
2023-07-06 11:00:00,2149.5
2023-07-06 12:00:00,2149.5
2023-07-06 13:00:00,2147.5
2023-07-06 14:00:00,2149.5
2023-07-06 15:00:00,2146.5
2023-07-06 16:00:00,2144.0
2023-07-06 17:00:00,2143.5
2023-07-06 18:00:00,2144.5
2023-07-06 23:00:00,2142.5
2023-07-07 08:00:00,2155.0
2023-07-07 09:00:00,2153.0
2023-07-07 10:00:00,2151.5
2023-07-07 11:00:00,2134.5
2023-07-07 12:00:00,2128.0
2023-07-07 13:00:00,2128.0
2023-07-07 14:00:00,2136.0
2023-07-07 15:00:00,2152.0
2023-07-07 16:00:00,2152.0
2023-07-07 17:00:00,2145.5
2023-07-07 18:00:00,2145.5
2023-07-07 23:00:00,2143.75
2023-07-10 08:00:00,2144.0
2023-07-10 09:00:00,2144.0
2023-07-10 10:00:00,2147.0
2023-07-10 11:00:00,2147.0
2023-07-10 12:00:00,2147.0
2023-07-10 13:00:00,2151.5
2023-07-10 14:00:00,2156.0
2023-07-10 15:00:00,2158.0
2023-07-10 16:00:00,2158.0
2023-07-10 17:00:00,2158.0
2023-07-10 18:00:00,2153.5
2023-07-10 23:00:00,2153.75
2023-07-11 10:00:00,2154.0
2023-07-11 11:00:00,2154.0
2023-07-11 12:00:00,2148.0
2023-07-11 13:00:00,2148.0
2023-07-11 14:00:00,2148.0
2023-07-11 15:00:00,2148.0
2023-07-11 16:00:00,2151.5
2023-07-11 17:00:00,2151.0
2023-07-11 18:00:00,2152.5
2023-07-11 23:00:00,2143.25
2023-07-12 12:00:00,2164.5
2023-07-12 13:00:00,2164.5
2023-07-12 14:00:00,2164.5
2023-07-12 15:00:00,2175.0
2023-07-12 16:00:00,2175.0
2023-07-12 17:00:00,2175.0
2023-07-12 18:00:00,2175.0
2023-07-12 23:00:00,2176.75
2023-07-13 08:00:00,2193.5
2023-07-13 09:00:00,2193.5
2023-07-13 10:00:00,2193.5
2023-07-13 11:00:00,2193.5
2023-07-13 12:00:00,2193.5
2023-07-13 13:00:00,2193.5
2023-07-13 14:00:00,2203.5
2023-07-13 15:00:00,2211.5
2023-07-13 16:00:00,2219.0
2023-07-13 17:00:00,2219.0
2023-07-13 18:00:00,2207.5
2023-07-13 23:00:00,2218.25
2023-07-14 09:00:00,2206.0
2023-07-14 10:00:00,2209.5
2023-07-14 11:00:00,2211.0
2023-07-14 12:00:00,2211.0
2023-07-14 13:00:00,2211.0
2023-07-14 14:00:00,2211.0
2023-07-14 15:00:00,2211.0
2023-07-14 16:00:00,2217.0
2023-07-14 17:00:00,2217.0
2023-07-14 18:00:00,2208.0
2023-07-14 23:00:00,2213.75
2023-07-17 09:00:00,2213.75
2023-07-17 10:00:00,2213.75
2023-07-17 11:00:00,2213.75
2023-07-17 12:00:00,2195.0
2023-07-17 13:00:00,2195.0
2023-07-17 14:00:00,2186.5
2023-07-17 15:00:00,2189.5
2023-07-17 16:00:00,2189.0
2023-07-17 17:00:00,2188.0
2023-07-17 18:00:00,2188.0
2023-07-17 23:00:00,2191.0
2023-07-18 01:00:00,2191.0
2023-07-18 02:00:00,2191.0
2023-07-18 03:00:00,2191.0
2023-07-18 04:00:00,2191.0
2023-07-18 05:00:00,2191.0
2023-07-18 06:00:00,2191.0
2023-07-18 07:00:00,2191.0
2023-07-18 08:00:00,2191.0
2023-07-18 09:00:00,2191.0
2023-07-18 10:00:00,2191.0
2023-07-18 11:00:00,2193.5
2023-07-18 12:00:00,2193.5
2023-07-18 13:00:00,2193.5
2023-07-18 14:00:00,2199.0
2023-07-18 15:00:00,2199.0
2023-07-18 16:00:00,2199.0
2023-07-18 17:00:00,2199.0
2023-07-18 18:00:00,2199.0
2023-07-18 23:00:00,2187.25
2023-07-19 09:00:00,2178.5
2023-07-19 10:00:00,2178.5
2023-07-19 12:00:00,2176.0
2023-07-19 14:00:00,2170.5
2023-07-19 17:00:00,2174.5
2023-07-19 18:00:00,2178.5
2023-07-19 23:00:00,2178.5
2023-07-20 14:00:00,2190.5
2023-07-20 15:00:00,2191.0
2023-07-20 16:00:00,2203.0
2023-07-20 17:00:00,2199.5
2023-07-20 23:00:00,2193.0
2023-07-21 13:00:00,2221.5
2023-07-21 15:00:00,2223.0
2023-07-21 18:00:00,2224.0
2023-07-21 23:00:00,2228.0
2023-07-24 12:00:00,2234.5
2023-07-24 13:00:00,2237.0
2023-07-24 14:00:00,2240.0
2023-07-24 16:00:00,2253.5
2023-07-24 17:00:00,2257.5
2023-07-24 23:00:00,2263.0
2023-07-25 09:00:00,2267.0
2023-07-25 10:00:00,2263.5
2023-07-25 11:00:00,2251.5
2023-07-25 14:00:00,2248.5
2023-07-25 15:00:00,2259.0
2023-07-25 16:00:00,2259.5
2023-07-25 17:00:00,2255.0
2023-07-25 23:00:00,2265.75
2023-07-26 07:00:00,2255.0
2023-07-26 08:00:00,2243.0
2023-07-26 12:00:00,2244.0
2023-07-26 13:00:00,2240.5
2023-07-26 14:00:00,2242.5
2023-07-26 16:00:00,2234.0
2023-07-26 17:00:00,2229.5
2023-07-26 23:00:00,2238.0
2023-07-27 14:00:00,2248.5
2023-07-27 15:00:00,2248.0
2023-07-27 16:00:00,2252.0
2023-07-27 17:00:00,2246.5
2023-07-27 18:00:00,2243.5
2023-07-27 23:00:00,2246.5
2023-07-28 11:00:00,2251.5
2023-07-28 12:00:00,2246.5
2023-07-28 14:00:00,2244.5
2023-07-28 15:00:00,2250.0
2023-07-28 16:00:00,2248.5
2023-07-28 17:00:00,2245.5
2023-07-28 18:00:00,2245.0
2023-07-28 23:00:00,2245.25
2023-07-31 12:00:00,2239.5
2023-07-31 15:00:00,2240.0
2023-07-31 17:00:00,2245.5
2023-07-31 18:00:00,2242.0
2023-07-31 23:00:00,2235.5
2023-08-01 13:00:00,2238.5
2023-08-01 14:00:00,2235.0
2023-08-01 23:00:00,2233.5
2023-08-02 10:00:00,2227.0
2023-08-02 12:00:00,2227.0
2023-08-02 13:00:00,2231.5
2023-08-02 16:00:00,2238.0
2023-08-02 17:00:00,2238.0
2023-08-02 23:00:00,2234.5
2023-08-03 14:00:00,2242.5
2023-08-03 16:00:00,2242.5
2023-08-03 23:00:00,2243.5
2023-08-04 12:00:00,2222.5
2023-08-04 13:00:00,2226.0
2023-08-04 14:00:00,2218.0
2023-08-04 15:00:00,2218.0
2023-08-04 16:00:00,2216.5
2023-08-04 18:00:00,2221.0
2023-08-04 23:00:00,2213.0
2023-08-07 09:00:00,2234.0
2023-08-07 11:00:00,2234.0
2023-08-07 13:00:00,2243.0
2023-08-07 15:00:00,2240.0
2023-08-07 16:00:00,2240.0
2023-08-07 17:00:00,2222.0
2023-08-07 23:00:00,2223.0
2023-08-08 08:00:00,2206.0
2023-08-08 11:00:00,2197.0
2023-08-08 13:00:00,2198.5
2023-08-08 14:00:00,2198.5
2023-08-08 16:00:00,2198.5
2023-08-08 23:00:00,2209.0
2023-08-09 13:00:00,2204.5
2023-08-09 14:00:00,2215.0
2023-08-09 15:00:00,2204.5
2023-08-09 16:00:00,2211.0
2023-08-09 17:00:00,2224.0
2023-08-09 18:00:00,2225.5
2023-08-09 23:00:00,2211.0
2023-08-10 09:00:00,2211.0
2023-08-10 12:00:00,2211.0
2023-08-10 13:00:00,2211.0
2023-08-10 14:00:00,2211.0
2023-08-10 15:00:00,2220.0
2023-08-10 16:00:00,2220.5
2023-08-10 23:00:00,2221.5
2023-08-11 09:00:00,2221.5
2023-08-11 12:00:00,2207.0
2023-08-11 13:00:00,2207.0
2023-08-11 14:00:00,2207.0
2023-08-11 15:00:00,2207.0
2023-08-11 16:00:00,2193.5
2023-08-11 23:00:00,2193.0
2023-08-11 23:00:01,2193.0
2023-08-11 23:00:02,2193.0
2023-08-14 09:00:00,2189.0
2023-08-14 12:00:00,2187.0
2023-08-14 13:00:00,2184.0
2023-08-14 14:00:00,2184.0
2023-08-14 15:00:00,2186.5
2023-08-14 16:00:00,2181.0
2023-08-14 23:00:00,2181.0
2023-08-15 01:00:00,2186.5
2023-08-15 02:00:00,2186.0
2023-08-15 03:00:00,2186.5
2023-08-15 04:00:00,2185.5
2023-08-15 05:00:00,2184.5
2023-08-15 06:00:00,2188.5
2023-08-15 07:00:00,2190.5
2023-08-15 08:00:00,2186.0
2023-08-15 09:00:00,2183.5
2023-08-15 10:00:00,2179.5
2023-08-15 11:00:00,2186.0
2023-08-15 12:00:00,2193.0
2023-08-15 13:00:00,2194.0
2023-08-15 14:00:00,2206.0
2023-08-15 15:00:00,2209.5
2023-08-15 16:00:00,2215.0
2023-08-15 17:00:00,2208.5
2023-08-15 18:00:00,2205.0
2023-08-15 23:00:00,2207.5
2023-08-16 09:00:00,2201.0
2023-08-16 11:00:00,2197.5
2023-08-16 12:00:00,2200.5
2023-08-16 14:00:00,2200.5
2023-08-16 16:00:00,2206.0
2023-08-16 23:00:00,2206.75
2023-08-17 09:00:00,2217.0
2023-08-17 12:00:00,2226.5
2023-08-17 13:00:00,2223.0
2023-08-17 14:00:00,2221.5
2023-08-17 15:00:00,2220.0
2023-08-17 16:00:00,2228.0
2023-08-17 18:00:00,2227.5
2023-08-17 23:00:00,2228.0
2023-08-18 09:00:00,2226.5
2023-08-18 12:00:00,2227.5
2023-08-18 13:00:00,2227.5
2023-08-18 14:00:00,2232.5
2023-08-18 15:00:00,2234.5
2023-08-18 16:00:00,2238.5
2023-08-18 23:00:00,2236.5
2023-08-21 09:00:00,2222.5
2023-08-21 12:00:00,2237.5
2023-08-21 14:00:00,2247.5
2023-08-21 15:00:00,2244.0
2023-08-21 16:00:00,2256.5
2023-08-21 18:00:00,2255.5
2023-08-21 23:00:00,2253.75
2023-08-22 09:00:00,2267.0
2023-08-22 11:00:00,2268.5
2023-08-22 14:00:00,2254.0
2023-08-22 16:00:00,2243.0
2023-08-22 18:00:00,2241.0
2023-08-22 23:00:00,2240.5
2023-08-23 01:00:00,2241.0
2023-08-23 02:00:00,2241.0
2023-08-23 09:00:00,2248.5
2023-08-23 12:00:00,2264.0
2023-08-23 13:00:00,2258.0
2023-08-23 15:00:00,2266.5
2023-08-23 16:00:00,2273.0
2023-08-23 17:00:00,2273.0
2023-08-23 18:00:00,2278.0
2023-08-23 23:00:00,2275.0
2023-08-24 12:00:00,2273.0
2023-08-24 13:00:00,2273.0
2023-08-24 14:00:00,2275.5
2023-08-24 15:00:00,2273.5
2023-08-24 16:00:00,2269.5
2023-08-24 17:00:00,2265.0
2023-08-24 23:00:00,2270.5
2023-08-25 07:00:00,2270.5
2023-08-25 10:00:00,2260.5
2023-08-25 12:00:00,2264.0
2023-08-25 13:00:00,2264.0
2023-08-25 15:00:00,2243.5
2023-08-25 16:00:00,2247.5
2023-08-25 18:00:00,2250.0
2023-08-25 23:00:00,2248.5
2023-08-29 02:00:00,2238.0
2023-08-29 08:00:00,2230.0
2023-08-29 09:00:00,2232.5
2023-08-29 10:00:00,2239.5
2023-08-29 12:00:00,2245.0
2023-08-29 13:00:00,2245.0
2023-08-29 14:00:00,2245.0
2023-08-29 16:00:00,2282.0
2023-08-29 17:00:00,2277.5
2023-08-29 18:00:00,2278.0
2023-08-29 23:00:00,2280.0
2023-08-30 02:00:00,2280.0
2023-08-30 13:00:00,2289.0
2023-08-30 14:00:00,2279.5
2023-08-30 15:00:00,2277.0
2023-08-30 16:00:00,2271.0
2023-08-30 23:00:00,2270.5
2023-08-31 08:00:00,2275.5
2023-08-31 10:00:00,2269.5
2023-08-31 13:00:00,2279.5
2023-08-31 14:00:00,2279.5
2023-08-31 16:00:00,2306.0
2023-08-31 23:00:00,2307.0
2023-09-01 04:00:00,2307.0
2023-09-01 08:00:00,2384.0
2023-09-01 09:00:00,2377.0
2023-09-01 12:00:00,2362.5
2023-09-01 13:00:00,2362.5
2023-09-01 14:00:00,2374.0
2023-09-01 15:00:00,2346.5
2023-09-01 16:00:00,2341.0
2023-09-01 17:00:00,2336.0
2023-09-01 18:00:00,2338.0
2023-09-01 23:00:00,2337.0
2023-09-04 02:00:00,2337.0
2023-09-04 12:00:00,2300.5
2023-09-04 14:00:00,2300.5
2023-09-04 16:00:00,2313.0
2023-09-04 17:00:00,2305.0
2023-09-04 23:00:00,2312.5
2023-09-05 08:00:00,2312.5
2023-09-05 12:00:00,2305.0
2023-09-05 13:00:00,2305.0
2023-09-05 14:00:00,2305.0
2023-09-05 15:00:00,2330.0
2023-09-05 16:00:00,2321.0
2023-09-05 17:00:00,2313.0
2023-09-05 23:00:00,2321.5
2023-09-06 02:00:00,2321.5
2023-09-06 08:00:00,2321.5
2023-09-06 09:00:00,2319.0
2023-09-06 11:00:00,2325.0
2023-09-06 12:00:00,2321.0
2023-09-06 13:00:00,2321.0
2023-09-06 14:00:00,2322.5
2023-09-06 15:00:00,2322.5
2023-09-06 16:00:00,2314.0
2023-09-06 17:00:00,2316.0
2023-09-06 18:00:00,2316.0
2023-09-06 23:00:00,2314.5
2023-09-07 03:00:00,2314.5
2023-09-07 07:00:00,2314.5
2023-09-07 09:00:00,2319.0
2023-09-07 10:00:00,2319.0
2023-09-07 12:00:00,2323.0
2023-09-07 14:00:00,2323.0
2023-09-07 15:00:00,2308.0
2023-09-07 16:00:00,2317.5
2023-09-07 17:00:00,2320.5
2023-09-07 23:00:00,2319.0
2023-09-08 10:00:00,2309.5
2023-09-08 12:00:00,2307.5
2023-09-08 13:00:00,2307.5
2023-09-08 14:00:00,2300.0
2023-09-08 15:00:00,2304.0
2023-09-08 16:00:00,2311.5
2023-09-08 17:00:00,2311.5
2023-09-08 23:00:00,2316.0
2023-09-11 02:00:00,2316.0
2023-09-11 11:00:00,2316.0
2023-09-11 12:00:00,2336.0
2023-09-11 13:00:00,2336.0
2023-09-11 14:00:00,2336.0
2023-09-11 15:00:00,2336.0
2023-09-11 16:00:00,2336.0
2023-09-11 17:00:00,2336.0
2023-09-11 18:00:00,2339.0
2023-09-11 23:00:00,2337.0
2023-09-12 01:00:00,2337.0
2023-09-12 12:00:00,2326.0
2023-09-12 13:00:00,2326.0
2023-09-12 14:00:00,2326.0
2023-09-12 16:00:00,2297.5
2023-09-12 17:00:00,2305.0
2023-09-12 23:00:00,2307.0
2023-09-13 07:00:00,2307.0
2023-09-13 08:00:00,2307.0
2023-09-13 14:00:00,2307.0
2023-09-13 15:00:00,2307.0
2023-09-13 16:00:00,2303.5
2023-09-13 23:00:00,2305.0
2023-09-14 06:00:00,2305.0
2023-09-14 08:00:00,2310.5
2023-09-14 11:00:00,2310.5
2023-09-14 12:00:00,2320.0
2023-09-14 13:00:00,2320.0
2023-09-14 14:00:00,2320.0
2023-09-14 15:00:00,2320.0
2023-09-14 16:00:00,2331.0
2023-09-14 23:00:00,2334.0
2023-09-15 13:00:00,2334.0
2023-09-15 14:00:00,2336.0
2023-09-15 16:00:00,2346.0
2023-09-15 17:00:00,2347.0
2023-09-15 23:00:00,2349.5
2023-09-18 09:00:00,2349.5
2023-09-18 11:00:00,2349.5
2023-09-18 13:00:00,2333.0
2023-09-18 14:00:00,2334.0
2023-09-18 15:00:00,2322.5
2023-09-18 16:00:00,2336.5
2023-09-18 17:00:00,2337.5
2023-09-18 18:00:00,2338.5
2023-09-18 23:00:00,2336.0
2023-09-19 09:00:00,2336.0
2023-09-19 11:00:00,2336.0
2023-09-19 13:00:00,2336.0
2023-09-19 16:00:00,2336.0
2023-09-19 17:00:00,2307.0
2023-09-19 23:00:00,2307.0
2023-09-20 01:00:00,2307.0
2023-09-20 02:00:00,2307.0
2023-09-20 03:00:00,2307.0
2023-09-20 04:00:00,2307.0
2023-09-20 05:00:00,2307.0
2023-09-20 06:00:00,2307.0
2023-09-20 07:00:00,2307.0
2023-09-20 08:00:00,2307.0
2023-09-20 09:00:00,2307.0
2023-09-20 10:00:00,2307.0
2023-09-20 11:00:00,2307.0
2023-09-20 12:00:00,2307.0
2023-09-20 13:00:00,2307.0
2023-09-20 14:00:00,2307.0
2023-09-20 15:00:00,2307.0
2023-09-20 15:00:01,2305.5
2023-09-20 15:00:02,2305.5
2023-09-20 16:00:00,2298.5
2023-09-20 17:00:00,2298.5
2023-09-20 18:00:00,2297.0
2023-09-20 23:00:00,2302.5
2023-09-21 09:00:00,2262.5
2023-09-21 11:00:00,2271.0
2023-09-21 13:00:00,2263.5
2023-09-21 14:00:00,2258.0
2023-09-21 15:00:00,2262.5
2023-09-21 16:00:00,2275.5
2023-09-21 17:00:00,2278.5
2023-09-21 23:00:00,2272.5
2023-09-22 12:00:00,2287.5
2023-09-22 13:00:00,2290.5
2023-09-22 14:00:00,2287.5
2023-09-22 15:00:00,2288.5
2023-09-22 16:00:00,2303.5
2023-09-22 18:00:00,2309.5
2023-09-22 23:00:00,2304.0
2023-09-25 08:00:00,2284.5
2023-09-25 10:00:00,2282.0
2023-09-25 11:00:00,2283.5
2023-09-25 12:00:00,2290.0
2023-09-25 13:00:00,2294.5
2023-09-25 14:00:00,2289.0
2023-09-25 15:00:00,2278.5
2023-09-25 16:00:00,2269.5
2023-09-25 18:00:00,2274.0
2023-09-25 23:00:00,2269.5
2023-09-26 08:00:00,2276.5
2023-09-26 09:00:00,2278.5
2023-09-26 10:00:00,2283.0
2023-09-26 13:00:00,2279.5
2023-09-26 14:00:00,2277.0
2023-09-26 15:00:00,2275.5
2023-09-26 16:00:00,2271.5
2023-09-26 23:00:00,2276.0
2023-09-27 02:00:00,2275.0
2023-09-27 08:00:00,2255.5
2023-09-27 09:00:00,2256.0
2023-09-27 10:00:00,2251.5
2023-09-27 12:00:00,2250.5
2023-09-27 13:00:00,2251.5
2023-09-27 14:00:00,2245.0
2023-09-27 15:00:00,2243.5
2023-09-27 16:00:00,2242.5
2023-09-27 17:00:00,2242.5
2023-09-27 23:00:00,2241.5
2023-09-28 01:00:00,2242.5
2023-09-28 06:00:00,2246.5
2023-09-28 08:00:00,2246.5
2023-09-28 09:00:00,2250.5
2023-09-28 14:00:00,2252.0
2023-09-28 15:00:00,2269.0
2023-09-28 16:00:00,2275.0
2023-09-28 17:00:00,2283.5
2023-09-28 18:00:00,2281.5
2023-09-28 23:00:00,2284.5
2023-09-29 07:00:00,2282.5
2023-09-29 08:00:00,2278.0
2023-09-29 14:00:00,2284.5
2023-09-29 15:00:00,2272.5
2023-09-29 16:00:00,2260.5
2023-09-29 23:00:00,2259.5
2023-10-02 12:00:00,2265.0
2023-10-02 14:00:00,2259.5
2023-10-02 15:00:00,2247.0
2023-10-02 16:00:00,2234.0
2023-10-02 18:00:00,2222.5
2023-10-02 23:00:00,2233.0
2023-10-03 08:00:00,2208.5
2023-10-03 10:00:00,2214.5
2023-10-03 12:00:00,2213.5
2023-10-03 13:00:00,2213.5
2023-10-03 14:00:00,2218.5
2023-10-03 15:00:00,2220.0
2023-10-03 17:00:00,2207.5
2023-10-03 23:00:00,2204.5
2023-10-04 08:00:00,2205.0
2023-10-04 09:00:00,2210.5
2023-10-04 10:00:00,2216.0
2023-10-04 13:00:00,2218.5
2023-10-04 14:00:00,2210.0
2023-10-04 15:00:00,2202.5
2023-10-04 17:00:00,2211.0
2023-10-04 23:00:00,2204.0
2023-10-05 10:00:00,2191.0
2023-10-05 16:00:00,2220.5
2023-10-05 17:00:00,2224.5
2023-10-05 23:00:00,2223.0
2023-10-06 09:00:00,2236.5
2023-10-06 11:00:00,2241.0
2023-10-06 14:00:00,2237.0
2023-10-06 16:00:00,2231.0
2023-10-06 23:00:00,2230.5
2023-10-09 09:00:00,2227.0
2023-10-09 13:00:00,2227.5
2023-10-09 23:00:00,2216.5
2023-10-10 06:00:00,2208.5
2023-10-10 09:00:00,2192.5
2023-10-10 13:00:00,2181.5
2023-10-10 14:00:00,2181.5
2023-10-10 16:00:00,2184.5
2023-10-10 23:00:00,2187.5
2023-10-11 09:00:00,2189.5
2023-10-11 12:00:00,2190.5
2023-10-11 13:00:00,2184.5
2023-10-11 16:00:00,2177.0
2023-10-11 23:00:00,2178.5
2023-10-12 09:00:00,2164.5
2023-10-12 10:00:00,2164.5
2023-10-12 14:00:00,2152.0
2023-10-12 15:00:00,2152.0
2023-10-12 16:00:00,2135.5
2023-10-12 17:00:00,2146.5
2023-10-12 23:00:00,2137.5
2023-10-13 09:00:00,2136.0
2023-10-13 13:00:00,2127.0
2023-10-13 14:00:00,2127.0
2023-10-13 15:00:00,2127.5
2023-10-13 16:00:00,2125.5
2023-10-13 23:00:00,2126.0
2023-10-16 09:00:00,2118.5
2023-10-16 10:00:00,2126.5
2023-10-16 11:00:00,2126.5
2023-10-16 14:00:00,2126.5
2023-10-16 15:00:00,2126.5
2023-10-16 16:00:00,2159.0
2023-10-16 18:00:00,2168.0
2023-10-16 23:00:00,2160.0
2023-10-17 01:00:00,2160.0
2023-10-17 02:00:00,2160.0
2023-10-17 03:00:00,2160.0
2023-10-17 04:00:00,2160.0
2023-10-17 05:00:00,2160.0
2023-10-17 06:00:00,2160.0
2023-10-17 07:00:00,2160.0
2023-10-17 08:00:00,2160.0
2023-10-17 09:00:00,2161.5
2023-10-17 10:00:00,2161.5
2023-10-17 11:00:00,2161.5
2023-10-17 12:00:00,2161.5
2023-10-17 13:00:00,2161.5
2023-10-17 14:00:00,2172.5
2023-10-17 15:00:00,2172.5
2023-10-17 16:00:00,2170.5
2023-10-17 17:00:00,2170.5
2023-10-17 18:00:00,2170.5
2023-10-17 23:00:00,2166.0
2023-10-18 09:00:00,2192.0
2023-10-18 13:00:00,2196.0
2023-10-18 23:00:00,2189.5
2023-10-19 09:00:00,2192.5
2023-10-19 14:00:00,2174.5
2023-10-19 23:00:00,2185.5
2023-10-20 09:00:00,2166.5
2023-10-20 12:00:00,2174.0
2023-10-20 13:00:00,2171.5
2023-10-20 15:00:00,2171.5
2023-10-20 15:00:01,2176.5
2023-10-20 15:00:02,2176.5
2023-10-20 23:00:00,2187.0
2023-10-23 14:00:00,2183.5
2023-10-23 15:00:00,2190.0
2023-10-23 18:00:00,2193.5
2023-10-23 23:00:00,2189.5
2023-10-24 09:00:00,2203.0
2023-10-24 12:00:00,2188.0
2023-10-24 13:00:00,2192.0
2023-10-24 14:00:00,2194.5
2023-10-24 15:00:00,2191.0
2023-10-24 16:00:00,2195.0
2023-10-24 23:00:00,2196.0
2023-10-25 09:00:00,2183.5
2023-10-25 14:00:00,2180.0
2023-10-25 15:00:00,2180.0
2023-10-25 16:00:00,2176.5
2023-10-25 17:00:00,2171.5
2023-10-25 23:00:00,2172.0
2023-10-26 10:00:00,2168.5
2023-10-26 12:00:00,2172.5
2023-10-26 15:00:00,2168.0
2023-10-26 23:00:00,2182.0
2023-10-27 12:00:00,2197.0
2023-10-27 14:00:00,2201.0
2023-10-27 15:00:00,2203.0
2023-10-27 18:00:00,2202.5
2023-10-27 23:00:00,2212.0
2023-10-30 09:00:00,2214.0
2023-10-30 10:00:00,2219.0
2023-10-30 14:00:00,2226.5
2023-10-30 16:00:00,2214.0
2023-10-30 23:00:00,2210.0
2023-10-31 17:00:00,2210.0
2023-10-31 23:00:00,2173.0
2023-11-01 12:00:00,2197.0
2023-11-01 14:00:00,2197.5
2023-11-01 15:00:00,2187.0
2023-11-01 16:00:00,2191.5
2023-11-01 18:00:00,2193.0
2023-11-01 23:00:00,2192.0
2023-11-02 12:00:00,2201.0
2023-11-02 14:00:00,2215.5
2023-11-02 15:00:00,2218.0
2023-11-02 16:00:00,2214.5
2023-11-02 17:00:00,2220.0
2023-11-02 23:00:00,2212.5
2023-11-03 08:00:00,2229.5
2023-11-03 12:00:00,2255.0
2023-11-03 13:00:00,2255.0
2023-11-03 14:00:00,2255.0
2023-11-03 15:00:00,2258.5
2023-11-03 16:00:00,2258.5
2023-11-03 23:00:00,2263.0
2023-11-06 11:00:00,2263.0
2023-11-06 12:00:00,2263.0
2023-11-06 13:00:00,2254.5
2023-11-06 14:00:00,2250.5
2023-11-06 15:00:00,2257.5
2023-11-06 16:00:00,2269.0
2023-11-06 17:00:00,2269.0
2023-11-06 23:00:00,2271.0
2023-11-07 12:00:00,2261.5
2023-11-07 13:00:00,2258.5
2023-11-07 14:00:00,2260.0
2023-11-07 15:00:00,2259.5
2023-11-07 16:00:00,2276.5
2023-11-07 17:00:00,2284.0
2023-11-07 23:00:00,2280.0
2023-11-08 02:00:00,2274.0
2023-11-08 09:00:00,2282.5
2023-11-08 12:00:00,2289.5
2023-11-08 14:00:00,2285.0
2023-11-08 16:00:00,2280.5
2023-11-08 17:00:00,2281.0
2023-11-08 23:00:00,2282.0
2023-11-09 09:00:00,2276.5
2023-11-09 10:00:00,2279.5
2023-11-09 11:00:00,2280.5
2023-11-09 12:00:00,2273.0
2023-11-09 13:00:00,2278.0
2023-11-09 14:00:00,2281.5
2023-11-09 15:00:00,2282.5
2023-11-09 16:00:00,2283.0
2023-11-09 23:00:00,2282.5
2023-11-10 09:00:00,2277.0
2023-11-10 12:00:00,2271.0
2023-11-10 13:00:00,2271.0
2023-11-10 14:00:00,2263.5
2023-11-10 15:00:00,2256.0
2023-11-10 16:00:00,2270.0
2023-11-10 23:00:00,2270.5
2023-11-13 09:00:00,2279.5
2023-11-13 11:00:00,2264.0
2023-11-13 14:00:00,2269.0
2023-11-13 15:00:00,2266.5
2023-11-13 16:00:00,2263.0
2023-11-13 23:00:00,2259.5
2023-11-14 13:00:00,2262.0
2023-11-14 14:00:00,2262.0
2023-11-14 15:00:00,2262.0
2023-11-14 16:00:00,2297.0
2023-11-14 17:00:00,2297.0
2023-11-14 18:00:00,2297.0
2023-11-14 23:00:00,2292.5
2023-11-15 09:00:00,2297.5
2023-11-15 10:00:00,2313.0
2023-11-15 14:00:00,2321.5
2023-11-15 15:00:00,2318.0
2023-11-15 16:00:00,2318.0
2023-11-15 17:00:00,2338.5
2023-11-15 23:00:00,2337.0
2023-11-16 08:00:00,2338.0
2023-11-16 09:00:00,2352.0
2023-11-16 10:00:00,2369.0
2023-11-16 11:00:00,2377.0
2023-11-16 12:00:00,2361.5
2023-11-16 13:00:00,2356.0
2023-11-16 14:00:00,2359.5
2023-11-16 15:00:00,2359.5
2023-11-16 15:00:01,2359.5
2023-11-16 16:00:00,2362.0
2023-11-16 17:00:00,2351.5
2023-11-16 23:00:00,2372.0
2023-11-17 08:00:00,2365.0
2023-11-17 12:00:00,2371.5
2023-11-17 13:00:00,2376.5
2023-11-17 23:00:00,2383.0
2023-11-20 10:00:00,2395.5
2023-11-20 13:00:00,2365.5
2023-11-20 14:00:00,2357.5
2023-11-20 15:00:00,2360.0
2023-11-20 16:00:00,2363.5
2023-11-20 17:00:00,2364.5
2023-11-20 23:00:00,2363.5
2023-11-21 01:00:00,2376.0
2023-11-21 02:00:00,2368.5
2023-11-21 03:00:00,2357.0
2023-11-21 04:00:00,2357.5
2023-11-21 05:00:00,2355.5
2023-11-21 06:00:00,2354.5
2023-11-21 07:00:00,2359.0
2023-11-21 08:00:00,2358.5
2023-11-21 09:00:00,2340.5
2023-11-21 10:00:00,2350.5
2023-11-21 11:00:00,2348.0
2023-11-21 12:00:00,2355.0
2023-11-21 13:00:00,2359.5
2023-11-21 14:00:00,2367.0
2023-11-21 15:00:00,2359.0
2023-11-21 16:00:00,2356.5
2023-11-21 17:00:00,2357.5
2023-11-21 18:00:00,2358.5
2023-11-21 23:00:00,2360.0
2023-11-22 07:00:00,2354.0
2023-11-22 12:00:00,2343.0
2023-11-22 14:00:00,2343.0
2023-11-22 15:00:00,2317.5
2023-11-22 16:00:00,2310.0
2023-11-22 23:00:00,2311.0
2023-11-23 09:00:00,2316.0
2023-11-23 10:00:00,2311.5
2023-11-23 15:00:00,2312.0
2023-11-23 23:00:00,2303.5
2023-11-24 08:00:00,2285.0
2023-11-24 09:00:00,2288.0
2023-11-24 12:00:00,2294.0
2023-11-24 13:00:00,2291.0
2023-11-24 15:00:00,2291.0
2023-11-24 23:00:00,2286.5
2023-11-27 09:00:00,2286.5
2023-11-27 12:00:00,2261.5
2023-11-27 13:00:00,2270.0
2023-11-27 15:00:00,2270.0
2023-11-27 17:00:00,2250.5
2023-11-27 23:00:00,2251.0
2023-11-28 08:00:00,2251.0
2023-11-28 13:00:00,2235.5
2023-11-28 14:00:00,2241.5
2023-11-28 15:00:00,2241.5
2023-11-28 16:00:00,2243.0
2023-11-28 23:00:00,2243.0
2023-11-29 11:00:00,2227.5
2023-11-29 12:00:00,2224.0
2023-11-29 13:00:00,2224.0
2023-11-29 14:00:00,2230.0
2023-11-29 15:00:00,2227.0
2023-11-29 16:00:00,2235.0
2023-11-29 23:00:00,2235.0
2023-11-30 09:00:00,2216.0
2023-11-30 13:00:00,2216.0
2023-11-30 14:00:00,2237.0
2023-11-30 15:00:00,2237.0
2023-11-30 16:00:00,2211.0
2023-11-30 23:00:00,2211.5
2023-12-01 14:00:00,2211.0
2023-12-01 15:00:00,2222.0
2023-12-01 16:00:00,2212.0
2023-12-01 18:00:00,2212.0
2023-12-01 23:00:00,2206.5
2023-12-04 07:00:00,2189.5
2023-12-04 09:00:00,2212.0
2023-12-04 12:00:00,2210.0
2023-12-04 13:00:00,2210.0
2023-12-04 14:00:00,2210.0
2023-12-04 16:00:00,2185.5
2023-12-04 17:00:00,2180.5
2023-12-04 18:00:00,2181.0
2023-12-04 23:00:00,2179.5
2023-12-05 08:00:00,2179.5
2023-12-05 09:00:00,2160.5
2023-12-05 10:00:00,2160.0
2023-12-05 11:00:00,2160.0
2023-12-05 13:00:00,2160.0
2023-12-05 14:00:00,2149.0
2023-12-05 15:00:00,2143.0
2023-12-05 16:00:00,2139.0
2023-12-05 17:00:00,2142.0
2023-12-05 18:00:00,2142.0
2023-12-05 23:00:00,2139.0
2023-12-06 09:00:00,2118.0
2023-12-06 11:00:00,2125.0
2023-12-06 12:00:00,2126.5
2023-12-06 13:00:00,2126.5
2023-12-06 14:00:00,2127.5
2023-12-06 15:00:00,2126.0
2023-12-06 16:00:00,2117.0
2023-12-06 17:00:00,2113.0
2023-12-06 23:00:00,2115.0
2023-12-07 08:00:00,2115.0
2023-12-07 13:00:00,2115.0
2023-12-07 16:00:00,2105.5
2023-12-07 23:00:00,2104.0
2023-12-08 10:00:00,2122.0
2023-12-08 12:00:00,2122.0
2023-12-08 13:00:00,2128.5
2023-12-08 13:00:01,2128.5
2023-12-08 23:00:00,2121.5
2023-12-11 08:00:00,2126.5
2023-12-11 09:00:00,2123.5
2023-12-11 12:00:00,2123.5
2023-12-11 13:00:00,2119.5
2023-12-11 15:00:00,2151.5
2023-12-11 16:00:00,2157.0
2023-12-11 23:00:00,2153.0
2023-12-12 09:00:00,2176.5
2023-12-12 13:00:00,2164.5
2023-12-12 14:00:00,2148.5
2023-12-12 15:00:00,2153.5
2023-12-12 23:00:00,2133.5
2023-12-13 11:00:00,2138.0
2023-12-13 12:00:00,2138.0
2023-12-13 13:00:00,2141.5
2023-12-13 23:00:00,2129.5
2023-12-14 09:00:00,2159.0
2023-12-14 10:00:00,2160.0
2023-12-14 14:00:00,2161.0
2023-12-14 15:00:00,2160.5
2023-12-14 17:00:00,2167.0
2023-12-14 23:00:00,2164.5
2023-12-15 09:00:00,2193.0
2023-12-15 10:00:00,2192.5
2023-12-15 11:00:00,2193.0
2023-12-15 12:00:00,2188.0
2023-12-15 14:00:00,2178.0
2023-12-15 15:00:00,2186.5
2023-12-15 23:00:00,2176.5
2023-12-18 10:00:00,2184.0
2023-12-18 11:00:00,2186.0
2023-12-18 14:00:00,2172.5
2023-12-18 15:00:00,2163.5
2023-12-18 16:00:00,2152.0
2023-12-18 23:00:00,2152.0
2023-12-19 13:00:00,2153.5
2023-12-19 15:00:00,2169.5
2023-12-19 17:00:00,2165.5
2023-12-19 23:00:00,2158.5
2023-12-20 01:00:00,2162.0
2023-12-20 02:00:00,2164.5
2023-12-20 03:00:00,2163.0
2023-12-20 04:00:00,2166.0
2023-12-20 05:00:00,2167.0
2023-12-20 06:00:00,2176.5
2023-12-20 07:00:00,2175.5
2023-12-20 08:00:00,2180.5
2023-12-20 09:00:00,2174.5
2023-12-20 10:00:00,2176.5
2023-12-20 11:00:00,2177.0
2023-12-20 12:00:00,2171.5
2023-12-20 13:00:00,2179.5
2023-12-20 14:00:00,2173.0
2023-12-20 15:00:00,2176.0
2023-12-20 16:00:00,2171.5
2023-12-20 17:00:00,2166.5
2023-12-20 18:00:00,2173.5
2023-12-20 23:00:00,2178.0
2023-12-21 13:00:00,2171.5
2023-12-21 14:00:00,2171.0
2023-12-21 15:00:00,2169.0
2023-12-21 23:00:00,2163.0
2023-12-22 09:00:00,2172.0
2023-12-22 12:00:00,2170.0
2023-12-22 13:00:00,2178.0
2023-12-22 14:00:00,2176.5
2023-12-22 15:00:00,2172.0
2023-12-22 23:00:00,2161.5
2023-12-27 09:00:00,2171.5
2023-12-27 13:00:00,2172.5
2023-12-27 15:00:00,2182.0
2023-12-27 16:00:00,2182.0
2023-12-27 23:00:00,2185.0
2023-12-28 08:00:00,2192.5
2023-12-28 09:00:00,2185.5
2023-12-28 13:00:00,2176.0
2023-12-28 14:00:00,2175.5
2023-12-28 15:00:00,2182.0
2023-12-28 23:00:00,2185.5
2023-12-29 09:00:00,2165.5
2023-12-29 12:00:00,2164.5
2023-12-29 13:00:00,2166.0
2023-12-29 14:00:00,2160.0
2023-12-29 15:00:00,2158.5
2023-12-29 23:00:00,2168.0
2024-01-02 13:00:00,2151.5
2024-01-02 14:00:00,2148.0
2024-01-02 17:00:00,2161.0
2024-01-02 23:00:00,2162.0
2024-01-03 07:00:00,2155.0
2024-01-03 09:00:00,2162.0
2024-01-03 12:00:00,2159.5
2024-01-03 14:00:00,2145.5
2024-01-03 15:00:00,2150.5
2024-01-03 16:00:00,2142.0
2024-01-03 17:00:00,2141.0
2024-01-03 23:00:00,2142.5
2024-01-04 07:00:00,2145.5
2024-01-04 12:00:00,2140.0
2024-01-04 13:00:00,2141.5
2024-01-04 14:00:00,2139.5
2024-01-04 23:00:00,2138.5
2024-01-05 09:00:00,2158.0
2024-01-05 12:00:00,2150.5
2024-01-05 13:00:00,2156.5
2024-01-05 14:00:00,2167.5
2024-01-05 16:00:00,2179.0
2024-01-05 23:00:00,2174.0
2024-01-08 13:00:00,2161.0
2024-01-08 15:00:00,2157.5
2024-01-08 18:00:00,2160.0
2024-01-08 23:00:00,2161.0
2024-01-09 08:00:00,2167.0
2024-01-09 09:00:00,2160.5
2024-01-09 13:00:00,2163.5
2024-01-09 14:00:00,2155.0
2024-01-09 15:00:00,2154.0
2024-01-09 16:00:00,2154.0
2024-01-09 23:00:00,2149.0
2024-01-10 10:00:00,2182.0
2024-01-10 13:00:00,2182.0
2024-01-10 15:00:00,2180.5
2024-01-10 23:00:00,2182.0
2024-01-11 09:00:00,2215.0
2024-01-11 12:00:00,2216.0
2024-01-11 15:00:00,2216.0
2024-01-11 16:00:00,2194.5
2024-01-11 17:00:00,2196.0
2024-01-11 23:00:00,2193.5
2024-01-12 09:00:00,2188.5
2024-01-12 10:00:00,2191.0
2024-01-12 11:00:00,2187.0
2024-01-12 12:00:00,2187.5
2024-01-12 13:00:00,2180.5
2024-01-12 14:00:00,2186.0
2024-01-12 15:00:00,2184.0
2024-01-12 16:00:00,2186.5
2024-01-12 23:00:00,2189.0
2024-01-15 08:00:00,2195.5
2024-01-15 09:00:00,2186.5
2024-01-15 13:00:00,2202.5
2024-01-15 14:00:00,2198.0
2024-01-15 15:00:00,2196.0
2024-01-15 16:00:00,2205.0
2024-01-15 23:00:00,2206.5
2024-01-16 09:00:00,2207.0
2024-01-16 11:00:00,2203.0
2024-01-16 12:00:00,2207.5
2024-01-16 13:00:00,2207.0
2024-01-16 14:00:00,2206.5
2024-01-16 15:00:00,2208.0
2024-01-16 16:00:00,2205.5
2024-01-16 23:00:00,2204.5
2024-01-17 01:00:00,2204.5
2024-01-17 02:00:00,2204.5
2024-01-17 03:00:00,2204.5
2024-01-17 04:00:00,2204.5
2024-01-17 05:00:00,2204.5
2024-01-17 06:00:00,2204.5
2024-01-17 07:00:00,2204.5
2024-01-17 08:00:00,2204.5
2024-01-17 09:00:00,2175.0
2024-01-17 10:00:00,2173.5
2024-01-17 11:00:00,2159.5
2024-01-17 12:00:00,2158.5
2024-01-17 13:00:00,2158.0
2024-01-17 14:00:00,2167.5
2024-01-17 15:00:00,2165.0
2024-01-17 16:00:00,2164.5
2024-01-17 17:00:00,2164.5
2024-01-17 18:00:00,2164.5
2024-01-17 23:00:00,2165.0
2024-01-18 12:00:00,2156.0
2024-01-18 13:00:00,2159.0
2024-01-18 14:00:00,2165.5
2024-01-18 15:00:00,2167.5
2024-01-18 18:00:00,2179.0
2024-01-18 23:00:00,2184.0
2024-01-19 12:00:00,2205.0
2024-01-19 13:00:00,2218.0
2024-01-19 14:00:00,2216.5
2024-01-19 15:00:00,2221.5
2024-01-19 15:00:01,2221.5
2024-01-19 16:00:00,2224.0
2024-01-19 17:00:00,2223.0
2024-01-19 23:00:00,2226.0
2024-01-22 12:00:00,2222.0
2024-01-22 13:00:00,2224.0
2024-01-22 23:00:00,2247.0
2024-01-23 13:00:00,2284.0
2024-01-23 15:00:00,2290.5
2024-01-23 16:00:00,2291.0
2024-01-23 23:00:00,2293.0
2024-01-24 10:00:00,2307.5
2024-01-24 11:00:00,2307.5
2024-01-24 12:00:00,2294.0
2024-01-24 15:00:00,2294.0
2024-01-24 16:00:00,2274.0
2024-01-24 23:00:00,2291.5
2024-01-25 12:00:00,2291.0
2024-01-25 13:00:00,2279.5
2024-01-25 14:00:00,2278.0
2024-01-25 15:00:00,2262.5
2024-01-25 16:00:00,2276.5
2024-01-25 17:00:00,2269.5
2024-01-25 18:00:00,2273.5
2024-01-25 23:00:00,2279.0
2024-01-26 07:00:00,2260.0
2024-01-26 08:00:00,2257.0
2024-01-26 09:00:00,2262.0
2024-01-26 10:00:00,2263.0
2024-01-26 23:00:00,2292.0
2024-01-29 12:00:00,2295.5
2024-01-29 13:00:00,2293.5
2024-01-29 16:00:00,2299.5
2024-01-29 23:00:00,2300.5
2024-01-30 13:00:00,2284.0
2024-01-30 14:00:00,2288.0
2024-01-30 15:00:00,2289.5
2024-01-30 16:00:00,2304.5
2024-01-30 18:00:00,2301.0
2024-01-30 23:00:00,2304.5
2024-01-31 10:00:00,2295.0
2024-01-31 15:00:00,2286.0
2024-01-31 16:00:00,2280.0
2024-01-31 23:00:00,2285.5
2024-02-01 13:00:00,2269.0
2024-02-01 14:00:00,2269.5
2024-02-01 15:00:00,2272.5
2024-02-01 16:00:00,2277.5
2024-02-01 17:00:00,2268.5
2024-02-01 23:00:00,2277.5
2024-02-02 23:00:00,2270.5
2024-02-05 10:00:00,2253.0
2024-02-05 11:00:00,2251.5
2024-02-05 12:00:00,2247.5
2024-02-05 14:00:00,2247.5
2024-02-05 15:00:00,2239.5
2024-02-05 16:00:00,2237.0
2024-02-05 23:00:00,2234.0
2024-02-06 14:00:00,2241.5
2024-02-06 15:00:00,2236.5
2024-02-06 17:00:00,2236.5
2024-02-06 23:00:00,2234.0
2024-02-07 09:00:00,2226.0
2024-02-07 10:00:00,2224.5
2024-02-07 13:00:00,2224.5
2024-02-07 14:00:00,2236.0
2024-02-07 16:00:00,2229.5
2024-02-07 23:00:00,2219.0
2024-02-08 13:00:00,2201.0
2024-02-08 14:00:00,2182.5
2024-02-08 15:00:00,2183.5
2024-02-08 16:00:00,2173.0
2024-02-08 23:00:00,2172.5
2024-02-09 10:00:00,2153.0
2024-02-09 12:00:00,2153.0
2024-02-09 16:00:00,2152.0
2024-02-09 17:00:00,2154.0
2024-02-09 23:00:00,2152.0
2024-02-12 08:00:00,2152.0
2024-02-12 09:00:00,2152.0
2024-02-12 12:00:00,2165.5
2024-02-12 14:00:00,2152.5
2024-02-12 15:00:00,2144.0
2024-02-12 16:00:00,2144.0
2024-02-12 23:00:00,2141.0
2024-02-13 16:00:00,2114.0
2024-02-13 23:00:00,2117.0
2024-02-14 11:00:00,2117.0
2024-02-14 14:00:00,2144.5
2024-02-14 14:00:01,2144.5
2024-02-14 23:00:00,2150.0
2024-02-15 01:00:00,2158.5
2024-02-15 02:00:00,2172.5
2024-02-15 03:00:00,2170.5
2024-02-15 04:00:00,2171.5
2024-02-15 05:00:00,2172.5
2024-02-15 06:00:00,2170.5
2024-02-15 07:00:00,2173.5
2024-02-15 08:00:00,2181.5
2024-02-15 09:00:00,2174.5
2024-02-15 10:00:00,2175.5
2024-02-15 11:00:00,2177.0
2024-02-15 12:00:00,2179.5
2024-02-15 13:00:00,2192.0
2024-02-15 14:00:00,2188.0
2024-02-15 15:00:00,2186.5
2024-02-15 16:00:00,2177.0
2024-02-15 17:00:00,2178.0
2024-02-15 18:00:00,2181.5
2024-02-15 23:00:00,2175.5
2024-02-16 23:00:00,2199.0
2024-02-19 13:00:00,2173.5
2024-02-19 23:00:00,2176.5
2024-02-20 14:00:00,2176.5
2024-02-20 16:00:00,2181.5
2024-02-20 23:00:00,2181.5
2024-02-21 13:00:00,2208.5
2024-02-21 14:00:00,2199.5
2024-02-21 17:00:00,2209.0
2024-02-21 23:00:00,2210.5
2024-02-22 10:00:00,2209.0
2024-02-22 11:00:00,2208.0
2024-02-22 12:00:00,2208.0
2024-02-22 13:00:00,2207.0
2024-02-22 14:00:00,2206.5
2024-02-22 15:00:00,2206.5
2024-02-22 16:00:00,2217.5
2024-02-22 23:00:00,2220.5
2024-02-23 12:00:00,2216.5
2024-02-23 14:00:00,2216.5
2024-02-23 16:00:00,2229.5
2024-02-23 23:00:00,2229.0
2024-02-26 09:00:00,2213.0
2024-02-26 12:00:00,2225.5
2024-02-26 13:00:00,2227.5
2024-02-26 14:00:00,2225.5
2024-02-26 16:00:00,2216.5
2024-02-26 23:00:00,2229.0
2024-02-27 11:00:00,2236.5
2024-02-27 12:00:00,2236.5
2024-02-27 14:00:00,2236.5
2024-02-27 15:00:00,2220.5
2024-02-27 16:00:00,2221.5
2024-02-27 18:00:00,2210.0
2024-02-27 23:00:00,2222.5
2024-02-28 09:00:00,2211.5
2024-02-28 13:00:00,2211.5
2024-02-28 14:00:00,2208.0
2024-02-28 15:00:00,2208.0
2024-02-28 16:00:00,2205.5
2024-02-28 23:00:00,2214.5
2024-02-29 12:00:00,2201.0
2024-02-29 13:00:00,2201.0
2024-02-29 17:00:00,2200.0
2024-02-29 18:00:00,2195.5
2024-02-29 23:00:00,2189.5
2024-03-01 12:00:00,2179.5
2024-03-01 14:00:00,2179.5
2024-03-01 15:00:00,2175.0
2024-03-01 16:00:00,2172.0
2024-03-01 17:00:00,2168.5
2024-03-01 18:00:00,2168.5
2024-03-01 23:00:00,2162.5
2024-03-04 09:00:00,2168.5
2024-03-04 13:00:00,2168.5
2024-03-04 17:00:00,2178.0
2024-03-04 23:00:00,2179.5
2024-03-05 15:00:00,2172.5
2024-03-05 16:00:00,2168.5
2024-03-05 17:00:00,2177.5
2024-03-05 23:00:00,2173.0
2024-03-06 10:00:00,2189.5
2024-03-06 23:00:00,2192.0
2024-03-07 13:00:00,2192.0
2024-03-07 23:00:00,2235.5
2024-03-08 08:00:00,2256.5
2024-03-08 13:00:00,2256.5
2024-03-08 14:00:00,2239.5
2024-03-08 16:00:00,2229.5
2024-03-08 23:00:00,2231.5
2024-03-11 12:00:00,2231.5
2024-03-11 15:00:00,2231.5
2024-03-11 16:00:00,2247.5
2024-03-11 23:00:00,2252.0
2024-03-12 10:00:00,2270.5
2024-03-12 12:00:00,2269.5
2024-03-12 14:00:00,2254.5
2024-03-12 15:00:00,2266.5
2024-03-12 16:00:00,2271.0
2024-03-12 23:00:00,2270.5
2024-03-13 10:00:00,2270.5
2024-03-13 12:00:00,2289.0
2024-03-13 23:00:00,2296.5
2024-03-14 09:00:00,2296.5
2024-03-14 11:00:00,2296.5
2024-03-14 12:00:00,2296.5
2024-03-14 13:00:00,2296.5
2024-03-14 14:00:00,2271.0
2024-03-14 15:00:00,2271.0
2024-03-14 16:00:00,2282.5
2024-03-14 23:00:00,2283.5
2024-03-15 08:00:00,2263.0
2024-03-15 09:00:00,2263.0
2024-03-15 12:00:00,2245.0
2024-03-15 16:00:00,2248.5
2024-03-15 23:00:00,2251.0
2024-03-18 11:00:00,2251.0
2024-03-18 12:00:00,2251.0
2024-03-18 13:00:00,2251.0
2024-03-18 14:00:00,2251.0
2024-03-18 15:00:00,2229.0
2024-03-18 16:00:00,2215.5
2024-03-18 18:00:00,2215.5
2024-03-18 23:00:00,2211.0
2024-03-19 01:00:00,2211.0
2024-03-19 02:00:00,2211.0
2024-03-19 03:00:00,2211.0
2024-03-19 04:00:00,2211.0
2024-03-19 05:00:00,2211.0
2024-03-19 06:00:00,2211.0
2024-03-19 07:00:00,2211.0
2024-03-19 08:00:00,2202.5
2024-03-19 09:00:00,2202.5
2024-03-19 10:00:00,2202.5
2024-03-19 11:00:00,2202.5
2024-03-19 12:00:00,2209.5
2024-03-19 13:00:00,2217.0
2024-03-19 14:00:00,2216.0
2024-03-19 15:00:00,2219.5
2024-03-19 16:00:00,2221.0
2024-03-19 17:00:00,2221.0
2024-03-19 18:00:00,2221.0
2024-03-19 23:00:00,2213.0
2024-03-20 08:00:00,2213.0
2024-03-20 09:00:00,2186.0
2024-03-20 10:00:00,2188.0
2024-03-20 11:00:00,2187.5
2024-03-20 12:00:00,2185.5
2024-03-20 13:00:00,2203.0
2024-03-20 14:00:00,2201.5
2024-03-20 14:00:01,2201.5
2024-03-20 16:00:00,2192.5
2024-03-20 23:00:00,2192.0
2024-03-21 08:00:00,2192.0
2024-03-21 11:00:00,2189.0
2024-03-21 12:00:00,2188.5
2024-03-21 13:00:00,2201.0
2024-03-21 15:00:00,2179.5
2024-03-21 17:00:00,2181.5
2024-03-21 23:00:00,2178.0
2024-03-22 09:00:00,2168.0
2024-03-22 12:00:00,2162.5
2024-03-22 13:00:00,2167.5
2024-03-22 14:00:00,2162.0
2024-03-22 23:00:00,2164.0
2024-03-25 09:00:00,2157.5
2024-03-25 10:00:00,2157.5
2024-03-25 11:00:00,2154.5
2024-03-25 13:00:00,2156.5
2024-03-25 14:00:00,2158.5
2024-03-25 23:00:00,2161.5
2024-03-26 09:00:00,2154.5
2024-03-26 10:00:00,2153.0
2024-03-26 12:00:00,2150.5
2024-03-26 13:00:00,2149.0
2024-03-26 14:00:00,2144.0
2024-03-26 15:00:00,2143.0
2024-03-26 16:00:00,2143.0
2024-03-26 18:00:00,2141.5
2024-03-26 23:00:00,2144.5
2024-03-27 08:00:00,2134.5
2024-03-27 09:00:00,2128.5
2024-03-27 11:00:00,2126.5
2024-03-27 12:00:00,2128.0
2024-03-27 13:00:00,2131.5
2024-03-27 14:00:00,2131.5
2024-03-27 15:00:00,2131.0
2024-03-27 16:00:00,2127.0
2024-03-27 17:00:00,2127.5
2024-03-27 23:00:00,2127.0
2024-03-28 09:00:00,2127.5
2024-03-28 10:00:00,2131.5
2024-03-28 11:00:00,2128.5
2024-03-28 12:00:00,2125.5
2024-03-28 13:00:00,2136.0
2024-03-28 14:00:00,2160.0
2024-03-28 15:00:00,2172.0
2024-03-28 16:00:00,2177.5
2024-03-28 17:00:00,2181.5
2024-03-28 23:00:00,2180.0
2024-04-02 23:00:00,2142.5
2024-04-03 23:00:00,2204.0
2024-04-04 23:00:00,2260.5
2024-04-05 23:00:00,2246.0
2024-04-08 23:00:00,2265.5
2024-04-09 23:00:00,2282.0
2024-04-10 23:00:00,2295.0
2024-04-11 23:00:00,2262.5
2024-04-12 23:00:00,2295.0
2024-04-15 23:00:00,2302.5
2024-04-16 23:00:00,2265.0
2024-04-17 23:00:00,2272.0
2024-04-18 23:00:00,2299.0
2024-04-19 23:00:00,2340.0
2024-04-22 23:00:00,2289.5
2024-04-23 23:00:00,2303.5
2024-04-24 23:00:00,2315.0
2024-04-25 23:00:00,2327.0
2024-04-26 23:00:00,2326.5
2024-04-29 23:00:00,2349.0
2024-04-30 23:00:00,2335.0
2024-05-01 23:00:00,2296.5
2024-05-02 23:00:00,2293.0
2024-05-03 23:00:00,2328.0
2024-05-07 23:00:00,2354.5
2024-05-08 23:00:00,2339.5
2024-05-09 23:00:00,2343.5
2024-05-10 23:00:00,2330.5
2024-05-13 23:00:00,2356.5
2024-05-14 23:00:00,2364.0
2024-05-15 23:00:00,2374.0
2024-05-16 23:00:00,2396.5
2024-05-17 23:00:00,2387.0
2024-05-20 23:00:00,2441.0
2024-05-21 23:00:00,2436.0
2024-05-22 23:00:00,2414.5
2024-05-23 23:00:00,2406.0
2024-05-24 23:00:00,2397.0
2024-05-28 23:00:00,2438.5
2024-05-29 23:00:00,2410.0
2024-05-30 23:00:00,2366.5
2024-05-31 23:00:00,2365.0
2024-06-03 23:00:00,2375.0
2024-06-04 23:00:00,2329.0
2024-06-05 23:00:00,2316.0
2024-06-06 06:00:00,2316.0
2024-06-06 07:00:00,2316.0
2024-06-06 08:00:00,2316.0
2024-06-06 09:00:00,2316.0
2024-06-06 10:00:00,2316.0
2024-06-06 11:00:00,2316.0
2024-06-06 12:00:00,2316.0
2024-06-06 13:00:00,2316.0
2024-06-06 14:00:00,2316.0
2024-06-06 15:00:00,2316.0
2024-06-06 16:00:00,2316.0
2024-06-06 17:00:00,2316.0
2024-06-06 18:00:00,2316.0
2024-06-06 23:00:00,2328.0
2024-06-07 08:00:00,2328.0
2024-06-07 09:00:00,2328.0
2024-06-07 10:00:00,2328.0
2024-06-07 11:00:00,2328.0
2024-06-07 12:00:00,2328.0
2024-06-07 13:00:00,2302.0
2024-06-07 14:00:00,2299.0
2024-06-07 15:00:00,2294.0
2024-06-07 16:00:00,2280.5
2024-06-07 17:00:00,2283.5
2024-06-07 18:00:00,2276.5
2024-06-07 23:00:00,2286.0
2024-06-10 11:00:00,2273.5
2024-06-10 12:00:00,2273.5
2024-06-10 13:00:00,2273.5
2024-06-10 14:00:00,2273.5
2024-06-10 15:00:00,2273.5
2024-06-10 16:00:00,2273.5
2024-06-10 17:00:00,2273.5
2024-06-10 18:00:00,2273.5
2024-06-10 23:00:00,2291.0
2024-06-11 01:00:00,2291.0
2024-06-11 02:00:00,2291.0
2024-06-11 03:00:00,2291.0
2024-06-11 04:00:00,2291.0
2024-06-11 05:00:00,2291.0
2024-06-11 06:00:00,2291.0
2024-06-11 07:00:00,2291.0
2024-06-11 08:00:00,2291.0
2024-06-11 09:00:00,2291.0
2024-06-11 10:00:00,2291.0
2024-06-11 11:00:00,2291.0
2024-06-11 12:00:00,2291.0
2024-06-11 13:00:00,2291.0
2024-06-11 14:00:00,2291.0
2024-06-11 15:00:00,2291.0
2024-06-11 16:00:00,2240.0
2024-06-11 17:00:00,2240.0
2024-06-11 18:00:00,2240.0
2024-06-11 23:00:00,2242.0
2024-06-12 12:00:00,2246.0
2024-06-12 13:00:00,2246.0
2024-06-12 14:00:00,2246.0
2024-06-12 15:00:00,2246.0
2024-06-12 16:00:00,2258.5
2024-06-12 17:00:00,2260.5
2024-06-12 18:00:00,2260.5
2024-06-12 23:00:00,2258.5
2024-06-13 13:00:00,2259.0
2024-06-13 14:00:00,2259.0
2024-06-13 15:00:00,2259.0
2024-06-13 16:00:00,2259.0
2024-06-13 17:00:00,2248.0
2024-06-13 18:00:00,2247.0
2024-06-13 23:00:00,2251.5
2024-06-14 07:00:00,2251.5
2024-06-14 08:00:00,2251.5
2024-06-14 09:00:00,2241.0
2024-06-14 10:00:00,2241.0
2024-06-14 11:00:00,2241.0
2024-06-14 12:00:00,2241.0
2024-06-14 13:00:00,2241.0
2024-06-14 14:00:00,2241.0
2024-06-14 15:00:00,2241.0
2024-06-14 16:00:00,2241.0
2024-06-14 17:00:00,2241.0
2024-06-14 18:00:00,2241.0
2024-06-14 23:00:00,2226.5
2024-06-17 07:00:00,2226.5
2024-06-17 08:00:00,2232.5
2024-06-17 09:00:00,2232.5
2024-06-17 10:00:00,2232.5
2024-06-17 11:00:00,2229.5
2024-06-17 12:00:00,2229.5
2024-06-17 13:00:00,2229.5
2024-06-17 14:00:00,2229.5
2024-06-17 15:00:00,2229.5
2024-06-17 16:00:00,2229.5
2024-06-17 17:00:00,2229.5
2024-06-17 18:00:00,2229.5
2024-06-17 23:00:00,2241.0
2024-06-18 01:00:00,2241.0
2024-06-18 02:00:00,2241.0
2024-06-18 03:00:00,2241.0
2024-06-18 04:00:00,2241.0
2024-06-18 05:00:00,2241.0
2024-06-18 06:00:00,2241.0
2024-06-18 07:00:00,2241.0
2024-06-18 08:00:00,2241.0
2024-06-18 09:00:00,2241.0
2024-06-18 10:00:00,2241.0
2024-06-18 11:00:00,2241.0
2024-06-18 12:00:00,2241.0
2024-06-18 13:00:00,2249.5
2024-06-18 14:00:00,2271.5
2024-06-18 15:00:00,2271.0
2024-06-18 16:00:00,2272.0
2024-06-18 17:00:00,2280.0
2024-06-18 18:00:00,2280.0
2024-06-18 23:00:00,2276.0
2024-06-19 02:00:00,2276.0
2024-06-19 03:00:00,2276.0
2024-06-19 04:00:00,2276.0
2024-06-19 05:00:00,2276.0
2024-06-19 06:00:00,2276.0
2024-06-19 07:00:00,2320.5
2024-06-19 08:00:00,2332.5
2024-06-19 09:00:00,2332.5
2024-06-19 10:00:00,2332.5
2024-06-19 11:00:00,2332.5
2024-06-19 12:00:00,2325.0
2024-06-19 13:00:00,2325.0
2024-06-19 14:00:00,2299.0
2024-06-19 15:00:00,2276.5
2024-06-19 16:00:00,2284.5
2024-06-19 17:00:00,2284.5
2024-06-19 18:00:00,2284.5
2024-06-19 23:00:00,2284.0
2024-06-20 08:00:00,2264.5
2024-06-20 09:00:00,2264.5
2024-06-20 10:00:00,2264.5
2024-06-20 11:00:00,2264.5
2024-06-20 12:00:00,2264.5
2024-06-20 13:00:00,2264.5
2024-06-20 14:00:00,2264.5
2024-06-20 15:00:00,2264.5
2024-06-20 16:00:00,2264.5
2024-06-20 17:00:00,2264.5
2024-06-20 18:00:00,2264.5
2024-06-20 23:00:00,2308.5
2024-06-21 07:00:00,2308.5
2024-06-21 08:00:00,2308.5
2024-06-21 09:00:00,2308.5
2024-06-21 10:00:00,2308.5
2024-06-21 11:00:00,2308.5
2024-06-21 12:00:00,2308.5
2024-06-21 13:00:00,2308.5
2024-06-21 14:00:00,2308.5
2024-06-21 15:00:00,2308.5
2024-06-21 16:00:00,2308.5
2024-06-21 17:00:00,2283.0
2024-06-21 18:00:00,2283.0
2024-06-21 23:00:00,2277.5
2024-06-24 10:00:00,2277.5
2024-06-24 11:00:00,2277.5
2024-06-24 12:00:00,2277.5
2024-06-24 13:00:00,2277.5
2024-06-24 14:00:00,2277.5
2024-06-24 15:00:00,2277.5
2024-06-24 16:00:00,2277.5
2024-06-24 17:00:00,2277.5
2024-06-24 18:00:00,2245.5
2024-06-24 23:00:00,2265.0
2024-06-25 12:00:00,2265.0
2024-06-25 13:00:00,2246.5
2024-06-25 14:00:00,2263.0
2024-06-25 15:00:00,2263.0
2024-06-25 16:00:00,2263.0
2024-06-25 17:00:00,2263.0
2024-06-25 18:00:00,2263.0
2024-06-25 23:00:00,2294.0
2024-06-26 07:00:00,2294.0
2024-06-26 08:00:00,2294.0
2024-06-26 09:00:00,2294.0
2024-06-26 10:00:00,2294.0
2024-06-26 11:00:00,2294.0
2024-06-26 12:00:00,2279.0
2024-06-26 13:00:00,2279.0
2024-06-26 14:00:00,2282.0
2024-06-26 15:00:00,2282.0
2024-06-26 16:00:00,2286.5
2024-06-26 17:00:00,2286.5
2024-06-26 18:00:00,2286.5
2024-06-26 23:00:00,2279.0
2024-06-27 12:00:00,2279.0
2024-06-27 13:00:00,2279.0
2024-06-27 14:00:00,2279.0
2024-06-27 15:00:00,2279.0
2024-06-27 16:00:00,2265.0
2024-06-27 17:00:00,2265.0
2024-06-27 18:00:00,2265.0
2024-06-27 23:00:00,2262.0
2024-06-28 13:00:00,2262.0
2024-06-28 14:00:00,2262.0
2024-06-28 15:00:00,2289.5
2024-06-28 16:00:00,2289.5
2024-06-28 17:00:00,2289.5
2024-06-28 18:00:00,2289.5
2024-06-28 23:00:00,2308.5
2024-07-01 08:00:00,2308.5
2024-07-01 09:00:00,2308.5
2024-07-01 10:00:00,2308.5
2024-07-01 11:00:00,2308.5
2024-07-01 12:00:00,2308.5
2024-07-01 13:00:00,2308.5
2024-07-01 14:00:00,2308.5
2024-07-01 15:00:00,2308.5
2024-07-01 16:00:00,2308.5
2024-07-01 17:00:00,2308.5
2024-07-01 18:00:00,2308.5
2024-07-01 23:00:00,2302.0
2024-07-02 09:00:00,2304.5
2024-07-02 10:00:00,2304.5
2024-07-02 11:00:00,2304.5
2024-07-02 12:00:00,2304.5
2024-07-02 13:00:00,2315.5
2024-07-02 14:00:00,2311.0
2024-07-02 15:00:00,2304.5
2024-07-02 16:00:00,2284.5
2024-07-02 17:00:00,2281.5
2024-07-02 18:00:00,2281.5
2024-07-02 23:00:00,2284.5
2024-07-03 12:00:00,2289.5
2024-07-03 13:00:00,2296.0
2024-07-03 14:00:00,2288.5
2024-07-03 15:00:00,2293.5
2024-07-03 16:00:00,2299.0
2024-07-03 17:00:00,2299.0
2024-07-03 18:00:00,2299.0
2024-07-03 23:00:00,2301.5
2024-07-04 12:00:00,2296.0
2024-07-04 13:00:00,2290.5
2024-07-04 14:00:00,2310.5
2024-07-04 15:00:00,2302.5
2024-07-04 16:00:00,2300.0
2024-07-04 17:00:00,2300.0
2024-07-04 18:00:00,2300.0
2024-07-04 23:00:00,2306.5
2024-07-05 10:00:00,2311.5
2024-07-05 11:00:00,2314.5
2024-07-05 12:00:00,2314.0
2024-07-05 13:00:00,2314.0
2024-07-05 14:00:00,2309.5
2024-07-05 15:00:00,2321.0
2024-07-05 16:00:00,2325.0
2024-07-05 17:00:00,2317.5
2024-07-05 18:00:00,2317.5
2024-07-05 23:00:00,2317.5
2024-07-08 23:00:00,2305.5
2024-07-09 23:00:00,2266.5
2024-07-10 23:00:00,2248.0
2024-07-11 23:00:00,2265.0
2024-07-12 23:00:00,2277.5
2024-07-15 23:00:00,2252.5
2024-07-16 23:00:00,2248.5
2024-07-17 23:00:00,2255.5
2024-07-18 23:00:00,2220.5
2024-07-19 23:00:00,2190.5
2024-07-22 23:00:00,2145.5
2024-07-23 23:00:00,2121.0
2024-07-24 23:00:00,2112.5
2024-07-25 23:00:00,2095.0
2024-07-26 23:00:00,2142.5
2024-07-29 23:00:00,2132.0
2024-07-30 23:00:00,2098.5
2024-07-31 23:00:00,2155.0
2024-08-01 23:00:00,2130.5
2024-08-02 23:00:00,2091.0
2024-08-05 23:00:00,1989.0
2024-08-06 23:00:00,2013.5
2024-08-07 23:00:00,2027.5
2024-08-08 23:00:00,2026.0
2024-08-09 23:00:00,2100.0
2024-08-12 23:00:00,2110.0
2024-08-13 23:00:00,2051.5
2024-08-14 23:00:00,2070.5
2024-08-15 23:00:00,2095.0
2024-08-16 23:00:00,2095.0
2024-08-19 23:00:00,2094.5
2024-08-20 23:00:00,2112.5
2024-08-21 23:00:00,2145.5
2024-08-22 23:00:00,2120.0
2024-08-23 23:00:00,2181.5
2024-08-27 23:00:00,2183.5
2024-08-28 23:00:00,2139.0
2024-08-29 23:00:00,2088.0
2024-08-30 23:00:00,2112.5
2024-09-02 23:00:00,2118.0
2024-09-03 23:00:00,2107.5
2024-09-04 23:00:00,2076.0
2024-09-05 23:00:00,2049.5
2024-09-06 23:00:00,2017.5
2024-09-09 23:00:00,2006.5
2024-09-10 23:00:00,2010.5
2024-09-11 23:00:00,2045.0
2024-09-12 23:00:00,2083.5
2024-09-13 23:00:00,2099.5
2024-09-16 23:00:00,2092.5
2024-09-17 23:00:00,2071.0
2024-09-18 23:00:00,2093.5
2024-09-19 23:00:00,2130.5
2024-09-20 23:00:00,2108.5
2024-09-23 23:00:00,2106.5
2024-09-24 23:00:00,2134.5
2024-09-25 23:00:00,2147.0
2024-09-26 23:00:00,2185.0
2024-09-27 23:00:00,2166.0
2024-09-30 23:00:00,2140.5
2024-10-01 23:00:00,2150.0
2024-10-02 23:00:00,2192.5
2024-10-03 23:00:00,2183.0
2024-10-04 23:00:00,2191.0
2024-10-07 23:00:00,2187.0
2024-10-08 23:00:00,2141.0
2024-10-09 23:00:00,2098.5
2024-10-10 23:00:00,2102.5
2024-10-11 23:00:00,2133.0
2024-10-14 23:00:00,2099.0
2024-10-15 23:00:00,2113.5
2024-10-16 23:00:00,2122.0
2024-10-17 23:00:00,2106.0
2024-10-18 23:00:00,2109.0
2024-10-21 23:00:00,2092.5
2024-10-22 23:00:00,2105.5
2024-10-23 23:00:00,2099.0
2024-10-24 23:00:00,2112.0
2024-10-25 23:00:00,2082.0
2024-10-28 23:00:00,2061.0
2024-10-29 23:00:00,2032.5
2024-10-30 23:00:00,2033.5
2024-10-31 23:00:00,2051.0
2024-11-01 23:00:00,2084.0
2024-11-04 23:00:00,2060.0
2024-11-05 23:00:00,2054.5
2024-11-06 23:00:00,2075.0
2024-11-07 23:00:00,2065.0
2024-11-08 23:00:00,2051.0
2024-11-11 23:00:00,2049.5
2024-11-12 23:00:00,2050.0
2024-11-13 23:00:00,2036.5
2024-11-14 23:00:00,1987.5
2024-11-15 23:00:00,1985.0
2024-11-18 23:00:00,2020.5
2024-11-19 23:00:00,2034.0
2024-11-20 23:00:00,2053.0
2024-11-21 23:00:00,2034.0
2024-11-22 23:00:00,2057.0
2024-11-25 23:00:00,2059.0
2024-11-26 23:00:00,2052.5
2024-11-27 23:00:00,2087.5
2024-11-28 23:00:00,2089.5
2024-11-29 23:00:00,2107.0
2024-12-02 23:00:00,2107.5
2024-12-03 23:00:00,2111.5
2024-12-04 23:00:00,2120.0
2024-12-05 23:00:00,2132.5
2024-12-06 23:00:00,2103.0
2024-12-09 05:00:00,2103.0
2024-12-09 06:00:00,2103.0
2024-12-09 07:00:00,2103.0
2024-12-09 08:00:00,2103.0
2024-12-09 09:00:00,2103.0
2024-12-09 10:00:00,2103.0
2024-12-09 11:00:00,2103.0
2024-12-09 12:00:00,2103.0
2024-12-09 13:00:00,2103.0
2024-12-09 14:00:00,2103.0
2024-12-09 15:00:00,2103.0
2024-12-09 16:00:00,2097.0
2024-12-09 17:00:00,2097.0
2024-12-09 18:00:00,2097.0
2024-12-09 23:00:00,2096.0
2024-12-10 07:00:00,2089.0
2024-12-10 08:00:00,2089.0
2024-12-10 09:00:00,2089.0
2024-12-10 10:00:00,2089.0
2024-12-10 11:00:00,2089.0
2024-12-10 12:00:00,2089.0
2024-12-10 13:00:00,2089.0
2024-12-10 14:00:00,2089.0
2024-12-10 15:00:00,2089.0
2024-12-10 16:00:00,2089.0
2024-12-10 17:00:00,2089.0
2024-12-10 18:00:00,2089.0
2024-12-10 23:00:00,2093.0
2024-12-11 08:00:00,2092.0
2024-12-11 09:00:00,2092.0
2024-12-11 10:00:00,2092.0
2024-12-11 11:00:00,2092.0
2024-12-11 12:00:00,2092.0
2024-12-11 13:00:00,2092.0
2024-12-11 14:00:00,2092.0
2024-12-11 15:00:00,2092.0
2024-12-11 16:00:00,2092.0
2024-12-11 17:00:00,2064.5
2024-12-11 18:00:00,2064.5
2024-12-11 23:00:00,2068.5
2024-12-12 06:00:00,2060.0
2024-12-12 07:00:00,2056.0
2024-12-12 08:00:00,2057.0
2024-12-12 09:00:00,2055.5
2024-12-12 10:00:00,2055.5
2024-12-12 11:00:00,2055.5
2024-12-12 12:00:00,2044.0
2024-12-12 13:00:00,2044.0
2024-12-12 14:00:00,2044.0
2024-12-12 15:00:00,2044.0
2024-12-12 16:00:00,2031.5
2024-12-12 17:00:00,2031.5
2024-12-12 18:00:00,2031.5
2024-12-12 23:00:00,2029.0
2024-12-13 11:00:00,2029.0
2024-12-13 12:00:00,2029.0
2024-12-13 13:00:00,2025.5
2024-12-13 14:00:00,2019.5
2024-12-13 15:00:00,2018.0
2024-12-13 16:00:00,2034.0
2024-12-13 17:00:00,2039.0
2024-12-13 18:00:00,2039.0
2024-12-13 23:00:00,2034.0
2024-12-16 10:00:00,2034.0
2024-12-16 11:00:00,2034.0
2024-12-16 12:00:00,2034.0
2024-12-16 13:00:00,2034.0
2024-12-16 14:00:00,2027.0
2024-12-16 15:00:00,2027.0
2024-12-16 16:00:00,2028.5
2024-12-16 17:00:00,2022.0
2024-12-16 18:00:00,2022.0
2024-12-16 23:00:00,2024.5
2024-12-17 08:00:00,2024.5
2024-12-17 09:00:00,2024.5
2024-12-17 10:00:00,2021.0
2024-12-17 11:00:00,2021.0
2024-12-17 12:00:00,2021.0
2024-12-17 13:00:00,2029.0
2024-12-17 14:00:00,2025.5
2024-12-17 15:00:00,2017.0
2024-12-17 16:00:00,2008.0
2024-12-17 17:00:00,2008.0
2024-12-17 18:00:00,2008.0
2024-12-17 23:00:00,2008.5
2024-12-18 07:00:00,2008.5
2024-12-18 08:00:00,2008.5
2024-12-18 09:00:00,2008.5
2024-12-18 10:00:00,2008.5
2024-12-18 11:00:00,2008.5
2024-12-18 12:00:00,2007.0
2024-12-18 13:00:00,2007.0
2024-12-18 14:00:00,1997.0
2024-12-18 15:00:00,1997.0
2024-12-18 16:00:00,1997.0
2024-12-18 17:00:00,1997.0
2024-12-18 18:00:00,1997.0
2024-12-18 23:00:00,2007.5
2024-12-19 01:00:00,2007.5
2024-12-19 02:00:00,2007.5
2024-12-19 03:00:00,2007.5
2024-12-19 04:00:00,2007.5
2024-12-19 05:00:00,2007.5
2024-12-19 06:00:00,2007.5
2024-12-19 07:00:00,2007.5
2024-12-19 08:00:00,2007.5
2024-12-19 09:00:00,2007.5
2024-12-19 10:00:00,2007.5
2024-12-19 11:00:00,2007.5
2024-12-19 12:00:00,2007.5
2024-12-19 13:00:00,1991.0
2024-12-19 14:00:00,1988.5
2024-12-19 15:00:00,1987.0
2024-12-19 16:00:00,1987.0
2024-12-19 17:00:00,1987.0
2024-12-19 18:00:00,1987.0
2024-12-19 23:00:00,1998.5
2024-12-20 08:00:00,1998.5
2024-12-20 09:00:00,1998.5
2024-12-20 10:00:00,1998.5
2024-12-20 11:00:00,1998.5
2024-12-20 12:00:00,1998.5
2024-12-20 13:00:00,1998.5
2024-12-20 14:00:00,1998.5
2024-12-20 15:00:00,1998.5
2024-12-20 16:00:00,1998.5
2024-12-20 17:00:00,1998.5
2024-12-20 18:00:00,1998.5
2024-12-20 23:00:00,2008.0
2024-12-23 09:00:00,2027.5
2024-12-23 10:00:00,2027.5
2024-12-23 11:00:00,2028.0
2024-12-23 12:00:00,2028.0
2024-12-23 13:00:00,2028.0
2024-12-23 14:00:00,2028.0
2024-12-23 15:00:00,2028.0
2024-12-23 16:00:00,2028.0
2024-12-23 17:00:00,2028.0
2024-12-23 18:00:00,2028.0
2024-12-23 23:00:00,2014.5
2024-12-24 10:00:00,2014.5
2024-12-24 11:00:00,2014.5
2024-12-24 12:00:00,2014.5
2024-12-24 13:00:00,2014.5
2024-12-24 14:00:00,2014.5
2024-12-24 15:00:00,2012.5
2024-12-24 16:00:00,2012.5
2024-12-24 17:00:00,2012.5
2024-12-24 18:00:00,2012.5
2024-12-24 23:00:00,2012.5
2024-12-27 09:00:00,1988.5
2024-12-27 10:00:00,1988.5
2024-12-27 11:00:00,1988.5
2024-12-27 12:00:00,1988.5
2024-12-27 13:00:00,1988.5
2024-12-27 14:00:00,1988.5
2024-12-27 15:00:00,1988.5
2024-12-27 16:00:00,1988.5
2024-12-27 17:00:00,1988.5
2024-12-27 18:00:00,1988.5
2024-12-27 23:00:00,1992.0
2024-12-30 09:00:00,1992.0
2024-12-30 10:00:00,1992.0
2024-12-30 11:00:00,1992.0
2024-12-30 12:00:00,1992.0
2024-12-30 13:00:00,1992.0
2024-12-30 14:00:00,1992.0
2024-12-30 15:00:00,1992.0
2024-12-30 16:00:00,1992.0
2024-12-30 17:00:00,1992.0
2024-12-30 18:00:00,1992.0
2024-12-30 23:00:00,1969.0
2024-12-31 09:00:00,1975.0
2024-12-31 10:00:00,1975.0
2024-12-31 11:00:00,1975.0
2024-12-31 12:00:00,1975.0
2024-12-31 13:00:00,1981.5
2024-12-31 14:00:00,1981.5
2024-12-31 15:00:00,1985.0
2024-12-31 16:00:00,1985.0
2024-12-31 17:00:00,1985.0
2024-12-31 18:00:00,1987.0
2024-12-31 23:00:00,1980.0
2025-01-02 08:00:00,1987.0
2025-01-02 09:00:00,1987.0
2025-01-02 10:00:00,1987.0
2025-01-02 11:00:00,1987.0
2025-01-02 12:00:00,1987.0
2025-01-02 13:00:00,1987.0
2025-01-02 14:00:00,1970.0
2025-01-02 15:00:00,1970.0
2025-01-02 16:00:00,1960.5
2025-01-02 17:00:00,1959.0
2025-01-02 18:00:00,1959.0
2025-01-02 23:00:00,1961.5
2025-01-03 07:00:00,1955.5
2025-01-03 08:00:00,1955.5
2025-01-03 09:00:00,1947.5
2025-01-03 10:00:00,1947.5
2025-01-03 11:00:00,1947.5
2025-01-03 12:00:00,1947.5
2025-01-03 13:00:00,1947.5
2025-01-03 14:00:00,1954.0
2025-01-03 15:00:00,1954.0
2025-01-03 16:00:00,1951.5
2025-01-03 17:00:00,1951.5
2025-01-03 18:00:00,1951.5
2025-01-03 23:00:00,1948.5
2025-01-06 12:00:00,1971.0
2025-01-06 13:00:00,1969.5
2025-01-06 14:00:00,1964.0
2025-01-06 15:00:00,1967.5
2025-01-06 16:00:00,1971.5
2025-01-06 17:00:00,1972.0
2025-01-06 23:00:00,1970.5
2025-01-07 14:00:00,1965.0
2025-01-07 15:00:00,1964.0
2025-01-07 16:00:00,1967.0
2025-01-07 23:00:00,1981.5
2025-01-08 02:00:00,1981.5
2025-01-08 07:00:00,1997.5
2025-01-08 08:00:00,1997.5
2025-01-08 10:00:00,1987.5
2025-01-08 12:00:00,1977.5
2025-01-08 14:00:00,1972.5
2025-01-08 17:00:00,1954.0
2025-01-08 23:00:00,1962.0
2025-01-09 11:00:00,1967.0
2025-01-09 12:00:00,1959.5
2025-01-09 13:00:00,1959.5
2025-01-09 16:00:00,1952.5
2025-01-09 17:00:00,1952.5
2025-01-09 18:00:00,1952.5
2025-01-09 23:00:00,1951.0
2025-01-10 07:00:00,1982.5
2025-01-10 08:00:00,1982.5
2025-01-10 12:00:00,1998.5
2025-01-10 13:00:00,1992.5
2025-01-10 14:00:00,1994.5
2025-01-10 16:00:00,1997.5
2025-01-10 17:00:00,1997.5
2025-01-10 18:00:00,1997.5
2025-01-10 23:00:00,2001.0
2025-01-13 09:00:00,1986.0
2025-01-13 12:00:00,1981.5
2025-01-13 14:00:00,1967.5
2025-01-13 15:00:00,1969.5
2025-01-13 23:00:00,1983.0
2025-01-14 08:00:00,1962.0
2025-01-14 12:00:00,1962.0
2025-01-14 13:00:00,1962.0
2025-01-14 14:00:00,1979.5
2025-01-14 15:00:00,1979.5
2025-01-14 16:00:00,1994.0
2025-01-14 17:00:00,1994.0
2025-01-14 18:00:00,1994.0
2025-01-14 23:00:00,1990.5
2025-01-15 09:00:00,1956.5
2025-01-15 10:00:00,1956.5
2025-01-15 11:00:00,1956.5
2025-01-15 12:00:00,1956.5
2025-01-15 13:00:00,1956.5
2025-01-15 14:00:00,1956.5
2025-01-15 15:00:00,1969.0
2025-01-15 16:00:00,1961.0
2025-01-15 17:00:00,1961.0
2025-01-15 18:00:00,1961.0
2025-01-15 23:00:00,1969.0
2025-01-16 01:00:00,1969.0
2025-01-16 02:00:00,1969.0
2025-01-16 03:00:00,1969.0
2025-01-16 04:00:00,1969.0
2025-01-16 05:00:00,1969.0
2025-01-16 06:00:00,1969.0
2025-01-16 07:00:00,1969.0
2025-01-16 08:00:00,1980.0
2025-01-16 09:00:00,1980.0
2025-01-16 10:00:00,1980.0
2025-01-16 11:00:00,1980.0
2025-01-16 12:00:00,1980.0
2025-01-16 13:00:00,1980.0
2025-01-16 14:00:00,1980.0
2025-01-16 15:00:00,1980.0
2025-01-16 16:00:00,1992.0
2025-01-16 17:00:00,1992.0
2025-01-16 18:00:00,1992.0
2025-01-16 23:00:00,1996.5
2025-01-17 09:00:00,1996.5
2025-01-17 10:00:00,2002.5
2025-01-17 11:00:00,2002.5
2025-01-17 12:00:00,2001.5
2025-01-17 13:00:00,2001.5
2025-01-17 14:00:00,2001.5
2025-01-17 15:00:00,1999.0
2025-01-17 16:00:00,2000.5
2025-01-17 17:00:00,2000.5
2025-01-17 18:00:00,2000.5
2025-01-17 23:00:00,1994.0
2025-01-20 14:00:00,1994.0
2025-01-20 15:00:00,1994.0
2025-01-20 16:00:00,1994.0
2025-01-20 17:00:00,1994.0
2025-01-20 18:00:00,1994.0
2025-01-20 23:00:00,2007.0
2025-01-21 10:00:00,1973.0
2025-01-21 11:00:00,1975.5
2025-01-21 12:00:00,1969.5
2025-01-21 13:00:00,1963.0
2025-01-21 14:00:00,1971.0
2025-01-21 15:00:00,1969.5
2025-01-21 16:00:00,1995.0
2025-01-21 17:00:00,1995.0
2025-01-21 18:00:00,1995.0
2025-01-21 23:00:00,1993.0
2025-01-22 11:00:00,2003.5
2025-01-22 12:00:00,2003.5
2025-01-22 13:00:00,2003.5
2025-01-22 14:00:00,1999.5
2025-01-22 15:00:00,2001.5
2025-01-22 16:00:00,1991.5
2025-01-22 17:00:00,1991.5
2025-01-22 18:00:00,1991.5
2025-01-22 23:00:00,1988.5
2025-01-23 10:00:00,1988.5
2025-01-23 11:00:00,1988.5
2025-01-23 12:00:00,1988.5
2025-01-23 13:00:00,1988.5
2025-01-23 14:00:00,1983.0
2025-01-23 15:00:00,1985.0
2025-01-23 16:00:00,1985.0
2025-01-23 17:00:00,1985.0
2025-01-23 18:00:00,1985.0
2025-01-23 23:00:00,1967.5
2025-01-24 08:00:00,1983.0
2025-01-24 09:00:00,1983.0
2025-01-24 10:00:00,1983.0
2025-01-24 11:00:00,1983.0
2025-01-24 12:00:00,1983.0
2025-01-24 13:00:00,1983.0
2025-01-24 14:00:00,1973.5
2025-01-24 15:00:00,1971.5
2025-01-24 16:00:00,1964.5
2025-01-24 17:00:00,1964.5
2025-01-24 18:00:00,1964.5
2025-01-24 23:00:00,1958.5
2025-01-27 09:00:00,1958.5
2025-01-27 10:00:00,1958.5
2025-01-27 11:00:00,1958.5
2025-01-27 12:00:00,1958.5
2025-01-27 13:00:00,1958.5
2025-01-27 14:00:00,1958.5
2025-01-27 15:00:00,1965.5
2025-01-27 16:00:00,1965.5
2025-01-27 17:00:00,1965.5
2025-01-27 18:00:00,1965.5
2025-01-27 23:00:00,1967.0
2025-01-28 10:00:00,1953.5
2025-01-28 11:00:00,1953.5
2025-01-28 12:00:00,1953.5
2025-01-28 13:00:00,1945.0
2025-01-28 14:00:00,1945.0
2025-01-28 15:00:00,1951.0
2025-01-28 16:00:00,1951.0
2025-01-28 17:00:00,1951.0
2025-01-28 18:00:00,1951.0
2025-01-28 23:00:00,1956.5
2025-01-29 09:00:00,1969.0
2025-01-29 10:00:00,1969.0
2025-01-29 11:00:00,1969.0
2025-01-29 12:00:00,1980.0
2025-01-29 13:00:00,1980.0
2025-01-29 14:00:00,1986.0
2025-01-29 15:00:00,1986.0
2025-01-29 16:00:00,1986.0
2025-01-29 17:00:00,1986.0
2025-01-29 18:00:00,1986.0
2025-01-29 23:00:00,1983.5
2025-01-30 14:00:00,1998.5
2025-01-30 15:00:00,1998.5
2025-01-30 16:00:00,1998.5
2025-01-30 17:00:00,1998.5
2025-01-30 18:00:00,1998.5
2025-01-30 23:00:00,1988.5
2025-01-31 12:00:00,1988.5
2025-01-31 13:00:00,1988.5
2025-01-31 14:00:00,1977.5
2025-01-31 15:00:00,1977.5
2025-01-31 16:00:00,1977.5
2025-01-31 17:00:00,1977.5
2025-01-31 18:00:00,1977.5
2025-01-31 23:00:00,1977.5
2025-02-03 09:00:00,1963.0
2025-02-03 10:00:00,1963.0
2025-02-03 11:00:00,1963.0
2025-02-03 12:00:00,1963.0
2025-02-03 13:00:00,1963.0
2025-02-03 14:00:00,1963.0
2025-02-03 15:00:00,1963.0
2025-02-03 16:00:00,1963.0
2025-02-03 17:00:00,1963.0
2025-02-03 18:00:00,1963.0
2025-02-03 23:00:00,1964.5
2025-02-04 08:00:00,1963.5
2025-02-04 09:00:00,1963.5
2025-02-04 10:00:00,1963.5
2025-02-04 11:00:00,1963.5
2025-02-04 12:00:00,1963.5
2025-02-04 13:00:00,1963.5
2025-02-04 14:00:00,1963.5
2025-02-04 15:00:00,1963.5
2025-02-04 16:00:00,1963.5
2025-02-04 17:00:00,1963.5
2025-02-04 18:00:00,1963.5
2025-02-04 23:00:00,1989.0
2025-02-05 07:00:00,2000.0
2025-02-05 08:00:00,2000.0
2025-02-05 09:00:00,2006.0
2025-02-05 10:00:00,2006.0
2025-02-05 11:00:00,2006.0
2025-02-05 12:00:00,2006.0
2025-02-05 13:00:00,2006.0
2025-02-05 14:00:00,2006.0
2025-02-05 15:00:00,2006.0
2025-02-05 16:00:00,2006.0
2025-02-05 17:00:00,2019.5
2025-02-05 18:00:00,2019.5
2025-02-05 23:00:00,2022.0
2025-02-06 08:00:00,2029.0
2025-02-06 09:00:00,2029.0
2025-02-06 10:00:00,2029.0
2025-02-06 11:00:00,2029.0
2025-02-06 12:00:00,2029.0
2025-02-06 13:00:00,2029.0
2025-02-06 14:00:00,2029.0
2025-02-06 15:00:00,2029.0
2025-02-06 16:00:00,2013.5
2025-02-06 17:00:00,2013.5
2025-02-06 18:00:00,2008.0
2025-02-06 23:00:00,2008.5
2025-02-07 09:00:00,2036.5
2025-02-07 10:00:00,2036.5
2025-02-07 11:00:00,2036.5
2025-02-07 12:00:00,2036.5
2025-02-07 13:00:00,2036.5
2025-02-07 14:00:00,2036.5
2025-02-07 15:00:00,2036.5
2025-02-07 16:00:00,2036.5
2025-02-07 17:00:00,2036.5
2025-02-07 18:00:00,2036.5
2025-02-07 23:00:00,2036.5
2025-02-10 10:00:00,2003.5
2025-02-10 11:00:00,2003.5
2025-02-10 12:00:00,2003.5
2025-02-10 13:00:00,2003.5
2025-02-10 14:00:00,2003.5
2025-02-10 15:00:00,2003.5
2025-02-10 16:00:00,2008.5
2025-02-10 17:00:00,2017.5
2025-02-10 18:00:00,2017.5
2025-02-10 23:00:00,2018.0
2025-02-11 12:00:00,2018.0
2025-02-11 13:00:00,2018.0
2025-02-11 14:00:00,2018.0
2025-02-11 15:00:00,2018.0
2025-02-11 16:00:00,1995.5
2025-02-11 17:00:00,1995.5
2025-02-11 18:00:00,1991.0
2025-02-11 23:00:00,1996.5
2025-02-12 13:00:00,1996.5
2025-02-12 14:00:00,1996.5
2025-02-12 15:00:00,1996.5
2025-02-12 16:00:00,1996.5
2025-02-12 17:00:00,1996.5
2025-02-12 18:00:00,1996.5
2025-02-12 23:00:00,1989.0
2025-02-13 10:00:00,2002.0
2025-02-13 11:00:00,2000.0
2025-02-13 12:00:00,2000.0
2025-02-13 13:00:00,2000.0
2025-02-13 14:00:00,2000.0
2025-02-13 15:00:00,2000.0
2025-02-13 16:00:00,2000.0
2025-02-13 17:00:00,2000.0
2025-02-13 18:00:00,2000.0
2025-02-13 23:00:00,2000.0
2025-02-14 09:00:00,2007.5
2025-02-14 10:00:00,2007.5
2025-02-14 11:00:00,2007.5
2025-02-14 12:00:00,2007.5
2025-02-14 13:00:00,1998.5
2025-02-14 14:00:00,1993.5
2025-02-14 15:00:00,1997.0
2025-02-14 16:00:00,1997.0
2025-02-14 17:00:00,1997.0
2025-02-14 18:00:00,1997.0
2025-02-14 23:00:00,1999.0
2025-02-17 08:00:00,2018.5
2025-02-17 09:00:00,2018.5
2025-02-17 10:00:00,2017.0
2025-02-17 11:00:00,2017.0
2025-02-17 12:00:00,2017.0
2025-02-17 13:00:00,2017.0
2025-02-17 14:00:00,2017.0
2025-02-17 15:00:00,2016.5
2025-02-17 16:00:00,2016.5
2025-02-17 17:00:00,2002.0
2025-02-17 18:00:00,2002.0
2025-02-17 23:00:00,2008.0
2025-02-18 09:00:00,1996.5
2025-02-18 10:00:00,1997.0
2025-02-18 11:00:00,1997.0
2025-02-18 12:00:00,1997.0
2025-02-18 13:00:00,1997.0
2025-02-18 14:00:00,1997.0
2025-02-18 15:00:00,1997.0
2025-02-18 16:00:00,1997.0
2025-02-18 17:00:00,1997.0
2025-02-18 18:00:00,1997.0
2025-02-18 23:00:00,2011.0
2025-02-19 09:00:00,1992.0
2025-02-19 10:00:00,1992.5
2025-02-19 11:00:00,1992.5
2025-02-19 12:00:00,1992.5
2025-02-19 13:00:00,1997.5
2025-02-19 14:00:00,1997.5
2025-02-19 15:00:00,1997.5
2025-02-19 16:00:00,1997.5
2025-02-19 17:00:00,1997.5
2025-02-19 18:00:00,1997.5
2025-02-19 23:00:00,2011.5
2025-02-20 09:00:00,2022.5
2025-02-20 10:00:00,2021.0
2025-02-20 11:00:00,2021.0
2025-02-20 12:00:00,2021.0
2025-02-20 13:00:00,2021.0
2025-02-20 14:00:00,2021.0
2025-02-20 15:00:00,2021.0
2025-02-20 16:00:00,2018.0
2025-02-20 17:00:00,2018.0
2025-02-20 18:00:00,2018.0
2025-02-20 23:00:00,2006.5
2025-02-21 01:00:00,2006.5
2025-02-21 02:00:00,2006.5
2025-02-21 03:00:00,2006.5
2025-02-21 04:00:00,2006.5
2025-02-21 05:00:00,2006.5
2025-02-21 06:00:00,2006.5
2025-02-21 07:00:00,2006.5
2025-02-21 08:00:00,2007.0
2025-02-21 09:00:00,2003.5
2025-02-21 10:00:00,2004.5
2025-02-21 11:00:00,2004.5
2025-02-21 12:00:00,2004.5
2025-02-21 13:00:00,2004.5
2025-02-21 14:00:00,2004.5
2025-02-21 15:00:00,2004.5
2025-02-21 16:00:00,2004.5
2025-02-21 17:00:00,2004.5
2025-02-21 18:00:00,2004.5
2025-02-21 23:00:00,2024.5
2025-02-24 09:00:00,2027.0
2025-02-24 10:00:00,2019.5
2025-02-24 11:00:00,2019.5
2025-02-24 12:00:00,2019.5
2025-02-24 13:00:00,2019.5
2025-02-24 14:00:00,2019.5
2025-02-24 15:00:00,2016.5
2025-02-24 16:00:00,2016.5
2025-02-24 17:00:00,2016.5
2025-02-24 18:00:00,2016.5
2025-02-24 23:00:00,2005.0
2025-02-25 09:00:00,1994.0
2025-02-25 10:00:00,1994.0
2025-02-25 11:00:00,1994.0
2025-02-25 12:00:00,1994.0
2025-02-25 13:00:00,1994.0
2025-02-25 14:00:00,1994.0
2025-02-25 15:00:00,1994.0
2025-02-25 16:00:00,1994.0
2025-02-25 17:00:00,1994.0
2025-02-25 18:00:00,1994.0
2025-02-25 23:00:00,2018.0
2025-02-26 09:00:00,2040.0
2025-02-26 10:00:00,2031.0
2025-02-26 11:00:00,2031.0
2025-02-26 12:00:00,2029.0
2025-02-26 13:00:00,2029.0
2025-02-26 14:00:00,2029.0
2025-02-26 15:00:00,2020.0
2025-02-26 16:00:00,2020.0
2025-02-26 17:00:00,2020.0
2025-02-26 18:00:00,2020.0
2025-02-26 23:00:00,2029.5
2025-02-27 09:00:00,2020.5
2025-02-27 10:00:00,2029.5
2025-02-27 11:00:00,2029.5
2025-02-27 12:00:00,2024.0
2025-02-27 13:00:00,2029.0
2025-02-27 14:00:00,2027.0
2025-02-27 15:00:00,2027.0
2025-02-27 16:00:00,2027.0
2025-02-27 17:00:00,2027.0
2025-02-27 18:00:00,2027.0
2025-02-27 23:00:00,2033.5
2025-02-28 09:00:00,2029.5
2025-02-28 10:00:00,2031.0
2025-02-28 11:00:00,2031.0
2025-02-28 12:00:00,2031.5
2025-02-28 13:00:00,2031.5
2025-02-28 14:00:00,2023.5
2025-02-28 15:00:00,2028.5
2025-02-28 16:00:00,2028.5
2025-02-28 17:00:00,2028.5
2025-02-28 18:00:00,2028.5
2025-02-28 23:00:00,2021.5
2025-03-03 14:00:00,2024.0
2025-03-03 15:00:00,2019.0
2025-03-03 16:00:00,2019.0
2025-03-03 17:00:00,2023.5
2025-03-03 18:00:00,2023.5
2025-03-03 23:00:00,2019.5
2025-03-04 08:00:00,2019.5
2025-03-04 09:00:00,2021.0
2025-03-04 10:00:00,2021.0
2025-03-04 11:00:00,2021.0
2025-03-04 12:00:00,2035.5
2025-03-04 13:00:00,2037.0
2025-03-04 14:00:00,2032.0
2025-03-04 15:00:00,2032.0
2025-03-04 16:00:00,2027.0
2025-03-04 17:00:00,2034.0
2025-03-04 18:00:00,2034.0
2025-03-04 23:00:00,2037.5
2025-03-05 09:00:00,2055.0
2025-03-05 10:00:00,2051.0
2025-03-05 11:00:00,2044.0
2025-03-05 12:00:00,2044.0
2025-03-05 13:00:00,2044.0
2025-03-05 14:00:00,2039.5
2025-03-05 15:00:00,2039.5
2025-03-05 16:00:00,2062.0
2025-03-05 17:00:00,2060.5
2025-03-05 18:00:00,2060.5
2025-03-05 23:00:00,2062.5
2025-03-06 09:00:00,2067.5
2025-03-06 10:00:00,2067.5
2025-03-06 11:00:00,2067.5
2025-03-06 12:00:00,2069.0
2025-03-06 13:00:00,2069.5
2025-03-06 14:00:00,2072.0
2025-03-06 15:00:00,2071.5
2025-03-06 16:00:00,2075.5
2025-03-06 17:00:00,2075.5
2025-03-06 18:00:00,2065.0
2025-03-06 23:00:00,2065.0
2025-03-07 09:00:00,2057.0
2025-03-07 10:00:00,2051.5
2025-03-07 11:00:00,2051.5
2025-03-07 12:00:00,2051.5
2025-03-07 13:00:00,2051.5
2025-03-07 14:00:00,2051.5
2025-03-07 15:00:00,2051.5
2025-03-07 16:00:00,2047.5
2025-03-07 17:00:00,2047.5
2025-03-07 18:00:00,2047.5
2025-03-07 23:00:00,2046.5
2025-03-10 09:00:00,2070.0
2025-03-10 10:00:00,2072.0
2025-03-10 11:00:00,2072.0
2025-03-10 12:00:00,2072.0
2025-03-10 13:00:00,2080.5
2025-03-10 14:00:00,2075.5
2025-03-10 15:00:00,2075.0
2025-03-10 16:00:00,2078.5
2025-03-10 17:00:00,2078.5
2025-03-10 18:00:00,2078.5
2025-03-10 23:00:00,2077.0
2025-03-11 09:00:00,2074.5
2025-03-11 10:00:00,2077.5
2025-03-11 11:00:00,2077.5
2025-03-11 12:00:00,2078.5
2025-03-11 13:00:00,2077.5
2025-03-11 14:00:00,2079.5
2025-03-11 15:00:00,2079.5
2025-03-11 16:00:00,2080.5
2025-03-11 17:00:00,2080.5
2025-03-11 18:00:00,2080.5
2025-03-11 23:00:00,2080.5
2025-03-12 07:00:00,2089.5
2025-03-12 08:00:00,2089.5
2025-03-12 09:00:00,2106.5
2025-03-12 10:00:00,2102.0
2025-03-12 11:00:00,2102.0
2025-03-12 12:00:00,2104.5
2025-03-12 13:00:00,2104.5
2025-03-12 14:00:00,2103.0
2025-03-12 15:00:00,2099.5
2025-03-12 16:00:00,2099.5
2025-03-12 17:00:00,2099.5
2025-03-12 18:00:00,2111.0
2025-03-12 23:00:00,2111.5
2025-03-13 09:00:00,2098.5
2025-03-13 10:00:00,2104.0
2025-03-13 11:00:00,2104.0
2025-03-13 12:00:00,2104.0
2025-03-13 13:00:00,2104.0
2025-03-13 14:00:00,2110.0
2025-03-13 15:00:00,2105.0
2025-03-13 16:00:00,2098.5
2025-03-13 17:00:00,2098.5
2025-03-13 18:00:00,2098.5
2025-03-13 23:00:00,2101.5
2025-03-14 09:00:00,2109.5
2025-03-14 10:00:00,2113.5
2025-03-14 11:00:00,2113.5
2025-03-14 12:00:00,2120.5
2025-03-14 13:00:00,2120.5
2025-03-14 14:00:00,2120.5
2025-03-14 15:00:00,2106.5
2025-03-14 16:00:00,2106.0
2025-03-14 17:00:00,2106.0
2025-03-14 18:00:00,2099.0
2025-03-14 23:00:00,2098.0
2025-03-17 09:00:00,2118.0
2025-03-17 10:00:00,2118.0
2025-03-17 11:00:00,2123.5
2025-03-17 12:00:00,2120.5
2025-03-17 13:00:00,2115.0
2025-03-17 14:00:00,2114.0
2025-03-17 15:00:00,2117.5
2025-03-17 16:00:00,2108.0
2025-03-17 17:00:00,2102.5
2025-03-17 18:00:00,2108.0
2025-03-17 23:00:00,2108.0
2025-03-18 01:00:00,2108.0
2025-03-18 02:00:00,2108.0
2025-03-18 03:00:00,2108.0
2025-03-18 04:00:00,2108.0
2025-03-18 05:00:00,2108.0
2025-03-18 06:00:00,2108.0
2025-03-18 07:00:00,2108.0
2025-03-18 08:00:00,2115.0
2025-03-18 09:00:00,2112.0
2025-03-18 10:00:00,2114.5
2025-03-18 11:00:00,2114.5
2025-03-18 12:00:00,2117.5
2025-03-18 13:00:00,2117.5
2025-03-18 14:00:00,2117.5
2025-03-18 15:00:00,2113.5
2025-03-18 16:00:00,2119.5
2025-03-18 17:00:00,2119.5
2025-03-18 18:00:00,2119.5
2025-03-18 23:00:00,2120.5
2025-03-19 09:00:00,2126.0
2025-03-19 10:00:00,2124.0
2025-03-19 11:00:00,2123.0
2025-03-19 12:00:00,2128.5
2025-03-19 13:00:00,2128.5
2025-03-19 14:00:00,2128.5
2025-03-19 15:00:00,2112.5
2025-03-19 16:00:00,2112.5
2025-03-19 17:00:00,2112.5
2025-03-19 18:00:00,2112.5
2025-03-19 23:00:00,2110.0
2025-03-20 07:00:00,2106.5
2025-03-20 08:00:00,2106.5
2025-03-20 09:00:00,2098.5
2025-03-20 10:00:00,2098.5
2025-03-20 11:00:00,2089.5
2025-03-20 12:00:00,2088.5
2025-03-20 13:00:00,2080.5
2025-03-20 14:00:00,2076.5
2025-03-20 15:00:00,2076.0
2025-03-20 16:00:00,2076.0
2025-03-20 17:00:00,2076.0
2025-03-20 18:00:00,2076.0
2025-03-20 23:00:00,2098.5
2025-03-21 09:00:00,2064.5
2025-03-21 10:00:00,2064.5
2025-03-21 11:00:00,2064.5
2025-03-21 12:00:00,2064.5
2025-03-21 13:00:00,2062.5
2025-03-21 14:00:00,2058.5
2025-03-21 15:00:00,2058.5
2025-03-21 16:00:00,2049.0
2025-03-21 17:00:00,2051.0
2025-03-21 18:00:00,2051.0
2025-03-21 23:00:00,2051.0
2025-03-24 09:00:00,2082.0
2025-03-24 10:00:00,2082.0
2025-03-24 11:00:00,2082.0
2025-03-24 12:00:00,2082.0
2025-03-24 13:00:00,2082.0
2025-03-24 14:00:00,2082.0
2025-03-24 15:00:00,2082.0
2025-03-24 16:00:00,2077.5
2025-03-24 17:00:00,2077.5
2025-03-24 18:00:00,2077.5
2025-03-24 23:00:00,2066.5
2025-03-25 09:00:00,2079.0
2025-03-25 10:00:00,2079.0
2025-03-25 11:00:00,2079.0
2025-03-25 12:00:00,2079.0
2025-03-25 13:00:00,2079.0
2025-03-25 14:00:00,2079.0
2025-03-25 15:00:00,2106.0
2025-03-25 16:00:00,2106.0
2025-03-25 17:00:00,2114.0
2025-03-25 18:00:00,2114.0
2025-03-25 23:00:00,2117.0
2025-03-26 03:00:00,2107.5
2025-03-26 04:00:00,2107.5
2025-03-26 05:00:00,2107.5
2025-03-26 06:00:00,2107.5
2025-03-26 07:00:00,2107.5
2025-03-26 08:00:00,2103.0
2025-03-26 09:00:00,2114.5
2025-03-26 10:00:00,2114.5
2025-03-26 11:00:00,2114.5
2025-03-26 12:00:00,2114.5
2025-03-26 13:00:00,2114.5
2025-03-26 14:00:00,2114.5
2025-03-26 15:00:00,2116.0
2025-03-26 16:00:00,2116.0
2025-03-26 17:00:00,2116.0
2025-03-26 18:00:00,2116.0
2025-03-26 23:00:00,2124.0
2025-03-27 09:00:00,2103.5
2025-03-27 10:00:00,2103.5
2025-03-27 11:00:00,2103.5
2025-03-27 12:00:00,2103.5
2025-03-27 13:00:00,2095.0
2025-03-27 14:00:00,2095.0
2025-03-27 15:00:00,2095.0
2025-03-27 16:00:00,2095.0
2025-03-27 17:00:00,2095.0
2025-03-27 18:00:00,2095.0
2025-03-27 23:00:00,2066.0
2025-03-28 09:00:00,2042.5
2025-03-28 10:00:00,2042.5
2025-03-28 11:00:00,2042.5
2025-03-28 12:00:00,2042.5
2025-03-28 13:00:00,2042.5
2025-03-28 14:00:00,2042.5
2025-03-28 15:00:00,2046.5
2025-03-28 16:00:00,2046.5
2025-03-28 17:00:00,2046.5
2025-03-28 18:00:00,2046.5
2025-03-28 23:00:00,2049.0
2025-03-31 08:00:00,2047.0
2025-03-31 09:00:00,2047.0
2025-03-31 10:00:00,2047.0
2025-03-31 11:00:00,2047.0
2025-03-31 12:00:00,2047.0
2025-03-31 13:00:00,2047.0
2025-03-31 14:00:00,2037.5
2025-03-31 15:00:00,2039.0
2025-03-31 16:00:00,2039.0
2025-03-31 17:00:00,2039.0
2025-03-31 18:00:00,2039.0
2025-03-31 23:00:00,2036.0
2025-04-01 07:00:00,2036.0
2025-04-01 08:00:00,2036.0
2025-04-01 09:00:00,2036.0
2025-04-01 10:00:00,2036.0
2025-04-01 11:00:00,2036.0
2025-04-01 12:00:00,2036.0
2025-04-01 13:00:00,2036.0
2025-04-01 14:00:00,2016.0
2025-04-01 15:00:00,2016.0
2025-04-01 16:00:00,2012.5
2025-04-01 17:00:00,2012.0
2025-04-01 18:00:00,2012.0
2025-04-01 23:00:00,2014.0
2025-04-02 02:00:00,2014.0
2025-04-02 03:00:00,2014.0
2025-04-02 04:00:00,2014.0
2025-04-02 05:00:00,2014.0
2025-04-02 06:00:00,2014.0
2025-04-02 07:00:00,2014.0
2025-04-02 08:00:00,2006.0
2025-04-02 09:00:00,2002.0
2025-04-02 10:00:00,2002.0
2025-04-02 11:00:00,2002.0
2025-04-02 12:00:00,2002.0
2025-04-02 13:00:00,1996.0
2025-04-02 14:00:00,1996.0
2025-04-02 15:00:00,1996.0
2025-04-02 16:00:00,1990.5
2025-04-02 17:00:00,1990.5
2025-04-02 18:00:00,1990.5
2025-04-02 23:00:00,1991.0
2025-04-03 02:00:00,1991.0
2025-04-03 03:00:00,1991.0
2025-04-03 04:00:00,1991.0
2025-04-03 05:00:00,1991.0
2025-04-03 06:00:00,1991.0
2025-04-03 07:00:00,1991.0
2025-04-03 08:00:00,1991.0
2025-04-03 09:00:00,1991.0
2025-04-03 10:00:00,1991.0
2025-04-03 11:00:00,1991.0
2025-04-03 12:00:00,1991.0
2025-04-03 13:00:00,1991.0
2025-04-03 14:00:00,1991.0
2025-04-03 15:00:00,1991.0
2025-04-03 16:00:00,1991.0
2025-04-03 17:00:00,1991.0
2025-04-03 18:00:00,1991.0
2025-04-03 23:00:00,1977.0
2025-04-04 09:00:00,1977.0
2025-04-04 10:00:00,1951.5
2025-04-04 11:00:00,1951.5
2025-04-04 12:00:00,1951.5
2025-04-04 13:00:00,1951.5
2025-04-04 14:00:00,1951.5
2025-04-04 15:00:00,1951.5
2025-04-04 16:00:00,1931.0
2025-04-04 17:00:00,1931.0
2025-04-04 18:00:00,1929.0
2025-04-04 23:00:00,1924.5
2025-04-07 02:00:00,1924.5
2025-04-07 03:00:00,1924.5
2025-04-07 04:00:00,1924.5
2025-04-07 05:00:00,1924.5
2025-04-07 06:00:00,1924.5
2025-04-07 07:00:00,1924.5
2025-04-07 08:00:00,1924.5
2025-04-07 09:00:00,1924.5
2025-04-07 10:00:00,1889.0
2025-04-07 11:00:00,1889.0
2025-04-07 12:00:00,1889.0
2025-04-07 13:00:00,1898.0
2025-04-07 14:00:00,1908.0
2025-04-07 15:00:00,1918.5
2025-04-07 16:00:00,1918.5
2025-04-07 17:00:00,1898.0
2025-04-07 18:00:00,1898.0
2025-04-07 23:00:00,1889.5
2025-04-08 06:00:00,1889.5
2025-04-08 07:00:00,1889.5
2025-04-08 08:00:00,1889.5
2025-04-08 09:00:00,1889.5
2025-04-08 10:00:00,1889.5
2025-04-08 11:00:00,1889.5
2025-04-08 12:00:00,1889.5
2025-04-08 13:00:00,1897.5
2025-04-08 14:00:00,1897.5
2025-04-08 15:00:00,1897.5
2025-04-08 16:00:00,1897.5
2025-04-08 17:00:00,1888.5
2025-04-08 18:00:00,1888.5
2025-04-08 23:00:00,1888.5
2025-04-09 03:00:00,1888.5
2025-04-09 04:00:00,1888.5
2025-04-09 05:00:00,1888.5
2025-04-09 06:00:00,1888.5
2025-04-09 07:00:00,1888.5
2025-04-09 08:00:00,1888.5
2025-04-09 09:00:00,1888.5
2025-04-09 10:00:00,1888.5
2025-04-09 11:00:00,1888.5
2025-04-09 12:00:00,1888.5
2025-04-09 13:00:00,1888.5
2025-04-09 14:00:00,1888.5
2025-04-09 15:00:00,1888.5
2025-04-09 16:00:00,1861.0
2025-04-09 17:00:00,1861.0
2025-04-09 18:00:00,1861.0
2025-04-09 23:00:00,1860.0
2025-04-10 01:00:00,1906.0
2025-04-10 02:00:00,1906.0
2025-04-10 03:00:00,1906.0
2025-04-10 04:00:00,1906.0
2025-04-10 05:00:00,1906.0
2025-04-10 06:00:00,1906.0
2025-04-10 07:00:00,1906.0
2025-04-10 08:00:00,1913.5
2025-04-10 09:00:00,1913.5
2025-04-10 10:00:00,1913.5
2025-04-10 11:00:00,1913.5
2025-04-10 12:00:00,1913.5
2025-04-10 13:00:00,1913.5
2025-04-10 14:00:00,1913.5
2025-04-10 15:00:00,1913.5
2025-04-10 16:00:00,1912.0
2025-04-10 17:00:00,1906.5
2025-04-10 18:00:00,1906.5
2025-04-10 23:00:00,1911.5
2025-04-11 06:00:00,1911.5
2025-04-11 07:00:00,1911.5
2025-04-11 08:00:00,1911.5
2025-04-11 09:00:00,1911.5
2025-04-11 10:00:00,1911.5
2025-04-11 11:00:00,1911.5
2025-04-11 12:00:00,1927.0
2025-04-11 13:00:00,1927.0
2025-04-11 14:00:00,1938.5
2025-04-11 15:00:00,1943.0
2025-04-11 16:00:00,1941.5
2025-04-11 17:00:00,1941.5
2025-04-11 18:00:00,1941.5
2025-04-11 23:00:00,1933.5
2025-04-14 10:00:00,1930.5
2025-04-14 11:00:00,1933.5
2025-04-14 12:00:00,1940.5
2025-04-14 13:00:00,1936.5
2025-04-14 14:00:00,1928.5
2025-04-14 15:00:00,1926.0
2025-04-14 16:00:00,1926.0
2025-04-14 17:00:00,1926.0
2025-04-14 18:00:00,1926.0
2025-04-14 23:00:00,1936.5
2025-04-15 08:00:00,1936.5
2025-04-15 09:00:00,1936.5
2025-04-15 10:00:00,1936.5
2025-04-15 11:00:00,1936.5
2025-04-15 12:00:00,1948.0
2025-04-15 13:00:00,1949.0
2025-04-15 14:00:00,1945.0
2025-04-15 15:00:00,1949.5
2025-04-15 16:00:00,1950.5
2025-04-15 17:00:00,1950.5
2025-04-15 18:00:00,1950.5
2025-04-15 23:00:00,1934.0
2025-04-16 01:00:00,1934.0
2025-04-16 02:00:00,1934.0
2025-04-16 03:00:00,1934.0
2025-04-16 04:00:00,1934.0
2025-04-16 05:00:00,1934.0
2025-04-16 06:00:00,1934.0
2025-04-16 07:00:00,1934.0
2025-04-16 08:00:00,1934.0
2025-04-16 09:00:00,1934.0
2025-04-16 10:00:00,1934.0
2025-04-16 11:00:00,1934.0
2025-04-16 12:00:00,1923.5
2025-04-16 13:00:00,1918.0
2025-04-16 14:00:00,1921.0
2025-04-16 15:00:00,1932.0
2025-04-16 16:00:00,1929.0
2025-04-16 17:00:00,1929.0
2025-04-16 18:00:00,1929.0
2025-04-16 23:00:00,1928.0
2025-04-17 06:00:00,1928.0
2025-04-17 07:00:00,1928.0
2025-04-17 08:00:00,1928.0
2025-04-17 09:00:00,1928.0
2025-04-17 10:00:00,1928.0
2025-04-17 11:00:00,1928.0
2025-04-17 12:00:00,1928.0
2025-04-17 13:00:00,1928.0
2025-04-17 14:00:00,1928.0
2025-04-17 15:00:00,1928.0
2025-04-17 16:00:00,1928.0
2025-04-17 17:00:00,1928.0
2025-04-17 18:00:00,1928.0
2025-04-17 23:00:00,1943.0
2025-04-22 02:00:00,1943.0
2025-04-22 03:00:00,1943.0
2025-04-22 04:00:00,1943.0
2025-04-22 05:00:00,1943.0
2025-04-22 06:00:00,1943.0
2025-04-22 07:00:00,1943.0
2025-04-22 08:00:00,1943.0
2025-04-22 09:00:00,1943.0
2025-04-22 10:00:00,1943.0
2025-04-22 11:00:00,1943.0
2025-04-22 12:00:00,1943.0
2025-04-22 13:00:00,1943.0
2025-04-22 14:00:00,1943.0
2025-04-22 15:00:00,1942.5
2025-04-22 16:00:00,1942.5
2025-04-22 17:00:00,1942.5
2025-04-22 18:00:00,1942.5
2025-04-22 23:00:00,1946.0
2025-04-23 07:00:00,1953.0
2025-04-23 08:00:00,1953.0
2025-04-23 09:00:00,1953.0
2025-04-23 10:00:00,1953.0
2025-04-23 11:00:00,1953.0
2025-04-23 12:00:00,1953.0
2025-04-23 13:00:00,1953.0
2025-04-23 14:00:00,1953.0
2025-04-23 15:00:00,1962.0
2025-04-23 16:00:00,1954.5
2025-04-23 17:00:00,1954.5
2025-04-23 18:00:00,1954.5
2025-04-23 23:00:00,1953.0
2025-04-24 14:00:00,1976.0
2025-04-24 15:00:00,1976.0
2025-04-24 16:00:00,1980.5
2025-04-24 17:00:00,1980.5
2025-04-24 18:00:00,1980.5
2025-04-24 23:00:00,1980.5
2025-04-25 07:00:00,1981.5
2025-04-25 08:00:00,1969.5
2025-04-25 09:00:00,1969.5
2025-04-25 10:00:00,1969.5
2025-04-25 11:00:00,1969.5
2025-04-25 12:00:00,1969.5
2025-04-25 13:00:00,1969.5
2025-04-25 14:00:00,1969.5
2025-04-25 15:00:00,1969.5
2025-04-25 16:00:00,1969.5
2025-04-25 17:00:00,1969.5
2025-04-25 23:00:00,1967.0
2025-04-28 06:00:00,1977.0
2025-04-28 07:00:00,1977.0
2025-04-28 08:00:00,1977.0
2025-04-28 09:00:00,1977.0
2025-04-28 10:00:00,1977.0
2025-04-28 11:00:00,1977.0
2025-04-28 12:00:00,1977.0
2025-04-28 13:00:00,1977.0
2025-04-28 14:00:00,1999.0
2025-04-28 15:00:00,1999.0
2025-04-28 16:00:00,1999.0
2025-04-28 17:00:00,1999.0
2025-04-28 23:00:00,1999.0
2025-04-29 12:00:00,1997.0
2025-04-29 13:00:00,1997.0
2025-04-29 14:00:00,1997.0
2025-04-29 15:00:00,1997.0
2025-04-29 16:00:00,1997.0
2025-04-29 17:00:00,1997.0
2025-04-29 23:00:00,2004.0
2025-04-30 06:00:00,1996.0
2025-04-30 07:00:00,1996.0
2025-04-30 08:00:00,1996.0
2025-04-30 09:00:00,1996.0
2025-04-30 10:00:00,1996.0
2025-04-30 11:00:00,1996.0
2025-04-30 12:00:00,1988.0
2025-04-30 13:00:00,1984.5
2025-04-30 14:00:00,1984.5
2025-04-30 15:00:00,1975.5
2025-04-30 16:00:00,1975.5
2025-04-30 17:00:00,1975.5
2025-04-30 23:00:00,1985.5
2025-05-01 07:00:00,1991.0
2025-05-01 08:00:00,1991.0
2025-05-01 09:00:00,1991.0
2025-05-01 10:00:00,1991.0
2025-05-01 11:00:00,1991.0
2025-05-01 12:00:00,1991.0
2025-05-01 13:00:00,1983.5
2025-05-01 14:00:00,1983.0
2025-05-01 15:00:00,1987.0
2025-05-01 16:00:00,1987.0
2025-05-01 17:00:00,1987.0
2025-05-01 23:00:00,1991.0
2025-05-02 12:00:00,2001.5
2025-05-02 13:00:00,2001.5
2025-05-02 14:00:00,1996.0
2025-05-02 15:00:00,1996.0
2025-05-02 16:00:00,1996.0
2025-05-02 17:00:00,1996.0
2025-05-02 23:00:00,1996.0
2025-05-06 09:00:00,1974.5
2025-05-06 10:00:00,1974.5
2025-05-06 11:00:00,1974.5
2025-05-06 12:00:00,1974.5
2025-05-06 13:00:00,1987.5
2025-05-06 14:00:00,1987.5
2025-05-06 15:00:00,1970.0
2025-05-06 16:00:00,1970.0
2025-05-06 17:00:00,1970.0
2025-05-06 23:00:00,1957.0
2025-05-07 07:00:00,1962.0
2025-05-07 08:00:00,1962.0
2025-05-07 09:00:00,1962.0
2025-05-07 10:00:00,1962.0
2025-05-07 11:00:00,1962.0
2025-05-07 12:00:00,1962.0
2025-05-07 13:00:00,1962.0
2025-05-07 14:00:00,1965.0
2025-05-07 15:00:00,1993.5
2025-05-07 16:00:00,1993.5
2025-05-07 17:00:00,1993.5
2025-05-07 23:00:00,1993.0
2025-05-08 09:00:00,1993.0
2025-05-08 10:00:00,1993.0
2025-05-08 11:00:00,1993.0
2025-05-08 12:00:00,1973.0
2025-05-08 13:00:00,1981.0
2025-05-08 14:00:00,1982.5
2025-05-08 15:00:00,1981.0
2025-05-08 16:00:00,1981.0
2025-05-08 17:00:00,1981.0
2025-05-08 23:00:00,1980.5
2025-05-09 13:00:00,2013.5
2025-05-09 14:00:00,2016.0
2025-05-09 15:00:00,2012.0
2025-05-09 16:00:00,2012.0
2025-05-09 17:00:00,2012.0
2025-05-09 23:00:00,2020.0
2025-05-12 08:00:00,2039.0
2025-05-12 09:00:00,2039.0
2025-05-12 10:00:00,2035.0
2025-05-12 11:00:00,2032.5
2025-05-12 12:00:00,2032.5
2025-05-12 13:00:00,2031.0
2025-05-12 14:00:00,2023.0
2025-05-12 15:00:00,2020.0
2025-05-12 16:00:00,2020.0
2025-05-12 17:00:00,2020.0
2025-05-12 23:00:00,2016.0
2025-05-13 11:00:00,2029.5
2025-05-13 12:00:00,2026.0
2025-05-13 13:00:00,2025.0
2025-05-13 14:00:00,2032.5
2025-05-13 15:00:00,2025.0
2025-05-13 16:00:00,2025.0
2025-05-13 17:00:00,2025.0
2025-05-13 23:00:00,2025.0
2025-05-14 09:00:00,2026.0
2025-05-14 10:00:00,2026.0
2025-05-14 11:00:00,2026.0
2025-05-14 12:00:00,2026.0
2025-05-14 13:00:00,2026.0
2025-05-14 14:00:00,2028.5
2025-05-14 15:00:00,2025.0
2025-05-14 16:00:00,2025.0
2025-05-14 17:00:00,2025.0
2025-05-14 23:00:00,2032.0
2025-05-15 11:00:00,2022.0
2025-05-15 12:00:00,2022.0
2025-05-15 13:00:00,2022.0
2025-05-15 14:00:00,2022.0
2025-05-15 15:00:00,2040.0
2025-05-15 16:00:00,2039.0
2025-05-15 17:00:00,2039.0
2025-05-15 23:00:00,2040.5
2025-05-16 12:00:00,2037.0
2025-05-16 13:00:00,2037.0
2025-05-16 14:00:00,2037.0
2025-05-16 15:00:00,2033.5
2025-05-16 16:00:00,2033.5
2025-05-16 17:00:00,2033.5
2025-05-16 23:00:00,2035.0
2025-05-19 07:00:00,2038.0
2025-05-19 08:00:00,2038.0
2025-05-19 09:00:00,2029.0
2025-05-19 10:00:00,2024.5
2025-05-19 11:00:00,2024.5
2025-05-19 12:00:00,2020.0
2025-05-19 13:00:00,2003.5
2025-05-19 14:00:00,2003.0
2025-05-19 15:00:00,1993.5
2025-05-19 16:00:00,1993.5
2025-05-19 17:00:00,1993.5
2025-05-19 23:00:00,1993.5
2025-05-20 01:00:00,1993.5
2025-05-20 02:00:00,1993.5
2025-05-20 03:00:00,1993.5
2025-05-20 04:00:00,1993.5
2025-05-20 05:00:00,1993.5
2025-05-20 06:00:00,1993.5
2025-05-20 07:00:00,2001.5
2025-05-20 08:00:00,2001.5
2025-05-20 09:00:00,2001.5
2025-05-20 10:00:00,2001.5
2025-05-20 11:00:00,2001.5
2025-05-20 12:00:00,2001.5
2025-05-20 13:00:00,2014.0
2025-05-20 14:00:00,2023.0
2025-05-20 15:00:00,2023.0
2025-05-20 16:00:00,2023.0
2025-05-20 17:00:00,2023.0
2025-05-20 23:00:00,2023.0
2025-05-21 08:00:00,1993.5
2025-05-21 09:00:00,1989.0
2025-05-21 10:00:00,1989.0
2025-05-21 11:00:00,1998.5
2025-05-21 12:00:00,1998.5
2025-05-21 13:00:00,1998.5
2025-05-21 14:00:00,1997.5
2025-05-21 15:00:00,1997.5
2025-05-21 16:00:00,1997.5
2025-05-21 17:00:00,1997.5
2025-05-21 23:00:00,2007.5
2025-05-22 11:00:00,2007.5
2025-05-22 12:00:00,2007.5
2025-05-22 13:00:00,2007.5
2025-05-22 14:00:00,2007.5
2025-05-22 15:00:00,1990.0
2025-05-22 16:00:00,1990.0
2025-05-22 17:00:00,1990.0
2025-05-22 23:00:00,2003.5
2025-05-23 11:00:00,2003.5
2025-05-23 12:00:00,2003.5
2025-05-23 13:00:00,2003.5
2025-05-23 14:00:00,2003.5
2025-05-23 15:00:00,2003.5
2025-05-23 16:00:00,2003.5
2025-05-23 17:00:00,2003.5
2025-05-23 23:00:00,2027.5
2025-05-27 08:00:00,2022.5
2025-05-27 09:00:00,2022.5
2025-05-27 10:00:00,2022.5
2025-05-27 11:00:00,2022.5
2025-05-27 12:00:00,2018.5
2025-05-27 13:00:00,2018.5
2025-05-27 14:00:00,2019.0
2025-05-27 15:00:00,2019.0
2025-05-27 16:00:00,2019.0
2025-05-27 17:00:00,2019.0
2025-05-27 23:00:00,2018.5
2025-05-28 23:00:00,2021.0
2025-05-29 11:00:00,2018.0
2025-05-29 12:00:00,2013.5
2025-05-29 13:00:00,2011.0
2025-05-29 14:00:00,1999.5
2025-05-29 15:00:00,2000.5
2025-05-29 16:00:00,2000.5
2025-05-29 17:00:00,2000.5
2025-05-29 23:00:00,2000.5
2025-05-30 05:00:00,1989.0
2025-05-30 06:00:00,1986.5
2025-05-30 07:00:00,1986.5
2025-05-30 08:00:00,1986.5
2025-05-30 09:00:00,1986.5
2025-05-30 10:00:00,1986.5
2025-05-30 11:00:00,1986.5
2025-05-30 12:00:00,1986.5
2025-05-30 13:00:00,1986.5
2025-05-30 14:00:00,1986.5
2025-05-30 15:00:00,1986.5
2025-05-30 16:00:00,1986.5
2025-05-30 17:00:00,1986.5
2025-05-30 23:00:00,1986.5
2025-06-02 12:00:00,1986.5
2025-06-02 13:00:00,1986.5
2025-06-02 14:00:00,2005.5
2025-06-02 15:00:00,2012.0
2025-06-02 16:00:00,2012.0
2025-06-02 17:00:00,2012.0
2025-06-02 23:00:00,2012.0
2025-06-03 13:00:00,2008.5
2025-06-03 14:00:00,2008.5
2025-06-03 15:00:00,2008.5
2025-06-03 16:00:00,2008.5
2025-06-03 17:00:00,2008.5
2025-06-03 23:00:00,2008.5
2025-06-04 10:00:00,2016.0
2025-06-04 11:00:00,2016.0
2025-06-04 12:00:00,2016.0
2025-06-04 13:00:00,2016.0
2025-06-04 14:00:00,2023.5
2025-06-04 15:00:00,2021.5
2025-06-04 16:00:00,2021.5
2025-06-04 17:00:00,2021.5
2025-06-04 23:00:00,2021.5
2025-06-05 05:00:00,2011.5
2025-06-05 06:00:00,2011.5
2025-06-05 07:00:00,2011.5
2025-06-05 08:00:00,2007.0
2025-06-05 09:00:00,2007.0
2025-06-05 10:00:00,2007.0
2025-06-05 11:00:00,2007.0
2025-06-05 12:00:00,2015.0
2025-06-05 13:00:00,2015.5
2025-06-05 14:00:00,2015.0
2025-06-05 15:00:00,2007.0
2025-06-05 16:00:00,2007.0
2025-06-05 17:00:00,2007.0
2025-06-05 23:00:00,2007.0
2025-06-06 09:00:00,2013.0
2025-06-06 10:00:00,2011.5
2025-06-06 11:00:00,2009.5
2025-06-06 12:00:00,2007.0
2025-06-06 13:00:00,2010.5
2025-06-06 14:00:00,2005.5
2025-06-06 15:00:00,2005.5
2025-06-06 16:00:00,2005.5
2025-06-06 17:00:00,2005.5
2025-06-06 23:00:00,2007.0
2025-06-09 11:00:00,2007.0
2025-06-09 12:00:00,2007.0
2025-06-09 13:00:00,2007.0
2025-06-09 14:00:00,2007.0
2025-06-09 15:00:00,2007.0
2025-06-09 16:00:00,2007.0
2025-06-09 17:00:00,2007.0
2025-06-09 23:00:00,2012.5
2025-06-10 11:00:00,2012.5
2025-06-10 12:00:00,2012.5
2025-06-10 13:00:00,2012.5
2025-06-10 14:00:00,2009.5
2025-06-10 15:00:00,2009.5
2025-06-10 16:00:00,2009.5
2025-06-10 17:00:00,2009.5
2025-06-10 23:00:00,2007.5
2025-06-11 07:00:00,2015.5
2025-06-11 08:00:00,2015.5
2025-06-11 09:00:00,2008.5
2025-06-11 10:00:00,2008.5
2025-06-11 11:00:00,2008.5
2025-06-11 12:00:00,2008.5
2025-06-11 13:00:00,2008.5
2025-06-11 14:00:00,2008.5
2025-06-11 15:00:00,2008.5
2025-06-11 16:00:00,2008.5
2025-06-11 17:00:00,2008.5
2025-06-11 23:00:00,2008.5
2025-06-12 11:00:00,2008.5
2025-06-12 12:00:00,2008.5
2025-06-12 13:00:00,2020.5
2025-06-12 14:00:00,2022.0
2025-06-12 15:00:00,2023.5
2025-06-12 16:00:00,2023.5
2025-06-12 17:00:00,2023.5
2025-06-12 23:00:00,2023.0
2025-06-13 11:00:00,2009.5
2025-06-13 12:00:00,2009.5
2025-06-13 13:00:00,2009.5
2025-06-13 14:00:00,2009.5
2025-06-13 15:00:00,2009.5
2025-06-13 16:00:00,2009.5
2025-06-13 17:00:00,2009.5
2025-06-13 23:00:00,2017.0
2025-06-16 01:00:00,2017.0
2025-06-16 02:00:00,2017.0
2025-06-16 03:00:00,2017.0
2025-06-16 04:00:00,2017.0
2025-06-16 05:00:00,2017.0
2025-06-16 06:00:00,2017.0
2025-06-16 07:00:00,2017.0
2025-06-16 08:00:00,2017.0
2025-06-16 09:00:00,2017.0
2025-06-16 10:00:00,2017.0
2025-06-16 11:00:00,2017.0
2025-06-16 12:00:00,2027.5
2025-06-16 13:00:00,2028.0
2025-06-16 14:00:00,2028.0
2025-06-16 15:00:00,2028.0
2025-06-16 16:00:00,2028.0
2025-06-16 17:00:00,2028.0
2025-06-16 23:00:00,2032.0
2025-06-17 01:00:00,2032.0
2025-06-17 02:00:00,2032.0
2025-06-17 03:00:00,2032.0
2025-06-17 04:00:00,2032.0
2025-06-17 05:00:00,2032.0
2025-06-17 06:00:00,2032.0
2025-06-17 07:00:00,2019.0
2025-06-17 08:00:00,2019.0
2025-06-17 09:00:00,2019.0
2025-06-17 10:00:00,2019.0
2025-06-17 11:00:00,2019.0
2025-06-17 12:00:00,2019.0
2025-06-17 13:00:00,2019.0
2025-06-17 14:00:00,2004.5
2025-06-17 15:00:00,2004.5
2025-06-17 16:00:00,1998.5
2025-06-17 17:00:00,1998.5
2025-06-17 23:00:00,1999.0
2025-06-18 07:00:00,2004.5
2025-06-18 08:00:00,2004.5
2025-06-18 09:00:00,2004.5
2025-06-18 10:00:00,2004.5
2025-06-18 11:00:00,2004.5
2025-06-18 12:00:00,2004.5
2025-06-18 13:00:00,2004.5
2025-06-18 14:00:00,2004.5
2025-06-18 15:00:00,2004.5
2025-06-18 16:00:00,2004.5
2025-06-18 17:00:00,2004.5
2025-06-18 23:00:00,2018.5
2025-06-19 01:00:00,2006.0
2025-06-19 02:00:00,2006.0
2025-06-19 03:00:00,2006.0
2025-06-19 04:00:00,2006.0
2025-06-19 05:00:00,2006.0
2025-06-19 06:00:00,2006.0
2025-06-19 07:00:00,2017.5
2025-06-19 08:00:00,2017.5
2025-06-19 09:00:00,2017.5
2025-06-19 10:00:00,2017.5
2025-06-19 11:00:00,2017.5
2025-06-19 12:00:00,2017.5
2025-06-19 13:00:00,2017.5
2025-06-19 14:00:00,2017.5
2025-06-19 15:00:00,2017.5
2025-06-19 16:00:00,2017.5
2025-06-19 17:00:00,2017.5
2025-06-19 23:00:00,2016.5
2025-06-20 07:00:00,2008.0
2025-06-20 08:00:00,2008.0
2025-06-20 09:00:00,2008.0
2025-06-20 10:00:00,2008.0
2025-06-20 11:00:00,2008.0
2025-06-20 12:00:00,2011.0
2025-06-20 13:00:00,2010.5
2025-06-20 14:00:00,2010.5
2025-06-20 15:00:00,2010.5
2025-06-20 16:00:00,2010.5
2025-06-20 17:00:00,2010.5
2025-06-20 23:00:00,2010.5
2025-06-23 08:00:00,2033.5
2025-06-23 09:00:00,2033.5
2025-06-23 10:00:00,2033.5
2025-06-23 11:00:00,2033.5
2025-06-23 12:00:00,2032.5
2025-06-23 13:00:00,2032.5
2025-06-23 14:00:00,2032.5
2025-06-23 15:00:00,2032.5
2025-06-23 16:00:00,2032.5
2025-06-23 17:00:00,2032.5
2025-06-23 23:00:00,2028.5
2025-06-24 08:00:00,2028.5
2025-06-24 09:00:00,2028.5
2025-06-24 10:00:00,2028.5
2025-06-24 11:00:00,2028.5
2025-06-24 12:00:00,2051.0
2025-06-24 13:00:00,2051.0
2025-06-24 14:00:00,2051.0
2025-06-24 15:00:00,2051.0
2025-06-24 16:00:00,2051.0
2025-06-24 17:00:00,2051.0
2025-06-24 23:00:00,2044.0
2025-06-25 06:00:00,2044.0
2025-06-25 07:00:00,2044.0
2025-06-25 08:00:00,2058.5
2025-06-25 09:00:00,2058.5
2025-06-25 10:00:00,2069.5
2025-06-25 11:00:00,2069.5
2025-06-25 12:00:00,2068.5
2025-06-25 13:00:00,2068.5
2025-06-25 14:00:00,2068.5
2025-06-25 15:00:00,2068.5
2025-06-25 16:00:00,2068.5
2025-06-25 17:00:00,2068.5
2025-06-25 23:00:00,2058.5
2025-06-26 07:00:00,2058.5
2025-06-26 08:00:00,2058.5
2025-06-26 09:00:00,2058.5
2025-06-26 10:00:00,2058.5
2025-06-26 11:00:00,2058.5
2025-06-26 12:00:00,2068.0
2025-06-26 13:00:00,2068.0
2025-06-26 14:00:00,2068.0
2025-06-26 15:00:00,2068.0
2025-06-26 16:00:00,2068.0
2025-06-26 17:00:00,2068.0
2025-06-26 23:00:00,2064.5
2025-06-27 06:00:00,2064.5
2025-06-27 07:00:00,2064.5
2025-06-27 08:00:00,2064.5
2025-06-27 09:00:00,2064.5
2025-06-27 10:00:00,2064.5
2025-06-27 11:00:00,2060.0
2025-06-27 12:00:00,2061.0
2025-06-27 13:00:00,2064.5
2025-06-27 14:00:00,2064.5
2025-06-27 15:00:00,2064.5
2025-06-27 16:00:00,2064.5
2025-06-27 17:00:00,2064.5
2025-06-27 23:00:00,2070.5
2025-06-30 09:00:00,2077.0
2025-06-30 10:00:00,2077.0
2025-06-30 11:00:00,2077.0
2025-06-30 12:00:00,2073.5
2025-06-30 13:00:00,2073.5
2025-06-30 14:00:00,2073.5
2025-06-30 15:00:00,2067.5
2025-06-30 16:00:00,2065.5
2025-06-30 17:00:00,2065.5
2025-06-30 23:00:00,2068.5
2025-07-01 12:00:00,2069.5
2025-07-01 13:00:00,2070.0
2025-07-01 14:00:00,2071.0
2025-07-01 15:00:00,2058.5
2025-07-01 16:00:00,2058.0
2025-07-01 17:00:00,2059.5
2025-07-01 23:00:00,2059.5
2025-07-02 01:00:00,2059.5
2025-07-02 02:00:00,2056.0
2025-07-02 03:00:00,2056.0
2025-07-02 04:00:00,2056.0
2025-07-02 05:00:00,2056.0
2025-07-02 06:00:00,2056.0
2025-07-02 07:00:00,2056.0
2025-07-02 08:00:00,2056.0
2025-07-02 09:00:00,2056.0
2025-07-02 10:00:00,2056.0
2025-07-02 11:00:00,2072.0
2025-07-02 12:00:00,2074.5
2025-07-02 13:00:00,2074.5
2025-07-02 14:00:00,2078.0
2025-07-02 15:00:00,2081.0
2025-07-02 16:00:00,2080.5
2025-07-02 17:00:00,2080.5
2025-07-02 23:00:00,2080.5
2025-07-03 01:00:00,2083.0
2025-07-03 02:00:00,2083.0
2025-07-03 03:00:00,2087.5
2025-07-03 04:00:00,2087.5
2025-07-03 05:00:00,2087.5
2025-07-03 06:00:00,2087.5
2025-07-03 07:00:00,2087.5
2025-07-03 08:00:00,2087.5
2025-07-03 09:00:00,2088.0
2025-07-03 10:00:00,2088.0
2025-07-03 11:00:00,2088.0
2025-07-03 12:00:00,2085.0
2025-07-03 13:00:00,2091.0
2025-07-03 14:00:00,2090.0
2025-07-03 15:00:00,2086.5
2025-07-03 16:00:00,2083.0
2025-07-03 17:00:00,2083.0
2025-07-03 23:00:00,2085.0
2025-07-04 07:00:00,2081.5
2025-07-04 08:00:00,2081.5
2025-07-04 09:00:00,2081.5
2025-07-04 10:00:00,2081.5
2025-07-04 11:00:00,2081.5
2025-07-04 12:00:00,2084.5
2025-07-04 13:00:00,2084.5
2025-07-04 14:00:00,2084.5
2025-07-04 15:00:00,2080.5
2025-07-04 16:00:00,2080.5
2025-07-04 17:00:00,2080.5
2025-07-04 23:00:00,2080.0
2025-07-07 01:00:00,2080.0
2025-07-07 02:00:00,2080.0
2025-07-07 03:00:00,2080.0
2025-07-07 04:00:00,2080.0
2025-07-07 05:00:00,2080.0
2025-07-07 06:00:00,2080.0
2025-07-07 07:00:00,2080.0
2025-07-07 08:00:00,2080.0
2025-07-07 09:00:00,2080.0
2025-07-07 10:00:00,2080.0
2025-07-07 11:00:00,2058.5
2025-07-07 12:00:00,2056.5
2025-07-07 13:00:00,2051.5
2025-07-07 14:00:00,2054.0
2025-07-07 15:00:00,2055.5
2025-07-07 16:00:00,2055.0
2025-07-07 17:00:00,2055.0
2025-07-07 23:00:00,2055.5
2025-07-08 02:00:00,2055.5
2025-07-08 03:00:00,2055.5
2025-07-08 04:00:00,2059.0
2025-07-08 05:00:00,2059.0
2025-07-08 06:00:00,2062.5
2025-07-08 07:00:00,2066.0
2025-07-08 08:00:00,2066.0
2025-07-08 09:00:00,2066.0
2025-07-08 10:00:00,2066.0
2025-07-08 11:00:00,2071.5
2025-07-08 12:00:00,2071.5
2025-07-08 13:00:00,2067.5
2025-07-08 14:00:00,2059.5
2025-07-08 15:00:00,2059.5
2025-07-08 16:00:00,2059.5
2025-07-08 17:00:00,2059.5
2025-07-08 23:00:00,2076.5
2025-07-09 02:00:00,2076.5
2025-07-09 03:00:00,2076.5
2025-07-09 04:00:00,2076.5
2025-07-09 05:00:00,2076.5
2025-07-09 06:00:00,2076.5
2025-07-09 07:00:00,2076.5
2025-07-09 08:00:00,2076.5
2025-07-09 09:00:00,2076.5
2025-07-09 10:00:00,2076.5
2025-07-09 11:00:00,2076.5
2025-07-09 12:00:00,2076.5
2025-07-09 13:00:00,2062.0
2025-07-09 14:00:00,2065.0
2025-07-09 15:00:00,2065.0
2025-07-09 16:00:00,2076.5
2025-07-09 17:00:00,2076.5
2025-07-09 23:00:00,2076.0
2025-07-10 01:00:00,2076.0
2025-07-10 02:00:00,2079.5
2025-07-10 03:00:00,2079.5
2025-07-10 04:00:00,2079.5
2025-07-10 05:00:00,2079.5
2025-07-10 06:00:00,2079.5
2025-07-10 07:00:00,2079.5
2025-07-10 08:00:00,2079.5
2025-07-10 09:00:00,2079.5
2025-07-10 10:00:00,2079.5
2025-07-10 11:00:00,2073.5
2025-07-10 12:00:00,2073.5
2025-07-10 13:00:00,2063.0
2025-07-10 14:00:00,2059.0
2025-07-10 15:00:00,2059.0
2025-07-10 16:00:00,2059.0
2025-07-10 17:00:00,2059.0
2025-07-10 23:00:00,2059.0
2025-07-11 05:00:00,2059.0
2025-07-11 06:00:00,2059.0
2025-07-11 07:00:00,2059.0
2025-07-11 08:00:00,2059.0
2025-07-11 09:00:00,2059.0
2025-07-11 10:00:00,2059.0
2025-07-11 11:00:00,2043.5
2025-07-11 12:00:00,2043.5
2025-07-11 13:00:00,2044.5
2025-07-11 14:00:00,2045.0
2025-07-11 15:00:00,2045.0
2025-07-11 16:00:00,2045.0
2025-07-11 17:00:00,2045.0
2025-07-11 23:00:00,2036.0
2025-07-14 08:00:00,2019.0
2025-07-14 09:00:00,2017.5
2025-07-14 10:00:00,2017.5
2025-07-14 11:00:00,2017.5
2025-07-14 12:00:00,2014.0
2025-07-14 13:00:00,2014.0
2025-07-14 14:00:00,2019.0
2025-07-14 15:00:00,2019.0
2025-07-14 16:00:00,2019.0
2025-07-14 17:00:00,2019.0
2025-07-14 23:00:00,2014.0
2025-07-15 01:00:00,2014.0
2025-07-15 02:00:00,2014.0
2025-07-15 03:00:00,2014.0
2025-07-15 04:00:00,2014.0
2025-07-15 05:00:00,2014.0
2025-07-15 06:00:00,2014.0
2025-07-15 07:00:00,2014.0
2025-07-15 08:00:00,2004.0
2025-07-15 09:00:00,2003.0
2025-07-15 10:00:00,2007.5
2025-07-15 11:00:00,2006.5
2025-07-15 12:00:00,2004.0
2025-07-15 13:00:00,1999.0
2025-07-15 14:00:00,1997.0
2025-07-15 15:00:00,2000.5
2025-07-15 16:00:00,2008.5
2025-07-15 17:00:00,2014.0
2025-07-15 23:00:00,2007.5
2025-07-16 06:00:00,2007.5
2025-07-16 07:00:00,2007.5
2025-07-16 08:00:00,2000.5
2025-07-16 09:00:00,1998.0
2025-07-16 10:00:00,1997.0
2025-07-16 11:00:00,1995.5
2025-07-16 12:00:00,1993.5
2025-07-16 13:00:00,1993.5
2025-07-16 14:00:00,1989.0
2025-07-16 15:00:00,1989.5
2025-07-16 16:00:00,1987.0
2025-07-16 17:00:00,1987.0
2025-07-16 23:00:00,1988.0
2025-07-17 01:00:00,1988.0
2025-07-17 02:00:00,1988.0
2025-07-17 03:00:00,1988.0
2025-07-17 04:00:00,1988.0
2025-07-17 05:00:00,1992.0
2025-07-17 06:00:00,1992.0
2025-07-17 07:00:00,1979.5
2025-07-17 08:00:00,1979.5
2025-07-17 09:00:00,1979.5
2025-07-17 10:00:00,1979.5
2025-07-17 11:00:00,1979.5
2025-07-17 12:00:00,1982.0
2025-07-17 13:00:00,1981.5
2025-07-17 14:00:00,1981.5
2025-07-17 15:00:00,1981.5
2025-07-17 16:00:00,1981.5
2025-07-17 17:00:00,1981.5
2025-07-17 23:00:00,1984.0
2025-07-18 01:00:00,1984.5
2025-07-18 02:00:00,1995.0
2025-07-18 03:00:00,1995.0
2025-07-18 04:00:00,1995.0
2025-07-18 05:00:00,1995.0
2025-07-18 06:00:00,1991.0
2025-07-18 07:00:00,1991.0
2025-07-18 08:00:00,2016.5
2025-07-18 09:00:00,2016.5
2025-07-18 10:00:00,2016.5
2025-07-18 11:00:00,2016.5
2025-07-18 12:00:00,2004.0
2025-07-18 13:00:00,2004.0
2025-07-18 14:00:00,2004.0
2025-07-18 15:00:00,2014.5
2025-07-18 16:00:00,2026.5
2025-07-18 17:00:00,2026.5
2025-07-18 23:00:00,2024.0
2025-07-21 05:00:00,2007.0
2025-07-21 06:00:00,2009.5
2025-07-21 07:00:00,2009.5
2025-07-21 08:00:00,2009.5
2025-07-21 09:00:00,2009.5
2025-07-21 10:00:00,2009.5
2025-07-21 11:00:00,2009.5
2025-07-21 12:00:00,2009.5
2025-07-21 13:00:00,2009.5
2025-07-21 14:00:00,2009.5
2025-07-21 15:00:00,2026.0
2025-07-21 16:00:00,2026.0
2025-07-21 17:00:00,2026.0
2025-07-21 23:00:00,2026.5
2025-07-22 06:00:00,2012.0
2025-07-22 07:00:00,2012.0
2025-07-22 08:00:00,2012.0
2025-07-22 09:00:00,2012.0
2025-07-22 10:00:00,2012.0
2025-07-22 11:00:00,2012.0
2025-07-22 12:00:00,2012.0
2025-07-22 13:00:00,2023.0
2025-07-22 14:00:00,2023.0
2025-07-22 15:00:00,2026.0
2025-07-22 16:00:00,2023.0
2025-07-22 17:00:00,2023.0
2025-07-22 23:00:00,2023.5
2025-07-23 07:00:00,2023.0
2025-07-23 08:00:00,2023.0
2025-07-23 09:00:00,2023.0
2025-07-23 10:00:00,2023.0
2025-07-23 11:00:00,2023.0
2025-07-23 12:00:00,2023.0
2025-07-23 13:00:00,2042.5
2025-07-23 14:00:00,2043.5
2025-07-23 15:00:00,2043.5
2025-07-23 16:00:00,2043.5
2025-07-23 17:00:00,2043.5
2025-07-23 23:00:00,2043.5
2025-07-24 11:00:00,2043.5
2025-07-24 12:00:00,2043.5
2025-07-24 13:00:00,2047.5
2025-07-24 14:00:00,2047.5
2025-07-24 15:00:00,2047.5
2025-07-24 16:00:00,2047.5
2025-07-24 17:00:00,2047.5
2025-07-24 23:00:00,2047.5
2025-07-25 04:00:00,2033.5
2025-07-25 11:00:00,2033.5
2025-07-25 12:00:00,2033.5
2025-07-25 13:00:00,2046.0
2025-07-25 14:00:00,2048.0
2025-07-25 15:00:00,2048.0
2025-07-25 16:00:00,2048.0
2025-07-25 17:00:00,2048.0
2025-07-25 23:00:00,2048.0
2025-07-28 01:00:00,2024.5
2025-07-28 03:00:00,2028.5
2025-07-28 12:00:00,2028.5
2025-07-28 13:00:00,2038.0
2025-07-28 14:00:00,2037.0
2025-07-28 15:00:00,2037.0
2025-07-28 16:00:00,2037.0
2025-07-28 17:00:00,2027.0
2025-07-28 23:00:00,2027.0
2025-07-29 13:00:00,2019.0
2025-07-29 14:00:00,2019.0
2025-07-29 23:00:00,2027.0
2025-07-30 11:00:00,2027.0
2025-07-30 12:00:00,2017.5
2025-07-30 13:00:00,2015.0
2025-07-30 15:00:00,2015.0
2025-07-30 23:00:00,1998.0
2025-07-31 06:00:00,1998.0
2025-07-31 09:00:00,1982.0
2025-07-31 11:00:00,1982.0
2025-07-31 12:00:00,1974.5
2025-07-31 13:00:00,1969.5
2025-07-31 14:00:00,1970.0
2025-07-31 17:00:00,1974.0
2025-07-31 23:00:00,1974.5
2025-08-01 06:00:00,1962.5
2025-08-01 08:00:00,1966.0
2025-08-01 09:00:00,1966.0
2025-08-01 10:00:00,1970.5
2025-08-01 11:00:00,1966.5
2025-08-01 12:00:00,1971.0
2025-08-01 13:00:00,1977.0
2025-08-01 14:00:00,1974.0
2025-08-01 15:00:00,1982.5
2025-08-01 16:00:00,1982.5
2025-08-01 17:00:00,1982.5
2025-08-01 23:00:00,1977.0
2025-08-04 12:00:00,1971.0
2025-08-04 13:00:00,1969.0
2025-08-04 14:00:00,1965.0
2025-08-04 15:00:00,1963.0
2025-08-04 16:00:00,1963.0
2025-08-04 17:00:00,1963.0
2025-08-04 23:00:00,1963.0
2025-08-05 10:00:00,1967.0
2025-08-05 11:00:00,1966.5
2025-08-05 12:00:00,1965.5
2025-08-05 13:00:00,1964.0
2025-08-05 14:00:00,1962.5
2025-08-05 15:00:00,1977.5
2025-08-05 16:00:00,1981.5
2025-08-05 17:00:00,1981.5
2025-08-05 23:00:00,1975.5
2025-08-06 07:00:00,1975.5
2025-08-06 08:00:00,1975.5
2025-08-06 09:00:00,1975.5
2025-08-06 10:00:00,1975.5
2025-08-06 11:00:00,1975.5
2025-08-06 12:00:00,1975.5
2025-08-06 13:00:00,1997.0
2025-08-06 14:00:00,1993.0
2025-08-06 15:00:00,1992.0
2025-08-06 16:00:00,1992.0
2025-08-06 17:00:00,1992.0
2025-08-06 23:00:00,1992.0
2025-08-07 01:00:00,1992.0
2025-08-07 07:00:00,1992.0
2025-08-07 08:00:00,2013.0
2025-08-07 09:00:00,2010.0
2025-08-07 11:00:00,2011.5
2025-08-07 12:00:00,2006.0
2025-08-07 13:00:00,2008.0
2025-08-07 14:00:00,2004.0
2025-08-07 15:00:00,2004.0
2025-08-07 16:00:00,2010.5
2025-08-07 23:00:00,2010.5
2025-08-08 08:00:00,2002.5
2025-08-08 10:00:00,2002.0
2025-08-08 12:00:00,2000.5
2025-08-08 13:00:00,2000.5
2025-08-08 14:00:00,2014.0
2025-08-08 15:00:00,2010.5
2025-08-08 16:00:00,2010.0
2025-08-08 17:00:00,2010.0
2025-08-08 23:00:00,2010.0
2025-08-11 01:00:00,2015.0
2025-08-11 10:00:00,2004.0
2025-08-11 11:00:00,2000.5
2025-08-11 12:00:00,2002.0
2025-08-11 13:00:00,2003.5
2025-08-11 15:00:00,2003.5
2025-08-11 16:00:00,2004.0
2025-08-11 23:00:00,2003.0
2025-08-12 01:00:00,2003.0
2025-08-12 13:00:00,2019.5
2025-08-12 14:00:00,2023.0
2025-08-12 15:00:00,2021.0
2025-08-12 16:00:00,2020.5
2025-08-12 23:00:00,2019.0
2025-08-13 05:00:00,2019.0
2025-08-13 09:00:00,2011.0
2025-08-13 12:00:00,2007.5
2025-08-13 13:00:00,2001.5
2025-08-13 14:00:00,2001.5
2025-08-13 15:00:00,1986.5
2025-08-13 16:00:00,1987.0
2025-08-13 23:00:00,1988.5
2025-08-14 01:00:00,1988.5
2025-08-14 08:00:00,1983.0
2025-08-14 09:00:00,1983.0
2025-08-14 11:00:00,1983.0
2025-08-14 12:00:00,1983.0
2025-08-14 13:00:00,1991.0
2025-08-14 14:00:00,1991.0
2025-08-14 15:00:00,1990.5
2025-08-14 16:00:00,1991.0
2025-08-14 17:00:00,1991.0
2025-08-14 23:00:00,1988.5
2025-08-15 08:00:00,1988.0
2025-08-15 09:00:00,1988.0
2025-08-15 10:00:00,1988.0
2025-08-15 12:00:00,1983.5
2025-08-15 13:00:00,1982.0
2025-08-15 14:00:00,1984.0
2025-08-15 15:00:00,1984.0
2025-08-15 16:00:00,1984.0
2025-08-15 17:00:00,1984.0
2025-08-15 23:00:00,1984.0
2025-08-18 05:00:00,1979.0
2025-08-18 06:00:00,1979.0
2025-08-18 07:00:00,1979.0
2025-08-18 08:00:00,1979.0
2025-08-18 09:00:00,1979.0
2025-08-18 10:00:00,1979.0
2025-08-18 11:00:00,1979.0
2025-08-18 12:00:00,1976.0
2025-08-18 13:00:00,1976.5
2025-08-18 14:00:00,1980.0
2025-08-18 15:00:00,1979.5
2025-08-18 16:00:00,1979.5
2025-08-18 23:00:00,1979.5
2025-08-19 01:00:00,1976.0
2025-08-19 02:00:00,1979.0
2025-08-19 03:00:00,1980.5
2025-08-19 04:00:00,1982.0
2025-08-19 05:00:00,1982.0
2025-08-19 06:00:00,1983.0
2025-08-19 07:00:00,1982.0
2025-08-19 08:00:00,1974.0
2025-08-19 09:00:00,1973.0
2025-08-19 10:00:00,1974.0
2025-08-19 11:00:00,1974.5
2025-08-19 12:00:00,1976.0
2025-08-19 13:00:00,1970.0
2025-08-19 14:00:00,1968.0
2025-08-19 15:00:00,1973.5
2025-08-19 16:00:00,1974.0
2025-08-19 17:00:00,1974.0
2025-08-19 23:00:00,1974.0
2025-08-20 08:00:00,1974.0
2025-08-20 09:00:00,1972.0
2025-08-20 10:00:00,1972.0
2025-08-20 11:00:00,1970.0
2025-08-20 12:00:00,1974.5
2025-08-20 13:00:00,1972.5
2025-08-20 14:00:00,1971.5
2025-08-20 15:00:00,1978.5
2025-08-20 16:00:00,1978.5
2025-08-20 17:00:00,1978.5
2025-08-20 23:00:00,1982.0
2025-08-21 09:00:00,1970.5
2025-08-21 10:00:00,1970.5
2025-08-21 11:00:00,1968.0
2025-08-21 12:00:00,1968.0
2025-08-21 13:00:00,1974.5
2025-08-21 14:00:00,1974.5
2025-08-21 15:00:00,1969.5
2025-08-21 16:00:00,1969.5
2025-08-21 17:00:00,1969.5
2025-08-21 23:00:00,1970.5
2025-08-22 11:00:00,1983.0
2025-08-22 12:00:00,1982.0
2025-08-22 13:00:00,1982.0
2025-08-22 14:00:00,1990.0
2025-08-22 15:00:00,1990.0
2025-08-22 16:00:00,1990.0
2025-08-22 17:00:00,1990.0
2025-08-22 23:00:00,1997.0
2025-08-26 09:00:00,1989.0
2025-08-26 10:00:00,1988.5
2025-08-26 11:00:00,1988.5
2025-08-26 12:00:00,1993.0
2025-08-26 13:00:00,1993.0
2025-08-26 14:00:00,1995.5
2025-08-26 15:00:00,1993.0
2025-08-26 16:00:00,1993.0
2025-08-26 17:00:00,1993.0
2025-08-26 23:00:00,1993.0
2025-08-27 09:00:00,1989.0
2025-08-27 11:00:00,1986.5
2025-08-27 12:00:00,1985.5
2025-08-27 13:00:00,1981.0
2025-08-27 14:00:00,1983.0
2025-08-27 15:00:00,1982.5
2025-08-27 16:00:00,1982.5
2025-08-27 17:00:00,1982.5
2025-08-27 23:00:00,1982.5
2025-08-28 11:00:00,1983.5
2025-08-28 12:00:00,1984.5
2025-08-28 13:00:00,1985.0
2025-08-28 14:00:00,1983.5
2025-08-28 23:00:00,1983.5
2025-08-29 01:00:00,1985.5
2025-08-29 05:00:00,1985.0
2025-08-29 11:00:00,1983.0
2025-08-29 13:00:00,1981.0
2025-08-29 23:00:00,1981.0
2025-09-01 08:00:00,1992.0
2025-09-01 11:00:00,1992.0
2025-09-01 13:00:00,1990.5
2025-09-01 14:00:00,1991.5
2025-09-01 15:00:00,1991.0
2025-09-01 23:00:00,1991.0
2025-09-02 12:00:00,1981.5
2025-09-02 13:00:00,1981.5
2025-09-02 14:00:00,1997.0
2025-09-02 15:00:00,1994.0
2025-09-02 16:00:00,1991.5
2025-09-02 23:00:00,1991.5
2025-09-03 03:00:00,1988.5
2025-09-03 14:00:00,1988.0
