DATETIME,price
2022-07-21 23:00:00,98.96500000000002
2022-07-22 23:00:00,99.13000000000001
2022-07-25 23:00:00,99.12000000000002
2022-07-26 23:00:00,99.17500000000001
2022-07-27 23:00:00,99.17000000000002
2022-07-28 23:00:00,99.19000000000001
2022-07-29 23:00:00,99.13000000000001
2022-08-01 23:00:00,99.13000000000001
2022-08-02 23:00:00,99.08000000000001
2022-08-03 23:00:00,99.06000000000002
2022-08-04 23:00:00,99.10500000000002
2022-08-05 23:00:00,99.05000000000001
2022-08-08 23:00:00,99.07000000000002
2022-08-09 23:00:00,99.06000000000002
2022-08-10 23:00:00,99.09000000000002
2022-08-11 23:00:00,99.07000000000002
2022-08-12 23:00:00,99.08000000000001
2022-08-15 23:00:00,99.11000000000001
2022-08-16 23:00:00,99.12000000000002
2022-08-17 23:00:00,99.09000000000002
2022-08-18 23:00:00,99.10500000000002
2022-08-19 23:00:00,99.09000000000002
2022-08-22 23:00:00,99.04000000000002
2022-08-23 23:00:00,99.01500000000003
2022-08-24 23:00:00,98.96500000000002
2022-08-25 23:00:00,98.99500000000002
2022-08-26 23:00:00,98.92500000000003
2022-08-29 23:00:00,98.79500000000002
2022-08-30 23:00:00,98.74000000000002
2022-08-31 23:00:00,98.71500000000002
2022-09-01 23:00:00,98.70500000000003
2022-09-02 23:00:00,98.77000000000002
2022-09-05 23:00:00,98.70500000000003
2022-09-06 23:00:00,98.70000000000003
2022-09-07 23:00:00,98.72000000000003
2022-09-08 23:00:00,98.63500000000003
2022-09-09 23:00:00,98.55500000000004
2022-09-12 23:00:00,98.50000000000003
2022-09-13 23:00:00,98.37500000000003
2022-09-14 23:00:00,98.28500000000003
2022-09-15 23:00:00,98.24000000000004
2022-09-16 23:00:00,98.23500000000003
2022-09-19 23:00:00,98.24500000000003
2022-09-20 23:00:00,98.13500000000003
2022-09-21 23:00:00,98.10000000000004
2022-09-22 23:00:00,98.26000000000003
2022-09-23 23:00:00,98.28500000000003
2022-09-26 23:00:00,98.30000000000003
2022-09-27 23:00:00,98.33000000000003
2022-09-28 23:00:00,98.56000000000003
2022-09-29 23:00:00,98.52000000000002
2022-09-30 23:00:00,98.57000000000004
2022-10-03 23:00:00,98.75500000000002
2022-10-04 23:00:00,98.83500000000004
2022-10-05 23:00:00,98.71000000000004
2022-10-06 23:00:00,98.61000000000003
2022-10-07 23:00:00,98.53000000000003
2022-10-10 23:00:00,98.52000000000002
2022-10-11 23:00:00,98.63000000000002
2022-10-12 23:00:00,98.67500000000003
2022-10-13 23:00:00,98.71500000000003
2022-10-14 23:00:00,98.75500000000002
2022-10-17 23:00:00,98.78500000000003
2022-10-18 23:00:00,98.81500000000003
2022-10-19 23:00:00,98.76000000000003
2022-10-20 23:00:00,98.75500000000002
2022-10-21 23:00:00,98.78000000000003
2022-10-24 23:00:00,98.84500000000003
2022-10-25 23:00:00,98.88500000000003
2022-10-26 23:00:00,98.89000000000003
2022-10-27 23:00:00,99.00500000000002
2022-10-28 23:00:00,98.93000000000004
2022-10-31 23:00:00,98.88000000000002
2022-11-01 23:00:00,98.88000000000002
2022-11-02 23:00:00,98.87000000000003
2022-11-03 23:00:00,98.91000000000003
2022-11-04 23:00:00,98.92000000000003
2022-11-07 23:00:00,98.92500000000003
2022-11-08 23:00:00,98.97000000000003
2022-11-09 23:00:00,98.98500000000003
2022-11-10 23:00:00,99.03000000000003
2022-11-11 23:00:00,98.90000000000003
2022-11-14 23:00:00,98.91500000000003
2022-11-15 23:00:00,98.90500000000003
2022-11-16 23:00:00,98.92000000000003
2022-11-17 23:00:00,98.92500000000003
2022-11-18 23:00:00,98.94500000000004
2022-11-21 23:00:00,98.95500000000003
2022-11-22 23:00:00,98.95500000000003
2022-11-23 23:00:00,98.96500000000003
2022-11-24 23:00:00,98.95500000000003
2022-11-25 23:00:00,98.88000000000002
2022-11-28 23:00:00,98.89000000000003
2022-11-29 23:00:00,98.93000000000004
2022-11-30 23:00:00,98.92500000000003
2022-12-01 23:00:00,98.96000000000004
2022-12-02 23:00:00,98.92500000000003
2022-12-05 23:00:00,98.94500000000002
2022-12-06 23:00:00,98.96500000000002
2022-12-07 23:00:00,98.98000000000002
2022-12-08 23:00:00,98.97500000000002
2022-12-09 23:00:00,98.96000000000002
2022-12-12 23:00:00,98.91000000000003
2022-12-13 23:00:00,98.96000000000002
2022-12-14 23:00:00,99.03000000000002
2022-12-15 23:00:00,98.85000000000002
2022-12-16 23:00:00,98.73500000000001
2022-12-19 23:00:00,98.71000000000002
2022-12-20 23:00:00,98.61000000000001
2022-12-21 23:00:00,98.56500000000001
2022-12-22 23:00:00,98.52000000000002
2022-12-23 23:00:00,98.47500000000002
2022-12-27 23:00:00,98.40000000000002
2022-12-28 23:00:00,98.38000000000002
2022-12-29 23:00:00,98.45000000000002
2022-12-30 23:00:00,98.43000000000002
2023-01-03 23:00:00,98.50500000000002
2023-01-04 23:00:00,98.58500000000002
2023-01-05 23:00:00,98.52000000000002
2023-01-06 23:00:00,98.60000000000002
2023-01-09 23:00:00,98.59000000000002
2023-01-10 23:00:00,98.55500000000002
2023-01-11 23:00:00,98.60000000000002
2023-01-12 23:00:00,98.68500000000002
2023-01-13 23:00:00,98.67000000000002
2023-01-16 23:00:00,98.65500000000002
2023-01-17 23:00:00,98.73500000000001
2023-01-18 23:00:00,98.74500000000002
2023-01-19 23:00:00,98.69000000000001
2023-01-20 23:00:00,98.65500000000002
2023-01-23 23:00:00,98.64500000000002
2023-01-24 23:00:00,98.68000000000002
2023-01-25 23:00:00,98.67000000000002
2023-01-26 23:00:00,98.68500000000002
2023-01-27 23:00:00,98.66500000000002
2023-01-30 23:00:00,98.59000000000002
2023-01-31 23:00:00,98.60500000000002
2023-02-01 23:00:00,98.58500000000002
2023-02-02 23:00:00,98.68500000000002
2023-02-03 23:00:00,98.63000000000002
2023-02-06 23:00:00,98.56500000000001
2023-02-07 23:00:00,98.54000000000002
2023-02-08 23:00:00,98.52000000000002
2023-02-09 23:00:00,98.54000000000002
2023-02-10 23:00:00,98.47500000000002
2023-02-13 23:00:00,98.44500000000002
2023-02-14 23:00:00,98.42000000000002
2023-02-15 23:00:00,98.43000000000002
2023-02-16 23:00:00,98.44500000000002
2023-02-17 23:00:00,98.42000000000002
2023-02-20 23:00:00,98.40500000000002
2023-02-21 23:00:00,98.38000000000002
2023-02-22 23:00:00,98.40500000000002
2023-02-23 23:00:00,98.40000000000002
2023-02-24 23:00:00,98.33000000000001
2023-02-27 23:00:00,98.32500000000002
2023-02-28 23:00:00,98.29000000000002
2023-03-01 23:00:00,98.22000000000001
2023-03-02 23:00:00,98.19000000000001
2023-03-03 23:00:00,98.16000000000003
2023-03-06 23:00:00,97.94000000000003
2023-03-07 23:00:00,97.88500000000002
2023-03-08 23:00:00,97.79000000000002
2023-03-09 23:00:00,97.77500000000002
2023-03-10 23:00:00,97.88000000000002
2023-03-13 23:00:00,98.38500000000002
2023-03-14 23:00:00,98.27000000000002
2023-03-15 23:00:00,98.64000000000001
2023-03-16 23:00:00,98.52500000000002
2023-03-17 23:00:00,98.54500000000002
2023-03-20 23:00:00,98.58000000000003
2023-03-21 23:00:00,98.41500000000002
2023-03-22 23:00:00,98.24500000000002
2023-03-23 23:00:00,98.30000000000003
2023-03-24 23:00:00,98.40500000000002
2023-03-27 23:00:00,98.32000000000002
2023-03-28 23:00:00,98.25500000000002
2023-03-29 23:00:00,98.20500000000003
2023-03-30 23:00:00,98.11000000000003
2023-03-31 23:00:00,98.09000000000002
2023-04-03 23:00:00,98.18000000000002
2023-04-04 23:00:00,98.22000000000003
2023-04-05 23:00:00,98.31000000000002
2023-04-06 23:00:00,98.34500000000003
2023-04-11 23:00:00,98.25000000000001
2023-04-12 23:00:00,98.20500000000003
2023-04-13 23:00:00,98.23000000000002
2023-04-14 23:00:00,98.19500000000002
2023-04-17 23:00:00,98.19500000000002
2023-04-18 23:00:00,98.22000000000003
2023-04-19 23:00:00,98.17500000000003
2023-04-20 23:00:00,98.24500000000002
2023-04-21 23:00:00,98.23500000000003
2023-04-24 23:00:00,98.20000000000002
2023-04-25 23:00:00,98.26500000000001
2023-04-26 23:00:00,98.29000000000002
2023-04-27 23:00:00,98.24500000000002
2023-04-28 23:00:00,98.24500000000002
2023-05-02 23:00:00,98.29000000000002
2023-05-03 23:00:00,98.28000000000002
2023-05-04 23:00:00,98.39000000000001
2023-05-05 23:00:00,98.41000000000003
2023-05-08 23:00:00,98.41500000000002
2023-05-09 23:00:00,98.42500000000003
2023-05-10 23:00:00,98.45000000000002
2023-05-11 23:00:00,98.49000000000002
2023-05-12 23:00:00,98.45500000000003
2023-05-15 23:00:00,98.45000000000002
2023-05-16 23:00:00,98.43500000000002
2023-05-17 23:00:00,98.45000000000002
2023-05-19 23:00:00,98.42500000000003
2023-05-22 23:00:00,98.43000000000002
2023-05-23 23:00:00,98.41000000000003
2023-05-24 23:00:00,98.39000000000001
2023-05-25 23:00:00,98.36000000000003
2023-05-26 23:00:00,98.32500000000002
2023-05-30 23:00:00,98.39000000000001
2023-05-31 23:00:00,98.44500000000002
2023-06-01 23:00:00,98.43000000000002
2023-06-02 23:00:00,98.40500000000002
2023-06-05 23:00:00,98.38000000000001
2023-06-06 23:00:00,98.39000000000001
2023-06-07 23:00:00,98.35500000000002
2023-06-08 23:00:00,98.29000000000002
2023-06-09 23:00:00,98.28000000000002
2023-06-12 23:00:00,98.27500000000002
2023-06-13 23:00:00,98.22500000000002
2023-06-14 23:00:00,98.21500000000002
2023-06-15 23:00:00,98.14500000000001
2023-06-16 23:00:00,98.16000000000001
2023-06-19 23:00:00,98.14500000000001
2023-06-20 07:30:00,98.14500000000001
2023-06-20 08:00:00,98.17000000000002
2023-06-20 09:00:00,98.16000000000001
2023-06-20 10:00:00,98.14000000000001
2023-06-20 11:00:00,98.16500000000002
2023-06-20 12:00:00,98.17500000000001
2023-06-20 13:00:00,98.18000000000002
2023-06-20 14:00:00,98.18000000000002
2023-06-20 15:00:00,98.18500000000002
2023-06-20 16:00:00,98.18000000000002
2023-06-20 17:00:00,98.16000000000001
2023-06-20 23:00:00,98.18500000000002
2023-06-21 07:30:00,98.14500000000001
2023-06-21 08:00:00,98.17000000000002
2023-06-21 09:00:00,98.17000000000002
2023-06-21 10:00:00,98.20000000000002
2023-06-21 11:00:00,98.19500000000002
2023-06-21 12:00:00,98.20500000000001
2023-06-21 13:00:00,98.20500000000001
2023-06-21 14:00:00,98.17000000000002
2023-06-21 15:00:00,98.18000000000002
2023-06-21 16:00:00,98.17000000000002
2023-06-21 17:00:00,98.19500000000002
2023-06-21 23:00:00,98.18000000000002
2023-06-22 07:30:00,98.17500000000001
2023-06-22 08:00:00,98.28000000000002
2023-06-22 09:00:00,98.27000000000001
2023-06-22 10:00:00,98.27500000000002
2023-06-22 11:00:00,98.26000000000002
2023-06-22 12:00:00,98.26000000000002
2023-06-22 13:00:00,98.25000000000001
2023-06-22 14:00:00,98.24500000000002
2023-06-22 15:00:00,98.24000000000002
2023-06-22 16:00:00,98.23000000000002
2023-06-22 17:00:00,98.20500000000001
2023-06-22 23:00:00,98.24000000000002
2023-06-23 07:30:00,98.22500000000002
2023-06-23 08:00:00,98.27500000000002
2023-06-23 09:00:00,98.28500000000001
2023-06-23 10:00:00,98.29000000000002
2023-06-23 11:00:00,98.31500000000001
2023-06-23 12:00:00,98.32000000000002
2023-06-23 13:00:00,98.33500000000002
2023-06-23 14:00:00,98.33500000000002
2023-06-23 15:00:00,98.31000000000002
2023-06-23 16:00:00,98.31000000000002
2023-06-23 17:00:00,98.31000000000002
2023-06-23 23:00:00,98.32500000000002
2023-06-26 07:30:00,98.30000000000001
2023-06-26 08:00:00,98.32500000000002
2023-06-26 09:00:00,98.34500000000001
2023-06-26 10:00:00,98.31500000000001
2023-06-26 11:00:00,98.31500000000001
2023-06-26 12:00:00,98.31000000000002
2023-06-26 13:00:00,98.31500000000001
2023-06-26 14:00:00,98.31500000000001
2023-06-26 15:00:00,98.31500000000001
2023-06-26 16:00:00,98.30500000000002
2023-06-26 17:00:00,98.30500000000002
2023-06-26 23:00:00,98.32000000000002
2023-06-27 07:30:00,98.31000000000002
2023-06-27 08:00:00,98.31000000000002
2023-06-27 09:00:00,98.30500000000002
2023-06-27 10:00:00,98.29500000000002
2023-06-27 11:00:00,98.30000000000001
2023-06-27 12:00:00,98.31000000000002
2023-06-27 13:00:00,98.29500000000002
2023-06-27 14:00:00,98.29500000000002
2023-06-27 15:00:00,98.26500000000001
2023-06-27 16:00:00,98.24000000000002
2023-06-27 17:00:00,98.25500000000001
2023-06-27 23:00:00,98.25500000000001
2023-06-28 07:30:00,98.25500000000001
2023-06-28 08:00:00,98.26000000000002
2023-06-28 09:00:00,98.26000000000002
2023-06-28 10:00:00,98.26500000000001
2023-06-28 11:00:00,98.27000000000001
2023-06-28 12:00:00,98.27500000000002
2023-06-28 13:00:00,98.27500000000002
2023-06-28 14:00:00,98.25500000000001
2023-06-28 15:00:00,98.25000000000001
2023-06-28 16:00:00,98.26500000000001
2023-06-28 17:00:00,98.27000000000001
2023-06-28 23:00:00,98.27000000000001
2023-06-29 07:30:00,98.25500000000001
2023-06-29 08:00:00,98.23500000000001
2023-06-29 09:00:00,98.24000000000002
2023-06-29 10:00:00,98.24000000000002
2023-06-29 11:00:00,98.24500000000002
2023-06-29 12:00:00,98.24500000000002
2023-06-29 13:00:00,98.20500000000001
2023-06-29 14:00:00,98.20500000000001
2023-06-29 15:00:00,98.22500000000002
2023-06-29 16:00:00,98.21500000000002
2023-06-29 17:00:00,98.21500000000002
2023-06-29 23:00:00,98.23000000000002
2023-06-30 07:30:00,98.24500000000002
2023-06-30 08:00:00,98.21000000000002
2023-06-30 09:00:00,98.22000000000001
2023-06-30 10:00:00,98.20500000000001
2023-06-30 11:00:00,98.22500000000002
2023-06-30 12:00:00,98.21500000000002
2023-06-30 13:00:00,98.23000000000002
2023-06-30 14:00:00,98.21000000000002
2023-06-30 15:00:00,98.23000000000002
2023-06-30 16:00:00,98.23000000000002
2023-06-30 17:00:00,98.24000000000002
2023-06-30 23:00:00,98.23500000000001
2023-07-03 07:30:00,98.26500000000001
2023-07-03 08:00:00,98.27500000000002
2023-07-03 09:00:00,98.27500000000002
2023-07-03 10:00:00,98.26500000000001
2023-07-03 11:00:00,98.26000000000002
2023-07-03 12:00:00,98.24000000000002
2023-07-03 13:00:00,98.25500000000001
2023-07-03 14:00:00,98.28000000000002
2023-07-03 15:00:00,98.26500000000001
2023-07-03 16:00:00,98.25500000000001
2023-07-03 17:00:00,98.25500000000001
2023-07-03 23:00:00,98.26000000000002
2023-07-04 07:30:00,98.28500000000001
2023-07-04 08:00:00,98.28500000000001
2023-07-04 09:00:00,98.28000000000002
2023-07-04 10:00:00,98.28000000000002
2023-07-04 11:00:00,98.27500000000002
2023-07-04 12:00:00,98.27000000000001
2023-07-04 13:00:00,98.27000000000001
2023-07-04 14:00:00,98.28000000000002
2023-07-04 15:00:00,98.28000000000002
2023-07-04 16:00:00,98.29000000000002
2023-07-04 17:00:00,98.29000000000002
2023-07-04 23:00:00,98.28500000000001
2023-07-05 07:30:00,98.28500000000001
2023-07-05 08:00:00,98.30500000000002
2023-07-05 09:00:00,98.30500000000002
2023-07-05 10:00:00,98.31000000000002
2023-07-05 11:00:00,98.31000000000002
2023-07-05 12:00:00,98.29500000000002
2023-07-05 13:00:00,98.30000000000001
2023-07-05 14:00:00,98.30000000000001
2023-07-05 15:00:00,98.29500000000002
2023-07-05 16:00:00,98.28500000000001
2023-07-05 17:00:00,98.28000000000002
2023-07-05 23:00:00,98.29000000000002
2023-07-06 07:30:00,98.28000000000002
2023-07-06 08:00:00,98.27000000000001
2023-07-06 09:00:00,98.28000000000002
2023-07-06 10:00:00,98.27000000000001
2023-07-06 11:00:00,98.27500000000002
2023-07-06 12:00:00,98.27500000000002
2023-07-06 13:00:00,98.25000000000001
2023-07-06 14:00:00,98.22500000000002
2023-07-06 15:00:00,98.21000000000002
2023-07-06 16:00:00,98.21500000000002
2023-07-06 17:00:00,98.21500000000002
2023-07-06 23:00:00,98.22000000000001
2023-07-07 07:30:00,98.21500000000002
2023-07-07 08:00:00,98.22500000000002
2023-07-07 09:00:00,98.22500000000002
2023-07-07 10:00:00,98.22000000000001
2023-07-07 11:00:00,98.23000000000002
2023-07-07 12:00:00,98.24000000000002
2023-07-07 13:00:00,98.22000000000001
2023-07-07 14:00:00,98.23000000000002
2023-07-07 15:00:00,98.23500000000001
2023-07-07 16:00:00,98.22500000000002
2023-07-07 17:00:00,98.22000000000001
2023-07-07 23:00:00,98.24000000000002
2023-07-10 07:30:00,98.21500000000002
2023-07-10 08:00:00,98.21500000000002
2023-07-10 09:00:00,98.21500000000002
2023-07-10 10:00:00,98.21000000000002
2023-07-10 11:00:00,98.21000000000002
2023-07-10 12:00:00,98.22500000000002
2023-07-10 13:00:00,98.20500000000001
2023-07-10 14:00:00,98.22000000000001
2023-07-10 15:00:00,98.21500000000002
2023-07-10 16:00:00,98.20500000000001
2023-07-10 17:00:00,98.20000000000002
2023-07-10 23:00:00,98.22500000000002
2023-07-11 07:30:00,98.21500000000002
2023-07-11 08:00:00,98.21000000000002
2023-07-11 09:00:00,98.22500000000002
2023-07-11 10:00:00,98.25000000000001
2023-07-11 11:00:00,98.22000000000001
2023-07-11 12:00:00,98.22000000000001
2023-07-11 13:00:00,98.21500000000002
2023-07-11 14:00:00,98.21000000000002
2023-07-11 15:00:00,98.22000000000001
2023-07-11 16:00:00,98.20500000000001
2023-07-11 17:00:00,98.20500000000001
2023-07-11 23:00:00,98.21500000000002
2023-07-12 07:30:00,98.22500000000002
2023-07-12 08:00:00,98.22500000000002
2023-07-12 09:00:00,98.24000000000002
2023-07-12 10:00:00,98.24000000000002
2023-07-12 11:00:00,98.24000000000002
2023-07-12 12:00:00,98.24500000000002
2023-07-12 13:00:00,98.26500000000001
2023-07-12 14:00:00,98.27000000000001
2023-07-12 15:00:00,98.27500000000002
2023-07-12 16:00:00,98.29000000000002
2023-07-12 17:00:00,98.29000000000002
2023-07-12 23:00:00,98.28000000000002
2023-07-13 07:30:00,98.32000000000002
2023-07-13 08:00:00,98.33000000000001
2023-07-13 09:00:00,98.33500000000002
2023-07-13 10:00:00,98.33500000000002
2023-07-13 11:00:00,98.34000000000002
2023-07-13 12:00:00,98.33500000000002
2023-07-13 13:00:00,98.33000000000001
2023-07-13 14:00:00,98.35000000000002
2023-07-13 15:00:00,98.34000000000002
2023-07-13 16:00:00,98.34500000000001
2023-07-13 17:00:00,98.35000000000002
2023-07-13 23:00:00,98.34500000000001
2023-07-14 07:30:00,98.33000000000001
2023-07-14 08:00:00,98.33500000000002
2023-07-14 09:00:00,98.34000000000002
2023-07-14 10:00:00,98.34000000000002
2023-07-14 11:00:00,98.34000000000002
2023-07-14 12:00:00,98.35000000000002
2023-07-14 13:00:00,98.35000000000002
2023-07-14 14:00:00,98.34500000000001
2023-07-14 15:00:00,98.33500000000002
2023-07-14 16:00:00,98.33500000000002
2023-07-14 17:00:00,98.34500000000001
2023-07-14 23:00:00,98.34000000000002
2023-07-17 07:30:00,98.34500000000001
2023-07-17 08:00:00,98.33500000000002
2023-07-17 09:00:00,98.34000000000002
2023-07-17 10:00:00,98.34500000000001
2023-07-17 11:00:00,98.33500000000002
2023-07-17 12:00:00,98.33500000000002
2023-07-17 13:00:00,98.33000000000001
2023-07-17 14:00:00,98.33000000000001
2023-07-17 15:00:00,98.34000000000002
2023-07-17 16:00:00,98.34000000000002
2023-07-17 17:00:00,98.34000000000002
2023-07-17 23:00:00,98.34500000000001
2023-07-18 07:30:00,98.35000000000002
2023-07-18 08:00:00,98.40000000000002
2023-07-18 09:00:00,98.40000000000002
2023-07-18 10:00:00,98.40500000000002
2023-07-18 11:00:00,98.41000000000001
2023-07-18 12:00:00,98.40000000000002
2023-07-18 13:00:00,98.40500000000002
2023-07-18 14:00:00,98.41000000000001
2023-07-18 15:00:00,98.40000000000002
2023-07-18 16:00:00,98.40000000000002
2023-07-18 17:00:00,98.38500000000002
2023-07-18 23:00:00,98.41500000000002
2023-07-19 07:30:00,98.42500000000001
2023-07-19 08:00:00,98.43
2023-07-19 09:00:00,98.44000000000001
2023-07-19 23:00:00,98.44000000000001
2023-07-19 23:00:01,98.44000000000001
2023-07-20 07:30:00,98.38000000000001
2023-07-20 08:00:00,98.36500000000001
2023-07-20 09:00:00,98.37
2023-07-20 10:00:00,98.36500000000001
2023-07-20 11:00:00,98.36500000000001
2023-07-20 12:00:00,98.36000000000001
2023-07-20 13:00:00,98.355
2023-07-20 14:00:00,98.355
2023-07-20 15:00:00,98.325
2023-07-20 16:00:00,98.30000000000001
2023-07-20 17:00:00,98.28
2023-07-20 23:00:00,98.32000000000001
2023-07-21 07:30:00,98.31
2023-07-21 08:00:00,98.29
2023-07-21 09:00:00,98.295
2023-07-21 10:00:00,98.295
2023-07-21 11:00:00,98.295
2023-07-21 12:00:00,98.30000000000001
2023-07-21 13:00:00,98.305
2023-07-21 14:00:00,98.31
2023-07-21 15:00:00,98.305
2023-07-21 16:00:00,98.31500000000001
2023-07-21 17:00:00,98.305
2023-07-21 23:00:00,98.305
2023-07-24 07:30:00,98.295
2023-07-24 08:00:00,98.35000000000001
2023-07-24 09:00:00,98.355
2023-07-24 10:00:00,98.35000000000001
2023-07-24 11:00:00,98.355
2023-07-24 12:00:00,98.355
2023-07-24 13:00:00,98.35000000000001
2023-07-24 14:00:00,98.36000000000001
2023-07-24 15:00:00,98.35000000000001
2023-07-24 16:00:00,98.35000000000001
2023-07-24 17:00:00,98.33000000000001
2023-07-24 23:00:00,98.355
2023-07-25 07:30:00,98.33000000000001
2023-07-25 08:00:00,98.33000000000001
2023-07-25 09:00:00,98.325
2023-07-25 10:00:00,98.33000000000001
2023-07-25 11:00:00,98.33000000000001
2023-07-25 12:00:00,98.325
2023-07-25 13:00:00,98.33500000000001
2023-07-25 14:00:00,98.325
2023-07-25 15:00:00,98.305
2023-07-25 16:00:00,98.31
2023-07-25 17:00:00,98.305
2023-07-25 23:00:00,98.305
2023-07-26 07:30:00,98.305
2023-07-26 08:00:00,98.31
2023-07-26 09:00:00,98.30000000000001
2023-07-26 10:00:00,98.29
2023-07-26 11:00:00,98.30000000000001
2023-07-26 12:00:00,98.295
2023-07-26 13:00:00,98.295
2023-07-26 14:00:00,98.27000000000001
2023-07-26 15:00:00,98.26
2023-07-26 16:00:00,98.26
2023-07-26 17:00:00,98.25000000000001
2023-07-26 23:00:00,98.25500000000001
2023-07-27 07:30:00,98.27000000000001
2023-07-27 08:00:00,98.26
2023-07-27 09:00:00,98.26500000000001
2023-07-27 10:00:00,98.26500000000001
2023-07-27 11:00:00,98.275
2023-07-27 12:00:00,98.28
2023-07-27 13:00:00,98.305
2023-07-27 14:00:00,98.31
2023-07-27 15:00:00,98.25500000000001
2023-07-27 16:00:00,98.28
2023-07-27 17:00:00,98.28500000000001
2023-07-27 23:00:00,98.27000000000001
2023-07-28 07:30:00,98.305
2023-07-28 08:00:00,98.305
2023-07-28 09:00:00,98.305
2023-07-28 10:00:00,98.31
2023-07-28 11:00:00,98.31500000000001
2023-07-28 12:00:00,98.325
2023-07-28 13:00:00,98.295
2023-07-28 14:00:00,98.28500000000001
2023-07-28 15:00:00,98.29
2023-07-28 16:00:00,98.29
2023-07-28 17:00:00,98.28
2023-07-28 23:00:00,98.295
2023-07-31 07:30:00,98.275
2023-07-31 08:00:00,98.28
2023-07-31 09:00:00,98.29
2023-07-31 10:00:00,98.29
2023-07-31 11:00:00,98.295
2023-07-31 12:00:00,98.30000000000001
2023-07-31 13:00:00,98.29
2023-07-31 14:00:00,98.28500000000001
2023-07-31 15:00:00,98.30000000000001
2023-07-31 16:00:00,98.295
2023-07-31 17:00:00,98.295
2023-07-31 23:00:00,98.32000000000001
2023-08-02 07:30:00,98.305
2023-08-02 08:00:00,98.31500000000001
2023-08-02 09:00:00,98.34500000000001
2023-08-02 10:00:00,98.35000000000001
2023-08-02 11:00:00,98.37500000000001
2023-08-02 12:00:00,98.38000000000001
2023-08-02 13:00:00,98.385
2023-08-02 14:00:00,98.39000000000001
2023-08-02 15:00:00,98.36500000000001
2023-08-02 16:00:00,98.385
2023-08-02 17:00:00,98.405
2023-08-02 23:00:00,98.37500000000001
2023-08-03 07:30:00,98.385
2023-08-03 08:00:00,98.39500000000001
2023-08-03 09:00:00,98.385
2023-08-03 10:00:00,98.355
2023-08-03 11:00:00,98.35000000000001
2023-08-03 12:00:00,98.37
2023-08-03 13:00:00,98.36000000000001
2023-08-03 14:00:00,98.36000000000001
2023-08-03 15:00:00,98.37500000000001
2023-08-03 16:00:00,98.355
2023-08-03 17:00:00,98.37
2023-08-03 23:00:00,98.38000000000001
2023-08-04 07:30:00,98.355
2023-08-04 08:00:00,98.36000000000001
2023-08-04 09:00:00,98.36000000000001
2023-08-04 10:00:00,98.34500000000001
2023-08-04 11:00:00,98.33500000000001
2023-08-04 12:00:00,98.33500000000001
2023-08-04 13:00:00,98.355
2023-08-04 14:00:00,98.385
2023-08-04 15:00:00,98.37
2023-08-04 16:00:00,98.36000000000001
2023-08-04 17:00:00,98.36000000000001
2023-08-04 23:00:00,98.37500000000001
2023-08-07 07:30:00,98.37500000000001
2023-08-07 08:00:00,98.36500000000001
2023-08-07 09:00:00,98.37500000000001
2023-08-07 10:00:00,98.37
2023-08-07 11:00:00,98.37500000000001
2023-08-07 12:00:00,98.38000000000001
2023-08-07 13:00:00,98.39500000000001
2023-08-07 14:00:00,98.385
2023-08-07 15:00:00,98.39500000000001
2023-08-07 16:00:00,98.39000000000001
2023-08-07 17:00:00,98.41000000000001
2023-08-07 23:00:00,98.39500000000001
2023-08-08 07:30:00,98.39500000000001
2023-08-08 08:00:00,98.42
2023-08-08 09:00:00,98.43
2023-08-08 10:00:00,98.435
2023-08-08 11:00:00,98.44000000000001
2023-08-08 12:00:00,98.435
2023-08-08 13:00:00,98.435
2023-08-08 14:00:00,98.44000000000001
2023-08-08 15:00:00,98.42500000000001
2023-08-08 16:00:00,98.42500000000001
2023-08-08 17:00:00,98.43
2023-08-08 23:00:00,98.435
2023-08-09 07:30:00,98.43
2023-08-09 08:00:00,98.435
2023-08-09 09:00:00,98.45
2023-08-09 10:00:00,98.45500000000001
2023-08-09 11:00:00,98.44500000000001
2023-08-09 12:00:00,98.44500000000001
2023-08-09 13:00:00,98.42500000000001
2023-08-09 14:00:00,98.44000000000001
2023-08-09 15:00:00,98.415
2023-08-09 16:00:00,98.415
2023-08-09 17:00:00,98.435
2023-08-09 23:00:00,98.42
2023-08-10 07:30:00,98.42
2023-08-10 08:00:00,98.405
2023-08-10 09:00:00,98.415
2023-08-10 10:00:00,98.415
2023-08-10 11:00:00,98.415
2023-08-10 12:00:00,98.41000000000001
2023-08-10 13:00:00,98.405
2023-08-10 14:00:00,98.405
2023-08-10 15:00:00,98.405
2023-08-10 16:00:00,98.39500000000001
2023-08-10 17:00:00,98.39500000000001
2023-08-10 23:00:00,98.4
2023-08-11 07:30:00,98.39000000000001
2023-08-11 08:00:00,98.39000000000001
2023-08-11 09:00:00,98.39500000000001
2023-08-11 10:00:00,98.39500000000001
2023-08-11 11:00:00,98.39000000000001
2023-08-11 12:00:00,98.385
2023-08-11 13:00:00,98.37
2023-08-11 14:00:00,98.36500000000001
2023-08-11 15:00:00,98.36500000000001
2023-08-11 16:00:00,98.355
2023-08-11 17:00:00,98.35000000000001
2023-08-11 23:00:00,98.37
2023-08-14 07:30:00,98.36000000000001
2023-08-14 08:00:00,98.37500000000001
2023-08-14 09:00:00,98.39500000000001
2023-08-14 10:00:00,98.39000000000001
2023-08-14 11:00:00,98.4
2023-08-14 12:00:00,98.39000000000001
2023-08-14 13:00:00,98.37500000000001
2023-08-14 14:00:00,98.35000000000001
2023-08-14 15:00:00,98.355
2023-08-14 16:00:00,98.36000000000001
2023-08-14 17:00:00,98.37500000000001
2023-08-14 23:00:00,98.36000000000001
2023-08-15 07:30:00,98.34500000000001
2023-08-15 08:00:00,98.33000000000001
2023-08-15 09:00:00,98.325
2023-08-15 10:00:00,98.325
2023-08-15 11:00:00,98.33500000000001
2023-08-15 12:00:00,98.325
2023-08-15 13:00:00,98.325
2023-08-15 14:00:00,98.35000000000001
2023-08-15 15:00:00,98.36500000000001
2023-08-15 16:00:00,98.36500000000001
2023-08-15 17:00:00,98.37
2023-08-15 23:00:00,98.36000000000001
2023-08-16 07:30:00,98.37500000000001
2023-08-16 08:00:00,98.37500000000001
2023-08-16 09:00:00,98.385
2023-08-16 10:00:00,98.4
2023-08-16 11:00:00,98.415
2023-08-16 12:00:00,98.41000000000001
2023-08-16 13:00:00,98.39500000000001
2023-08-16 14:00:00,98.38000000000001
2023-08-16 15:00:00,98.38000000000001
2023-08-16 16:00:00,98.36500000000001
2023-08-16 17:00:00,98.35000000000001
2023-08-16 23:00:00,98.385
2023-08-17 07:30:00,98.35000000000001
2023-08-17 08:00:00,98.35000000000001
2023-08-17 09:00:00,98.33500000000001
2023-08-17 10:00:00,98.34
2023-08-17 11:00:00,98.34
2023-08-17 12:00:00,98.34500000000001
2023-08-17 13:00:00,98.34500000000001
2023-08-17 14:00:00,98.33000000000001
2023-08-17 15:00:00,98.32000000000001
2023-08-17 16:00:00,98.33000000000001
2023-08-17 17:00:00,98.33500000000001
2023-08-17 23:00:00,98.325
2023-08-18 07:30:00,98.37
2023-08-18 08:00:00,98.355
2023-08-18 09:00:00,98.35000000000001
2023-08-18 10:00:00,98.36000000000001
2023-08-18 11:00:00,98.36000000000001
2023-08-18 12:00:00,98.37
2023-08-18 13:00:00,98.34500000000001
2023-08-18 14:00:00,98.33500000000001
2023-08-18 15:00:00,98.35000000000001
2023-08-18 16:00:00,98.33500000000001
2023-08-18 17:00:00,98.34500000000001
2023-08-18 23:00:00,98.33500000000001
2023-08-21 07:30:00,98.34500000000001
2023-08-21 08:00:00,98.355
2023-08-21 09:00:00,98.36000000000001
2023-08-21 10:00:00,98.35000000000001
2023-08-21 11:00:00,98.34
2023-08-21 12:00:00,98.34500000000001
2023-08-21 13:00:00,98.34500000000001
2023-08-21 14:00:00,98.34
2023-08-21 15:00:00,98.32000000000001
2023-08-21 16:00:00,98.31500000000001
2023-08-21 17:00:00,98.325
2023-08-21 23:00:00,98.31
2023-08-22 07:30:00,98.325
2023-08-22 08:00:00,98.33000000000001
2023-08-22 09:00:00,98.33500000000001
2023-08-22 10:00:00,98.33500000000001
2023-08-22 11:00:00,98.325
2023-08-22 12:00:00,98.33500000000001
2023-08-22 13:00:00,98.33000000000001
2023-08-22 14:00:00,98.325
2023-08-22 15:00:00,98.32000000000001
2023-08-22 16:00:00,98.33000000000001
2023-08-22 17:00:00,98.33500000000001
2023-08-22 23:00:00,98.325
2023-08-23 07:30:00,98.34
2023-08-23 08:00:00,98.37
2023-08-23 09:00:00,98.38000000000001
2023-08-23 10:00:00,98.37500000000001
2023-08-23 11:00:00,98.385
2023-08-23 12:00:00,98.37
2023-08-23 13:00:00,98.36500000000001
2023-08-23 14:00:00,98.39500000000001
2023-08-23 15:00:00,98.39500000000001
2023-08-23 16:00:00,98.39000000000001
2023-08-23 17:00:00,98.415
2023-08-23 23:00:00,98.39500000000001
2023-08-24 07:30:00,98.41000000000001
2023-08-24 08:00:00,98.385
2023-08-24 09:00:00,98.385
2023-08-24 10:00:00,98.38000000000001
2023-08-24 11:00:00,98.37
2023-08-24 12:00:00,98.38000000000001
2023-08-24 13:00:00,98.37
2023-08-24 14:00:00,98.38000000000001
2023-08-24 15:00:00,98.385
2023-08-24 16:00:00,98.4
2023-08-24 17:00:00,98.39500000000001
2023-08-24 23:00:00,98.39000000000001
2023-08-25 07:30:00,98.38000000000001
2023-08-25 08:00:00,98.39000000000001
2023-08-25 09:00:00,98.385
2023-08-25 10:00:00,98.37500000000001
2023-08-25 11:00:00,98.38000000000001
2023-08-25 12:00:00,98.37500000000001
2023-08-25 13:00:00,98.38000000000001
2023-08-25 14:00:00,98.36000000000001
2023-08-25 15:00:00,98.33500000000001
2023-08-25 16:00:00,98.35000000000001
2023-08-25 17:00:00,98.32000000000001
2023-08-25 23:00:00,98.34
2023-08-28 07:30:00,98.34
2023-08-28 08:00:00,98.34500000000001
2023-08-28 09:00:00,98.355
2023-08-28 10:00:00,98.36000000000001
2023-08-28 11:00:00,98.37500000000001
2023-08-28 12:00:00,98.38000000000001
2023-08-28 13:00:00,98.4
2023-08-28 14:00:00,98.41000000000001
2023-08-28 15:00:00,98.38000000000001
2023-08-28 16:00:00,98.385
2023-08-28 17:00:00,98.38000000000001
2023-08-28 23:00:00,98.39000000000001
2023-08-29 07:30:00,98.39000000000001
2023-08-29 08:00:00,98.38000000000001
2023-08-29 09:00:00,98.37500000000001
2023-08-29 10:00:00,98.37500000000001
2023-08-29 11:00:00,98.37
2023-08-29 12:00:00,98.37
2023-08-29 13:00:00,98.37
2023-08-29 14:00:00,98.37
2023-08-29 15:00:00,98.4
2023-08-29 16:00:00,98.41000000000001
2023-08-29 17:00:00,98.405
2023-08-29 23:00:00,98.4
2023-08-30 07:30:00,98.37500000000001
2023-08-30 08:00:00,98.37500000000001
2023-08-30 09:00:00,98.385
2023-08-30 10:00:00,98.37500000000001
2023-08-30 11:00:00,98.37
2023-08-30 12:00:00,98.37
2023-08-30 13:00:00,98.41000000000001
2023-08-30 14:00:00,98.41000000000001
2023-08-30 15:00:00,98.39500000000001
2023-08-30 16:00:00,98.405
2023-08-30 17:00:00,98.385
2023-08-30 23:00:00,98.405
2023-08-31 07:30:00,98.39000000000001
2023-08-31 08:00:00,98.41000000000001
2023-08-31 09:00:00,98.42500000000001
2023-08-31 10:00:00,98.44000000000001
2023-08-31 11:00:00,98.435
2023-08-31 12:00:00,98.44500000000001
2023-08-31 13:00:00,98.435
2023-08-31 14:00:00,98.44500000000001
2023-08-31 15:00:00,98.45500000000001
2023-08-31 16:00:00,98.45
2023-08-31 17:00:00,98.44500000000001
2023-08-31 23:00:00,98.47500000000001
2023-09-01 07:30:00,98.435
2023-09-01 08:00:00,98.45500000000001
2023-09-01 09:00:00,98.47500000000001
2023-09-01 10:00:00,98.48500000000001
2023-09-01 11:00:00,98.48500000000001
2023-09-01 12:00:00,98.495
2023-09-01 13:00:00,98.49000000000001
2023-09-01 14:00:00,98.47000000000001
2023-09-01 15:00:00,98.47500000000001
2023-09-01 16:00:00,98.465
2023-09-01 17:00:00,98.47500000000001
2023-09-01 23:00:00,98.47500000000001
2023-09-04 07:30:00,98.47000000000001
2023-09-04 08:00:00,98.45
2023-09-04 09:00:00,98.465
2023-09-04 10:00:00,98.46000000000001
2023-09-04 11:00:00,98.46000000000001
2023-09-04 12:00:00,98.47500000000001
2023-09-04 13:00:00,98.47500000000001
2023-09-04 14:00:00,98.47000000000001
2023-09-04 15:00:00,98.48
2023-09-04 16:00:00,98.47500000000001
2023-09-04 23:00:00,98.48
2023-09-05 07:30:00,98.47500000000001
2023-09-05 08:00:00,98.50000000000001
2023-09-05 09:00:00,98.49000000000001
2023-09-05 10:00:00,98.48500000000001
2023-09-05 11:00:00,98.48500000000001
2023-09-05 12:00:00,98.49000000000001
2023-09-05 13:00:00,98.495
2023-09-05 14:00:00,98.47500000000001
2023-09-05 15:00:00,98.48500000000001
2023-09-05 16:00:00,98.47500000000001
2023-09-05 17:00:00,98.47500000000001
2023-09-05 23:00:00,98.48
2023-09-06 07:30:00,98.47000000000001
2023-09-06 08:00:00,98.47000000000001
2023-09-06 09:00:00,98.48500000000001
2023-09-06 10:00:00,98.48500000000001
2023-09-06 11:00:00,98.495
2023-09-06 12:00:00,98.48
2023-09-06 13:00:00,98.47000000000001
2023-09-06 14:00:00,98.47500000000001
2023-09-06 15:00:00,98.44000000000001
2023-09-06 16:00:00,98.44000000000001
2023-09-06 17:00:00,98.44500000000001
2023-09-06 23:00:00,98.435
2023-09-07 07:30:00,98.45
2023-09-07 08:00:00,98.46000000000001
2023-09-07 09:00:00,98.44500000000001
2023-09-07 10:00:00,98.44500000000001
2023-09-07 11:00:00,98.44500000000001
2023-09-07 12:00:00,98.44500000000001
2023-09-07 13:00:00,98.44500000000001
2023-09-07 14:00:00,98.45
2023-09-07 15:00:00,98.45
2023-09-07 16:00:00,98.45500000000001
2023-09-07 17:00:00,98.46000000000001
2023-09-07 23:00:00,98.45
2023-09-08 07:30:00,98.465
2023-09-08 08:00:00,98.465
2023-09-08 09:00:00,98.45500000000001
2023-09-08 10:00:00,98.46000000000001
2023-09-08 11:00:00,98.47000000000001
2023-09-08 12:00:00,98.465
2023-09-08 13:00:00,98.46000000000001
2023-09-08 14:00:00,98.46000000000001
2023-09-08 15:00:00,98.44500000000001
2023-09-08 16:00:00,98.45
2023-09-08 17:00:00,98.44000000000001
2023-09-08 23:00:00,98.45
2023-09-11 07:30:00,98.44500000000001
2023-09-11 08:00:00,98.45
2023-09-11 09:00:00,98.46000000000001
2023-09-11 10:00:00,98.45500000000001
2023-09-11 11:00:00,98.45500000000001
2023-09-11 12:00:00,98.44000000000001
2023-09-11 13:00:00,98.44500000000001
2023-09-11 14:00:00,98.44000000000001
2023-09-11 15:00:00,98.42500000000001
2023-09-11 16:00:00,98.435
2023-09-11 17:00:00,98.44000000000001
2023-09-11 23:00:00,98.435
2023-09-12 07:30:00,98.44000000000001
2023-09-12 08:00:00,98.435
2023-09-12 09:00:00,98.44500000000001
2023-09-12 10:00:00,98.44000000000001
2023-09-12 11:00:00,98.44000000000001
2023-09-12 12:00:00,98.44000000000001
2023-09-12 13:00:00,98.43
2023-09-12 14:00:00,98.42500000000001
2023-09-12 15:00:00,98.42500000000001
2023-09-12 16:00:00,98.42
2023-09-12 17:00:00,98.42
2023-09-12 23:00:00,98.43
2023-09-13 07:30:00,98.39500000000001
2023-09-13 08:00:00,98.39000000000001
2023-09-13 09:00:00,98.4
2023-09-13 10:00:00,98.405
2023-09-13 11:00:00,98.39500000000001
2023-09-13 12:00:00,98.405
2023-09-13 13:00:00,98.415
2023-09-13 14:00:00,98.4
2023-09-13 15:00:00,98.385
2023-09-13 16:00:00,98.39000000000001
2023-09-13 17:00:00,98.39500000000001
2023-09-13 23:00:00,98.39500000000001
2023-09-14 07:30:00,98.39500000000001
2023-09-14 08:00:00,98.39500000000001
2023-09-14 09:00:00,98.39500000000001
2023-09-14 10:00:00,98.39000000000001
2023-09-14 11:00:00,98.385
2023-09-14 12:00:00,98.38000000000001
2023-09-14 13:00:00,98.415
2023-09-14 14:00:00,98.41000000000001
2023-09-14 15:00:00,98.41000000000001
2023-09-14 16:00:00,98.41000000000001
2023-09-14 17:00:00,98.41000000000001
2023-09-14 23:00:00,98.415
2023-09-15 07:30:00,98.4
2023-09-15 08:00:00,98.39000000000001
2023-09-15 09:00:00,98.385
2023-09-15 10:00:00,98.385
2023-09-15 11:00:00,98.385
2023-09-15 12:00:00,98.4
2023-09-15 13:00:00,98.37
2023-09-15 14:00:00,98.37
2023-09-15 15:00:00,98.37500000000001
2023-09-15 16:00:00,98.36000000000001
2023-09-15 17:00:00,98.37500000000001
2023-09-15 23:00:00,98.37500000000001
2023-09-18 07:30:00,98.36500000000001
2023-09-18 08:00:00,98.35000000000001
2023-09-18 09:00:00,98.36000000000001
2023-09-18 10:00:00,98.355
2023-09-18 11:00:00,98.35000000000001
2023-09-18 12:00:00,98.35000000000001
2023-09-18 13:00:00,98.34500000000001
2023-09-18 14:00:00,98.33500000000001
2023-09-18 15:00:00,98.33000000000001
2023-09-18 16:00:00,98.33000000000001
2023-09-18 17:00:00,98.325
2023-09-18 23:00:00,98.33000000000001
2023-09-19 07:30:00,98.33000000000001
2023-09-19 08:00:00,98.325
2023-09-19 09:00:00,98.31
2023-09-19 10:00:00,98.32000000000001
2023-09-19 11:00:00,98.325
2023-09-19 12:00:00,98.31500000000001
2023-09-19 13:00:00,98.30000000000001
2023-09-19 14:00:00,98.30000000000001
2023-09-19 15:00:00,98.305
2023-09-19 16:00:00,98.30000000000001
2023-09-19 17:00:00,98.30000000000001
2023-09-19 23:00:00,98.305
2023-09-20 07:30:00,98.305
2023-09-20 08:00:00,98.28
2023-09-20 09:00:00,98.295
2023-09-20 10:00:00,98.295
2023-09-20 11:00:00,98.305
2023-09-20 12:00:00,98.30000000000001
2023-09-20 13:00:00,98.305
2023-09-20 14:00:00,98.31500000000001
2023-09-20 15:00:00,98.31
2023-09-20 16:00:00,98.31
2023-09-20 17:00:00,98.31500000000001
2023-09-20 23:00:00,98.31500000000001
2023-09-21 07:30:00,98.29
2023-09-21 08:00:00,98.42500000000001
2023-09-21 09:00:00,98.41000000000001
2023-09-21 10:00:00,98.39000000000001
2023-09-21 11:00:00,98.39000000000001
2023-09-21 12:00:00,98.385
2023-09-21 13:00:00,98.36500000000001
2023-09-21 14:00:00,98.4
2023-09-21 15:00:00,98.41000000000001
2023-09-21 16:00:00,98.39500000000001
2023-09-21 17:00:00,98.39000000000001
2023-09-21 23:00:00,98.41000000000001
2023-09-22 07:30:00,98.39500000000001
2023-09-22 08:00:00,98.41000000000001
2023-09-22 09:00:00,98.39500000000001
2023-09-22 10:00:00,98.4
2023-09-22 11:00:00,98.4
2023-09-22 12:00:00,98.405
2023-09-22 13:00:00,98.4
2023-09-22 14:00:00,98.41000000000001
2023-09-22 15:00:00,98.42
2023-09-22 16:00:00,98.405
2023-09-22 17:00:00,98.4
2023-09-22 23:00:00,98.42
2023-09-25 07:30:00,98.405
2023-09-25 08:00:00,98.42
2023-09-25 09:00:00,98.43
2023-09-25 10:00:00,98.43
2023-09-25 11:00:00,98.435
2023-09-25 12:00:00,98.44000000000001
2023-09-25 13:00:00,98.45
2023-09-25 14:00:00,98.44500000000001
2023-09-25 15:00:00,98.44500000000001
2023-09-25 16:00:00,98.435
2023-09-25 17:00:00,98.435
2023-09-25 23:00:00,98.45
2023-09-26 07:30:00,98.435
2023-09-26 08:00:00,98.45500000000001
2023-09-26 09:00:00,98.45500000000001
2023-09-26 10:00:00,98.46000000000001
2023-09-26 11:00:00,98.465
2023-09-26 12:00:00,98.465
2023-09-26 13:00:00,98.465
2023-09-26 14:00:00,98.46000000000001
2023-09-26 15:00:00,98.45500000000001
2023-09-26 16:00:00,98.46000000000001
2023-09-26 17:00:00,98.47500000000001
2023-09-26 23:00:00,98.46000000000001
2023-09-27 07:30:00,98.47000000000001
2023-09-27 08:00:00,98.47500000000001
2023-09-27 09:00:00,98.46000000000001
2023-09-27 10:00:00,98.465
2023-09-27 11:00:00,98.465
2023-09-27 12:00:00,98.47500000000001
2023-09-27 13:00:00,98.47500000000001
2023-09-27 14:00:00,98.47500000000001
2023-09-27 15:00:00,98.47000000000001
2023-09-27 16:00:00,98.46000000000001
2023-09-27 17:00:00,98.465
2023-09-27 23:00:00,98.47000000000001
2023-09-28 07:30:00,98.465
2023-09-28 08:00:00,98.45500000000001
2023-09-28 09:00:00,98.44500000000001
2023-09-28 10:00:00,98.45500000000001
2023-09-28 11:00:00,98.45
2023-09-28 12:00:00,98.435
2023-09-28 13:00:00,98.44500000000001
2023-09-28 14:00:00,98.43
2023-09-28 15:00:00,98.435
2023-09-28 16:00:00,98.44500000000001
2023-09-28 17:00:00,98.44000000000001
2023-09-28 23:00:00,98.435
2023-09-29 07:30:00,98.48
2023-09-29 08:00:00,98.47000000000001
2023-09-29 09:00:00,98.465
2023-09-29 10:00:00,98.465
2023-09-29 11:00:00,98.465
2023-09-29 12:00:00,98.46000000000001
2023-09-29 13:00:00,98.47000000000001
2023-09-29 14:00:00,98.47500000000001
2023-09-29 15:00:00,98.47500000000001
2023-09-29 16:00:00,98.47000000000001
2023-09-29 17:00:00,98.465
2023-09-29 23:00:00,98.47500000000001
2023-10-02 07:30:00,98.47000000000001
2023-10-02 08:00:00,98.46000000000001
2023-10-02 09:00:00,98.45500000000001
2023-10-02 10:00:00,98.465
2023-10-02 11:00:00,98.465
2023-10-02 12:00:00,98.47000000000001
2023-10-02 13:00:00,98.47500000000001
2023-10-02 14:00:00,98.48
2023-10-02 15:00:00,98.47500000000001
2023-10-02 16:00:00,98.46000000000001
2023-10-02 17:00:00,98.46000000000001
2023-10-02 23:00:00,98.47000000000001
2023-10-03 07:30:00,98.48500000000001
2023-10-03 08:00:00,98.48500000000001
2023-10-03 09:00:00,98.50500000000001
2023-10-03 10:00:00,98.495
2023-10-03 11:00:00,98.51
2023-10-03 12:00:00,98.49000000000001
2023-10-03 13:00:00,98.50500000000001
2023-10-03 14:00:00,98.50500000000001
2023-10-03 15:00:00,98.495
2023-10-03 16:00:00,98.48500000000001
2023-10-03 17:00:00,98.48500000000001
2023-10-03 23:00:00,98.495
2023-10-04 07:30:00,98.47500000000001
2023-10-04 08:00:00,98.50000000000001
2023-10-04 09:00:00,98.50500000000001
2023-10-04 10:00:00,98.495
2023-10-04 11:00:00,98.50000000000001
2023-10-04 12:00:00,98.51
2023-10-04 13:00:00,98.51500000000001
2023-10-04 14:00:00,98.50000000000001
2023-10-04 15:00:00,98.50000000000001
2023-10-04 16:00:00,98.50000000000001
2023-10-04 17:00:00,98.50500000000001
2023-10-04 23:00:00,98.50500000000001
2023-10-05 07:30:00,98.50000000000001
2023-10-05 08:00:00,98.51
2023-10-05 09:00:00,98.52000000000001
2023-10-05 10:00:00,98.52000000000001
2023-10-05 11:00:00,98.52000000000001
2023-10-05 12:00:00,98.52000000000001
2023-10-05 13:00:00,98.525
2023-10-05 14:00:00,98.525
2023-10-05 15:00:00,98.525
2023-10-05 16:00:00,98.54
2023-10-05 17:00:00,98.56
2023-10-05 23:00:00,98.53
2023-10-06 07:30:00,98.54
2023-10-06 08:00:00,98.53
2023-10-06 09:00:00,98.53
2023-10-06 10:00:00,98.53500000000001
2023-10-06 11:00:00,98.54
2023-10-06 12:00:00,98.53
2023-10-06 13:00:00,98.51
2023-10-06 14:00:00,98.52000000000001
2023-10-06 15:00:00,98.53
2023-10-06 16:00:00,98.54
2023-10-06 17:00:00,98.53
2023-10-06 23:00:00,98.525
2023-10-09 07:30:00,98.545
2023-10-09 08:00:00,98.55000000000001
2023-10-09 09:00:00,98.545
2023-10-09 10:00:00,98.545
2023-10-09 11:00:00,98.55000000000001
2023-10-09 12:00:00,98.54
2023-10-09 13:00:00,98.56500000000001
2023-10-09 14:00:00,98.57000000000001
2023-10-09 15:00:00,98.59500000000001
2023-10-09 16:00:00,98.61000000000001
2023-10-09 17:00:00,98.61500000000001
2023-10-09 23:00:00,98.60000000000001
2023-10-10 07:30:00,98.58000000000001
2023-10-10 08:00:00,98.555
2023-10-10 09:00:00,98.56500000000001
2023-10-10 10:00:00,98.57000000000001
2023-10-10 11:00:00,98.56
2023-10-10 12:00:00,98.56
2023-10-10 13:00:00,98.575
2023-10-10 14:00:00,98.58000000000001
2023-10-10 15:00:00,98.58500000000001
2023-10-10 16:00:00,98.59500000000001
2023-10-10 17:00:00,98.58500000000001
2023-10-10 23:00:00,98.59
2023-10-11 07:30:00,98.57000000000001
2023-10-11 08:00:00,98.59500000000001
2023-10-11 09:00:00,98.59
2023-10-11 10:00:00,98.59500000000001
2023-10-11 11:00:00,98.59
2023-10-11 12:00:00,98.58500000000001
2023-10-11 13:00:00,98.58500000000001
2023-10-11 14:00:00,98.59
2023-10-11 15:00:00,98.59500000000001
2023-10-11 16:00:00,98.59
2023-10-11 17:00:00,98.59500000000001
2023-10-11 23:00:00,98.58500000000001
2023-10-12 07:30:00,98.59
2023-10-12 08:00:00,98.59
2023-10-12 09:00:00,98.58500000000001
2023-10-12 10:00:00,98.59
2023-10-12 11:00:00,98.59
2023-10-12 12:00:00,98.59
2023-10-12 13:00:00,98.56500000000001
2023-10-12 14:00:00,98.575
2023-10-12 15:00:00,98.57000000000001
2023-10-12 16:00:00,98.56500000000001
2023-10-12 17:00:00,98.57000000000001
2023-10-12 23:00:00,98.57000000000001
2023-10-13 07:30:00,98.57000000000001
2023-10-13 08:00:00,98.58500000000001
2023-10-13 09:00:00,98.58500000000001
2023-10-13 10:00:00,98.59500000000001
2023-10-13 11:00:00,98.61500000000001
2023-10-13 12:00:00,98.605
2023-10-13 13:00:00,98.605
2023-10-13 14:00:00,98.59
2023-10-13 15:00:00,98.58500000000001
2023-10-13 16:00:00,98.60000000000001
2023-10-13 17:00:00,98.605
2023-10-13 23:00:00,98.59
2023-10-16 07:30:00,98.59
2023-10-16 08:00:00,98.60000000000001
2023-10-16 09:00:00,98.60000000000001
2023-10-16 10:00:00,98.605
2023-10-16 11:00:00,98.61000000000001
2023-10-16 12:00:00,98.61000000000001
2023-10-16 13:00:00,98.61500000000001
2023-10-16 14:00:00,98.61000000000001
2023-10-16 15:00:00,98.62
2023-10-16 16:00:00,98.62
2023-10-16 17:00:00,98.62
2023-10-16 23:00:00,98.62
2023-10-17 07:30:00,98.61500000000001
2023-10-17 08:00:00,98.62500000000001
2023-10-17 09:00:00,98.62
2023-10-17 10:00:00,98.61500000000001
2023-10-17 11:00:00,98.61500000000001
2023-10-17 12:00:00,98.61500000000001
2023-10-17 13:00:00,98.60000000000001
2023-10-17 14:00:00,98.59
2023-10-17 15:00:00,98.59500000000001
2023-10-17 16:00:00,98.60000000000001
2023-10-17 17:00:00,98.61500000000001
2023-10-17 23:00:00,98.59500000000001
2023-10-18 07:30:00,98.605
2023-10-18 08:00:00,98.61000000000001
2023-10-18 09:00:00,98.61000000000001
2023-10-18 10:00:00,98.61000000000001
2023-10-18 11:00:00,98.62
2023-10-18 12:00:00,98.61500000000001
2023-10-18 13:00:00,98.60000000000001
2023-10-18 14:00:00,98.60000000000001
2023-10-18 15:00:00,98.575
2023-10-18 16:00:00,98.58500000000001
2023-10-18 17:00:00,98.58500000000001
2023-10-18 23:00:00,98.575
2023-10-19 07:30:00,98.57000000000001
2023-10-19 08:00:00,98.58500000000001
2023-10-19 09:00:00,98.56500000000001
2023-10-19 10:00:00,98.57000000000001
2023-10-19 11:00:00,98.58000000000001
2023-10-19 12:00:00,98.575
2023-10-19 13:00:00,98.58000000000001
2023-10-19 14:00:00,98.58000000000001
2023-10-19 15:00:00,98.58000000000001
2023-10-19 16:00:00,98.58000000000001
2023-10-19 17:00:00,98.60000000000001
2023-10-19 23:00:00,98.58500000000001
2023-10-20 07:30:00,98.62500000000001
2023-10-20 08:00:00,98.63000000000001
2023-10-20 09:00:00,98.63000000000001
2023-10-20 10:00:00,98.62500000000001
2023-10-20 11:00:00,98.63000000000001
2023-10-20 12:00:00,98.62500000000001
2023-10-20 13:00:00,98.63000000000001
2023-10-20 14:00:00,98.64000000000001
2023-10-20 15:00:00,98.64500000000001
2023-10-20 16:00:00,98.655
2023-10-20 17:00:00,98.64500000000001
2023-10-20 23:00:00,98.655
2023-10-23 07:30:00,98.64000000000001
2023-10-23 08:00:00,98.64500000000001
2023-10-23 09:00:00,98.64500000000001
2023-10-23 10:00:00,98.63000000000001
2023-10-23 11:00:00,98.64000000000001
2023-10-23 12:00:00,98.64000000000001
2023-10-23 13:00:00,98.64000000000001
2023-10-23 14:00:00,98.65
2023-10-23 15:00:00,98.65
2023-10-23 16:00:00,98.665
2023-10-23 17:00:00,98.67500000000001
2023-10-23 23:00:00,98.66000000000001
2023-10-24 07:30:00,98.69500000000001
2023-10-24 08:00:00,98.70500000000001
2023-10-24 09:00:00,98.7
2023-10-24 10:00:00,98.71000000000001
2023-10-24 11:00:00,98.70500000000001
2023-10-24 12:00:00,98.69500000000001
2023-10-24 13:00:00,98.70500000000001
2023-10-24 14:00:00,98.70500000000001
2023-10-24 15:00:00,98.70500000000001
2023-10-24 16:00:00,98.69500000000001
2023-10-24 17:00:00,98.7
2023-10-24 23:00:00,98.70500000000001
2023-10-25 07:30:00,98.69000000000001
2023-10-25 08:00:00,98.69000000000001
2023-10-25 09:00:00,98.7
2023-10-25 10:00:00,98.69500000000001
2023-10-25 11:00:00,98.69500000000001
2023-10-25 12:00:00,98.7
2023-10-25 13:00:00,98.70500000000001
2023-10-25 14:00:00,98.70500000000001
2023-10-25 15:00:00,98.71000000000001
2023-10-25 16:00:00,98.71000000000001
2023-10-25 17:00:00,98.71000000000001
2023-10-25 23:00:00,98.71000000000001
2023-10-26 07:30:00,98.71000000000001
2023-10-26 08:00:00,98.715
2023-10-26 09:00:00,98.72500000000001
2023-10-26 10:00:00,98.72500000000001
2023-10-26 11:00:00,98.72500000000001
2023-10-26 12:00:00,98.72000000000001
2023-10-26 13:00:00,98.745
2023-10-26 14:00:00,98.77000000000001
2023-10-26 15:00:00,98.77000000000001
2023-10-26 16:00:00,98.78
2023-10-26 17:00:00,98.78
2023-10-26 23:00:00,98.78
2023-10-27 07:30:00,98.77000000000001
2023-10-27 08:00:00,98.76
2023-10-27 09:00:00,98.76500000000001
2023-10-27 10:00:00,98.78500000000001
2023-10-27 11:00:00,98.78
2023-10-27 12:00:00,98.78
2023-10-27 13:00:00,98.78
2023-10-27 14:00:00,98.795
2023-10-27 15:00:00,98.79
2023-10-27 16:00:00,98.81500000000001
2023-10-27 17:00:00,98.81
2023-10-27 23:00:00,98.795
2023-10-30 07:30:00,98.83000000000001
2023-10-30 08:00:00,98.83000000000001
2023-10-30 09:00:00,98.83500000000001
2023-10-30 10:00:00,98.84
2023-10-30 11:00:00,98.83500000000001
2023-10-30 12:00:00,98.82000000000001
2023-10-30 13:00:00,98.825
2023-10-30 14:00:00,98.825
2023-10-30 15:00:00,98.83000000000001
2023-10-30 16:00:00,98.83000000000001
2023-10-30 17:00:00,98.83000000000001
2023-10-30 23:00:00,98.83000000000001
2023-10-31 07:30:00,98.83500000000001
2023-10-31 08:00:00,98.83000000000001
2023-10-31 09:00:00,98.83000000000001
2023-10-31 10:00:00,98.83000000000001
2023-10-31 11:00:00,98.83000000000001
2023-10-31 12:00:00,98.83000000000001
2023-10-31 13:00:00,98.83000000000001
2023-10-31 14:00:00,98.83000000000001
2023-10-31 15:00:00,98.825
2023-10-31 16:00:00,98.81500000000001
2023-10-31 17:00:00,98.81500000000001
2023-10-31 23:00:00,98.83000000000001
2023-11-01 07:30:00,98.81
2023-11-01 08:00:00,98.82000000000001
2023-11-01 09:00:00,98.825
2023-11-01 10:00:00,98.83000000000001
2023-11-01 11:00:00,98.83500000000001
2023-11-01 12:00:00,98.81
2023-11-01 13:00:00,98.84
2023-11-01 14:00:00,98.85000000000001
2023-11-01 15:00:00,98.855
2023-11-01 16:00:00,98.84500000000001
2023-11-01 17:00:00,98.85000000000001
2023-11-01 23:00:00,98.855
2023-11-02 07:30:00,98.855
2023-11-02 08:00:00,98.91000000000001
2023-11-02 09:00:00,98.905
2023-11-02 10:00:00,98.89500000000001
2023-11-02 11:00:00,98.9
2023-11-02 12:00:00,98.89500000000001
2023-11-02 13:00:00,98.87500000000001
2023-11-02 14:00:00,98.86500000000001
2023-11-02 15:00:00,98.84500000000001
2023-11-02 16:00:00,98.84500000000001
2023-11-02 17:00:00,98.83500000000001
2023-11-02 23:00:00,98.84
2023-11-03 07:30:00,98.83500000000001
2023-11-03 08:00:00,98.83500000000001
2023-11-03 09:00:00,98.81
2023-11-03 10:00:00,98.81500000000001
2023-11-03 11:00:00,98.82000000000001
2023-11-03 12:00:00,98.87
2023-11-03 13:00:00,98.87
2023-11-03 14:00:00,98.855
2023-11-03 15:00:00,98.86000000000001
2023-11-03 16:00:00,98.86500000000001
2023-11-03 17:00:00,98.85000000000001
2023-11-03 23:00:00,98.87
2023-11-06 07:30:00,98.84
2023-11-06 08:00:00,98.84500000000001
2023-11-06 09:00:00,98.84500000000001
2023-11-06 10:00:00,98.855
2023-11-06 11:00:00,98.855
2023-11-06 12:00:00,98.85000000000001
2023-11-06 13:00:00,98.83000000000001
2023-11-06 14:00:00,98.82000000000001
2023-11-06 15:00:00,98.82000000000001
2023-11-06 16:00:00,98.82000000000001
2023-11-06 17:00:00,98.82000000000001
2023-11-06 23:00:00,98.825
2023-11-07 07:30:00,98.81500000000001
2023-11-07 08:00:00,98.83500000000001
2023-11-07 09:00:00,98.84500000000001
2023-11-07 10:00:00,98.84500000000001
2023-11-07 11:00:00,98.84500000000001
2023-11-07 12:00:00,98.84
2023-11-07 13:00:00,98.84500000000001
2023-11-07 14:00:00,98.84
2023-11-07 15:00:00,98.84500000000001
2023-11-07 16:00:00,98.85000000000001
2023-11-07 17:00:00,98.84500000000001
2023-11-07 23:00:00,98.84500000000001
2023-11-08 07:30:00,98.84
2023-11-08 08:00:00,98.84500000000001
2023-11-08 09:00:00,98.83500000000001
2023-11-08 10:00:00,98.81500000000001
2023-11-08 11:00:00,98.78500000000001
2023-11-08 12:00:00,98.80000000000001
2023-11-08 13:00:00,98.81500000000001
2023-11-08 14:00:00,98.81500000000001
2023-11-08 15:00:00,98.805
2023-11-08 16:00:00,98.81500000000001
2023-11-08 17:00:00,98.805
2023-11-08 23:00:00,98.81
2023-11-09 07:30:00,98.81
2023-11-09 08:00:00,98.795
2023-11-09 09:00:00,98.78500000000001
2023-11-09 10:00:00,98.79
2023-11-09 11:00:00,98.775
2023-11-09 12:00:00,98.775
2023-11-09 13:00:00,98.775
2023-11-09 14:00:00,98.78500000000001
2023-11-09 15:00:00,98.78
2023-11-09 16:00:00,98.78
2023-11-09 17:00:00,98.78
2023-11-09 23:00:00,98.78500000000001
2023-11-10 07:30:00,98.76500000000001
2023-11-10 08:00:00,98.75000000000001
2023-11-10 09:00:00,98.74000000000001
2023-11-10 10:00:00,98.73500000000001
2023-11-10 11:00:00,98.73500000000001
2023-11-10 12:00:00,98.745
2023-11-10 13:00:00,98.75500000000001
2023-11-10 14:00:00,98.76
2023-11-10 15:00:00,98.76
2023-11-10 16:00:00,98.75500000000001
2023-11-10 17:00:00,98.74000000000001
2023-11-10 23:00:00,98.76
2023-11-13 07:30:00,98.74000000000001
2023-11-13 08:00:00,98.745
2023-11-13 09:00:00,98.76500000000001
2023-11-13 10:00:00,98.76
2023-11-13 11:00:00,98.77000000000001
2023-11-13 12:00:00,98.78
2023-11-13 13:00:00,98.75500000000001
2023-11-13 14:00:00,98.75000000000001
2023-11-13 15:00:00,98.75500000000001
2023-11-13 16:00:00,98.76
2023-11-13 17:00:00,98.745
2023-11-13 23:00:00,98.75000000000001
2023-11-14 07:30:00,98.745
2023-11-14 08:00:00,98.75000000000001
2023-11-14 09:00:00,98.75500000000001
2023-11-14 10:00:00,98.745
2023-11-14 11:00:00,98.74000000000001
2023-11-14 12:00:00,98.745
2023-11-14 13:00:00,98.79
2023-11-14 14:00:00,98.80000000000001
2023-11-14 15:00:00,98.805
2023-11-14 16:00:00,98.80000000000001
2023-11-14 17:00:00,98.795
2023-11-14 23:00:00,98.81
2023-11-15 07:30:00,98.795
2023-11-15 08:00:00,98.79
2023-11-15 09:00:00,98.80000000000001
2023-11-15 10:00:00,98.80000000000001
2023-11-15 11:00:00,98.81
2023-11-15 12:00:00,98.795
2023-11-15 13:00:00,98.78500000000001
2023-11-15 14:00:00,98.75500000000001
2023-11-15 15:00:00,98.75500000000001
2023-11-15 16:00:00,98.76
2023-11-15 17:00:00,98.76
2023-11-15 23:00:00,98.76
2023-11-16 07:30:00,98.78
2023-11-16 08:00:00,98.78500000000001
2023-11-16 09:00:00,98.78500000000001
2023-11-16 10:00:00,98.78500000000001
2023-11-16 11:00:00,98.78500000000001
2023-11-16 12:00:00,98.78500000000001
2023-11-16 13:00:00,98.78500000000001
2023-11-16 14:00:00,98.78500000000001
2023-11-16 15:00:00,98.78
2023-11-16 16:00:00,98.775
2023-11-16 17:00:00,98.78500000000001
2023-11-16 23:00:00,98.79
2023-11-17 07:30:00,98.80000000000001
2023-11-17 08:00:00,98.81500000000001
2023-11-17 09:00:00,98.805
2023-11-17 10:00:00,98.81500000000001
2023-11-17 11:00:00,98.81
2023-11-17 12:00:00,98.80000000000001
2023-11-17 13:00:00,98.79
2023-11-17 14:00:00,98.79
2023-11-17 15:00:00,98.80000000000001
2023-11-17 16:00:00,98.78500000000001
2023-11-17 17:00:00,98.79
2023-11-17 23:00:00,98.78500000000001
2023-11-20 07:30:00,98.78500000000001
2023-11-20 08:00:00,98.795
2023-11-20 09:00:00,98.795
2023-11-20 10:00:00,98.795
2023-11-20 11:00:00,98.79
2023-11-20 12:00:00,98.78
2023-11-20 13:00:00,98.78500000000001
2023-11-20 14:00:00,98.79
2023-11-20 15:00:00,98.795
2023-11-20 16:00:00,98.79
2023-11-20 17:00:00,98.79
2023-11-20 23:00:00,98.78500000000001
2023-11-21 07:30:00,98.795
2023-11-21 08:00:00,98.795
2023-11-21 09:00:00,98.78500000000001
2023-11-21 10:00:00,98.79
2023-11-21 11:00:00,98.79
2023-11-21 12:00:00,98.79
2023-11-21 13:00:00,98.79
2023-11-21 14:00:00,98.795
2023-11-21 15:00:00,98.795
2023-11-21 16:00:00,98.795
2023-11-21 17:00:00,98.795
2023-11-21 23:00:00,98.78500000000001
2023-11-22 07:30:00,98.79
2023-11-22 08:00:00,98.795
2023-11-22 09:00:00,98.795
2023-11-22 10:00:00,98.79
2023-11-22 11:00:00,98.795
2023-11-22 12:00:00,98.79
2023-11-22 13:00:00,98.78
2023-11-22 14:00:00,98.79
2023-11-22 15:00:00,98.78500000000001
2023-11-22 16:00:00,98.775
2023-11-22 17:00:00,98.78
2023-11-22 23:00:00,98.775
2023-11-23 07:30:00,98.775
2023-11-23 08:00:00,98.775
2023-11-23 09:00:00,98.775
2023-11-23 10:00:00,98.76500000000001
2023-11-23 11:00:00,98.76
2023-11-23 12:00:00,98.76500000000001
2023-11-23 13:00:00,98.76500000000001
2023-11-23 14:00:00,98.75000000000001
2023-11-23 15:00:00,98.745
2023-11-23 16:00:00,98.745
2023-11-23 17:00:00,98.75000000000001
2023-11-23 23:00:00,98.745
2023-11-24 07:30:00,98.745
2023-11-24 09:00:00,98.745
2023-11-24 10:00:00,98.73
2023-11-24 11:00:00,98.73500000000001
2023-11-24 12:00:00,98.73
2023-11-24 13:00:00,98.72500000000001
2023-11-24 14:00:00,98.70500000000001
2023-11-24 15:00:00,98.70500000000001
2023-11-24 16:00:00,98.70500000000001
2023-11-24 17:00:00,98.70500000000001
2023-11-24 23:00:00,98.70500000000001
2023-11-27 07:30:00,98.7
2023-11-27 08:00:00,98.715
2023-11-27 09:00:00,98.715
2023-11-27 10:00:00,98.73
2023-11-27 11:00:00,98.73500000000001
2023-11-27 12:00:00,98.72500000000001
2023-11-27 13:00:00,98.745
2023-11-27 14:00:00,98.745
2023-11-27 15:00:00,98.75000000000001
2023-11-27 16:00:00,98.76500000000001
2023-11-27 17:00:00,98.76500000000001
2023-11-27 23:00:00,98.77000000000001
2023-11-28 07:30:00,98.78500000000001
2023-11-28 08:00:00,98.76500000000001
2023-11-28 09:00:00,98.77000000000001
2023-11-28 10:00:00,98.76
2023-11-28 11:00:00,98.76
2023-11-28 12:00:00,98.76
2023-11-28 13:00:00,98.76500000000001
2023-11-28 14:00:00,98.77000000000001
2023-11-28 15:00:00,98.795
2023-11-28 16:00:00,98.81500000000001
2023-11-28 17:00:00,98.82000000000001
2023-11-28 23:00:00,98.81
2023-11-29 07:30:00,98.84
2023-11-29 08:00:00,98.84
2023-11-29 09:00:00,98.84500000000001
2023-11-29 10:00:00,98.85000000000001
2023-11-29 11:00:00,98.84500000000001
2023-11-29 12:00:00,98.85000000000001
2023-11-29 13:00:00,98.855
2023-11-29 14:00:00,98.86500000000001
2023-11-29 15:00:00,98.855
2023-11-29 16:00:00,98.86500000000001
2023-11-29 17:00:00,98.86500000000001
2023-11-29 23:00:00,98.86000000000001
2023-11-30 07:30:00,98.87
2023-11-30 08:00:00,98.89000000000001
2023-11-30 09:00:00,98.905
2023-11-30 10:00:00,98.905
2023-11-30 11:00:00,98.89500000000001
2023-11-30 12:00:00,98.89500000000001
2023-11-30 13:00:00,98.87
2023-11-30 14:00:00,98.855
2023-11-30 15:00:00,98.86500000000001
2023-11-30 16:00:00,98.885
2023-11-30 17:00:00,98.885
2023-11-30 23:00:00,98.87
2023-12-01 07:30:00,98.89500000000001
2023-12-01 08:00:00,98.95
2023-12-01 09:00:00,98.93
2023-12-01 10:00:00,98.935
2023-12-01 11:00:00,98.935
2023-12-01 12:00:00,98.93
2023-12-01 13:00:00,98.94000000000001
2023-12-01 14:00:00,98.97000000000001
2023-12-01 15:00:00,98.995
2023-12-01 16:00:00,99.00500000000001
2023-12-01 17:00:00,99.00500000000001
2023-12-01 23:00:00,99.01
2023-12-04 07:30:00,99.12500000000001
2023-12-04 08:00:00,99.075
2023-12-04 09:00:00,99.07000000000001
2023-12-04 10:00:00,99.06
2023-12-04 11:00:00,99.06500000000001
2023-12-04 12:00:00,99.06500000000001
2023-12-04 13:00:00,99.06
2023-12-04 14:00:00,99.06500000000001
2023-12-04 15:00:00,99.04
2023-12-04 16:00:00,99.04
2023-12-04 17:00:00,99.03
2023-12-04 23:00:00,99.045
2023-12-05 07:30:00,99.09
2023-12-05 08:00:00,99.08500000000001
2023-12-05 09:00:00,99.08000000000001
2023-12-05 10:00:00,99.045
2023-12-05 11:00:00,99.055
2023-12-05 12:00:00,99.055
2023-12-05 13:00:00,99.06500000000001
2023-12-05 14:00:00,99.045
2023-12-05 15:00:00,99.04
2023-12-05 16:00:00,99.04
2023-12-05 17:00:00,99.025
2023-12-05 23:00:00,99.05000000000001
2023-12-06 07:30:00,99.03500000000001
2023-12-06 08:00:00,99.04
2023-12-06 09:00:00,99.03
2023-12-06 10:00:00,99.02000000000001
2023-12-06 11:00:00,99.04
2023-12-06 12:00:00,99.05000000000001
2023-12-06 13:00:00,99.06500000000001
2023-12-06 14:00:00,99.06
2023-12-06 15:00:00,99.055
2023-12-06 16:00:00,99.045
2023-12-06 17:00:00,99.04
2023-12-06 23:00:00,99.06
2023-12-07 07:30:00,99.06
2023-12-07 08:00:00,99.045
2023-12-07 09:00:00,99.045
2023-12-07 10:00:00,99.045
2023-12-07 11:00:00,99.04
2023-12-07 12:00:00,99.03500000000001
2023-12-07 13:00:00,99.03500000000001
2023-12-07 14:00:00,99.045
2023-12-07 15:00:00,99.03500000000001
2023-12-07 16:00:00,99.04
2023-12-07 17:00:00,99.04
2023-12-07 23:00:00,99.045
2023-12-08 07:30:00,99.04
2023-12-08 08:00:00,99.025
2023-12-08 09:00:00,99.01500000000001
2023-12-08 10:00:00,99.01
2023-12-08 11:00:00,99.01
2023-12-08 12:00:00,99.01
2023-12-08 13:00:00,99.00500000000001
2023-12-08 14:00:00,99.00500000000001
2023-12-08 15:00:00,99.01
2023-12-08 16:00:00,99.00000000000001
2023-12-08 17:00:00,99.00000000000001
2023-12-08 23:00:00,99.00000000000001
2023-12-11 07:30:00,99.02000000000001
2023-12-11 08:00:00,99.01
2023-12-11 09:00:00,99.00000000000001
2023-12-11 10:00:00,99.00500000000001
2023-12-11 11:00:00,99.00500000000001
2023-12-11 12:00:00,99.00500000000001
2023-12-11 13:00:00,99.00500000000001
2023-12-11 14:00:00,99.01500000000001
2023-12-11 15:00:00,99.01
2023-12-11 16:00:00,99.01
2023-12-11 17:00:00,99.00500000000001
2023-12-11 23:00:00,99.01
2023-12-12 07:30:00,99.01
2023-12-12 08:00:00,99.03500000000001
2023-12-12 09:00:00,99.02000000000001
2023-12-12 10:00:00,99.025
2023-12-12 11:00:00,99.03
2023-12-12 12:00:00,99.03
2023-12-12 13:00:00,99.01500000000001
2023-12-12 14:00:00,99.025
2023-12-12 15:00:00,99.03
2023-12-12 16:00:00,99.025
2023-12-12 17:00:00,99.03
2023-12-12 23:00:00,99.02000000000001
2023-12-13 07:30:00,99.03500000000001
2023-12-13 08:00:00,99.04
2023-12-13 09:00:00,99.03500000000001
2023-12-13 10:00:00,99.03500000000001
2023-12-13 11:00:00,99.03500000000001
2023-12-13 12:00:00,99.03500000000001
2023-12-13 13:00:00,99.03500000000001
2023-12-13 14:00:00,99.055
2023-12-13 15:00:00,99.06
2023-12-13 16:00:00,99.06
2023-12-13 17:00:00,99.06
2023-12-13 23:00:00,99.06
2023-12-14 07:30:00,99.19500000000001
2023-12-14 08:00:00,99.16000000000001
2023-12-14 09:00:00,99.19000000000001
2023-12-14 10:00:00,99.165
2023-12-14 11:00:00,99.19000000000001
2023-12-14 12:00:00,99.18
2023-12-14 13:00:00,99.17
2023-12-14 14:00:00,99.18
2023-12-14 15:00:00,99.17
2023-12-14 16:00:00,99.19000000000001
2023-12-14 17:00:00,99.17500000000001
2023-12-14 23:00:00,99.18
2023-12-15 07:30:00,99.17500000000001
2023-12-15 08:00:00,99.215
2023-12-15 09:00:00,99.21000000000001
2023-12-15 10:00:00,99.20500000000001
2023-12-15 11:00:00,99.2
2023-12-15 12:00:00,99.19000000000001
2023-12-15 13:00:00,99.165
2023-12-15 14:00:00,99.165
2023-12-15 15:00:00,99.18
2023-12-15 16:00:00,99.19000000000001
2023-12-15 17:00:00,99.16000000000001
2023-12-15 23:00:00,99.185
2023-12-18 07:30:00,99.165
2023-12-18 08:00:00,99.18
2023-12-18 09:00:00,99.185
2023-12-18 10:00:00,99.17
2023-12-18 11:00:00,99.14000000000001
2023-12-18 12:00:00,99.14500000000001
2023-12-18 13:00:00,99.14000000000001
2023-12-18 14:00:00,99.13000000000001
2023-12-18 15:00:00,99.13000000000001
2023-12-18 16:00:00,99.13000000000001
2023-12-18 17:00:00,99.12500000000001
2023-12-18 23:00:00,99.12
2023-12-19 07:30:00,99.11000000000001
2023-12-19 08:00:00,99.12
2023-12-19 09:00:00,99.105
2023-12-19 10:00:00,99.11000000000001
2023-12-19 11:00:00,99.105
2023-12-19 12:00:00,99.11500000000001
2023-12-19 13:00:00,99.11500000000001
2023-12-19 14:00:00,99.12500000000001
2023-12-19 15:00:00,99.11500000000001
2023-12-19 16:00:00,99.105
2023-12-19 17:00:00,99.10000000000001
2023-12-19 23:00:00,99.11500000000001
2023-12-20 07:30:00,99.14000000000001
2023-12-20 08:00:00,99.12500000000001
2023-12-20 09:00:00,99.12500000000001
2023-12-20 10:00:00,99.12500000000001
2023-12-20 11:00:00,99.12
2023-12-20 12:00:00,99.12
2023-12-20 13:00:00,99.10000000000001
2023-12-20 14:00:00,99.08500000000001
2023-12-20 15:00:00,99.08000000000001
2023-12-20 16:00:00,99.08500000000001
2023-12-20 17:00:00,99.08000000000001
2023-12-20 23:00:00,99.09
2023-12-21 07:30:00,99.09
2023-12-21 08:00:00,99.08500000000001
2023-12-21 09:00:00,99.09
2023-12-21 10:00:00,99.06500000000001
2023-12-21 11:00:00,99.07000000000001
2023-12-21 12:00:00,99.075
2023-12-21 13:00:00,99.08000000000001
2023-12-21 14:00:00,99.08000000000001
2023-12-21 15:00:00,99.06500000000001
2023-12-21 16:00:00,99.07000000000001
2023-12-21 17:00:00,99.06
2023-12-21 23:00:00,99.075
2023-12-22 07:30:00,99.07000000000001
2023-12-22 08:00:00,99.08000000000001
2023-12-22 09:00:00,99.08500000000001
2023-12-22 10:00:00,99.08500000000001
2023-12-22 11:00:00,99.075
2023-12-22 12:00:00,99.075
2023-12-22 13:00:00,99.06500000000001
2023-12-22 14:00:00,99.07000000000001
2023-12-22 15:00:00,99.06500000000001
2023-12-22 16:00:00,99.07000000000001
2023-12-22 17:00:00,99.07000000000001
2023-12-22 23:00:00,99.07000000000001
2023-12-27 07:30:00,99.055
2023-12-27 08:00:00,99.075
2023-12-27 09:00:00,99.08500000000001
2023-12-27 10:00:00,99.055
2023-12-27 11:00:00,99.06
2023-12-27 12:00:00,99.075
2023-12-27 13:00:00,99.07000000000001
2023-12-27 14:00:00,99.06500000000001
2023-12-27 15:00:00,99.06500000000001
2023-12-27 16:00:00,99.08000000000001
2023-12-27 17:00:00,99.075
2023-12-27 23:00:00,99.07000000000001
2023-12-28 07:30:00,99.06
2023-12-28 08:00:00,99.06500000000001
2023-12-28 09:00:00,99.075
2023-12-28 10:00:00,99.08000000000001
2023-12-28 11:00:00,99.075
2023-12-28 12:00:00,99.075
2023-12-28 13:00:00,99.07000000000001
2023-12-28 14:00:00,99.06500000000001
2023-12-28 15:00:00,99.07000000000001
2023-12-28 16:00:00,99.09
2023-12-28 17:00:00,99.10000000000001
2023-12-28 23:00:00,99.09
2023-12-29 07:30:00,99.09
2023-12-29 08:00:00,99.08500000000001
2023-12-29 09:00:00,99.07000000000001
2023-12-29 10:00:00,99.075
2023-12-29 11:00:00,99.075
2023-12-29 12:00:00,99.075
2023-12-29 13:00:00,99.075
2023-12-29 14:00:00,99.07000000000001
2023-12-29 15:00:00,99.06500000000001
2023-12-29 16:00:00,99.075
2023-12-29 17:00:00,99.06500000000001
2023-12-29 23:00:00,99.075
2024-01-02 23:00:00,99.075
2024-01-03 07:30:00,99.03
2024-01-03 08:00:00,99.03500000000001
2024-01-03 09:00:00,99.045
2024-01-03 10:00:00,99.06
2024-01-03 11:00:00,99.045
2024-01-03 12:00:00,99.05000000000001
2024-01-03 13:00:00,99.055
2024-01-03 14:00:00,99.03
2024-01-03 15:00:00,99.04
2024-01-03 16:00:00,99.04
2024-01-03 17:00:00,99.05000000000001
2024-01-03 23:00:00,99.04
2024-01-04 07:30:00,99.045
2024-01-04 08:00:00,99.055
2024-01-04 09:00:00,99.00500000000001
2024-01-04 10:00:00,99.00000000000001
2024-01-04 11:00:00,98.995
2024-01-04 12:00:00,98.995
2024-01-04 13:00:00,98.97500000000001
2024-01-04 14:00:00,98.97000000000001
2024-01-04 15:00:00,98.97500000000001
2024-01-04 16:00:00,98.965
2024-01-04 17:00:00,98.96000000000001
2024-01-04 23:00:00,98.97500000000001
2024-01-05 07:30:00,98.94000000000001
2024-01-05 08:00:00,98.94500000000001
2024-01-05 09:00:00,98.93
2024-01-05 10:00:00,98.915
2024-01-05 11:00:00,98.915
2024-01-05 12:00:00,98.93
2024-01-05 13:00:00,98.935
2024-01-05 14:00:00,98.935
2024-01-05 15:00:00,98.98500000000001
2024-01-05 16:00:00,98.96000000000001
2024-01-05 17:00:00,98.95500000000001
2024-01-05 23:00:00,98.97000000000001
2024-01-08 07:30:00,98.92500000000001
2024-01-08 08:00:00,98.935
2024-01-08 09:00:00,98.965
2024-01-08 10:00:00,98.95500000000001
2024-01-08 11:00:00,98.95
2024-01-08 12:00:00,98.95500000000001
2024-01-08 13:00:00,98.95
2024-01-08 14:00:00,98.96000000000001
2024-01-08 15:00:00,98.98
2024-01-08 16:00:00,98.98500000000001
2024-01-08 17:00:00,98.99000000000001
2024-01-08 23:00:00,98.98
2024-01-09 07:30:00,98.965
2024-01-09 08:00:00,98.96000000000001
2024-01-09 09:00:00,98.965
2024-01-09 10:00:00,98.96000000000001
2024-01-09 11:00:00,98.96000000000001
2024-01-09 12:00:00,98.97000000000001
2024-01-09 13:00:00,98.97000000000001
2024-01-09 14:00:00,98.965
2024-01-09 15:00:00,98.965
2024-01-09 16:00:00,98.965
2024-01-09 17:00:00,98.97000000000001
2024-01-09 23:00:00,98.965
2024-01-10 07:30:00,98.97500000000001
2024-01-10 08:00:00,98.97000000000001
2024-01-10 09:00:00,98.98500000000001
2024-01-10 10:00:00,98.98500000000001
2024-01-10 11:00:00,98.98500000000001
2024-01-10 12:00:00,98.99000000000001
2024-01-10 13:00:00,98.99000000000001
2024-01-10 14:00:00,98.98
2024-01-10 15:00:00,98.97500000000001
2024-01-10 16:00:00,98.965
2024-01-10 17:00:00,98.965
2024-01-10 23:00:00,98.97500000000001
2024-01-11 07:30:00,98.98
2024-01-11 08:00:00,98.99000000000001
2024-01-11 09:00:00,98.995
2024-01-11 10:00:00,99.00000000000001
2024-01-11 11:00:00,98.995
2024-01-11 12:00:00,99.00000000000001
2024-01-11 13:00:00,98.99000000000001
2024-01-11 14:00:00,99.01500000000001
2024-01-11 15:00:00,99.01500000000001
2024-01-11 16:00:00,99.01
2024-01-11 17:00:00,99.01500000000001
2024-01-11 23:00:00,99.01500000000001
2024-01-12 07:30:00,99.04
2024-01-12 08:00:00,99.055
2024-01-12 09:00:00,99.045
2024-01-12 10:00:00,99.055
2024-01-12 11:00:00,99.05000000000001
2024-01-12 12:00:00,99.055
2024-01-12 13:00:00,99.06500000000001
2024-01-12 14:00:00,99.10000000000001
2024-01-12 15:00:00,99.09500000000001
2024-01-12 16:00:00,99.09500000000001
2024-01-12 17:00:00,99.09500000000001
2024-01-12 23:00:00,99.09
2024-01-15 07:30:00,99.06
2024-01-15 08:00:00,99.07000000000001
2024-01-15 09:00:00,99.075
2024-01-15 10:00:00,99.08000000000001
2024-01-15 11:00:00,99.07000000000001
2024-01-15 12:00:00,99.055
2024-01-15 13:00:00,99.075
2024-01-15 14:00:00,99.075
2024-01-15 15:00:00,99.08000000000001
2024-01-15 16:00:00,99.075
2024-01-15 17:00:00,99.075
2024-01-15 23:00:00,99.075
2024-01-16 07:30:00,99.08500000000001
2024-01-16 08:00:00,99.08500000000001
2024-01-16 09:00:00,99.08500000000001
2024-01-16 10:00:00,99.08500000000001
2024-01-16 11:00:00,99.08500000000001
2024-01-16 12:00:00,99.08500000000001
2024-01-16 13:00:00,99.09
2024-01-16 14:00:00,99.08500000000001
2024-01-16 15:00:00,99.09
2024-01-16 16:00:00,99.08000000000001
2024-01-16 17:00:00,99.055
2024-01-16 23:00:00,99.075
2024-01-17 07:30:00,99.03500000000001
2024-01-17 08:00:00,99.04
2024-01-17 09:00:00,99.05000000000001
2024-01-17 10:00:00,99.08000000000001
2024-01-17 11:00:00,99.06
2024-01-17 12:00:00,99.06500000000001
2024-01-17 13:00:00,99.05000000000001
2024-01-17 14:00:00,99.045
2024-01-17 15:00:00,99.03500000000001
2024-01-17 16:00:00,99.03
2024-01-17 17:00:00,99.02000000000001
2024-01-17 23:00:00,99.03500000000001
2024-01-18 07:30:00,99.025
2024-01-18 08:00:00,99.03
2024-01-18 09:00:00,99.03500000000001
2024-01-18 10:00:00,99.04
2024-01-18 11:00:00,99.045
2024-01-18 12:00:00,99.05000000000001
2024-01-18 13:00:00,99.045
2024-01-18 14:00:00,99.045
2024-01-18 15:00:00,99.04
2024-01-18 16:00:00,99.04
2024-01-18 17:00:00,99.03
2024-01-18 23:00:00,99.04
2024-01-19 07:30:00,99.045
2024-01-19 08:00:00,99.05000000000001
2024-01-19 09:00:00,99.06
2024-01-19 10:00:00,99.06
2024-01-19 11:00:00,99.06500000000001
2024-01-19 12:00:00,99.06500000000001
2024-01-19 13:00:00,99.055
2024-01-19 14:00:00,99.045
2024-01-19 15:00:00,99.03500000000001
2024-01-19 16:00:00,99.02000000000001
2024-01-19 17:00:00,99.025
2024-01-19 23:00:00,99.03
2024-01-22 07:30:00,99.02000000000001
2024-01-22 08:00:00,99.025
2024-01-22 09:00:00,99.03
2024-01-22 10:00:00,99.03500000000001
2024-01-22 11:00:00,99.025
2024-01-22 12:00:00,99.025
2024-01-22 13:00:00,99.03500000000001
2024-01-22 14:00:00,99.03
2024-01-22 15:00:00,99.025
2024-01-22 16:00:00,99.01500000000001
2024-01-22 17:00:00,99.01
2024-01-22 23:00:00,99.02000000000001
2024-01-23 07:30:00,99.01
2024-01-23 08:00:00,99.01
2024-01-23 09:00:00,99.01
2024-01-23 10:00:00,99.00000000000001
2024-01-23 11:00:00,99.00000000000001
2024-01-23 12:00:00,99.01
2024-01-23 13:00:00,99.00500000000001
2024-01-23 14:00:00,98.995
2024-01-23 15:00:00,98.99000000000001
2024-01-23 16:00:00,98.98500000000001
2024-01-23 17:00:00,98.995
2024-01-23 23:00:00,98.98500000000001
2024-01-24 07:30:00,99.00000000000001
2024-01-24 08:00:00,99.01500000000001
2024-01-24 09:00:00,99.00500000000001
2024-01-24 10:00:00,99.00000000000001
2024-01-24 11:00:00,98.995
2024-01-24 12:00:00,98.99000000000001
2024-01-24 13:00:00,99.00000000000001
2024-01-24 14:00:00,98.99000000000001
2024-01-24 15:00:00,98.99000000000001
2024-01-24 16:00:00,98.98
2024-01-24 17:00:00,98.98500000000001
2024-01-24 23:00:00,98.98500000000001
2024-01-25 07:30:00,98.97500000000001
2024-01-25 08:00:00,98.98
2024-01-25 09:00:00,98.98
2024-01-25 10:00:00,98.97500000000001
2024-01-25 11:00:00,98.98500000000001
2024-01-25 12:00:00,98.98
2024-01-25 13:00:00,99.01500000000001
2024-01-25 14:00:00,99.04
2024-01-25 15:00:00,99.04
2024-01-25 16:00:00,99.055
2024-01-25 17:00:00,99.06500000000001
2024-01-25 23:00:00,99.055
2024-01-26 07:30:00,99.08000000000001
2024-01-26 08:00:00,99.07000000000001
2024-01-26 09:00:00,99.08000000000001
2024-01-26 10:00:00,99.08000000000001
2024-01-26 11:00:00,99.08500000000001
2024-01-26 12:00:00,99.06500000000001
2024-01-26 13:00:00,99.08500000000001
2024-01-26 14:00:00,99.075
2024-01-26 15:00:00,99.07000000000001
2024-01-26 16:00:00,99.06
2024-01-26 17:00:00,99.06500000000001
2024-01-26 23:00:00,99.06500000000001
2024-01-29 07:30:00,99.08500000000001
2024-01-29 08:00:00,99.08500000000001
2024-01-29 09:00:00,99.105
2024-01-29 10:00:00,99.12
2024-01-29 11:00:00,99.105
2024-01-29 12:00:00,99.105
2024-01-29 13:00:00,99.105
2024-01-29 14:00:00,99.105
2024-01-29 15:00:00,99.10000000000001
2024-01-29 16:00:00,99.09500000000001
2024-01-29 17:00:00,99.10000000000001
2024-01-29 23:00:00,99.10000000000001
2024-01-30 07:30:00,99.09500000000001
2024-01-30 08:00:00,99.08500000000001
2024-01-30 09:00:00,99.09
2024-01-30 10:00:00,99.09
2024-01-30 11:00:00,99.08500000000001
2024-01-30 12:00:00,99.08000000000001
2024-01-30 13:00:00,99.075
2024-01-30 14:00:00,99.08000000000001
2024-01-30 15:00:00,99.055
2024-01-30 16:00:00,99.07000000000001
2024-01-30 17:00:00,99.07000000000001
2024-01-30 23:00:00,99.07000000000001
2024-01-31 07:30:00,99.08000000000001
2024-01-31 08:00:00,99.10000000000001
2024-01-31 09:00:00,99.08500000000001
2024-01-31 10:00:00,99.09
2024-01-31 11:00:00,99.09
2024-01-31 12:00:00,99.08000000000001
2024-01-31 13:00:00,99.08500000000001
2024-01-31 14:00:00,99.09500000000001
2024-01-31 15:00:00,99.09500000000001
2024-01-31 16:00:00,99.10000000000001
2024-01-31 17:00:00,99.09500000000001
2024-01-31 23:00:00,99.10000000000001
2024-02-01 07:30:00,99.075
2024-02-01 08:00:00,99.09500000000001
2024-02-01 09:00:00,99.09500000000001
2024-02-01 10:00:00,99.09
2024-02-01 11:00:00,99.09
2024-02-01 12:00:00,99.09
2024-02-01 13:00:00,99.10000000000001
2024-02-01 14:00:00,99.105
2024-02-01 15:00:00,99.10000000000001
2024-02-01 16:00:00,99.08500000000001
2024-02-01 17:00:00,99.08000000000001
2024-02-01 23:00:00,99.11000000000001
2024-02-02 07:30:00,99.07000000000001
2024-02-02 08:00:00,99.08000000000001
2024-02-02 09:00:00,99.08500000000001
2024-02-02 10:00:00,99.08500000000001
2024-02-02 11:00:00,99.08500000000001
2024-02-02 12:00:00,99.075
2024-02-02 13:00:00,99.03
2024-02-02 14:00:00,99.06
2024-02-02 15:00:00,99.04
2024-02-02 16:00:00,99.05000000000001
2024-02-02 17:00:00,99.05000000000001
2024-02-02 23:00:00,99.04
2024-02-05 07:30:00,99.00000000000001
2024-02-05 08:00:00,98.99000000000001
2024-02-05 09:00:00,98.99000000000001
2024-02-05 10:00:00,98.99000000000001
2024-02-05 11:00:00,98.99000000000001
2024-02-05 12:00:00,98.99000000000001
2024-02-05 13:00:00,98.99000000000001
2024-02-05 14:00:00,98.995
2024-02-05 15:00:00,98.965
2024-02-05 16:00:00,98.98
2024-02-05 17:00:00,98.97000000000001
2024-02-05 23:00:00,98.96000000000001
2024-02-06 07:30:00,98.97500000000001
2024-02-06 08:00:00,98.965
2024-02-06 09:00:00,98.965
2024-02-06 10:00:00,98.965
2024-02-06 11:00:00,98.96000000000001
2024-02-06 12:00:00,98.965
2024-02-06 13:00:00,98.965
2024-02-06 14:00:00,98.97000000000001
2024-02-06 15:00:00,98.995
2024-02-06 16:00:00,98.99000000000001
2024-02-06 17:00:00,99.00000000000001
2024-02-06 23:00:00,98.98500000000001
2024-02-07 07:30:00,99.00000000000001
2024-02-07 08:00:00,99.00500000000001
2024-02-07 09:00:00,99.00000000000001
2024-02-07 10:00:00,98.99000000000001
2024-02-07 11:00:00,98.98500000000001
2024-02-07 12:00:00,98.98
2024-02-07 13:00:00,98.98500000000001
2024-02-07 14:00:00,98.995
2024-02-07 15:00:00,98.995
2024-02-07 16:00:00,98.99000000000001
2024-02-07 17:00:00,98.995
2024-02-07 23:00:00,98.995
2024-02-08 07:30:00,98.98500000000001
2024-02-08 08:00:00,98.98500000000001
2024-02-08 09:00:00,98.99000000000001
2024-02-08 10:00:00,98.97500000000001
2024-02-08 11:00:00,98.97000000000001
2024-02-08 12:00:00,98.97500000000001
2024-02-08 13:00:00,98.97000000000001
2024-02-08 14:00:00,98.97000000000001
2024-02-08 15:00:00,98.965
2024-02-08 16:00:00,98.96000000000001
2024-02-08 17:00:00,98.96000000000001
2024-02-08 23:00:00,98.96000000000001
2024-02-09 07:30:00,98.935
2024-02-09 08:00:00,98.94500000000001
2024-02-09 09:00:00,98.95500000000001
2024-02-09 10:00:00,98.96000000000001
2024-02-09 11:00:00,98.95
2024-02-09 12:00:00,98.94500000000001
2024-02-09 13:00:00,98.95500000000001
2024-02-09 14:00:00,98.94000000000001
2024-02-09 15:00:00,98.94000000000001
2024-02-09 16:00:00,98.94000000000001
2024-02-09 17:00:00,98.94000000000001
2024-02-09 23:00:00,98.935
2024-02-12 07:30:00,98.94000000000001
2024-02-12 08:00:00,98.95
2024-02-12 09:00:00,98.96000000000001
2024-02-12 10:00:00,98.965
2024-02-12 11:00:00,98.97000000000001
2024-02-12 12:00:00,98.98
2024-02-12 13:00:00,98.97000000000001
2024-02-12 14:00:00,98.98
2024-02-12 15:00:00,98.98500000000001
2024-02-12 16:00:00,99.00000000000001
2024-02-12 17:00:00,99.00500000000001
2024-02-12 23:00:00,98.995
2024-02-13 07:30:00,99.08500000000001
2024-02-13 08:00:00,99.09
2024-02-13 09:00:00,99.09
2024-02-13 10:00:00,99.14500000000001
2024-02-13 11:00:00,99.14000000000001
2024-02-13 12:00:00,99.135
2024-02-13 13:00:00,99.11000000000001
2024-02-13 14:00:00,99.105
2024-02-13 15:00:00,99.09
2024-02-13 16:00:00,99.11000000000001
2024-02-13 17:00:00,99.09
2024-02-13 23:00:00,99.10000000000001
2024-02-14 07:30:00,99.11500000000001
2024-02-14 08:00:00,99.135
2024-02-14 09:00:00,99.12
2024-02-14 10:00:00,99.13000000000001
2024-02-14 11:00:00,99.12500000000001
2024-02-14 12:00:00,99.11000000000001
2024-02-14 13:00:00,99.09
2024-02-14 14:00:00,99.09500000000001
2024-02-14 15:00:00,99.10000000000001
2024-02-14 16:00:00,99.11000000000001
2024-02-14 17:00:00,99.11000000000001
2024-02-14 23:00:00,99.105
2024-02-15 07:30:00,99.12
2024-02-15 08:00:00,99.11500000000001
2024-02-15 09:00:00,99.10000000000001
2024-02-15 10:00:00,99.105
2024-02-15 11:00:00,99.105
2024-02-15 12:00:00,99.11000000000001
2024-02-15 13:00:00,99.12
2024-02-15 14:00:00,99.12500000000001
2024-02-15 15:00:00,99.105
2024-02-15 16:00:00,99.09
2024-02-15 17:00:00,99.11500000000001
2024-02-15 23:00:00,99.105
2024-02-16 07:30:00,99.09
2024-02-16 08:00:00,99.09500000000001
2024-02-16 09:00:00,99.09
2024-02-16 10:00:00,99.08500000000001
2024-02-16 11:00:00,99.07000000000001
2024-02-16 12:00:00,99.06
2024-02-16 13:00:00,99.06500000000001
2024-02-16 14:00:00,99.06500000000001
2024-02-16 15:00:00,99.06500000000001
2024-02-16 16:00:00,99.055
2024-02-16 17:00:00,99.045
2024-02-16 23:00:00,99.055
2024-02-19 07:30:00,99.05000000000001
2024-02-19 08:00:00,99.06
2024-02-19 09:00:00,99.06500000000001
2024-02-19 10:00:00,99.07000000000001
2024-02-19 11:00:00,99.06500000000001
2024-02-19 12:00:00,99.06500000000001
2024-02-19 13:00:00,99.06500000000001
2024-02-19 14:00:00,99.06
2024-02-19 15:00:00,99.06
2024-02-19 16:00:00,99.06
2024-02-19 17:00:00,99.06
2024-02-19 23:00:00,99.06
2024-02-20 07:30:00,99.07000000000001
2024-02-20 08:00:00,99.06500000000001
2024-02-20 09:00:00,99.075
2024-02-20 10:00:00,99.08000000000001
2024-02-20 11:00:00,99.075
2024-02-20 12:00:00,99.08500000000001
2024-02-20 13:00:00,99.08500000000001
2024-02-20 14:00:00,99.09500000000001
2024-02-20 15:00:00,99.09500000000001
2024-02-20 16:00:00,99.09500000000001
2024-02-20 17:00:00,99.09
2024-02-20 23:00:00,99.09500000000001
2024-02-21 07:30:00,99.08500000000001
2024-02-21 08:00:00,99.08000000000001
2024-02-21 09:00:00,99.08000000000001
2024-02-21 10:00:00,99.08500000000001
2024-02-21 11:00:00,99.08000000000001
2024-02-21 12:00:00,99.075
2024-02-21 13:00:00,99.075
2024-02-21 14:00:00,99.07000000000001
2024-02-21 15:00:00,99.06
2024-02-21 16:00:00,99.05000000000001
2024-02-21 17:00:00,99.06
2024-02-21 23:00:00,99.06
2024-02-22 07:30:00,99.055
2024-02-22 08:00:00,99.03500000000001
2024-02-22 09:00:00,99.045
2024-02-22 10:00:00,99.04
2024-02-22 11:00:00,99.04
2024-02-22 12:00:00,99.04
2024-02-22 13:00:00,99.025
2024-02-22 14:00:00,99.045
2024-02-22 15:00:00,99.045
2024-02-22 16:00:00,99.03500000000001
2024-02-22 17:00:00,99.03500000000001
2024-02-22 23:00:00,99.04
2024-02-23 07:30:00,99.03
2024-02-23 08:00:00,99.02000000000001
2024-02-23 09:00:00,99.02000000000001
2024-02-23 10:00:00,99.025
2024-02-23 11:00:00,99.025
2024-02-23 12:00:00,99.06
2024-02-23 13:00:00,99.045
2024-02-23 14:00:00,99.08000000000001
2024-02-23 15:00:00,99.075
2024-02-23 16:00:00,99.06500000000001
2024-02-23 17:00:00,99.05000000000001
2024-02-23 23:00:00,99.075
2024-02-26 07:30:00,99.06500000000001
2024-02-26 08:00:00,99.05000000000001
2024-02-26 09:00:00,99.045
2024-02-26 10:00:00,99.05000000000001
2024-02-26 11:00:00,99.045
2024-02-26 12:00:00,99.05000000000001
2024-02-26 13:00:00,99.05000000000001
2024-02-26 14:00:00,99.045
2024-02-26 15:00:00,99.05000000000001
2024-02-26 16:00:00,99.04
2024-02-26 17:00:00,99.04
2024-02-26 23:00:00,99.045
2024-02-27 07:30:00,99.04
2024-02-27 08:00:00,99.045
2024-02-27 09:00:00,99.03500000000001
2024-02-27 10:00:00,99.04
2024-02-27 11:00:00,99.04
2024-02-27 12:00:00,99.045
2024-02-27 13:00:00,99.04
2024-02-27 14:00:00,99.04
2024-02-27 15:00:00,99.045
2024-02-27 16:00:00,99.03500000000001
2024-02-27 17:00:00,99.03500000000001
2024-02-27 23:00:00,99.04
2024-02-28 07:30:00,99.04
2024-02-28 08:00:00,99.045
2024-02-28 09:00:00,99.045
2024-02-28 10:00:00,99.045
2024-02-28 11:00:00,99.045
2024-02-28 12:00:00,99.04
2024-02-28 13:00:00,99.04
2024-02-28 14:00:00,99.045
2024-02-28 15:00:00,99.045
2024-02-28 16:00:00,99.04
2024-02-28 17:00:00,99.045
2024-02-28 23:00:00,99.045
2024-02-29 07:30:00,99.055
2024-02-29 08:00:00,99.055
2024-02-29 09:00:00,99.02000000000001
2024-02-29 10:00:00,99.00000000000001
2024-02-29 11:00:00,99.00500000000001
2024-02-29 12:00:00,98.995
2024-02-29 13:00:00,99.03500000000001
2024-02-29 14:00:00,99.055
2024-02-29 15:00:00,99.06
2024-02-29 16:00:00,99.09
2024-02-29 17:00:00,99.11000000000001
2024-02-29 23:00:00,99.07000000000001
2024-03-01 07:30:00,99.10000000000001
2024-03-01 08:00:00,99.075
2024-03-01 09:00:00,99.08500000000001
2024-03-01 10:00:00,99.08500000000001
2024-03-01 11:00:00,99.09
2024-03-01 12:00:00,99.10000000000001
2024-03-01 13:00:00,99.09500000000001
2024-03-01 14:00:00,99.08500000000001
2024-03-01 15:00:00,99.10000000000001
2024-03-01 16:00:00,99.075
2024-03-01 17:00:00,99.08000000000001
2024-03-01 23:00:00,99.10000000000001
2024-03-04 07:30:00,99.07000000000001
2024-03-04 08:00:00,99.08000000000001
2024-03-04 09:00:00,99.10000000000001
2024-03-04 10:00:00,99.10000000000001
2024-03-04 11:00:00,99.09
2024-03-04 12:00:00,99.08500000000001
2024-03-04 13:00:00,99.07000000000001
2024-03-04 14:00:00,99.09
2024-03-04 15:00:00,99.09
2024-03-04 16:00:00,99.09
2024-03-04 17:00:00,99.09
2024-03-04 23:00:00,99.09
2024-03-05 07:30:00,99.09500000000001
2024-03-05 08:00:00,99.09
2024-03-05 09:00:00,99.08500000000001
2024-03-05 10:00:00,99.09
2024-03-05 11:00:00,99.08500000000001
2024-03-05 12:00:00,99.08000000000001
2024-03-05 13:00:00,99.09
2024-03-05 14:00:00,99.08000000000001
2024-03-05 15:00:00,99.08000000000001
2024-03-05 16:00:00,99.07000000000001
2024-03-05 17:00:00,99.075
2024-03-05 23:00:00,99.08000000000001
2024-03-06 07:30:00,99.08000000000001
2024-03-06 08:00:00,99.07000000000001
2024-03-06 09:00:00,99.075
2024-03-06 10:00:00,99.06
2024-03-06 11:00:00,99.06500000000001
2024-03-06 12:00:00,99.05000000000001
2024-03-06 13:00:00,99.06
2024-03-06 14:00:00,99.07000000000001
2024-03-06 15:00:00,99.05000000000001
2024-03-06 16:00:00,99.06
2024-03-06 17:00:00,99.06
2024-03-06 23:00:00,99.055
2024-03-07 07:30:00,99.06
2024-03-07 08:00:00,99.05000000000001
2024-03-07 09:00:00,99.05000000000001
2024-03-07 10:00:00,99.03500000000001
2024-03-07 11:00:00,99.03500000000001
2024-03-07 12:00:00,99.03
2024-03-07 13:00:00,99.08500000000001
2024-03-07 14:00:00,99.045
2024-03-07 15:00:00,99.055
2024-03-07 16:00:00,99.03500000000001
2024-03-07 17:00:00,99.03500000000001
2024-03-07 23:00:00,99.045
2024-03-08 07:30:00,99.05000000000001
2024-03-08 08:00:00,99.045
2024-03-08 09:00:00,99.04
2024-03-08 10:00:00,99.04
2024-03-08 11:00:00,99.04
2024-03-08 12:00:00,99.04
2024-03-08 13:00:00,99.045
2024-03-08 14:00:00,99.06
2024-03-08 15:00:00,99.055
2024-03-08 16:00:00,99.05000000000001
2024-03-08 17:00:00,99.06
2024-03-08 23:00:00,99.05000000000001
2024-03-11 07:30:00,99.045
2024-03-11 08:00:00,99.04
2024-03-11 09:00:00,99.045
2024-03-11 10:00:00,99.045
2024-03-11 11:00:00,99.045
2024-03-11 12:00:00,99.04
2024-03-11 13:00:00,99.04
2024-03-11 14:00:00,99.03500000000001
2024-03-11 15:00:00,99.03500000000001
2024-03-11 16:00:00,99.04
2024-03-11 17:00:00,99.04
2024-03-11 23:00:00,99.03500000000001
2024-03-12 07:30:00,99.045
2024-03-12 08:00:00,99.045
2024-03-12 09:00:00,99.04
2024-03-12 10:00:00,99.04
2024-03-12 11:00:00,99.03500000000001
2024-03-12 12:00:00,99.03500000000001
2024-03-12 13:00:00,99.025
2024-03-12 14:00:00,99.01500000000001
2024-03-12 15:00:00,99.01500000000001
2024-03-12 16:00:00,99.02000000000001
2024-03-12 17:00:00,99.01500000000001
2024-03-12 23:00:00,99.01500000000001
2024-03-13 07:30:00,99.01500000000001
2024-03-13 08:00:00,99.02000000000001
2024-03-13 09:00:00,99.01500000000001
2024-03-13 10:00:00,99.02000000000001
2024-03-13 11:00:00,99.01500000000001
2024-03-13 12:00:00,99.02000000000001
2024-03-13 13:00:00,99.01500000000001
2024-03-13 14:00:00,99.00500000000001
2024-03-13 15:00:00,99.00500000000001
2024-03-13 16:00:00,98.995
2024-03-13 17:00:00,98.995
2024-03-13 23:00:00,99.00500000000001
2024-03-14 07:30:00,99.01
2024-03-14 08:00:00,99.00500000000001
2024-03-14 09:00:00,99.00000000000001
2024-03-14 10:00:00,99.00500000000001
2024-03-14 11:00:00,99.00000000000001
2024-03-14 12:00:00,98.99000000000001
2024-03-14 13:00:00,98.995
2024-03-14 14:00:00,98.99000000000001
2024-03-14 15:00:00,98.995
2024-03-14 16:00:00,98.995
2024-03-14 17:00:00,98.99000000000001
2024-03-14 23:00:00,98.98500000000001
2024-03-15 07:30:00,98.98500000000001
2024-03-15 08:00:00,98.97500000000001
2024-03-15 09:00:00,98.97500000000001
2024-03-15 10:00:00,98.96000000000001
2024-03-15 11:00:00,98.95
2024-03-15 12:00:00,98.95500000000001
2024-03-15 13:00:00,98.94500000000001
2024-03-15 14:00:00,98.935
2024-03-15 15:00:00,98.93
2024-03-15 16:00:00,98.94000000000001
2024-03-15 17:00:00,98.94500000000001
2024-03-15 23:00:00,98.93
2024-03-18 07:30:00,98.95500000000001
2024-03-18 08:00:00,98.935
2024-03-18 09:00:00,98.93
2024-03-18 10:00:00,98.92500000000001
2024-03-18 11:00:00,98.93
2024-03-18 12:00:00,98.92500000000001
2024-03-18 13:00:00,98.93
2024-03-18 14:00:00,98.935
2024-03-18 15:00:00,98.93
2024-03-18 16:00:00,98.93
2024-03-18 17:00:00,98.93
2024-03-18 23:00:00,98.93
2024-03-19 07:30:00,98.935
2024-03-19 08:00:00,98.935
2024-03-19 09:00:00,98.935
2024-03-19 10:00:00,98.935
2024-03-19 11:00:00,98.93
2024-03-19 12:00:00,98.935
2024-03-19 13:00:00,98.94000000000001
2024-03-19 14:00:00,98.94500000000001
2024-03-19 15:00:00,98.95
2024-03-19 16:00:00,98.94500000000001
2024-03-19 17:00:00,98.94500000000001
2024-03-19 23:00:00,98.95
2024-03-20 07:30:00,98.94500000000001
2024-03-20 08:00:00,98.95
2024-03-20 09:00:00,98.965
2024-03-20 10:00:00,98.965
2024-03-20 11:00:00,98.965
2024-03-20 12:00:00,98.96000000000001
2024-03-20 13:00:00,98.97000000000001
2024-03-20 14:00:00,98.97500000000001
2024-03-20 15:00:00,98.98
2024-03-20 16:00:00,98.98500000000001
2024-03-20 17:00:00,98.97500000000001
2024-03-20 23:00:00,98.98
2024-03-21 07:30:00,98.97500000000001
2024-03-21 08:00:00,99.13000000000001
2024-03-21 09:00:00,99.11000000000001
2024-03-21 10:00:00,99.11000000000001
2024-03-21 11:00:00,99.12
2024-03-21 12:00:00,99.12
2024-03-21 13:00:00,99.105
2024-03-21 14:00:00,99.11000000000001
2024-03-21 15:00:00,99.11000000000001
2024-03-21 16:00:00,99.11000000000001
2024-03-21 17:00:00,99.11000000000001
2024-03-21 23:00:00,99.11000000000001
2024-03-22 07:30:00,99.11500000000001
2024-03-22 08:00:00,99.12
2024-03-22 09:00:00,99.11500000000001
2024-03-22 10:00:00,99.12
2024-03-22 11:00:00,99.12
2024-03-22 12:00:00,99.12500000000001
2024-03-22 13:00:00,99.12500000000001
2024-03-22 14:00:00,99.13000000000001
2024-03-22 15:00:00,99.12500000000001
2024-03-22 16:00:00,99.12500000000001
2024-03-22 17:00:00,99.13000000000001
2024-03-22 23:00:00,99.12500000000001
2024-03-25 07:30:00,99.13000000000001
2024-03-25 08:00:00,99.12500000000001
2024-03-25 09:00:00,99.12
2024-03-25 10:00:00,99.12500000000001
2024-03-25 11:00:00,99.12
2024-03-25 12:00:00,99.12500000000001
2024-03-25 13:00:00,99.12500000000001
2024-03-25 14:00:00,99.12500000000001
2024-03-25 15:00:00,99.12
2024-03-25 16:00:00,99.12
2024-03-25 17:00:00,99.12500000000001
2024-03-25 23:00:00,99.12
2024-03-26 07:30:00,99.12
2024-03-26 08:00:00,99.12
2024-03-26 09:00:00,99.12500000000001
2024-03-26 10:00:00,99.13000000000001
2024-03-26 11:00:00,99.12500000000001
2024-03-26 12:00:00,99.12
2024-03-26 13:00:00,99.11500000000001
2024-03-26 14:00:00,99.12
2024-03-26 15:00:00,99.11500000000001
2024-03-26 16:00:00,99.12
2024-03-26 17:00:00,99.12
2024-03-26 23:00:00,99.11500000000001
2024-03-27 07:30:00,99.12
2024-03-27 08:00:00,99.12500000000001
2024-03-27 09:00:00,99.12500000000001
2024-03-27 10:00:00,99.12500000000001
2024-03-27 11:00:00,99.12
2024-03-27 12:00:00,99.12500000000001
2024-03-27 13:00:00,99.12500000000001
2024-03-27 14:00:00,99.12500000000001
2024-03-27 15:00:00,99.13000000000001
2024-03-27 16:00:00,99.12
2024-03-27 17:00:00,99.12
2024-03-27 23:00:00,99.12500000000001
2024-03-28 07:30:00,99.11500000000001
2024-03-28 08:00:00,99.11000000000001
2024-03-28 09:00:00,99.10000000000001
2024-03-28 10:00:00,99.10000000000001
2024-03-28 11:00:00,99.10000000000001
2024-03-28 12:00:00,99.10000000000001
2024-03-28 13:00:00,99.11000000000001
2024-03-28 14:00:00,99.11500000000001
2024-03-28 15:00:00,99.12
2024-03-28 16:00:00,99.12500000000001
2024-03-28 17:00:00,99.13000000000001
2024-03-28 23:00:00,99.12500000000001
2024-04-02 06:30:00,99.11000000000001
2024-04-02 07:00:00,99.10000000000002
2024-04-02 08:00:00,99.10000000000002
2024-04-02 09:00:00,99.10500000000002
2024-04-02 10:00:00,99.11000000000001
2024-04-02 11:00:00,99.11000000000001
2024-04-02 12:00:00,99.11000000000001
2024-04-02 13:00:00,99.10000000000002
2024-04-02 14:00:00,99.10000000000002
2024-04-02 15:00:00,99.10000000000002
2024-04-02 16:00:00,99.10000000000002
2024-04-02 23:00:00,99.10500000000002
2024-04-03 06:30:00,99.10000000000002
2024-04-03 07:00:00,99.09500000000001
2024-04-03 08:00:00,99.09000000000002
2024-04-03 09:00:00,99.09000000000002
2024-04-03 10:00:00,99.09000000000002
2024-04-03 11:00:00,99.08000000000001
2024-04-03 12:00:00,99.07500000000002
2024-04-03 13:00:00,99.06500000000001
2024-04-03 14:00:00,99.06500000000001
2024-04-03 15:00:00,99.07000000000002
2024-04-03 16:00:00,99.07500000000002
2024-04-03 23:00:00,99.07000000000002
2024-04-04 06:30:00,99.14000000000001
2024-04-04 07:00:00,99.13500000000002
2024-04-04 08:00:00,99.13000000000002
2024-04-04 09:00:00,99.13000000000002
2024-04-04 10:00:00,99.13500000000002
2024-04-04 11:00:00,99.13500000000002
2024-04-04 12:00:00,99.13500000000002
2024-04-04 13:00:00,99.13500000000002
2024-04-04 14:00:00,99.13500000000002
2024-04-04 15:00:00,99.13500000000002
2024-04-04 16:00:00,99.13000000000002
2024-04-04 23:00:00,99.13500000000002
2024-04-05 06:30:00,99.13500000000002
2024-04-05 07:00:00,99.13500000000002
2024-04-05 08:00:00,99.13500000000002
2024-04-05 09:00:00,99.14000000000001
2024-04-05 10:00:00,99.14000000000001
2024-04-05 11:00:00,99.14500000000002
2024-04-05 12:00:00,99.13000000000002
2024-04-05 13:00:00,99.14000000000001
2024-04-05 14:00:00,99.14000000000001
2024-04-05 15:00:00,99.14000000000001
2024-04-05 16:00:00,99.13500000000002
2024-04-05 23:00:00,99.14000000000001
2024-04-08 06:30:00,99.13000000000002
2024-04-08 07:00:00,99.13000000000002
2024-04-08 08:00:00,99.13000000000002
2024-04-08 09:00:00,99.13500000000002
2024-04-08 10:00:00,99.13500000000002
2024-04-08 11:00:00,99.13000000000002
2024-04-08 12:00:00,99.12000000000002
2024-04-08 13:00:00,99.13000000000002
2024-04-08 14:00:00,99.12500000000001
2024-04-08 15:00:00,99.13000000000002
2024-04-08 16:00:00,99.12500000000001
2024-04-08 23:00:00,99.12500000000001
2024-04-09 06:30:00,99.12500000000001
2024-04-09 07:00:00,99.12500000000001
2024-04-09 08:00:00,99.12000000000002
2024-04-09 09:00:00,99.12500000000001
2024-04-09 10:00:00,99.13500000000002
2024-04-09 11:00:00,99.13500000000002
2024-04-09 12:00:00,99.14000000000001
2024-04-09 13:00:00,99.14000000000001
2024-04-09 14:00:00,99.14000000000001
2024-04-09 15:00:00,99.14000000000001
2024-04-09 16:00:00,99.14500000000002
2024-04-09 23:00:00,99.14000000000001
2024-04-10 06:30:00,99.14000000000001
2024-04-10 07:00:00,99.14500000000002
2024-04-10 08:00:00,99.15000000000002
2024-04-10 09:00:00,99.14000000000001
2024-04-10 10:00:00,99.14000000000001
2024-04-10 11:00:00,99.14500000000002
2024-04-10 12:00:00,99.11500000000002
2024-04-10 13:00:00,99.11000000000001
2024-04-10 14:00:00,99.10000000000002
2024-04-10 15:00:00,99.10500000000002
2024-04-10 16:00:00,99.10500000000002
2024-04-10 23:00:00,99.10500000000002
2024-04-11 06:30:00,99.09500000000001
2024-04-11 07:00:00,99.07000000000002
2024-04-11 08:00:00,99.05500000000002
2024-04-11 09:00:00,99.07000000000002
2024-04-11 10:00:00,99.07000000000002
2024-04-11 11:00:00,99.08000000000001
2024-04-11 12:00:00,99.09500000000001
2024-04-11 13:00:00,99.06500000000001
2024-04-11 14:00:00,99.07000000000002
2024-04-11 15:00:00,99.07000000000002
2024-04-11 16:00:00,99.08500000000002
2024-04-11 23:00:00,99.07000000000002
2024-04-12 06:30:00,99.07500000000002
2024-04-12 07:00:00,99.10500000000002
2024-04-12 08:00:00,99.08500000000002
2024-04-12 09:00:00,99.09500000000001
2024-04-12 10:00:00,99.09500000000001
2024-04-12 11:00:00,99.10000000000002
2024-04-12 12:00:00,99.10500000000002
2024-04-12 13:00:00,99.10000000000002
2024-04-12 14:00:00,99.10000000000002
2024-04-12 15:00:00,99.09000000000002
2024-04-12 16:00:00,99.09000000000002
2024-04-12 23:00:00,99.10000000000002
2024-04-15 06:30:00,99.09000000000002
2024-04-15 07:00:00,99.08500000000002
2024-04-15 08:00:00,99.08500000000002
2024-04-15 09:00:00,99.08500000000002
2024-04-15 10:00:00,99.08000000000001
2024-04-15 11:00:00,99.07500000000002
2024-04-15 12:00:00,99.06500000000001
2024-04-15 13:00:00,99.06000000000002
2024-04-15 14:00:00,99.07000000000002
2024-04-15 15:00:00,99.08000000000001
2024-04-15 16:00:00,99.06500000000001
2024-04-15 23:00:00,99.07500000000002
2024-04-16 06:30:00,99.06000000000002
2024-04-16 07:00:00,99.06000000000002
2024-04-16 08:00:00,99.06000000000002
2024-04-16 09:00:00,99.06000000000002
2024-04-16 10:00:00,99.05500000000002
2024-04-16 11:00:00,99.06000000000002
2024-04-16 12:00:00,99.06000000000002
2024-04-16 13:00:00,99.05000000000001
2024-04-16 14:00:00,99.06500000000001
2024-04-16 15:00:00,99.06500000000001
2024-04-16 16:00:00,99.06500000000001
2024-04-16 23:00:00,99.06500000000001
2024-04-17 06:30:00,99.05500000000002
2024-04-17 07:00:00,99.05000000000001
2024-04-17 08:00:00,99.05000000000001
2024-04-17 09:00:00,99.05000000000001
2024-04-17 10:00:00,99.05000000000001
2024-04-17 11:00:00,99.05000000000001
2024-04-17 12:00:00,99.06500000000001
2024-04-17 13:00:00,99.06500000000001
2024-04-17 14:00:00,99.07000000000002
2024-04-17 15:00:00,99.06500000000001
2024-04-17 16:00:00,99.07000000000002
2024-04-17 23:00:00,99.07000000000002
2024-04-18 06:30:00,99.08000000000001
2024-04-18 07:00:00,99.08000000000001
2024-04-18 08:00:00,99.08000000000001
2024-04-18 09:00:00,99.08000000000001
2024-04-18 10:00:00,99.07500000000002
2024-04-18 11:00:00,99.07500000000002
2024-04-18 12:00:00,99.07000000000002
2024-04-18 13:00:00,99.06500000000001
2024-04-18 14:00:00,99.06500000000001
2024-04-18 15:00:00,99.06500000000001
2024-04-18 16:00:00,99.06500000000001
2024-04-18 23:00:00,99.06500000000001
2024-04-19 06:30:00,99.07500000000002
2024-04-19 07:00:00,99.07500000000002
2024-04-19 08:00:00,99.08000000000001
2024-04-19 09:00:00,99.08000000000001
2024-04-19 10:00:00,99.07500000000002
2024-04-19 11:00:00,99.07000000000002
2024-04-19 12:00:00,99.06000000000002
2024-04-19 13:00:00,99.04000000000002
2024-04-19 14:00:00,99.05000000000001
2024-04-19 15:00:00,99.05000000000001
2024-04-19 16:00:00,99.05000000000001
2024-04-19 23:00:00,99.05000000000001
2024-04-22 06:30:00,99.05000000000001
2024-04-22 07:00:00,99.05500000000002
2024-04-22 08:00:00,99.06000000000002
2024-04-22 09:00:00,99.05500000000002
2024-04-22 10:00:00,99.06000000000002
2024-04-22 11:00:00,99.06000000000002
2024-04-22 12:00:00,99.06000000000002
2024-04-22 13:00:00,99.06500000000001
2024-04-22 14:00:00,99.07500000000002
2024-04-22 15:00:00,99.07500000000002
2024-04-22 16:00:00,99.08000000000001
2024-04-22 23:00:00,99.07000000000002
2024-04-23 06:30:00,99.08000000000001
2024-04-23 07:00:00,99.07500000000002
2024-04-23 08:00:00,99.06500000000001
2024-04-23 09:00:00,99.07000000000002
2024-04-23 10:00:00,99.07000000000002
2024-04-23 11:00:00,99.06500000000001
2024-04-23 12:00:00,99.06500000000001
2024-04-23 13:00:00,99.07500000000002
2024-04-23 14:00:00,99.06500000000001
2024-04-23 15:00:00,99.06500000000001
2024-04-23 16:00:00,99.07500000000002
2024-04-23 23:00:00,99.07000000000002
2024-04-24 06:30:00,99.07000000000002
2024-04-24 07:00:00,99.06500000000001
2024-04-24 08:00:00,99.06500000000001
2024-04-24 09:00:00,99.06000000000002
2024-04-24 10:00:00,99.06500000000001
2024-04-24 11:00:00,99.06000000000002
2024-04-24 12:00:00,99.06500000000001
2024-04-24 13:00:00,99.06500000000001
2024-04-24 14:00:00,99.06000000000002
2024-04-24 15:00:00,99.06500000000001
2024-04-24 16:00:00,99.06500000000001
2024-04-24 23:00:00,99.06500000000001
2024-04-25 06:30:00,99.06500000000001
2024-04-25 07:00:00,99.07500000000002
2024-04-25 08:00:00,99.07000000000002
2024-04-25 09:00:00,99.07000000000002
2024-04-25 10:00:00,99.07000000000002
2024-04-25 11:00:00,99.07000000000002
2024-04-25 12:00:00,99.04500000000002
2024-04-25 13:00:00,99.03500000000001
2024-04-25 14:00:00,99.03000000000002
2024-04-25 15:00:00,99.03000000000002
2024-04-25 16:00:00,99.03000000000002
2024-04-25 23:00:00,99.03500000000001
2024-04-26 06:30:00,99.03500000000001
2024-04-26 07:00:00,99.03500000000001
2024-04-26 08:00:00,99.02500000000002
2024-04-26 09:00:00,99.03000000000002
2024-04-26 10:00:00,99.04000000000002
2024-04-26 11:00:00,99.03500000000001
2024-04-26 12:00:00,99.04000000000002
2024-04-26 13:00:00,99.04500000000002
2024-04-26 14:00:00,99.04000000000002
2024-04-26 15:00:00,99.04500000000002
2024-04-26 16:00:00,99.03500000000001
2024-04-26 23:00:00,99.04000000000002
2024-04-29 06:30:00,99.04500000000002
2024-04-29 07:00:00,99.04500000000002
2024-04-29 08:00:00,99.06500000000001
2024-04-29 09:00:00,99.06000000000002
2024-04-29 10:00:00,99.06500000000001
2024-04-29 11:00:00,99.07000000000002
2024-04-29 12:00:00,99.06500000000001
2024-04-29 13:00:00,99.06500000000001
2024-04-29 14:00:00,99.07000000000002
2024-04-29 15:00:00,99.06000000000002
2024-04-29 16:00:00,99.06000000000002
2024-04-29 23:00:00,99.06500000000001
2024-04-30 06:30:00,99.06000000000002
2024-04-30 07:00:00,99.05500000000002
2024-04-30 08:00:00,99.05000000000001
2024-04-30 09:00:00,99.05500000000002
2024-04-30 10:00:00,99.05000000000001
2024-04-30 11:00:00,99.05500000000002
2024-04-30 12:00:00,99.03500000000001
2024-04-30 13:00:00,99.03000000000002
2024-04-30 14:00:00,99.03500000000001
2024-04-30 15:00:00,99.03500000000001
2024-04-30 16:00:00,99.03000000000002
2024-04-30 23:00:00,99.03500000000001
2024-05-01 23:00:00,99.03500000000001
2024-05-02 06:30:00,99.00000000000001
2024-05-02 07:00:00,99.01500000000001
2024-05-02 08:00:00,99.02000000000002
2024-05-02 09:00:00,99.01500000000001
2024-05-02 10:00:00,99.02000000000002
2024-05-02 11:00:00,99.00500000000002
2024-05-02 12:00:00,99.00000000000001
2024-05-02 13:00:00,98.99500000000002
2024-05-02 14:00:00,98.98500000000001
2024-05-02 15:00:00,98.99000000000002
2024-05-02 16:00:00,98.98500000000001
2024-05-02 23:00:00,98.98500000000001
2024-05-03 06:30:00,98.99000000000002
2024-05-03 07:00:00,98.98500000000001
2024-05-03 08:00:00,98.99000000000002
2024-05-03 09:00:00,98.98500000000001
2024-05-03 10:00:00,98.99000000000002
2024-05-03 11:00:00,98.98500000000001
2024-05-03 12:00:00,99.00000000000001
2024-05-03 13:00:00,99.01000000000002
2024-05-03 14:00:00,99.00500000000002
2024-05-03 15:00:00,99.00000000000001
2024-05-03 16:00:00,98.99500000000002
2024-05-03 23:00:00,99.00000000000001
2024-05-06 06:30:00,99.00500000000002
2024-05-06 07:00:00,99.00000000000001
2024-05-06 08:00:00,99.01000000000002
2024-05-06 09:00:00,99.01000000000002
2024-05-06 10:00:00,99.01000000000002
2024-05-06 11:00:00,99.01000000000002
2024-05-06 12:00:00,99.01500000000001
2024-05-06 13:00:00,99.02000000000002
2024-05-06 14:00:00,99.02000000000002
2024-05-06 15:00:00,99.01500000000001
2024-05-06 16:00:00,99.01000000000002
2024-05-06 23:00:00,99.01500000000001
2024-05-07 06:30:00,99.01500000000001
2024-05-07 07:00:00,99.01500000000001
2024-05-07 08:00:00,99.01500000000001
2024-05-07 09:00:00,99.00500000000002
2024-05-07 10:00:00,99.00500000000002
2024-05-07 11:00:00,99.00500000000002
2024-05-07 12:00:00,99.01500000000001
2024-05-07 13:00:00,99.01500000000001
2024-05-07 14:00:00,99.02000000000002
2024-05-07 15:00:00,99.02000000000002
2024-05-07 16:00:00,99.02000000000002
2024-05-07 23:00:00,99.02000000000002
2024-05-08 06:30:00,99.01500000000001
2024-05-08 07:00:00,99.02000000000002
2024-05-08 08:00:00,99.02500000000002
2024-05-08 09:00:00,99.01000000000002
2024-05-08 10:00:00,99.02000000000002
2024-05-08 11:00:00,99.01500000000001
2024-05-08 12:00:00,99.01000000000002
2024-05-08 13:00:00,99.01000000000002
2024-05-08 14:00:00,99.01500000000001
2024-05-08 15:00:00,99.01000000000002
2024-05-08 16:00:00,99.01500000000001
2024-05-08 23:00:00,99.01500000000001
2024-05-09 23:00:00,99.01500000000001
2024-05-10 06:30:00,99.01000000000002
2024-05-10 07:00:00,99.01000000000002
2024-05-10 08:00:00,99.01000000000002
2024-05-10 09:00:00,99.01000000000002
2024-05-10 10:00:00,99.00500000000002
2024-05-10 11:00:00,99.00500000000002
2024-05-10 12:00:00,99.00000000000001
2024-05-10 13:00:00,99.00000000000001
2024-05-10 14:00:00,98.99000000000002
2024-05-10 15:00:00,98.98000000000002
2024-05-10 16:00:00,98.97500000000002
2024-05-10 23:00:00,98.98000000000002
2024-05-13 06:30:00,98.98000000000002
2024-05-13 07:00:00,98.97500000000002
2024-05-13 08:00:00,98.97500000000002
2024-05-13 09:00:00,98.98500000000001
2024-05-13 10:00:00,98.97500000000002
2024-05-13 11:00:00,98.98000000000002
2024-05-13 12:00:00,98.98000000000002
2024-05-13 13:00:00,98.97000000000001
2024-05-13 14:00:00,98.97500000000002
2024-05-13 15:00:00,98.97000000000001
2024-05-13 16:00:00,98.96500000000002
2024-05-13 23:00:00,98.97500000000002
2024-05-14 06:30:00,98.96500000000002
2024-05-14 07:00:00,98.97500000000002
2024-05-14 08:00:00,98.98000000000002
2024-05-14 09:00:00,98.98000000000002
2024-05-14 10:00:00,98.97500000000002
2024-05-14 11:00:00,98.97500000000002
2024-05-14 12:00:00,98.98000000000002
2024-05-14 13:00:00,98.98000000000002
2024-05-14 14:00:00,98.97000000000001
2024-05-14 15:00:00,98.98000000000002
2024-05-14 16:00:00,98.97500000000002
2024-05-14 23:00:00,98.98000000000002
2024-05-15 06:30:00,98.98000000000002
2024-05-15 07:00:00,98.98000000000002
2024-05-15 08:00:00,98.99000000000002
2024-05-15 09:00:00,98.99000000000002
2024-05-15 10:00:00,98.99000000000002
2024-05-15 11:00:00,98.99500000000002
2024-05-15 12:00:00,99.00000000000001
2024-05-15 13:00:00,98.99000000000002
2024-05-15 14:00:00,99.00500000000002
2024-05-15 15:00:00,99.00000000000001
2024-05-15 16:00:00,99.00000000000001
2024-05-15 23:00:00,99.00000000000001
2024-05-16 06:30:00,99.00500000000002
2024-05-16 07:00:00,99.00500000000002
2024-05-16 08:00:00,99.00000000000001
2024-05-16 09:00:00,99.00000000000001
2024-05-16 10:00:00,99.00500000000002
2024-05-16 11:00:00,99.00000000000001
2024-05-16 12:00:00,98.99500000000002
2024-05-16 13:00:00,98.99500000000002
2024-05-16 14:00:00,98.99500000000002
2024-05-16 15:00:00,98.99500000000002
2024-05-16 16:00:00,98.99500000000002
2024-05-16 23:00:00,98.99500000000002
2024-05-17 06:30:00,98.99500000000002
2024-05-17 07:00:00,98.99000000000002
2024-05-17 08:00:00,98.99500000000002
2024-05-17 09:00:00,98.98500000000001
2024-05-17 10:00:00,98.98500000000001
2024-05-17 11:00:00,98.98000000000002
2024-05-17 12:00:00,98.98500000000001
2024-05-17 13:00:00,98.98500000000001
2024-05-17 14:00:00,98.99000000000002
2024-05-17 15:00:00,98.98000000000002
2024-05-17 16:00:00,98.97500000000002
2024-05-17 23:00:00,98.98000000000002
2024-05-20 23:00:00,98.98000000000002
2024-05-21 06:30:00,98.98500000000001
2024-05-21 07:00:00,98.98000000000002
2024-05-21 08:00:00,98.99000000000002
2024-05-21 09:00:00,98.98500000000001
2024-05-21 10:00:00,98.98000000000002
2024-05-21 11:00:00,98.97500000000002
2024-05-21 12:00:00,98.97500000000002
2024-05-21 13:00:00,98.97500000000002
2024-05-21 14:00:00,98.97000000000001
2024-05-21 15:00:00,98.97000000000001
2024-05-21 16:00:00,98.97000000000001
2024-05-21 23:00:00,98.97500000000002
2024-05-22 06:30:00,98.96500000000002
2024-05-22 07:00:00,98.96500000000002
2024-05-22 08:00:00,98.96500000000002
2024-05-22 09:00:00,98.97000000000001
2024-05-22 10:00:00,98.96500000000002
2024-05-22 11:00:00,98.96000000000002
2024-05-22 12:00:00,98.95500000000001
2024-05-22 13:00:00,98.95500000000001
2024-05-22 14:00:00,98.95500000000001
2024-05-22 15:00:00,98.95000000000002
2024-05-22 16:00:00,98.95000000000002
2024-05-22 23:00:00,98.95000000000002
2024-05-23 06:30:00,98.95000000000002
2024-05-23 07:00:00,98.94000000000001
2024-05-23 08:00:00,98.93500000000002
2024-05-23 09:00:00,98.94500000000002
2024-05-23 10:00:00,98.93500000000002
2024-05-23 11:00:00,98.93000000000002
2024-05-23 12:00:00,98.90500000000002
2024-05-23 13:00:00,98.91000000000001
2024-05-23 14:00:00,98.91000000000001
2024-05-23 15:00:00,98.91000000000001
2024-05-23 16:00:00,98.91000000000001
2024-05-23 23:00:00,98.90500000000002
2024-05-24 06:30:00,98.90500000000002
2024-05-24 07:00:00,98.91500000000002
2024-05-24 08:00:00,98.92000000000002
2024-05-24 09:00:00,98.91500000000002
2024-05-24 10:00:00,98.91000000000001
2024-05-24 11:00:00,98.90500000000002
2024-05-24 12:00:00,98.90000000000002
2024-05-24 13:00:00,98.90000000000002
2024-05-24 14:00:00,98.91000000000001
2024-05-24 15:00:00,98.91000000000001
2024-05-24 16:00:00,98.90500000000002
2024-05-24 23:00:00,98.91000000000001
2024-05-27 06:30:00,98.91000000000001
2024-05-27 07:00:00,98.90500000000002
2024-05-27 08:00:00,98.90500000000002
2024-05-27 09:00:00,98.90000000000002
2024-05-27 10:00:00,98.89500000000002
2024-05-27 11:00:00,98.90000000000002
2024-05-27 12:00:00,98.91000000000001
2024-05-27 13:00:00,98.92000000000002
2024-05-27 14:00:00,98.92000000000002
2024-05-27 15:00:00,98.91000000000001
2024-05-27 16:00:00,98.91500000000002
2024-05-27 23:00:00,98.91500000000002
2024-05-28 06:30:00,98.91000000000001
2024-05-28 07:00:00,98.90500000000002
2024-05-28 08:00:00,98.91000000000001
2024-05-28 09:00:00,98.90500000000002
2024-05-28 10:00:00,98.91000000000001
2024-05-28 11:00:00,98.92500000000001
2024-05-28 12:00:00,98.92500000000001
2024-05-28 13:00:00,98.91500000000002
2024-05-28 14:00:00,98.91500000000002
2024-05-28 15:00:00,98.91500000000002
2024-05-28 16:00:00,98.91500000000002
2024-05-28 23:00:00,98.91500000000002
2024-05-29 06:30:00,98.91000000000001
2024-05-29 07:00:00,98.89500000000002
2024-05-29 08:00:00,98.91500000000002
2024-05-29 09:00:00,98.89500000000002
2024-05-29 10:00:00,98.90000000000002
2024-05-29 11:00:00,98.88500000000002
2024-05-29 12:00:00,98.89000000000001
2024-05-29 13:00:00,98.89000000000001
2024-05-29 14:00:00,98.88500000000002
2024-05-29 15:00:00,98.88500000000002
2024-05-29 16:00:00,98.88000000000002
2024-05-29 23:00:00,98.89000000000001
2024-05-30 06:30:00,98.88500000000002
2024-05-30 07:00:00,98.89000000000001
2024-05-30 08:00:00,98.86500000000002
2024-05-30 09:00:00,98.84000000000002
2024-05-30 10:00:00,98.84000000000002
2024-05-30 11:00:00,98.83500000000002
2024-05-30 12:00:00,98.82000000000002
2024-05-30 13:00:00,98.81500000000001
2024-05-30 14:00:00,98.82000000000002
2024-05-30 15:00:00,98.82500000000002
2024-05-30 16:00:00,98.82500000000002
2024-05-30 23:00:00,98.82500000000002
2024-05-31 06:30:00,98.82500000000002
2024-05-31 07:00:00,98.81500000000001
2024-05-31 08:00:00,98.81500000000001
2024-05-31 09:00:00,98.82000000000002
2024-05-31 10:00:00,98.83000000000001
2024-05-31 11:00:00,98.83500000000002
2024-05-31 12:00:00,98.85000000000002
2024-05-31 13:00:00,98.86000000000001
2024-05-31 14:00:00,98.85000000000002
2024-05-31 15:00:00,98.85000000000002
2024-05-31 16:00:00,98.85500000000002
2024-05-31 23:00:00,98.84500000000001
2024-06-03 06:30:00,98.86000000000001
2024-06-03 07:00:00,98.86500000000001
2024-06-03 08:00:00,98.87
2024-06-03 09:00:00,98.86500000000001
2024-06-03 10:00:00,98.86500000000001
2024-06-03 11:00:00,98.885
2024-06-03 12:00:00,98.885
2024-06-03 13:00:00,98.885
2024-06-03 14:00:00,98.88000000000001
2024-06-03 15:00:00,98.87500000000001
2024-06-03 16:00:00,98.88000000000001
2024-06-03 23:00:00,98.88000000000001
2024-06-04 06:30:00,98.905
2024-06-04 07:00:00,98.92500000000001
2024-06-04 08:00:00,98.92
2024-06-04 09:00:00,98.905
2024-06-04 10:00:00,98.905
2024-06-04 11:00:00,98.89500000000001
2024-06-04 12:00:00,98.905
2024-06-04 13:00:00,98.91000000000001
2024-06-04 14:00:00,98.9
2024-06-04 15:00:00,98.89500000000001
2024-06-04 16:00:00,98.905
2024-06-04 23:00:00,98.905
2024-06-05 06:30:00,98.89500000000001
2024-06-05 07:00:00,98.9
2024-06-05 08:00:00,98.89000000000001
2024-06-05 09:00:00,98.885
2024-06-05 10:00:00,98.885
2024-06-05 11:00:00,98.89500000000001
2024-06-05 12:00:00,98.89500000000001
2024-06-05 13:00:00,98.915
2024-06-05 14:00:00,98.91000000000001
2024-06-05 15:00:00,98.91000000000001
2024-06-05 16:00:00,98.915
2024-06-05 23:00:00,98.915
2024-06-06 06:30:00,98.915
2024-06-06 07:00:00,98.915
2024-06-06 08:00:00,98.92
2024-06-06 09:00:00,98.92500000000001
2024-06-06 10:00:00,98.92500000000001
2024-06-06 11:00:00,98.92500000000001
2024-06-06 12:00:00,98.91000000000001
2024-06-06 13:00:00,98.92
2024-06-06 14:00:00,98.915
2024-06-06 15:00:00,98.92500000000001
2024-06-06 16:00:00,98.915
2024-06-06 23:00:00,98.92
2024-06-07 06:30:00,98.91000000000001
2024-06-07 07:00:00,98.915
2024-06-07 08:00:00,98.915
2024-06-07 09:00:00,98.91000000000001
2024-06-07 10:00:00,98.915
2024-06-07 11:00:00,98.92
2024-06-07 12:00:00,98.905
2024-06-07 13:00:00,98.9
2024-06-07 14:00:00,98.9
2024-06-07 15:00:00,98.9
2024-06-07 16:00:00,98.905
2024-06-07 23:00:00,98.9
2024-06-10 06:30:00,98.89500000000001
2024-06-10 07:00:00,98.9
2024-06-10 08:00:00,98.9
2024-06-10 09:00:00,98.89000000000001
2024-06-10 10:00:00,98.885
2024-06-10 11:00:00,98.87500000000001
2024-06-10 12:00:00,98.88000000000001
2024-06-10 13:00:00,98.885
2024-06-10 14:00:00,98.89500000000001
2024-06-10 15:00:00,98.9
2024-06-10 16:00:00,98.9
2024-06-10 23:00:00,98.9
2024-06-11 06:30:00,98.905
2024-06-11 07:00:00,98.915
2024-06-11 08:00:00,98.915
2024-06-11 09:00:00,98.915
2024-06-11 10:00:00,99.10000000000001
2024-06-11 11:00:00,98.93
2024-06-11 12:00:00,98.935
2024-06-11 13:00:00,98.935
2024-06-11 14:00:00,98.935
2024-06-11 15:00:00,98.935
2024-06-11 16:00:00,98.935
2024-06-11 23:00:00,98.935
2024-06-12 06:30:00,98.935
2024-06-12 07:00:00,98.94000000000001
2024-06-12 08:00:00,98.94500000000001
2024-06-12 09:00:00,98.935
2024-06-12 10:00:00,98.92500000000001
2024-06-12 11:00:00,98.92500000000001
2024-06-12 12:00:00,98.95
2024-06-12 13:00:00,98.965
2024-06-12 14:00:00,98.97500000000001
2024-06-12 15:00:00,98.97500000000001
2024-06-12 16:00:00,98.965
2024-06-12 23:00:00,98.98
2024-06-13 06:30:00,98.96000000000001
2024-06-13 07:00:00,98.96000000000001
2024-06-13 08:00:00,98.965
2024-06-13 09:00:00,98.98
2024-06-13 10:00:00,98.98
2024-06-13 11:00:00,98.98
2024-06-13 12:00:00,98.99000000000001
2024-06-13 13:00:00,98.98500000000001
2024-06-13 14:00:00,98.995
2024-06-13 15:00:00,99.01
2024-06-13 16:00:00,99.01500000000001
2024-06-13 23:00:00,99.00000000000001
2024-06-14 06:30:00,99.02000000000001
2024-06-14 07:00:00,99.03500000000001
2024-06-14 08:00:00,99.03500000000001
2024-06-14 09:00:00,99.045
2024-06-14 10:00:00,99.05000000000001
2024-06-14 11:00:00,99.05000000000001
2024-06-14 12:00:00,99.04
2024-06-14 13:00:00,99.04
2024-06-14 14:00:00,99.04
2024-06-14 15:00:00,99.025
2024-06-14 16:00:00,99.01
2024-06-14 23:00:00,99.04
2024-06-17 06:30:00,99.045
2024-06-17 07:00:00,99.045
2024-06-17 08:00:00,99.03500000000001
2024-06-17 09:00:00,99.04
2024-06-17 10:00:00,99.045
2024-06-17 11:00:00,99.03
2024-06-17 12:00:00,99.03
2024-06-17 13:00:00,99.025
2024-06-17 14:00:00,99.025
2024-06-17 15:00:00,99.02000000000001
2024-06-17 16:00:00,99.025
2024-06-17 23:00:00,99.03
2024-06-18 06:30:00,99.02000000000001
2024-06-18 07:00:00,99.01500000000001
2024-06-18 08:00:00,99.02000000000001
2024-06-18 09:00:00,99.02000000000001
2024-06-18 10:00:00,99.025
2024-06-18 11:00:00,99.02000000000001
2024-06-18 12:00:00,99.02000000000001
2024-06-18 13:00:00,99.02000000000001
2024-06-18 14:00:00,99.025
2024-06-18 15:00:00,99.025
2024-06-18 16:00:00,99.03500000000001
2024-06-18 23:00:00,99.02000000000001
2024-06-19 06:30:00,99.03
2024-06-19 07:00:00,99.02000000000001
2024-06-19 08:00:00,99.025
2024-06-19 09:00:00,99.025
2024-06-19 10:00:00,99.02000000000001
2024-06-19 11:00:00,99.01500000000001
2024-06-19 12:00:00,99.00500000000001
2024-06-19 13:00:00,99.00500000000001
2024-06-19 14:00:00,99.00500000000001
2024-06-19 15:00:00,99.01
2024-06-19 16:00:00,99.01500000000001
2024-06-19 23:00:00,99.01
2024-06-20 06:30:00,99.00000000000001
2024-06-20 07:00:00,99.075
2024-06-20 08:00:00,99.075
2024-06-20 09:00:00,99.08000000000001
2024-06-20 10:00:00,99.08000000000001
2024-06-20 11:00:00,99.09
2024-06-20 12:00:00,99.09
2024-06-20 13:00:00,99.09
2024-06-20 14:00:00,99.09
2024-06-20 15:00:00,99.105
2024-06-20 16:00:00,99.10000000000001
2024-06-20 23:00:00,99.10000000000001
2024-06-21 06:30:00,99.11500000000001
2024-06-21 07:00:00,99.14500000000001
2024-06-21 08:00:00,99.15
2024-06-21 09:00:00,99.16000000000001
2024-06-21 10:00:00,99.17500000000001
2024-06-21 11:00:00,99.16000000000001
2024-06-21 12:00:00,99.16000000000001
2024-06-21 13:00:00,99.15
2024-06-21 14:00:00,99.14500000000001
2024-06-21 15:00:00,99.15
2024-06-21 16:00:00,99.155
2024-06-21 23:00:00,99.14500000000001
2024-06-24 06:30:00,99.15
2024-06-24 07:00:00,99.155
2024-06-24 08:00:00,99.155
2024-06-24 09:00:00,99.155
2024-06-24 10:00:00,99.155
2024-06-24 11:00:00,99.16000000000001
2024-06-24 12:00:00,99.155
2024-06-24 13:00:00,99.15
2024-06-24 14:00:00,99.14500000000001
2024-06-24 15:00:00,99.14500000000001
2024-06-24 16:00:00,99.15
2024-06-24 23:00:00,99.14500000000001
2024-06-25 06:30:00,99.155
2024-06-25 07:00:00,99.16000000000001
2024-06-25 08:00:00,99.165
2024-06-25 09:00:00,99.17
2024-06-25 10:00:00,99.18
2024-06-25 11:00:00,99.18
2024-06-25 12:00:00,99.17500000000001
2024-06-25 13:00:00,99.17500000000001
2024-06-25 14:00:00,99.17
2024-06-25 15:00:00,99.17500000000001
2024-06-25 16:00:00,99.17500000000001
2024-06-25 23:00:00,99.17500000000001
2024-06-26 06:30:00,99.185
2024-06-26 07:00:00,99.18
2024-06-26 08:00:00,99.17500000000001
2024-06-26 09:00:00,99.185
2024-06-26 10:00:00,99.19000000000001
2024-06-26 11:00:00,99.185
2024-06-26 12:00:00,99.19000000000001
2024-06-26 13:00:00,99.185
2024-06-26 14:00:00,99.18
2024-06-26 15:00:00,99.18
2024-06-26 16:00:00,99.18
2024-06-26 23:00:00,99.18
2024-06-27 06:30:00,99.18
2024-06-27 07:00:00,99.19000000000001
2024-06-27 08:00:00,99.185
2024-06-27 09:00:00,99.19000000000001
2024-06-27 10:00:00,99.19000000000001
2024-06-27 11:00:00,99.185
2024-06-27 12:00:00,99.19000000000001
2024-06-27 13:00:00,99.19000000000001
2024-06-27 14:00:00,99.19500000000001
2024-06-27 15:00:00,99.19000000000001
2024-06-27 16:00:00,99.19500000000001
2024-06-27 23:00:00,99.19500000000001
2024-06-28 06:30:00,99.215
2024-06-28 07:00:00,99.22000000000001
2024-06-28 08:00:00,99.23
2024-06-28 09:00:00,99.23500000000001
2024-06-28 10:00:00,99.23500000000001
2024-06-28 11:00:00,99.23
2024-06-28 12:00:00,99.23500000000001
2024-06-28 13:00:00,99.22500000000001
2024-06-28 14:00:00,99.21000000000001
2024-06-28 15:00:00,99.21000000000001
2024-06-28 16:00:00,99.20500000000001
2024-06-28 23:00:00,99.21000000000001
2024-07-01 06:30:00,99.19000000000001
2024-07-01 07:00:00,99.19500000000001
2024-07-01 08:00:00,99.19500000000001
2024-07-01 09:00:00,99.20500000000001
2024-07-01 10:00:00,99.2
2024-07-01 11:00:00,99.2
2024-07-01 12:00:00,99.19000000000001
2024-07-01 13:00:00,99.18
2024-07-01 14:00:00,99.16000000000001
2024-07-01 15:00:00,99.16000000000001
2024-07-01 16:00:00,99.16000000000001
2024-07-01 23:00:00,99.165
2024-07-02 06:30:00,99.165
2024-07-02 07:00:00,99.165
2024-07-02 08:00:00,99.16000000000001
2024-07-02 09:00:00,99.14000000000001
2024-07-02 10:00:00,99.14500000000001
2024-07-02 11:00:00,99.14000000000001
2024-07-02 12:00:00,99.14000000000001
2024-07-02 13:00:00,99.15
2024-07-02 14:00:00,99.14000000000001
2024-07-02 15:00:00,99.14500000000001
2024-07-02 16:00:00,99.14500000000001
2024-07-02 23:00:00,99.14500000000001
2024-07-03 06:30:00,99.14000000000001
2024-07-03 07:00:00,99.135
2024-07-03 08:00:00,99.12
2024-07-03 09:00:00,99.12500000000001
2024-07-03 10:00:00,99.12
2024-07-03 11:00:00,99.13000000000001
2024-07-03 12:00:00,99.135
2024-07-03 13:00:00,99.13000000000001
2024-07-03 14:00:00,99.16000000000001
2024-07-03 15:00:00,99.15
2024-07-03 16:00:00,99.155
2024-07-03 23:00:00,99.165
2024-07-04 06:30:00,99.17500000000001
2024-07-04 07:00:00,99.165
2024-07-04 08:00:00,99.17
2024-07-04 09:00:00,99.16000000000001
2024-07-04 10:00:00,99.165
2024-07-04 11:00:00,99.165
2024-07-04 13:00:00,99.165
2024-07-04 14:00:00,99.165
2024-07-04 15:00:00,99.17
2024-07-04 16:00:00,99.17
2024-07-04 23:00:00,99.16000000000001
2024-07-05 06:30:00,99.18
2024-07-05 07:00:00,99.17500000000001
2024-07-05 08:00:00,99.18
2024-07-05 09:00:00,99.18
2024-07-05 10:00:00,99.18
2024-07-05 11:00:00,99.18
2024-07-05 12:00:00,99.185
2024-07-05 13:00:00,99.185
2024-07-05 14:00:00,99.19000000000001
2024-07-05 15:00:00,99.19000000000001
2024-07-05 16:00:00,99.19000000000001
2024-07-05 23:00:00,99.19000000000001
2024-07-08 06:30:00,99.185
2024-07-08 07:00:00,99.185
2024-07-08 08:00:00,99.185
2024-07-08 09:00:00,99.185
2024-07-08 10:00:00,99.185
2024-07-08 11:00:00,99.185
2024-07-08 12:00:00,99.19000000000001
2024-07-08 13:00:00,99.19500000000001
2024-07-08 14:00:00,99.18
2024-07-08 15:00:00,99.18
2024-07-08 16:00:00,99.18
2024-07-08 23:00:00,99.185
2024-07-09 06:30:00,99.185
2024-07-09 07:00:00,99.18
2024-07-09 08:00:00,99.185
2024-07-09 09:00:00,99.185
2024-07-09 10:00:00,99.19000000000001
2024-07-09 11:00:00,99.19000000000001
2024-07-09 12:00:00,99.185
2024-07-09 13:00:00,99.19000000000001
2024-07-09 14:00:00,99.18
2024-07-09 15:00:00,99.185
2024-07-09 16:00:00,99.19000000000001
2024-07-09 23:00:00,99.185
2024-07-10 06:30:00,99.19000000000001
2024-07-10 07:00:00,99.2
2024-07-10 08:00:00,99.20500000000001
2024-07-10 09:00:00,99.20500000000001
2024-07-10 10:00:00,99.20500000000001
2024-07-10 11:00:00,99.21000000000001
2024-07-10 12:00:00,99.20500000000001
2024-07-10 13:00:00,99.19500000000001
2024-07-10 14:00:00,99.2
2024-07-10 15:00:00,99.2
2024-07-10 16:00:00,99.2
2024-07-10 23:00:00,99.19500000000001
2024-07-11 06:30:00,99.19500000000001
2024-07-11 08:00:00,99.19000000000001
2024-07-11 09:00:00,99.20500000000001
2024-07-11 10:00:00,99.19500000000001
2024-07-11 11:00:00,99.2
2024-07-11 12:00:00,99.22000000000001
2024-07-11 13:00:00,99.22500000000001
2024-07-11 14:00:00,99.23500000000001
2024-07-11 15:00:00,99.23500000000001
2024-07-11 16:00:00,99.24000000000001
2024-07-11 23:00:00,99.23500000000001
2024-07-12 06:30:00,99.23
2024-07-12 07:00:00,99.22500000000001
2024-07-12 08:00:00,99.23500000000001
2024-07-12 09:00:00,99.23
2024-07-12 10:00:00,99.23500000000001
2024-07-12 11:00:00,99.23500000000001
2024-07-12 12:00:00,99.23500000000001
2024-07-12 13:00:00,99.24000000000001
2024-07-12 14:00:00,99.23500000000001
2024-07-12 15:00:00,99.245
2024-07-12 16:00:00,99.24000000000001
2024-07-12 23:00:00,99.23500000000001
2024-07-15 06:30:00,99.24000000000001
2024-07-15 07:00:00,99.245
2024-07-15 08:00:00,99.245
2024-07-15 09:00:00,99.245
2024-07-15 10:00:00,99.24000000000001
2024-07-15 11:00:00,99.245
2024-07-15 12:00:00,99.25500000000001
2024-07-15 13:00:00,99.25500000000001
2024-07-15 14:00:00,99.26
2024-07-15 15:00:00,99.26
2024-07-15 16:00:00,99.275
2024-07-15 23:00:00,99.26
2024-07-16 06:30:00,99.26500000000001
2024-07-16 07:00:00,99.27000000000001
2024-07-16 08:00:00,99.26
2024-07-16 09:00:00,99.275
2024-07-16 10:00:00,99.275
2024-07-16 11:00:00,99.28500000000001
2024-07-16 12:00:00,99.275
2024-07-16 13:00:00,99.28
2024-07-16 14:00:00,99.275
2024-07-16 15:00:00,99.28
2024-07-16 16:00:00,99.28500000000001
2024-07-16 23:00:00,99.28
2024-07-17 06:30:00,99.275
2024-07-17 07:00:00,99.275
2024-07-17 08:00:00,99.29
2024-07-17 09:00:00,99.28
2024-07-17 10:00:00,99.28
2024-07-17 11:00:00,99.28500000000001
2024-07-17 12:00:00,99.27000000000001
2024-07-17 13:00:00,99.28500000000001
2024-07-17 14:00:00,99.28
2024-07-17 15:00:00,99.275
2024-07-17 16:00:00,99.275
2024-07-17 23:00:00,99.275
2024-07-18 06:30:00,99.275
2024-07-18 07:00:00,99.26500000000001
2024-07-18 08:00:00,99.25500000000001
2024-07-18 09:00:00,99.245
2024-07-18 10:00:00,99.25000000000001
2024-07-18 11:00:00,99.24000000000001
2024-07-18 12:00:00,99.245
2024-07-18 13:00:00,99.25500000000001
2024-07-18 14:00:00,99.26500000000001
2024-07-18 15:00:00,99.25500000000001
2024-07-18 16:00:00,99.26
2024-07-18 23:00:00,99.26500000000001
2024-07-19 06:30:00,99.26
2024-07-19 07:00:00,99.26
2024-07-19 08:00:00,99.26500000000001
2024-07-19 09:00:00,99.26
2024-07-19 10:00:00,99.26500000000001
2024-07-19 11:00:00,99.26
2024-07-19 12:00:00,99.245
2024-07-19 13:00:00,99.23500000000001
2024-07-19 14:00:00,99.23500000000001
2024-07-19 15:00:00,99.24000000000001
2024-07-19 16:00:00,99.23
2024-07-19 23:00:00,99.24000000000001
2024-07-22 06:30:00,99.24000000000001
2024-07-22 07:00:00,99.245
2024-07-22 08:00:00,99.245
2024-07-22 09:00:00,99.24000000000001
2024-07-22 10:00:00,99.24000000000001
2024-07-22 11:00:00,99.245
2024-07-22 12:00:00,99.245
2024-07-22 13:00:00,99.245
2024-07-22 14:00:00,99.245
2024-07-22 15:00:00,99.245
2024-07-22 16:00:00,99.245
2024-07-22 23:00:00,99.245
2024-07-23 06:30:00,99.245
2024-07-23 07:00:00,99.26500000000001
2024-07-23 08:00:00,99.27000000000001
2024-07-23 09:00:00,99.275
2024-07-23 10:00:00,99.28500000000001
2024-07-23 11:00:00,99.28
2024-07-23 12:00:00,99.28500000000001
2024-07-23 13:00:00,99.28
2024-07-23 14:00:00,99.28500000000001
2024-07-23 15:00:00,99.28
2024-07-23 16:00:00,99.28500000000001
2024-07-23 23:00:00,99.28500000000001
2024-07-24 06:30:00,99.29
2024-07-24 07:00:00,99.31
2024-07-24 08:00:00,99.305
2024-07-24 09:00:00,99.30000000000001
2024-07-24 10:00:00,99.295
2024-07-24 11:00:00,99.29
2024-07-24 12:00:00,99.28500000000001
2024-07-24 13:00:00,99.275
2024-07-24 14:00:00,99.28500000000001
2024-07-24 15:00:00,99.295
2024-07-24 16:00:00,99.295
2024-07-24 23:00:00,99.295
2024-07-25 06:30:00,99.305
2024-07-25 07:00:00,99.32000000000001
2024-07-25 08:00:00,99.33000000000001
2024-07-25 09:00:00,99.34
2024-07-25 10:00:00,99.35000000000001
2024-07-25 11:00:00,99.34500000000001
2024-07-25 12:00:00,99.325
2024-07-25 13:00:00,99.34
2024-07-25 14:00:00,99.35000000000001
2024-07-25 15:00:00,99.35000000000001
2024-07-25 16:00:00,99.33500000000001
2024-07-25 23:00:00,99.34500000000001
2024-07-26 06:30:00,99.33500000000001
2024-07-26 07:00:00,99.34
2024-07-26 08:00:00,99.33000000000001
2024-07-26 09:00:00,99.33000000000001
2024-07-26 10:00:00,99.33000000000001
2024-07-26 11:00:00,99.33500000000001
2024-07-26 12:00:00,99.34
2024-07-26 13:00:00,99.34500000000001
2024-07-26 14:00:00,99.34500000000001
2024-07-26 15:00:00,99.33500000000001
2024-07-26 16:00:00,99.33500000000001
2024-07-26 23:00:00,99.34
2024-07-29 06:30:00,99.34500000000001
2024-07-29 07:00:00,99.35000000000001
2024-07-29 08:00:00,99.36500000000001
2024-07-29 09:00:00,99.35000000000001
2024-07-29 10:00:00,99.35000000000001
2024-07-29 11:00:00,99.33500000000001
2024-07-29 12:00:00,99.325
2024-07-29 13:00:00,99.31
2024-07-29 14:00:00,99.32000000000001
2024-07-29 15:00:00,99.325
2024-07-29 16:00:00,99.33000000000001
2024-07-29 23:00:00,99.32000000000001
2024-07-30 06:30:00,99.31500000000001
2024-07-30 07:00:00,99.305
2024-07-30 08:00:00,99.305
2024-07-30 09:00:00,99.30000000000001
2024-07-30 10:00:00,99.305
2024-07-30 11:00:00,99.30000000000001
2024-07-30 12:00:00,99.305
2024-07-30 13:00:00,99.32000000000001
2024-07-30 14:00:00,99.325
2024-07-30 15:00:00,99.33500000000001
2024-07-30 16:00:00,99.35000000000001
2024-07-30 23:00:00,99.33500000000001
2024-07-31 06:30:00,99.35000000000001
2024-07-31 07:00:00,99.36000000000001
2024-07-31 08:00:00,99.35000000000001
2024-07-31 09:00:00,99.355
2024-07-31 10:00:00,99.36000000000001
2024-07-31 11:00:00,99.355
2024-07-31 12:00:00,99.35000000000001
2024-07-31 13:00:00,99.355
2024-07-31 14:00:00,99.33500000000001
2024-07-31 15:00:00,99.34
2024-07-31 16:00:00,99.34
2024-07-31 23:00:00,99.34
2024-08-01 23:00:00,99.34
2024-08-02 06:30:00,99.42500000000001
2024-08-02 07:00:00,99.415
2024-08-02 08:00:00,99.4
2024-08-02 09:00:00,99.42
2024-08-02 10:00:00,99.42
2024-08-02 11:00:00,99.42
2024-08-02 12:00:00,99.46000000000001
2024-08-02 13:00:00,99.465
2024-08-02 14:00:00,99.465
2024-08-02 15:00:00,99.46000000000001
2024-08-02 16:00:00,99.44500000000001
2024-08-02 23:00:00,99.47000000000001
2024-08-05 06:30:00,99.53500000000001
2024-08-05 07:00:00,99.54
2024-08-05 08:00:00,99.55000000000001
2024-08-05 09:00:00,99.56
2024-08-05 10:00:00,99.58000000000001
2024-08-05 11:00:00,99.62
2024-08-05 12:00:00,99.605
2024-08-05 13:00:00,99.54
2024-08-05 14:00:00,99.525
2024-08-05 15:00:00,99.525
2024-08-05 16:00:00,99.51500000000001
2024-08-05 23:00:00,99.53
2024-08-06 06:30:00,99.45500000000001
2024-08-06 07:00:00,99.48500000000001
2024-08-06 08:00:00,99.48500000000001
2024-08-06 09:00:00,99.48
2024-08-06 10:00:00,99.48
2024-08-06 11:00:00,99.465
2024-08-06 12:00:00,99.48500000000001
2024-08-06 13:00:00,99.48500000000001
2024-08-06 14:00:00,99.465
2024-08-06 15:00:00,99.46000000000001
2024-08-06 16:00:00,99.44500000000001
2024-08-06 23:00:00,99.46000000000001
2024-08-07 06:30:00,99.44000000000001
2024-08-07 07:00:00,99.42
2024-08-07 08:00:00,99.415
2024-08-07 09:00:00,99.435
2024-08-07 10:00:00,99.42500000000001
2024-08-07 11:00:00,99.43
2024-08-07 12:00:00,99.44000000000001
2024-08-07 13:00:00,99.435
2024-08-07 14:00:00,99.44000000000001
2024-08-07 15:00:00,99.435
2024-08-07 16:00:00,99.44000000000001
2024-08-07 23:00:00,99.44000000000001
2024-08-08 06:30:00,99.45500000000001
2024-08-08 07:00:00,99.47500000000001
2024-08-08 08:00:00,99.47000000000001
2024-08-08 09:00:00,99.47000000000001
2024-08-08 10:00:00,99.48
2024-08-08 11:00:00,99.47500000000001
2024-08-08 12:00:00,99.45
2024-08-08 13:00:00,99.45
2024-08-08 14:00:00,99.44500000000001
2024-08-08 15:00:00,99.45
2024-08-08 16:00:00,99.45
2024-08-08 23:00:00,99.45
2024-08-09 06:30:00,99.45
2024-08-09 07:00:00,99.45
2024-08-09 08:00:00,99.44000000000001
2024-08-09 09:00:00,99.44000000000001
2024-08-09 10:00:00,99.45
2024-08-09 11:00:00,99.45
2024-08-09 12:00:00,99.45500000000001
2024-08-09 13:00:00,99.46000000000001
2024-08-09 14:00:00,99.46000000000001
2024-08-09 15:00:00,99.45500000000001
2024-08-09 16:00:00,99.44500000000001
2024-08-09 23:00:00,99.46000000000001
2024-08-12 06:30:00,99.45
2024-08-12 07:00:00,99.45500000000001
2024-08-12 08:00:00,99.45500000000001
2024-08-12 09:00:00,99.45500000000001
2024-08-12 10:00:00,99.465
2024-08-12 11:00:00,99.46000000000001
2024-08-12 12:00:00,99.46000000000001
2024-08-12 13:00:00,99.465
2024-08-12 14:00:00,99.47500000000001
2024-08-12 15:00:00,99.47500000000001
2024-08-12 16:00:00,99.47500000000001
2024-08-12 23:00:00,99.47500000000001
2024-08-13 06:30:00,99.49000000000001
2024-08-13 07:00:00,99.47500000000001
2024-08-13 08:00:00,99.47500000000001
2024-08-13 09:00:00,99.47000000000001
2024-08-13 10:00:00,99.47500000000001
2024-08-13 11:00:00,99.50000000000001
2024-08-13 12:00:00,99.495
2024-08-13 13:00:00,99.50000000000001
2024-08-13 14:00:00,99.495
2024-08-13 15:00:00,99.50500000000001
2024-08-13 16:00:00,99.51
2024-08-13 23:00:00,99.495
2024-08-14 06:30:00,99.50000000000001
2024-08-14 07:00:00,99.50000000000001
2024-08-14 08:00:00,99.495
2024-08-14 09:00:00,99.50000000000001
2024-08-14 10:00:00,99.51
2024-08-14 11:00:00,99.51
2024-08-14 12:00:00,99.495
2024-08-14 13:00:00,99.50000000000001
2024-08-14 14:00:00,99.50500000000001
2024-08-14 15:00:00,99.50000000000001
2024-08-14 16:00:00,99.50000000000001
2024-08-14 23:00:00,99.495
2024-08-15 06:30:00,99.48500000000001
2024-08-15 07:00:00,99.49000000000001
2024-08-15 08:00:00,99.49000000000001
2024-08-15 09:00:00,99.48500000000001
2024-08-15 10:00:00,99.495
2024-08-15 11:00:00,99.495
2024-08-15 12:00:00,99.45500000000001
2024-08-15 13:00:00,99.45
2024-08-15 14:00:00,99.44500000000001
2024-08-15 15:00:00,99.44000000000001
2024-08-15 16:00:00,99.44000000000001
2024-08-15 23:00:00,99.45
2024-08-16 06:30:00,99.435
2024-08-16 07:00:00,99.44000000000001
2024-08-16 08:00:00,99.44500000000001
2024-08-16 09:00:00,99.46000000000001
2024-08-16 10:00:00,99.46000000000001
2024-08-16 11:00:00,99.465
2024-08-16 12:00:00,99.465
2024-08-16 13:00:00,99.465
2024-08-16 14:00:00,99.47000000000001
2024-08-16 15:00:00,99.465
2024-08-16 16:00:00,99.465
2024-08-16 23:00:00,99.46000000000001
2024-08-19 06:30:00,99.48
2024-08-19 07:00:00,99.495
2024-08-19 08:00:00,99.495
2024-08-19 09:00:00,99.48500000000001
2024-08-19 10:00:00,99.49000000000001
2024-08-19 11:00:00,99.48500000000001
2024-08-19 12:00:00,99.49000000000001
2024-08-19 13:00:00,99.48500000000001
2024-08-19 14:00:00,99.49000000000001
2024-08-19 15:00:00,99.48500000000001
2024-08-19 16:00:00,99.49000000000001
2024-08-19 23:00:00,99.48500000000001
2024-08-20 06:30:00,99.495
2024-08-20 07:00:00,99.495
2024-08-20 08:00:00,99.50500000000001
2024-08-20 09:00:00,99.50500000000001
2024-08-20 10:00:00,99.50500000000001
2024-08-20 11:00:00,99.51
2024-08-20 12:00:00,99.51
2024-08-20 13:00:00,99.50500000000001
2024-08-20 14:00:00,99.50500000000001
2024-08-20 15:00:00,99.50500000000001
2024-08-20 16:00:00,99.51
2024-08-20 23:00:00,99.50500000000001
2024-08-21 06:30:00,99.50000000000001
2024-08-21 07:00:00,99.50000000000001
2024-08-21 08:00:00,99.50000000000001
2024-08-21 09:00:00,99.495
2024-08-21 10:00:00,99.49000000000001
2024-08-21 11:00:00,99.50000000000001
2024-08-21 12:00:00,99.50000000000001
2024-08-21 13:00:00,99.495
2024-08-21 14:00:00,99.50500000000001
2024-08-21 15:00:00,99.50000000000001
2024-08-21 16:00:00,99.50500000000001
2024-08-21 23:00:00,99.50000000000001
2024-08-22 06:30:00,99.51
2024-08-22 07:00:00,99.50500000000001
2024-08-22 08:00:00,99.49000000000001
2024-08-22 09:00:00,99.48500000000001
2024-08-22 10:00:00,99.49000000000001
2024-08-22 11:00:00,99.48500000000001
2024-08-22 12:00:00,99.49000000000001
2024-08-22 13:00:00,99.48500000000001
2024-08-22 14:00:00,99.48
2024-08-22 15:00:00,99.48500000000001
2024-08-22 16:00:00,99.48
2024-08-22 23:00:00,99.48500000000001
2024-08-23 06:30:00,99.49000000000001
2024-08-23 07:00:00,99.48500000000001
2024-08-23 08:00:00,99.48500000000001
2024-08-23 09:00:00,99.47500000000001
2024-08-23 10:00:00,99.48
2024-08-23 11:00:00,99.48
2024-08-23 12:00:00,99.48500000000001
2024-08-23 13:00:00,99.48500000000001
2024-08-23 14:00:00,99.495
2024-08-23 15:00:00,99.50000000000001
2024-08-23 16:00:00,99.50500000000001
2024-08-23 23:00:00,99.50000000000001
2024-08-26 06:30:00,99.50500000000001
2024-08-26 07:00:00,99.495
2024-08-26 08:00:00,99.495
2024-08-26 09:00:00,99.495
2024-08-26 10:00:00,99.495
2024-08-26 11:00:00,99.49000000000001
2024-08-26 12:00:00,99.50000000000001
2024-08-26 13:00:00,99.49000000000001
2024-08-26 14:00:00,99.495
2024-08-26 15:00:00,99.48
2024-08-26 16:00:00,99.47000000000001
2024-08-26 23:00:00,99.49000000000001
2024-08-27 06:30:00,99.47500000000001
2024-08-27 07:00:00,99.47500000000001
2024-08-27 08:00:00,99.46000000000001
2024-08-27 09:00:00,99.46000000000001
2024-08-27 10:00:00,99.45500000000001
2024-08-27 11:00:00,99.46000000000001
2024-08-27 12:00:00,99.45500000000001
2024-08-27 13:00:00,99.45500000000001
2024-08-27 14:00:00,99.47000000000001
2024-08-27 15:00:00,99.465
2024-08-27 16:00:00,99.48
2024-08-27 23:00:00,99.465
2024-08-28 06:30:00,99.465
2024-08-28 07:00:00,99.47000000000001
2024-08-28 08:00:00,99.48
2024-08-28 09:00:00,99.48500000000001
2024-08-28 10:00:00,99.48
2024-08-28 11:00:00,99.49000000000001
2024-08-28 12:00:00,99.49000000000001
2024-08-28 13:00:00,99.48500000000001
2024-08-28 14:00:00,99.50000000000001
2024-08-28 15:00:00,99.495
2024-08-28 16:00:00,99.50000000000001
2024-08-28 23:00:00,99.49000000000001
2024-08-29 06:30:00,99.495
2024-08-29 07:00:00,99.495
2024-08-29 08:00:00,99.51500000000001
2024-08-29 09:00:00,99.52000000000001
2024-08-29 10:00:00,99.51
2024-08-29 11:00:00,99.52000000000001
2024-08-29 12:00:00,99.50500000000001
2024-08-29 13:00:00,99.51500000000001
2024-08-29 14:00:00,99.51
2024-08-29 15:00:00,99.51
2024-08-29 16:00:00,99.51500000000001
2024-08-29 23:00:00,99.51
2024-08-30 06:30:00,99.51
2024-08-30 07:00:00,99.51500000000001
2024-08-30 08:00:00,99.52000000000001
2024-08-30 09:00:00,99.51500000000001
2024-08-30 10:00:00,99.51500000000001
2024-08-30 11:00:00,99.51
2024-08-30 12:00:00,99.50500000000001
2024-08-30 13:00:00,99.50500000000001
2024-08-30 14:00:00,99.51500000000001
2024-08-30 15:00:00,99.51500000000001
2024-08-30 16:00:00,99.51
2024-08-30 23:00:00,99.51
2024-09-02 06:30:00,99.50000000000001
2024-09-02 07:00:00,99.49000000000001
2024-09-02 08:00:00,99.48000000000002
2024-09-02 09:00:00,99.48500000000001
2024-09-02 10:00:00,99.48000000000002
2024-09-02 11:00:00,99.49000000000001
2024-09-02 12:00:00,99.48500000000001
2024-09-02 13:00:00,99.495
2024-09-02 14:00:00,99.49000000000001
2024-09-02 15:00:00,99.50000000000001
2024-09-02 16:00:00,99.50000000000001
2024-09-02 23:00:00,99.49000000000001
2024-09-03 06:30:00,99.50500000000001
2024-09-03 07:00:00,99.50000000000001
2024-09-03 08:00:00,99.49000000000001
2024-09-03 09:00:00,99.49000000000001
2024-09-03 10:00:00,99.49000000000001
2024-09-03 11:00:00,99.48500000000001
2024-09-03 12:00:00,99.49000000000001
2024-09-03 13:00:00,99.50500000000001
2024-09-03 14:00:00,99.52000000000001
2024-09-03 15:00:00,99.51
2024-09-03 16:00:00,99.52000000000001
2024-09-03 23:00:00,99.51500000000001
2024-09-04 06:30:00,99.51500000000001
2024-09-04 07:00:00,99.54
2024-09-04 08:00:00,99.54
2024-09-04 09:00:00,99.55000000000001
2024-09-04 10:00:00,99.54
2024-09-04 11:00:00,99.53000000000002
2024-09-04 12:00:00,99.53000000000002
2024-09-04 13:00:00,99.53000000000002
2024-09-04 14:00:00,99.54500000000002
2024-09-04 15:00:00,99.53000000000002
2024-09-04 16:00:00,99.52000000000001
2024-09-04 23:00:00,99.54
2024-09-05 06:30:00,99.53000000000002
2024-09-05 07:00:00,99.525
2024-09-05 08:00:00,99.54
2024-09-05 09:00:00,99.54
2024-09-05 10:00:00,99.525
2024-09-05 11:00:00,99.53500000000001
2024-09-05 12:00:00,99.555
2024-09-05 13:00:00,99.53500000000001
2024-09-05 14:00:00,99.53000000000002
2024-09-05 15:00:00,99.53000000000002
2024-09-05 16:00:00,99.53500000000001
2024-09-05 23:00:00,99.525
2024-09-06 06:30:00,99.54
2024-09-06 07:00:00,99.53000000000002
2024-09-06 08:00:00,99.53000000000002
2024-09-06 09:00:00,99.53500000000001
2024-09-06 10:00:00,99.53500000000001
2024-09-06 11:00:00,99.53000000000002
2024-09-06 12:00:00,99.53000000000002
2024-09-06 13:00:00,99.51
2024-09-06 14:00:00,99.54
2024-09-06 15:00:00,99.52000000000001
2024-09-06 16:00:00,99.51500000000001
2024-09-06 23:00:00,99.53000000000002
2024-09-09 06:30:00,99.51500000000001
2024-09-09 07:00:00,99.51
2024-09-09 08:00:00,99.495
2024-09-09 09:00:00,99.50000000000001
2024-09-09 10:00:00,99.50500000000001
2024-09-09 11:00:00,99.51
2024-09-09 12:00:00,99.50500000000001
2024-09-09 13:00:00,99.51500000000001
2024-09-09 14:00:00,99.51
2024-09-09 15:00:00,99.52000000000001
2024-09-09 16:00:00,99.52000000000001
2024-09-09 23:00:00,99.51500000000001
2024-09-10 06:30:00,99.52000000000001
2024-09-10 07:00:00,99.51500000000001
2024-09-10 08:00:00,99.51500000000001
2024-09-10 09:00:00,99.525
2024-09-10 10:00:00,99.53000000000002
2024-09-10 11:00:00,99.53000000000002
2024-09-10 12:00:00,99.53000000000002
2024-09-10 13:00:00,99.525
2024-09-10 14:00:00,99.54
2024-09-10 15:00:00,99.54
2024-09-10 16:00:00,99.55000000000001
2024-09-10 23:00:00,99.53500000000001
2024-09-11 06:30:00,99.55000000000001
2024-09-11 07:00:00,99.59000000000002
2024-09-11 08:00:00,99.57500000000002
2024-09-11 09:00:00,99.57000000000001
2024-09-11 10:00:00,99.56000000000002
2024-09-11 11:00:00,99.57500000000002
2024-09-11 12:00:00,99.555
2024-09-11 13:00:00,99.56500000000001
2024-09-11 14:00:00,99.58000000000001
2024-09-11 15:00:00,99.58000000000001
2024-09-11 16:00:00,99.59500000000001
2024-09-11 23:00:00,99.57500000000002
2024-09-12 06:30:00,99.58500000000001
2024-09-12 07:00:00,99.58000000000001
2024-09-12 08:00:00,99.56500000000001
2024-09-12 09:00:00,99.57500000000002
2024-09-12 10:00:00,99.56500000000001
2024-09-12 11:00:00,99.57500000000002
2024-09-12 12:00:00,99.57500000000002
2024-09-12 13:00:00,99.56000000000002
2024-09-12 14:00:00,99.55000000000001
2024-09-12 15:00:00,99.55000000000001
2024-09-12 16:00:00,99.54
2024-09-12 23:00:00,99.55000000000001
2024-09-13 06:30:00,99.55000000000001
2024-09-13 07:00:00,99.555
2024-09-13 08:00:00,99.57000000000001
2024-09-13 09:00:00,99.555
2024-09-13 10:00:00,99.55000000000001
2024-09-13 11:00:00,99.55000000000001
2024-09-13 12:00:00,99.56500000000001
2024-09-13 13:00:00,99.57000000000001
2024-09-13 14:00:00,99.56000000000002
2024-09-13 15:00:00,99.56000000000002
2024-09-13 16:00:00,99.57000000000001
2024-09-13 23:00:00,99.56500000000001
2024-09-16 06:30:00,99.57500000000002
2024-09-16 07:00:00,99.57500000000002
2024-09-16 08:00:00,99.57000000000001
2024-09-16 09:00:00,99.57000000000001
2024-09-16 10:00:00,99.57500000000002
2024-09-16 11:00:00,99.58000000000001
2024-09-16 12:00:00,99.58000000000001
2024-09-16 13:00:00,99.57500000000002
2024-09-16 14:00:00,99.58000000000001
2024-09-16 15:00:00,99.57500000000002
2024-09-16 16:00:00,99.57500000000002
2024-09-16 23:00:00,99.57500000000002
2024-09-17 06:30:00,99.58000000000001
2024-09-17 07:00:00,99.57500000000002
2024-09-17 08:00:00,99.57500000000002
2024-09-17 09:00:00,99.58000000000001
2024-09-17 10:00:00,99.59000000000002
2024-09-17 11:00:00,99.58500000000001
2024-09-17 12:00:00,99.57500000000002
2024-09-17 13:00:00,99.57000000000001
2024-09-17 14:00:00,99.57000000000001
2024-09-17 15:00:00,99.57000000000001
2024-09-17 16:00:00,99.56500000000001
2024-09-17 23:00:00,99.57000000000001
2024-09-18 06:30:00,99.57000000000001
2024-09-18 07:00:00,99.56000000000002
2024-09-18 08:00:00,99.54500000000002
2024-09-18 09:00:00,99.53500000000001
2024-09-18 10:00:00,99.53500000000001
2024-09-18 11:00:00,99.53500000000001
2024-09-18 12:00:00,99.525
2024-09-18 13:00:00,99.525
2024-09-18 14:00:00,99.525
2024-09-18 15:00:00,99.525
2024-09-18 16:00:00,99.51500000000001
2024-09-18 23:00:00,99.53000000000002
2024-09-19 06:30:00,99.53500000000001
2024-09-19 07:00:00,99.53000000000002
2024-09-19 08:00:00,99.525
2024-09-19 09:00:00,99.51500000000001
2024-09-19 10:00:00,99.51
2024-09-19 11:00:00,99.51500000000001
2024-09-19 12:00:00,99.50500000000001
2024-09-19 13:00:00,99.50000000000001
2024-09-19 14:00:00,99.51500000000001
2024-09-19 15:00:00,99.50500000000001
2024-09-19 16:00:00,99.50000000000001
2024-09-19 23:00:00,99.51500000000001
2024-09-20 06:30:00,99.50500000000001
2024-09-20 07:00:00,99.51500000000001
2024-09-20 08:00:00,99.525
2024-09-20 09:00:00,99.50000000000001
2024-09-20 10:00:00,99.495
2024-09-20 11:00:00,99.50500000000001
2024-09-20 12:00:00,99.495
2024-09-20 13:00:00,99.48500000000001
2024-09-20 14:00:00,99.48500000000001
2024-09-20 15:00:00,99.50000000000001
2024-09-20 16:00:00,99.495
2024-09-20 23:00:00,99.48500000000001
2024-09-23 06:30:00,99.48000000000002
2024-09-23 07:00:00,99.50000000000001
2024-09-23 08:00:00,99.51500000000001
2024-09-23 09:00:00,99.525
2024-09-23 10:00:00,99.53000000000002
2024-09-23 11:00:00,99.525
2024-09-23 12:00:00,99.53500000000001
2024-09-23 13:00:00,99.53000000000002
2024-09-23 14:00:00,99.54
2024-09-23 15:00:00,99.55000000000001
2024-09-23 16:00:00,99.555
2024-09-23 23:00:00,99.54
2024-09-24 06:30:00,99.555
2024-09-24 07:00:00,99.555
2024-09-24 08:00:00,99.56000000000002
2024-09-24 09:00:00,99.57000000000001
2024-09-24 10:00:00,99.57500000000002
2024-09-24 11:00:00,99.56500000000001
2024-09-24 12:00:00,99.58000000000001
2024-09-24 13:00:00,99.58500000000001
2024-09-24 14:00:00,99.59500000000001
2024-09-24 15:00:00,99.59000000000002
2024-09-24 16:00:00,99.58500000000001
2024-09-24 23:00:00,99.60000000000001
2024-09-25 06:30:00,99.59500000000001
2024-09-25 07:00:00,99.61000000000001
2024-09-25 08:00:00,99.61000000000001
2024-09-25 09:00:00,99.60000000000001
2024-09-25 10:00:00,99.60500000000002
2024-09-25 11:00:00,99.60500000000002
2024-09-25 12:00:00,99.62
2024-09-25 13:00:00,99.61500000000001
2024-09-25 14:00:00,99.61000000000001
2024-09-25 15:00:00,99.61500000000001
2024-09-25 16:00:00,99.60500000000002
2024-09-25 23:00:00,99.60500000000002
2024-09-26 06:30:00,99.62500000000001
2024-09-26 07:00:00,99.63000000000001
2024-09-26 08:00:00,99.68500000000002
2024-09-26 09:00:00,99.69000000000001
2024-09-26 10:00:00,99.68500000000002
2024-09-26 11:00:00,99.69000000000001
2024-09-26 12:00:00,99.69000000000001
2024-09-26 13:00:00,99.70000000000002
2024-09-26 14:00:00,99.68500000000002
2024-09-26 15:00:00,99.68
2024-09-26 16:00:00,99.67000000000002
2024-09-26 23:00:00,99.68500000000002
2024-09-27 06:30:00,99.69500000000001
2024-09-27 07:00:00,99.71500000000002
2024-09-27 08:00:00,99.72000000000001
2024-09-27 09:00:00,99.69500000000001
2024-09-27 10:00:00,99.69500000000001
2024-09-27 11:00:00,99.69500000000001
2024-09-27 12:00:00,99.70000000000002
2024-09-27 13:00:00,99.70000000000002
2024-09-27 14:00:00,99.69000000000001
2024-09-27 15:00:00,99.70000000000002
2024-09-27 16:00:00,99.69000000000001
2024-09-27 23:00:00,99.69500000000001
2024-09-30 06:30:00,99.69500000000001
2024-09-30 07:00:00,99.69500000000001
2024-09-30 08:00:00,99.69000000000001
2024-09-30 09:00:00,99.69000000000001
2024-09-30 10:00:00,99.69000000000001
2024-09-30 11:00:00,99.69000000000001
2024-09-30 12:00:00,99.68
2024-09-30 13:00:00,99.70000000000002
2024-09-30 14:00:00,99.68500000000002
2024-09-30 15:00:00,99.69500000000001
2024-09-30 16:00:00,99.69000000000001
2024-09-30 23:00:00,99.69500000000001
2024-10-01 06:30:00,99.69000000000001
2024-10-01 07:00:00,99.69500000000001
2024-10-01 08:00:00,99.70000000000002
2024-10-01 09:00:00,99.70000000000002
2024-10-01 10:00:00,99.70000000000002
2024-10-01 11:00:00,99.70000000000002
2024-10-01 12:00:00,99.70000000000002
2024-10-01 13:00:00,99.71000000000001
2024-10-01 14:00:00,99.70500000000001
2024-10-01 15:00:00,99.70500000000001
2024-10-01 16:00:00,99.72500000000001
2024-10-01 23:00:00,99.70500000000001
2024-10-02 06:30:00,99.71500000000002
2024-10-02 07:00:00,99.71500000000002
2024-10-02 08:00:00,99.71500000000002
2024-10-02 09:00:00,99.71000000000001
2024-10-02 10:00:00,99.70500000000001
2024-10-02 11:00:00,99.70500000000001
2024-10-02 12:00:00,99.70000000000002
2024-10-02 13:00:00,99.69000000000001
2024-10-02 14:00:00,99.69000000000001
2024-10-02 15:00:00,99.69500000000001
2024-10-02 16:00:00,99.69500000000001
2024-10-02 23:00:00,99.69000000000001
2024-10-03 06:30:00,99.73000000000002
2024-10-03 07:00:00,99.72500000000001
2024-10-03 08:00:00,99.71500000000002
2024-10-03 09:00:00,99.71000000000001
2024-10-03 10:00:00,99.70000000000002
2024-10-03 11:00:00,99.71000000000001
2024-10-03 12:00:00,99.71500000000002
2024-10-03 13:00:00,99.72000000000001
2024-10-03 14:00:00,99.72000000000001
2024-10-03 15:00:00,99.72000000000001
2024-10-03 16:00:00,99.71500000000002
2024-10-03 23:00:00,99.72500000000001
2024-10-04 06:30:00,99.71500000000002
2024-10-04 07:00:00,99.71000000000001
2024-10-04 08:00:00,99.71000000000001
2024-10-04 09:00:00,99.71000000000001
2024-10-04 10:00:00,99.70500000000001
2024-10-04 11:00:00,99.70000000000002
2024-10-04 12:00:00,99.67500000000001
2024-10-04 13:00:00,99.69000000000001
2024-10-04 14:00:00,99.67000000000002
2024-10-04 15:00:00,99.67500000000001
2024-10-04 16:00:00,99.67500000000001
2024-10-04 23:00:00,99.67000000000002
2024-10-07 06:30:00,99.65500000000002
2024-10-07 07:00:00,99.66000000000001
2024-10-07 08:00:00,99.66000000000001
2024-10-07 09:00:00,99.665
2024-10-07 10:00:00,99.65500000000002
2024-10-07 11:00:00,99.665
2024-10-07 12:00:00,99.65500000000002
2024-10-07 13:00:00,99.665
2024-10-07 14:00:00,99.66000000000001
2024-10-07 15:00:00,99.66000000000001
2024-10-07 16:00:00,99.66000000000001
2024-10-07 23:00:00,99.66000000000001
2024-10-08 06:30:00,99.65500000000002
2024-10-08 07:00:00,99.665
2024-10-08 08:00:00,99.665
2024-10-08 09:00:00,99.65500000000002
2024-10-08 10:00:00,99.64500000000001
2024-10-08 11:00:00,99.65500000000002
2024-10-08 12:00:00,99.64500000000001
2024-10-08 13:00:00,99.65
2024-10-08 14:00:00,99.64500000000001
2024-10-08 15:00:00,99.64500000000001
2024-10-08 16:00:00,99.64500000000001
2024-10-08 23:00:00,99.64500000000001
2024-10-09 06:30:00,99.65500000000002
2024-10-09 07:00:00,99.65500000000002
2024-10-09 08:00:00,99.65500000000002
2024-10-09 09:00:00,99.65
2024-10-09 10:00:00,99.65500000000002
2024-10-09 11:00:00,99.65
2024-10-09 12:00:00,99.65500000000002
2024-10-09 13:00:00,99.64500000000001
2024-10-09 14:00:00,99.64500000000001
2024-10-09 15:00:00,99.64000000000001
2024-10-09 16:00:00,99.63000000000001
2024-10-09 23:00:00,99.64000000000001
2024-10-10 06:30:00,99.62500000000001
2024-10-10 07:00:00,99.63000000000001
2024-10-10 08:00:00,99.61500000000001
2024-10-10 09:00:00,99.61000000000001
2024-10-10 10:00:00,99.60000000000001
2024-10-10 11:00:00,99.60500000000002
2024-10-10 12:00:00,99.635
2024-10-10 13:00:00,99.635
2024-10-10 14:00:00,99.635
2024-10-10 15:00:00,99.635
2024-10-10 16:00:00,99.65
2024-10-10 23:00:00,99.62500000000001
2024-10-11 06:30:00,99.65500000000002
2024-10-11 07:00:00,99.635
2024-10-11 08:00:00,99.635
2024-10-11 09:00:00,99.635
2024-10-11 10:00:00,99.635
2024-10-11 11:00:00,99.62500000000001
2024-10-11 12:00:00,99.63000000000001
2024-10-11 13:00:00,99.64000000000001
2024-10-11 14:00:00,99.64500000000001
2024-10-11 15:00:00,99.665
2024-10-11 16:00:00,99.67500000000001
2024-10-11 23:00:00,99.64500000000001
2024-10-14 06:30:00,99.67500000000001
2024-10-14 07:00:00,99.68
2024-10-14 08:00:00,99.68
2024-10-14 09:00:00,99.68
2024-10-14 10:00:00,99.68
2024-10-14 11:00:00,99.68
2024-10-14 12:00:00,99.67500000000001
2024-10-14 13:00:00,99.67500000000001
2024-10-14 14:00:00,99.68500000000002
2024-10-14 15:00:00,99.68500000000002
2024-10-14 16:00:00,99.68500000000002
2024-10-14 23:00:00,99.68
2024-10-15 06:30:00,99.69500000000001
2024-10-15 07:00:00,99.70000000000002
2024-10-15 08:00:00,99.70000000000002
2024-10-15 09:00:00,99.70000000000002
2024-10-15 10:00:00,99.70500000000001
2024-10-15 11:00:00,99.70500000000001
2024-10-15 12:00:00,99.71500000000002
2024-10-15 13:00:00,99.71500000000002
2024-10-15 14:00:00,99.72500000000001
2024-10-15 15:00:00,99.73500000000001
2024-10-15 16:00:00,99.73000000000002
2024-10-15 23:00:00,99.72500000000001
2024-10-16 06:30:00,99.75000000000001
2024-10-16 07:00:00,99.74000000000001
2024-10-16 08:00:00,99.74000000000001
2024-10-16 09:00:00,99.745
2024-10-16 10:00:00,99.75000000000001
2024-10-16 11:00:00,99.76500000000001
2024-10-16 12:00:00,99.76
2024-10-16 13:00:00,99.77000000000001
2024-10-16 14:00:00,99.76500000000001
2024-10-16 15:00:00,99.76
2024-10-16 16:00:00,99.76500000000001
2024-10-16 23:00:00,99.76
2024-10-17 06:30:00,99.76
2024-10-17 07:00:00,99.745
2024-10-17 08:00:00,99.75000000000001
2024-10-17 09:00:00,99.75500000000001
2024-10-17 10:00:00,99.76
2024-10-17 11:00:00,99.75500000000001
2024-10-17 12:00:00,99.76
2024-10-17 13:00:00,99.775
2024-10-17 14:00:00,99.79
2024-10-17 15:00:00,99.79500000000002
2024-10-17 16:00:00,99.805
2024-10-17 23:00:00,99.78000000000002
2024-10-18 06:30:00,99.79500000000002
2024-10-18 07:00:00,99.805
2024-10-18 08:00:00,99.80000000000001
2024-10-18 09:00:00,99.805
2024-10-18 10:00:00,99.805
2024-10-18 11:00:00,99.81000000000002
2024-10-18 12:00:00,99.81500000000001
2024-10-18 13:00:00,99.82500000000002
2024-10-18 14:00:00,99.83000000000001
2024-10-18 15:00:00,99.83000000000001
2024-10-18 16:00:00,99.83500000000001
2024-10-18 23:00:00,99.82500000000002
2024-10-21 06:30:00,99.81000000000002
2024-10-21 07:00:00,99.81000000000002
2024-10-21 08:00:00,99.81000000000002
2024-10-21 09:00:00,99.81500000000001
2024-10-21 10:00:00,99.805
2024-10-21 11:00:00,99.805
2024-10-21 12:00:00,99.805
2024-10-21 13:00:00,99.79500000000002
2024-10-21 14:00:00,99.80000000000001
2024-10-21 15:00:00,99.79500000000002
2024-10-21 16:00:00,99.78500000000001
2024-10-21 23:00:00,99.79
2024-10-22 06:30:00,99.79500000000002
2024-10-22 07:00:00,99.78500000000001
2024-10-22 08:00:00,99.78000000000002
2024-10-22 09:00:00,99.78000000000002
2024-10-22 10:00:00,99.775
2024-10-22 11:00:00,99.775
2024-10-22 12:00:00,99.77000000000001
2024-10-22 13:00:00,99.76500000000001
2024-10-22 14:00:00,99.76500000000001
2024-10-22 15:00:00,99.76500000000001
2024-10-22 16:00:00,99.775
2024-10-22 23:00:00,99.76500000000001
2024-10-23 06:30:00,99.79500000000002
2024-10-23 07:00:00,99.79
2024-10-23 08:00:00,99.79500000000002
2024-10-23 09:00:00,99.79500000000002
2024-10-23 10:00:00,99.79500000000002
2024-10-23 11:00:00,99.79
2024-10-23 12:00:00,99.78000000000002
2024-10-23 13:00:00,99.78000000000002
2024-10-23 14:00:00,99.78500000000001
2024-10-23 15:00:00,99.78000000000002
2024-10-23 16:00:00,99.78000000000002
2024-10-23 23:00:00,99.78000000000002
2024-10-24 06:30:00,99.79
2024-10-24 07:00:00,99.80000000000001
2024-10-24 08:00:00,99.805
2024-10-24 09:00:00,99.80000000000001
2024-10-24 10:00:00,99.805
2024-10-24 11:00:00,99.80000000000001
2024-10-24 12:00:00,99.80000000000001
2024-10-24 13:00:00,99.805
2024-10-24 14:00:00,99.805
2024-10-24 15:00:00,99.805
2024-10-24 16:00:00,99.79500000000002
2024-10-24 23:00:00,99.81500000000001
2024-10-25 06:30:00,99.78500000000001
2024-10-25 07:00:00,99.80000000000001
2024-10-25 08:00:00,99.805
2024-10-25 09:00:00,99.805
2024-10-25 10:00:00,99.80000000000001
2024-10-25 11:00:00,99.81500000000001
2024-10-25 12:00:00,99.81500000000001
2024-10-25 13:00:00,99.82000000000001
2024-10-25 14:00:00,99.83000000000001
2024-10-25 15:00:00,99.83000000000001
2024-10-25 16:00:00,99.82000000000001
2024-10-25 23:00:00,99.82500000000002
2024-10-28 07:30:00,99.805
2024-10-28 08:00:00,99.81500000000001
2024-10-28 09:00:00,99.82000000000001
2024-10-28 10:00:00,99.83000000000001
2024-10-28 11:00:00,99.83000000000001
2024-10-28 12:00:00,99.84000000000002
2024-10-28 13:00:00,99.84000000000002
2024-10-28 14:00:00,99.83500000000001
2024-10-28 15:00:00,99.83500000000001
2024-10-28 16:00:00,99.83500000000001
2024-10-28 17:00:00,99.83000000000001
2024-10-28 23:00:00,99.83000000000001
2024-10-29 07:30:00,99.83000000000001
2024-10-29 08:00:00,99.81000000000002
2024-10-29 09:00:00,99.80000000000001
2024-10-29 10:00:00,99.805
2024-10-29 11:00:00,99.805
2024-10-29 12:00:00,99.805
2024-10-29 13:00:00,99.81000000000002
2024-10-29 14:00:00,99.81000000000002
2024-10-29 15:00:00,99.805
2024-10-29 16:00:00,99.805
2024-10-29 17:00:00,99.805
2024-10-29 23:00:00,99.805
2024-10-30 07:30:00,99.83000000000001
2024-10-30 08:00:00,99.86000000000001
2024-10-30 09:00:00,99.83000000000001
2024-10-30 10:00:00,99.83500000000001
2024-10-30 11:00:00,99.83500000000001
2024-10-30 12:00:00,99.82500000000002
2024-10-30 13:00:00,99.83000000000001
2024-10-30 14:00:00,99.81000000000002
2024-10-30 15:00:00,99.79500000000002
2024-10-30 16:00:00,99.79
2024-10-30 17:00:00,99.78500000000001
2024-10-30 23:00:00,99.79500000000002
2024-10-31 07:30:00,99.78500000000001
2024-10-31 08:00:00,99.79
2024-10-31 09:00:00,99.79
2024-10-31 10:00:00,99.79500000000002
2024-10-31 11:00:00,99.79
2024-10-31 12:00:00,99.78000000000002
2024-10-31 13:00:00,99.76
2024-10-31 14:00:00,99.76500000000001
2024-10-31 15:00:00,99.78000000000002
2024-10-31 16:00:00,99.80000000000001
2024-10-31 17:00:00,99.80000000000001
2024-10-31 23:00:00,99.79
2024-11-01 07:30:00,99.83000000000001
2024-11-01 08:00:00,99.84500000000001
2024-11-01 09:00:00,99.83000000000001
2024-11-01 10:00:00,99.83500000000001
2024-11-01 11:00:00,99.83500000000001
2024-11-01 12:00:00,99.85000000000001
2024-11-01 13:00:00,99.84000000000002
2024-11-01 14:00:00,99.83500000000001
2024-11-01 15:00:00,99.84500000000001
2024-11-01 16:00:00,99.84500000000001
2024-11-01 17:00:00,99.84500000000001
2024-11-01 23:00:00,99.84000000000002
2024-11-04 07:30:00,99.84000000000002
2024-11-04 08:00:00,99.84500000000001
2024-11-04 09:00:00,99.85000000000001
2024-11-04 10:00:00,99.85000000000001
2024-11-04 11:00:00,99.85500000000002
2024-11-04 12:00:00,99.84000000000002
2024-11-04 13:00:00,99.84500000000001
2024-11-04 14:00:00,99.84000000000002
2024-11-04 15:00:00,99.83500000000001
2024-11-04 16:00:00,99.84000000000002
2024-11-04 17:00:00,99.83500000000001
2024-11-04 23:00:00,99.84000000000002
2024-11-05 07:30:00,99.83000000000001
2024-11-05 08:00:00,99.83000000000001
2024-11-05 09:00:00,99.82500000000002
2024-11-05 10:00:00,99.82500000000002
2024-11-05 11:00:00,99.83000000000001
2024-11-05 12:00:00,99.82000000000001
2024-11-05 13:00:00,99.82500000000002
2024-11-05 14:00:00,99.81500000000001
2024-11-05 15:00:00,99.79
2024-11-05 16:00:00,99.77000000000001
2024-11-05 17:00:00,99.79
2024-11-05 23:00:00,99.775
2024-11-06 07:30:00,99.85000000000001
2024-11-06 08:00:00,99.84500000000001
2024-11-06 09:00:00,99.84500000000001
2024-11-06 10:00:00,99.85000000000001
2024-11-06 11:00:00,99.85500000000002
2024-11-06 12:00:00,99.85500000000002
2024-11-06 13:00:00,99.85000000000001
2024-11-06 14:00:00,99.84000000000002
2024-11-06 15:00:00,99.85500000000002
2024-11-06 16:00:00,99.86000000000001
2024-11-06 17:00:00,99.86500000000001
2024-11-06 23:00:00,99.85500000000002
2024-11-07 07:30:00,99.88000000000001
2024-11-07 08:00:00,99.885
2024-11-07 09:00:00,99.87
2024-11-07 10:00:00,99.86500000000001
2024-11-07 11:00:00,99.86000000000001
2024-11-07 12:00:00,99.85000000000001
2024-11-07 13:00:00,99.85500000000002
2024-11-07 14:00:00,99.85500000000002
2024-11-07 15:00:00,99.85500000000002
2024-11-07 16:00:00,99.84000000000002
2024-11-07 17:00:00,99.83500000000001
2024-11-07 23:00:00,99.85000000000001
2024-11-08 07:30:00,99.84500000000001
2024-11-08 08:00:00,99.85500000000002
2024-11-08 09:00:00,99.85000000000001
2024-11-08 10:00:00,99.84500000000001
2024-11-08 11:00:00,99.84000000000002
2024-11-08 12:00:00,99.84500000000001
2024-11-08 13:00:00,99.84000000000002
2024-11-08 14:00:00,99.84500000000001
2024-11-08 15:00:00,99.85000000000001
2024-11-08 16:00:00,99.84500000000001
2024-11-08 17:00:00,99.87
2024-11-08 23:00:00,99.85000000000001
2024-11-11 07:30:00,99.86000000000001
2024-11-11 08:00:00,99.86500000000001
2024-11-11 09:00:00,99.87
2024-11-11 10:00:00,99.87500000000001
2024-11-11 11:00:00,99.87500000000001
2024-11-11 12:00:00,99.88000000000001
2024-11-11 13:00:00,99.87500000000001
2024-11-11 14:00:00,99.87500000000001
2024-11-11 15:00:00,99.88000000000001
2024-11-11 16:00:00,99.885
2024-11-11 17:00:00,99.88000000000001
2024-11-11 23:00:00,99.885
2024-11-12 07:30:00,99.86500000000001
2024-11-12 08:00:00,99.86500000000001
2024-11-12 09:00:00,99.87500000000001
2024-11-12 10:00:00,99.88000000000001
2024-11-12 11:00:00,99.885
2024-11-12 12:00:00,99.87500000000001
2024-11-12 13:00:00,99.87500000000001
2024-11-12 14:00:00,99.87500000000001
2024-11-12 15:00:00,99.87500000000001
2024-11-12 16:00:00,99.85500000000002
2024-11-12 17:00:00,99.85000000000001
2024-11-12 23:00:00,99.87500000000001
2024-11-13 07:30:00,99.85000000000001
2024-11-13 08:00:00,99.84500000000001
2024-11-13 09:00:00,99.85500000000002
2024-11-13 10:00:00,99.86000000000001
2024-11-13 11:00:00,99.85500000000002
2024-11-13 12:00:00,99.85500000000002
2024-11-13 13:00:00,99.87
2024-11-13 14:00:00,99.87500000000001
2024-11-13 15:00:00,99.86500000000001
2024-11-13 16:00:00,99.87
2024-11-13 17:00:00,99.86500000000001
2024-11-13 23:00:00,99.86500000000001
2024-11-14 07:30:00,99.87
2024-11-14 08:00:00,99.87500000000001
2024-11-14 09:00:00,99.87500000000001
2024-11-14 10:00:00,99.885
2024-11-14 11:00:00,99.885
2024-11-14 12:00:00,99.88000000000001
2024-11-14 13:00:00,99.885
2024-11-14 14:00:00,99.89000000000001
2024-11-14 15:00:00,99.89000000000001
2024-11-14 16:00:00,99.885
2024-11-14 17:00:00,99.9
2024-11-14 23:00:00,99.89000000000001
2024-11-15 07:30:00,99.89000000000001
2024-11-15 08:00:00,99.885
2024-11-15 09:00:00,99.90500000000002
2024-11-15 10:00:00,99.89500000000001
2024-11-15 11:00:00,99.89000000000001
2024-11-15 12:00:00,99.89000000000001
2024-11-15 13:00:00,99.885
2024-11-15 14:00:00,99.86500000000001
2024-11-15 15:00:00,99.86500000000001
2024-11-15 16:00:00,99.87
2024-11-15 17:00:00,99.88000000000001
2024-11-15 23:00:00,99.87
2024-11-18 07:30:00,99.87
2024-11-18 08:00:00,99.86500000000001
2024-11-18 09:00:00,99.86000000000001
2024-11-18 10:00:00,99.86000000000001
2024-11-18 11:00:00,99.86000000000001
2024-11-18 12:00:00,99.85000000000001
2024-11-18 13:00:00,99.85000000000001
2024-11-18 14:00:00,99.86000000000001
2024-11-18 15:00:00,99.86000000000001
2024-11-18 16:00:00,99.86000000000001
2024-11-18 17:00:00,99.86000000000001
2024-11-18 23:00:00,99.86000000000001
2024-11-19 07:30:00,99.86500000000001
2024-11-19 08:00:00,99.87
2024-11-19 09:00:00,99.87500000000001
2024-11-19 10:00:00,99.88000000000001
2024-11-19 11:00:00,99.87
2024-11-19 12:00:00,99.87
2024-11-19 13:00:00,99.87500000000001
2024-11-19 14:00:00,99.87500000000001
2024-11-19 15:00:00,99.87500000000001
2024-11-19 16:00:00,99.86500000000001
2024-11-19 17:00:00,99.86500000000001
2024-11-19 23:00:00,99.87
2024-11-20 07:30:00,99.86500000000001
2024-11-20 08:00:00,99.87
2024-11-20 09:00:00,99.88000000000001
2024-11-20 10:00:00,99.88000000000001
2024-11-20 11:00:00,99.87500000000001
2024-11-20 12:00:00,99.87
2024-11-20 13:00:00,99.87
2024-11-20 14:00:00,99.87500000000001
2024-11-20 15:00:00,99.87
2024-11-20 16:00:00,99.87
2024-11-20 17:00:00,99.87500000000001
2024-11-20 23:00:00,99.87500000000001
2024-11-21 07:30:00,99.87500000000001
2024-11-21 08:00:00,99.87
2024-11-21 09:00:00,99.88000000000001
2024-11-21 10:00:00,99.88000000000001
2024-11-21 11:00:00,99.88000000000001
2024-11-21 12:00:00,99.885
2024-11-21 13:00:00,99.885
2024-11-21 14:00:00,99.885
2024-11-21 15:00:00,99.88000000000001
2024-11-21 16:00:00,99.88000000000001
2024-11-21 17:00:00,99.89000000000001
2024-11-21 23:00:00,99.885
2024-11-22 07:30:00,99.88000000000001
2024-11-22 08:00:00,99.91000000000001
2024-11-22 09:00:00,99.92000000000002
2024-11-22 10:00:00,99.92000000000002
2024-11-22 11:00:00,99.92500000000001
2024-11-22 12:00:00,99.93
2024-11-22 13:00:00,99.94500000000001
2024-11-22 14:00:00,99.93500000000002
2024-11-22 15:00:00,99.93500000000002
2024-11-22 16:00:00,99.94500000000001
2024-11-22 17:00:00,99.94500000000001
2024-11-22 23:00:00,99.94000000000001
2024-11-25 07:30:00,99.93500000000002
2024-11-25 08:00:00,99.93500000000002
2024-11-25 09:00:00,99.93
2024-11-25 10:00:00,99.94000000000001
2024-11-25 11:00:00,99.94500000000001
2024-11-25 12:00:00,99.94000000000001
2024-11-25 13:00:00,99.94000000000001
2024-11-25 14:00:00,99.94000000000001
2024-11-25 15:00:00,99.94000000000001
2024-11-25 16:00:00,99.93
2024-11-25 17:00:00,99.93
2024-11-25 23:00:00,99.93500000000002
2024-11-26 07:30:00,99.92500000000001
2024-11-26 08:00:00,99.92000000000002
2024-11-26 09:00:00,99.92000000000002
2024-11-26 10:00:00,99.92000000000002
2024-11-26 11:00:00,99.92500000000001
2024-11-26 12:00:00,99.92500000000001
2024-11-26 13:00:00,99.92500000000001
2024-11-26 14:00:00,99.915
2024-11-26 15:00:00,99.915
2024-11-26 16:00:00,99.915
2024-11-26 17:00:00,99.915
2024-11-26 23:00:00,99.915
2024-11-27 07:30:00,99.93
2024-11-27 08:00:00,99.90500000000002
2024-11-27 09:00:00,99.91000000000001
2024-11-27 10:00:00,99.92500000000001
2024-11-27 11:00:00,99.93
2024-11-27 12:00:00,99.93500000000002
2024-11-27 13:00:00,99.915
2024-11-27 14:00:00,99.915
2024-11-27 15:00:00,99.92000000000002
2024-11-27 16:00:00,99.92000000000002
2024-11-27 17:00:00,99.92000000000002
2024-11-27 23:00:00,99.92000000000002
2024-11-28 07:30:00,99.92000000000002
2024-11-28 08:00:00,99.93
2024-11-28 09:00:00,99.93
2024-11-28 10:00:00,99.92500000000001
2024-11-28 11:00:00,99.93
2024-11-28 12:00:00,99.92500000000001
2024-11-28 13:00:00,99.93
2024-11-28 14:00:00,99.93
2024-11-28 15:00:00,99.93
2024-11-28 16:00:00,99.93500000000002
2024-11-28 17:00:00,99.94000000000001
2024-11-28 23:00:00,99.93500000000002
2024-11-29 07:30:00,99.95000000000002
2024-11-29 08:00:00,99.93500000000002
2024-11-29 09:00:00,99.95000000000002
2024-11-29 10:00:00,99.94000000000001
2024-11-29 11:00:00,99.96000000000001
2024-11-29 12:00:00,99.96000000000001
2024-11-29 13:00:00,99.96000000000001
2024-11-29 14:00:00,99.97000000000001
2024-11-29 15:00:00,100.00500000000001
2024-11-29 16:00:00,100.01500000000001
2024-11-29 17:00:00,100.025
2024-11-29 23:00:00,100.01
2024-12-02 07:30:00,100.025
2024-12-02 08:00:00,100.045
2024-12-02 09:00:00,100.05000000000001
2024-12-02 10:00:00,100.06
2024-12-02 11:00:00,100.06
2024-12-02 12:00:00,100.055
2024-12-02 13:00:00,100.045
2024-12-02 14:00:00,100.045
2024-12-02 15:00:00,100.055
2024-12-02 16:00:00,100.055
2024-12-02 17:00:00,100.055
2024-12-02 23:00:00,100.055
2024-12-03 07:30:00,100.02000000000001
2024-12-03 08:00:00,100.025
2024-12-03 09:00:00,100.025
2024-12-03 10:00:00,100.025
2024-12-03 11:00:00,100.025
2024-12-03 12:00:00,100.03500000000001
2024-12-03 13:00:00,100.055
2024-12-03 14:00:00,100.06
2024-12-03 15:00:00,100.055
2024-12-03 16:00:00,100.06
2024-12-03 17:00:00,100.055
2024-12-03 23:00:00,100.05000000000001
2024-12-04 07:30:00,100.055
2024-12-04 08:00:00,100.045
2024-12-04 09:00:00,100.04
2024-12-04 10:00:00,100.015
2024-12-04 11:00:00,100.015
2024-12-04 12:00:00,100.02000000000001
2024-12-04 13:00:00,100.015
2024-12-04 14:00:00,100.03
2024-12-04 15:00:00,100.03
2024-12-04 16:00:00,100.03
2024-12-04 17:00:00,100.04
2024-12-04 23:00:00,100.03
2024-12-05 07:30:00,100.045
2024-12-05 08:00:00,100.025
2024-12-05 09:00:00,100.02000000000001
2024-12-05 10:00:00,100.03
2024-12-05 11:00:00,100.025
2024-12-05 12:00:00,100.015
2024-12-05 13:00:00,100.00500000000001
2024-12-05 14:00:00,100.0
2024-12-05 15:00:00,100.0
2024-12-05 16:00:00,99.995
2024-12-05 17:00:00,99.995
2024-12-05 23:00:00,99.995
2024-12-06 07:30:00,99.995
2024-12-06 08:00:00,99.99000000000001
2024-12-06 09:00:00,99.99000000000001
2024-12-06 10:00:00,99.98
2024-12-06 11:00:00,99.99000000000001
2024-12-06 12:00:00,99.985
2024-12-06 13:00:00,99.995
2024-12-06 14:00:00,99.995
2024-12-06 15:00:00,99.995
2024-12-06 16:00:00,100.00500000000001
2024-12-06 17:00:00,100.015
2024-12-06 23:00:00,99.99000000000001
2024-12-09 07:30:00,100.0
2024-12-09 08:00:00,99.995
2024-12-09 09:00:00,99.995
2024-12-09 10:00:00,99.985
2024-12-09 11:00:00,99.995
2024-12-09 12:00:00,99.995
2024-12-09 13:00:00,100.0
2024-12-09 14:00:00,99.995
2024-12-09 15:00:00,99.99000000000001
2024-12-09 16:00:00,99.985
2024-12-09 17:00:00,99.99000000000001
2024-12-09 23:00:00,99.99000000000001
2024-12-10 07:30:00,99.995
2024-12-10 08:00:00,100.0
2024-12-10 09:00:00,100.0
2024-12-10 10:00:00,100.0
2024-12-10 11:00:00,100.0
2024-12-10 12:00:00,100.01
2024-12-10 13:00:00,99.995
2024-12-10 14:00:00,100.00500000000001
2024-12-10 15:00:00,99.995
2024-12-10 16:00:00,100.0
2024-12-10 17:00:00,99.995
2024-12-10 23:00:00,100.0
2024-12-11 07:30:00,100.0
2024-12-11 08:00:00,99.985
2024-12-11 09:00:00,99.98
2024-12-11 10:00:00,99.97500000000001
2024-12-11 11:00:00,99.97
2024-12-11 12:00:00,99.97
2024-12-11 13:00:00,99.965
2024-12-11 14:00:00,99.965
2024-12-11 15:00:00,99.96000000000001
2024-12-11 16:00:00,99.96000000000001
2024-12-11 17:00:00,99.96000000000001
2024-12-11 23:00:00,99.96000000000001
2024-12-12 07:30:00,99.94000000000001
2024-12-12 08:00:00,100.00500000000001
2024-12-12 09:00:00,100.0
2024-12-12 10:00:00,100.0
2024-12-12 11:00:00,100.00500000000001
2024-12-12 12:00:00,100.00500000000001
2024-12-12 13:00:00,100.015
2024-12-12 14:00:00,100.0
2024-12-12 15:00:00,100.00500000000001
2024-12-12 16:00:00,100.00500000000001
2024-12-12 17:00:00,100.01
2024-12-12 23:00:00,100.01
2024-12-13 07:30:00,100.01
2024-12-13 08:00:00,100.01
2024-12-13 09:00:00,100.015
2024-12-13 10:00:00,100.015
2024-12-13 11:00:00,100.015
2024-12-13 12:00:00,100.02000000000001
2024-12-13 13:00:00,100.04
2024-12-13 14:00:00,100.045
2024-12-13 15:00:00,100.05000000000001
2024-12-13 16:00:00,100.03500000000001
2024-12-13 17:00:00,100.04
2024-12-13 23:00:00,100.04
2024-12-16 07:30:00,100.08000000000001
2024-12-16 08:00:00,100.075
2024-12-16 09:00:00,100.095
2024-12-16 10:00:00,100.095
2024-12-16 11:00:00,100.105
2024-12-16 12:00:00,100.105
2024-12-16 13:00:00,100.09
2024-12-16 14:00:00,100.095
2024-12-16 15:00:00,100.09
2024-12-16 16:00:00,100.10000000000001
2024-12-16 17:00:00,100.095
2024-12-16 23:00:00,100.09
2024-12-17 07:30:00,100.09
2024-12-17 08:00:00,100.095
2024-12-17 09:00:00,100.095
2024-12-17 10:00:00,100.09
2024-12-17 11:00:00,100.08500000000001
2024-12-17 12:00:00,100.08500000000001
2024-12-17 13:00:00,100.08000000000001
2024-12-17 14:00:00,100.08500000000001
2024-12-17 15:00:00,100.075
2024-12-17 16:00:00,100.06
2024-12-17 17:00:00,100.06
2024-12-17 23:00:00,100.075
2024-12-18 07:30:00,100.07000000000001
2024-12-18 08:00:00,100.06500000000001
2024-12-18 09:00:00,100.06
2024-12-18 10:00:00,100.07000000000001
2024-12-18 11:00:00,100.07000000000001
2024-12-18 12:00:00,100.06500000000001
2024-12-18 13:00:00,100.06500000000001
2024-12-18 14:00:00,100.075
2024-12-18 15:00:00,100.06500000000001
2024-12-18 16:00:00,100.075
2024-12-18 17:00:00,100.075
2024-12-18 23:00:00,100.07000000000001
2024-12-19 07:30:00,100.06
2024-12-19 08:00:00,100.06
2024-12-19 09:00:00,100.055
2024-12-19 10:00:00,100.06
2024-12-19 11:00:00,100.06
2024-12-19 12:00:00,100.06500000000001
2024-12-19 13:00:00,100.06
2024-12-19 14:00:00,100.055
2024-12-19 15:00:00,100.06
2024-12-19 16:00:00,100.06
2024-12-19 17:00:00,100.06500000000001
2024-12-19 23:00:00,100.06500000000001
2024-12-20 07:30:00,100.07000000000001
2024-12-20 08:00:00,100.075
2024-12-20 09:00:00,100.08000000000001
2024-12-20 10:00:00,100.07000000000001
2024-12-20 11:00:00,100.075
2024-12-20 12:00:00,100.09
2024-12-20 13:00:00,100.095
2024-12-20 14:00:00,100.095
2024-12-20 15:00:00,100.095
2024-12-20 16:00:00,100.095
2024-12-20 17:00:00,100.10000000000001
2024-12-20 23:00:00,100.095
2024-12-23 07:30:00,100.105
2024-12-23 08:00:00,100.105
2024-12-23 09:00:00,100.095
2024-12-23 10:00:00,100.10000000000001
2024-12-23 11:00:00,100.11
2024-12-23 12:00:00,100.11
2024-12-23 13:00:00,100.11
2024-12-23 14:00:00,100.11500000000001
2024-12-23 15:00:00,100.12
2024-12-23 16:00:00,100.12
2024-12-23 17:00:00,100.12
2024-12-23 23:00:00,100.12
2024-12-24 07:30:00,100.14
2024-12-24 08:00:00,100.13000000000001
2024-12-24 09:00:00,100.125
2024-12-24 10:00:00,100.125
2024-12-24 12:00:00,100.13000000000001
2024-12-24 23:00:00,100.125
2024-12-27 07:30:00,100.11
2024-12-27 08:00:00,100.10000000000001
2024-12-27 09:00:00,100.105
2024-12-27 10:00:00,100.10000000000001
2024-12-27 11:00:00,100.105
2024-12-27 12:00:00,100.10000000000001
2024-12-27 13:00:00,100.10000000000001
2024-12-27 14:00:00,100.105
2024-12-27 15:00:00,100.11
2024-12-27 16:00:00,100.12
2024-12-27 17:00:00,100.11500000000001
2024-12-27 23:00:00,100.13000000000001
2024-12-30 07:30:00,100.125
2024-12-30 08:00:00,100.13000000000001
2024-12-30 09:00:00,100.13000000000001
2024-12-30 10:00:00,100.135
2024-12-30 11:00:00,100.13000000000001
2024-12-30 12:00:00,100.125
2024-12-30 13:00:00,100.125
2024-12-30 14:00:00,100.13000000000001
2024-12-30 15:00:00,100.14
2024-12-30 16:00:00,100.13000000000001
2024-12-30 17:00:00,100.14
2024-12-30 23:00:00,100.13000000000001
2024-12-31 07:30:00,100.14500000000001
2024-12-31 08:00:00,100.155
2024-12-31 09:00:00,100.155
2024-12-31 10:00:00,100.15
2024-12-31 11:00:00,100.155
2024-12-31 12:00:00,100.15
2024-12-31 23:00:00,100.15
2025-01-02 23:00:00,100.15
2025-01-03 07:30:00,100.14
2025-01-03 08:00:00,100.14
2025-01-03 09:00:00,100.13000000000001
2025-01-03 10:00:00,100.11
2025-01-03 11:00:00,100.11
2025-01-03 12:00:00,100.11500000000001
2025-01-03 13:00:00,100.12
2025-01-03 14:00:00,100.12
2025-01-03 15:00:00,100.10000000000001
2025-01-03 16:00:00,100.09
2025-01-03 17:00:00,100.09
2025-01-03 23:00:00,100.10000000000001
2025-01-06 07:30:00,100.08000000000001
2025-01-06 08:00:00,100.06500000000001
2025-01-06 09:00:00,100.06500000000001
2025-01-06 10:00:00,100.05000000000001
2025-01-06 11:00:00,100.06500000000001
2025-01-06 12:00:00,100.04
2025-01-06 13:00:00,100.015
2025-01-06 14:00:00,100.00500000000001
2025-01-06 15:00:00,99.985
2025-01-06 16:00:00,99.97
2025-01-06 17:00:00,99.96000000000001
2025-01-06 23:00:00,99.98
2025-01-07 07:30:00,100.01
2025-01-07 08:00:00,100.01
2025-01-07 09:00:00,100.01
2025-01-07 10:00:00,100.015
2025-01-07 11:00:00,100.02000000000001
2025-01-07 12:00:00,100.03
2025-01-07 13:00:00,100.02000000000001
2025-01-07 14:00:00,100.01
2025-01-07 15:00:00,100.01
2025-01-07 16:00:00,100.01
2025-01-07 17:00:00,100.01
2025-01-07 23:00:00,100.00500000000001
2025-01-08 07:30:00,100.015
2025-01-08 08:00:00,100.01
2025-01-08 09:00:00,100.02000000000001
2025-01-08 10:00:00,100.02000000000001
2025-01-08 11:00:00,100.015
2025-01-08 12:00:00,100.02000000000001
2025-01-08 13:00:00,100.02000000000001
2025-01-08 14:00:00,100.02000000000001
2025-01-08 15:00:00,100.02000000000001
2025-01-08 16:00:00,100.01
2025-01-08 17:00:00,100.02000000000001
2025-01-08 23:00:00,100.02000000000001
2025-01-09 07:30:00,100.03
2025-01-09 08:00:00,100.02000000000001
2025-01-09 09:00:00,100.015
2025-01-09 10:00:00,100.025
2025-01-09 11:00:00,100.03
2025-01-09 12:00:00,100.03
2025-01-09 13:00:00,100.025
2025-01-09 14:00:00,100.02000000000001
2025-01-09 15:00:00,100.02000000000001
2025-01-09 16:00:00,100.02000000000001
2025-01-09 17:00:00,100.015
2025-01-09 23:00:00,100.02000000000001
2025-01-10 07:30:00,100.01
2025-01-10 08:00:00,100.01
2025-01-10 09:00:00,100.00500000000001
2025-01-10 10:00:00,100.00500000000001
2025-01-10 11:00:00,100.00500000000001
2025-01-10 12:00:00,100.01
2025-01-10 13:00:00,99.995
2025-01-10 14:00:00,99.995
2025-01-10 15:00:00,100.0
2025-01-10 16:00:00,99.995
2025-01-10 17:00:00,99.99000000000001
2025-01-10 23:00:00,100.0
2025-01-13 07:30:00,99.97500000000001
2025-01-13 08:00:00,99.94000000000001
2025-01-13 09:00:00,99.95500000000001
2025-01-13 10:00:00,99.96000000000001
2025-01-13 11:00:00,99.95500000000001
2025-01-13 12:00:00,99.96000000000001
2025-01-13 13:00:00,99.96000000000001
2025-01-13 14:00:00,99.96000000000001
2025-01-13 15:00:00,99.95
2025-01-13 16:00:00,99.95
2025-01-13 17:00:00,99.95
2025-01-13 23:00:00,99.95
2025-01-14 07:30:00,99.965
2025-01-14 08:00:00,99.95500000000001
2025-01-14 09:00:00,99.95500000000001
2025-01-14 10:00:00,99.96000000000001
2025-01-14 11:00:00,99.95500000000001
2025-01-14 12:00:00,99.95
2025-01-14 13:00:00,99.95500000000001
2025-01-14 14:00:00,99.96000000000001
2025-01-14 15:00:00,99.96000000000001
2025-01-14 16:00:00,99.96000000000001
2025-01-14 17:00:00,99.95500000000001
2025-01-14 23:00:00,99.96000000000001
2025-01-15 07:30:00,99.985
2025-01-15 08:00:00,99.97500000000001
2025-01-15 09:00:00,99.97
2025-01-15 10:00:00,99.97
2025-01-15 11:00:00,99.97
2025-01-15 12:00:00,99.97500000000001
2025-01-15 13:00:00,99.99000000000001
2025-01-15 14:00:00,99.995
2025-01-15 15:00:00,99.995
2025-01-15 16:00:00,99.99000000000001
2025-01-15 17:00:00,100.00500000000001
2025-01-15 23:00:00,99.99000000000001
2025-01-16 07:30:00,99.995
2025-01-16 08:00:00,99.995
2025-01-16 09:00:00,99.995
2025-01-16 10:00:00,100.00500000000001
2025-01-16 11:00:00,100.0
2025-01-16 12:00:00,99.985
2025-01-16 13:00:00,99.99000000000001
2025-01-16 14:00:00,99.99000000000001
2025-01-16 15:00:00,100.00500000000001
2025-01-16 16:00:00,100.00500000000001
2025-01-16 17:00:00,100.01
2025-01-16 23:00:00,100.00500000000001
2025-01-17 07:30:00,100.00500000000001
2025-01-17 08:00:00,100.00500000000001
2025-01-17 09:00:00,100.01
2025-01-17 10:00:00,100.00500000000001
2025-01-17 11:00:00,100.00500000000001
2025-01-17 12:00:00,100.00500000000001
2025-01-17 13:00:00,100.01
2025-01-17 14:00:00,100.01
2025-01-17 15:00:00,100.015
2025-01-17 16:00:00,100.01
2025-01-17 17:00:00,100.01
2025-01-17 23:00:00,100.015
2025-01-20 07:30:00,100.015
2025-01-20 08:00:00,100.02000000000001
2025-01-20 09:00:00,100.01
2025-01-20 10:00:00,100.01
2025-01-20 11:00:00,100.01
2025-01-20 12:00:00,100.01
2025-01-20 13:00:00,100.02000000000001
2025-01-20 14:00:00,100.01
2025-01-20 15:00:00,100.015
2025-01-20 16:00:00,100.01
2025-01-20 17:00:00,100.01
2025-01-20 23:00:00,100.015
2025-01-21 07:30:00,100.015
2025-01-21 08:00:00,100.015
2025-01-21 09:00:00,100.01
2025-01-21 10:00:00,100.0
2025-01-21 11:00:00,99.995
2025-01-21 12:00:00,100.0
2025-01-21 13:00:00,100.01
2025-01-21 14:00:00,99.995
2025-01-21 15:00:00,100.0
2025-01-21 16:00:00,99.99000000000001
2025-01-21 17:00:00,99.995
2025-01-21 23:00:00,99.995
2025-01-22 07:30:00,99.995
2025-01-22 08:00:00,99.99000000000001
2025-01-22 09:00:00,99.995
2025-01-22 10:00:00,99.99000000000001
2025-01-22 11:00:00,99.99000000000001
2025-01-22 12:00:00,99.985
2025-01-22 13:00:00,99.985
2025-01-22 14:00:00,99.985
2025-01-22 15:00:00,99.98
2025-01-22 16:00:00,99.97500000000001
2025-01-22 17:00:00,99.97
2025-01-22 23:00:00,99.97500000000001
2025-01-23 07:30:00,99.985
2025-01-23 08:00:00,99.97500000000001
2025-01-23 09:00:00,99.965
2025-01-23 10:00:00,99.95500000000001
2025-01-23 11:00:00,99.95500000000001
2025-01-23 12:00:00,99.95500000000001
2025-01-23 13:00:00,99.95500000000001
2025-01-23 14:00:00,99.95
2025-01-23 15:00:00,99.95
2025-01-23 16:00:00,99.95500000000001
2025-01-23 17:00:00,99.95
2025-01-23 23:00:00,99.95500000000001
2025-01-24 07:30:00,99.94000000000001
2025-01-24 08:00:00,99.92
2025-01-24 09:00:00,99.92
2025-01-24 10:00:00,99.935
2025-01-24 11:00:00,99.92
2025-01-24 12:00:00,99.92
2025-01-24 13:00:00,99.91000000000001
2025-01-24 14:00:00,99.905
2025-01-24 15:00:00,99.915
2025-01-24 16:00:00,99.905
2025-01-24 17:00:00,99.9
2025-01-24 23:00:00,99.91000000000001
2025-01-27 07:30:00,99.92500000000001
2025-01-27 08:00:00,99.93
2025-01-27 09:00:00,99.935
2025-01-27 10:00:00,99.935
2025-01-27 11:00:00,99.94000000000001
2025-01-27 12:00:00,99.93
2025-01-27 13:00:00,99.935
2025-01-27 14:00:00,99.915
2025-01-27 15:00:00,99.905
2025-01-27 16:00:00,99.9
2025-01-27 17:00:00,99.915
2025-01-27 23:00:00,99.905
2025-01-28 07:30:00,99.93
2025-01-28 08:00:00,99.92500000000001
2025-01-28 09:00:00,99.915
2025-01-28 10:00:00,99.92
2025-01-28 11:00:00,99.92
2025-01-28 12:00:00,99.92
2025-01-28 13:00:00,99.92500000000001
2025-01-28 14:00:00,99.92
2025-01-28 15:00:00,99.92500000000001
2025-01-28 16:00:00,99.915
2025-01-28 17:00:00,99.92
2025-01-28 23:00:00,99.92
2025-01-29 07:30:00,99.92
2025-01-29 08:00:00,99.93
2025-01-29 09:00:00,99.935
2025-01-29 10:00:00,99.935
2025-01-29 11:00:00,99.935
2025-01-29 12:00:00,99.935
2025-01-29 13:00:00,99.94000000000001
2025-01-29 14:00:00,99.94000000000001
2025-01-29 15:00:00,99.94000000000001
2025-01-29 16:00:00,99.94000000000001
2025-01-29 17:00:00,99.94000000000001
2025-01-29 23:00:00,99.935
2025-01-30 07:30:00,99.935
2025-01-30 08:00:00,99.95500000000001
2025-01-30 09:00:00,99.95
2025-01-30 10:00:00,99.95500000000001
2025-01-30 11:00:00,99.96000000000001
2025-01-30 12:00:00,99.95500000000001
2025-01-30 13:00:00,99.965
2025-01-30 14:00:00,99.96000000000001
2025-01-30 15:00:00,99.95500000000001
2025-01-30 16:00:00,99.95500000000001
2025-01-30 17:00:00,99.95
2025-01-30 23:00:00,99.96000000000001
2025-01-31 07:30:00,99.98
2025-01-31 08:00:00,99.98
2025-01-31 09:00:00,99.99000000000001
2025-01-31 10:00:00,99.995
2025-01-31 11:00:00,99.995
2025-01-31 12:00:00,99.995
2025-01-31 13:00:00,99.99000000000001
2025-01-31 14:00:00,99.995
2025-01-31 15:00:00,99.99000000000001
2025-01-31 16:00:00,99.995
2025-01-31 17:00:00,99.99000000000001
2025-01-31 23:00:00,100.0
2025-02-03 07:30:00,100.045
2025-02-03 08:00:00,100.03500000000001
2025-02-03 09:00:00,100.05000000000001
2025-02-03 10:00:00,100.045
2025-02-03 11:00:00,100.045
2025-02-03 12:00:00,100.045
2025-02-03 13:00:00,100.04
2025-02-03 14:00:00,100.045
2025-02-03 15:00:00,100.025
2025-02-03 16:00:00,100.03500000000001
2025-02-03 17:00:00,100.045
2025-02-03 23:00:00,100.03500000000001
2025-02-04 07:30:00,100.03
2025-02-04 08:00:00,100.02000000000001
2025-02-04 09:00:00,100.015
2025-02-04 10:00:00,100.0
2025-02-04 11:00:00,99.995
2025-02-04 12:00:00,100.00500000000001
2025-02-04 13:00:00,99.995
2025-02-04 14:00:00,99.995
2025-02-04 15:00:00,100.00500000000001
2025-02-04 16:00:00,100.01
2025-02-04 17:00:00,100.015
2025-02-04 23:00:00,100.01
2025-02-05 07:30:00,100.01
2025-02-05 08:00:00,100.02000000000001
2025-02-05 09:00:00,100.015
2025-02-05 10:00:00,100.01
2025-02-05 11:00:00,100.00500000000001
2025-02-05 12:00:00,100.015
2025-02-05 13:00:00,100.00500000000001
2025-02-05 14:00:00,99.99000000000001
2025-02-05 15:00:00,99.99000000000001
2025-02-05 16:00:00,99.99000000000001
2025-02-05 17:00:00,99.99000000000001
2025-02-05 23:00:00,99.99000000000001
2025-02-06 07:30:00,99.985
2025-02-06 08:00:00,99.97500000000001
2025-02-06 09:00:00,99.99000000000001
2025-02-06 10:00:00,99.995
2025-02-06 11:00:00,99.995
2025-02-06 12:00:00,99.995
2025-02-06 13:00:00,100.00500000000001
2025-02-06 14:00:00,100.00500000000001
2025-02-06 15:00:00,100.00500000000001
2025-02-06 16:00:00,99.995
2025-02-06 17:00:00,99.99000000000001
2025-02-06 23:00:00,99.99000000000001
2025-02-07 07:30:00,99.99000000000001
2025-02-07 08:00:00,100.00500000000001
2025-02-07 09:00:00,100.0
2025-02-07 10:00:00,99.995
2025-02-07 11:00:00,99.995
2025-02-07 12:00:00,99.995
2025-02-07 13:00:00,99.985
2025-02-07 14:00:00,99.99000000000001
2025-02-07 15:00:00,100.01
2025-02-07 16:00:00,100.02000000000001
2025-02-07 17:00:00,100.025
2025-02-07 23:00:00,100.00500000000001
2025-02-10 07:30:00,100.025
2025-02-10 08:00:00,100.02000000000001
2025-02-10 09:00:00,100.025
2025-02-10 10:00:00,100.025
2025-02-10 11:00:00,100.03500000000001
2025-02-10 12:00:00,100.04
2025-02-10 13:00:00,100.03
2025-02-10 14:00:00,100.045
2025-02-10 15:00:00,100.055
2025-02-10 16:00:00,100.055
2025-02-10 17:00:00,100.055
2025-02-10 23:00:00,100.05000000000001
2025-02-11 07:30:00,100.045
2025-02-11 08:00:00,100.045
2025-02-11 09:00:00,100.03500000000001
2025-02-11 10:00:00,100.025
2025-02-11 11:00:00,100.03
2025-02-11 12:00:00,100.03500000000001
2025-02-11 13:00:00,100.03500000000001
2025-02-11 14:00:00,100.03
2025-02-11 15:00:00,100.03500000000001
2025-02-11 16:00:00,100.03500000000001
2025-02-11 17:00:00,100.025
2025-02-11 23:00:00,100.03500000000001
2025-02-12 07:30:00,100.02000000000001
2025-02-12 08:00:00,100.025
2025-02-12 09:00:00,100.02000000000001
2025-02-12 10:00:00,100.015
2025-02-12 11:00:00,100.01
2025-02-12 12:00:00,100.015
2025-02-12 13:00:00,100.01
2025-02-12 14:00:00,100.00500000000001
2025-02-12 15:00:00,100.00500000000001
2025-02-12 16:00:00,100.00500000000001
2025-02-12 17:00:00,100.015
2025-02-12 23:00:00,100.0
2025-02-13 07:30:00,99.97
2025-02-13 08:00:00,99.96000000000001
2025-02-13 09:00:00,99.95500000000001
2025-02-13 10:00:00,99.95
2025-02-13 11:00:00,99.965
2025-02-13 12:00:00,99.96000000000001
2025-02-13 13:00:00,99.965
2025-02-13 14:00:00,99.98
2025-02-13 15:00:00,99.98
2025-02-13 16:00:00,99.985
2025-02-13 17:00:00,99.985
2025-02-13 23:00:00,99.99000000000001
2025-02-14 07:30:00,99.99000000000001
2025-02-14 08:00:00,99.97
2025-02-14 09:00:00,99.97
2025-02-14 10:00:00,99.96000000000001
2025-02-14 11:00:00,99.95
2025-02-14 12:00:00,99.95
2025-02-14 13:00:00,99.96000000000001
2025-02-14 14:00:00,99.95500000000001
2025-02-14 15:00:00,99.94500000000001
2025-02-14 16:00:00,99.94500000000001
2025-02-14 17:00:00,99.935
2025-02-14 23:00:00,99.94500000000001
2025-02-17 07:30:00,99.92
2025-02-17 08:00:00,99.92500000000001
2025-02-17 09:00:00,99.93
2025-02-17 10:00:00,99.93
2025-02-17 11:00:00,99.93
2025-02-17 12:00:00,99.93
2025-02-17 13:00:00,99.93
2025-02-17 14:00:00,99.935
2025-02-17 15:00:00,99.935
2025-02-17 16:00:00,99.93
2025-02-17 17:00:00,99.93
2025-02-17 23:00:00,99.935
2025-02-18 07:30:00,99.93
2025-02-18 08:00:00,99.93
2025-02-18 09:00:00,99.915
2025-02-18 10:00:00,99.92
2025-02-18 11:00:00,99.915
2025-02-18 12:00:00,99.91000000000001
2025-02-18 13:00:00,99.915
2025-02-18 14:00:00,99.915
2025-02-18 15:00:00,99.92
2025-02-18 16:00:00,99.91000000000001
2025-02-18 17:00:00,99.915
2025-02-18 23:00:00,99.915
2025-02-19 07:30:00,99.91000000000001
2025-02-19 08:00:00,99.91000000000001
2025-02-19 09:00:00,99.89500000000001
2025-02-19 10:00:00,99.885
2025-02-19 11:00:00,99.89
2025-02-19 12:00:00,99.885
2025-02-19 13:00:00,99.88000000000001
2025-02-19 14:00:00,99.885
2025-02-19 15:00:00,99.89
2025-02-19 16:00:00,99.89
2025-02-19 17:00:00,99.88000000000001
2025-02-19 23:00:00,99.89
2025-02-20 07:30:00,99.88000000000001
2025-02-20 08:00:00,99.86500000000001
2025-02-20 09:00:00,99.87
2025-02-20 10:00:00,99.86
2025-02-20 11:00:00,99.86
2025-02-20 12:00:00,99.87
2025-02-20 13:00:00,99.86500000000001
2025-02-20 14:00:00,99.88000000000001
2025-02-20 15:00:00,99.885
2025-02-20 16:00:00,99.885
2025-02-20 17:00:00,99.88000000000001
2025-02-20 23:00:00,99.885
2025-02-21 07:30:00,99.88000000000001
2025-02-21 08:00:00,99.88000000000001
2025-02-21 09:00:00,99.87
2025-02-21 10:00:00,99.87
2025-02-21 11:00:00,99.87
2025-02-21 12:00:00,99.875
2025-02-21 13:00:00,99.875
2025-02-21 14:00:00,99.89
2025-02-21 15:00:00,99.885
2025-02-21 16:00:00,99.885
2025-02-21 17:00:00,99.89
2025-02-21 23:00:00,99.89
2025-02-24 07:30:00,99.885
2025-02-24 08:00:00,99.89500000000001
2025-02-24 09:00:00,99.92
2025-02-24 10:00:00,99.905
2025-02-24 11:00:00,99.915
2025-02-24 12:00:00,99.91000000000001
2025-02-24 13:00:00,99.905
2025-02-24 14:00:00,99.92500000000001
2025-02-24 15:00:00,99.935
2025-02-24 16:00:00,99.92500000000001
2025-02-24 17:00:00,99.915
2025-02-24 23:00:00,99.93
2025-02-25 07:30:00,99.94000000000001
2025-02-25 08:00:00,99.95500000000001
2025-02-25 09:00:00,99.94000000000001
2025-02-25 10:00:00,99.92
2025-02-25 11:00:00,99.92500000000001
2025-02-25 12:00:00,99.93
2025-02-25 13:00:00,99.94000000000001
2025-02-25 14:00:00,99.935
2025-02-25 15:00:00,99.95
2025-02-25 16:00:00,99.95500000000001
2025-02-25 17:00:00,99.94500000000001
2025-02-25 23:00:00,99.95500000000001
2025-02-26 07:30:00,99.94500000000001
2025-02-26 08:00:00,99.965
2025-02-26 09:00:00,99.965
2025-02-26 10:00:00,99.965
2025-02-26 11:00:00,99.965
2025-02-26 12:00:00,99.97
2025-02-26 13:00:00,99.96000000000001
2025-02-26 14:00:00,99.95500000000001
2025-02-26 15:00:00,99.95500000000001
2025-02-26 16:00:00,99.96000000000001
2025-02-26 17:00:00,99.965
2025-02-26 23:00:00,99.96000000000001
2025-02-27 07:30:00,99.97
2025-02-27 08:00:00,99.97
2025-02-27 09:00:00,99.98
2025-02-27 10:00:00,99.97
2025-02-27 11:00:00,99.97500000000001
2025-02-27 12:00:00,99.97
2025-02-27 13:00:00,99.97
2025-02-27 14:00:00,99.97
2025-02-27 15:00:00,99.97
2025-02-27 16:00:00,99.97
2025-02-27 17:00:00,99.97
2025-02-27 23:00:00,99.97500000000001
2025-02-28 07:30:00,99.985
2025-02-28 08:00:00,99.98
2025-02-28 09:00:00,99.98
2025-02-28 10:00:00,99.98
2025-02-28 11:00:00,99.985
2025-02-28 12:00:00,99.97500000000001
2025-02-28 13:00:00,99.97
2025-02-28 14:00:00,99.97
2025-02-28 15:00:00,99.97
2025-02-28 16:00:00,99.98
2025-02-28 17:00:00,99.985
2025-02-28 23:00:00,99.98
2025-03-03 07:30:00,99.97
2025-03-03 08:00:00,99.965
2025-03-03 09:00:00,99.96000000000001
2025-03-03 10:00:00,99.94500000000001
2025-03-03 11:00:00,99.94000000000001
2025-03-03 12:00:00,99.94500000000001
2025-03-03 13:00:00,99.94500000000001
2025-03-03 14:00:00,99.94500000000001
2025-03-03 15:00:00,99.94500000000001
2025-03-03 16:00:00,99.95
2025-03-03 17:00:00,99.95
2025-03-03 23:00:00,99.94500000000001
2025-03-04 07:30:00,99.97
2025-03-04 08:00:00,99.98
2025-03-04 09:00:00,99.965
2025-03-04 10:00:00,99.965
2025-03-04 11:00:00,99.965
2025-03-04 12:00:00,99.97500000000001
2025-03-04 13:00:00,99.97500000000001
2025-03-04 14:00:00,99.965
2025-03-04 15:00:00,99.97500000000001
2025-03-04 16:00:00,99.95500000000001
2025-03-04 17:00:00,99.95
2025-03-04 23:00:00,99.97
2025-03-05 07:30:00,99.89
2025-03-05 08:00:00,99.89500000000001
2025-03-05 09:00:00,99.89
2025-03-05 10:00:00,99.905
2025-03-05 11:00:00,99.91000000000001
2025-03-05 12:00:00,99.89500000000001
2025-03-05 13:00:00,99.91000000000001
2025-03-05 14:00:00,99.885
2025-03-05 15:00:00,99.86500000000001
2025-03-05 16:00:00,99.86500000000001
2025-03-05 17:00:00,99.875
2025-03-05 23:00:00,99.86500000000001
2025-03-06 07:30:00,99.82000000000001
2025-03-06 08:00:00,99.825
2025-03-06 09:00:00,99.85000000000001
2025-03-06 10:00:00,99.85000000000001
2025-03-06 11:00:00,99.84
2025-03-06 12:00:00,99.855
2025-03-06 13:00:00,99.845
2025-03-06 14:00:00,99.805
2025-03-06 15:00:00,99.805
2025-03-06 16:00:00,99.85000000000001
2025-03-06 17:00:00,99.86
2025-03-06 23:00:00,99.795
2025-03-07 07:30:00,99.855
2025-03-07 08:00:00,99.82000000000001
2025-03-07 09:00:00,99.82000000000001
2025-03-07 10:00:00,99.81
2025-03-07 11:00:00,99.81
2025-03-07 12:00:00,99.82000000000001
2025-03-07 13:00:00,99.845
2025-03-07 14:00:00,99.82000000000001
2025-03-07 15:00:00,99.83000000000001
2025-03-07 16:00:00,99.825
2025-03-07 17:00:00,99.84
2025-03-07 23:00:00,99.825
2025-03-10 07:30:00,99.84
2025-03-10 08:00:00,99.85000000000001
2025-03-10 09:00:00,99.825
2025-03-10 10:00:00,99.825
2025-03-10 11:00:00,99.825
2025-03-10 12:00:00,99.825
2025-03-10 13:00:00,99.825
2025-03-10 14:00:00,99.83000000000001
2025-03-10 15:00:00,99.83000000000001
2025-03-10 16:00:00,99.83000000000001
2025-03-10 17:00:00,99.83000000000001
2025-03-10 23:00:00,99.83000000000001
2025-03-11 07:30:00,99.84
2025-03-11 08:00:00,99.82000000000001
2025-03-11 09:00:00,99.82000000000001
2025-03-11 10:00:00,99.825
2025-03-11 11:00:00,99.81
2025-03-11 12:00:00,99.81
2025-03-11 13:00:00,99.81
2025-03-11 14:00:00,99.81
2025-03-11 15:00:00,99.81500000000001
2025-03-11 16:00:00,99.81500000000001
2025-03-11 17:00:00,99.81500000000001
2025-03-11 23:00:00,99.81500000000001
2025-03-12 07:30:00,99.795
2025-03-12 08:00:00,99.81
2025-03-12 09:00:00,99.81
2025-03-12 10:00:00,99.81
2025-03-12 11:00:00,99.80000000000001
2025-03-12 12:00:00,99.78
2025-03-12 13:00:00,99.78500000000001
2025-03-12 14:00:00,99.78500000000001
2025-03-12 15:00:00,99.79
2025-03-12 16:00:00,99.79
2025-03-12 17:00:00,99.79
2025-03-12 23:00:00,99.78500000000001
2025-03-13 07:30:00,99.79
2025-03-13 08:00:00,99.795
2025-03-13 09:00:00,99.795
2025-03-13 10:00:00,99.79
2025-03-13 11:00:00,99.79
2025-03-13 12:00:00,99.79
2025-03-13 13:00:00,99.79
2025-03-13 14:00:00,99.795
2025-03-13 15:00:00,99.81500000000001
2025-03-13 16:00:00,99.81
2025-03-13 17:00:00,99.805
2025-03-13 23:00:00,99.81
2025-03-14 07:30:00,99.81
2025-03-14 08:00:00,99.805
2025-03-14 09:00:00,99.80000000000001
2025-03-14 10:00:00,99.80000000000001
2025-03-14 11:00:00,99.795
2025-03-14 12:00:00,99.795
2025-03-14 13:00:00,99.80000000000001
2025-03-14 14:00:00,99.82000000000001
2025-03-14 15:00:00,99.83000000000001
2025-03-14 16:00:00,99.83500000000001
2025-03-14 17:00:00,99.84
2025-03-14 23:00:00,99.825
2025-03-17 07:30:00,99.83000000000001
2025-03-17 08:00:00,99.84
2025-03-17 09:00:00,99.84
2025-03-17 10:00:00,99.83500000000001
2025-03-17 11:00:00,99.83500000000001
2025-03-17 12:00:00,99.825
2025-03-17 13:00:00,99.82000000000001
2025-03-17 14:00:00,99.82000000000001
2025-03-17 15:00:00,99.825
2025-03-17 16:00:00,99.825
2025-03-17 17:00:00,99.81500000000001
2025-03-17 23:00:00,99.82000000000001
2025-03-18 07:30:00,99.82000000000001
2025-03-18 08:00:00,99.81500000000001
2025-03-18 09:00:00,99.81500000000001
2025-03-18 10:00:00,99.805
2025-03-18 11:00:00,99.80000000000001
2025-03-18 12:00:00,99.79
2025-03-18 13:00:00,99.79
2025-03-18 14:00:00,99.78500000000001
2025-03-18 15:00:00,99.795
2025-03-18 16:00:00,99.795
2025-03-18 17:00:00,99.795
2025-03-18 23:00:00,99.79
2025-03-19 07:30:00,99.795
2025-03-19 08:00:00,99.79
2025-03-19 09:00:00,99.79
2025-03-19 10:00:00,99.77000000000001
2025-03-19 11:00:00,99.775
2025-03-19 12:00:00,99.78
2025-03-19 13:00:00,99.78
2025-03-19 14:00:00,99.78500000000001
2025-03-19 15:00:00,99.78
2025-03-19 16:00:00,99.775
2025-03-19 17:00:00,99.77000000000001
2025-03-19 23:00:00,99.78500000000001
2025-03-20 07:30:00,99.77000000000001
2025-03-20 08:00:00,99.875
2025-03-20 09:00:00,99.86500000000001
2025-03-20 10:00:00,99.88000000000001
2025-03-20 11:00:00,99.87
2025-03-20 12:00:00,99.875
2025-03-20 13:00:00,99.87
2025-03-20 14:00:00,99.88000000000001
2025-03-20 15:00:00,99.88000000000001
2025-03-20 16:00:00,99.88000000000001
2025-03-20 17:00:00,99.87
2025-03-20 23:00:00,99.875
2025-03-21 07:30:00,99.88000000000001
2025-03-21 08:00:00,99.89
2025-03-21 09:00:00,99.89
2025-03-21 10:00:00,99.89
2025-03-21 11:00:00,99.89500000000001
2025-03-21 12:00:00,99.89500000000001
2025-03-21 13:00:00,99.89500000000001
2025-03-21 14:00:00,99.89500000000001
2025-03-21 15:00:00,99.89500000000001
2025-03-21 16:00:00,99.89500000000001
2025-03-21 17:00:00,99.89
2025-03-21 23:00:00,99.89500000000001
2025-03-24 07:30:00,99.88000000000001
2025-03-24 08:00:00,99.9
2025-03-24 09:00:00,99.9
2025-03-24 10:00:00,99.89
2025-03-24 11:00:00,99.9
2025-03-24 12:00:00,99.89500000000001
2025-03-24 13:00:00,99.89500000000001
2025-03-24 14:00:00,99.89
2025-03-24 15:00:00,99.89500000000001
2025-03-24 16:00:00,99.9
2025-03-24 17:00:00,99.9
2025-03-24 23:00:00,99.89500000000001
2025-03-25 07:30:00,99.89500000000001
2025-03-25 08:00:00,99.9
2025-03-25 09:00:00,99.9
2025-03-25 10:00:00,99.89
2025-03-25 11:00:00,99.89
2025-03-25 12:00:00,99.9
2025-03-25 13:00:00,99.9
2025-03-25 14:00:00,99.915
2025-03-25 15:00:00,99.91000000000001
2025-03-25 16:00:00,99.91000000000001
2025-03-25 17:00:00,99.91000000000001
2025-03-25 23:00:00,99.91000000000001
2025-03-26 07:30:00,99.91000000000001
2025-03-26 08:00:00,99.91000000000001
2025-03-26 09:00:00,99.92
2025-03-26 10:00:00,99.92500000000001
2025-03-26 11:00:00,99.92500000000001
2025-03-26 12:00:00,99.92500000000001
2025-03-26 13:00:00,99.92500000000001
2025-03-26 14:00:00,99.92
2025-03-26 15:00:00,99.92
2025-03-26 16:00:00,99.93
2025-03-26 17:00:00,99.94500000000001
2025-03-26 23:00:00,99.92
2025-03-27 07:30:00,99.94500000000001
2025-03-27 08:00:00,99.935
2025-03-27 09:00:00,99.92500000000001
2025-03-27 10:00:00,99.94000000000001
2025-03-27 11:00:00,99.94000000000001
2025-03-27 12:00:00,99.94500000000001
2025-03-27 13:00:00,99.94000000000001
2025-03-27 14:00:00,99.94000000000001
2025-03-27 15:00:00,99.94000000000001
2025-03-27 16:00:00,99.95
2025-03-27 17:00:00,99.94500000000001
2025-03-27 23:00:00,99.94500000000001
2025-03-28 07:30:00,99.965
2025-03-28 08:00:00,99.96000000000001
2025-03-28 09:00:00,99.96000000000001
2025-03-28 10:00:00,99.965
2025-03-28 11:00:00,99.965
2025-03-28 12:00:00,99.965
2025-03-28 13:00:00,99.96000000000001
2025-03-28 14:00:00,99.95500000000001
2025-03-28 15:00:00,99.965
2025-03-28 16:00:00,99.97
2025-03-28 17:00:00,99.97
2025-03-28 23:00:00,99.97
2025-03-31 06:30:00,100.0
2025-03-31 07:00:00,100.01
2025-03-31 08:00:00,100.00500000000001
2025-03-31 09:00:00,100.0
2025-03-31 10:00:00,99.99000000000001
2025-03-31 11:00:00,99.995
2025-03-31 12:00:00,99.98
2025-03-31 13:00:00,99.985
2025-03-31 14:00:00,99.97
2025-03-31 15:00:00,99.95
2025-03-31 16:00:00,99.95
2025-03-31 23:00:00,99.95500000000001
2025-04-01 06:30:00,99.96000000000001
2025-04-01 07:00:00,99.985
2025-04-01 08:00:00,99.98
2025-04-01 09:00:00,99.98
2025-04-01 10:00:00,99.97
2025-04-01 11:00:00,99.97500000000001
2025-04-01 12:00:00,99.965
2025-04-01 13:00:00,99.97500000000001
2025-04-01 14:00:00,99.97500000000001
2025-04-01 15:00:00,99.97
2025-04-01 16:00:00,99.97
2025-04-01 23:00:00,99.97
2025-04-02 06:30:00,99.98
2025-04-02 07:00:00,99.99000000000001
2025-04-02 08:00:00,99.985
2025-04-02 09:00:00,99.985
2025-04-02 10:00:00,99.99000000000001
2025-04-02 11:00:00,99.98
2025-04-02 12:00:00,99.97500000000001
2025-04-02 13:00:00,99.965
2025-04-02 14:00:00,99.935
2025-04-02 15:00:00,99.935
2025-04-02 16:00:00,99.935
2025-04-02 23:00:00,99.95
2025-04-03 06:30:00,100.025
2025-04-03 07:00:00,100.00500000000001
2025-04-03 08:00:00,100.01
2025-04-03 09:00:00,100.03500000000001
2025-04-03 10:00:00,100.03
2025-04-03 11:00:00,100.025
2025-04-03 12:00:00,100.03
2025-04-03 13:00:00,100.025
2025-04-03 14:00:00,100.03
2025-04-03 15:00:00,100.015
2025-04-03 16:00:00,100.015
2025-04-03 23:00:00,100.03
2025-04-04 06:30:00,100.055
2025-04-04 07:00:00,100.06500000000001
2025-04-04 08:00:00,100.055
2025-04-04 09:00:00,100.055
2025-04-04 10:00:00,100.105
2025-04-04 11:00:00,100.11
2025-04-04 12:00:00,100.095
2025-04-04 13:00:00,100.09
2025-04-04 14:00:00,100.075
2025-04-04 15:00:00,100.045
2025-04-04 16:00:00,100.045
2025-04-04 23:00:00,100.06500000000001
2025-04-07 06:30:00,100.11
2025-04-07 07:00:00,100.15
2025-04-07 08:00:00,100.135
2025-04-07 09:00:00,100.14500000000001
2025-04-07 10:00:00,100.14
2025-04-07 11:00:00,100.14
2025-04-07 12:00:00,100.07000000000001
2025-04-07 13:00:00,100.09
2025-04-07 14:00:00,100.075
2025-04-07 15:00:00,100.08500000000001
2025-04-07 16:00:00,100.095
2025-04-07 23:00:00,100.105
2025-04-08 06:30:00,100.06500000000001
2025-04-08 07:00:00,100.10000000000001
2025-04-08 08:00:00,100.08500000000001
2025-04-08 09:00:00,100.09
2025-04-08 10:00:00,100.07000000000001
2025-04-08 11:00:00,100.07000000000001
2025-04-08 12:00:00,100.07000000000001
2025-04-08 13:00:00,100.06500000000001
2025-04-08 14:00:00,100.06500000000001
2025-04-08 15:00:00,100.06500000000001
2025-04-08 16:00:00,100.10000000000001
2025-04-08 23:00:00,100.06500000000001
2025-04-09 06:30:00,100.14500000000001
2025-04-09 07:00:00,100.14500000000001
2025-04-09 08:00:00,100.135
2025-04-09 09:00:00,100.12
2025-04-09 10:00:00,100.135
2025-04-09 11:00:00,100.155
2025-04-09 12:00:00,100.14500000000001
2025-04-09 13:00:00,100.13000000000001
2025-04-09 14:00:00,100.13000000000001
2025-04-09 15:00:00,100.12
2025-04-09 16:00:00,100.11500000000001
2025-04-09 23:00:00,100.135
2025-04-10 06:30:00,100.025
2025-04-10 07:00:00,100.06
2025-04-10 08:00:00,100.055
2025-04-10 09:00:00,100.055
2025-04-10 10:00:00,100.07000000000001
2025-04-10 11:00:00,100.075
2025-04-10 12:00:00,100.08000000000001
2025-04-10 13:00:00,100.09
2025-04-10 14:00:00,100.095
2025-04-10 15:00:00,100.105
2025-04-10 16:00:00,100.14500000000001
2025-04-10 23:00:00,100.095
2025-04-11 06:30:00,100.14
2025-04-11 07:00:00,100.125
2025-04-11 08:00:00,100.215
2025-04-11 09:00:00,100.21000000000001
2025-04-11 10:00:00,100.19000000000001
2025-04-11 11:00:00,100.20500000000001
2025-04-11 12:00:00,100.19000000000001
2025-04-11 13:00:00,100.19000000000001
2025-04-11 14:00:00,100.19500000000001
2025-04-11 15:00:00,100.17
2025-04-11 16:00:00,100.165
2025-04-11 23:00:00,100.185
2025-04-14 06:30:00,100.16000000000001
2025-04-14 07:00:00,100.17
2025-04-14 08:00:00,100.17
2025-04-14 09:00:00,100.16000000000001
2025-04-14 10:00:00,100.14
2025-04-14 11:00:00,100.13000000000001
2025-04-14 12:00:00,100.135
2025-04-14 13:00:00,100.15
2025-04-14 14:00:00,100.14500000000001
2025-04-14 15:00:00,100.165
2025-04-14 16:00:00,100.155
2025-04-14 23:00:00,100.14500000000001
2025-04-15 06:30:00,100.17500000000001
2025-04-15 07:00:00,100.14500000000001
2025-04-15 08:00:00,100.155
2025-04-15 09:00:00,100.14500000000001
2025-04-15 10:00:00,100.135
2025-04-15 11:00:00,100.15
2025-04-15 12:00:00,100.14500000000001
2025-04-15 13:00:00,100.15
2025-04-15 14:00:00,100.17500000000001
2025-04-15 15:00:00,100.17
2025-04-15 16:00:00,100.165
2025-04-15 23:00:00,100.17
2025-04-16 06:30:00,100.17500000000001
2025-04-16 07:00:00,100.2
2025-04-16 08:00:00,100.21000000000001
2025-04-16 09:00:00,100.2
2025-04-16 10:00:00,100.20500000000001
2025-04-16 11:00:00,100.2
2025-04-16 12:00:00,100.19000000000001
2025-04-16 13:00:00,100.19500000000001
2025-04-16 14:00:00,100.185
2025-04-16 15:00:00,100.165
2025-04-16 16:00:00,100.165
2025-04-16 23:00:00,100.18
2025-04-17 06:30:00,100.17
2025-04-17 07:00:00,100.16000000000001
2025-04-17 08:00:00,100.155
2025-04-17 09:00:00,100.16000000000001
2025-04-17 10:00:00,100.165
2025-04-17 11:00:00,100.17
2025-04-17 12:00:00,100.215
2025-04-17 13:00:00,100.21000000000001
2025-04-17 14:00:00,100.20500000000001
2025-04-17 15:00:00,100.20500000000001
2025-04-17 16:00:00,100.19500000000001
2025-04-17 23:00:00,100.21000000000001
2025-04-22 06:30:00,100.21000000000001
2025-04-22 07:00:00,100.21000000000001
2025-04-22 08:00:00,100.2
2025-04-22 09:00:00,100.19500000000001
2025-04-22 10:00:00,100.2
2025-04-22 11:00:00,100.20500000000001
2025-04-22 12:00:00,100.20500000000001
2025-04-22 13:00:00,100.2
2025-04-22 14:00:00,100.20500000000001
2025-04-22 15:00:00,100.20500000000001
2025-04-22 16:00:00,100.2
2025-04-22 23:00:00,100.20500000000001
2025-04-23 06:30:00,100.17
2025-04-23 07:00:00,100.17
2025-04-23 08:00:00,100.17500000000001
2025-04-23 09:00:00,100.18
2025-04-23 10:00:00,100.17
2025-04-23 11:00:00,100.17500000000001
2025-04-23 12:00:00,100.17
2025-04-23 13:00:00,100.14500000000001
2025-04-23 14:00:00,100.14500000000001
2025-04-23 15:00:00,100.14500000000001
2025-04-23 16:00:00,100.14
2025-04-23 23:00:00,100.14
2025-04-24 06:30:00,100.15
2025-04-24 07:00:00,100.155
2025-04-24 08:00:00,100.17500000000001
2025-04-24 09:00:00,100.17
2025-04-24 10:00:00,100.17500000000001
2025-04-24 11:00:00,100.17500000000001
2025-04-24 12:00:00,100.185
2025-04-24 13:00:00,100.18
2025-04-24 14:00:00,100.17
2025-04-24 15:00:00,100.18
2025-04-24 16:00:00,100.17500000000001
2025-04-24 23:00:00,100.18
2025-04-25 06:30:00,100.165
2025-04-25 07:00:00,100.18
2025-04-25 08:00:00,100.18
2025-04-25 09:00:00,100.18
2025-04-25 10:00:00,100.19500000000001
2025-04-25 11:00:00,100.19500000000001
2025-04-25 12:00:00,100.20500000000001
2025-04-25 13:00:00,100.2
2025-04-25 14:00:00,100.19000000000001
2025-04-25 15:00:00,100.19000000000001
2025-04-25 16:00:00,100.19000000000001
2025-04-25 23:00:00,100.19000000000001
2025-04-28 06:30:00,100.185
2025-04-28 07:00:00,100.19500000000001
2025-04-28 08:00:00,100.19500000000001
2025-04-28 09:00:00,100.19500000000001
2025-04-28 10:00:00,100.19500000000001
2025-04-28 11:00:00,100.19500000000001
2025-04-28 12:00:00,100.19000000000001
2025-04-28 13:00:00,100.185
2025-04-28 14:00:00,100.19500000000001
2025-04-28 15:00:00,100.19500000000001
2025-04-28 16:00:00,100.20500000000001
2025-04-28 23:00:00,100.2
2025-04-29 06:30:00,100.2
2025-04-29 07:00:00,100.215
2025-04-29 08:00:00,100.20500000000001
2025-04-29 09:00:00,100.20500000000001
2025-04-29 10:00:00,100.20500000000001
2025-04-29 11:00:00,100.19500000000001
2025-04-29 12:00:00,100.20500000000001
2025-04-29 13:00:00,100.2
2025-04-29 14:00:00,100.19500000000001
2025-04-29 15:00:00,100.19000000000001
2025-04-29 16:00:00,100.185
2025-04-29 23:00:00,100.2
2025-04-30 06:30:00,100.19000000000001
2025-04-30 07:00:00,100.20500000000001
2025-04-30 08:00:00,100.21000000000001
2025-04-30 09:00:00,100.215
2025-04-30 10:00:00,100.22
2025-04-30 11:00:00,100.23
2025-04-30 12:00:00,100.235
2025-04-30 13:00:00,100.24000000000001
2025-04-30 14:00:00,100.25
2025-04-30 15:00:00,100.245
2025-04-30 16:00:00,100.245
2025-04-30 23:00:00,100.25
2025-05-02 06:30:00,100.22
2025-05-02 07:00:00,100.22500000000001
2025-05-02 08:00:00,100.22500000000001
2025-05-02 09:00:00,100.21000000000001
2025-05-02 10:00:00,100.21000000000001
2025-05-02 11:00:00,100.215
2025-05-02 12:00:00,100.215
2025-05-02 13:00:00,100.215
2025-05-02 14:00:00,100.215
2025-05-02 15:00:00,100.23
2025-05-02 16:00:00,100.22500000000001
2025-05-02 23:00:00,100.22500000000001
2025-05-05 06:30:00,100.25
2025-05-05 07:00:00,100.26
2025-05-05 08:00:00,100.27000000000001
2025-05-05 09:00:00,100.27000000000001
2025-05-05 10:00:00,100.28
2025-05-05 11:00:00,100.28500000000001
2025-05-05 12:00:00,100.28500000000001
2025-05-05 13:00:00,100.28500000000001
2025-05-05 14:00:00,100.28500000000001
2025-05-05 15:00:00,100.28500000000001
2025-05-05 16:00:00,100.28
2025-05-05 23:00:00,100.28500000000001
2025-05-06 06:30:00,100.28500000000001
2025-05-06 07:00:00,100.295
2025-05-06 08:00:00,100.295
2025-05-06 09:00:00,100.31
2025-05-06 10:00:00,100.31
2025-05-06 11:00:00,100.31
2025-05-06 12:00:00,100.305
2025-05-06 13:00:00,100.31
2025-05-06 14:00:00,100.31500000000001
2025-05-06 15:00:00,100.32000000000001
2025-05-06 16:00:00,100.32000000000001
2025-05-06 23:00:00,100.325
2025-05-07 06:30:00,100.32000000000001
2025-05-07 07:00:00,100.345
2025-05-07 08:00:00,100.345
2025-05-07 09:00:00,100.345
2025-05-07 10:00:00,100.345
2025-05-07 11:00:00,100.34
2025-05-07 12:00:00,100.355
2025-05-07 13:00:00,100.355
2025-05-07 14:00:00,100.355
2025-05-07 15:00:00,100.36
2025-05-07 16:00:00,100.36500000000001
2025-05-07 23:00:00,100.35000000000001
2025-05-08 06:30:00,100.355
2025-05-08 07:00:00,100.355
2025-05-08 08:00:00,100.33500000000001
2025-05-08 09:00:00,100.305
2025-05-08 10:00:00,100.31500000000001
2025-05-08 11:00:00,100.31500000000001
2025-05-08 12:00:00,100.31
2025-05-08 13:00:00,100.28500000000001
2025-05-08 14:00:00,100.27000000000001
2025-05-08 15:00:00,100.25500000000001
2025-05-08 16:00:00,100.25
2025-05-08 23:00:00,100.265
2025-05-09 06:30:00,100.24000000000001
2025-05-09 07:00:00,100.23
2025-05-09 08:00:00,100.24000000000001
2025-05-09 09:00:00,100.25500000000001
2025-05-09 10:00:00,100.265
2025-05-09 11:00:00,100.265
2025-05-09 12:00:00,100.27000000000001
2025-05-09 13:00:00,100.27000000000001
2025-05-09 14:00:00,100.26
2025-05-09 15:00:00,100.265
2025-05-09 16:00:00,100.26
2025-05-09 23:00:00,100.265
2025-05-12 06:30:00,100.24000000000001
2025-05-12 07:00:00,100.18
2025-05-12 08:00:00,100.185
2025-05-12 09:00:00,100.18
2025-05-12 10:00:00,100.17500000000001
2025-05-12 11:00:00,100.18
2025-05-12 12:00:00,100.165
2025-05-12 13:00:00,100.17
2025-05-12 14:00:00,100.185
2025-05-12 15:00:00,100.19000000000001
2025-05-12 16:00:00,100.17500000000001
2025-05-12 23:00:00,100.185
2025-05-13 06:30:00,100.18
2025-05-13 07:00:00,100.165
2025-05-13 08:00:00,100.185
2025-05-13 09:00:00,100.19000000000001
2025-05-13 10:00:00,100.19000000000001
2025-05-13 11:00:00,100.2
2025-05-13 12:00:00,100.215
2025-05-13 13:00:00,100.215
2025-05-13 14:00:00,100.20500000000001
2025-05-13 15:00:00,100.2
2025-05-13 16:00:00,100.19000000000001
2025-05-13 23:00:00,100.20500000000001
2025-05-14 06:30:00,100.19000000000001
2025-05-14 07:00:00,100.21000000000001
2025-05-14 08:00:00,100.23
2025-05-14 09:00:00,100.245
2025-05-14 10:00:00,100.245
2025-05-14 11:00:00,100.245
2025-05-14 12:00:00,100.23
2025-05-14 13:00:00,100.245
2025-05-14 14:00:00,100.23
2025-05-14 15:00:00,100.22
2025-05-14 16:00:00,100.215
2025-05-14 23:00:00,100.23
2025-05-15 06:30:00,100.23
2025-05-15 07:00:00,100.24000000000001
2025-05-15 08:00:00,100.245
2025-05-15 09:00:00,100.245
2025-05-15 10:00:00,100.25
2025-05-15 11:00:00,100.25500000000001
2025-05-15 12:00:00,100.26
2025-05-15 13:00:00,100.26
2025-05-15 14:00:00,100.26
2025-05-15 15:00:00,100.25500000000001
2025-05-15 16:00:00,100.25500000000001
2025-05-15 23:00:00,100.26
2025-05-16 06:30:00,100.27000000000001
2025-05-16 07:00:00,100.265
2025-05-16 08:00:00,100.265
2025-05-16 09:00:00,100.28
2025-05-16 10:00:00,100.28500000000001
2025-05-16 11:00:00,100.28
2025-05-16 12:00:00,100.28
2025-05-16 13:00:00,100.275
2025-05-16 14:00:00,100.275
2025-05-16 15:00:00,100.275
2025-05-16 16:00:00,100.27000000000001
2025-05-16 23:00:00,100.275
2025-05-19 06:30:00,100.27000000000001
2025-05-19 07:00:00,100.27000000000001
2025-05-19 08:00:00,100.275
2025-05-19 09:00:00,100.27000000000001
2025-05-19 10:00:00,100.27000000000001
2025-05-19 11:00:00,100.275
2025-05-19 12:00:00,100.28
2025-05-19 13:00:00,100.28
2025-05-19 14:00:00,100.31
2025-05-19 15:00:00,100.31
2025-05-19 16:00:00,100.31
2025-05-19 23:00:00,100.305
2025-05-20 06:30:00,100.31
2025-05-20 07:00:00,100.31
2025-05-20 08:00:00,100.31
2025-05-20 09:00:00,100.30000000000001
2025-05-20 10:00:00,100.30000000000001
2025-05-20 11:00:00,100.30000000000001
2025-05-20 12:00:00,100.295
2025-05-20 13:00:00,100.28500000000001
2025-05-20 14:00:00,100.295
2025-05-20 15:00:00,100.305
2025-05-20 16:00:00,100.305
2025-05-20 23:00:00,100.295
2025-05-21 06:30:00,100.31
2025-05-21 07:00:00,100.30000000000001
2025-05-21 08:00:00,100.29
2025-05-21 09:00:00,100.29
2025-05-21 10:00:00,100.295
2025-05-21 11:00:00,100.29
2025-05-21 12:00:00,100.295
2025-05-21 13:00:00,100.30000000000001
2025-05-21 14:00:00,100.31
2025-05-21 15:00:00,100.305
2025-05-21 16:00:00,100.305
2025-05-21 23:00:00,100.31
2025-05-22 06:30:00,100.325
2025-05-22 07:00:00,100.33500000000001
2025-05-22 08:00:00,100.34
2025-05-22 09:00:00,100.34
2025-05-22 10:00:00,100.35000000000001
2025-05-22 11:00:00,100.345
2025-05-22 12:00:00,100.35000000000001
2025-05-22 13:00:00,100.34
2025-05-22 14:00:00,100.35000000000001
2025-05-22 15:00:00,100.34
2025-05-22 16:00:00,100.345
2025-05-22 23:00:00,100.345
2025-05-23 06:30:00,100.35000000000001
2025-05-23 07:00:00,100.34
2025-05-23 08:00:00,100.33000000000001
2025-05-23 09:00:00,100.33000000000001
2025-05-23 10:00:00,100.33500000000001
2025-05-23 11:00:00,100.38000000000001
2025-05-23 12:00:00,100.375
2025-05-23 13:00:00,100.375
2025-05-23 14:00:00,100.375
2025-05-23 15:00:00,100.375
2025-05-23 16:00:00,100.36500000000001
2025-05-23 23:00:00,100.375
2025-05-26 06:30:00,100.37
2025-05-26 07:00:00,100.37
2025-05-26 08:00:00,100.37
2025-05-26 09:00:00,100.36500000000001
2025-05-26 10:00:00,100.37
2025-05-26 11:00:00,100.36500000000001
2025-05-26 12:00:00,100.375
2025-05-26 13:00:00,100.375
2025-05-26 14:00:00,100.38000000000001
2025-05-26 15:00:00,100.385
2025-05-26 16:00:00,100.39
2025-05-26 23:00:00,100.38000000000001
2025-05-27 06:30:00,100.385
2025-05-27 07:00:00,100.39
2025-05-27 08:00:00,100.385
2025-05-27 09:00:00,100.385
2025-05-27 10:00:00,100.39
2025-05-27 11:00:00,100.38000000000001
2025-05-27 12:00:00,100.38000000000001
2025-05-27 13:00:00,100.38000000000001
2025-05-27 14:00:00,100.37
2025-05-27 15:00:00,100.37
2025-05-27 16:00:00,100.36
2025-05-27 23:00:00,100.37
2025-05-28 06:30:00,100.355
2025-05-28 07:00:00,100.355
2025-05-28 08:00:00,100.355
2025-05-28 09:00:00,100.35000000000001
2025-05-28 10:00:00,100.35000000000001
2025-05-28 11:00:00,100.35000000000001
2025-05-28 12:00:00,100.36
2025-05-28 13:00:00,100.36
2025-05-28 14:00:00,100.36500000000001
2025-05-28 15:00:00,100.36500000000001
2025-05-28 16:00:00,100.37
2025-05-28 23:00:00,100.36500000000001
2025-05-29 23:00:00,100.36500000000001
2025-05-30 06:30:00,100.38000000000001
2025-05-30 07:00:00,100.39
2025-05-30 08:00:00,100.375
2025-05-30 09:00:00,100.37
2025-05-30 10:00:00,100.36500000000001
2025-05-30 11:00:00,100.36
2025-05-30 12:00:00,100.36
2025-05-30 13:00:00,100.36
2025-05-30 14:00:00,100.37
2025-05-30 15:00:00,100.38000000000001
2025-05-30 16:00:00,100.4
2025-05-30 23:00:00,100.37
2025-06-02 06:30:00,100.39
2025-06-02 07:00:00,100.375
2025-06-02 08:00:00,100.375
2025-06-02 09:00:00,100.36500000000001
2025-06-02 10:00:00,100.385
2025-06-02 11:00:00,100.385
2025-06-02 12:00:00,100.375
2025-06-02 13:00:00,100.37
2025-06-02 14:00:00,100.37
2025-06-02 15:00:00,100.36500000000001
2025-06-02 16:00:00,100.375
2025-06-02 23:00:00,100.37
2025-06-03 06:30:00,100.385
2025-06-03 07:00:00,100.385
2025-06-03 08:00:00,100.385
2025-06-03 09:00:00,100.375
2025-06-03 10:00:00,100.38
2025-06-03 11:00:00,100.38
2025-06-03 12:00:00,100.39
2025-06-03 13:00:00,100.385
2025-06-03 14:00:00,100.385
2025-06-03 15:00:00,100.375
2025-06-03 16:00:00,100.38
2025-06-03 23:00:00,100.385
2025-06-04 06:30:00,100.375
2025-06-04 07:00:00,100.36
2025-06-04 08:00:00,100.37
2025-06-04 09:00:00,100.37
2025-06-04 10:00:00,100.365
2025-06-04 11:00:00,100.36
2025-06-04 12:00:00,100.37
2025-06-04 13:00:00,100.36
2025-06-04 14:00:00,100.365
2025-06-04 15:00:00,100.365
2025-06-04 16:00:00,100.37
2025-06-04 23:00:00,100.36
2025-06-05 06:30:00,100.36
2025-06-05 07:00:00,100.355
2025-06-05 08:00:00,100.36
2025-06-05 09:00:00,100.36
2025-06-05 10:00:00,100.36
2025-06-05 11:00:00,100.36
2025-06-05 12:00:00,100.35
2025-06-05 13:00:00,100.3
2025-06-05 14:00:00,100.28
2025-06-05 15:00:00,100.285
2025-06-05 16:00:00,100.29
2025-06-05 23:00:00,100.285
2025-06-06 06:30:00,100.26
2025-06-06 07:00:00,100.28
2025-06-06 08:00:00,100.29
2025-06-06 09:00:00,100.285
2025-06-06 10:00:00,100.29
2025-06-06 11:00:00,100.29
2025-06-06 12:00:00,100.275
2025-06-06 13:00:00,100.275
2025-06-06 14:00:00,100.265
2025-06-06 15:00:00,100.26
2025-06-06 16:00:00,100.265
2025-06-06 23:00:00,100.265
2025-06-09 23:00:00,100.265
2025-06-10 06:30:00,100.3
2025-06-10 07:00:00,100.3
2025-06-10 08:00:00,100.3
2025-06-10 09:00:00,100.295
2025-06-10 10:00:00,100.3
2025-06-10 11:00:00,100.295
2025-06-10 12:00:00,100.295
2025-06-10 13:00:00,100.3
2025-06-10 14:00:00,100.3
2025-06-10 15:00:00,100.31
2025-06-10 16:00:00,100.32
2025-06-10 23:00:00,100.3
2025-06-11 06:30:00,100.315
2025-06-11 07:00:00,100.3
2025-06-11 08:00:00,100.305
2025-06-11 09:00:00,100.305
2025-06-11 10:00:00,100.295
2025-06-11 11:00:00,100.3
2025-06-11 12:00:00,100.315
2025-06-11 13:00:00,100.31
2025-06-11 14:00:00,100.31
2025-06-11 15:00:00,100.315
2025-06-11 16:00:00,100.32
2025-06-11 23:00:00,100.31
2025-06-12 06:30:00,100.325
2025-06-12 07:00:00,100.32
2025-06-12 08:00:00,100.33
2025-06-12 09:00:00,100.35
2025-06-12 10:00:00,100.355
2025-06-12 11:00:00,100.355
2025-06-12 12:00:00,100.35
2025-06-12 13:00:00,100.335
2025-06-12 14:00:00,100.34
2025-06-12 15:00:00,100.34
2025-06-12 16:00:00,100.34
2025-06-12 23:00:00,100.34
2025-06-13 06:30:00,100.34
2025-06-13 07:00:00,100.325
2025-06-13 08:00:00,100.32
2025-06-13 09:00:00,100.31
2025-06-13 10:00:00,100.3
2025-06-13 11:00:00,100.315
2025-06-13 12:00:00,100.305
2025-06-13 13:00:00,100.305
2025-06-13 14:00:00,100.3
2025-06-13 15:00:00,100.29
2025-06-13 16:00:00,100.285
2025-06-13 23:00:00,100.3
2025-06-16 06:30:00,100.29
2025-06-16 07:00:00,100.265
2025-06-16 08:00:00,100.275
2025-06-16 09:00:00,100.27
2025-06-16 10:00:00,100.265
2025-06-16 11:00:00,100.265
2025-06-16 12:00:00,100.26
2025-06-16 13:00:00,100.27
2025-06-16 14:00:00,100.27
2025-06-16 15:00:00,100.27
2025-06-16 16:00:00,100.275
2025-06-16 23:00:00,100.27
2025-06-17 06:30:00,100.27
2025-06-17 07:00:00,100.27
2025-06-17 08:00:00,100.27
2025-06-17 09:00:00,100.27
2025-06-17 10:00:00,100.275
2025-06-17 11:00:00,100.285
2025-06-17 12:00:00,100.285
2025-06-17 13:00:00,100.28
2025-06-17 14:00:00,100.28
2025-06-17 15:00:00,100.285
2025-06-17 16:00:00,100.295
2025-06-17 23:00:00,100.28
2025-06-18 06:30:00,100.29
2025-06-18 07:00:00,100.295
2025-06-18 08:00:00,100.29
2025-06-18 09:00:00,100.285
2025-06-18 10:00:00,100.295
2025-06-18 11:00:00,100.295
2025-06-18 12:00:00,100.29
2025-06-18 13:00:00,100.295
2025-06-18 14:00:00,100.31
2025-06-18 15:00:00,100.31
2025-06-18 16:00:00,100.3
2025-06-18 23:00:00,100.31
2025-06-19 06:30:00,100.295
2025-06-19 07:00:00,100.295
2025-06-19 08:00:00,100.235
2025-06-19 09:00:00,100.24
2025-06-19 10:00:00,100.225
2025-06-19 11:00:00,100.21
2025-06-19 12:00:00,100.22
2025-06-19 13:00:00,100.22
2025-06-19 14:00:00,100.205
2025-06-19 15:00:00,100.205
2025-06-19 16:00:00,100.205
2025-06-19 23:00:00,100.21
2025-06-20 06:30:00,100.2
2025-06-20 07:00:00,100.18
2025-06-20 08:00:00,100.175
2025-06-20 09:00:00,100.175
2025-06-20 10:00:00,100.17
2025-06-20 11:00:00,100.17
2025-06-20 12:00:00,100.175
2025-06-20 13:00:00,100.175
2025-06-20 14:00:00,100.175
2025-06-20 15:00:00,100.175
2025-06-20 16:00:00,100.18
2025-06-20 23:00:00,100.175
2025-06-23 06:30:00,100.16
2025-06-23 07:00:00,100.155
2025-06-23 08:00:00,100.15
2025-06-23 09:00:00,100.15
2025-06-23 10:00:00,100.15
2025-06-23 11:00:00,100.18
2025-06-23 12:00:00,100.19
2025-06-23 13:00:00,100.18
2025-06-23 14:00:00,100.19
2025-06-23 15:00:00,100.185
2025-06-23 16:00:00,100.185
2025-06-23 23:00:00,100.185
2025-06-24 06:30:00,100.19
2025-06-24 07:00:00,100.2
2025-06-24 08:00:00,100.205
2025-06-24 09:00:00,100.205
2025-06-24 10:00:00,100.195
2025-06-24 11:00:00,100.195
2025-06-24 12:00:00,100.2
2025-06-24 13:00:00,100.19
2025-06-24 14:00:00,100.21
2025-06-24 15:00:00,100.205
2025-06-24 16:00:00,100.21
2025-06-24 23:00:00,100.21
2025-06-25 06:30:00,100.21
2025-06-25 07:00:00,100.215
2025-06-25 08:00:00,100.21
2025-06-25 09:00:00,100.215
2025-06-25 10:00:00,100.205
2025-06-25 11:00:00,100.21
2025-06-25 12:00:00,100.195
2025-06-25 13:00:00,100.19
2025-06-25 14:00:00,100.205
2025-06-25 15:00:00,100.205
2025-06-25 16:00:00,100.21
2025-06-25 23:00:00,100.205
2025-06-26 06:30:00,100.21
2025-06-26 07:00:00,100.215
2025-06-26 08:00:00,100.215
2025-06-26 09:00:00,100.215
2025-06-26 10:00:00,100.21
2025-06-26 11:00:00,100.22
2025-06-26 12:00:00,100.215
2025-06-26 13:00:00,100.215
2025-06-26 14:00:00,100.21
2025-06-26 15:00:00,100.21
2025-06-26 16:00:00,100.205
2025-06-26 23:00:00,100.205
2025-06-27 06:30:00,100.205
2025-06-27 07:00:00,100.19
2025-06-27 08:00:00,100.2
2025-06-27 09:00:00,100.2
2025-06-27 10:00:00,100.19
2025-06-27 11:00:00,100.18
2025-06-27 12:00:00,100.17
2025-06-27 13:00:00,100.17
2025-06-27 14:00:00,100.175
2025-06-27 15:00:00,100.18
2025-06-27 16:00:00,100.19
2025-06-27 23:00:00,100.18
2025-06-30 06:30:00,100.195
2025-06-30 07:00:00,100.19
2025-06-30 08:00:00,100.195
2025-06-30 09:00:00,100.195
2025-06-30 10:00:00,100.2
2025-06-30 11:00:00,100.19
2025-06-30 12:00:00,100.185
2025-06-30 13:00:00,100.205
2025-06-30 14:00:00,100.21
2025-06-30 15:00:00,100.21
2025-06-30 16:00:00,100.21
2025-06-30 23:00:00,100.21
2025-07-01 06:30:00,100.215
2025-07-01 07:00:00,100.22
2025-07-01 08:00:00,100.225
2025-07-01 09:00:00,100.225
2025-07-01 10:00:00,100.225
2025-07-01 11:00:00,100.225
2025-07-01 12:00:00,100.23
2025-07-01 13:00:00,100.225
2025-07-01 14:00:00,100.22
2025-07-01 15:00:00,100.215
2025-07-01 16:00:00,100.215
2025-07-01 23:00:00,100.22
2025-07-02 06:30:00,100.21
2025-07-02 07:00:00,100.205
2025-07-02 08:00:00,100.205
2025-07-02 09:00:00,100.2
2025-07-02 10:00:00,100.21
2025-07-02 11:00:00,100.205
2025-07-02 12:00:00,100.215
2025-07-02 13:00:00,100.21
2025-07-02 14:00:00,100.215
2025-07-02 15:00:00,100.215
2025-07-02 16:00:00,100.21
2025-07-02 23:00:00,100.215
2025-07-03 06:30:00,100.195
2025-07-03 07:00:00,100.2
2025-07-03 08:00:00,100.2
2025-07-03 09:00:00,100.205
2025-07-03 10:00:00,100.205
2025-07-03 11:00:00,100.19
2025-07-03 12:00:00,100.19
2025-07-03 13:00:00,100.19
2025-07-03 14:00:00,100.19
2025-07-03 15:00:00,100.19
2025-07-03 16:00:00,100.185
2025-07-03 23:00:00,100.185
2025-07-04 06:30:00,100.195
2025-07-04 07:00:00,100.2
2025-07-04 08:00:00,100.195
2025-07-04 09:00:00,100.19
2025-07-04 10:00:00,100.195
2025-07-04 11:00:00,100.19
2025-07-04 12:00:00,100.19
2025-07-04 13:00:00,100.19
2025-07-04 14:00:00,100.18
2025-07-04 15:00:00,100.18
2025-07-04 16:00:00,100.19
2025-07-04 23:00:00,100.185
2025-07-07 06:30:00,100.18
2025-07-07 07:00:00,100.175
2025-07-07 08:00:00,100.18
2025-07-07 09:00:00,100.18
2025-07-07 10:00:00,100.175
2025-07-07 11:00:00,100.175
2025-07-07 12:00:00,100.175
2025-07-07 13:00:00,100.175
2025-07-07 14:00:00,100.18
2025-07-07 15:00:00,100.175
2025-07-07 16:00:00,100.19
2025-07-07 23:00:00,100.18
2025-07-08 06:30:00,100.17
2025-07-08 07:00:00,100.165
2025-07-08 08:00:00,100.17
2025-07-08 09:00:00,100.16
2025-07-08 10:00:00,100.165
2025-07-08 11:00:00,100.17
2025-07-08 12:00:00,100.165
2025-07-08 13:00:00,100.17
2025-07-08 14:00:00,100.175
2025-07-08 15:00:00,100.165
2025-07-08 16:00:00,100.175
2025-07-08 23:00:00,100.17
2025-07-09 06:30:00,100.17
2025-07-09 07:00:00,100.17
2025-07-09 08:00:00,100.17
2025-07-09 09:00:00,100.165
2025-07-09 10:00:00,100.165
2025-07-09 11:00:00,100.165
2025-07-09 12:00:00,100.165
2025-07-09 13:00:00,100.17
2025-07-09 14:00:00,100.17
2025-07-09 15:00:00,100.17
2025-07-09 16:00:00,100.175
2025-07-09 23:00:00,100.175
2025-07-10 06:30:00,100.175
2025-07-10 07:00:00,100.17
2025-07-10 08:00:00,100.17
2025-07-10 09:00:00,100.165
2025-07-10 10:00:00,100.165
2025-07-10 11:00:00,100.16
2025-07-10 12:00:00,100.16
2025-07-10 13:00:00,100.16
2025-07-10 14:00:00,100.155
2025-07-10 15:00:00,100.16
2025-07-10 16:00:00,100.165
2025-07-10 23:00:00,100.16
2025-07-11 06:30:00,100.16
2025-07-11 07:00:00,100.16
2025-07-11 08:00:00,100.155
2025-07-11 09:00:00,100.155
2025-07-11 10:00:00,100.155
2025-07-11 11:00:00,100.155
2025-07-11 12:00:00,100.15
2025-07-11 13:00:00,100.15
2025-07-11 14:00:00,100.155
2025-07-11 15:00:00,100.15
2025-07-11 16:00:00,100.145
2025-07-11 23:00:00,100.15
2025-07-14 06:30:00,100.155
2025-07-14 07:00:00,100.15
2025-07-14 08:00:00,100.145
2025-07-14 09:00:00,100.145
2025-07-14 10:00:00,100.145
2025-07-14 11:00:00,100.15
2025-07-14 12:00:00,100.15
2025-07-14 13:00:00,100.15
2025-07-14 14:00:00,100.155
2025-07-14 15:00:00,100.15
2025-07-14 16:00:00,100.155
2025-07-14 23:00:00,100.15
2025-07-15 06:30:00,100.15
2025-07-15 07:00:00,100.155
2025-07-15 08:00:00,100.155
2025-07-15 09:00:00,100.165
2025-07-15 10:00:00,100.165
2025-07-15 11:00:00,100.17
2025-07-15 12:00:00,100.165
2025-07-15 13:00:00,100.18
2025-07-15 14:00:00,100.17
2025-07-15 15:00:00,100.17
2025-07-15 16:00:00,100.165
2025-07-15 23:00:00,100.17
2025-07-16 06:30:00,100.17
2025-07-16 07:00:00,100.16
2025-07-16 08:00:00,100.165
2025-07-16 09:00:00,100.17
2025-07-16 10:00:00,100.17
2025-07-16 11:00:00,100.165
2025-07-16 12:00:00,100.17
2025-07-16 13:00:00,100.17
2025-07-16 14:00:00,100.17
2025-07-16 15:00:00,100.18
2025-07-16 16:00:00,100.18
2025-07-16 23:00:00,100.175
2025-07-17 06:30:00,100.175
2025-07-17 07:00:00,100.175
2025-07-17 08:00:00,100.175
2025-07-17 09:00:00,100.17
2025-07-17 10:00:00,100.17
2025-07-17 11:00:00,100.17
2025-07-17 12:00:00,100.17
2025-07-17 13:00:00,100.175
2025-07-17 14:00:00,100.175
2025-07-17 15:00:00,100.175
2025-07-17 16:00:00,100.175
2025-07-17 23:00:00,100.175
2025-07-18 06:30:00,100.175
2025-07-18 07:00:00,100.17
2025-07-18 08:00:00,100.17
2025-07-18 09:00:00,100.17
2025-07-18 10:00:00,100.17
2025-07-18 11:00:00,100.165
2025-07-18 12:00:00,100.17
2025-07-18 13:00:00,100.17
2025-07-18 14:00:00,100.165
2025-07-18 15:00:00,100.17
2025-07-18 16:00:00,100.17
2025-07-18 23:00:00,100.17
2025-07-21 06:30:00,100.17
2025-07-21 07:00:00,100.165
2025-07-21 08:00:00,100.17
2025-07-21 09:00:00,100.17
2025-07-21 10:00:00,100.17
2025-07-21 11:00:00,100.175
2025-07-21 12:00:00,100.175
2025-07-21 13:00:00,100.175
2025-07-21 14:00:00,100.18
2025-07-21 15:00:00,100.18
2025-07-21 16:00:00,100.18
2025-07-21 23:00:00,100.18
2025-07-22 06:30:00,100.18
2025-07-22 07:00:00,100.185
2025-07-22 08:00:00,100.185
2025-07-22 09:00:00,100.19
2025-07-22 10:00:00,100.19
2025-07-22 11:00:00,100.205
2025-07-22 12:00:00,100.205
2025-07-22 13:00:00,100.205
2025-07-22 14:00:00,100.205
2025-07-22 15:00:00,100.21
2025-07-22 16:00:00,100.21
2025-07-22 23:00:00,100.205
2025-07-23 06:30:00,100.2
2025-07-23 07:00:00,100.195
2025-07-23 08:00:00,100.19
2025-07-23 09:00:00,100.195
2025-07-23 10:00:00,100.2
2025-07-23 11:00:00,100.2
2025-07-23 12:00:00,100.205
2025-07-23 13:00:00,100.205
2025-07-23 14:00:00,100.21
2025-07-23 15:00:00,100.2
2025-07-23 16:00:00,100.175
2025-07-23 23:00:00,100.21
2025-07-24 06:30:00,100.185
2025-07-24 07:00:00,100.18
2025-07-24 08:00:00,100.18
2025-07-24 09:00:00,100.185
2025-07-24 10:00:00,100.185
2025-07-24 11:00:00,100.185
2025-07-24 12:00:00,100.18
2025-07-24 13:00:00,100.165
2025-07-24 14:00:00,100.16
2025-07-24 15:00:00,100.155
2025-07-24 16:00:00,100.155
2025-07-24 23:00:00,100.16
2025-07-25 06:30:00,100.15
2025-07-25 07:00:00,100.145
2025-07-25 08:00:00,100.145
2025-07-25 09:00:00,100.145
2025-07-25 10:00:00,100.17
2025-07-25 11:00:00,100.165
2025-07-25 12:00:00,100.16
2025-07-25 13:00:00,100.165
2025-07-25 14:00:00,100.17
2025-07-25 15:00:00,100.17
2025-07-25 16:00:00,100.165
2025-07-25 23:00:00,100.17
2025-07-28 06:30:00,100.165
2025-07-28 07:00:00,100.17
2025-07-28 08:00:00,100.175
2025-07-28 09:00:00,100.175
2025-07-28 10:00:00,100.175
2025-07-28 11:00:00,100.18
2025-07-28 12:00:00,100.175
2025-07-28 13:00:00,100.18
2025-07-28 14:00:00,100.18
2025-07-28 15:00:00,100.18
2025-07-28 16:00:00,100.175
2025-07-28 23:00:00,100.18
2025-07-29 06:30:00,100.18
2025-07-29 07:00:00,100.175
2025-07-29 08:00:00,100.18
2025-07-29 09:00:00,100.18
2025-07-29 10:00:00,100.175
2025-07-29 11:00:00,100.18
2025-07-29 12:00:00,100.175
2025-07-29 13:00:00,100.17
2025-07-29 14:00:00,100.175
2025-07-29 15:00:00,100.17
2025-07-29 16:00:00,100.175
2025-07-29 23:00:00,100.175
2025-07-30 06:30:00,100.17
2025-07-30 07:00:00,100.175
2025-07-30 08:00:00,100.17
2025-07-30 09:00:00,100.17
2025-07-30 10:00:00,100.175
2025-07-30 11:00:00,100.17
2025-07-30 12:00:00,100.165
2025-07-30 13:00:00,100.155
2025-07-30 14:00:00,100.16
2025-07-30 15:00:00,100.16
2025-07-30 16:00:00,100.16
2025-07-30 23:00:00,100.16
2025-07-31 06:30:00,100.16
2025-07-31 07:00:00,100.15
2025-07-31 08:00:00,100.15
2025-07-31 09:00:00,100.15
2025-07-31 10:00:00,100.155
2025-07-31 11:00:00,100.15
2025-07-31 12:00:00,100.15
2025-07-31 13:00:00,100.155
2025-07-31 14:00:00,100.16
2025-07-31 15:00:00,100.16
2025-07-31 16:00:00,100.165
2025-07-31 23:00:00,100.165
2025-08-01 23:00:00,100.165
2025-08-04 06:30:00,100.19
2025-08-04 07:00:00,100.185
2025-08-04 08:00:00,100.195
2025-08-04 09:00:00,100.195
2025-08-04 10:00:00,100.2
2025-08-04 11:00:00,100.2
2025-08-04 12:00:00,100.2
2025-08-04 13:00:00,100.195
2025-08-04 14:00:00,100.195
2025-08-04 15:00:00,100.2
2025-08-04 16:00:00,100.195
2025-08-04 23:00:00,100.195
2025-08-05 06:30:00,100.2
2025-08-05 07:00:00,100.21
2025-08-05 08:00:00,100.205
2025-08-05 09:00:00,100.205
2025-08-05 10:00:00,100.195
2025-08-05 11:00:00,100.19
2025-08-05 12:00:00,100.195
2025-08-05 13:00:00,100.19
2025-08-05 14:00:00,100.19
2025-08-05 15:00:00,100.185
2025-08-05 16:00:00,100.19
2025-08-05 23:00:00,100.19
2025-08-06 06:30:00,100.19
2025-08-06 07:00:00,100.195
2025-08-06 08:00:00,100.195
2025-08-06 09:00:00,100.185
2025-08-06 10:00:00,100.19
2025-08-06 11:00:00,100.195
2025-08-06 12:00:00,100.19
2025-08-06 13:00:00,100.19
2025-08-06 14:00:00,100.185
2025-08-06 15:00:00,100.185
2025-08-06 16:00:00,100.19
2025-08-06 23:00:00,100.185
2025-08-07 06:30:00,100.195
2025-08-07 07:00:00,100.2
2025-08-07 08:00:00,100.215
2025-08-07 09:00:00,100.2
2025-08-07 10:00:00,100.195
2025-08-07 11:00:00,100.2
2025-08-07 12:00:00,100.205
2025-08-07 13:00:00,100.2
2025-08-07 14:00:00,100.2
2025-08-07 15:00:00,100.205
2025-08-07 16:00:00,100.205
2025-08-07 23:00:00,100.195
2025-08-08 06:30:00,100.205
2025-08-08 07:00:00,100.205
2025-08-08 08:00:00,100.215
2025-08-08 09:00:00,100.21
2025-08-08 10:00:00,100.21
2025-08-08 11:00:00,100.215
2025-08-08 12:00:00,100.215
2025-08-08 13:00:00,100.205
2025-08-08 14:00:00,100.21
2025-08-08 15:00:00,100.21
2025-08-08 16:00:00,100.21
2025-08-08 23:00:00,100.205
2025-08-11 06:30:00,100.21
2025-08-11 07:00:00,100.215
2025-08-11 08:00:00,100.215
2025-08-11 09:00:00,100.215
2025-08-11 10:00:00,100.215
2025-08-11 11:00:00,100.215
2025-08-11 12:00:00,100.22
2025-08-11 13:00:00,100.225
2025-08-11 14:00:00,100.225
2025-08-11 15:00:00,100.22
2025-08-11 16:00:00,100.225
2025-08-11 23:00:00,100.225
2025-08-12 06:30:00,100.225
2025-08-12 07:00:00,100.225
2025-08-12 08:00:00,100.23
2025-08-12 09:00:00,100.23
2025-08-12 10:00:00,100.23
2025-08-12 11:00:00,100.235
2025-08-12 12:00:00,100.235
2025-08-12 13:00:00,100.23
2025-08-12 14:00:00,100.23
2025-08-12 15:00:00,100.24
2025-08-12 16:00:00,100.245
2025-08-12 23:00:00,100.235
2025-08-13 06:30:00,100.235
2025-08-13 07:00:00,100.235
2025-08-13 08:00:00,100.24
2025-08-13 09:00:00,100.24
2025-08-13 10:00:00,100.24
2025-08-13 11:00:00,100.24
2025-08-13 12:00:00,100.24
2025-08-13 13:00:00,100.24
2025-08-13 14:00:00,100.24
2025-08-13 15:00:00,100.24
2025-08-13 16:00:00,100.24
2025-08-13 23:00:00,100.245
2025-08-14 06:30:00,100.245
2025-08-14 07:00:00,100.24
2025-08-14 08:00:00,100.22
2025-08-14 09:00:00,100.215
2025-08-14 10:00:00,100.21
2025-08-14 11:00:00,100.2
2025-08-14 12:00:00,100.195
2025-08-14 13:00:00,100.195
2025-08-14 14:00:00,100.195
2025-08-14 15:00:00,100.195
2025-08-14 16:00:00,100.2
2025-08-14 23:00:00,100.19
2025-08-15 06:30:00,100.195
2025-08-15 07:00:00,100.18
2025-08-15 08:00:00,100.185
2025-08-15 09:00:00,100.18
2025-08-15 10:00:00,100.185
2025-08-15 11:00:00,100.18
2025-08-15 12:00:00,100.18
2025-08-15 13:00:00,100.185
2025-08-15 14:00:00,100.185
2025-08-15 15:00:00,100.185
2025-08-15 16:00:00,100.18
2025-08-15 23:00:00,100.18
2025-08-18 06:30:00,100.18
2025-08-18 07:00:00,100.19
2025-08-18 08:00:00,100.19
2025-08-18 09:00:00,100.185
2025-08-18 10:00:00,100.19
2025-08-18 11:00:00,100.18
2025-08-18 12:00:00,100.175
2025-08-18 13:00:00,100.175
2025-08-18 14:00:00,100.17
2025-08-18 15:00:00,100.175
2025-08-18 16:00:00,100.17
2025-08-18 23:00:00,100.17
2025-08-19 06:30:00,100.17
2025-08-19 07:00:00,100.17
2025-08-19 08:00:00,100.17
2025-08-19 09:00:00,100.17
2025-08-19 10:00:00,100.165
2025-08-19 11:00:00,100.165
2025-08-19 12:00:00,100.17
2025-08-19 13:00:00,100.175
2025-08-19 14:00:00,100.175
2025-08-19 15:00:00,100.175
2025-08-19 16:00:00,100.175
2025-08-19 23:00:00,100.175
2025-08-20 06:30:00,100.18
2025-08-20 07:00:00,100.175
2025-08-20 08:00:00,100.18
2025-08-20 09:00:00,100.175
2025-08-20 10:00:00,100.17
2025-08-20 11:00:00,100.17
2025-08-20 12:00:00,100.17
2025-08-20 13:00:00,100.175
2025-08-20 14:00:00,100.185
2025-08-20 15:00:00,100.18
2025-08-20 16:00:00,100.175
2025-08-20 23:00:00,100.18
2025-08-21 06:30:00,100.18
2025-08-21 07:00:00,100.165
2025-08-21 08:00:00,100.16
2025-08-21 09:00:00,100.16
2025-08-21 10:00:00,100.155
2025-08-21 11:00:00,100.15
2025-08-21 12:00:00,100.155
2025-08-21 13:00:00,100.155
2025-08-21 14:00:00,100.155
2025-08-21 15:00:00,100.16
2025-08-21 16:00:00,100.155
2025-08-21 23:00:00,100.15
2025-08-22 06:30:00,100.15
2025-08-22 07:00:00,100.145
2025-08-22 08:00:00,100.145
2025-08-22 09:00:00,100.145
2025-08-22 10:00:00,100.15
2025-08-22 11:00:00,100.145
2025-08-22 12:00:00,100.145
2025-08-22 13:00:00,100.14
2025-08-22 14:00:00,100.155
2025-08-22 15:00:00,100.16
2025-08-22 16:00:00,100.16
2025-08-22 23:00:00,100.16
2025-08-25 06:30:00,100.155
2025-08-25 07:00:00,100.15
2025-08-25 08:00:00,100.145
2025-08-25 09:00:00,100.145
2025-08-25 10:00:00,100.145
2025-08-25 11:00:00,100.15
2025-08-25 12:00:00,100.145
2025-08-25 13:00:00,100.14
2025-08-25 14:00:00,100.14
2025-08-25 15:00:00,100.145
2025-08-25 16:00:00,100.16
2025-08-25 23:00:00,100.145
2025-08-26 06:30:00,100.16
2025-08-26 07:00:00,100.165
2025-08-26 08:00:00,100.16
2025-08-26 09:00:00,100.16
2025-08-26 10:00:00,100.16
2025-08-26 11:00:00,100.16
2025-08-26 12:00:00,100.165
2025-08-26 13:00:00,100.165
2025-08-26 14:00:00,100.16
2025-08-26 15:00:00,100.165
2025-08-26 16:00:00,100.16
2025-08-26 23:00:00,100.155
2025-08-27 06:30:00,100.155
2025-08-27 07:00:00,100.16
2025-08-27 08:00:00,100.165
2025-08-27 09:00:00,100.165
2025-08-27 10:00:00,100.165
2025-08-27 11:00:00,100.16
2025-08-27 12:00:00,100.155
2025-08-27 13:00:00,100.155
2025-08-27 14:00:00,100.16
2025-08-27 15:00:00,100.155
2025-08-27 16:00:00,100.155
2025-08-27 23:00:00,100.155
2025-08-28 06:30:00,100.155
2025-08-28 07:00:00,100.15
2025-08-28 08:00:00,100.145
2025-08-28 09:00:00,100.14
2025-08-28 10:00:00,100.14
2025-08-28 11:00:00,100.13
2025-08-28 12:00:00,100.135
2025-08-28 13:00:00,100.14
2025-08-28 14:00:00,100.14
2025-08-28 15:00:00,100.14
2025-08-28 16:00:00,100.14
2025-08-28 23:00:00,100.145
2025-08-29 06:30:00,100.145
2025-08-29 07:00:00,100.14
2025-08-29 08:00:00,100.135
2025-08-29 09:00:00,100.13
2025-08-29 10:00:00,100.13
2025-08-29 11:00:00,100.13
2025-08-29 12:00:00,100.135
2025-08-29 13:00:00,100.135
2025-08-29 14:00:00,100.135
2025-08-29 15:00:00,100.13
2025-08-29 16:00:00,100.13
2025-08-29 23:00:00,100.135
2025-09-01 06:30:00,100.13
2025-09-01 07:00:00,100.125
2025-09-01 08:00:00,100.125
2025-09-01 09:00:00,100.135
2025-09-01 10:00:00,100.13
2025-09-01 11:00:00,100.13
2025-09-01 12:00:00,100.13
2025-09-01 13:00:00,100.13
2025-09-01 14:00:00,100.13
2025-09-01 15:00:00,100.13
2025-09-01 16:00:00,100.135
2025-09-01 23:00:00,100.13
2025-09-02 06:30:00,100.13
2025-09-02 07:00:00,100.12
2025-09-02 08:00:00,100.125
2025-09-02 09:00:00,100.125
2025-09-02 10:00:00,100.12
2025-09-02 11:00:00,100.115
2025-09-02 12:00:00,100.12
2025-09-02 13:00:00,100.12
2025-09-02 14:00:00,100.125
2025-09-02 15:00:00,100.12
2025-09-02 16:00:00,100.12
2025-09-02 23:00:00,100.12
2025-09-03 06:30:00,100.12
2025-09-03 07:00:00,100.125
2025-09-03 08:00:00,100.13
2025-09-03 09:00:00,100.13
2025-09-03 10:00:00,100.125
2025-09-03 11:00:00,100.125
2025-09-03 12:00:00,100.135
2025-09-03 13:00:00,100.135
2025-09-03 14:00:00,100.14
2025-09-03 15:00:00,100.14
2025-09-03 16:00:00,100.145
2025-09-03 23:00:00,100.145
2025-09-04 06:30:00,100.145
2025-09-04 07:00:00,100.14
2025-09-04 08:00:00,100.15
2025-09-04 09:00:00,100.15
2025-09-04 10:00:00,100.15
2025-09-04 11:00:00,100.14
2025-09-04 12:00:00,100.14
2025-09-04 13:00:00,100.14
2025-09-04 14:00:00,100.14
2025-09-04 15:00:00,100.14
2025-09-04 16:00:00,100.145
2025-09-04 23:00:00,100.135
2025-09-05 06:30:00,100.14
2025-09-05 07:00:00,100.14
2025-09-05 08:00:00,100.135
2025-09-05 09:00:00,100.14
2025-09-05 10:00:00,100.145
2025-09-05 11:00:00,100.145
2025-09-05 12:00:00,100.145
2025-09-05 13:00:00,100.145
2025-09-05 14:00:00,100.15
2025-09-05 15:00:00,100.15
2025-09-05 16:00:00,100.15
2025-09-05 23:00:00,100.15
2025-09-08 06:30:00,100.15
2025-09-08 07:00:00,100.14
2025-09-08 08:00:00,100.14
2025-09-08 09:00:00,100.14
2025-09-08 10:00:00,100.14
2025-09-08 11:00:00,100.15
2025-09-08 12:00:00,100.145
2025-09-08 13:00:00,100.145
2025-09-08 14:00:00,100.14
2025-09-08 15:00:00,100.14
2025-09-08 16:00:00,100.13
2025-09-08 23:00:00,100.145
2025-09-09 06:30:00,100.13
2025-09-09 07:00:00,100.13
2025-09-09 08:00:00,100.135
2025-09-09 09:00:00,100.13
2025-09-09 10:00:00,100.135
2025-09-09 11:00:00,100.135
2025-09-09 12:00:00,100.13
2025-09-09 13:00:00,100.13
2025-09-09 14:00:00,100.13
2025-09-09 15:00:00,100.13
2025-09-09 16:00:00,100.13
2025-09-09 23:00:00,100.13
2025-09-10 06:30:00,100.13
2025-09-10 07:00:00,100.13
2025-09-10 08:00:00,100.125
2025-09-10 09:00:00,100.125
2025-09-10 10:00:00,100.12
2025-09-10 11:00:00,100.12
2025-09-10 12:00:00,100.12
2025-09-10 13:00:00,100.12
2025-09-10 14:00:00,100.115
2025-09-10 15:00:00,100.12
2025-09-10 16:00:00,100.12
2025-09-10 23:00:00,100.115
2025-09-11 06:30:00,100.12
2025-09-11 07:00:00,100.12
2025-09-11 08:00:00,100.115
2025-09-11 09:00:00,100.12
2025-09-11 10:00:00,100.115
2025-09-11 11:00:00,100.115
2025-09-11 12:00:00,100.115
2025-09-11 13:00:00,100.115
2025-09-11 14:00:00,100.11
2025-09-11 15:00:00,100.115
2025-09-11 16:00:00,100.115
2025-09-11 23:00:00,100.11
2025-09-12 06:30:00,100.11
2025-09-12 07:00:00,100.11
2025-09-12 08:00:00,100.1
2025-09-12 09:00:00,100.1
2025-09-12 10:00:00,100.095
2025-09-12 11:00:00,100.095
2025-09-12 12:00:00,100.09
2025-09-12 13:00:00,100.1
2025-09-12 14:00:00,100.095
2025-09-12 15:00:00,100.095
2025-09-12 16:00:00,100.1
2025-09-12 23:00:00,100.095
2025-09-15 06:30:00,100.1
2025-09-15 07:00:00,100.1
2025-09-15 08:00:00,100.1
2025-09-15 09:00:00,100.1
2025-09-15 10:00:00,100.1
2025-09-15 11:00:00,100.095
2025-09-15 12:00:00,100.1
2025-09-15 13:00:00,100.1
2025-09-15 14:00:00,100.1
2025-09-15 15:00:00,100.1
2025-09-15 16:00:00,100.095
2025-09-15 23:00:00,100.1
2025-09-16 06:30:00,100.1
2025-09-16 07:00:00,100.1
2025-09-16 08:00:00,100.1
2025-09-16 09:00:00,100.1
2025-09-16 10:00:00,100.1
2025-09-16 11:00:00,100.1
2025-09-16 12:00:00,100.1
2025-09-16 13:00:00,100.105
2025-09-16 14:00:00,100.105
2025-09-16 15:00:00,100.11
2025-09-16 16:00:00,100.115
2025-09-16 23:00:00,100.105
2025-09-17 06:30:00,100.115
2025-09-17 07:00:00,100.115
2025-09-17 08:00:00,100.12
2025-09-17 09:00:00,100.12
2025-09-17 10:00:00,100.115
2025-09-17 11:00:00,100.12
2025-09-17 12:00:00,100.12
2025-09-17 13:00:00,100.12
2025-09-17 14:00:00,100.115
2025-09-17 15:00:00,100.11
2025-09-17 16:00:00,100.115
2025-09-17 23:00:00,100.115
2025-09-18 06:30:00,100.115
2025-09-18 07:00:00,100.115
2025-09-18 08:00:00,100.12
2025-09-18 09:00:00,100.12
2025-09-18 10:00:00,100.125
2025-09-18 11:00:00,100.125
2025-09-18 12:00:00,100.13
2025-09-18 13:00:00,100.12
2025-09-18 14:00:00,100.125
2025-09-18 15:00:00,100.12
2025-09-18 16:00:00,100.125
2025-09-18 23:00:00,100.12
2025-09-19 07:00:00,100.12
2025-09-19 08:00:00,100.12
2025-09-19 09:00:00,100.12
2025-09-19 10:00:00,100.12
2025-09-19 11:00:00,100.115
2025-09-19 12:00:00,100.125
2025-09-19 13:00:00,100.125
2025-09-19 14:00:00,100.13
2025-09-19 15:00:00,100.13
2025-09-19 16:00:00,100.13
2025-09-19 23:00:00,100.13
2025-09-22 06:30:00,100.13
2025-09-22 07:00:00,100.135
2025-09-22 08:00:00,100.135
2025-09-22 09:00:00,100.135
2025-09-22 10:00:00,100.14
2025-09-22 11:00:00,100.14
2025-09-22 12:00:00,100.14
2025-09-22 13:00:00,100.14
2025-09-22 14:00:00,100.14
2025-09-22 15:00:00,100.14
2025-09-22 16:00:00,100.14
2025-09-22 23:00:00,100.14
2025-09-23 06:30:00,100.14
2025-09-23 07:00:00,100.14
2025-09-23 08:00:00,100.14
2025-09-23 09:00:00,100.14
2025-09-23 10:00:00,100.14
2025-09-23 11:00:00,100.135
2025-09-23 12:00:00,100.135
2025-09-23 13:00:00,100.135
2025-09-23 14:00:00,100.135
2025-09-23 15:00:00,100.13
2025-09-23 16:00:00,100.13
2025-09-23 23:00:00,100.13
2025-09-24 06:30:00,100.13
2025-09-24 07:00:00,100.135
2025-09-24 08:00:00,100.135
2025-09-24 09:00:00,100.13
2025-09-24 10:00:00,100.13
2025-09-24 11:00:00,100.135
2025-09-24 12:00:00,100.125
2025-09-24 13:00:00,100.13
2025-09-24 14:00:00,100.125
2025-09-24 15:00:00,100.115
2025-09-24 16:00:00,100.115
2025-09-24 23:00:00,100.12
2025-09-25 06:30:00,100.115
2025-09-25 07:00:00,100.115
2025-09-25 08:00:00,100.115
2025-09-25 09:00:00,100.11
2025-09-25 10:00:00,100.115
2025-09-25 11:00:00,100.115
2025-09-25 12:00:00,100.105
2025-09-25 13:00:00,100.105
2025-09-25 14:00:00,100.1
2025-09-25 15:00:00,100.105
2025-09-25 16:00:00,100.105
2025-09-25 23:00:00,100.1
2025-09-26 06:30:00,100.11
2025-09-26 07:00:00,100.11
2025-09-26 08:00:00,100.11
2025-09-26 09:00:00,100.11
2025-09-26 10:00:00,100.105
2025-09-26 11:00:00,100.11
2025-09-26 12:00:00,100.11
2025-09-26 13:00:00,100.105
2025-09-26 14:00:00,100.11
2025-09-26 15:00:00,100.11
2025-09-26 16:00:00,100.11
2025-09-26 23:00:00,100.11
2025-09-29 06:30:00,100.12
2025-09-29 07:00:00,100.11
2025-09-29 08:00:00,100.105
2025-09-29 09:00:00,100.115
2025-09-29 10:00:00,100.115
2025-09-29 11:00:00,100.11
2025-09-29 12:00:00,100.115
2025-09-29 13:00:00,100.115
2025-09-29 14:00:00,100.11
2025-09-29 15:00:00,100.11
2025-09-29 16:00:00,100.115
2025-09-29 23:00:00,100.11
2025-09-30 06:30:00,100.11
2025-09-30 07:00:00,100.11
2025-09-30 08:00:00,100.11
2025-09-30 09:00:00,100.11
2025-09-30 10:00:00,100.1
2025-09-30 11:00:00,100.105
2025-09-30 12:00:00,100.11
2025-09-30 13:00:00,100.105
2025-09-30 14:00:00,100.105
2025-09-30 15:00:00,100.105
2025-09-30 16:00:00,100.105
2025-09-30 23:00:00,100.1
2025-10-01 06:30:00,100.1
2025-10-01 07:00:00,100.1
2025-10-01 08:00:00,100.1
2025-10-01 09:00:00,100.1
2025-10-01 10:00:00,100.1
2025-10-01 11:00:00,100.1
2025-10-01 12:00:00,100.105
2025-10-01 13:00:00,100.1
2025-10-01 14:00:00,100.095
2025-10-01 15:00:00,100.095
2025-10-01 16:00:00,100.1
2025-10-01 23:00:00,100.1
2025-10-02 06:30:00,100.105
2025-10-02 07:00:00,100.105
2025-10-02 08:00:00,100.11
2025-10-02 09:00:00,100.11
2025-10-02 10:00:00,100.105
2025-10-02 11:00:00,100.105
2025-10-02 12:00:00,100.105
2025-10-02 13:00:00,100.105
2025-10-02 14:00:00,100.105
2025-10-02 15:00:00,100.11
2025-10-02 16:00:00,100.11
2025-10-02 23:00:00,100.11
2025-10-03 06:30:00,100.11
2025-10-03 07:00:00,100.11
2025-10-03 08:00:00,100.105
2025-10-03 09:00:00,100.1
2025-10-03 10:00:00,100.105
2025-10-03 11:00:00,100.105
2025-10-03 12:00:00,100.105
2025-10-03 13:00:00,100.105
2025-10-03 14:00:00,100.1
2025-10-03 15:00:00,100.1
2025-10-03 16:00:00,100.1
2025-10-03 23:00:00,100.105
2025-10-06 06:30:00,100.1
2025-10-06 07:00:00,100.105
2025-10-06 08:00:00,100.105
2025-10-06 09:00:00,100.105
2025-10-06 10:00:00,100.11
2025-10-06 11:00:00,100.11
2025-10-06 12:00:00,100.11
2025-10-06 13:00:00,100.11
2025-10-06 14:00:00,100.11
2025-10-06 15:00:00,100.105
2025-10-06 16:00:00,100.11
2025-10-06 23:00:00,100.105
2025-10-07 06:30:00,100.105
2025-10-07 07:00:00,100.11
2025-10-07 08:00:00,100.11
2025-10-07 09:00:00,100.11
2025-10-07 10:00:00,100.11
2025-10-07 11:00:00,100.11
2025-10-07 12:00:00,100.11
2025-10-07 13:00:00,100.11
2025-10-07 14:00:00,100.11
2025-10-07 15:00:00,100.115
2025-10-07 16:00:00,100.115
2025-10-07 23:00:00,100.115
2025-10-08 06:30:00,100.115
2025-10-08 07:00:00,100.115
2025-10-08 08:00:00,100.115
2025-10-08 09:00:00,100.12
2025-10-08 10:00:00,100.12
2025-10-08 11:00:00,100.12
2025-10-08 12:00:00,100.12
2025-10-08 13:00:00,100.115
2025-10-08 14:00:00,100.115
2025-10-08 15:00:00,100.11
2025-10-08 16:00:00,100.11
2025-10-08 23:00:00,100.11
2025-10-09 06:30:00,100.115
2025-10-09 07:00:00,100.115
2025-10-09 08:00:00,100.115
2025-10-09 09:00:00,100.11
2025-10-09 10:00:00,100.115
2025-10-09 11:00:00,100.115
2025-10-09 12:00:00,100.115
2025-10-09 13:00:00,100.115
2025-10-09 14:00:00,100.115
2025-10-09 15:00:00,100.115
2025-10-09 16:00:00,100.11
2025-10-09 23:00:00,100.11
2025-10-10 06:30:00,100.115
2025-10-10 07:00:00,100.115
2025-10-10 08:00:00,100.115
2025-10-10 09:00:00,100.115
2025-10-10 10:00:00,100.12
2025-10-10 11:00:00,100.12
2025-10-10 12:00:00,100.12
2025-10-10 13:00:00,100.12
2025-10-10 14:00:00,100.12
2025-10-10 15:00:00,100.125
2025-10-10 16:00:00,100.125
2025-10-10 23:00:00,100.125
2025-10-13 06:30:00,100.125
2025-10-13 07:00:00,100.125
2025-10-13 08:00:00,100.14
2025-10-13 09:00:00,100.145
2025-10-13 10:00:00,100.14
2025-10-13 11:00:00,100.14
2025-10-13 12:00:00,100.14
2025-10-13 13:00:00,100.14
2025-10-13 14:00:00,100.14
2025-10-13 15:00:00,100.14
2025-10-13 16:00:00,100.14
2025-10-13 23:00:00,100.14
2025-10-14 06:30:00,100.155
2025-10-14 07:00:00,100.16
2025-10-14 08:00:00,100.16
2025-10-14 09:00:00,100.165
2025-10-14 10:00:00,100.16
2025-10-14 11:00:00,100.155
2025-10-14 12:00:00,100.155
2025-10-14 13:00:00,100.15
2025-10-14 14:00:00,100.145
2025-10-14 15:00:00,100.145
2025-10-14 16:00:00,100.145
2025-10-14 23:00:00,100.145
2025-10-15 06:30:00,100.145
2025-10-15 07:00:00,100.15
2025-10-15 08:00:00,100.15
2025-10-15 09:00:00,100.155
2025-10-15 10:00:00,100.155
2025-10-15 11:00:00,100.15
2025-10-15 12:00:00,100.145
2025-10-15 13:00:00,100.145
2025-10-15 14:00:00,100.145
2025-10-15 15:00:00,100.145
2025-10-15 16:00:00,100.145
2025-10-15 23:00:00,100.145
2025-10-16 06:30:00,100.14
2025-10-16 07:00:00,100.145
2025-10-16 08:00:00,100.15
2025-10-16 09:00:00,100.15
2025-10-16 10:00:00,100.145
2025-10-16 11:00:00,100.145
2025-10-16 12:00:00,100.145
2025-10-16 13:00:00,100.14
2025-10-16 14:00:00,100.145
2025-10-16 15:00:00,100.145
2025-10-16 16:00:00,100.16
2025-10-16 23:00:00,100.16
2025-10-17 06:30:00,100.175
2025-10-17 07:00:00,100.16
2025-10-17 08:00:00,100.16
2025-10-17 09:00:00,100.165
2025-10-17 10:00:00,100.17
2025-10-17 11:00:00,100.155
2025-10-17 12:00:00,100.155
2025-10-17 13:00:00,100.15
2025-10-17 14:00:00,100.15
2025-10-17 15:00:00,100.15
2025-10-17 16:00:00,100.155
2025-10-17 23:00:00,100.15
2025-10-20 06:30:00,100.15
2025-10-20 07:00:00,100.15
2025-10-20 08:00:00,100.15
2025-10-20 09:00:00,100.15
2025-10-20 10:00:00,100.15
2025-10-20 11:00:00,100.155
2025-10-20 12:00:00,100.155
2025-10-20 13:00:00,100.15
2025-10-20 14:00:00,100.15
2025-10-20 15:00:00,100.15
2025-10-20 16:00:00,100.155
2025-10-20 23:00:00,100.15
2025-10-21 07:00:00,100.16
2025-10-21 08:00:00,100.155
2025-10-21 09:00:00,100.155
2025-10-21 10:00:00,100.155
2025-10-21 11:00:00,100.155
2025-10-21 12:00:00,100.16
2025-10-21 13:00:00,100.16
2025-10-21 14:00:00,100.155
2025-10-21 15:00:00,100.155
2025-10-21 16:00:00,100.16
2025-10-21 23:00:00,100.155
2025-10-22 06:30:00,100.165
2025-10-22 07:00:00,100.165
2025-10-22 08:00:00,100.17
2025-10-22 09:00:00,100.17
2025-10-22 10:00:00,100.175
2025-10-22 11:00:00,100.175
2025-10-22 12:00:00,100.165
2025-10-22 13:00:00,100.175
2025-10-22 14:00:00,100.17
2025-10-22 15:00:00,100.17
2025-10-22 16:00:00,100.175
2025-10-22 23:00:00,100.17
2025-10-23 06:30:00,100.17
2025-10-23 07:00:00,100.16
2025-10-23 08:00:00,100.16
2025-10-23 09:00:00,100.16
2025-10-23 10:00:00,100.16
2025-10-23 11:00:00,100.16
2025-10-23 12:00:00,100.16
2025-10-23 13:00:00,100.165
2025-10-23 14:00:00,100.165
2025-10-23 15:00:00,100.165
2025-10-23 16:00:00,100.17
2025-10-23 23:00:00,100.16
2025-10-24 06:30:00,100.165
2025-10-24 07:00:00,100.155
2025-10-24 08:00:00,100.14
2025-10-24 09:00:00,100.15
2025-10-24 10:00:00,100.14
2025-10-24 11:00:00,100.14
2025-10-24 12:00:00,100.15
2025-10-24 13:00:00,100.145
2025-10-24 14:00:00,100.14
2025-10-24 15:00:00,100.145
2025-10-24 16:00:00,100.145
2025-10-24 23:00:00,100.14
2025-10-27 07:30:00,100.14
2025-10-27 08:00:00,100.14
2025-10-27 09:00:00,100.14
2025-10-27 10:00:00,100.135
2025-10-27 11:00:00,100.14
2025-10-27 12:00:00,100.135
2025-10-27 13:00:00,100.135
2025-10-27 14:00:00,100.14
2025-10-27 15:00:00,100.14
2025-10-27 16:00:00,100.135
2025-10-27 17:00:00,100.135
2025-10-27 23:00:00,100.14
2025-10-28 07:30:00,100.14
2025-10-28 08:00:00,100.14
2025-10-28 09:00:00,100.14
2025-10-28 10:00:00,100.14
2025-10-28 11:00:00,100.135
2025-10-28 12:00:00,100.14
2025-10-28 13:00:00,100.14
2025-10-28 14:00:00,100.14
2025-10-28 15:00:00,100.13
2025-10-28 16:00:00,100.135
2025-10-28 17:00:00,100.14
2025-10-28 23:00:00,100.135
2025-10-29 07:30:00,100.14
2025-10-29 08:00:00,100.14
2025-10-29 09:00:00,100.135
2025-10-29 10:00:00,100.135
2025-10-29 11:00:00,100.135
2025-10-29 12:00:00,100.14
2025-10-29 13:00:00,100.14
2025-10-29 14:00:00,100.135
2025-10-29 15:00:00,100.14
2025-10-29 16:00:00,100.135
2025-10-29 17:00:00,100.14
2025-10-29 23:00:00,100.14
2025-10-30 07:30:00,100.13
2025-10-30 08:00:00,100.135
2025-10-30 09:00:00,100.13
2025-10-30 10:00:00,100.12
2025-10-30 11:00:00,100.115
2025-10-30 12:00:00,100.11
2025-10-30 13:00:00,100.115
2025-10-30 14:00:00,100.12
2025-10-30 15:00:00,100.12
2025-10-30 16:00:00,100.12
2025-10-30 17:00:00,100.12
2025-10-30 23:00:00,100.12
2025-10-31 07:30:00,100.115
2025-10-31 08:00:00,100.12
2025-10-31 09:00:00,100.12
2025-10-31 10:00:00,100.12
2025-10-31 11:00:00,100.12
2025-10-31 12:00:00,100.125
2025-10-31 13:00:00,100.125
2025-10-31 14:00:00,100.13
2025-10-31 15:00:00,100.125
2025-10-31 16:00:00,100.125
2025-10-31 17:00:00,100.12
2025-10-31 23:00:00,100.125
2025-11-03 07:30:00,100.135
2025-11-03 08:00:00,100.14
2025-11-03 09:00:00,100.14
2025-11-03 10:00:00,100.14
2025-11-03 11:00:00,100.14
2025-11-03 12:00:00,100.135
2025-11-03 13:00:00,100.135
2025-11-03 14:00:00,100.135
2025-11-03 15:00:00,100.135
2025-11-03 16:00:00,100.13
2025-11-03 17:00:00,100.135
2025-11-03 23:00:00,100.13
2025-11-04 07:30:00,100.14
2025-11-04 08:00:00,100.145
2025-11-04 09:00:00,100.145
2025-11-04 10:00:00,100.145
2025-11-04 11:00:00,100.145
2025-11-04 12:00:00,100.145
2025-11-04 13:00:00,100.145
2025-11-04 14:00:00,100.145
2025-11-04 15:00:00,100.145
2025-11-04 16:00:00,100.145
2025-11-04 17:00:00,100.145
2025-11-04 23:00:00,100.14
2025-11-05 07:30:00,100.145
2025-11-05 08:00:00,100.145
2025-11-05 09:00:00,100.135
2025-11-05 10:00:00,100.145
2025-11-05 11:00:00,100.14
2025-11-05 12:00:00,100.145
2025-11-05 13:00:00,100.145
2025-11-05 14:00:00,100.145
2025-11-05 15:00:00,100.135
2025-11-05 16:00:00,100.14
2025-11-05 17:00:00,100.14
2025-11-05 23:00:00,100.14
2025-11-06 07:30:00,100.14
2025-11-06 08:00:00,100.14
2025-11-06 09:00:00,100.14
2025-11-06 10:00:00,100.145
2025-11-06 11:00:00,100.135
2025-11-06 12:00:00,100.14
2025-11-06 13:00:00,100.145
2025-11-06 14:00:00,100.145
2025-11-06 15:00:00,100.14
2025-11-06 16:00:00,100.145
2025-11-06 17:00:00,100.14
2025-11-06 23:00:00,100.135
2025-11-07 07:30:00,100.135
2025-11-07 08:00:00,100.135
2025-11-07 09:00:00,100.135
2025-11-07 10:00:00,100.14
2025-11-07 11:00:00,100.14
2025-11-07 12:00:00,100.14
2025-11-07 13:00:00,100.14
2025-11-07 14:00:00,100.14
2025-11-07 15:00:00,100.14
2025-11-07 16:00:00,100.145
2025-11-07 17:00:00,100.145
2025-11-07 23:00:00,100.14
2025-11-10 07:30:00,100.14
2025-11-10 08:00:00,100.145
2025-11-10 09:00:00,100.145
2025-11-10 10:00:00,100.14
2025-11-10 11:00:00,100.14
2025-11-10 12:00:00,100.135
2025-11-10 13:00:00,100.135
2025-11-10 14:00:00,100.135
2025-11-10 15:00:00,100.125
2025-11-10 16:00:00,100.13
