DATETIME,price
2013-06-12 15:00:00,531.1999999999989
2013-06-12 16:00:00,529.899999999999
2013-06-12 17:00:00,530.9999999999989
2013-06-12 18:00:00,529.0999999999989
2013-06-13 15:00:00,530.899999999999
2013-06-13 16:00:00,531.7999999999989
2013-06-13 17:00:00,532.1999999999989
2013-06-13 19:00:00,534.9999999999989
2013-06-14 13:00:00,535.0999999999989
2013-06-14 14:00:00,535.4999999999989
2013-06-14 19:00:00,533.0999999999989
2013-06-17 14:00:00,536.399999999999
2013-06-17 18:00:00,533.7999999999989
2013-06-19 13:00:00,540.2999999999989
2013-06-19 14:00:00,539.6999999999989
2013-06-19 19:00:00,534.9999999999989
2013-06-20 13:00:00,528.4999999999989
2013-06-20 14:00:00,528.6999999999989
2013-06-20 15:00:00,528.9999999999989
2013-06-20 16:00:00,528.4999999999989
2013-06-20 17:00:00,528.1999999999989
2013-06-20 18:00:00,524.5999999999989
2013-06-20 19:00:00,524.899999999999
2013-06-21 13:00:00,526.399999999999
2013-06-21 14:00:00,524.0999999999989
2013-06-21 15:00:00,522.4999999999989
2013-06-21 16:00:00,524.7999999999989
2013-06-21 17:00:00,523.0999999999989
2013-06-21 18:00:00,524.1999999999989
2013-06-21 19:00:00,524.399999999999
2013-06-24 13:00:00,516.9999999999989
2013-06-24 14:00:00,517.0999999999989
2013-06-24 15:00:00,516.2999999999989
2013-06-24 16:00:00,515.899999999999
2013-06-24 17:00:00,516.899999999999
2013-06-24 18:00:00,519.0999999999989
2013-06-24 19:00:00,518.1999999999989
2013-06-25 13:00:00,520.9999999999989
2013-06-25 14:00:00,521.5999999999989
2013-06-25 15:00:00,521.1999999999989
2013-06-25 16:00:00,521.4999999999989
2013-06-25 17:00:00,521.2999999999989
2013-06-25 18:00:00,521.7999999999989
2013-06-25 19:00:00,522.399999999999
2013-06-26 13:00:00,525.9999999999989
2013-06-26 14:00:00,524.6999999999989
2013-06-26 15:00:00,524.4999999999989
2013-06-26 16:00:00,525.1999999999989
2013-06-26 17:00:00,526.2999999999989
2013-06-26 18:00:00,526.2999999999989
2013-06-26 19:00:00,526.7999999999989
2013-06-27 13:00:00,529.399999999999
2013-06-27 14:00:00,530.4999999999989
2013-06-27 15:00:00,530.1999999999989
2013-06-27 17:00:00,530.7999999999989
2013-06-28 13:00:00,529.399999999999
2013-06-28 14:00:00,527.4999999999989
2013-06-28 17:00:00,529.1999999999989
2013-07-01 13:00:00,530.899999999999
2013-07-01 14:00:00,532.1999999999989
2013-07-01 15:00:00,533.399999999999
2013-07-01 16:00:00,533.9999999999989
2013-07-01 17:00:00,532.9999999999989
2013-07-01 18:00:00,532.5999999999989
2013-07-01 19:00:00,531.6999999999989
2013-07-02 13:00:00,531.9999999999989
2013-07-02 14:00:00,531.399999999999
2013-07-02 17:00:00,528.0999999999989
2013-07-02 18:00:00,527.1999999999989
2013-07-02 19:00:00,527.2999999999989
2013-07-03 13:00:00,526.6999999999989
2013-07-03 15:00:00,526.4999999999989
2013-07-03 16:00:00,528.4999999999989
2013-07-05 13:00:00,532.1999999999989
2013-07-05 14:00:00,530.399999999999
2013-07-05 15:00:00,531.4999999999989
2013-07-05 16:00:00,532.1999999999989
2013-07-05 17:00:00,532.0999999999989
2013-07-05 18:00:00,533.399999999999
2013-07-05 19:00:00,532.2999999999989
2013-07-08 13:00:00,535.6999999999989
2013-07-08 14:00:00,536.7999999999989
2013-07-09 13:00:00,539.7999999999989
2013-07-09 14:00:00,540.899999999999
2013-07-10 13:00:00,541.5999999999989
2013-07-10 14:00:00,541.0999999999989
2013-07-10 18:00:00,540.4999999999989
2013-07-10 19:00:00,540.4999999999989
2013-07-11 13:00:00,546.9999999999989
2013-07-11 14:00:00,546.899999999999
2013-07-11 18:00:00,548.2999999999989
2013-07-12 13:00:00,547.1999999999989
2013-07-12 14:00:00,547.4999999999989
2013-07-12 15:00:00,546.9999999999989
2013-07-12 16:00:00,544.399999999999
2013-07-12 19:00:00,545.6999999999989
2013-07-15 13:00:00,546.9999999999989
2013-07-15 14:00:00,547.0999999999989
2013-07-15 15:00:00,547.0999999999989
2013-07-15 17:00:00,547.2999999999989
2013-07-16 13:00:00,547.5999999999989
2013-07-16 15:00:00,545.4999999999989
2013-07-16 16:00:00,545.0999999999989
2013-07-16 17:00:00,544.7999999999989
2013-07-16 18:00:00,545.399999999999
2013-07-16 19:00:00,544.899999999999
2013-07-17 13:00:00,546.7999999999989
2013-07-17 14:00:00,546.6999999999989
2013-07-17 15:00:00,546.0999999999989
2013-07-17 16:00:00,546.4999999999989
2013-07-17 18:00:00,546.1999999999989
2013-07-18 13:00:00,547.1999999999989
2013-07-18 14:00:00,548.5999999999989
2013-07-18 15:00:00,551.1999999999989
2013-07-18 16:00:00,551.5999999999989
2013-07-18 17:00:00,550.4999999999989
2013-07-18 19:00:00,550.399999999999
2013-07-19 13:00:00,552.7999999999989
2013-07-19 14:00:00,554.1999999999989
2013-07-19 15:00:00,554.2999999999989
2013-07-19 17:00:00,554.2999999999989
2013-07-19 18:00:00,554.9999999999989
2013-07-19 19:00:00,554.9999999999989
2013-07-22 13:00:00,556.4999999999989
2013-07-22 14:00:00,556.0999999999989
2013-07-22 19:00:00,555.1999999999989
2013-07-23 13:00:00,556.2999999999989
2013-07-23 14:00:00,554.7999999999989
2013-07-23 16:00:00,555.2999999999989
2013-07-23 17:00:00,555.4999999999989
2013-07-23 18:00:00,555.9999999999989
2013-07-23 19:00:00,555.1999999999989
2013-07-24 13:00:00,554.5999999999989
2013-07-24 14:00:00,553.4999999999989
2013-07-24 15:00:00,553.6999999999989
2013-07-24 16:00:00,552.899999999999
2013-07-24 17:00:00,551.399999999999
2013-07-24 18:00:00,552.0999999999989
2013-07-24 19:00:00,551.5999999999989
2013-07-25 13:00:00,549.899999999999
2013-07-25 14:00:00,548.7999999999989
2013-07-25 15:00:00,548.399999999999
2013-07-25 18:00:00,551.0999999999989
2013-07-25 19:00:00,551.7999999999989
2013-07-26 13:00:00,549.6999999999989
2013-07-26 14:00:00,548.4999999999989
2013-07-26 15:00:00,548.899999999999
2013-07-26 16:00:00,549.2999999999989
2013-07-26 17:00:00,549.6999999999989
2013-07-26 18:00:00,549.7999999999989
2013-07-26 19:00:00,550.399999999999
2013-07-26 20:00:00,551.4999999999989
2013-07-29 13:00:00,550.2999999999989
2013-07-29 14:00:00,550.1999999999989
2013-07-29 15:00:00,549.2999999999989
2013-07-29 16:00:00,549.5999999999989
2013-07-29 18:00:00,549.7999999999989
2013-07-29 19:00:00,549.2999999999989
2013-07-30 13:00:00,551.1999999999989
2013-07-30 14:00:00,551.4999999999989
2013-07-30 15:00:00,552.399999999999
2013-07-30 16:00:00,551.9999999999989
2013-07-30 17:00:00,550.5999999999989
2013-07-30 18:00:00,551.2999999999989
2013-07-30 19:00:00,551.6999999999989
2013-07-31 13:00:00,553.9999999999989
2013-07-31 14:00:00,555.4999999999989
2013-07-31 15:00:00,554.6999999999989
2013-07-31 18:00:00,556.1999999999989
2013-07-31 19:00:00,553.2999999999989
2013-08-01 13:00:00,557.9999999999989
2013-08-01 14:00:00,559.899999999999
2013-08-01 15:00:00,559.899999999999
2013-08-01 16:00:00,560.2999999999989
2013-08-01 17:00:00,560.2999999999989
2013-08-01 18:00:00,560.9999999999989
2013-08-01 19:00:00,560.399999999999
2013-08-01 20:00:00,560.899999999999
2013-08-02 13:00:00,558.6999999999989
2013-08-02 15:00:00,560.4999999999989
2013-08-02 16:00:00,560.399999999999
2013-08-02 17:00:00,560.5999999999989
2013-08-02 18:00:00,560.899999999999
2013-08-02 19:00:00,561.1999999999989
2013-08-05 13:00:00,559.5999999999989
2013-08-05 14:00:00,560.4999999999989
2013-08-05 15:00:00,560.399999999999
2013-08-05 16:00:00,560.5999999999989
2013-08-05 17:00:00,559.899999999999
2013-08-05 19:00:00,559.899999999999
2013-08-06 14:00:00,555.9999999999989
2013-08-06 15:00:00,556.1999999999989
2013-08-06 16:00:00,556.2999999999989
2013-08-06 17:00:00,556.2999999999989
2013-08-06 18:00:00,556.1999999999989
2013-08-06 19:00:00,555.9999999999989
2013-08-06 20:00:00,556.9999999999989
2013-08-07 13:00:00,553.6999999999989
2013-08-07 14:00:00,553.6999999999989
2013-08-07 16:00:00,554.4999999999989
2013-08-07 17:00:00,554.9999999999989
2013-08-07 18:00:00,554.4999999999989
2013-08-07 19:00:00,555.4999999999989
2013-08-08 13:00:00,558.0999999999989
2013-08-08 14:00:00,556.6999999999989
2013-08-08 15:00:00,556.9999999999989
2013-08-08 16:00:00,558.5999999999989
2013-08-08 17:00:00,558.2999999999989
2013-08-08 18:00:00,558.399999999999
2013-08-08 19:00:00,558.0999999999989
2013-08-09 13:00:00,557.5999999999989
2013-08-09 14:00:00,556.0999999999989
2013-08-09 15:00:00,555.5999999999989
2013-08-09 16:00:00,556.399999999999
2013-08-09 17:00:00,556.9999999999989
2013-08-09 19:00:00,556.2999999999989
2013-08-12 13:00:00,555.2999999999989
2013-08-12 14:00:00,556.6999999999989
2013-08-12 15:00:00,556.399999999999
2013-08-12 16:00:00,556.5999999999989
2013-08-12 17:00:00,556.5999999999989
2013-08-12 18:00:00,556.2999999999989
2013-08-13 13:00:00,556.6999999999989
2013-08-13 14:00:00,555.6999999999989
2013-08-13 15:00:00,557.7999999999989
2013-08-13 16:00:00,559.0999999999989
2013-08-13 17:00:00,559.4999999999989
2013-08-13 18:00:00,558.899999999999
2013-08-13 19:00:00,558.5999999999989
2013-08-14 13:00:00,557.399999999999
2013-08-14 17:00:00,555.9999999999989
2013-08-14 18:00:00,556.2999999999989
2013-08-14 19:00:00,555.9999999999989
2013-08-15 13:00:00,550.1999999999989
2013-08-15 15:00:00,550.6999999999989
2013-08-15 16:00:00,551.0999999999989
2013-08-15 17:00:00,550.0999999999989
2013-08-15 18:00:00,551.1999999999989
2013-08-15 19:00:00,550.399999999999
2013-08-16 13:00:00,551.0999999999989
2013-08-16 14:00:00,550.7999999999989
2013-08-16 16:00:00,550.6999999999989
2013-08-16 18:00:00,550.5999999999989
2013-08-19 13:00:00,550.5999999999989
2013-08-19 14:00:00,550.9999999999989
2013-08-19 18:00:00,549.5999999999989
2013-08-19 19:00:00,549.1999999999989
2013-08-20 13:00:00,548.399999999999
2013-08-20 14:00:00,548.899999999999
2013-08-20 15:00:00,549.2999999999989
2013-08-20 16:00:00,550.399999999999
2013-08-20 19:00:00,549.899999999999
2013-08-21 13:00:00,548.399999999999
2013-08-21 14:00:00,548.399999999999
2013-08-21 15:00:00,548.5999999999989
2013-08-21 18:00:00,545.899999999999
2013-08-21 19:00:00,546.7999999999989
2013-08-22 13:00:00,548.0999999999989
2013-08-22 14:00:00,551.5999999999989
2013-08-22 15:00:00,550.6999999999989
2013-08-22 16:00:00,552.2999999999989
2013-08-22 17:00:00,551.1999999999989
2013-08-23 13:00:00,551.5999999999989
2013-08-23 14:00:00,552.1999999999989
2013-08-26 13:00:00,552.7999999999989
2013-08-26 18:00:00,553.899999999999
2013-08-26 19:00:00,551.4999999999989
2013-08-27 13:00:00,547.2999999999989
2013-08-27 14:00:00,545.899999999999
2013-08-27 15:00:00,545.7999999999989
2013-08-28 13:00:00,542.4999999999989
2013-08-29 13:00:00,543.6999999999989
2013-08-29 17:00:00,544.6999999999989
2013-08-30 13:00:00,544.399999999999
2013-08-30 14:00:00,541.9999999999989
2013-08-30 17:00:00,542.6999999999989
2013-08-30 19:00:00,541.1999999999989
2013-09-03 13:00:00,547.6999999999989
2013-09-03 14:00:00,546.5999999999989
2013-09-04 13:00:00,544.0999999999989
2013-09-04 14:00:00,546.7999999999989
2013-09-04 15:00:00,547.7999999999989
2013-09-05 13:00:00,550.1999999999989
2013-09-05 14:00:00,550.0999999999989
2013-09-05 15:00:00,549.7999999999989
2013-09-06 13:00:00,548.0999999999989
2013-09-06 16:00:00,551.5999999999989
2013-09-06 17:00:00,552.899999999999
2013-09-06 18:00:00,552.1999999999989
2013-09-06 19:00:00,550.0999999999989
2013-09-09 13:00:00,552.5999999999989
2013-09-09 16:00:00,554.5999999999989
2013-09-10 13:00:00,560.6999999999989
2013-09-10 14:00:00,561.899999999999
2013-09-10 15:00:00,560.5999999999989
2013-09-10 18:00:00,561.399999999999
2013-09-10 19:00:00,561.2999999999989
2013-09-11 14:00:00,560.9999999999989
2013-09-11 15:00:00,562.5999999999989
2013-09-11 17:00:00,563.0999999999989
2013-09-11 18:00:00,562.899999999999
2013-09-12 13:00:00,564.0999999999989
2013-09-12 14:00:00,564.0999999999989
2013-09-13 14:00:00,561.0999999999989
2013-09-13 18:00:00,562.9999999999989
2013-09-16 13:00:00,562.9999999999989
2013-09-16 14:00:00,568.5999999999989
2013-09-16 16:00:00,569.9999999999989
2013-09-17 13:00:00,568.399999999999
2013-09-17 15:00:00,570.599999999999
2013-09-18 13:00:00,570.4999999999989
2013-09-18 18:00:00,575.7999999999989
2013-09-19 14:00:00,579.9999999999989
2013-09-19 18:00:00,578.6999999999989
2013-09-19 19:00:00,578.399999999999
2013-09-20 13:00:00,578.4999999999989
2013-09-20 14:00:00,577.1999999999989
2013-09-20 15:00:00,575.2999999999989
2013-09-20 16:00:00,575.2999999999989
2013-09-20 17:00:00,573.4999999999989
2013-09-23 13:00:00,571.599999999999
2013-09-23 14:00:00,570.399999999999
2013-09-23 17:00:00,571.399999999999
2013-09-23 18:00:00,571.1999999999989
2013-09-23 19:00:00,571.1999999999989
2013-09-24 13:00:00,572.399999999999
2013-09-24 14:00:00,572.399999999999
2013-09-25 13:00:00,571.099999999999
2013-09-25 19:00:00,570.9999999999989
2013-09-26 14:00:00,573.1999999999989
2013-09-27 13:00:00,569.899999999999
2013-09-27 14:00:00,569.399999999999
2013-09-27 19:00:00,569.9999999999989
2013-09-30 13:00:00,566.1999999999989
2013-09-30 14:00:00,568.099999999999
2013-09-30 15:00:00,567.6999999999989
2013-09-30 16:00:00,567.4999999999989
2013-09-30 17:00:00,567.599999999999
2013-09-30 18:00:00,567.9999999999989
2013-09-30 19:00:00,566.2999999999989
2013-10-01 13:00:00,567.7999999999989
2013-10-01 14:00:00,570.2999999999989
2013-10-01 15:00:00,569.7999999999989
2013-10-01 19:00:00,568.9999999999989
2013-10-02 13:00:00,567.4999999999989
2013-10-02 14:00:00,565.099999999999
2013-10-02 18:00:00,566.899999999999
2013-10-02 19:00:00,566.9999999999989
2013-10-03 13:00:00,566.099999999999
2013-10-03 14:00:00,563.4999999999989
2013-10-03 15:00:00,559.7999999999989
2013-10-03 18:00:00,562.599999999999
2013-10-03 19:00:00,562.899999999999
2013-10-04 13:00:00,562.1999999999989
2013-10-04 14:00:00,563.599999999999
2013-10-04 16:00:00,564.7999999999989
2013-10-04 19:00:00,564.599999999999
2013-10-07 13:00:00,561.899999999999
2013-10-08 13:00:00,561.399999999999
2013-10-08 15:00:00,560.899999999999
2013-10-08 16:00:00,559.099999999999
2013-10-08 17:00:00,558.399999999999
2013-10-08 18:00:00,558.399999999999
2013-10-08 19:00:00,558.1999999999989
2013-10-09 13:00:00,556.9999999999989
2013-10-09 15:00:00,554.4999999999989
2013-10-09 16:00:00,555.9999999999989
2013-10-09 17:00:00,557.6999999999989
2013-10-09 18:00:00,557.7999999999989
2013-10-09 19:00:00,556.2999999999989
2013-10-10 13:00:00,562.6999999999989
2013-10-10 14:00:00,564.4999999999989
2013-10-10 16:00:00,565.899999999999
2013-10-10 19:00:00,567.4999999999989
2013-10-11 13:00:00,569.099999999999
2013-10-11 14:00:00,569.1999999999989
2013-10-11 15:00:00,569.6999999999989
2013-10-11 16:00:00,570.9999999999989
2013-10-11 19:00:00,571.1999999999989
2013-10-14 13:00:00,568.7999999999989
2013-10-14 14:00:00,568.6999999999989
2013-10-14 18:00:00,572.2999999999989
2013-10-14 19:00:00,571.4999999999989
2013-10-14 20:00:00,572.4999999999989
2013-10-15 13:00:00,570.6999999999989
2013-10-15 14:00:00,570.4999999999989
2013-10-15 15:00:00,571.899999999999
2013-10-15 16:00:00,570.399999999999
2013-10-15 18:00:00,567.899999999999
2013-10-16 13:00:00,567.899999999999
2013-10-16 14:00:00,571.599999999999
2013-10-16 15:00:00,571.599999999999
2013-10-16 16:00:00,570.7999999999989
2013-10-16 19:00:00,570.6999999999989
2013-10-17 13:00:00,569.6999999999989
2013-10-17 14:00:00,570.6999999999989
2013-10-17 18:00:00,572.9999999999989
2013-10-18 13:00:00,578.599999999999
2013-10-18 16:00:00,578.1999999999989
2013-10-18 19:00:00,579.9999999999989
2013-10-21 14:00:00,581.1999999999989
2013-10-21 15:00:00,580.399999999999
2013-10-21 16:00:00,580.9999999999989
2013-10-21 17:00:00,580.6999999999989
2013-10-21 18:00:00,580.2999999999989
2013-10-21 19:00:00,580.399999999999
2013-10-22 13:00:00,584.599999999999
2013-10-22 14:00:00,583.6999999999989
2013-10-22 15:00:00,583.899999999999
2013-10-22 16:00:00,582.899999999999
2013-10-22 17:00:00,583.7999999999989
2013-10-22 18:00:00,583.599999999999
2013-10-22 19:00:00,583.9999999999989
2013-10-23 13:00:00,581.899999999999
2013-10-23 14:00:00,581.399999999999
2013-10-23 18:00:00,584.2999999999989
2013-10-23 19:00:00,584.099999999999
2013-10-24 13:00:00,585.399999999999
2013-10-24 15:00:00,586.7999999999989
2013-10-24 16:00:00,586.899999999999
2013-10-24 18:00:00,587.4999999999989
2013-10-25 13:00:00,587.1999999999989
2013-10-25 15:00:00,588.399999999999
2013-10-25 16:00:00,587.899999999999
2013-10-25 18:00:00,589.399999999999
2013-10-28 13:00:00,589.6999999999989
2013-10-28 14:00:00,589.599999999999
2013-10-28 15:00:00,589.899999999999
2013-10-28 16:00:00,590.1999999999989
2013-10-28 18:00:00,590.599999999999
2013-10-28 19:00:00,589.9999999999989
2013-10-29 14:00:00,588.399999999999
2013-10-29 15:00:00,588.099999999999
2013-10-29 16:00:00,590.2999999999989
2013-10-29 17:00:00,589.9999999999989
2013-10-30 13:00:00,591.399999999999
2013-10-30 14:00:00,591.399999999999
2013-10-30 17:00:00,590.899999999999
2013-10-30 18:00:00,588.1999999999989
2013-10-31 13:00:00,588.2999999999989
2013-10-31 14:00:00,588.4999999999989
2013-10-31 16:00:00,589.7999999999989
2013-10-31 18:00:00,591.599999999999
2013-10-31 19:00:00,589.1999999999989
2013-11-01 13:00:00,592.4999999999989
2013-11-01 14:00:00,591.1999999999989
2013-11-01 15:00:00,588.599999999999
2013-11-01 16:00:00,589.6999999999989
2013-11-01 18:00:00,591.099999999999
2013-11-01 19:00:00,592.599999999999
2013-11-04 14:00:00,594.099999999999
2013-11-04 15:00:00,593.1999999999989
2013-11-04 17:00:00,593.099999999999
2013-11-05 14:00:00,591.399999999999
2013-11-05 15:00:00,592.1999999999989
2013-11-05 16:00:00,591.9999999999989
2013-11-05 17:00:00,593.6999999999989
2013-11-05 19:00:00,594.099999999999
2013-11-06 14:00:00,595.899999999999
2013-11-06 15:00:00,593.399999999999
2013-11-06 16:00:00,593.899999999999
2013-11-06 19:00:00,595.099999999999
2013-11-06 20:00:00,594.7999999999989
2013-11-07 14:00:00,596.7999999999989
2013-11-07 15:00:00,596.9999999999989
2013-11-07 16:00:00,592.9999999999989
2013-11-07 18:00:00,592.4999999999989
2013-11-07 19:00:00,591.099999999999
2013-11-07 20:00:00,589.4999999999989
2013-11-08 14:00:00,590.2999999999989
2013-11-08 15:00:00,593.6999999999989
2013-11-08 16:00:00,593.6999999999989
2013-11-08 18:00:00,594.899999999999
2013-11-08 19:00:00,594.9999999999989
2013-11-08 20:00:00,595.9999999999989
2013-11-08 21:00:00,596.2999999999989
2013-11-11 14:00:00,596.2999999999989
2013-11-11 15:00:00,596.099999999999
2013-11-12 14:00:00,595.599999999999
2013-11-12 15:00:00,595.4999999999989
2013-11-12 16:00:00,596.4999999999989
2013-11-12 19:00:00,595.4999999999989
2013-11-12 20:00:00,595.9999999999989
2013-11-13 14:00:00,594.599999999999
2013-11-13 15:00:00,594.899999999999
2013-11-13 17:00:00,596.099999999999
2013-11-13 21:00:00,598.899999999999
2013-11-14 14:00:00,600.599999999999
2013-11-14 15:00:00,600.899999999999
2013-11-14 16:00:00,600.7999999999989
2013-11-14 17:00:00,600.7999999999989
2013-11-14 18:00:00,601.099999999999
2013-11-14 19:00:00,601.6999999999989
2013-11-15 15:00:00,601.599999999999
2013-11-15 18:00:00,601.899999999999
2013-11-15 19:00:00,602.2999999999989
2013-11-15 20:00:00,602.7999999999989
2013-11-18 14:00:00,605.599999999999
2013-11-18 18:00:00,605.4999999999989
2013-11-18 20:00:00,602.899999999999
2013-11-19 14:00:00,603.2999999999989
2013-11-19 15:00:00,603.099999999999
2013-11-19 16:00:00,601.4999999999989
2013-11-19 18:00:00,600.099999999999
2013-11-19 19:00:00,600.599999999999
2013-11-19 20:00:00,600.2999999999989
2013-11-20 14:00:00,600.2999999999989
2013-11-20 15:00:00,600.099999999999
2013-11-20 16:00:00,600.2999999999989
2013-11-20 19:00:00,598.7999999999989
2013-11-20 20:00:00,597.599999999999
2013-11-20 21:00:00,597.9999999999989
2013-11-21 14:00:00,599.899999999999
2013-11-21 17:00:00,601.1999999999989
2013-11-22 14:00:00,602.099999999999
2013-11-22 17:00:00,604.6999999999989
2013-11-22 18:00:00,604.599999999999
2013-11-22 19:00:00,605.099999999999
2013-11-22 20:00:00,605.599999999999
2013-11-25 14:00:00,605.4999999999989
2013-11-25 15:00:00,605.399999999999
2013-11-25 20:00:00,604.599999999999
2013-11-26 14:00:00,605.7999999999989
2013-11-26 15:00:00,605.7999999999989
2013-11-26 18:00:00,606.1999999999989
2013-11-26 19:00:00,606.899999999999
2013-11-27 14:00:00,608.1999999999989
2013-11-29 15:00:00,608.599999999999
2013-12-02 14:00:00,605.4999999999989
2013-12-02 15:00:00,606.2999999999989
2013-12-02 17:00:00,607.1999999999989
2013-12-02 19:00:00,606.099999999999
2013-12-03 14:00:00,602.399999999999
2013-12-03 15:00:00,602.7999999999989
2013-12-03 16:00:00,600.4999999999989
2013-12-03 17:00:00,600.4999999999989
2013-12-03 18:00:00,599.6999999999989
2013-12-03 20:00:00,600.1999999999989
2013-12-03 21:00:00,600.399999999999
2013-12-04 14:00:00,597.399999999999
2013-12-04 15:00:00,601.6999999999989
2013-12-04 16:00:00,599.7999999999989
2013-12-04 17:00:00,598.399999999999
2013-12-04 18:00:00,594.7999999999989
2013-12-04 19:00:00,596.4999999999989
2013-12-04 20:00:00,598.9999999999989
2013-12-05 14:00:00,598.2999999999989
2013-12-05 15:00:00,599.2999999999989
2013-12-05 16:00:00,598.6999999999989
2013-12-06 14:00:00,603.399999999999
2013-12-09 14:00:00,606.599999999999
2013-12-10 14:00:00,605.7999999999989
2013-12-10 15:00:00,608.6999999999989
2013-12-10 16:00:00,607.4999999999989
2013-12-11 14:00:00,603.899999999999
2013-12-11 15:00:00,602.1999999999989
2013-12-11 16:00:00,600.599999999999
2013-12-11 17:00:00,599.4999999999989
2013-12-11 18:00:00,600.899999999999
2013-12-11 19:00:00,599.899999999999
2013-12-11 20:00:00,597.9999999999989
2013-12-12 14:00:00,597.9999999999989
2013-12-12 17:00:00,596.899999999999
2013-12-12 20:00:00,597.6999999999989
2013-12-13 14:00:00,598.899999999999
2013-12-13 16:00:00,598.1999999999989
2013-12-13 17:00:00,598.1999999999989
2013-12-13 18:00:00,599.4999999999989
2013-12-13 20:00:00,598.899999999999
2013-12-16 15:00:00,603.2999999999989
2013-12-16 18:00:00,603.4999999999989
2013-12-16 20:00:00,604.9999999999989
2013-12-17 14:00:00,604.2999999999989
2013-12-17 15:00:00,602.9999999999989
2013-12-17 16:00:00,603.4999999999989
2013-12-17 17:00:00,603.599999999999
2013-12-17 19:00:00,604.099999999999
2013-12-17 21:00:00,603.599999999999
2013-12-18 17:00:00,603.2999999999989
2013-12-18 19:00:00,605.4999999999989
2013-12-18 20:00:00,611.7999999999989
2013-12-19 14:00:00,610.2999999999989
2013-12-19 15:00:00,610.2999999999989
2013-12-19 16:00:00,610.1999999999989
2013-12-19 17:00:00,609.899999999999
2013-12-19 19:00:00,611.2999999999989
2013-12-19 20:00:00,611.9999999999989
2013-12-20 14:00:00,612.6999999999989
2013-12-20 16:00:00,615.099999999999
2013-12-20 18:00:00,617.099999999999
2013-12-20 20:00:00,616.2999999999989
2013-12-23 14:00:00,617.599999999999
2013-12-23 15:00:00,618.1999999999989
2013-12-23 18:00:00,617.399999999999
2013-12-23 19:00:00,617.899999999999
2013-12-23 20:00:00,618.099999999999
2013-12-24 14:00:00,618.899999999999
2013-12-26 14:00:00,622.399999999999
2013-12-26 16:00:00,623.099999999999
2013-12-26 17:00:00,623.399999999999
2013-12-26 19:00:00,624.4999999999989
2013-12-26 21:00:00,623.9999999999989
2013-12-27 14:00:00,624.099999999999
2013-12-27 15:00:00,623.099999999999
2013-12-27 16:00:00,623.6999999999989
2013-12-27 17:00:00,623.1999999999989
2013-12-27 18:00:00,623.1999999999989
2013-12-27 19:00:00,623.099999999999
2013-12-27 20:00:00,623.4999999999989
2013-12-30 14:00:00,623.6999999999989
2013-12-30 19:00:00,623.1999999999989
2013-12-30 20:00:00,623.1999999999989
2013-12-31 18:00:00,624.9999999999989
2014-01-02 14:00:00,622.299999999999
2014-01-02 15:00:00,621.099999999999
2014-01-02 17:00:00,619.399999999999
2014-01-02 18:00:00,618.9999999999989
2014-01-02 20:00:00,619.099999999999
2014-01-03 14:00:00,621.9999999999989
2014-01-03 15:00:00,621.599999999999
2014-01-03 16:00:00,621.099999999999
2014-01-03 17:00:00,620.399999999999
2014-01-03 18:00:00,620.1999999999989
2014-01-03 20:00:00,621.4999999999989
2014-01-06 14:00:00,623.799999999999
2014-01-06 15:00:00,620.799999999999
2014-01-07 14:00:00,619.899999999999
2014-01-07 15:00:00,621.099999999999
2014-01-07 18:00:00,619.299999999999
2014-01-07 19:00:00,619.9999999999989
2014-01-07 20:00:00,620.099999999999
2014-01-08 14:00:00,619.6999999999989
2014-01-08 15:00:00,619.599999999999
2014-01-08 16:00:00,620.099999999999
2014-01-08 19:00:00,619.599999999999
2014-01-09 14:00:00,621.799999999999
2014-01-09 15:00:00,619.099999999999
2014-01-09 16:00:00,619.1999999999989
2014-01-09 17:00:00,619.6999999999989
2014-01-09 18:00:00,620.399999999999
2014-01-09 19:00:00,620.6999999999989
2014-01-10 14:00:00,622.099999999999
2014-01-10 15:00:00,619.599999999999
2014-01-10 17:00:00,621.9999999999989
2014-01-10 18:00:00,621.799999999999
2014-01-10 20:00:00,622.099999999999
2014-01-13 14:00:00,622.4999999999989
2014-01-13 16:00:00,622.599999999999
2014-01-13 17:00:00,620.899999999999
2014-01-13 18:00:00,620.4999999999989
2014-01-13 19:00:00,617.899999999999
2014-01-13 20:00:00,617.399999999999
2014-01-14 14:00:00,617.299999999999
2014-01-14 15:00:00,619.599999999999
2014-01-14 16:00:00,619.399999999999
2014-01-14 17:00:00,620.799999999999
2014-01-14 18:00:00,621.299999999999
2014-01-14 19:00:00,621.099999999999
2014-01-14 20:00:00,621.599999999999
2014-01-15 14:00:00,622.9999999999989
2014-01-15 15:00:00,624.6999999999989
2014-01-15 16:00:00,625.9999999999989
2014-01-15 18:00:00,624.599999999999
2014-01-15 19:00:00,625.099999999999
2014-01-16 14:00:00,623.399999999999
2014-01-16 15:00:00,622.6999999999989
2014-01-16 16:00:00,622.4999999999989
2014-01-16 19:00:00,623.099999999999
2014-01-16 20:00:00,623.299999999999
2014-01-17 14:00:00,621.1999999999989
2014-01-21 14:00:00,624.6999999999989
2014-01-21 16:00:00,619.9999999999989
2014-01-21 17:00:00,620.6999999999989
2014-01-21 18:00:00,621.399999999999
2014-01-21 19:00:00,621.599999999999
2014-01-21 20:00:00,621.799999999999
2014-01-22 14:00:00,623.899999999999
2014-01-22 15:00:00,622.299999999999
2014-01-22 17:00:00,623.299999999999
2014-01-22 18:00:00,623.4999999999989
2014-01-22 20:00:00,623.6999999999989
2014-01-23 14:00:00,620.599999999999
2014-01-23 15:00:00,618.9999999999989
2014-01-23 16:00:00,617.599999999999
2014-01-23 18:00:00,616.2999999999989
2014-01-23 19:00:00,616.099999999999
2014-01-23 20:00:00,617.1999999999989
2014-01-24 14:00:00,610.7999999999989
2014-01-24 15:00:00,607.599999999999
2014-01-24 16:00:00,605.4999999999989
2014-01-24 17:00:00,604.9999999999989
2014-01-24 18:00:00,605.399999999999
2014-01-24 19:00:00,603.1999999999989
2014-01-24 20:00:00,601.4999999999989
2014-01-24 21:00:00,601.099999999999
2014-01-27 14:00:00,604.399999999999
2014-01-27 15:00:00,603.599999999999
2014-01-27 16:00:00,602.9999999999989
2014-01-27 17:00:00,599.399999999999
2014-01-27 18:00:00,602.399999999999
2014-01-27 19:00:00,604.7999999999989
2014-01-27 20:00:00,602.9999999999989
2014-01-28 14:00:00,605.1999999999989
2014-01-28 15:00:00,606.4999999999989
2014-01-28 16:00:00,604.599999999999
2014-01-28 17:00:00,605.1999999999989
2014-01-28 18:00:00,605.599999999999
2014-01-28 20:00:00,606.7999999999989
2014-01-29 14:00:00,602.9999999999989
2014-01-29 15:00:00,603.4999999999989
2014-01-29 16:00:00,604.6999999999989
2014-01-29 17:00:00,602.9999999999989
2014-01-29 18:00:00,602.599999999999
2014-01-29 19:00:00,600.7999999999989
2014-01-29 20:00:00,601.399999999999
2014-01-30 14:00:00,603.899999999999
2014-01-30 16:00:00,606.6999999999989
2014-01-30 17:00:00,606.899999999999
2014-01-30 20:00:00,606.2999999999989
2014-01-31 14:00:00,599.7999999999989
2014-01-31 15:00:00,600.6999999999989
2014-01-31 20:00:00,603.6999999999989
2014-02-03 14:00:00,602.4999999999989
2014-02-03 15:00:00,597.9999999999989
2014-02-03 16:00:00,594.4999999999989
2014-02-03 17:00:00,593.899999999999
2014-02-03 18:00:00,590.9999999999989
2014-02-03 20:00:00,589.099999999999
2014-02-04 14:00:00,588.4999999999989
2014-02-04 15:00:00,589.899999999999
2014-02-04 16:00:00,590.599999999999
2014-02-04 17:00:00,592.399999999999
2014-02-04 18:00:00,591.599999999999
2014-02-04 19:00:00,592.6999999999989
2014-02-05 14:00:00,589.899999999999
2014-02-05 15:00:00,588.9999999999989
2014-02-05 16:00:00,588.2999999999989
2014-02-06 14:00:00,594.599999999999
2014-02-06 16:00:00,598.1999999999989
2014-02-06 19:00:00,599.1999999999989
2014-02-06 20:00:00,599.2999999999989
2014-02-07 14:00:00,604.899999999999
2014-02-07 15:00:00,604.899999999999
2014-02-07 20:00:00,607.099999999999
2014-02-10 14:00:00,606.2999999999989
2014-02-10 20:00:00,604.6999999999989
2014-02-10 21:00:00,604.7999999999989
2014-02-11 14:00:00,608.2999999999989
2014-02-12 14:00:00,612.7999999999989
2014-02-12 15:00:00,612.599999999999
2014-02-12 18:00:00,612.6999999999989
2014-02-12 20:00:00,612.1999999999989
2014-02-12 21:00:00,612.2999999999989
2014-02-13 14:00:00,607.9999999999989
2014-02-13 15:00:00,610.4999999999989
2014-02-13 16:00:00,612.1999999999989
2014-02-13 19:00:00,613.399999999999
2014-02-13 21:00:00,613.1999999999989
2014-02-14 14:00:00,612.599999999999
2014-02-14 15:00:00,614.6999999999989
2014-02-14 16:00:00,615.599999999999
2014-02-18 14:00:00,616.099999999999
2014-02-18 15:00:00,616.399999999999
2014-02-18 16:00:00,616.399999999999
2014-02-18 18:00:00,615.2999999999989
2014-02-19 14:00:00,616.399999999999
2014-02-19 15:00:00,618.099999999999
2014-02-19 17:00:00,614.6999999999989
2014-02-19 19:00:00,613.599999999999
2014-02-20 14:00:00,612.399999999999
2014-02-20 15:00:00,615.399999999999
2014-02-20 16:00:00,615.2999999999989
2014-02-20 17:00:00,616.6999999999989
2014-02-20 18:00:00,617.299999999999
2014-02-20 19:00:00,617.4999999999989
2014-02-20 20:00:00,617.899999999999
2014-02-21 14:00:00,618.299999999999
2014-02-21 15:00:00,617.9999999999989
2014-02-21 16:00:00,618.6999999999989
2014-02-21 19:00:00,617.299999999999
2014-02-24 14:00:00,621.299999999999
2014-02-24 15:00:00,621.9999999999989
2014-02-25 14:00:00,619.599999999999
2014-02-25 15:00:00,620.399999999999
2014-02-25 16:00:00,621.799999999999
2014-02-25 17:00:00,620.1999999999989
2014-02-25 19:00:00,619.299999999999
2014-02-25 20:00:00,618.299999999999
2014-02-26 14:00:00,619.099999999999
2014-02-26 15:00:00,621.299999999999
2014-02-26 18:00:00,620.899999999999
2014-02-26 20:00:00,618.9999999999989
2014-02-27 14:00:00,618.4999999999989
2014-02-27 15:00:00,619.1999999999989
2014-02-27 16:00:00,620.9999999999989
2014-02-28 14:00:00,623.9999999999989
2014-02-28 15:00:00,624.4999999999989
2014-02-28 20:00:00,623.799999999999
2014-03-03 14:00:00,619.299999999999
2014-03-03 15:00:00,618.9999999999989
2014-03-03 19:00:00,621.1999999999989
2014-03-03 20:00:00,619.899999999999
2014-03-04 14:00:00,627.799999999999
2014-03-04 15:00:00,627.9999999999989
2014-03-04 16:00:00,628.4999999999989
2014-03-04 17:00:00,628.1999999999989
2014-03-04 19:00:00,627.799999999999
2014-03-04 20:00:00,628.799999999999
2014-03-05 14:00:00,628.799999999999
2014-03-05 16:00:00,629.4999999999989
2014-03-05 21:00:00,628.599999999999
2014-03-06 14:00:00,631.899999999999
2014-03-06 15:00:00,631.399999999999
2014-03-06 16:00:00,631.599999999999
2014-03-07 14:00:00,633.4999999999989
2014-03-07 15:00:00,634.3999999999988
2014-03-07 16:00:00,632.299999999999
2014-03-07 18:00:00,632.6999999999989
2014-03-07 19:00:00,632.9999999999989
2014-03-07 20:00:00,632.099999999999
2014-03-10 13:00:00,631.9999999999989
2014-03-10 14:00:00,627.599999999999
2014-03-10 15:00:00,628.9999999999989
2014-03-10 16:00:00,630.1999999999989
2014-03-10 17:00:00,628.899999999999
2014-03-10 18:00:00,629.599999999999
2014-03-10 19:00:00,630.299999999999
2014-03-10 20:00:00,630.299999999999
2014-03-11 13:00:00,628.4999999999989
2014-03-11 15:00:00,630.899999999999
2014-03-11 16:00:00,628.099999999999
2014-03-12 13:00:00,624.4999999999989
2014-03-12 19:00:00,625.4999999999989
2014-03-12 20:00:00,625.599999999999
2014-03-13 13:00:00,628.1999999999989
2014-03-14 13:00:00,618.299999999999
2014-03-14 14:00:00,619.4999999999991
2014-03-17 15:00:00,622.099999999999
2014-03-17 19:00:00,622.9999999999991
2014-03-18 13:00:00,625.299999999999
2014-03-18 14:00:00,625.399999999999
2014-03-18 17:00:00,626.299999999999
2014-03-18 18:00:00,626.4999999999991
2014-03-19 13:00:00,625.9999999999991
2014-03-19 15:00:00,624.799999999999
2014-03-19 18:00:00,622.4999999999991
2014-03-20 13:00:00,620.299999999999
2014-03-20 14:00:00,620.9999999999991
2014-03-20 15:00:00,620.1999999999989
2014-03-21 13:00:00,625.099999999999
2014-03-21 14:00:00,624.899999999999
2014-03-21 15:00:00,625.899999999999
2014-03-21 16:00:00,625.1999999999989
2014-03-21 17:00:00,622.6999999999989
2014-03-21 18:00:00,623.399999999999
2014-03-21 20:00:00,621.899999999999
2014-03-24 13:00:00,622.6999999999989
2014-03-24 14:00:00,620.6999999999989
2014-03-24 15:00:00,618.399999999999
2014-03-24 18:00:00,620.4999999999991
2014-03-25 13:00:00,625.399999999999
2014-03-25 14:00:00,623.899999999999
2014-03-25 15:00:00,623.1999999999989
2014-03-25 19:00:00,625.099999999999
2014-03-26 13:00:00,626.9999999999991
2014-03-26 14:00:00,625.6999999999989
2014-03-26 16:00:00,624.299999999999
2014-03-26 18:00:00,621.9999999999991
2014-03-26 19:00:00,623.099999999999
2014-03-27 13:00:00,617.899999999999
2014-03-27 14:00:00,619.599999999999
2014-03-27 15:00:00,618.099999999999
2014-03-27 16:00:00,618.9999999999991
2014-03-27 17:00:00,618.6999999999989
2014-03-27 18:00:00,618.6999999999989
2014-03-27 19:00:00,618.799999999999
2014-03-28 13:00:00,622.1999999999989
2014-03-28 14:00:00,623.4999999999991
2014-03-31 13:00:00,627.4999999999991
2014-03-31 14:00:00,627.299999999999
2014-03-31 15:00:00,625.899999999999
2014-03-31 19:00:00,628.4999999999991
2014-04-01 13:00:00,630.299999999999
2014-04-01 16:00:00,630.1999999999989
2014-04-01 19:00:00,632.399999999999
2014-04-02 13:00:00,634.499999999999
2014-04-02 14:00:00,635.199999999999
2014-04-02 16:00:00,634.999999999999
2014-04-02 17:00:00,634.1999999999989
2014-04-02 18:00:00,634.699999999999
2014-04-02 19:00:00,635.8999999999991
2014-04-03 13:00:00,636.2999999999989
2014-04-03 14:00:00,634.7999999999989
2014-04-03 19:00:00,636.7999999999989
2014-04-04 13:00:00,636.999999999999
2014-04-04 14:00:00,639.0999999999989
2014-04-04 15:00:00,634.999999999999
2014-04-04 16:00:00,632.9999999999991
2014-04-04 17:00:00,632.6999999999989
2014-04-04 18:00:00,632.399999999999
2014-04-07 13:00:00,627.399999999999
2014-04-07 14:00:00,627.6999999999989
2014-04-07 15:00:00,625.599999999999
2014-04-07 16:00:00,623.799999999999
2014-04-07 19:00:00,622.9999999999991
2014-04-08 13:00:00,621.799999999999
2014-04-08 16:00:00,623.599999999999
2014-04-08 17:00:00,624.099999999999
2014-04-08 18:00:00,622.9999999999991
2014-04-08 19:00:00,623.299999999999
2014-04-09 13:00:00,624.099999999999
2014-04-09 14:00:00,625.1999999999989
2014-04-09 15:00:00,625.4999999999991
2014-04-09 16:00:00,626.899999999999
2014-04-09 17:00:00,626.799999999999
2014-04-09 18:00:00,628.1999999999989
2014-04-09 19:00:00,630.099999999999
2014-04-10 13:00:00,629.1999999999989
2014-04-10 16:00:00,624.799999999999
2014-04-10 17:00:00,621.899999999999
2014-04-10 19:00:00,620.099999999999
2014-04-11 13:00:00,617.899999999999
2014-04-11 14:00:00,619.099999999999
2014-04-11 15:00:00,618.899999999999
2014-04-11 18:00:00,614.399999999999
2014-04-11 19:00:00,614.299999999999
2014-04-14 13:00:00,616.399999999999
2014-04-14 14:00:00,617.499999999999
2014-04-15 13:00:00,618.099999999999
2014-04-15 14:00:00,616.099999999999
2014-04-15 15:00:00,614.499999999999
2014-04-15 16:00:00,613.6999999999989
2014-04-15 17:00:00,615.399999999999
2014-04-15 18:00:00,618.899999999999
2014-04-15 19:00:00,620.299999999999
2014-04-16 13:00:00,623.399999999999
2014-04-16 14:00:00,622.1999999999989
2014-04-16 15:00:00,624.299999999999
2014-04-16 16:00:00,626.799999999999
2014-04-16 17:00:00,626.1999999999989
2014-04-16 18:00:00,626.799999999999
2014-04-16 19:00:00,628.299999999999
2014-04-17 13:00:00,629.799999999999
2014-04-17 14:00:00,632.299999999999
2014-04-17 15:00:00,631.299999999999
2014-04-17 16:00:00,632.099999999999
2014-04-17 17:00:00,633.399999999999
2014-04-17 18:00:00,633.399999999999
2014-04-17 19:00:00,632.6999999999989
2014-04-21 13:00:00,633.399999999999
2014-04-21 15:00:00,632.299999999999
2014-04-21 17:00:00,633.399999999999
2014-04-21 18:00:00,634.099999999999
2014-04-21 19:00:00,634.2999999999989
2014-04-22 13:00:00,636.0999999999989
2014-04-22 16:00:00,637.0999999999989
2014-04-22 18:00:00,636.699999999999
2014-04-22 19:00:00,635.199999999999
2014-04-23 13:00:00,636.0999999999989
2014-04-23 14:00:00,636.5999999999989
2014-04-23 17:00:00,637.0999999999989
2014-04-23 18:00:00,636.5999999999989
2014-04-23 19:00:00,636.5999999999989
2014-04-24 13:00:00,634.1999999999989
2014-04-24 14:00:00,635.5999999999989
2014-04-24 16:00:00,636.0999999999989
2014-04-24 17:00:00,635.199999999999
2014-04-24 18:00:00,635.199999999999
2014-04-24 19:00:00,635.199999999999
2014-04-25 13:00:00,634.1999999999989
2014-04-25 15:00:00,630.599999999999
2014-04-25 18:00:00,629.6999999999989
2014-04-25 19:00:00,630.399999999999
2014-04-28 13:00:00,630.1999999999989
2014-04-28 14:00:00,632.399999999999
2014-04-28 15:00:00,630.399999999999
2014-04-28 16:00:00,629.1999999999989
2014-04-28 17:00:00,625.799999999999
2014-04-28 18:00:00,627.6999999999989
2014-04-28 19:00:00,631.1999999999989
2014-04-29 13:00:00,631.6999999999989
2014-04-29 14:00:00,630.1999999999989
2014-04-29 19:00:00,632.099999999999
2014-04-30 13:00:00,632.399999999999
2014-04-30 14:00:00,634.699999999999
2014-04-30 15:00:00,634.1999999999989
2014-04-30 17:00:00,634.8999999999991
2014-04-30 18:00:00,635.2999999999989
2014-04-30 19:00:00,635.199999999999
2014-05-01 13:00:00,635.3999999999991
2014-05-01 14:00:00,635.5999999999989
2014-05-01 15:00:00,636.2999999999989
2014-05-01 16:00:00,635.3999999999991
2014-05-01 17:00:00,633.599999999999
2014-05-01 19:00:00,633.9999999999991
2014-05-02 13:00:00,635.3999999999991
2014-05-02 14:00:00,634.3999999999991
2014-05-02 15:00:00,634.699999999999
2014-05-02 16:00:00,635.2999999999989
2014-05-02 17:00:00,634.2999999999989
2014-05-02 18:00:00,634.499999999999
2014-05-02 19:00:00,633.799999999999
2014-05-05 13:00:00,630.399999999999
2014-05-05 14:00:00,631.6999999999989
2014-05-06 13:00:00,631.599999999999
2014-05-06 14:00:00,631.899999999999
2014-05-06 15:00:00,632.299999999999
2014-05-06 16:00:00,632.6999999999989
2014-05-06 17:00:00,630.399999999999
2014-05-07 13:00:00,631.399999999999
2014-05-07 14:00:00,631.899999999999
2014-05-07 15:00:00,632.899999999999
2014-05-07 16:00:00,632.799999999999
2014-05-07 17:00:00,633.099999999999
2014-05-07 18:00:00,633.9999999999991
2014-05-07 19:00:00,634.7999999999989
2014-05-08 13:00:00,637.499999999999
2014-05-08 15:00:00,637.2999999999989
2014-05-08 16:00:00,637.2999999999989
2014-05-08 17:00:00,636.699999999999
2014-05-08 18:00:00,634.5999999999989
2014-05-08 19:00:00,634.499999999999
2014-05-09 13:00:00,632.299999999999
2014-05-09 14:00:00,632.799999999999
2014-05-09 15:00:00,632.399999999999
2014-05-09 16:00:00,634.7999999999989
2014-05-09 17:00:00,634.3999999999991
2014-05-09 19:00:00,634.8999999999991
2014-05-12 13:00:00,640.5999999999989
2014-05-12 14:00:00,641.0999999999989
2014-05-12 16:00:00,641.499999999999
2014-05-12 17:00:00,642.0999999999989
2014-05-12 19:00:00,643.2999999999989
2014-05-13 15:00:00,644.2999999999989
2014-05-13 16:00:00,644.499999999999
2014-05-13 17:00:00,644.0999999999989
2014-05-13 19:00:00,644.3999999999991
2014-05-14 13:00:00,642.499999999999
2014-05-14 19:00:00,640.199999999999
2014-05-15 13:00:00,635.699999999999
2014-05-15 14:00:00,633.899999999999
2014-05-15 15:00:00,632.799999999999
2014-05-15 16:00:00,633.1999999999989
2014-05-16 13:00:00,634.7999999999989
2014-05-16 14:00:00,635.0999999999989
2014-05-19 13:00:00,635.5999999999989
2014-05-19 14:00:00,636.8999999999991
2014-05-19 15:00:00,637.699999999999
2014-05-20 13:00:00,634.1999999999989
2014-05-20 14:00:00,634.8999999999991
2014-05-20 15:00:00,634.1999999999989
2014-05-20 16:00:00,631.899999999999
2014-05-20 17:00:00,631.4999999999991
2014-05-21 13:00:00,633.099999999999
2014-05-21 14:00:00,634.8999999999991
2014-05-21 15:00:00,634.999999999999
2014-05-21 16:00:00,634.999999999999
2014-05-21 17:00:00,635.199999999999
2014-05-21 18:00:00,635.2999999999989
2014-05-21 19:00:00,635.8999999999991
2014-05-22 13:00:00,637.499999999999
2014-05-22 14:00:00,638.0999999999989
2014-05-22 15:00:00,638.199999999999
2014-05-22 16:00:00,637.199999999999
2014-05-22 17:00:00,637.999999999999
2014-05-22 18:00:00,638.2999999999989
2014-05-22 19:00:00,637.3999999999991
2014-05-23 13:00:00,638.5999999999989
2014-05-23 14:00:00,640.199999999999
2014-05-23 16:00:00,640.199999999999
2014-05-27 13:00:00,642.699999999999
2014-05-27 14:00:00,644.0999999999989
2014-05-27 16:00:00,643.499999999999
2014-05-27 17:00:00,642.7999999999989
2014-05-27 18:00:00,642.8999999999991
2014-05-27 19:00:00,643.499999999999
2014-05-28 13:00:00,644.7999999999989
2014-05-28 16:00:00,644.2999999999989
2014-05-28 17:00:00,644.8999999999991
2014-05-28 18:00:00,645.2999999999989
2014-05-28 19:00:00,644.699999999999
2014-05-29 13:00:00,645.0999999999989
2014-05-29 14:00:00,642.8999999999991
2014-05-29 16:00:00,644.2999999999989
2014-05-29 17:00:00,643.8999999999991
2014-05-29 18:00:00,645.2999999999989
2014-05-29 19:00:00,645.8999999999991
2014-05-30 13:00:00,644.499999999999
2014-05-30 14:00:00,644.7999999999989
2014-05-30 15:00:00,645.3999999999991
2014-05-30 16:00:00,644.699999999999
2014-05-30 17:00:00,644.999999999999
2014-05-30 18:00:00,645.699999999999
2014-05-30 19:00:00,645.999999999999
2014-05-30 20:00:00,645.7999999999989
2014-06-02 13:00:00,646.199999999999
2014-06-02 14:00:00,644.999999999999
2014-06-02 15:00:00,647.5999999999989
2014-06-03 13:00:00,647.3999999999991
2014-06-03 14:00:00,646.5999999999989
2014-06-03 15:00:00,645.5999999999989
2014-06-03 16:00:00,645.5999999999989
2014-06-03 17:00:00,646.499999999999
2014-06-03 18:00:00,647.2999999999989
2014-06-03 19:00:00,647.2999999999989
2014-06-03 20:00:00,647.0999999999989
2014-06-04 13:00:00,645.999999999999
2014-06-04 14:00:00,647.5999999999989
2014-06-04 18:00:00,646.999999999999
2014-06-05 13:00:00,649.199999999999
2014-06-05 14:00:00,649.499999999999
2014-06-05 15:00:00,651.999999999999
2014-06-05 16:00:00,652.3999999999991
2014-06-05 17:00:00,653.2999999999989
2014-06-06 13:00:00,655.7999999999989
2014-06-06 14:00:00,655.7999999999989
2014-06-06 16:00:00,657.2999999999989
2014-06-06 17:00:00,657.2999999999989
2014-06-09 13:00:00,659.5999999999989
2014-06-09 14:00:00,660.999999999999
2014-06-09 15:00:00,662.8999999999991
2014-06-09 16:00:00,660.999999999999
2014-06-09 17:00:00,660.3999999999991
2014-06-09 18:00:00,661.499999999999
2014-06-09 19:00:00,660.8999999999991
2014-06-10 13:00:00,658.999999999999
2014-06-13 13:00:00,648.0999999999991
2014-06-16 13:00:00,648.499999999999
2014-06-17 13:00:00,647.7999999999989
2014-06-18 13:00:00,648.7999999999989
2014-06-18 18:00:00,650.699999999999
2014-06-19 13:00:00,653.2999999999989
2014-06-19 14:00:00,653.0999999999991
2014-06-19 15:00:00,653.5999999999991
2014-06-19 16:00:00,653.0999999999991
2014-06-19 17:00:00,652.7999999999989
2014-06-19 19:00:00,653.199999999999
2014-06-20 13:00:00,655.499999999999
2014-06-20 14:00:00,655.999999999999
2014-06-23 13:00:00,654.7999999999989
2014-06-24 14:00:00,652.8999999999991
2014-06-24 15:00:00,653.5999999999991
2014-06-24 16:00:00,652.699999999999
2014-06-24 18:00:00,650.0999999999991
2014-06-24 19:00:00,648.2999999999989
2014-06-25 13:00:00,646.7999999999989
2014-06-26 13:00:00,646.0999999999991
2014-06-26 15:00:00,646.199999999999
2014-06-27 13:00:00,647.499999999999
2014-06-27 16:00:00,647.8999999999991
2014-06-27 18:00:00,646.7999999999989
2014-06-30 13:00:00,647.199999999999
2014-06-30 14:00:00,648.7999999999989
2014-06-30 19:00:00,646.699999999999
2014-07-01 13:00:00,648.3999999999991
2014-07-01 14:00:00,648.499999999999
2014-07-01 18:00:00,650.2999999999989
2014-07-01 19:00:00,650.999999999999
2014-07-02 13:00:00,650.199999999999
2014-07-02 16:00:00,648.999999999999
2014-07-02 17:00:00,648.999999999999
2014-07-02 19:00:00,649.0999999999991
2014-07-03 16:00:00,653.699999999999
2014-07-07 13:00:00,649.8999999999991
2014-07-07 14:00:00,650.2999999999989
2014-07-08 13:00:00,646.3999999999991
2014-07-08 14:00:00,646.0999999999991
2014-07-08 15:00:00,645.2999999999989
2014-07-08 16:00:00,645.499999999999
2014-07-09 13:00:00,646.3999999999991
2014-07-09 14:00:00,646.7999999999989
2014-07-09 18:00:00,646.999999999999
2014-07-09 19:00:00,647.0999999999991
2014-07-10 13:00:00,642.8999999999991
2014-07-10 14:00:00,642.7999999999989
2014-07-11 14:00:00,645.999999999999
2014-07-11 15:00:00,645.3999999999991
2014-07-14 13:00:00,651.0999999999991
2014-07-14 14:00:00,651.199999999999
2014-07-14 15:00:00,651.3999999999991
2014-07-14 17:00:00,650.5999999999991
2014-07-14 18:00:00,650.8999999999991
2014-07-14 19:00:00,650.5999999999991
2014-07-15 13:00:00,652.5999999999991
2014-07-15 14:00:00,649.3999999999991
2014-07-15 15:00:00,648.999999999999
2014-07-15 16:00:00,649.199999999999
2014-07-15 17:00:00,649.999999999999
2014-07-15 18:00:00,650.2999999999989
2014-07-15 19:00:00,650.699999999999
2014-07-16 13:00:00,652.2999999999989
2014-07-16 17:00:00,651.8999999999991
2014-07-16 18:00:00,652.999999999999
2014-07-17 13:00:00,650.5999999999991
2014-07-18 13:00:00,645.8999999999991
2014-07-18 18:00:00,647.499999999999
2014-07-21 13:00:00,647.3999999999991
2014-07-22 13:00:00,650.8999999999991
2014-07-22 14:00:00,650.3999999999991
2014-07-22 15:00:00,651.199999999999
2014-07-22 20:00:00,649.7999999999989
2014-07-23 13:00:00,649.0999999999991
2014-07-23 15:00:00,649.8999999999991
2014-07-23 16:00:00,648.3999999999991
2014-07-23 17:00:00,648.8999999999991
2014-07-23 19:00:00,648.7999999999989
2014-07-24 13:00:00,647.3999999999991
2014-07-24 14:00:00,647.3999999999991
2014-07-24 15:00:00,647.2999999999989
2014-07-24 16:00:00,646.5999999999991
2014-07-24 17:00:00,645.8999999999991
2014-07-24 20:00:00,645.499999999999
2014-07-25 13:00:00,644.5999999999991
2014-07-25 15:00:00,644.8999999999991
2014-07-28 13:00:00,639.8999999999991
2014-07-28 14:00:00,639.2999999999989
2014-07-28 17:00:00,641.199999999999
2014-07-29 13:00:00,640.999999999999
2014-07-29 14:00:00,640.0999999999991
2014-07-29 15:00:00,638.199999999999
2014-07-29 19:00:00,635.8999999999991
2014-07-30 13:00:00,636.8999999999991
2014-07-30 15:00:00,633.6999999999989
2014-07-30 17:00:00,634.099999999999
2014-07-30 18:00:00,635.0999999999991
2014-07-30 19:00:00,634.3999999999991
2014-07-31 13:00:00,631.599999999999
2014-07-31 14:00:00,628.6999999999989
2014-07-31 15:00:00,627.4999999999991
2014-07-31 16:00:00,627.4999999999991
2014-07-31 19:00:00,625.599999999999
2014-08-01 13:00:00,623.399999999999
2014-08-01 14:00:00,625.9999999999991
2014-08-01 16:00:00,621.599999999999
2014-08-01 17:00:00,621.6999999999989
2014-08-01 18:00:00,624.4999999999991
2014-08-01 19:00:00,624.799999999999
2014-08-04 13:00:00,624.6999999999989
2014-08-04 14:00:00,622.799999999999
2014-08-04 16:00:00,623.099999999999
2014-08-04 18:00:00,624.1999999999989
2014-08-04 19:00:00,625.899999999999
2014-08-05 13:00:00,624.4999999999991
2014-08-05 14:00:00,627.399999999999
2014-08-05 15:00:00,626.899999999999
2014-08-05 16:00:00,625.799999999999
2014-08-05 17:00:00,624.599999999999
2014-08-05 19:00:00,623.1999999999989
2014-08-06 13:00:00,618.9999999999991
2014-08-06 14:00:00,620.9999999999991
2014-08-06 16:00:00,621.099999999999
2014-08-06 17:00:00,619.699999999999
2014-08-06 18:00:00,620.599999999999
2014-08-07 13:00:00,623.4999999999991
2014-08-07 14:00:00,624.099999999999
2014-08-07 16:00:00,620.9999999999991
2014-08-07 17:00:00,622.399999999999
2014-08-08 13:00:00,620.099999999999
2014-08-08 14:00:00,620.599999999999
2014-08-08 15:00:00,623.1999999999989
2014-08-08 17:00:00,625.899999999999
2014-08-08 18:00:00,626.4999999999991
2014-08-08 19:00:00,628.099999999999
2014-08-11 14:00:00,631.799999999999
2014-08-11 17:00:00,630.799999999999
2014-08-11 18:00:00,630.599999999999
2014-08-12 13:00:00,630.9999999999991
2014-08-12 15:00:00,629.299999999999
2014-08-12 16:00:00,629.599999999999
2014-08-12 17:00:00,629.099999999999
2014-08-12 18:00:00,628.599999999999
2014-08-13 13:00:00,631.299999999999
2014-08-13 14:00:00,631.099999999999
2014-08-13 15:00:00,633.9999999999991
2014-08-13 16:00:00,633.599999999999
2014-08-13 17:00:00,633.899999999999
2014-08-13 18:00:00,633.299999999999
2014-08-14 13:00:00,634.699999999999
2014-08-14 14:00:00,634.7999999999989
2014-08-14 15:00:00,635.199999999999
2014-08-14 16:00:00,635.5999999999991
2014-08-14 17:00:00,635.8999999999991
2014-08-14 19:00:00,636.0999999999991
2014-08-15 13:00:00,637.7999999999989
2014-08-15 14:00:00,633.4999999999991
2014-08-15 15:00:00,631.9999999999991
2014-08-15 16:00:00,631.799999999999
2014-08-15 19:00:00,634.8999999999991
2014-08-18 13:00:00,639.999999999999
2014-08-18 14:00:00,642.2999999999989
2014-08-18 15:00:00,641.999999999999
2014-08-18 16:00:00,642.499999999999
2014-08-18 20:00:00,642.8999999999991
2014-08-19 13:00:00,643.999999999999
2014-08-19 14:00:00,644.0999999999991
2014-08-19 15:00:00,644.199999999999
2014-08-19 17:00:00,644.499999999999
2014-08-20 13:00:00,647.2999999999989
2014-08-20 14:00:00,647.999999999999
2014-08-20 15:00:00,648.0999999999991
2014-08-20 16:00:00,648.8999999999991
2014-08-20 17:00:00,649.5999999999991
2014-08-20 18:00:00,650.0999999999991
2014-08-20 19:00:00,650.5999999999991
2014-08-21 13:00:00,649.7999999999989
2014-08-21 14:00:00,650.0999999999991
2014-08-21 18:00:00,650.199999999999
2014-08-22 13:00:00,647.5999999999991
2014-08-22 14:00:00,648.3999999999991
2014-08-22 15:00:00,647.199999999999
2014-08-22 18:00:00,647.999999999999
2014-08-25 13:00:00,649.699999999999
2014-08-25 14:00:00,649.2999999999989
2014-08-26 13:00:00,650.0999999999991
2014-08-26 14:00:00,649.8999999999991
2014-08-26 15:00:00,649.7999999999989
2014-08-26 19:00:00,647.999999999999
2014-08-27 13:00:00,648.699999999999
2014-08-27 16:00:00,647.3999999999991
2014-08-28 13:00:00,645.0999999999991
2014-08-28 17:00:00,646.499999999999
2014-08-28 18:00:00,646.2999999999989
2014-08-29 13:00:00,645.8999999999991
2014-08-29 14:00:00,644.199999999999
2014-08-29 15:00:00,645.8999999999991
2014-08-29 16:00:00,645.8999999999991
2014-08-29 17:00:00,645.499999999999
2014-08-29 19:00:00,646.3999999999991
2014-09-02 13:00:00,646.7999999999989
2014-09-02 16:00:00,646.8999999999991
2014-09-02 18:00:00,647.499999999999
2014-09-02 19:00:00,647.499999999999
2014-09-03 13:00:00,649.0999999999991
2014-09-03 14:00:00,648.2999999999989
2014-09-03 15:00:00,647.699999999999
2014-09-03 17:00:00,647.5999999999991
2014-09-03 19:00:00,647.0999999999991
2014-09-04 13:00:00,649.5999999999991
2014-09-04 14:00:00,651.199999999999
2014-09-04 15:00:00,651.2999999999989
2014-09-04 16:00:00,650.499999999999
2014-09-04 17:00:00,649.999999999999
2014-09-04 18:00:00,647.999999999999
2014-09-04 19:00:00,647.0999999999991
2014-09-05 13:00:00,647.199999999999
2014-09-05 14:00:00,645.5999999999991
2014-09-05 15:00:00,647.0999999999991
2014-09-05 16:00:00,648.699999999999
2014-09-05 17:00:00,648.699999999999
2014-09-05 18:00:00,649.3999999999991
2014-09-05 19:00:00,649.199999999999
2014-09-08 13:00:00,650.0999999999991
2014-09-08 14:00:00,649.199999999999
2014-09-08 20:00:00,649.0999999999991
2014-09-09 13:00:00,649.0999999999991
2014-09-09 14:00:00,647.699999999999
2014-09-09 16:00:00,648.199999999999
2014-09-09 17:00:00,649.499999999999
2014-09-09 18:00:00,648.499999999999
2014-09-10 13:00:00,646.199999999999
2014-09-10 15:00:00,645.7999999999989
2014-09-10 16:00:00,646.8999999999991
2014-09-10 17:00:00,647.7999999999989
2014-09-10 18:00:00,646.999999999999
2014-09-10 19:00:00,647.3999999999991
2014-09-11 13:00:00,646.0999999999991
2014-09-11 14:00:00,646.699999999999
2014-09-11 18:00:00,647.8999999999991
2014-09-12 13:00:00,646.499999999999
2014-09-12 14:00:00,645.699999999999
2014-09-12 15:00:00,646.3999999999991
2014-09-12 16:00:00,645.699999999999
2014-09-12 17:00:00,644.699999999999
2014-09-12 18:00:00,645.0999999999991
2014-09-15 13:00:00,644.0999999999991
2014-09-15 14:00:00,644.699999999999
2014-09-15 15:00:00,644.3999999999991
2014-09-15 16:00:00,644.999999999999
2014-09-15 17:00:00,645.5999999999991
2014-09-15 19:00:00,645.8999999999991
2014-09-16 13:00:00,644.5999999999991
2014-09-16 14:00:00,645.0999999999991
2014-09-16 15:00:00,646.2999999999992
2014-09-16 16:00:00,647.8999999999991
2014-09-16 17:00:00,648.8999999999991
2014-09-16 18:00:00,648.8999999999991
2014-09-17 14:00:00,652.8999999999991
2014-09-17 15:00:00,651.2999999999992
2014-09-17 17:00:00,650.3999999999991
2014-09-17 18:00:00,650.499999999999
2014-09-18 13:00:00,652.499999999999
2014-09-18 14:00:00,652.5999999999991
2014-09-18 15:00:00,653.0999999999991
2014-09-18 16:00:00,653.3999999999991
2014-09-18 17:00:00,653.699999999999
2014-09-18 19:00:00,654.3999999999991
2014-09-18 20:00:00,653.999999999999
2014-09-19 13:00:00,654.8999999999991
2014-09-19 14:00:00,654.7999999999992
2014-09-19 16:00:00,653.3999999999991
2014-09-19 17:00:00,653.2999999999992
2014-09-19 18:00:00,653.5999999999991
2014-09-22 13:00:00,649.7999999999992
2014-09-22 14:00:00,648.3999999999991
2014-09-22 15:00:00,647.699999999999
2014-09-22 16:00:00,647.699999999999
2014-09-22 17:00:00,648.0999999999991
2014-09-22 18:00:00,647.999999999999
2014-09-22 19:00:00,647.0999999999991
2014-09-23 13:00:00,645.0999999999991
2014-09-23 14:00:00,644.699999999999
2014-09-23 15:00:00,644.7999999999992
2014-09-23 16:00:00,644.0999999999991
2014-09-23 17:00:00,643.499999999999
2014-09-23 18:00:00,643.199999999999
2014-09-23 19:00:00,643.8999999999991
2014-09-24 13:00:00,642.5999999999991
2014-09-24 14:00:00,643.0999999999991
2014-09-24 15:00:00,643.8999999999991
2014-09-24 18:00:00,645.2999999999992
2014-09-25 13:00:00,640.999999999999
2014-09-25 14:00:00,638.699999999999
2014-09-25 15:00:00,638.7999999999992
2014-09-25 16:00:00,637.5999999999991
2014-09-26 13:00:00,638.199999999999
2014-09-26 14:00:00,638.2999999999992
2014-09-26 18:00:00,642.5999999999991
2014-09-29 13:00:00,637.699999999999
2014-09-29 14:00:00,639.499999999999
2014-09-29 18:00:00,639.5999999999991
2014-09-29 19:00:00,640.7999999999992
2014-09-30 13:00:00,640.3999999999991
2014-09-30 14:00:00,642.3999999999991
2014-09-30 15:00:00,643.3999999999991
2014-09-30 16:00:00,641.699999999999
2014-09-30 17:00:00,639.8999999999991
2014-09-30 18:00:00,640.2999999999992
2014-09-30 19:00:00,640.699999999999
2014-10-01 13:00:00,632.299999999999
2014-10-01 14:00:00,631.799999999999
2014-10-01 15:00:00,633.3999999999992
2014-10-01 16:00:00,632.9999999999991
2014-10-01 17:00:00,630.299999999999
2014-10-01 18:00:00,629.9999999999991
2014-10-01 19:00:00,630.799999999999
2014-10-02 13:00:00,630.799999999999
2014-10-02 14:00:00,627.6999999999991
2014-10-02 15:00:00,626.099999999999
2014-10-02 17:00:00,629.099999999999
2014-10-02 18:00:00,630.9999999999991
2014-10-02 19:00:00,630.099999999999
2014-10-03 13:00:00,635.3999999999991
2014-10-03 14:00:00,634.5999999999991
2014-10-03 15:00:00,634.999999999999
2014-10-03 16:00:00,636.699999999999
2014-10-03 17:00:00,635.999999999999
2014-10-03 18:00:00,637.2999999999992
2014-10-03 19:00:00,636.999999999999
2014-10-06 13:00:00,640.3999999999991
2014-10-06 14:00:00,638.699999999999
2014-10-06 16:00:00,634.099999999999
2014-10-06 18:00:00,636.0999999999991
2014-10-06 19:00:00,635.0999999999991
2014-10-07 13:00:00,629.299999999999
2014-10-07 14:00:00,629.8999999999992
2014-10-07 15:00:00,629.799999999999
2014-10-07 16:00:00,628.799999999999
2014-10-07 17:00:00,628.6999999999991
2014-10-07 18:00:00,626.099999999999
2014-10-07 19:00:00,622.6999999999991
2014-10-08 13:00:00,623.799999999999
2014-10-08 14:00:00,621.8999999999991
2014-10-08 15:00:00,621.6999999999991
2014-10-08 16:00:00,621.4999999999991
2014-10-08 17:00:00,621.3999999999991
2014-10-08 18:00:00,627.8999999999992
2014-10-08 19:00:00,631.3999999999992
2014-10-09 13:00:00,626.6999999999991
2014-10-09 14:00:00,626.099999999999
2014-10-09 15:00:00,623.099999999999
2014-10-09 16:00:00,622.1999999999991
2014-10-09 17:00:00,621.599999999999
2014-10-09 18:00:00,619.6999999999991
2014-10-09 19:00:00,620.1999999999991
2014-10-10 13:00:00,618.6999999999991
2014-10-10 14:00:00,614.3999999999991
2014-10-10 15:00:00,615.299999999999
2014-10-10 16:00:00,617.299999999999
2014-10-10 17:00:00,616.6999999999991
2014-10-10 18:00:00,615.8999999999991
2014-10-10 19:00:00,612.1999999999991
2014-10-13 13:00:00,613.1999999999991
2014-10-13 14:00:00,612.3999999999991
2014-10-13 15:00:00,612.1999999999991
2014-10-13 16:00:00,613.4999999999991
2014-10-13 17:00:00,611.299999999999
2014-10-13 18:00:00,610.299999999999
2014-10-13 19:00:00,605.799999999999
2014-10-14 13:00:00,610.1999999999991
2014-10-14 14:00:00,612.3999999999991
2014-10-14 15:00:00,616.3999999999991
2014-10-14 16:00:00,615.099999999999
2014-10-14 18:00:00,612.8999999999991
2014-10-14 19:00:00,610.6999999999991
2014-10-15 13:00:00,605.299999999999
2014-10-15 14:00:00,605.3999999999991
2014-10-15 15:00:00,602.599999999999
2014-10-15 16:00:00,600.4999999999991
2014-10-15 17:00:00,600.6999999999991
2014-10-15 18:00:00,604.3999999999991
2014-10-15 19:00:00,610.4999999999991
2014-10-16 13:00:00,608.4999999999991
2014-10-16 14:00:00,609.1999999999991
2014-10-16 15:00:00,612.6999999999991
2014-10-16 16:00:00,612.9999999999991
2014-10-16 17:00:00,615.299999999999
2014-10-16 18:00:00,613.3999999999991
2014-10-16 19:00:00,614.599999999999
2014-10-17 13:00:00,622.6999999999991
2014-10-17 14:00:00,623.8999999999992
2014-10-17 15:00:00,625.099999999999
2014-10-17 16:00:00,624.6999999999991
2014-10-17 17:00:00,622.6999999999991
2014-10-17 18:00:00,623.099999999999
2014-10-17 19:00:00,623.8999999999992
2014-10-20 13:00:00,621.299999999999
2014-10-20 14:00:00,621.8999999999991
2014-10-20 15:00:00,622.299999999999
2014-10-20 16:00:00,621.099999999999
2014-10-20 17:00:00,622.8999999999992
2014-10-20 18:00:00,623.1999999999991
2014-10-21 13:00:00,631.099999999999
2014-10-22 13:00:00,637.5999999999991
2014-10-22 14:00:00,635.7999999999992
2014-10-22 15:00:00,635.3999999999991
2014-10-22 16:00:00,633.1999999999991
2014-10-22 17:00:00,631.1999999999991
2014-10-22 18:00:00,629.9999999999991
2014-10-22 19:00:00,631.099999999999
2014-10-23 13:00:00,638.7999999999992
2014-10-23 14:00:00,640.3999999999991
2014-10-23 15:00:00,641.999999999999
2014-10-23 17:00:00,642.199999999999
2014-10-23 18:00:00,643.0999999999991
2014-10-23 19:00:00,642.2999999999992
2014-10-24 13:00:00,642.499999999999
2014-10-24 14:00:00,641.499999999999
2014-10-24 15:00:00,643.499999999999
2014-10-24 16:00:00,642.999999999999
2014-10-24 17:00:00,643.8999999999991
2014-10-24 18:00:00,644.499999999999
2014-10-24 19:00:00,645.8999999999991
2014-10-27 13:00:00,643.5999999999991
2014-10-27 14:00:00,644.3999999999991
2014-10-27 15:00:00,643.5999999999991
2014-10-27 16:00:00,643.7999999999992
2014-10-27 17:00:00,644.3999999999991
2014-10-28 13:00:00,649.499999999999
2014-10-28 14:00:00,651.199999999999
2014-10-28 15:00:00,651.2999999999992
2014-10-28 16:00:00,651.199999999999
2014-10-28 17:00:00,651.699999999999
2014-10-28 19:00:00,654.5999999999991
2014-10-29 13:00:00,656.3999999999991
2014-10-29 14:00:00,654.3999999999991
2014-10-29 16:00:00,653.199999999999
2014-10-29 18:00:00,652.2999999999992
2014-10-30 13:00:00,650.199999999999
2014-10-30 14:00:00,649.8999999999991
2014-10-30 15:00:00,653.5999999999991
2014-10-30 16:00:00,654.199999999999
2014-10-30 17:00:00,655.2999999999992
2014-10-30 19:00:00,654.0999999999991
2014-10-31 13:00:00,660.699999999999
2014-10-31 14:00:00,661.999999999999
2014-10-31 15:00:00,661.5999999999991
2014-10-31 18:00:00,660.3999999999991
2014-11-03 14:00:00,659.2999999999992
2014-11-03 15:00:00,660.3999999999991
2014-11-03 16:00:00,660.2999999999992
2014-11-03 17:00:00,660.699999999999
2014-11-03 20:00:00,659.699999999999
2014-11-04 14:00:00,661.0999999999991
2014-11-04 18:00:00,659.8999999999991
2014-11-04 21:00:00,659.3999999999991
2014-11-05 14:00:00,662.8999999999991
2014-11-05 15:00:00,660.5999999999991
2014-11-06 14:00:00,664.8999999999991
2014-11-06 15:00:00,664.8999999999991
2014-11-06 16:00:00,668.499999999999
2014-11-06 18:00:00,668.7999999999992
2014-11-06 19:00:00,668.8999999999991
2014-11-06 20:00:00,668.8999999999991
2014-11-07 14:00:00,667.999999999999
2014-11-07 15:00:00,669.5999999999991
2014-11-07 16:00:00,669.8999999999991
2014-11-07 17:00:00,669.3999999999991
2014-11-07 18:00:00,669.7999999999992
2014-11-07 19:00:00,669.2999999999992
2014-11-10 14:00:00,670.8999999999991
2014-11-10 16:00:00,671.999999999999
2014-11-10 17:00:00,671.999999999999
2014-11-10 18:00:00,672.0999999999991
2014-11-10 20:00:00,672.199999999999
2014-11-11 14:00:00,672.699999999999
2014-11-11 15:00:00,673.499999999999
2014-11-11 16:00:00,673.0999999999991
2014-11-11 17:00:00,671.5999999999991
2014-11-11 18:00:00,670.7999999999992
2014-11-12 14:00:00,671.7999999999992
2014-11-12 15:00:00,671.499999999999
2014-11-12 16:00:00,672.499999999999
2014-11-12 17:00:00,672.3999999999991
2014-11-12 18:00:00,673.0999999999991
2014-11-12 20:00:00,672.5999999999991
2014-11-13 14:00:00,673.7999999999992
2014-11-13 15:00:00,674.699999999999
2014-11-13 16:00:00,672.0999999999991
2014-11-13 17:00:00,672.699999999999
2014-11-13 18:00:00,670.5999999999991
2014-11-13 19:00:00,670.5999999999991
2014-11-13 20:00:00,671.499999999999
2014-11-14 14:00:00,670.5999999999991
2014-11-14 15:00:00,671.3999999999991
2014-11-14 19:00:00,671.0999999999991
2014-11-14 20:00:00,671.199999999999
2014-11-17 14:00:00,669.5999999999991
2014-11-17 15:00:00,670.0999999999991
2014-11-17 16:00:00,670.8999999999991
2014-11-17 17:00:00,671.199999999999
2014-11-17 18:00:00,671.199999999999
2014-11-17 19:00:00,671.499999999999
2014-11-17 20:00:00,670.3999999999991
2014-11-18 14:00:00,673.699999999999
2014-11-18 15:00:00,673.5999999999991
2014-11-18 16:00:00,673.999999999999
2014-11-18 18:00:00,675.199999999999
2014-11-18 19:00:00,676.199999999999
2014-11-18 20:00:00,675.3999999999991
2014-11-19 14:00:00,672.0999999999991
2014-11-19 15:00:00,672.0999999999991
2014-11-19 16:00:00,672.699999999999
2014-11-19 17:00:00,672.8999999999991
2014-11-19 18:00:00,673.0999999999991
2014-11-19 19:00:00,673.7999999999992
2014-11-20 14:00:00,671.699999999999
2014-11-20 15:00:00,672.999999999999
2014-11-20 16:00:00,674.999999999999
2014-11-20 17:00:00,675.2999999999992
2014-11-20 18:00:00,674.8999999999991
2014-11-20 19:00:00,674.999999999999
2014-11-20 20:00:00,674.5999999999991
2014-11-20 21:00:00,674.7999999999992
2014-11-21 14:00:00,680.499999999999
2014-11-21 15:00:00,681.699999999999
2014-11-21 16:00:00,681.8999999999991
2014-11-21 17:00:00,680.8999999999991
2014-11-21 18:00:00,680.199999999999
2014-11-21 19:00:00,680.0999999999991
2014-11-21 20:00:00,680.2999999999992
2014-11-24 14:00:00,682.0999999999991
2014-11-24 15:00:00,681.7999999999992
2014-11-24 16:00:00,680.999999999999
2014-11-24 19:00:00,681.199999999999
2014-11-24 20:00:00,681.8999999999991
2014-11-25 14:00:00,682.7999999999992
2014-11-25 18:00:00,684.499999999999
2014-11-25 19:00:00,684.3999999999991
2014-11-25 20:00:00,684.0999999999991
2014-11-26 14:00:00,682.999999999999
2014-11-26 15:00:00,682.5999999999991
2014-11-26 16:00:00,682.3999999999991
2014-11-26 17:00:00,682.2999999999992
2014-11-26 18:00:00,682.699999999999
2014-11-26 19:00:00,682.199999999999
2014-11-26 20:00:00,682.7999999999992
2014-11-26 21:00:00,682.5999999999991
2014-11-28 14:00:00,681.7999999999992
2014-11-28 15:00:00,679.699999999999
2014-11-28 16:00:00,679.0999999999991
2014-11-28 17:00:00,676.999999999999
2014-11-28 18:00:00,678.199999999999
2014-12-01 14:00:00,669.999999999999
2014-12-01 15:00:00,669.8999999999991
2014-12-01 16:00:00,669.5999999999991
2014-12-01 17:00:00,671.199999999999
2014-12-01 18:00:00,671.5999999999991
2014-12-01 20:00:00,670.5999999999991
2014-12-02 14:00:00,672.199999999999
2014-12-02 15:00:00,672.999999999999
2014-12-02 16:00:00,673.2999999999992
2014-12-02 17:00:00,673.999999999999
2014-12-02 18:00:00,674.0999999999991
2014-12-02 19:00:00,675.3999999999991
2014-12-02 20:00:00,674.7999999999992
2014-12-03 14:00:00,677.0999999999991
2014-12-03 15:00:00,681.199999999999
2014-12-03 16:00:00,681.5999999999991
2014-12-04 14:00:00,680.0999999999991
2014-12-04 15:00:00,678.3999999999991
2014-12-04 17:00:00,681.2999999999992
2014-12-04 18:00:00,681.2999999999992
2014-12-04 20:00:00,679.3999999999991
2014-12-05 14:00:00,679.999999999999
2014-12-05 15:00:00,681.5999999999991
2014-12-05 16:00:00,682.499999999999
2014-12-05 18:00:00,682.2999999999992
2014-12-05 20:00:00,680.3999999999991
2014-12-08 14:00:00,679.7999999999992
2014-12-08 15:00:00,680.3999999999991
2014-12-08 16:00:00,680.0999999999991
2014-12-08 17:00:00,677.999999999999
2014-12-08 18:00:00,675.5999999999991
2014-12-08 20:00:00,674.699999999999
2014-12-09 14:00:00,669.0999999999991
2014-12-09 15:00:00,670.0999999999991
2014-12-09 16:00:00,670.699999999999
2014-12-09 18:00:00,673.3999999999991
2014-12-10 14:00:00,670.7999999999992
2014-12-10 15:00:00,670.499999999999
2014-12-10 16:00:00,670.199999999999
2014-12-10 19:00:00,665.699999999999
2014-12-11 14:00:00,669.0999999999991
2014-12-11 16:00:00,671.999999999999
2014-12-11 19:00:00,669.7999999999989
2014-12-11 20:00:00,667.2999999999989
2014-12-12 14:00:00,664.699999999999
2014-12-12 17:00:00,661.5999999999991
2014-12-12 19:00:00,661.499999999999
2014-12-15 14:00:00,662.0999999999991
2014-12-15 15:00:00,658.5999999999991
2014-12-15 16:00:00,653.5999999999991
2014-12-15 17:00:00,657.2999999999989
2014-12-15 18:00:00,656.5999999999991
2014-12-15 19:00:00,657.0999999999991
2014-12-15 20:00:00,658.2999999999989
2014-12-16 14:00:00,659.199999999999
2014-12-16 15:00:00,662.199999999999
2014-12-16 16:00:00,666.499999999999
2014-12-16 18:00:00,660.5999999999991
2014-12-16 20:00:00,660.0999999999991
2014-12-17 14:00:00,654.5999999999991
2014-12-17 15:00:00,651.7999999999989
2014-12-17 16:00:00,656.3999999999991
2014-12-17 17:00:00,655.199999999999
2014-12-17 18:00:00,654.8999999999991
2014-12-17 19:00:00,658.8999999999991
2014-12-17 20:00:00,661.3999999999991
2014-12-18 12:00:00,666.5999999999991
2014-12-18 14:00:00,671.0999999999991
2014-12-18 15:00:00,670.499999999999
2014-12-18 16:00:00,670.699999999999
2014-12-18 19:00:00,673.3999999999991
2014-12-18 20:00:00,673.3999999999991
2014-12-19 14:00:00,677.0999999999991
2014-12-19 15:00:00,678.499999999999
2014-12-19 16:00:00,678.499999999999
2014-12-19 17:00:00,677.699999999999
2014-12-19 19:00:00,680.499999999999
2014-12-19 20:00:00,679.7999999999989
2014-12-22 14:00:00,682.999999999999
2014-12-23 15:00:00,687.999999999999
2014-12-23 16:00:00,687.8999999999991
2014-12-23 17:00:00,687.0999999999991
2014-12-24 14:00:00,687.499999999999
2014-12-26 14:00:00,687.8999999999991
2014-12-29 14:00:00,686.0999999999991
2014-12-29 16:00:00,687.699999999999
2014-12-29 17:00:00,687.3999999999991
2014-12-29 18:00:00,687.499999999999
2014-12-29 19:00:00,687.999999999999
2014-12-29 20:00:00,687.199999999999
2014-12-30 14:00:00,686.499999999999
2014-12-30 15:00:00,684.0999999999991
2014-12-30 18:00:00,683.5999999999991
2014-12-30 19:00:00,684.499999999999
2014-12-31 14:00:00,683.999999999999
2015-01-02 14:00:00,681.2999999999989
2015-01-02 15:00:00,679.3999999999991
2015-01-02 16:00:00,675.2999999999989
2015-01-02 17:00:00,674.3999999999991
2015-01-02 18:00:00,674.499999999999
2015-01-02 19:00:00,674.3999999999991
2015-01-02 20:00:00,677.699999999999
2015-01-02 21:00:00,677.3999999999991
2015-01-05 14:00:00,671.2999999999989
2015-01-05 15:00:00,668.8999999999991
2015-01-05 16:00:00,667.5999999999991
2015-01-05 17:00:00,665.3999999999991
2015-01-05 18:00:00,664.999999999999
2015-01-05 19:00:00,663.199999999999
2015-01-05 20:00:00,664.3999999999991
2015-01-06 14:00:00,663.2999999999989
2015-01-06 15:00:00,660.8999999999991
2015-01-06 16:00:00,656.199999999999
2015-01-06 17:00:00,656.8999999999991
2015-01-06 18:00:00,655.999999999999
2015-01-06 19:00:00,659.0999999999991
2015-01-06 20:00:00,658.999999999999
2015-01-07 14:00:00,661.0999999999991
2015-01-07 15:00:00,660.2999999999989
2015-01-07 16:00:00,659.0999999999991
2015-01-07 17:00:00,662.699999999999
2015-01-07 18:00:00,661.5999999999991
2015-01-07 19:00:00,661.699999999999
2015-01-07 20:00:00,661.199999999999
2015-01-08 14:00:00,666.8999999999991
2015-01-08 15:00:00,669.8999999999991
2015-01-08 16:00:00,670.5999999999991
2015-01-08 17:00:00,670.699999999999
2015-01-08 18:00:00,671.499999999999
2015-01-08 20:00:00,672.0999999999991
2015-01-09 14:00:00,669.8999999999991
2015-01-09 15:00:00,667.999999999999
2015-01-09 16:00:00,667.499999999999
2015-01-09 17:00:00,666.999999999999
2015-01-09 18:00:00,667.0999999999991
2015-01-09 19:00:00,666.7999999999989
2015-01-09 20:00:00,667.0999999999991
2015-01-12 14:00:00,661.199999999999
2015-01-12 15:00:00,662.5999999999991
2015-01-12 16:00:00,662.8999999999991
2015-01-12 17:00:00,663.7999999999989
2015-01-12 20:00:00,662.2999999999989
2015-01-13 14:00:00,671.199999999999
2015-01-13 15:00:00,669.5999999999991
2015-01-13 17:00:00,664.999999999999
2015-01-13 18:00:00,659.199999999999
2015-01-13 19:00:00,658.199999999999
2015-01-13 20:00:00,660.999999999999
2015-01-14 14:00:00,655.499999999999
2015-01-14 15:00:00,657.999999999999
2015-01-14 16:00:00,656.199999999999
2015-01-14 17:00:00,654.8999999999991
2015-01-14 18:00:00,653.199999999999
2015-01-14 19:00:00,657.3999999999991
2015-01-14 20:00:00,658.0999999999991
2015-01-15 14:00:00,657.2999999999989
2015-01-15 15:00:00,659.7999999999989
2015-01-15 16:00:00,658.5999999999991
2015-01-15 17:00:00,656.7999999999989
2015-01-15 18:00:00,657.499999999999
2015-01-15 19:00:00,657.2999999999989
2015-01-15 20:00:00,655.7999999999989
2015-01-16 14:00:00,654.999999999999
2015-01-16 15:00:00,655.3999999999991
2015-01-16 16:00:00,653.999999999999
2015-01-16 17:00:00,657.0999999999991
2015-01-16 18:00:00,656.5999999999991
2015-01-16 19:00:00,657.2999999999989
2015-01-16 20:00:00,656.8999999999991
2015-01-20 14:00:00,659.3999999999991
2015-01-20 16:00:00,658.0999999999991
2015-01-20 17:00:00,659.3999999999991
2015-01-20 18:00:00,661.499999999999
2015-01-20 19:00:00,662.2999999999989
2015-01-21 14:00:00,663.999999999999
2015-01-21 15:00:00,668.0999999999991
2015-01-21 16:00:00,667.199999999999
2015-01-21 17:00:00,667.499999999999
2015-01-21 18:00:00,665.999999999999
2015-01-21 19:00:00,666.5999999999991
2015-01-21 20:00:00,667.5999999999991
2015-01-22 14:00:00,669.3999999999991
2015-01-22 15:00:00,674.2999999999989
2015-01-22 16:00:00,674.199999999999
2015-01-22 19:00:00,675.3999999999991
2015-01-22 20:00:00,677.2999999999989
2015-01-23 14:00:00,671.999999999999
2015-01-23 15:00:00,674.2999999999989
2015-01-23 16:00:00,674.499999999999
2015-01-23 17:00:00,675.3999999999991
2015-01-23 18:00:00,674.8999999999991
2015-01-23 19:00:00,674.0999999999991
2015-01-26 14:00:00,670.499999999999
2015-01-26 15:00:00,671.2999999999989
2015-01-26 16:00:00,670.8999999999991
2015-01-26 17:00:00,671.199999999999
2015-01-26 18:00:00,672.3999999999991
2015-01-27 14:00:00,664.7999999999989
2015-01-27 15:00:00,662.0999999999991
2015-01-27 16:00:00,663.2999999999989
2015-01-27 17:00:00,664.7999999999989
2015-01-27 18:00:00,665.5999999999991
2015-01-27 19:00:00,667.2999999999989
2015-01-27 20:00:00,665.999999999999
2015-01-27 21:00:00,665.3999999999991
2015-01-28 14:00:00,669.499999999999
2015-01-28 15:00:00,666.499999999999
2015-01-28 16:00:00,666.999999999999
2015-01-28 17:00:00,668.199999999999
2015-01-28 18:00:00,667.699999999999
2015-01-28 19:00:00,666.2999999999989
2015-01-28 20:00:00,660.699999999999
2015-01-29 14:00:00,659.8999999999991
2015-01-29 15:00:00,657.999999999999
2015-01-29 16:00:00,660.8999999999991
2015-01-29 17:00:00,659.7999999999989
2015-01-29 18:00:00,663.699999999999
2015-01-29 19:00:00,664.199999999999
2015-01-29 20:00:00,666.3999999999991
2015-01-30 14:00:00,663.0999999999991
2015-01-30 15:00:00,661.7999999999989
2015-01-30 16:00:00,660.3999999999991
2015-01-30 17:00:00,662.2999999999989
2015-01-30 18:00:00,662.199999999999
2015-01-30 19:00:00,663.5999999999991
2015-01-30 20:00:00,659.199999999999
2015-02-02 14:00:00,659.199999999999
2015-02-02 15:00:00,656.2999999999989
2015-02-02 16:00:00,661.3999999999991
2015-02-02 17:00:00,658.699999999999
2015-02-02 18:00:00,657.699999999999
2015-02-02 20:00:00,665.3999999999991
2015-02-02 21:00:00,665.5999999999991
2015-02-03 14:00:00,672.0999999999991
2015-02-03 15:00:00,671.199999999999
2015-02-03 16:00:00,671.7999999999989
2015-02-03 17:00:00,671.2999999999989
2015-02-03 18:00:00,673.999999999999
2015-02-03 19:00:00,674.999999999999
2015-02-03 20:00:00,673.699999999999
2015-02-04 14:00:00,672.499999999999
2015-02-04 15:00:00,671.699999999999
2015-02-04 16:00:00,673.0999999999991
2015-02-04 17:00:00,671.499999999999
2015-02-04 18:00:00,671.5999999999991
2015-02-04 19:00:00,671.699999999999
2015-02-04 20:00:00,669.5999999999991
2015-02-05 14:00:00,671.7999999999989
2015-02-05 15:00:00,674.7999999999989
2015-02-05 16:00:00,674.3999999999991
2015-02-05 17:00:00,673.5999999999991
2015-02-05 18:00:00,674.7999999999989
2015-02-05 20:00:00,675.5999999999991
2015-02-06 14:00:00,675.199999999999
2015-02-06 15:00:00,677.499999999999
2015-02-06 16:00:00,677.3999999999991
2015-02-06 17:00:00,676.7999999999989
2015-02-06 18:00:00,675.699999999999
2015-02-06 19:00:00,675.7999999999989
2015-02-06 20:00:00,673.499999999999
2015-02-09 14:00:00,673.8999999999991
2015-02-09 15:00:00,672.999999999999
2015-02-09 16:00:00,674.0999999999991
2015-02-09 19:00:00,672.0999999999991
2015-02-09 20:00:00,671.5999999999991
2015-02-10 14:00:00,672.999999999999
2015-02-10 15:00:00,672.699999999999
2015-02-10 16:00:00,673.2999999999989
2015-02-10 17:00:00,674.3999999999991
2015-02-10 19:00:00,675.0999999999991
2015-02-10 20:00:00,676.499999999999
2015-02-11 14:00:00,675.8999999999991
2015-02-11 15:00:00,674.699999999999
2015-02-11 16:00:00,675.999999999999
2015-02-11 17:00:00,675.8999999999991
2015-02-11 18:00:00,673.5999999999991
2015-02-11 19:00:00,675.499999999999
2015-02-11 20:00:00,675.5999999999991
2015-02-12 14:00:00,678.7999999999989
2015-02-12 15:00:00,678.5999999999991
2015-02-12 16:00:00,679.3999999999991
2015-02-12 17:00:00,679.699999999999
2015-02-12 18:00:00,680.5999999999991
2015-02-12 19:00:00,680.3999999999991
2015-02-12 20:00:00,680.3999999999991
2015-02-13 14:00:00,682.8999999999991
2015-02-13 15:00:00,684.2999999999989
2015-02-13 16:00:00,684.199999999999
2015-02-13 17:00:00,683.0999999999991
2015-02-13 18:00:00,682.199999999999
2015-02-13 19:00:00,682.499999999999
2015-02-13 20:00:00,683.499999999999
2015-02-17 14:00:00,682.8999999999991
2015-02-17 15:00:00,682.5999999999991
2015-02-17 16:00:00,682.7999999999989
2015-02-17 17:00:00,683.5999999999991
2015-02-17 18:00:00,684.7999999999989
2015-02-17 19:00:00,683.8999999999991
2015-02-17 20:00:00,684.199999999999
2015-02-17 21:00:00,684.499999999999
2015-02-18 14:00:00,685.7999999999989
2015-02-18 15:00:00,685.5999999999991
2015-02-18 17:00:00,685.7999999999989
2015-02-18 18:00:00,686.199999999999
2015-02-18 19:00:00,686.999999999999
2015-02-18 20:00:00,687.499999999999
2015-02-19 14:00:00,687.0999999999991
2015-02-19 15:00:00,689.3999999999991
2015-02-19 16:00:00,689.5999999999991
2015-02-19 17:00:00,688.699999999999
2015-02-19 18:00:00,688.999999999999
2015-02-19 19:00:00,688.5999999999991
2015-02-19 20:00:00,688.199999999999
2015-02-20 14:00:00,684.5999999999991
2015-02-20 16:00:00,689.2999999999989
2015-02-20 17:00:00,690.3999999999991
2015-02-20 18:00:00,690.7999999999989
2015-02-20 19:00:00,692.0999999999991
2015-02-20 20:00:00,693.499999999999
2015-02-23 14:00:00,691.499999999999
2015-02-23 15:00:00,691.199999999999
2015-02-23 16:00:00,691.2999999999989
2015-02-23 17:00:00,690.5999999999991
2015-02-23 18:00:00,691.0999999999991
2015-02-23 19:00:00,690.2999999999989
2015-02-23 20:00:00,690.7999999999989
2015-02-23 21:00:00,691.5999999999991
2015-02-24 14:00:00,691.2999999999989
2015-02-24 15:00:00,690.5999999999991
2015-02-24 16:00:00,690.5999999999991
2015-02-24 17:00:00,691.7999999999989
2015-02-24 18:00:00,692.0999999999991
2015-02-24 19:00:00,692.3999999999991
2015-02-24 20:00:00,693.699999999999
2015-02-25 14:00:00,692.999999999999
2015-02-25 15:00:00,693.499999999999
2015-02-25 17:00:00,692.999999999999
2015-02-25 18:00:00,692.8999999999991
2015-02-25 19:00:00,691.8999999999991
2015-02-26 14:00:00,690.7999999999989
2015-02-26 15:00:00,690.699999999999
2015-02-26 20:00:00,689.7999999999989
2015-02-27 14:00:00,688.2999999999989
2015-02-27 15:00:00,689.5999999999991
2015-02-27 16:00:00,689.199999999999
2015-02-27 18:00:00,688.699999999999
2015-02-27 19:00:00,688.0999999999991
2015-03-02 14:00:00,688.499999999999
2015-03-02 15:00:00,690.699999999999
2015-03-02 16:00:00,691.0999999999991
2015-03-02 19:00:00,690.999999999999
2015-03-02 21:00:00,691.999999999999
2015-03-03 14:00:00,689.199999999999
2015-03-03 15:00:00,689.0999999999991
2015-03-03 16:00:00,687.499999999999
2015-03-03 17:00:00,687.7999999999989
2015-03-03 18:00:00,687.999999999999
2015-03-03 19:00:00,687.699999999999
2015-03-03 20:00:00,688.2999999999989
2015-03-04 14:00:00,682.3999999999991
2015-03-04 15:00:00,682.999999999999
2015-03-04 16:00:00,683.5999999999991
2015-03-04 17:00:00,683.999999999999
2015-03-04 18:00:00,682.7999999999989
2015-03-04 20:00:00,683.7999999999989
2015-03-05 14:00:00,683.499999999999
2015-03-05 15:00:00,683.8999999999991
2015-03-05 16:00:00,683.5999999999991
2015-03-05 17:00:00,682.3999999999991
2015-03-05 18:00:00,683.0999999999991
2015-03-05 19:00:00,683.8999999999991
2015-03-05 20:00:00,683.3999999999991
2015-03-06 14:00:00,681.699999999999
2015-03-06 15:00:00,681.199999999999
2015-03-06 16:00:00,678.7999999999989
2015-03-06 17:00:00,678.0999999999991
2015-03-06 18:00:00,677.0999999999991
2015-03-06 19:00:00,676.0999999999991
2015-03-06 20:00:00,676.5999999999991
2015-03-06 21:00:00,676.7999999999989
2015-03-09 13:00:00,679.199999999999
2015-03-09 14:00:00,679.699999999999
2015-03-09 16:00:00,680.699999999999
2015-03-10 13:00:00,675.7999999999989
2015-03-10 14:00:00,675.699999999999
2015-03-10 15:00:00,674.5999999999991
2015-03-10 16:00:00,673.7999999999989
2015-03-10 17:00:00,673.5999999999991
2015-03-11 13:00:00,672.499999999999
2015-03-12 13:00:00,675.199999999999
2015-03-12 15:00:00,677.2999999999989
2015-03-12 16:00:00,676.8999999999991
2015-03-12 17:00:00,676.8999999999991
2015-03-13 13:00:00,677.499999999999
2015-03-13 14:00:00,672.999999999999
2015-03-13 15:00:00,670.699999999999
2015-03-16 13:00:00,680.2999999999989
2015-03-16 19:00:00,682.3999999999991
2015-03-16 20:00:00,682.699999999999
2015-03-17 13:00:00,680.499999999999
2015-03-17 15:00:00,678.8999999999991
2015-03-17 17:00:00,679.999999999999
2015-03-17 18:00:00,679.999999999999
2015-03-18 13:00:00,675.999999999999
2015-03-18 18:00:00,685.499999999999
2015-03-19 13:00:00,683.999999999999
2015-03-19 14:00:00,683.5999999999991
2015-03-19 15:00:00,681.0999999999991
2015-03-19 16:00:00,681.699999999999
2015-03-20 14:00:00,685.8999999999991
2015-03-20 15:00:00,686.8999999999991
2015-03-20 20:00:00,686.499999999999
2015-03-23 13:00:00,685.999999999999
2015-03-23 14:00:00,684.199999999999
2015-03-24 13:00:00,679.3999999999991
2015-03-24 16:00:00,682.0999999999991
2015-03-25 13:00:00,678.499999999999
2015-03-25 14:00:00,678.7999999999989
2015-03-25 16:00:00,673.699999999999
2015-03-25 17:00:00,673.7999999999989
2015-03-25 18:00:00,672.2999999999989
2015-03-25 19:00:00,670.499999999999
2015-03-26 13:00:00,666.999999999999
2015-03-26 14:00:00,667.199999999999
2015-03-26 16:00:00,668.499999999999
2015-03-27 13:00:00,668.3999999999991
2015-03-27 14:00:00,669.7999999999989
2015-03-27 15:00:00,668.699999999999
2015-03-27 16:00:00,669.0999999999991
2015-03-27 17:00:00,670.499999999999
2015-03-30 13:00:00,676.7999999999989
2015-03-30 18:00:00,679.499999999999
2015-03-31 13:00:00,674.2999999999989
2015-03-31 14:00:00,674.2999999999989
2015-03-31 15:00:00,674.0999999999991
2015-03-31 16:00:00,674.3999999999991
2015-03-31 17:00:00,674.999999999999
2015-03-31 18:00:00,675.2999999999989
2015-03-31 19:00:00,673.499999999999
2015-04-01 13:00:00,668.8999999999991
2015-04-01 14:00:00,669.499999999999
2015-04-01 17:00:00,670.2999999999989
2015-04-01 18:00:00,668.5999999999991
2015-04-02 13:00:00,668.999999999999
2015-04-02 18:00:00,669.0999999999991
2015-04-02 19:00:00,669.2999999999989
2015-04-06 13:00:00,665.7999999999989
2015-04-06 15:00:00,672.699999999999
2015-04-07 14:00:00,673.499999999999
2015-04-08 13:00:00,674.2999999999989
2015-04-08 14:00:00,671.5999999999991
2015-04-08 15:00:00,672.2999999999989
2015-04-08 19:00:00,674.199999999999
2015-04-09 13:00:00,673.2999999999989
2015-04-09 14:00:00,673.0999999999991
2015-04-09 17:00:00,673.3999999999991
2015-04-09 18:00:00,673.699999999999
2015-04-09 19:00:00,676.3999999999991
2015-04-10 13:00:00,681.699999999999
2015-04-10 14:00:00,682.699999999999
2015-04-10 15:00:00,683.499999999999
2015-04-10 19:00:00,684.499999999999
2015-04-10 20:00:00,684.5999999999991
2015-04-13 13:00:00,682.999999999999
2015-04-13 14:00:00,683.499999999999
2015-04-13 15:00:00,683.2999999999989
2015-04-13 17:00:00,680.499999999999
2015-04-13 18:00:00,679.8999999999991
2015-04-13 19:00:00,678.999999999999
2015-04-14 13:00:00,676.0999999999991
2015-04-14 14:00:00,675.0999999999991
2015-04-14 15:00:00,677.7999999999989
2015-04-14 19:00:00,678.8999999999991
2015-04-15 13:00:00,681.8999999999991
2015-04-15 14:00:00,681.0999999999991
2015-04-15 15:00:00,680.3999999999991
2015-04-15 16:00:00,681.199999999999
2015-04-15 17:00:00,682.3999999999991
2015-04-15 18:00:00,682.2999999999989
2015-04-15 19:00:00,680.3999999999991
2015-04-16 13:00:00,678.3999999999991
2015-04-16 14:00:00,679.499999999999
2015-04-16 15:00:00,679.0999999999991
2015-04-16 16:00:00,678.7999999999989
2015-04-16 17:00:00,680.499999999999
2015-04-16 18:00:00,680.2999999999989
2015-04-16 19:00:00,679.0999999999991
2015-04-16 20:00:00,679.3999999999991
2015-04-17 13:00:00,673.5999999999991
2015-04-17 14:00:00,672.699999999999
2015-04-17 15:00:00,673.8999999999991
2015-04-17 16:00:00,673.699999999999
2015-04-17 17:00:00,671.8999999999991
2015-04-17 18:00:00,670.5999999999991
2015-04-17 19:00:00,671.999999999999
2015-04-20 13:00:00,677.8999999999991
2015-04-20 18:00:00,679.0999999999991
2015-04-20 19:00:00,679.2999999999989
2015-04-21 13:00:00,678.499999999999
2015-04-21 14:00:00,677.499999999999
2015-04-21 15:00:00,678.199999999999
2015-04-21 16:00:00,676.999999999999
2015-04-21 18:00:00,678.499999999999
2015-04-21 19:00:00,678.2999999999989
2015-04-22 13:00:00,676.499999999999
2015-04-22 14:00:00,676.8999999999991
2015-04-22 15:00:00,678.3999999999991
2015-04-22 16:00:00,678.5999999999991
2015-04-22 19:00:00,680.5999999999991
2015-04-23 13:00:00,678.499999999999
2015-04-23 14:00:00,678.499999999999
2015-04-23 15:00:00,681.499999999999
2015-04-23 16:00:00,680.999999999999
2015-04-23 17:00:00,681.7999999999989
2015-04-23 18:00:00,681.499999999999
2015-04-23 19:00:00,680.2999999999989
2015-04-24 13:00:00,677.7999999999989
2015-04-24 14:00:00,677.3999999999991
2015-04-24 15:00:00,677.7999999999989
2015-04-24 16:00:00,678.3999999999991
2015-04-24 17:00:00,677.499999999999
2015-04-24 18:00:00,677.3999999999991
2015-04-24 19:00:00,677.7999999999989
2015-04-27 13:00:00,678.8999999999991
2015-04-27 14:00:00,679.499999999999
2015-04-27 15:00:00,679.2999999999989
2015-04-27 16:00:00,678.2999999999989
2015-04-27 17:00:00,678.8999999999991
2015-04-27 18:00:00,678.699999999999
2015-04-27 19:00:00,677.7999999999989
2015-04-28 13:00:00,676.199999999999
2015-04-28 14:00:00,675.2999999999989
2015-04-28 15:00:00,676.7999999999989
2015-04-28 16:00:00,677.2999999999989
2015-04-28 19:00:00,678.2999999999989
2015-04-29 13:00:00,675.999999999999
2015-04-29 14:00:00,676.3999999999991
2015-04-29 15:00:00,675.999999999999
2015-04-29 16:00:00,674.699999999999
2015-04-29 17:00:00,676.2999999999989
2015-04-29 18:00:00,676.999999999999
2015-04-29 19:00:00,676.0999999999991
2015-04-30 13:00:00,673.7999999999989
2015-04-30 14:00:00,673.499999999999
2015-04-30 16:00:00,673.999999999999
2015-04-30 17:00:00,673.7999999999989
2015-04-30 18:00:00,671.8999999999991
2015-04-30 19:00:00,670.499999999999
2015-05-01 13:00:00,674.499999999999
2015-05-01 14:00:00,674.3999999999991
2015-05-01 15:00:00,675.0999999999991
2015-05-01 16:00:00,675.5999999999991
2015-05-01 17:00:00,676.999999999999
2015-05-01 18:00:00,677.3999999999991
2015-05-01 19:00:00,677.5999999999991
2015-05-04 13:00:00,681.5999999999991
2015-05-04 14:00:00,680.199999999999
2015-05-04 15:00:00,680.199999999999
2015-05-04 16:00:00,678.7999999999989
2015-05-04 17:00:00,679.499999999999
2015-05-04 18:00:00,679.199999999999
2015-05-04 19:00:00,678.999999999999
2015-05-05 13:00:00,676.5999999999991
2015-05-05 14:00:00,675.999999999999
2015-05-05 15:00:00,674.499999999999
2015-05-05 16:00:00,674.699999999999
2015-05-05 17:00:00,672.999999999999
2015-05-05 18:00:00,672.0999999999991
2015-05-05 19:00:00,671.499999999999
2015-05-05 20:00:00,671.3999999999991
2015-05-06 13:00:00,669.699999999999
2015-05-06 14:00:00,672.999999999999
2015-05-06 15:00:00,672.3999999999991
2015-05-06 16:00:00,671.2999999999989
2015-05-06 17:00:00,669.999999999999
2015-05-06 18:00:00,667.999999999999
2015-05-06 19:00:00,669.999999999999
2015-05-07 13:00:00,670.7999999999989
2015-05-07 14:00:00,672.3999999999991
2015-05-07 15:00:00,673.2999999999989
2015-05-07 19:00:00,673.499999999999
2015-05-08 13:00:00,680.499999999999
2015-05-08 15:00:00,681.2999999999989
2015-05-08 17:00:00,681.499999999999
2015-05-08 18:00:00,680.3999999999991
2015-05-08 19:00:00,680.5999999999991
2015-05-11 13:00:00,681.3999999999991
2015-05-11 14:00:00,681.3999999999991
2015-05-11 15:00:00,681.499999999999
2015-05-11 18:00:00,679.999999999999
2015-05-11 19:00:00,680.0999999999991
2015-05-12 13:00:00,677.199999999999
2015-05-12 14:00:00,679.0999999999991
2015-05-12 15:00:00,678.8999999999991
2015-05-12 16:00:00,677.8999999999991
2015-05-12 18:00:00,680.3999999999991
2015-05-13 13:00:00,683.7999999999989
2015-05-13 14:00:00,682.5999999999991
2015-05-13 19:00:00,680.8999999999991
2015-05-14 13:00:00,683.499999999999
2015-05-14 15:00:00,684.5999999999991
2015-05-14 17:00:00,686.499999999999
2015-05-14 18:00:00,686.0999999999991
2015-05-15 13:00:00,686.0999999999991
2015-05-15 15:00:00,684.8999999999991
2015-05-15 16:00:00,684.8999999999991
2015-05-15 19:00:00,685.5999999999991
2015-05-18 13:00:00,685.699999999999
2015-05-18 16:00:00,686.199999999999
2015-05-18 17:00:00,686.999999999999
2015-05-18 18:00:00,686.8999999999991
2015-05-18 19:00:00,687.2999999999989
2015-05-18 20:00:00,686.5999999999991
2015-05-19 13:00:00,686.7999999999989
2015-05-19 14:00:00,686.699999999999
2015-05-19 19:00:00,684.8999999999991
2015-05-20 13:00:00,683.2999999999989
2015-05-20 14:00:00,683.8999999999991
2015-05-21 13:00:00,684.2999999999989
2015-05-21 14:00:00,685.5999999999991
2015-05-21 19:00:00,686.3999999999991
2015-05-22 13:00:00,685.7999999999989
2015-05-22 14:00:00,684.499999999999
2015-05-22 15:00:00,683.8999999999991
2015-05-22 17:00:00,684.8999999999991
2015-05-26 13:00:00,680.2999999999989
2015-05-26 19:00:00,677.5999999999991
2015-05-27 13:00:00,679.2999999999989
2015-05-27 15:00:00,679.8999999999991
2015-05-27 17:00:00,680.5999999999991
2015-05-27 19:00:00,681.3999999999991
2015-05-28 13:00:00,678.999999999999
2015-05-28 19:00:00,677.8999999999991
2015-05-29 13:00:00,675.3999999999991
2015-05-29 15:00:00,671.999999999999
2015-05-29 17:00:00,674.5999999999991
2015-05-29 18:00:00,673.2999999999989
2015-05-29 19:00:00,674.199999999999
2015-06-01 13:00:00,672.199999999999
2015-06-01 14:00:00,672.7999999999989
2015-06-02 13:00:00,674.199999999999
2015-06-02 14:00:00,675.7999999999989
2015-06-02 19:00:00,676.0999999999991
2015-06-03 13:00:00,678.0999999999991
2015-06-03 14:00:00,680.0999999999991
2015-06-03 16:00:00,678.7999999999989
2015-06-03 17:00:00,678.7999999999989
2015-06-04 13:00:00,676.499999999999
2015-06-04 14:00:00,675.699999999999
2015-06-04 15:00:00,675.5999999999991
2015-06-04 18:00:00,672.5999999999991
2015-06-05 13:00:00,669.7999999999989
2015-06-05 14:00:00,672.0999999999991
2015-06-05 15:00:00,672.199999999999
2015-06-05 16:00:00,672.999999999999
2015-06-05 17:00:00,672.8999999999991
2015-06-05 18:00:00,673.0999999999991
2015-06-05 19:00:00,673.0999999999991
2015-06-09 13:00:00,668.5999999999991
2015-06-09 14:00:00,669.699999999999
2015-06-09 19:00:00,669.0999999999991
2015-06-10 13:00:00,670.8999999999991
2015-06-10 14:00:00,673.499999999999
2015-06-10 15:00:00,674.999999999999
2015-06-10 16:00:00,674.699999999999
2015-06-10 17:00:00,674.0999999999991
2015-06-10 18:00:00,674.5999999999991
2015-06-10 19:00:00,674.699999999999
2015-06-11 13:00:00,674.699999999999
2015-06-11 14:00:00,675.499999999999
2015-06-11 15:00:00,675.8999999999991
2015-06-12 13:00:00,675.499999999999
2015-06-12 17:00:00,674.499999999999
2015-06-12 18:00:00,673.699999999999
2015-06-15 13:00:00,668.3999999999991
2015-06-16 19:00:00,670.7999999999989
2015-06-17 13:00:00,671.3999999999991
2015-06-17 14:00:00,671.7999999999989
2015-06-17 19:00:00,672.0999999999991
2015-06-18 14:00:00,676.0999999999991
2015-06-18 16:00:00,679.0999999999991
2015-06-19 13:00:00,676.999999999999
2015-06-22 13:00:00,678.3999999999991
2015-06-22 14:00:00,679.499999999999
2015-06-23 15:00:00,676.8999999999991
2015-06-23 16:00:00,676.5999999999991
2015-06-23 18:00:00,677.0999999999991
2015-06-24 19:00:00,671.8999999999991
2015-06-25 13:00:00,672.7999999999989
2015-06-25 14:00:00,670.499999999999
2015-06-25 15:00:00,670.199999999999
2015-06-25 16:00:00,669.8999999999991
2015-06-25 17:00:00,669.499999999999
2015-06-25 18:00:00,667.999999999999
2015-06-25 19:00:00,667.699999999999
2015-06-26 19:00:00,668.8999999999991
2015-06-29 14:00:00,663.699999999999
2015-06-29 15:00:00,662.2999999999989
2015-06-29 17:00:00,660.499999999999
2015-06-29 18:00:00,658.8999999999991
2015-06-29 19:00:00,658.2999999999989
2015-06-30 11:00:00,659.7999999999989
2015-06-30 12:00:00,659.699999999999
2015-06-30 13:00:00,660.3999999999991
2015-06-30 14:00:00,659.499999999999
2015-06-30 15:00:00,659.2999999999989
2015-06-30 16:00:00,658.2999999999989
2015-06-30 17:00:00,660.699999999999
2015-06-30 18:00:00,660.199999999999
2015-07-01 14:00:00,660.7999999999989
2015-07-01 15:00:00,662.199999999999
2015-07-01 16:00:00,661.199999999999
2015-07-01 17:00:00,660.199999999999
2015-07-01 18:00:00,659.3999999999991
2015-07-01 19:00:00,660.3999999999991
2015-07-02 13:00:00,661.699999999999
2015-07-02 14:00:00,661.7999999999989
2015-07-06 18:00:00,655.999999999999
2015-07-07 13:00:00,656.999999999999
2015-07-07 14:00:00,654.999999999999
2015-07-07 19:00:00,661.8999999999991
2015-07-08 13:00:00,657.3999999999991
2015-07-08 14:00:00,656.699999999999
2015-07-08 17:00:00,655.0999999999991
2015-07-08 18:00:00,654.7999999999989
2015-07-10 13:00:00,659.3999999999991
2015-07-10 14:00:00,658.0999999999991
2015-07-10 16:00:00,659.199999999999
2015-07-10 18:00:00,660.0999999999991
2015-07-13 13:00:00,663.7999999999989
2015-07-13 14:00:00,664.5999999999991
2015-07-13 16:00:00,663.8999999999991
2015-07-13 17:00:00,664.3999999999991
2015-07-13 18:00:00,665.2999999999989
2015-07-14 13:00:00,664.3999999999991
2015-07-14 17:00:00,666.5999999999991
2015-07-15 14:00:00,665.8999999999991
2015-07-16 13:00:00,667.7999999999989
2015-07-16 14:00:00,667.699999999999
2015-07-16 20:00:00,667.199999999999
2015-07-17 13:00:00,667.0999999999991
2015-07-17 19:00:00,666.8999999999991
2015-07-20 13:00:00,666.499999999999
2015-07-20 14:00:00,667.2999999999989
2015-07-20 16:00:00,667.0999999999991
2015-07-20 17:00:00,667.0999999999991
2015-07-20 18:00:00,667.3999999999991
2015-07-20 19:00:00,666.7999999999989
2015-07-21 13:00:00,663.7999999999989
2015-07-21 14:00:00,663.499999999999
2015-07-21 15:00:00,662.2999999999989
2015-07-21 16:00:00,661.8999999999991
2015-07-21 17:00:00,660.7999999999989
2015-07-21 18:00:00,660.499999999999
2015-07-21 19:00:00,661.3999999999991
2015-07-22 13:00:00,661.199999999999
2015-07-22 15:00:00,658.199999999999
2015-07-23 13:00:00,658.5999999999991
2015-07-23 14:00:00,658.2999999999989
2015-07-23 15:00:00,656.3999999999991
2015-07-23 16:00:00,654.699999999999
2015-07-23 17:00:00,654.2999999999989
2015-07-23 18:00:00,655.199999999999
2015-07-23 19:00:00,652.999999999999
2015-07-23 20:00:00,653.3999999999991
2015-07-24 13:00:00,653.0999999999991
2015-07-24 14:00:00,649.499999999999
2015-07-24 15:00:00,649.499999999999
2015-07-24 18:00:00,646.199999999999
2015-07-27 13:00:00,642.699999999999
2015-07-27 17:00:00,644.3999999999991
2015-07-28 13:00:00,648.499999999999
2015-07-28 14:00:00,647.499999999999
2015-07-28 17:00:00,653.499999999999
2015-07-29 13:00:00,656.3999999999991
2015-07-30 13:00:00,658.3999999999991
2015-07-30 15:00:00,659.7999999999989
2015-07-30 18:00:00,660.199999999999
2015-07-31 19:00:00,659.699999999999
2015-08-03 13:00:00,656.0999999999991
2015-08-03 15:00:00,657.8999999999991
2015-08-04 13:00:00,657.5999999999991
2015-08-04 15:00:00,658.499999999999
2015-08-04 18:00:00,655.999999999999
2015-08-04 19:00:00,656.8999999999991
2015-08-05 13:00:00,661.7999999999989
2015-08-05 14:00:00,662.499999999999
2015-08-05 17:00:00,659.7999999999989
2015-08-05 19:00:00,659.8999999999991
2015-08-06 13:00:00,659.2999999999989
2015-08-07 13:00:00,656.3999999999991
2015-08-07 19:00:00,653.999999999999
2015-08-10 13:00:00,663.0999999999991
2015-08-10 19:00:00,664.5999999999991
2015-08-11 13:00:00,659.3999999999991
2015-08-11 17:00:00,656.3999999999991
2015-08-11 18:00:00,656.999999999999
2015-08-11 19:00:00,657.7999999999989
2015-08-11 20:00:00,658.2999999999989
2015-08-12 13:00:00,652.7999999999989
2015-08-12 17:00:00,656.499999999999
2015-08-12 18:00:00,655.8999999999991
2015-08-13 13:00:00,657.499999999999
2015-08-13 15:00:00,657.699999999999
2015-08-13 17:00:00,658.7999999999989
2015-08-14 13:00:00,657.8999999999991
2015-08-14 19:00:00,660.999999999999
2015-08-17 13:00:00,656.7999999999989
2015-08-17 14:00:00,660.0999999999991
2015-08-17 19:00:00,662.999999999999
2015-08-18 13:00:00,662.7999999999989
2015-08-18 14:00:00,663.7999999999989
2015-08-18 15:00:00,663.199999999999
2015-08-18 17:00:00,662.499999999999
2015-08-18 18:00:00,662.499999999999
2015-08-18 19:00:00,663.199999999999
2015-08-19 13:00:00,658.199999999999
2015-08-19 14:00:00,657.199999999999
2015-08-19 15:00:00,656.3999999999991
2015-08-19 18:00:00,661.7999999999989
2015-08-19 19:00:00,658.499999999999
2015-08-20 13:00:00,652.499999999999
2015-08-20 14:00:00,652.5999999999991
2015-08-20 15:00:00,652.0999999999991
2015-08-20 16:00:00,650.3999999999991
2015-08-21 13:00:00,641.8999999999991
2015-08-21 14:00:00,642.199999999999
2015-08-21 17:00:00,636.5999999999991
2015-08-24 14:00:00,620.099999999999
2015-08-24 17:00:00,622.699999999999
2015-08-24 18:00:00,619.4999999999991
2015-08-24 19:00:00,614.199999999999
2015-08-25 15:00:00,622.299999999999
2015-08-25 16:00:00,622.9999999999991
2015-08-25 19:00:00,607.699999999999
2015-08-26 14:00:00,615.199999999999
2015-08-26 19:00:00,619.699999999999
2015-08-27 13:00:00,629.299999999999
2015-08-27 16:00:00,632.099999999999
2015-08-27 19:00:00,627.599999999999
2015-08-28 13:00:00,632.599999999999
2015-08-28 14:00:00,633.599999999999
2015-08-28 18:00:00,633.599999999999
2015-08-28 19:00:00,635.0999999999991
2015-08-28 20:00:00,636.499999999999
2015-08-31 13:00:00,630.599999999999
2015-08-31 14:00:00,629.599999999999
2015-08-31 16:00:00,633.4999999999991
2015-08-31 20:00:00,630.4999999999991
2015-10-01 13:00:00,618.699999999999
2015-10-01 15:00:00,614.899999999999
2015-10-01 18:00:00,615.899999999999
2015-10-02 13:00:00,611.299999999999
2015-10-02 14:00:00,613.299999999999
2015-10-02 15:00:00,614.199999999999
2015-10-02 19:00:00,622.599999999999
2015-10-05 13:00:00,629.099999999999
2015-10-05 14:00:00,631.399999999999
2015-10-05 15:00:00,633.4999999999991
2015-10-06 13:00:00,639.8999999999991
2015-10-06 15:00:00,638.699999999999
2015-10-06 16:00:00,638.199999999999
2015-10-06 17:00:00,637.699999999999
2015-10-06 18:00:00,638.299999999999
2015-10-06 19:00:00,637.499999999999
2015-10-07 13:00:00,645.099999999999
2015-10-07 14:00:00,645.599999999999
2015-10-07 16:00:00,640.999999999999
2015-10-07 17:00:00,642.199999999999
2015-10-07 19:00:00,643.299999999999
2015-10-08 13:00:00,643.3999999999991
2015-10-08 15:00:00,647.699999999999
2015-10-08 16:00:00,648.299999999999
2015-10-08 18:00:00,649.8999999999991
2015-10-08 19:00:00,652.499999999999
2015-10-09 13:00:00,654.8999999999991
2015-10-09 14:00:00,655.299999999999
2015-10-09 15:00:00,655.999999999999
2015-10-09 17:00:00,653.999999999999
2015-10-09 19:00:00,653.999999999999
2015-10-12 13:00:00,653.199999999999
2015-10-12 16:00:00,653.299999999999
2015-10-12 19:00:00,653.8999999999991
2015-10-12 20:00:00,654.699999999999
2015-10-13 13:00:00,650.3999999999991
2015-10-13 14:00:00,652.8999999999991
2015-10-13 16:00:00,652.299999999999
2015-10-13 17:00:00,649.8999999999991
2015-10-13 19:00:00,648.699999999999
2015-10-13 20:00:00,648.799999999999
2015-10-14 13:00:00,646.299999999999
2015-10-14 14:00:00,646.799999999999
2015-10-14 16:00:00,645.999999999999
2015-10-14 17:00:00,645.499999999999
2015-10-14 18:00:00,642.199999999999
2015-10-14 19:00:00,642.999999999999
2015-10-15 13:00:00,643.099999999999
2015-10-15 14:00:00,646.199999999999
2015-10-15 15:00:00,646.299999999999
2015-10-15 17:00:00,645.099999999999
2015-10-15 18:00:00,646.099999999999
2015-10-15 19:00:00,648.299999999999
2015-10-15 20:00:00,647.999999999999
2015-10-16 13:00:00,647.199999999999
2015-10-16 14:00:00,644.199999999999
2015-10-16 16:00:00,644.8999999999991
2015-10-16 18:00:00,644.499999999999
2015-10-16 19:00:00,645.8999999999991
2015-10-16 20:00:00,645.799999999999
2015-10-19 13:00:00,645.3999999999991
2015-10-19 19:00:00,645.199999999999
2015-10-20 13:00:00,645.799999999999
2015-10-20 14:00:00,650.099999999999
2015-10-20 17:00:00,649.8999999999991
2015-10-20 19:00:00,649.099999999999
2015-10-21 14:00:00,650.799999999999
2015-10-21 17:00:00,653.8999999999991
2015-10-21 19:00:00,649.8999999999991
2015-10-22 13:00:00,656.499999999999
2015-10-22 15:00:00,662.799999999999
2015-10-22 16:00:00,666.099999999999
2015-10-22 17:00:00,663.8999999999991
2015-10-22 18:00:00,661.499999999999
2015-10-22 20:00:00,664.299999999999
2015-10-23 13:00:00,667.299999999999
2015-10-23 14:00:00,665.299999999999
2015-10-23 15:00:00,664.199999999999
2015-10-23 16:00:00,665.099999999999
2015-10-23 17:00:00,664.8999999999991
2015-10-23 18:00:00,665.699999999999
2015-10-23 19:00:00,666.799999999999
2015-10-26 13:00:00,665.999999999999
2015-10-26 14:00:00,665.999999999999
2015-10-26 19:00:00,665.499999999999
2015-10-27 13:00:00,660.499999999999
2015-10-28 13:00:00,662.3999999999991
2015-10-28 14:00:00,663.3999999999991
2015-10-28 15:00:00,662.699999999999
2015-10-28 16:00:00,661.699999999999
2015-10-28 17:00:00,661.999999999999
2015-10-28 18:00:00,661.099999999999
2015-10-28 19:00:00,664.299999999999
2015-10-29 13:00:00,662.799999999999
2015-10-29 17:00:00,662.599999999999
2015-10-29 19:00:00,663.599999999999
2015-10-30 13:00:00,664.699999999999
2015-10-30 14:00:00,664.299999999999
2015-10-30 19:00:00,664.599999999999
2015-11-02 14:00:00,664.999999999999
2015-11-02 16:00:00,666.699999999999
2015-11-02 17:00:00,666.8999999999991
2015-11-02 18:00:00,666.8999999999991
2015-11-02 19:00:00,668.3999999999991
2015-11-02 20:00:00,669.299999999999
2015-11-03 14:00:00,668.299999999999
2015-11-03 15:00:00,668.099999999999
2015-11-03 16:00:00,668.199999999999
2015-11-03 18:00:00,669.499999999999
2015-11-03 19:00:00,669.8999999999991
2015-11-03 20:00:00,668.999999999999
2015-11-04 14:00:00,669.099999999999
2015-11-04 15:00:00,669.699999999999
2015-11-04 16:00:00,668.799999999999
2015-11-04 17:00:00,669.199999999999
2015-11-04 18:00:00,668.599999999999
2015-11-04 19:00:00,669.3999999999991
2015-11-04 20:00:00,668.099999999999
2015-11-04 21:00:00,668.299999999999
2015-11-05 14:00:00,669.099999999999
2015-11-05 15:00:00,666.299999999999
2015-11-05 16:00:00,666.999999999999
2015-11-05 17:00:00,667.799999999999
2015-11-05 18:00:00,668.8999999999991
2015-11-05 19:00:00,667.599999999999
2015-11-06 14:00:00,666.199999999999
2015-11-06 15:00:00,664.499999999999
2015-11-06 16:00:00,665.799999999999
2015-11-06 17:00:00,665.799999999999
2015-11-06 18:00:00,667.299999999999
2015-11-06 19:00:00,666.799999999999
2015-11-06 20:00:00,668.099999999999
2015-11-06 21:00:00,668.8999999999991
2015-11-09 14:00:00,663.699999999999
2015-11-09 18:00:00,664.699999999999
2015-11-09 19:00:00,663.299999999999
2015-11-09 20:00:00,664.3999999999991
2015-11-10 14:00:00,664.599999999999
2015-11-10 15:00:00,662.099999999999
2015-11-10 16:00:00,661.499999999999
2015-11-10 17:00:00,662.199999999999
2015-11-10 20:00:00,663.8999999999991
2015-11-10 21:00:00,664.199999999999
2015-11-11 14:00:00,665.699999999999
2015-11-11 15:00:00,664.8999999999991
2015-11-11 16:00:00,666.199999999999
2015-11-11 17:00:00,667.799999999999
2015-11-11 20:00:00,666.099999999999
2015-11-12 14:00:00,661.3999999999991
2015-11-12 15:00:00,662.299999999999
2015-11-12 16:00:00,662.199999999999
2015-11-12 17:00:00,662.3999999999991
2015-11-12 18:00:00,661.099999999999
2015-11-12 19:00:00,659.3999999999991
2015-11-12 20:00:00,657.499999999999
2015-11-12 21:00:00,658.199999999999
2015-11-13 14:00:00,657.599999999999
2015-11-13 15:00:00,656.799999999999
2015-11-13 16:00:00,658.199999999999
2015-11-13 17:00:00,657.699999999999
2015-11-13 18:00:00,656.3999999999991
2015-11-13 19:00:00,654.499999999999
2015-11-13 20:00:00,655.3999999999991
2015-11-16 14:00:00,657.8999999999991
2015-11-16 15:00:00,656.099999999999
2015-11-16 16:00:00,656.699999999999
2015-11-16 18:00:00,660.499999999999
2015-11-16 20:00:00,662.499999999999
2015-11-16 21:00:00,662.199999999999
2015-11-17 14:00:00,662.199999999999
2015-11-17 15:00:00,663.3999999999991
2015-11-17 16:00:00,664.099999999999
2015-11-17 17:00:00,663.299999999999
2015-11-17 18:00:00,662.699999999999
2015-11-17 19:00:00,660.299999999999
2015-11-17 20:00:00,661.499999999999
2015-11-18 14:00:00,663.799999999999
2015-11-18 15:00:00,662.8999999999991
2015-11-18 16:00:00,665.799999999999
2015-11-18 17:00:00,665.299999999999
2015-11-18 18:00:00,664.799999999999
2015-11-18 19:00:00,665.8999999999991
2015-11-18 20:00:00,668.799999999999
2015-11-19 14:00:00,668.699999999999
2015-11-19 18:00:00,669.8999999999991
2015-11-19 20:00:00,671.199999999999
2015-11-19 21:00:00,671.499999999999
2015-11-20 14:00:00,674.299999999999
2015-11-20 17:00:00,674.699999999999
2015-11-20 18:00:00,674.3999999999991
2015-11-20 20:00:00,673.499999999999
2015-11-23 14:00:00,674.3999999999991
2015-11-23 19:00:00,671.299999999999
2015-11-23 20:00:00,671.3999999999991
2015-11-24 14:00:00,668.8999999999991
2015-11-24 15:00:00,666.3999999999991
2015-11-24 16:00:00,668.699999999999
2015-11-24 17:00:00,669.299999999999
2015-11-24 18:00:00,670.299999999999
2015-11-24 19:00:00,670.3999999999991
2015-11-24 20:00:00,670.199999999999
2015-11-25 14:00:00,671.299999999999
2015-11-25 20:00:00,670.599999999999
2015-11-27 16:00:00,671.599999999999
2015-11-27 17:00:00,671.999999999999
2015-11-30 14:00:00,671.099999999999
2015-11-30 20:00:00,668.099999999999
2015-12-01 14:00:00,671.3999999999991
2015-12-01 17:00:00,668.199999999999
2015-12-01 20:00:00,668.999999999999
2015-12-02 14:00:00,670.3999999999991
2015-12-02 15:00:00,670.299999999999
2015-12-02 16:00:00,669.599999999999
2015-12-02 19:00:00,666.699999999999
2015-12-02 20:00:00,664.499999999999
2015-12-03 14:00:00,664.299999999999
2015-12-03 15:00:00,662.199999999999
2015-12-03 17:00:00,659.699999999999
2015-12-03 19:00:00,657.3999999999991
2015-12-03 20:00:00,657.999999999999
2015-12-04 14:00:00,660.999999999999
2015-12-04 15:00:00,663.199999999999
2015-12-04 16:00:00,662.499999999999
2015-12-04 17:00:00,661.699999999999
2015-12-04 18:00:00,665.099999999999
2015-12-04 21:00:00,665.3999999999991
2015-12-07 14:00:00,664.599999999999
2015-12-07 15:00:00,662.799999999999
2015-12-07 16:00:00,662.299999999999
2015-12-07 21:00:00,664.499999999999
2015-12-08 14:00:00,655.3999999999991
2015-12-08 15:00:00,654.699999999999
2015-12-08 18:00:00,654.199999999999
2015-12-08 20:00:00,654.599999999999
2015-12-08 21:00:00,654.599999999999
2015-12-09 14:00:00,656.799999999999
2015-12-09 15:00:00,658.699999999999
2015-12-09 16:00:00,655.3999999999991
2015-12-09 17:00:00,651.499999999999
2015-12-09 18:00:00,651.499999999999
2015-12-10 14:00:00,654.999999999999
2015-12-10 19:00:00,658.199999999999
2015-12-10 20:00:00,655.599999999999
2015-12-11 14:00:00,647.599999999999
2015-12-11 16:00:00,647.599999999999
2015-12-11 17:00:00,648.099999999999
2015-12-11 18:00:00,648.3999999999991
2015-12-14 14:00:00,647.299999999999
2015-12-14 15:00:00,645.299999999999
2015-12-14 16:00:00,644.599999999999
2015-12-14 17:00:00,645.299999999999
2015-12-14 18:00:00,646.699999999999
2015-12-15 14:00:00,650.8999999999991
2015-12-15 17:00:00,649.999999999999
2015-12-15 18:00:00,649.599999999999
2015-12-15 20:00:00,648.8999999999991
2015-12-16 14:00:00,653.299999999999
2015-12-16 17:00:00,651.699999999999
2015-12-16 20:00:00,658.299999999999
2015-12-17 14:00:00,658.499999999999
2015-12-17 16:00:00,652.099999999999
2015-12-17 17:00:00,652.799999999999
2015-12-17 19:00:00,653.999999999999
2015-12-17 20:00:00,650.8999999999991
2015-12-18 14:00:00,645.099999999999
2015-12-18 16:00:00,645.099999999999
2015-12-18 17:00:00,641.999999999999
2015-12-18 20:00:00,642.699999999999
2015-12-21 14:00:00,644.8999999999991
2015-12-21 15:00:00,645.499999999999
2015-12-21 18:00:00,644.599999999999
2015-12-21 20:00:00,643.199999999999
2015-12-22 14:00:00,646.799999999999
2015-12-22 19:00:00,651.599999999999
2015-12-22 20:00:00,651.599999999999
2015-12-22 21:00:00,652.599999999999
2015-12-23 14:00:00,654.3999999999991
2015-12-23 16:00:00,657.199999999999
2015-12-23 17:00:00,658.299999999999
2015-12-23 20:00:00,658.499999999999
2015-12-24 14:00:00,657.999999999999
2015-12-28 14:00:00,655.8999999999991
2015-12-28 15:00:00,654.3999999999991
2015-12-28 16:00:00,654.699999999999
2015-12-28 17:00:00,655.199999999999
2015-12-28 18:00:00,656.8999999999991
2015-12-28 19:00:00,656.599999999999
2015-12-28 20:00:00,656.8999999999991
2015-12-29 14:00:00,661.699999999999
2015-12-29 15:00:00,662.099999999999
2015-12-29 16:00:00,659.8999999999991
2015-12-29 17:00:00,660.799999999999
2015-12-29 18:00:00,661.599999999999
2015-12-30 14:00:00,661.799999999999
2015-12-30 17:00:00,660.499999999999
2015-12-30 19:00:00,659.699999999999
2015-12-30 20:00:00,659.199999999999
2015-12-31 14:00:00,655.099999999999
2015-12-31 15:00:00,653.099999999999
2015-12-31 19:00:00,655.8999999999991
2015-12-31 20:00:00,655.999999999999
2015-12-31 21:00:00,652.799999999999
2016-01-04 14:00:00,642.199999999999
2016-01-04 16:00:00,640.999999999999
2016-01-04 20:00:00,642.199999999999
2016-01-04 21:00:00,646.499999999999
2016-01-05 14:00:00,645.499999999999
2016-01-05 16:00:00,644.3999999999991
2016-01-05 17:00:00,643.699999999999
2016-01-05 21:00:00,647.799999999999
2016-01-06 14:00:00,642.499999999999
2016-01-06 20:00:00,637.299999999999
2016-01-06 21:00:00,640.299999999999
2016-01-07 14:00:00,631.4999999999991
2016-01-07 16:00:00,632.399999999999
2016-01-07 17:00:00,630.599999999999
2016-01-07 18:00:00,628.299999999999
2016-01-07 19:00:00,625.699999999999
2016-01-07 20:00:00,625.899999999999
2016-01-07 21:00:00,625.699999999999
2016-01-08 14:00:00,627.799999999999
2016-01-08 15:00:00,626.799999999999
2016-01-08 16:00:00,626.9999999999991
2016-01-08 18:00:00,625.9999999999991
2016-01-08 19:00:00,624.599999999999
2016-01-08 20:00:00,619.9999999999991
2016-01-08 21:00:00,620.099999999999
2016-01-11 14:00:00,621.299999999999
2016-01-11 15:00:00,619.599999999999
2016-01-11 16:00:00,618.699999999999
2016-01-11 20:00:00,620.899999999999
2016-01-12 14:00:00,625.099999999999
2016-01-12 15:00:00,622.299999999999
2016-01-12 16:00:00,620.899999999999
2016-01-12 17:00:00,619.399999999999
2016-01-12 18:00:00,621.099999999999
2016-01-12 19:00:00,621.199999999999
2016-01-12 20:00:00,624.599999999999
2016-01-12 21:00:00,624.099999999999
2016-01-13 14:00:00,627.299999999999
2016-01-13 15:00:00,622.699999999999
2016-01-13 16:00:00,620.299999999999
2016-01-13 17:00:00,618.899999999999
2016-01-13 18:00:00,616.199999999999
2016-01-13 19:00:00,612.599999999999
2016-01-13 20:00:00,613.099999999999
2016-01-14 14:00:00,610.699999999999
2016-01-14 15:00:00,620.099999999999
2016-01-14 18:00:00,619.9999999999991
2016-01-14 19:00:00,621.199999999999
2016-01-14 20:00:00,618.699999999999
2016-01-14 21:00:00,618.699999999999
2016-01-15 14:00:00,609.299999999999
2016-01-15 15:00:00,609.299999999999
2016-01-19 14:00:00,611.899999999999
2016-01-19 15:00:00,612.299999999999
2016-01-19 16:00:00,612.599999999999
2016-01-19 17:00:00,610.099999999999
2016-01-19 18:00:00,608.599999999999
2016-01-19 19:00:00,605.9999999999991
2016-01-19 20:00:00,610.099999999999
2016-01-19 21:00:00,609.599999999999
2016-01-20 14:00:00,599.299999999999
2016-01-20 15:00:00,596.799999999999
2016-01-20 16:00:00,597.699999999999
2016-01-20 17:00:00,592.399999999999
2016-01-20 18:00:00,599.4999999999991
2016-01-20 19:00:00,601.399999999999
2016-01-20 20:00:00,605.699999999999
2016-01-20 21:00:00,603.699999999999
2016-01-21 14:00:00,600.9999999999991
2016-01-21 15:00:00,606.299999999999
2016-01-21 16:00:00,606.9999999999991
2016-01-21 17:00:00,609.799999999999
2016-01-21 18:00:00,606.299999999999
2016-01-21 19:00:00,603.599999999999
2016-01-21 20:00:00,605.799999999999
2016-01-22 14:00:00,611.699999999999
2016-01-22 15:00:00,607.4999999999991
2016-01-22 16:00:00,606.4999999999991
2016-01-22 17:00:00,607.799999999999
2016-01-22 18:00:00,608.799999999999
2016-01-22 19:00:00,609.199999999999
2016-01-22 20:00:00,609.199999999999
2016-01-25 14:00:00,605.9999999999991
2016-01-25 15:00:00,607.899999999999
2016-01-25 16:00:00,605.399999999999
2016-01-25 18:00:00,607.399999999999
2016-01-25 20:00:00,603.299999999999
2016-01-26 14:00:00,606.199999999999
2016-01-26 15:00:00,610.799999999999
2016-01-26 16:00:00,610.9999999999991
2016-01-26 17:00:00,611.599999999999
2016-01-26 21:00:00,611.799999999999
2016-01-27 14:00:00,608.9999999999991
2016-01-27 15:00:00,607.899999999999
2016-01-27 16:00:00,614.299999999999
2016-01-27 17:00:00,612.9999999999991
2016-01-27 18:00:00,614.099999999999
2016-01-27 19:00:00,608.399999999999
2016-01-27 20:00:00,606.9999999999991
2016-01-27 21:00:00,606.4999999999991
2016-01-28 14:00:00,610.399999999999
2016-01-28 15:00:00,605.799999999999
2016-01-28 20:00:00,610.4999999999991
2016-01-28 21:00:00,609.699999999999
2016-01-29 14:00:00,617.399999999999
2016-01-29 15:00:00,617.4999999999991
2016-01-29 17:00:00,619.599999999999
2016-01-29 20:00:00,621.899999999999
2016-01-29 21:00:00,622.699999999999
2016-02-01 14:00:00,617.099999999999
2016-02-01 15:00:00,616.099999999999
2016-02-01 16:00:00,619.9999999999991
2016-02-01 19:00:00,621.4999999999991
2016-02-01 20:00:00,623.899999999999
2016-02-01 21:00:00,621.399999999999
2016-02-02 14:00:00,613.599999999999
2016-02-02 15:00:00,614.599999999999
2016-02-02 16:00:00,613.599999999999
2016-02-02 18:00:00,610.9999999999991
2016-02-03 14:00:00,613.299999999999
2016-02-03 15:00:00,611.099999999999
2016-02-03 16:00:00,614.199999999999
2016-02-03 18:00:00,613.299999999999
2016-02-03 19:00:00,618.4999999999991
2016-02-03 20:00:00,618.899999999999
2016-02-04 14:00:00,625.099999999999
2016-02-04 15:00:00,631.799999999999
2016-02-04 20:00:00,627.899999999999
2016-02-05 14:00:00,626.399999999999
2016-02-05 15:00:00,627.799999999999
2016-02-05 16:00:00,623.899999999999
2016-02-05 20:00:00,621.699999999999
2016-02-08 14:00:00,615.9999999999991
2016-02-08 17:00:00,616.699999999999
2016-02-08 18:00:00,613.699999999999
2016-02-08 19:00:00,613.799999999999
2016-02-08 20:00:00,618.9999999999991
2016-02-08 21:00:00,620.4999999999991
2016-02-09 14:00:00,619.299999999999
2016-02-09 15:00:00,618.099999999999
2016-02-09 18:00:00,618.299999999999
2016-02-09 19:00:00,622.799999999999
2016-02-09 20:00:00,625.099999999999
2016-02-10 14:00:00,622.899999999999
2016-02-10 15:00:00,624.299999999999
2016-02-10 16:00:00,623.599999999999
2016-02-10 17:00:00,624.299999999999
2016-02-10 18:00:00,622.9999999999991
2016-02-10 19:00:00,622.799999999999
2016-02-10 20:00:00,619.799999999999
2016-02-10 21:00:00,618.899999999999
2016-02-11 14:00:00,616.199999999999
2016-02-11 15:00:00,615.199999999999
2016-02-11 16:00:00,607.9999999999991
2016-02-11 17:00:00,608.199999999999
2016-02-11 18:00:00,606.9999999999991
2016-02-11 19:00:00,611.299999999999
2016-02-11 20:00:00,610.599999999999
2016-02-12 14:00:00,613.199999999999
2016-02-12 15:00:00,616.799999999999
2016-02-12 16:00:00,618.599999999999
2016-02-12 17:00:00,618.099999999999
2016-02-12 18:00:00,616.799999999999
2016-02-12 19:00:00,618.4999999999991
2016-02-12 20:00:00,619.299999999999
2016-02-16 14:00:00,623.199999999999
2016-02-16 15:00:00,623.199999999999
2016-02-16 17:00:00,627.899999999999
2016-02-16 18:00:00,629.199999999999
2016-02-16 19:00:00,629.299999999999
2016-02-17 14:00:00,634.3999999999991
2016-02-17 15:00:00,638.099999999999
2016-02-17 16:00:00,637.199999999999
2016-02-17 19:00:00,636.299999999999
2016-02-17 20:00:00,637.199999999999
2016-02-17 21:00:00,637.499999999999
2016-02-18 14:00:00,636.999999999999
2016-02-18 15:00:00,638.199999999999
2016-02-18 16:00:00,638.099999999999
2016-02-18 19:00:00,637.8999999999991
2016-02-18 20:00:00,636.999999999999
2016-02-18 21:00:00,637.599999999999
2016-02-19 14:00:00,632.699999999999
2016-02-19 15:00:00,634.199999999999
2016-02-19 16:00:00,634.699999999999
2016-02-19 20:00:00,635.9999999999991
2016-02-22 14:00:00,644.199999999999
2016-02-22 15:00:00,643.599999999999
2016-02-22 16:00:00,644.099999999999
2016-02-22 17:00:00,643.999999999999
2016-02-22 18:00:00,647.099999999999
2016-02-22 20:00:00,644.8999999999991
2016-02-22 21:00:00,644.599999999999
2016-02-23 14:00:00,643.299999999999
2016-02-23 15:00:00,642.199999999999
2016-02-23 16:00:00,639.199999999999
2016-02-24 14:00:00,631.599999999999
2016-02-24 15:00:00,633.4999999999991
2016-02-24 16:00:00,634.199999999999
2016-02-24 17:00:00,633.899999999999
2016-02-24 18:00:00,634.099999999999
2016-02-24 19:00:00,638.199999999999
2016-02-24 20:00:00,640.3999999999991
2016-02-24 21:00:00,640.999999999999
2016-02-25 14:00:00,643.8999999999991
2016-02-25 15:00:00,641.3999999999991
2016-02-25 16:00:00,641.699999999999
2016-02-25 17:00:00,642.599999999999
2016-02-25 18:00:00,644.299999999999
2016-02-25 19:00:00,644.799999999999
2016-02-25 20:00:00,646.499999999999
2016-02-26 14:00:00,648.8999999999991
2016-02-26 15:00:00,650.199999999999
2016-02-26 16:00:00,649.699999999999
2016-02-26 17:00:00,651.199999999999
2016-02-26 18:00:00,648.799999999999
2016-02-26 19:00:00,647.999999999999
2016-02-26 20:00:00,648.099999999999
2016-02-29 14:00:00,647.8999999999991
2016-02-29 15:00:00,646.499999999999
2016-02-29 16:00:00,648.3999999999991
2016-02-29 20:00:00,644.499999999999
2016-03-01 14:00:00,647.699999999999
2016-03-01 15:00:00,650.099999999999
2016-03-01 17:00:00,654.299999999999
2016-03-01 18:00:00,654.699999999999
2016-03-01 20:00:00,654.799999999999
2016-03-01 21:00:00,654.3999999999991
2016-03-02 14:00:00,654.199999999999
2016-03-02 16:00:00,653.599999999999
2016-03-02 20:00:00,653.299999999999
2016-03-02 21:00:00,654.699999999999
2016-03-03 14:00:00,656.199999999999
2016-03-03 15:00:00,657.099999999999
2016-03-03 16:00:00,655.699999999999
2016-03-03 17:00:00,655.599999999999
2016-03-03 18:00:00,656.999999999999
2016-03-03 19:00:00,657.299999999999
2016-03-03 20:00:00,658.799999999999
2016-03-03 21:00:00,658.499999999999
2016-03-04 14:00:00,658.999999999999
2016-03-04 15:00:00,659.599999999999
2016-03-04 16:00:00,661.799999999999
2016-03-04 17:00:00,661.999999999999
2016-03-04 18:00:00,663.8999999999991
2016-03-04 19:00:00,659.699999999999
2016-03-04 20:00:00,660.499999999999
2016-03-04 21:00:00,659.699999999999
2016-03-07 14:00:00,659.699999999999
2016-03-07 18:00:00,661.799999999999
2016-03-07 19:00:00,660.599999999999
2016-03-07 20:00:00,661.299999999999
2016-03-08 14:00:00,656.999999999999
2016-03-08 15:00:00,654.999999999999
2016-03-08 18:00:00,657.499999999999
2016-03-09 14:00:00,656.799999999999
2016-03-09 15:00:00,655.299999999999
2016-03-09 18:00:00,655.299999999999
2016-03-10 14:00:00,658.3999999999991
2016-03-10 15:00:00,654.199999999999
2016-03-10 17:00:00,653.199999999999
2016-03-11 14:00:00,661.299999999999
2016-03-11 15:00:00,661.799999999999
2016-03-11 16:00:00,663.199999999999
2016-03-11 20:00:00,662.8999999999991
2016-03-14 13:00:00,660.999999999999
2016-03-14 14:00:00,663.299999999999
2016-03-15 13:00:00,657.8999999999991
2016-03-15 14:00:00,659.599999999999
2016-03-15 15:00:00,660.699999999999
2016-03-15 16:00:00,659.999999999999
2016-03-15 18:00:00,661.099999999999
2016-03-15 19:00:00,662.199999999999
2016-03-16 13:00:00,663.099999999999
2016-03-16 15:00:00,663.299999999999
2016-03-16 16:00:00,662.099999999999
2016-03-16 17:00:00,662.099999999999
2016-03-16 18:00:00,665.8999999999991
2016-03-16 19:00:00,666.199999999999
2016-03-16 20:00:00,665.8999999999991
2016-03-17 13:00:00,668.3999999999991
2016-03-17 14:00:00,672.199999999999
2016-03-17 15:00:00,673.799999999999
2016-03-17 16:00:00,675.8999999999991
2016-03-17 17:00:00,677.199999999999
2016-03-17 18:00:00,677.599999999999
2016-03-17 19:00:00,677.3999999999991
2016-03-17 20:00:00,677.299999999999
2016-03-18 13:00:00,680.599999999999
2016-03-18 14:00:00,681.299999999999
2016-03-18 16:00:00,680.999999999999
2016-03-18 17:00:00,680.499999999999
2016-03-18 18:00:00,680.799999999999
2016-03-18 19:00:00,681.999999999999
2016-03-18 20:00:00,681.3999999999991
2016-03-21 13:00:00,682.799999999999
2016-03-21 14:00:00,680.499999999999
2016-03-21 15:00:00,680.999999999999
2016-03-21 16:00:00,682.199999999999
2016-03-21 17:00:00,682.599999999999
2016-03-21 19:00:00,683.199999999999
2016-03-22 13:00:00,679.3999999999991
2016-03-22 16:00:00,682.8999999999991
2016-03-22 20:00:00,681.799999999999
2016-03-23 13:00:00,679.099999999999
2016-03-23 15:00:00,679.3999999999991
2016-03-23 19:00:00,678.099999999999
2016-03-23 20:00:00,678.499999999999
2016-03-24 13:00:00,673.299999999999
2016-03-24 14:00:00,672.999999999999
2016-03-24 16:00:00,673.499999999999
2016-03-24 18:00:00,674.3999999999991
2016-03-24 19:00:00,676.099999999999
2016-03-24 20:00:00,676.799999999999
2016-03-28 13:00:00,675.499999999999
2016-03-28 14:00:00,675.8999999999991
2016-03-28 19:00:00,676.8999999999991
2016-03-29 13:00:00,673.299999999999
2016-03-29 15:00:00,675.699999999999
2016-03-29 16:00:00,678.8999999999991
2016-03-29 17:00:00,677.699999999999
2016-03-29 18:00:00,679.799999999999
2016-03-29 19:00:00,680.099999999999
2016-03-29 20:00:00,680.299999999999
2016-03-30 13:00:00,684.199999999999
2016-03-30 14:00:00,684.499999999999
2016-03-30 15:00:00,684.099999999999
2016-03-30 16:00:00,682.799999999999
2016-03-30 19:00:00,682.3999999999991
2016-03-30 20:00:00,682.799999999999
2016-03-31 13:00:00,680.799999999999
2016-03-31 14:00:00,680.299999999999
2016-03-31 16:00:00,681.8999999999991
2016-03-31 19:00:00,680.299999999999
2016-03-31 20:00:00,680.099999999999
2016-04-01 13:00:00,673.199999999999
2016-04-01 14:00:00,677.799999999999
2016-04-01 15:00:00,678.199999999999
2016-04-01 16:00:00,678.799999999999
2016-04-01 17:00:00,679.499999999999
2016-04-01 18:00:00,680.799999999999
2016-04-01 19:00:00,681.699999999999
2016-04-01 20:00:00,681.499999999999
2016-04-04 13:00:00,679.499999999999
2016-04-04 14:00:00,678.8999999999991
2016-04-04 15:00:00,678.499999999999
2016-04-04 16:00:00,678.999999999999
2016-04-04 17:00:00,677.699999999999
2016-04-04 18:00:00,676.8999999999991
2016-04-04 19:00:00,676.099999999999
2016-04-04 20:00:00,676.299999999999
2016-04-05 13:00:00,672.099999999999
2016-04-05 14:00:00,674.299999999999
2016-04-05 15:00:00,673.8999999999991
2016-04-05 16:00:00,673.599999999999
2016-04-05 17:00:00,673.8999999999991
2016-04-05 20:00:00,673.8999999999991
2016-04-06 13:00:00,668.999999999999
2016-04-06 14:00:00,669.3999999999991
2016-04-06 16:00:00,673.099999999999
2016-04-06 17:00:00,672.8999999999991
2016-04-06 18:00:00,672.299999999999
2016-04-06 19:00:00,674.699999999999
2016-04-06 20:00:00,674.499999999999
2016-04-07 13:00:00,670.999999999999
2016-04-07 14:00:00,673.599999999999
2016-04-07 15:00:00,671.999999999999
2016-04-07 16:00:00,671.199999999999
2016-04-07 17:00:00,672.299999999999
2016-04-07 18:00:00,669.099999999999
2016-04-07 19:00:00,670.599999999999
2016-04-07 20:00:00,670.299999999999
2016-04-08 13:00:00,677.499999999999
2016-04-08 14:00:00,677.499999999999
2016-04-08 15:00:00,675.199999999999
2016-04-08 16:00:00,675.3999999999991
2016-04-08 20:00:00,673.499999999999
2016-04-11 13:00:00,676.8999999999991
2016-04-11 14:00:00,676.599999999999
2016-04-11 15:00:00,674.599999999999
2016-04-11 16:00:00,676.3999999999991
2016-04-11 17:00:00,675.599999999999
2016-04-11 18:00:00,675.999999999999
2016-04-11 19:00:00,672.599999999999
2016-04-12 13:00:00,673.499999999999
2016-04-12 15:00:00,677.199999999999
2016-04-12 16:00:00,677.099999999999
2016-04-13 13:00:00,682.299999999999
2016-04-13 15:00:00,684.3999999999991
2016-04-13 16:00:00,683.799999999999
2016-04-13 18:00:00,684.199999999999
2016-04-13 19:00:00,685.099999999999
2016-04-14 13:00:00,684.599999999999
2016-04-14 14:00:00,684.599999999999
2016-04-14 15:00:00,685.299999999999
2016-04-14 18:00:00,685.199999999999
2016-04-14 19:00:00,685.099999999999
2016-04-14 20:00:00,684.999999999999
2016-04-15 13:00:00,686.099999999999
2016-04-15 19:00:00,685.599999999999
2016-04-15 20:00:00,685.3999999999991
2016-04-18 13:00:00,684.299999999999
2016-04-18 14:00:00,685.999999999999
2016-04-18 15:00:00,687.199999999999
2016-04-18 20:00:00,686.999999999999
2016-04-19 13:00:00,691.599999999999
2016-04-19 19:00:00,690.199999999999
2016-04-20 13:00:00,689.599999999999
2016-04-20 14:00:00,688.499999999999
2016-04-20 15:00:00,690.599999999999
2016-04-20 16:00:00,690.099999999999
2016-04-20 18:00:00,692.299999999999
2016-04-20 19:00:00,690.3999999999991
2016-04-20 20:00:00,689.999999999999
2016-04-21 13:00:00,690.099999999999
2016-04-21 14:00:00,690.999999999999
2016-04-21 15:00:00,691.199999999999
2016-04-21 16:00:00,690.699999999999
2016-04-21 17:00:00,688.999999999999
2016-04-21 18:00:00,688.099999999999
2016-04-21 19:00:00,688.3999999999991
2016-04-21 20:00:00,688.999999999999
2016-04-22 13:00:00,688.499999999999
2016-04-22 14:00:00,688.699999999999
2016-04-22 15:00:00,688.099999999999
2016-04-22 16:00:00,688.199999999999
2016-04-22 17:00:00,689.099999999999
2016-04-22 18:00:00,690.199999999999
2016-04-22 19:00:00,690.099999999999
2016-04-22 20:00:00,689.699999999999
2016-04-25 13:00:00,688.799999999999
2016-04-25 14:00:00,685.499999999999
2016-04-25 15:00:00,684.699999999999
2016-04-25 16:00:00,685.8999999999991
2016-04-25 17:00:00,685.999999999999
2016-04-25 18:00:00,685.499999999999
2016-04-25 19:00:00,686.3999999999991
2016-04-26 13:00:00,689.599999999999
2016-04-26 14:00:00,688.999999999999
2016-04-26 15:00:00,689.099999999999
2016-04-26 17:00:00,689.599999999999
2016-04-26 20:00:00,692.3999999999991
2016-04-27 13:00:00,693.999999999999
2016-04-27 14:00:00,691.599999999999
2016-04-27 15:00:00,693.499999999999
2016-04-27 16:00:00,694.499999999999
2016-04-27 17:00:00,694.299999999999
2016-04-27 18:00:00,695.8999999999991
2016-04-27 19:00:00,696.3999999999991
2016-04-27 20:00:00,695.699999999999
2016-04-28 13:00:00,693.699999999999
2016-04-28 14:00:00,695.799999999999
2016-04-28 15:00:00,696.699999999999
2016-04-28 16:00:00,695.699999999999
2016-04-28 17:00:00,695.599999999999
2016-04-28 18:00:00,693.699999999999
2016-04-28 19:00:00,689.3999999999991
2016-04-28 20:00:00,689.999999999999
2016-04-29 13:00:00,687.999999999999
2016-04-29 14:00:00,687.3999999999991
2016-04-29 15:00:00,684.999999999999
2016-04-29 16:00:00,685.699999999999
2016-04-29 17:00:00,685.199999999999
2016-04-29 18:00:00,683.799999999999
2016-04-29 19:00:00,687.199999999999
2016-04-29 20:00:00,687.499999999999
2016-05-02 13:00:00,687.299999999999
2016-05-02 14:00:00,687.299999999999
2016-05-02 16:00:00,688.499999999999
2016-05-02 17:00:00,689.599999999999
2016-05-02 18:00:00,689.3999999999991
2016-05-02 20:00:00,689.099999999999
2016-05-03 13:00:00,682.999999999999
2016-05-03 14:00:00,682.599999999999
2016-05-03 15:00:00,682.199999999999
2016-05-03 16:00:00,684.299999999999
2016-05-03 18:00:00,685.299999999999
2016-05-03 19:00:00,685.199999999999
2016-05-03 20:00:00,685.3999999999991
2016-05-04 13:00:00,682.199999999999
2016-05-04 14:00:00,679.299999999999
2016-05-04 15:00:00,677.199999999999
2016-05-04 16:00:00,678.299999999999
2016-05-04 18:00:00,676.099999999999
2016-05-04 19:00:00,678.199999999999
2016-05-04 20:00:00,678.3999999999991
2016-05-05 13:00:00,678.999999999999
2016-05-05 17:00:00,677.299999999999
2016-05-05 18:00:00,677.599999999999
2016-05-05 20:00:00,677.799999999999
2016-05-06 13:00:00,677.199999999999
2016-05-06 14:00:00,676.699999999999
2016-05-06 19:00:00,681.299999999999
2016-05-09 13:00:00,680.299999999999
2016-05-09 14:00:00,679.599999999999
2016-05-09 18:00:00,679.099999999999
2016-05-09 19:00:00,680.299999999999
2016-05-10 13:00:00,684.699999999999
2016-05-10 14:00:00,685.8999999999991
2016-05-10 15:00:00,685.699999999999
2016-05-10 17:00:00,687.699999999999
2016-05-10 18:00:00,687.599999999999
2016-05-10 19:00:00,688.599999999999
2016-05-11 13:00:00,688.099999999999
2016-05-11 14:00:00,689.499999999999
2016-05-11 15:00:00,688.199999999999
2016-05-11 16:00:00,687.3999999999991
2016-05-11 17:00:00,686.499999999999
2016-05-11 18:00:00,684.299999999999
2016-05-11 19:00:00,684.299999999999
2016-05-11 20:00:00,683.8999999999991
2016-05-12 13:00:00,685.8999999999991
2016-05-12 14:00:00,683.3999999999991
2016-05-12 15:00:00,680.8999999999991
2016-05-12 16:00:00,680.3999999999991
2016-05-12 17:00:00,681.699999999999
2016-05-12 19:00:00,682.8999999999991
2016-05-12 20:00:00,683.099999999999
2016-05-13 13:00:00,683.499999999999
2016-05-13 14:00:00,681.8999999999991
2016-05-13 15:00:00,680.999999999999
2016-05-13 17:00:00,678.199999999999
2016-05-13 18:00:00,675.099999999999
2016-05-13 20:00:00,675.8999999999991
2016-05-16 13:00:00,680.099999999999
2016-05-16 14:00:00,681.199999999999
2016-05-16 15:00:00,682.8999999999991
2016-05-16 16:00:00,681.799999999999
2016-05-16 17:00:00,682.599999999999
2016-05-16 18:00:00,683.599999999999
2016-05-16 19:00:00,682.599999999999
2016-05-16 20:00:00,682.599999999999
2016-05-17 13:00:00,683.299999999999
2016-05-17 14:00:00,683.8999999999991
2016-05-17 19:00:00,679.799999999999
2016-05-17 20:00:00,680.299999999999
2016-05-18 13:00:00,678.299999999999
2016-05-18 14:00:00,681.699999999999
2016-05-18 15:00:00,680.199999999999
2016-05-18 17:00:00,681.999999999999
2016-05-18 18:00:00,676.999999999999
2016-05-18 20:00:00,677.3999999999991
2016-05-19 13:00:00,670.599999999999
2016-05-19 14:00:00,671.599999999999
2016-05-19 17:00:00,670.499999999999
2016-05-19 18:00:00,672.8999999999991
2016-05-19 20:00:00,673.099999999999
2016-05-20 13:00:00,677.099999999999
2016-05-20 14:00:00,676.499999999999
2016-05-20 15:00:00,677.699999999999
2016-05-20 16:00:00,677.199999999999
2016-05-20 17:00:00,675.8999999999991
2016-05-20 18:00:00,676.599999999999
2016-05-20 19:00:00,675.299999999999
2016-05-20 20:00:00,675.999999999999
2016-05-23 13:00:00,673.3999999999991
2016-05-23 14:00:00,675.199999999999
2016-05-23 15:00:00,674.299999999999
2016-05-23 16:00:00,675.599999999999
2016-05-23 17:00:00,675.999999999999
2016-05-23 18:00:00,675.999999999999
2016-05-23 19:00:00,674.3999999999991
2016-05-24 13:00:00,677.8999999999991
2016-05-24 14:00:00,680.199999999999
2016-05-24 15:00:00,680.699999999999
2016-05-24 17:00:00,680.799999999999
2016-05-24 18:00:00,679.999999999999
2016-05-24 19:00:00,680.499999999999
2016-05-24 20:00:00,680.099999999999
2016-05-25 13:00:00,684.3999999999991
2016-05-25 14:00:00,685.099999999999
2016-05-25 16:00:00,684.299999999999
2016-05-25 17:00:00,684.499999999999
2016-05-25 18:00:00,684.199999999999
2016-05-25 19:00:00,684.3999999999991
2016-05-25 20:00:00,683.8999999999991
2016-05-26 13:00:00,685.599999999999
2016-05-26 14:00:00,684.3999999999991
2016-05-26 18:00:00,683.799999999999
2016-05-26 20:00:00,683.099999999999
2016-05-27 13:00:00,684.299999999999
2016-05-27 14:00:00,683.199999999999
2016-05-27 19:00:00,684.299999999999
2016-05-31 13:00:00,685.099999999999
2016-05-31 14:00:00,685.3999999999991
2016-05-31 15:00:00,683.599999999999
2016-05-31 16:00:00,683.599999999999
2016-05-31 17:00:00,684.099999999999
2016-05-31 18:00:00,683.099999999999
2016-05-31 19:00:00,685.099999999999
2016-05-31 20:00:00,684.699999999999
2016-06-01 13:00:00,679.999999999999
2016-06-01 14:00:00,681.099999999999
2016-06-01 15:00:00,682.299999999999
2016-06-01 17:00:00,682.699999999999
2016-06-01 18:00:00,683.599999999999
2016-06-01 19:00:00,684.599999999999
2016-06-02 13:00:00,683.599999999999
2016-06-02 14:00:00,683.299999999999
2016-06-02 15:00:00,684.099999999999
2016-06-02 17:00:00,684.3999999999991
2016-06-02 19:00:00,684.8999999999991
2016-06-02 20:00:00,685.499999999999
2016-06-03 13:00:00,682.299999999999
2016-06-03 14:00:00,682.099999999999
2016-06-03 16:00:00,684.099999999999
2016-06-03 17:00:00,683.799999999999
2016-06-03 19:00:00,685.8999999999991
2016-06-03 20:00:00,685.8999999999991
2016-06-06 13:00:00,687.199999999999
2016-06-06 14:00:00,689.099999999999
2016-06-06 15:00:00,688.999999999999
2016-06-06 16:00:00,687.199999999999
2016-06-06 17:00:00,688.799999999999
2016-06-06 18:00:00,690.3999999999991
2016-06-06 19:00:00,690.099999999999
2016-06-06 20:00:00,690.299999999999
2016-06-07 13:00:00,692.999999999999
2016-06-07 14:00:00,694.299999999999
2016-06-07 15:00:00,693.699999999999
2016-06-07 16:00:00,694.199999999999
2016-06-07 17:00:00,694.199999999999
2016-06-07 18:00:00,694.299999999999
2016-06-07 19:00:00,692.599999999999
2016-06-08 13:00:00,696.999999999999
2016-06-08 14:00:00,696.099999999999
2016-06-08 15:00:00,695.999999999999
2016-06-08 17:00:00,695.599999999999
2016-06-08 19:00:00,696.3999999999991
2016-06-08 20:00:00,696.3999999999991
2016-06-09 13:00:00,695.099999999999
2016-06-09 15:00:00,693.8999999999991
2016-06-09 16:00:00,694.299999999999
2016-06-09 17:00:00,694.799999999999
2016-06-09 18:00:00,694.799999999999
2016-06-09 19:00:00,696.299999999999
2016-06-09 20:00:00,696.599999999999
2016-06-10 13:00:00,691.799999999999
2016-06-10 14:00:00,692.799999999999
2016-06-10 15:00:00,692.599999999999
2016-06-10 16:00:00,692.099999999999
2016-06-10 17:00:00,690.199999999999
2016-06-10 18:00:00,690.199999999999
2016-06-10 19:00:00,691.3999999999991
2016-06-13 13:00:00,689.499999999999
2016-06-13 14:00:00,690.099999999999
2016-06-13 15:00:00,689.699999999999
2016-06-13 17:00:00,688.299999999999
2016-06-13 19:00:00,684.999999999999
2016-06-14 13:00:00,684.299999999999
2016-06-14 14:00:00,683.799999999999
2016-06-14 15:00:00,682.799999999999
2016-06-14 19:00:00,684.699999999999
2016-06-14 20:00:00,685.099999999999
2016-06-15 13:00:00,686.8999999999991
2016-06-15 15:00:00,687.199999999999
2016-06-15 18:00:00,687.699999999999
2016-06-15 19:00:00,684.799999999999
2016-06-16 13:00:00,681.699999999999
2016-06-16 14:00:00,678.699999999999
2016-06-16 15:00:00,680.8999999999991
2016-06-16 16:00:00,683.8999999999991
2016-06-16 18:00:00,685.3999999999991
2016-06-16 19:00:00,686.199999999999
2016-06-17 13:00:00,684.8999999999991
2016-06-17 14:00:00,687.699999999999
2016-06-17 19:00:00,686.799999999999
2016-06-17 20:00:00,685.799999999999
2016-06-20 13:00:00,694.8999999999991
2016-06-20 14:00:00,695.099999999999
2016-06-20 15:00:00,693.999999999999
2016-06-20 16:00:00,694.099999999999
2016-06-20 17:00:00,693.999999999999
2016-06-20 18:00:00,693.499999999999
2016-06-20 19:00:00,691.999999999999
2016-06-20 20:00:00,691.3999999999991
2016-06-21 13:00:00,692.199999999999
2016-06-21 14:00:00,690.599999999999
2016-06-21 15:00:00,690.999999999999
2016-06-21 16:00:00,691.599999999999
2016-06-21 17:00:00,691.599999999999
2016-06-21 18:00:00,692.3999999999991
2016-06-21 19:00:00,691.299999999999
2016-06-21 20:00:00,690.8999999999991
2016-06-22 13:00:00,691.799999999999
2016-06-22 14:00:00,692.799999999999
2016-06-22 15:00:00,692.3999999999991
2016-06-22 16:00:00,690.799999999999
2016-06-22 17:00:00,690.3999999999991
2016-06-22 18:00:00,689.999999999999
2016-06-22 19:00:00,689.699999999999
2016-06-22 20:00:00,689.799999999999
2016-06-23 13:00:00,694.199999999999
2016-06-23 14:00:00,693.599999999999
2016-06-23 15:00:00,695.199999999999
2016-06-23 16:00:00,694.099999999999
2016-06-23 17:00:00,693.499999999999
2016-06-23 18:00:00,694.3999999999991
2016-06-23 19:00:00,696.099999999999
2016-06-23 20:00:00,696.099999999999
2016-06-24 13:00:00,680.599999999999
2016-06-24 14:00:00,681.3999999999991
2016-06-24 15:00:00,678.3999999999991
2016-06-24 16:00:00,677.699999999999
2016-06-24 17:00:00,676.3999999999991
2016-06-24 19:00:00,672.699999999999
2016-06-27 13:00:00,663.3999999999991
2016-06-27 14:00:00,660.3999999999991
2016-06-27 15:00:00,662.799999999999
2016-06-27 16:00:00,661.299999999999
2016-06-27 17:00:00,659.999999999999
2016-06-27 18:00:00,658.499999999999
2016-06-27 19:00:00,660.799999999999
2016-06-28 13:00:00,664.8999999999991
2016-06-28 14:00:00,664.599999999999
2016-06-28 16:00:00,664.999999999999
2016-06-28 17:00:00,663.799999999999
2016-06-28 18:00:00,667.699999999999
2016-06-28 19:00:00,668.799999999999
2016-06-28 20:00:00,668.299999999999
2016-06-29 13:00:00,673.799999999999
2016-06-29 14:00:00,675.3999999999991
2016-06-29 15:00:00,677.099999999999
2016-06-29 16:00:00,677.599999999999
2016-06-29 19:00:00,678.3999999999991
2016-06-30 13:00:00,679.999999999999
2016-06-30 14:00:00,679.499999999999
2016-06-30 15:00:00,682.799999999999
2016-06-30 17:00:00,686.8999999999991
2016-06-30 18:00:00,687.8999999999991
2016-06-30 19:00:00,687.299999999999
2016-06-30 20:00:00,687.999999999999
2016-07-01 13:00:00,691.8999999999991
2016-07-01 14:00:00,693.599999999999
2016-07-01 15:00:00,691.599999999999
2016-07-01 16:00:00,690.799999999999
2016-07-01 17:00:00,690.8999999999991
2016-07-01 18:00:00,690.099999999999
2016-07-01 19:00:00,691.499999999999
2016-07-01 20:00:00,691.499999999999
2016-07-05 13:00:00,685.3999999999991
2016-07-05 14:00:00,686.299999999999
2016-07-05 15:00:00,685.299999999999
2016-07-05 16:00:00,684.999999999999
2016-07-05 17:00:00,684.199999999999
2016-07-05 18:00:00,684.3999999999991
2016-07-05 19:00:00,685.599999999999
2016-07-06 13:00:00,682.799999999999
2016-07-06 14:00:00,681.3999999999991
2016-07-06 15:00:00,683.599999999999
2016-07-06 19:00:00,688.699999999999
2016-07-06 20:00:00,688.499999999999
2016-07-07 13:00:00,692.099999999999
2016-07-07 14:00:00,690.8999999999991
2016-07-07 15:00:00,689.8999999999991
2016-07-07 16:00:00,689.299999999999
2016-07-07 17:00:00,689.299999999999
2016-07-07 18:00:00,687.8999999999991
2016-07-08 13:00:00,697.199999999999
2016-07-08 14:00:00,698.299999999999
2016-07-08 15:00:00,699.599999999999
2016-07-08 16:00:00,700.3999999999991
2016-07-08 17:00:00,700.3999999999991
2016-07-08 18:00:00,701.799999999999
2016-07-08 19:00:00,701.199999999999
2016-07-08 20:00:00,700.499999999999
2016-07-11 13:00:00,704.699999999999
2016-07-11 14:00:00,705.099999999999
2016-07-11 15:00:00,705.599999999999
2016-07-11 16:00:00,705.299999999999
2016-07-11 17:00:00,705.8999999999991
2016-07-11 18:00:00,705.699999999999
2016-07-11 19:00:00,704.699999999999
2016-07-11 20:00:00,704.599999999999
2016-07-12 13:00:00,710.199999999999
2016-07-12 14:00:00,707.699999999999
2016-07-12 15:00:00,708.999999999999
2016-07-12 16:00:00,709.8999999999991
2016-07-12 17:00:00,709.8999999999991
2016-07-12 18:00:00,710.499999999999
2016-07-12 19:00:00,710.599999999999
2016-07-13 13:00:00,709.799999999999
2016-07-13 14:00:00,710.999999999999
2016-07-13 15:00:00,709.099999999999
2016-07-13 17:00:00,709.999999999999
2016-07-13 18:00:00,710.3999999999991
2016-07-13 19:00:00,711.599999999999
2016-07-14 13:00:00,716.3999999999991
2016-07-14 15:00:00,716.299999999999
2016-07-14 16:00:00,715.599999999999
2016-07-14 17:00:00,715.199999999999
2016-07-14 18:00:00,716.099999999999
2016-07-14 19:00:00,715.8999999999991
2016-07-15 13:00:00,717.099999999999
2016-07-15 14:00:00,716.8999999999991
2016-07-15 15:00:00,715.599999999999
2016-07-15 16:00:00,715.299999999999
2016-07-15 18:00:00,715.499999999999
2016-07-15 20:00:00,715.3999999999991
2016-07-18 13:00:00,714.3999999999991
2016-07-18 14:00:00,715.8999999999991
2016-07-18 15:00:00,715.8999999999991
2016-07-18 16:00:00,715.099999999999
2016-07-18 17:00:00,715.799999999999
2016-07-18 18:00:00,715.799999999999
2016-07-18 19:00:00,715.299999999999
2016-07-18 20:00:00,715.099999999999
2016-07-19 13:00:00,713.299999999999
2016-07-19 14:00:00,715.599999999999
2016-07-19 15:00:00,716.099999999999
2016-07-19 19:00:00,715.599999999999
2016-07-19 20:00:00,715.799999999999
2016-07-20 13:00:00,715.799999999999
2016-07-20 14:00:00,717.8999999999991
2016-07-20 15:00:00,718.499999999999
2016-07-20 17:00:00,718.099999999999
2016-07-20 18:00:00,718.199999999999
2016-07-20 19:00:00,717.199999999999
2016-07-21 13:00:00,714.499999999999
2016-07-21 14:00:00,715.699999999999
2016-07-21 15:00:00,712.999999999999
2016-07-21 16:00:00,711.799999999999
2016-07-21 17:00:00,711.799999999999
2016-07-21 19:00:00,711.199999999999
2016-07-21 20:00:00,710.799999999999
2016-07-22 13:00:00,707.599999999999
2016-07-22 14:00:00,708.699999999999
2016-07-22 15:00:00,708.8999999999991
2016-07-22 16:00:00,709.099999999999
2016-07-22 17:00:00,710.3999999999991
2016-07-22 18:00:00,711.599999999999
2016-07-22 19:00:00,711.699999999999
2016-07-25 13:00:00,709.099999999999
2016-07-25 17:00:00,708.599999999999
2016-07-25 19:00:00,708.599999999999
2016-07-25 20:00:00,709.099999999999
2016-07-26 13:00:00,711.599999999999
2016-07-26 14:00:00,711.199999999999
2016-07-26 15:00:00,710.599999999999
2016-07-26 17:00:00,711.599999999999
2016-07-26 18:00:00,712.099999999999
2016-07-26 19:00:00,713.599999999999
2016-07-26 20:00:00,713.999999999999
2016-07-27 13:00:00,713.299999999999
2016-07-27 14:00:00,711.999999999999
2016-07-27 15:00:00,710.099999999999
2016-07-27 16:00:00,710.099999999999
2016-07-27 18:00:00,710.299999999999
2016-07-27 19:00:00,710.799999999999
2016-07-27 20:00:00,710.8999999999991
2016-07-28 13:00:00,708.799999999999
2016-07-28 15:00:00,709.3999999999991
2016-07-28 16:00:00,709.199999999999
2016-07-28 19:00:00,711.499999999999
2016-07-29 13:00:00,708.599999999999
2016-07-29 14:00:00,707.799999999999
2016-07-29 15:00:00,710.599999999999
2016-07-29 20:00:00,710.599999999999
2016-08-01 13:00:00,708.3999999999991
2016-08-01 14:00:00,709.499999999999
2016-08-01 18:00:00,707.499999999999
2016-08-01 19:00:00,708.799999999999
2016-08-02 13:00:00,706.499999999999
2016-08-02 14:00:00,703.3999999999991
2016-08-02 15:00:00,702.8999999999991
2016-08-02 16:00:00,702.8999999999991
2016-08-02 17:00:00,702.3999999999991
2016-08-02 18:00:00,703.3999999999991
2016-08-02 19:00:00,703.3999999999991
2016-08-02 20:00:00,703.699999999999
2016-08-03 13:00:00,703.699999999999
2016-08-03 14:00:00,703.999999999999
2016-08-03 15:00:00,704.8999999999991
2016-08-03 18:00:00,705.199999999999
2016-08-03 19:00:00,705.699999999999
2016-08-03 20:00:00,705.499999999999
2016-08-04 13:00:00,706.299999999999
2016-08-04 14:00:00,705.699999999999
2016-08-04 19:00:00,706.299999999999
2016-08-05 13:00:00,710.099999999999
2016-08-05 14:00:00,711.499999999999
2016-08-05 19:00:00,711.999999999999
2016-08-05 20:00:00,711.799999999999
2016-08-08 13:00:00,714.199999999999
2016-08-08 14:00:00,714.299999999999
2016-08-08 19:00:00,712.3999999999991
2016-08-09 13:00:00,712.8999999999991
2016-08-09 15:00:00,713.499999999999
2016-08-09 19:00:00,712.3999999999991
2016-08-10 13:00:00,712.599999999999
2016-08-10 17:00:00,711.8999999999991
2016-08-10 19:00:00,711.999999999999
2016-08-11 13:00:00,714.599999999999
2016-08-11 14:00:00,714.3999999999991
2016-08-11 19:00:00,716.3999999999991
2016-08-12 13:00:00,714.3999999999991
2016-08-12 16:00:00,714.099999999999
2016-08-12 19:00:00,714.099999999999
2016-08-12 20:00:00,714.3999999999991
2016-08-15 13:00:00,716.799999999999
2016-08-15 14:00:00,718.099999999999
2016-08-15 16:00:00,718.499999999999
2016-08-15 17:00:00,718.599999999999
2016-08-16 13:00:00,715.8999999999991
2016-08-16 14:00:00,716.199999999999
2016-08-16 15:00:00,716.099999999999
2016-08-16 17:00:00,716.199999999999
2016-08-16 18:00:00,715.999999999999
2016-08-16 19:00:00,715.699999999999
2016-08-17 13:00:00,715.499999999999
2016-08-17 19:00:00,717.699999999999
2016-08-18 13:00:00,717.3999999999991
2016-08-18 14:00:00,718.099999999999
2016-08-18 15:00:00,717.599999999999
2016-08-18 16:00:00,717.299999999999
2016-08-18 17:00:00,717.799999999999
2016-08-18 18:00:00,717.8999999999991
2016-09-19 13:00:00,701.0999999999991
2016-09-19 14:00:00,702.799999999999
2016-09-19 15:00:00,702.799999999999
2016-09-19 16:00:00,701.199999999999
2016-09-19 17:00:00,699.3999999999991
2016-09-19 18:00:00,701.5999999999991
2016-09-19 19:00:00,699.5999999999991
2016-09-19 20:00:00,699.8999999999991
2016-09-20 13:00:00,703.3999999999991
2016-09-20 15:00:00,701.9999999999991
2016-09-20 16:00:00,701.299999999999
2016-09-20 17:00:00,700.8999999999991
2016-09-20 18:00:00,701.0999999999991
2016-09-20 19:00:00,701.0999999999991
2016-09-21 13:00:00,703.799999999999
2016-09-21 15:00:00,703.0999999999991
2016-09-21 19:00:00,708.0999999999991
2016-09-21 20:00:00,707.799999999999
2016-09-22 13:00:00,712.4999999999991
2016-09-22 14:00:00,713.299999999999
2016-09-22 15:00:00,712.299999999999
2016-09-22 16:00:00,712.4999999999991
2016-09-22 17:00:00,712.299999999999
2016-09-22 18:00:00,710.9999999999991
2016-09-22 19:00:00,712.199999999999
2016-09-23 13:00:00,709.199999999999
2016-09-23 15:00:00,708.8999999999991
2016-09-23 16:00:00,709.0999999999991
2016-09-23 17:00:00,708.699999999999
2016-09-23 18:00:00,708.4999999999991
2016-09-23 19:00:00,708.4999999999991
2016-09-23 20:00:00,708.299999999999
2016-09-26 13:00:00,705.199999999999
2016-09-26 14:00:00,707.199999999999
2016-09-26 16:00:00,707.3999999999991
2016-09-26 17:00:00,706.199999999999
2016-09-26 19:00:00,705.799999999999
2016-09-27 13:00:00,706.8999999999991
2016-09-27 14:00:00,708.0999999999991
2016-09-27 19:00:00,709.799999999999
2016-09-28 13:00:00,712.3999999999991
2016-09-28 19:00:00,714.299999999999
2016-09-29 13:00:00,714.4999999999991
2016-09-29 14:00:00,715.799999999999
2016-09-29 16:00:00,710.3999999999991
2016-09-29 17:00:00,710.0999999999991
2016-09-29 20:00:00,710.5999999999991
2016-09-30 13:00:00,713.0999999999991
2016-09-30 14:00:00,712.3999999999991
2016-09-30 15:00:00,714.9999999999991
2016-09-30 16:00:00,715.4999999999991
2016-09-30 17:00:00,715.3999999999991
2016-09-30 18:00:00,716.0999999999991
2016-09-30 19:00:00,715.4999999999991
2016-10-03 13:00:00,712.799999999999
2016-10-03 14:00:00,714.3999999999991
2016-10-03 15:00:00,713.9999999999991
2016-10-03 16:00:00,714.0999999999991
2016-10-03 17:00:00,714.5999999999991
2016-10-03 19:00:00,715.299999999999
2016-10-04 13:00:00,716.5999999999991
2016-10-04 15:00:00,715.199999999999
2016-10-04 16:00:00,713.9999999999991
2016-10-04 17:00:00,711.0999999999991
2016-10-04 18:00:00,710.799999999999
2016-10-04 20:00:00,710.699999999999
2016-10-05 13:00:00,713.199999999999
2016-10-05 14:00:00,713.4999999999991
2016-10-05 15:00:00,714.0999999999991
2016-10-05 19:00:00,714.199999999999
2016-10-06 13:00:00,711.8999999999991
2016-10-06 15:00:00,712.199999999999
2016-10-06 20:00:00,714.299999999999
2016-10-07 13:00:00,707.199999999999
2016-10-07 14:00:00,707.5999999999991
2016-10-07 15:00:00,705.4999999999991
2016-10-07 16:00:00,705.3999999999991
2016-10-07 17:00:00,706.0999999999991
2016-10-07 18:00:00,708.3999999999991
2016-10-07 20:00:00,707.0999999999991
2016-10-10 13:00:00,710.199999999999
2016-10-10 14:00:00,709.3999999999991
2016-10-10 16:00:00,707.699999999999
2016-10-10 18:00:00,707.199999999999
2016-10-10 19:00:00,707.199999999999
2016-10-10 20:00:00,706.699999999999
2016-10-11 13:00:00,705.8999999999991
2016-10-11 14:00:00,704.5999999999991
2016-10-11 15:00:00,702.699999999999
2016-10-11 16:00:00,702.299999999999
2016-10-11 17:00:00,699.799999999999
2016-10-11 18:00:00,699.4999999999991
2016-10-11 20:00:00,701.299999999999
2016-10-12 13:00:00,701.299999999999
2016-10-12 14:00:00,701.3999999999991
2016-10-12 19:00:00,702.299999999999
2016-10-12 20:00:00,702.299999999999
2016-10-13 13:00:00,696.3999999999991
2016-10-13 14:00:00,697.5999999999991
2016-10-13 15:00:00,699.699999999999
2016-10-13 16:00:00,701.199999999999
2016-10-13 18:00:00,702.9999999999991
2016-10-13 19:00:00,702.9999999999991
2016-10-14 13:00:00,706.8999999999991
2016-10-14 14:00:00,705.699999999999
2016-10-14 15:00:00,704.799999999999
2016-10-14 16:00:00,704.0999999999991
2016-10-14 17:00:00,704.699999999999
2016-10-14 18:00:00,703.9999999999991
2016-10-14 19:00:00,703.9999999999991
2016-10-17 13:00:00,702.5999999999991
2016-10-17 14:00:00,702.9999999999991
2016-10-17 16:00:00,703.199999999999
2016-10-17 18:00:00,702.0999999999991
2016-10-17 19:00:00,702.199999999999
2016-10-18 13:00:00,703.9999999999991
2016-10-18 14:00:00,703.299999999999
2016-10-18 15:00:00,703.699999999999
2016-10-18 16:00:00,704.0999999999991
2016-10-18 19:00:00,702.699999999999
2016-10-19 13:00:00,703.699999999999
2016-10-19 14:00:00,704.199999999999
2016-10-19 16:00:00,705.799999999999
2016-10-20 13:00:00,702.699999999999
2016-10-20 14:00:00,700.799999999999
2016-10-20 17:00:00,702.299999999999
2016-10-21 13:00:00,695.9999999999991
2016-10-21 14:00:00,699.299999999999
2016-10-21 15:00:00,699.3999999999991
2016-10-21 16:00:00,698.8999999999991
2016-10-21 17:00:00,699.799999999999
2016-10-21 19:00:00,700.4999999999991
2016-10-24 13:00:00,704.799999999999
2016-10-24 14:00:00,704.0999999999991
2016-10-24 15:00:00,703.8999999999991
2016-10-24 17:00:00,702.0999999999991
2016-10-24 18:00:00,702.299999999999
2016-10-24 19:00:00,702.0999999999991
2016-10-25 13:00:00,701.299999999999
2016-10-25 14:00:00,699.199999999999
2016-10-25 15:00:00,700.799999999999
2016-10-25 16:00:00,700.799999999999
2016-10-25 17:00:00,700.8999999999991
2016-10-25 18:00:00,700.799999999999
2016-10-25 19:00:00,700.0999999999991
2016-10-26 13:00:00,698.199999999999
2016-10-26 14:00:00,699.4999999999991
2016-10-26 15:00:00,703.5999999999991
2016-10-26 16:00:00,703.4999999999991
2016-10-26 18:00:00,703.199999999999
2016-10-27 13:00:00,700.0999999999991
2016-10-27 15:00:00,699.199999999999
2016-10-27 16:00:00,697.799999999999
2016-10-27 17:00:00,699.0999999999991
2016-10-27 19:00:00,698.299999999999
2016-10-27 20:00:00,698.699999999999
2016-10-28 13:00:00,702.0999999999991
2016-10-28 16:00:00,705.0999999999991
2016-10-28 17:00:00,700.699999999999
2016-10-28 18:00:00,701.8999999999991
2016-10-28 19:00:00,701.9999999999991
2016-10-28 20:00:00,702.8999999999991
2016-10-31 13:00:00,704.199999999999
2016-10-31 16:00:00,704.3999999999991
2016-10-31 19:00:00,703.299999999999
2016-10-31 20:00:00,703.9999999999991
2016-11-01 13:00:00,702.799999999999
2016-11-01 14:00:00,700.8999999999991
2016-11-01 15:00:00,700.799999999999
2016-11-01 18:00:00,697.199999999999
2016-11-01 19:00:00,697.8999999999991
2016-11-02 13:00:00,699.4999999999991
2016-11-02 14:00:00,699.0999999999991
2016-11-02 15:00:00,698.5999999999991
2016-11-02 16:00:00,698.0999999999991
2016-11-02 17:00:00,696.699999999999
2016-11-02 18:00:00,697.3999999999991
2016-11-02 19:00:00,696.299999999999
2016-11-02 20:00:00,695.8999999999991
2016-11-03 13:00:00,695.3999999999991
2016-11-03 14:00:00,695.9999999999991
2016-11-03 16:00:00,695.3999999999991
2016-11-03 17:00:00,695.4999999999991
2016-11-03 18:00:00,695.199999999999
2016-11-03 19:00:00,694.799999999999
2016-11-04 13:00:00,693.9999999999991
2016-11-04 14:00:00,697.299999999999
2016-11-04 15:00:00,698.199999999999
2016-11-04 16:00:00,699.799999999999
2016-11-04 19:00:00,695.5999999999991
2016-11-07 14:00:00,705.299999999999
2016-11-07 15:00:00,706.199999999999
2016-11-07 16:00:00,706.299999999999
2016-11-07 18:00:00,707.199999999999
2016-11-07 19:00:00,708.0999999999991
2016-11-07 20:00:00,708.8999999999991
2016-11-08 14:00:00,708.699999999999
2016-11-08 15:00:00,709.8999999999991
2016-11-08 16:00:00,712.799999999999
2016-11-08 17:00:00,713.8999999999991
2016-11-08 18:00:00,713.9999999999991
2016-11-08 19:00:00,712.5999999999991
2016-11-08 20:00:00,713.8999999999991
2016-11-08 21:00:00,712.699999999999
2016-11-09 14:00:00,721.4999999999991
2016-11-09 15:00:00,718.9999999999991
2016-11-09 16:00:00,727.799999999999
2016-11-09 17:00:00,726.199999999999
2016-11-09 18:00:00,727.9999999999991
2016-11-09 19:00:00,729.0999999999991
2016-11-09 20:00:00,729.5999999999991
2016-11-09 21:00:00,727.8999999999991
2016-11-10 14:00:00,736.699999999999
2016-11-10 15:00:00,737.3999999999991
2016-11-10 16:00:00,738.299999999999
2016-11-10 17:00:00,739.5999999999991
2016-11-10 18:00:00,740.5999999999991
2016-11-10 19:00:00,740.5999999999991
2016-11-10 20:00:00,740.9999999999991
2016-11-10 21:00:00,740.9999999999991
2016-11-11 14:00:00,739.0999999999991
2016-11-11 15:00:00,738.299999999999
2016-11-11 16:00:00,737.799999999999
2016-11-11 17:00:00,738.299999999999
2016-11-11 18:00:00,739.3999999999991
2016-11-11 19:00:00,739.5999999999991
2016-11-11 20:00:00,741.5999999999991
2016-11-14 14:00:00,744.699999999999
2016-11-14 15:00:00,745.299999999999
2016-11-14 16:00:00,743.8999999999991
2016-11-14 17:00:00,744.3999999999991
2016-11-14 18:00:00,744.699999999999
2016-11-14 19:00:00,743.699999999999
2016-11-14 20:00:00,744.8999999999991
2016-11-14 21:00:00,744.5999999999991
2016-11-15 14:00:00,741.699999999999
2016-11-15 15:00:00,741.699999999999
2016-11-15 16:00:00,741.8999999999991
2016-11-15 17:00:00,742.199999999999
2016-11-15 20:00:00,746.5999999999991
2016-11-16 14:00:00,745.3999999999991
2016-11-16 15:00:00,743.0999999999991
2016-11-16 17:00:00,741.0999999999991
2016-11-16 20:00:00,742.8999999999991
2016-11-17 14:00:00,743.699999999999
2016-11-17 15:00:00,742.299999999999
2016-11-17 20:00:00,744.199999999999
2016-11-18 14:00:00,743.5999999999991
2016-11-18 15:00:00,742.4999999999991
2016-11-18 20:00:00,743.9999999999991
2016-11-18 21:00:00,744.199999999999
2016-11-21 14:00:00,746.299999999999
2016-11-21 15:00:00,746.0999999999991
2016-11-21 17:00:00,746.3999999999991
2016-11-21 20:00:00,747.5999999999991
2016-11-22 14:00:00,749.199999999999
2016-11-22 15:00:00,749.299999999999
2016-11-22 16:00:00,749.199999999999
2016-11-22 18:00:00,749.0999999999991
2016-11-22 20:00:00,750.199999999999
2016-11-23 14:00:00,751.4999999999991
2016-11-23 15:00:00,751.9999999999991
2016-11-23 16:00:00,753.5999999999991
2016-11-23 17:00:00,754.0999999999991
2016-11-23 18:00:00,754.3999999999991
2016-11-23 19:00:00,754.0999999999991
2016-11-23 20:00:00,754.8999999999991
2016-11-25 14:00:00,755.9999999999991
2016-11-25 15:00:00,756.8999999999991
2016-11-25 17:00:00,757.4999999999991
2016-11-28 14:00:00,756.5999999999991
2016-11-28 15:00:00,754.4999999999991
2016-11-28 16:00:00,753.9999999999991
2016-11-28 17:00:00,754.5999999999991
2016-11-28 18:00:00,754.699999999999
2016-11-28 19:00:00,754.4999999999991
2016-11-28 20:00:00,753.8999999999991
2016-11-29 14:00:00,753.5999999999991
2016-11-29 15:00:00,754.199999999999
2016-11-29 16:00:00,755.699999999999
2016-11-29 17:00:00,755.199999999999
2016-11-29 18:00:00,755.199999999999
2016-11-29 19:00:00,755.699999999999
2016-11-29 20:00:00,754.299999999999
2016-11-30 14:00:00,758.299999999999
2016-11-30 15:00:00,756.799999999999
2016-11-30 17:00:00,757.0999999999991
2016-11-30 18:00:00,757.9999999999991
2016-11-30 19:00:00,756.8999999999991
2016-11-30 20:00:00,754.8999999999991
2016-11-30 21:00:00,754.699999999999
2016-12-01 14:00:00,757.8999999999991
2016-12-01 15:00:00,759.799999999999
2016-12-01 16:00:00,759.0999999999991
2016-12-01 17:00:00,758.5999999999991
2016-12-01 18:00:00,758.5999999999991
2016-12-01 20:00:00,759.3999999999991
2016-12-02 14:00:00,759.5999999999991
2016-12-02 15:00:00,759.9999999999991
2016-12-02 16:00:00,760.8999999999991
2016-12-02 18:00:00,758.699999999999
2016-12-02 20:00:00,758.5999999999991
2016-12-02 21:00:00,758.799999999999
2016-12-05 14:00:00,761.8999999999991
2016-12-05 16:00:00,760.3999999999991
2016-12-05 19:00:00,757.199999999999
2016-12-05 20:00:00,758.3999999999991
2016-12-05 21:00:00,758.299999999999
2016-12-06 14:00:00,755.8999999999991
2016-12-06 15:00:00,756.9999999999991
2016-12-06 16:00:00,757.299999999999
2016-12-06 17:00:00,758.8999999999991
2016-12-06 18:00:00,758.799999999999
2016-12-06 19:00:00,758.9999999999991
2016-12-06 20:00:00,759.5999999999991
2016-12-07 14:00:00,760.199999999999
2016-12-07 15:00:00,761.299999999999
2016-12-07 16:00:00,764.0999999999991
2016-12-07 17:00:00,764.3999999999991
2016-12-07 18:00:00,767.299999999999
2016-12-07 19:00:00,769.0999999999991
2016-12-07 20:00:00,770.8999999999991
2016-12-07 21:00:00,771.299999999999
2016-12-08 14:00:00,768.799999999999
2016-12-08 15:00:00,766.5999999999991
2016-12-08 17:00:00,769.0999999999991
2016-12-08 19:00:00,767.699999999999
2016-12-08 20:00:00,767.699999999999
2016-12-09 14:00:00,768.3999999999991
2016-12-09 15:00:00,768.3999999999991
2016-12-09 16:00:00,768.3999999999991
2016-12-09 17:00:00,769.299999999999
2016-12-09 21:00:00,769.299999999999
2016-12-12 14:00:00,766.4999999999991
2016-12-12 15:00:00,764.5999999999991
2016-12-12 16:00:00,764.4999999999991
2016-12-13 14:00:00,768.0999999999991
2016-12-13 15:00:00,763.5999999999991
2016-12-13 17:00:00,765.2999999999992
2016-12-13 18:00:00,766.3999999999992
2016-12-13 19:00:00,765.9999999999991
2016-12-13 20:00:00,765.0999999999991
2016-12-13 21:00:00,764.7999999999992
2016-12-14 14:00:00,764.9999999999991
2016-12-14 16:00:00,762.6999999999991
2016-12-14 17:00:00,764.4999999999991
2016-12-14 18:00:00,764.5999999999991
2016-12-14 19:00:00,762.4999999999991
2016-12-14 20:00:00,758.6999999999991
2016-12-15 14:00:00,760.3999999999992
2016-12-15 15:00:00,763.1999999999991
2016-12-15 16:00:00,763.0999999999991
2016-12-15 17:00:00,761.5999999999991
2016-12-15 18:00:00,760.1999999999991
2016-12-15 19:00:00,759.8999999999992
2016-12-15 20:00:00,759.3999999999992
2016-12-16 15:00:00,761.3999999999992
2016-12-16 20:00:00,757.0999999999991
2016-12-19 14:00:00,759.9999999999991
2016-12-19 15:00:00,761.5999999999991
2016-12-19 16:00:00,759.5999999999991
2016-12-19 17:00:00,760.4999999999991
2016-12-19 18:00:00,760.3999999999992
2016-12-19 19:00:00,760.6999999999991
2016-12-19 20:00:00,761.7999999999992
2016-12-20 13:00:00,762.7999999999992
2016-12-20 14:00:00,764.7999999999992
2016-12-20 15:00:00,765.5999999999991
2016-12-20 16:00:00,765.0999999999991
2016-12-20 17:00:00,764.3999999999992
2016-12-20 18:00:00,764.9999999999991
2016-12-20 19:00:00,764.9999999999991
2016-12-20 20:00:00,765.3999999999992
2016-12-20 21:00:00,764.7999999999992
2016-12-21 14:00:00,764.1999999999991
2016-12-21 20:00:00,762.9999999999991
2016-12-22 14:00:00,762.7999999999992
2016-12-22 15:00:00,761.5999999999991
2016-12-22 16:00:00,760.4999999999991
2016-12-22 17:00:00,761.5999999999991
2016-12-22 20:00:00,761.8999999999992
2016-12-23 14:00:00,761.3999999999992
2016-12-23 15:00:00,762.1999999999991
2016-12-27 14:00:00,763.6999999999991
2016-12-27 17:00:00,762.6999999999991
2016-12-27 18:00:00,763.0999999999991
2016-12-27 19:00:00,763.7999999999992
2016-12-27 20:00:00,762.9999999999991
2016-12-28 14:00:00,761.5999999999991
2016-12-28 15:00:00,760.2999999999992
2016-12-28 17:00:00,757.4999999999991
2016-12-28 18:00:00,757.5999999999991
2016-12-28 19:00:00,757.3999999999992
2016-12-28 20:00:00,756.8999999999992
2016-12-29 14:00:00,757.6999999999991
2016-12-29 18:00:00,756.3999999999992
2016-12-29 19:00:00,756.9999999999991
2016-12-29 20:00:00,756.3999999999992
2016-12-30 14:00:00,755.9999999999991
2016-12-30 15:00:00,755.4999999999991
2016-12-30 20:00:00,753.8999999999992
2017-01-03 14:00:00,759.7999999999992
2017-01-03 15:00:00,756.3999999999992
2017-01-03 16:00:00,756.3999999999992
2017-01-03 17:00:00,756.7999999999992
2017-01-03 18:00:00,755.6999999999991
2017-01-03 19:00:00,756.1999999999991
2017-01-03 20:00:00,757.8999999999992
2017-01-04 14:00:00,760.2999999999992
2017-01-04 15:00:00,760.8999999999992
2017-01-04 16:00:00,760.5999999999991
2017-01-04 18:00:00,760.2999999999992
2017-01-04 19:00:00,760.4999999999991
2017-01-04 20:00:00,761.2999999999992
2017-01-05 14:00:00,763.0999999999991
2017-01-05 15:00:00,763.0999999999991
2017-01-05 16:00:00,756.5999999999991
2017-01-05 17:00:00,758.0999999999991
2017-01-05 19:00:00,758.5999999999991
2017-01-05 20:00:00,759.5999999999991
2017-01-06 14:00:00,758.0999999999991
2017-01-06 15:00:00,759.6999999999991
2017-01-06 16:00:00,761.8999999999992
2017-01-06 20:00:00,763.2999999999992
2017-01-06 21:00:00,762.5999999999991
2017-01-09 16:00:00,760.6999999999991
2017-01-09 17:00:00,759.6999999999991
2017-01-09 20:00:00,758.3999999999992
2017-01-10 14:00:00,760.2999999999992
2017-01-10 15:00:00,761.3999999999992
2017-01-10 16:00:00,762.4999999999991
2017-01-10 17:00:00,762.7999999999992
2017-01-10 20:00:00,760.6999999999991
2017-01-11 14:00:00,761.1999999999991
2017-01-11 15:00:00,762.4999999999991
2017-01-11 16:00:00,761.1999999999991
2017-01-11 20:00:00,763.6999999999991
2017-01-12 14:00:00,759.4999999999991
2017-01-12 15:00:00,757.6999999999991
2017-01-12 16:00:00,755.7999999999992
2017-01-12 17:00:00,758.7999999999992
2017-01-12 18:00:00,759.6999999999991
2017-01-12 19:00:00,760.2999999999992
2017-01-12 20:00:00,761.9999999999991
2017-01-12 21:00:00,761.5999999999991
2017-01-13 14:00:00,763.3999999999992
2017-01-13 15:00:00,762.4999999999991
2017-01-13 17:00:00,763.4999999999991
2017-01-13 20:00:00,763.8999999999992
2017-01-17 14:00:00,758.9999999999991
2017-01-17 15:00:00,759.9999999999991
2017-01-17 16:00:00,759.8999999999992
2017-01-17 19:00:00,757.1999999999991
2017-01-17 20:00:00,758.5999999999991
2017-01-18 14:00:00,759.2999999999992
2017-01-18 15:00:00,759.8999999999992
2017-01-18 17:00:00,761.0999999999991
2017-01-18 18:00:00,760.6999999999991
2017-01-18 19:00:00,760.6999999999991
2017-01-18 20:00:00,761.2999999999992
2017-01-19 14:00:00,767.5999999999991
2017-01-19 15:00:00,766.5999999999991
2017-01-19 16:00:00,765.0999999999991
2017-01-19 17:00:00,765.1999999999991
2017-01-19 19:00:00,763.7999999999992
2017-01-19 20:00:00,765.5999999999991
2017-01-20 14:00:00,765.7999999999992
2017-01-20 15:00:00,764.8999999999992
2017-01-20 16:00:00,764.8999999999992
2017-01-20 17:00:00,762.5999999999991
2017-01-20 18:00:00,763.9999999999991
2017-01-20 19:00:00,763.6999999999991
2017-01-20 20:00:00,765.6999999999991
2017-01-20 21:00:00,765.4999999999991
2017-01-23 14:00:00,763.8999999999992
2017-01-23 15:00:00,761.5999999999991
2017-01-23 16:00:00,758.8999999999992
2017-01-23 17:00:00,759.2999999999992
2017-01-23 18:00:00,760.8999999999992
2017-01-23 20:00:00,762.2999999999992
2017-01-23 21:00:00,762.0999999999991
2017-01-24 14:00:00,763.1999999999991
2017-01-24 15:00:00,764.3999999999992
2017-01-24 16:00:00,765.8999999999992
2017-01-24 17:00:00,767.7999999999992
2017-01-24 18:00:00,769.0999999999991
2017-01-24 20:00:00,768.3999999999992
2017-01-25 12:00:00,770.8999999999992
2017-01-25 14:00:00,772.8999999999992
2017-01-25 15:00:00,773.7999999999992
2017-01-25 16:00:00,773.1999999999991
2017-01-25 17:00:00,773.8999999999992
2017-01-25 18:00:00,775.4999999999991
2017-01-25 19:00:00,775.1999999999991
2017-01-25 20:00:00,775.4999999999991
2017-01-25 21:00:00,775.3999999999992
2017-01-26 14:00:00,776.1999999999991
2017-01-26 15:00:00,778.9999999999991
2017-01-26 16:00:00,775.3999999999992
2017-01-26 17:00:00,774.8999999999992
2017-01-26 18:00:00,774.1999999999991
2017-01-26 19:00:00,776.3999999999992
2017-01-26 20:00:00,777.0999999999991
2017-01-26 21:00:00,777.0999999999991
2017-01-27 14:00:00,777.4999999999991
2017-01-27 15:00:00,776.1999999999991
2017-01-27 16:00:00,776.9999999999991
2017-01-27 17:00:00,776.0999999999991
2017-01-27 19:00:00,775.5999999999991
2017-01-27 20:00:00,775.1999999999991
2017-01-30 14:00:00,770.5999999999991
2017-01-30 15:00:00,766.1999999999991
2017-01-30 16:00:00,768.5999999999991
2017-01-30 17:00:00,768.5999999999991
2017-01-30 18:00:00,768.4999999999991
2017-01-30 19:00:00,770.3999999999992
2017-01-30 20:00:00,771.1999999999991
2017-01-30 21:00:00,770.7999999999992
2017-01-31 14:00:00,763.4999999999991
2017-01-31 15:00:00,763.4999999999991
2017-01-31 16:00:00,764.0999999999991
2017-01-31 17:00:00,763.1999999999991
2017-01-31 18:00:00,762.2999999999992
2017-01-31 19:00:00,763.6999999999991
2017-01-31 20:00:00,764.9999999999991
2017-02-01 14:00:00,765.9999999999991
2017-02-01 15:00:00,764.3999999999992
2017-02-01 17:00:00,762.7999999999992
2017-02-01 18:00:00,762.7999999999992
2017-02-01 19:00:00,761.9999999999991
2017-02-01 20:00:00,764.2999999999992
2017-02-01 21:00:00,764.0999999999991
2017-02-02 14:00:00,759.8999999999992
2017-02-02 15:00:00,762.1999999999991
2017-02-02 17:00:00,761.8999999999992
2017-02-02 20:00:00,762.3999999999992
2017-02-02 21:00:00,762.5999999999991
2017-02-03 14:00:00,764.4999999999991
2017-02-03 15:00:00,766.6999999999991
2017-02-03 16:00:00,766.6999999999991
2017-02-03 17:00:00,766.3999999999992
2017-02-03 19:00:00,767.4999999999991
2017-02-03 20:00:00,767.2999999999992
2017-02-06 14:00:00,768.7999999999992
2017-02-06 15:00:00,767.6999999999991
2017-02-06 16:00:00,767.4999999999991
2017-02-06 17:00:00,767.0999999999991
2017-02-06 18:00:00,766.6999999999991
2017-02-06 19:00:00,766.8999999999992
2017-02-06 20:00:00,767.7999999999992
2017-02-07 14:00:00,771.9999999999991
2017-02-07 15:00:00,771.4999999999991
2017-02-07 16:00:00,771.3999999999992
2017-02-07 17:00:00,770.3999999999992
2017-02-07 18:00:00,768.6999999999991
2017-02-07 20:00:00,768.9999999999991
2017-02-07 21:00:00,768.8999999999992
2017-02-08 14:00:00,766.7999999999992
2017-02-08 15:00:00,767.8999999999992
2017-02-08 16:00:00,767.1999999999991
2017-02-08 17:00:00,767.2999999999992
2017-02-08 18:00:00,767.9999999999991
2017-02-08 20:00:00,768.4999999999991
2017-02-09 14:00:00,770.4999999999991
2017-02-09 15:00:00,772.8999999999992
2017-02-09 16:00:00,774.1999999999991
2017-02-09 17:00:00,774.4999999999991
2017-02-09 18:00:00,774.0999999999991
2017-02-09 20:00:00,773.5999999999991
2017-02-10 14:00:00,775.9999999999991
2017-02-10 15:00:00,777.5999999999991
2017-02-10 16:00:00,777.6999999999991
2017-02-10 17:00:00,778.2999999999992
2017-02-10 18:00:00,778.5999999999991
2017-02-10 19:00:00,777.8999999999992
2017-02-10 20:00:00,778.3999999999992
2017-02-13 14:00:00,783.5999999999991
2017-02-13 15:00:00,784.8999999999992
2017-02-13 16:00:00,784.3999999999992
2017-02-13 17:00:00,784.6999999999991
2017-02-13 18:00:00,785.8999999999992
2017-02-13 19:00:00,785.6999999999991
2017-02-13 20:00:00,784.9999999999991
2017-02-14 14:00:00,782.1999999999991
2017-02-14 15:00:00,783.6999999999991
2017-02-14 16:00:00,783.3999999999992
2017-02-14 17:00:00,783.9999999999991
2017-02-14 18:00:00,784.4999999999991
2017-02-14 19:00:00,784.0999999999991
2017-02-14 20:00:00,785.2999999999992
2017-02-15 14:00:00,785.3999999999992
2017-02-15 15:00:00,786.7999999999992
2017-02-15 16:00:00,786.5999999999991
2017-02-15 17:00:00,787.1999999999991
2017-02-15 18:00:00,788.2999999999992
2017-02-15 19:00:00,788.5999999999991
2017-02-15 20:00:00,788.6999999999991
2017-02-16 14:00:00,788.2999999999992
2017-02-16 15:00:00,787.1999999999991
2017-02-16 16:00:00,785.0999999999991
2017-02-16 17:00:00,786.0999999999991
2017-02-16 18:00:00,785.7999999999992
2017-02-16 20:00:00,788.7999999999992
2017-02-17 14:00:00,787.1999999999991
2017-02-17 15:00:00,787.1999999999991
2017-02-17 16:00:00,786.3999999999992
2017-02-17 17:00:00,786.8999999999992
2017-02-17 19:00:00,788.2999999999992
2017-02-21 14:00:00,791.4999999999991
2017-02-21 15:00:00,793.0999999999991
2017-02-21 16:00:00,790.7999999999992
2017-02-21 17:00:00,791.9999999999991
2017-02-21 20:00:00,793.4999999999991
2017-02-21 21:00:00,792.6999999999991
2017-02-22 14:00:00,790.5999999999991
2017-02-22 15:00:00,791.1999999999991
2017-02-22 16:00:00,790.0999999999991
2017-02-22 17:00:00,790.0999999999991
2017-02-22 18:00:00,791.1999999999991
2017-02-22 19:00:00,790.5999999999991
2017-02-22 20:00:00,791.6999999999991
2017-02-23 14:00:00,791.6999999999991
2017-02-23 15:00:00,786.8999999999992
2017-02-23 16:00:00,785.2999999999992
2017-02-23 17:00:00,787.2999999999992
2017-02-23 18:00:00,785.7999999999992
2017-02-23 19:00:00,786.5999999999991
2017-02-23 20:00:00,786.8999999999992
2017-02-23 21:00:00,786.5999999999991
2017-02-24 14:00:00,784.1999999999991
2017-02-24 15:00:00,786.6999999999991
2017-02-24 16:00:00,786.0999999999991
2017-02-24 17:00:00,786.7999999999992
2017-02-24 19:00:00,787.5999999999991
2017-02-24 20:00:00,789.6999999999991
2017-02-24 21:00:00,789.4999999999991
2017-02-27 14:00:00,788.6999999999991
2017-02-27 15:00:00,792.1999999999991
2017-02-27 16:00:00,790.7999999999992
2017-02-27 17:00:00,791.2999999999992
2017-02-27 18:00:00,791.5999999999991
2017-02-27 20:00:00,792.2999999999992
2017-02-27 21:00:00,792.0999999999991
2017-02-28 14:00:00,791.6999999999991
2017-02-28 15:00:00,792.7999999999992
2017-02-28 20:00:00,789.3999999999992
2017-03-01 14:00:00,799.1999999999991
2017-03-01 15:00:00,798.5999999999991
2017-03-01 16:00:00,800.0999999999991
2017-03-01 17:00:00,800.7999999999992
2017-03-01 18:00:00,801.1999999999991
2017-03-01 19:00:00,802.3999999999992
2017-03-01 20:00:00,800.4999999999991
2017-03-02 14:00:00,797.6999999999991
2017-03-02 15:00:00,797.1999999999991
2017-03-02 16:00:00,796.2999999999992
2017-03-02 17:00:00,794.3999999999992
2017-03-02 18:00:00,794.8999999999992
2017-03-02 19:00:00,795.6999999999991
2017-03-02 20:00:00,793.7999999999992
2017-03-03 14:00:00,794.4999999999991
2017-03-03 15:00:00,792.6999999999991
2017-03-03 16:00:00,792.7999999999992
2017-03-03 17:00:00,793.0999999999991
2017-03-03 20:00:00,793.6999999999991
2017-03-03 21:00:00,793.4999999999991
2017-03-06 14:00:00,790.5999999999991
2017-03-06 19:00:00,791.5999999999991
2017-03-06 20:00:00,792.1999999999991
2017-03-07 14:00:00,790.2999999999992
2017-03-07 15:00:00,792.6999999999991
2017-03-07 16:00:00,791.6999999999991
2017-03-07 18:00:00,790.9999999999991
2017-03-07 19:00:00,790.0999999999991
2017-03-07 20:00:00,790.1999999999991
2017-03-07 21:00:00,790.4999999999991
2017-03-08 14:00:00,791.1999999999991
2017-03-08 16:00:00,789.9999999999991
2017-03-08 17:00:00,790.6999999999991
2017-03-08 18:00:00,790.5999999999991
2017-03-08 19:00:00,790.9999999999991
2017-03-08 20:00:00,788.0999999999991
2017-03-09 14:00:00,787.4999999999991
2017-03-09 15:00:00,788.0999999999991
2017-03-09 16:00:00,788.0999999999991
2017-03-09 19:00:00,782.7999999999992
2017-03-09 20:00:00,784.8999999999992
2017-03-09 21:00:00,784.5999999999991
2017-03-10 14:00:00,787.7999999999992
2017-03-10 16:00:00,785.5999999999992
2017-03-13 13:00:00,789.4999999999992
2017-03-14 13:00:00,785.0999999999992
2017-03-14 14:00:00,782.6999999999992
2017-03-14 15:00:00,785.1999999999992
2017-03-14 16:00:00,783.4999999999992
2017-03-14 19:00:00,783.6999999999992
2017-03-15 13:00:00,786.0999999999992
2017-03-15 15:00:00,786.5999999999992
2017-03-15 18:00:00,790.9999999999992
2017-03-15 19:00:00,790.9999999999992
2017-03-15 20:00:00,789.9999999999992
2017-03-16 13:00:00,790.2999999999992
2017-03-16 14:00:00,788.8999999999992
2017-03-16 15:00:00,787.7999999999992
2017-03-16 16:00:00,789.1999999999992
2017-03-16 17:00:00,788.6999999999992
2017-03-16 18:00:00,788.7999999999992
2017-03-16 19:00:00,788.0999999999992
2017-03-16 20:00:00,787.9999999999992
2017-03-17 13:00:00,788.6999999999992
2017-03-17 16:00:00,790.4999999999992
2017-03-17 18:00:00,791.3999999999992
2017-03-17 19:00:00,790.6999999999992
2017-03-17 20:00:00,790.7999999999992
2017-03-20 13:00:00,789.8999999999992
2017-03-20 14:00:00,792.0999999999992
2017-03-20 15:00:00,792.0999999999992
2017-03-20 16:00:00,791.9999999999992
2017-03-20 17:00:00,789.7999999999992
2017-03-20 18:00:00,789.1999999999992
2017-03-20 19:00:00,789.7999999999992
2017-03-21 13:00:00,791.2999999999992
2017-03-21 14:00:00,783.1999999999992
2017-03-21 15:00:00,782.7999999999992
2017-03-21 16:00:00,781.5999999999992
2017-03-21 17:00:00,779.7999999999992
2017-03-21 18:00:00,781.0999999999992
2017-03-21 19:00:00,779.3999999999992
2017-03-22 13:00:00,778.3999999999992
2017-03-22 14:00:00,778.7999999999992
2017-03-22 15:00:00,780.7999999999992
2017-03-22 16:00:00,780.2999999999992
2017-03-22 17:00:00,780.7999999999992
2017-03-22 19:00:00,782.0999999999992
2017-03-22 20:00:00,782.1999999999992
2017-03-23 13:00:00,781.6999999999992
2017-03-23 14:00:00,783.6999999999992
2017-03-23 15:00:00,783.9999999999992
2017-03-23 17:00:00,782.2999999999992
2017-03-23 19:00:00,780.7999999999992
2017-03-23 20:00:00,780.3999999999992
2017-03-24 13:00:00,782.5999999999992
2017-03-24 14:00:00,782.4999999999992
2017-03-24 15:00:00,781.8999999999992
2017-03-24 16:00:00,780.9999999999992
2017-03-24 17:00:00,780.5999999999992
2017-03-24 18:00:00,778.0999999999992
2017-03-24 19:00:00,778.7999999999992
2017-03-27 13:00:00,772.2999999999992
2017-03-27 14:00:00,772.1999999999992
2017-03-27 15:00:00,774.1999999999992
2017-03-27 19:00:00,776.7999999999992
2017-03-28 13:00:00,776.6999999999992
2017-03-28 14:00:00,778.3999999999992
2017-03-28 15:00:00,782.4999999999992
2017-03-28 16:00:00,782.1999999999992
2017-03-28 17:00:00,784.0999999999992
2017-03-28 18:00:00,785.7999999999992
2017-03-28 19:00:00,784.1999999999992
2017-03-29 13:00:00,782.3999999999992
2017-03-29 14:00:00,783.5999999999992
2017-03-29 15:00:00,782.7999999999992
2017-03-29 16:00:00,782.4999999999992
2017-03-29 17:00:00,782.5999999999992
2017-03-29 18:00:00,783.5999999999992
2017-03-29 19:00:00,783.5999999999992
2017-03-30 13:00:00,784.6999999999992
2017-03-30 14:00:00,787.7999999999992
2017-03-30 15:00:00,785.8999999999992
2017-03-30 16:00:00,784.8999999999992
2017-03-30 17:00:00,786.5999999999992
2017-03-30 18:00:00,786.1999999999992
2017-03-30 19:00:00,787.1999999999992
2017-03-30 20:00:00,786.5999999999992
2017-03-31 13:00:00,785.5999999999992
2017-03-31 14:00:00,786.4999999999992
2017-03-31 15:00:00,786.4999999999992
2017-03-31 16:00:00,786.4999999999992
2017-03-31 18:00:00,785.2999999999992
2017-03-31 20:00:00,784.5999999999992
2017-04-03 13:00:00,786.3999999999992
2017-04-03 16:00:00,781.4999999999992
2017-04-03 17:00:00,780.5999999999992
2017-04-03 19:00:00,783.2999999999992
2017-04-03 20:00:00,783.3999999999992
2017-04-04 13:00:00,783.3999999999992
2017-04-04 14:00:00,783.2999999999992
2017-04-04 15:00:00,783.9999999999992
2017-04-04 16:00:00,782.8999999999992
2017-04-04 17:00:00,782.8999999999992
2017-04-04 19:00:00,784.1999999999992
2017-04-05 13:00:00,791.2999999999992
2017-04-05 14:00:00,791.0999999999992
2017-04-05 15:00:00,788.4999999999992
2017-04-05 16:00:00,789.5999999999992
2017-04-05 17:00:00,790.0999999999992
2017-04-05 18:00:00,788.4999999999992
2017-04-05 19:00:00,782.2999999999992
2017-04-06 13:00:00,782.3999999999992
2017-04-06 14:00:00,783.1999999999992
2017-04-06 16:00:00,784.7999999999992
2017-04-06 19:00:00,784.7999999999992
2017-04-07 13:00:00,785.3999999999992
2017-04-07 14:00:00,785.6999999999992
2017-04-07 15:00:00,784.6999999999992
2017-04-07 16:00:00,786.3999999999992
2017-04-07 17:00:00,786.8999999999992
2017-04-07 18:00:00,787.1999999999992
2017-04-07 19:00:00,785.5999999999992
2017-04-10 13:00:00,788.1999999999992
2017-04-10 14:00:00,789.9999999999992
2017-04-10 15:00:00,786.9999999999992
2017-04-10 16:00:00,785.7999999999992
2017-04-10 17:00:00,789.0999999999992
2017-04-10 19:00:00,787.8999999999992
2017-04-11 13:00:00,785.1999999999992
2017-04-11 14:00:00,782.0999999999992
2017-04-11 16:00:00,783.9999999999992
2017-04-11 17:00:00,785.4999999999992
2017-04-11 19:00:00,787.1999999999992
2017-04-12 13:00:00,786.5999999999992
2017-04-12 14:00:00,781.8999999999992
2017-04-12 16:00:00,780.3999999999992
2017-04-12 17:00:00,781.6999999999992
2017-04-12 18:00:00,778.8999999999992
2017-04-13 13:00:00,779.2999999999992
2017-04-13 15:00:00,779.4999999999992
2017-04-13 16:00:00,778.2999999999992
2017-04-13 19:00:00,774.1999999999992
2017-04-13 20:00:00,773.2999999999992
2017-04-17 13:00:00,774.9999999999992
2017-04-17 14:00:00,778.8999999999992
2017-04-17 17:00:00,778.2999999999992
2017-04-18 13:00:00,778.6999999999992
2017-04-18 14:00:00,779.9999999999992
2017-04-18 16:00:00,776.9999999999992
2017-04-18 19:00:00,778.7999999999992
2017-04-19 13:00:00,781.0999999999992
2017-04-19 14:00:00,781.7999999999992
2017-04-19 17:00:00,780.3999999999992
2017-04-19 19:00:00,779.2999999999992
2017-04-20 13:00:00,783.3999999999992
2017-04-20 15:00:00,786.1999999999992
2017-04-20 16:00:00,787.8999999999992
2017-04-20 19:00:00,786.6999999999992
2017-04-21 16:00:00,787.1999999999992
2017-04-21 17:00:00,787.5999999999992
2017-04-21 18:00:00,788.1999999999992
2017-04-24 13:00:00,796.2999999999992
2017-04-24 14:00:00,796.3999999999992
2017-04-24 15:00:00,794.8999999999992
2017-04-24 17:00:00,795.5999999999992
2017-04-24 19:00:00,796.6999999999992
2017-04-25 13:00:00,799.0999999999992
2017-04-25 14:00:00,800.8999999999992
2017-04-25 15:00:00,798.7999999999992
2017-04-25 16:00:00,799.6999999999992
2017-04-25 19:00:00,800.4999999999992
2017-04-26 13:00:00,801.0999999999992
2017-04-26 15:00:00,801.5999999999992
2017-04-26 16:00:00,802.4999999999992
2017-04-26 17:00:00,801.2999999999992
2017-04-26 18:00:00,801.8999999999992
2017-04-26 19:00:00,799.8999999999992
2017-04-27 13:00:00,799.3999999999992
2017-04-27 14:00:00,798.1999999999992
2017-04-27 16:00:00,800.3999999999992
2017-04-27 17:00:00,799.5999999999992
2017-04-27 18:00:00,799.4999999999992
2017-04-27 19:00:00,799.8999999999992
2017-04-28 13:00:00,800.5999999999992
2017-04-28 14:00:00,798.2999999999992
2017-04-28 15:00:00,798.0999999999992
2017-04-28 17:00:00,796.6999999999992
2017-04-28 18:00:00,796.3999999999992
2017-04-28 19:00:00,796.5999999999992
2017-05-01 13:00:00,796.7999999999992
2017-05-01 14:00:00,793.9999999999992
2017-05-01 16:00:00,794.6999999999992
2017-05-01 17:00:00,796.1999999999992
2017-05-01 18:00:00,795.7999999999992
2017-05-01 20:00:00,794.1999999999992
2017-05-02 13:00:00,795.7999999999992
2017-05-02 14:00:00,796.9999999999992
2017-05-02 16:00:00,797.2999999999992
2017-05-02 17:00:00,796.7999999999992
2017-05-02 19:00:00,797.3999999999992
2017-05-03 13:00:00,796.8999999999992
2017-05-03 14:00:00,795.4999999999992
2017-05-03 15:00:00,796.8999999999992
2017-05-03 16:00:00,797.0999999999992
2017-05-03 17:00:00,797.3999999999992
2017-05-03 19:00:00,798.6999999999992
2017-05-04 13:00:00,798.7999999999992
2017-05-04 14:00:00,798.1999999999992
2017-05-04 15:00:00,798.4999999999992
2017-05-04 16:00:00,796.4999999999992
2017-05-04 18:00:00,798.0999999999992
2017-05-04 19:00:00,799.2999999999992
2017-05-05 13:00:00,800.1999999999992
2017-05-05 14:00:00,800.0999999999992
2017-05-05 15:00:00,800.2999999999992
2017-05-05 18:00:00,801.8999999999992
2017-05-05 19:00:00,801.9999999999992
2017-05-08 13:00:00,802.2999999999992
2017-05-08 14:00:00,801.3999999999992
2017-05-08 15:00:00,801.0999999999992
2017-05-08 16:00:00,801.1999999999992
2017-05-08 17:00:00,800.6999999999992
2017-05-08 18:00:00,800.5999999999992
2017-05-08 19:00:00,800.8999999999992
2017-05-09 13:00:00,801.9999999999992
2017-05-09 14:00:00,802.2999999999992
2017-05-09 16:00:00,801.8999999999992
2017-05-09 17:00:00,802.1999999999992
2017-05-09 19:00:00,802.5999999999992
2017-05-10 13:00:00,800.2999999999992
2017-05-10 14:00:00,800.6999999999992
2017-05-10 15:00:00,801.4999999999992
2017-05-10 16:00:00,800.8999999999992
2017-05-11 13:00:00,794.4999999999992
2017-05-11 14:00:00,797.0999999999992
2017-05-11 15:00:00,797.7999999999992
2017-05-11 16:00:00,798.8999999999992
2017-05-11 17:00:00,799.7999999999992
2017-05-11 18:00:00,799.5999999999992
2017-05-11 19:00:00,799.8999999999992
2017-05-12 13:00:00,797.1999999999992
2017-05-12 20:00:00,795.6999999999992
2017-05-15 13:00:00,797.4999999999992
2017-05-15 16:00:00,798.9999999999992
2017-05-15 17:00:00,799.2999999999992
2017-05-15 19:00:00,799.2999999999992
2017-05-16 13:00:00,798.2999999999992
2017-05-16 14:00:00,797.4999999999992
2017-05-16 15:00:00,798.0999999999992
2017-05-16 16:00:00,798.7999999999992
2017-05-16 17:00:00,798.0999999999992
2017-05-16 19:00:00,798.4999999999992
2017-05-17 13:00:00,791.8999999999992
2017-05-17 14:00:00,790.1999999999992
2017-05-17 15:00:00,789.5999999999992
2017-05-17 16:00:00,789.9999999999992
2017-05-17 17:00:00,789.7999999999992
2017-05-17 18:00:00,787.6999999999992
2017-05-18 13:00:00,780.2999999999992
2017-05-18 14:00:00,785.1999999999992
2017-05-18 15:00:00,786.6999999999992
2017-05-18 16:00:00,785.2999999999992
2017-05-18 17:00:00,785.4999999999992
2017-05-18 19:00:00,786.8999999999992
2017-05-19 13:00:00,790.8999999999992
2017-05-19 18:00:00,796.4999999999992
2017-05-19 19:00:00,794.5999999999992
2017-05-19 20:00:00,794.7999999999992
2017-05-22 13:00:00,800.1999999999992
2017-05-22 14:00:00,799.4999999999992
2017-05-22 15:00:00,799.5999999999992
2017-05-22 16:00:00,799.2999999999992
2017-05-22 17:00:00,799.0999999999992
2017-05-22 19:00:00,799.7999999999992
2017-05-23 14:00:00,799.9999999999992
2017-05-23 15:00:00,801.0999999999992
2017-05-23 16:00:00,801.2999999999992
2017-05-23 19:00:00,800.9999999999992
2017-05-24 13:00:00,803.4999999999992
2017-05-24 14:00:00,802.8999999999992
2017-05-24 15:00:00,801.3999999999992
2017-05-24 16:00:00,800.1999999999992
2017-05-24 17:00:00,800.1999999999992
2017-05-24 18:00:00,800.8999999999992
2017-05-24 19:00:00,801.6999999999992
2017-05-25 13:00:00,802.9999999999992
2017-05-25 15:00:00,805.6999999999992
2017-05-25 16:00:00,804.9999999999992
2017-05-25 17:00:00,804.6999999999992
2017-05-25 18:00:00,805.4999999999992
2017-05-25 19:00:00,806.2999999999992
2017-05-26 13:00:00,805.5999999999992
2017-05-26 15:00:00,807.0999999999992
2017-05-26 17:00:00,807.5999999999992
2017-05-30 13:00:00,805.7999999999992
2017-05-30 18:00:00,806.5999999999992
2017-05-30 19:00:00,807.2999999999992
2017-05-31 13:00:00,803.5999999999992
2017-05-31 14:00:00,805.4999999999992
2017-05-31 15:00:00,805.5999999999992
2017-05-31 16:00:00,805.6999999999992
2017-05-31 17:00:00,806.1999999999992
2017-05-31 18:00:00,806.5999999999992
2017-05-31 19:00:00,807.8999999999992
2017-05-31 20:00:00,807.9999999999992
2017-06-01 13:00:00,809.8999999999992
2017-06-01 14:00:00,809.4999999999992
2017-06-01 15:00:00,811.5999999999992
2017-06-01 16:00:00,812.3999999999992
2017-06-01 17:00:00,813.7999999999992
2017-06-01 18:00:00,813.0999999999992
2017-06-01 19:00:00,812.4999999999992
2017-06-01 20:00:00,811.8999999999992
2017-06-02 13:00:00,814.7999999999992
2017-06-02 14:00:00,817.1999999999992
2017-06-02 16:00:00,817.8999999999992
2017-06-02 18:00:00,817.6999999999992
2017-06-02 19:00:00,817.9999999999992
2017-06-05 13:00:00,814.3999999999992
2017-06-05 14:00:00,815.2999999999992
2017-06-05 19:00:00,812.4999999999992
2017-06-06 13:00:00,810.8999999999992
2017-06-06 14:00:00,810.4999999999992
2017-06-06 15:00:00,810.8999999999992
2017-06-06 16:00:00,810.4999999999992
2017-06-06 17:00:00,808.8999999999992
2017-06-06 18:00:00,809.6999999999992
2017-06-06 19:00:00,808.1999999999992
2017-06-07 13:00:00,807.2999999999992
2017-06-07 14:00:00,806.6999999999992
2017-06-07 16:00:00,804.6999999999992
2017-06-07 19:00:00,807.4999999999992
2017-06-08 13:00:00,806.1999999999992
2017-06-08 14:00:00,806.9999999999992
2017-06-08 19:00:00,809.5999999999992
2017-06-09 13:00:00,811.4999999999992
2017-06-09 14:00:00,811.5999999999992
2017-06-09 15:00:00,811.9999999999992
2017-06-09 16:00:00,811.9999999999992
2017-06-09 17:00:00,811.4999999999992
2017-06-09 18:00:00,810.2999999999992
2017-06-09 19:00:00,810.2999999999992
2017-06-12 13:00:00,811.1999999999992
2017-06-12 14:00:00,809.2999999999993
2017-06-12 15:00:00,809.8999999999993
2017-06-13 13:00:00,812.7999999999993
2017-06-13 14:00:00,813.2999999999993
2017-06-13 15:00:00,813.5999999999993
2017-06-13 18:00:00,814.6999999999992
2017-06-14 13:00:00,814.7999999999993
2017-06-14 14:00:00,814.6999999999992
2017-06-14 15:00:00,814.4999999999993
2017-06-14 16:00:00,814.5999999999993
2017-06-14 17:00:00,813.7999999999993
2017-06-14 18:00:00,812.2999999999993
2017-06-14 19:00:00,814.0999999999993
2017-06-15 13:00:00,811.9999999999993
2017-06-15 17:00:00,815.5999999999993
2017-06-15 18:00:00,816.2999999999993
2017-06-15 19:00:00,817.2999999999993
2017-06-16 13:00:00,819.9999999999993
2017-06-16 18:00:00,819.0999999999993
2017-06-16 19:00:00,819.2999999999993
2017-06-19 13:00:00,823.2999999999993
2017-06-19 14:00:00,824.5999999999993
2017-06-19 18:00:00,822.9999999999993
2017-06-19 19:00:00,824.1999999999992
2017-06-20 13:00:00,821.7999999999993
2017-06-20 14:00:00,820.5999999999993
2017-06-20 19:00:00,816.8999999999993
2017-06-21 13:00:00,814.7999999999993
2017-06-21 14:00:00,815.5999999999993
2017-06-21 15:00:00,815.3999999999993
2017-06-21 16:00:00,813.3999999999993
2017-06-21 17:00:00,812.9999999999993
2017-06-21 18:00:00,813.0999999999993
2017-06-21 19:00:00,812.1999999999992
2017-06-22 13:00:00,811.8999999999993
2017-06-22 14:00:00,812.2999999999993
2017-06-22 15:00:00,813.1999999999992
2017-06-22 19:00:00,811.4999999999993
2017-06-23 13:00:00,811.9999999999993
2017-06-23 14:00:00,813.4999999999993
2017-06-23 15:00:00,813.7999999999993
2017-06-23 16:00:00,814.6999999999992
2017-06-23 19:00:00,813.5999999999993
2017-06-26 13:00:00,818.2999999999993
2017-06-26 19:00:00,813.8999999999993
2017-06-27 13:00:00,812.0999999999993
2017-06-27 14:00:00,813.0999999999993
2017-06-27 15:00:00,812.2999999999993
2017-06-27 16:00:00,811.7999999999993
2017-06-27 17:00:00,809.9999999999993
2017-06-27 18:00:00,810.6999999999992
2017-06-27 19:00:00,808.9999999999993
2017-06-28 13:00:00,812.3999999999993
2017-06-28 14:00:00,813.5999999999993
2017-06-28 15:00:00,816.1999999999992
2017-06-28 16:00:00,815.4999999999993
2017-06-28 17:00:00,815.3999999999993
2017-06-28 18:00:00,815.5999999999993
2017-06-28 19:00:00,815.1999999999992
2017-06-29 13:00:00,814.6999999999992
2017-06-29 14:00:00,813.4999999999993
2017-06-29 16:00:00,809.1999999999992
2017-06-29 18:00:00,808.7999999999993
2017-06-29 19:00:00,809.3999999999993
2017-06-30 13:00:00,814.1999999999992
2017-06-30 14:00:00,813.3999999999993
2017-06-30 15:00:00,813.6999999999992
2017-06-30 17:00:00,814.8999999999993
2017-06-30 18:00:00,816.2999999999993
2017-07-03 13:00:00,817.8999999999993
2017-07-03 14:00:00,818.6999999999992
2017-07-03 15:00:00,820.9999999999993
2017-07-03 16:00:00,819.1999999999992
2017-07-03 17:00:00,819.8999999999993
2017-07-05 13:00:00,819.2999999999993
2017-07-05 14:00:00,818.8999999999993
2017-07-05 15:00:00,819.5999999999993
2017-07-05 19:00:00,821.2999999999993
2017-07-06 13:00:00,818.3999999999993
2017-07-06 14:00:00,818.1999999999992
2017-07-06 18:00:00,816.5999999999993
2017-07-06 19:00:00,814.8999999999993
2017-07-07 16:00:00,819.2999999999993
2017-07-07 19:00:00,820.3999999999993
2017-07-10 13:00:00,820.5999999999993
2017-07-10 14:00:00,819.8999999999993
2017-07-10 15:00:00,821.2999999999993
2017-07-10 16:00:00,821.1999999999992
2017-07-10 17:00:00,823.3999999999993
2017-07-10 18:00:00,822.6999999999992
2017-07-10 19:00:00,821.4999999999993
2017-07-11 13:00:00,820.0999999999993
2017-07-11 14:00:00,821.7999999999993
2017-07-11 15:00:00,818.9999999999993
2017-07-11 16:00:00,819.6999999999992
2017-07-11 17:00:00,821.1999999999992
2017-07-11 19:00:00,821.0999999999993
2017-07-12 12:00:00,823.1999999999992
2017-07-12 13:00:00,826.5999999999993
2017-07-12 14:00:00,826.5999999999993
2017-07-12 15:00:00,824.9999999999993
2017-07-12 16:00:00,825.1999999999992
2017-07-12 17:00:00,825.8999999999993
2017-07-12 18:00:00,825.9999999999993
2017-07-12 19:00:00,824.8999999999993
2017-07-13 13:00:00,825.7999999999993
2017-07-13 14:00:00,824.3999999999993
2017-07-13 15:00:00,825.0999999999993
2017-07-13 16:00:00,824.7999999999993
2017-07-13 17:00:00,824.7999999999993
2017-07-13 18:00:00,824.4999999999993
2017-07-13 19:00:00,824.5999999999993
2017-07-14 13:00:00,825.3999999999993
2017-07-14 14:00:00,826.3999999999993
2017-07-14 15:00:00,826.0999999999993
2017-07-14 16:00:00,826.8999999999993
2017-07-14 17:00:00,827.4999999999993
2017-07-14 18:00:00,827.4999999999993
2017-07-14 19:00:00,827.4999999999993
2017-07-14 20:00:00,828.1999999999992
2017-07-17 13:00:00,826.0999999999993
2017-07-17 14:00:00,826.9999999999993
2017-07-17 15:00:00,826.3999999999993
2017-07-17 17:00:00,827.8999999999993
2017-07-17 18:00:00,827.3999999999993
2017-07-17 19:00:00,827.0999999999993
2017-07-18 13:00:00,825.1999999999992
2017-07-18 14:00:00,823.6999999999992
2017-07-18 15:00:00,825.6999999999992
2017-07-18 16:00:00,825.0999999999993
2017-07-18 18:00:00,824.7999999999993
2017-07-18 19:00:00,824.9999999999993
2017-07-18 20:00:00,823.9999999999993
2017-07-19 13:00:00,823.6999999999992
2017-07-19 14:00:00,824.2999999999993
2017-07-19 15:00:00,823.4999999999993
2017-07-19 16:00:00,823.7999999999993
2017-07-19 17:00:00,824.8999999999993
2017-07-19 18:00:00,825.6999999999992
2017-07-19 19:00:00,825.4999999999993
2017-07-20 13:00:00,823.6999999999992
2017-07-20 14:00:00,821.8999999999993
2017-07-20 15:00:00,821.5999999999993
2017-07-20 16:00:00,822.5999999999993
2017-07-20 17:00:00,822.4999999999993
2017-07-20 18:00:00,822.3999999999993
2017-07-20 19:00:00,821.9999999999993
2017-07-21 13:00:00,817.7999999999993
2017-07-21 14:00:00,818.0999999999993
2017-07-21 15:00:00,819.1999999999992
2017-07-21 16:00:00,820.1999999999992
2017-07-21 17:00:00,820.3999999999993
2017-07-21 19:00:00,820.9999999999993
2017-07-24 13:00:00,819.6999999999992
2017-07-24 14:00:00,819.0999999999993
2017-07-24 15:00:00,818.9999999999993
2017-07-24 16:00:00,819.4999999999993
2017-07-24 17:00:00,819.4999999999993
2017-07-24 19:00:00,818.7999999999993
2017-07-25 13:00:00,817.9999999999993
2017-07-25 14:00:00,818.6999999999992
2017-07-25 15:00:00,819.7999999999993
2017-07-25 16:00:00,819.8999999999993
2017-07-25 17:00:00,820.0999999999993
2017-07-25 19:00:00,818.3999999999993
2017-07-26 13:00:00,818.2999999999993
2017-07-26 14:00:00,818.4999999999993
2017-07-26 15:00:00,818.8999999999993
2017-07-26 16:00:00,819.2999999999993
2017-07-26 17:00:00,818.6999999999992
2017-07-26 18:00:00,819.4999999999993
2017-07-26 19:00:00,818.8999999999993
2017-07-27 13:00:00,816.4999999999993
2017-07-27 14:00:00,814.9999999999993
2017-07-27 15:00:00,813.8999999999993
2017-07-27 16:00:00,814.0999999999993
2017-07-27 17:00:00,812.5999999999993
2017-07-27 18:00:00,811.9999999999993
2017-07-27 19:00:00,814.4999999999993
2017-07-28 13:00:00,814.1999999999992
2017-07-28 14:00:00,814.3999999999993
2017-07-28 15:00:00,814.1999999999992
2017-07-28 16:00:00,813.2999999999993
2017-07-28 17:00:00,813.0999999999993
2017-07-28 18:00:00,815.1999999999992
2017-07-28 19:00:00,816.9999999999993
2017-07-31 13:00:00,818.2999999999993
2017-07-31 14:00:00,818.0999999999993
2017-07-31 15:00:00,817.6999999999992
2017-07-31 16:00:00,817.0999999999993
2017-07-31 17:00:00,817.4999999999993
2017-07-31 18:00:00,816.3999999999993
2017-07-31 19:00:00,816.0999999999993
2017-08-01 13:00:00,814.6999999999992
2017-08-01 14:00:00,813.5999999999993
2017-08-01 15:00:00,812.9999999999993
2017-08-01 16:00:00,812.2999999999993
2017-08-01 17:00:00,812.3999999999993
2017-08-01 19:00:00,813.8999999999993
2017-08-02 13:00:00,815.6999999999992
2017-08-02 14:00:00,813.7999999999993
2017-08-02 15:00:00,814.6999999999992
2017-08-02 16:00:00,814.1999999999992
2017-08-02 17:00:00,815.8999999999993
2017-08-02 18:00:00,816.2999999999993
2017-08-02 19:00:00,816.2999999999993
2017-08-03 13:00:00,815.7999999999993
2017-08-03 14:00:00,816.7999999999993
2017-08-03 15:00:00,816.4999999999993
2017-08-03 16:00:00,816.7999999999993
2017-08-03 17:00:00,817.0999999999993
2017-08-03 18:00:00,818.3999999999993
2017-08-03 19:00:00,819.5999999999993
2017-08-04 13:00:00,819.1999999999992
2017-08-04 14:00:00,819.8999999999993
2017-08-04 15:00:00,819.5999999999993
2017-08-04 16:00:00,820.0999999999993
2017-08-04 17:00:00,820.5999999999993
2017-08-04 18:00:00,821.4999999999993
2017-08-04 19:00:00,821.0999999999993
2017-08-04 20:00:00,821.0999999999993
2017-08-07 13:00:00,821.1999999999992
2017-08-07 14:00:00,819.8999999999993
2017-08-07 15:00:00,820.4999999999993
2017-08-07 17:00:00,820.3999999999993
2017-08-07 18:00:00,820.1999999999992
2017-08-07 19:00:00,820.7999999999993
2017-08-08 13:00:00,820.6999999999992
2017-08-08 14:00:00,822.8999999999993
2017-08-08 15:00:00,822.9999999999993
2017-08-08 16:00:00,821.7999999999993
2017-08-08 17:00:00,821.1999999999992
2017-08-08 18:00:00,820.1999999999992
2017-08-08 19:00:00,818.9999999999993
2017-08-08 20:00:00,819.5999999999993
2017-08-09 13:00:00,819.6999999999992
2017-08-09 14:00:00,819.1999999999992
2017-08-09 15:00:00,819.7999999999993
2017-08-09 16:00:00,819.0999999999993
2017-08-09 17:00:00,818.9999999999993
2017-08-09 18:00:00,818.2999999999993
2017-08-09 19:00:00,818.8999999999993
2017-08-09 20:00:00,819.4999999999993
2017-08-10 13:00:00,816.6999999999992
2017-08-10 14:00:00,815.6999999999992
2017-08-10 15:00:00,813.4999999999993
2017-08-10 16:00:00,812.0999999999993
2017-08-10 17:00:00,812.2999999999993
2017-08-10 18:00:00,813.3999999999993
2017-08-10 19:00:00,810.4999999999993
2017-08-10 20:00:00,810.8999999999993
2017-08-11 13:00:00,811.3999999999993
2017-08-11 14:00:00,813.5999999999993
2017-08-11 15:00:00,812.7999999999993
2017-08-11 16:00:00,812.7999999999993
2017-08-11 17:00:00,812.7999999999993
2017-08-11 18:00:00,811.1999999999992
2017-08-11 19:00:00,810.8999999999993
2017-08-11 20:00:00,811.1999999999992
2017-08-14 13:00:00,816.2999999999993
2017-08-14 14:00:00,817.3999999999993
2017-08-14 15:00:00,817.6999999999992
2017-08-14 16:00:00,817.6999999999992
2017-08-14 17:00:00,817.9999999999993
2017-08-14 18:00:00,817.5999999999993
2017-08-14 19:00:00,817.5999999999993
2017-08-15 13:00:00,817.7999999999993
2017-08-15 14:00:00,816.6999999999992
2017-08-15 15:00:00,816.2999999999993
2017-08-15 16:00:00,815.8999999999993
2017-08-15 17:00:00,815.8999999999993
2017-08-15 18:00:00,816.3999999999993
2017-08-15 19:00:00,816.3999999999993
2017-08-16 13:00:00,818.4999999999993
2017-08-16 14:00:00,819.1999999999992
2017-08-16 15:00:00,819.3999999999993
2017-08-16 16:00:00,818.6999999999992
2017-08-16 17:00:00,818.0999999999993
2017-08-16 18:00:00,818.3999999999993
2017-08-16 19:00:00,817.4999999999993
2017-08-17 13:00:00,815.0999999999993
2017-08-17 14:00:00,813.9999999999993
2017-08-17 15:00:00,812.6999999999992
2017-08-17 16:00:00,811.5999999999993
2017-08-17 17:00:00,809.4999999999993
2017-08-17 18:00:00,809.1999999999992
2017-08-17 19:00:00,805.7999999999993
2017-08-18 13:00:00,802.4999999999993
2017-08-18 14:00:00,804.7999999999993
2017-08-18 15:00:00,807.3999999999993
2017-08-18 16:00:00,806.9999999999993
2017-08-18 17:00:00,805.2999999999993
2017-08-18 18:00:00,805.1999999999992
2017-08-18 19:00:00,803.3999999999993
2017-08-18 20:00:00,803.3999999999993
2017-08-21 13:00:00,802.0999999999993
2017-08-21 14:00:00,803.5999999999993
2017-08-21 15:00:00,803.8999999999993
2017-08-21 16:00:00,803.9999999999993
2017-08-21 17:00:00,803.3999999999993
2017-08-21 18:00:00,803.3999999999993
2017-08-21 19:00:00,803.9999999999993
2017-08-22 13:00:00,807.7999999999993
2017-08-22 14:00:00,808.5999999999993
2017-08-22 15:00:00,810.0999999999993
2017-08-22 16:00:00,809.6999999999992
2017-08-22 17:00:00,810.5999999999993
2017-08-22 18:00:00,811.5999999999993
2017-08-22 19:00:00,812.0999999999993
2017-08-22 20:00:00,811.6999999999992
2017-08-23 13:00:00,808.1999999999992
2017-08-23 14:00:00,807.9999999999993
2017-08-23 15:00:00,807.5999999999993
2017-08-23 17:00:00,806.3999999999993
2017-08-23 18:00:00,806.9999999999993
2017-08-23 19:00:00,806.3999999999993
2017-08-23 20:00:00,805.8999999999993
2017-08-24 13:00:00,805.0999999999993
2017-08-24 14:00:00,806.1999999999992
2017-08-24 15:00:00,804.6999999999992
2017-08-24 16:00:00,804.6999999999992
2017-08-24 17:00:00,804.8999999999993
2017-08-24 18:00:00,804.1999999999992
2017-08-24 19:00:00,803.6999999999992
2017-08-25 13:00:00,808.0999999999993
2017-08-25 14:00:00,807.1999999999992
2017-08-25 15:00:00,806.2999999999993
2017-08-25 16:00:00,807.4999999999993
2017-08-25 17:00:00,807.3999999999993
2017-08-25 18:00:00,807.7999999999993
2017-08-25 19:00:00,806.5999999999993
2017-08-28 13:00:00,806.4999999999993
2017-08-28 14:00:00,805.8999999999993
2017-08-28 15:00:00,806.1999999999992
2017-08-28 16:00:00,805.1999999999992
2017-08-28 17:00:00,805.8999999999993
2017-08-28 18:00:00,805.6999999999992
2017-08-28 19:00:00,806.1999999999992
2017-08-29 13:00:00,806.0999999999993
2017-08-29 14:00:00,807.0999999999993
2017-08-29 15:00:00,809.4999999999993
2017-08-29 16:00:00,809.5999999999993
2017-08-29 17:00:00,809.7999999999993
2017-08-29 18:00:00,810.3999999999993
2017-08-29 19:00:00,810.6999999999992
2017-08-30 13:00:00,811.1999999999992
2017-08-30 14:00:00,811.3999999999993
2017-08-30 15:00:00,811.2999999999993
2017-08-30 17:00:00,812.8999999999993
2017-08-30 19:00:00,813.1999999999992
2017-08-31 13:00:00,815.4999999999993
2017-08-31 14:00:00,814.5999999999993
2017-08-31 15:00:00,814.6999999999992
2017-08-31 16:00:00,815.3999999999993
2017-08-31 17:00:00,815.0999999999993
2017-08-31 18:00:00,815.8999999999993
2017-08-31 19:00:00,816.1999999999992
2017-08-31 20:00:00,815.4999999999993
2017-09-01 13:00:00,817.2999999999993
2017-09-01 14:00:00,818.0999999999993
2017-09-01 15:00:00,818.4999999999993
2017-09-01 16:00:00,818.9999999999993
2017-09-01 17:00:00,819.1999999999992
2017-09-01 19:00:00,817.0999999999993
2017-09-05 13:00:00,813.3999999999993
2017-09-05 14:00:00,811.8999999999993
2017-09-05 15:00:00,813.0999999999993
2017-09-05 16:00:00,809.9999999999993
2017-09-05 17:00:00,810.1999999999992
2017-09-05 18:00:00,809.9999999999993
2017-09-05 19:00:00,809.5999999999993
2017-09-06 13:00:00,810.8999999999993
2017-09-06 14:00:00,811.6999999999992
2017-09-06 15:00:00,811.8999999999993
2017-09-06 16:00:00,810.8999999999993
2017-09-06 17:00:00,809.8999999999993
2017-09-06 18:00:00,810.8999999999993
2017-09-06 19:00:00,810.0999999999993
2017-09-06 20:00:00,810.2999999999993
2017-09-07 13:00:00,808.6999999999992
2017-09-07 14:00:00,810.7999999999993
2017-09-07 15:00:00,810.3999999999993
2017-09-07 16:00:00,810.6999999999992
2017-09-07 17:00:00,810.8999999999993
2017-09-07 18:00:00,811.1999999999992
2017-09-07 19:00:00,811.6999999999992
2017-09-08 13:00:00,809.5999999999993
2017-09-08 14:00:00,813.1999999999992
2017-09-08 18:00:00,813.1999999999992
2017-09-08 19:00:00,813.9999999999993
2017-09-08 20:00:00,814.8999999999993
2017-09-11 13:00:00,817.8999999999993
2017-09-11 14:00:00,818.0999999999992
2017-09-11 15:00:00,818.2999999999993
2017-09-11 16:00:00,818.3999999999993
2017-09-11 17:00:00,819.5999999999992
2017-09-11 18:00:00,819.5999999999992
2017-09-11 19:00:00,819.5999999999992
2017-09-12 13:00:00,822.6999999999992
2017-09-12 14:00:00,822.6999999999992
2017-09-12 15:00:00,822.6999999999992
2017-09-12 16:00:00,822.4999999999992
2017-09-12 17:00:00,822.4999999999992
2017-09-12 18:00:00,822.8999999999993
2017-09-12 19:00:00,823.4999999999992
2017-09-12 20:00:00,823.6999999999992
2017-09-13 13:00:00,821.8999999999993
2017-09-13 14:00:00,821.9999999999992
2017-09-13 15:00:00,821.8999999999993
2017-09-13 17:00:00,822.8999999999993
2017-09-13 18:00:00,822.5999999999992
2017-09-13 19:00:00,822.2999999999993
2017-09-13 20:00:00,822.2999999999993
2017-09-14 13:00:00,822.6999999999992
2017-09-14 14:00:00,822.5999999999992
2017-09-14 15:00:00,823.1999999999992
2017-09-14 19:00:00,825.4999999999992
2017-09-14 20:00:00,825.7999999999993
2017-09-15 13:00:00,825.4999999999992
2017-09-15 14:00:00,826.0999999999992
2017-09-15 16:00:00,827.1999999999992
2017-09-15 17:00:00,827.5999999999992
2017-09-15 18:00:00,827.9999999999992
2017-09-15 19:00:00,827.9999999999992
2017-09-18 13:00:00,830.6999999999992
2017-09-18 14:00:00,830.9999999999992
2017-09-18 15:00:00,830.5999999999992
2017-09-18 17:00:00,832.1999999999992
2017-09-18 18:00:00,831.9999999999992
2017-09-18 19:00:00,832.4999999999992
2017-09-18 20:00:00,832.5999999999992
2017-09-19 13:00:00,832.6999999999992
2017-09-19 14:00:00,833.7999999999993
2017-09-19 15:00:00,832.9999999999992
2017-09-19 16:00:00,833.0999999999992
2017-09-19 17:00:00,833.3999999999993
2017-09-19 18:00:00,833.1999999999992
2017-09-19 19:00:00,833.3999999999993
2017-09-20 13:00:00,835.3999999999993
2017-09-20 14:00:00,835.9999999999992
2017-09-20 15:00:00,837.2999999999993
2017-09-20 16:00:00,837.3999999999993
2017-09-20 17:00:00,837.0999999999992
2017-09-20 18:00:00,836.3999999999993
2017-09-20 19:00:00,837.5999999999992
2017-09-21 13:00:00,836.0999999999992
2017-09-21 14:00:00,839.0999999999992
2017-09-21 15:00:00,840.0999999999992
2017-09-21 16:00:00,839.6999999999992
2017-09-21 18:00:00,839.4999999999992
2017-09-21 19:00:00,839.8999999999993
2017-09-22 13:00:00,840.0999999999992
2017-09-22 14:00:00,841.9999999999992
2017-09-22 15:00:00,840.8999999999993
2017-09-22 16:00:00,841.4999999999992
2017-09-22 17:00:00,841.5999999999992
2017-09-22 18:00:00,841.0999999999992
2017-09-22 19:00:00,841.8999999999993
2017-09-25 13:00:00,840.1999999999992
2017-09-25 14:00:00,839.0999999999992
2017-09-25 15:00:00,838.7999999999993
2017-09-25 16:00:00,839.5999999999992
2017-09-25 17:00:00,840.0999999999992
2017-09-25 18:00:00,840.5999999999992
2017-09-25 19:00:00,841.4999999999992
2017-09-26 13:00:00,842.4999999999992
2017-09-26 14:00:00,841.2999999999993
2017-09-26 15:00:00,841.5999999999992
2017-09-26 16:00:00,841.9999999999992
2017-09-26 17:00:00,841.7999999999993
2017-09-26 19:00:00,841.3999999999993
2017-09-27 13:00:00,843.6999999999992
2017-09-27 14:00:00,840.5999999999992
2017-09-27 15:00:00,841.8999999999993
2017-09-27 16:00:00,841.3999999999993
2017-09-27 17:00:00,842.3999999999993
2017-09-27 18:00:00,842.5999999999992
2017-09-27 19:00:00,842.0999999999992
2017-09-27 20:00:00,842.3999999999993
2017-09-28 13:00:00,839.0999999999992
2017-09-28 14:00:00,840.8999999999993
2017-09-28 15:00:00,841.6999999999992
2017-09-28 16:00:00,841.8999999999993
2017-09-28 17:00:00,841.8999999999993
2017-09-28 18:00:00,841.4999999999992
2017-09-28 19:00:00,841.8999999999993
2017-09-29 13:00:00,842.3999999999993
2017-09-29 14:00:00,843.5999999999992
2017-09-29 15:00:00,843.1999999999992
2017-09-29 16:00:00,843.0999999999992
2017-09-29 17:00:00,843.0999999999992
2017-09-29 19:00:00,843.4999999999992
2017-09-29 20:00:00,843.8999999999993
2017-10-02 13:00:00,843.6999999999992
2017-10-02 14:00:00,844.3999999999993
2017-10-02 15:00:00,845.0999999999992
2017-10-02 16:00:00,845.8999999999993
2017-10-02 17:00:00,846.5999999999992
2017-10-02 18:00:00,847.1999999999992
2017-10-02 19:00:00,848.4999999999992
2017-10-03 13:00:00,848.6999999999992
2017-10-03 14:00:00,849.7999999999993
2017-10-03 15:00:00,849.9999999999992
2017-10-03 16:00:00,849.5999999999992
2017-10-03 17:00:00,850.5999999999992
2017-10-03 18:00:00,851.0999999999992
2017-10-03 19:00:00,851.9999999999992
2017-10-04 13:00:00,851.0999999999992
2017-10-04 14:00:00,850.5999999999992
2017-10-04 15:00:00,851.4999999999992
2017-10-04 16:00:00,851.5999999999992
2017-10-04 17:00:00,851.3999999999993
2017-10-04 18:00:00,851.7999999999993
2017-10-04 19:00:00,851.6999999999992
2017-10-05 13:00:00,850.4999999999992
2017-10-05 14:00:00,851.6999999999992
2017-10-05 15:00:00,852.9999999999992
2017-10-05 16:00:00,853.1999999999992
2017-10-05 18:00:00,852.6999999999992
2017-10-05 19:00:00,853.1999999999992
2017-10-06 13:00:00,852.2999999999993
2017-10-06 14:00:00,851.7999999999993
2017-10-06 15:00:00,850.7999999999993
2017-10-06 16:00:00,850.9999999999992
2017-10-06 17:00:00,851.6999999999992
2017-10-06 18:00:00,851.8999999999993
2017-10-06 19:00:00,853.1999999999992
2017-10-09 13:00:00,852.2999999999993
2017-10-09 14:00:00,851.5999999999992
2017-10-09 15:00:00,852.1999999999992
2017-10-09 16:00:00,851.2999999999993
2017-10-09 17:00:00,851.2999999999993
2017-10-09 18:00:00,850.7999999999993
2017-10-09 19:00:00,851.0999999999992
2017-10-10 13:00:00,853.7999999999993
2017-10-10 14:00:00,851.7999999999993
2017-10-10 15:00:00,852.4999999999992
2017-10-10 16:00:00,852.1999999999992
2017-10-10 17:00:00,852.6999999999992
2017-10-10 18:00:00,852.0999999999992
2017-10-10 19:00:00,851.4999999999992
2017-10-11 13:00:00,850.8999999999993
2017-10-11 14:00:00,850.9999999999992
2017-10-11 15:00:00,850.1999999999992
2017-10-11 16:00:00,850.9999999999992
2017-10-11 17:00:00,850.4999999999992
2017-10-11 18:00:00,850.9999999999992
2017-10-11 19:00:00,851.5999999999992
2017-10-12 13:00:00,852.3999999999993
2017-10-12 14:00:00,854.2999999999993
2017-10-12 15:00:00,854.6999999999992
2017-10-12 16:00:00,854.8999999999993
2017-10-12 18:00:00,855.7999999999993
2017-10-12 19:00:00,855.5999999999992
2017-10-13 13:00:00,856.6999999999992
2017-10-13 14:00:00,855.8999999999993
2017-10-13 15:00:00,855.1999999999992
2017-10-13 16:00:00,855.1999999999992
2017-10-13 18:00:00,854.9999999999992
2017-10-13 19:00:00,853.9999999999992
2017-10-16 13:00:00,853.7999999999993
2017-10-16 14:00:00,852.8999999999993
2017-10-16 15:00:00,853.3999999999993
2017-10-16 16:00:00,854.0999999999992
2017-10-16 17:00:00,854.8999999999993
2017-10-16 18:00:00,854.6999999999992
2017-10-16 19:00:00,855.1999999999992
2017-10-17 13:00:00,853.2999999999993
2017-10-17 14:00:00,852.2999999999993
2017-10-17 16:00:00,852.3999999999993
2017-10-17 17:00:00,852.2999999999993
2017-10-17 19:00:00,853.1999999999992
2017-10-18 13:00:00,853.6999999999992
2017-10-18 14:00:00,854.5999999999992
2017-10-18 15:00:00,853.3999999999993
2017-10-18 16:00:00,853.8999999999993
2017-10-18 17:00:00,854.7999999999993
2017-10-18 18:00:00,854.6999999999992
2017-10-18 19:00:00,853.6999999999992
2017-10-19 13:00:00,850.0999999999992
2017-10-19 14:00:00,852.3999999999993
2017-10-19 15:00:00,852.3999999999993
2017-10-19 16:00:00,852.4999999999992
2017-10-19 17:00:00,853.3999999999993
2017-10-19 18:00:00,854.1999999999992
2017-10-19 19:00:00,855.1999999999992
2017-10-19 20:00:00,855.5999999999992
2017-10-20 13:00:00,857.2999999999993
2017-10-20 14:00:00,857.9999999999992
2017-10-20 15:00:00,859.1999999999992
2017-10-20 16:00:00,860.6999999999992
2017-10-20 17:00:00,861.2999999999993
2017-10-20 18:00:00,862.0999999999992
2017-10-20 19:00:00,862.9999999999992
2017-10-20 20:00:00,863.0999999999992
2017-10-23 13:00:00,861.3999999999993
2017-10-23 14:00:00,861.7999999999993
2017-10-23 15:00:00,860.9999999999992
2017-10-23 16:00:00,859.9999999999992
2017-10-23 17:00:00,860.1999999999992
2017-10-23 18:00:00,859.4999999999992
2017-10-23 19:00:00,858.6999999999992
2017-10-23 20:00:00,858.7999999999993
2017-10-24 13:00:00,864.2999999999993
2017-10-24 14:00:00,864.0999999999992
2017-10-24 15:00:00,863.8999999999993
2017-10-24 18:00:00,863.6999999999992
2017-10-24 19:00:00,862.4999999999992
2017-10-24 20:00:00,862.7999999999993
2017-10-25 13:00:00,860.1999999999992
2017-10-25 14:00:00,856.8999999999993
2017-10-25 15:00:00,856.1999999999992
2017-10-25 16:00:00,852.1999999999992
2017-10-25 18:00:00,854.7999999999993
2017-10-25 19:00:00,855.5999999999992
2017-10-25 20:00:00,855.4999999999992
2017-10-26 13:00:00,858.7999999999993
2017-10-26 14:00:00,857.9999999999992
2017-10-26 15:00:00,855.7999999999993
2017-10-26 16:00:00,855.7999999999993
2017-10-26 17:00:00,855.3999999999993
2017-10-26 18:00:00,855.3999999999993
2017-10-26 19:00:00,856.5999999999992
2017-10-26 20:00:00,856.1999999999992
2017-10-27 13:00:00,857.3999999999993
2017-10-27 14:00:00,856.1999999999992
2017-10-27 15:00:00,855.9999999999992
2017-10-27 16:00:00,857.3999999999993
2017-10-27 17:00:00,856.5999999999992
2017-10-27 18:00:00,856.3999999999993
2017-10-27 19:00:00,856.0999999999992
2017-10-30 13:00:00,854.1999999999992
2017-10-30 14:00:00,853.8999999999993
2017-10-30 15:00:00,852.7999999999993
2017-10-30 16:00:00,851.9999999999992
2017-10-30 17:00:00,852.1999999999992
2017-10-30 18:00:00,852.2999999999993
2017-10-30 19:00:00,851.7999999999993
2017-10-31 13:00:00,850.4999999999992
2017-10-31 14:00:00,850.4999999999992
2017-10-31 15:00:00,850.4999999999992
2017-10-31 18:00:00,849.8999999999993
2017-10-31 19:00:00,848.3999999999993
2017-11-01 13:00:00,851.6999999999992
2017-11-01 14:00:00,849.9999999999992
2017-11-01 15:00:00,848.5999999999992
2017-11-01 16:00:00,848.3999999999993
2017-11-01 17:00:00,848.1999999999992
2017-11-01 18:00:00,849.0999999999992
2017-11-01 19:00:00,847.9999999999992
2017-11-02 13:00:00,849.0999999999992
2017-11-02 14:00:00,847.9999999999992
2017-11-02 15:00:00,848.2999999999993
2017-11-02 16:00:00,849.1999999999992
2017-11-02 17:00:00,849.7999999999993
2017-11-02 19:00:00,851.9999999999992
2017-11-03 13:00:00,850.1999999999992
2017-11-03 14:00:00,851.6999999999992
2017-11-03 15:00:00,851.1999999999992
2017-11-03 16:00:00,851.4999999999992
2017-11-03 17:00:00,851.4999999999992
2017-11-03 18:00:00,851.0999999999992
2017-11-03 19:00:00,850.7999999999993
2017-11-06 14:00:00,851.8999999999993
2017-11-06 15:00:00,852.4999999999992
2017-11-06 16:00:00,852.5999999999992
2017-11-06 17:00:00,852.3999999999993
2017-11-06 18:00:00,852.0999999999992
2017-11-06 19:00:00,852.1999999999992
2017-11-06 20:00:00,851.7999999999993
2017-11-06 21:00:00,851.6999999999992
2017-11-07 14:00:00,853.2999999999993
2017-11-07 15:00:00,852.1999999999992
2017-11-07 16:00:00,852.5999999999992
2017-11-07 17:00:00,851.8999999999993
2017-11-07 18:00:00,851.9999999999992
2017-11-07 19:00:00,851.9999999999992
2017-11-07 20:00:00,852.7999999999993
2017-11-07 21:00:00,852.9999999999992
2017-11-08 14:00:00,850.4999999999992
2017-11-08 15:00:00,850.6999999999992
2017-11-08 16:00:00,851.4999999999992
2017-11-08 17:00:00,851.4999999999992
2017-11-08 18:00:00,851.7999999999993
2017-11-08 20:00:00,851.4999999999992
2017-11-08 21:00:00,851.0999999999992
2017-11-09 14:00:00,846.4999999999992
2017-11-09 15:00:00,845.9999999999992
2017-11-09 16:00:00,842.7999999999993
2017-11-09 17:00:00,839.7999999999993
2017-11-09 18:00:00,841.6999999999992
2017-11-09 19:00:00,841.4999999999992
2017-11-09 20:00:00,842.2999999999993
2017-11-10 14:00:00,841.1999999999992
2017-11-10 15:00:00,842.5999999999992
2017-11-10 16:00:00,842.7999999999993
2017-11-10 17:00:00,842.6999999999992
2017-11-10 18:00:00,842.4999999999992
2017-11-10 19:00:00,842.9999999999992
2017-11-10 20:00:00,843.3999999999993
2017-11-10 21:00:00,843.0999999999992
2017-11-13 14:00:00,840.1999999999992
2017-11-13 15:00:00,840.9999999999992
2017-11-13 16:00:00,840.5999999999992
2017-11-13 17:00:00,840.8999999999993
2017-11-13 18:00:00,840.2999999999993
2017-11-13 19:00:00,839.8999999999993
2017-11-13 20:00:00,840.6999999999992
2017-11-14 14:00:00,838.4999999999992
2017-11-14 15:00:00,839.4999999999992
2017-11-14 16:00:00,838.0999999999992
2017-11-14 17:00:00,837.3999999999993
2017-11-14 18:00:00,838.5999999999992
2017-11-14 19:00:00,838.9999999999992
2017-11-14 20:00:00,838.8999999999993
2017-11-15 14:00:00,833.6999999999992
2017-11-15 15:00:00,835.8999999999993
2017-11-15 16:00:00,836.4999999999992
2017-11-15 17:00:00,835.6999999999992
2017-11-15 18:00:00,834.7999999999993
2017-11-15 19:00:00,834.7999999999993
2017-11-15 20:00:00,834.9999999999992
2017-11-16 14:00:00,838.2999999999993
2017-11-16 15:00:00,840.1999999999992
2017-11-16 16:00:00,840.5999999999992
2017-11-16 17:00:00,841.7999999999993
2017-11-16 18:00:00,842.1999999999992
2017-11-16 19:00:00,841.6999999999992
2017-11-16 20:00:00,841.3999999999993
2017-11-17 14:00:00,839.3999999999993
2017-11-17 15:00:00,839.2999999999993
2017-11-17 16:00:00,838.4999999999992
2017-11-17 17:00:00,838.5999999999992
2017-11-17 18:00:00,838.9999999999992
2017-11-17 19:00:00,838.8999999999993
2017-11-17 20:00:00,837.6999999999992
2017-11-17 21:00:00,837.7999999999993
2017-11-20 14:00:00,838.5999999999992
2017-11-20 15:00:00,840.7999999999993
2017-11-20 16:00:00,841.0999999999992
2017-11-20 17:00:00,841.0999999999992
2017-11-20 18:00:00,841.0999999999992
2017-11-20 20:00:00,840.7999999999993
2017-11-21 14:00:00,842.7999999999993
2017-11-21 15:00:00,844.4999999999992
2017-11-21 16:00:00,844.9999999999992
2017-11-21 17:00:00,845.4999999999992
2017-11-21 18:00:00,845.3999999999993
2017-11-21 19:00:00,845.1999999999992
2017-11-21 20:00:00,845.1999999999992
2017-11-22 14:00:00,846.7999999999993
2017-11-22 15:00:00,846.8999999999993
2017-11-22 16:00:00,846.2999999999993
2017-11-22 17:00:00,846.1999999999992
2017-11-22 18:00:00,846.2999999999993
2017-11-22 19:00:00,846.7999999999993
2017-11-22 20:00:00,846.3999999999993
2017-11-22 21:00:00,846.5999999999992
2017-11-24 14:00:00,847.3999999999993
2017-11-24 17:00:00,846.1999999999992
2017-11-24 18:00:00,845.4999999999992
2017-11-27 14:00:00,846.8999999999993
2017-11-27 15:00:00,848.0999999999992
2017-11-27 16:00:00,846.4999999999992
2017-11-27 17:00:00,847.0999999999992
2017-11-27 18:00:00,847.4999999999992
2017-11-27 19:00:00,847.5999999999992
2017-11-27 20:00:00,847.7999999999993
2017-11-28 14:00:00,849.6999999999992
2017-11-28 15:00:00,850.3999999999993
2017-11-28 16:00:00,852.9999999999992
2017-11-28 17:00:00,853.6999999999992
2017-11-28 18:00:00,853.8999999999993
2017-11-28 19:00:00,854.7999999999993
2017-11-28 20:00:00,858.1999999999992
2017-11-29 14:00:00,863.0999999999992
2017-11-29 15:00:00,862.1999999999992
2017-11-29 17:00:00,863.0999999999992
2017-11-29 18:00:00,863.9999999999992
2017-11-29 19:00:00,863.8999999999993
2017-11-29 20:00:00,864.7999999999993
2017-11-30 14:00:00,869.7999999999993
2017-11-30 15:00:00,870.3999999999993
2017-11-30 16:00:00,872.6999999999992
2017-11-30 17:00:00,877.1999999999992
2017-11-30 18:00:00,875.0999999999992
2017-11-30 19:00:00,875.3999999999993
2017-11-30 20:00:00,877.6999999999992
2017-12-01 14:00:00,874.3999999999993
2017-12-01 15:00:00,874.6999999999992
2017-12-01 16:00:00,867.3999999999993
2017-12-01 17:00:00,869.0999999999992
2017-12-01 18:00:00,868.6999999999992
2017-12-01 19:00:00,868.0999999999992
2017-12-01 20:00:00,869.1999999999992
2017-12-04 14:00:00,880.2999999999993
2017-12-04 15:00:00,880.8999999999993
2017-12-04 16:00:00,881.2999999999993
2017-12-04 17:00:00,879.3999999999993
2017-12-04 18:00:00,879.8999999999993
2017-12-04 19:00:00,876.9999999999992
2017-12-04 20:00:00,874.9999999999992
2017-12-05 14:00:00,871.1999999999992
2017-12-05 15:00:00,873.8999999999993
2017-12-05 16:00:00,872.8999999999993
2017-12-05 17:00:00,871.2999999999993
2017-12-05 18:00:00,871.3999999999993
2017-12-05 19:00:00,869.0999999999992
2017-12-05 20:00:00,868.3999999999993
2017-12-05 21:00:00,868.2999999999993
2017-12-06 14:00:00,868.7999999999993
2017-12-06 15:00:00,870.3999999999993
2017-12-06 16:00:00,869.8999999999993
2017-12-06 17:00:00,870.0999999999992
2017-12-06 18:00:00,871.0999999999992
2017-12-06 19:00:00,869.8999999999993
2017-12-06 20:00:00,869.2999999999993
2017-12-06 21:00:00,868.7999999999993
2017-12-07 14:00:00,872.1999999999992
2017-12-07 15:00:00,874.4999999999992
2017-12-07 16:00:00,876.1999999999992
2017-12-07 17:00:00,877.0999999999992
2017-12-07 18:00:00,876.6999999999992
2017-12-07 19:00:00,874.4999999999992
2017-12-07 20:00:00,875.2999999999993
2017-12-07 21:00:00,875.9999999999992
2017-12-08 14:00:00,878.1999999999992
2017-12-08 15:00:00,876.4999999999992
2017-12-08 16:00:00,877.6999999999992
2017-12-08 17:00:00,877.6999999999992
2017-12-08 19:00:00,878.0999999999992
2017-12-08 20:00:00,878.3999999999993
2017-12-11 14:00:00,878.2999999999993
2017-12-11 15:00:00,877.3999999999993
2017-12-11 16:00:00,877.8999999999993
2017-12-11 17:00:00,878.1999999999994
2017-12-11 18:00:00,878.3999999999993
2017-12-11 19:00:00,877.1999999999994
2017-12-11 20:00:00,877.2999999999993
2017-12-12 14:00:00,878.1999999999994
2017-12-12 15:00:00,879.7999999999993
2017-12-12 16:00:00,879.0999999999993
2017-12-12 17:00:00,880.1999999999994
2017-12-12 20:00:00,878.0999999999993
2017-12-13 14:00:00,879.5999999999993
2017-12-13 15:00:00,882.7999999999993
2017-12-13 16:00:00,883.2999999999993
2017-12-13 17:00:00,883.9999999999993
2017-12-13 18:00:00,881.7999999999993
2017-12-13 19:00:00,883.3999999999993
2017-12-13 20:00:00,881.5999999999993
2017-12-14 14:00:00,882.9999999999993
2017-12-14 15:00:00,881.4999999999993
2017-12-14 16:00:00,881.2999999999993
2017-12-14 17:00:00,879.0999999999993
2017-12-14 18:00:00,877.1999999999994
2017-12-14 20:00:00,876.4999999999993
2017-12-14 21:00:00,876.3999999999993
2017-12-15 14:00:00,880.3999999999993
2017-12-15 15:00:00,879.3999999999993
2017-12-15 16:00:00,880.7999999999993
2017-12-15 17:00:00,882.3999999999993
2017-12-15 18:00:00,882.6999999999994
2017-12-15 19:00:00,882.5999999999993
2017-12-15 20:00:00,880.6999999999994
2017-12-18 14:00:00,885.5999999999993
2017-12-18 15:00:00,886.2999999999993
2017-12-18 16:00:00,885.3999999999993
2017-12-18 17:00:00,885.8999999999993
2017-12-18 18:00:00,885.5999999999993
2017-12-18 19:00:00,886.7999999999993
2017-12-18 20:00:00,886.5999999999993
2017-12-19 14:00:00,885.7999999999993
2017-12-19 15:00:00,885.1999999999994
2017-12-19 16:00:00,886.3999999999993
2017-12-19 17:00:00,886.3999999999993
2017-12-19 18:00:00,887.2999999999993
2017-12-19 19:00:00,887.5999999999993
2017-12-19 20:00:00,887.5999999999993
2017-12-19 21:00:00,887.2999999999993
2017-12-20 14:00:00,889.5999999999993
2017-12-20 15:00:00,889.3999999999993
2017-12-20 16:00:00,890.1999999999994
2017-12-20 17:00:00,890.1999999999994
2017-12-20 18:00:00,890.3999999999993
2017-12-20 19:00:00,889.9999999999993
2017-12-20 20:00:00,889.5999999999993
2017-12-20 21:00:00,889.8999999999993
2017-12-21 14:00:00,889.3999999999993
2017-12-21 15:00:00,889.0999999999993
2017-12-21 16:00:00,889.2999999999993
2017-12-21 17:00:00,889.7999999999993
2017-12-21 18:00:00,890.7999999999993
2017-12-21 19:00:00,890.2999999999993
2017-12-21 20:00:00,889.7999999999993
2017-12-22 14:00:00,888.8999999999993
2017-12-22 15:00:00,889.1999999999994
2017-12-22 16:00:00,888.2999999999993
2017-12-22 17:00:00,889.8999999999993
2017-12-22 20:00:00,889.6999999999994
2017-12-26 14:00:00,891.9999999999993
2017-12-26 15:00:00,891.4999999999993
2017-12-26 16:00:00,891.7999999999993
2017-12-26 17:00:00,890.8999999999993
2017-12-26 18:00:00,890.5999999999993
2017-12-26 19:00:00,890.2999999999993
2017-12-26 20:00:00,890.9999999999993
2017-12-26 21:00:00,890.8999999999993
2017-12-27 14:00:00,891.1999999999994
2017-12-27 15:00:00,891.6999999999994
2017-12-27 16:00:00,892.4999999999993
2017-12-27 17:00:00,891.7999999999993
2017-12-27 19:00:00,891.9999999999993
2017-12-27 20:00:00,892.7999999999993
2017-12-27 21:00:00,892.8999999999993
2017-12-28 14:00:00,892.5999999999993
2017-12-28 16:00:00,892.4999999999993
2017-12-28 17:00:00,892.0999999999993
2017-12-28 18:00:00,892.3999999999993
2017-12-28 19:00:00,893.0999999999993
2017-12-28 20:00:00,894.1999999999994
2017-12-28 21:00:00,893.8999999999993
2017-12-29 14:00:00,894.3999999999993
2017-12-29 15:00:00,894.7999999999993
2017-12-29 16:00:00,895.0999999999993
2017-12-29 17:00:00,894.6999999999994
2017-12-29 18:00:00,894.4999999999993
2017-12-29 19:00:00,894.3999999999993
2017-12-29 20:00:00,892.2999999999993
2018-01-02 14:00:00,894.3999999999993
2018-01-02 15:00:00,892.4999999999993
2018-01-02 16:00:00,891.9999999999993
2018-01-02 17:00:00,892.7999999999993
2018-01-02 18:00:00,893.6999999999994
2018-01-02 19:00:00,894.2999999999993
2018-01-02 20:00:00,896.5999999999993
2018-01-02 21:00:00,896.6999999999994
2018-01-03 14:00:00,896.4999999999993
2018-01-03 15:00:00,897.1999999999994
2018-01-03 16:00:00,896.6999999999994
2018-01-03 18:00:00,897.7999999999993
2018-01-03 19:00:00,899.4999999999993
2018-01-03 20:00:00,900.5999999999993
2018-01-04 14:00:00,905.6999999999994
2018-01-04 15:00:00,905.1999999999994
2018-01-04 16:00:00,903.7999999999993
2018-01-04 17:00:00,905.1999999999994
2018-01-04 18:00:00,904.8999999999993
2018-01-04 19:00:00,906.0999999999993
2018-01-04 20:00:00,905.6999999999994
2018-01-05 14:00:00,908.2999999999993
2018-01-05 15:00:00,905.1999999999994
2018-01-05 16:00:00,907.9999999999993
2018-01-05 17:00:00,907.5999999999993
2018-01-05 18:00:00,907.0999999999993
2018-01-05 19:00:00,909.1999999999994
2018-01-05 20:00:00,910.8999999999993
2018-01-08 14:00:00,912.6999999999994
2018-01-08 15:00:00,912.0999999999993
2018-01-08 17:00:00,912.2999999999993
2018-01-08 18:00:00,913.4999999999993
2018-01-08 19:00:00,913.7999999999993
2018-01-08 20:00:00,914.2999999999993
2018-01-09 14:00:00,916.4999999999993
2018-01-09 15:00:00,916.9999999999993
2018-01-09 16:00:00,919.6999999999994
2018-01-09 17:00:00,919.4999999999993
2018-01-09 18:00:00,920.7999999999993
2018-01-09 19:00:00,920.1999999999994
2018-01-09 20:00:00,918.6999999999994
2018-01-09 21:00:00,919.1999999999994
2018-01-10 14:00:00,915.7999999999993
2018-01-10 15:00:00,919.4999999999993
2018-01-10 16:00:00,920.3999999999993
2018-01-10 17:00:00,919.9999999999993
2018-01-10 19:00:00,919.9999999999993
2018-01-10 20:00:00,919.0999999999993
2018-01-11 14:00:00,924.5999999999993
2018-01-11 15:00:00,924.4999999999993
2018-01-11 16:00:00,926.2999999999993
2018-01-11 17:00:00,926.6999999999994
2018-01-11 18:00:00,927.4999999999993
2018-01-11 19:00:00,927.6999999999994
2018-01-11 20:00:00,929.3999999999993
2018-01-11 21:00:00,929.1999999999994
2018-01-12 14:00:00,933.4999999999993
2018-01-12 15:00:00,935.4999999999993
2018-01-12 16:00:00,935.6999999999994
2018-01-12 17:00:00,934.9999999999993
2018-01-12 18:00:00,935.7999999999993
2018-01-12 19:00:00,935.4999999999993
2018-01-12 20:00:00,935.6999999999994
2018-01-16 14:00:00,938.3999999999993
2018-01-16 15:00:00,937.1999999999994
2018-01-16 16:00:00,935.5999999999993
2018-01-16 17:00:00,934.4999999999993
2018-01-16 18:00:00,933.6999999999994
2018-01-16 19:00:00,927.3999999999993
2018-01-16 20:00:00,928.8999999999993
2018-01-17 14:00:00,929.4999999999993
2018-01-17 15:00:00,930.6999999999994
2018-01-17 16:00:00,932.4999999999993
2018-01-17 17:00:00,933.2999999999993
2018-01-17 18:00:00,933.3999999999993
2018-01-17 19:00:00,933.3999999999993
2018-01-17 20:00:00,933.3999999999993
2018-01-17 21:00:00,933.6999999999994
2018-01-18 14:00:00,933.8999999999993
2018-01-18 15:00:00,932.6999999999994
2018-01-18 16:00:00,928.8999999999993
2018-01-18 18:00:00,930.7999999999993
2018-01-18 19:00:00,930.8999999999993
2018-01-18 20:00:00,929.7999999999993
2018-01-19 14:00:00,930.0999999999993
2018-01-19 15:00:00,929.5999999999993
2018-01-19 16:00:00,928.9999999999993
2018-01-19 17:00:00,930.5999999999993
2018-01-19 18:00:00,929.2999999999993
2018-01-19 19:00:00,931.0999999999993
2018-01-19 20:00:00,931.2999999999993
2018-01-22 14:00:00,925.8999999999993
2018-01-22 15:00:00,927.2999999999993
2018-01-22 16:00:00,928.0999999999993
2018-01-22 17:00:00,931.4999999999993
2018-01-22 18:00:00,929.7999999999993
2018-01-22 19:00:00,929.3999999999993
2018-01-22 20:00:00,931.3999999999993
2018-01-23 14:00:00,929.2999999999993
2018-01-23 15:00:00,931.4999999999993
2018-01-23 16:00:00,932.1999999999994
2018-01-23 18:00:00,931.3999999999993
2018-01-23 19:00:00,932.5999999999993
2018-01-23 20:00:00,932.2999999999993
2018-01-23 21:00:00,932.3999999999993
2018-01-24 14:00:00,933.7999999999993
2018-01-24 15:00:00,934.4999999999993
2018-01-24 16:00:00,931.4999999999993
2018-01-24 17:00:00,929.1999999999994
2018-01-24 18:00:00,930.5999999999993
2018-01-24 19:00:00,931.7999999999993
2018-01-24 20:00:00,931.6999999999994
2018-01-25 14:00:00,926.1999999999994
2018-01-25 15:00:00,928.5999999999993
2018-01-25 16:00:00,932.7999999999993
2018-01-25 17:00:00,933.1999999999994
2018-01-25 18:00:00,933.2999999999993
2018-01-25 19:00:00,930.2999999999993
2018-01-25 20:00:00,932.5999999999993
2018-01-26 14:00:00,932.6999999999994
2018-01-26 15:00:00,935.2999999999993
2018-01-26 16:00:00,935.4999999999993
2018-01-26 17:00:00,937.2999999999993
2018-01-26 18:00:00,937.7999999999993
2018-01-26 19:00:00,938.3999999999993
2018-01-26 20:00:00,940.0999999999993
2018-01-29 14:00:00,940.9999999999993
2018-01-29 15:00:00,938.2999999999993
2018-01-29 16:00:00,938.1999999999994
2018-01-29 17:00:00,938.9999999999993
2018-01-29 18:00:00,938.6999999999994
2018-01-29 19:00:00,938.6999999999994
2018-01-29 20:00:00,935.9999999999993
2018-01-30 14:00:00,926.9999999999993
2018-01-30 15:00:00,929.7999999999993
2018-01-30 16:00:00,928.0999999999993
2018-01-30 17:00:00,927.4999999999993
2018-01-30 18:00:00,927.6999999999994
2018-01-30 19:00:00,929.2999999999993
2018-01-30 20:00:00,929.3999999999993
2018-01-30 21:00:00,929.3999999999993
2018-01-31 12:00:00,932.5999999999993
2018-01-31 14:00:00,935.6999999999994
2018-01-31 15:00:00,934.8999999999993
2018-01-31 16:00:00,934.8999999999993
2018-01-31 17:00:00,934.7999999999993
2018-01-31 18:00:00,934.4999999999993
2018-01-31 19:00:00,930.7999999999993
2018-01-31 20:00:00,931.6999999999994
2018-01-31 21:00:00,930.4999999999993
2018-02-01 14:00:00,931.2999999999993
2018-02-01 15:00:00,930.3999999999993
2018-02-01 16:00:00,935.3999999999993
2018-02-01 18:00:00,931.1999999999994
2018-02-01 19:00:00,931.0999999999993
2018-02-01 20:00:00,930.1999999999994
2018-02-02 14:00:00,924.3999999999993
2018-02-02 15:00:00,924.9999999999993
2018-02-02 16:00:00,922.4999999999993
2018-02-02 17:00:00,922.4999999999993
2018-02-02 18:00:00,918.8999999999993
2018-02-02 19:00:00,916.5999999999993
2018-02-02 20:00:00,914.4999999999993
2018-02-05 14:00:00,909.6999999999994
2018-02-05 15:00:00,913.4999999999993
2018-02-05 16:00:00,911.0999999999993
2018-02-05 17:00:00,906.9999999999993
2018-02-05 18:00:00,901.4999999999993
2018-02-05 19:00:00,895.8999999999993
2018-02-05 20:00:00,878.2999999999993
2018-02-06 14:00:00,887.9999999999993
2018-02-06 15:00:00,877.6999999999994
2018-02-06 16:00:00,877.7999999999993
2018-02-06 17:00:00,880.9999999999993
2018-02-06 18:00:00,875.6999999999994
2018-02-06 19:00:00,885.8999999999993
2018-02-06 20:00:00,890.0999999999993
2018-02-06 21:00:00,891.4999999999993
2018-02-07 14:00:00,899.0999999999993
2018-02-07 15:00:00,901.0999999999993
2018-02-07 16:00:00,901.5999999999993
2018-02-07 17:00:00,900.5999999999993
2018-02-07 18:00:00,900.1999999999994
2018-02-07 19:00:00,897.8999999999993
2018-02-07 20:00:00,893.6999999999994
2018-02-07 21:00:00,893.7999999999993
2018-02-08 14:00:00,890.5999999999993
2018-02-08 15:00:00,881.7999999999993
2018-02-08 16:00:00,882.7999999999993
2018-02-08 17:00:00,874.0999999999993
2018-02-08 18:00:00,881.5999999999993
2018-02-08 19:00:00,876.3999999999993
2018-02-08 20:00:00,866.7999999999993
2018-02-09 14:00:00,871.3999999999993
2018-02-09 15:00:00,862.1999999999994
2018-02-09 16:00:00,856.8999999999993
2018-02-09 17:00:00,855.5999999999993
2018-02-09 18:00:00,858.5999999999993
2018-02-09 19:00:00,863.7999999999993
2018-02-09 20:00:00,871.5999999999993
2018-02-12 14:00:00,875.3999999999993
2018-02-12 15:00:00,877.1999999999994
2018-02-12 16:00:00,883.0999999999993
2018-02-12 17:00:00,883.0999999999993
2018-02-12 18:00:00,887.8999999999993
2018-02-12 19:00:00,885.5999999999993
2018-02-12 20:00:00,882.9999999999993
2018-02-13 14:00:00,879.4999999999993
2018-02-13 15:00:00,883.7999999999993
2018-02-13 16:00:00,880.9999999999993
2018-02-13 17:00:00,880.9999999999993
2018-02-13 18:00:00,885.7999999999993
2018-02-13 19:00:00,885.3999999999993
2018-02-13 20:00:00,884.7999999999993
2018-02-14 14:00:00,884.4999999999993
2018-02-14 15:00:00,887.9999999999993
2018-02-14 16:00:00,887.3999999999993
2018-02-14 17:00:00,889.3999999999993
2018-02-14 18:00:00,892.3999999999993
2018-02-14 19:00:00,892.0999999999993
2018-02-14 20:00:00,894.4999999999993
2018-02-15 14:00:00,902.1999999999994
2018-02-15 15:00:00,896.1999999999994
2018-02-15 16:00:00,898.0999999999993
2018-02-15 17:00:00,898.9999999999993
2018-02-15 18:00:00,900.9999999999993
2018-02-15 19:00:00,903.7999999999993
2018-02-15 20:00:00,905.1999999999994
2018-02-16 14:00:00,905.2999999999993
2018-02-16 15:00:00,908.4999999999993
2018-02-16 16:00:00,911.6999999999994
2018-02-16 17:00:00,910.0999999999993
2018-02-16 18:00:00,908.0999999999993
2018-02-16 19:00:00,907.9999999999993
2018-02-16 20:00:00,907.8999999999993
2018-02-20 14:00:00,903.0999999999993
2018-02-20 15:00:00,900.2999999999993
2018-02-20 16:00:00,903.3999999999993
2018-02-20 18:00:00,902.2999999999993
2018-02-20 19:00:00,899.6999999999994
2018-02-20 20:00:00,898.7999999999993
2018-02-20 21:00:00,898.1999999999994
2018-02-21 14:00:00,902.8999999999993
2018-02-21 15:00:00,905.9999999999993
2018-02-21 16:00:00,906.2999999999993
2018-02-21 17:00:00,907.8999999999993
2018-02-21 18:00:00,907.5999999999993
2018-02-21 19:00:00,908.0999999999993
2018-02-21 20:00:00,898.8999999999993
2018-02-22 14:00:00,902.2999999999993
2018-02-22 15:00:00,905.0999999999993
2018-02-22 16:00:00,909.7999999999993
2018-02-22 17:00:00,906.6999999999994
2018-02-22 18:00:00,904.9999999999993
2018-02-22 19:00:00,903.2999999999993
2018-02-22 20:00:00,902.9999999999993
2018-02-23 14:00:00,906.2999999999993
2018-02-23 15:00:00,905.4999999999993
2018-02-23 16:00:00,905.6999999999994
2018-02-23 17:00:00,903.6999999999994
2018-02-23 19:00:00,906.0999999999993
2018-02-23 20:00:00,908.7999999999993
2018-02-26 14:00:00,913.2999999999993
2018-02-26 15:00:00,912.4999999999993
2018-02-26 16:00:00,913.5999999999993
2018-02-26 17:00:00,918.1999999999994
2018-02-26 18:00:00,918.8999999999993
2018-02-26 20:00:00,919.5999999999993
2018-02-27 14:00:00,921.2999999999993
2018-02-27 15:00:00,919.4999999999993
2018-02-27 16:00:00,919.4999999999993
2018-02-27 17:00:00,921.1999999999994
2018-02-27 18:00:00,920.6999999999994
2018-02-27 19:00:00,915.6999999999994
2018-02-27 20:00:00,911.1999999999994
2018-02-28 14:00:00,913.2999999999993
2018-02-28 15:00:00,910.2999999999993
2018-02-28 16:00:00,909.8999999999993
2018-02-28 17:00:00,911.4999999999993
2018-02-28 18:00:00,910.8999999999993
2018-02-28 19:00:00,907.1999999999994
2018-02-28 20:00:00,899.5999999999993
2018-02-28 21:00:00,899.3999999999993
2018-03-01 14:00:00,893.7999999999993
2018-03-01 15:00:00,899.1999999999994
2018-03-01 16:00:00,900.4999999999993
2018-03-01 17:00:00,894.8999999999993
2018-03-01 18:00:00,885.3999999999993
2018-03-01 19:00:00,883.0999999999993
2018-03-01 20:00:00,885.7999999999993
2018-03-02 14:00:00,876.0999999999993
2018-03-02 15:00:00,876.5999999999993
2018-03-02 16:00:00,878.8999999999993
2018-03-02 17:00:00,882.6999999999994
2018-03-02 18:00:00,880.4999999999993
2018-03-02 19:00:00,881.9999999999993
2018-03-02 20:00:00,884.3999999999993
2018-03-05 14:00:00,877.4999999999993
2018-03-05 15:00:00,880.6999999999994
2018-03-05 16:00:00,885.9999999999993
2018-03-05 17:00:00,886.6999999999994
2018-03-05 18:00:00,888.6999999999994
2018-03-05 19:00:00,890.6999999999994
2018-03-05 20:00:00,892.6999999999994
2018-03-05 21:00:00,892.6999999999994
2018-03-06 14:00:00,894.0999999999993
2018-03-06 15:00:00,892.2999999999993
2018-03-06 16:00:00,891.4999999999993
2018-03-06 17:00:00,895.3999999999993
2018-03-06 18:00:00,894.8999999999993
2018-03-06 19:00:00,896.8999999999993
2018-03-06 20:00:00,895.3999999999993
2018-03-06 21:00:00,895.8999999999993
2018-03-07 14:00:00,889.4999999999993
2018-03-07 15:00:00,893.5999999999993
2018-03-07 16:00:00,890.2999999999993
2018-03-07 17:00:00,890.1999999999994
2018-03-07 18:00:00,890.7999999999993
2018-03-07 19:00:00,892.3999999999993
2018-03-07 20:00:00,895.8999999999993
2018-03-08 14:00:00,897.9999999999993
2018-03-08 15:00:00,896.7999999999993
2018-03-08 16:00:00,895.3999999999993
2018-03-08 17:00:00,893.8999999999993
2018-03-08 18:00:00,892.2999999999993
2018-03-08 19:00:00,896.4999999999993
2018-03-08 20:00:00,898.8999999999993
2018-03-09 14:00:00,905.3999999999993
2018-03-09 15:00:00,907.9999999999993
2018-03-09 16:00:00,911.1999999999994
2018-03-09 17:00:00,912.1999999999994
2018-03-09 18:00:00,913.9999999999993
2018-03-09 19:00:00,913.1999999999994
2018-03-09 20:00:00,914.3999999999993
2018-03-09 21:00:00,914.3999999999993
2018-03-12 13:00:00,914.9999999999993
2018-03-12 14:00:00,910.2999999999994
2018-03-12 15:00:00,907.6999999999994
2018-03-12 16:00:00,908.2999999999994
2018-03-12 17:00:00,908.6999999999994
2018-03-12 18:00:00,906.5999999999993
2018-03-12 19:00:00,908.8999999999994
2018-03-13 13:00:00,911.2999999999994
2018-03-13 14:00:00,910.8999999999994
2018-03-13 15:00:00,908.8999999999994
2018-03-13 16:00:00,909.4999999999993
2018-03-13 17:00:00,907.4999999999993
2018-03-13 18:00:00,904.7999999999994
2018-03-13 19:00:00,903.8999999999994
2018-03-13 20:00:00,903.8999999999994
2018-03-14 13:00:00,903.0999999999993
2018-03-14 14:00:00,900.5999999999993
2018-03-14 15:00:00,895.7999999999994
2018-03-14 16:00:00,895.7999999999994
2018-03-14 17:00:00,899.8999999999994
2018-03-14 18:00:00,896.0999999999993
2018-03-14 19:00:00,894.7999999999994
2018-03-15 13:00:00,892.9999999999993
2018-03-15 14:00:00,895.8999999999994
2018-03-15 15:00:00,898.6999999999994
2018-03-15 16:00:00,898.3999999999994
2018-03-15 17:00:00,895.8999999999994
2018-03-15 18:00:00,895.6999999999994
2018-03-15 19:00:00,897.4999999999993
2018-03-15 20:00:00,897.1999999999994
2018-03-16 13:00:00,899.0999999999993
2018-03-16 14:00:00,900.8999999999994
2018-03-16 15:00:00,900.0999999999993
2018-03-16 16:00:00,900.7999999999994
2018-03-16 17:00:00,899.7999999999994
2018-03-16 18:00:00,900.1999999999994
2018-03-16 19:00:00,901.3999999999994
2018-03-19 13:00:00,895.9999999999993
2018-03-19 14:00:00,896.3999999999994
2018-03-19 15:00:00,893.6999999999994
2018-03-19 16:00:00,892.6999999999994
2018-03-19 17:00:00,891.6999999999994
2018-03-19 18:00:00,891.1999999999994
2018-03-19 19:00:00,895.1999999999994
2018-03-20 13:00:00,898.7999999999994
2018-03-20 14:00:00,899.7999999999994
2018-03-20 15:00:00,897.9999999999993
2018-03-20 16:00:00,897.9999999999993
2018-03-20 17:00:00,896.4999999999993
2018-03-20 18:00:00,898.7999999999994
2018-03-20 19:00:00,897.2999999999994
2018-03-21 13:00:00,895.1999999999994
2018-03-21 14:00:00,898.9999999999993
2018-03-21 15:00:00,903.0999999999993
2018-03-21 16:00:00,903.6999999999994
2018-03-21 17:00:00,902.9999999999993
2018-03-21 18:00:00,899.8999999999994
2018-03-21 19:00:00,898.9999999999993
2018-03-22 13:00:00,889.3999999999994
2018-03-22 14:00:00,884.9999999999993
2018-03-22 15:00:00,883.2999999999994
2018-03-22 16:00:00,885.8999999999994
2018-03-22 17:00:00,888.7999999999994
2018-03-22 18:00:00,882.5999999999993
2018-03-22 19:00:00,872.5999999999993
2018-03-23 13:00:00,875.3999999999994
2018-03-23 14:00:00,877.9999999999993
2018-03-23 15:00:00,870.5999999999993
2018-03-23 16:00:00,872.2999999999994
2018-03-23 17:00:00,878.7999999999994
2018-03-23 18:00:00,868.0999999999993
2018-03-23 19:00:00,862.8999999999994
2018-03-26 13:00:00,873.1999999999994
2018-03-26 14:00:00,869.0999999999993
2018-03-26 15:00:00,869.1999999999994
2018-03-26 16:00:00,869.5999999999993
2018-03-26 17:00:00,870.4999999999993
2018-03-26 18:00:00,875.5999999999993
2018-03-26 19:00:00,878.5999999999993
2018-03-27 13:00:00,878.5999999999993
2018-03-27 14:00:00,879.1999999999994
2018-03-27 15:00:00,885.1999999999994
2018-03-27 16:00:00,883.8999999999994
2018-03-27 17:00:00,881.4999999999993
2018-03-27 18:00:00,876.8999999999994
2018-03-27 19:00:00,868.7999999999994
2018-03-28 13:00:00,867.8999999999994
2018-03-28 14:00:00,862.3999999999994
2018-03-28 15:00:00,865.4999999999993
2018-03-28 16:00:00,867.5999999999993
2018-03-28 17:00:00,868.0999999999993
2018-03-28 18:00:00,866.2999999999994
2018-03-28 19:00:00,865.7999999999994
2018-03-29 13:00:00,870.7999999999994
2018-03-29 14:00:00,874.5999999999993
2018-03-29 15:00:00,875.7999999999994
2018-03-29 16:00:00,875.7999999999994
2018-03-29 17:00:00,878.8999999999994
2018-03-29 18:00:00,880.5999999999993
2018-03-29 19:00:00,877.1999999999994
2018-04-02 13:00:00,874.0999999999993
2018-04-02 14:00:00,865.7999999999994
2018-04-02 15:00:00,860.9999999999993
2018-04-02 16:00:00,859.9999999999993
2018-04-02 17:00:00,853.9999999999993
2018-04-02 18:00:00,855.4999999999993
2018-04-02 19:00:00,860.0999999999993
2018-04-03 13:00:00,863.0999999999993
2018-04-03 14:00:00,864.6999999999994
2018-04-03 15:00:00,862.4999999999993
2018-04-03 16:00:00,863.5999999999993
2018-04-03 17:00:00,865.4999999999993
2018-04-03 18:00:00,865.6999999999994
2018-04-03 19:00:00,871.6999999999994
2018-04-04 13:00:00,858.7999999999994
2018-04-04 14:00:00,862.3999999999994
2018-04-04 15:00:00,861.2999999999994
2018-04-04 16:00:00,864.1999999999994
2018-04-04 17:00:00,862.9999999999993
2018-04-04 18:00:00,868.5999999999993
2018-04-04 19:00:00,874.0999999999993
2018-04-04 20:00:00,873.9999999999993
2018-04-05 13:00:00,877.9999999999993
2018-04-05 14:00:00,878.2999999999994
2018-04-05 15:00:00,882.9999999999993
2018-04-05 16:00:00,880.8999999999994
2018-04-05 17:00:00,878.2999999999994
2018-04-05 18:00:00,881.8999999999994
2018-04-05 19:00:00,881.2999999999994
2018-04-06 13:00:00,876.8999999999994
2018-04-06 14:00:00,869.8999999999994
2018-04-06 15:00:00,870.2999999999994
2018-04-06 16:00:00,871.2999999999994
2018-04-06 17:00:00,863.1999999999994
2018-04-06 18:00:00,856.6999999999994
2018-04-06 19:00:00,861.2999999999994
2018-04-06 20:00:00,861.0999999999993
2018-04-09 13:00:00,866.5999999999993
2018-04-09 14:00:00,866.8999999999994
2018-04-09 15:00:00,868.1999999999994
2018-04-09 16:00:00,867.4999999999993
2018-04-09 17:00:00,869.9999999999993
2018-04-09 18:00:00,867.1999999999994
2018-04-09 19:00:00,858.4999999999993
2018-04-10 13:00:00,866.3999999999994
2018-04-10 14:00:00,871.7999999999994
2018-04-10 15:00:00,872.3999999999994
2018-04-10 16:00:00,868.0999999999993
2018-04-10 17:00:00,869.6999999999994
2018-04-10 18:00:00,870.8999999999994
2018-04-10 19:00:00,869.1999999999994
2018-04-11 13:00:00,867.4999999999993
2018-04-11 14:00:00,865.3999999999994
2018-04-11 15:00:00,868.2999999999994
2018-04-11 16:00:00,866.1999999999994
2018-04-11 17:00:00,866.7999999999994
2018-04-11 18:00:00,866.4999999999993
2018-04-11 19:00:00,864.0999999999993
2018-04-12 13:00:00,872.1999999999994
2018-04-12 14:00:00,872.3999999999994
2018-04-12 15:00:00,872.8999999999994
2018-04-12 16:00:00,875.7999999999994
2018-04-12 17:00:00,873.7999999999994
2018-04-12 18:00:00,875.7999999999994
2018-04-12 19:00:00,874.9999999999993
2018-04-13 13:00:00,877.3999999999994
2018-04-13 14:00:00,874.6999999999994
2018-04-13 15:00:00,876.2999999999994
2018-04-13 16:00:00,874.8999999999994
2018-04-13 17:00:00,875.8999999999994
2018-04-13 18:00:00,873.2999999999994
2018-04-13 19:00:00,872.5999999999993
2018-04-16 13:00:00,878.5999999999993
2018-04-16 14:00:00,880.2999999999994
2018-04-16 15:00:00,878.5999999999993
2018-04-16 16:00:00,882.2999999999994
2018-04-16 17:00:00,881.8999999999994
2018-04-16 18:00:00,881.3999999999994
2018-04-16 19:00:00,880.2999999999994
2018-04-17 13:00:00,885.7999999999994
2018-04-17 14:00:00,889.0999999999993
2018-04-17 15:00:00,888.7999999999994
2018-04-17 16:00:00,885.8999999999994
2018-04-17 17:00:00,886.7999999999994
2018-04-17 18:00:00,886.1999999999994
2018-04-17 19:00:00,887.0999999999993
2018-04-18 13:00:00,893.1999999999994
2018-04-18 14:00:00,894.1999999999994
2018-04-18 15:00:00,895.2999999999994
2018-04-18 16:00:00,895.3999999999994
2018-04-18 17:00:00,896.8999999999994
2018-04-18 18:00:00,895.8999999999994
2018-04-18 19:00:00,894.3999999999994
2018-04-19 13:00:00,891.3999999999994
2018-04-19 14:00:00,892.7999999999994
2018-04-19 15:00:00,890.5999999999993
2018-04-19 16:00:00,889.9999999999993
2018-04-19 17:00:00,889.0999999999993
2018-04-19 18:00:00,890.4999999999993
2018-04-19 19:00:00,891.3999999999994
2018-04-20 13:00:00,894.7999999999994
2018-04-20 14:00:00,890.2999999999994
2018-04-20 15:00:00,889.9999999999993
2018-04-20 16:00:00,887.4999999999993
2018-04-20 17:00:00,891.1999999999994
2018-04-20 18:00:00,888.8999999999994
2018-04-20 19:00:00,888.0999999999993
2018-04-23 13:00:00,891.2999999999994
2018-04-23 14:00:00,888.4999999999993
2018-04-23 15:00:00,890.0999999999993
2018-04-23 16:00:00,888.6999999999994
2018-04-23 17:00:00,888.8999999999994
2018-04-23 18:00:00,885.0999999999993
2018-04-23 19:00:00,887.9999999999993
2018-04-24 13:00:00,889.4999999999993
2018-04-24 14:00:00,885.9999999999993
2018-04-24 15:00:00,876.0999999999993
2018-04-24 16:00:00,866.8999999999994
2018-04-24 17:00:00,859.5999999999993
2018-04-24 18:00:00,864.1999999999994
2018-04-24 19:00:00,865.5999999999993
2018-04-25 13:00:00,859.2999999999994
2018-04-25 14:00:00,867.6999999999994
2018-04-25 15:00:00,864.0999999999993
2018-04-25 16:00:00,864.8999999999994
2018-04-25 17:00:00,867.8999999999994
2018-04-25 18:00:00,870.3999999999994
2018-04-25 19:00:00,867.5999999999993
2018-04-26 13:00:00,865.7999999999994
2018-04-26 14:00:00,866.7999999999994
2018-04-26 15:00:00,859.3999999999994
2018-04-26 16:00:00,865.9999999999993
2018-04-26 17:00:00,868.5999999999993
2018-04-26 18:00:00,868.0999999999993
2018-04-26 19:00:00,865.6999999999994
2018-04-27 13:00:00,863.6999999999994
2018-04-27 14:00:00,860.0999999999993
2018-04-27 15:00:00,860.6999999999994
2018-04-27 16:00:00,863.7999999999994
2018-04-27 17:00:00,862.8999999999994
2018-04-27 18:00:00,863.8999999999994
2018-04-27 19:00:00,864.5999999999993
2018-04-30 13:00:00,864.0999999999993
2018-04-30 14:00:00,861.5999999999993
2018-04-30 15:00:00,861.6999999999994
2018-04-30 16:00:00,860.0999999999993
2018-04-30 17:00:00,859.6999999999994
2018-04-30 18:00:00,856.9999999999993
2018-04-30 19:00:00,854.6999999999994
2018-04-30 20:00:00,855.2999999999994
2018-05-01 13:00:00,852.0999999999993
2018-05-01 14:00:00,844.8999999999994
2018-05-01 15:00:00,847.4999999999993
2018-05-01 16:00:00,843.5999999999993
2018-05-01 17:00:00,846.0999999999993
2018-05-01 18:00:00,849.8999999999994
2018-05-01 19:00:00,850.5999999999993
2018-05-02 13:00:00,848.9999999999993
2018-05-02 14:00:00,852.2999999999994
2018-05-02 15:00:00,850.9999999999993
2018-05-02 16:00:00,852.3999999999994
2018-05-02 17:00:00,851.1999999999994
2018-05-02 18:00:00,851.7999999999994
2018-05-02 19:00:00,843.8999999999994
2018-05-03 13:00:00,841.3999999999994
2018-05-03 14:00:00,834.1999999999994
2018-05-03 15:00:00,839.5999999999993
2018-05-03 16:00:00,845.5999999999993
2018-05-03 17:00:00,846.8999999999994
2018-05-03 18:00:00,847.2999999999994
2018-05-03 19:00:00,845.1999999999994
2018-05-03 20:00:00,846.1999999999994
2018-05-04 13:00:00,843.9999999999993
2018-05-04 14:00:00,849.0999999999993
2018-05-04 15:00:00,850.2999999999994
2018-05-04 16:00:00,851.4999999999993
2018-05-04 17:00:00,853.8999999999994
2018-05-04 18:00:00,856.2999999999994
2018-05-04 19:00:00,853.8999999999994
2018-05-07 13:00:00,859.5999999999993
2018-05-07 14:00:00,858.4999999999993
2018-05-07 15:00:00,859.6999999999994
2018-05-07 16:00:00,860.5999999999993
2018-05-07 17:00:00,860.2999999999994
2018-05-07 18:00:00,858.7999999999994
2018-05-07 19:00:00,859.4999999999993
2018-05-08 13:00:00,862.8999999999994
2018-05-08 14:00:00,864.3999999999994
2018-05-08 15:00:00,863.8999999999994
2018-05-08 16:00:00,861.1999999999994
2018-05-08 17:00:00,862.7999999999994
2018-05-08 18:00:00,861.4999999999993
2018-05-08 19:00:00,863.6999999999994
2018-05-09 13:00:00,867.9999999999993
2018-05-09 14:00:00,867.2999999999994
2018-05-09 15:00:00,867.6999999999994
2018-05-09 16:00:00,872.9999999999993
2018-05-09 17:00:00,873.8999999999994
2018-05-09 18:00:00,873.6999999999994
2018-05-09 19:00:00,872.7999999999994
2018-05-10 13:00:00,875.4999999999993
2018-05-10 14:00:00,876.2999999999994
2018-05-10 15:00:00,876.7999999999994
2018-05-10 16:00:00,878.5999999999993
2018-05-10 17:00:00,876.2999999999994
2018-05-10 18:00:00,877.5999999999993
2018-05-10 19:00:00,877.1999999999994
2018-05-11 13:00:00,881.2999999999994
2018-05-11 14:00:00,881.9999999999993
2018-05-11 15:00:00,879.2999999999994
2018-05-11 16:00:00,878.6999999999994
2018-05-11 17:00:00,877.8999999999994
2018-05-11 18:00:00,878.3999999999994
2018-05-11 19:00:00,879.1999999999994
2018-05-14 13:00:00,881.8999999999994
2018-05-14 14:00:00,880.2999999999994
2018-05-14 15:00:00,878.9999999999993
2018-05-14 16:00:00,878.9999999999993
2018-05-14 17:00:00,877.9999999999993
2018-05-14 18:00:00,878.3999999999994
2018-05-14 19:00:00,877.3999999999994
2018-05-15 13:00:00,873.7999999999994
2018-05-15 14:00:00,873.6999999999994
2018-05-15 15:00:00,873.9999999999993
2018-05-15 16:00:00,875.2999999999994
2018-05-15 17:00:00,872.7999999999994
2018-05-15 18:00:00,873.8999999999994
2018-05-15 19:00:00,874.6999999999994
2018-05-16 13:00:00,878.2999999999994
2018-05-16 14:00:00,876.2999999999994
2018-05-16 15:00:00,878.0999999999993
2018-05-16 16:00:00,880.0999999999993
2018-05-16 17:00:00,879.1999999999994
2018-05-16 18:00:00,879.9999999999993
2018-05-16 19:00:00,877.7999999999994
2018-05-17 13:00:00,878.0999999999993
2018-05-17 14:00:00,883.5999999999993
2018-05-17 15:00:00,882.7999999999994
2018-05-17 16:00:00,881.7999999999994
2018-05-17 17:00:00,879.3999999999994
2018-05-17 18:00:00,881.4999999999993
2018-05-17 19:00:00,880.7999999999994
2018-05-18 13:00:00,883.4999999999993
2018-05-18 14:00:00,883.3999999999994
2018-05-18 15:00:00,884.3999999999994
2018-05-18 16:00:00,885.3999999999994
2018-05-18 17:00:00,885.0999999999993
2018-05-18 18:00:00,885.9999999999993
2018-05-18 19:00:00,885.7999999999994
2018-05-21 13:00:00,893.9999999999993
2018-05-21 14:00:00,899.1999999999994
2018-05-21 15:00:00,895.5999999999993
2018-05-21 16:00:00,896.1999999999994
2018-05-21 17:00:00,897.5999999999993
2018-05-21 18:00:00,898.5999999999993
2018-05-21 19:00:00,896.0999999999993
2018-05-22 13:00:00,897.1999999999994
2018-05-22 14:00:00,894.5999999999993
2018-05-22 15:00:00,893.8999999999994
2018-05-22 16:00:00,892.8999999999994
2018-05-22 17:00:00,892.3999999999994
2018-05-22 18:00:00,890.2999999999994
2018-05-22 19:00:00,887.3999999999994
2018-05-23 13:00:00,883.2999999999994
2018-05-23 14:00:00,883.2999999999994
2018-05-23 15:00:00,881.5999999999993
2018-05-23 16:00:00,881.1999999999994
2018-05-23 17:00:00,881.0999999999993
2018-05-23 18:00:00,884.2999999999994
2018-05-23 19:00:00,885.7999999999994
2018-05-24 13:00:00,887.0999999999993
2018-05-24 14:00:00,883.7999999999994
2018-05-24 15:00:00,889.2999999999994
2018-05-24 16:00:00,888.5999999999993
2018-05-24 17:00:00,890.0999999999993
2018-05-24 18:00:00,888.2999999999994
2018-05-24 19:00:00,889.8999999999994
2018-05-25 13:00:00,889.3999999999994
2018-05-25 14:00:00,887.7999999999994
2018-05-25 15:00:00,888.4999999999993
2018-05-25 16:00:00,887.7999999999994
2018-05-25 17:00:00,886.2999999999994
2018-05-25 18:00:00,886.7999999999994
2018-05-25 19:00:00,888.8999999999994
2018-05-29 13:00:00,883.2999999999994
2018-05-29 14:00:00,880.8999999999994
2018-05-29 15:00:00,877.4999999999993
2018-05-29 16:00:00,877.6999999999994
2018-05-29 17:00:00,875.4999999999993
2018-05-29 18:00:00,872.8999999999994
2018-05-29 19:00:00,875.9999999999993
2018-05-30 13:00:00,879.1999999999994
2018-05-30 14:00:00,883.0999999999993
2018-05-30 15:00:00,884.8999999999994
2018-05-30 16:00:00,884.6999999999994
2018-05-30 17:00:00,885.7999999999994
2018-05-30 18:00:00,886.4999999999993
2018-05-30 19:00:00,886.0999999999993
2018-05-30 20:00:00,886.3999999999994
2018-05-31 13:00:00,881.0999999999993
2018-05-31 14:00:00,878.5999999999993
2018-05-31 15:00:00,879.2999999999994
2018-05-31 16:00:00,876.9999999999993
2018-05-31 17:00:00,873.9999999999993
2018-05-31 18:00:00,875.2999999999994
2018-05-31 19:00:00,874.5999999999993
2018-05-31 20:00:00,882.3999999999994
2018-06-01 13:00:00,882.2999999999994
2018-06-01 14:00:00,882.7999999999994
2018-06-01 15:00:00,882.9999999999993
2018-06-01 16:00:00,883.3999999999994
2018-06-01 17:00:00,884.5999999999993
2018-06-01 18:00:00,882.8999999999994
2018-06-01 19:00:00,883.2999999999994
2018-06-04 13:00:00,887.0999999999993
2018-06-04 14:00:00,886.0999999999993
2018-06-04 15:00:00,883.2999999999994
2018-06-04 16:00:00,883.4999999999993
2018-06-04 17:00:00,881.9999999999993
2018-06-04 19:00:00,882.2999999999994
2018-06-05 13:00:00,883.5999999999993
2018-06-05 14:00:00,882.5999999999993
2018-06-05 15:00:00,882.9999999999993
2018-06-05 16:00:00,881.4999999999993
2018-06-05 18:00:00,883.5999999999993
2018-06-05 19:00:00,883.7999999999994
2018-06-06 13:00:00,883.3999999999994
2018-06-06 14:00:00,884.5999999999993
2018-06-06 15:00:00,886.3999999999994
2018-06-06 16:00:00,887.9999999999993
2018-06-06 17:00:00,887.4999999999993
2018-06-06 18:00:00,888.4999999999993
2018-06-06 19:00:00,889.7999999999994
2018-06-07 13:00:00,893.0999999999993
2018-06-07 14:00:00,890.7999999999994
2018-06-07 15:00:00,892.6999999999994
2018-06-07 16:00:00,890.4999999999993
2018-06-07 17:00:00,888.8999999999994
2018-06-07 18:00:00,890.9999999999993
2018-06-07 19:00:00,891.7999999999994
2018-06-08 13:00:00,891.7999999999994
2018-06-08 14:00:00,891.4999999999993
2018-06-08 15:00:00,891.2999999999994
2018-06-08 16:00:00,893.0999999999993
2018-06-08 17:00:00,892.9999999999993
2018-06-08 18:00:00,892.9999999999993
2018-06-08 19:00:00,894.9999999999993
2018-06-08 20:00:00,894.9999999999993
2018-06-11 13:00:00,897.5999999999993
2018-06-11 14:00:00,896.5999999999993
2018-06-11 17:00:00,897.6999999999994
2018-06-11 20:00:00,897.5999999999993
2018-06-12 13:00:00,894.1999999999994
2018-06-12 14:00:00,895.9999999999993
2018-06-12 15:00:00,896.0999999999993
2018-06-12 16:00:00,896.7999999999994
2018-06-12 17:00:00,896.1999999999994
2018-06-12 19:00:00,895.6999999999994
2018-06-13 13:00:00,893.9999999999993
2018-06-13 14:00:00,893.7999999999994
2018-06-13 16:00:00,892.0999999999993
2018-06-13 17:00:00,892.3999999999993
2018-06-13 18:00:00,889.7999999999994
2018-06-13 19:00:00,889.2999999999994
2018-06-14 13:00:00,891.0999999999993
2018-06-14 14:00:00,889.6999999999994
2018-06-14 15:00:00,886.2999999999994
2018-06-14 16:00:00,885.9999999999993
2018-06-14 17:00:00,886.5999999999993
2018-06-14 18:00:00,885.0999999999993
2018-06-14 19:00:00,885.5999999999993
2018-06-15 13:00:00,881.8999999999993
2018-06-15 14:00:00,878.6999999999994
2018-06-15 15:00:00,879.7999999999994
2018-06-15 16:00:00,879.7999999999994
2018-06-15 17:00:00,880.4999999999993
2018-06-15 18:00:00,884.5999999999993
2018-06-15 19:00:00,883.7999999999994
2018-06-18 13:00:00,878.4999999999993
2018-06-18 14:00:00,880.0999999999993
2018-06-18 15:00:00,880.0999999999993
2018-06-18 16:00:00,879.9999999999993
2018-06-18 17:00:00,879.6999999999994
2018-06-18 18:00:00,880.6999999999994
2018-06-18 19:00:00,880.9999999999993
2018-06-19 13:00:00,867.1999999999994
2018-06-19 14:00:00,865.5999999999993
2018-06-19 15:00:00,867.2999999999994
2018-06-19 16:00:00,864.8999999999993
2018-06-19 17:00:00,866.0999999999993
2018-06-19 18:00:00,866.2999999999994
2018-06-19 19:00:00,865.3999999999993
2018-06-20 13:00:00,865.3999999999993
2018-06-20 14:00:00,863.9999999999993
2018-06-20 15:00:00,864.8999999999993
2018-06-20 16:00:00,866.9999999999993
2018-06-20 17:00:00,865.8999999999993
2018-06-20 18:00:00,865.2999999999994
2018-06-20 19:00:00,865.0999999999993
2018-06-21 13:00:00,857.8999999999993
2018-06-21 14:00:00,855.6999999999994
2018-06-21 15:00:00,859.4999999999993
2018-06-21 16:00:00,858.0999999999993
2018-06-21 17:00:00,858.5999999999993
2018-06-21 18:00:00,857.2999999999994
2018-06-21 19:00:00,856.1999999999994
2018-06-22 13:00:00,860.9999999999993
2018-06-22 14:00:00,859.5999999999993
2018-06-22 15:00:00,860.0999999999993
2018-06-22 16:00:00,858.8999999999993
2018-06-22 17:00:00,859.6999999999994
2018-06-22 18:00:00,859.5999999999993
2018-06-22 19:00:00,857.8999999999993
2018-06-25 13:00:00,848.1999999999994
2018-06-25 14:00:00,851.1999999999994
2018-06-25 15:00:00,849.3999999999993
2018-06-25 16:00:00,849.8999999999993
2018-06-25 17:00:00,850.7999999999994
2018-06-25 18:00:00,845.5999999999993
2018-06-25 19:00:00,849.3999999999993
2018-06-26 13:00:00,852.0999999999993
2018-06-26 14:00:00,851.0999999999993
2018-06-26 15:00:00,851.0999999999993
2018-06-26 16:00:00,851.9999999999993
2018-06-26 17:00:00,852.6999999999994
2018-06-26 18:00:00,854.4999999999993
2018-06-26 19:00:00,851.0999999999993
2018-06-27 13:00:00,857.0999999999993
2018-06-27 14:00:00,860.5999999999993
2018-06-27 15:00:00,856.8999999999993
2018-06-27 16:00:00,855.4999999999993
2018-06-27 17:00:00,851.7999999999994
2018-06-27 18:00:00,847.6999999999994
2018-06-27 19:00:00,846.4999999999993
2018-06-28 13:00:00,842.1999999999994
2018-06-28 14:00:00,843.6999999999994
2018-06-28 15:00:00,842.7999999999994
2018-06-28 16:00:00,843.0999999999993
2018-06-28 17:00:00,843.8999999999993
2018-06-28 18:00:00,847.4999999999993
2018-06-28 19:00:00,846.3999999999993
2018-06-29 13:00:00,851.5999999999993
2018-06-29 14:00:00,855.4999999999993
2018-06-29 15:00:00,853.6999999999994
2018-06-29 16:00:00,853.3999999999993
2018-06-29 17:00:00,854.2999999999994
2018-06-29 18:00:00,853.1999999999994
2018-06-29 19:00:00,847.5999999999993
2018-06-29 20:00:00,847.9999999999993
2018-07-02 13:00:00,843.0999999999993
2018-07-02 14:00:00,846.9999999999993
2018-07-02 15:00:00,845.8999999999993
2018-07-02 16:00:00,844.5999999999993
2018-07-02 17:00:00,847.0999999999993
2018-07-02 18:00:00,847.7999999999994
2018-07-02 19:00:00,849.0999999999993
2018-07-02 20:00:00,848.9999999999993
2018-07-03 13:00:00,852.2999999999994
2018-07-03 14:00:00,850.4999999999993
2018-07-03 15:00:00,850.9999999999993
2018-07-03 16:00:00,846.0999999999993
2018-07-05 13:00:00,847.4999999999993
2018-07-05 14:00:00,844.2999999999994
2018-07-05 15:00:00,849.2999999999994
2018-07-05 16:00:00,848.3999999999993
2018-07-05 17:00:00,848.5999999999993
2018-07-05 18:00:00,848.5999999999993
2018-07-05 19:00:00,850.0999999999993
2018-07-06 13:00:00,847.7999999999994
2018-07-06 14:00:00,850.4999999999993
2018-07-06 15:00:00,853.0999999999993
2018-07-06 16:00:00,854.2999999999994
2018-07-06 17:00:00,854.3999999999993
2018-07-06 18:00:00,854.0999999999993
2018-07-06 19:00:00,853.4999999999993
2018-07-09 13:00:00,861.4999999999993
2018-07-09 14:00:00,864.1999999999994
2018-07-09 15:00:00,865.1999999999994
2018-07-09 16:00:00,865.4999999999993
2018-07-09 17:00:00,866.2999999999994
2018-07-09 18:00:00,866.1999999999994
2018-07-09 19:00:00,865.6999999999994
2018-07-09 20:00:00,865.8999999999993
2018-07-10 13:00:00,867.5999999999993
2018-07-10 14:00:00,867.3999999999993
2018-07-10 15:00:00,866.3999999999993
2018-07-10 16:00:00,866.7999999999994
2018-07-10 17:00:00,866.1999999999994
2018-07-10 18:00:00,867.3999999999993
2018-07-10 19:00:00,869.0999999999993
2018-07-11 13:00:00,859.4999999999993
2018-07-11 14:00:00,860.3999999999993
2018-07-11 15:00:00,858.0999999999993
2018-07-11 16:00:00,857.4999999999993
2018-07-11 17:00:00,857.1999999999994
2018-07-11 18:00:00,857.6999999999994
2018-07-11 19:00:00,856.3999999999993
2018-07-12 13:00:00,858.2999999999994
2018-07-12 14:00:00,862.8999999999993
2018-07-12 15:00:00,865.4999999999993
2018-07-12 16:00:00,864.7999999999994
2018-07-12 17:00:00,863.6999999999994
2018-07-12 18:00:00,864.0999999999993
2018-07-12 19:00:00,864.8999999999993
2018-07-13 13:00:00,866.9999999999993
2018-07-13 14:00:00,868.6999999999994
2018-07-13 15:00:00,867.6999999999994
2018-07-13 16:00:00,869.4999999999993
2018-07-13 17:00:00,869.6999999999994
2018-07-13 18:00:00,869.5999999999993
2018-07-13 19:00:00,868.9999999999993
2018-07-16 13:00:00,869.7999999999994
2018-07-16 14:00:00,863.8999999999993
2018-07-16 15:00:00,866.5999999999993
2018-07-16 16:00:00,866.5999999999993
2018-07-16 17:00:00,866.2999999999994
2018-07-16 18:00:00,865.1999999999994
2018-07-16 19:00:00,865.7999999999994
2018-07-17 13:00:00,864.2999999999994
2018-07-17 14:00:00,865.6999999999994
2018-07-17 15:00:00,867.3999999999993
2018-07-17 16:00:00,868.0999999999993
2018-07-17 17:00:00,867.3999999999993
2018-07-17 18:00:00,867.5999999999993
2018-07-17 19:00:00,868.2999999999994
2018-07-18 13:00:00,874.5999999999993
2018-07-18 14:00:00,874.8999999999993
2018-07-18 15:00:00,878.0999999999993
2018-07-18 16:00:00,876.8999999999993
2018-07-18 17:00:00,876.5999999999993
2018-07-18 18:00:00,876.8999999999993
2018-07-18 19:00:00,877.2999999999994
2018-07-19 13:00:00,871.3999999999993
2018-07-19 14:00:00,874.1999999999994
2018-07-19 15:00:00,874.5999999999993
2018-07-19 16:00:00,874.3999999999993
2018-07-19 17:00:00,875.5999999999993
2018-07-19 18:00:00,876.2999999999994
2018-07-19 19:00:00,876.4999999999993
2018-07-20 13:00:00,872.7999999999994
2018-07-20 14:00:00,874.9999999999993
2018-07-20 15:00:00,876.6999999999994
2018-07-20 16:00:00,877.1999999999994
2018-07-20 17:00:00,877.6999999999994
2018-07-20 18:00:00,876.6999999999994
2018-07-20 19:00:00,875.0999999999993
2018-07-23 13:00:00,870.3999999999993
2018-07-23 14:00:00,870.6999999999994
2018-07-23 15:00:00,870.1999999999994
2018-07-23 17:00:00,872.0999999999993
2018-07-23 18:00:00,871.0999999999993
2018-07-23 19:00:00,870.2999999999994
2018-07-24 13:00:00,871.9999999999993
2018-07-24 14:00:00,874.9999999999993
2018-07-24 15:00:00,874.5999999999993
2018-07-24 16:00:00,874.0999999999993
2018-07-24 17:00:00,872.2999999999994
2018-07-24 18:00:00,871.8999999999993
2018-07-24 19:00:00,874.2999999999994
2018-07-24 20:00:00,873.7999999999994
2018-07-25 13:00:00,876.0999999999993
2018-07-25 14:00:00,872.9999999999993
2018-07-25 15:00:00,874.4999999999993
2018-07-25 16:00:00,875.5999999999993
2018-07-25 17:00:00,877.0999999999993
2018-07-25 18:00:00,878.2999999999994
2018-07-25 19:00:00,884.2999999999994
2018-07-26 13:00:00,888.7999999999994
2018-07-26 14:00:00,889.5999999999993
2018-07-26 15:00:00,890.1999999999994
2018-07-26 16:00:00,889.6999999999994
2018-07-26 17:00:00,890.1999999999994
2018-07-26 18:00:00,890.9999999999993
2018-07-26 19:00:00,890.6999999999994
2018-07-27 13:00:00,892.4999999999993
2018-07-27 14:00:00,891.6999999999994
2018-07-27 15:00:00,891.5999999999993
2018-07-27 16:00:00,888.2999999999994
2018-07-27 17:00:00,889.9999999999993
2018-07-27 18:00:00,888.5999999999993
2018-07-27 19:00:00,890.4999999999993
2018-07-30 13:00:00,893.4999999999993
2018-07-30 14:00:00,891.3999999999993
2018-07-30 15:00:00,890.7999999999994
2018-07-30 16:00:00,888.5999999999993
2018-07-30 17:00:00,889.4999999999993
2018-07-30 18:00:00,887.3999999999993
2018-07-30 19:00:00,883.3999999999993
2018-07-30 20:00:00,883.6999999999994
2018-07-31 13:00:00,893.6999999999994
2018-07-31 14:00:00,897.0999999999993
2018-07-31 15:00:00,898.3999999999993
2018-07-31 16:00:00,899.9999999999993
2018-07-31 17:00:00,899.8999999999993
2018-07-31 18:00:00,899.4999999999993
2018-07-31 19:00:00,899.9999999999993
2018-07-31 20:00:00,900.2999999999994
2018-08-01 13:00:00,895.4999999999993
2018-08-01 14:00:00,896.0999999999993
2018-08-01 15:00:00,892.4999999999993
2018-08-01 16:00:00,891.1999999999994
2018-08-01 17:00:00,889.3999999999993
2018-08-01 18:00:00,890.6999999999994
2018-08-01 19:00:00,889.6999999999994
2018-08-02 13:00:00,886.5999999999993
2018-08-02 14:00:00,884.8999999999993
2018-08-02 15:00:00,886.0999999999993
2018-08-02 16:00:00,887.9999999999993
2018-08-02 17:00:00,888.4999999999993
2018-08-02 18:00:00,887.9999999999993
2018-08-02 19:00:00,888.5999999999993
2018-08-03 13:00:00,886.3999999999993
2018-08-03 14:00:00,886.2999999999994
2018-08-03 15:00:00,886.2999999999994
2018-08-03 16:00:00,886.4999999999993
2018-08-03 17:00:00,886.8999999999993
2018-08-03 18:00:00,887.4999999999993
2018-08-03 19:00:00,888.4999999999993
2018-08-06 13:00:00,887.0999999999993
2018-08-06 14:00:00,887.6999999999994
2018-08-06 15:00:00,888.7999999999994
2018-08-06 16:00:00,889.4999999999993
2018-08-06 17:00:00,888.3999999999993
2018-08-06 18:00:00,890.0999999999993
2018-08-06 19:00:00,889.3999999999993
2018-08-07 13:00:00,893.2999999999994
2018-08-07 14:00:00,895.6999999999994
2018-08-07 15:00:00,894.7999999999994
2018-08-07 16:00:00,895.1999999999994
2018-08-07 17:00:00,895.6999999999994
2018-08-07 18:00:00,896.0999999999993
2018-08-07 19:00:00,894.9999999999993
2018-08-08 13:00:00,892.4999999999993
2018-08-08 14:00:00,892.4999999999993
2018-08-08 15:00:00,892.3999999999993
2018-08-08 16:00:00,891.8999999999993
2018-08-08 17:00:00,892.8999999999993
2018-08-08 18:00:00,892.4999999999993
2018-08-08 19:00:00,891.8999999999993
2018-08-08 20:00:00,891.9999999999993
2018-08-09 13:00:00,892.2999999999994
2018-08-09 14:00:00,891.7999999999994
2018-08-09 15:00:00,887.8999999999993
2018-08-09 16:00:00,890.0999999999993
2018-08-09 17:00:00,889.8999999999993
2018-08-09 18:00:00,889.0999999999993
2018-08-09 19:00:00,887.5999999999993
2018-08-10 13:00:00,879.9999999999993
2018-08-10 14:00:00,882.0999999999993
2018-08-10 15:00:00,882.5999999999993
2018-08-10 16:00:00,882.1999999999994
2018-08-10 17:00:00,880.1999999999994
2018-08-10 18:00:00,880.5999999999993
2018-08-10 19:00:00,881.4999999999993
2018-08-13 13:00:00,881.9999999999993
2018-08-13 14:00:00,879.6999999999994
2018-08-13 15:00:00,877.3999999999993
2018-08-13 16:00:00,875.9999999999993
2018-08-13 17:00:00,878.5999999999993
2018-08-13 18:00:00,878.1999999999994
2018-08-13 19:00:00,877.0999999999993
2018-08-14 13:00:00,881.4999999999993
2018-08-14 14:00:00,883.7999999999994
2018-08-14 15:00:00,883.4999999999993
2018-08-14 16:00:00,883.6999999999994
2018-08-14 17:00:00,883.4999999999993
2018-08-14 18:00:00,883.3999999999993
2018-08-14 19:00:00,882.0999999999993
2018-08-15 13:00:00,872.2999999999994
2018-08-15 14:00:00,870.2999999999994
2018-08-15 15:00:00,872.8999999999993
2018-08-15 16:00:00,877.0999999999993
2018-08-15 17:00:00,875.7999999999994
2018-08-15 18:00:00,875.8999999999993
2018-08-15 19:00:00,878.5999999999993
2018-08-15 20:00:00,878.1999999999994
2018-08-16 13:00:00,884.6999999999994
2018-08-16 14:00:00,885.2999999999994
2018-08-16 15:00:00,887.1999999999994
2018-08-16 16:00:00,887.5999999999993
2018-08-16 17:00:00,887.8999999999993
2018-08-16 18:00:00,887.6999999999994
2018-08-16 19:00:00,887.3999999999993
2018-08-17 13:00:00,887.5999999999993
2018-08-17 14:00:00,888.9999999999993
2018-08-17 15:00:00,891.0999999999993
2018-08-17 16:00:00,891.1999999999994
2018-08-17 17:00:00,890.4999999999993
2018-08-17 18:00:00,893.4999999999993
2018-08-17 19:00:00,892.3999999999993
2018-08-20 13:00:00,896.3999999999993
2018-08-20 14:00:00,895.8999999999993
2018-08-20 15:00:00,897.7999999999994
2018-08-20 16:00:00,897.2999999999994
2018-08-20 17:00:00,898.5999999999993
2018-08-20 18:00:00,897.9999999999993
2018-08-20 19:00:00,897.1999999999994
2018-08-21 13:00:00,902.3999999999993
2018-08-21 14:00:00,902.0999999999993
2018-08-21 15:00:00,902.3999999999993
2018-08-21 16:00:00,902.4999999999993
2018-08-21 17:00:00,903.2999999999994
2018-08-21 18:00:00,903.4999999999993
2018-08-21 19:00:00,903.8999999999993
2018-08-22 13:00:00,898.4999999999993
2018-08-22 14:00:00,899.2999999999994
2018-08-22 15:00:00,899.2999999999994
2018-08-22 17:00:00,897.4999999999993
2018-08-22 18:00:00,896.5999999999993
2018-08-22 19:00:00,896.5999999999993
2018-08-23 13:00:00,894.3999999999993
2018-08-23 14:00:00,894.0999999999993
2018-08-23 15:00:00,892.4999999999993
2018-08-23 16:00:00,894.0999999999993
2018-08-23 17:00:00,892.1999999999994
2018-08-23 19:00:00,892.9999999999993
2018-08-24 13:00:00,893.2999999999994
2018-08-24 14:00:00,894.7999999999994
2018-08-24 15:00:00,896.7999999999994
2018-08-24 16:00:00,896.6999999999994
2018-08-24 17:00:00,896.1999999999994
2018-08-24 18:00:00,896.0999999999993
2018-08-24 19:00:00,896.2999999999994
2018-08-27 13:00:00,904.8999999999993
2018-08-27 14:00:00,904.4999999999993
2018-08-27 15:00:00,906.3999999999993
2018-08-27 16:00:00,906.0999999999993
2018-08-27 17:00:00,905.7999999999994
2018-08-27 18:00:00,905.6999999999994
2018-08-27 19:00:00,905.9999999999993
2018-08-28 13:00:00,907.1999999999994
2018-08-28 14:00:00,906.8999999999993
2018-08-28 15:00:00,904.5999999999993
2018-08-28 16:00:00,904.8999999999993
2018-08-28 17:00:00,905.1999999999994
2018-08-28 18:00:00,905.7999999999994
2018-08-28 19:00:00,904.8999999999993
2018-08-28 20:00:00,905.2999999999994
2018-08-29 13:00:00,904.6999999999994
2018-08-29 14:00:00,903.9999999999993
2018-08-29 15:00:00,905.6999999999994
2018-08-29 16:00:00,905.9999999999993
2018-08-29 17:00:00,905.1999999999994
2018-08-29 18:00:00,905.4999999999993
2018-08-29 19:00:00,905.2999999999994
2018-08-30 13:00:00,904.3999999999993
2018-08-30 14:00:00,903.3999999999993
2018-08-30 15:00:00,901.5999999999993
2018-08-30 16:00:00,902.5999999999993
2018-08-30 17:00:00,902.0999999999993
2018-08-30 18:00:00,900.2999999999994
2018-08-30 19:00:00,899.4999999999993
2018-08-31 13:00:00,899.8999999999993
2018-08-31 14:00:00,899.5999999999993
2018-08-31 15:00:00,898.0999999999993
2018-08-31 16:00:00,898.2999999999994
2018-08-31 17:00:00,898.8999999999993
2018-08-31 18:00:00,898.4999999999993
2018-08-31 19:00:00,900.1999999999994
2018-09-04 13:00:00,896.6999999999994
2018-09-04 14:00:00,898.3999999999993
2018-09-04 15:00:00,897.5999999999993
2018-09-04 16:00:00,896.8999999999993
2018-09-04 17:00:00,897.7999999999994
2018-09-04 18:00:00,899.3999999999993
2018-09-04 19:00:00,899.8999999999993
2018-09-04 20:00:00,899.5999999999993
2018-09-05 13:00:00,899.6999999999994
2018-09-05 14:00:00,900.4999999999993
2018-09-05 15:00:00,902.4999999999993
2018-09-05 16:00:00,902.8999999999993
2018-09-05 17:00:00,903.8999999999993
2018-09-05 18:00:00,903.1999999999994
2018-09-05 19:00:00,904.6999999999994
2018-09-06 13:00:00,908.1999999999994
2018-09-06 14:00:00,906.7999999999994
2018-09-06 15:00:00,907.0999999999993
2018-09-06 16:00:00,905.9999999999993
2018-09-06 17:00:00,906.5999999999993
2018-09-06 18:00:00,907.9999999999993
2018-09-06 19:00:00,907.2999999999994
2018-09-07 13:00:00,905.1999999999994
2018-09-07 14:00:00,906.4999999999993
2018-09-07 15:00:00,907.1999999999994
2018-09-07 16:00:00,902.2999999999994
2018-09-07 17:00:00,901.1999999999994
2018-09-07 18:00:00,904.9999999999993
2018-09-07 19:00:00,904.5999999999993
2018-09-10 13:00:00,910.5999999999993
2018-09-10 14:00:00,910.4999999999993
2018-09-10 15:00:00,910.6999999999994
2018-09-10 16:00:00,909.4999999999993
2018-09-10 17:00:00,910.0999999999993
2018-09-10 18:00:00,910.3999999999993
2018-09-10 19:00:00,908.8999999999993
2018-09-11 13:00:00,906.0999999999993
2018-09-11 14:00:00,906.2999999999994
2018-09-11 15:00:00,910.2999999999994
2018-09-11 16:00:00,909.7999999999994
2018-09-11 17:00:00,909.5999999999993
2018-09-11 18:00:00,909.2999999999994
2018-09-11 19:00:00,908.1999999999994
2018-09-11 20:00:00,908.2999999999994
2018-09-12 13:00:00,910.6999999999994
2018-09-12 14:00:00,908.1999999999994
2018-09-13 15:00:00,914.4999999999994
2018-09-13 16:00:00,913.6999999999994
2018-09-13 17:00:00,913.4999999999994
2018-09-14 13:00:00,916.0999999999995
2018-09-14 14:00:00,915.7999999999994
2018-09-14 15:00:00,918.1999999999994
2018-09-14 16:00:00,916.4999999999994
2018-09-14 17:00:00,916.3999999999994
2018-09-14 18:00:00,916.8999999999994
2018-09-14 19:00:00,919.1999999999994
2018-09-17 14:00:00,921.2999999999994
2018-09-17 15:00:00,921.5999999999995
2018-09-17 16:00:00,920.2999999999994
2018-09-17 17:00:00,919.1999999999994
2018-09-17 18:00:00,920.6999999999994
2018-09-17 19:00:00,918.7999999999994
2018-09-18 13:00:00,919.7999999999994
2018-09-18 14:00:00,920.8999999999994
2018-09-18 15:00:00,922.9999999999994
2018-09-18 16:00:00,924.1999999999994
2018-09-18 17:00:00,925.1999999999994
2018-09-18 18:00:00,926.6999999999994
2018-09-18 19:00:00,926.7999999999994
2018-09-19 13:00:00,929.1999999999994
2018-09-19 14:00:00,929.6999999999994
2018-09-19 15:00:00,928.9999999999994
2018-09-19 16:00:00,930.3999999999994
2018-09-19 17:00:00,929.6999999999994
2018-09-19 18:00:00,927.2999999999994
2018-09-19 19:00:00,925.8999999999994
2018-09-20 13:00:00,925.3999999999994
2018-09-20 14:00:00,925.1999999999994
2018-09-20 15:00:00,925.9999999999994
2018-09-20 16:00:00,926.8999999999994
2018-09-20 17:00:00,925.1999999999994
2018-09-20 18:00:00,926.2999999999994
2018-09-20 19:00:00,926.4999999999994
2018-09-21 13:00:00,931.1999999999994
2018-09-21 14:00:00,929.7999999999994
2018-09-21 15:00:00,930.9999999999994
2018-09-21 16:00:00,929.7999999999994
2018-09-21 17:00:00,929.9999999999994
2018-09-21 18:00:00,928.6999999999994
2018-09-21 19:00:00,928.9999999999994
2018-09-24 13:00:00,921.9999999999994
2018-09-24 14:00:00,918.0999999999995
2018-09-24 15:00:00,918.0999999999995
2018-09-24 16:00:00,917.2999999999994
2018-09-24 17:00:00,918.2999999999994
2018-09-24 18:00:00,918.6999999999994
2018-09-24 19:00:00,918.1999999999994
2018-09-25 13:00:00,917.3999999999994
2018-09-25 14:00:00,916.8999999999994
2018-09-25 15:00:00,916.2999999999994
2018-09-25 16:00:00,918.1999999999994
2018-09-25 17:00:00,915.8999999999994
2018-09-25 18:00:00,916.0999999999995
2018-09-25 19:00:00,915.4999999999994
2018-09-26 13:00:00,916.2999999999994
2018-09-26 14:00:00,915.9999999999994
2018-09-26 15:00:00,915.8999999999994
2018-09-26 16:00:00,916.8999999999994
2018-09-26 17:00:00,917.3999999999994
2018-09-26 18:00:00,918.0999999999995
2018-09-26 19:00:00,914.1999999999994
2018-09-27 13:00:00,915.5999999999995
2018-09-27 14:00:00,917.1999999999994
2018-09-27 15:00:00,918.1999999999994
2018-09-27 16:00:00,918.8999999999994
2018-09-27 17:00:00,917.9999999999994
2018-09-27 18:00:00,915.4999999999994
2018-09-27 19:00:00,915.8999999999994
2018-09-28 13:00:00,915.7999999999994
2018-09-28 14:00:00,916.2999999999994
2018-09-28 15:00:00,914.7999999999994
2018-09-28 16:00:00,914.6999999999994
2018-09-28 17:00:00,915.9999999999994
2018-09-28 18:00:00,914.5999999999995
2018-09-28 19:00:00,914.9999999999994
2018-10-01 13:00:00,923.4999999999994
2018-10-01 14:00:00,924.0999999999995
2018-10-01 15:00:00,924.0999999999995
2018-10-01 16:00:00,922.1999999999994
2018-10-01 17:00:00,922.8999999999994
2018-10-01 18:00:00,923.2999999999994
2018-10-01 19:00:00,921.7999999999994
2018-10-02 13:00:00,921.0999999999995
2018-10-02 14:00:00,921.6999999999994
2018-10-02 15:00:00,922.0999999999995
2018-10-02 16:00:00,922.8999999999994
2018-10-02 17:00:00,924.4999999999994
2018-10-02 18:00:00,924.7999999999994
2018-10-02 19:00:00,923.5999999999995
2018-10-03 13:00:00,926.3999999999994
2018-10-03 14:00:00,929.0999999999995
2018-10-03 15:00:00,928.5999999999995
2018-10-03 16:00:00,929.6999999999994
2018-10-03 17:00:00,930.1999999999994
2018-10-03 18:00:00,928.3999999999994
2018-10-03 19:00:00,926.9999999999994
2018-10-04 13:00:00,927.7999999999994
2018-10-04 14:00:00,924.6999999999994
2018-10-04 15:00:00,924.8999999999994
2018-10-04 16:00:00,921.1999999999994
2018-10-04 17:00:00,920.3999999999994
2018-10-04 18:00:00,922.7999999999994
2018-10-04 19:00:00,924.3999999999994
2018-10-05 13:00:00,926.4999999999994
2018-10-05 14:00:00,924.2999999999994
2018-10-05 15:00:00,918.3999999999994
2018-10-05 16:00:00,918.1999999999994
2018-10-05 17:00:00,919.1999999999994
2018-10-05 18:00:00,920.9999999999994
2018-10-05 19:00:00,921.4999999999994
2018-10-08 13:00:00,920.4999999999994
2018-10-08 14:00:00,920.8999999999994
2018-10-08 15:00:00,914.8999999999994
2018-10-08 16:00:00,916.6999999999994
2018-10-08 17:00:00,917.6999999999994
2018-10-08 18:00:00,921.1999999999994
2018-10-08 19:00:00,922.1999999999994
2018-10-09 13:00:00,915.3999999999994
2018-10-09 14:00:00,913.7999999999994
2018-10-09 15:00:00,915.6999999999994
2018-10-09 16:00:00,912.4999999999994
2018-10-09 17:00:00,913.0999999999995
2018-10-09 18:00:00,912.4999999999994
2018-10-09 19:00:00,910.0999999999995
2018-10-10 13:00:00,897.2999999999994
2018-10-10 14:00:00,892.4999999999994
2018-10-10 15:00:00,892.0999999999995
2018-10-10 16:00:00,893.2999999999994
2018-10-10 17:00:00,893.8999999999994
2018-10-10 18:00:00,890.8999999999994
2018-10-10 19:00:00,883.3999999999994
2018-10-11 13:00:00,885.5999999999995
2018-10-11 14:00:00,876.3999999999994
2018-10-11 15:00:00,878.2999999999994
2018-10-11 16:00:00,879.5999999999995
2018-10-11 17:00:00,876.8999999999994
2018-10-11 18:00:00,868.5999999999995
2018-10-11 19:00:00,865.4999999999994
2018-10-12 13:00:00,874.6999999999994
2018-10-12 14:00:00,871.2999999999994
2018-10-12 15:00:00,866.7999999999994
2018-10-12 16:00:00,863.8999999999994
2018-10-12 17:00:00,865.9999999999994
2018-10-12 18:00:00,865.2999999999994
2018-10-12 19:00:00,869.1999999999994
2018-10-15 13:00:00,871.8999999999994
2018-10-15 14:00:00,872.4999999999994
2018-10-15 15:00:00,871.3999999999994
2018-10-15 16:00:00,872.2999999999994
2018-10-15 17:00:00,874.6999999999994
2018-10-15 18:00:00,875.4999999999994
2018-10-15 19:00:00,871.2999999999994
2018-10-16 13:00:00,872.0999999999995
2018-10-16 14:00:00,878.9999999999994
2018-10-16 15:00:00,878.1999999999994
2018-10-16 16:00:00,879.9999999999994
2018-10-16 17:00:00,880.8999999999994
2018-10-16 18:00:00,880.3999999999994
2018-10-16 19:00:00,883.0999999999995
2018-10-17 13:00:00,881.9999999999994
2018-10-17 14:00:00,875.5999999999995
2018-10-17 15:00:00,879.4999999999994
2018-10-17 16:00:00,880.0999999999995
2018-10-17 17:00:00,881.1999999999994
2018-10-17 18:00:00,879.7999999999994
2018-10-17 19:00:00,877.6999999999994
2018-10-18 13:00:00,871.0999999999995
2018-10-18 14:00:00,874.7999999999994
2018-10-18 15:00:00,864.5999999999995
2018-10-18 16:00:00,867.3999999999994
2018-10-18 17:00:00,861.4999999999994
2018-10-18 18:00:00,865.3999999999994
2018-10-18 19:00:00,863.4999999999994
2018-10-19 13:00:00,866.9999999999994
2018-10-19 14:00:00,865.1999999999994
2018-10-19 15:00:00,865.3999999999994
2018-10-19 16:00:00,862.1999999999994
2018-10-19 17:00:00,863.2999999999994
2018-10-19 18:00:00,862.4999999999994
2018-10-19 19:00:00,861.6999999999994
2018-10-22 13:00:00,856.8999999999994
2018-10-22 14:00:00,860.7999999999994
2018-10-22 15:00:00,857.8999999999994
2018-10-22 16:00:00,858.8999999999994
2018-10-22 17:00:00,859.1999999999994
2018-10-22 18:00:00,860.9999999999994
2018-10-22 19:00:00,858.9999999999994
2018-10-23 13:00:00,844.4999999999994
2018-10-23 14:00:00,838.8999999999994
2018-10-23 15:00:00,836.6999999999994
2018-10-23 16:00:00,842.0999999999995
2018-10-23 17:00:00,842.0999999999995
2018-10-23 18:00:00,849.8999999999994
2018-10-23 19:00:00,846.7999999999994
2018-10-23 20:00:00,846.3999999999994
2018-10-24 13:00:00,845.1999999999994
2018-10-24 14:00:00,840.3999999999994
2018-10-24 15:00:00,839.1999999999994
2018-10-24 16:00:00,837.7999999999994
2018-10-24 17:00:00,834.0999999999995
2018-10-24 18:00:00,833.1999999999994
2018-10-24 19:00:00,822.6999999999994
2018-10-25 09:00:00,828.2999999999994
2018-10-25 13:00:00,825.5999999999995
2018-10-25 14:00:00,827.7999999999994
2018-10-25 15:00:00,827.3999999999994
2018-10-25 16:00:00,826.7999999999994
2018-10-25 17:00:00,829.2999999999994
2018-10-25 18:00:00,830.1999999999994
2018-10-25 19:00:00,826.6999999999994
2018-10-26 13:00:00,818.6999999999994
2018-10-26 14:00:00,812.3999999999994
2018-10-26 15:00:00,818.7999999999994
2018-10-26 16:00:00,826.1999999999994
2018-10-26 17:00:00,825.2999999999994
2018-10-26 18:00:00,817.4999999999994
2018-10-26 19:00:00,819.8999999999994
2018-10-26 20:00:00,819.9999999999994
2018-10-29 13:00:00,827.1999999999994
2018-10-29 14:00:00,827.8999999999994
2018-10-29 15:00:00,823.3999999999994
2018-10-29 16:00:00,820.3999999999994
2018-10-29 17:00:00,821.0999999999995
2018-10-29 18:00:00,813.3999999999994
2018-10-29 19:00:00,807.6999999999994
2018-10-30 13:00:00,817.9999999999994
2018-10-30 14:00:00,812.3999999999994
2018-10-30 15:00:00,812.9999999999994
2018-10-30 16:00:00,813.4999999999994
2018-10-30 17:00:00,815.0999999999995
2018-10-30 18:00:00,818.0999999999995
2018-10-30 19:00:00,822.1999999999994
2018-10-31 13:00:00,835.0999999999995
2018-10-31 14:00:00,832.3999999999994
2018-10-31 15:00:00,832.0999999999995
2018-10-31 16:00:00,831.6999999999994
2018-10-31 17:00:00,832.9999999999994
2018-10-31 18:00:00,833.7999999999994
2018-10-31 19:00:00,827.7999999999994
2018-10-31 20:00:00,827.5999999999995
2018-11-01 13:00:00,830.7999999999994
2018-11-01 14:00:00,836.8999999999994
2018-11-01 15:00:00,839.8999999999994
2018-11-01 16:00:00,839.5999999999995
2018-11-01 17:00:00,840.5999999999995
2018-11-01 18:00:00,841.5999999999995
2018-11-01 19:00:00,840.2999999999994
2018-11-01 20:00:00,839.9999999999994
2018-11-02 13:00:00,847.3999999999994
2018-11-02 14:00:00,843.4999999999994
2018-11-02 15:00:00,842.1999999999994
2018-11-02 16:00:00,835.6999999999994
2018-11-02 17:00:00,837.1999999999994
2018-11-02 18:00:00,839.5999999999995
2018-11-02 19:00:00,838.0999999999995
2018-11-05 14:00:00,840.2999999999994
2018-11-05 15:00:00,842.5999999999995
2018-11-05 16:00:00,839.4999999999994
2018-11-05 17:00:00,839.5999999999995
2018-11-05 18:00:00,841.3999999999994
2018-11-05 19:00:00,843.9999999999994
2018-11-05 20:00:00,842.4999999999994
2018-11-06 14:00:00,847.1999999999994
2018-11-06 15:00:00,848.8999999999994
2018-11-06 16:00:00,849.1999999999994
2018-11-06 17:00:00,849.1999999999994
2018-11-06 18:00:00,849.6999999999994
2018-11-06 19:00:00,847.3999999999994
2018-11-06 20:00:00,850.1999999999994
2018-11-07 14:00:00,850.0999999999995
2018-11-07 15:00:00,852.0999999999995
2018-11-07 16:00:00,856.0999999999995
2018-11-07 17:00:00,857.9999999999994
2018-11-07 18:00:00,855.9999999999994
2018-11-07 19:00:00,858.7999999999994
2018-11-07 20:00:00,862.1999999999994
2018-11-08 14:00:00,862.3999999999994
2018-11-08 15:00:00,858.3999999999994
2018-11-08 16:00:00,862.9999999999994
2018-11-08 17:00:00,861.9999999999994
2018-11-08 18:00:00,861.3999999999994
2018-11-08 19:00:00,859.2999999999994
2018-11-08 20:00:00,860.0999999999995
2018-11-09 14:00:00,853.1999999999994
2018-11-09 15:00:00,851.8999999999994
2018-11-09 16:00:00,849.2999999999994
2018-11-09 17:00:00,851.3999999999994
2018-11-09 18:00:00,849.4999999999994
2018-11-09 19:00:00,851.4999999999994
2018-11-09 20:00:00,853.3999999999994
2018-11-12 14:00:00,847.2999999999994
2018-11-12 15:00:00,845.9999999999994
2018-11-12 16:00:00,844.7999999999994
2018-11-12 17:00:00,843.1999999999994
2018-11-12 18:00:00,842.0999999999995
2018-11-12 19:00:00,841.7999999999994
2018-11-12 20:00:00,837.9999999999994
2018-11-13 14:00:00,840.4999999999994
2018-11-13 15:00:00,844.8999999999994
2018-11-13 16:00:00,848.6999999999994
2018-11-13 17:00:00,846.5999999999995
2018-11-13 18:00:00,845.5999999999995
2018-11-13 19:00:00,841.3999999999994
2018-11-13 20:00:00,841.6999999999994
2018-11-14 14:00:00,849.3999999999994
2018-11-14 15:00:00,844.5999999999995
2018-11-14 16:00:00,841.4999999999994
2018-11-14 17:00:00,840.0999999999995
2018-11-14 18:00:00,836.9999999999994
2018-11-14 19:00:00,842.7999999999994
2018-11-14 20:00:00,838.6999999999994
2018-11-15 14:00:00,836.5999999999995
2018-11-15 15:00:00,835.6999999999994
2018-11-15 16:00:00,841.1999999999994
2018-11-15 17:00:00,839.7999999999994
2018-11-15 18:00:00,847.6999999999994
2018-11-15 19:00:00,850.2999999999994
2018-11-15 20:00:00,847.4999999999994
2018-11-16 14:00:00,846.0999999999995
2018-11-16 15:00:00,845.8999999999994
2018-11-16 16:00:00,843.2999999999994
2018-11-16 17:00:00,848.2999999999994
2018-11-16 18:00:00,845.4999999999994
2018-11-16 19:00:00,847.8999999999994
2018-11-16 20:00:00,847.9999999999994
2018-11-19 14:00:00,845.0999999999995
2018-11-19 15:00:00,842.9999999999994
2018-11-19 16:00:00,838.1999999999994
2018-11-19 17:00:00,838.2999999999994
2018-11-19 18:00:00,836.4999999999994
2018-11-19 19:00:00,836.5999999999995
2018-11-19 20:00:00,835.5999999999995
2018-11-20 14:00:00,821.2999999999994
2018-11-20 15:00:00,827.6999999999994
2018-11-20 16:00:00,824.7999999999994
2018-11-20 17:00:00,822.0999999999995
2018-11-20 18:00:00,821.2999999999994
2018-11-20 19:00:00,822.1999999999994
2018-11-20 20:00:00,822.2999999999994
2018-11-21 14:00:00,826.9999999999994
2018-11-21 15:00:00,829.8999999999994
2018-11-21 16:00:00,830.8999999999994
2018-11-21 17:00:00,830.3999999999994
2018-11-21 18:00:00,830.8999999999994
2018-11-21 19:00:00,829.7999999999994
2018-11-21 20:00:00,826.7999999999994
2018-11-23 14:00:00,826.7999999999994
2018-11-23 15:00:00,827.3999999999994
2018-11-23 16:00:00,828.8999999999994
2018-11-23 17:00:00,825.9999999999994
2018-11-26 14:00:00,833.1999999999994
2018-11-26 15:00:00,830.9999999999994
2018-11-26 16:00:00,828.6999999999994
2018-11-26 17:00:00,825.3999999999994
2018-11-26 18:00:00,827.3999999999994
2018-11-26 19:00:00,829.4999999999994
2018-11-26 20:00:00,830.5999999999995
2018-11-27 14:00:00,822.6999999999994
2018-11-27 15:00:00,826.4999999999994
2018-11-27 16:00:00,824.1999999999994
2018-11-27 17:00:00,823.2999999999994
2018-11-27 18:00:00,824.1999999999994
2018-11-27 19:00:00,827.4999999999994
2018-11-27 20:00:00,828.4999999999994
2018-11-27 21:00:00,828.4999999999994
2018-11-28 12:00:00,832.1999999999994
2018-11-28 14:00:00,830.8999999999994
2018-11-28 15:00:00,829.7999999999994
2018-11-28 16:00:00,832.3999999999994
2018-11-28 17:00:00,840.4999999999994
2018-11-28 18:00:00,842.2999999999994
2018-11-28 19:00:00,841.9999999999994
2018-11-28 20:00:00,845.4999999999994
2018-11-28 21:00:00,845.0999999999995
2018-11-29 14:00:00,843.4999999999994
2018-11-29 15:00:00,840.8999999999994
2018-11-29 16:00:00,844.0999999999995
2018-11-29 17:00:00,845.5999999999995
2018-11-29 18:00:00,844.8999999999994
2018-11-29 19:00:00,848.5999999999995
2018-11-29 20:00:00,845.4999999999994
2018-11-30 14:00:00,845.5999999999995
2018-11-30 15:00:00,848.1999999999994
2018-11-30 16:00:00,848.5999999999995
2018-11-30 17:00:00,846.9999999999994
2018-11-30 18:00:00,849.4999999999994
2018-11-30 19:00:00,851.0999999999995
2018-11-30 20:00:00,852.6999999999994
2018-12-03 14:00:00,866.0999999999995
2018-12-03 15:00:00,862.1999999999994
2018-12-03 16:00:00,859.3999999999994
2018-12-03 17:00:00,862.4999999999994
2018-12-03 18:00:00,861.4999999999994
2018-12-03 19:00:00,862.3999999999994
2018-12-03 20:00:00,861.1999999999994
2018-12-04 14:00:00,852.5999999999995
2018-12-04 15:00:00,849.7999999999994
2018-12-04 16:00:00,846.1999999999994
2018-12-04 17:00:00,839.1999999999994
2018-12-04 18:00:00,834.5999999999995
2018-12-04 19:00:00,837.0999999999995
2018-12-04 20:00:00,829.4999999999994
2018-12-04 21:00:00,830.1999999999994
2018-12-06 14:00:00,814.5999999999995
2018-12-06 15:00:00,811.0999999999995
2018-12-06 16:00:00,810.6999999999994
2018-12-06 17:00:00,816.6999999999994
2018-12-06 18:00:00,818.2999999999994
2018-12-06 19:00:00,818.1999999999994
2018-12-06 20:00:00,825.4999999999994
2018-12-06 21:00:00,825.6999999999994
2018-12-07 14:00:00,827.3999999999994
2018-12-07 15:00:00,821.3999999999994
2018-12-07 16:00:00,816.3999999999994
2018-12-07 17:00:00,815.3999999999994
2018-12-07 18:00:00,810.3999999999994
2018-12-07 19:00:00,806.6999999999994
2018-12-07 20:00:00,808.0999999999995
2018-12-10 14:00:00,805.3999999999994
2018-12-10 15:00:00,798.8999999999994
2018-12-10 16:00:00,797.8999999999994
2018-12-10 17:00:00,804.6999999999994
2018-12-10 18:00:00,805.7999999999994
2018-12-10 19:00:00,808.7999999999994
2018-12-10 20:00:00,809.7999999999994
2018-12-11 14:00:00,817.4999999999994
2018-12-11 15:00:00,812.5999999999995
2018-12-11 16:00:00,810.2999999999994
2018-12-11 17:00:00,806.7999999999994
2018-12-11 18:00:00,801.0999999999995
2018-12-11 19:00:00,808.5999999999995
2018-12-11 20:00:00,804.7999999999994
2018-12-11 21:00:00,804.7999999999994
2018-12-12 14:00:00,813.5999999999995
2018-12-12 15:00:00,817.4999999999994
2018-12-12 16:00:00,816.2999999999994
2018-12-12 17:00:00,817.9999999999994
2018-12-12 18:00:00,816.1999999999994
2018-12-12 19:00:00,813.6999999999994
2018-12-12 20:00:00,809.1999999999994
2018-12-13 14:00:00,808.9999999999994
2018-12-13 15:00:00,808.4999999999994
2018-12-13 16:00:00,809.2999999999994
2018-12-13 17:00:00,806.1999999999994
2018-12-13 18:00:00,807.5999999999995
2018-12-13 19:00:00,804.6999999999994
2018-12-14 15:00:00,804.2999999999994
2018-12-14 16:00:00,800.9999999999994
2018-12-14 17:00:00,799.5999999999995
2018-12-14 18:00:00,798.2999999999994
2018-12-14 19:00:00,795.8999999999994
2018-12-14 20:00:00,795.8999999999994
2018-12-17 14:00:00,789.8999999999994
2018-12-17 15:00:00,795.5999999999995
2018-12-17 16:00:00,795.3999999999994
2018-12-17 17:00:00,791.2999999999994
2018-12-17 18:00:00,788.9999999999994
2018-12-17 19:00:00,786.6999999999994
2018-12-17 20:00:00,783.5999999999995
2018-12-18 14:00:00,796.2999999999994
2018-12-18 15:00:00,792.3999999999994
2018-12-18 16:00:00,792.9999999999994
2018-12-18 17:00:00,793.7999999999994
2018-12-18 18:00:00,791.2999999999994
2018-12-18 19:00:00,785.8999999999994
2018-12-18 20:00:00,789.2999999999994
2018-12-19 14:00:00,795.1999999999994
2018-12-19 15:00:00,794.3999999999994
2018-12-19 16:00:00,792.4999999999994
2018-12-19 17:00:00,796.3999999999994
2018-12-19 18:00:00,797.1999999999994
2018-12-19 19:00:00,780.1999999999994
2018-12-19 20:00:00,776.7999999999994
2018-12-20 14:00:00,773.5999999999995
2018-12-20 15:00:00,773.5999999999995
2018-12-20 16:00:00,765.5999999999995
2018-12-20 17:00:00,767.0999999999995
2018-12-20 18:00:00,762.5999999999995
2018-12-20 19:00:00,764.4999999999994
2018-12-20 20:00:00,763.8999999999994
2018-12-21 14:00:00,763.4999999999994
2018-12-21 15:00:00,765.4999999999994
2018-12-21 16:00:00,762.4999999999994
2018-12-21 17:00:00,758.4999999999994
2018-12-21 18:00:00,758.0999999999995
2018-12-21 19:00:00,756.3999999999994
2018-12-21 20:00:00,752.1999999999994
2018-12-24 12:00:00,748.8999999999994
2018-12-24 13:00:00,742.8999999999994
2018-12-24 14:00:00,739.3999999999994
2018-12-24 15:00:00,742.1999999999994
2018-12-24 16:00:00,736.5999999999995
2018-12-24 17:00:00,732.4999999999994
2018-12-26 14:00:00,733.4999999999994
2018-12-26 15:00:00,728.5999999999995
2018-12-26 16:00:00,738.2999999999994
2018-12-26 17:00:00,744.6999999999994
2018-12-26 18:00:00,746.5999999999995
2018-12-26 19:00:00,747.5999999999995
2018-12-26 20:00:00,760.6999999999994
2018-12-27 14:00:00,749.9999999999994
2018-12-27 15:00:00,750.3999999999994
2018-12-27 16:00:00,754.2999999999994
2018-12-27 17:00:00,752.4999999999994
2018-12-27 18:00:00,749.0999999999995
2018-12-27 19:00:00,750.5999999999995
2018-12-27 20:00:00,767.2999999999994
2018-12-28 14:00:00,772.2999999999994
2018-12-28 15:00:00,768.2999999999994
2018-12-28 16:00:00,769.7999999999994
2018-12-28 17:00:00,768.6999999999994
2018-12-28 18:00:00,769.1999999999994
2018-12-28 19:00:00,773.8999999999994
2018-12-28 20:00:00,766.5999999999995
2018-12-31 14:00:00,772.1999999999994
2018-12-31 15:00:00,768.8999999999994
2018-12-31 16:00:00,768.8999999999994
2018-12-31 17:00:00,770.0999999999995
2018-12-31 18:00:00,768.7999999999994
2018-12-31 19:00:00,768.3999999999994
2018-12-31 20:00:00,771.9999999999994
2018-12-31 21:00:00,772.5999999999995
2019-01-02 14:00:00,762.9999999999994
2019-01-02 15:00:00,771.2999999999994
2019-01-02 16:00:00,771.9999999999994
2019-01-02 17:00:00,773.3999999999994
2019-01-02 18:00:00,776.2999999999994
2019-01-02 19:00:00,772.7999999999994
2019-01-02 20:00:00,775.7999999999994
2019-01-03 14:00:00,766.6999999999994
2019-01-03 15:00:00,757.8999999999994
2019-01-03 16:00:00,764.2999999999994
2019-01-03 17:00:00,764.2999999999994
2019-01-03 18:00:00,758.9999999999994
2019-01-03 19:00:00,757.8999999999994
2019-01-03 20:00:00,755.6999999999994
2019-01-04 14:00:00,769.7999999999994
2019-01-04 15:00:00,773.3999999999994
2019-01-04 16:00:00,775.4999999999994
2019-01-04 17:00:00,779.9999999999994
2019-01-04 18:00:00,779.3999999999994
2019-01-04 19:00:00,778.1999999999994
2019-01-04 20:00:00,780.2999999999994
2019-01-07 14:00:00,778.1999999999994
2019-01-07 15:00:00,781.1999999999994
2019-01-07 16:00:00,785.9999999999994
2019-01-07 17:00:00,787.2999999999994
2019-01-07 18:00:00,787.2999999999994
2019-01-07 19:00:00,785.4999999999994
2019-01-07 20:00:00,784.6999999999994
2019-01-08 14:00:00,794.5999999999995
2019-01-08 15:00:00,789.9999999999994
2019-01-08 16:00:00,788.4999999999994
2019-01-08 17:00:00,790.8999999999994
2019-01-08 18:00:00,793.6999999999994
2019-01-08 19:00:00,792.9999999999994
2019-01-08 20:00:00,794.2999999999994
2019-01-09 14:00:00,798.7999999999994
2019-01-09 15:00:00,796.5999999999995
2019-01-09 16:00:00,799.4999999999994
2019-01-09 17:00:00,801.2999999999994
2019-01-09 18:00:00,799.8999999999994
2019-01-09 19:00:00,800.9999999999994
2019-01-09 20:00:00,798.9999999999994
2019-01-10 14:00:00,794.7999999999994
2019-01-10 15:00:00,799.7999999999994
2019-01-10 16:00:00,802.5999999999995
2019-01-10 17:00:00,805.7999999999994
2019-01-10 18:00:00,802.5999999999995
2019-01-10 19:00:00,806.7999999999994
2019-01-10 20:00:00,808.6999999999994
2019-01-11 14:00:00,803.3999999999994
2019-01-11 15:00:00,801.9999999999994
2019-01-11 16:00:00,806.0999999999995
2019-01-11 17:00:00,806.4999999999994
2019-01-11 19:00:00,805.8999999999994
2019-01-11 20:00:00,807.6999999999994
2019-01-14 14:00:00,803.7999999999994
2019-01-14 15:00:00,804.8999999999994
2019-01-14 16:00:00,804.5999999999995
2019-01-14 20:00:00,807.5999999999995
2019-01-15 14:00:00,803.4999999999994
2019-01-15 15:00:00,803.0999999999995
2019-01-15 16:00:00,804.8999999999994
2019-01-15 17:00:00,805.8999999999994
2019-01-15 18:00:00,804.1999999999994
2019-01-15 19:00:00,803.9999999999994
2019-01-15 20:00:00,804.6999999999994
2019-01-16 14:00:00,807.9999999999994
2019-01-16 15:00:00,805.3999999999994
2019-01-16 16:00:00,805.5999999999995
2019-01-16 17:00:00,805.7999999999994
2019-01-16 18:00:00,806.2999999999994
2019-01-16 19:00:00,807.0999999999995
2019-01-16 20:00:00,805.8999999999994
2019-01-17 14:00:00,807.0999999999995
2019-01-17 15:00:00,808.6999999999994
2019-01-17 16:00:00,811.1999999999994
2019-01-17 17:00:00,809.9999999999994
2019-01-17 18:00:00,811.2999999999994
2019-01-17 19:00:00,814.7999999999994
2019-01-17 20:00:00,816.6999999999994
2019-01-18 14:00:00,824.1999999999994
2019-01-18 15:00:00,827.7999999999994
2019-01-18 16:00:00,829.7999999999994
2019-01-18 17:00:00,831.6999999999994
2019-01-18 18:00:00,830.6999999999994
2019-01-18 19:00:00,828.9999999999994
2019-01-18 20:00:00,829.8999999999994
2019-01-22 14:00:00,818.9999999999994
2019-01-22 15:00:00,819.1999999999994
2019-01-22 16:00:00,817.9999999999994
2019-01-22 17:00:00,816.1999999999994
2019-01-22 18:00:00,813.3999999999994
2019-01-22 19:00:00,812.7999999999994
2019-01-22 20:00:00,815.3999999999994
2019-01-23 14:00:00,822.2999999999994
2019-01-23 15:00:00,816.1999999999994
2019-01-23 16:00:00,811.9999999999994
2019-01-23 17:00:00,813.2999999999994
2019-01-23 18:00:00,814.1999999999994
2019-01-23 19:00:00,814.2999999999994
2019-01-23 20:00:00,816.9999999999994
2019-01-24 14:00:00,816.8999999999994
2019-01-24 15:00:00,821.0999999999995
2019-01-24 16:00:00,822.5999999999995
2019-01-24 17:00:00,819.7999999999994
2019-01-24 18:00:00,818.9999999999994
2019-01-24 19:00:00,819.8999999999994
2019-01-24 20:00:00,820.7999999999994
2019-01-25 14:00:00,828.4999999999994
2019-01-25 15:00:00,831.3999999999994
2019-01-25 16:00:00,830.4999999999994
2019-01-25 17:00:00,828.6999999999994
2019-01-25 18:00:00,829.6999999999994
2019-01-25 19:00:00,830.1999999999994
2019-01-25 20:00:00,828.8999999999994
2019-01-28 14:00:00,819.4999999999994
2019-01-28 15:00:00,821.1999999999994
2019-01-28 16:00:00,818.3999999999994
2019-01-28 17:00:00,818.3999999999994
2019-01-28 18:00:00,821.2999999999994
2019-01-28 19:00:00,820.8999999999994
2019-01-28 20:00:00,821.9999999999994
2019-01-29 14:00:00,829.8999999999994
2019-01-29 15:00:00,829.0999999999995
2019-01-29 16:00:00,831.8999999999994
2019-01-29 17:00:00,832.0999999999995
2019-01-29 18:00:00,830.7999999999994
2019-01-29 19:00:00,829.0999999999995
2019-01-29 20:00:00,831.4999999999994
2019-01-30 14:00:00,831.7999999999994
2019-01-30 15:00:00,834.9999999999994
2019-01-30 16:00:00,837.0999999999995
2019-01-30 17:00:00,840.0999999999995
2019-01-30 18:00:00,837.0999999999995
2019-01-30 19:00:00,845.7999999999994
2019-01-30 20:00:00,842.6999999999994
2019-01-31 14:00:00,842.8999999999994
2019-01-31 15:00:00,845.7999999999994
2019-01-31 16:00:00,847.9999999999994
2019-01-31 17:00:00,845.8999999999994
2019-01-31 18:00:00,844.2999999999994
2019-01-31 19:00:00,845.3999999999994
2019-01-31 20:00:00,845.6999999999994
2019-02-01 14:00:00,847.0999999999995
2019-02-01 15:00:00,847.4999999999994
2019-02-01 16:00:00,849.8999999999994
2019-02-01 17:00:00,848.3999999999994
2019-02-01 19:00:00,845.5999999999995
2019-02-01 20:00:00,846.9999999999994
2019-02-04 14:00:00,848.1999999999994
2019-02-04 15:00:00,847.6999999999994
2019-02-04 16:00:00,849.5999999999995
2019-02-04 17:00:00,850.2999999999994
2019-02-04 18:00:00,852.9999999999994
2019-02-04 19:00:00,853.7999999999994
2019-02-04 20:00:00,855.8999999999994
2019-02-05 14:00:00,857.4999999999994
2019-02-05 15:00:00,858.4999999999994
2019-02-05 16:00:00,859.0999999999995
2019-02-05 17:00:00,856.9999999999994
2019-02-05 18:00:00,858.7999999999994
2019-02-05 19:00:00,861.4999999999994
2019-02-05 20:00:00,862.7999999999994
2019-02-06 14:00:00,861.9999999999994
2019-02-06 15:00:00,865.6999999999994
2019-02-06 16:00:00,863.1999999999994
2019-02-06 18:00:00,864.4999999999994
2019-02-06 19:00:00,863.3999999999994
2019-02-06 20:00:00,862.3999999999994
2019-02-07 14:00:00,858.3999999999994
2019-02-07 15:00:00,860.0999999999995
2019-02-07 16:00:00,853.5999999999995
2019-02-07 17:00:00,853.7999999999994
2019-02-07 18:00:00,856.0999999999995
2019-02-07 19:00:00,856.3999999999994
2019-02-07 20:00:00,857.2999999999994
2019-02-08 14:00:00,854.0999999999995
2019-02-08 15:00:00,851.9999999999994
2019-02-08 16:00:00,850.8999999999994
2019-02-08 17:00:00,853.5999999999995
2019-02-08 18:00:00,853.9999999999994
2019-02-08 20:00:00,857.6999999999994
2019-02-11 14:00:00,861.5999999999995
2019-02-11 16:00:00,861.2999999999994
2019-02-11 18:00:00,861.1999999999994
2019-02-11 20:00:00,862.4999999999994
2019-02-12 14:00:00,870.2999999999994
2019-02-12 15:00:00,872.0999999999995
2019-02-12 16:00:00,873.4999999999994
2019-02-12 17:00:00,872.8999999999994
2019-02-12 18:00:00,874.9999999999994
2019-02-12 19:00:00,874.1999999999994
2019-02-12 20:00:00,874.2999999999994
2019-02-13 14:00:00,876.6999999999994
2019-02-13 15:00:00,877.6999999999994
2019-02-13 16:00:00,874.9999999999994
2019-02-13 17:00:00,877.4999999999994
2019-02-13 18:00:00,877.4999999999994
2019-02-13 19:00:00,879.4999999999994
2019-02-13 20:00:00,878.3999999999994
2019-02-14 13:00:00,876.8999999999994
2019-02-14 14:00:00,872.5999999999995
2019-02-14 15:00:00,875.6999999999994
2019-02-14 16:00:00,873.3999999999994
2019-02-14 17:00:00,876.0999999999995
2019-02-14 18:00:00,875.4999999999994
2019-02-14 20:00:00,874.6999999999994
2019-02-14 21:00:00,874.5999999999995
2019-02-15 14:00:00,881.4999999999994
2019-02-15 15:00:00,881.8999999999994
2019-02-15 16:00:00,881.8999999999994
2019-02-15 17:00:00,882.8999999999994
2019-02-15 19:00:00,882.3999999999994
2019-02-15 20:00:00,884.1999999999994
2019-02-19 14:00:00,881.8999999999994
2019-02-19 16:00:00,881.6999999999994
2019-02-19 17:00:00,884.4999999999994
2019-02-19 18:00:00,884.3999999999994
2019-02-19 20:00:00,883.9999999999994
2019-02-20 14:00:00,884.3999999999994
2019-02-20 15:00:00,885.2999999999994
2019-02-20 16:00:00,885.7999999999994
2019-02-20 17:00:00,885.2999999999994
2019-02-20 18:00:00,886.6999999999994
2019-02-20 19:00:00,887.6999999999994
2019-02-20 20:00:00,887.1999999999994
2019-02-21 14:00:00,885.4999999999994
2019-02-21 15:00:00,885.2999999999994
2019-02-21 16:00:00,885.1999999999994
2019-02-21 17:00:00,885.6999999999994
2019-02-21 18:00:00,885.9999999999994
2019-02-21 19:00:00,882.4999999999994
2019-02-21 20:00:00,884.2999999999994
2019-02-22 14:00:00,882.7999999999994
2019-02-22 15:00:00,886.6999999999994
2019-02-22 16:00:00,887.7999999999994
2019-02-22 17:00:00,887.6999999999994
2019-02-22 18:00:00,887.1999999999994
2019-02-22 19:00:00,885.5999999999995
2019-02-22 20:00:00,888.9999999999994
2019-02-25 14:00:00,897.0999999999995
2019-02-25 15:00:00,896.4999999999994
2019-02-25 16:00:00,896.9999999999994
2019-02-25 17:00:00,894.9999999999994
2019-02-25 18:00:00,894.1999999999994
2019-02-25 19:00:00,893.8999999999994
2019-02-25 20:00:00,891.8999999999994
2019-02-26 14:00:00,891.8999999999994
2019-02-26 15:00:00,891.1999999999994
2019-02-26 16:00:00,893.3999999999994
2019-02-26 17:00:00,893.8999999999994
2019-02-26 19:00:00,892.8999999999994
2019-02-26 20:00:00,890.1999999999994
2019-02-27 14:00:00,890.7999999999994
2019-02-27 15:00:00,887.8999999999994
2019-02-27 16:00:00,889.3999999999994
2019-02-27 18:00:00,891.8999999999994
2019-02-27 19:00:00,892.6999999999994
2019-02-27 20:00:00,892.6999999999994
2019-02-28 14:00:00,893.0999999999995
2019-02-28 15:00:00,891.0999999999995
2019-02-28 16:00:00,891.4999999999994
2019-02-28 17:00:00,891.2999999999994
2019-02-28 18:00:00,891.6999999999994
2019-02-28 19:00:00,890.0999999999995
2019-02-28 20:00:00,889.9999999999994
2019-03-01 12:00:00,893.8999999999994
2019-03-01 14:00:00,894.9999999999994
2019-03-01 15:00:00,890.0999999999995
2019-03-01 16:00:00,887.1999999999994
2019-03-01 17:00:00,888.5999999999995
2019-03-01 19:00:00,891.5999999999995
2019-03-01 20:00:00,890.7999999999994
2019-03-04 14:00:00,897.1999999999994
2019-03-04 15:00:00,895.3999999999994
2019-03-04 16:00:00,884.6999999999994
2019-03-04 17:00:00,882.3999999999994
2019-03-04 18:00:00,884.0999999999995
2019-03-04 19:00:00,888.3999999999994
2019-03-04 20:00:00,887.0999999999995
2019-03-05 14:00:00,886.9999999999994
2019-03-05 15:00:00,887.5999999999995
2019-03-05 16:00:00,887.6999999999994
2019-03-05 18:00:00,883.6999999999994
2019-03-05 20:00:00,885.6999999999994
2019-03-06 14:00:00,880.5999999999995
2019-03-06 15:00:00,880.0999999999995
2019-03-06 16:00:00,876.6999999999994
2019-03-06 17:00:00,875.8999999999994
2019-03-06 18:00:00,875.7999999999994
2019-03-06 19:00:00,876.9999999999994
2019-03-06 20:00:00,875.7999999999994
2019-03-07 14:00:00,867.2999999999994
2019-03-07 15:00:00,867.2999999999994
2019-03-07 16:00:00,868.4999999999994
2019-03-07 17:00:00,871.3999999999994
2019-03-07 18:00:00,870.4999999999994
2019-03-07 19:00:00,868.0999999999995
2019-03-07 20:00:00,871.3999999999994
2019-03-07 21:00:00,871.0999999999995
2019-03-08 14:00:00,864.9999999999994
2019-03-08 15:00:00,864.9999999999994
2019-03-08 17:00:00,862.9999999999994
2019-03-08 20:00:00,867.6999999999994
2019-03-11 13:00:00,866.8999999999994
2019-03-11 14:00:00,869.9999999999994
2019-03-11 15:00:00,870.5999999999995
2019-03-11 16:00:00,871.8999999999995
2019-03-11 17:00:00,871.5999999999995
2019-03-11 19:00:00,875.1999999999995
2019-03-12 13:00:00,872.5999999999995
2019-03-12 14:00:00,872.2999999999995
2019-03-12 15:00:00,871.1999999999995
2019-03-12 16:00:00,868.3999999999995
2019-03-12 17:00:00,868.6999999999995
2019-03-12 18:00:00,870.0999999999995
2019-03-12 19:00:00,868.8999999999995
2019-03-13 14:00:00,875.0999999999995
2019-03-13 15:00:00,876.5999999999995
2019-03-13 16:00:00,876.4999999999994
2019-03-13 17:00:00,876.4999999999994
2019-03-13 18:00:00,872.4999999999994
2019-03-13 19:00:00,875.0999999999995
2019-03-13 20:00:00,875.7999999999995
2019-03-14 13:00:00,874.3999999999995
2019-03-14 14:00:00,872.0999999999995
2019-03-14 15:00:00,872.9999999999994
2019-03-14 16:00:00,873.7999999999995
2019-03-14 17:00:00,873.1999999999995
2019-03-14 18:00:00,871.9999999999994
2019-03-14 19:00:00,873.4999999999994
2019-03-15 13:00:00,872.6999999999995
2019-03-15 14:00:00,869.2999999999995
2019-03-15 15:00:00,873.1999999999995
2019-03-15 18:00:00,872.1999999999995
2019-03-15 19:00:00,870.9999999999994
2019-03-18 13:00:00,869.9999999999994
2019-03-18 14:00:00,872.9999999999994
2019-03-18 15:00:00,872.2999999999995
2019-03-18 16:00:00,873.4999999999994
2019-03-18 18:00:00,876.2999999999995
2019-03-18 19:00:00,877.5999999999995
2019-03-19 13:00:00,882.3999999999995
2019-03-19 14:00:00,879.6999999999995
2019-03-19 15:00:00,881.0999999999995
2019-03-19 16:00:00,878.1999999999995
2019-03-19 17:00:00,878.3999999999995
2019-03-19 18:00:00,876.7999999999995
2019-03-19 19:00:00,873.0999999999995
2019-03-20 11:00:00,872.0999999999995
2019-03-20 13:00:00,869.4999999999994
2019-03-20 14:00:00,870.4999999999994
2019-03-20 15:00:00,868.9999999999994
2019-03-20 16:00:00,867.1999999999995
2019-03-20 17:00:00,867.9999999999994
2019-03-20 18:00:00,874.8999999999995
2019-03-20 19:00:00,870.4999999999994
2019-03-21 13:00:00,872.0999999999995
2019-03-21 14:00:00,872.6999999999995
2019-03-21 15:00:00,876.5999999999995
2019-03-21 16:00:00,875.9999999999994
2019-03-21 18:00:00,877.8999999999995
2019-03-21 19:00:00,876.6999999999995
2019-03-22 13:00:00,865.9999999999994
2019-03-22 14:00:00,865.3999999999995
2019-03-22 15:00:00,859.9999999999994
2019-03-22 16:00:00,859.7999999999995
2019-03-22 17:00:00,861.4999999999994
2019-03-22 18:00:00,864.7999999999995
2019-03-22 19:00:00,859.2999999999995
2019-03-25 13:00:00,859.9999999999994
2019-03-25 14:00:00,862.4999999999994
2019-03-25 15:00:00,861.5999999999995
2019-03-25 16:00:00,860.4999999999994
2019-03-25 17:00:00,858.6999999999995
2019-03-25 18:00:00,859.6999999999995
2019-03-25 19:00:00,860.6999999999995
2019-03-26 13:00:00,866.3999999999995
2019-03-26 14:00:00,868.3999999999995
2019-03-26 15:00:00,863.7999999999995
2019-03-26 16:00:00,863.7999999999995
2019-03-26 17:00:00,862.3999999999995
2019-03-26 18:00:00,861.4999999999994
2019-03-26 19:00:00,866.0999999999995
2019-03-27 13:00:00,867.6999999999995
2019-03-27 14:00:00,864.9999999999994
2019-03-27 15:00:00,861.5999999999995
2019-03-27 16:00:00,862.5999999999995
2019-03-27 18:00:00,865.5999999999995
2019-03-27 19:00:00,866.1999999999995
2019-03-28 13:00:00,869.4999999999994
2019-03-28 14:00:00,870.8999999999995
2019-03-28 15:00:00,868.2999999999995
2019-03-28 17:00:00,871.4999999999994
2019-03-28 19:00:00,872.6999999999995
2019-03-29 13:00:00,878.4999999999994
2019-03-29 14:00:00,876.9999999999994
2019-03-29 15:00:00,878.1999999999995
2019-03-29 16:00:00,877.5999999999995
2019-03-29 17:00:00,878.0999999999995
2019-03-29 18:00:00,879.3999999999995
2019-03-29 19:00:00,879.9999999999994
2019-04-01 13:00:00,888.5999999999995
2019-04-01 14:00:00,892.7999999999995
2019-04-01 15:00:00,892.4999999999994
2019-04-01 16:00:00,893.2999999999995
2019-04-01 17:00:00,893.3999999999995
2019-04-01 18:00:00,895.1999999999995
2019-04-01 19:00:00,895.5999999999995
2019-04-02 13:00:00,897.5999999999995
2019-04-02 14:00:00,895.9999999999994
2019-04-02 15:00:00,895.0999999999995
2019-04-02 16:00:00,895.0999999999995
2019-04-02 17:00:00,894.4999999999994
2019-04-02 18:00:00,894.5999999999995
2019-04-02 19:00:00,895.3999999999995
2019-04-03 13:00:00,894.5999999999995
2019-04-03 14:00:00,896.2999999999995
2019-04-03 15:00:00,896.4999999999994
2019-04-03 16:00:00,896.3999999999995
2019-04-03 17:00:00,893.8999999999995
2019-04-03 18:00:00,892.7999999999995
2019-04-03 19:00:00,893.3999999999995
2019-04-03 20:00:00,893.2999999999995
2019-04-04 13:00:00,896.7999999999995
2019-04-04 14:00:00,898.8999999999995
2019-04-04 15:00:00,898.3999999999995
2019-04-04 16:00:00,896.4999999999994
2019-04-04 17:00:00,895.9999999999994
2019-04-04 18:00:00,896.7999999999995
2019-04-04 19:00:00,897.3999999999995
2019-04-05 13:00:00,900.2999999999995
2019-04-05 14:00:00,901.0999999999995
2019-04-05 15:00:00,899.5999999999995
2019-04-05 16:00:00,898.7999999999995
2019-04-05 17:00:00,899.2999999999995
2019-04-05 18:00:00,898.9999999999994
2019-04-05 19:00:00,899.6999999999995
2019-04-08 13:00:00,892.0999999999995
2019-04-08 14:00:00,893.0999999999995
2019-04-08 15:00:00,892.7999999999995
2019-04-08 16:00:00,891.8999999999995
2019-04-08 17:00:00,892.7999999999995
2019-04-08 18:00:00,894.1999999999995
2019-04-08 19:00:00,895.9999999999994
2019-04-09 13:00:00,887.3999999999995
2019-04-09 14:00:00,887.3999999999995
2019-04-09 15:00:00,887.3999999999995
2019-04-09 16:00:00,887.8999999999995
2019-04-09 17:00:00,887.4999999999994
2019-04-09 18:00:00,885.6999999999995
2019-04-09 19:00:00,885.5999999999995
2019-04-10 13:00:00,883.4999999999994
2019-04-10 14:00:00,881.9999999999994
2019-04-10 15:00:00,882.9999999999994
2019-04-10 16:00:00,883.6999999999995
2019-04-10 17:00:00,884.3999999999995
2019-04-10 18:00:00,884.4999999999994
2019-04-10 19:00:00,885.0999999999995
2019-04-11 13:00:00,888.9999999999994
2019-04-11 14:00:00,891.1999999999995
2019-04-11 15:00:00,888.6999999999995
2019-04-11 16:00:00,890.3999999999995
2019-04-11 17:00:00,890.7999999999995
2019-04-11 18:00:00,890.1999999999995
2019-04-11 19:00:00,892.1999999999995
2019-04-12 13:00:00,899.2999999999995
2019-04-12 14:00:00,898.4999999999994
2019-04-12 15:00:00,897.2999999999995
2019-04-12 16:00:00,900.1999999999995
2019-04-12 17:00:00,900.3999999999995
2019-04-12 18:00:00,900.5999999999995
2019-04-12 19:00:00,901.9999999999994
2019-04-15 13:00:00,899.8999999999995
2019-04-15 14:00:00,897.6999999999995
2019-04-15 15:00:00,897.0999999999995
2019-04-15 16:00:00,897.4999999999994
2019-04-15 17:00:00,898.1999999999995
2019-04-15 18:00:00,897.9999999999994
2019-04-15 19:00:00,897.9999999999994
2019-04-16 13:00:00,898.7999999999995
2019-04-16 14:00:00,899.3999999999995
2019-04-16 16:00:00,900.9999999999994
2019-04-16 17:00:00,901.1999999999995
2019-04-16 18:00:00,902.7999999999995
2019-04-16 19:00:00,901.8999999999995
2019-04-17 13:00:00,907.6999999999995
2019-04-17 14:00:00,905.0999999999995
2019-04-17 15:00:00,904.2999999999995
2019-04-17 16:00:00,904.4999999999994
2019-04-17 17:00:00,904.4999999999994
2019-04-17 18:00:00,904.1999999999995
2019-04-17 19:00:00,903.2999999999995
2019-04-18 13:00:00,911.8999999999995
2019-04-18 14:00:00,909.3999999999995
2019-04-18 15:00:00,910.9999999999994
2019-04-18 16:00:00,911.7999999999995
2019-04-18 17:00:00,912.2999999999995
2019-04-18 18:00:00,912.5999999999995
2019-04-18 19:00:00,911.9999999999994
2019-04-22 13:00:00,908.8999999999995
2019-04-22 14:00:00,909.2999999999995
2019-04-22 15:00:00,910.3999999999995
2019-04-22 16:00:00,910.5999999999995
2019-04-22 17:00:00,909.9999999999994
2019-04-22 18:00:00,910.0999999999995
2019-04-22 19:00:00,909.1999999999995
2019-04-23 13:00:00,913.6999999999995
2019-04-23 14:00:00,913.6999999999995
2019-04-23 15:00:00,916.0999999999995
2019-04-23 16:00:00,916.6999999999995
2019-04-23 17:00:00,917.3999999999995
2019-04-23 18:00:00,916.1999999999995
2019-04-23 19:00:00,916.5999999999995
2019-04-24 13:00:00,916.7999999999995
2019-04-24 14:00:00,917.6999999999995
2019-04-24 15:00:00,915.2999999999995
2019-04-24 16:00:00,915.6999999999995
2019-04-24 17:00:00,914.8999999999995
2019-04-24 19:00:00,914.0999999999995
2019-04-25 13:00:00,899.1999999999995
2019-04-25 14:00:00,896.9999999999994
2019-04-25 15:00:00,901.2999999999995
2019-04-25 16:00:00,900.6999999999995
2019-04-25 17:00:00,900.8999999999995
2019-04-25 19:00:00,897.7999999999995
2019-04-26 13:00:00,897.6999999999995
2019-04-26 14:00:00,899.1999999999995
2019-04-26 15:00:00,901.8999999999995
2019-04-26 16:00:00,900.7999999999995
2019-04-26 17:00:00,901.3999999999995
2019-04-26 18:00:00,901.4999999999994
2019-04-26 19:00:00,903.5999999999995
2019-04-29 13:00:00,905.5999999999995
2019-04-29 14:00:00,907.3999999999995
2019-04-29 15:00:00,904.9999999999994
2019-04-29 16:00:00,906.3999999999995
2019-04-29 17:00:00,905.7999999999995
2019-04-29 18:00:00,905.9999999999994
2019-04-29 19:00:00,905.7999999999995
2019-04-30 13:00:00,905.0999999999995
2019-04-30 14:00:00,903.2999999999995
2019-04-30 15:00:00,904.8999999999995
2019-04-30 16:00:00,905.7999999999995
2019-04-30 17:00:00,908.5999999999995
2019-04-30 19:00:00,909.4999999999994
2019-05-01 13:00:00,912.2999999999995
2019-05-01 14:00:00,907.2999999999995
2019-05-01 15:00:00,910.5999999999995
2019-05-01 16:00:00,909.2999999999995
2019-05-01 17:00:00,910.4999999999994
2019-05-01 18:00:00,908.5999999999995
2019-05-01 19:00:00,904.2999999999995
2019-05-02 13:00:00,901.9999999999994
2019-05-02 14:00:00,901.8999999999995
2019-05-02 15:00:00,897.4999999999994
2019-05-02 16:00:00,900.0999999999995
2019-05-02 17:00:00,901.7999999999995
2019-05-02 18:00:00,901.8999999999995
2019-05-02 19:00:00,902.2999999999995
2019-05-02 20:00:00,902.2999999999995
2019-05-03 13:00:00,909.0999999999995
2019-05-03 14:00:00,907.5999999999995
2019-05-03 15:00:00,908.4999999999994
2019-05-03 16:00:00,910.4999999999994
2019-05-03 17:00:00,911.3999999999995
2019-05-03 18:00:00,911.5999999999995
2019-05-03 19:00:00,912.5999999999995
2019-05-06 14:00:00,903.0999999999995
2019-05-06 15:00:00,903.0999999999995
2019-05-06 16:00:00,902.0999999999995
2019-05-06 17:00:00,902.5999999999995
2019-05-06 18:00:00,905.4999999999994
2019-05-06 19:00:00,904.4999999999994
2019-05-07 13:00:00,892.9999999999994
2019-05-07 14:00:00,891.9999999999994
2019-05-07 15:00:00,889.6999999999995
2019-05-07 16:00:00,891.6999999999995
2019-05-07 17:00:00,887.4999999999994
2019-05-07 18:00:00,886.3999999999995
2019-05-07 19:00:00,888.2999999999995
2019-05-07 20:00:00,887.9999999999994
2019-05-08 13:00:00,887.5999999999995
2019-05-08 14:00:00,889.6999999999995
2019-05-08 15:00:00,891.5999999999995
2019-05-08 16:00:00,890.3999999999995
2019-05-08 17:00:00,891.8999999999995
2019-05-08 18:00:00,891.0999999999995
2019-05-08 19:00:00,888.2999999999995
2019-05-09 13:00:00,880.1999999999995
2019-05-09 14:00:00,879.6999999999995
2019-05-09 15:00:00,878.9999999999994
2019-05-09 16:00:00,885.0999999999995
2019-05-09 17:00:00,887.6999999999995
2019-05-09 18:00:00,886.7999999999995
2019-05-09 19:00:00,886.2999999999995
2019-05-10 13:00:00,882.5999999999995
2019-05-10 14:00:00,876.2999999999995
2019-05-10 15:00:00,873.9999999999994
2019-05-10 16:00:00,881.7999999999995
2019-05-10 17:00:00,884.9999999999994
2019-05-10 19:00:00,889.1999999999995
2019-05-13 13:00:00,873.1999999999995
2019-05-13 14:00:00,870.6999999999995
2019-05-13 15:00:00,866.6999999999995
2019-05-13 16:00:00,864.5999999999995
2019-05-13 17:00:00,867.2999999999995
2019-05-13 18:00:00,869.6999999999995
2019-05-13 19:00:00,868.6999999999995
2019-05-14 13:00:00,871.5999999999995
2019-05-14 14:00:00,874.4999999999994
2019-05-14 15:00:00,878.8999999999995
2019-05-14 16:00:00,878.4999999999994
2019-05-14 17:00:00,880.8999999999995
2019-05-14 18:00:00,878.4999999999994
2019-05-14 19:00:00,875.9999999999994
2019-05-14 20:00:00,876.4999999999994
2019-05-15 13:00:00,869.8999999999995
2019-05-15 14:00:00,872.3999999999995
2019-05-15 15:00:00,877.2999999999995
2019-05-15 16:00:00,876.8999999999995
2019-05-15 17:00:00,876.8999999999995
2019-05-15 18:00:00,878.3999999999995
2019-05-15 19:00:00,876.8999999999995
2019-05-16 13:00:00,881.6999999999995
2019-05-16 14:00:00,883.2999999999995
2019-05-16 15:00:00,885.3999999999995
2019-05-16 16:00:00,884.5999999999995
2019-05-16 17:00:00,883.4999999999994
2019-05-16 18:00:00,883.4999999999994
2019-05-16 19:00:00,883.5999999999995
2019-05-17 13:00:00,876.0999999999995
2019-05-17 14:00:00,880.3999999999995
2019-05-17 17:00:00,880.7999999999995
2019-05-17 19:00:00,875.4999999999994
2019-05-20 13:00:00,874.3999999999995
2019-05-20 14:00:00,874.0999999999995
2019-05-20 15:00:00,874.5999999999995
2019-05-20 16:00:00,873.6999999999995
2019-05-20 17:00:00,874.5999999999995
2019-05-20 19:00:00,873.2999999999995
2019-05-21 13:00:00,878.1999999999995
2019-05-21 14:00:00,880.0999999999995
2019-05-21 15:00:00,879.3999999999995
2019-05-21 16:00:00,880.1999999999995
2019-05-21 17:00:00,880.0999999999995
2019-05-21 18:00:00,880.8999999999995
2019-05-21 19:00:00,881.3999999999995
2019-05-22 13:00:00,877.4999999999994
2019-05-22 14:00:00,879.5999999999995
2019-05-22 15:00:00,878.8999999999995
2019-05-22 16:00:00,878.8999999999995
2019-05-22 17:00:00,877.2999999999995
2019-05-22 18:00:00,876.6999999999995
2019-05-22 19:00:00,875.4999999999994
2019-05-23 13:00:00,860.8999999999995
2019-05-23 14:00:00,867.2999999999995
2019-05-23 15:00:00,863.1999999999995
2019-05-23 16:00:00,860.4999999999994
2019-05-23 17:00:00,860.8999999999995
2019-05-23 18:00:00,860.0999999999995
2019-05-23 19:00:00,864.1999999999995
2019-05-24 13:00:00,867.4999999999994
2019-05-24 14:00:00,863.8999999999995
2019-05-24 15:00:00,864.4999999999994
2019-05-24 16:00:00,865.3999999999995
2019-05-24 18:00:00,864.6999999999995
2019-05-24 19:00:00,863.9999999999994
2019-05-28 13:00:00,866.4999999999994
2019-05-28 14:00:00,861.9999999999994
2019-05-28 15:00:00,863.6999999999995
2019-05-28 16:00:00,864.8999999999995
2019-05-28 17:00:00,863.2999999999995
2019-05-28 18:00:00,860.5999999999995
2019-05-28 19:00:00,857.3999999999995
2019-05-29 13:00:00,852.1999999999995
2019-05-29 14:00:00,855.0999999999995
2019-05-29 15:00:00,850.5999999999995
2019-05-29 16:00:00,852.1999999999995
2019-05-29 17:00:00,854.3999999999995
2019-05-29 18:00:00,851.1999999999995
2019-05-29 19:00:00,854.1999999999995
2019-05-29 20:00:00,853.4999999999994
2019-05-30 13:00:00,858.6999999999995
2019-05-30 14:00:00,857.2999999999995
2019-05-30 15:00:00,854.3999999999995
2019-05-30 16:00:00,856.7999999999995
2019-05-30 17:00:00,855.3999999999995
2019-05-30 18:00:00,855.2999999999995
2019-05-30 19:00:00,856.6999999999995
2019-05-31 13:00:00,847.1999999999995
2019-05-31 14:00:00,848.8999999999995
2019-05-31 15:00:00,850.2999999999995
2019-05-31 16:00:00,847.2999999999995
2019-05-31 17:00:00,848.7999999999995
2019-05-31 18:00:00,847.8999999999995
2019-05-31 19:00:00,846.4999999999994
2019-05-31 20:00:00,846.3999999999995
2019-06-03 13:00:00,846.6999999999995
2019-06-03 14:00:00,853.4999999999994
2019-06-03 15:00:00,850.6999999999995
2019-06-03 16:00:00,849.9999999999994
2019-06-03 17:00:00,851.2999999999995
2019-06-03 18:00:00,849.1999999999995
2019-06-03 19:00:00,851.5999999999995
2019-06-04 13:00:00,858.3999999999995
2019-06-04 14:00:00,862.1999999999995
2019-06-04 15:00:00,866.4999999999994
2019-06-04 16:00:00,867.1999999999995
2019-06-04 17:00:00,865.5999999999995
2019-06-04 19:00:00,868.4999999999994
2019-06-05 13:00:00,872.3999999999995
2019-06-05 14:00:00,870.0999999999995
2019-06-05 15:00:00,874.3999999999995
2019-06-05 16:00:00,874.5999999999995
2019-06-05 17:00:00,875.3999999999995
2019-06-05 18:00:00,874.2999999999995
2019-06-05 19:00:00,876.6999999999995
2019-06-05 20:00:00,875.9999999999994
2019-06-06 13:00:00,875.1999999999995
2019-06-06 14:00:00,873.2999999999995
2019-06-06 15:00:00,872.3999999999995
2019-06-06 16:00:00,873.6999999999995
2019-06-06 17:00:00,873.4999999999994
2019-06-06 18:00:00,875.8999999999995
2019-06-06 19:00:00,877.2999999999995
2019-06-07 13:00:00,879.7999999999995
2019-06-07 14:00:00,883.9999999999994
2019-06-07 15:00:00,882.3999999999995
2019-06-07 16:00:00,884.9999999999994
2019-06-07 17:00:00,883.9999999999994
2019-06-07 18:00:00,883.2999999999995
2019-06-07 19:00:00,883.3999999999995
2019-06-10 13:00:00,888.0999999999995
2019-06-10 14:00:00,891.1999999999995
2019-06-10 15:00:00,890.2999999999995
2019-06-10 16:00:00,889.1999999999995
2019-06-10 17:00:00,888.1999999999995
2019-06-10 18:00:00,886.6999999999995
2019-06-10 19:00:00,884.3999999999995
2019-06-11 13:00:00,884.9999999999994
2019-06-11 14:00:00,880.1999999999995
2019-06-11 15:00:00,880.2999999999995
2019-06-11 16:00:00,875.2999999999995
2019-06-11 17:00:00,876.1999999999995
2019-06-11 19:00:00,877.2999999999995
2019-06-11 20:00:00,877.0999999999995
2019-06-12 13:00:00,876.7999999999995
2019-06-12 14:00:00,876.2999999999995
2019-06-12 16:00:00,878.0999999999995
2019-06-12 17:00:00,878.0999999999995
2019-06-12 18:00:00,879.2999999999995
2019-06-12 19:00:00,878.9999999999994
2019-06-14 16:00:00,878.1999999999994
2019-06-14 18:00:00,879.6999999999994
2019-06-14 19:00:00,880.9999999999994
2019-06-17 13:00:00,878.8999999999994
2019-06-17 14:00:00,879.3999999999994
2019-06-17 19:00:00,879.5999999999993
2019-06-18 13:00:00,891.4999999999994
2019-06-18 14:00:00,891.5999999999993
2019-06-18 15:00:00,890.4999999999994
2019-06-18 16:00:00,890.5999999999993
2019-06-18 17:00:00,890.3999999999994
2019-06-18 18:00:00,892.4999999999994
2019-06-18 19:00:00,892.1999999999994
2019-06-19 13:00:00,891.7999999999994
2019-06-19 14:00:00,890.8999999999994
2019-06-19 15:00:00,891.2999999999994
2019-06-19 16:00:00,891.0999999999993
2019-06-19 17:00:00,889.7999999999994
2019-06-19 18:00:00,892.1999999999994
2019-06-19 19:00:00,892.2999999999994
2019-06-20 13:00:00,901.8999999999994
2019-06-20 14:00:00,901.5999999999993
2019-06-20 15:00:00,900.0999999999993
2019-06-20 16:00:00,898.8999999999994
2019-06-20 17:00:00,901.3999999999994
2019-06-20 18:00:00,902.7999999999994
2019-06-20 19:00:00,905.4999999999994
2019-06-21 13:00:00,902.9999999999994
2019-06-21 14:00:00,903.5999999999993
2019-06-21 15:00:00,905.2999999999994
2019-06-21 16:00:00,902.3999999999994
2019-06-21 17:00:00,902.0999999999993
2019-06-21 18:00:00,901.5999999999993
2019-06-21 19:00:00,901.0999999999993
2019-06-24 13:00:00,900.6999999999994
2019-06-24 14:00:00,902.5999999999993
2019-06-24 15:00:00,902.6999999999994
2019-06-24 16:00:00,902.4999999999994
2019-06-24 17:00:00,901.6999999999994
2019-06-24 18:00:00,900.7999999999994
2019-06-24 19:00:00,898.6999999999994
2019-06-25 13:00:00,895.5999999999993
2019-06-25 14:00:00,895.0999999999993
2019-06-25 15:00:00,896.1999999999994
2019-06-25 16:00:00,895.6999999999994
2019-06-25 17:00:00,894.7999999999994
2019-06-25 18:00:00,894.8999999999994
2019-06-25 19:00:00,893.0999999999993
2019-06-26 13:00:00,894.1999999999994
2019-06-26 14:00:00,894.8999999999994
2019-06-26 15:00:00,894.5999999999993
2019-06-26 16:00:00,895.1999999999994
2019-06-26 19:00:00,894.7999999999994
2019-06-27 14:00:00,893.9999999999994
2019-06-27 15:00:00,893.2999999999994
2019-06-27 16:00:00,895.6999999999994
2019-06-27 18:00:00,896.6999999999994
2019-06-27 19:00:00,895.7999999999994
2019-06-27 20:00:00,897.7999999999994
2019-06-28 13:00:00,898.0999999999993
2019-06-28 15:00:00,900.5999999999993
2019-06-28 16:00:00,902.2999999999994
2019-06-28 17:00:00,901.7999999999994
2019-06-28 18:00:00,901.8999999999994
2019-06-28 19:00:00,902.8999999999994
2019-06-28 20:00:00,903.3999999999994
2019-07-01 13:00:00,910.3999999999994
2019-07-01 15:00:00,905.8999999999994
2019-07-01 16:00:00,905.7999999999994
2019-07-01 17:00:00,902.3999999999994
2019-07-01 19:00:00,904.1999999999994
2019-07-02 13:00:00,903.0999999999993
2019-07-02 14:00:00,904.9999999999994
2019-07-02 15:00:00,902.7999999999994
2019-07-02 16:00:00,901.5999999999993
2019-07-02 17:00:00,901.8999999999994
2019-07-02 18:00:00,901.3999999999994
2019-07-02 19:00:00,901.4999999999994
2019-07-03 13:00:00,904.1999999999994
2019-07-03 14:00:00,903.5999999999993
2019-07-03 15:00:00,905.2999999999994
2019-07-03 16:00:00,905.8999999999994
2019-07-05 14:00:00,894.4999999999994
2019-07-05 15:00:00,898.5999999999993
2019-07-05 16:00:00,901.3999999999994
2019-07-05 17:00:00,902.3999999999994
2019-07-05 18:00:00,902.6999999999994
2019-07-05 19:00:00,902.5999999999993
2019-07-08 13:00:00,898.5999999999993
2019-07-08 14:00:00,900.6999999999994
2019-07-08 17:00:00,896.7999999999994
2019-07-08 18:00:00,896.1999999999994
2019-07-08 19:00:00,897.3999999999994
2019-07-09 14:00:00,892.3999999999994
2019-07-09 15:00:00,892.4999999999994
2019-07-09 16:00:00,892.8999999999994
2019-07-09 17:00:00,893.4999999999994
2019-07-09 18:00:00,893.3999999999994
2019-07-09 19:00:00,896.2999999999994
2019-07-10 13:00:00,900.2999999999994
2019-07-10 14:00:00,896.4999999999994
2019-07-10 16:00:00,894.7999999999994
2019-07-10 17:00:00,895.5999999999993
2019-07-10 19:00:00,893.3999999999994
2019-07-11 13:00:00,894.2999999999994
2019-07-11 14:00:00,894.6999999999994
2019-07-11 16:00:00,897.8999999999994
2019-07-11 17:00:00,895.8999999999994
2019-07-11 18:00:00,897.2999999999994
2019-07-11 19:00:00,898.4999999999994
2019-07-12 13:00:00,905.8999999999994
2019-07-12 14:00:00,906.7999999999994
2019-07-12 15:00:00,906.3999999999994
2019-07-12 16:00:00,908.5999999999993
2019-07-12 17:00:00,908.7999999999994
2019-07-12 18:00:00,911.5999999999993
2019-07-12 19:00:00,912.0999999999993
2019-07-15 13:00:00,909.6999999999994
2019-07-15 14:00:00,909.2999999999994
2019-07-15 15:00:00,909.1999999999994
2019-07-15 16:00:00,909.0999999999993
2019-07-15 17:00:00,909.1999999999994
2019-07-15 18:00:00,909.1999999999994
2019-07-15 19:00:00,909.0999999999993
2019-07-16 13:00:00,913.4999999999994
2019-07-16 14:00:00,915.2999999999994
2019-07-16 15:00:00,914.7999999999994
2019-07-16 16:00:00,913.6999999999994
2019-07-16 17:00:00,915.6999999999994
2019-07-16 18:00:00,915.6999999999994
2019-07-16 19:00:00,914.3999999999994
2019-07-17 13:00:00,907.2999999999994
2019-07-17 14:00:00,902.5999999999993
2019-07-17 15:00:00,904.4999999999994
2019-07-17 16:00:00,901.4999999999994
2019-07-17 17:00:00,901.4999999999994
2019-07-17 18:00:00,900.0999999999993
2019-07-17 19:00:00,897.5999999999993
2019-07-18 13:00:00,897.2999999999994
2019-07-18 14:00:00,898.1999999999994
2019-07-18 15:00:00,894.7999999999994
2019-07-18 16:00:00,895.4999999999994
2019-07-18 18:00:00,897.6999999999994
2019-07-18 19:00:00,898.0999999999993
2019-07-19 13:00:00,904.0999999999993
2019-07-19 14:00:00,904.0999999999993
2019-07-19 15:00:00,903.2999999999994
2019-07-19 16:00:00,905.2999999999994
2019-07-19 17:00:00,907.0999999999993
2019-07-19 18:00:00,904.6999999999994
2019-07-19 19:00:00,902.3999999999994
2019-07-22 13:00:00,905.7999999999994
2019-07-22 14:00:00,900.8999999999994
2019-07-22 15:00:00,904.5999999999993
2019-07-22 16:00:00,904.2999999999994
2019-07-22 17:00:00,904.7999999999994
2019-07-22 18:00:00,903.4999999999994
2019-07-22 19:00:00,903.2999999999994
2019-07-22 20:00:00,903.2999999999994
2019-07-23 13:00:00,907.2999999999994
2019-07-23 14:00:00,908.4999999999994
2019-07-23 15:00:00,906.9999999999994
2019-07-23 16:00:00,907.8999999999994
2019-07-23 17:00:00,910.2999999999994
2019-07-23 18:00:00,912.6999999999994
2019-07-23 19:00:00,912.7999999999994
2019-07-24 13:00:00,915.5999999999993
2019-07-24 14:00:00,915.3999999999994
2019-07-24 15:00:00,914.6999999999994
2019-07-24 16:00:00,915.7999999999994
2019-07-24 17:00:00,916.4999999999994
2019-07-24 18:00:00,916.6999999999994
2019-07-24 19:00:00,916.5999999999993
2019-07-25 13:00:00,912.2999999999994
2019-07-25 14:00:00,917.1999999999994
2019-07-25 16:00:00,912.1999999999994
2019-07-25 17:00:00,912.8999999999994
2019-07-25 19:00:00,914.1999999999994
2019-07-26 13:00:00,914.3999999999994
2019-07-26 14:00:00,912.9999999999994
2019-07-26 16:00:00,913.0999999999993
2019-07-26 17:00:00,912.3999999999994
2019-07-26 18:00:00,913.3999999999994
2019-07-26 19:00:00,913.0999999999993
2019-07-29 13:00:00,910.6999999999994
2019-07-29 14:00:00,912.3999999999994
2019-07-29 15:00:00,912.8999999999994
2019-07-29 18:00:00,911.9999999999994
2019-07-29 19:00:00,911.5999999999993
2019-07-30 13:00:00,908.1999999999994
2019-07-30 14:00:00,911.3999999999994
2019-07-30 15:00:00,912.4999999999994
2019-07-30 16:00:00,911.5999999999993
2019-07-30 18:00:00,913.7999999999994
2019-07-30 19:00:00,913.7999999999994
2019-07-31 13:00:00,913.7999999999994
2019-07-31 14:00:00,911.6999999999994
2019-07-31 15:00:00,914.8999999999994
2019-07-31 17:00:00,915.4999999999994
2019-07-31 18:00:00,905.1999999999994
2019-07-31 19:00:00,907.2999999999994
2019-07-31 20:00:00,905.7999999999994
2019-08-01 13:00:00,904.0999999999993
2019-08-01 14:00:00,909.2999999999994
2019-08-01 15:00:00,909.1999999999994
2019-08-01 16:00:00,908.2999999999994
2019-08-01 17:00:00,895.9999999999994
2019-08-01 18:00:00,892.6999999999994
2019-08-01 19:00:00,890.8999999999994
2019-08-02 13:00:00,885.3999999999994
2019-08-02 14:00:00,881.6999999999994
2019-08-02 15:00:00,883.1999999999994
2019-08-02 16:00:00,883.6999999999994
2019-08-02 17:00:00,882.9999999999994
2019-08-02 18:00:00,883.8999999999994
2019-08-02 19:00:00,885.0999999999993
2019-08-05 13:00:00,870.1999999999994
2019-08-05 14:00:00,869.4999999999994
2019-08-05 15:00:00,869.3999999999994
2019-08-05 16:00:00,864.1999999999994
2019-08-05 17:00:00,864.2999999999994
2019-08-05 18:00:00,861.3999999999994
2019-08-05 19:00:00,864.2999999999994
2019-08-06 13:00:00,871.0999999999993
2019-08-06 14:00:00,869.3999999999994
2019-08-06 15:00:00,868.5999999999993
2019-08-06 16:00:00,868.2999999999994
2019-08-06 17:00:00,872.1999999999994
2019-08-06 18:00:00,872.9999999999994
2019-08-06 19:00:00,874.7999999999994
2019-08-07 13:00:00,861.5999999999993
2019-08-07 14:00:00,867.5999999999993
2019-08-07 15:00:00,865.6999999999994
2019-08-07 16:00:00,867.9999999999994
2019-08-07 17:00:00,872.2999999999994
2019-08-07 18:00:00,872.4999999999994
2019-08-07 19:00:00,874.9999999999994
2019-08-08 13:00:00,880.8999999999994
2019-08-08 14:00:00,882.5999999999993
2019-08-08 15:00:00,884.9999999999994
2019-08-08 16:00:00,886.1999999999994
2019-08-08 17:00:00,884.6999999999994
2019-08-08 18:00:00,885.0999999999993
2019-08-08 19:00:00,886.6999999999994
2019-08-08 20:00:00,886.7999999999994
2019-08-09 13:00:00,882.3999999999994
2019-08-09 14:00:00,878.7999999999994
2019-08-09 15:00:00,877.2999999999994
2019-08-09 16:00:00,880.4999999999994
2019-08-09 17:00:00,883.1999999999994
2019-08-09 18:00:00,882.1999999999994
2019-08-09 19:00:00,880.4999999999994
2019-08-12 13:00:00,874.6999999999994
2019-08-12 16:00:00,873.3999999999994
2019-08-12 17:00:00,871.0999999999993
2019-08-12 18:00:00,868.4999999999994
2019-08-12 19:00:00,870.0999999999993
2019-08-13 13:00:00,883.7999999999994
2019-08-13 14:00:00,884.1999999999994
2019-08-13 15:00:00,880.6999999999994
2019-08-13 16:00:00,883.6999999999994
2019-08-13 17:00:00,881.2999999999994
2019-08-13 18:00:00,881.2999999999994
2019-08-13 19:00:00,878.2999999999994
2019-08-14 13:00:00,867.9999999999994
2019-08-14 14:00:00,863.8999999999994
2019-08-14 15:00:00,860.1999999999994
2019-08-14 16:00:00,856.1999999999994
2019-08-14 17:00:00,856.3999999999994
2019-08-14 18:00:00,856.2999999999994
2019-08-14 19:00:00,856.8999999999994
2019-08-15 13:00:00,855.5999999999993
2019-08-15 14:00:00,855.8999999999994
2019-08-15 15:00:00,855.0999999999993
2019-08-15 16:00:00,853.8999999999994
2019-08-15 17:00:00,848.3999999999994
2019-08-15 18:00:00,852.7999999999994
2019-08-15 19:00:00,854.5999999999993
2019-08-16 13:00:00,862.3999999999994
2019-08-16 14:00:00,864.8999999999994
2019-08-16 15:00:00,867.5999999999993
2019-08-16 16:00:00,868.6999999999994
2019-08-16 17:00:00,869.8999999999994
2019-08-16 18:00:00,868.4999999999994
2019-08-16 19:00:00,869.1999999999994
2019-08-19 13:00:00,875.9999999999994
2019-08-19 14:00:00,876.7999999999994
2019-08-19 16:00:00,876.9999999999994
2019-08-19 17:00:00,878.1999999999994
2019-08-19 18:00:00,876.9999999999994
2019-08-19 19:00:00,876.5999999999993
2019-08-20 13:00:00,872.6999999999994
2019-08-20 14:00:00,873.2999999999994
2019-08-20 16:00:00,873.6999999999994
2019-08-20 18:00:00,872.5999999999993
2019-08-20 19:00:00,871.5999999999993
2019-08-21 13:00:00,878.0999999999993
2019-08-21 14:00:00,877.7999999999994
2019-08-21 16:00:00,877.5999999999993
2019-08-21 18:00:00,875.2999999999994
2019-08-21 19:00:00,875.8999999999994
2019-08-22 13:00:00,879.5999999999993
2019-08-22 14:00:00,872.3999999999994
2019-08-22 15:00:00,872.5999999999993
2019-08-22 17:00:00,879.2999999999994
2019-08-22 18:00:00,877.8999999999994
2019-08-22 19:00:00,878.4999999999994
2019-08-23 13:00:00,872.9999999999994
2019-08-23 14:00:00,877.3999999999994
2019-08-23 15:00:00,865.1999999999994
2019-08-23 16:00:00,860.3999999999994
2019-08-23 17:00:00,861.2999999999994
2019-08-23 18:00:00,857.2999999999994
2019-08-23 19:00:00,856.4999999999994
2019-08-26 13:00:00,857.9999999999994
2019-08-26 14:00:00,858.7999999999994
2019-08-26 15:00:00,860.5999999999993
2019-08-26 16:00:00,861.2999999999994
2019-08-26 17:00:00,861.9999999999994
2019-08-26 18:00:00,859.2999999999994
2019-08-26 19:00:00,861.4999999999994
2019-08-27 13:00:00,863.0999999999993
2019-08-27 14:00:00,864.0999999999993
2019-08-27 15:00:00,861.0999999999993
2019-08-27 16:00:00,857.3999999999994
2019-08-27 17:00:00,860.4999999999994
2019-08-27 18:00:00,858.1999999999994
2019-08-27 19:00:00,858.9999999999994
2019-08-28 13:00:00,860.0999999999993
2019-08-28 14:00:00,862.6999999999994
2019-08-28 15:00:00,865.6999999999994
2019-08-28 16:00:00,866.0999999999993
2019-08-28 17:00:00,865.5999999999993
2019-08-28 18:00:00,866.6999999999994
2019-08-28 19:00:00,866.7999999999994
2019-08-29 13:00:00,877.1999999999994
2019-08-29 14:00:00,874.9999999999994
2019-08-29 15:00:00,880.1999999999994
2019-08-29 16:00:00,879.7999999999994
2019-08-29 17:00:00,880.7999999999994
2019-08-29 18:00:00,880.8999999999994
2019-08-29 19:00:00,880.2999999999994
2019-08-30 13:00:00,886.3999999999994
2019-08-30 14:00:00,885.9999999999994
2019-08-30 15:00:00,882.2999999999994
2019-08-30 16:00:00,884.9999999999994
2019-08-30 17:00:00,883.9999999999994
2019-08-30 18:00:00,884.0999999999993
2019-08-30 19:00:00,883.2999999999994
2019-09-03 13:00:00,877.0999999999993
2019-09-03 14:00:00,872.1999999999994
2019-09-03 15:00:00,871.3999999999994
2019-09-03 16:00:00,869.9999999999994
2019-09-03 17:00:00,868.7999999999994
2019-09-03 18:00:00,870.5999999999993
2019-09-03 19:00:00,872.5999999999993
2019-09-04 13:00:00,880.6999999999994
2019-09-04 14:00:00,880.9999999999994
2019-09-04 15:00:00,881.5999999999993
2019-09-04 16:00:00,882.2999999999994
2019-09-04 17:00:00,880.7999999999994
2019-09-04 18:00:00,882.3999999999994
2019-09-04 19:00:00,882.5999999999993
2019-09-05 13:00:00,896.0999999999993
2019-09-05 14:00:00,899.8999999999994
2019-09-05 15:00:00,897.9999999999994
2019-09-05 17:00:00,896.6999999999994
2019-09-05 18:00:00,896.3999999999994
2019-09-05 19:00:00,896.3999999999994
2019-09-06 13:00:00,898.3999999999994
2019-09-06 14:00:00,899.1999999999994
2019-09-06 15:00:00,898.1999999999994
2019-09-06 16:00:00,898.1999999999994
2019-09-06 17:00:00,898.2999999999994
2019-09-06 18:00:00,897.6999999999994
2019-09-06 19:00:00,896.9999999999994
2019-09-09 13:00:00,899.4999999999994
2019-09-09 14:00:00,901.1999999999994
2019-09-09 15:00:00,901.9999999999994
2019-09-09 16:00:00,899.5999999999993
2019-09-09 17:00:00,898.6999999999994
2019-09-09 18:00:00,899.1999999999994
2019-09-09 19:00:00,899.4999999999994
2019-09-10 13:00:00,896.8999999999994
2019-09-10 14:00:00,899.2999999999994
2019-09-10 15:00:00,901.4999999999994
2019-09-10 16:00:00,902.3999999999994
2019-09-10 18:00:00,903.0999999999993
2019-09-10 19:00:00,905.9999999999994
2019-09-11 13:00:00,908.1999999999994
2019-09-11 14:00:00,908.4999999999994
2019-09-11 15:00:00,909.2999999999994
2019-09-11 16:00:00,908.4999999999994
2019-09-11 17:00:00,909.7999999999994
2019-09-11 18:00:00,911.2999999999994
2019-09-11 19:00:00,913.6999999999994
2019-09-12 13:00:00,912.9999999999994
2019-09-12 14:00:00,916.1999999999994
2019-09-12 19:00:00,914.4999999999994
2019-09-13 13:00:00,920.1999999999994
2019-09-13 14:00:00,919.4999999999994
2019-09-13 19:00:00,919.4999999999994
2019-09-16 13:00:00,916.4999999999994
2019-09-16 14:00:00,916.2999999999994
2019-09-16 15:00:00,915.1999999999994
2019-09-16 16:00:00,916.9999999999994
2019-09-16 17:00:00,916.8999999999994
2019-09-16 18:00:00,917.8999999999994
2019-09-16 19:00:00,917.4999999999994
2019-09-17 13:00:00,912.3999999999994
2019-09-17 14:00:00,913.6999999999994
2019-09-17 15:00:00,913.3999999999994
2019-09-17 16:00:00,913.5999999999995
2019-09-17 17:00:00,915.6999999999994
2019-09-17 18:00:00,915.8999999999994
2019-09-17 19:00:00,917.0999999999995
2019-09-18 13:00:00,912.0999999999995
2019-09-18 14:00:00,911.8999999999994
2019-09-18 15:00:00,910.2999999999994
2019-09-18 16:00:00,911.7999999999994
2019-09-18 17:00:00,912.3999999999994
2019-09-18 18:00:00,908.2999999999994
2019-09-18 19:00:00,915.6999999999994
2019-09-19 13:00:00,913.7999999999994
2019-09-19 14:00:00,914.9999999999994
2019-09-19 15:00:00,916.8999999999994
2019-09-19 16:00:00,916.5999999999995
2019-09-19 17:00:00,915.1999999999994
2019-09-19 18:00:00,914.2999999999994
2019-09-19 19:00:00,912.1999999999994
2019-09-20 13:00:00,911.7999999999994
2019-09-20 14:00:00,913.4999999999994
2019-09-20 15:00:00,912.1999999999994
2019-09-20 17:00:00,907.5999999999995
2019-09-20 18:00:00,910.1999999999994
2019-09-20 19:00:00,906.1999999999994
2019-09-23 13:00:00,904.6999999999994
2019-09-23 14:00:00,903.8999999999994
2019-09-23 15:00:00,904.5999999999995
2019-09-23 16:00:00,905.4999999999994
2019-09-23 17:00:00,905.9999999999994
2019-09-23 18:00:00,906.4999999999994
2019-09-23 19:00:00,905.0999999999995
2019-09-24 13:00:00,908.4999999999994
2019-09-24 14:00:00,906.8999999999994
2019-09-24 15:00:00,903.5999999999995
2019-09-24 16:00:00,897.2999999999994
2019-09-24 17:00:00,897.8999999999994
2019-09-24 18:00:00,899.8999999999994
2019-09-24 19:00:00,899.8999999999994
2019-09-25 13:00:00,903.0999999999995
2019-09-25 14:00:00,901.1999999999994
2019-09-25 15:00:00,902.7999999999994
2019-09-25 16:00:00,905.0999999999995
2019-09-25 18:00:00,906.0999999999995
2019-09-25 19:00:00,905.1999999999994
2019-09-26 13:00:00,903.6999999999994
2019-09-26 14:00:00,904.4999999999994
2019-09-26 15:00:00,904.1999999999994
2019-09-26 16:00:00,905.7999999999994
2019-09-26 17:00:00,905.3999999999994
2019-09-26 18:00:00,907.0999999999995
2019-09-26 19:00:00,905.9999999999994
2019-09-27 13:00:00,906.1999999999994
2019-09-27 14:00:00,906.9999999999994
2019-09-27 15:00:00,905.0999999999995
2019-09-27 16:00:00,900.8999999999994
2019-09-27 17:00:00,902.2999999999994
2019-09-27 18:00:00,899.7999999999994
2019-09-27 19:00:00,902.8999999999994
2019-09-27 20:00:00,903.0999999999995
2019-09-30 13:00:00,905.0999999999995
2019-09-30 14:00:00,905.2999999999994
2019-09-30 15:00:00,906.1999999999994
2019-09-30 16:00:00,906.3999999999994
2019-09-30 17:00:00,905.0999999999995
2019-09-30 19:00:00,904.4999999999994
2019-10-01 13:00:00,908.9999999999994
2019-10-01 14:00:00,896.4999999999994
2019-10-01 15:00:00,893.3999999999994
2019-10-01 16:00:00,890.4999999999994
2019-10-01 17:00:00,885.6999999999994
2019-10-01 18:00:00,887.4999999999994
2019-10-01 19:00:00,885.3999999999994
2019-10-02 13:00:00,873.2999999999994
2019-10-02 14:00:00,870.7999999999994
2019-10-02 15:00:00,869.1999999999994
2019-10-02 16:00:00,865.8999999999994
2019-10-02 17:00:00,867.6999999999994
2019-10-02 18:00:00,871.4999999999994
2019-10-02 19:00:00,870.0999999999995
2019-10-03 13:00:00,868.4999999999994
2019-10-03 14:00:00,863.8999999999994
2019-10-03 15:00:00,866.8999999999994
2019-10-03 16:00:00,871.4999999999994
2019-10-03 18:00:00,873.2999999999994
2019-10-03 19:00:00,874.8999999999994
2019-10-04 13:00:00,876.0999999999995
2019-10-04 14:00:00,876.2999999999994
2019-10-04 15:00:00,879.4999999999994
2019-10-04 16:00:00,880.7999999999994
2019-10-04 17:00:00,880.4999999999994
2019-10-04 18:00:00,881.3999999999994
2019-10-04 19:00:00,883.2999999999994
2019-10-07 13:00:00,879.9999999999994
2019-10-07 14:00:00,880.7999999999994
2019-10-07 15:00:00,881.8999999999994
2019-10-07 16:00:00,882.2999999999994
2019-10-07 17:00:00,884.8999999999994
2019-10-07 18:00:00,879.5999999999995
2019-10-07 19:00:00,880.5999999999995
2019-10-08 13:00:00,867.8999999999994
2019-10-08 14:00:00,870.8999999999994
2019-10-08 15:00:00,869.6999999999994
2019-10-08 16:00:00,872.0999999999995
2019-10-08 17:00:00,873.7999999999994
2019-10-08 18:00:00,872.1999999999994
2019-10-08 19:00:00,867.5999999999995
2019-10-09 13:00:00,871.1999999999994
2019-10-09 14:00:00,871.2999999999994
2019-10-09 16:00:00,871.8999999999994
2019-10-09 17:00:00,873.6999999999994
2019-10-09 18:00:00,875.1999999999994
2019-10-09 19:00:00,873.2999999999994
2019-10-10 13:00:00,878.4999999999994
2019-10-10 14:00:00,881.2999999999994
2019-10-10 15:00:00,882.0999999999995
2019-10-10 16:00:00,879.3999999999994
2019-10-10 17:00:00,880.2999999999994
2019-10-10 18:00:00,878.1999999999994
2019-10-10 19:00:00,880.0999999999995
2019-10-11 13:00:00,894.9999999999994
2019-10-11 14:00:00,896.9999999999994
2019-10-11 15:00:00,896.8999999999994
2019-10-11 16:00:00,896.5999999999995
2019-10-11 17:00:00,898.3999999999994
2019-10-11 18:00:00,900.2999999999994
2019-10-11 19:00:00,895.4999999999994
2019-10-14 13:00:00,893.0999999999995
2019-10-14 18:00:00,894.0999999999995
2019-10-14 19:00:00,893.4999999999994
2019-10-15 13:00:00,895.7999999999994
2019-10-15 14:00:00,900.8999999999994
2019-10-15 15:00:00,901.0999999999995
2019-10-15 16:00:00,901.3999999999994
2019-10-15 17:00:00,901.8999999999994
2019-10-15 18:00:00,900.9999999999994
2019-10-15 19:00:00,899.2999999999994
2019-10-16 13:00:00,899.6999999999994
2019-10-16 14:00:00,901.3999999999994
2019-10-16 15:00:00,901.3999999999994
2019-10-16 17:00:00,899.4999999999994
2019-10-16 18:00:00,900.5999999999995
2019-10-16 19:00:00,898.7999999999994
2019-10-17 13:00:00,905.7999999999994
2019-10-17 14:00:00,904.5999999999995
2019-10-17 15:00:00,904.3999999999994
2019-10-17 16:00:00,904.6999999999994
2019-10-17 17:00:00,904.5999999999995
2019-10-17 18:00:00,903.9999999999994
2019-10-17 19:00:00,902.2999999999994
2019-10-18 13:00:00,900.3999999999994
2019-10-18 14:00:00,898.3999999999994
2019-10-18 16:00:00,896.0999999999995
2019-10-18 17:00:00,896.2999999999994
2019-10-18 18:00:00,896.0999999999995
2019-10-18 19:00:00,896.3999999999994
2019-10-21 13:00:00,900.1999999999994
2019-10-21 14:00:00,900.0999999999995
2019-10-21 15:00:00,900.9999999999994
2019-10-21 16:00:00,900.8999999999994
2019-10-21 17:00:00,900.1999999999994
2019-10-21 18:00:00,900.0999999999995
2019-10-21 19:00:00,900.6999999999994
2019-10-21 20:00:00,900.7999999999994
2019-10-22 13:00:00,899.3999999999994
2019-10-22 14:00:00,902.8999999999994
2019-10-22 15:00:00,903.7999999999994
2019-10-22 16:00:00,906.6999999999994
2019-10-22 18:00:00,907.3999999999994
2019-10-22 19:00:00,906.7999999999994
2019-10-23 13:00:00,905.1999999999994
2019-10-23 14:00:00,904.7999999999994
2019-10-23 15:00:00,906.2999999999994
2019-10-23 17:00:00,905.7999999999994
2019-10-23 18:00:00,903.8999999999994
2019-10-23 19:00:00,906.8999999999994
2019-10-24 13:00:00,905.5999999999995
2019-10-24 14:00:00,905.0999999999995
2019-10-24 15:00:00,905.6999999999994
2019-10-24 16:00:00,905.9999999999994
2019-10-24 17:00:00,905.1999999999994
2019-10-24 18:00:00,907.7999999999994
2019-10-24 19:00:00,907.2999999999994
2019-10-25 13:00:00,910.1999999999994
2019-10-25 14:00:00,910.9999999999994
2019-10-25 15:00:00,913.1999999999994
2019-10-25 16:00:00,913.0999999999995
2019-10-25 18:00:00,912.3999999999994
2019-10-25 19:00:00,912.9999999999994
2019-10-28 13:00:00,917.5999999999995
2019-10-28 14:00:00,915.7999999999994
2019-10-28 15:00:00,914.8999999999994
2019-10-28 16:00:00,915.2999999999994
2019-10-28 17:00:00,914.4999999999994
2019-10-28 18:00:00,915.7999999999994
2019-10-28 19:00:00,914.5999999999995
2019-10-29 13:00:00,914.9999999999994
2019-10-29 14:00:00,918.7999999999994
2019-10-29 15:00:00,916.0999999999995
2019-10-29 18:00:00,918.2999999999994
2019-10-29 19:00:00,917.1999999999994
2019-10-30 13:00:00,917.4999999999994
2019-10-30 14:00:00,916.5999999999995
2019-10-30 15:00:00,916.3999999999994
2019-10-30 16:00:00,917.1999999999994
2019-10-30 17:00:00,916.3999999999994
2019-10-30 18:00:00,918.4999999999994
2019-10-30 19:00:00,920.3999999999994
2019-10-31 13:00:00,913.3999999999994
2019-10-31 14:00:00,910.4999999999994
2019-10-31 15:00:00,911.1999999999994
2019-10-31 16:00:00,910.3999999999994
2019-10-31 17:00:00,909.0999999999995
2019-10-31 18:00:00,908.5999999999995
2019-10-31 19:00:00,910.1999999999994
2019-11-01 13:00:00,918.3999999999994
2019-11-01 14:00:00,921.0999999999995
2019-11-01 15:00:00,924.2999999999994
2019-11-01 16:00:00,925.2999999999994
2019-11-01 17:00:00,926.3999999999994
2019-11-01 18:00:00,924.4999999999994
2019-11-01 19:00:00,928.2999999999994
2019-11-04 14:00:00,934.5999999999995
2019-11-04 15:00:00,935.6999999999994
2019-11-04 16:00:00,935.8999999999994
2019-11-04 17:00:00,935.8999999999994
2019-11-04 18:00:00,937.3999999999994
2019-11-04 19:00:00,936.2999999999994
2019-11-04 20:00:00,938.3999999999994
2019-11-05 14:00:00,941.0999999999995
2019-11-05 15:00:00,940.4999999999994
2019-11-05 16:00:00,938.6999999999994
2019-11-05 17:00:00,938.9999999999994
2019-11-05 18:00:00,939.5999999999995
2019-11-05 19:00:00,939.5999999999995
2019-11-05 20:00:00,939.6999999999994
2019-11-06 14:00:00,938.5999999999995
2019-11-06 15:00:00,937.4999999999994
2019-11-06 16:00:00,935.7999999999994
2019-11-06 18:00:00,937.1999999999994
2019-11-06 19:00:00,938.5999999999995
2019-11-06 20:00:00,939.7999999999994
2019-11-06 21:00:00,938.4999999999994
2019-11-07 14:00:00,947.0999999999995
2019-11-07 15:00:00,946.2999999999994
2019-11-07 16:00:00,946.2999999999994
2019-11-07 17:00:00,946.0999999999995
2019-11-07 19:00:00,943.0999999999995
2019-11-07 20:00:00,942.3999999999994
2019-11-08 14:00:00,939.3999999999994
2019-11-08 15:00:00,939.9999999999994
2019-11-08 16:00:00,941.4999999999994
2019-11-08 18:00:00,943.3999999999994
2019-11-08 19:00:00,942.9999999999994
2019-11-08 20:00:00,943.3999999999994
2019-11-11 13:00:00,944.5999999999995
2019-11-11 14:00:00,939.6999999999994
2019-11-11 15:00:00,940.0999999999995
2019-11-11 16:00:00,941.0999999999995
2019-11-11 17:00:00,944.2999999999994
2019-11-11 18:00:00,945.1999999999994
2019-11-11 19:00:00,945.0999999999995
2019-11-11 20:00:00,944.0999999999995
2019-11-12 14:00:00,945.1999999999994
2019-11-12 15:00:00,946.2999999999994
2019-11-12 16:00:00,945.8999999999994
2019-11-12 17:00:00,945.4999999999994
2019-11-12 18:00:00,945.9999999999994
2019-11-12 19:00:00,943.7999999999994
2019-11-12 20:00:00,943.9999999999994
2019-11-13 14:00:00,941.0999999999995
2019-11-13 15:00:00,942.3999999999994
2019-11-13 16:00:00,942.1999999999994
2019-11-13 17:00:00,942.2999999999994
2019-11-13 18:00:00,940.6999999999994
2019-11-13 19:00:00,941.0999999999995
2019-11-13 20:00:00,940.7999999999994
2019-11-14 14:00:00,941.1999999999994
2019-11-14 15:00:00,943.5999999999995
2019-11-14 16:00:00,941.1999999999994
2019-11-14 17:00:00,942.2999999999994
2019-11-14 18:00:00,942.0999999999995
2019-11-14 19:00:00,942.4999999999994
2019-11-14 20:00:00,943.1999999999994
2019-11-15 14:00:00,948.6999999999994
2019-11-15 15:00:00,947.9999999999994
2019-11-15 16:00:00,949.9999999999994
2019-11-15 17:00:00,949.4999999999994
2019-11-15 18:00:00,948.9999999999994
2019-11-15 19:00:00,949.0999999999995
2019-11-15 20:00:00,948.9999999999994
2019-11-15 21:00:00,950.6999999999994
2019-11-18 14:00:00,944.7999999999994
2019-11-18 15:00:00,945.9999999999994
2019-11-18 16:00:00,945.6999999999994
2019-11-18 17:00:00,944.4999999999994
2019-11-18 18:00:00,944.9999999999994
2019-11-18 19:00:00,945.4999999999994
2019-11-18 20:00:00,946.2999999999994
2019-11-19 14:00:00,948.3999999999994
2019-11-19 15:00:00,943.3999999999994
2019-11-19 16:00:00,944.6999999999994
2019-11-19 17:00:00,944.0999999999995
2019-11-19 18:00:00,945.2999999999994
2019-11-19 19:00:00,945.7999999999994
2019-11-19 20:00:00,945.5999999999995
2019-11-20 14:00:00,943.4999999999994
2019-11-20 15:00:00,942.3999999999994
2019-11-20 17:00:00,938.9999999999994
2019-11-20 18:00:00,937.6999999999994
2019-11-20 19:00:00,937.5999999999995
2019-11-20 20:00:00,938.5999999999995
2019-11-20 21:00:00,939.1999999999994
2019-11-21 14:00:00,937.7999999999994
2019-11-21 15:00:00,936.4999999999994
2019-11-21 16:00:00,937.1999999999994
2019-11-21 17:00:00,939.9999999999994
2019-11-21 18:00:00,939.2999999999994
2019-11-21 19:00:00,940.0999999999995
2019-11-21 20:00:00,938.0999999999995
2019-11-22 14:00:00,940.0999999999995
2019-11-22 15:00:00,938.9999999999994
2019-11-22 16:00:00,939.5999999999995
2019-11-22 17:00:00,939.1999999999994
2019-11-22 18:00:00,940.4999999999994
2019-11-22 19:00:00,941.6999999999994
2019-11-22 20:00:00,942.4999999999994
2019-11-25 14:00:00,947.0999999999995
2019-11-25 15:00:00,948.4999999999994
2019-11-25 16:00:00,948.5999999999995
2019-11-25 18:00:00,948.0999999999995
2019-11-25 19:00:00,947.2999999999994
2019-11-25 20:00:00,948.3999999999994
2019-11-26 14:00:00,948.4999999999994
2019-11-26 15:00:00,949.7999999999994
2019-11-26 16:00:00,951.2999999999994
2019-11-26 17:00:00,950.8999999999994
2019-11-26 18:00:00,949.1999999999994
2019-11-26 19:00:00,950.4999999999994
2019-11-26 20:00:00,950.4999999999994
2019-11-27 14:00:00,948.4999999999994
2019-11-27 15:00:00,946.7999999999994
2019-11-27 16:00:00,948.4999999999994
2019-11-27 17:00:00,947.9999999999994
2019-11-27 18:00:00,949.4999999999994
2019-11-27 19:00:00,948.8999999999994
2019-11-27 20:00:00,949.4999999999994
2019-11-29 14:00:00,945.5999999999995
2019-11-29 15:00:00,947.2999999999994
2019-11-29 16:00:00,947.3999999999994
2019-11-29 17:00:00,945.5999999999995
2019-11-29 18:00:00,945.5999999999995
2019-12-02 14:00:00,946.5999999999995
2019-12-02 15:00:00,939.8999999999994
2019-12-02 16:00:00,939.3999999999994
2019-12-02 17:00:00,936.8999999999994
2019-12-02 18:00:00,937.3999999999994
2019-12-02 19:00:00,937.7999999999994
2019-12-02 20:00:00,931.6999999999994
2019-12-03 14:00:00,920.5999999999995
2019-12-03 15:00:00,920.6999999999994
2019-12-03 16:00:00,920.6999999999994
2019-12-03 17:00:00,920.7999999999994
2019-12-03 18:00:00,922.1999999999994
2019-12-03 19:00:00,922.2999999999994
2019-12-03 20:00:00,923.2999999999994
2019-12-04 14:00:00,931.6999999999994
2019-12-04 15:00:00,931.0999999999995
2019-12-04 16:00:00,931.5999999999995
2019-12-04 17:00:00,930.0999999999995
2019-12-04 18:00:00,930.6999999999994
2019-12-04 19:00:00,930.7999999999994
2019-12-04 20:00:00,925.9999999999994
2019-12-05 14:00:00,924.9999999999994
2019-12-05 15:00:00,925.6999999999994
2019-12-05 16:00:00,925.9999999999994
2019-12-05 18:00:00,925.5999999999995
2019-12-05 19:00:00,924.3999999999994
2019-12-05 20:00:00,926.0999999999995
2019-12-05 21:00:00,926.6999999999994
2019-12-06 14:00:00,935.7999999999994
2019-12-06 15:00:00,935.6999999999994
2019-12-06 16:00:00,937.0999999999995
2019-12-06 17:00:00,936.9999999999994
2019-12-06 18:00:00,936.4999999999994
2019-12-06 19:00:00,935.8999999999994
2019-12-06 20:00:00,935.5999999999995
2019-12-09 14:00:00,934.1999999999994
2019-12-09 17:00:00,933.2999999999994
2019-12-09 18:00:00,933.1999999999994
2019-12-09 19:00:00,932.9999999999994
2019-12-09 20:00:00,933.0999999999995
2019-12-10 14:00:00,931.0999999999995
2019-12-10 15:00:00,934.2999999999994
2019-12-10 16:00:00,932.8999999999994
2019-12-10 17:00:00,931.7999999999994
2019-12-10 18:00:00,933.2999999999994
2019-12-10 19:00:00,933.6999999999994
2019-12-10 20:00:00,931.4999999999994
2019-12-11 14:00:00,933.2999999999994
2019-12-11 15:00:00,931.5999999999995
2019-12-11 16:00:00,931.9999999999994
2019-12-11 17:00:00,933.6999999999994
2019-12-11 18:00:00,934.1999999999994
2019-12-11 19:00:00,936.6999999999994
2019-12-11 20:00:00,937.2999999999994
2019-12-12 14:00:00,943.4999999999994
2019-12-12 15:00:00,945.3999999999994
2019-12-12 16:00:00,941.7999999999994
2019-12-12 17:00:00,941.5999999999995
2019-12-12 18:00:00,940.3999999999994
2019-12-12 19:00:00,941.0999999999993
2019-12-12 20:00:00,944.2999999999994
2019-12-13 14:00:00,941.8999999999994
2019-12-13 15:00:00,942.5999999999993
2019-12-13 16:00:00,940.7999999999994
2019-12-13 18:00:00,940.4999999999994
2019-12-13 19:00:00,940.4999999999994
2019-12-13 20:00:00,941.1999999999994
2019-12-16 14:00:00,944.3999999999994
2019-12-16 16:00:00,942.1999999999994
2019-12-16 17:00:00,942.4999999999994
2019-12-16 18:00:00,942.5999999999993
2019-12-16 19:00:00,941.7999999999994
2019-12-16 20:00:00,940.4999999999994
2019-12-17 14:00:00,942.1999999999994
2019-12-17 15:00:00,941.4999999999994
2019-12-17 16:00:00,941.5999999999993
2019-12-17 17:00:00,941.5999999999993
2019-12-17 18:00:00,940.4999999999994
2019-12-17 19:00:00,940.7999999999994
2019-12-17 20:00:00,940.5999999999993
2019-12-18 14:00:00,937.5999999999993
2019-12-18 15:00:00,937.1999999999994
2019-12-18 16:00:00,936.9999999999994
2019-12-18 17:00:00,936.0999999999993
2019-12-18 18:00:00,937.0999999999993
2019-12-18 19:00:00,936.8999999999994
2019-12-18 20:00:00,936.4999999999994
2019-12-19 14:00:00,937.0999999999993
2019-12-19 15:00:00,937.9999999999994
2019-12-19 16:00:00,937.2999999999994
2019-12-19 17:00:00,937.1999999999994
2019-12-19 18:00:00,937.6999999999994
2019-12-19 19:00:00,939.4999999999994
2019-12-19 20:00:00,938.5999999999993
2019-12-20 14:00:00,940.7999999999994
2019-12-20 15:00:00,940.6999999999994
2019-12-20 16:00:00,941.1999999999994
2019-12-20 17:00:00,941.5999999999993
2019-12-20 18:00:00,942.0999999999993
2019-12-20 19:00:00,942.4999999999994
2019-12-20 20:00:00,942.9999999999994
2019-12-23 14:00:00,945.6999999999994
2019-12-23 15:00:00,947.4999999999994
2019-12-23 16:00:00,948.1999999999994
2019-12-23 17:00:00,947.4999999999994
2019-12-23 18:00:00,948.5999999999993
2019-12-23 19:00:00,948.6999999999994
2019-12-23 20:00:00,948.0999999999993
2019-12-24 14:00:00,946.6999999999994
2019-12-24 15:00:00,945.6999999999994
2019-12-24 17:00:00,945.1999999999994
2019-12-26 14:00:00,945.2999999999994
2019-12-26 15:00:00,945.0999999999993
2019-12-26 16:00:00,944.9999999999994
2019-12-26 17:00:00,943.4999999999994
2019-12-26 18:00:00,944.5999999999993
2019-12-26 19:00:00,945.0999999999993
2019-12-26 20:00:00,946.2999999999994
2019-12-27 14:00:00,946.1999999999994
2019-12-27 15:00:00,947.7999999999994
2019-12-27 16:00:00,948.2999999999994
2019-12-27 17:00:00,947.3999999999994
2019-12-27 18:00:00,946.6999999999994
2019-12-27 20:00:00,946.3999999999994
2019-12-30 14:00:00,944.2999999999994
2019-12-30 15:00:00,941.5999999999993
2019-12-30 16:00:00,943.2999999999994
2019-12-30 17:00:00,943.7999999999994
2019-12-30 18:00:00,943.7999999999994
2019-12-30 19:00:00,942.3999999999994
2019-12-30 20:00:00,941.9999999999994
2019-12-31 14:00:00,943.2999999999994
2019-12-31 15:00:00,940.1999999999994
2019-12-31 16:00:00,940.0999999999993
2019-12-31 17:00:00,939.4999999999994
2019-12-31 18:00:00,939.0999999999993
2019-12-31 19:00:00,940.3999999999994
2019-12-31 20:00:00,941.9999999999994
2020-01-02 14:00:00,947.8999999999994
2020-01-02 15:00:00,945.6999999999994
2020-01-02 16:00:00,948.3999999999994
2020-01-02 17:00:00,949.4999999999994
2020-01-02 18:00:00,947.5999999999993
2020-01-02 19:00:00,950.5999999999993
2020-01-02 20:00:00,956.9999999999994
2020-01-03 14:00:00,952.0999999999993
2020-01-03 15:00:00,948.5999999999993
2020-01-03 16:00:00,951.7999999999994
2020-01-03 17:00:00,953.0999999999993
2020-01-03 18:00:00,951.2999999999994
2020-01-03 19:00:00,952.1999999999994
2020-01-03 20:00:00,955.5999999999993
2020-01-06 14:00:00,949.9999999999994
2020-01-06 15:00:00,951.0999999999993
2020-01-06 16:00:00,950.1999999999994
2020-01-06 17:00:00,950.5999999999993
2020-01-06 18:00:00,951.6999999999994
2020-01-06 19:00:00,950.6999999999994
2020-01-06 20:00:00,954.4999999999994
2020-01-07 14:00:00,951.5999999999993
2020-01-07 15:00:00,955.2999999999994
2020-01-07 16:00:00,955.6999999999994
2020-01-07 17:00:00,952.6999999999994
2020-01-07 18:00:00,952.0999999999993
2020-01-07 19:00:00,953.7999999999994
2020-01-07 20:00:00,953.9999999999994
2020-01-08 14:00:00,954.0999999999993
2020-01-08 15:00:00,954.3999999999994
2020-01-08 16:00:00,959.7999999999994
2020-01-08 17:00:00,958.8999999999994
2020-01-08 18:00:00,956.0999999999993
2020-01-08 19:00:00,957.5999999999993
2020-01-08 20:00:00,955.9999999999994
2020-01-09 14:00:00,958.1999999999994
2020-01-09 15:00:00,959.2999999999994
2020-01-09 16:00:00,959.6999999999994
2020-01-09 17:00:00,958.4999999999994
2020-01-09 18:00:00,958.6999999999994
2020-01-09 19:00:00,960.0999999999993
2020-01-09 20:00:00,959.9999999999994
2020-01-10 14:00:00,959.2999999999994
2020-01-10 15:00:00,959.5999999999993
2020-01-10 17:00:00,955.0999999999993
2020-01-10 19:00:00,955.6999999999994
2020-01-10 20:00:00,954.0999999999993
2020-01-13 14:00:00,957.1999999999994
2020-01-13 15:00:00,957.7999999999994
2020-01-13 16:00:00,958.8999999999994
2020-01-13 17:00:00,959.4999999999994
2020-01-13 18:00:00,959.8999999999994
2020-01-13 19:00:00,961.0999999999993
2020-01-13 20:00:00,960.8999999999994
2020-01-14 14:00:00,960.8999999999994
2020-01-14 15:00:00,961.5999999999993
2020-01-14 16:00:00,962.7999999999994
2020-01-14 17:00:00,964.7999999999994
2020-01-14 18:00:00,963.0999999999993
2020-01-14 19:00:00,963.4999999999994
2020-01-14 20:00:00,960.9999999999994
2020-01-15 14:00:00,964.6999999999994
2020-01-15 15:00:00,964.7999999999994
2020-01-15 16:00:00,963.7999999999994
2020-01-15 17:00:00,963.5999999999993
2020-01-15 18:00:00,961.3999999999994
2020-01-15 19:00:00,962.4999999999994
2020-01-15 20:00:00,961.5999999999993
2020-01-16 14:00:00,966.1999999999994
2020-01-16 15:00:00,966.5999999999993
2020-01-16 16:00:00,966.2999999999994
2020-01-16 17:00:00,967.2999999999994
2020-01-16 18:00:00,968.4999999999994
2020-01-16 19:00:00,967.6999999999994
2020-01-16 20:00:00,970.3999999999994
2020-01-17 14:00:00,971.9999999999994
2020-01-17 15:00:00,973.7999999999994
2020-01-17 16:00:00,971.1999999999994
2020-01-17 17:00:00,970.7999999999994
2020-01-17 18:00:00,970.7999999999994
2020-01-17 19:00:00,969.8999999999994
2020-01-17 20:00:00,970.3999999999994
2020-01-21 14:00:00,965.0999999999993
2020-01-21 15:00:00,963.9999999999994
2020-01-21 16:00:00,964.7999999999994
2020-01-21 17:00:00,965.4999999999994
2020-01-21 18:00:00,961.1999999999994
2020-01-21 19:00:00,958.0999999999993
2020-01-21 20:00:00,961.1999999999994
2020-01-22 14:00:00,963.6999999999994
2020-01-22 15:00:00,963.4999999999994
2020-01-22 16:00:00,957.6999999999994
2020-01-22 17:00:00,957.0999999999993
2020-01-22 18:00:00,958.9999999999994
2020-01-22 19:00:00,957.4999999999994
2020-01-22 20:00:00,956.5999999999993
2020-01-22 21:00:00,956.0999999999993
2020-01-23 14:00:00,955.9999999999994
2020-01-23 15:00:00,958.6999999999994
2020-01-23 16:00:00,958.1999999999994
2020-01-23 17:00:00,959.9999999999994
2020-01-23 18:00:00,961.7999999999994
2020-01-23 19:00:00,964.2999999999994
2020-01-23 20:00:00,965.4999999999994
2020-01-24 14:00:00,965.3999999999994
2020-01-24 15:00:00,963.8999999999994
2020-01-24 16:00:00,961.4999999999994
2020-01-24 17:00:00,961.0999999999993
2020-01-24 18:00:00,957.1999999999994
2020-01-24 19:00:00,959.6999999999994
2020-01-24 20:00:00,961.0999999999993
2020-01-27 14:00:00,949.4999999999994
2020-01-27 15:00:00,949.6999999999994
2020-01-27 16:00:00,947.5999999999993
2020-01-27 17:00:00,948.6999999999994
2020-01-27 18:00:00,949.9999999999994
2020-01-27 19:00:00,946.9999999999994
2020-01-27 20:00:00,945.4999999999994
2020-01-28 14:00:00,946.1999999999994
2020-01-28 15:00:00,951.0999999999993
2020-01-28 16:00:00,949.8999999999994
2020-01-28 17:00:00,951.5999999999993
2020-01-28 18:00:00,951.9999999999994
2020-01-28 19:00:00,953.5999999999993
2020-01-28 20:00:00,950.7999999999994
2020-01-29 14:00:00,957.2999999999994
2020-01-29 15:00:00,955.9999999999994
2020-01-29 16:00:00,958.4999999999994
2020-01-29 17:00:00,958.5999999999993
2020-01-29 18:00:00,958.4999999999994
2020-01-29 19:00:00,958.3999999999994
2020-01-29 20:00:00,954.9999999999994
2020-01-30 14:00:00,952.0999999999993
2020-01-30 15:00:00,945.7999999999994
2020-01-30 16:00:00,950.1999999999994
2020-01-30 17:00:00,946.1999999999994
2020-01-30 18:00:00,946.5999999999993
2020-01-30 19:00:00,949.2999999999994
2020-01-30 20:00:00,955.6999999999994
2020-01-31 14:00:00,948.2999999999994
2020-01-31 15:00:00,941.2999999999994
2020-01-31 16:00:00,941.1999999999994
2020-01-31 17:00:00,936.8999999999994
2020-01-31 18:00:00,937.2999999999994
2020-01-31 19:00:00,937.9999999999994
2020-01-31 20:00:00,936.2999999999994
2020-02-03 13:00:00,937.1999999999994
2020-02-03 14:00:00,943.9999999999994
2020-02-03 15:00:00,942.3999999999994
2020-02-03 16:00:00,937.8999999999994
2020-02-03 17:00:00,939.1999999999994
2020-02-03 18:00:00,939.4999999999994
2020-02-03 19:00:00,939.5999999999993
2020-02-03 20:00:00,936.3999999999994
2020-02-04 14:00:00,951.9999999999994
2020-02-04 15:00:00,950.3999999999994
2020-02-04 16:00:00,950.3999999999994
2020-02-04 17:00:00,952.1999999999994
2020-02-04 18:00:00,951.6999999999994
2020-02-04 19:00:00,951.5999999999993
2020-02-04 20:00:00,950.6999999999994
2020-02-05 14:00:00,960.0999999999993
2020-02-05 15:00:00,958.8999999999994
2020-02-05 16:00:00,960.4999999999994
2020-02-05 17:00:00,962.0999999999993
2020-02-05 18:00:00,963.5999999999993
2020-02-05 19:00:00,963.5999999999993
2020-02-05 20:00:00,964.5999999999993
2020-02-06 14:00:00,964.8999999999994
2020-02-06 15:00:00,965.5999999999993
2020-02-06 16:00:00,966.2999999999994
2020-02-06 17:00:00,968.2999999999994
2020-02-06 18:00:00,967.2999999999994
2020-02-06 19:00:00,968.0999999999993
2020-02-06 20:00:00,967.7999999999994
2020-02-07 14:00:00,962.6999999999994
2020-02-07 15:00:00,965.0999999999993
2020-02-07 16:00:00,963.7999999999994
2020-02-07 17:00:00,964.7999999999994
2020-02-07 18:00:00,963.2999999999994
2020-02-07 19:00:00,962.5999999999993
2020-02-07 20:00:00,961.4999999999994
2020-02-10 14:00:00,963.3999999999994
2020-02-10 15:00:00,965.1999999999994
2020-02-10 16:00:00,964.4999999999994
2020-02-10 17:00:00,962.3999999999994
2020-02-10 18:00:00,962.6999999999994
2020-02-10 19:00:00,963.6999999999994
2020-02-10 20:00:00,966.1999999999994
2020-02-11 14:00:00,971.3999999999994
2020-02-11 15:00:00,972.3999999999994
2020-02-11 16:00:00,969.4999999999994
2020-02-11 17:00:00,970.9999999999994
2020-02-11 18:00:00,971.6999999999994
2020-02-11 19:00:00,971.2999999999994
2020-02-11 20:00:00,969.1999999999994
2020-02-12 14:00:00,974.0999999999993
2020-02-12 15:00:00,974.3999999999994
2020-02-12 16:00:00,975.0999999999993
2020-02-12 17:00:00,974.9999999999994
2020-02-12 18:00:00,974.5999999999993
2020-02-12 19:00:00,976.3999999999994
2020-02-12 20:00:00,977.3999999999994
2020-02-13 14:00:00,972.3999999999994
2020-02-13 15:00:00,972.3999999999994
2020-02-13 16:00:00,971.8999999999994
2020-02-13 17:00:00,974.0999999999993
2020-02-13 18:00:00,975.1999999999994
2020-02-13 19:00:00,974.6999999999994
2020-02-13 20:00:00,972.1999999999994
2020-02-14 14:00:00,973.1999999999994
2020-02-14 15:00:00,971.9999999999994
2020-02-14 16:00:00,970.4999999999994
2020-02-14 17:00:00,969.6999999999994
2020-02-14 18:00:00,969.6999999999994
2020-02-14 19:00:00,970.5999999999993
2020-02-14 20:00:00,971.2999999999994
2020-02-18 14:00:00,968.6999999999994
2020-02-18 15:00:00,967.8999999999994
2020-02-18 16:00:00,963.0999999999993
2020-02-18 17:00:00,965.0999999999993
2020-02-18 18:00:00,965.8999999999994
2020-02-18 19:00:00,967.6999999999994
2020-02-18 20:00:00,966.0999999999993
2020-02-19 14:00:00,968.3999999999994
2020-02-19 15:00:00,968.7999999999994
2020-02-19 18:00:00,968.7999999999994
2020-02-19 19:00:00,968.0999999999993
2020-02-19 20:00:00,966.2999999999994
2020-02-20 14:00:00,967.6999999999994
2020-02-20 15:00:00,969.4999999999994
2020-02-20 16:00:00,964.2999999999994
2020-02-20 17:00:00,963.0999999999993
2020-02-20 18:00:00,964.0999999999993
2020-02-20 19:00:00,964.3999999999994
2020-02-20 20:00:00,964.9999999999994
2020-02-21 14:00:00,959.0999999999993
2020-02-21 15:00:00,959.5999999999993
2020-02-21 16:00:00,962.1999999999994
2020-02-21 17:00:00,961.4999999999994
2020-02-21 18:00:00,960.2999999999994
2020-02-21 19:00:00,960.9999999999994
2020-02-21 20:00:00,961.0999999999993
2020-02-24 14:00:00,937.9999999999994
2020-02-24 15:00:00,937.9999999999994
2020-02-24 16:00:00,937.3999999999994
2020-02-24 17:00:00,934.2999999999994
2020-02-24 18:00:00,936.4999999999994
2020-02-24 19:00:00,938.3999999999994
2020-02-24 20:00:00,936.1999999999994
2020-02-25 14:00:00,936.1999999999994
2020-02-25 15:00:00,924.9999999999994
2020-02-25 16:00:00,922.7999999999994
2020-02-25 17:00:00,916.4999999999994
2020-02-25 18:00:00,910.9999999999994
2020-02-25 19:00:00,908.5999999999993
2020-02-25 20:00:00,903.1999999999994
2020-02-26 14:00:00,910.3999999999994
2020-02-26 15:00:00,916.4999999999994
2020-02-26 16:00:00,910.8999999999994
2020-02-26 17:00:00,906.7999999999994
2020-02-26 18:00:00,896.5999999999993
2020-02-26 19:00:00,897.7999999999994
2020-02-26 20:00:00,897.3999999999994
2020-02-27 14:00:00,878.7999999999994
2020-02-27 15:00:00,882.7999999999994
2020-02-27 16:00:00,889.0999999999993
2020-02-27 17:00:00,894.5999999999993
2020-02-27 18:00:00,884.6999999999994
2020-02-27 19:00:00,882.7999999999994
2020-02-27 20:00:00,868.4999999999994
2020-02-28 14:00:00,844.6999999999994
2020-02-28 15:00:00,846.3999999999994
2020-02-28 16:00:00,849.4999999999994
2020-02-28 17:00:00,856.2999999999994
2020-02-28 18:00:00,846.4999999999994
2020-02-28 19:00:00,849.7999999999994
2020-02-28 20:00:00,857.9999999999994
2020-03-02 14:00:00,855.4999999999994
2020-03-02 15:00:00,860.9999999999994
2020-03-02 16:00:00,871.2999999999994
2020-03-02 17:00:00,870.2999999999994
2020-03-02 18:00:00,869.0999999999993
2020-03-02 19:00:00,862.8999999999994
2020-03-02 20:00:00,878.9999999999994
2020-03-02 21:00:00,879.6999999999994
2020-03-03 14:00:00,875.7999999999994
2020-03-03 15:00:00,889.5999999999993
2020-03-03 16:00:00,879.9999999999994
2020-03-03 17:00:00,874.4999999999994
2020-03-03 18:00:00,864.9999999999994
2020-03-03 19:00:00,864.6999999999994
2020-03-03 20:00:00,860.3999999999994
2020-03-04 14:00:00,867.4999999999994
2020-03-04 15:00:00,870.8999999999994
2020-03-04 16:00:00,873.1999999999994
2020-03-04 17:00:00,879.6999999999994
2020-03-04 18:00:00,882.8999999999994
2020-03-04 19:00:00,883.6999999999994
2020-03-04 20:00:00,891.3999999999994
2020-03-04 21:00:00,891.7999999999994
2020-03-05 14:00:00,867.9999999999994
2020-03-05 15:00:00,869.4999999999994
2020-03-05 16:00:00,865.6999999999994
2020-03-05 17:00:00,857.2999999999994
2020-03-05 18:00:00,857.6999999999994
2020-03-05 19:00:00,855.7999999999994
2020-03-05 20:00:00,854.5999999999993
2020-03-06 14:00:00,833.5999999999993
2020-03-06 15:00:00,844.0999999999993
2020-03-06 16:00:00,841.6999999999994
2020-03-06 17:00:00,842.2999999999994
2020-03-06 18:00:00,840.6999999999994
2020-03-06 19:00:00,832.2999999999994
2020-03-06 20:00:00,846.9999999999994
2020-03-09 14:00:00,794.5999999999993
2020-03-09 15:00:00,803.2999999999994
2020-03-09 16:00:00,790.7999999999994
2020-03-09 17:00:00,780.2999999999994
2020-03-09 18:00:00,782.3999999999994
2020-03-09 19:00:00,779.8999999999994
2020-03-09 20:00:00,780.1999999999994
2020-03-10 13:00:00,801.1999999999994
2020-03-10 14:00:00,791.4999999999994
2020-03-10 15:00:00,779.5999999999993
2020-03-10 16:00:00,787.3999999999994
2020-03-10 17:00:00,784.3999999999994
2020-03-10 18:00:00,799.0999999999993
2020-03-10 19:00:00,814.3999999999994
2020-03-11 13:00:00,794.0999999999993
2020-03-11 14:00:00,787.2999999999994
2020-03-11 15:00:00,784.8999999999994
2020-03-11 16:00:00,781.6999999999994
2020-03-11 17:00:00,781.8999999999994
2020-03-11 18:00:00,775.5999999999993
2020-03-11 19:00:00,773.8999999999994
2020-03-12 15:00:00,715.2999999999994
2020-03-12 16:00:00,734.8999999999994
2020-03-12 17:00:00,722.5999999999993
2020-03-12 18:00:00,721.3999999999994
2020-03-12 19:00:00,705.6999999999994
2020-03-13 13:00:00,724.2999999999994
2020-03-13 14:00:00,720.9999999999994
2020-03-13 15:00:00,715.4999999999994
2020-03-13 16:00:00,722.2999999999994
2020-03-13 17:00:00,733.4999999999994
2020-03-13 18:00:00,722.6999999999994
2020-03-13 19:00:00,734.9999999999994
2020-03-16 19:00:00,685.0999999999993
2020-03-17 19:00:00,685.2999999999994
2020-03-18 19:00:00,644.2999999999994
2020-03-18 20:00:00,668.2999999999994
2020-03-19 14:00:00,642.9999999999994
2020-03-19 15:00:00,644.3999999999994
2020-03-19 16:00:00,639.1999999999994
2020-03-19 17:00:00,644.3999999999994
2020-03-19 18:00:00,643.0999999999993
2020-03-19 19:00:00,672.4999999999994
2020-03-19 20:00:00,689.2999999999994
2020-03-20 13:00:00,677.5999999999993
2020-03-20 15:00:00,665.2999999999994
2020-03-20 17:00:00,661.3999999999994
2020-03-23 13:00:00,627.1999999999994
2020-03-23 14:00:00,615.8999999999994
2020-03-23 15:00:00,603.8999999999994
2020-03-23 16:00:00,622.5999999999995
2020-03-23 17:00:00,611.4999999999993
2020-03-23 18:00:00,612.8999999999994
2020-03-23 19:00:00,613.1999999999994
2020-03-24 13:00:00,648.4999999999994
2020-03-24 14:00:00,654.6999999999994
2020-03-24 15:00:00,655.8999999999994
2020-03-24 18:00:00,658.3999999999994
2020-03-24 19:00:00,674.4999999999994
2020-03-25 13:00:00,687.2999999999994
2020-03-25 14:00:00,675.2999999999994
2020-03-25 15:00:00,692.5999999999993
2020-03-25 16:00:00,702.0999999999993
2020-03-25 17:00:00,715.3999999999994
2020-03-25 18:00:00,721.5999999999993
2020-03-25 19:00:00,703.0999999999993
2020-03-26 14:00:00,722.7999999999994
2020-03-26 15:00:00,732.2999999999994
2020-03-26 16:00:00,735.1999999999994
2020-03-26 17:00:00,728.9999999999994
2020-03-26 18:00:00,729.5999999999993
2020-03-26 19:00:00,738.6999999999994
2020-03-27 13:00:00,707.6999999999994
2020-03-27 14:00:00,712.1999999999994
2020-03-27 15:00:00,712.1999999999994
2020-03-27 16:00:00,715.4999999999994
2020-03-27 17:00:00,719.6999999999994
2020-03-27 18:00:00,721.8999999999994
2020-03-27 19:00:00,714.5999999999993
2020-03-30 13:00:00,711.4999999999994
2020-03-30 14:00:00,712.3999999999994
2020-03-30 16:00:00,720.0999999999993
2020-03-30 17:00:00,719.0999999999993
2020-03-30 18:00:00,717.9999999999994
2020-03-30 19:00:00,723.4999999999994
2020-03-31 13:00:00,717.8999999999994
2020-03-31 14:00:00,722.8999999999994
2020-03-31 15:00:00,726.8999999999994
2020-03-31 16:00:00,719.9999999999994
2020-03-31 17:00:00,717.4999999999994
2020-03-31 18:00:00,721.0999999999993
2020-03-31 19:00:00,716.0999999999993
2020-04-01 13:00:00,692.4999999999994
2020-04-01 14:00:00,692.4999999999994
2020-04-01 15:00:00,691.7999999999994
2020-04-01 16:00:00,683.3999999999994
2020-04-01 17:00:00,683.3999999999994
2020-04-01 18:00:00,685.1999999999994
2020-04-01 19:00:00,688.7999999999994
2020-04-02 13:00:00,688.0999999999993
2020-04-02 14:00:00,698.7999999999994
2020-04-02 15:00:00,697.1999999999994
2020-04-02 16:00:00,696.5999999999993
2020-04-02 17:00:00,689.1999999999994
2020-04-02 18:00:00,687.1999999999994
2020-04-02 19:00:00,696.3999999999994
2020-04-03 13:00:00,699.2999999999994
2020-04-03 14:00:00,691.2999999999994
2020-04-03 15:00:00,688.3999999999994
2020-04-03 16:00:00,686.1999999999994
2020-04-03 17:00:00,684.7999999999994
2020-04-03 18:00:00,686.1999999999994
2020-04-03 19:00:00,688.7999999999994
2020-04-06 13:00:00,717.1999999999994
2020-04-06 14:00:00,717.6999999999994
2020-04-06 15:00:00,720.7999999999994
2020-04-06 16:00:00,722.7999999999994
2020-04-06 17:00:00,724.7999999999994
2020-04-06 18:00:00,723.2999999999994
2020-04-06 19:00:00,729.9999999999994
2020-04-07 13:00:00,755.5999999999993
2020-04-07 14:00:00,741.1999999999994
2020-04-07 15:00:00,746.4999999999994
2020-04-07 16:00:00,749.4999999999994
2020-04-07 17:00:00,743.4999999999994
2020-04-07 18:00:00,730.5999999999993
2020-04-07 19:00:00,726.2999999999994
2020-04-08 13:00:00,734.3999999999994
2020-04-08 14:00:00,736.3999999999994
2020-04-08 15:00:00,740.1999999999994
2020-04-08 16:00:00,744.6999999999994
2020-04-08 17:00:00,746.3999999999994
2020-04-08 18:00:00,747.2999999999994
2020-04-08 19:00:00,750.9999999999994
2020-04-09 13:00:00,766.2999999999994
2020-04-09 14:00:00,766.6999999999994
2020-04-09 15:00:00,763.4999999999994
2020-04-09 16:00:00,766.6999999999994
2020-04-09 17:00:00,764.9999999999994
2020-04-09 18:00:00,754.5999999999993
2020-04-09 19:00:00,757.2999999999994
2020-04-13 13:00:00,745.7999999999994
2020-04-13 14:00:00,738.3999999999994
2020-04-13 15:00:00,738.2999999999994
2020-04-13 16:00:00,736.5999999999993
2020-04-13 17:00:00,740.2999999999994
2020-04-13 18:00:00,738.9999999999994
2020-04-13 19:00:00,740.0999999999993
2020-04-14 13:00:00,756.1999999999994
2020-04-14 14:00:00,749.8999999999994
2020-04-14 15:00:00,746.8999999999994
2020-04-14 16:00:00,748.8999999999994
2020-04-14 18:00:00,752.2999999999994
2020-04-14 19:00:00,752.2999999999994
2020-04-15 13:00:00,732.7999999999994
2020-04-15 14:00:00,727.0999999999993
2020-04-15 15:00:00,727.3999999999994
2020-04-15 16:00:00,726.8999999999994
2020-04-15 17:00:00,729.7999999999994
2020-04-15 18:00:00,734.9999999999994
2020-04-15 19:00:00,734.8999999999994
2020-04-16 13:00:00,732.7999999999994
2020-04-16 14:00:00,726.3999999999994
2020-04-16 15:00:00,727.8999999999994
2020-04-16 16:00:00,723.5999999999993
2020-04-16 17:00:00,723.7999999999994
2020-04-16 18:00:00,725.2999999999994
2020-04-16 19:00:00,728.7999999999994
2020-04-17 13:00:00,755.2999999999994
2020-04-17 14:00:00,749.9999999999994
2020-04-17 15:00:00,748.7999999999994
2020-04-17 16:00:00,751.5999999999993
2020-04-17 17:00:00,752.2999999999994
2020-04-17 18:00:00,751.4999999999994
2020-04-17 19:00:00,756.7999999999994
2020-04-20 13:00:00,746.0999999999993
2020-04-20 14:00:00,750.2999999999994
2020-04-20 15:00:00,751.4999999999994
2020-04-20 16:00:00,750.9999999999994
2020-04-20 17:00:00,748.9999999999994
2020-04-20 18:00:00,740.1999999999994
2020-04-20 19:00:00,741.1999999999994
2020-04-21 13:00:00,732.2999999999994
2020-04-21 14:00:00,729.2999999999994
2020-04-21 15:00:00,726.2999999999994
2020-04-21 16:00:00,725.2999999999994
2020-04-21 17:00:00,728.1999999999994
2020-04-21 18:00:00,725.5999999999993
2020-04-21 19:00:00,726.3999999999994
2020-04-22 13:00:00,735.3999999999994
2020-04-22 14:00:00,731.2999999999994
2020-04-22 15:00:00,732.0999999999993
2020-04-22 17:00:00,730.3999999999994
2020-04-22 18:00:00,732.3999999999994
2020-04-22 19:00:00,735.1999999999994
2020-04-23 13:00:00,741.0999999999993
2020-04-23 14:00:00,747.1999999999994
2020-04-23 15:00:00,745.5999999999993
2020-04-23 16:00:00,738.9999999999994
2020-04-23 17:00:00,740.5999999999993
2020-04-23 18:00:00,741.2999999999994
2020-04-23 19:00:00,736.3999999999994
2020-04-24 13:00:00,737.3999999999994
2020-04-24 14:00:00,735.7999999999994
2020-04-24 15:00:00,733.4999999999994
2020-04-24 16:00:00,734.9999999999994
2020-04-24 17:00:00,736.7999999999994
2020-04-24 18:00:00,740.2999999999994
2020-04-24 19:00:00,741.7999999999994
2020-04-27 13:00:00,748.4999999999994
2020-04-27 14:00:00,750.3999999999994
2020-04-27 15:00:00,753.2999999999994
2020-04-27 16:00:00,753.2999999999994
2020-04-27 17:00:00,754.8999999999994
2020-04-27 18:00:00,758.3999999999994
2020-04-27 19:00:00,756.8999999999994
2020-04-27 20:00:00,758.5999999999993
2020-04-28 13:00:00,774.6999999999994
2020-04-28 14:00:00,764.0999999999993
2020-04-28 15:00:00,766.7999999999994
2020-04-28 16:00:00,769.2999999999994
2020-04-28 17:00:00,771.0999999999993
2020-04-28 18:00:00,771.2999999999994
2020-04-28 19:00:00,769.9999999999994
2020-04-29 13:00:00,780.4999999999994
2020-04-29 14:00:00,779.9999999999994
2020-04-29 15:00:00,782.0999999999993
2020-04-29 16:00:00,783.5999999999993
2020-04-29 17:00:00,783.4999999999994
2020-04-29 18:00:00,781.6999999999994
2020-04-29 19:00:00,781.6999999999994
2020-04-30 13:00:00,768.7999999999994
2020-04-30 14:00:00,771.0999999999993
2020-04-30 15:00:00,769.7999999999994
2020-04-30 16:00:00,769.4999999999994
2020-04-30 17:00:00,767.6999999999994
2020-04-30 18:00:00,766.8999999999994
2020-04-30 19:00:00,768.1999999999994
2020-05-01 13:00:00,756.6999999999994
2020-05-01 14:00:00,750.5999999999993
2020-05-01 15:00:00,750.9999999999994
2020-05-01 16:00:00,746.9999999999994
2020-05-01 17:00:00,747.6999999999994
2020-05-01 18:00:00,749.3999999999994
2020-05-01 19:00:00,748.8999999999994
2020-05-04 13:00:00,734.3999999999994
2020-05-04 14:00:00,734.5999999999993
2020-05-04 15:00:00,734.1999999999994
2020-05-04 16:00:00,735.9999999999994
2020-05-04 17:00:00,735.5999999999993
2020-05-04 18:00:00,737.5999999999993
2020-05-04 19:00:00,740.0999999999993
2020-05-05 13:00:00,749.9999999999994
2020-05-05 14:00:00,747.6999999999994
2020-05-05 16:00:00,748.2999999999994
2020-05-05 17:00:00,748.4999999999994
2020-05-05 19:00:00,743.0999999999993
2020-05-06 13:00:00,743.3999999999994
2020-05-06 14:00:00,742.0999999999993
2020-05-06 15:00:00,737.4999999999994
2020-05-06 17:00:00,740.5999999999993
2020-05-06 18:00:00,739.5999999999993
2020-05-06 19:00:00,734.5999999999993
2020-05-07 13:00:00,746.4999999999994
2020-05-07 14:00:00,743.6999999999994
2020-05-07 15:00:00,745.0999999999993
2020-05-07 18:00:00,743.7999999999994
2020-05-07 19:00:00,741.5999999999993
2020-05-08 13:00:00,753.9999999999994
2020-05-08 14:00:00,752.7999999999994
2020-05-08 15:00:00,752.1999999999994
2020-05-08 16:00:00,754.7999999999994
2020-05-08 17:00:00,754.4999999999994
2020-05-08 18:00:00,754.8999999999994
2020-05-08 19:00:00,758.2999999999994
2020-05-11 13:00:00,750.3999999999994
2020-05-11 14:00:00,746.6999999999994
2020-05-11 15:00:00,747.4999999999994
2020-05-11 16:00:00,752.1999999999994
2020-05-11 17:00:00,753.5999999999993
2020-05-11 18:00:00,752.1999999999994
2020-05-11 19:00:00,751.0999999999993
2020-05-12 13:00:00,749.5999999999993
2020-05-12 14:00:00,747.6999999999994
2020-05-12 15:00:00,746.6999999999994
2020-05-12 17:00:00,741.9999999999994
2020-05-12 19:00:00,732.2999999999994
2020-05-13 13:00:00,722.3999999999994
2020-05-13 14:00:00,724.9999999999994
2020-05-13 15:00:00,713.7999999999994
2020-05-13 16:00:00,715.1999999999994
2020-05-13 17:00:00,718.0999999999993
2020-05-13 18:00:00,712.7999999999994
2020-05-13 19:00:00,715.9999999999994
2020-05-14 13:00:00,697.3999999999994
2020-05-14 14:00:00,712.4999999999994
2020-05-14 15:00:00,707.9999999999994
2020-05-14 16:00:00,714.0999999999993
2020-05-14 17:00:00,712.9999999999994
2020-05-14 18:00:00,713.8999999999994
2020-05-14 19:00:00,722.6999999999994
2020-05-15 13:00:00,720.9999999999994
2020-05-15 14:00:00,718.9999999999994
2020-05-15 15:00:00,717.1999999999994
2020-05-15 16:00:00,720.0999999999993
2020-05-15 17:00:00,721.6999999999994
2020-05-15 18:00:00,723.1999999999994
2020-05-15 19:00:00,720.5999999999993
2020-05-18 13:00:00,747.9999999999994
2020-05-18 14:00:00,751.5999999999993
2020-05-18 15:00:00,756.2999999999994
2020-05-18 16:00:00,755.5999999999993
2020-05-18 17:00:00,756.7999999999994
2020-05-18 18:00:00,759.8999999999994
2020-05-18 19:00:00,759.4999999999994
2020-05-19 13:00:00,757.0999999999993
2020-05-19 14:00:00,759.6999999999994
2020-05-19 15:00:00,762.3999999999994
2020-05-19 16:00:00,763.3999999999994
2020-05-19 17:00:00,763.1999999999994
2020-05-19 18:00:00,758.2999999999994
2020-05-19 19:00:00,751.4999999999994
2020-05-20 13:00:00,765.4999999999994
2020-05-20 14:00:00,767.5999999999993
2020-05-20 15:00:00,767.9999999999994
2020-05-20 16:00:00,765.4999999999994
2020-05-20 17:00:00,764.1999999999994
2020-05-20 18:00:00,763.4999999999994
2020-05-20 19:00:00,763.2999999999994
2020-05-21 13:00:00,767.4999999999994
2020-05-21 14:00:00,766.3999999999994
2020-05-21 15:00:00,763.7999999999994
2020-05-21 16:00:00,763.9999999999994
2020-05-21 17:00:00,766.2999999999994
2020-05-21 18:00:00,764.4999999999994
2020-05-21 19:00:00,764.6999999999994
2020-05-22 13:00:00,761.1999999999994
2020-05-22 14:00:00,761.1999999999994
2020-05-22 15:00:00,761.3999999999994
2020-05-22 16:00:00,762.0999999999993
2020-05-22 17:00:00,761.4999999999994
2020-05-22 18:00:00,763.6999999999994
2020-05-22 19:00:00,763.9999999999994
2020-05-26 13:00:00,788.1999999999994
2020-05-26 14:00:00,791.2999999999994
2020-05-26 15:00:00,789.3999999999994
2020-05-26 16:00:00,793.1999999999994
2020-05-26 17:00:00,794.8999999999994
2020-05-26 18:00:00,794.4999999999994
2020-05-26 19:00:00,791.1999999999994
2020-05-27 13:00:00,808.9999999999994
2020-05-27 14:00:00,801.5999999999993
2020-05-27 15:00:00,806.5999999999993
2020-05-27 16:00:00,807.5999999999993
2020-05-27 17:00:00,806.7999999999994
2020-05-27 18:00:00,808.1999999999994
2020-05-27 19:00:00,813.5999999999993
2020-05-28 13:00:00,813.3999999999994
2020-05-28 14:00:00,814.5999999999993
2020-05-28 15:00:00,816.1999999999994
2020-05-28 16:00:00,817.4999999999994
2020-05-28 17:00:00,816.7999999999994
2020-05-28 18:00:00,814.7999999999994
2020-05-28 19:00:00,807.1999999999994
2020-05-29 13:00:00,800.9999999999994
2020-05-29 14:00:00,798.2999999999994
2020-05-29 15:00:00,798.7999999999994
2020-05-29 16:00:00,795.4999999999994
2020-05-29 17:00:00,797.3999999999994
2020-05-29 18:00:00,804.1999999999994
2020-05-29 19:00:00,804.3999999999994
2020-06-01 13:00:00,804.7999999999994
2020-06-01 14:00:00,808.3999999999994
2020-06-01 15:00:00,806.1999999999994
2020-06-01 17:00:00,808.2999999999994
2020-06-01 18:00:00,806.0999999999993
2020-06-01 19:00:00,805.3999999999994
2020-06-02 13:00:00,809.8999999999994
2020-06-02 14:00:00,812.0999999999993
2020-06-02 15:00:00,812.7999999999994
2020-06-02 16:00:00,814.0999999999993
2020-06-02 17:00:00,814.8999999999994
2020-06-02 18:00:00,812.0999999999993
2020-06-02 19:00:00,813.2999999999994
2020-06-03 13:00:00,826.7999999999994
2020-06-03 14:00:00,833.6999999999994
2020-06-03 15:00:00,835.9999999999994
2020-06-03 16:00:00,835.8999999999994
2020-06-03 17:00:00,835.5999999999993
2020-06-03 18:00:00,839.0999999999993
2020-06-03 19:00:00,840.7999999999994
2020-06-04 13:00:00,838.3999999999994
2020-06-04 14:00:00,840.8999999999994
2020-06-04 15:00:00,844.2999999999994
2020-06-04 16:00:00,841.3999999999994
2020-06-04 17:00:00,845.1999999999994
2020-06-04 18:00:00,845.5999999999993
2020-06-04 19:00:00,847.8999999999994
2020-06-05 13:00:00,876.1999999999994
2020-06-05 14:00:00,881.2999999999994
2020-06-05 15:00:00,885.3999999999994
2020-06-05 16:00:00,882.2999999999994
2020-06-05 17:00:00,879.4999999999994
2020-06-05 18:00:00,876.8999999999994
2020-06-05 19:00:00,875.0999999999993
2020-06-08 13:00:00,889.5999999999993
2020-06-08 14:00:00,886.6999999999994
2020-06-08 15:00:00,887.1999999999994
2020-06-08 16:00:00,886.0999999999993
2020-06-08 17:00:00,887.2999999999994
2020-06-08 18:00:00,887.2999999999994
2020-06-08 19:00:00,889.7999999999994
2020-06-09 13:00:00,871.0999999999993
2020-06-09 14:00:00,876.0999999999993
2020-06-09 15:00:00,872.6999999999994
2020-06-09 16:00:00,872.0999999999993
2020-06-09 17:00:00,872.9999999999994
2020-06-09 18:00:00,873.0999999999993
2020-06-09 19:00:00,871.1999999999994
2020-06-10 13:00:00,858.6999999999994
2020-06-10 14:00:00,853.4999999999994
2020-06-10 15:00:00,858.8999999999994
2020-06-10 16:00:00,857.6999999999994
2020-06-10 17:00:00,860.2999999999994
2020-06-10 18:00:00,856.1999999999994
2020-06-10 19:00:00,854.0999999999993
2020-06-11 13:00:00,826.5999999999993
2020-06-11 14:00:00,819.8999999999994
2020-06-11 15:00:00,817.7999999999994
2020-06-11 16:00:00,813.4999999999994
2020-06-11 17:00:00,813.6999999999994
2020-06-11 18:00:00,805.8999999999994
2020-06-11 19:00:00,804.5999999999993
2020-06-12 13:00:00,821.3999999999994
2020-06-12 14:00:00,819.0999999999995
2020-06-12 15:00:00,801.0999999999995
2020-06-12 16:00:00,808.0999999999995
2020-06-12 17:00:00,796.6999999999995
2020-06-12 18:00:00,802.2999999999995
2020-06-12 19:00:00,811.5999999999995
2020-06-15 13:00:00,794.3999999999994
2020-06-15 14:00:00,803.5999999999995
2020-06-15 15:00:00,803.9999999999994
2020-06-15 16:00:00,808.4999999999994
2020-06-15 17:00:00,811.5999999999995
2020-06-15 18:00:00,818.3999999999994
2020-06-15 19:00:00,817.8999999999994
2020-06-16 13:00:00,841.4999999999994
2020-06-16 14:00:00,828.8999999999994
2020-06-16 15:00:00,833.9999999999994
2020-06-16 16:00:00,836.6999999999995
2020-06-16 18:00:00,835.0999999999995
2020-06-16 19:00:00,832.7999999999995
2020-06-17 13:00:00,829.5999999999995
2020-06-17 14:00:00,827.7999999999995
2020-06-17 15:00:00,830.6999999999995
2020-06-17 16:00:00,830.9999999999994
2020-06-17 17:00:00,834.2999999999995
2020-06-17 18:00:00,833.5999999999995
2020-06-17 19:00:00,827.1999999999995
2020-06-18 13:00:00,825.0999999999995
2020-06-18 14:00:00,827.3999999999994
2020-06-18 15:00:00,828.1999999999995
2020-06-18 16:00:00,826.1999999999995
2020-06-18 17:00:00,826.7999999999995
2020-06-18 18:00:00,825.0999999999995
2020-06-18 19:00:00,824.7999999999995
2020-06-19 13:00:00,833.8999999999994
2020-06-19 14:00:00,828.2999999999995
2020-06-19 15:00:00,826.2999999999995
2020-06-19 16:00:00,821.5999999999995
2020-06-19 17:00:00,815.1999999999995
2020-06-19 18:00:00,818.0999999999995
2020-06-19 19:00:00,815.6999999999995
2020-06-22 13:00:00,810.7999999999995
2020-06-22 14:00:00,815.0999999999995
2020-06-22 15:00:00,812.3999999999994
2020-06-22 16:00:00,817.2999999999995
2020-06-22 17:00:00,815.8999999999994
2020-06-22 18:00:00,816.8999999999994
2020-06-22 19:00:00,817.4999999999994
2020-06-23 13:00:00,819.9999999999994
2020-06-23 14:00:00,817.5999999999995
2020-06-23 15:00:00,818.3999999999994
2020-06-23 16:00:00,818.8999999999994
2020-06-23 17:00:00,820.0999999999995
2020-06-23 18:00:00,820.3999999999994
2020-06-23 19:00:00,817.4999999999994
2020-06-24 13:00:00,806.9999999999994
2020-06-24 14:00:00,803.8999999999994
2020-06-24 15:00:00,794.3999999999994
2020-06-24 16:00:00,797.1999999999995
2020-06-24 17:00:00,794.2999999999995
2020-06-24 18:00:00,794.8999999999994
2020-06-24 19:00:00,792.5999999999995
2020-06-25 13:00:00,786.3999999999994
2020-06-25 14:00:00,789.5999999999995
2020-06-25 15:00:00,788.4999999999994
2020-06-25 16:00:00,791.0999999999995
2020-06-25 17:00:00,792.0999999999995
2020-06-25 18:00:00,792.5999999999995
2020-06-25 19:00:00,799.8999999999994
2020-06-26 13:00:00,797.7999999999995
2020-06-26 14:00:00,791.6999999999995
2020-06-26 15:00:00,790.8999999999994
2020-06-26 16:00:00,789.2999999999995
2020-06-26 17:00:00,790.7999999999995
2020-06-26 18:00:00,785.5999999999995
2020-06-26 19:00:00,788.3999999999994
2020-06-29 13:00:00,798.8999999999994
2020-06-29 14:00:00,804.9999999999994
2020-06-29 15:00:00,803.0999999999995
2020-06-29 16:00:00,805.3999999999994
2020-06-29 17:00:00,807.7999999999995
2020-06-29 18:00:00,806.5999999999995
2020-06-29 19:00:00,810.0999999999995
2020-06-30 13:00:00,803.3999999999994
2020-06-30 14:00:00,808.5999999999995
2020-06-30 15:00:00,809.3999999999994
2020-06-30 16:00:00,810.7999999999995
2020-06-30 17:00:00,809.3999999999994
2020-06-30 18:00:00,812.1999999999995
2020-06-30 19:00:00,814.5999999999995
2020-07-01 13:00:00,820.0999999999995
2020-07-01 14:00:00,817.0999999999995
2020-07-01 15:00:00,813.3999999999994
2020-07-01 16:00:00,814.1999999999995
2020-07-01 17:00:00,811.6999999999995
2020-07-01 18:00:00,812.5999999999995
2020-07-01 19:00:00,810.8999999999994
2020-07-02 13:00:00,825.3999999999994
2020-07-02 14:00:00,817.2999999999995
2020-07-02 15:00:00,819.7999999999995
2020-07-02 16:00:00,819.7999999999995
2020-07-02 17:00:00,821.8999999999994
2020-07-02 18:00:00,820.6999999999995
2020-07-02 19:00:00,816.0999999999995
2020-07-06 13:00:00,828.4999999999994
2020-07-06 14:00:00,824.0999999999995
2020-07-06 15:00:00,821.7999999999995
2020-07-06 16:00:00,823.5999999999995
2020-07-06 17:00:00,825.8999999999994
2020-07-06 18:00:00,824.0999999999995
2020-07-06 19:00:00,826.2999999999995
2020-07-07 13:00:00,820.6999999999995
2020-07-07 14:00:00,817.2999999999995
2020-07-07 16:00:00,817.3999999999994
2020-07-07 17:00:00,818.1999999999995
2020-07-07 18:00:00,815.6999999999995
2020-07-07 19:00:00,812.6999999999995
2020-07-08 13:00:00,816.1999999999995
2020-07-08 14:00:00,816.1999999999995
2020-07-08 15:00:00,809.8999999999994
2020-07-08 16:00:00,809.9999999999994
2020-07-08 17:00:00,808.1999999999995
2020-07-08 18:00:00,808.9999999999994
2020-07-08 19:00:00,812.4999999999994
2020-07-09 13:00:00,808.0999999999995
2020-07-09 14:00:00,798.1999999999995
2020-07-09 15:00:00,799.2999999999995
2020-07-09 16:00:00,800.2999999999995
2020-07-09 17:00:00,800.1999999999995
2020-07-09 18:00:00,801.8999999999994
2020-07-09 19:00:00,797.7999999999995
2020-07-10 13:00:00,801.3999999999994
2020-07-10 14:00:00,801.8999999999994
2020-07-10 15:00:00,803.6999999999995
2020-07-10 16:00:00,802.4999999999994
2020-07-10 17:00:00,803.3999999999994
2020-07-10 18:00:00,805.4999999999994
2020-07-10 19:00:00,806.6999999999995
2020-07-13 13:00:00,808.1999999999995
2020-07-13 14:00:00,810.9999999999994
2020-07-13 15:00:00,811.9999999999994
2020-07-13 16:00:00,816.2999999999995
2020-07-13 17:00:00,820.2999999999995
2020-07-13 18:00:00,819.1999999999995
2020-07-13 19:00:00,809.4999999999994
2020-07-14 13:00:00,808.8999999999994
2020-07-14 14:00:00,816.4999999999994
2020-07-14 15:00:00,818.3999999999994
2020-07-14 16:00:00,817.3999999999994
2020-07-14 17:00:00,818.8999999999994
2020-07-14 18:00:00,821.1999999999995
2020-07-14 19:00:00,824.2999999999995
2020-07-14 20:00:00,827.1999999999995
2020-07-15 13:00:00,836.0999999999995
2020-07-15 14:00:00,838.1999999999995
2020-07-15 15:00:00,838.9999999999994
2020-07-15 16:00:00,839.9999999999994
2020-07-15 17:00:00,842.4999999999994
2020-07-15 18:00:00,841.8999999999994
2020-07-15 19:00:00,842.2999999999995
2020-07-16 13:00:00,839.7999999999995
2020-07-16 14:00:00,844.7999999999995
2020-07-16 15:00:00,842.9999999999994
2020-07-16 16:00:00,842.5999999999995
2020-07-16 17:00:00,841.7999999999995
2020-07-16 18:00:00,838.9999999999994
2020-07-16 19:00:00,842.5999999999995
2020-07-17 13:00:00,846.7999999999995
2020-07-17 14:00:00,843.3999999999994
2020-07-17 15:00:00,844.8999999999994
2020-07-17 16:00:00,846.4999999999994
2020-07-17 17:00:00,845.3999999999994
2020-07-17 18:00:00,845.8999999999994
2020-07-17 19:00:00,846.3999999999994
2020-07-20 13:00:00,837.5999999999995
2020-07-20 14:00:00,838.9999999999994
2020-07-20 15:00:00,837.4999999999994
2020-07-20 16:00:00,836.9999999999994
2020-07-20 17:00:00,838.0999999999995
2020-07-20 18:00:00,838.2999999999995
2020-07-20 19:00:00,838.7999999999995
2020-07-21 13:00:00,848.7999999999995
2020-07-21 14:00:00,848.4999999999994
2020-07-21 15:00:00,850.8999999999994
2020-07-21 16:00:00,850.7999999999995
2020-07-21 17:00:00,849.9999999999994
2020-07-21 18:00:00,848.3999999999994
2020-07-21 19:00:00,846.4999999999994
2020-07-22 13:00:00,850.8999999999994
2020-07-22 14:00:00,851.2999999999995
2020-07-22 15:00:00,851.6999999999995
2020-07-22 17:00:00,852.1999999999995
2020-07-22 18:00:00,851.9999999999994
2020-07-22 19:00:00,852.9999999999994
2020-07-23 13:00:00,853.1999999999995
2020-07-23 14:00:00,852.6999999999995
2020-07-23 15:00:00,854.7999999999995
2020-07-23 16:00:00,855.7999999999995
2020-07-23 17:00:00,851.9999999999994
2020-07-23 18:00:00,851.6999999999995
2020-07-23 19:00:00,850.9999999999994
2020-07-24 13:00:00,850.7999999999995
2020-07-24 14:00:00,852.1999999999995
2020-07-24 15:00:00,846.2999999999995
2020-07-24 16:00:00,847.0999999999995
2020-07-24 18:00:00,845.6999999999995
2020-07-24 19:00:00,844.7999999999995
2020-07-27 13:00:00,843.8999999999994
2020-07-27 14:00:00,847.5999999999995
2020-07-27 15:00:00,846.8999999999994
2020-07-27 16:00:00,847.1999999999995
2020-07-27 17:00:00,846.9999999999994
2020-07-27 18:00:00,846.1999999999995
2020-07-27 19:00:00,847.8999999999994
2020-07-28 13:00:00,844.3999999999994
2020-07-28 14:00:00,844.2999999999995
2020-07-28 15:00:00,846.5999999999995
2020-07-28 16:00:00,846.5999999999995
2020-07-28 17:00:00,847.2999999999995
2020-07-28 18:00:00,847.2999999999995
2020-07-28 19:00:00,842.7999999999995
2020-07-29 13:00:00,846.9999999999994
2020-07-29 14:00:00,848.2999999999995
2020-07-29 15:00:00,848.3999999999994
2020-07-29 16:00:00,850.3999999999994
2020-07-29 17:00:00,852.7999999999995
2020-07-29 18:00:00,853.7999999999995
2020-07-29 19:00:00,853.5999999999995
2020-07-30 13:00:00,846.5999999999995
2020-07-30 14:00:00,844.7999999999995
2020-07-30 15:00:00,848.1999999999995
2020-07-30 16:00:00,848.2999999999995
2020-07-30 17:00:00,846.6999999999995
2020-07-30 18:00:00,848.2999999999995
2020-07-30 19:00:00,846.5999999999995
2020-07-31 13:00:00,841.3999999999994
2020-07-31 14:00:00,835.4999999999994
2020-07-31 15:00:00,835.6999999999995
2020-07-31 16:00:00,832.2999999999995
2020-07-31 17:00:00,833.7999999999995
2020-07-31 18:00:00,836.6999999999995
2020-07-31 19:00:00,844.2999999999995
2020-07-31 20:00:00,841.0999999999995
2020-08-03 13:00:00,841.5999999999995
2020-08-03 14:00:00,844.7999999999995
2020-08-03 15:00:00,847.2999999999995
2020-08-03 16:00:00,848.0999999999995
2020-08-03 17:00:00,848.1999999999995
2020-08-03 18:00:00,849.0999999999995
2020-08-03 19:00:00,847.3999999999994
2020-08-04 13:00:00,847.1999999999995
2020-08-04 14:00:00,846.6999999999995
2020-08-04 15:00:00,847.7999999999995
2020-08-04 17:00:00,847.0999999999995
2020-08-04 18:00:00,847.5999999999995
2020-08-04 19:00:00,847.7999999999995
2020-08-05 13:00:00,854.8999999999994
2020-08-05 14:00:00,857.7999999999995
2020-08-05 15:00:00,859.5999999999995
2020-08-05 16:00:00,860.2999999999995
2020-08-05 17:00:00,859.9999999999994
2020-08-05 18:00:00,861.3999999999994
2020-08-05 19:00:00,863.4999999999994
2020-08-06 13:00:00,863.0999999999995
2020-08-06 14:00:00,865.0999999999995
2020-08-06 15:00:00,863.0999999999995
2020-08-06 16:00:00,862.6999999999995
2020-08-06 17:00:00,862.4999999999994
2020-08-06 18:00:00,864.9999999999994
2020-08-06 19:00:00,865.1999999999995
2020-08-07 13:00:00,867.4999999999994
2020-08-07 14:00:00,868.3999999999994
2020-08-07 15:00:00,870.2999999999995
2020-08-07 16:00:00,873.1999999999995
2020-08-07 17:00:00,874.7999999999995
2020-08-07 18:00:00,875.2999999999995
2020-08-07 19:00:00,878.4999999999994
2020-08-10 13:00:00,885.0999999999995
2020-08-10 14:00:00,891.0999999999995
2020-08-10 15:00:00,893.6999999999995
2020-08-10 16:00:00,893.5999999999995
2020-08-10 17:00:00,894.0999999999995
2020-08-10 18:00:00,897.0999999999995
2020-08-10 19:00:00,896.6999999999995
2020-08-11 13:00:00,910.3999999999994
2020-08-11 14:00:00,911.2999999999995
2020-08-11 15:00:00,909.3999999999994
2020-08-11 16:00:00,907.3999999999994
2020-08-11 17:00:00,911.4999999999994
2020-08-11 18:00:00,908.3999999999994
2020-08-11 19:00:00,901.0999999999995
2020-08-12 13:00:00,902.8999999999994
2020-08-12 14:00:00,908.0999999999995
2020-08-12 15:00:00,904.4999999999994
2020-08-12 16:00:00,904.9999999999994
2020-08-12 17:00:00,901.8999999999994
2020-08-12 18:00:00,904.3999999999994
2020-08-12 19:00:00,904.3999999999994
2020-08-13 12:00:00,909.7999999999995
2020-08-13 13:00:00,902.7999999999995
2020-08-13 14:00:00,899.8999999999994
2020-08-13 15:00:00,901.6999999999995
2020-08-13 16:00:00,901.2999999999995
2020-08-13 17:00:00,900.7999999999995
2020-08-13 18:00:00,897.3999999999994
2020-08-13 19:00:00,898.9999999999994
2020-08-14 13:00:00,896.4999999999994
2020-08-14 14:00:00,903.4999999999994
2020-08-14 15:00:00,905.1999999999995
2020-08-14 16:00:00,905.0999999999995
2020-08-14 17:00:00,904.5999999999995
2020-08-14 18:00:00,904.5999999999995
2020-08-14 19:00:00,902.4999999999994
2020-08-17 10:00:00,907.4999999999994
2020-08-17 13:00:00,900.5999999999995
2020-08-17 14:00:00,901.2999999999995
2020-08-17 16:00:00,901.9999999999994
2020-08-17 17:00:00,900.6999999999995
2020-08-17 18:00:00,898.7999999999995
2020-08-17 19:00:00,898.7999999999995
2020-08-18 13:00:00,898.6999999999995
2020-08-18 14:00:00,896.0999999999995
2020-08-18 15:00:00,897.3999999999994
2020-08-18 16:00:00,896.2999999999995
2020-08-18 19:00:00,894.4999999999994
2020-08-19 13:00:00,898.3999999999994
2020-08-19 14:00:00,897.7999999999995
2020-08-19 15:00:00,896.6999999999995
2020-08-19 16:00:00,896.7999999999995
2020-08-19 17:00:00,895.4999999999994
2020-08-19 18:00:00,894.8999999999994
2020-08-19 19:00:00,892.4999999999994
2020-08-20 13:00:00,885.6999999999995
2020-08-20 14:00:00,887.8999999999994
2020-08-20 15:00:00,888.9999999999994
2020-08-20 16:00:00,889.5999999999995
2020-08-20 17:00:00,888.0999999999995
2020-08-20 18:00:00,888.6999999999995
2020-08-20 19:00:00,889.3999999999994
2020-08-21 13:00:00,892.8999999999994
2020-08-21 14:00:00,889.7999999999995
2020-08-21 15:00:00,890.2999999999995
2020-08-21 16:00:00,889.7999999999995
2020-08-21 17:00:00,889.8999999999994
2020-08-21 18:00:00,891.5999999999995
2020-08-21 19:00:00,891.4999999999994
2020-08-24 13:00:00,897.3999999999994
2020-08-24 14:00:00,901.7999999999995
2020-08-24 15:00:00,902.2999999999995
2020-08-24 16:00:00,901.3999999999994
2020-08-24 17:00:00,900.7999999999995
2020-08-24 18:00:00,901.2999999999995
2020-08-24 19:00:00,904.7999999999995
2020-08-25 13:00:00,909.6999999999995
2020-08-25 14:00:00,903.6999999999995
2020-08-25 15:00:00,901.1999999999995
2020-08-25 16:00:00,901.9999999999994
2020-08-25 17:00:00,903.0999999999995
2020-08-25 18:00:00,903.3999999999994
2020-08-25 19:00:00,904.1999999999995
2020-08-26 13:00:00,901.2999999999995
2020-08-26 14:00:00,903.2999999999995
2020-08-26 15:00:00,902.5999999999995
2020-08-26 16:00:00,904.5999999999995
2020-08-26 17:00:00,904.7999999999995
2020-08-26 18:00:00,906.5999999999995
2020-08-26 19:00:00,904.3999999999994
2020-08-27 13:00:00,913.0999999999995
2020-08-27 14:00:00,910.8999999999994
2020-08-27 15:00:00,908.1999999999995
2020-08-27 16:00:00,905.5999999999995
2020-08-27 17:00:00,908.5999999999995
2020-08-27 18:00:00,910.0999999999995
2020-08-27 19:00:00,908.2999999999995
2020-08-28 13:00:00,909.7999999999995
2020-08-28 14:00:00,908.1999999999995
2020-08-28 15:00:00,909.7999999999995
2020-08-28 16:00:00,911.5999999999995
2020-08-28 17:00:00,910.4999999999994
2020-08-28 18:00:00,912.4999999999994
2020-08-28 19:00:00,915.2999999999995
2020-08-31 13:00:00,909.3999999999994
2020-08-31 14:00:00,908.2999999999995
2020-08-31 15:00:00,908.3999999999994
2020-08-31 16:00:00,906.4999999999994
2020-08-31 17:00:00,906.4999999999994
2020-08-31 18:00:00,906.7999999999995
2020-08-31 19:00:00,905.6999999999995
2020-08-31 20:00:00,905.3999999999994
2020-09-01 13:00:00,904.9999999999994
2020-09-01 14:00:00,909.6999999999995
2020-09-01 15:00:00,910.8999999999994
2020-09-01 16:00:00,911.4999999999994
2020-09-01 17:00:00,910.9999999999994
2020-09-01 18:00:00,913.1999999999995
2020-09-01 19:00:00,913.2999999999995
2020-09-02 13:00:00,917.6999999999995
2020-09-02 14:00:00,919.4999999999994
2020-09-02 15:00:00,920.4999999999994
2020-09-02 16:00:00,920.5999999999995
2020-09-02 17:00:00,921.7999999999995
2020-09-02 18:00:00,921.9999999999994
2020-09-02 19:00:00,926.4999999999994
2020-09-03 13:00:00,927.6999999999995
2020-09-03 14:00:00,918.5999999999995
2020-09-03 15:00:00,909.4999999999994
2020-09-03 16:00:00,904.6999999999995
2020-09-03 17:00:00,905.4999999999994
2020-09-03 18:00:00,902.2999999999995
2020-09-03 19:00:00,904.0999999999995
2020-09-04 13:00:00,912.1999999999995
2020-09-04 14:00:00,901.3999999999994
2020-09-04 15:00:00,898.8999999999994
2020-09-04 16:00:00,903.1999999999995
2020-09-04 18:00:00,910.0999999999995
2020-09-04 19:00:00,905.7999999999995
2020-09-08 13:00:00,892.3999999999994
2020-09-08 14:00:00,893.9999999999994
2020-09-08 15:00:00,892.7999999999995
2020-09-08 16:00:00,896.7999999999995
2020-09-08 17:00:00,900.0999999999995
2020-09-08 18:00:00,894.3999999999994
2020-09-08 19:00:00,890.5999999999995
2020-09-09 13:00:00,899.3999999999994
2020-09-09 14:00:00,899.0999999999995
2020-09-09 15:00:00,901.6999999999995
2020-09-09 16:00:00,903.6999999999995
2020-09-09 17:00:00,906.9999999999994
2020-09-09 18:00:00,907.6999999999995
2020-09-09 19:00:00,902.4999999999994
2020-09-10 13:00:00,906.0999999999995
2020-09-10 14:00:00,898.8999999999994
2020-09-10 15:00:00,898.7999999999995
2020-09-10 16:00:00,896.0999999999995
2020-09-10 18:00:00,896.7999999999995
2020-09-10 19:00:00,892.7999999999995
2020-09-11 13:00:00,896.1999999999995
2020-09-11 14:00:00,898.1999999999995
2020-09-11 15:00:00,901.6999999999995
2020-09-11 16:00:00,898.6999999999995
2020-09-11 17:00:00,897.5999999999995
2020-09-11 18:00:00,900.6999999999995
2020-09-11 19:00:00,901.1999999999995
2020-09-14 13:00:00,908.2999999999995
2020-09-14 14:00:00,909.9999999999995
2020-09-14 15:00:00,908.6999999999995
2020-09-14 16:00:00,911.6999999999995
2020-09-14 17:00:00,910.7999999999995
2020-09-14 18:00:00,910.1999999999995
2020-09-14 19:00:00,912.8999999999995
2020-09-15 13:00:00,911.3999999999995
2020-09-15 14:00:00,914.6999999999995
2020-09-15 15:00:00,913.3999999999995
2020-09-15 16:00:00,912.7999999999995
2020-09-15 17:00:00,913.2999999999995
2020-09-15 18:00:00,914.3999999999995
2020-09-15 19:00:00,911.6999999999995
2020-09-15 20:00:00,912.2999999999995
2020-09-16 13:00:00,916.4999999999995
2020-09-16 14:00:00,917.4999999999995
2020-09-16 15:00:00,922.2999999999995
2020-09-16 16:00:00,921.4999999999995
2020-09-16 17:00:00,922.6999999999995
2020-09-16 18:00:00,927.2999999999995
2020-09-16 19:00:00,920.4999999999995
2020-09-17 13:00:00,913.8999999999995
2020-09-17 14:00:00,923.0999999999995
2020-09-17 15:00:00,923.4999999999995
2020-09-17 16:00:00,919.5999999999995
2020-09-17 17:00:00,920.8999999999995
2020-09-17 18:00:00,919.7999999999995
2020-09-17 19:00:00,922.1999999999995
2020-09-18 13:00:00,920.0999999999995
2020-09-18 14:00:00,924.9999999999995
2020-09-18 16:00:00,918.3999999999995
2020-09-18 17:00:00,914.8999999999995
2020-09-18 18:00:00,913.6999999999995
2020-09-18 19:00:00,913.3999999999995
2020-09-21 13:00:00,891.8999999999995
2020-09-21 14:00:00,883.6999999999995
2020-09-21 15:00:00,882.8999999999995
2020-09-21 16:00:00,880.0999999999995
2020-09-21 17:00:00,880.1999999999995
2020-09-21 18:00:00,879.4999999999995
2020-09-21 19:00:00,886.3999999999995
2020-09-22 13:00:00,890.2999999999995
2020-09-22 14:00:00,887.8999999999995
2020-09-22 15:00:00,887.3999999999995
2020-09-22 16:00:00,887.1999999999995
2020-09-22 17:00:00,890.7999999999995
2020-09-22 18:00:00,892.7999999999995
2020-09-22 19:00:00,895.1999999999995
2020-09-23 13:00:00,901.3999999999995
2020-09-23 14:00:00,896.9999999999995
2020-09-23 15:00:00,895.5999999999995
2020-09-23 16:00:00,894.2999999999995
2020-09-23 17:00:00,892.2999999999995
2020-09-23 18:00:00,881.8999999999995
2020-09-23 19:00:00,879.9999999999995
2020-09-23 20:00:00,881.2999999999995
2020-09-24 13:00:00,877.4999999999995
2020-09-24 14:00:00,876.9999999999995
2020-09-24 15:00:00,879.0999999999995
2020-09-24 16:00:00,881.9999999999995
2020-09-24 17:00:00,887.4999999999995
2020-09-24 18:00:00,880.7999999999995
2020-09-24 19:00:00,880.9999999999995
2020-09-25 13:00:00,882.5999999999995
2020-09-25 14:00:00,885.4999999999995
2020-09-25 15:00:00,884.5999999999995
2020-09-25 16:00:00,885.5999999999995
2020-09-25 17:00:00,889.8999999999995
2020-09-25 18:00:00,891.9999999999995
2020-09-25 19:00:00,892.2999999999995
2020-09-28 13:00:00,906.4999999999995
2020-09-28 14:00:00,910.3999999999995
2020-09-28 15:00:00,910.6999999999995
2020-09-28 16:00:00,911.7999999999995
2020-09-28 17:00:00,909.7999999999995
2020-09-28 18:00:00,910.5999999999995
2020-09-28 19:00:00,906.1999999999995
2020-09-29 13:00:00,904.7999999999995
2020-09-29 14:00:00,903.5999999999995
2020-09-29 15:00:00,900.0999999999995
2020-09-29 16:00:00,898.7999999999995
2020-09-29 17:00:00,902.1999999999995
2020-09-29 18:00:00,902.6999999999995
2020-09-29 19:00:00,899.7999999999995
2020-09-30 13:00:00,906.2999999999995
2020-09-30 14:00:00,910.1999999999995
2020-09-30 15:00:00,905.0999999999995
2020-09-30 16:00:00,905.7999999999995
2020-09-30 17:00:00,904.6999999999995
2020-09-30 18:00:00,899.8999999999995
2020-09-30 19:00:00,897.8999999999995
2020-09-30 20:00:00,894.4999999999995
2020-10-01 13:00:00,902.2999999999995
2020-10-01 14:00:00,899.7999999999995
2020-10-01 15:00:00,899.0999999999995
2020-10-01 16:00:00,900.4999999999995
2020-10-01 17:00:00,893.5999999999995
2020-10-01 18:00:00,894.5999999999995
2020-10-01 19:00:00,893.1999999999995
2020-10-02 13:00:00,891.2999999999995
2020-10-02 14:00:00,894.9999999999995
2020-10-02 15:00:00,896.6999999999995
2020-10-02 16:00:00,906.8999999999995
2020-10-02 17:00:00,903.3999999999995
2020-10-02 18:00:00,906.3999999999995
2020-10-02 19:00:00,903.1999999999995
2020-10-02 20:00:00,901.1999999999995
2020-10-05 13:00:00,911.5999999999995
2020-10-05 14:00:00,916.9999999999995
2020-10-05 15:00:00,914.7999999999995
2020-10-05 16:00:00,914.5999999999995
2020-10-05 17:00:00,913.6999999999995
2020-10-05 18:00:00,915.4999999999995
2020-10-05 19:00:00,916.0999999999995
2020-10-06 13:00:00,917.6999999999995
2020-10-06 14:00:00,921.3999999999995
2020-10-06 15:00:00,918.9999999999995
2020-10-06 16:00:00,922.0999999999995
2020-10-06 17:00:00,923.0999999999995
2020-10-06 18:00:00,915.0999999999995
2020-10-06 19:00:00,906.5999999999995
2020-10-07 13:00:00,920.1999999999995
2020-10-07 14:00:00,923.9999999999995
2020-10-07 15:00:00,920.8999999999995
2020-10-07 16:00:00,919.1999999999995
2020-10-07 17:00:00,922.7999999999995
2020-10-07 18:00:00,924.5999999999995
2020-10-07 19:00:00,924.2999999999995
2020-10-08 13:00:00,928.1999999999995
2020-10-08 14:00:00,929.1999999999995
2020-10-08 15:00:00,925.3999999999995
2020-10-08 16:00:00,927.3999999999995
2020-10-08 17:00:00,928.7999999999995
2020-10-08 18:00:00,930.3999999999995
2020-10-08 19:00:00,931.6999999999995
2020-10-09 13:00:00,936.4999999999995
2020-10-09 14:00:00,934.3999999999995
2020-10-09 15:00:00,939.1999999999995
2020-10-09 16:00:00,939.7999999999995
2020-10-09 17:00:00,937.1999999999995
2020-10-09 18:00:00,935.4999999999995
2020-10-09 19:00:00,935.0999999999995
2020-10-12 13:00:00,937.4999999999995
2020-10-12 14:00:00,939.0999999999995
2020-10-12 15:00:00,939.2999999999995
2020-10-12 16:00:00,940.1999999999995
2020-10-12 17:00:00,942.1999999999995
2020-10-12 18:00:00,939.7999999999995
2020-10-12 19:00:00,940.0999999999995
2020-10-13 13:00:00,936.0999999999995
2020-10-13 14:00:00,932.9999999999995
2020-10-13 15:00:00,929.7999999999995
2020-10-13 16:00:00,934.0999999999995
2020-10-13 17:00:00,933.1999999999995
2020-10-13 18:00:00,929.8999999999995
2020-10-13 19:00:00,931.1999999999995
2020-10-14 13:00:00,938.6999999999995
2020-10-14 14:00:00,938.2999999999995
2020-10-14 15:00:00,937.6999999999995
2020-10-14 16:00:00,936.7999999999995
2020-10-14 17:00:00,936.1999999999995
2020-10-14 18:00:00,935.1999999999995
2020-10-14 19:00:00,935.0999999999995
2020-10-15 13:00:00,928.9999999999995
2020-10-15 14:00:00,928.9999999999995
2020-10-15 15:00:00,933.2999999999995
2020-10-15 16:00:00,933.2999999999995
2020-10-15 17:00:00,935.0999999999995
2020-10-15 18:00:00,935.9999999999995
2020-10-15 19:00:00,937.3999999999995
2020-10-16 13:00:00,944.9999999999995
2020-10-16 14:00:00,946.5999999999995
2020-10-16 15:00:00,947.0999999999995
2020-10-16 16:00:00,947.6999999999995
2020-10-16 17:00:00,947.2999999999995
2020-10-16 18:00:00,947.7999999999995
2020-10-16 19:00:00,944.4999999999995
2020-10-16 20:00:00,944.2999999999995
2020-10-19 13:00:00,947.2999999999995
2020-10-19 14:00:00,946.6999999999995
2020-10-19 15:00:00,943.6999999999995
2020-10-19 16:00:00,944.0999999999995
2020-10-19 17:00:00,940.8999999999995
2020-10-19 18:00:00,932.6999999999995
2020-10-19 19:00:00,932.6999999999995
2020-10-20 13:00:00,942.1999999999995
2020-10-20 14:00:00,941.8999999999995
2020-10-20 15:00:00,941.4999999999995
2020-10-20 16:00:00,944.2999999999995
2020-10-20 17:00:00,944.6999999999995
2020-10-20 18:00:00,941.9999999999995
2020-10-20 19:00:00,937.6999999999995
2020-10-21 13:00:00,939.6999999999995
2020-10-21 14:00:00,935.9999999999995
2020-10-21 15:00:00,934.4999999999995
2020-10-21 16:00:00,933.6999999999995
2020-10-21 17:00:00,931.9999999999995
2020-10-21 18:00:00,934.3999999999995
2020-10-21 19:00:00,930.2999999999995
2020-10-22 13:00:00,934.0999999999995
2020-10-22 14:00:00,932.6999999999995
2020-10-22 15:00:00,932.6999999999995
2020-10-22 16:00:00,931.5999999999995
2020-10-22 17:00:00,935.1999999999995
2020-10-22 18:00:00,935.4999999999995
2020-10-22 19:00:00,936.2999999999995
2020-10-23 13:00:00,938.8999999999995
2020-10-23 14:00:00,938.6999999999995
2020-10-23 15:00:00,936.5999999999995
2020-10-23 16:00:00,934.7999999999995
2020-10-23 17:00:00,936.8999999999995
2020-10-23 18:00:00,938.6999999999995
2020-10-23 19:00:00,939.0999999999995
2020-10-23 20:00:00,938.9999999999995
2020-10-26 13:00:00,923.5999999999995
2020-10-26 14:00:00,918.1999999999995
2020-10-26 15:00:00,917.3999999999995
2020-10-26 16:00:00,914.2999999999995
2020-10-26 17:00:00,912.9999999999995
2020-10-26 18:00:00,916.0999999999995
2020-10-26 19:00:00,918.9999999999995
2020-10-27 13:00:00,912.3999999999995
2020-10-27 14:00:00,910.1999999999995
2020-10-27 15:00:00,905.5999999999995
2020-10-27 16:00:00,904.9999999999995
2020-10-27 17:00:00,906.4999999999995
2020-10-27 18:00:00,903.9999999999995
2020-10-27 19:00:00,901.3999999999995
2020-10-28 13:00:00,889.7999999999995
2020-10-28 14:00:00,882.4999999999995
2020-10-28 15:00:00,885.9999999999995
2020-10-28 16:00:00,884.5999999999995
2020-10-28 17:00:00,880.0999999999995
2020-10-28 18:00:00,881.4999999999995
2020-10-28 19:00:00,875.1999999999995
2020-10-29 13:00:00,880.3999999999995
2020-10-29 14:00:00,883.9999999999995
2020-10-29 15:00:00,879.5999999999995
2020-10-29 16:00:00,884.0999999999995
2020-10-29 17:00:00,888.7999999999995
2020-10-29 18:00:00,888.4999999999995
2020-10-29 19:00:00,889.7999999999995
2020-10-30 13:00:00,883.4999999999995
2020-10-30 14:00:00,877.7999999999995
2020-10-30 15:00:00,878.9999999999995
2020-10-30 16:00:00,881.0999999999995
2020-10-30 17:00:00,881.4999999999995
2020-10-30 18:00:00,881.0999999999995
2020-10-30 19:00:00,886.5999999999995
2020-11-02 14:00:00,898.0999999999995
2020-11-02 15:00:00,901.9999999999995
2020-11-02 16:00:00,906.8999999999995
2020-11-02 17:00:00,903.7999999999995
2020-11-02 18:00:00,900.3999999999995
2020-11-02 19:00:00,906.5999999999995
2020-11-02 20:00:00,907.1999999999995
2020-11-03 14:00:00,921.4999999999995
2020-11-03 15:00:00,926.1999999999995
2020-11-03 16:00:00,927.6999999999995
2020-11-03 17:00:00,926.9999999999995
2020-11-03 18:00:00,924.7999999999995
2020-11-03 19:00:00,928.9999999999995
2020-11-03 20:00:00,929.7999999999995
2020-11-04 14:00:00,924.3999999999995
2020-11-04 15:00:00,931.8999999999995
2020-11-04 16:00:00,936.7999999999995
2020-11-04 17:00:00,935.5999999999995
2020-11-04 18:00:00,931.5999999999995
2020-11-04 19:00:00,928.8999999999995
2020-11-04 20:00:00,921.6999999999995
2020-11-05 14:00:00,938.4999999999995
2020-11-05 15:00:00,942.1999999999995
2020-11-05 16:00:00,942.5999999999995
2020-11-05 17:00:00,942.6999999999995
2020-11-05 18:00:00,943.9999999999995
2020-11-05 19:00:00,943.9999999999995
2020-11-05 20:00:00,940.4999999999995
2020-11-06 14:00:00,940.2999999999995
2020-11-06 15:00:00,936.8999999999995
2020-11-06 16:00:00,939.7999999999995
2020-11-06 17:00:00,939.1999999999995
2020-11-06 19:00:00,940.8999999999995
2020-11-06 20:00:00,940.9999999999995
2020-11-09 14:00:00,979.9999999999995
2020-11-09 15:00:00,971.6999999999995
2020-11-09 16:00:00,975.0999999999995
2020-11-09 17:00:00,979.4999999999995
2020-11-09 18:00:00,982.8999999999995
2020-11-09 19:00:00,981.5999999999995
2020-11-09 20:00:00,968.9999999999995
2020-11-09 21:00:00,968.4999999999995
2020-11-10 14:00:00,980.9999999999995
2020-11-10 15:00:00,978.7999999999995
2020-11-10 16:00:00,983.3999999999995
2020-11-10 17:00:00,983.3999999999995
2020-11-10 18:00:00,983.4999999999995
2020-11-10 19:00:00,985.3999999999995
2020-11-10 20:00:00,984.1999999999995
2020-11-11 14:00:00,974.3999999999995
2020-11-11 15:00:00,977.5999999999995
2020-11-11 16:00:00,977.6999999999995
2020-11-11 17:00:00,978.5999999999995
2020-11-11 18:00:00,977.7999999999995
2020-11-11 19:00:00,974.1999999999995
2020-11-11 20:00:00,976.5999999999995
2020-11-12 14:00:00,969.2999999999995
2020-11-12 15:00:00,974.0999999999995
2020-11-12 16:00:00,974.8999999999995
2020-11-12 17:00:00,967.9999999999995
2020-11-12 18:00:00,967.1999999999995
2020-11-12 19:00:00,962.9999999999995
2020-11-12 20:00:00,967.6999999999995
2020-11-13 14:00:00,980.7999999999995
2020-11-13 15:00:00,977.1999999999995
2020-11-13 16:00:00,979.8999999999995
2020-11-13 17:00:00,980.4999999999995
2020-11-13 18:00:00,982.9999999999995
2020-11-13 19:00:00,984.0999999999995
2020-11-13 20:00:00,985.8999999999995
2020-11-16 11:00:00,998.7999999999995
2020-11-16 14:00:00,996.3999999999995
2020-11-16 15:00:00,1004.3999999999995
2020-11-16 16:00:00,1007.3999999999995
2020-11-16 17:00:00,1005.7999999999995
2020-11-16 18:00:00,1001.3999999999995
2020-11-16 19:00:00,1003.0999999999995
2020-11-16 20:00:00,1006.2999999999995
2020-11-16 21:00:00,1007.0999999999995
2020-11-17 14:00:00,993.8999999999995
2020-11-17 15:00:00,998.2999999999995
2020-11-17 16:00:00,1003.5999999999995
2020-11-17 17:00:00,1005.6999999999995
2020-11-17 18:00:00,1003.5999999999995
2020-11-17 19:00:00,1007.1999999999995
2020-11-17 20:00:00,1004.6999999999995
2020-11-17 21:00:00,1004.7999999999995
2020-11-18 13:00:00,1011.6999999999995
2020-11-18 14:00:00,1009.7999999999995
2020-11-18 15:00:00,1010.3999999999995
2020-11-18 16:00:00,1012.9999999999995
2020-11-18 17:00:00,1011.2999999999995
2020-11-18 18:00:00,1010.1999999999995
2020-11-18 19:00:00,1010.1999999999995
2020-11-18 20:00:00,1001.9999999999995
2020-11-19 14:00:00,1000.5999999999995
2020-11-19 15:00:00,997.6999999999995
2020-11-19 16:00:00,994.9999999999995
2020-11-19 17:00:00,995.2999999999995
2020-11-19 18:00:00,998.0999999999995
2020-11-19 19:00:00,1002.6999999999995
2020-11-19 20:00:00,1003.1999999999995
2020-11-20 14:00:00,999.7999999999995
2020-11-20 15:00:00,995.2999999999995
2020-11-20 16:00:00,995.1999999999995
2020-11-20 17:00:00,995.4999999999995
2020-11-20 18:00:00,996.5999999999995
2020-11-20 19:00:00,995.5999999999995
2020-11-20 20:00:00,995.2999999999995
2020-11-23 14:00:00,1007.4999999999995
2020-11-23 15:00:00,1006.7999999999995
2020-11-23 16:00:00,1005.5999999999995
2020-11-23 17:00:00,1005.4999999999995
2020-11-23 18:00:00,1007.3999999999995
2020-11-23 19:00:00,1008.6999999999995
2020-11-23 20:00:00,1008.4999999999995
2020-11-24 14:00:00,1020.0999999999995
2020-11-24 15:00:00,1024.8999999999996
2020-11-24 16:00:00,1029.5999999999995
2020-11-24 17:00:00,1028.1999999999994
2020-11-24 18:00:00,1025.0999999999995
2020-11-24 19:00:00,1025.2999999999995
2020-11-24 20:00:00,1025.0999999999995
2020-11-24 21:00:00,1025.3999999999996
2020-11-25 14:00:00,1015.7999999999995
2020-11-25 15:00:00,1016.6999999999995
2020-11-25 16:00:00,1020.1999999999995
2020-11-25 17:00:00,1017.7999999999995
2020-11-25 18:00:00,1018.1999999999995
2020-11-25 19:00:00,1018.4999999999995
2020-11-25 20:00:00,1017.9999999999995
2020-11-27 14:00:00,1019.2999999999995
2020-11-27 15:00:00,1018.7999999999995
2020-11-27 16:00:00,1014.9999999999995
2020-11-27 17:00:00,1016.3999999999995
2020-11-30 14:00:00,1012.8999999999995
2020-11-30 15:00:00,1008.9999999999995
2020-11-30 16:00:00,1007.2999999999995
2020-11-30 17:00:00,1008.8999999999995
2020-11-30 18:00:00,1006.9999999999995
2020-11-30 19:00:00,1008.3999999999995
2020-11-30 20:00:00,1008.6999999999995
2020-12-01 14:00:00,1018.6999999999995
2020-12-01 15:00:00,1017.8999999999995
2020-12-01 16:00:00,1014.4999999999995
2020-12-01 17:00:00,1013.7999999999995
2020-12-01 18:00:00,1013.8999999999995
2020-12-01 19:00:00,1012.9999999999995
2020-12-01 20:00:00,1006.6999999999995
2020-12-02 14:00:00,1007.8999999999995
2020-12-02 15:00:00,1003.6999999999995
2020-12-02 16:00:00,1004.1999999999995
2020-12-02 17:00:00,1006.0999999999995
2020-12-02 18:00:00,1004.6999999999995
2020-12-02 19:00:00,1007.7999999999995
2020-12-02 20:00:00,1007.7999999999995
2020-12-03 14:00:00,1012.0999999999995
2020-12-03 15:00:00,1016.7999999999995
2020-12-03 16:00:00,1016.8999999999995
2020-12-03 17:00:00,1017.2999999999995
2020-12-03 18:00:00,1012.6999999999995
2020-12-03 19:00:00,1014.9999999999995
2020-12-03 20:00:00,1009.8999999999995
2020-12-04 14:00:00,1016.7999999999995
2020-12-04 15:00:00,1020.4999999999995
2020-12-04 16:00:00,1019.8999999999995
2020-12-04 17:00:00,1019.1999999999995
2020-12-04 18:00:00,1019.7999999999995
2020-12-04 19:00:00,1021.8999999999995
2020-12-04 20:00:00,1020.5999999999995
2020-12-07 14:00:00,1017.4999999999995
2020-12-07 15:00:00,1018.5999999999995
2020-12-07 16:00:00,1017.9999999999995
2020-12-07 17:00:00,1017.0999999999995
2020-12-07 18:00:00,1014.9999999999995
2020-12-07 19:00:00,1015.8999999999995
2020-12-07 20:00:00,1016.0999999999995
2020-12-07 21:00:00,1015.8999999999995
2020-12-08 14:00:00,1020.3999999999995
2020-12-08 15:00:00,1020.1999999999995
2020-12-08 16:00:00,1020.3999999999995
2020-12-08 17:00:00,1020.4999999999995
2020-12-08 19:00:00,1020.7999999999995
2020-12-08 20:00:00,1020.5999999999995
2020-12-09 14:00:00,1023.9999999999995
2020-12-09 15:00:00,1021.7999999999995
2020-12-09 16:00:00,1022.8999999999995
2020-12-09 17:00:00,1022.9999999999995
2020-12-09 18:00:00,1016.5999999999995
2020-12-09 19:00:00,1020.2999999999995
2020-12-09 20:00:00,1024.3999999999996
2020-12-10 14:00:00,1019.0999999999995
2020-12-10 15:00:00,1016.2999999999995
2020-12-10 17:00:00,1013.7999999999995
2020-12-10 18:00:00,1014.1999999999995
2020-12-10 19:00:00,1011.5999999999995
2020-12-10 20:00:00,1013.8999999999995
2020-12-11 14:00:00,1010.2999999999995
2020-12-11 15:00:00,1010.1999999999995
2020-12-14 14:00:00,1020.8999999999995
2020-12-14 15:00:00,1017.2999999999995
2020-12-14 16:00:00,1013.0999999999995
2020-12-14 17:00:00,1010.5999999999995
2020-12-14 18:00:00,1010.6999999999995
2020-12-14 19:00:00,1007.4999999999994
2020-12-14 20:00:00,1001.4999999999994
2020-12-15 14:00:00,1005.8999999999995
2020-12-15 15:00:00,1007.7999999999995
2020-12-15 16:00:00,1010.1999999999995
2020-12-15 17:00:00,1014.2999999999995
2020-12-15 18:00:00,1016.2999999999995
2020-12-15 19:00:00,1016.9999999999994
2020-12-15 20:00:00,1013.2999999999995
2020-12-16 14:00:00,1012.2999999999995
2020-12-16 15:00:00,1009.4999999999994
2020-12-16 16:00:00,1010.0999999999995
2020-12-16 17:00:00,1009.2999999999995
2020-12-16 19:00:00,1009.4999999999994
2020-12-16 20:00:00,1008.1999999999995
2020-12-17 14:00:00,1010.0999999999995
2020-12-17 15:00:00,1012.6999999999995
2020-12-17 16:00:00,1012.2999999999995
2020-12-17 17:00:00,1010.4999999999994
2020-12-17 19:00:00,1013.6999999999995
2020-12-17 20:00:00,1013.9999999999994
2020-12-18 14:00:00,1009.8999999999995
2020-12-18 15:00:00,1010.2999999999995
2020-12-18 16:00:00,1009.5999999999995
2020-12-18 17:00:00,1013.3999999999995
2020-12-18 18:00:00,1010.6999999999995
2020-12-18 19:00:00,1007.8999999999995
2020-12-18 20:00:00,1013.1999999999995
2020-12-21 14:00:00,1001.9999999999994
2020-12-21 15:00:00,1000.4999999999994
2020-12-21 16:00:00,1003.2999999999995
2020-12-21 17:00:00,1007.4999999999994
2020-12-21 18:00:00,1008.4999999999994
2020-12-21 19:00:00,1009.3999999999995
2020-12-21 20:00:00,1005.0999999999995
2020-12-22 14:00:00,1005.4999999999994
2020-12-22 15:00:00,1004.4999999999994
2020-12-22 16:00:00,1003.0999999999995
2020-12-22 18:00:00,1006.2999999999995
2020-12-22 20:00:00,1003.6999999999995
2020-12-23 14:00:00,1011.6999999999995
2020-12-23 15:00:00,1010.5999999999995
2020-12-23 16:00:00,1010.3999999999995
2020-12-23 17:00:00,1010.8999999999995
2020-12-23 18:00:00,1009.5999999999995
2020-12-23 19:00:00,1010.6999999999995
2020-12-23 20:00:00,1007.1999999999995
2020-12-24 14:00:00,1007.4999999999994
2020-12-24 15:00:00,1006.3999999999995
2020-12-24 16:00:00,1004.5999999999995
2020-12-24 17:00:00,1008.1999999999995
2020-12-28 14:00:00,1015.1999999999995
2020-12-28 15:00:00,1014.6999999999995
2020-12-28 16:00:00,1011.4999999999994
2020-12-28 17:00:00,1009.1999999999995
2020-12-28 18:00:00,1009.9999999999994
2020-12-28 19:00:00,1012.0999999999995
2020-12-28 20:00:00,1009.9999999999994
2020-12-29 14:00:00,1007.7999999999995
2020-12-29 15:00:00,1007.5999999999995
2020-12-29 16:00:00,1008.0999999999995
2020-12-29 17:00:00,1007.0999999999995
2020-12-29 18:00:00,1000.9999999999994
2020-12-29 19:00:00,1000.8999999999995
2020-12-29 20:00:00,1002.3999999999995
2020-12-29 21:00:00,1000.2999999999995
2020-12-30 14:00:00,1010.5999999999995
2020-12-30 15:00:00,1011.1999999999995
2020-12-30 16:00:00,1009.2999999999995
2020-12-30 17:00:00,1009.5999999999995
2020-12-30 18:00:00,1009.4999999999994
2020-12-30 19:00:00,1007.6999999999995
2020-12-30 20:00:00,1009.5999999999995
2020-12-31 14:00:00,1007.7999999999995
2020-12-31 15:00:00,1008.9999999999994
2020-12-31 16:00:00,1008.4999999999994
2020-12-31 17:00:00,1008.8999999999995
2020-12-31 18:00:00,1009.6999999999995
2020-12-31 19:00:00,1012.2999999999995
2020-12-31 20:00:00,1014.5999999999995
2020-12-31 21:00:00,1014.6999999999995
2021-01-04 14:00:00,1010.7999999999995
2021-01-04 15:00:00,999.1999999999995
2021-01-04 16:00:00,992.4999999999994
2021-01-04 17:00:00,989.6999999999995
2021-01-04 18:00:00,996.0999999999995
2021-01-04 19:00:00,991.7999999999995
2021-01-04 20:00:00,992.1999999999995
2021-01-05 11:00:00,993.3999999999995
2021-01-05 14:00:00,995.8999999999995
2021-01-05 15:00:00,992.8999999999995
2021-01-05 16:00:00,997.7999999999995
2021-01-05 17:00:00,999.6999999999995
2021-01-05 18:00:00,998.8999999999995
2021-01-05 19:00:00,1001.7999999999995
2021-01-05 20:00:00,1000.3999999999995
2021-01-06 14:00:00,1015.4999999999994
2021-01-06 15:00:00,1021.6999999999995
2021-01-06 16:00:00,1024.1999999999994
2021-01-06 17:00:00,1027.2999999999995
2021-01-06 18:00:00,1026.4999999999995
2021-01-06 19:00:00,1020.7999999999995
2021-01-06 20:00:00,1021.4999999999994
2021-01-07 14:00:00,1022.8999999999995
2021-01-07 15:00:00,1027.4999999999995
2021-01-07 16:00:00,1026.8999999999996
2021-01-07 17:00:00,1025.3999999999996
2021-01-07 18:00:00,1025.9999999999995
2021-01-07 19:00:00,1025.6999999999994
2021-01-07 20:00:00,1026.0999999999995
2021-01-08 14:00:00,1027.1999999999994
2021-01-08 15:00:00,1027.6999999999994
2021-01-08 16:00:00,1025.2999999999995
2021-01-08 17:00:00,1023.6999999999995
2021-01-08 18:00:00,1015.4999999999994
2021-01-08 19:00:00,1022.8999999999995
2021-01-08 20:00:00,1024.4999999999995
2021-01-11 14:00:00,1020.7999999999995
2021-01-11 15:00:00,1022.5999999999995
2021-01-11 16:00:00,1024.5999999999995
2021-01-11 17:00:00,1025.6999999999994
2021-01-11 18:00:00,1023.7999999999995
2021-01-11 19:00:00,1025.2999999999995
2021-01-11 20:00:00,1023.5999999999995
2021-01-12 14:00:00,1023.7999999999995
2021-01-12 15:00:00,1029.6999999999994
2021-01-12 16:00:00,1029.7999999999995
2021-01-12 17:00:00,1030.6999999999994
2021-01-12 18:00:00,1029.6999999999994
2021-01-12 19:00:00,1032.4999999999995
2021-01-12 20:00:00,1033.5999999999995
2021-01-13 14:00:00,1027.0999999999995
2021-01-13 15:00:00,1025.8999999999996
2021-01-13 16:00:00,1025.3999999999996
2021-01-13 17:00:00,1027.1999999999994
2021-01-13 18:00:00,1027.6999999999994
2021-01-13 19:00:00,1027.9999999999995
2021-01-13 20:00:00,1025.2999999999995
2021-01-14 14:00:00,1032.4999999999995
2021-01-14 15:00:00,1030.2999999999995
2021-01-14 16:00:00,1030.4999999999995
2021-01-14 17:00:00,1032.0999999999995
2021-01-14 18:00:00,1031.8999999999996
2021-01-14 19:00:00,1031.7999999999995
2021-01-14 20:00:00,1028.4999999999995
2021-01-15 14:00:00,1017.5999999999995
2021-01-15 15:00:00,1014.4999999999994
2021-01-15 16:00:00,1012.7999999999995
2021-01-15 17:00:00,1014.4999999999994
2021-01-15 18:00:00,1016.0999999999995
2021-01-15 19:00:00,1016.4999999999994
2021-01-15 20:00:00,1016.5999999999995
2021-01-19 14:00:00,1023.4999999999994
2021-01-19 15:00:00,1025.7999999999995
2021-01-19 16:00:00,1023.1999999999995
2021-01-19 17:00:00,1022.4999999999994
2021-01-19 19:00:00,1022.4999999999994
2021-01-19 20:00:00,1019.3999999999995
2021-01-20 14:00:00,1020.3999999999995
2021-01-20 15:00:00,1023.8999999999995
2021-01-20 16:00:00,1022.1999999999995
2021-01-20 17:00:00,1024.4999999999995
2021-01-20 18:00:00,1026.0999999999995
2021-01-20 19:00:00,1024.8999999999996
2021-01-20 20:00:00,1025.0999999999995
2021-01-21 14:00:00,1017.6999999999995
2021-01-21 15:00:00,1021.3999999999995
2021-01-21 16:00:00,1018.0999999999995
2021-01-21 17:00:00,1018.2999999999995
2021-01-21 18:00:00,1018.3999999999995
2021-01-21 19:00:00,1020.4999999999994
2021-01-21 20:00:00,1018.7999999999995
2021-01-22 14:00:00,1007.7999999999995
2021-01-22 15:00:00,1010.6999999999995
2021-01-22 16:00:00,1011.1999999999995
2021-01-22 18:00:00,1013.6999999999995
2021-01-22 19:00:00,1014.8999999999995
2021-01-22 20:00:00,1013.0999999999995
2021-01-25 14:00:00,1003.8999999999995
2021-01-25 15:00:00,1003.6999999999995
2021-01-25 16:00:00,1004.5999999999995
2021-01-25 17:00:00,1006.7999999999995
2021-01-25 18:00:00,1008.3999999999995
2021-01-25 19:00:00,1006.1999999999995
2021-01-25 20:00:00,1007.4999999999994
2021-01-26 14:00:00,1013.3999999999995
2021-01-26 15:00:00,1004.4999999999994
2021-01-26 16:00:00,1003.1999999999995
2021-01-26 17:00:00,1003.4999999999994
2021-01-26 18:00:00,1004.0999999999995
2021-01-26 19:00:00,1003.6999999999995
2021-01-26 20:00:00,998.8999999999995
2021-01-27 14:00:00,979.9999999999994
2021-01-27 15:00:00,986.1999999999995
2021-01-27 16:00:00,981.8999999999995
2021-01-27 17:00:00,988.3999999999995
2021-01-27 18:00:00,985.0999999999995
2021-01-27 19:00:00,979.5999999999995
2021-01-27 20:00:00,981.0999999999995
2021-01-28 14:00:00,994.1999999999995
2021-01-28 15:00:00,998.3999999999995
2021-01-28 16:00:00,1000.7999999999995
2021-01-28 17:00:00,1004.0999999999995
2021-01-28 18:00:00,1002.5999999999995
2021-01-28 19:00:00,999.6999999999995
2021-01-28 20:00:00,996.4999999999994
2021-01-29 14:00:00,990.2999999999995
2021-01-29 15:00:00,988.9999999999994
2021-01-29 16:00:00,980.9999999999994
2021-01-29 17:00:00,975.5999999999995
2021-01-29 18:00:00,975.4999999999994
2021-01-29 19:00:00,977.3999999999995
2021-01-29 20:00:00,975.1999999999995
2021-01-29 21:00:00,974.8999999999995
2021-02-01 14:00:00,980.9999999999994
2021-02-01 15:00:00,979.9999999999994
2021-02-01 16:00:00,983.0999999999995
2021-02-01 17:00:00,982.7999999999995
2021-02-01 18:00:00,982.9999999999994
2021-02-01 19:00:00,985.0999999999995
2021-02-01 20:00:00,983.7999999999995
2021-02-02 14:00:00,999.2999999999995
2021-02-02 15:00:00,1001.9999999999994
2021-02-02 16:00:00,1003.7999999999995
2021-02-02 17:00:00,1001.2999999999995
2021-02-02 18:00:00,1001.3999999999995
2021-02-02 19:00:00,1004.9999999999994
2021-02-02 20:00:00,1003.8999999999995
2021-02-03 14:00:00,999.9999999999994
2021-02-03 15:00:00,997.7999999999995
2021-02-03 16:00:00,1002.8999999999995
2021-02-03 17:00:00,1001.1999999999995
2021-02-03 18:00:00,1003.1999999999995
2021-02-03 19:00:00,1003.8999999999995
2021-02-03 20:00:00,1002.9999999999994
2021-02-03 21:00:00,1003.2999999999995
2021-02-04 14:00:00,1007.9999999999994
2021-02-04 15:00:00,1011.4999999999994
2021-02-04 16:00:00,1013.5999999999995
2021-02-04 17:00:00,1012.6999999999995
2021-02-04 18:00:00,1012.5999999999995
2021-02-04 19:00:00,1012.3999999999995
2021-02-04 20:00:00,1012.3999999999995
2021-02-04 21:00:00,1013.0999999999995
2021-02-05 14:00:00,1017.6999999999995
2021-02-05 15:00:00,1019.0999999999995
2021-02-05 16:00:00,1019.4999999999994
2021-02-05 17:00:00,1019.8999999999995
2021-02-05 18:00:00,1018.4999999999994
2021-02-05 19:00:00,1017.0999999999995
2021-02-05 20:00:00,1017.3999999999995
2021-02-08 14:00:00,1024.1999999999994
2021-02-08 15:00:00,1022.4999999999994
2021-02-08 16:00:00,1021.4999999999994
2021-02-08 17:00:00,1022.4999999999994
2021-02-08 18:00:00,1022.0999999999995
2021-02-08 19:00:00,1023.6999999999995
2021-02-08 20:00:00,1024.1999999999994
2021-02-09 14:00:00,1019.4999999999994
2021-02-09 15:00:00,1021.1999999999995
2021-02-09 16:00:00,1026.2999999999995
2021-02-09 17:00:00,1029.5999999999995
2021-02-09 18:00:00,1030.1999999999994
2021-02-09 19:00:00,1028.7999999999995
2021-02-09 20:00:00,1027.7999999999995
2021-02-10 14:00:00,1030.9999999999995
2021-02-10 15:00:00,1027.0999999999995
2021-02-10 16:00:00,1028.2999999999995
2021-02-10 17:00:00,1026.7999999999995
2021-02-10 18:00:00,1027.4999999999995
2021-02-10 19:00:00,1028.7999999999995
2021-02-10 20:00:00,1025.7999999999995
2021-02-11 14:00:00,1025.0999999999995
2021-02-11 15:00:00,1024.5999999999995
2021-02-11 16:00:00,1023.0999999999995
2021-02-11 17:00:00,1018.5999999999995
2021-02-11 18:00:00,1019.4999999999994
2021-02-11 19:00:00,1021.2999999999995
2021-02-11 20:00:00,1024.3999999999996
2021-02-12 14:00:00,1026.1999999999994
2021-02-12 15:00:00,1029.0999999999995
2021-02-12 16:00:00,1028.1999999999994
2021-02-12 17:00:00,1028.0999999999995
2021-02-12 18:00:00,1027.2999999999995
2021-02-12 19:00:00,1027.4999999999995
2021-02-12 20:00:00,1031.0999999999995
2021-02-16 14:00:00,1033.0999999999995
2021-02-16 15:00:00,1030.3999999999996
2021-02-16 16:00:00,1030.6999999999994
2021-02-16 17:00:00,1031.5999999999995
2021-02-16 18:00:00,1031.9999999999995
2021-02-16 19:00:00,1031.8999999999996
2021-02-16 20:00:00,1030.5999999999995
2021-02-17 14:00:00,1025.9999999999995
2021-02-17 15:00:00,1025.6999999999994
2021-02-17 16:00:00,1024.8999999999996
2021-02-17 17:00:00,1024.7999999999995
2021-02-17 18:00:00,1025.2999999999995
2021-02-17 19:00:00,1027.3999999999996
2021-02-17 20:00:00,1027.8999999999996
2021-02-18 14:00:00,1020.9999999999994
2021-02-18 15:00:00,1017.4999999999994
2021-02-18 16:00:00,1019.0999999999995
2021-02-18 17:00:00,1016.2999999999995
2021-02-18 18:00:00,1022.0999999999995
2021-02-18 19:00:00,1024.3999999999996
2021-02-18 20:00:00,1022.9999999999994
2021-02-19 14:00:00,1037.0999999999995
2021-02-19 15:00:00,1038.5999999999995
2021-02-19 16:00:00,1038.4999999999993
2021-02-19 17:00:00,1037.8999999999994
2021-02-19 18:00:00,1039.1999999999996
2021-02-19 19:00:00,1038.1999999999996
2021-02-19 20:00:00,1038.1999999999996
2021-02-22 14:00:00,1035.6999999999994
2021-02-22 15:00:00,1041.0999999999995
2021-02-22 16:00:00,1044.0999999999995
2021-02-22 17:00:00,1045.5999999999995
2021-02-22 18:00:00,1046.8999999999994
2021-02-22 19:00:00,1044.7999999999995
2021-02-22 20:00:00,1040.8999999999994
2021-02-23 14:00:00,1034.4999999999995
2021-02-23 15:00:00,1036.5999999999995
2021-02-23 16:00:00,1033.6999999999994
2021-02-23 17:00:00,1032.5999999999995
2021-02-23 18:00:00,1037.7999999999995
2021-02-23 19:00:00,1041.8999999999994
2021-02-23 20:00:00,1043.3999999999994
2021-02-24 14:00:00,1047.5999999999995
2021-02-24 15:00:00,1054.7999999999995
2021-02-24 16:00:00,1059.8999999999996
2021-02-24 17:00:00,1060.1999999999994
2021-02-24 18:00:00,1064.0999999999995
2021-02-24 19:00:00,1060.7999999999995
2021-02-24 20:00:00,1061.0999999999995
2021-02-25 14:00:00,1059.2999999999995
2021-02-25 15:00:00,1053.9999999999993
2021-02-25 16:00:00,1051.2999999999995
2021-02-25 17:00:00,1045.1999999999996
2021-02-25 18:00:00,1047.7999999999995
2021-02-25 19:00:00,1047.9999999999993
2021-02-25 20:00:00,1044.1999999999996
2021-02-25 21:00:00,1043.3999999999994
2021-02-26 14:00:00,1042.8999999999994
2021-02-26 15:00:00,1040.7999999999995
2021-02-26 16:00:00,1038.4999999999993
2021-02-26 17:00:00,1042.5999999999995
2021-02-26 18:00:00,1039.7999999999995
2021-02-26 19:00:00,1039.4999999999993
2021-02-26 20:00:00,1034.6999999999994
2021-02-26 21:00:00,1031.6999999999994
2021-03-01 14:00:00,1054.5999999999995
2021-03-01 15:00:00,1058.1999999999996
2021-03-01 16:00:00,1059.9999999999995
2021-03-01 17:00:00,1060.0999999999995
2021-03-01 18:00:00,1061.3999999999996
2021-03-01 19:00:00,1063.3999999999996
2021-03-01 20:00:00,1057.7999999999995
2021-03-02 14:00:00,1057.1999999999996
2021-03-02 15:00:00,1051.5999999999995
2021-03-02 16:00:00,1051.9999999999993
2021-03-02 17:00:00,1055.1999999999996
2021-03-02 18:00:00,1057.9999999999993
2021-03-02 19:00:00,1058.0999999999995
2021-03-02 20:00:00,1055.1999999999996
2021-03-03 14:00:00,1056.7999999999995
2021-03-03 15:00:00,1060.3999999999996
2021-03-03 16:00:00,1063.0999999999995
2021-03-03 17:00:00,1064.1999999999994
2021-03-03 18:00:00,1063.4999999999995
2021-03-03 19:00:00,1063.4999999999995
2021-03-03 20:00:00,1055.8999999999994
2021-03-03 21:00:00,1055.1999999999996
2021-03-04 14:00:00,1053.6999999999996
2021-03-04 15:00:00,1048.9999999999993
2021-03-04 16:00:00,1054.9999999999993
2021-03-04 17:00:00,1044.1999999999996
2021-03-04 18:00:00,1027.9999999999995
2021-03-04 19:00:00,1041.9999999999993
2021-03-04 20:00:00,1040.1999999999996
2021-03-04 21:00:00,1040.1999999999996
2021-03-05 14:00:00,1041.7999999999995
2021-03-05 15:00:00,1038.5999999999995
2021-03-05 16:00:00,1039.0999999999995
2021-03-05 17:00:00,1047.2999999999995
2021-03-05 18:00:00,1053.4999999999993
2021-03-05 19:00:00,1058.4999999999993
2021-03-05 20:00:00,1062.3999999999996
2021-03-08 14:00:00,1070.6999999999994
2021-03-08 15:00:00,1077.8999999999994
2021-03-08 16:00:00,1078.3999999999994
2021-03-08 17:00:00,1085.2999999999995
2021-03-08 18:00:00,1079.1999999999996
2021-03-08 19:00:00,1077.5999999999995
2021-03-08 20:00:00,1072.4999999999993
2021-03-09 14:00:00,1074.8999999999994
2021-03-09 15:00:00,1078.6999999999996
2021-03-09 16:00:00,1079.4999999999993
2021-03-09 17:00:00,1076.6999999999996
2021-03-09 18:00:00,1076.7999999999995
2021-03-09 19:00:00,1075.1999999999996
2021-03-09 20:00:00,1068.8999999999996
2021-03-10 14:00:00,1074.1999999999996
2021-03-10 15:00:00,1073.5999999999995
2021-03-10 16:00:00,1079.1999999999996
2021-03-10 17:00:00,1079.2999999999995
2021-03-10 18:00:00,1083.6999999999996
2021-03-10 19:00:00,1085.9999999999993
2021-03-10 20:00:00,1082.6999999999996
2021-03-11 14:00:00,1085.7999999999995
2021-03-12 14:00:00,1089.0999999999997
2021-03-12 15:00:00,1092.4999999999995
2021-03-12 16:00:00,1090.3999999999994
2021-03-12 17:00:00,1092.3999999999994
2021-03-12 20:00:00,1096.5999999999997
2021-03-15 13:00:00,1099.2999999999995
2021-03-15 14:00:00,1094.8999999999994
2021-03-15 15:00:00,1091.2999999999995
2021-03-15 16:00:00,1098.5999999999997
2021-03-15 17:00:00,1099.8999999999994
2021-03-15 18:00:00,1101.1999999999996
2021-03-15 19:00:00,1103.7999999999995
2021-03-16 13:00:00,1099.9999999999995
2021-03-16 14:00:00,1093.6999999999996
2021-03-16 15:00:00,1091.7999999999995
2021-03-16 16:00:00,1092.2999999999995
2021-03-16 17:00:00,1093.0999999999997
2021-03-16 18:00:00,1092.7999999999995
2021-03-16 19:00:00,1090.8999999999994
2021-03-17 13:00:00,1095.4999999999995
2021-03-17 14:00:00,1090.5999999999997
2021-03-17 15:00:00,1098.7999999999995
2021-03-17 16:00:00,1097.2999999999995
2021-03-17 17:00:00,1095.9999999999995
2021-03-17 18:00:00,1102.0999999999997
2021-03-17 19:00:00,1101.3999999999994
2021-03-17 20:00:00,1103.3999999999994
2021-03-18 13:00:00,1100.9999999999995
2021-03-18 14:00:00,1108.5999999999997
2021-03-18 15:00:00,1113.2999999999995
2021-03-18 16:00:00,1110.3999999999994
2021-03-18 17:00:00,1111.6999999999996
2021-03-18 18:00:00,1103.3999999999994
2021-03-18 19:00:00,1101.1999999999996
2021-03-18 20:00:00,1100.0999999999997
2021-03-19 13:00:00,1093.0999999999997
2021-03-19 14:00:00,1095.4999999999995
2021-03-19 15:00:00,1096.8999999999994
2021-03-19 16:00:00,1097.6999999999996
2021-03-19 17:00:00,1097.8999999999994
2021-03-19 18:00:00,1098.5999999999997
2021-03-19 19:00:00,1093.4999999999995
2021-03-22 13:00:00,1090.6999999999996
2021-03-22 14:00:00,1089.0999999999997
2021-03-22 15:00:00,1089.4999999999995
2021-03-22 16:00:00,1089.7999999999995
2021-03-22 17:00:00,1091.8999999999994
2021-03-22 18:00:00,1095.6999999999996
2021-03-22 19:00:00,1092.6999999999996
2021-03-23 13:00:00,1094.1999999999996
2021-03-23 14:00:00,1083.4999999999995
2021-03-23 15:00:00,1084.6999999999996
2021-03-23 16:00:00,1084.0999999999997
2021-03-23 17:00:00,1079.3999999999994
2021-03-23 18:00:00,1077.6999999999996
2021-03-23 19:00:00,1074.7999999999995
2021-03-24 13:00:00,1088.8999999999994
2021-03-24 14:00:00,1095.7999999999995
2021-03-24 15:00:00,1093.9999999999995
2021-03-24 16:00:00,1094.3999999999994
2021-03-24 17:00:00,1092.4999999999995
2021-03-24 18:00:00,1089.1999999999996
2021-03-24 19:00:00,1082.1999999999996
2021-03-24 20:00:00,1079.1999999999996
2021-03-25 13:00:00,1076.1999999999996
2021-03-25 14:00:00,1072.2999999999995
2021-03-25 15:00:00,1082.9999999999995
2021-03-25 16:00:00,1090.5999999999997
2021-03-25 17:00:00,1089.6999999999996
2021-03-25 18:00:00,1093.1999999999996
2021-03-25 19:00:00,1097.6999999999996
2021-03-26 13:00:00,1100.8999999999994
2021-03-26 14:00:00,1103.9999999999995
2021-03-26 15:00:00,1103.8999999999994
2021-03-26 16:00:00,1105.0999999999997
2021-03-26 17:00:00,1106.4999999999995
2021-03-26 18:00:00,1106.1999999999996
2021-03-26 19:00:00,1114.3999999999994
2021-03-29 13:00:00,1119.7999999999995
2021-03-29 14:00:00,1111.4999999999995
2021-03-29 15:00:00,1114.6999999999996
2021-03-29 16:00:00,1116.4999999999995
2021-03-29 17:00:00,1114.0999999999997
2021-03-29 18:00:00,1116.3999999999994
2021-03-29 19:00:00,1114.7999999999995
2021-03-30 13:00:00,1115.0999999999997
2021-03-30 14:00:00,1119.7999999999995
2021-03-30 15:00:00,1118.7999999999995
2021-03-30 16:00:00,1118.1999999999996
2021-03-30 17:00:00,1116.4999999999995
2021-03-30 18:00:00,1120.0999999999997
2021-03-30 19:00:00,1118.8999999999994
2021-03-31 13:00:00,1118.9999999999995
2021-03-31 14:00:00,1113.9999999999995
2021-03-31 15:00:00,1113.6999999999996
2021-03-31 16:00:00,1116.0999999999997
2021-03-31 17:00:00,1119.1999999999996
2021-03-31 18:00:00,1120.4999999999995
2021-03-31 19:00:00,1116.2999999999995
2021-04-01 13:00:00,1113.3999999999994
2021-04-01 14:00:00,1115.3999999999994
2021-04-01 15:00:00,1114.9999999999995
2021-04-01 16:00:00,1116.9999999999995
2021-04-01 19:00:00,1119.4999999999995
2021-04-05 13:00:00,1129.3999999999996
2021-04-05 14:00:00,1132.5999999999995
2021-04-05 16:00:00,1133.7999999999995
2021-04-05 17:00:00,1130.5999999999995
2021-04-05 18:00:00,1131.0999999999995
2021-04-05 19:00:00,1131.5999999999995
2021-04-06 08:00:00,1131.3999999999996
2021-04-06 13:00:00,1134.2999999999995
2021-04-06 14:00:00,1132.5999999999995
2021-04-06 15:00:00,1133.3999999999996
2021-04-06 16:00:00,1131.7999999999995
2021-04-06 17:00:00,1132.3999999999996
2021-04-06 18:00:00,1131.2999999999995
2021-04-06 19:00:00,1128.5999999999995
2021-04-07 09:00:00,1124.9999999999995
2021-04-07 13:00:00,1125.9999999999995
2021-04-07 14:00:00,1126.1999999999996
2021-04-07 15:00:00,1122.0999999999997
2021-04-07 16:00:00,1123.4999999999995
2021-04-07 17:00:00,1124.0999999999997
2021-04-07 18:00:00,1123.2999999999995
2021-04-07 19:00:00,1124.4999999999995
2021-04-08 13:00:00,1118.2999999999995
2021-04-08 14:00:00,1121.1999999999996
2021-04-08 15:00:00,1123.9999999999995
2021-04-08 16:00:00,1126.1999999999996
2021-04-08 17:00:00,1124.9999999999995
2021-04-08 18:00:00,1125.6999999999996
2021-04-08 19:00:00,1126.2999999999995
2021-04-08 20:00:00,1126.7999999999995
2021-04-09 13:00:00,1128.7999999999995
2021-04-09 14:00:00,1129.3999999999996
2021-04-09 15:00:00,1128.5999999999995
2021-04-09 16:00:00,1130.4999999999995
2021-04-09 17:00:00,1131.0999999999995
2021-04-09 18:00:00,1132.3999999999996
2021-04-09 19:00:00,1135.9999999999995
2021-04-12 13:00:00,1135.8999999999996
2021-04-12 15:00:00,1138.6999999999996
2021-04-12 16:00:00,1139.4999999999995
2021-04-12 17:00:00,1136.7999999999995
2021-04-12 18:00:00,1137.7999999999995
2021-04-12 19:00:00,1139.7999999999995
2021-04-13 13:00:00,1128.5999999999995
2021-04-13 14:00:00,1131.8999999999996
2021-04-13 15:00:00,1132.6999999999996
2021-04-13 16:00:00,1132.3999999999996
2021-04-13 17:00:00,1132.8999999999996
2021-04-13 18:00:00,1136.3999999999996
2021-04-13 19:00:00,1134.9999999999995
2021-04-14 13:00:00,1140.4999999999995
2021-04-14 14:00:00,1140.0999999999995
2021-04-14 15:00:00,1141.4999999999995
2021-04-14 16:00:00,1141.1999999999996
2021-04-14 17:00:00,1139.4999999999995
2021-04-14 18:00:00,1137.6999999999996
2021-04-14 19:00:00,1136.5999999999995
2021-04-15 13:00:00,1134.3999999999996
2021-04-15 14:00:00,1136.8999999999996
2021-04-15 15:00:00,1139.7999999999995
2021-04-15 16:00:00,1139.1999999999996
2021-04-15 17:00:00,1138.4999999999995
2021-04-15 18:00:00,1138.9999999999995
2021-04-15 19:00:00,1140.5999999999995
2021-04-16 13:00:00,1145.2999999999995
2021-04-16 14:00:00,1142.5999999999995
2021-04-16 15:00:00,1143.4999999999995
2021-04-16 16:00:00,1139.8999999999996
2021-04-16 18:00:00,1141.2999999999995
2021-04-16 19:00:00,1143.8999999999996
2021-04-19 13:00:00,1138.4999999999995
2021-04-19 14:00:00,1138.8999999999996
2021-04-19 15:00:00,1136.8999999999996
2021-04-19 16:00:00,1135.4999999999995
2021-04-19 17:00:00,1136.2999999999995
2021-04-19 18:00:00,1136.1999999999996
2021-04-19 19:00:00,1137.7999999999995
2021-04-20 13:00:00,1133.8999999999996
2021-04-20 14:00:00,1127.1999999999996
2021-04-20 15:00:00,1122.3999999999994
2021-04-20 16:00:00,1123.0999999999997
2021-04-20 17:00:00,1122.0999999999997
2021-04-20 18:00:00,1122.6999999999996
2021-04-20 19:00:00,1127.1999999999996
2021-04-21 13:00:00,1132.6999999999996
2021-04-21 14:00:00,1138.6999999999996
2021-04-21 15:00:00,1136.8999999999996
2021-04-21 16:00:00,1137.6999999999996
2021-04-21 17:00:00,1139.6999999999996
2021-04-21 18:00:00,1139.8999999999996
2021-04-21 19:00:00,1140.4999999999995
2021-04-22 13:00:00,1140.1999999999996
2021-04-22 14:00:00,1141.9999999999995
2021-04-22 15:00:00,1146.3999999999996
2021-04-22 16:00:00,1148.3999999999994
2021-04-22 17:00:00,1137.0999999999995
2021-04-22 18:00:00,1139.0999999999995
2021-04-22 19:00:00,1135.8999999999996
2021-04-23 13:00:00,1141.0999999999995
2021-04-23 14:00:00,1143.4999999999995
2021-04-23 15:00:00,1144.3999999999996
2021-04-23 16:00:00,1143.4999999999995
2021-04-23 17:00:00,1144.7999999999995
2021-04-23 18:00:00,1147.8999999999994
2021-04-23 19:00:00,1147.0999999999997
2021-04-26 12:00:00,1149.2999999999995
2021-04-26 13:00:00,1152.3999999999996
2021-04-26 14:00:00,1149.4999999999995
2021-04-26 15:00:00,1149.1999999999996
2021-04-26 16:00:00,1147.2999999999995
2021-04-26 17:00:00,1145.1999999999996
2021-04-26 18:00:00,1145.6999999999996
2021-04-26 19:00:00,1143.4999999999995
2021-04-27 10:00:00,1143.7999999999995
2021-04-27 12:00:00,1145.7999999999995
2021-04-27 13:00:00,1149.4999999999995
2021-04-27 14:00:00,1151.2999999999995
2021-04-27 15:00:00,1150.1999999999996
2021-04-27 16:00:00,1151.3999999999996
2021-04-27 17:00:00,1150.1999999999996
2021-04-27 18:00:00,1152.6999999999996
2021-04-27 19:00:00,1152.7999999999995
2021-04-28 11:00:00,1152.4999999999995
2021-04-28 13:00:00,1150.6999999999996
2021-04-28 14:00:00,1154.3999999999996
2021-04-28 15:00:00,1152.0999999999995
2021-04-28 16:00:00,1152.1999999999996
2021-04-28 17:00:00,1151.0999999999995
2021-04-28 18:00:00,1151.7999999999995
2021-04-28 19:00:00,1150.6999999999996
2021-04-29 13:00:00,1154.7999999999995
2021-04-29 14:00:00,1151.7999999999995
2021-04-29 15:00:00,1153.4999999999995
2021-04-29 16:00:00,1152.6999999999996
2021-04-29 17:00:00,1153.5999999999995
2021-04-29 18:00:00,1156.9999999999993
2021-04-29 19:00:00,1157.1999999999996
2021-04-29 20:00:00,1157.5999999999992
2021-04-30 13:00:00,1154.4999999999995
2021-04-30 14:00:00,1148.6999999999996
2021-04-30 15:00:00,1148.1999999999996
2021-04-30 16:00:00,1149.5999999999997
2021-04-30 17:00:00,1148.4999999999995
2021-04-30 18:00:00,1149.4999999999995
2021-04-30 19:00:00,1150.6999999999996
2021-05-03 13:00:00,1160.8999999999994
2021-05-03 14:00:00,1157.5999999999992
2021-05-03 15:00:00,1160.3999999999994
2021-05-03 16:00:00,1161.7999999999995
2021-05-03 17:00:00,1162.3999999999994
2021-05-03 18:00:00,1163.6999999999996
2021-05-03 19:00:00,1160.8999999999994
2021-05-04 13:00:00,1154.9999999999998
2021-05-04 14:00:00,1157.1999999999996
2021-05-04 15:00:00,1156.2999999999995
2021-05-04 16:00:00,1161.8999999999994
2021-05-04 17:00:00,1162.0999999999992
2021-05-04 18:00:00,1163.7999999999995
2021-05-04 19:00:00,1165.7999999999995
2021-05-05 13:00:00,1164.1999999999996
2021-05-05 14:00:00,1162.4999999999993
2021-05-05 15:00:00,1168.4999999999993
2021-05-05 16:00:00,1168.6999999999996
2021-05-05 17:00:00,1168.6999999999996
2021-05-05 18:00:00,1170.6999999999996
2021-05-05 19:00:00,1166.4999999999993
2021-05-06 13:00:00,1169.6999999999996
2021-05-06 14:00:00,1167.4999999999993
2021-05-06 15:00:00,1170.3999999999994
2021-05-06 16:00:00,1168.4999999999993
2021-05-06 17:00:00,1168.0999999999992
2021-05-06 18:00:00,1167.0999999999992
2021-05-06 19:00:00,1174.2999999999995
2021-05-07 13:00:00,1174.0999999999992
2021-05-07 14:00:00,1180.3999999999994
2021-05-07 15:00:00,1180.1999999999996
2021-05-07 16:00:00,1181.5999999999992
2021-05-07 18:00:00,1185.0999999999992
2021-05-07 19:00:00,1185.3999999999994
2021-05-10 13:00:00,1193.8999999999994
2021-05-10 14:00:00,1196.1999999999996
2021-05-10 15:00:00,1197.4999999999993
2021-05-10 16:00:00,1195.5999999999992
2021-05-10 17:00:00,1196.5999999999992
2021-05-10 18:00:00,1189.1999999999996
2021-05-10 19:00:00,1186.2999999999995
2021-05-11 13:00:00,1176.1999999999996
2021-05-11 14:00:00,1163.9999999999993
2021-05-11 15:00:00,1169.6999999999996
2021-05-11 16:00:00,1164.2999999999995
2021-05-11 17:00:00,1170.2999999999995
2021-05-11 18:00:00,1169.8999999999994
2021-05-11 19:00:00,1170.1999999999996
2021-05-12 13:00:00,1164.2999999999995
2021-05-12 14:00:00,1161.6999999999996
2021-05-12 15:00:00,1154.0999999999995
2021-05-12 16:00:00,1150.7999999999995
2021-05-12 17:00:00,1153.0999999999995
2021-05-12 18:00:00,1154.2999999999995
2021-05-12 19:00:00,1144.2999999999995
2021-05-13 13:00:00,1160.2999999999995
2021-05-13 14:00:00,1160.4999999999993
2021-05-13 15:00:00,1159.8999999999994
2021-05-13 16:00:00,1161.6999999999996
2021-05-13 17:00:00,1159.5999999999992
2021-05-13 18:00:00,1165.4999999999993
2021-05-13 19:00:00,1164.1999999999996
2021-05-14 13:00:00,1175.4999999999993
2021-05-14 14:00:00,1174.7999999999995
2021-05-14 15:00:00,1175.5999999999992
2021-05-14 16:00:00,1177.8999999999994
2021-05-14 17:00:00,1178.3999999999994
2021-05-14 18:00:00,1180.2999999999995
2021-05-14 19:00:00,1178.6999999999996
2021-05-17 13:00:00,1170.9999999999993
2021-05-17 14:00:00,1171.4999999999993
2021-05-17 15:00:00,1171.8999999999994
2021-05-17 16:00:00,1173.3999999999994
2021-05-17 17:00:00,1174.4999999999993
2021-05-17 18:00:00,1175.9999999999993
2021-05-17 19:00:00,1175.2999999999995
2021-05-18 13:00:00,1171.5999999999992
2021-05-18 14:00:00,1168.7999999999995
2021-05-18 15:00:00,1167.7999999999995
2021-05-18 16:00:00,1167.9999999999993
2021-05-18 17:00:00,1167.9999999999993
2021-05-18 18:00:00,1166.4999999999993
2021-05-18 19:00:00,1160.8999999999994
2021-05-19 13:00:00,1146.1999999999996
2021-05-19 14:00:00,1140.1999999999996
2021-05-19 15:00:00,1146.9999999999995
2021-05-19 16:00:00,1149.2999999999995
2021-05-19 17:00:00,1150.0999999999995
2021-05-19 18:00:00,1147.0999999999997
2021-05-19 19:00:00,1154.1999999999996
2021-05-20 13:00:00,1153.4999999999995
2021-05-20 14:00:00,1153.0999999999995
2021-05-20 15:00:00,1156.2999999999995
2021-05-20 16:00:00,1153.6999999999996
2021-05-20 17:00:00,1154.1999999999996
2021-05-20 18:00:00,1157.3999999999994
2021-05-20 19:00:00,1156.8999999999994
2021-05-20 20:00:00,1156.4999999999993
2021-05-21 13:00:00,1168.7999999999995
2021-05-21 14:00:00,1167.4999999999993
2021-05-21 15:00:00,1166.0999999999992
2021-05-21 16:00:00,1158.9999999999993
2021-05-21 17:00:00,1162.4999999999993
2021-05-21 18:00:00,1163.1999999999996
2021-05-21 19:00:00,1161.4999999999993
2021-05-24 13:00:00,1164.4999999999993
2021-05-24 14:00:00,1165.3999999999994
2021-05-24 15:00:00,1165.1999999999996
2021-05-24 16:00:00,1166.2999999999995
2021-05-24 17:00:00,1166.0999999999992
2021-05-24 18:00:00,1168.8999999999994
2021-05-24 19:00:00,1168.2999999999995
2021-05-25 13:00:00,1171.6999999999996
2021-05-25 14:00:00,1171.2999999999995
2021-05-25 15:00:00,1170.0999999999992
2021-05-25 16:00:00,1170.9999999999993
2021-05-25 17:00:00,1169.2999999999995
2021-05-25 18:00:00,1166.9999999999993
2021-05-25 19:00:00,1165.2999999999995
2021-05-26 13:00:00,1165.8999999999994
2021-05-26 14:00:00,1164.3999999999994
2021-05-26 15:00:00,1165.2999999999995
2021-05-26 16:00:00,1166.1999999999996
2021-05-26 17:00:00,1165.8999999999994
2021-05-26 18:00:00,1165.6999999999996
2021-05-26 19:00:00,1167.9999999999993
2021-05-27 13:00:00,1181.6999999999996
2021-05-27 14:00:00,1180.1999999999996
2021-05-27 15:00:00,1181.6999999999996
2021-05-27 16:00:00,1182.3999999999994
2021-05-27 17:00:00,1181.0999999999992
2021-05-27 18:00:00,1183.2999999999995
2021-05-27 19:00:00,1182.2999999999995
2021-05-28 13:00:00,1183.7999999999995
2021-05-28 14:00:00,1181.2999999999995
2021-05-28 15:00:00,1181.9999999999993
2021-05-28 16:00:00,1181.5999999999992
2021-05-28 19:00:00,1182.6999999999996
2021-06-01 13:00:00,1191.7999999999995
2021-06-01 14:00:00,1189.6999999999996
2021-06-01 15:00:00,1189.8999999999994
2021-06-01 16:00:00,1189.2999999999995
2021-06-01 17:00:00,1185.1999999999996
2021-06-01 18:00:00,1187.1999999999996
2021-06-01 19:00:00,1186.9999999999993
2021-06-02 13:00:00,1185.6999999999996
2021-06-02 14:00:00,1186.1999999999996
2021-06-02 15:00:00,1187.6999999999996
2021-06-02 16:00:00,1182.4999999999993
2021-06-02 17:00:00,1183.8999999999994
2021-06-02 18:00:00,1184.1999999999996
2021-06-02 19:00:00,1183.5999999999992
2021-06-03 13:00:00,1174.2999999999995
2021-06-03 14:00:00,1181.9999999999993
2021-06-03 15:00:00,1186.2999999999995
2021-06-03 16:00:00,1182.5999999999992
2021-06-03 17:00:00,1183.1999999999996
2021-06-03 18:00:00,1181.4999999999993
2021-06-03 19:00:00,1181.3999999999994
2021-06-03 20:00:00,1180.8999999999994
2021-06-04 13:00:00,1181.8999999999994
2021-06-04 14:00:00,1183.1999999999996
2021-06-04 15:00:00,1180.4999999999993
2021-06-04 16:00:00,1181.3999999999994
2021-06-04 17:00:00,1182.7999999999995
2021-06-04 18:00:00,1184.2999999999995
2021-06-04 19:00:00,1184.3999999999994
2021-06-07 13:00:00,1182.8999999999994
2021-06-07 14:00:00,1181.9999999999993
2021-06-07 15:00:00,1178.2999999999995
2021-06-07 16:00:00,1175.8999999999994
2021-06-07 17:00:00,1176.8999999999994
2021-06-07 18:00:00,1177.1999999999996
2021-06-07 19:00:00,1177.2999999999995
2021-06-08 13:00:00,1173.9999999999993
2021-06-08 14:00:00,1177.3999999999994
2021-06-08 15:00:00,1178.1999999999996
2021-06-08 16:00:00,1180.3999999999994
2021-06-08 17:00:00,1181.6999999999996
2021-06-08 18:00:00,1181.0999999999992
2021-06-08 19:00:00,1179.8999999999994
2021-06-09 13:00:00,1173.4999999999993
2021-06-09 14:00:00,1173.0999999999992
2021-06-09 15:00:00,1171.9999999999993
2021-06-09 16:00:00,1170.7999999999995
2021-06-09 17:00:00,1169.6999999999996
2021-06-09 18:00:00,1170.3999999999994
2021-06-09 19:00:00,1169.0999999999992
2021-06-10 13:00:00,1172.8999999999994
2021-06-10 14:00:00,1165.9999999999993
2021-06-10 15:00:00,1167.3999999999994
2021-06-10 16:00:00,1168.2999999999995
2021-06-10 17:00:00,1168.7999999999995
2021-06-10 18:00:00,1165.3999999999994
2021-06-10 19:00:00,1163.9999999999993
2021-06-11 13:00:00,1167.8999999999994
2021-06-11 14:00:00,1164.5999999999997
2021-06-11 15:00:00,1165.1999999999996
2021-06-11 18:00:00,1165.6999999999996
2021-06-11 19:00:00,1167.1999999999996
2021-06-14 13:00:00,1164.9999999999993
2021-06-14 14:00:00,1162.3999999999994
2021-06-14 15:00:00,1159.7999999999995
2021-06-14 16:00:00,1159.3999999999994
2021-06-14 17:00:00,1158.6999999999996
2021-06-14 18:00:00,1158.0999999999997
2021-06-14 19:00:00,1162.1999999999996
2021-06-15 13:00:00,1161.0999999999997
2021-06-15 14:00:00,1162.5999999999997
2021-06-15 15:00:00,1162.2999999999995
2021-06-15 16:00:00,1166.1999999999996
2021-06-15 17:00:00,1165.6999999999996
2021-06-15 18:00:00,1168.9999999999993
2021-06-15 19:00:00,1167.0999999999997
2021-06-16 13:00:00,1162.3999999999994
2021-06-16 14:00:00,1163.5999999999997
2021-06-16 15:00:00,1165.9999999999993
2021-06-16 16:00:00,1164.8999999999994
2021-06-16 17:00:00,1160.6999999999996
2021-06-16 18:00:00,1157.9999999999993
2021-06-16 19:00:00,1156.9999999999993
2021-06-17 13:00:00,1150.4999999999995
2021-06-17 14:00:00,1142.9999999999995
2021-06-17 15:00:00,1137.4999999999995
2021-06-17 16:00:00,1137.8999999999996
2021-06-17 17:00:00,1141.4999999999995
2021-06-17 18:00:00,1138.8999999999996
2021-06-17 19:00:00,1140.9999999999995
2021-06-18 13:00:00,1132.1999999999996
2021-06-18 14:00:00,1130.9999999999995
2021-06-18 15:00:00,1135.9999999999995
2021-06-18 16:00:00,1131.5999999999995
2021-06-18 17:00:00,1132.0999999999995
2021-06-18 18:00:00,1131.2999999999997
2021-06-18 19:00:00,1126.9999999999995
2021-06-21 13:00:00,1142.8999999999996
2021-06-21 14:00:00,1149.8999999999996
2021-06-21 15:00:00,1149.0999999999997
2021-06-21 16:00:00,1146.5999999999997
2021-06-21 17:00:00,1150.3999999999996
2021-06-21 18:00:00,1147.9999999999995
2021-06-21 19:00:00,1150.0999999999997
2021-06-22 13:00:00,1145.0999999999995
2021-06-22 14:00:00,1147.2999999999995
2021-06-22 15:00:00,1150.3999999999996
2021-06-22 16:00:00,1150.6999999999996
2021-06-22 17:00:00,1150.9999999999995
2021-06-22 18:00:00,1151.1999999999996
2021-06-22 19:00:00,1151.4999999999995
2021-06-23 13:00:00,1150.6999999999996
2021-06-23 14:00:00,1152.6999999999996
2021-06-23 15:00:00,1152.6999999999996
2021-06-23 16:00:00,1152.2999999999995
2021-06-23 17:00:00,1153.0999999999997
2021-06-23 18:00:00,1151.6999999999996
2021-06-23 19:00:00,1148.3999999999996
2021-06-24 13:00:00,1151.0999999999997
2021-06-24 14:00:00,1150.8999999999996
2021-06-24 15:00:00,1150.1999999999996
2021-06-24 16:00:00,1153.1999999999996
2021-06-24 17:00:00,1155.7999999999995
2021-06-24 19:00:00,1156.5999999999997
2021-06-24 20:00:00,1155.8999999999999
2021-06-25 13:00:00,1158.3999999999994
2021-06-25 14:00:00,1158.9999999999993
2021-06-25 15:00:00,1159.8999999999994
2021-06-25 16:00:00,1159.9999999999993
2021-06-25 17:00:00,1159.8999999999994
2021-06-25 18:00:00,1160.2999999999995
2021-06-25 19:00:00,1158.5999999999997
2021-06-28 13:00:00,1151.6999999999996
2021-06-28 14:00:00,1149.6999999999996
2021-06-28 15:00:00,1150.4999999999995
2021-06-28 16:00:00,1150.3999999999996
2021-06-28 17:00:00,1150.3999999999996
2021-06-28 18:00:00,1153.7999999999995
2021-06-28 19:00:00,1153.0999999999997
2021-06-29 13:00:00,1155.5999999999997
2021-06-29 14:00:00,1156.0999999999997
2021-06-29 15:00:00,1154.0999999999997
2021-06-29 16:00:00,1154.8999999999999
2021-06-29 17:00:00,1153.4999999999995
2021-06-29 18:00:00,1150.6999999999996
2021-06-29 19:00:00,1150.7999999999995
2021-06-30 13:00:00,1150.5999999999997
2021-06-30 14:00:00,1156.5999999999997
2021-06-30 15:00:00,1156.6999999999996
2021-06-30 16:00:00,1158.8999999999994
2021-06-30 17:00:00,1156.8999999999994
2021-06-30 18:00:00,1158.0999999999997
2021-06-30 19:00:00,1159.4999999999993
2021-07-01 13:00:00,1161.7999999999995
2021-07-01 14:00:00,1164.6999999999996
2021-07-01 15:00:00,1164.6999999999996
2021-07-01 16:00:00,1164.8999999999994
2021-07-01 17:00:00,1164.6999999999996
2021-07-01 18:00:00,1164.8999999999994
2021-07-01 19:00:00,1165.7999999999995
2021-07-02 13:00:00,1163.6999999999996
2021-07-02 14:00:00,1167.2999999999995
2021-07-02 15:00:00,1168.3999999999994
2021-07-02 16:00:00,1168.8999999999994
2021-07-02 17:00:00,1168.6999999999996
2021-07-02 18:00:00,1167.8999999999994
2021-07-02 19:00:00,1168.0999999999997
2021-07-06 13:00:00,1159.4999999999993
2021-07-06 14:00:00,1148.6999999999996
2021-07-06 15:00:00,1151.4999999999995
2021-07-06 16:00:00,1152.0999999999997
2021-07-06 17:00:00,1154.3999999999996
2021-07-06 18:00:00,1156.3999999999994
2021-07-06 19:00:00,1157.8999999999994
2021-07-07 13:00:00,1161.3999999999994
2021-07-07 14:00:00,1160.5999999999997
2021-07-07 15:00:00,1165.3999999999994
2021-07-07 16:00:00,1165.6999999999996
2021-07-07 17:00:00,1166.0999999999997
2021-07-07 18:00:00,1166.8999999999994
2021-07-07 19:00:00,1169.6999999999996
2021-07-08 13:00:00,1151.9999999999995
2021-07-08 14:00:00,1147.6999999999996
2021-07-08 15:00:00,1157.5999999999997
2021-07-08 16:00:00,1159.8999999999994
2021-07-08 17:00:00,1152.9999999999995
2021-07-08 18:00:00,1150.0999999999997
2021-07-08 19:00:00,1153.4999999999995
2021-07-09 13:00:00,1169.0999999999997
2021-07-09 14:00:00,1167.0999999999997
2021-07-09 15:00:00,1168.5999999999997
2021-07-09 16:00:00,1167.5999999999997
2021-07-09 17:00:00,1168.7999999999995
2021-07-09 18:00:00,1170.3999999999994
2021-07-09 19:00:00,1170.0999999999997
2021-07-12 13:00:00,1166.3999999999994
2021-07-12 14:00:00,1169.7999999999995
2021-07-12 15:00:00,1168.9999999999993
2021-07-12 16:00:00,1168.0999999999997
2021-07-12 17:00:00,1169.6999999999996
2021-07-12 18:00:00,1170.1999999999996
2021-07-12 19:00:00,1170.9999999999993
2021-07-13 13:00:00,1166.9999999999993
2021-07-13 14:00:00,1165.8999999999994
2021-07-13 15:00:00,1165.2999999999995
2021-07-13 16:00:00,1163.6999999999996
2021-07-13 17:00:00,1163.3999999999994
2021-07-13 18:00:00,1162.7999999999995
2021-07-13 19:00:00,1161.2999999999995
2021-07-14 13:00:00,1165.0999999999997
2021-07-14 14:00:00,1160.7999999999995
2021-07-14 15:00:00,1158.7999999999995
2021-07-14 16:00:00,1161.1999999999996
2021-07-14 17:00:00,1161.9999999999993
2021-07-14 18:00:00,1161.2999999999995
2021-07-14 19:00:00,1160.5999999999997
2021-07-15 13:00:00,1159.2999999999995
2021-07-15 14:00:00,1165.9999999999993
2021-07-15 15:00:00,1165.2999999999995
2021-07-15 16:00:00,1162.5999999999997
2021-07-15 17:00:00,1162.1999999999996
2021-07-15 18:00:00,1161.6999999999996
2021-07-15 19:00:00,1163.2999999999995
2021-07-16 13:00:00,1164.1999999999996
2021-07-16 14:00:00,1159.6999999999996
2021-07-16 15:00:00,1162.2999999999995
2021-07-16 17:00:00,1159.5999999999997
2021-07-16 18:00:00,1156.9999999999993
2021-07-16 19:00:00,1153.7999999999995
2021-07-19 13:00:00,1129.5999999999995
2021-07-19 14:00:00,1128.5999999999995
2021-07-19 15:00:00,1133.9999999999995
2021-07-19 16:00:00,1129.4999999999995
2021-07-19 17:00:00,1127.0999999999997
2021-07-19 18:00:00,1126.2999999999995
2021-07-19 19:00:00,1132.0999999999995
2021-07-20 13:00:00,1148.0999999999997
2021-07-20 14:00:00,1153.6999999999996
2021-07-20 15:00:00,1155.3999999999999
2021-07-20 16:00:00,1159.5999999999997
2021-07-20 17:00:00,1157.5999999999997
2021-07-20 18:00:00,1159.6999999999996
2021-07-20 19:00:00,1159.8999999999994
2021-07-21 13:00:00,1172.2999999999995
2021-07-21 14:00:00,1167.5999999999997
2021-07-21 15:00:00,1170.4999999999993
2021-07-21 16:00:00,1167.7999999999995
2021-07-21 17:00:00,1168.6999999999996
2021-07-21 18:00:00,1168.4999999999993
2021-07-21 19:00:00,1170.4999999999993
2021-07-21 20:00:00,1170.5999999999997
2021-07-22 01:00:00,1176.9999999999993
2021-07-22 13:00:00,1166.3999999999994
2021-07-22 14:00:00,1168.3999999999994
2021-07-22 15:00:00,1165.7999999999995
2021-07-22 16:00:00,1166.1999999999996
2021-07-22 17:00:00,1167.9999999999993
2021-07-22 18:00:00,1168.1999999999996
2021-07-22 19:00:00,1166.5999999999997
2021-07-23 13:00:00,1166.5999999999997
2021-07-23 14:00:00,1168.4999999999993
2021-07-23 15:00:00,1172.7999999999995
2021-07-23 16:00:00,1169.1999999999996
2021-07-23 17:00:00,1170.0999999999997
2021-07-23 18:00:00,1170.0999999999997
2021-07-23 19:00:00,1171.1999999999996
2021-07-26 13:00:00,1168.1999999999996
2021-07-26 14:00:00,1166.8999999999994
2021-07-26 15:00:00,1168.8999999999994
2021-07-26 16:00:00,1168.5999999999997
2021-07-26 17:00:00,1168.6999999999996
2021-07-26 18:00:00,1169.6999999999996
2021-07-26 19:00:00,1170.5999999999997
2021-07-27 13:00:00,1165.4999999999993
2021-07-27 14:00:00,1167.1999999999996
2021-07-27 15:00:00,1164.1999999999996
2021-07-27 16:00:00,1159.4999999999993
2021-07-27 17:00:00,1162.1999999999996
2021-07-27 18:00:00,1163.5999999999997
2021-07-27 19:00:00,1164.8999999999994
2021-07-27 20:00:00,1164.9999999999993
2021-07-28 13:00:00,1163.8999999999994
2021-07-28 14:00:00,1161.3999999999994
2021-07-28 15:00:00,1165.0999999999997
2021-07-28 16:00:00,1161.2999999999995
2021-07-28 17:00:00,1162.9999999999993
2021-07-28 18:00:00,1164.6999999999996
2021-07-28 19:00:00,1162.1999999999996
2021-07-29 13:00:00,1166.3999999999994
2021-07-29 14:00:00,1171.8999999999994
2021-07-29 15:00:00,1172.1999999999996
2021-07-29 16:00:00,1172.5999999999997
2021-07-29 17:00:00,1172.7999999999995
2021-07-29 18:00:00,1171.6999999999996
2021-07-29 19:00:00,1170.9999999999993
2021-07-29 20:00:00,1169.9999999999993
2021-07-30 13:00:00,1168.6999999999996
2021-07-30 14:00:00,1166.3999999999994
2021-07-30 15:00:00,1166.7999999999995
2021-07-30 16:00:00,1167.0999999999997
2021-07-30 17:00:00,1166.8999999999994
2021-07-30 19:00:00,1168.3999999999994
2021-08-02 13:00:00,1175.1999999999996
2021-08-02 14:00:00,1172.4999999999993
2021-08-02 15:00:00,1167.6999999999996
2021-08-02 16:00:00,1167.1999999999996
2021-08-02 17:00:00,1165.0999999999997
2021-08-02 18:00:00,1165.6999999999996
2021-08-02 19:00:00,1160.6999999999996
2021-08-03 13:00:00,1157.2999999999995
2021-08-03 14:00:00,1166.5999999999997
2021-08-03 15:00:00,1170.7999999999995
2021-08-03 16:00:00,1171.1999999999996
2021-08-03 17:00:00,1172.9999999999993
2021-08-03 18:00:00,1173.8999999999994
2021-08-03 19:00:00,1174.9999999999993
2021-08-04 13:00:00,1168.0999999999997
2021-08-04 14:00:00,1167.2999999999995
2021-08-04 15:00:00,1161.3999999999994
2021-08-04 16:00:00,1162.0999999999997
2021-08-04 17:00:00,1163.3999999999994
2021-08-04 18:00:00,1161.8999999999994
2021-08-04 19:00:00,1160.9999999999993
2021-08-04 20:00:00,1160.6999999999996
2021-08-05 13:00:00,1167.1999999999996
2021-08-05 14:00:00,1165.4999999999993
2021-08-05 15:00:00,1166.5999999999997
2021-08-05 16:00:00,1165.0999999999997
2021-08-05 17:00:00,1165.1999999999996
2021-08-05 18:00:00,1163.8999999999994
2021-08-05 19:00:00,1165.5999999999997
2021-08-06 13:00:00,1169.7999999999995
2021-08-06 14:00:00,1171.5999999999997
2021-08-06 15:00:00,1170.9999999999993
2021-08-06 16:00:00,1171.6999999999996
2021-08-06 17:00:00,1171.3999999999994
2021-08-06 18:00:00,1169.3999999999994
2021-08-06 19:00:00,1169.8999999999994
2021-08-09 12:00:00,1177.1999999999996
2021-08-09 13:00:00,1164.3999999999994
2021-08-09 14:00:00,1164.8999999999994
2021-08-09 15:00:00,1163.7999999999995
2021-08-09 16:00:00,1167.0999999999997
2021-08-09 18:00:00,1167.4999999999993
2021-08-09 19:00:00,1165.7999999999995
2021-08-10 13:00:00,1169.2999999999995
2021-08-10 14:00:00,1175.9999999999993
2021-08-10 15:00:00,1178.2999999999995
2021-08-10 16:00:00,1176.7999999999995
2021-08-10 17:00:00,1178.2999999999995
2021-08-10 18:00:00,1178.2999999999995
2021-08-10 19:00:00,1176.6999999999996
2021-08-11 13:00:00,1182.4999999999993
2021-08-11 14:00:00,1185.6999999999996
2021-08-11 15:00:00,1183.5999999999997
2021-08-11 16:00:00,1185.6999999999996
2021-08-11 17:00:00,1187.4999999999993
2021-08-11 18:00:00,1186.4999999999993
2021-08-11 19:00:00,1190.1999999999996
2021-08-12 13:00:00,1189.4999999999993
2021-08-12 14:00:00,1185.7999999999995
2021-08-12 15:00:00,1183.7999999999995
2021-08-12 16:00:00,1188.0999999999997
2021-08-12 17:00:00,1186.2999999999995
2021-08-12 18:00:00,1187.1999999999996
2021-08-12 19:00:00,1187.9999999999993
2021-08-13 13:00:00,1187.0999999999997
2021-08-13 14:00:00,1185.8999999999994
2021-08-13 15:00:00,1187.8999999999994
2021-08-13 16:00:00,1186.8999999999994
2021-08-13 17:00:00,1187.3999999999994
2021-08-13 18:00:00,1184.5999999999997
2021-08-13 19:00:00,1184.6999999999996
2021-08-16 13:00:00,1178.5999999999997
2021-08-16 14:00:00,1185.4999999999993
2021-08-16 15:00:00,1186.5999999999997
2021-08-16 16:00:00,1187.5999999999997
2021-08-16 17:00:00,1186.1999999999996
2021-08-16 18:00:00,1187.0999999999997
2021-08-16 19:00:00,1188.2999999999995
2021-08-17 13:00:00,1178.8999999999994
2021-08-17 14:00:00,1176.5999999999997
2021-08-17 15:00:00,1176.2999999999995
2021-08-17 16:00:00,1167.7999999999995
2021-08-17 17:00:00,1168.4999999999993
2021-08-17 18:00:00,1171.7999999999995
2021-08-17 19:00:00,1177.4999999999993
2021-08-17 20:00:00,1178.9999999999993
2021-08-18 13:00:00,1174.1999999999996
2021-08-18 14:00:00,1177.8999999999994
2021-08-18 15:00:00,1175.0999999999997
2021-08-18 16:00:00,1172.2999999999995
2021-08-18 17:00:00,1173.5999999999997
2021-08-18 18:00:00,1174.2999999999995
2021-08-18 19:00:00,1165.2999999999995
2021-08-18 20:00:00,1164.6999999999996
2021-08-19 13:00:00,1164.4999999999993
2021-08-19 14:00:00,1159.8999999999994
2021-08-19 15:00:00,1161.4999999999993
2021-08-19 16:00:00,1161.0999999999997
2021-08-19 17:00:00,1156.8999999999994
2021-08-19 18:00:00,1157.0999999999997
2021-08-19 19:00:00,1158.4999999999993
2021-08-20 13:00:00,1160.1999999999996
2021-08-20 14:00:00,1158.2999999999995
2021-08-20 15:00:00,1160.6999999999996
2021-08-20 16:00:00,1163.4999999999993
2021-08-20 17:00:00,1163.6999999999996
2021-08-20 18:00:00,1159.4999999999993
2021-08-20 19:00:00,1161.1999999999996
2021-08-23 13:00:00,1168.1999999999996
2021-08-23 14:00:00,1171.5999999999997
2021-08-23 15:00:00,1172.3999999999994
2021-08-23 16:00:00,1171.5999999999997
2021-08-23 17:00:00,1171.8999999999994
2021-08-23 18:00:00,1172.1999999999996
2021-08-23 19:00:00,1170.2999999999995
2021-08-24 13:00:00,1178.8999999999994
2021-08-24 14:00:00,1175.2999999999995
2021-08-24 15:00:00,1175.3999999999994
2021-08-24 16:00:00,1175.1999999999996
2021-08-24 17:00:00,1176.0999999999997
2021-08-24 18:00:00,1176.4999999999993
2021-08-24 19:00:00,1174.6999999999996
2021-08-25 13:00:00,1174.9999999999993
2021-08-25 14:00:00,1180.4999999999993
2021-08-25 15:00:00,1182.6999999999996
2021-08-25 16:00:00,1184.2999999999995
2021-08-25 17:00:00,1182.5999999999997
2021-08-25 18:00:00,1181.8999999999994
2021-08-25 19:00:00,1181.6999999999996
2021-08-26 13:00:00,1180.2999999999995
2021-08-26 14:00:00,1176.0999999999997
2021-08-26 15:00:00,1177.8999999999994
2021-08-26 16:00:00,1177.9999999999993
2021-08-26 17:00:00,1178.5999999999997
2021-08-26 18:00:00,1176.0999999999997
2021-08-26 19:00:00,1177.1999999999996
2021-08-27 13:00:00,1183.4999999999993
2021-08-27 14:00:00,1185.0999999999997
2021-08-27 15:00:00,1184.9999999999993
2021-08-27 16:00:00,1184.6999999999996
2021-08-27 17:00:00,1185.0999999999997
2021-08-27 18:00:00,1184.2999999999995
2021-08-27 19:00:00,1184.7999999999995
2021-08-30 13:00:00,1183.7999999999995
2021-08-30 14:00:00,1185.2999999999995
2021-08-30 16:00:00,1186.1999999999996
2021-08-30 17:00:00,1185.7999999999995
2021-08-30 18:00:00,1185.3999999999994
2021-08-30 19:00:00,1183.1999999999996
2021-08-31 13:00:00,1179.4999999999993
2021-08-31 14:00:00,1183.2999999999995
2021-08-31 15:00:00,1183.9999999999993
2021-08-31 17:00:00,1182.7999999999995
2021-08-31 18:00:00,1178.7999999999995
2021-08-31 19:00:00,1180.2999999999995
2021-09-01 13:00:00,1172.4999999999993
2021-09-01 14:00:00,1176.9999999999993
2021-09-01 15:00:00,1176.0999999999997
2021-09-01 16:00:00,1178.3999999999994
2021-09-01 17:00:00,1176.5999999999997
2021-09-01 18:00:00,1175.5999999999997
2021-09-01 19:00:00,1176.0999999999997
2021-09-02 13:00:00,1181.0999999999997
2021-09-02 14:00:00,1184.8999999999994
2021-09-02 15:00:00,1186.0999999999997
2021-09-02 16:00:00,1186.4999999999993
2021-09-02 17:00:00,1183.8999999999994
2021-09-02 18:00:00,1183.8999999999994
2021-09-02 19:00:00,1187.3999999999994
2021-09-03 13:00:00,1182.5999999999997
2021-09-03 14:00:00,1182.0999999999997
2021-09-03 15:00:00,1180.6999999999996
2021-09-03 16:00:00,1180.3999999999994
2021-09-03 17:00:00,1185.9999999999993
2021-09-03 18:00:00,1185.0999999999997
2021-09-03 19:00:00,1180.8999999999994
2021-09-07 13:00:00,1170.0999999999997
2021-09-07 14:00:00,1164.7999999999995
2021-09-07 15:00:00,1163.0999999999997
2021-09-07 16:00:00,1165.5999999999997
2021-09-07 17:00:00,1166.0999999999997
2021-09-07 18:00:00,1165.7999999999995
2021-09-07 19:00:00,1161.7999999999995
2021-09-08 13:00:00,1162.9999999999993
2021-09-08 14:00:00,1158.4999999999993
2021-09-08 15:00:00,1159.7999999999995
2021-09-08 16:00:00,1163.8999999999994
2021-09-08 17:00:00,1162.1999999999996
2021-09-08 18:00:00,1163.7999999999995
2021-09-08 19:00:00,1163.6999999999996
2021-09-09 13:00:00,1165.4999999999993
2021-09-09 14:00:00,1168.3999999999994
2021-09-09 15:00:00,1165.2999999999995
2021-09-09 16:00:00,1163.9999999999993
2021-09-09 17:00:00,1158.2999999999995
2021-09-09 18:00:00,1159.0999999999997
2021-09-09 19:00:00,1160.1999999999996
2021-09-10 13:00:00,1159.9999999999993
2021-09-10 14:00:00,1152.5999999999997
2021-09-10 17:00:00,1158.8999999999994
2021-09-10 19:00:00,1150.5999999999997
2021-09-13 13:00:00,1154.5999999999997
2021-09-13 14:00:00,1158.9999999999993
2021-09-13 15:00:00,1152.9999999999995
2021-09-13 16:00:00,1148.1999999999996
2021-09-13 17:00:00,1145.8999999999996
2021-09-13 18:00:00,1147.9999999999995
2021-09-13 19:00:00,1152.9999999999995
2021-09-14 13:00:00,1147.4999999999995
2021-09-14 14:00:00,1142.5999999999995
2021-09-14 15:00:00,1143.7999999999997
2021-09-14 16:00:00,1141.8999999999996
2021-09-14 17:00:00,1143.2999999999997
2021-09-14 18:00:00,1139.3999999999996
2021-09-14 19:00:00,1139.5999999999995
2021-09-15 13:00:00,1147.2999999999995
2021-09-15 14:00:00,1144.7999999999997
2021-09-15 15:00:00,1147.8999999999996
2021-09-15 16:00:00,1150.1999999999996
2021-09-15 17:00:00,1153.5999999999997
2021-09-15 18:00:00,1150.5999999999997
2021-09-15 19:00:00,1151.0999999999997
2021-09-16 13:00:00,1149.5999999999997
2021-09-16 14:00:00,1144.3999999999996
2021-09-16 15:00:00,1144.8999999999996
2021-09-16 16:00:00,1145.8999999999996
2021-09-16 17:00:00,1145.7999999999997
2021-09-16 18:00:00,1145.0999999999995
2021-09-16 19:00:00,1144.9999999999995
2021-09-17 13:00:00,1136.8999999999996
2021-09-17 14:00:00,1134.4999999999995
2021-09-17 15:00:00,1136.0999999999995
2021-09-17 16:00:00,1137.1999999999996
2021-09-17 17:00:00,1133.6999999999996
2021-09-17 18:00:00,1134.8999999999996
2021-09-17 19:00:00,1133.5999999999995
2021-09-20 13:00:00,1123.4999999999995
2021-09-20 14:00:00,1120.1999999999996
2021-09-20 15:00:00,1119.6999999999996
2021-09-20 16:00:00,1113.9999999999995
2021-09-20 17:00:00,1115.5999999999997
2021-09-20 18:00:00,1112.2999999999995
2021-09-20 19:00:00,1121.7999999999995
2021-09-21 13:00:00,1123.5999999999997
2021-09-21 14:00:00,1112.5999999999997
2021-09-21 15:00:00,1116.0999999999997
2021-09-21 16:00:00,1119.0999999999997
2021-09-21 17:00:00,1114.8999999999996
2021-09-21 18:00:00,1117.3999999999996
2021-09-21 19:00:00,1115.6999999999996
2021-09-21 20:00:00,1115.4999999999995
2021-09-22 13:00:00,1126.1999999999996
2021-09-22 14:00:00,1124.7999999999995
2021-09-22 15:00:00,1126.9999999999995
2021-09-22 16:00:00,1127.4999999999995
2021-09-22 17:00:00,1126.3999999999996
2021-09-22 18:00:00,1124.9999999999995
2021-09-22 19:00:00,1123.7999999999995
2021-09-23 13:00:00,1136.3999999999996
2021-09-23 14:00:00,1141.5999999999995
2021-09-23 15:00:00,1141.4999999999995
2021-09-23 16:00:00,1143.1999999999996
2021-09-23 17:00:00,1144.5999999999995
2021-09-23 18:00:00,1141.9999999999995
2021-09-23 19:00:00,1139.6999999999996
2021-09-24 13:00:00,1140.5999999999995
2021-09-24 14:00:00,1142.2999999999997
2021-09-24 15:00:00,1143.0999999999995
2021-09-24 16:00:00,1142.7999999999997
2021-09-24 17:00:00,1141.5999999999995
2021-09-24 18:00:00,1142.4999999999995
2021-09-24 19:00:00,1141.4999999999995
2021-09-27 13:00:00,1149.6999999999996
2021-09-27 14:00:00,1148.2999999999995
2021-09-27 15:00:00,1147.7999999999995
2021-09-27 16:00:00,1146.6999999999996
2021-09-27 17:00:00,1146.4999999999995
2021-09-27 18:00:00,1146.7999999999995
2021-09-27 19:00:00,1143.1999999999996
2021-09-28 13:00:00,1136.0999999999995
2021-09-28 14:00:00,1135.7999999999997
2021-09-28 15:00:00,1132.2999999999997
2021-09-28 16:00:00,1130.5999999999995
2021-09-28 17:00:00,1131.1999999999996
2021-09-28 18:00:00,1133.5999999999995
2021-09-28 19:00:00,1131.2999999999997
2021-09-29 13:00:00,1133.4999999999995
2021-09-29 14:00:00,1134.8999999999996
2021-09-29 15:00:00,1136.1999999999996
2021-09-29 16:00:00,1134.6999999999996
2021-09-29 17:00:00,1133.1999999999996
2021-09-29 18:00:00,1135.7999999999997
2021-09-29 19:00:00,1131.7999999999997
2021-09-30 13:00:00,1132.2999999999997
2021-09-30 14:00:00,1127.7999999999995
2021-09-30 15:00:00,1122.1999999999996
2021-09-30 16:00:00,1118.6999999999996
2021-09-30 17:00:00,1116.0999999999997
2021-09-30 18:00:00,1120.4999999999995
2021-09-30 19:00:00,1110.8999999999996
2021-09-30 20:00:00,1105.9999999999995
2021-10-01 13:00:00,1115.0999999999997
2021-10-01 14:00:00,1108.7999999999995
2021-10-01 15:00:00,1118.2999999999995
2021-10-01 16:00:00,1119.3999999999996
2021-10-01 17:00:00,1125.7999999999995
2021-10-01 18:00:00,1125.9999999999995
2021-10-01 19:00:00,1124.3999999999996
2021-10-04 13:00:00,1127.0999999999997
2021-10-04 14:00:00,1115.6999999999996
2021-10-04 15:00:00,1119.0999999999997
2021-10-04 16:00:00,1118.8999999999996
2021-10-04 17:00:00,1118.4999999999995
2021-10-04 18:00:00,1119.2999999999995
2021-10-04 19:00:00,1119.6999999999996
2021-10-05 13:00:00,1122.3999999999996
2021-10-05 14:00:00,1133.5999999999995
2021-10-05 15:00:00,1132.3999999999996
2021-10-05 16:00:00,1130.3999999999996
2021-10-05 17:00:00,1133.2999999999997
2021-10-05 18:00:00,1135.1999999999996
2021-10-05 19:00:00,1130.3999999999996
2021-10-06 13:00:00,1121.3999999999996
2021-10-06 14:00:00,1117.5999999999997
2021-10-06 15:00:00,1122.7999999999995
2021-10-06 16:00:00,1120.8999999999996
2021-10-06 17:00:00,1126.9999999999995
2021-10-06 18:00:00,1131.5999999999995
2021-10-06 19:00:00,1135.0999999999995
2021-10-07 13:00:00,1147.0999999999997
2021-10-07 14:00:00,1147.5999999999997
2021-10-07 15:00:00,1147.2999999999995
2021-10-07 16:00:00,1147.2999999999995
2021-10-07 17:00:00,1146.0999999999995
2021-10-07 18:00:00,1143.6999999999996
2021-10-07 19:00:00,1142.6999999999996
2021-10-08 13:00:00,1142.0999999999995
2021-10-08 14:00:00,1142.7999999999997
2021-10-08 15:00:00,1142.2999999999997
2021-10-08 16:00:00,1141.0999999999995
2021-10-08 17:00:00,1139.8999999999996
2021-10-08 18:00:00,1143.9999999999995
2021-10-08 19:00:00,1142.4999999999995
2021-10-11 13:00:00,1142.9999999999995
2021-10-11 14:00:00,1146.3999999999996
2021-10-11 15:00:00,1146.6999999999996
2021-10-11 16:00:00,1142.3999999999996
2021-10-11 17:00:00,1139.1999999999996
2021-10-11 18:00:00,1139.9999999999995
2021-10-11 19:00:00,1134.7999999999997
2021-10-12 13:00:00,1136.1999999999996
2021-10-12 14:00:00,1135.6999999999996
2021-10-12 15:00:00,1135.1999999999996
2021-10-12 16:00:00,1134.4999999999995
2021-10-12 17:00:00,1134.6999999999996
2021-10-12 18:00:00,1134.3999999999996
2021-10-12 19:00:00,1131.3999999999996
2021-10-13 13:00:00,1127.4999999999995
2021-10-13 14:00:00,1126.4999999999995
2021-10-13 15:00:00,1129.8999999999996
2021-10-13 16:00:00,1130.9999999999995
2021-10-13 17:00:00,1135.3999999999996
2021-10-13 18:00:00,1134.8999999999996
2021-10-13 19:00:00,1133.0999999999995
2021-10-14 14:30:00,1142.8999999999996
2021-10-14 15:00:00,1146.7999999999995
2021-10-14 16:00:00,1148.0999999999997
2021-10-14 17:00:00,1149.2999999999995
2021-10-14 18:00:00,1151.5999999999997
2021-10-14 19:00:00,1151.5999999999997
2021-10-14 20:00:00,1152.3999999999996
2021-10-15 14:30:00,1162.4999999999993
2021-10-15 15:00:00,1166.1999999999996
2021-10-15 16:00:00,1163.3999999999994
2021-10-15 17:00:00,1162.7999999999995
2021-10-15 18:00:00,1161.8999999999994
2021-10-15 19:00:00,1164.6999999999996
2021-10-15 20:00:00,1162.2999999999995
2021-10-18 14:30:00,1157.9999999999993
2021-10-18 15:00:00,1159.1999999999996
2021-10-18 16:00:00,1162.9999999999993
2021-10-18 19:00:00,1161.8999999999994
2021-10-18 20:00:00,1162.5999999999997
2021-10-19 14:30:00,1163.5999999999997
2021-10-19 15:00:00,1165.5999999999997
2021-10-19 16:00:00,1167.3999999999994
2021-10-19 17:00:00,1168.0999999999997
2021-10-19 18:00:00,1168.5999999999997
2021-10-19 19:00:00,1167.2999999999995
2021-10-19 20:00:00,1168.9999999999993
2021-10-20 14:30:00,1169.4999999999993
2021-10-20 15:00:00,1172.6999999999996
2021-10-20 16:00:00,1174.5999999999997
2021-10-20 17:00:00,1175.9999999999993
2021-10-20 18:00:00,1174.4999999999993
2021-10-20 19:00:00,1174.6999999999996
2021-10-20 20:00:00,1174.6999999999996
2021-10-21 14:30:00,1172.3999999999994
2021-10-21 15:00:00,1173.8999999999994
2021-10-21 16:00:00,1173.1999999999996
2021-10-21 18:00:00,1173.5999999999997
2021-10-21 19:00:00,1174.8999999999994
2021-10-21 20:00:00,1176.2999999999995
2021-10-22 14:30:00,1183.7999999999995
2021-10-22 15:00:00,1183.2999999999995
2021-10-22 16:00:00,1179.6999999999996
2021-10-22 17:00:00,1181.1999999999996
2021-10-22 18:00:00,1183.3999999999994
2021-10-22 19:00:00,1182.1999999999996
2021-10-22 20:00:00,1181.8999999999994
2021-10-25 14:30:00,1180.0999999999997
2021-10-25 15:00:00,1184.3999999999994
2021-10-25 16:00:00,1186.3999999999994
2021-10-25 17:00:00,1186.8999999999994
2021-10-25 18:00:00,1185.0999999999997
2021-10-25 19:00:00,1183.9999999999993
2021-10-25 20:00:00,1183.6999999999996
2021-10-26 14:30:00,1184.0999999999997
2021-10-26 15:00:00,1182.9999999999993
2021-10-26 16:00:00,1182.6999999999996
2021-10-26 17:00:00,1179.7999999999995
2021-10-26 18:00:00,1181.3999999999994
2021-10-26 19:00:00,1181.4999999999993
2021-10-26 20:00:00,1177.7999999999995
2021-10-27 14:30:00,1175.6999999999996
2021-10-27 15:00:00,1171.8999999999994
2021-10-27 16:00:00,1172.5999999999997
2021-10-27 17:00:00,1171.9999999999993
2021-10-27 18:00:00,1172.9999999999993
2021-10-27 19:00:00,1170.9999999999993
2021-10-27 20:00:00,1164.5999999999997
2021-10-28 14:30:00,1171.8999999999994
2021-10-28 15:00:00,1172.7999999999995
2021-10-28 16:00:00,1173.3999999999994
2021-10-28 17:00:00,1173.3999999999994
2021-10-28 18:00:00,1173.8999999999994
2021-10-28 19:00:00,1176.1999999999996
2021-10-28 20:00:00,1177.7999999999995
2021-10-29 14:30:00,1179.8999999999994
2021-10-29 15:00:00,1176.9999999999993
2021-10-29 16:00:00,1180.1999999999996
2021-10-29 17:00:00,1182.0999999999997
2021-10-29 18:00:00,1180.1999999999996
2021-10-29 19:00:00,1176.7999999999995
2021-10-29 20:00:00,1178.4999999999993
2021-10-29 21:00:00,1181.6999999999996
2021-11-01 13:30:00,1178.3999999999994
2021-11-01 14:00:00,1176.7999999999995
2021-11-01 15:00:00,1179.9999999999993
2021-11-01 16:00:00,1182.6999999999996
2021-11-01 17:00:00,1181.0999999999997
2021-11-01 18:00:00,1181.4999999999993
2021-11-01 19:00:00,1181.4999999999993
2021-11-02 13:30:00,1183.5999999999997
2021-11-02 14:00:00,1181.2999999999995
2021-11-02 15:00:00,1180.9999999999993
2021-11-02 16:00:00,1184.5999999999997
2021-11-02 17:00:00,1183.6999999999996
2021-11-02 18:00:00,1185.0999999999997
2021-11-02 19:00:00,1184.4999999999993
2021-11-03 13:30:00,1177.0999999999997
2021-11-03 14:00:00,1177.2999999999995
2021-11-03 15:00:00,1174.8999999999994
2021-11-03 16:00:00,1175.4999999999993
2021-11-03 17:00:00,1175.0999999999997
2021-11-03 18:00:00,1181.6999999999996
2021-11-03 19:00:00,1182.5999999999997
2021-11-04 13:30:00,1188.6999999999996
2021-11-04 14:00:00,1186.7999999999995
2021-11-04 15:00:00,1188.4999999999993
2021-11-04 16:00:00,1188.3999999999994
2021-11-04 17:00:00,1188.1999999999996
2021-11-04 18:00:00,1184.7999999999995
2021-11-04 19:00:00,1187.1999999999996
2021-11-05 13:30:00,1202.5999999999997
2021-11-05 14:00:00,1197.6999999999996
2021-11-05 15:00:00,1196.4999999999993
2021-11-05 16:00:00,1198.2999999999995
2021-11-05 17:00:00,1195.9999999999993
2021-11-05 18:00:00,1197.9999999999993
2021-11-05 19:00:00,1197.9999999999993
2021-11-08 14:30:00,1201.5999999999997
2021-11-08 15:00:00,1201.6999999999996
2021-11-08 16:00:00,1201.9999999999993
2021-11-08 17:00:00,1198.6999999999996
2021-11-08 19:00:00,1201.6999999999996
2021-11-08 20:00:00,1201.9999999999993
2021-11-09 14:30:00,1202.4999999999993
2021-11-09 15:00:00,1203.1999999999996
2021-11-09 16:00:00,1198.7999999999995
2021-11-09 17:00:00,1202.6999999999996
2021-11-09 18:00:00,1201.6999999999996
2021-11-09 19:00:00,1202.8999999999994
2021-11-09 20:00:00,1204.6999999999996
2021-11-10 14:30:00,1204.7999999999995
2021-11-10 15:00:00,1202.8999999999994
2021-11-10 16:00:00,1205.4999999999993
2021-11-10 17:00:00,1201.8999999999994
2021-11-10 18:00:00,1199.6999999999996
2021-11-10 19:00:00,1197.5999999999997
2021-11-10 20:00:00,1198.6999999999996
2021-11-11 14:30:00,1198.9999999999993
2021-11-11 15:00:00,1197.7999999999995
2021-11-11 16:00:00,1195.9999999999993
2021-11-11 17:00:00,1195.4999999999993
2021-11-11 18:00:00,1194.1999999999996
2021-11-11 19:00:00,1194.0999999999997
2021-11-11 20:00:00,1194.0999999999997
2021-11-12 14:30:00,1197.1999999999996
2021-11-12 15:00:00,1199.0999999999997
2021-11-12 16:00:00,1203.3999999999994
2021-11-12 17:00:00,1202.8999999999994
2021-11-12 18:00:00,1200.2999999999995
2021-11-12 19:00:00,1199.9999999999993
2021-11-12 20:00:00,1202.0999999999997
2021-11-12 23:00:00,1202.0999999999997
2021-11-15 14:30:00,1206.4999999999993
2021-11-15 15:00:00,1206.3999999999994
2021-11-15 16:00:00,1203.6999999999996
2021-11-15 17:00:00,1203.5999999999997
2021-11-15 18:00:00,1203.1999999999996
2021-11-15 19:00:00,1204.7999999999995
2021-11-15 20:00:00,1202.9999999999993
2021-11-16 14:30:00,1206.8999999999994
2021-11-16 15:00:00,1207.0999999999997
2021-11-16 16:00:00,1209.2999999999995
2021-11-16 17:00:00,1209.3999999999994
2021-11-16 18:00:00,1209.3999999999994
2021-11-16 19:00:00,1208.1999999999996
2021-11-16 20:00:00,1203.9999999999993
2021-11-17 14:30:00,1197.6999999999996
2021-11-17 15:00:00,1198.1999999999996
2021-11-17 16:00:00,1196.1999999999996
2021-11-17 17:00:00,1194.7999999999995
2021-11-17 18:00:00,1196.7999999999995
2021-11-17 19:00:00,1197.9999999999993
2021-11-17 20:00:00,1198.3999999999994
2021-11-18 14:30:00,1197.3999999999994
2021-11-18 15:00:00,1194.1999999999996
2021-11-18 16:00:00,1194.8999999999994
2021-11-18 17:00:00,1194.8999999999994
2021-11-18 18:00:00,1197.0999999999997
2021-11-18 19:00:00,1197.1999999999996
2021-11-18 20:00:00,1196.0999999999997
2021-11-19 14:30:00,1192.8999999999994
2021-11-19 15:00:00,1192.5999999999997
2021-11-19 16:00:00,1193.6999999999996
2021-11-19 17:00:00,1195.2999999999995
2021-11-19 18:00:00,1192.6999999999996
2021-11-19 19:00:00,1192.4999999999993
2021-11-19 20:00:00,1190.8999999999994
2021-11-22 14:30:00,1198.6999999999996
2021-11-22 15:00:00,1198.4999999999993
2021-11-22 16:00:00,1200.1999999999996
2021-11-22 17:00:00,1199.3999999999994
2021-11-22 18:00:00,1200.3999999999994
2021-11-22 19:00:00,1201.0999999999997
2021-11-22 20:00:00,1193.7999999999995
2021-11-23 14:30:00,1199.0999999999997
2021-11-23 15:00:00,1194.4999999999993
2021-11-23 16:00:00,1193.5999999999997
2021-11-23 17:00:00,1192.5999999999997
2021-11-23 18:00:00,1192.8999999999994
2021-11-23 19:00:00,1195.4999999999993
2021-11-23 20:00:00,1195.9999999999993
2021-11-24 14:30:00,1192.0999999999997
2021-11-24 15:00:00,1194.3999999999994
2021-11-24 16:00:00,1195.0999999999997
2021-11-24 17:00:00,1194.8999999999994
2021-11-24 18:00:00,1194.7999999999995
2021-11-24 19:00:00,1194.2999999999995
2021-11-24 20:00:00,1193.3999999999994
2021-11-24 23:00:00,1194.5999999999997
2021-11-26 14:30:00,1160.3999999999994
2021-11-26 15:00:00,1162.6999999999996
2021-11-26 16:00:00,1160.7999999999995
2021-11-26 17:00:00,1166.0999999999997
2021-11-29 14:30:00,1167.9999999999993
2021-11-29 15:00:00,1162.1999999999996
2021-11-29 16:00:00,1168.4999999999993
2021-11-29 17:00:00,1173.3999999999994
2021-11-29 18:00:00,1171.1999999999996
2021-11-29 19:00:00,1170.3999999999994
2021-11-29 20:00:00,1169.9999999999993
2021-11-29 23:00:00,1167.7999999999995
2021-11-30 14:30:00,1155.7999999999995
2021-11-30 15:00:00,1151.5999999999997
2021-11-30 16:00:00,1146.0999999999995
2021-11-30 17:00:00,1146.1999999999996
2021-11-30 18:00:00,1146.8999999999996
2021-11-30 19:00:00,1146.2999999999997
2021-11-30 20:00:00,1144.8999999999996
2021-12-01 14:30:00,1153.1999999999996
2021-12-01 15:00:00,1157.1999999999996
2021-12-01 16:00:00,1155.0999999999997
2021-12-01 17:00:00,1152.4999999999995
2021-12-01 18:00:00,1145.1999999999996
2021-12-01 19:00:00,1142.8999999999996
2021-12-01 20:00:00,1138.2999999999997
2021-12-02 14:30:00,1143.7999999999997
2021-12-02 15:00:00,1148.4999999999995
2021-12-02 16:00:00,1153.7999999999995
2021-12-02 17:00:00,1155.5999999999997
2021-12-02 18:00:00,1157.4999999999993
2021-12-02 19:00:00,1157.6999999999996
2021-12-02 20:00:00,1155.8999999999999
2021-12-03 14:30:00,1152.8999999999996
2021-12-03 15:00:00,1149.4999999999995
2021-12-03 16:00:00,1150.7999999999995
2021-12-03 17:00:00,1151.3999999999996
2021-12-03 18:00:00,1150.4999999999995
2021-12-03 19:00:00,1145.3999999999996
2021-12-03 20:00:00,1150.8999999999996
2021-12-06 14:30:00,1166.6999999999996
2021-12-06 15:00:00,1174.7999999999995
2021-12-06 16:00:00,1172.4999999999993
2021-12-06 17:00:00,1175.7999999999995
2021-12-06 18:00:00,1177.2999999999995
2021-12-06 19:00:00,1173.4999999999993
2021-12-06 20:00:00,1172.3999999999994
2021-12-07 14:30:00,1185.4999999999993
2021-12-07 15:00:00,1187.7999999999995
2021-12-07 16:00:00,1187.4999999999993
2021-12-07 17:00:00,1186.5999999999997
2021-12-07 18:00:00,1188.2999999999995
2021-12-07 19:00:00,1185.9999999999993
2021-12-07 20:00:00,1182.8999999999994
2021-12-08 14:30:00,1185.9999999999993
2021-12-08 15:00:00,1180.6999999999996
2021-12-08 16:00:00,1181.1999999999996
2021-12-08 17:00:00,1184.3999999999994
2021-12-08 18:00:00,1184.2999999999995
2021-12-08 19:00:00,1184.2999999999995
2021-12-08 20:00:00,1185.2999999999995
2021-12-09 14:30:00,1180.7999999999995
2021-12-09 15:00:00,1179.0999999999997
2021-12-09 16:00:00,1181.6999999999996
2021-12-09 17:00:00,1182.1999999999996
2021-12-09 18:00:00,1185.7999999999995
2021-12-09 19:00:00,1184.5999999999997
2021-12-09 20:00:00,1183.8999999999994
2021-12-10 14:30:00,1185.3999999999994
2021-12-10 15:00:00,1184.0999999999997
2021-12-10 16:00:00,1185.3999999999994
2021-12-10 17:00:00,1184.1999999999996
2021-12-10 18:00:00,1184.9999999999993
2021-12-10 19:00:00,1183.3999999999994
2021-12-10 20:00:00,1184.7999999999995
2021-12-10 20:00:01,1184.7999999999995
2021-12-10 20:00:02,1184.7999999999995
2021-12-13 14:30:00,1176.9999999999998
2021-12-13 15:00:00,1178.2999999999995
2021-12-13 16:00:00,1177.7999999999995
2021-12-13 17:00:00,1177.5999999999997
2021-12-13 18:00:00,1175.9999999999998
2021-12-13 19:00:00,1175.5999999999997
2021-12-13 20:00:00,1175.7999999999995
2021-12-14 14:30:00,1176.5999999999997
2021-12-14 15:00:00,1168.7999999999995
2021-12-14 16:00:00,1166.9999999999998
2021-12-14 17:00:00,1162.1999999999996
2021-12-14 18:00:00,1162.3999999999994
2021-12-14 19:00:00,1164.4999999999998
2021-12-14 20:00:00,1166.3999999999994
2021-12-14 21:00:00,1165.0999999999997
2021-12-15 14:30:00,1162.1999999999996
2021-12-15 15:00:00,1162.1999999999996
2021-12-15 16:00:00,1163.3999999999994
2021-12-15 17:00:00,1166.1999999999996
2021-12-15 18:00:00,1165.4999999999998
2021-12-15 19:00:00,1166.2999999999995
2021-12-15 20:00:00,1174.8999999999994
2021-12-15 21:00:00,1174.2999999999995
2021-12-16 14:30:00,1183.6999999999996
2021-12-16 15:00:00,1184.8999999999994
2021-12-16 16:00:00,1184.3999999999994
2021-12-16 17:00:00,1179.2999999999995
2021-12-16 18:00:00,1179.6999999999996
2021-12-16 19:00:00,1173.4999999999998
2021-12-16 20:00:00,1177.4999999999998
2021-12-16 21:00:00,1175.7999999999995
2021-12-17 14:30:00,1165.0999999999997
2021-12-17 15:00:00,1172.0999999999997
2021-12-17 16:00:00,1163.5999999999997
2021-12-17 17:00:00,1165.7999999999995
2021-12-17 18:00:00,1167.9999999999998
2021-12-17 19:00:00,1164.3999999999994
2021-12-17 20:00:00,1163.2999999999995
2021-12-17 21:00:00,1157.7999999999995
2021-12-20 14:30:00,1140.4999999999998
2021-12-20 15:00:00,1132.6999999999998
2021-12-20 16:00:00,1136.0999999999997
2021-12-20 17:00:00,1133.9999999999998
2021-12-20 18:00:00,1136.6999999999998
2021-12-20 19:00:00,1135.1999999999998
2021-12-20 20:00:00,1137.9999999999998
2021-12-20 21:00:00,1139.7999999999997
2021-12-21 14:30:00,1151.9999999999998
2021-12-21 15:00:00,1153.5999999999997
2021-12-21 16:00:00,1159.3999999999994
2021-12-21 17:00:00,1162.0999999999997
2021-12-21 18:00:00,1160.5999999999997
2021-12-21 19:00:00,1157.7999999999995
2021-12-21 20:00:00,1158.5999999999997
2021-12-21 21:00:00,1159.8999999999994
2021-12-22 14:30:00,1159.3999999999994
2021-12-22 15:00:00,1164.2999999999995
2021-12-22 16:00:00,1162.3999999999994
2021-12-22 17:00:00,1161.5999999999997
2021-12-22 18:00:00,1162.8999999999994
2021-12-22 19:00:00,1160.4999999999998
2021-12-22 20:00:00,1162.0999999999997
2021-12-22 21:00:00,1163.4999999999998
2021-12-23 14:30:00,1175.9999999999998
2021-12-23 15:00:00,1175.3999999999994
2021-12-23 16:00:00,1176.2999999999995
2021-12-23 17:00:00,1176.0999999999997
2021-12-23 18:00:00,1177.8999999999994
2021-12-23 19:00:00,1177.8999999999994
2021-12-23 20:00:00,1177.0999999999997
2021-12-23 21:00:00,1175.7999999999995
2021-12-23 23:00:00,1175.3999999999994
2021-12-27 14:30:00,1176.1999999999996
2021-12-27 15:00:00,1180.0999999999997
2021-12-27 16:00:00,1182.0999999999997
2021-12-27 17:00:00,1182.5999999999997
2021-12-27 18:00:00,1183.8999999999994
2021-12-27 19:00:00,1183.8999999999994
2021-12-27 20:00:00,1187.0999999999997
2021-12-27 21:00:00,1186.9999999999998
2021-12-28 14:30:00,1191.6999999999996
2021-12-28 15:00:00,1193.7999999999995
2021-12-28 16:00:00,1194.2999999999995
2021-12-28 17:00:00,1192.3999999999994
2021-12-28 18:00:00,1193.0999999999997
2021-12-28 19:00:00,1192.0999999999997
2021-12-28 20:00:00,1192.3999999999994
2021-12-28 21:00:00,1192.0999999999997
2021-12-29 14:30:00,1192.8999999999994
2021-12-29 15:00:00,1194.3999999999994
2021-12-29 16:00:00,1193.5999999999997
2021-12-29 17:00:00,1193.5999999999997
2021-12-29 18:00:00,1194.5999999999997
2021-12-29 19:00:00,1193.6999999999996
2021-12-29 20:00:00,1194.8999999999994
2021-12-29 21:00:00,1193.8999999999994
2021-12-30 14:30:00,1197.5999999999997
2021-12-30 15:00:00,1193.7999999999995
2021-12-30 16:00:00,1193.1999999999996
2021-12-30 17:00:00,1193.1999999999996
2021-12-30 18:00:00,1194.3999999999994
2021-12-30 19:00:00,1194.5999999999997
2021-12-30 20:00:00,1192.4999999999998
2021-12-30 21:00:00,1189.2999999999995
2021-12-31 14:30:00,1189.1999999999996
2021-12-31 15:00:00,1190.2999999999995
2021-12-31 16:00:00,1190.2999999999995
2021-12-31 17:00:00,1190.6999999999996
2021-12-31 18:00:00,1194.0999999999997
2021-12-31 19:00:00,1194.6999999999996
2021-12-31 20:00:00,1198.3999999999994
2021-12-31 21:00:00,1194.5999999999997
2022-01-03 14:30:00,1193.3999999999994
2022-01-03 15:00:00,1184.9999999999998
2022-01-03 16:00:00,1182.9999999999998
2022-01-03 17:00:00,1183.7999999999995
2022-01-03 18:00:00,1182.9999999999998
2022-01-03 19:00:00,1185.6999999999996
2022-01-03 20:00:00,1184.0999999999997
2022-01-03 21:00:00,1184.6999999999996
2022-01-04 14:30:00,1198.9999999999998
2022-01-04 15:00:00,1206.2999999999995
2022-01-04 16:00:00,1206.8999999999994
2022-01-04 17:00:00,1206.4999999999998
2022-01-04 18:00:00,1204.2999999999995
2022-01-04 19:00:00,1206.5999999999997
2022-01-04 20:00:00,1206.5999999999997
2022-01-04 21:00:00,1206.8999999999994
2022-01-05 14:30:00,1210.9999999999998
2022-01-05 15:00:00,1213.4999999999998
2022-01-05 16:00:00,1211.8999999999994
2022-01-05 17:00:00,1212.8999999999994
2022-01-05 18:00:00,1213.0999999999997
2022-01-05 19:00:00,1207.2999999999995
2022-01-05 20:00:00,1197.2999999999995
2022-01-05 21:00:00,1197.2999999999995
2022-01-06 14:30:00,1199.0999999999997
2022-01-06 15:00:00,1199.5999999999997
2022-01-06 16:00:00,1201.3999999999994
2022-01-06 17:00:00,1203.4999999999998
2022-01-06 18:00:00,1202.2999999999995
2022-01-06 19:00:00,1204.9999999999998
2022-01-06 20:00:00,1201.3999999999994
2022-01-06 21:00:00,1201.3999999999994
2022-01-07 14:30:00,1204.1999999999996
2022-01-07 15:00:00,1202.8999999999994
2022-01-07 16:00:00,1208.4999999999998
2022-01-07 17:00:00,1205.7999999999995
2022-01-07 18:00:00,1205.7999999999995
2022-01-07 19:00:00,1206.5999999999997
2022-01-07 20:00:00,1201.4999999999998
2022-01-07 21:00:00,1201.4999999999998
2022-01-10 14:30:00,1187.7999999999995
2022-01-10 15:00:00,1185.2999999999995
2022-01-10 16:00:00,1182.8999999999994
2022-01-10 17:00:00,1184.9999999999998
2022-01-10 18:00:00,1186.7999999999995
2022-01-10 19:00:00,1188.0999999999997
2022-01-10 20:00:00,1188.3999999999994
2022-01-10 21:00:00,1188.3999999999994
2022-01-11 14:30:00,1181.1999999999996
2022-01-11 15:00:00,1182.9999999999998
2022-01-11 16:00:00,1186.2999999999995
2022-01-11 17:00:00,1189.8999999999994
2022-01-11 18:00:00,1193.5999999999997
2022-01-11 19:00:00,1193.5999999999997
2022-01-11 20:00:00,1195.1999999999996
2022-01-11 21:00:00,1195.1999999999996
2022-01-12 14:30:00,1203.6999999999996
2022-01-12 15:00:00,1200.0999999999997
2022-01-12 16:00:00,1199.5999999999997
2022-01-12 17:00:00,1198.9999999999998
2022-01-12 18:00:00,1196.4999999999998
2022-01-12 19:00:00,1196.0999999999997
2022-01-12 20:00:00,1198.2999999999995
2022-01-12 21:00:00,1198.2999999999995
2022-01-13 14:30:00,1204.8999999999994
2022-01-13 15:00:00,1205.9999999999998
2022-01-13 16:00:00,1209.8999999999994
2022-01-13 17:00:00,1203.6999999999996
2022-01-13 18:00:00,1203.9999999999998
2022-01-13 19:00:00,1205.9999999999998
2022-01-13 20:00:00,1201.0999999999997
2022-01-13 21:00:00,1201.0999999999997
2022-01-14 14:30:00,1193.3999999999994
2022-01-14 15:00:00,1186.8999999999994
2022-01-14 16:00:00,1187.2999999999995
2022-01-14 17:00:00,1186.9999999999998
2022-01-14 18:00:00,1186.9999999999998
2022-01-14 19:00:00,1187.2999999999995
2022-01-14 20:00:00,1194.6999999999996
2022-01-14 21:00:00,1194.6999999999996
2022-01-14 23:00:00,1194.6999999999996
2022-01-18 14:30:00,1179.3999999999994
2022-01-18 15:00:00,1179.8999999999994
2022-01-18 16:00:00,1181.6999999999996
2022-01-18 17:00:00,1180.2999999999995
2022-01-18 18:00:00,1181.2999999999995
2022-01-18 19:00:00,1181.7999999999995
2022-01-18 20:00:00,1181.7999999999995
2022-01-18 21:00:00,1181.7999999999995
2022-01-19 14:30:00,1181.8999999999994
2022-01-19 15:00:00,1178.2999999999995
2022-01-19 16:00:00,1183.5999999999997
2022-01-19 17:00:00,1183.8999999999994
2022-01-19 18:00:00,1178.4999999999998
2022-01-19 19:00:00,1178.4999999999998
2022-01-19 20:00:00,1170.1999999999996
2022-01-19 21:00:00,1170.1999999999996
2022-01-20 14:30:00,1175.2999999999995
2022-01-20 15:00:00,1181.2999999999995
2022-01-20 16:00:00,1179.3999999999994
2022-01-20 17:00:00,1179.0999999999997
2022-01-20 18:00:00,1176.6999999999996
2022-01-20 19:00:00,1174.7999999999995
2022-01-20 20:00:00,1156.7999999999995
2022-01-20 21:00:00,1156.7999999999995
2022-01-21 14:30:00,1151.6999999999996
2022-01-21 15:00:00,1160.2999999999995
2022-01-21 16:00:00,1157.7999999999995
2022-01-21 17:00:00,1154.4999999999998
2022-01-21 18:00:00,1152.9999999999998
2022-01-21 19:00:00,1152.7999999999997
2022-01-21 20:00:00,1148.0999999999997
2022-01-21 21:00:00,1148.0999999999997
2022-01-24 14:30:00,1129.4999999999998
2022-01-24 15:00:00,1127.9999999999998
2022-01-24 16:00:00,1124.3999999999999
2022-01-24 17:00:00,1123.3999999999999
2022-01-24 18:00:00,1134.8999999999996
2022-01-24 19:00:00,1129.2999999999997
2022-01-24 20:00:00,1152.1999999999996
2022-01-24 21:00:00,1152.1999999999996
2022-01-25 14:30:00,1124.3999999999999
2022-01-25 15:00:00,1127.4999999999998
2022-01-25 16:00:00,1126.2999999999997
2022-01-25 17:00:00,1129.5999999999997
2022-01-25 18:00:00,1141.2999999999997
2022-01-25 19:00:00,1147.1999999999996
2022-01-25 20:00:00,1142.7999999999997
2022-01-25 21:00:00,1142.7999999999997
2022-01-26 14:30:00,1157.1999999999996
2022-01-26 15:00:00,1147.8999999999999
2022-01-26 16:00:00,1152.5999999999997
2022-01-26 17:00:00,1151.3999999999999
2022-01-26 18:00:00,1148.8999999999999
2022-01-26 19:00:00,1143.7999999999997
2022-01-26 20:00:00,1133.6999999999998
2022-01-26 21:00:00,1133.6999999999998
2022-01-27 14:30:00,1147.8999999999999
2022-01-27 15:00:00,1144.1999999999998
2022-01-27 16:00:00,1141.9999999999998
2022-01-27 17:00:00,1128.4999999999998
2022-01-27 18:00:00,1122.7999999999997
2022-01-27 19:00:00,1122.7999999999997
2022-01-27 20:00:00,1124.8999999999999
2022-01-27 21:00:00,1125.7999999999997
2022-01-28 14:30:00,1109.9999999999998
2022-01-28 15:00:00,1111.3999999999999
2022-01-28 16:00:00,1117.9999999999998
2022-01-28 17:00:00,1116.6999999999996
2022-01-28 18:00:00,1121.9999999999998
2022-01-28 19:00:00,1120.8999999999999
2022-01-28 20:00:00,1132.3999999999996
2022-01-28 21:00:00,1132.3999999999996
2022-01-31 14:30:00,1125.0999999999997
2022-01-31 15:00:00,1132.1999999999998
2022-01-31 16:00:00,1132.1999999999998
2022-01-31 17:00:00,1134.2999999999997
2022-01-31 18:00:00,1137.6999999999998
2022-01-31 19:00:00,1139.9999999999998
2022-01-31 20:00:00,1143.1999999999998
2022-01-31 21:00:00,1143.1999999999998
2022-02-01 14:30:00,1152.9999999999998
2022-02-01 15:00:00,1148.1999999999996
2022-02-01 16:00:00,1150.5999999999997
2022-02-01 17:00:00,1151.9999999999998
2022-02-01 18:00:00,1153.0999999999997
2022-02-01 19:00:00,1153.3999999999999
2022-02-01 20:00:00,1156.9999999999998
2022-02-01 21:00:00,1156.9999999999998
2022-02-02 14:30:00,1154.8999999999999
2022-02-02 15:00:00,1155.8
2022-02-02 16:00:00,1156.9999999999998
2022-02-02 17:00:00,1161.6999999999996
2022-02-02 18:00:00,1162.1999999999996
2022-02-02 19:00:00,1162.2999999999995
2022-02-02 20:00:00,1163.4999999999998
2022-02-02 21:00:00,1164.6999999999996
2022-02-03 14:30:00,1153.1999999999996
2022-02-03 15:00:00,1159.7999999999995
2022-02-03 16:00:00,1156.9999999999998
2022-02-03 17:00:00,1155.7
2022-02-03 18:00:00,1155.5999999999997
2022-02-03 19:00:00,1151.9999999999998
2022-02-03 20:00:00,1147.1999999999996
2022-02-03 21:00:00,1149.9999999999998
2022-02-04 14:30:00,1140.5999999999997
2022-02-04 15:00:00,1129.3999999999996
2022-02-04 16:00:00,1134.2999999999997
2022-02-04 17:00:00,1135.9999999999998
2022-02-04 18:00:00,1138.6999999999998
2022-02-04 19:00:00,1139.8999999999996
2022-02-04 20:00:00,1136.4999999999998
2022-02-04 21:00:00,1136.4999999999998
2022-02-07 14:30:00,1135.4999999999998
2022-02-07 15:00:00,1139.3999999999996
2022-02-07 16:00:00,1136.2999999999997
2022-02-07 17:00:00,1136.9999999999998
2022-02-07 18:00:00,1141.5999999999997
2022-02-07 19:00:00,1141.7999999999997
2022-02-07 20:00:00,1136.4999999999998
2022-02-07 21:00:00,1136.4999999999998
2022-02-08 14:30:00,1140.1999999999998
2022-02-08 15:00:00,1143.8999999999996
2022-02-08 16:00:00,1147.6999999999996
2022-02-08 17:00:00,1147.5999999999997
2022-02-08 18:00:00,1145.9999999999998
2022-02-08 19:00:00,1144.9999999999998
2022-02-08 20:00:00,1146.5999999999997
2022-02-08 21:00:00,1146.5999999999997
2022-02-09 14:30:00,1160.5999999999997
2022-02-09 15:00:00,1161.4999999999998
2022-02-09 16:00:00,1160.3999999999994
2022-02-09 17:00:00,1158.6999999999996
2022-02-09 18:00:00,1158.9999999999998
2022-02-09 19:00:00,1160.6999999999996
2022-02-09 20:00:00,1161.2999999999995
2022-02-09 21:00:00,1161.2999999999995
2022-02-10 14:30:00,1155.7
2022-02-10 15:00:00,1158.6999999999996
2022-02-10 16:00:00,1161.2999999999995
2022-02-10 17:00:00,1155.3
2022-02-10 18:00:00,1148.7999999999997
2022-02-10 19:00:00,1145.8999999999996
2022-02-10 20:00:00,1143.5999999999997
2022-02-10 21:00:00,1143.5999999999997
2022-02-11 14:30:00,1143.9999999999998
2022-02-11 15:00:00,1144.5999999999997
2022-02-11 16:00:00,1143.2999999999997
2022-02-11 17:00:00,1142.1999999999998
2022-02-11 18:00:00,1127.9999999999998
2022-02-11 19:00:00,1129.3999999999996
2022-02-11 20:00:00,1128.3999999999996
2022-02-11 21:00:00,1128.3999999999996
2022-02-14 14:30:00,1128.8999999999996
2022-02-14 15:00:00,1121.5999999999997
2022-02-14 16:00:00,1126.5999999999997
2022-02-14 17:00:00,1123.3999999999999
2022-02-14 18:00:00,1119.5999999999997
2022-02-14 19:00:00,1119.7999999999997
2022-02-14 20:00:00,1124.2999999999997
2022-02-14 21:00:00,1124.2999999999997
2022-02-15 14:30:00,1138.4999999999998
2022-02-15 15:00:00,1140.8999999999996
2022-02-15 16:00:00,1141.7999999999997
2022-02-15 17:00:00,1139.0999999999997
2022-02-15 18:00:00,1143.0999999999997
2022-02-15 19:00:00,1143.0999999999997
2022-02-15 20:00:00,1140.1999999999998
2022-02-15 21:00:00,1140.1999999999998
2022-02-16 14:30:00,1136.9999999999998
2022-02-16 15:00:00,1136.6999999999998
2022-02-16 16:00:00,1138.0999999999997
2022-02-16 17:00:00,1135.9999999999998
2022-02-16 18:00:00,1137.7999999999997
2022-02-16 19:00:00,1144.8999999999996
2022-02-16 20:00:00,1144.9999999999998
2022-02-16 21:00:00,1144.9999999999998
2022-02-17 14:30:00,1130.8999999999996
2022-02-17 15:00:00,1132.8999999999996
2022-02-17 16:00:00,1135.8999999999996
2022-02-17 17:00:00,1136.6999999999998
2022-02-17 18:00:00,1135.6999999999998
2022-02-17 19:00:00,1131.2999999999997
2022-02-17 20:00:00,1126.8999999999999
2022-02-17 21:00:00,1126.8999999999999
2022-02-18 14:30:00,1131.2999999999997
2022-02-18 15:00:00,1123.7999999999997
2022-02-18 16:00:00,1116.0999999999997
2022-02-18 17:00:00,1116.5999999999997
2022-02-18 18:00:00,1119.7999999999997
2022-02-18 19:00:00,1124.4999999999998
2022-02-18 20:00:00,1117.6999999999996
2022-02-18 21:00:00,1117.6999999999996
2022-02-18 23:00:00,1117.8999999999999
2022-02-22 14:30:00,1120.8999999999999
2022-02-22 15:00:00,1115.0999999999997
2022-02-22 16:00:00,1116.9999999999998
2022-02-22 17:00:00,1112.4999999999998
2022-02-22 18:00:00,1105.1999999999996
2022-02-22 19:00:00,1107.1999999999996
2022-02-22 20:00:00,1109.1999999999996
2022-02-22 21:00:00,1109.1999999999996
2022-02-23 14:30:00,1109.5999999999997
2022-02-23 15:00:00,1103.8999999999999
2022-02-23 16:00:00,1102.7999999999997
2022-02-23 17:00:00,1103.5999999999997
2022-02-23 18:00:00,1099.4999999999998
2022-02-23 19:00:00,1094.7999999999997
2022-02-23 20:00:00,1091.2999999999997
2022-02-23 21:00:00,1088.0999999999997
2022-02-24 14:30:00,1078.4999999999998
2022-02-24 15:00:00,1080.4999999999998
2022-02-24 16:00:00,1083.4999999999998
2022-02-24 17:00:00,1079.2999999999997
2022-02-24 18:00:00,1082.2999999999997
2022-02-24 19:00:00,1093.0999999999997
2022-02-24 20:00:00,1102.2999999999997
2022-02-24 21:00:00,1102.2999999999997
2022-02-25 14:30:00,1106.4999999999998
2022-02-25 15:00:00,1116.2999999999997
2022-02-25 16:00:00,1125.5999999999997
2022-02-25 17:00:00,1125.2999999999997
2022-02-25 18:00:00,1126.8999999999999
2022-02-25 19:00:00,1123.9999999999998
2022-02-25 20:00:00,1126.1999999999996
2022-02-25 21:00:00,1126.1999999999996
2022-02-28 14:30:00,1126.2999999999997
2022-02-28 15:00:00,1129.9999999999998
2022-02-28 16:00:00,1134.0999999999997
2022-02-28 17:00:00,1127.0999999999997
2022-02-28 18:00:00,1129.5999999999997
2022-02-28 19:00:00,1122.1999999999996
2022-02-28 20:00:00,1133.4999999999998
2022-02-28 21:00:00,1133.4999999999998
2022-02-28 23:00:00,1133.6999999999998
2022-03-01 14:30:00,1127.6999999999996
2022-03-01 15:00:00,1122.1999999999996
2022-03-01 16:00:00,1115.8999999999999
2022-03-01 17:00:00,1117.7999999999997
2022-03-01 18:00:00,1113.8999999999999
2022-03-01 19:00:00,1120.7999999999997
2022-03-01 20:00:00,1118.0999999999997
2022-03-01 21:00:00,1118.0999999999997
2022-03-02 14:30:00,1125.1999999999996
2022-03-02 15:00:00,1126.2999999999997
2022-03-02 16:00:00,1140.1999999999998
2022-03-02 17:00:00,1139.9999999999998
2022-03-02 18:00:00,1144.0999999999997
2022-03-02 19:00:00,1142.5999999999997
2022-03-02 20:00:00,1140.5999999999997
2022-03-02 21:00:00,1140.5999999999997
2022-03-03 14:30:00,1146.3999999999996
2022-03-03 15:00:00,1141.2999999999997
2022-03-03 16:00:00,1143.5999999999997
2022-03-03 17:00:00,1146.5999999999997
2022-03-03 18:00:00,1146.5999999999997
2022-03-03 19:00:00,1145.4999999999998
2022-03-03 20:00:00,1141.5999999999997
2022-03-03 21:00:00,1141.5999999999997
2022-03-04 14:30:00,1132.5999999999997
2022-03-04 15:00:00,1126.4999999999998
2022-03-04 16:00:00,1130.0999999999997
2022-03-04 17:00:00,1137.5999999999997
2022-03-04 18:00:00,1136.2999999999997
2022-03-04 19:00:00,1134.9999999999998
2022-03-04 20:00:00,1138.9999999999998
2022-03-04 21:00:00,1138.9999999999998
2022-03-07 14:30:00,1139.4999999999998
2022-03-07 15:00:00,1139.4999999999998
2022-03-07 16:00:00,1128.3999999999996
2022-03-07 17:00:00,1122.8999999999999
2022-03-07 18:00:00,1121.1999999999996
2022-03-07 19:00:00,1120.0999999999997
2022-03-07 20:00:00,1116.3999999999999
2022-03-07 21:00:00,1112.3999999999999
2022-03-08 14:30:00,1116.8999999999999
2022-03-08 15:00:00,1114.9999999999998
2022-03-08 16:00:00,1117.9999999999998
2022-03-08 17:00:00,1126.2999999999997
2022-03-08 18:00:00,1115.3999999999999
2022-03-08 19:00:00,1117.5999999999997
2022-03-08 20:00:00,1105.8999999999999
2022-03-08 21:00:00,1105.8999999999999
2022-03-09 14:30:00,1121.2999999999997
2022-03-09 15:00:00,1128.8999999999996
2022-03-09 16:00:00,1128.7999999999997
2022-03-09 17:00:00,1128.0999999999997
2022-03-09 18:00:00,1123.7999999999997
2022-03-09 19:00:00,1125.4999999999998
2022-03-09 20:00:00,1125.4999999999998
2022-03-09 21:00:00,1123.6999999999996
2022-03-10 14:30:00,1120.2999999999997
2022-03-10 15:00:00,1117.5999999999997
2022-03-10 16:00:00,1118.7999999999997
2022-03-10 17:00:00,1117.1999999999996
2022-03-10 18:00:00,1118.0999999999997
2022-03-10 19:00:00,1122.9999999999998
2022-03-10 20:00:00,1121.9999999999998
2022-03-10 21:00:00,1122.1999999999996
2022-03-11 14:30:00,1132.0999999999997
2022-03-11 15:00:00,1128.9999999999998
2022-03-11 16:00:00,1124.9999999999998
2022-03-11 17:00:00,1121.3999999999999
2022-03-11 18:00:00,1123.6999999999996
2022-03-11 19:00:00,1119.4999999999998
2022-03-11 20:00:00,1113.9999999999998
2022-03-11 21:00:00,1113.9999999999998
2022-03-14 13:30:00,1118.9999999999998
2022-03-14 14:00:00,1127.4999999999998
2022-03-14 15:00:00,1118.5999999999997
2022-03-14 16:00:00,1121.2999999999997
2022-03-14 17:00:00,1114.3999999999999
2022-03-14 18:00:00,1114.4999999999998
2022-03-14 19:00:00,1116.3999999999999
2022-03-14 19:00:01,1116.3999999999999
2022-03-14 20:00:00,1116.3
2022-03-15 13:30:00,1124.1999999999998
2022-03-15 14:00:00,1127.1999999999998
2022-03-15 15:00:00,1123.9999999999998
2022-03-15 16:00:00,1126.1999999999998
2022-03-15 17:00:00,1126.1999999999998
2022-03-15 18:00:00,1129.3999999999996
2022-03-15 19:00:00,1129.4999999999998
2022-03-15 20:00:00,1132.4999999999998
2022-03-16 13:30:00,1143.7999999999997
2022-03-16 14:00:00,1138.8999999999996
2022-03-16 15:00:00,1140.6
2022-03-16 16:00:00,1143.2999999999997
2022-03-16 17:00:00,1139.2999999999997
2022-03-16 18:00:00,1137.6999999999998
2022-03-16 19:00:00,1138.8999999999996
2022-03-16 20:00:00,1146.5999999999997
2022-03-17 13:30:00,1143.7999999999997
2022-03-17 14:00:00,1147.0999999999997
2022-03-17 15:00:00,1149.3
2022-03-17 16:00:00,1152.6999999999998
2022-03-17 17:00:00,1157.3999999999999
2022-03-17 18:00:00,1156.4999999999998
2022-03-17 19:00:00,1156.3999999999999
2022-03-17 20:00:00,1159.6999999999996
2022-03-18 13:30:00,1152.3999999999999
2022-03-18 14:00:00,1153.0999999999997
2022-03-18 15:00:00,1150.1999999999998
2022-03-18 16:00:00,1154.8
2022-03-18 17:00:00,1157.4999999999998
2022-03-18 18:00:00,1157.9999999999998
2022-03-18 19:00:00,1161.8
2022-03-18 20:00:00,1163.3
2022-03-21 13:30:00,1164.4999999999998
2022-03-21 14:00:00,1167.9999999999998
2022-03-21 15:00:00,1167.0999999999997
2022-03-21 16:00:00,1162.9999999999998
2022-03-21 17:00:00,1162.8
2022-03-21 18:00:00,1160.9999999999998
2022-03-21 19:00:00,1162.8
2022-03-21 20:00:00,1165.8999999999999
2022-03-22 13:30:00,1171.9999999999998
2022-03-22 14:00:00,1168.4999999999998
2022-03-22 15:00:00,1167.1999999999996
2022-03-22 16:00:00,1168.5999999999997
2022-03-22 17:00:00,1170.5999999999997
2022-03-22 18:00:00,1169.5999999999997
2022-03-22 19:00:00,1169.8999999999999
2022-03-22 20:00:00,1170.8
2022-03-23 13:30:00,1164.8
2022-03-23 14:00:00,1168.1999999999996
2022-03-23 15:00:00,1166.8
2022-03-23 16:00:00,1165.8
2022-03-23 17:00:00,1163.8999999999999
2022-03-23 18:00:00,1164.8
2022-03-23 19:00:00,1161.3
2022-03-23 20:00:00,1161.3
2022-03-24 13:30:00,1166.3
2022-03-24 14:00:00,1165.8
2022-03-24 15:00:00,1168.5999999999997
2022-03-24 16:00:00,1165.4999999999998
2022-03-24 17:00:00,1166.0999999999997
2022-03-24 18:00:00,1166.5999999999997
2022-03-24 19:00:00,1167.9999999999998
2022-03-24 20:00:00,1169.0999999999997
2022-03-25 13:30:00,1171.8999999999999
2022-03-25 14:00:00,1174.3999999999999
2022-03-25 15:00:00,1170.5999999999997
2022-03-25 16:00:00,1169.9999999999998
2022-03-25 17:00:00,1170.8
2022-03-25 18:00:00,1173.4999999999998
2022-03-25 19:00:00,1175.9999999999998
2022-03-25 20:00:00,1175.9999999999998
2022-03-28 14:30:00,1172.0999999999997
2022-03-28 15:00:00,1172.8
2022-03-28 16:00:00,1166.9999999999998
2022-03-28 17:00:00,1167.4999999999998
2022-03-28 18:00:00,1170.1999999999996
2022-03-28 19:00:00,1173.0999999999997
2022-03-28 20:00:00,1175.6999999999996
2022-03-28 21:00:00,1175.6999999999996
2022-03-29 14:30:00,1181.3999999999999
2022-03-29 15:00:00,1182.4999999999998
2022-03-29 16:00:00,1181.0999999999997
2022-03-29 17:00:00,1178.6999999999996
2022-03-29 18:00:00,1177.5999999999997
2022-03-29 19:00:00,1179.8
2022-03-29 20:00:00,1185.0999999999997
2022-03-29 21:00:00,1185.0999999999997
2022-03-30 14:30:00,1189.3
2022-03-30 15:00:00,1188.4999999999998
2022-03-30 16:00:00,1185.3999999999999
2022-03-30 17:00:00,1183.8999999999999
2022-03-30 18:00:00,1183.1999999999996
2022-03-30 19:00:00,1183.8
2022-03-30 20:00:00,1183.9999999999998
2022-03-30 21:00:00,1183.9999999999998
2022-03-31 14:30:00,1186.4999999999998
2022-03-31 15:00:00,1181.8
2022-03-31 16:00:00,1181.9999999999998
2022-03-31 17:00:00,1181.0999999999997
2022-03-31 18:00:00,1178.9999999999998
2022-03-31 19:00:00,1177.5999999999997
2022-03-31 20:00:00,1168.5999999999997
2022-03-31 21:00:00,1168.5999999999997
2022-04-01 14:30:00,1170.5999999999997
2022-04-01 15:00:00,1161.4999999999998
2022-04-01 16:00:00,1158.9999999999998
2022-04-01 17:00:00,1155.3
2022-04-01 18:00:00,1156.5999999999997
2022-04-01 19:00:00,1161.3
2022-04-01 20:00:00,1160.4999999999998
2022-04-01 21:00:00,1160.4999999999998
2022-04-04 14:30:00,1151.3
2022-04-04 15:00:00,1151.1999999999998
2022-04-04 16:00:00,1154.8
2022-04-04 17:00:00,1155.3
2022-04-04 18:00:00,1157.5999999999997
2022-04-04 19:00:00,1158.3999999999999
2022-04-04 20:00:00,1158.3
2022-04-04 21:00:00,1158.3
2022-04-05 14:30:00,1156.8
2022-04-05 15:00:00,1152.8
2022-04-05 16:00:00,1150.8
2022-04-05 17:00:00,1150.6999999999998
2022-04-05 18:00:00,1148.5999999999997
2022-04-05 19:00:00,1148.5999999999997
2022-04-05 20:00:00,1144.7999999999997
2022-04-05 21:00:00,1144.7999999999997
2022-04-06 14:30:00,1134.2999999999997
2022-04-06 15:00:00,1133.1999999999998
2022-04-06 16:00:00,1135.6999999999998
2022-04-06 17:00:00,1133.4999999999998
2022-04-06 18:00:00,1135.1999999999998
2022-04-06 19:00:00,1135.8999999999996
2022-04-06 20:00:00,1136.6
2022-04-06 21:00:00,1136.6
2022-04-07 14:30:00,1127.9999999999998
2022-04-07 15:00:00,1125.3
2022-04-07 16:00:00,1128.6999999999998
2022-04-07 17:00:00,1129.7999999999997
2022-04-07 18:00:00,1137.3999999999996
2022-04-07 19:00:00,1137.3999999999996
2022-04-07 20:00:00,1139.8999999999996
2022-04-07 21:00:00,1139.8999999999996
2022-04-08 14:30:00,1132.6
2022-04-08 15:00:00,1140.6
2022-04-08 16:00:00,1140.7999999999997
2022-04-08 17:00:00,1138.9999999999998
2022-04-08 18:00:00,1136.3999999999996
2022-04-08 19:00:00,1134.9999999999998
2022-04-08 20:00:00,1133.6
2022-04-08 21:00:00,1133.6
2022-04-11 14:30:00,1134.7999999999997
2022-04-11 15:00:00,1137.9999999999998
2022-04-11 16:00:00,1134.6
2022-04-11 17:00:00,1134.1
2022-04-11 18:00:00,1134.8999999999996
2022-04-11 19:00:00,1133.6999999999998
2022-04-11 20:00:00,1131.1999999999998
2022-04-11 21:00:00,1131.1999999999998
2022-04-12 14:30:00,1143.3999999999996
2022-04-12 15:00:00,1137.1999999999998
2022-04-12 16:00:00,1139.8999999999996
2022-04-12 17:00:00,1135.2999999999997
2022-04-12 18:00:00,1130.6
2022-04-12 19:00:00,1129.7999999999997
2022-04-12 20:00:00,1129.1
2022-04-12 21:00:00,1129.1
2022-04-13 14:30:00,1136.1999999999998
2022-04-13 15:00:00,1136.6
2022-04-13 16:00:00,1135.8999999999996
2022-04-13 17:00:00,1137.9999999999998
2022-04-13 18:00:00,1136.1999999999998
2022-04-13 19:00:00,1136.2999999999997
2022-04-13 20:00:00,1138.1
2022-04-13 21:00:00,1138.1
2022-04-14 14:30:00,1140.6999999999998
2022-04-14 15:00:00,1142.3999999999996
2022-04-14 16:00:00,1140.1999999999998
2022-04-14 17:00:00,1140.7999999999997
2022-04-14 18:00:00,1141.2999999999997
2022-04-14 19:00:00,1142.8999999999996
2022-04-14 20:00:00,1137.9999999999998
2022-04-14 21:00:00,1137.9999999999998
2022-04-14 23:00:00,1137.9999999999998
2022-04-18 14:30:00,1140.3999999999996
2022-04-18 15:00:00,1137.7999999999997
2022-04-18 16:00:00,1131.1
2022-04-18 17:00:00,1131.3999999999996
2022-04-18 18:00:00,1135.9999999999998
2022-04-18 19:00:00,1138.2999999999997
2022-04-18 20:00:00,1133.2999999999997
2022-04-18 21:00:00,1133.2999999999997
2022-04-19 14:30:00,1145.4999999999998
2022-04-19 15:00:00,1147.3
2022-04-19 16:00:00,1149.3
2022-04-19 17:00:00,1150.0999999999997
2022-04-19 18:00:00,1150.1999999999998
2022-04-19 19:00:00,1150.9999999999998
2022-04-19 20:00:00,1151.8999999999999
2022-04-19 21:00:00,1151.8999999999999
2022-04-20 14:30:00,1159.3999999999999
2022-04-20 15:00:00,1162.1999999999996
2022-04-20 16:00:00,1162.6999999999996
2022-04-20 17:00:00,1164.3
2022-04-20 18:00:00,1163.0999999999997
2022-04-20 19:00:00,1156.8
2022-04-20 20:00:00,1157.9999999999998
2022-04-20 21:00:00,1157.9999999999998
2022-04-21 14:30:00,1168.5999999999997
2022-04-21 15:00:00,1164.4999999999998
2022-04-21 16:00:00,1159.5999999999997
2022-04-21 17:00:00,1152.9999999999998
2022-04-21 18:00:00,1151.8
2022-04-21 19:00:00,1149.1999999999998
2022-04-21 20:00:00,1146.8999999999999
2022-04-21 21:00:00,1146.8999999999999
2022-04-22 14:30:00,1138.2999999999997
2022-04-22 15:00:00,1133.3999999999996
2022-04-22 16:00:00,1132.6999999999998
2022-04-22 17:00:00,1134.2999999999997
2022-04-22 18:00:00,1129.1999999999998
2022-04-22 19:00:00,1129.1999999999998
2022-04-22 20:00:00,1121.4999999999998
2022-04-22 21:00:00,1121.4999999999998
2022-04-25 14:30:00,1104.4999999999998
2022-04-25 15:00:00,1103.8999999999999
2022-04-25 16:00:00,1100.3
2022-04-25 17:00:00,1106.8
2022-04-25 18:00:00,1107.0999999999997
2022-04-25 19:00:00,1106.4999999999998
2022-04-25 20:00:00,1121.5999999999997
2022-04-25 21:00:00,1121.5999999999997
2022-04-26 14:30:00,1113.3
2022-04-26 15:00:00,1108.9999999999998
2022-04-26 16:00:00,1103.9999999999998
2022-04-26 17:00:00,1108.9999999999998
2022-04-26 18:00:00,1104.9999999999998
2022-04-26 19:00:00,1108.9999999999998
2022-04-26 20:00:00,1100.4999999999998
2022-04-26 21:00:00,1100.4999999999998
2022-04-27 14:30:00,1106.0999999999997
2022-04-27 15:00:00,1102.0999999999997
2022-04-27 16:00:00,1107.8
2022-04-27 17:00:00,1110.8
2022-04-27 18:00:00,1110.8
2022-04-27 19:00:00,1109.6999999999998
2022-04-27 20:00:00,1103.8999999999999
2022-04-27 21:00:00,1103.8999999999999
2022-04-28 14:30:00,1103.6999999999998
2022-04-28 15:00:00,1097.3
2022-04-28 16:00:00,1102.3
2022-04-28 17:00:00,1112.1999999999998
2022-04-28 18:00:00,1112.9999999999998
2022-04-28 19:00:00,1117.0999999999997
2022-04-28 20:00:00,1116.8
2022-04-28 21:00:00,1115.3
2022-04-29 14:30:00,1117.3
2022-04-29 15:00:00,1108.1999999999998
2022-04-29 16:00:00,1108.3
2022-04-29 17:00:00,1100.3999999999999
2022-04-29 18:00:00,1100.8999999999999
2022-04-29 19:00:00,1100.8999999999999
2022-04-29 20:00:00,1089.8999999999999
2022-04-29 21:00:00,1089.8999999999999
2022-05-02 14:30:00,1093.6999999999998
2022-05-02 15:00:00,1093.4999999999998
2022-05-02 16:00:00,1090.4999999999998
2022-05-02 17:00:00,1084.5999999999997
2022-05-02 18:00:00,1078.8
2022-05-02 19:00:00,1073.8
2022-05-02 20:00:00,1090.6999999999998
2022-05-02 21:00:00,1090.6999999999998
2022-05-03 14:30:00,1092.1999999999998
2022-05-03 15:00:00,1094.6999999999998
2022-05-03 16:00:00,1099.3
2022-05-03 17:00:00,1098.3
2022-05-03 18:00:00,1099.4999999999998
2022-05-03 19:00:00,1096.8
2022-05-03 20:00:00,1097.1999999999998
2022-05-03 21:00:00,1097.1999999999998
2022-05-04 14:30:00,1101.6999999999998
2022-05-04 15:00:00,1101.0999999999997
2022-05-04 16:00:00,1099.1999999999998
2022-05-04 17:00:00,1103.1999999999998
2022-05-04 18:00:00,1100.6999999999998
2022-05-04 19:00:00,1101.4999999999998
2022-05-04 20:00:00,1125.4999999999998
2022-05-04 21:00:00,1125.4999999999998
2022-05-05 14:30:00,1115.6999999999998
2022-05-05 15:00:00,1105.9999999999998
2022-05-05 16:00:00,1096.9999999999998
2022-05-05 17:00:00,1100.9999999999998
2022-05-05 18:00:00,1100.9999999999998
2022-05-05 19:00:00,1101.5999999999997
2022-05-05 20:00:00,1096.8999999999999
2022-05-05 21:00:00,1096.8999999999999
2022-05-06 14:30:00,1077.3
2022-05-06 15:00:00,1091.8
2022-05-06 16:00:00,1085.0999999999997
2022-05-06 17:00:00,1089.8
2022-05-06 18:00:00,1087.3999999999999
2022-05-06 19:00:00,1087.0999999999997
2022-05-06 20:00:00,1091.9999999999998
2022-05-06 21:00:00,1091.9999999999998
2022-05-09 14:30:00,1082.9999999999998
2022-05-09 15:00:00,1072.6999999999998
2022-05-09 16:00:00,1075.5999999999997
2022-05-09 17:00:00,1070.9999999999998
2022-05-09 18:00:00,1071.8
2022-05-09 19:00:00,1076.4999999999998
2022-05-09 20:00:00,1068.1999999999998
2022-05-09 21:00:00,1068.1999999999998
2022-05-10 14:30:00,1072.8999999999999
2022-05-10 15:00:00,1060.1999999999998
2022-05-10 16:00:00,1057.3
2022-05-10 17:00:00,1056.3999999999999
2022-05-10 18:00:00,1070.3999999999996
2022-05-10 19:00:00,1069.1999999999998
2022-05-10 20:00:00,1063.2999999999997
2022-05-10 21:00:00,1063.2999999999997
2022-05-11 14:30:00,1071.6999999999998
2022-05-11 15:00:00,1072.3999999999999
2022-05-11 16:00:00,1072.0999999999997
2022-05-11 17:00:00,1060.4999999999998
2022-05-11 18:00:00,1053.0999999999997
2022-05-11 19:00:00,1057.5999999999997
2022-05-11 20:00:00,1053.6999999999998
2022-05-11 21:00:00,1053.6999999999998
2022-05-12 14:30:00,1050.9999999999998
2022-05-12 15:00:00,1058.3999999999999
2022-05-12 16:00:00,1048.3
2022-05-12 17:00:00,1055.8
2022-05-12 18:00:00,1044.3999999999999
2022-05-12 19:00:00,1046.0999999999997
2022-05-12 20:00:00,1055.4999999999998
2022-05-12 21:00:00,1055.4999999999998
2022-05-13 14:30:00,1065.6999999999998
2022-05-13 15:00:00,1069.4999999999998
2022-05-13 16:00:00,1067.7999999999997
2022-05-13 17:00:00,1067.6999999999998
2022-05-13 18:00:00,1063.1999999999998
2022-05-13 19:00:00,1060.7999999999997
2022-05-13 20:00:00,1068.1
2022-05-13 21:00:00,1068.1
2022-05-16 14:30:00,1062.9999999999998
2022-05-16 15:00:00,1062.6
2022-05-16 16:00:00,1066.9999999999998
2022-05-16 17:00:00,1064.8999999999996
2022-05-16 18:00:00,1068.9999999999998
2022-05-16 19:00:00,1069.9999999999998
2022-05-16 20:00:00,1066.9999999999998
2022-05-16 21:00:00,1066.9999999999998
2022-05-17 14:30:00,1077.0999999999997
2022-05-17 15:00:00,1076.3999999999999
2022-05-17 16:00:00,1080.6999999999998
2022-05-17 17:00:00,1085.0999999999997
2022-05-17 18:00:00,1084.9999999999998
2022-05-17 19:00:00,1082.8999999999999
2022-05-17 20:00:00,1087.8
2022-05-17 21:00:00,1087.8
2022-05-18 14:30:00,1076.1999999999998
2022-05-18 15:00:00,1072.9999999999998
2022-05-18 16:00:00,1063.8999999999996
2022-05-18 17:00:00,1062.2999999999997
2022-05-18 18:00:00,1054.3999999999999
2022-05-18 19:00:00,1054.8999999999999
2022-05-18 20:00:00,1052.4999999999998
2022-05-18 21:00:00,1052.4999999999998
2022-05-19 14:30:00,1036.5999999999997
2022-05-19 15:00:00,1035.1
2022-05-19 16:00:00,1044.3
2022-05-19 17:00:00,1042.6999999999998
2022-05-19 18:00:00,1052.1999999999998
2022-05-19 19:00:00,1049.8
2022-05-19 20:00:00,1043.5999999999997
2022-05-19 21:00:00,1043.5999999999997
2022-05-20 14:30:00,1042.6999999999998
2022-05-20 15:00:00,1028.6999999999998
2022-05-20 16:00:00,1028.9999999999998
2022-05-20 17:00:00,1022.9999999999998
2022-05-20 18:00:00,1022.2999999999998
2022-05-20 19:00:00,1018.8999999999997
2022-05-20 20:00:00,1033.9999999999998
2022-05-20 21:00:00,1033.9999999999998
2022-05-23 14:30:00,1041.1999999999998
2022-05-23 15:00:00,1045.1999999999998
2022-05-23 16:00:00,1050.0999999999997
2022-05-23 17:00:00,1046.3999999999999
2022-05-23 18:00:00,1049.0999999999997
2022-05-23 19:00:00,1050.1999999999998
2022-05-23 20:00:00,1048.8999999999999
2022-05-23 21:00:00,1048.8999999999999
2022-05-24 14:30:00,1038.3999999999999
2022-05-24 15:00:00,1030.2999999999997
2022-05-24 16:00:00,1037.0999999999997
2022-05-24 17:00:00,1037.8
2022-05-24 18:00:00,1039.8
2022-05-24 19:00:00,1042.3
2022-05-24 20:00:00,1046.5999999999997
2022-05-24 21:00:00,1046.5999999999997
2022-05-25 14:30:00,1046.3
2022-05-25 15:00:00,1051.9999999999998
2022-05-25 16:00:00,1049.1999999999998
2022-05-25 17:00:00,1045.3999999999999
2022-05-25 18:00:00,1046.0999999999997
2022-05-25 19:00:00,1050.4999999999998
2022-05-25 20:00:00,1053.5999999999997
2022-05-25 21:00:00,1053.5999999999997
2022-05-26 14:30:00,1070.6999999999998
2022-05-26 15:00:00,1070.7999999999997
2022-05-26 16:00:00,1071.9999999999998
2022-05-26 17:00:00,1073.4999999999998
2022-05-26 18:00:00,1074.6999999999998
2022-05-26 19:00:00,1074.4999999999998
2022-05-26 20:00:00,1071.4999999999998
2022-05-26 21:00:00,1071.4999999999998
2022-05-27 14:30:00,1085.1999999999998
2022-05-27 15:00:00,1084.0999999999997
2022-05-27 16:00:00,1085.8999999999999
2022-05-27 17:00:00,1086.1999999999998
2022-05-27 18:00:00,1084.9999999999998
2022-05-27 19:00:00,1086.1999999999998
2022-05-27 20:00:00,1091.6999999999998
2022-05-27 21:00:00,1091.6999999999998
2022-05-27 23:00:00,1091.3999999999999
2022-05-31 14:30:00,1077.6999999999998
2022-05-31 15:00:00,1081.1999999999998
2022-05-31 16:00:00,1084.1999999999998
2022-05-31 17:00:00,1085.1999999999998
2022-05-31 18:00:00,1085.1999999999998
2022-05-31 19:00:00,1088.3999999999999
2022-05-31 20:00:00,1084.0999999999997
2022-05-31 21:00:00,1084.0999999999997
2022-06-01 14:30:00,1082.1999999999998
2022-06-01 15:00:00,1074.8999999999999
2022-06-01 16:00:00,1071.2999999999997
2022-06-01 17:00:00,1072.4999999999998
2022-06-01 18:00:00,1078.0999999999997
2022-06-01 19:00:00,1079.8999999999999
2022-06-01 20:00:00,1077.9999999999998
2022-06-01 21:00:00,1077.9999999999998
2022-06-02 14:30:00,1084.3
2022-06-02 15:00:00,1078.3
2022-06-02 16:00:00,1085.8999999999999
2022-06-02 17:00:00,1088.3
2022-06-02 18:00:00,1089.8999999999999
2022-06-02 19:00:00,1091.1999999999998
2022-06-02 20:00:00,1095.8
2022-06-02 21:00:00,1095.8
2022-06-03 14:30:00,1089.9999999999998
2022-06-03 15:00:00,1091.5999999999997
2022-06-03 16:00:00,1086.9999999999998
2022-06-03 17:00:00,1090.4999999999998
2022-06-03 18:00:00,1090.4999999999998
2022-06-03 19:00:00,1093.5999999999997
2022-06-03 20:00:00,1091.9999999999998
2022-06-03 21:00:00,1091.9999999999998
2022-06-06 14:30:00,1097.8
2022-06-06 15:00:00,1100.5999999999997
2022-06-06 16:00:00,1099.3
2022-06-06 17:00:00,1095.9999999999998
2022-06-06 18:00:00,1098.1999999999998
2022-06-06 19:00:00,1094.4999999999998
2022-06-06 20:00:00,1096.0999999999997
2022-06-06 21:00:00,1096.0999999999997
2022-06-07 14:30:00,1088.1999999999998
2022-06-07 15:00:00,1098.4999999999998
2022-06-07 16:00:00,1094.8999999999999
2022-06-07 17:00:00,1099.6999999999998
2022-06-07 18:00:00,1102.0999999999997
2022-06-07 19:00:00,1105.8
2022-06-07 20:00:00,1108.8
2022-06-07 21:00:00,1108.8
2022-06-08 14:30:00,1102.8
2022-06-08 15:00:00,1097.3999999999999
2022-06-08 16:00:00,1099.3
2022-06-08 17:00:00,1094.8
2022-06-08 18:00:00,1092.3999999999999
2022-06-08 19:00:00,1089.0999999999997
2022-06-08 20:00:00,1090.5999999999997
2022-06-08 21:00:00,1090.5999999999997
2022-06-09 14:30:00,1089.4999999999998
2022-06-09 15:00:00,1086.1999999999998
2022-06-09 16:00:00,1087.3
2022-06-09 17:00:00,1087.3
2022-06-09 18:00:00,1089.5999999999997
2022-06-09 19:00:00,1083.4999999999998
2022-06-09 20:00:00,1071.8
2022-06-09 21:00:00,1071.8
2022-06-10 14:30:00,1052.0999999999997
2022-06-10 15:00:00,1050.5999999999997
2022-06-10 16:00:00,1046.9999999999998
2022-06-10 17:00:00,1045.3
2022-06-10 18:00:00,1048.0999999999997
2022-06-10 18:00:01,1048.0999999999997
2022-06-10 19:00:00,1052.8999999999999
2022-06-10 20:00:00,1049.5999999999997
2022-06-10 21:00:00,1049.5999999999997
2022-06-10 23:00:00,1049.5999999999997
2022-06-13 14:00:00,1026.7999999999997
2022-06-13 14:30:00,1026.7999999999997
2022-06-13 15:00:00,1016.6999999999998
2022-06-13 16:00:00,1022.0999999999998
2022-06-13 17:00:00,1024.7999999999997
2022-06-13 18:00:00,1027.1
2022-06-13 19:00:00,1027.1
2022-06-13 20:00:00,1017.5999999999998
2022-06-13 23:00:00,1017.5999999999998
2022-06-14 14:00:00,1028.1999999999998
2022-06-14 14:30:00,1028.1999999999998
2022-06-14 15:00:00,1017.5999999999998
2022-06-14 16:00:00,1018.4999999999998
2022-06-14 17:00:00,1014.6999999999998
2022-06-14 18:00:00,1014.6999999999998
2022-06-14 19:00:00,1014.0999999999998
2022-06-14 20:00:00,1010.6999999999998
2022-06-14 23:00:00,1010.6999999999998
2022-06-15 14:00:00,1032.1999999999998
2022-06-15 14:30:00,1032.1999999999998
2022-06-15 15:00:00,1026.2999999999997
2022-06-15 16:00:00,1022.5999999999998
2022-06-15 17:00:00,1023.6999999999998
2022-06-15 18:00:00,1026.7999999999997
2022-06-15 19:00:00,1025.9999999999998
2022-06-15 20:00:00,1025.6
2022-06-15 23:00:00,1025.6
2022-06-16 14:00:00,1005.5999999999998
2022-06-16 14:30:00,1005.5999999999998
2022-06-16 15:00:00,997.1999999999998
2022-06-16 16:00:00,999.2999999999998
2022-06-16 17:00:00,998.7999999999998
2022-06-16 18:00:00,997.5999999999998
2022-06-16 19:00:00,993.7999999999998
2022-06-16 20:00:00,994.4999999999998
2022-06-16 23:00:00,994.4999999999998
2022-06-17 14:00:00,999.3999999999997
2022-06-17 14:30:00,999.3999999999997
2022-06-17 15:00:00,987.1999999999998
2022-06-17 16:00:00,992.0999999999998
2022-06-17 17:00:00,993.2999999999998
2022-06-17 18:00:00,997.6999999999998
2022-06-17 19:00:00,1000.2999999999998
2022-06-17 20:00:00,993.5999999999998
2022-06-17 23:00:00,993.7999999999998
2022-06-21 14:00:00,1009.3999999999997
2022-06-21 14:30:00,1009.3999999999997
2022-06-21 15:00:00,1011.9999999999998
2022-06-21 16:00:00,1009.2999999999998
2022-06-21 17:00:00,1010.3999999999997
2022-06-21 18:00:00,1009.4999999999998
2022-06-21 19:00:00,1008.7999999999998
2022-06-21 20:00:00,1009.4999999999998
2022-06-21 23:00:00,1009.4999999999998
2022-06-22 14:00:00,999.0999999999998
2022-06-22 14:30:00,999.0999999999998
2022-06-22 15:00:00,1006.2999999999998
2022-06-22 16:00:00,1004.1999999999998
2022-06-22 17:00:00,1006.0999999999998
2022-06-22 18:00:00,1008.4999999999998
2022-06-22 19:00:00,1009.7999999999998
2022-06-22 20:00:00,1005.2999999999998
2022-06-22 23:00:00,1005.2999999999998
2022-06-23 14:00:00,1003.7999999999998
2022-06-23 14:30:00,1003.7999999999998
2022-06-23 15:00:00,1001.0999999999998
2022-06-23 16:00:00,993.9999999999998
2022-06-23 17:00:00,989.7999999999998
2022-06-23 18:00:00,991.8999999999997
2022-06-23 19:00:00,995.1999999999998
2022-06-23 20:00:00,999.7999999999998
2022-06-23 23:00:00,999.7999999999998
2022-06-24 14:00:00,1016.4999999999998
2022-06-24 14:30:00,1016.4999999999998
2022-06-24 15:00:00,1025.6
2022-06-24 16:00:00,1026.7999999999997
2022-06-24 17:00:00,1027.7999999999997
2022-06-24 18:00:00,1028.1
2022-06-24 19:00:00,1027.6999999999998
2022-06-24 20:00:00,1030.6999999999998
2022-06-24 23:00:00,1030.6999999999998
2022-06-27 14:00:00,1027.6
2022-06-27 14:30:00,1027.6
2022-06-27 15:00:00,1031.6
2022-06-27 16:00:00,1033.9999999999998
2022-06-27 17:00:00,1030.4999999999998
2022-06-27 18:00:00,1027.4999999999998
2022-06-27 19:00:00,1029.4999999999998
2022-06-27 20:00:00,1028.6999999999998
2022-06-27 23:00:00,1028.6999999999998
2022-06-28 14:00:00,1043.4999999999998
2022-06-28 14:30:00,1043.4999999999998
2022-06-28 15:00:00,1034.7999999999997
2022-06-28 16:00:00,1025.7999999999997
2022-06-28 17:00:00,1028.7999999999997
2022-06-28 18:00:00,1025.6999999999998
2022-06-28 19:00:00,1021.9999999999998
2022-06-28 20:00:00,1018.5999999999998
2022-06-28 21:00:00,1012.8999999999997
2022-06-28 23:00:00,1012.8999999999997
2022-06-29 14:00:00,1011.5999999999998
2022-06-29 14:30:00,1011.5999999999998
2022-06-29 15:00:00,1009.4999999999998
2022-06-29 16:00:00,1009.4999999999998
2022-06-29 17:00:00,1008.7999999999998
2022-06-29 18:00:00,1011.0999999999998
2022-06-29 19:00:00,1013.1999999999998
2022-06-29 20:00:00,1012.1999999999998
2022-06-29 23:00:00,1012.1999999999998
2022-06-30 14:00:00,999.5999999999998
2022-06-30 14:30:00,999.5999999999998
2022-06-30 15:00:00,1008.3999999999997
2022-06-30 16:00:00,1011.3999999999997
2022-06-30 17:00:00,1015.7999999999998
2022-06-30 18:00:00,1018.4999999999998
2022-06-30 19:00:00,1015.5999999999998
2022-06-30 20:00:00,1016.1999999999998
2022-06-30 23:00:00,1016.1999999999998
2022-07-01 14:00:00,1020.4999999999998
2022-07-01 14:30:00,1020.4999999999998
2022-07-01 15:00:00,1010.2999999999998
2022-07-01 16:00:00,1009.7999999999998
2022-07-01 17:00:00,1012.9999999999998
2022-07-01 18:00:00,1019.0999999999998
2022-07-01 19:00:00,1021.7999999999998
2022-07-01 20:00:00,1022.6999999999998
2022-07-01 23:00:00,1022.6999999999998
2022-07-05 14:00:00,998.3999999999997
2022-07-05 14:30:00,998.3999999999997
2022-07-05 15:00:00,994.9999999999998
2022-07-05 16:00:00,998.4999999999998
2022-07-05 17:00:00,996.0999999999998
2022-07-05 18:00:00,999.6999999999998
2022-07-05 19:00:00,1000.1999999999998
2022-07-05 20:00:00,1008.9999999999998
2022-07-05 23:00:00,1008.9999999999998
2022-07-06 14:00:00,1005.5999999999998
2022-07-06 14:30:00,1005.5999999999998
2022-07-06 15:00:00,1008.3999999999997
2022-07-06 16:00:00,1006.7999999999998
2022-07-06 17:00:00,1005.6999999999998
2022-07-06 18:00:00,1009.1999999999998
2022-07-06 19:00:00,1018.3999999999997
2022-07-06 20:00:00,1014.4999999999998
2022-07-06 23:00:00,1014.4999999999998
2022-07-07 14:00:00,1022.9999999999998
2022-07-07 14:30:00,1022.9999999999998
2022-07-07 15:00:00,1020.1999999999998
2022-07-07 16:00:00,1020.2999999999998
2022-07-07 17:00:00,1020.7999999999998
2022-07-07 18:00:00,1021.5999999999998
2022-07-07 19:00:00,1025.1999999999998
2022-07-07 20:00:00,1025.1999999999998
2022-07-07 23:00:00,1025.1999999999998
2022-07-08 14:00:00,1016.1999999999998
2022-07-08 14:30:00,1016.1999999999998
2022-07-08 15:00:00,1022.5999999999998
2022-07-08 16:00:00,1021.6999999999998
2022-07-08 18:00:00,1021.3999999999997
2022-07-08 19:00:00,1023.9999999999998
2022-07-08 20:00:00,1020.5999999999998
2022-07-08 23:00:00,1020.5999999999998
2022-07-11 14:00:00,1019.9999999999998
2022-07-11 14:30:00,1019.9999999999998
2022-07-11 15:00:00,1013.6999999999998
2022-07-11 16:00:00,1014.1999999999998
2022-07-11 18:00:00,1018.6999999999998
2022-07-11 19:00:00,1015.8999999999997
2022-07-11 20:00:00,1014.6999999999998
2022-07-11 23:00:00,1014.6999999999998
2022-07-12 14:00:00,1020.2999999999998
2022-07-12 14:30:00,1020.2999999999998
2022-07-12 15:00:00,1019.6999999999998
2022-07-12 16:00:00,1020.9999999999998
2022-07-12 17:00:00,1022.5999999999998
2022-07-12 18:00:00,1021.2999999999998
2022-07-12 19:00:00,1019.3999999999997
2022-07-12 20:00:00,1012.1999999999998
2022-07-12 23:00:00,1012.1999999999998
2022-07-13 14:00:00,1002.7999999999998
2022-07-13 14:30:00,1002.7999999999998
2022-07-13 15:00:00,1004.8999999999997
2022-07-13 16:00:00,1002.0999999999998
2022-07-13 17:00:00,1004.7999999999998
2022-07-13 18:00:00,1006.0999999999998
2022-07-13 19:00:00,1006.2999999999998
2022-07-13 20:00:00,1001.1999999999998
2022-07-13 23:00:00,1001.1999999999998
2022-07-14 14:00:00,989.6999999999998
2022-07-14 14:30:00,989.6999999999998
2022-07-14 15:00:00,986.3999999999997
2022-07-14 16:00:00,993.3999999999997
2022-07-14 17:00:00,985.4999999999998
2022-07-14 18:00:00,990.0999999999998
2022-07-14 19:00:00,994.3999999999997
2022-07-14 20:00:00,995.9999999999998
2022-07-14 23:00:00,995.9999999999998
2022-07-15 14:00:00,1001.0999999999998
2022-07-15 14:30:00,1001.0999999999998
2022-07-15 15:00:00,1008.5999999999998
2022-07-15 16:00:00,1009.4999999999998
2022-07-15 17:00:00,1007.8999999999997
2022-07-15 18:00:00,1007.5999999999998
2022-07-15 19:00:00,1008.3999999999997
2022-07-15 20:00:00,1009.6999999999998
2022-07-15 23:00:00,1009.6999999999998
2022-07-18 14:00:00,1016.3999999999997
2022-07-18 14:30:00,1016.3999999999997
2022-07-18 15:00:00,1016.6999999999998
2022-07-18 16:00:00,1015.6999999999998
2022-07-18 17:00:00,1016.2999999999998
2022-07-18 18:00:00,1013.3999999999997
2022-07-18 19:00:00,1011.6999999999998
2022-07-18 20:00:00,1005.0999999999998
2022-07-18 23:00:00,1005.0999999999998
2022-07-19 14:00:00,1019.0999999999998
2022-07-19 14:30:00,1019.0999999999998
2022-07-19 15:00:00,1026.1999999999998
2022-07-19 16:00:00,1026.1999999999998
2022-07-19 17:00:00,1028.2999999999997
2022-07-19 18:00:00,1030.2999999999997
2022-07-19 19:00:00,1032.9999999999998
2022-07-19 20:00:00,1035.4999999999998
2022-07-19 23:00:00,1035.4999999999998
2022-07-20 14:00:00,1033.6999999999998
2022-07-20 14:30:00,1033.6999999999998
2022-07-20 15:00:00,1041.6999999999998
2022-07-20 16:00:00,1039.8
2022-07-20 17:00:00,1039.5999999999997
2022-07-20 18:00:00,1037.4999999999998
2022-07-20 19:00:00,1040.3999999999999
2022-07-20 20:00:00,1042.9999999999998
2022-07-20 23:00:00,1042.9999999999998
2022-07-21 14:00:00,1045.0999999999997
2022-07-21 14:30:00,1045.0999999999997
2022-07-21 15:00:00,1040.3999999999999
2022-07-21 16:00:00,1043.0999999999997
2022-07-21 17:00:00,1046.8999999999999
2022-07-21 18:00:00,1043.1999999999998
2022-07-21 19:00:00,1044.5999999999997
2022-07-21 20:00:00,1049.0999999999997
2022-07-21 23:00:00,1049.0999999999997
2022-07-22 14:00:00,1049.5999999999997
2022-07-22 14:30:00,1049.5999999999997
2022-07-22 15:00:00,1054.4999999999998
2022-07-22 16:00:00,1049.6999999999998
2022-07-22 17:00:00,1050.0999999999997
2022-07-22 18:00:00,1044.8
2022-07-22 19:00:00,1043.3
2022-07-22 20:00:00,1046.1999999999998
2022-07-22 23:00:00,1046.1999999999998
2022-07-25 14:00:00,1048.3
2022-07-25 14:30:00,1048.3
2022-07-25 15:00:00,1050.0999999999997
2022-07-25 16:00:00,1048.8
2022-07-25 17:00:00,1050.5999999999997
2022-07-25 18:00:00,1049.3
2022-07-25 19:00:00,1048.5999999999997
2022-07-25 20:00:00,1050.0999999999997
2022-07-25 23:00:00,1050.0999999999997
2022-07-26 14:00:00,1045.4999999999998
2022-07-26 14:30:00,1045.4999999999998
2022-07-26 15:00:00,1051.9999999999998
2022-07-26 16:00:00,1046.3999999999999
2022-07-26 17:00:00,1047.6999999999998
2022-07-26 19:00:00,1047.0999999999997
2022-07-26 20:00:00,1045.4999999999998
2022-07-26 23:00:00,1045.4999999999998
2022-07-27 14:00:00,1048.1999999999998
2022-07-27 14:30:00,1048.1999999999998
2022-07-27 15:00:00,1051.3
2022-07-27 16:00:00,1050.0999999999997
2022-07-27 17:00:00,1049.3
2022-07-27 18:00:00,1048.5999999999997
2022-07-27 19:00:00,1056.3
2022-07-27 20:00:00,1059.9999999999998
2022-07-27 23:00:00,1059.9999999999998
2022-07-28 14:00:00,1064.2999999999997
2022-07-28 14:30:00,1064.2999999999997
2022-07-28 15:00:00,1068.1999999999998
2022-07-28 16:00:00,1072.8
2022-07-28 17:00:00,1073.8
2022-07-28 18:00:00,1078.8999999999999
2022-07-28 19:00:00,1078.6999999999998
2022-07-28 20:00:00,1079.1999999999998
2022-07-28 23:00:00,1079.1999999999998
2022-07-29 14:00:00,1084.3999999999999
2022-07-29 14:30:00,1084.3999999999999
2022-07-29 15:00:00,1089.9999999999998
2022-07-29 16:00:00,1089.9999999999998
2022-07-29 17:00:00,1092.4999999999998
2022-07-29 18:00:00,1094.8
2022-07-29 19:00:00,1097.8
2022-07-29 20:00:00,1098.4999999999998
2022-07-29 23:00:00,1098.4999999999998
2022-08-01 14:00:00,1098.4999999999998
2022-08-01 14:30:00,1098.4999999999998
2022-08-01 15:00:00,1099.9999999999998
2022-08-01 16:00:00,1098.8999999999999
2022-08-01 17:00:00,1099.3999999999999
2022-08-01 18:00:00,1095.3999999999999
2022-08-01 19:00:00,1101.3
2022-08-01 20:00:00,1099.0999999999997
2022-08-01 23:00:00,1099.0999999999997
2022-08-02 14:00:00,1087.9999999999998
2022-08-02 14:30:00,1087.9999999999998
2022-08-02 15:00:00,1096.0999999999997
2022-08-02 16:00:00,1093.5999999999997
2022-08-02 17:00:00,1099.4999999999998
2022-08-02 18:00:00,1094.3999999999999
2022-08-02 19:00:00,1096.9999999999998
2022-08-02 20:00:00,1088.3999999999999
2022-08-02 23:00:00,1088.3999999999999
2022-08-03 14:00:00,1089.0999999999997
2022-08-03 14:30:00,1089.0999999999997
2022-08-03 15:00:00,1091.0999999999997
2022-08-03 16:00:00,1093.8999999999999
2022-08-03 17:00:00,1096.1999999999998
2022-08-03 18:00:00,1096.3
2022-08-03 19:00:00,1098.1999999999998
2022-08-03 20:00:00,1098.3
2022-08-03 23:00:00,1098.3
2022-08-04 14:00:00,1099.5999999999997
2022-08-04 14:30:00,1099.5999999999997
2022-08-04 15:00:00,1102.8999999999999
2022-08-04 16:00:00,1101.4999999999998
2022-08-04 17:00:00,1100.8999999999999
2022-08-04 18:00:00,1103.4999999999998
2022-08-04 19:00:00,1102.0999999999997
2022-08-04 20:00:00,1100.5999999999997
2022-08-04 23:00:00,1100.5999999999997
2022-08-05 14:00:00,1098.3
2022-08-05 14:30:00,1098.3
2022-08-05 15:00:00,1098.6999999999998
2022-08-05 16:00:00,1093.9999999999998
2022-08-05 17:00:00,1096.1999999999998
2022-08-05 18:00:00,1099.6999999999998
2022-08-05 20:00:00,1102.4999999999998
2022-08-05 23:00:00,1102.4999999999998
2022-08-08 14:00:00,1109.3999999999999
2022-08-08 14:30:00,1109.3999999999999
2022-08-08 15:00:00,1108.8999999999999
2022-08-08 16:00:00,1104.3999999999999
2022-08-08 17:00:00,1102.9999999999998
2022-08-08 18:00:00,1104.4999999999998
2022-08-08 19:00:00,1102.1999999999998
2022-08-08 20:00:00,1101.9999999999998
2022-08-08 23:00:00,1101.9999999999998
2022-08-09 14:00:00,1100.4999999999998
2022-08-09 14:30:00,1100.4999999999998
2022-08-09 15:00:00,1100.5999999999997
2022-08-09 16:00:00,1100.5999999999997
2022-08-09 17:00:00,1100.3999999999999
2022-08-09 18:00:00,1098.6999999999998
2022-08-09 19:00:00,1099.9999999999998
2022-08-09 20:00:00,1098.8
2022-08-09 23:00:00,1098.8
2022-08-10 14:00:00,1115.1999999999998
2022-08-10 14:30:00,1115.1999999999998
2022-08-10 15:00:00,1119.3999999999999
2022-08-10 16:00:00,1119.9999999999998
2022-08-10 17:00:00,1120.3999999999999
2022-08-10 18:00:00,1121.8
2022-08-10 19:00:00,1118.9999999999998
2022-08-10 20:00:00,1119.3
2022-08-10 21:00:00,1117.9999999999998
2022-08-10 23:00:00,1117.9999999999998
2022-08-11 14:00:00,1127.8999999999999
2022-08-11 14:30:00,1127.8999999999999
2022-08-11 15:00:00,1132.6
2022-08-11 16:00:00,1128.8999999999996
2022-08-11 17:00:00,1129.2999999999997
2022-08-11 18:00:00,1129.7999999999997
2022-08-11 19:00:00,1124.8
2022-08-11 20:00:00,1124.5999999999997
2022-08-11 23:00:00,1124.5999999999997
2022-08-12 14:00:00,1128.7999999999997
2022-08-12 14:30:00,1128.7999999999997
2022-08-12 15:00:00,1128.6
2022-08-12 16:00:00,1130.7999999999997
2022-08-12 17:00:00,1132.3999999999996
2022-08-12 18:00:00,1133.8999999999996
2022-08-12 19:00:00,1136.7999999999997
2022-08-12 20:00:00,1139.7999999999997
2022-08-12 23:00:00,1139.7999999999997
2022-08-15 14:00:00,1138.6999999999998
2022-08-15 14:30:00,1138.6999999999998
2022-08-15 15:00:00,1137.3999999999996
2022-08-15 16:00:00,1140.4999999999998
2022-08-15 17:00:00,1142.3999999999996
2022-08-15 18:00:00,1142.2999999999997
2022-08-15 19:00:00,1142.3999999999996
2022-08-15 20:00:00,1141.9999999999998
2022-08-15 23:00:00,1141.9999999999998
2022-08-16 14:00:00,1141.2999999999997
2022-08-16 14:30:00,1141.2999999999997
2022-08-16 15:00:00,1141.8999999999996
2022-08-16 16:00:00,1146.3999999999996
2022-08-16 17:00:00,1146.9999999999998
2022-08-16 18:00:00,1149.5999999999997
2022-08-16 19:00:00,1144.1999999999998
2022-08-16 20:00:00,1146.4999999999998
2022-08-16 23:00:00,1146.4999999999998
2022-08-17 14:00:00,1135.3999999999996
2022-08-17 14:30:00,1135.3999999999996
2022-08-17 15:00:00,1136.1
2022-08-17 16:00:00,1133.7999999999997
2022-08-17 17:00:00,1136.9999999999998
2022-08-17 18:00:00,1138.1999999999998
2022-08-17 19:00:00,1141.2999999999997
2022-08-17 20:00:00,1138.8999999999996
2022-08-17 23:00:00,1138.8999999999996
2022-08-18 14:00:00,1138.7999999999997
2022-08-18 14:30:00,1138.7999999999997
2022-08-18 15:00:00,1138.6999999999998
2022-08-18 16:00:00,1140.6999999999998
2022-08-18 17:00:00,1137.2999999999997
2022-08-18 18:00:00,1139.9999999999998
2022-08-18 19:00:00,1140.8999999999996
2022-08-18 20:00:00,1142.6999999999998
2022-08-18 23:00:00,1142.6999999999998
2022-08-19 14:00:00,1131.6999999999998
2022-08-19 14:30:00,1131.6999999999998
2022-08-19 15:00:00,1130.1999999999998
2022-08-19 16:00:00,1128.9999999999998
2022-08-19 17:00:00,1129.6
2022-08-19 18:00:00,1129.1
2022-08-19 19:00:00,1128.6
2022-08-19 20:00:00,1129.6999999999998
2022-08-19 23:00:00,1129.6999999999998
2022-08-22 14:00:00,1118.1999999999998
2022-08-22 14:30:00,1118.1999999999998
2022-08-22 15:00:00,1117.0999999999997
2022-08-22 16:00:00,1117.0999999999997
2022-08-22 17:00:00,1113.3
2022-08-22 18:00:00,1109.5999999999997
2022-08-22 19:00:00,1110.4999999999998
2022-08-22 20:00:00,1110.5999999999997
2022-08-22 23:00:00,1110.5999999999997
2022-08-23 14:00:00,1115.3
2022-08-23 14:30:00,1115.3
2022-08-23 15:00:00,1114.5999999999997
2022-08-23 16:00:00,1112.4999999999998
2022-08-23 17:00:00,1110.3
2022-08-23 18:00:00,1112.3999999999999
2022-08-23 19:00:00,1112.5999999999997
2022-08-23 20:00:00,1111.8999999999999
2022-08-23 23:00:00,1111.8999999999999
2022-08-24 14:00:00,1114.3999999999999
2022-08-24 14:30:00,1114.3999999999999
2022-08-24 15:00:00,1114.3999999999999
2022-08-24 16:00:00,1117.0999999999997
2022-08-24 17:00:00,1112.1999999999998
2022-08-24 18:00:00,1112.3999999999999
2022-08-24 19:00:00,1113.4999999999998
2022-08-24 20:00:00,1115.8
2022-08-24 23:00:00,1115.8
2022-08-25 14:00:00,1122.9999999999998
2022-08-25 14:30:00,1122.9999999999998
2022-08-25 15:00:00,1126.9999999999998
2022-08-25 16:00:00,1121.5999999999997
2022-08-25 17:00:00,1119.3
2022-08-25 18:00:00,1123.9999999999998
2022-08-25 19:00:00,1124.0999999999997
2022-08-25 20:00:00,1130.1
2022-08-25 23:00:00,1130.1
2022-08-26 14:00:00,1129.4999999999998
2022-08-26 14:30:00,1129.4999999999998
2022-08-26 15:00:00,1116.3999999999999
2022-08-26 16:00:00,1113.0999999999997
2022-08-26 17:00:00,1108.6999999999998
2022-08-26 18:00:00,1106.5999999999997
2022-08-26 19:00:00,1102.8
2022-08-26 20:00:00,1094.8
2022-08-26 23:00:00,1094.8
2022-08-29 14:00:00,1086.6999999999998
2022-08-29 14:30:00,1086.6999999999998
2022-08-29 15:00:00,1085.8999999999999
2022-08-29 16:00:00,1090.0999999999997
2022-08-29 17:00:00,1095.8
2022-08-29 18:00:00,1097.1999999999998
2022-08-29 19:00:00,1095.3999999999999
2022-08-29 20:00:00,1090.6999999999998
2022-08-29 23:00:00,1090.6999999999998
2022-08-30 14:00:00,1086.1999999999998
2022-08-30 14:30:00,1086.1999999999998
2022-08-30 15:00:00,1077.0999999999997
2022-08-30 16:00:00,1077.5999999999997
2022-08-30 17:00:00,1077.5999999999997
2022-08-30 18:00:00,1076.5999999999997
2022-08-30 19:00:00,1075.3999999999999
2022-08-30 20:00:00,1077.0999999999997
2022-08-30 23:00:00,1077.0999999999997
2022-08-31 14:30:00,1076.3
2022-08-31 15:00:00,1075.4999999999998
2022-08-31 16:00:00,1074.5999999999997
2022-08-31 17:00:00,1073.8999999999999
2022-08-31 18:00:00,1072.8
2022-08-31 19:00:00,1068.4999999999998
2022-08-31 20:00:00,1068.2999999999997
2022-08-31 23:00:00,1068.2999999999997
2022-09-01 14:30:00,1064.3999999999996
2022-09-01 15:00:00,1059.3
2022-09-01 16:00:00,1061.9999999999998
2022-09-01 17:00:00,1061.3999999999996
2022-09-01 18:00:00,1066.4999999999998
2022-09-01 19:00:00,1066.8999999999996
2022-09-01 20:00:00,1070.2999999999997
2022-09-01 23:00:00,1070.2999999999997
2022-09-02 14:30:00,1073.8999999999999
2022-09-02 15:00:00,1078.9999999999998
2022-09-02 16:00:00,1080.6999999999998
2022-09-02 17:00:00,1070.8999999999996
2022-09-02 18:00:00,1064.4999999999998
2022-09-02 19:00:00,1062.3999999999996
2022-09-02 20:00:00,1061.1999999999998
2022-09-02 23:00:00,1061.1999999999998
2022-09-06 14:30:00,1059.6999999999998
2022-09-06 15:00:00,1064.8999999999996
2022-09-06 16:00:00,1066.1
2022-09-06 17:00:00,1062.1
2022-09-06 18:00:00,1057.6999999999998
2022-09-06 19:00:00,1059.5999999999997
2022-09-06 20:00:00,1061.6999999999998
2022-09-06 23:00:00,1061.6999999999998
2022-09-07 14:30:00,1062.2999999999997
2022-09-07 15:00:00,1065.9999999999998
2022-09-07 16:00:00,1067.7999999999997
2022-09-07 17:00:00,1066.7999999999997
2022-09-07 18:00:00,1073.8
2022-09-07 19:00:00,1074.8999999999999
2022-09-07 20:00:00,1076.9999999999998
2022-09-07 23:00:00,1076.9999999999998
2022-09-08 14:30:00,1070.2999999999997
2022-09-08 15:00:00,1074.3999999999999
2022-09-08 16:00:00,1077.1999999999998
2022-09-08 17:00:00,1072.4999999999998
2022-09-08 18:00:00,1075.9999999999998
2022-09-08 19:00:00,1078.1999999999998
2022-09-08 20:00:00,1079.4999999999998
2022-09-08 23:00:00,1079.4999999999998
2022-09-09 14:30:00,1086.8999999999999
2022-09-09 15:00:00,1091.9999999999998
2022-09-09 16:00:00,1089.1999999999998
2022-09-09 17:00:00,1089.1999999999998
2022-09-09 18:00:00,1091.1999999999998
2022-09-09 18:00:01,1091.1999999999998
2022-09-09 18:00:02,1091.1999999999998
2022-09-09 20:00:00,1093.3
2022-09-09 23:00:00,1092.1999999999998
2022-09-12 14:30:00,1097.4999999999998
2022-09-12 15:00:00,1097.6999999999998
2022-09-12 16:00:00,1097.3
2022-09-12 17:00:00,1095.9999999999998
2022-09-12 18:00:00,1096.8
2022-09-12 19:00:00,1095.8
2022-09-12 20:00:00,1097.6999999999998
2022-09-12 23:00:00,1097.5999999999997
2022-09-13 14:30:00,1079.0999999999997
2022-09-13 15:00:00,1079.3999999999999
2022-09-13 16:00:00,1074.8999999999999
2022-09-13 17:00:00,1075.4999999999998
2022-09-13 18:00:00,1075.3
2022-09-13 19:00:00,1069.3999999999999
2022-09-13 20:00:00,1061.0
2022-09-13 23:00:00,1061.1
2022-09-14 14:30:00,1057.4999999999998
2022-09-14 15:00:00,1057.8
2022-09-14 16:00:00,1056.8999999999999
2022-09-14 17:00:00,1060.3999999999999
2022-09-14 18:00:00,1057.4999999999998
2022-09-14 19:00:00,1057.4999999999998
2022-09-14 20:00:00,1059.5999999999997
2022-09-14 23:00:00,1059.4999999999998
2022-09-15 14:30:00,1058.8999999999999
2022-09-15 15:00:00,1056.8
2022-09-15 16:00:00,1058.4999999999998
2022-09-15 17:00:00,1053.0999999999997
2022-09-15 18:00:00,1057.3
2022-09-15 19:00:00,1055.4999999999998
2022-09-15 20:00:00,1049.4999999999998
2022-09-15 23:00:00,1049.4999999999998
2022-09-16 14:30:00,1023.6999999999998
2022-09-16 15:00:00,1029.1999999999998
2022-09-16 16:00:00,1028.0
2022-09-16 17:00:00,1026.0
2022-09-16 18:00:00,1025.5
2022-09-16 19:00:00,1023.2999999999998
2022-09-16 20:00:00,1030.3999999999999
2022-09-16 23:00:00,1030.1999999999998
2022-09-19 14:30:00,1034.6
2022-09-19 15:00:00,1038.3
2022-09-19 16:00:00,1035.1
2022-09-19 17:00:00,1037.4999999999998
2022-09-19 18:00:00,1035.8999999999999
2022-09-19 19:00:00,1035.3999999999999
2022-09-19 20:00:00,1041.6999999999998
2022-09-19 23:00:00,1041.4999999999998
2022-09-20 14:30:00,1030.1999999999998
2022-09-20 15:00:00,1029.5
2022-09-20 16:00:00,1030.8999999999999
2022-09-20 17:00:00,1031.3999999999999
2022-09-20 18:00:00,1024.8999999999999
2022-09-20 19:00:00,1028.1
2022-09-20 20:00:00,1031.0
2022-09-20 23:00:00,1031.0
2022-09-21 14:30:00,1040.6999999999998
2022-09-21 15:00:00,1043.3
2022-09-21 16:00:00,1040.3
2022-09-21 17:00:00,1041.6999999999998
2022-09-21 18:00:00,1041.6999999999998
2022-09-21 19:00:00,1030.0
2022-09-21 20:00:00,1020.5999999999998
2022-09-21 23:00:00,1018.8999999999999
2022-09-22 14:30:00,1008.0999999999998
2022-09-22 15:00:00,1008.5999999999998
2022-09-22 16:00:00,1008.2999999999998
2022-09-22 17:00:00,1008.1999999999998
2022-09-22 18:00:00,1007.1999999999998
2022-09-22 19:00:00,1006.6999999999998
2022-09-22 20:00:00,1004.4999999999999
2022-09-22 23:00:00,1005.0999999999998
2022-09-23 14:30:00,991.3999999999999
2022-09-23 15:00:00,986.9999999999999
2022-09-23 16:00:00,985.5999999999998
2022-09-23 17:00:00,984.2999999999998
2022-09-23 18:00:00,981.9999999999999
2022-09-23 19:00:00,978.7999999999998
2022-09-23 20:00:00,986.4999999999999
2022-09-23 23:00:00,988.5999999999998
2022-09-26 14:30:00,989.8999999999999
2022-09-26 15:00:00,988.9999999999999
2022-09-26 16:00:00,984.7999999999998
2022-09-26 17:00:00,981.7999999999998
2022-09-26 18:00:00,978.2999999999998
2022-09-26 19:00:00,980.5999999999998
2022-09-26 20:00:00,979.0999999999998
2022-09-26 23:00:00,978.8999999999999
2022-09-27 14:30:00,985.6999999999998
2022-09-27 15:00:00,987.3999999999999
2022-09-27 16:00:00,978.4999999999999
2022-09-27 17:00:00,973.9999999999999
2022-09-27 18:00:00,970.5999999999998
2022-09-27 19:00:00,977.1999999999998
2022-09-27 20:00:00,975.8999999999999
2022-09-27 23:00:00,975.9999999999999
2022-09-28 14:30:00,981.5999999999998
2022-09-28 15:00:00,985.3999999999999
2022-09-28 16:00:00,989.2999999999998
2022-09-28 17:00:00,992.2999999999998
2022-09-28 18:00:00,992.1999999999998
2022-09-28 19:00:00,992.4999999999999
2022-09-28 20:00:00,994.5999999999998
2022-09-28 23:00:00,995.0999999999998
2022-09-29 14:30:00,978.3999999999999
2022-09-29 15:00:00,979.3999999999999
2022-09-29 16:00:00,982.5999999999998
2022-09-29 17:00:00,977.5999999999998
2022-09-29 18:00:00,973.8999999999999
2022-09-29 19:00:00,974.2999999999998
2022-09-29 20:00:00,978.9999999999999
2022-09-29 23:00:00,979.2999999999998
2022-09-30 14:30:00,981.1999999999998
2022-09-30 15:00:00,980.9999999999999
2022-09-30 16:00:00,978.2999999999998
2022-09-30 17:00:00,978.8999999999999
2022-09-30 18:00:00,975.0999999999998
2022-09-30 19:00:00,976.1999999999998
2022-09-30 20:00:00,969.4999999999999
2022-09-30 23:00:00,968.3999999999999
2022-10-03 14:30:00,978.0999999999998
2022-10-03 15:00:00,990.2999999999998
2022-10-03 16:00:00,991.9999999999999
2022-10-03 17:00:00,989.8999999999999
2022-10-03 18:00:00,994.8999999999999
2022-10-03 19:00:00,997.8999999999999
2022-10-03 20:00:00,993.7999999999998
2022-10-03 23:00:00,993.6999999999998
2022-10-04 14:30:00,1017.9999999999999
2022-10-04 15:00:00,1018.7999999999998
2022-10-04 16:00:00,1019.4999999999999
2022-10-04 17:00:00,1018.9999999999999
2022-10-04 18:00:00,1019.4999999999999
2022-10-04 19:00:00,1021.6999999999998
2022-10-04 20:00:00,1020.1999999999998
2022-10-04 23:00:00,1023.6999999999998
2022-10-05 14:30:00,1015.4999999999999
2022-10-05 15:00:00,1010.1999999999998
2022-10-05 16:00:00,1014.9999999999999
2022-10-05 17:00:00,1019.5999999999998
2022-10-05 18:00:00,1020.2999999999998
2022-10-05 19:00:00,1022.3999999999999
2022-10-05 20:00:00,1017.9999999999999
2022-10-05 23:00:00,1017.7999999999998
2022-10-06 14:30:00,1014.8999999999999
2022-10-06 15:00:00,1014.3999999999999
2022-10-06 16:00:00,1012.1999999999998
2022-10-06 17:00:00,1013.7999999999998
2022-10-06 18:00:00,1011.9999999999999
2022-10-06 19:00:00,1006.7999999999998
2022-10-06 20:00:00,1008.2999999999998
2022-10-06 23:00:00,1008.6999999999998
2022-10-07 14:30:00,991.3999999999999
2022-10-07 15:00:00,996.4999999999999
2022-10-07 16:00:00,991.8999999999999
2022-10-07 17:00:00,989.9999999999999
2022-10-07 18:00:00,991.8999999999999
2022-10-07 19:00:00,989.2999999999998
2022-10-07 20:00:00,990.8999999999999
2022-10-07 23:00:00,991.8999999999999
2022-10-10 14:30:00,997.9999999999999
2022-10-10 15:00:00,993.4999999999999
2022-10-10 16:00:00,995.5999999999998
2022-10-10 17:00:00,989.6999999999998
2022-10-10 18:00:00,995.6999999999998
2022-10-10 19:00:00,995.0999999999998
2022-10-10 20:00:00,994.3999999999999
2022-10-10 23:00:00,994.3999999999999
2022-10-11 14:30:00,990.6999999999998
2022-10-11 15:00:00,993.4999999999999
2022-10-11 16:00:00,1001.8999999999999
2022-10-11 17:00:00,1003.5999999999998
2022-10-11 18:00:00,1002.7999999999998
2022-10-11 19:00:00,996.7999999999998
2022-10-11 20:00:00,994.0999999999998
2022-10-11 23:00:00,994.1999999999998
2022-10-12 14:30:00,994.5999999999998
2022-10-12 15:00:00,994.1999999999998
2022-10-12 16:00:00,994.0999999999998
2022-10-12 17:00:00,993.6999999999998
2022-10-12 18:00:00,990.9999999999999
2022-10-12 19:00:00,993.3999999999999
2022-10-12 20:00:00,990.3999999999999
2022-10-12 23:00:00,987.2999999999998
2022-10-13 14:30:00,975.3999999999999
2022-10-13 15:00:00,980.6999999999998
2022-10-13 16:00:00,999.8999999999999
2022-10-13 17:00:00,1001.5999999999998
2022-10-13 18:00:00,1004.7999999999998
2022-10-13 19:00:00,1008.0999999999998
2022-10-13 20:00:00,1007.0999999999998
2022-10-13 23:00:00,1005.9999999999999
2022-10-14 14:30:00,1007.9999999999999
2022-10-14 15:00:00,995.4999999999999
2022-10-14 16:00:00,990.2999999999998
2022-10-14 17:00:00,989.8999999999999
2022-10-14 18:00:00,990.3999999999999
2022-10-14 19:00:00,985.7999999999998
2022-10-14 20:00:00,986.4999999999999
2022-10-14 23:00:00,985.9999999999999
2022-10-17 14:30:00,1003.1999999999998
2022-10-17 15:00:00,1001.6999999999998
2022-10-17 16:00:00,1005.9999999999999
2022-10-17 17:00:00,1004.2999999999998
2022-10-17 18:00:00,1007.4999999999999
2022-10-17 19:00:00,1005.7999999999998
2022-10-17 20:00:00,1005.4999999999999
2022-10-17 23:00:00,1005.5999999999998
2022-10-18 14:30:00,1021.5999999999998
2022-10-18 15:00:00,1021.7999999999998
2022-10-18 16:00:00,1017.9999999999999
2022-10-18 17:00:00,1025.7999999999997
2022-10-18 18:00:00,1027.3999999999999
2022-10-18 19:00:00,1021.9999999999999
2022-10-18 20:00:00,1026.8999999999999
2022-10-18 23:00:00,1026.0
2022-10-19 14:30:00,1019.4999999999999
2022-10-19 15:00:00,1023.6999999999998
2022-10-19 16:00:00,1025.6999999999998
2022-10-19 17:00:00,1018.0999999999998
2022-10-19 18:00:00,1014.2999999999998
2022-10-19 19:00:00,1017.0999999999998
2022-10-19 20:00:00,1018.5999999999998
2022-10-19 23:00:00,1020.1999999999998
2022-10-20 14:30:00,1015.5999999999998
2022-10-20 15:00:00,1018.4999999999999
2022-10-20 16:00:00,1013.9999999999999
2022-10-20 17:00:00,1007.0999999999998
2022-10-20 18:00:00,1002.7999999999998
2022-10-20 19:00:00,1002.2999999999998
2022-10-20 20:00:00,1002.1999999999998
2022-10-20 23:00:00,1002.1999999999998
2022-10-21 14:30:00,1012.5999999999998
2022-10-21 15:00:00,1007.4999999999999
2022-10-21 16:00:00,1015.9999999999999
2022-10-21 17:00:00,1021.0999999999998
2022-10-21 18:00:00,1022.0999999999998
2022-10-21 19:00:00,1021.6999999999998
2022-10-21 20:00:00,1026.1
2022-10-21 23:00:00,1026.2999999999997
2022-10-24 14:30:00,1040.8
2022-10-24 15:00:00,1036.5999999999997
2022-10-24 16:00:00,1040.0999999999997
2022-10-24 17:00:00,1037.3
2022-10-24 18:00:00,1036.9999999999998
2022-10-24 19:00:00,1039.9999999999998
2022-10-24 20:00:00,1038.8
2022-10-24 23:00:00,1038.4999999999998
2022-10-25 14:30:00,1044.9999999999998
2022-10-25 15:00:00,1043.3
2022-10-25 16:00:00,1045.5999999999997
2022-10-25 17:00:00,1046.5999999999997
2022-10-25 18:00:00,1046.3
2022-10-25 19:00:00,1046.4999999999998
2022-10-25 20:00:00,1050.4999999999998
2022-10-25 23:00:00,1050.0999999999997
2022-10-26 14:30:00,1052.0999999999997
2022-10-26 15:00:00,1061.3999999999999
2022-10-26 16:00:00,1064.1999999999998
2022-10-26 17:00:00,1063.6999999999998
2022-10-26 18:00:00,1057.3999999999999
2022-10-26 19:00:00,1054.3
2022-10-26 20:00:00,1053.4999999999998
2022-10-26 23:00:00,1053.4999999999998
2022-10-27 14:30:00,1064.0
2022-10-27 15:00:00,1073.3
2022-10-27 16:00:00,1067.1
2022-10-27 17:00:00,1066.6
2022-10-27 18:00:00,1070.7999999999997
2022-10-27 19:00:00,1065.6999999999998
2022-10-27 20:00:00,1064.6999999999998
2022-10-27 23:00:00,1064.2999999999997
2022-10-28 14:30:00,1072.1999999999998
2022-10-28 15:00:00,1073.4999999999998
2022-10-28 16:00:00,1079.3
2022-10-28 17:00:00,1080.8999999999999
2022-10-28 18:00:00,1083.0999999999997
2022-10-28 19:00:00,1085.1999999999998
2022-10-28 20:00:00,1086.4999999999998
2022-10-28 23:00:00,1086.4999999999998
2022-10-31 13:30:00,1081.9999999999998
2022-10-31 14:00:00,1083.3999999999999
2022-10-31 15:00:00,1085.3999999999999
2022-10-31 16:00:00,1084.0999999999997
2022-10-31 17:00:00,1084.9999999999998
2022-10-31 18:00:00,1086.1999999999998
2022-10-31 19:00:00,1083.6999999999998
2022-10-31 23:00:00,1083.0999999999997
2022-11-01 13:30:00,1088.4999999999998
2022-11-01 14:00:00,1077.4999999999998
2022-11-01 15:00:00,1080.4999999999998
2022-11-01 16:00:00,1083.4999999999998
2022-11-01 17:00:00,1081.8999999999999
2022-11-01 18:00:00,1083.1999999999998
2022-11-01 19:00:00,1082.6999999999998
2022-11-01 23:00:00,1082.8999999999999
2022-11-02 13:30:00,1077.4999999999998
2022-11-02 14:00:00,1077.6999999999998
2022-11-02 15:00:00,1084.5999999999997
2022-11-02 16:00:00,1080.5999999999997
2022-11-02 17:00:00,1084.8999999999999
2022-11-02 18:00:00,1080.5999999999997
2022-11-02 19:00:00,1065.1
2022-11-02 23:00:00,1065.7999999999997
2022-11-03 13:30:00,1057.3999999999999
2022-11-03 14:00:00,1074.9999999999998
2022-11-03 15:00:00,1076.9999999999998
2022-11-03 16:00:00,1077.8999999999999
2022-11-03 17:00:00,1079.0999999999997
2022-11-03 18:00:00,1081.5999999999997
2022-11-03 19:00:00,1074.9999999999998
2022-11-03 23:00:00,1075.0999999999997
2022-11-04 13:30:00,1085.3
2022-11-04 14:00:00,1090.4999999999998
2022-11-04 15:00:00,1080.4999999999998
2022-11-04 16:00:00,1077.5999999999997
2022-11-04 17:00:00,1078.8
2022-11-04 18:00:00,1084.8999999999999
2022-11-04 19:00:00,1089.9999999999998
2022-11-04 23:00:00,1090.0999999999997
2022-11-07 14:30:00,1088.5999999999997
2022-11-07 15:00:00,1093.3
2022-11-07 16:00:00,1091.3
2022-11-07 17:00:00,1094.8
2022-11-07 18:00:00,1095.0999999999997
2022-11-07 19:00:00,1098.6999999999998
2022-11-07 20:00:00,1099.9999999999998
2022-11-07 23:00:00,1099.9999999999998
2022-11-08 14:30:00,1101.9999999999998
2022-11-08 15:00:00,1110.3999999999999
2022-11-08 16:00:00,1111.0999999999997
2022-11-08 17:00:00,1110.9999999999998
2022-11-08 18:00:00,1103.9999999999998
2022-11-08 19:00:00,1105.3999999999999
2022-11-08 20:00:00,1108.0999999999997
2022-11-08 23:00:00,1108.0999999999997
2022-11-09 14:30:00,1101.3999999999999
2022-11-09 15:00:00,1102.1999999999998
2022-11-09 16:00:00,1106.4999999999998
2022-11-09 17:00:00,1103.0999999999997
2022-11-09 18:00:00,1100.3999999999999
2022-11-09 19:00:00,1096.9999999999998
2022-11-09 20:00:00,1094.8
2022-11-09 23:00:00,1093.9999999999998
2022-11-10 14:30:00,1120.3
2022-11-10 15:00:00,1129.0
2022-11-10 16:00:00,1130.6
2022-11-10 17:00:00,1120.9999999999998
2022-11-10 18:00:00,1127.4999999999998
2022-11-10 19:00:00,1132.1
2022-11-10 20:00:00,1134.8999999999999
2022-11-10 23:00:00,1135.3999999999999
2022-11-11 14:30:00,1133.6999999999998
2022-11-11 15:00:00,1136.1
2022-11-11 16:00:00,1135.3999999999999
2022-11-11 17:00:00,1135.3999999999999
2022-11-11 18:00:00,1135.1
2022-11-11 19:00:00,1137.8999999999999
2022-11-11 20:00:00,1134.7999999999997
2022-11-11 23:00:00,1134.6999999999998
2022-11-14 14:30:00,1137.7999999999997
2022-11-14 15:00:00,1138.6
2022-11-14 16:00:00,1138.3999999999999
2022-11-14 17:00:00,1139.2999999999997
2022-11-14 18:00:00,1141.8999999999999
2022-11-14 19:00:00,1138.1
2022-11-14 20:00:00,1128.5
2022-11-14 23:00:00,1128.5
2022-11-15 14:30:00,1137.7999999999997
2022-11-15 15:00:00,1139.1999999999998
2022-11-15 16:00:00,1137.1999999999998
2022-11-15 17:00:00,1136.1
2022-11-15 18:00:00,1132.6999999999998
2022-11-15 19:00:00,1134.0
2022-11-15 20:00:00,1134.8999999999999
2022-11-15 23:00:00,1135.1
2022-11-16 14:30:00,1128.5
2022-11-16 15:00:00,1130.7999999999997
2022-11-16 16:00:00,1130.2999999999997
2022-11-16 17:00:00,1131.2999999999997
2022-11-16 18:00:00,1127.8999999999999
2022-11-16 19:00:00,1127.8999999999999
2022-11-16 20:00:00,1127.8999999999999
2022-11-16 23:00:00,1127.8999999999999
2022-11-17 14:30:00,1116.8999999999999
2022-11-17 15:00:00,1110.0999999999997
2022-11-17 16:00:00,1110.8999999999999
2022-11-17 17:00:00,1120.3
2022-11-17 18:00:00,1120.4999999999998
2022-11-17 19:00:00,1121.0999999999997
2022-11-17 20:00:00,1125.9999999999998
2022-11-17 23:00:00,1125.9999999999998
2022-11-18 14:30:00,1130.7999999999997
2022-11-18 15:00:00,1131.5
2022-11-18 16:00:00,1131.7999999999997
2022-11-18 17:00:00,1128.2999999999997
2022-11-18 18:00:00,1128.6
2022-11-18 19:00:00,1129.1
2022-11-18 20:00:00,1132.3999999999999
2022-11-18 23:00:00,1132.2999999999997
2022-11-21 14:30:00,1134.6999999999998
2022-11-21 15:00:00,1132.8999999999999
2022-11-21 16:00:00,1131.8999999999999
2022-11-21 17:00:00,1134.6
2022-11-21 18:00:00,1138.1
2022-11-21 19:00:00,1136.1999999999998
2022-11-21 20:00:00,1136.1
2022-11-21 23:00:00,1136.6
2022-11-22 14:30:00,1144.0
2022-11-22 15:00:00,1143.2999999999997
2022-11-22 16:00:00,1140.6999999999998
2022-11-22 17:00:00,1140.3999999999999
2022-11-22 18:00:00,1141.6
2022-11-22 19:00:00,1141.8999999999999
2022-11-22 20:00:00,1142.8999999999999
2022-11-22 23:00:00,1143.2999999999997
2022-11-23 14:30:00,1148.0999999999997
2022-11-23 15:00:00,1148.8
2022-11-23 16:00:00,1145.3999999999999
2022-11-23 17:00:00,1145.8999999999999
2022-11-23 18:00:00,1146.8
2022-11-23 19:00:00,1147.9999999999998
2022-11-23 20:00:00,1147.3
2022-11-23 23:00:00,1146.8999999999999
2022-11-25 14:30:00,1149.4999999999998
2022-11-25 15:00:00,1151.4999999999998
2022-11-25 16:00:00,1150.9999999999998
2022-11-25 17:00:00,1150.0999999999997
2022-11-25 18:00:00,1151.6999999999998
2022-11-25 23:00:00,1151.6999999999998
2022-11-28 14:30:00,1142.1
2022-11-28 15:00:00,1141.7999999999997
2022-11-28 16:00:00,1141.1
2022-11-28 17:00:00,1138.2999999999997
2022-11-28 18:00:00,1137.1999999999998
2022-11-28 19:00:00,1131.8999999999999
2022-11-28 20:00:00,1132.2999999999997
2022-11-28 23:00:00,1132.2999999999997
2022-11-29 14:30:00,1135.3999999999999
2022-11-29 15:00:00,1137.1
2022-11-29 16:00:00,1133.1999999999998
2022-11-29 17:00:00,1134.7999999999997
2022-11-29 18:00:00,1135.7999999999997
2022-11-29 19:00:00,1135.3999999999999
2022-11-29 20:00:00,1138.3999999999999
2022-11-29 23:00:00,1138.3999999999999
2022-11-30 14:30:00,1135.0
2022-11-30 15:00:00,1130.1999999999998
2022-11-30 16:00:00,1131.3999999999999
2022-11-30 17:00:00,1127.5999999999997
2022-11-30 18:00:00,1139.7999999999997
2022-11-30 19:00:00,1145.1
2022-11-30 20:00:00,1154.9999999999998
2022-11-30 23:00:00,1154.9999999999998
2022-12-01 14:30:00,1157.9999999999998
2022-12-01 15:00:00,1152.3
2022-12-01 16:00:00,1153.5999999999997
2022-12-01 17:00:00,1153.6999999999998
2022-12-01 18:00:00,1152.8
2022-12-01 19:00:00,1153.5999999999997
2022-12-01 20:00:00,1154.5999999999997
2022-12-01 23:00:00,1154.5999999999997
2022-12-02 14:30:00,1146.1
2022-12-02 15:00:00,1151.5999999999997
2022-12-02 16:00:00,1157.9999999999998
2022-12-02 17:00:00,1158.3
2022-12-02 18:00:00,1156.4999999999998
2022-12-02 19:00:00,1161.7
2022-12-02 20:00:00,1160.0999999999997
2022-12-02 23:00:00,1160.0999999999997
2022-12-05 14:30:00,1146.3999999999999
2022-12-05 15:00:00,1147.8
2022-12-05 16:00:00,1144.1999999999998
2022-12-05 17:00:00,1145.0
2022-12-05 18:00:00,1144.6
2022-12-05 19:00:00,1142.3999999999999
2022-12-05 20:00:00,1142.8999999999999
2022-12-05 23:00:00,1142.8999999999999
2022-12-06 14:30:00,1140.3999999999999
2022-12-06 15:00:00,1134.2999999999997
2022-12-06 16:00:00,1133.7999999999997
2022-12-06 17:00:00,1132.6999999999998
2022-12-06 18:00:00,1127.3
2022-12-06 19:00:00,1125.4999999999998
2022-12-06 20:00:00,1131.3999999999999
2022-12-06 23:00:00,1131.3999999999999
2022-12-07 14:30:00,1130.1
2022-12-07 15:00:00,1135.2999999999997
2022-12-07 16:00:00,1130.5
2022-12-07 17:00:00,1131.3999999999999
2022-12-07 18:00:00,1131.1999999999998
2022-12-07 19:00:00,1131.1
2022-12-07 20:00:00,1129.6
2022-12-07 23:00:00,1129.6
2022-12-08 14:30:00,1138.1999999999998
2022-12-08 15:00:00,1139.7999999999997
2022-12-08 15:23:00,1139.7999999999997
2022-12-08 16:00:00,1138.7999999999997
2022-12-08 17:00:00,1134.1999999999998
2022-12-08 18:00:00,1137.0
2022-12-08 19:00:00,1132.3999999999999
2022-12-08 20:00:00,1135.1
2022-12-08 23:00:00,1135.1
2022-12-09 14:30:00,1137.1
2022-12-09 15:00:00,1134.5
2022-12-09 19:00:00,1131.2999999999997
2022-12-09 20:00:00,1127.0999999999997
2022-12-09 23:00:00,1127.0999999999997
2022-12-12 14:30:00,1129.1
2022-12-12 15:00:00,1131.7999999999997
2022-12-12 16:00:00,1133.3999999999999
2022-12-12 17:00:00,1133.3999999999999
2022-12-12 18:00:00,1134.1999999999998
2022-12-12 19:00:00,1134.1999999999998
2022-12-12 20:00:00,1143.6999999999998
2022-12-12 23:00:00,1143.6999999999998
2022-12-13 14:30:00,1162.3
2022-12-13 15:00:00,1149.5999999999997
2022-12-13 16:00:00,1152.8
2022-12-13 17:00:00,1140.5
2022-12-13 18:00:00,1146.6999999999998
2022-12-13 18:00:01,1146.6999999999998
2022-12-13 19:00:00,1148.2999999999997
2022-12-13 20:00:00,1147.1999999999998
2022-12-13 23:00:00,1147.0999999999997
2022-12-14 14:30:00,1152.1999999999998
2022-12-14 15:00:00,1155.7999999999997
2022-12-14 16:00:00,1156.1999999999998
2022-12-14 17:00:00,1155.5999999999997
2022-12-14 18:00:00,1157.5999999999997
2022-12-14 19:00:00,1139.9999999999998
2022-12-14 20:00:00,1145.1999999999998
2022-12-14 23:00:00,1145.2999999999997
2022-12-15 14:30:00,1125.2999999999997
2022-12-15 15:00:00,1121.6999999999998
2022-12-15 16:00:00,1118.1999999999998
2022-12-15 17:00:00,1119.8999999999999
2022-12-15 18:00:00,1115.1999999999998
2022-12-15 19:00:00,1115.6999999999998
2022-12-15 20:00:00,1118.7999999999997
2022-12-15 23:00:00,1119.1999999999998
2022-12-16 14:30:00,1113.1999999999998
2022-12-16 15:00:00,1110.5999999999997
2022-12-16 16:00:00,1106.5999999999997
2022-12-16 17:00:00,1107.1999999999998
2022-12-16 18:00:00,1108.5999999999997
2022-12-16 20:00:00,1115.2999999999997
2022-12-16 23:00:00,1114.9999999999998
2022-12-19 14:30:00,1117.5999999999997
2022-12-19 15:00:00,1118.9999999999998
2022-12-19 16:00:00,1116.8999999999999
2022-12-19 17:00:00,1115.4999999999998
2022-12-19 18:00:00,1112.7999999999997
2022-12-19 19:00:00,1110.4999999999998
2022-12-19 20:00:00,1109.6999999999998
2022-12-19 23:00:00,1109.7999999999997
2022-12-20 14:30:00,1108.4999999999998
2022-12-20 15:00:00,1115.3999999999999
2022-12-20 16:00:00,1111.0999999999997
2022-12-20 18:00:00,1113.6999999999998
2022-12-20 19:00:00,1116.1999999999998
2022-12-20 20:00:00,1111.3999999999999
2022-12-20 23:00:00,1111.3999999999999
2022-12-21 14:30:00,1119.5999999999997
2022-12-21 15:00:00,1126.2999999999997
2022-12-21 16:00:00,1125.1999999999998
2022-12-21 17:00:00,1126.1999999999998
2022-12-21 19:00:00,1130.1
2022-12-21 20:00:00,1128.8999999999996
2022-12-21 23:00:00,1129.1
2022-12-22 14:30:00,1117.5999999999997
2022-12-22 15:00:00,1115.8999999999999
2022-12-22 16:00:00,1110.4999999999998
2022-12-22 17:00:00,1105.1999999999998
2022-12-22 18:00:00,1102.9999999999998
2022-12-22 19:00:00,1109.0999999999997
2022-12-22 20:00:00,1115.5999999999997
2022-12-22 23:00:00,1116.0999999999997
2022-12-23 14:30:00,1112.5999999999997
2022-12-23 15:00:00,1116.3999999999999
2022-12-23 16:00:00,1119.7999999999997
2022-12-23 17:00:00,1122.2999999999997
2022-12-23 20:00:00,1121.1999999999998
2022-12-23 23:00:00,1121.2999999999997
2022-12-27 14:30:00,1121.9999999999998
2022-12-27 15:00:00,1128.4999999999998
2022-12-27 16:00:00,1128.0999999999997
2022-12-27 17:00:00,1128.4999999999998
2022-12-27 18:00:00,1124.4999999999998
2022-12-27 19:00:00,1124.3999999999999
2022-12-27 20:00:00,1124.6999999999998
2022-12-27 23:00:00,1124.6999999999998
2022-12-28 14:30:00,1124.9999999999998
2022-12-28 15:00:00,1119.7999999999997
2022-12-28 16:00:00,1119.1999999999998
2022-12-28 17:00:00,1113.9999999999998
2022-12-28 18:00:00,1118.8999999999999
2022-12-28 19:00:00,1116.1999999999998
2022-12-28 20:00:00,1112.1999999999998
2022-12-28 23:00:00,1112.0999999999997
2022-12-29 14:30:00,1118.2999999999997
2022-12-29 15:00:00,1120.0999999999997
2022-12-29 16:00:00,1122.7999999999997
2022-12-29 17:00:00,1125.3999999999999
2022-12-29 18:00:00,1123.3999999999999
2022-12-29 19:00:00,1124.6999999999998
2022-12-29 20:00:00,1123.7999999999997
2022-12-29 23:00:00,1123.4999999999998
2022-12-30 14:30:00,1116.0999999999997
2022-12-30 15:00:00,1118.7999999999997
2022-12-30 16:00:00,1115.4999999999998
2022-12-30 17:00:00,1116.4999999999998
2022-12-30 18:00:00,1113.2999999999997
2022-12-30 20:00:00,1119.6999999999998
2022-12-30 23:00:00,1118.7999999999997
2023-01-03 14:30:00,1117.3999999999999
2023-01-03 15:00:00,1119.6999999999998
2023-01-03 16:00:00,1115.9999999999998
2023-01-03 17:00:00,1115.9999999999998
2023-01-03 19:00:00,1116.5999999999997
2023-01-03 20:00:00,1120.8999999999999
2023-01-03 23:00:00,1121.1999999999998
2023-01-04 14:30:00,1129.4999999999998
2023-01-04 15:00:00,1125.9999999999998
2023-01-04 16:00:00,1132.4999999999998
2023-01-04 17:00:00,1131.9999999999998
2023-01-04 18:00:00,1131.7999999999997
2023-01-04 19:00:00,1127.1999999999998
2023-01-04 20:00:00,1129.9999999999998
2023-01-04 23:00:00,1130.1
2023-01-05 14:30:00,1122.9999999999998
2023-01-05 15:00:00,1121.0999999999997
2023-01-05 16:00:00,1116.7999999999997
2023-01-05 17:00:00,1119.2999999999997
2023-01-05 18:00:00,1119.4999999999998
2023-01-05 19:00:00,1120.8999999999999
2023-01-05 20:00:00,1118.2999999999997
2023-01-05 23:00:00,1118.4999999999998
2023-01-06 14:30:00,1131.3999999999996
2023-01-06 15:00:00,1143.8999999999996
2023-01-06 16:00:00,1146.3999999999996
2023-01-06 17:00:00,1138.6999999999998
2023-01-06 18:00:00,1140.6
2023-01-06 19:00:00,1145.7999999999997
2023-01-06 20:00:00,1145.7999999999997
2023-01-06 23:00:00,1145.7999999999997
2023-01-09 14:30:00,1148.9999999999998
2023-01-09 15:00:00,1154.6999999999998
2023-01-09 16:00:00,1155.6999999999998
2023-01-09 17:00:00,1151.0999999999997
2023-01-09 18:00:00,1146.7999999999997
2023-01-09 19:00:00,1141.1999999999998
2023-01-09 20:00:00,1142.1
2023-01-09 23:00:00,1141.3999999999996
2023-01-10 14:30:00,1138.6
2023-01-10 15:00:00,1140.6999999999998
2023-01-10 16:00:00,1143.4999999999998
2023-01-10 17:00:00,1143.1999999999998
2023-01-10 18:00:00,1144.3999999999996
2023-01-10 19:00:00,1144.7999999999997
2023-01-10 20:00:00,1146.8999999999999
2023-01-10 23:00:00,1146.6999999999998
2023-01-11 14:30:00,1151.6999999999998
2023-01-11 15:00:00,1147.3999999999999
2023-01-11 16:00:00,1149.1999999999998
2023-01-11 17:00:00,1151.2999999999997
2023-01-11 18:00:00,1151.6999999999998
2023-01-11 19:00:00,1154.2999999999997
2023-01-11 20:00:00,1156.7999999999997
2023-01-11 23:00:00,1156.7999999999997
2023-01-12 14:30:00,1157.0999999999997
2023-01-12 15:00:00,1160.2999999999997
2023-01-12 16:00:00,1159.1999999999998
2023-01-12 17:00:00,1164.6999999999998
2023-01-12 18:00:00,1165.1999999999998
2023-01-12 19:00:00,1161.5999999999997
2023-01-12 20:00:00,1161.6999999999998
2023-01-12 23:00:00,1161.9999999999998
2023-01-13 14:30:00,1155.3999999999999
2023-01-13 15:00:00,1157.0999999999997
2023-01-13 16:00:00,1154.4999999999998
2023-01-13 17:00:00,1155.5999999999997
2023-01-13 18:00:00,1156.9999999999998
2023-01-13 19:00:00,1155.9999999999998
2023-01-13 20:00:00,1160.7999999999997
2023-01-13 23:00:00,1160.7999999999997
2023-01-17 14:30:00,1157.5999999999997
2023-01-17 15:00:00,1159.5999999999997
2023-01-17 16:00:00,1154.9999999999998
2023-01-17 17:00:00,1154.4999999999998
2023-01-17 18:00:00,1154.2999999999997
2023-01-17 19:00:00,1153.7999999999997
2023-01-17 20:00:00,1151.4999999999998
2023-01-17 23:00:00,1151.4999999999998
2023-01-18 14:30:00,1154.6999999999998
2023-01-18 15:00:00,1148.9999999999998
2023-01-18 16:00:00,1140.4999999999998
2023-01-18 17:00:00,1139.6999999999998
2023-01-18 18:00:00,1139.2999999999997
2023-01-18 19:00:00,1136.8999999999996
2023-01-18 20:00:00,1131.9999999999998
2023-01-18 23:00:00,1131.9999999999998
2023-01-19 14:30:00,1120.7999999999997
2023-01-19 15:00:00,1115.2999999999997
2023-01-19 16:00:00,1113.1999999999998
2023-01-19 17:00:00,1113.8999999999999
2023-01-19 18:00:00,1116.6999999999998
2023-01-19 19:00:00,1117.2999999999997
2023-01-19 20:00:00,1111.1999999999998
2023-01-19 23:00:00,1111.1999999999998
2023-01-20 14:30:00,1109.5999999999997
2023-01-20 15:00:00,1114.8999999999999
2023-01-20 16:00:00,1117.4999999999998
2023-01-20 17:00:00,1117.1999999999998
2023-01-20 18:00:00,1119.6999999999998
2023-01-20 19:00:00,1120.7999999999997
2023-01-20 20:00:00,1124.5999999999997
2023-01-20 23:00:00,1124.5999999999997
2023-01-23 14:30:00,1127.1999999999998
2023-01-23 15:00:00,1133.4999999999998
2023-01-23 16:00:00,1135.6999999999998
2023-01-23 17:00:00,1136.9999999999998
2023-01-23 18:00:00,1138.2999999999997
2023-01-23 19:00:00,1131.9999999999998
2023-01-23 20:00:00,1135.6999999999998
2023-01-23 23:00:00,1135.6999999999998
2023-01-24 14:30:00,1128.9999999999998
2023-01-24 15:00:00,1137.6
2023-01-24 16:00:00,1140.6
2023-01-24 18:00:00,1144.6
2023-01-24 19:00:00,1143.1
2023-01-24 20:00:00,1142.4999999999998
2023-01-24 21:00:00,1147.5999999999997
2023-01-24 23:00:00,1147.5999999999997
2023-01-25 14:30:00,1127.9999999999998
2023-01-25 15:00:00,1124.6999999999998
2023-01-25 16:00:00,1126.3999999999999
2023-01-25 18:00:00,1135.9999999999998
2023-01-25 19:00:00,1136.6
2023-01-25 20:00:00,1136.1999999999998
2023-01-25 21:00:00,1136.2999999999997
2023-01-25 23:00:00,1136.2999999999997
2023-01-26 14:30:00,1129.8999999999996
2023-01-26 15:00:00,1132.1
2023-01-26 16:00:00,1137.1
2023-01-26 17:00:00,1138.2999999999997
2023-01-26 18:00:00,1140.4999999999998
2023-01-26 19:00:00,1141.2999999999997
2023-01-26 20:00:00,1142.2999999999997
2023-01-26 23:00:00,1142.2999999999997
2023-01-27 14:30:00,1145.2999999999997
2023-01-27 15:00:00,1143.4999999999998
2023-01-27 16:00:00,1146.1
2023-01-27 17:00:00,1145.1999999999998
2023-01-27 19:00:00,1148.9999999999998
2023-01-27 20:00:00,1145.6
2023-01-27 23:00:00,1145.6
2023-01-30 14:30:00,1144.2999999999997
2023-01-30 15:00:00,1144.3999999999996
2023-01-30 16:00:00,1141.1
2023-01-30 17:00:00,1140.9999999999998
2023-01-30 18:00:00,1141.8999999999996
2023-01-30 19:00:00,1137.8999999999996
2023-01-30 20:00:00,1134.9999999999998
2023-01-30 23:00:00,1134.9999999999998
2023-01-31 14:30:00,1137.3999999999996
2023-01-31 15:00:00,1140.8999999999996
2023-01-31 16:00:00,1143.4999999999998
2023-01-31 17:00:00,1146.1999999999998
2023-01-31 18:00:00,1147.2999999999997
2023-01-31 19:00:00,1147.1999999999998
2023-01-31 20:00:00,1153.1999999999998
2023-01-31 23:00:00,1153.1999999999998
2023-02-01 14:30:00,1151.8999999999999
2023-02-01 15:00:00,1145.2999999999997
2023-02-01 16:00:00,1147.8999999999999
2023-02-01 17:00:00,1145.4999999999998
2023-02-01 18:00:00,1150.1999999999998
2023-02-01 19:00:00,1155.9999999999998
2023-02-01 20:00:00,1160.2999999999997
2023-02-01 23:00:00,1160.2999999999997
2023-02-02 14:30:00,1159.9999999999998
2023-02-02 15:00:00,1166.5999999999997
2023-02-02 16:00:00,1165.4999999999998
2023-02-02 17:00:00,1168.1999999999998
2023-02-02 18:00:00,1172.5999999999997
2023-02-02 19:00:00,1166.7999999999997
2023-02-02 20:00:00,1167.9999999999998
2023-02-02 23:00:00,1167.9999999999998
2023-02-03 14:30:00,1163.2999999999997
2023-02-03 15:00:00,1168.9999999999998
2023-02-03 16:00:00,1165.4999999999998
2023-02-03 17:00:00,1165.0999999999997
2023-02-03 18:00:00,1162.4999999999998
2023-02-03 19:00:00,1162.5999999999997
2023-02-03 20:00:00,1161.7999999999997
2023-02-03 23:00:00,1161.7999999999997
2023-02-06 14:30:00,1159.5999999999997
2023-02-06 15:00:00,1159.2999999999997
2023-02-06 16:00:00,1159.3999999999999
2023-02-06 17:00:00,1159.0999999999997
2023-02-06 18:00:00,1158.9999999999998
2023-02-06 19:00:00,1158.9999999999998
2023-02-06 20:00:00,1159.5999999999997
2023-02-06 23:00:00,1159.5999999999997
2023-02-07 14:30:00,1154.2999999999997
2023-02-07 15:00:00,1147.8999999999999
2023-02-07 16:00:00,1151.7999999999997
2023-02-07 17:00:00,1157.4999999999998
2023-02-07 18:00:00,1147.3999999999999
2023-02-07 19:00:00,1159.8999999999999
2023-02-07 20:00:00,1162.7999999999997
2023-02-07 23:00:00,1162.7999999999997
2023-02-08 14:30:00,1159.8999999999999
2023-02-08 15:00:00,1158.2999999999997
2023-02-08 16:00:00,1156.1999999999998
2023-02-08 18:00:00,1159.8999999999999
2023-02-08 19:00:00,1155.5999999999997
2023-02-08 20:00:00,1155.7999999999997
2023-02-08 23:00:00,1155.7999999999997
2023-02-09 14:30:00,1157.9999999999998
2023-02-09 15:00:00,1159.5999999999997
2023-02-09 16:00:00,1156.2999999999997
2023-02-09 17:00:00,1151.7999999999997
2023-02-09 18:00:00,1150.6999999999998
2023-02-09 19:00:00,1148.6999999999998
2023-02-09 20:00:00,1146.2999999999997
2023-02-09 23:00:00,1146.2999999999997
2023-02-10 14:30:00,1146.1999999999998
2023-02-10 15:00:00,1149.9999999999998
2023-02-10 16:00:00,1149.9999999999998
2023-02-10 17:00:00,1151.3999999999999
2023-02-10 18:00:00,1152.9999999999998
2023-02-10 19:00:00,1152.1999999999998
2023-02-10 20:00:00,1153.9999999999998
2023-02-10 23:00:00,1153.9999999999998
2023-02-13 14:30:00,1157.1999999999998
2023-02-13 15:00:00,1162.1999999999998
2023-02-13 16:00:00,1160.7999999999997
2023-02-13 17:00:00,1162.2999999999997
2023-02-13 18:00:00,1161.9999999999998
2023-02-13 19:00:00,1160.5999999999997
2023-02-13 20:00:00,1163.1999999999998
2023-02-13 23:00:00,1163.1999999999998
2023-02-14 14:30:00,1162.6999999999998
2023-02-14 15:00:00,1153.0999999999997
2023-02-14 16:00:00,1150.6999999999998
2023-02-14 17:00:00,1157.2999999999997
2023-02-14 18:00:00,1160.5999999999997
2023-02-14 19:00:00,1162.7999999999997
2023-02-14 20:00:00,1159.7999999999997
2023-02-14 21:00:00,1158.8999999999999
2023-02-14 23:00:00,1158.8999999999999
2023-02-15 14:30:00,1154.3999999999999
2023-02-15 15:00:00,1159.2999999999997
2023-02-15 16:00:00,1162.6999999999998
2023-02-15 17:00:00,1159.5999999999997
2023-02-15 18:00:00,1164.5999999999997
2023-02-15 19:00:00,1164.1999999999998
2023-02-15 20:00:00,1165.9999999999998
2023-02-15 23:00:00,1165.9999999999998
2023-02-16 14:30:00,1153.5999999999997
2023-02-16 15:00:00,1157.5999999999997
2023-02-16 16:00:00,1158.8999999999999
2023-02-16 17:00:00,1162.2999999999997
2023-02-16 18:00:00,1160.3999999999999
2023-02-16 19:00:00,1160.9999999999998
2023-02-16 20:00:00,1154.3999999999999
2023-02-16 23:00:00,1154.3999999999999
2023-02-17 14:30:00,1151.6999999999998
2023-02-17 15:00:00,1154.0999999999997
2023-02-17 16:00:00,1156.4999999999998
2023-02-17 17:00:00,1156.2999999999997
2023-02-17 18:00:00,1158.9999999999998
2023-02-17 19:00:00,1161.7999999999997
2023-02-17 20:00:00,1161.5999999999997
2023-02-17 23:00:00,1161.5999999999997
2023-02-21 14:30:00,1149.0999999999997
2023-02-21 15:00:00,1143.1
2023-02-21 16:00:00,1140.6
2023-02-21 17:00:00,1140.4999999999998
2023-02-21 18:00:00,1138.1999999999998
2023-02-21 19:00:00,1138.3999999999996
2023-02-21 20:00:00,1137.6
2023-02-21 23:00:00,1137.6
2023-02-22 14:30:00,1140.9999999999998
2023-02-22 15:00:00,1140.4999999999998
2023-02-22 16:00:00,1139.6999999999998
2023-02-22 17:00:00,1141.6
2023-02-22 18:00:00,1142.3999999999996
2023-02-22 19:00:00,1136.3999999999996
2023-02-22 20:00:00,1134.6999999999998
2023-02-22 23:00:00,1134.6999999999998
2023-02-23 14:30:00,1144.6999999999998
2023-02-23 15:00:00,1135.6999999999998
2023-02-23 16:00:00,1130.6999999999998
2023-02-23 17:00:00,1130.8999999999996
2023-02-23 18:00:00,1133.9999999999998
2023-02-23 19:00:00,1138.4999999999998
2023-02-23 20:00:00,1139.7999999999997
2023-02-23 23:00:00,1139.7999999999997
2023-02-24 14:30:00,1125.9999999999998
2023-02-24 15:00:00,1125.1999999999998
2023-02-24 16:00:00,1130.4999999999998
2023-02-24 17:00:00,1129.3999999999996
2023-02-24 18:00:00,1129.8999999999996
2023-02-24 19:00:00,1131.1
2023-02-24 20:00:00,1133.6999999999998
2023-02-24 23:00:00,1133.6999999999998
2023-02-27 14:30:00,1148.1999999999998
2023-02-27 15:00:00,1144.7999999999997
2023-02-27 16:00:00,1142.8999999999996
2023-02-27 17:00:00,1143.9999999999998
2023-02-27 18:00:00,1143.6
2023-02-27 19:00:00,1143.1999999999998
2023-02-27 20:00:00,1142.2999999999997
2023-02-27 23:00:00,1142.2999999999997
2023-02-28 14:30:00,1140.7999999999997
2023-02-28 15:00:00,1142.8999999999996
2023-02-28 16:00:00,1142.8999999999996
2023-02-28 17:00:00,1144.7999999999997
2023-02-28 18:00:00,1144.9999999999998
2023-02-28 19:00:00,1141.9999999999998
2023-02-28 20:00:00,1138.9999999999998
2023-02-28 23:00:00,1138.9999999999998
2023-03-01 14:30:00,1145.1
2023-03-01 15:00:00,1145.1
2023-03-01 16:00:00,1147.6999999999998
2023-03-01 17:00:00,1148.1999999999998
2023-03-01 18:00:00,1143.2999999999997
2023-03-01 19:00:00,1141.7999999999997
2023-03-01 20:00:00,1143.3999999999996
2023-03-01 23:00:00,1143.3999999999996
2023-03-02 14:30:00,1140.7999999999997
2023-03-02 15:00:00,1145.1999999999998
2023-03-02 16:00:00,1144.6
2023-03-02 17:00:00,1146.9999999999998
2023-03-02 18:00:00,1149.9999999999998
2023-03-02 19:00:00,1151.4999999999998
2023-03-02 20:00:00,1154.7999999999997
2023-03-02 23:00:00,1154.7999999999997
2023-03-03 14:30:00,1156.5999999999997
2023-03-03 15:00:00,1158.1999999999998
2023-03-03 16:00:00,1161.8999999999999
2023-03-03 17:00:00,1163.0999999999997
2023-03-03 18:00:00,1163.1999999999998
2023-03-03 19:00:00,1165.5999999999997
2023-03-03 20:00:00,1166.4999999999998
2023-03-03 23:00:00,1166.4999999999998
2023-03-06 14:30:00,1168.7999999999997
2023-03-06 15:00:00,1168.8999999999999
2023-03-06 16:00:00,1167.2999999999997
2023-03-06 17:00:00,1166.1999999999998
2023-03-06 18:00:00,1163.5999999999997
2023-03-06 19:00:00,1163.5999999999997
2023-03-06 20:00:00,1163.8999999999999
2023-03-06 23:00:00,1163.8999999999999
2023-03-07 14:30:00,1165.2999999999997
2023-03-07 15:00:00,1158.5999999999997
2023-03-07 16:00:00,1157.4999999999998
2023-03-07 17:00:00,1155.8999999999999
2023-03-07 18:00:00,1152.2999999999997
2023-03-07 19:00:00,1149.9999999999998
2023-03-07 20:00:00,1150.5999999999997
2023-03-07 23:00:00,1150.5999999999997
2023-03-08 14:30:00,1153.7999999999997
2023-03-08 15:00:00,1150.4999999999998
2023-03-08 16:00:00,1152.0999999999997
2023-03-08 17:00:00,1149.2999999999997
2023-03-08 18:00:00,1146.1999999999998
2023-03-08 19:00:00,1146.9999999999998
2023-03-08 20:00:00,1153.0999999999997
2023-03-08 21:00:00,1152.0999999999997
2023-03-08 23:00:00,1152.0999999999997
2023-03-09 14:30:00,1159.5999999999997
2023-03-09 15:00:00,1158.7999999999997
2023-03-09 16:00:00,1157.4999999999998
2023-03-09 17:00:00,1152.5999999999997
2023-03-09 18:00:00,1147.7999999999997
2023-03-09 19:00:00,1143.7999999999997
2023-03-09 20:00:00,1137.3999999999996
2023-03-09 23:00:00,1137.3999999999996
2023-03-10 14:30:00,1128.7999999999997
2023-03-10 15:00:00,1136.7999999999997
2023-03-10 16:00:00,1131.4999999999998
2023-03-10 17:00:00,1125.7999999999997
2023-03-10 18:00:00,1116.5999999999997
2023-03-10 19:00:00,1124.7999999999997
2023-03-10 20:00:00,1119.0999999999997
2023-03-10 23:00:00,1119.0999999999997
2023-03-13 13:30:00,1113.9999999999998
2023-03-13 14:00:00,1115.3999999999999
2023-03-13 15:00:00,1117.6999999999998
2023-03-13 16:00:00,1111.4999999999998
2023-03-13 17:00:00,1116.5999999999997
2023-03-13 18:00:00,1117.9999999999998
2023-03-13 19:00:00,1112.4999999999998
2023-03-13 19:00:01,1112.4999999999998
2023-03-13 23:00:00,1112.4999999999998
2023-03-14 13:30:00,1128.7999999999997
2023-03-14 14:00:00,1129.6999999999998
2023-03-14 15:00:00,1130.7999999999997
2023-03-14 16:00:00,1127.7999999999997
2023-03-14 17:00:00,1118.9999999999998
2023-03-14 18:00:00,1117.2999999999997
2023-03-14 19:00:00,1123.3999999999999
2023-03-14 23:00:00,1123.3999999999999
2023-03-15 13:30:00,1096.1999999999996
2023-03-15 14:00:00,1096.0999999999997
2023-03-15 15:00:00,1091.2999999999997
2023-03-15 16:00:00,1082.0999999999997
2023-03-15 17:00:00,1086.7999999999997
2023-03-15 18:00:00,1094.1999999999996
2023-03-15 19:00:00,1097.5999999999997
2023-03-15 23:00:00,1096.4999999999998
2023-03-16 13:30:00,1091.9999999999998
2023-03-16 14:00:00,1104.6999999999996
2023-03-16 15:00:00,1109.0999999999997
2023-03-16 16:00:00,1109.6999999999996
2023-03-16 17:00:00,1107.5999999999997
2023-03-16 18:00:00,1106.8999999999999
2023-03-16 19:00:00,1109.9999999999998
2023-03-16 23:00:00,1109.5999999999997
2023-03-17 13:30:00,1097.5999999999997
2023-03-17 14:00:00,1091.0999999999997
2023-03-17 15:00:00,1089.6999999999996
2023-03-17 16:00:00,1092.7999999999997
2023-03-17 17:00:00,1093.7999999999997
2023-03-17 18:00:00,1089.5999999999997
2023-03-17 19:00:00,1092.8999999999999
2023-03-17 23:00:00,1092.6999999999996
2023-03-20 13:30:00,1104.7999999999997
2023-03-20 14:00:00,1105.8999999999999
2023-03-20 15:00:00,1103.2999999999997
2023-03-20 16:00:00,1104.2999999999997
2023-03-20 17:00:00,1105.1999999999996
2023-03-20 18:00:00,1103.5999999999997
2023-03-20 19:00:00,1105.3999999999999
2023-03-20 23:00:00,1105.4999999999998
2023-03-21 13:30:00,1118.6999999999996
2023-03-21 14:00:00,1116.0999999999997
2023-03-21 15:00:00,1114.6999999999996
2023-03-21 16:00:00,1116.0999999999997
2023-03-21 17:00:00,1112.9999999999998
2023-03-21 18:00:00,1115.2999999999997
2023-03-21 19:00:00,1117.3999999999999
2023-03-21 23:00:00,1117.0999999999997
2023-03-22 13:30:00,1116.3999999999999
2023-03-22 14:00:00,1116.8999999999999
2023-03-22 15:00:00,1114.5999999999997
2023-03-22 16:00:00,1113.2999999999997
2023-03-22 17:00:00,1112.9999999999998
2023-03-22 18:00:00,1114.0999999999997
2023-03-22 19:00:00,1097.8999999999999
2023-03-22 23:00:00,1099.1999999999996
2023-03-23 13:30:00,1100.9999999999998
2023-03-23 14:00:00,1108.2999999999997
2023-03-23 15:00:00,1109.9999999999998
2023-03-23 16:00:00,1106.8999999999999
2023-03-23 17:00:00,1101.1999999999996
2023-03-23 18:00:00,1090.6999999999996
2023-03-23 19:00:00,1094.8999999999999
2023-03-23 23:00:00,1095.5999999999997
2023-03-24 13:30:00,1086.4999999999998
2023-03-24 14:00:00,1086.7999999999997
2023-03-24 15:00:00,1091.4999999999998
2023-03-24 16:00:00,1094.6999999999996
2023-03-24 17:00:00,1093.7999999999997
2023-03-24 18:00:00,1096.0999999999997
2023-03-24 19:00:00,1098.1999999999996
2023-03-24 23:00:00,1098.2999999999997
2023-03-27 14:30:00,1105.4999999999998
2023-03-27 15:00:00,1101.6999999999996
2023-03-27 16:00:00,1102.5999999999997
2023-03-27 17:00:00,1106.2999999999997
2023-03-27 18:00:00,1107.3999999999999
2023-03-27 19:00:00,1109.5999999999997
2023-03-27 20:00:00,1106.3999999999999
2023-03-27 23:00:00,1106.4999999999998
2023-03-28 14:30:00,1111.9999999999998
2023-03-28 15:00:00,1111.3999999999999
2023-03-28 16:00:00,1112.7999999999997
2023-03-28 17:00:00,1112.6999999999996
2023-03-28 18:00:00,1108.4999999999998
2023-03-28 19:00:00,1110.2999999999997
2023-03-28 20:00:00,1109.6999999999996
2023-03-28 23:00:00,1112.0999999999997
2023-03-29 14:30:00,1121.7999999999997
2023-03-29 15:00:00,1120.4999999999998
2023-03-29 16:00:00,1121.9999999999998
2023-03-29 17:00:00,1121.5999999999997
2023-03-29 18:00:00,1121.6999999999996
2023-03-29 19:00:00,1123.4999999999998
2023-03-29 20:00:00,1126.2999999999997
2023-03-29 23:00:00,1126.1999999999996
2023-03-30 14:30:00,1132.4999999999998
2023-03-30 15:00:00,1130.4999999999998
2023-03-30 16:00:00,1128.1999999999996
2023-03-30 17:00:00,1126.2999999999997
2023-03-30 18:00:00,1126.3999999999999
2023-03-30 19:00:00,1128.2999999999997
2023-03-30 20:00:00,1127.8999999999999
2023-03-30 23:00:00,1128.4999999999998
2023-03-31 14:30:00,1134.1999999999998
2023-03-31 15:00:00,1135.0999999999997
2023-03-31 16:00:00,1137.4999999999998
2023-03-31 17:00:00,1137.8999999999996
2023-03-31 18:00:00,1134.7999999999997
2023-03-31 19:00:00,1135.9999999999998
2023-03-31 20:00:00,1137.5999999999997
2023-03-31 23:00:00,1141.7999999999997
2023-04-03 14:30:00,1143.9999999999998
2023-04-03 15:00:00,1139.2999999999997
2023-04-03 16:00:00,1139.2999999999997
2023-04-03 17:00:00,1140.0999999999997
2023-04-03 18:00:00,1140.2999999999997
2023-04-03 19:00:00,1141.8999999999996
2023-04-03 20:00:00,1143.3999999999996
2023-04-03 23:00:00,1143.4999999999998
2023-04-04 14:30:00,1137.7999999999997
2023-04-04 15:00:00,1126.6999999999996
2023-04-04 16:00:00,1119.3999999999999
2023-04-04 17:00:00,1119.8999999999999
2023-04-04 18:00:00,1121.2999999999997
2023-04-04 19:00:00,1119.6999999999996
2023-04-04 20:00:00,1119.2999999999997
2023-04-04 23:00:00,1120.0999999999997
2023-04-05 14:30:00,1117.6999999999996
2023-04-05 15:00:00,1111.2999999999997
2023-04-05 16:00:00,1108.7999999999997
2023-04-05 17:00:00,1103.6999999999996
2023-04-05 18:00:00,1106.7999999999997
2023-04-05 19:00:00,1105.7999999999997
2023-04-05 20:00:00,1104.2999999999997
2023-04-05 23:00:00,1106.1999999999996
2023-04-06 14:30:00,1105.7999999999997
2023-04-06 15:00:00,1104.2999999999997
2023-04-06 16:00:00,1106.4999999999998
2023-04-06 17:00:00,1106.9999999999998
2023-04-06 18:00:00,1104.9999999999998
2023-04-06 19:00:00,1106.6999999999996
2023-04-06 20:00:00,1105.8999999999999
2023-04-06 23:00:00,1105.8999999999999
2023-04-10 14:30:00,1109.1999999999996
2023-04-10 15:00:00,1111.0999999999997
2023-04-10 16:00:00,1111.9999999999998
2023-04-10 17:00:00,1112.0999999999997
2023-04-10 18:00:00,1112.3999999999999
2023-04-10 19:00:00,1113.0999999999997
2023-04-10 20:00:00,1113.3999999999999
2023-04-10 23:00:00,1114.8999999999999
2023-04-11 14:30:00,1117.0999999999997
2023-04-11 15:00:00,1117.8999999999999
2023-04-11 16:00:00,1123.9999999999998
2023-04-11 17:00:00,1123.7999999999997
2023-04-11 18:00:00,1124.6999999999996
2023-04-11 19:00:00,1123.3999999999999
2023-04-11 20:00:00,1123.9999999999998
2023-04-11 23:00:00,1120.6999999999996
2023-04-12 14:30:00,1126.6999999999996
2023-04-12 15:00:00,1124.8999999999999
2023-04-12 16:00:00,1126.5999999999997
2023-04-12 17:00:00,1127.3999999999999
2023-04-12 18:00:00,1129.3999999999996
2023-04-12 19:00:00,1125.3999999999999
2023-04-12 20:00:00,1121.9999999999998
2023-04-12 23:00:00,1124.1999999999996
2023-04-13 14:30:00,1115.4999999999998
2023-04-13 15:00:00,1116.6999999999996
2023-04-13 16:00:00,1119.2999999999997
2023-04-13 17:00:00,1121.7999999999997
2023-04-13 18:00:00,1124.8999999999999
2023-04-13 19:00:00,1128.7999999999997
2023-04-13 20:00:00,1127.7999999999997
2023-04-13 23:00:00,1127.1999999999996
2023-04-14 14:30:00,1130.9999999999998
2023-04-14 15:00:00,1127.2999999999997
2023-04-14 16:00:00,1124.8999999999999
2023-04-14 17:00:00,1121.4999999999998
2023-04-14 18:00:00,1121.9999999999998
2023-04-14 19:00:00,1124.0999999999997
2023-04-14 20:00:00,1123.4999999999998
2023-04-14 23:00:00,1125.9999999999998
2023-04-17 14:30:00,1132.5999999999997
2023-04-17 15:00:00,1133.5999999999997
2023-04-17 16:00:00,1130.0999999999997
2023-04-17 17:00:00,1129.7999999999997
2023-04-17 18:00:00,1128.7999999999997
2023-04-17 19:00:00,1131.6999999999998
2023-04-17 20:00:00,1133.4999999999998
2023-04-17 23:00:00,1134.0999999999997
2023-04-18 14:30:00,1139.0999999999997
2023-04-18 15:00:00,1136.4999999999998
2023-04-18 16:00:00,1137.8999999999996
2023-04-18 17:00:00,1137.3999999999996
2023-04-18 18:00:00,1137.6999999999998
2023-04-18 19:00:00,1138.4999999999998
2023-04-18 20:00:00,1139.4999999999998
2023-04-18 23:00:00,1138.4999999999998
2023-04-19 14:30:00,1135.6999999999998
2023-04-19 15:00:00,1136.5999999999997
2023-04-19 16:00:00,1134.2999999999997
2023-04-19 17:00:00,1136.8999999999996
2023-04-19 18:00:00,1137.3999999999996
2023-04-19 19:00:00,1138.1999999999998
2023-04-19 20:00:00,1139.2999999999997
2023-04-19 23:00:00,1137.9999999999998
2023-04-20 14:30:00,1134.7999999999997
2023-04-20 15:00:00,1138.1999999999998
2023-04-20 16:00:00,1137.1999999999998
2023-04-20 17:00:00,1137.2999999999997
2023-04-20 18:00:00,1138.8999999999996
2023-04-20 19:00:00,1133.8999999999996
2023-04-20 20:00:00,1132.5999999999997
2023-04-20 23:00:00,1135.0999999999997
2023-04-21 14:30:00,1134.6999999999998
2023-04-21 15:00:00,1130.0999999999997
2023-04-21 16:00:00,1129.7999999999997
2023-04-21 17:00:00,1130.1999999999998
2023-04-21 18:00:00,1132.3999999999996
2023-04-21 19:00:00,1131.7999999999997
2023-04-21 20:00:00,1131.1999999999998
2023-04-21 23:00:00,1133.1999999999998
2023-04-24 14:30:00,1134.9999999999998
2023-04-24 15:00:00,1135.7999999999997
2023-04-24 16:00:00,1132.1999999999998
2023-04-24 17:00:00,1133.9999999999998
2023-04-24 18:00:00,1133.7999999999997
2023-04-24 19:00:00,1133.7999999999997
2023-04-24 20:00:00,1134.8999999999996
2023-04-24 23:00:00,1135.2999999999997
2023-04-25 14:30:00,1125.2999999999997
2023-04-25 15:00:00,1125.6999999999996
2023-04-25 16:00:00,1120.3999999999999
2023-04-25 17:00:00,1120.1999999999996
2023-04-25 18:00:00,1116.5999999999997
2023-04-25 19:00:00,1116.6999999999996
2023-04-25 20:00:00,1118.0999999999997
2023-04-25 23:00:00,1116.3999999999999
2023-04-26 14:30:00,1108.2999999999997
2023-04-26 15:00:00,1104.4999999999998
2023-04-26 16:00:00,1105.0999999999997
2023-04-26 17:00:00,1105.8999999999999
2023-04-26 18:00:00,1101.0999999999997
2023-04-26 19:00:00,1097.7999999999997
2023-04-26 20:00:00,1096.4999999999998
2023-04-26 21:00:00,1100.7999999999997
2023-04-26 23:00:00,1100.7999999999997
2023-04-27 14:30:00,1104.7999999999997
2023-04-27 15:00:00,1100.9999999999998
2023-04-27 16:00:00,1105.9999999999998
2023-04-27 17:00:00,1108.1999999999996
2023-04-27 18:00:00,1112.0999999999997
2023-04-27 19:00:00,1116.4999999999998
2023-04-27 20:00:00,1115.8999999999999
2023-04-27 23:00:00,1116.7999999999997
2023-04-28 14:30:00,1121.6999999999996
2023-04-28 15:00:00,1120.4999999999998
2023-04-28 16:00:00,1124.5999999999997
2023-04-28 17:00:00,1126.1999999999996
2023-04-28 18:00:00,1125.4999999999998
2023-04-28 19:00:00,1122.7999999999997
2023-04-28 20:00:00,1124.3999999999999
2023-04-28 23:00:00,1125.5999999999997
2023-05-01 14:30:00,1132.7999999999997
2023-05-01 15:00:00,1134.1999999999998
2023-05-01 16:00:00,1133.6999999999998
2023-05-01 17:00:00,1135.8999999999996
2023-05-01 18:00:00,1132.7999999999997
2023-05-01 20:00:00,1131.7999999999997
2023-05-01 23:00:00,1131.0999999999997
2023-05-02 14:30:00,1122.5999999999997
2023-05-02 15:00:00,1111.8999999999999
2023-05-02 16:00:00,1112.8999999999999
2023-05-02 17:00:00,1117.6999999999996
2023-05-02 18:00:00,1120.4999999999998
2023-05-02 19:00:00,1119.9999999999998
2023-05-02 20:00:00,1120.2999999999997
2023-05-02 23:00:00,1120.2999999999997
2023-05-03 14:30:00,1128.7999999999997
2023-05-03 15:00:00,1123.3999999999999
2023-05-03 16:00:00,1123.9999999999998
2023-05-03 18:00:00,1125.5999999999997
2023-05-03 19:00:00,1125.8999999999999
2023-05-03 20:00:00,1120.5999999999997
2023-05-03 23:00:00,1115.9999999999998
2023-05-04 14:30:00,1108.2999999999997
2023-05-04 15:00:00,1102.3999999999999
2023-05-04 16:00:00,1102.1999999999996
2023-05-04 17:00:00,1104.2999999999997
2023-05-04 18:00:00,1107.8999999999999
2023-05-04 19:00:00,1105.2999999999997
2023-05-04 20:00:00,1104.3999999999999
2023-05-04 23:00:00,1105.1999999999996
2023-05-05 14:30:00,1116.1999999999996
2023-05-05 15:00:00,1116.3999999999999
2023-05-05 16:00:00,1113.2999999999997
2023-05-05 17:00:00,1113.6999999999996
2023-05-05 18:00:00,1116.0999999999997
2023-05-05 19:00:00,1122.1999999999996
2023-05-05 20:00:00,1121.5999999999997
2023-05-05 23:00:00,1120.1999999999996
2023-05-08 14:30:00,1120.7999999999997
2023-05-08 15:00:00,1118.4999999999998
2023-05-08 16:00:00,1116.2999999999997
2023-05-08 17:00:00,1114.1999999999996
2023-05-08 18:00:00,1115.7999999999997
2023-05-08 19:00:00,1116.6999999999996
2023-05-08 20:00:00,1115.9999999999998
2023-05-08 23:00:00,1115.9999999999998
2023-05-09 14:30:00,1114.2999999999997
2023-05-09 15:00:00,1117.0999999999997
2023-05-09 16:00:00,1118.1999999999996
2023-05-09 17:00:00,1116.8999999999999
2023-05-09 18:00:00,1119.2999999999997
2023-05-09 19:00:00,1118.9999999999998
2023-05-09 20:00:00,1118.0999999999997
2023-05-09 23:00:00,1118.0999999999997
2023-05-10 14:30:00,1115.1999999999996
2023-05-10 15:00:00,1112.7999999999997
2023-05-10 16:00:00,1113.0999999999997
2023-05-10 17:00:00,1109.2999999999997
2023-05-10 18:00:00,1106.2999999999997
2023-05-10 19:00:00,1110.0999999999997
2023-05-10 20:00:00,1114.1999999999996
2023-05-10 23:00:00,1114.7999999999997
2023-05-11 14:30:00,1105.6999999999996
2023-05-11 15:00:00,1106.6999999999996
2023-05-11 16:00:00,1108.0999999999997
2023-05-11 17:00:00,1107.7999999999997
2023-05-11 18:00:00,1104.5999999999997
2023-05-11 19:00:00,1106.4999999999998
2023-05-11 20:00:00,1106.3999999999999
2023-05-11 23:00:00,1107.6999999999996
2023-05-12 14:30:00,1114.3999999999999
2023-05-12 15:00:00,1108.4999999999998
2023-05-12 16:00:00,1106.7999999999997
2023-05-12 17:00:00,1102.9999999999998
2023-05-12 18:00:00,1102.7999999999997
2023-05-12 19:00:00,1102.9999999999998
2023-05-12 20:00:00,1103.7999999999997
2023-05-12 23:00:00,1108.4999999999998
2023-05-15 14:30:00,1107.6999999999996
2023-05-15 15:00:00,1111.2999999999997
2023-05-15 16:00:00,1110.8999999999999
2023-05-15 17:00:00,1114.0999999999997
2023-05-15 18:00:00,1111.5999999999997
2023-05-15 19:00:00,1112.7999999999997
2023-05-15 20:00:00,1113.4999999999998
2023-05-15 21:00:00,1113.1999999999996
2023-05-15 23:00:00,1113.1999999999996
2023-05-16 14:30:00,1103.5999999999997
2023-05-16 15:00:00,1101.6999999999996
2023-05-16 16:00:00,1103.3999999999999
2023-05-16 17:00:00,1104.6999999999996
2023-05-16 18:00:00,1102.2999999999997
2023-05-16 19:00:00,1101.9999999999998
2023-05-16 20:00:00,1102.0999999999997
2023-05-16 23:00:00,1099.7999999999997
2023-05-17 14:30:00,1106.4999999999998
2023-05-17 15:00:00,1107.6999999999996
2023-05-17 16:00:00,1110.3999999999999
2023-05-17 17:00:00,1115.4999999999998
2023-05-17 18:00:00,1118.4999999999998
2023-05-17 19:00:00,1115.8999999999999
2023-05-17 20:00:00,1115.5999999999997
2023-05-17 23:00:00,1115.7999999999997
2023-05-18 14:30:00,1113.8999999999999
2023-05-18 15:00:00,1122.0999999999997
2023-05-18 16:00:00,1118.4999999999998
2023-05-18 17:00:00,1113.5999999999997
2023-05-18 18:00:00,1113.0999999999997
2023-05-18 19:00:00,1117.6999999999996
2023-05-18 20:00:00,1118.9999999999998
2023-05-18 23:00:00,1123.6999999999996
2023-05-19 14:30:00,1129.6999999999998
2023-05-19 15:00:00,1124.5999999999997
2023-05-19 16:00:00,1119.3999999999999
2023-05-19 17:00:00,1118.8999999999999
2023-05-19 18:00:00,1119.3999999999999
2023-05-19 19:00:00,1119.4999999999998
2023-05-19 20:00:00,1120.3999999999999
2023-05-19 23:00:00,1120.3999999999999
2023-05-22 14:30:00,1121.2999999999997
2023-05-22 15:00:00,1115.9999999999998
2023-05-22 16:00:00,1120.7999999999997
2023-05-22 17:00:00,1119.3999999999999
2023-05-22 18:00:00,1119.8999999999999
2023-05-22 19:00:00,1123.1999999999996
2023-05-22 20:00:00,1120.1999999999996
2023-05-22 23:00:00,1120.1999999999996
2023-05-23 14:30:00,1114.9999999999998
2023-05-23 15:00:00,1115.1999999999996
2023-05-23 16:00:00,1118.5999999999997
2023-05-23 17:00:00,1114.7999999999997
2023-05-23 18:00:00,1113.2999999999997
2023-05-23 19:00:00,1109.8999999999999
2023-05-23 20:00:00,1109.3999999999999
2023-05-23 23:00:00,1107.5999999999997
2023-05-24 14:30:00,1098.3999999999999
2023-05-24 15:00:00,1098.6999999999996
2023-05-24 16:00:00,1097.2999999999997
2023-05-24 17:00:00,1096.0999999999997
2023-05-24 18:00:00,1096.7999999999997
2023-05-24 19:00:00,1094.3999999999999
2023-05-24 20:00:00,1099.0999999999997
2023-05-24 23:00:00,1095.3999999999999
2023-05-25 14:30:00,1096.1999999999996
2023-05-25 15:00:00,1093.1999999999996
2023-05-25 16:00:00,1090.3999999999999
2023-05-25 17:00:00,1092.8999999999999
2023-05-25 18:00:00,1095.5999999999997
2023-05-25 19:00:00,1095.6999999999996
2023-05-25 20:00:00,1098.6999999999996
2023-05-25 23:00:00,1097.8999999999999
2023-05-26 14:30:00,1102.9999999999998
2023-05-26 15:00:00,1106.1999999999996
2023-05-26 16:00:00,1102.5999999999997
2023-05-26 17:00:00,1103.9999999999998
2023-05-26 18:00:00,1102.8999999999999
2023-05-26 19:00:00,1105.7999999999997
2023-05-26 20:00:00,1105.5999999999997
2023-05-26 23:00:00,1105.2999999999997
2023-05-30 14:30:00,1104.5999999999997
2023-05-30 15:00:00,1101.0999999999997
2023-05-30 16:00:00,1101.5999999999997
2023-05-30 17:00:00,1101.1999999999996
2023-05-30 18:00:00,1100.5999999999997
2023-05-30 19:00:00,1102.7999999999997
2023-05-30 20:00:00,1103.0999999999997
2023-05-30 23:00:00,1103.0999999999997
2023-05-31 14:30:00,1091.1999999999996
2023-05-31 15:00:00,1088.4999999999998
2023-05-31 16:00:00,1087.7999999999997
2023-05-31 17:00:00,1088.8999999999999
2023-05-31 18:00:00,1091.1999999999996
2023-05-31 19:00:00,1089.6999999999996
2023-05-31 20:00:00,1088.8999999999999
2023-05-31 23:00:00,1088.8999999999999
2023-06-01 14:30:00,1088.4999999999998
2023-06-01 15:00:00,1096.2999999999997
2023-06-01 16:00:00,1100.0999999999997
2023-06-01 17:00:00,1099.5999999999997
2023-06-01 18:00:00,1101.9999999999998
2023-06-01 19:00:00,1102.0999999999997
2023-06-01 20:00:00,1101.4999999999998
2023-06-01 23:00:00,1101.4999999999998
2023-06-02 14:30:00,1114.2999999999997
2023-06-02 15:00:00,1119.4999999999998
2023-06-02 16:00:00,1123.1999999999996
2023-06-02 17:00:00,1129.2999999999997
2023-06-02 18:00:00,1130.6999999999998
2023-06-02 19:00:00,1130.5999999999997
2023-06-02 20:00:00,1130.1999999999998
2023-06-02 23:00:00,1130.1999999999998
2023-06-05 14:30:00,1125.8999999999999
2023-06-05 15:00:00,1124.0999999999997
2023-06-05 16:00:00,1125.3999999999999
2023-06-05 17:00:00,1126.4999999999998
2023-06-05 18:00:00,1125.7999999999997
2023-06-05 19:00:00,1124.0999999999997
2023-06-05 20:00:00,1123.9999999999998
2023-06-05 23:00:00,1122.8999999999999
2023-06-06 14:30:00,1123.6999999999996
2023-06-06 15:00:00,1129.2999999999997
2023-06-06 16:00:00,1130.0999999999997
2023-06-06 17:00:00,1128.9999999999998
2023-06-06 18:00:00,1126.8999999999999
2023-06-06 19:00:00,1126.8999999999999
2023-06-06 20:00:00,1128.2999999999997
2023-06-06 23:00:00,1128.9999999999998
2023-06-07 14:30:00,1133.8999999999996
2023-06-07 15:00:00,1138.1999999999998
2023-06-07 15:03:00,1138.1999999999998
2023-06-07 16:00:00,1138.7999999999997
2023-06-07 17:00:00,1140.0999999999997
2023-06-07 18:00:00,1140.0999999999997
2023-06-07 19:00:00,1141.3999999999996
2023-06-07 20:00:00,1143.8999999999996
2023-06-07 23:00:00,1145.7999999999997
2023-06-08 14:30:00,1140.8999999999996
2023-06-08 15:00:00,1142.7999999999997
2023-06-08 16:00:00,1143.0999999999997
2023-06-08 17:00:00,1145.8999999999996
2023-06-08 18:00:00,1146.0999999999997
2023-06-08 19:00:00,1148.1999999999998
2023-06-08 20:00:00,1146.9999999999998
2023-06-08 23:00:00,1146.9999999999998
2023-06-09 14:30:00,1146.2999999999997
2023-06-09 15:00:00,1146.5999999999997
2023-06-09 16:00:00,1138.9999999999998
2023-06-09 17:00:00,1139.5999999999997
2023-06-09 18:00:00,1142.8999999999996
2023-06-09 19:00:00,1143.0999999999997
2023-06-09 20:00:00,1143.6999999999998
2023-06-09 20:00:01,1143.6999999999998
2023-06-09 20:00:02,1143.6999999999998
2023-06-09 23:00:00,1144.4999999999998
2023-06-12 14:30:00,1146.6
2023-06-12 15:00:00,1146.1
2023-06-12 17:00:00,1148.4999999999998
2023-06-12 18:00:00,1148.9999999999998
2023-06-12 19:00:00,1149.4999999999998
2023-06-12 20:00:00,1152.7999999999997
2023-06-12 23:00:00,1151.7999999999997
2023-06-13 14:30:00,1155.4999999999998
2023-06-13 15:00:00,1160.2999999999997
2023-06-13 16:00:00,1161.6999999999998
2023-06-13 17:00:00,1163.7999999999997
2023-06-13 18:00:00,1163.8999999999999
2023-06-13 19:00:00,1160.7999999999997
2023-06-13 20:00:00,1163.8999999999999
2023-06-13 23:00:00,1163.6
2023-06-14 14:30:00,1166.2999999999997
2023-06-14 15:00:00,1166.6
2023-06-14 16:00:00,1167.7999999999997
2023-06-14 17:00:00,1168.4999999999998
2023-06-14 18:00:00,1166.2999999999997
2023-06-14 19:00:00,1160.7999999999997
2023-06-14 20:00:00,1161.6
2023-06-14 23:00:00,1160.1999999999998
2023-06-15 14:30:00,1164.8999999999999
2023-06-15 15:00:00,1165.1999999999998
2023-06-15 16:00:00,1167.7999999999997
2023-06-15 17:00:00,1171.6999999999998
2023-06-15 18:00:00,1174.1999999999998
2023-06-15 19:00:00,1177.6999999999998
2023-06-15 20:00:00,1176.3999999999999
2023-06-15 23:00:00,1175.9999999999998
2023-06-16 14:30:00,1178.1
2023-06-16 15:00:00,1178.6999999999998
2023-06-16 16:00:00,1173.1999999999998
2023-06-16 17:00:00,1177.8999999999999
2023-06-16 18:00:00,1176.6999999999998
2023-06-16 19:00:00,1175.2999999999997
2023-06-16 20:00:00,1174.7999999999997
2023-06-16 23:00:00,1174.4999999999998
2023-06-20 14:30:00,1169.6
2023-06-20 15:00:00,1163.7999999999997
2023-06-20 16:00:00,1165.8999999999999
2023-06-20 17:00:00,1166.9999999999998
2023-06-20 18:00:00,1166.3999999999999
2023-06-20 19:00:00,1166.4999999999998
2023-06-20 20:00:00,1166.2999999999997
2023-06-20 23:00:00,1166.3999999999999
2023-06-21 14:30:00,1166.6
2023-06-21 15:00:00,1169.6
2023-06-21 16:00:00,1171.7999999999997
2023-06-21 17:00:00,1170.6999999999998
2023-06-21 18:00:00,1171.6
2023-06-21 19:00:00,1173.4999999999998
2023-06-21 20:00:00,1172.6999999999998
2023-06-21 23:00:00,1171.6
2023-06-22 14:30:00,1165.9999999999998
2023-06-22 15:00:00,1164.6
2023-06-22 16:00:00,1164.1999999999998
2023-06-22 17:00:00,1164.1
2023-06-22 18:00:00,1163.1999999999998
2023-06-22 20:00:00,1164.3999999999999
2023-06-22 23:00:00,1163.2999999999997
2023-06-23 14:30:00,1157.4999999999998
2023-06-23 15:00:00,1157.3999999999999
2023-06-23 16:00:00,1157.3999999999999
2023-06-23 17:00:00,1157.6999999999998
2023-06-23 18:00:00,1157.8999999999999
2023-06-23 19:00:00,1153.6999999999998
2023-06-23 20:00:00,1154.7999999999997
2023-06-23 23:00:00,1154.7999999999997
2023-06-26 14:30:00,1162.2999999999997
2023-06-26 15:00:00,1158.9999999999998
2023-06-26 16:00:00,1160.2999999999997
2023-06-26 17:00:00,1162.3999999999999
2023-06-26 18:00:00,1164.2999999999997
2023-06-26 19:00:00,1164.2999999999997
2023-06-26 20:00:00,1165.6999999999998
2023-06-26 23:00:00,1163.1999999999998
2023-06-27 14:30:00,1166.6
2023-06-27 15:00:00,1169.9999999999998
2023-06-27 16:00:00,1173.8999999999999
2023-06-27 17:00:00,1173.8999999999999
2023-06-27 18:00:00,1176.1999999999998
2023-06-27 19:00:00,1175.6999999999998
2023-06-27 20:00:00,1176.7999999999997
2023-06-27 23:00:00,1176.4999999999998
2023-06-28 14:30:00,1176.3999999999999
2023-06-28 15:00:00,1173.7999999999997
2023-06-28 16:00:00,1173.1999999999998
2023-06-28 17:00:00,1173.6
2023-06-28 18:00:00,1173.9999999999998
2023-06-28 20:00:00,1176.3999999999999
2023-06-28 23:00:00,1176.3999999999999
2023-06-29 14:30:00,1181.3999999999999
2023-06-29 15:00:00,1179.2999999999997
2023-06-29 16:00:00,1182.9999999999998
2023-06-29 17:00:00,1184.8999999999999
2023-06-29 18:00:00,1182.4999999999998
2023-06-29 19:00:00,1183.4999999999998
2023-06-29 20:00:00,1185.6999999999998
2023-06-29 23:00:00,1185.6999999999998
2023-06-30 14:30:00,1191.1999999999998
2023-06-30 15:00:00,1190.6
2023-06-30 16:00:00,1190.6999999999998
2023-06-30 17:00:00,1194.6999999999998
2023-06-30 18:00:00,1195.7999999999997
2023-06-30 19:00:00,1196.6999999999998
2023-06-30 20:00:00,1195.2999999999997
2023-06-30 23:00:00,1195.2999999999997
2023-07-03 14:30:00,1191.1999999999998
2023-07-03 15:00:00,1193.7999999999997
2023-07-03 16:00:00,1195.3999999999999
2023-07-03 17:00:00,1195.6999999999998
2023-07-03 23:00:00,1195.6999999999998
2023-07-05 14:30:00,1190.1999999999998
2023-07-05 15:00:00,1189.9999999999998
2023-07-05 16:00:00,1190.4999999999998
2023-07-05 17:00:00,1189.3999999999999
2023-07-05 18:00:00,1189.6
2023-07-05 19:00:00,1189.1999999999998
2023-07-05 20:00:00,1189.1999999999998
2023-07-05 23:00:00,1189.1999999999998
2023-07-06 14:30:00,1179.8999999999999
2023-07-06 15:00:00,1174.7999999999997
2023-07-06 16:00:00,1176.6999999999998
2023-07-06 17:00:00,1178.8999999999999
2023-07-06 18:00:00,1179.6
2023-07-06 19:00:00,1180.6
2023-07-06 20:00:00,1179.9999999999998
2023-07-06 23:00:00,1179.9999999999998
2023-07-07 14:30:00,1183.4999999999998
2023-07-07 15:00:00,1185.8999999999999
2023-07-07 16:00:00,1187.1
2023-07-07 17:00:00,1192.6
2023-07-07 18:00:00,1189.9999999999998
2023-07-07 19:00:00,1188.2999999999997
2023-07-07 20:00:00,1186.8999999999999
2023-07-07 23:00:00,1183.1
2023-07-10 14:30:00,1196.6
2023-07-10 15:00:00,1193.7999999999997
2023-07-10 16:00:00,1194.8999999999999
2023-07-10 17:00:00,1195.1999999999998
2023-07-10 18:00:00,1196.1999999999998
2023-07-10 19:00:00,1196.4999999999998
2023-07-10 20:00:00,1196.1999999999998
2023-07-10 23:00:00,1197.6999999999998
2023-07-11 14:30:00,1205.6999999999998
2023-07-11 15:00:00,1202.8999999999999
2023-07-11 16:00:00,1207.9999999999998
2023-07-11 17:00:00,1206.8999999999999
2023-07-11 18:00:00,1206.3999999999999
2023-07-11 19:00:00,1207.3999999999999
2023-07-11 20:00:00,1209.9999999999998
2023-07-11 21:00:00,1211.8999999999999
2023-07-11 23:00:00,1211.8999999999999
2023-07-12 14:30:00,1214.4999999999998
2023-07-12 15:00:00,1217.2999999999997
2023-07-12 16:00:00,1210.9999999999998
2023-07-12 17:00:00,1210.4999999999998
2023-07-12 18:00:00,1211.9999999999998
2023-07-12 19:00:00,1212.1999999999998
2023-07-12 20:00:00,1208.6999999999998
2023-07-12 23:00:00,1208.6999999999998
2023-07-13 14:30:00,1209.6
2023-07-13 15:00:00,1208.7999999999997
2023-07-13 16:00:00,1208.8999999999999
2023-07-13 17:00:00,1210.4999999999998
2023-07-13 18:00:00,1210.3999999999999
2023-07-13 19:00:00,1210.6999999999998
2023-07-13 20:00:00,1211.2999999999997
2023-07-13 23:00:00,1209.8999999999999
2023-07-14 14:30:00,1205.3999999999999
2023-07-14 15:00:00,1202.1
2023-07-14 16:00:00,1202.6
2023-07-14 17:00:00,1203.6
2023-07-14 18:00:00,1204.3999999999999
2023-07-14 19:00:00,1205.4999999999998
2023-07-14 20:00:00,1205.8999999999999
2023-07-14 23:00:00,1204.8999999999999
2023-07-17 14:30:00,1208.1
2023-07-17 15:00:00,1206.8999999999999
2023-07-17 16:00:00,1211.3999999999999
2023-07-17 17:00:00,1210.7999999999997
2023-07-17 18:00:00,1211.7999999999997
2023-07-17 19:00:00,1211.7999999999997
2023-07-17 20:00:00,1213.3999999999999
2023-07-17 23:00:00,1210.3999999999999
2023-07-18 14:30:00,1216.2999999999997
2023-07-18 15:00:00,1219.3999999999999
2023-07-18 16:00:00,1215.9999999999998
2023-07-18 17:00:00,1214.1
2023-07-18 18:00:00,1212.2999999999997
2023-07-18 19:00:00,1212.6
2023-07-18 20:00:00,1215.6999999999998
2023-07-18 23:00:00,1216.3999999999999
2023-07-19 14:30:00,1216.2999999999997
2023-07-19 15:00:00,1210.8999999999999
2023-07-19 16:00:00,1211.4999999999998
2023-07-19 17:00:00,1211.8999999999999
2023-07-19 18:00:00,1213.3999999999999
2023-07-19 19:00:00,1214.2999999999997
2023-07-19 20:00:00,1214.6
2023-07-19 23:00:00,1216.3999999999999
2023-07-20 14:30:00,1216.4999999999998
2023-07-20 15:00:00,1221.2999999999997
2023-07-20 16:00:00,1221.8999999999999
2023-07-20 17:00:00,1220.1
2023-07-20 18:00:00,1219.3999999999999
2023-07-20 19:00:00,1219.7999999999997
2023-07-20 20:00:00,1218.7999999999997
2023-07-20 23:00:00,1220.1999999999998
2023-07-21 14:30:00,1215.6
2023-07-21 15:00:00,1217.9999999999998
2023-07-21 16:00:00,1218.1999999999998
2023-07-21 17:00:00,1216.9999999999998
2023-07-21 18:00:00,1218.1999999999998
2023-07-21 19:00:00,1217.6
2023-07-21 20:00:00,1216.1
2023-07-21 23:00:00,1214.7999999999997
2023-07-24 14:30:00,1217.9999999999998
2023-07-24 15:00:00,1216.3999999999999
2023-07-24 16:00:00,1217.7999999999997
2023-07-24 17:00:00,1217.7999999999997
2023-07-24 19:00:00,1217.3999999999999
2023-07-24 20:00:00,1217.1999999999998
2023-07-24 23:00:00,1217.1999999999998
2023-07-25 14:30:00,1206.9999999999998
2023-07-25 15:00:00,1211.3999999999999
2023-07-25 16:00:00,1213.2999999999997
2023-07-25 17:00:00,1212.8999999999999
2023-07-25 18:00:00,1213.4999999999998
2023-07-25 19:00:00,1216.3999999999999
2023-07-25 20:00:00,1215.6999999999998
2023-07-25 23:00:00,1215.6999999999998
2023-07-26 14:30:00,1220.3999999999999
2023-07-26 15:00:00,1217.6
2023-07-26 16:00:00,1220.7999999999997
2023-07-26 17:00:00,1219.7999999999997
2023-07-26 18:00:00,1220.6
2023-07-26 19:00:00,1223.2999999999997
2023-07-26 20:00:00,1220.3999999999999
2023-07-26 23:00:00,1223.1
2023-07-27 14:30:00,1219.2999999999997
2023-07-27 15:00:00,1214.9999999999998
2023-07-27 16:00:00,1216.1
2023-07-27 17:00:00,1218.6
2023-07-27 18:00:00,1216.3999999999999
2023-07-27 19:00:00,1213.7999999999997
2023-07-27 20:00:00,1213.1
2023-07-27 23:00:00,1213.7999999999997
2023-07-28 14:30:00,1220.1
2023-07-28 15:00:00,1219.7999999999997
2023-07-28 16:00:00,1220.1
2023-07-28 17:00:00,1220.1
2023-07-28 18:00:00,1217.9999999999998
2023-07-28 19:00:00,1218.9999999999998
2023-07-28 20:00:00,1218.8999999999999
2023-07-28 23:00:00,1220.1
2023-07-31 14:30:00,1220.1999999999998
2023-07-31 15:00:00,1221.6999999999998
2023-07-31 16:00:00,1220.8999999999999
2023-07-31 17:00:00,1221.2999999999997
2023-07-31 18:00:00,1220.4999999999998
2023-07-31 19:00:00,1219.6999999999998
2023-07-31 20:00:00,1222.7999999999997
2023-07-31 23:00:00,1222.7999999999997
2023-08-01 14:30:00,1227.2999999999997
2023-08-01 15:00:00,1222.7999999999997
2023-08-01 16:00:00,1222.6999999999998
2023-08-01 17:00:00,1222.3999999999999
2023-08-01 18:00:00,1222.9999999999998
2023-08-01 19:00:00,1225.4999999999998
2023-08-01 20:00:00,1225.7999999999997
2023-08-01 23:00:00,1225.7999999999997
2023-08-02 14:30:00,1220.4999999999998
2023-08-02 15:00:00,1217.9999999999998
2023-08-02 16:00:00,1218.1999999999998
2023-08-02 17:00:00,1216.7999999999997
2023-08-02 18:00:00,1217.4999999999998
2023-08-02 19:00:00,1214.8999999999999
2023-08-02 20:00:00,1213.6
2023-08-02 23:00:00,1213.6
2023-08-03 14:30:00,1207.8999999999999
2023-08-03 15:00:00,1205.7999999999997
2023-08-03 16:00:00,1208.1
2023-08-03 17:00:00,1210.2999999999997
2023-08-03 18:00:00,1208.1999999999998
2023-08-03 19:00:00,1207.9999999999998
2023-08-03 20:00:00,1206.3999999999999
2023-08-03 23:00:00,1206.3999999999999
2023-08-04 14:30:00,1205.4999999999998
2023-08-04 15:00:00,1206.9999999999998
2023-08-04 16:00:00,1208.3999999999999
2023-08-04 17:00:00,1210.1
2023-08-04 18:00:00,1207.1
2023-08-04 19:00:00,1198.3999999999999
2023-08-04 20:00:00,1198.9999999999998
2023-08-04 23:00:00,1198.9999999999998
2023-08-07 14:30:00,1206.7999999999997
2023-08-07 15:00:00,1210.4999999999998
2023-08-07 16:00:00,1209.2999999999997
2023-08-07 17:00:00,1208.4999999999998
2023-08-07 18:00:00,1212.7999999999997
2023-08-07 20:00:00,1212.1
2023-08-07 23:00:00,1212.1
2023-08-08 14:30:00,1200.7999999999997
2023-08-08 15:00:00,1201.4999999999998
2023-08-08 16:00:00,1202.2999999999997
2023-08-08 17:00:00,1202.8999999999999
2023-08-08 18:00:00,1204.8999999999999
2023-08-08 19:00:00,1207.1999999999998
2023-08-08 20:00:00,1206.8999999999999
2023-08-08 23:00:00,1206.8999999999999
2023-08-09 14:30:00,1208.9999999999998
2023-08-09 15:00:00,1209.1999999999998
2023-08-09 16:00:00,1203.2999999999997
2023-08-09 17:00:00,1204.6
2023-08-09 18:00:00,1208.6
2023-08-09 19:00:00,1210.6999999999998
2023-08-09 20:00:00,1205.6
2023-08-09 23:00:00,1205.6
2023-08-10 14:30:00,1213.9999999999998
2023-08-10 15:00:00,1210.6999999999998
2023-08-10 16:00:00,1204.4999999999998
2023-08-10 17:00:00,1205.3999999999999
2023-08-10 18:00:00,1202.4999999999998
2023-08-10 19:00:00,1204.4999999999998
2023-08-10 20:00:00,1202.4999999999998
2023-08-10 23:00:00,1202.4999999999998
2023-08-11 14:30:00,1201.1
2023-08-11 15:00:00,1204.4999999999998
2023-08-11 16:00:00,1205.1
2023-08-11 17:00:00,1203.3999999999999
2023-08-11 18:00:00,1201.2999999999997
2023-08-11 19:00:00,1204.6
2023-08-11 20:00:00,1203.9999999999998
2023-08-11 23:00:00,1203.9999999999998
2023-08-14 14:30:00,1201.8999999999999
2023-08-14 15:00:00,1203.1
2023-08-14 16:00:00,1204.2999999999997
2023-08-14 17:00:00,1204.6999999999998
2023-08-14 18:00:00,1204.1999999999998
2023-08-14 19:00:00,1203.2999999999997
2023-08-14 20:00:00,1203.9999999999998
2023-08-14 23:00:00,1203.9999999999998
2023-08-15 14:30:00,1195.7999999999997
2023-08-15 15:00:00,1192.7999999999997
2023-08-15 16:00:00,1192.8999999999999
2023-08-15 17:00:00,1191.4999999999998
2023-08-15 18:00:00,1191.1999999999998
2023-08-15 19:00:00,1192.6999999999998
2023-08-15 20:00:00,1189.4999999999998
2023-08-15 23:00:00,1189.4999999999998
2023-08-16 14:30:00,1195.3999999999999
2023-08-16 15:00:00,1193.7999999999997
2023-08-16 16:00:00,1191.6999999999998
2023-08-16 17:00:00,1190.2999999999997
2023-08-16 18:00:00,1189.8999999999999
2023-08-16 19:00:00,1188.1
2023-08-16 20:00:00,1184.2999999999997
2023-08-16 23:00:00,1184.2999999999997
2023-08-17 14:30:00,1187.1999999999998
2023-08-17 15:00:00,1186.3999999999999
2023-08-17 16:00:00,1183.6
2023-08-17 17:00:00,1183.9999999999998
2023-08-17 18:00:00,1181.6999999999998
2023-08-17 19:00:00,1176.4999999999998
2023-08-17 20:00:00,1175.6
2023-08-17 23:00:00,1175.6
2023-08-18 14:30:00,1175.4999999999998
2023-08-18 15:00:00,1174.9999999999998
2023-08-18 16:00:00,1175.9999999999998
2023-08-18 17:00:00,1177.2999999999997
2023-08-18 18:00:00,1175.1999999999998
2023-08-18 19:00:00,1176.6
2023-08-18 20:00:00,1176.6
2023-08-18 23:00:00,1176.6
2023-08-21 14:30:00,1175.2999999999997
2023-08-21 15:00:00,1171.8999999999999
2023-08-21 16:00:00,1168.3999999999999
2023-08-21 17:00:00,1169.4999999999998
2023-08-21 18:00:00,1171.6
2023-08-21 19:00:00,1173.1999999999998
2023-08-21 20:00:00,1174.6999999999998
2023-08-21 23:00:00,1174.6999999999998
2023-08-22 14:30:00,1175.2999999999997
2023-08-22 15:00:00,1173.3999999999999
2023-08-22 16:00:00,1172.2999999999997
2023-08-22 17:00:00,1171.3999999999999
2023-08-22 18:00:00,1170.9999999999998
2023-08-22 19:00:00,1171.2999999999997
2023-08-22 20:00:00,1171.8999999999999
2023-08-22 23:00:00,1171.8999999999999
2023-08-23 14:30:00,1175.2999999999997
2023-08-23 15:00:00,1177.1
2023-08-23 16:00:00,1180.3999999999999
2023-08-23 17:00:00,1180.8999999999999
2023-08-23 18:00:00,1182.6999999999998
2023-08-23 19:00:00,1181.4999999999998
2023-08-23 20:00:00,1182.1
2023-08-23 23:00:00,1182.1
2023-08-24 14:30:00,1181.6999999999998
2023-08-24 15:00:00,1179.2999999999997
2023-08-24 16:00:00,1175.3999999999999
2023-08-24 17:00:00,1175.9999999999998
2023-08-24 18:00:00,1174.7999999999997
2023-08-24 19:00:00,1172.9999999999998
2023-08-24 20:00:00,1174.1999999999998
2023-08-24 23:00:00,1169.3999999999999
2023-08-25 14:30:00,1175.1
2023-08-25 15:00:00,1166.9999999999998
2023-08-25 16:00:00,1171.2999999999997
2023-08-25 17:00:00,1174.6999999999998
2023-08-25 18:00:00,1176.1
2023-08-25 19:00:00,1179.1
2023-08-25 20:00:00,1181.1
2023-08-25 23:00:00,1177.6999999999998
2023-08-28 14:30:00,1188.9999999999998
2023-08-28 15:00:00,1190.1
2023-08-28 16:00:00,1187.8999999999999
2023-08-28 17:00:00,1187.1
2023-08-28 18:00:00,1184.1
2023-08-28 19:00:00,1184.3999999999999
2023-08-28 20:00:00,1186.2999999999997
2023-08-28 23:00:00,1186.2999999999997
2023-08-29 14:30:00,1185.2999999999997
2023-08-29 15:00:00,1188.2999999999997
2023-08-29 16:00:00,1192.2999999999997
2023-08-29 17:00:00,1192.6999999999998
2023-08-29 18:00:00,1192.6999999999998
2023-08-29 19:00:00,1193.1999999999998
2023-08-29 20:00:00,1193.9999999999998
2023-08-29 23:00:00,1194.6
2023-08-30 14:30:00,1202.6
2023-08-30 15:00:00,1198.7999999999997
2023-08-30 16:00:00,1198.6
2023-08-30 17:00:00,1198.7999999999997
2023-08-30 18:00:00,1196.8999999999999
2023-08-30 19:00:00,1198.9999999999998
2023-08-30 20:00:00,1198.8999999999999
2023-08-30 23:00:00,1199.6999999999998
2023-08-31 14:30:00,1202.1
2023-08-31 15:00:00,1201.7999999999997
2023-08-31 16:00:00,1200.1
2023-08-31 18:00:00,1198.3999999999999
2023-08-31 19:00:00,1198.6
2023-08-31 20:00:00,1196.2999999999997
2023-08-31 23:00:00,1193.6999999999998
2023-09-01 14:30:00,1200.3999999999999
2023-09-01 15:00:00,1197.7999999999997
2023-09-01 16:00:00,1195.3999999999999
2023-09-01 17:00:00,1196.2999999999997
2023-09-01 18:00:00,1197.3999999999999
2023-09-01 19:00:00,1197.8999999999999
2023-09-01 20:00:00,1199.2999999999997
2023-09-01 23:00:00,1199.6
2023-09-05 14:30:00,1187.1999999999998
2023-09-05 15:00:00,1186.9999999999998
2023-09-05 16:00:00,1187.1999999999998
2023-09-05 17:00:00,1184.3999999999999
2023-09-05 18:00:00,1183.7999999999997
2023-09-05 19:00:00,1183.7999999999997
2023-09-05 20:00:00,1181.1
2023-09-05 23:00:00,1181.1
2023-09-06 14:30:00,1181.2999999999997
2023-09-06 15:00:00,1179.6999999999998
2023-09-06 16:00:00,1174.6
2023-09-06 17:00:00,1170.8999999999999
2023-09-06 18:00:00,1173.9999999999998
2023-09-06 19:00:00,1175.6
2023-09-06 20:00:00,1176.1
2023-09-06 23:00:00,1175.6999999999998
2023-09-07 14:30:00,1168.6
2023-09-07 15:00:00,1169.4999999999998
2023-09-07 16:00:00,1169.4999999999998
2023-09-07 17:00:00,1171.7999999999997
2023-09-07 18:00:00,1172.8999999999999
2023-09-07 19:00:00,1170.2999999999997
2023-09-07 20:00:00,1172.3999999999999
2023-09-07 23:00:00,1172.1999999999998
2023-09-08 14:30:00,1167.6
2023-09-08 15:00:00,1171.8999999999999
2023-09-08 16:00:00,1169.6999999999998
2023-09-08 17:00:00,1168.1999999999998
2023-09-08 18:00:00,1167.2999999999997
2023-09-08 19:00:00,1165.6
2023-09-08 20:00:00,1164.8999999999999
2023-09-08 23:00:00,1166.7999999999997
2023-09-11 14:30:00,1164.6999999999998
2023-09-11 15:00:00,1163.1999999999998
2023-09-11 16:00:00,1161.6
2023-09-11 17:00:00,1163.7999999999997
2023-09-11 18:00:00,1163.9999999999998
2023-09-11 19:00:00,1165.7999999999997
2023-09-11 20:00:00,1165.6999999999998
2023-09-11 23:00:00,1166.2999999999997
2023-09-12 14:30:00,1164.6
2023-09-12 15:00:00,1164.1999999999998
2023-09-12 16:00:00,1166.9999999999998
2023-09-12 17:00:00,1167.6999999999998
2023-09-12 18:00:00,1166.7999999999997
2023-09-12 19:00:00,1163.9999999999998
2023-09-12 20:00:00,1163.9999999999998
2023-09-12 20:00:01,1162.6999999999998
2023-09-12 20:00:02,1162.6999999999998
2023-09-12 23:00:00,1162.8999999999999
2023-09-13 14:30:00,1160.6999999999998
2023-09-13 15:00:00,1160.9999999999998
2023-09-13 16:00:00,1160.6999999999998
2023-09-13 17:00:00,1160.0999999999997
2023-09-13 18:00:00,1157.0999999999997
2023-09-13 19:00:00,1151.9999999999998
2023-09-13 20:00:00,1155.4999999999998
2023-09-13 23:00:00,1155.8999999999999
2023-09-14 14:30:00,1162.8999999999999
2023-09-14 15:00:00,1164.3999999999999
2023-09-14 16:00:00,1159.9999999999998
2023-09-14 17:00:00,1162.8999999999999
2023-09-14 18:00:00,1163.3999999999999
2023-09-14 19:00:00,1164.2999999999997
2023-09-14 20:00:00,1164.4999999999998
2023-09-14 23:00:00,1166.0999999999997
2023-09-15 14:30:00,1163.3999999999999
2023-09-15 15:00:00,1160.4999999999998
2023-09-15 16:00:00,1158.7999999999997
2023-09-15 17:00:00,1159.4999999999998
2023-09-15 18:00:00,1159.4999999999998
2023-09-15 19:00:00,1160.2999999999997
2023-09-15 20:00:00,1158.6999999999998
2023-09-15 21:00:00,1159.9999999999998
2023-09-15 23:00:00,1159.5999999999997
2023-09-18 14:30:00,1159.4999999999998
2023-09-18 15:00:00,1164.8999999999999
2023-09-18 16:00:00,1165.7999999999997
2023-09-18 17:00:00,1165.5999999999997
2023-09-18 18:00:00,1164.2999999999997
2023-09-18 19:00:00,1162.5999999999997
2023-09-18 20:00:00,1162.4999999999998
2023-09-18 23:00:00,1160.5999999999997
2023-09-19 14:30:00,1157.5999999999997
2023-09-19 15:00:00,1152.3999999999999
2023-09-19 16:00:00,1153.4999999999998
2023-09-19 17:00:00,1148.5999999999997
2023-09-19 18:00:00,1151.4999999999998
2023-09-19 19:00:00,1154.3999999999999
2023-09-19 20:00:00,1154.5999999999997
2023-09-19 23:00:00,1155.4999999999998
2023-09-20 14:30:00,1165.8999999999999
2023-09-20 15:00:00,1163.4999999999998
2023-09-20 16:00:00,1162.7999999999997
2023-09-20 17:00:00,1163.8999999999999
2023-09-20 18:00:00,1162.2999999999997
2023-09-20 19:00:00,1157.9999999999998
2023-09-20 20:00:00,1155.4999999999998
2023-09-20 23:00:00,1150.9999999999998
2023-09-21 14:30:00,1139.0999999999997
2023-09-21 15:00:00,1138.7999999999997
2023-09-21 16:00:00,1140.0999999999997
2023-09-21 17:00:00,1139.0999999999997
2023-09-21 18:00:00,1140.6999999999998
2023-09-21 19:00:00,1138.7999999999997
2023-09-21 20:00:00,1135.3999999999999
2023-09-21 23:00:00,1133.2999999999997
2023-09-22 14:30:00,1133.7999999999997
2023-09-22 15:00:00,1135.3999999999999
2023-09-22 16:00:00,1133.1999999999998
2023-09-22 17:00:00,1133.4999999999998
2023-09-22 18:00:00,1132.2999999999997
2023-09-22 19:00:00,1129.8999999999999
2023-09-22 20:00:00,1129.8999999999999
2023-09-22 23:00:00,1129.5999999999997
2023-09-25 14:30:00,1128.9999999999998
2023-09-25 15:00:00,1128.4999999999998
2023-09-25 16:00:00,1133.3999999999999
2023-09-25 17:00:00,1133.1999999999998
2023-09-25 18:00:00,1132.6999999999998
2023-09-25 19:00:00,1133.1999999999998
2023-09-25 20:00:00,1133.2999999999997
2023-09-25 23:00:00,1134.7999999999997
2023-09-26 14:30:00,1127.9999999999998
2023-09-26 15:00:00,1124.5999999999997
2023-09-26 16:00:00,1123.5999999999997
2023-09-26 17:00:00,1123.9999999999998
2023-09-26 18:00:00,1122.3999999999999
2023-09-26 19:00:00,1120.2999999999997
2023-09-26 20:00:00,1118.8999999999999
2023-09-26 21:00:00,1119.9999999999998
2023-09-26 23:00:00,1118.7999999999997
2023-09-27 14:30:00,1123.2999999999997
2023-09-27 15:00:00,1123.8999999999999
2023-09-27 16:00:00,1123.8999999999999
2023-09-27 17:00:00,1124.4999999999998
2023-09-27 18:00:00,1120.5999999999997
2023-09-27 19:00:00,1124.9999999999998
2023-09-27 20:00:00,1127.4999999999998
2023-09-27 23:00:00,1125.9999999999998
2023-09-28 14:30:00,1128.2999999999997
2023-09-28 15:00:00,1130.9999999999998
2023-09-28 16:00:00,1135.3999999999999
2023-09-28 17:00:00,1134.2999999999997
2023-09-28 18:00:00,1130.9999999999998
2023-09-28 19:00:00,1130.8999999999999
2023-09-28 20:00:00,1133.9999999999998
2023-09-28 21:00:00,1133.4999999999998
2023-09-28 23:00:00,1130.0999999999997
2023-09-29 14:30:00,1132.8999999999999
2023-09-29 15:00:00,1131.6999999999998
2023-09-29 16:00:00,1127.8999999999999
2023-09-29 17:00:00,1128.9999999999998
2023-09-29 18:00:00,1122.4999999999998
2023-09-29 19:00:00,1125.7999999999997
2023-09-29 20:00:00,1125.0999999999997
2023-09-29 23:00:00,1124.1999999999998
2023-10-02 14:30:00,1118.9999999999998
2023-10-02 15:00:00,1116.9999999999998
2023-10-02 16:00:00,1114.4999999999998
2023-10-02 17:00:00,1110.5999999999997
2023-10-02 18:00:00,1112.6999999999998
2023-10-02 19:00:00,1112.0999999999997
2023-10-02 20:00:00,1109.4999999999998
2023-10-02 23:00:00,1114.3999999999999
2023-10-03 14:30:00,1116.1999999999998
2023-10-03 15:00:00,1107.3999999999999
2023-10-03 16:00:00,1104.2999999999997
2023-10-03 17:00:00,1107.8999999999999
2023-10-03 18:00:00,1106.2999999999997
2023-10-03 19:00:00,1105.5999999999997
2023-10-03 20:00:00,1104.6999999999998
2023-10-03 23:00:00,1105.8999999999999
2023-10-04 14:30:00,1105.6999999999998
2023-10-04 15:00:00,1099.2999999999997
2023-10-04 16:00:00,1109.2999999999997
2023-10-04 17:00:00,1109.2999999999997
2023-10-04 18:00:00,1105.3999999999999
2023-10-04 19:00:00,1105.3999999999999
2023-10-04 20:00:00,1109.4999999999998
2023-10-04 23:00:00,1110.2999999999997
2023-10-05 14:30:00,1106.2999999999997
2023-10-05 15:00:00,1101.8999999999999
2023-10-05 16:00:00,1100.3999999999999
2023-10-05 17:00:00,1099.9999999999998
2023-10-05 18:00:00,1104.4999999999998
2023-10-05 19:00:00,1105.9999999999998
2023-10-05 20:00:00,1105.4999999999998
2023-10-05 23:00:00,1103.4999999999998
2023-10-06 14:30:00,1100.3999999999999
2023-10-06 15:00:00,1103.5999999999997
2023-10-06 16:00:00,1117.9999999999998
2023-10-06 17:00:00,1114.2999999999997
2023-10-06 18:00:00,1117.5999999999997
2023-10-06 19:00:00,1121.7999999999997
2023-10-06 20:00:00,1120.7999999999997
2023-10-06 23:00:00,1116.8999999999999
2023-10-09 14:30:00,1122.1999999999998
2023-10-09 15:00:00,1120.3999999999999
2023-10-09 16:00:00,1124.8999999999999
2023-10-09 17:00:00,1124.8999999999999
2023-10-09 18:00:00,1131.2999999999997
2023-10-09 19:00:00,1133.1999999999998
2023-10-09 20:00:00,1131.8999999999999
2023-10-09 23:00:00,1133.0999999999997
2023-10-10 14:30:00,1136.1999999999998
2023-10-10 15:00:00,1139.5999999999997
2023-10-10 16:00:00,1143.9999999999998
2023-10-10 17:00:00,1144.0999999999997
2023-10-10 18:00:00,1141.1999999999998
2023-10-10 19:00:00,1138.7999999999997
2023-10-10 20:00:00,1139.4999999999998
2023-10-10 23:00:00,1138.7999999999997
2023-10-11 14:30:00,1140.9999999999998
2023-10-11 15:00:00,1142.7999999999997
2023-10-11 16:00:00,1141.3999999999999
2023-10-11 17:00:00,1138.5999999999997
2023-10-11 18:00:00,1139.8999999999999
2023-10-11 19:00:00,1142.9999999999998
2023-10-11 20:00:00,1143.2999999999997
2023-10-11 23:00:00,1145.2999999999997
2023-10-12 14:30:00,1139.2999999999997
2023-10-12 15:00:00,1136.8999999999999
2023-10-12 16:00:00,1139.7999999999997
2023-10-12 17:00:00,1141.7999999999997
2023-10-12 18:00:00,1128.6999999999998
2023-10-12 19:00:00,1132.4999999999998
2023-10-12 20:00:00,1134.9999999999998
2023-10-12 23:00:00,1134.7999999999997
2023-10-13 14:30:00,1137.0999999999997
2023-10-13 15:00:00,1128.2999999999997
2023-10-13 16:00:00,1125.7999999999997
2023-10-13 17:00:00,1128.1999999999998
2023-10-13 18:00:00,1124.7999999999997
2023-10-13 19:00:00,1124.9999999999998
2023-10-13 20:00:00,1125.7999999999997
2023-10-13 23:00:00,1125.7999999999997
2023-10-16 14:30:00,1133.0999999999997
2023-10-16 15:00:00,1141.2999999999997
2023-10-16 16:00:00,1137.5999999999997
2023-10-16 17:00:00,1134.7999999999997
2023-10-16 18:00:00,1136.9999999999998
2023-10-16 19:00:00,1135.4999999999998
2023-10-16 20:00:00,1137.9999999999998
2023-10-16 23:00:00,1136.2999999999997
2023-10-17 14:30:00,1136.7999999999997
2023-10-17 15:00:00,1139.4999999999998
2023-10-17 16:00:00,1144.6999999999998
2023-10-17 17:00:00,1139.7999999999997
2023-10-17 18:00:00,1137.7999999999997
2023-10-17 19:00:00,1138.3999999999999
2023-10-17 20:00:00,1139.2999999999997
2023-10-17 23:00:00,1139.4999999999998
2023-10-18 14:30:00,1121.6999999999998
2023-10-18 15:00:00,1120.4999999999998
2023-10-18 16:00:00,1122.1999999999998
2023-10-18 17:00:00,1120.2999999999997
2023-10-18 18:00:00,1120.7999999999997
2023-10-18 19:00:00,1119.1999999999998
2023-10-18 20:00:00,1116.9999999999998
2023-10-18 23:00:00,1113.9999999999998
2023-10-19 14:30:00,1117.5999999999997
2023-10-19 15:00:00,1111.6999999999998
2023-10-19 16:00:00,1114.8999999999999
2023-10-19 17:00:00,1118.6999999999998
2023-10-19 18:00:00,1113.8999999999999
2023-10-19 19:00:00,1106.5999999999997
2023-10-19 20:00:00,1105.6999999999998
2023-10-19 23:00:00,1104.4999999999998
2023-10-20 14:30:00,1104.8999999999999
2023-10-20 15:00:00,1098.0999999999997
2023-10-20 16:00:00,1098.6999999999998
2023-10-20 17:00:00,1098.6999999999998
2023-10-20 18:00:00,1099.4999999999998
2023-10-20 19:00:00,1096.7999999999997
2023-10-20 20:00:00,1096.2999999999997
2023-10-20 23:00:00,1093.8999999999999
2023-10-23 14:30:00,1096.5999999999997
2023-10-23 15:00:00,1096.2999999999997
2023-10-23 16:00:00,1098.7999999999997
2023-10-23 17:00:00,1101.2999999999997
2023-10-23 18:00:00,1098.2999999999997
2023-10-23 19:00:00,1097.2999999999997
2023-10-23 20:00:00,1089.0999999999997
2023-10-23 23:00:00,1089.0999999999997
2023-10-24 14:30:00,1099.8999999999999
2023-10-24 15:00:00,1101.3999999999999
2023-10-24 16:00:00,1093.7999999999997
2023-10-24 17:00:00,1092.5999999999997
2023-10-24 18:00:00,1093.1999999999998
2023-10-24 19:00:00,1096.3999999999999
2023-10-24 20:00:00,1095.8999999999999
2023-10-24 23:00:00,1096.1999999999998
2023-10-25 14:30:00,1087.6999999999998
2023-10-25 15:00:00,1090.5999999999997
2023-10-25 16:00:00,1089.2999999999997
2023-10-25 17:00:00,1087.2999999999997
2023-10-25 18:00:00,1084.9999999999998
2023-10-25 19:00:00,1085.7999999999997
2023-10-25 20:00:00,1083.1999999999998
2023-10-25 23:00:00,1083.1999999999998
2023-10-26 14:30:00,1085.4999999999998
2023-10-26 15:00:00,1088.6999999999998
2023-10-26 16:00:00,1084.7999999999997
2023-10-26 17:00:00,1079.7999999999997
2023-10-26 18:00:00,1082.7999999999997
2023-10-26 19:00:00,1086.7999999999997
2023-10-26 20:00:00,1078.1999999999998
2023-10-26 23:00:00,1078.1999999999998
2023-10-27 14:30:00,1075.9999999999998
2023-10-27 15:00:00,1077.2999999999997
2023-10-27 16:00:00,1078.8999999999999
2023-10-27 17:00:00,1073.8999999999999
2023-10-27 18:00:00,1069.6
2023-10-27 19:00:00,1066.9999999999998
2023-10-27 20:00:00,1068.6999999999998
2023-10-27 23:00:00,1069.6
2023-10-30 13:30:00,1074.0999999999997
2023-10-30 14:00:00,1074.4999999999998
2023-10-30 15:00:00,1077.8999999999999
2023-10-30 16:00:00,1075.2999999999997
2023-10-30 17:00:00,1080.9999999999998
2023-10-30 18:00:00,1082.2999999999997
2023-10-30 19:00:00,1081.3999999999999
2023-10-30 23:00:00,1081.3999999999999
2023-10-31 13:30:00,1079.9999999999998
2023-10-31 14:00:00,1082.2999999999997
2023-10-31 15:00:00,1085.3999999999999
2023-10-31 16:00:00,1086.2999999999997
2023-10-31 17:00:00,1088.9999999999998
2023-10-31 18:00:00,1088.2999999999997
2023-10-31 19:00:00,1088.8999999999999
2023-10-31 23:00:00,1088.8999999999999
2023-11-01 13:30:00,1088.8999999999999
2023-11-01 14:00:00,1088.4999999999998
2023-11-01 15:00:00,1086.4999999999998
2023-11-01 16:00:00,1083.6999999999998
2023-11-01 17:00:00,1085.5999999999997
2023-11-01 18:00:00,1087.3999999999999
2023-11-01 19:00:00,1091.8999999999999
2023-11-01 23:00:00,1091.5999999999997
2023-11-02 13:30:00,1104.3999999999999
2023-11-02 14:00:00,1108.9999999999998
2023-11-02 15:00:00,1107.8999999999999
2023-11-02 16:00:00,1108.6999999999998
2023-11-02 17:00:00,1112.2999999999997
2023-11-02 18:00:00,1112.0999999999997
2023-11-02 19:00:00,1111.7999999999997
2023-11-02 23:00:00,1111.9999999999998
2023-11-03 13:30:00,1124.4999999999998
2023-11-03 14:00:00,1121.4999999999998
2023-11-03 15:00:00,1122.9999999999998
2023-11-03 16:00:00,1122.1999999999998
2023-11-03 17:00:00,1124.5999999999997
2023-11-03 18:00:00,1125.1999999999998
2023-11-03 19:00:00,1120.0999999999997
2023-11-03 23:00:00,1120.3999999999999
2023-11-06 14:30:00,1113.3999999999999
2023-11-06 15:00:00,1114.7999999999997
2023-11-06 16:00:00,1115.4999999999998
2023-11-06 17:00:00,1114.7999999999997
2023-11-06 18:00:00,1113.9999999999998
2023-11-06 19:00:00,1115.9999999999998
2023-11-06 20:00:00,1115.8999999999999
2023-11-06 23:00:00,1117.6999999999998
2023-11-07 14:30:00,1112.0999999999997
2023-11-07 15:00:00,1115.2999999999997
2023-11-07 16:00:00,1114.5999999999997
2023-11-07 17:00:00,1113.5999999999997
2023-11-07 18:00:00,1113.8999999999999
2023-11-07 19:00:00,1114.1999999999998
2023-11-07 20:00:00,1115.2999999999997
2023-11-07 23:00:00,1114.9999999999998
2023-11-08 14:30:00,1118.9999999999998
2023-11-08 15:00:00,1117.5999999999997
2023-11-08 16:00:00,1115.9999999999998
2023-11-08 17:00:00,1115.2999999999997
2023-11-08 18:00:00,1116.9999999999998
2023-11-08 19:00:00,1117.4999999999998
2023-11-08 20:00:00,1117.0999999999997
2023-11-08 23:00:00,1117.2999999999997
2023-11-09 14:30:00,1123.6999999999998
2023-11-09 15:00:00,1122.9999999999998
2023-11-09 16:00:00,1124.7999999999997
2023-11-09 17:00:00,1123.1999999999998
2023-11-09 18:00:00,1117.3999999999999
2023-11-09 19:00:00,1113.1999999999998
2023-11-09 20:00:00,1114.4999999999998
2023-11-09 23:00:00,1114.7999999999997
2023-11-10 14:30:00,1120.6999999999998
2023-11-10 15:00:00,1117.2999999999997
2023-11-10 16:00:00,1120.6999999999998
2023-11-10 17:00:00,1124.0999999999997
2023-11-10 18:00:00,1125.7999999999997
2023-11-10 19:00:00,1126.5999999999997
2023-11-10 20:00:00,1127.2999999999997
2023-11-10 23:00:00,1128.9999999999998
2023-11-13 14:30:00,1128.6999999999998
2023-11-13 15:00:00,1128.4999999999998
2023-11-13 16:00:00,1131.3999999999999
2023-11-13 17:00:00,1130.0999999999997
2023-11-13 18:00:00,1130.2999999999997
2023-11-13 19:00:00,1130.8999999999999
2023-11-13 20:00:00,1130.9999999999998
2023-11-13 23:00:00,1129.2999999999997
2023-11-14 14:30:00,1145.2999999999997
2023-11-14 15:00:00,1151.3999999999999
2023-11-14 16:00:00,1151.1999999999998
2023-11-14 17:00:00,1151.5999999999997
2023-11-14 18:00:00,1151.5999999999997
2023-11-14 19:00:00,1153.6999999999998
2023-11-14 20:00:00,1153.8999999999999
2023-11-14 23:00:00,1150.7999999999997
2023-11-15 14:30:00,1156.3999999999999
2023-11-15 15:00:00,1159.5999999999997
2023-11-15 16:00:00,1156.1999999999998
2023-11-15 17:00:00,1156.0999999999997
2023-11-15 18:00:00,1156.1999999999998
2023-11-15 19:00:00,1155.3999999999999
2023-11-15 20:00:00,1155.2999999999997
2023-11-15 23:00:00,1152.9999999999998
2023-11-16 14:30:00,1154.8999999999999
2023-11-16 15:00:00,1152.3999999999999
2023-11-16 16:00:00,1149.3999999999999
2023-11-16 17:00:00,1151.0999999999997
2023-11-16 18:00:00,1149.7999999999997
2023-11-16 19:00:00,1150.5999999999997
2023-11-16 20:00:00,1151.0999999999997
2023-11-16 23:00:00,1152.6999999999998
2023-11-17 14:30:00,1156.2999999999997
2023-11-17 15:00:00,1158.1999999999998
2023-11-17 16:00:00,1156.1999999999998
2023-11-17 17:00:00,1155.7999999999997
2023-11-17 18:00:00,1157.0999999999997
2023-11-17 19:00:00,1157.8999999999999
2023-11-17 20:00:00,1158.9999999999998
2023-11-17 23:00:00,1158.8999999999999
2023-11-20 14:30:00,1155.9999999999998
2023-11-20 15:00:00,1160.1999999999998
2023-11-20 16:00:00,1159.3999999999999
2023-11-20 17:00:00,1159.5999999999997
2023-11-20 18:00:00,1162.1999999999998
2023-11-20 19:00:00,1163.5999999999997
2023-11-20 20:00:00,1164.5999999999997
2023-11-20 23:00:00,1162.3999999999999
2023-11-21 14:30:00,1159.5999999999997
2023-11-21 15:00:00,1160.2999999999997
2023-11-21 16:00:00,1159.8999999999999
2023-11-21 17:00:00,1162.6999999999998
2023-11-21 18:00:00,1161.9999999999998
2023-11-21 19:00:00,1161.5999999999997
2023-11-21 20:00:00,1161.2999999999997
2023-11-21 23:00:00,1161.3999999999999
2023-11-22 14:30:00,1160.5999999999997
2023-11-22 15:00:00,1160.9999999999998
2023-11-22 16:00:00,1164.0999999999997
2023-11-22 17:00:00,1162.0999999999997
2023-11-22 18:00:00,1161.7999999999997
2023-11-22 19:00:00,1162.2999999999997
2023-11-22 20:00:00,1162.6999999999998
2023-11-22 23:00:00,1162.9999999999998
2023-11-24 14:30:00,1164.3999999999999
2023-11-24 15:00:00,1166.4999999999998
2023-11-24 16:00:00,1164.6999999999998
2023-11-24 17:00:00,1165.3999999999999
2023-11-24 23:00:00,1165.3999999999999
2023-11-27 14:30:00,1159.6999999999998
2023-11-27 15:00:00,1160.8999999999999
2023-11-27 16:00:00,1161.7999999999997
2023-11-27 17:00:00,1159.3999999999999
2023-11-27 18:00:00,1159.8999999999999
2023-11-27 19:00:00,1158.8999999999999
2023-11-27 20:00:00,1159.7999999999997
2023-11-27 23:00:00,1159.8999999999999
2023-11-28 14:30:00,1158.7999999999997
2023-11-28 15:00:00,1162.9999999999998
2023-11-28 16:00:00,1164.6999999999998
2023-11-28 17:00:00,1158.5999999999997
2023-11-28 18:00:00,1156.4999999999998
2023-11-28 19:00:00,1159.3999999999999
2023-11-28 20:00:00,1159.0999999999997
2023-11-28 23:00:00,1156.4999999999998
2023-11-29 14:30:00,1164.7999999999997
2023-11-29 15:00:00,1163.1999999999998
2023-11-29 16:00:00,1162.5999999999997
2023-11-29 17:00:00,1163.4999999999998
2023-11-29 18:00:00,1164.0999999999997
2023-11-29 19:00:00,1160.7999999999997
2023-11-29 20:00:00,1159.7999999999997
2023-11-29 23:00:00,1160.6999999999998
2023-11-30 14:30:00,1164.2999999999997
2023-11-30 15:00:00,1167.1999999999998
2023-11-30 16:00:00,1164.6999999999998
2023-11-30 17:00:00,1164.2999999999997
2023-11-30 18:00:00,1165.7999999999997
2023-11-30 19:00:00,1168.2999999999997
2023-11-30 20:00:00,1167.4999999999998
2023-11-30 23:00:00,1171.9999999999998
2023-12-01 14:30:00,1177.3999999999999
2023-12-01 15:00:00,1181.1999999999998
2023-12-01 16:00:00,1185.7999999999997
2023-12-01 17:00:00,1186.7999999999997
2023-12-01 18:00:00,1187.0999999999997
2023-12-01 19:00:00,1188.6999999999998
2023-12-01 20:00:00,1187.1999999999998
2023-12-01 23:00:00,1187.7999999999997
2023-12-04 14:30:00,1186.6999999999998
2023-12-04 15:00:00,1184.2999999999997
2023-12-04 16:00:00,1186.4999999999998
2023-12-04 17:00:00,1189.4999999999998
2023-12-04 18:00:00,1187.5999999999997
2023-12-04 19:00:00,1188.5999999999997
2023-12-04 20:00:00,1187.8999999999999
2023-12-04 23:00:00,1190.3999999999999
2023-12-05 14:30:00,1177.9999999999998
2023-12-05 15:00:00,1184.4999999999998
2023-12-05 16:00:00,1181.9999999999998
2023-12-05 17:00:00,1182.8999999999999
2023-12-05 18:00:00,1182.4999999999998
2023-12-05 19:00:00,1182.0999999999997
2023-12-05 20:00:00,1181.9999999999998
2023-12-05 23:00:00,1180.5999999999997
2023-12-06 14:30:00,1191.7999999999997
2023-12-06 15:00:00,1186.6999999999998
2023-12-06 16:00:00,1186.0999999999997
2023-12-06 17:00:00,1185.5999999999997
2023-12-06 18:00:00,1187.8999999999999
2023-12-06 19:00:00,1187.0999999999997
2023-12-06 20:00:00,1185.9999999999998
2023-12-06 23:00:00,1185.8999999999999
2023-12-07 14:30:00,1186.5999999999997
2023-12-07 15:00:00,1186.3999999999999
2023-12-07 16:00:00,1184.6999999999998
2023-12-07 17:00:00,1185.7999999999997
2023-12-07 18:00:00,1186.3999999999999
2023-12-07 19:00:00,1186.2999999999997
2023-12-07 20:00:00,1186.0999999999997
2023-12-07 23:00:00,1186.4999999999998
2023-12-08 14:30:00,1189.1999999999998
2023-12-08 15:00:00,1193.4999999999998
2023-12-08 16:00:00,1187.8999999999999
2023-12-08 17:00:00,1188.2999999999997
2023-12-08 18:00:00,1189.4999999999998
2023-12-08 19:00:00,1190.2999999999997
2023-12-08 20:00:00,1189.9999999999998
2023-12-08 23:00:00,1189.7999999999997
2023-12-11 14:30:00,1196.0999999999997
2023-12-11 15:00:00,1199.9999999999998
2023-12-11 16:00:00,1199.2999999999997
2023-12-11 17:00:00,1198.5999999999997
2023-12-11 18:00:00,1199.3999999999999
2023-12-11 19:00:00,1198.1999999999998
2023-12-11 20:00:00,1199.5999999999997
2023-12-11 23:00:00,1199.5999999999997
2023-12-12 14:30:00,1200.1999999999998
2023-12-12 15:00:00,1203.0999999999997
2023-12-12 16:00:00,1202.4999999999998
2023-12-12 17:00:00,1202.6999999999998
2023-12-12 18:00:00,1204.3999999999999
2023-12-12 19:00:00,1204.5999999999997
2023-12-12 20:00:00,1206.3999999999999
2023-12-12 20:00:01,1206.3999999999999
2023-12-12 23:00:00,1204.5
2023-12-13 14:30:00,1203.3
2023-12-13 15:00:00,1204.5
2023-12-13 16:00:00,1201.1
2023-12-13 17:00:00,1200.3
2023-12-13 18:00:00,1201.0
2023-12-13 19:00:00,1216.3999999999999
2023-12-13 20:00:00,1214.2
2023-12-13 23:00:00,1217.1
2023-12-14 14:30:00,1227.1
2023-12-14 15:00:00,1227.3999999999999
2023-12-14 16:00:00,1230.2
2023-12-14 17:00:00,1232.2
2023-12-14 18:00:00,1227.8
2023-12-14 19:00:00,1230.8
2023-12-14 20:00:00,1233.0
2023-12-14 23:00:00,1231.8
2023-12-15 14:30:00,1229.2
2023-12-15 15:00:00,1233.0
2023-12-15 16:00:00,1230.0
2023-12-15 17:00:00,1230.3
2023-12-15 18:00:00,1227.5
2023-12-15 19:00:00,1225.8999999999999
2023-12-15 20:00:00,1227.7
2023-12-15 23:00:00,1229.3999999999999
2023-12-18 14:30:00,1232.1
2023-12-18 15:00:00,1228.8
2023-12-18 16:00:00,1231.3999999999999
2023-12-18 17:00:00,1232.5
2023-12-18 18:00:00,1232.0
2023-12-18 19:00:00,1230.1
2023-12-18 20:00:00,1230.2
2023-12-18 23:00:00,1230.1
2023-12-19 14:30:00,1236.3
2023-12-19 15:00:00,1238.3
2023-12-19 16:00:00,1237.3999999999999
2023-12-19 17:00:00,1237.8
2023-12-19 18:00:00,1236.7
2023-12-19 19:00:00,1236.5
2023-12-19 20:00:00,1236.5
2023-12-19 23:00:00,1238.6
2023-12-20 14:30:00,1232.8999999999999
2023-12-20 15:00:00,1237.2
2023-12-20 16:00:00,1236.6
2023-12-20 17:00:00,1238.7
2023-12-20 18:00:00,1237.3
2023-12-20 19:00:00,1227.8999999999999
2023-12-20 20:00:00,1227.3
2023-12-20 23:00:00,1219.0
2023-12-21 14:30:00,1226.8999999999999
2023-12-21 15:00:00,1225.7
2023-12-21 16:00:00,1228.2
2023-12-21 17:00:00,1223.1
2023-12-21 18:00:00,1226.1
2023-12-21 19:00:00,1224.8
2023-12-21 20:00:00,1230.3
2023-12-21 23:00:00,1230.5
2023-12-22 14:30:00,1237.3
2023-12-22 15:00:00,1236.7
2023-12-22 16:00:00,1237.3
2023-12-22 17:00:00,1236.3
2023-12-22 18:00:00,1238.2
2023-12-22 19:00:00,1231.6
2023-12-22 20:00:00,1236.5
2023-12-22 23:00:00,1235.8
2023-12-26 14:30:00,1237.8999999999999
2023-12-26 16:00:00,1241.0
2023-12-26 17:00:00,1243.0
2023-12-26 18:00:00,1244.2
2023-12-26 19:00:00,1245.1
2023-12-26 20:00:00,1245.3999999999999
2023-12-26 23:00:00,1243.6
2023-12-27 14:30:00,1245.7
2023-12-27 15:00:00,1244.5
2023-12-27 16:00:00,1245.7
2023-12-27 17:00:00,1244.7
2023-12-27 18:00:00,1244.8
2023-12-27 19:00:00,1244.2
2023-12-27 20:00:00,1244.6
2023-12-27 23:00:00,1245.7
2023-12-28 14:30:00,1245.5
2023-12-28 15:00:00,1243.3999999999999
2023-12-28 16:00:00,1244.2
2023-12-28 17:00:00,1244.8999999999999
2023-12-28 18:00:00,1244.8
2023-12-28 19:00:00,1246.8
2023-12-28 20:00:00,1246.0
2023-12-28 23:00:00,1245.0
2023-12-29 14:30:00,1245.3
2023-12-29 15:00:00,1243.3999999999999
2023-12-29 16:00:00,1239.8999999999999
2023-12-29 17:00:00,1239.2
2023-12-29 18:00:00,1242.6
2023-12-29 20:00:00,1243.0
2023-12-29 23:00:00,1243.3
2024-01-02 14:30:00,1241.8
2024-01-02 15:00:00,1234.2
2024-01-02 16:00:00,1236.0
2024-01-02 17:00:00,1234.3999999999999
2024-01-02 18:00:00,1233.2
2024-01-02 19:00:00,1228.8
2024-01-02 20:00:00,1230.5
2024-01-02 23:00:00,1230.7
2024-01-03 14:30:00,1220.0
2024-01-03 15:00:00,1217.0
2024-01-03 16:00:00,1218.8
2024-01-03 17:00:00,1219.3
2024-01-03 18:00:00,1219.8999999999999
2024-01-03 19:00:00,1219.1
2024-01-03 20:00:00,1213.0
2024-01-03 23:00:00,1213.3
2024-01-04 14:30:00,1218.3
2024-01-04 15:00:00,1220.3999999999999
2024-01-04 16:00:00,1222.0
2024-01-04 17:00:00,1220.8
2024-01-04 18:00:00,1219.3
2024-01-04 19:00:00,1219.5
2024-01-04 20:00:00,1213.5
2024-01-04 23:00:00,1213.7
2024-01-05 14:30:00,1213.5
2024-01-05 15:00:00,1218.5
2024-01-05 16:00:00,1216.0
2024-01-05 17:00:00,1212.8999999999999
2024-01-05 18:00:00,1215.5
2024-01-05 19:00:00,1215.6
2024-01-05 20:00:00,1215.7
2024-01-05 23:00:00,1215.7
2024-01-08 14:30:00,1208.8999999999999
2024-01-08 15:00:00,1213.5
2024-01-08 16:00:00,1214.2
2024-01-08 17:00:00,1213.2
2024-01-08 18:00:00,1215.3
2024-01-08 19:00:00,1219.2
2024-01-08 20:00:00,1222.1
2024-01-08 23:00:00,1222.1
2024-01-09 14:30:00,1211.3999999999999
2024-01-09 15:00:00,1213.5
2024-01-09 16:00:00,1217.0
2024-01-09 17:00:00,1218.3999999999999
2024-01-09 18:00:00,1219.0
2024-01-09 19:00:00,1217.8
2024-01-09 20:00:00,1217.3999999999999
2024-01-09 23:00:00,1219.0
2024-01-10 14:30:00,1221.3999999999999
2024-01-10 15:00:00,1221.3999999999999
2024-01-10 16:00:00,1220.1
2024-01-10 17:00:00,1222.1
2024-01-10 18:00:00,1222.3
2024-01-10 19:00:00,1223.8
2024-01-10 20:00:00,1224.8
2024-01-10 23:00:00,1224.8
2024-01-11 14:30:00,1220.6
2024-01-11 15:00:00,1215.8
2024-01-11 16:00:00,1214.7
2024-01-11 17:00:00,1214.8
2024-01-11 18:00:00,1218.8
2024-01-11 19:00:00,1221.2
2024-01-11 20:00:00,1219.8
2024-01-11 23:00:00,1222.2
2024-01-12 14:30:00,1222.8
2024-01-12 15:00:00,1217.3999999999999
2024-01-12 16:00:00,1217.8
2024-01-12 17:00:00,1218.8999999999999
2024-01-12 18:00:00,1220.8
2024-01-12 19:00:00,1219.6
2024-01-12 20:00:00,1219.1
2024-01-12 23:00:00,1220.7
2024-01-16 14:30:00,1209.1
2024-01-16 15:00:00,1212.5
2024-01-16 16:00:00,1208.3
2024-01-16 17:00:00,1209.1
2024-01-16 18:00:00,1207.6
2024-01-16 19:00:00,1207.2
2024-01-16 20:00:00,1208.0
2024-01-16 23:00:00,1209.3999999999999
2024-01-17 14:30:00,1205.1
2024-01-17 15:00:00,1205.0
2024-01-17 16:00:00,1204.0
2024-01-17 17:00:00,1202.2
2024-01-17 18:00:00,1199.8
2024-01-17 19:00:00,1200.8999999999999
2024-01-17 20:00:00,1200.8
2024-01-17 23:00:00,1200.8
2024-01-18 14:30:00,1206.5
2024-01-18 15:00:00,1208.0
2024-01-18 16:00:00,1206.8
2024-01-18 17:00:00,1206.0
2024-01-18 18:00:00,1209.3
2024-01-18 19:00:00,1213.2
2024-01-18 20:00:00,1215.3999999999999
2024-01-18 23:00:00,1216.3999999999999
2024-01-19 14:30:00,1213.6
2024-01-19 15:00:00,1214.6
2024-01-19 16:00:00,1215.5
2024-01-19 17:00:00,1218.7
2024-01-19 18:00:00,1222.8
2024-01-19 19:00:00,1223.5
2024-01-19 20:00:00,1223.8
2024-01-19 23:00:00,1222.8999999999999
2024-01-22 14:30:00,1232.5
2024-01-22 15:00:00,1231.7
2024-01-22 16:00:00,1232.3
2024-01-22 17:00:00,1230.2
2024-01-22 18:00:00,1230.8999999999999
2024-01-22 19:00:00,1229.8
2024-01-22 20:00:00,1231.6
2024-01-22 23:00:00,1231.6
2024-01-23 14:30:00,1234.5
2024-01-23 15:00:00,1228.7
2024-01-23 16:00:00,1227.3
2024-01-23 17:00:00,1227.5
2024-01-23 18:00:00,1229.6
2024-01-23 19:00:00,1230.7
2024-01-23 20:00:00,1231.3999999999999
2024-01-23 23:00:00,1230.8999999999999
2024-01-24 14:30:00,1230.3
2024-01-24 15:00:00,1231.8999999999999
2024-01-24 16:00:00,1233.1
2024-01-24 17:00:00,1232.8999999999999
2024-01-24 18:00:00,1227.8
2024-01-24 19:00:00,1227.3
2024-01-24 20:00:00,1225.5
2024-01-24 23:00:00,1223.0
2024-01-25 14:30:00,1231.3999999999999
2024-01-25 15:00:00,1226.3
2024-01-25 16:00:00,1229.5
2024-01-25 17:00:00,1229.8
2024-01-25 18:00:00,1229.2
2024-01-25 19:00:00,1229.7
2024-01-25 20:00:00,1229.5
2024-01-25 23:00:00,1233.6
2024-01-26 14:30:00,1232.7
2024-01-26 15:00:00,1235.2
2024-01-26 16:00:00,1232.8999999999999
2024-01-26 17:00:00,1231.0
2024-01-26 18:00:00,1229.0
2024-01-26 19:00:00,1231.6
2024-01-26 20:00:00,1231.8999999999999
2024-01-26 23:00:00,1231.8999999999999
2024-01-29 14:30:00,1232.1
2024-01-29 15:00:00,1230.6
2024-01-29 16:00:00,1230.7
2024-01-29 17:00:00,1230.7
2024-01-29 18:00:00,1231.3999999999999
2024-01-29 19:00:00,1232.7
2024-01-29 20:00:00,1236.0
2024-01-29 23:00:00,1239.5
2024-01-30 14:30:00,1235.3
2024-01-30 15:00:00,1234.3999999999999
2024-01-30 16:00:00,1238.0
2024-01-30 17:00:00,1237.3
2024-01-30 18:00:00,1238.5
2024-01-30 19:00:00,1240.8
2024-01-30 20:00:00,1239.6
2024-01-30 23:00:00,1239.7
2024-01-31 14:30:00,1239.2
2024-01-31 15:00:00,1234.8
2024-01-31 16:00:00,1233.7
2024-01-31 17:00:00,1233.7
2024-01-31 18:00:00,1234.8
2024-01-31 19:00:00,1234.6
2024-01-31 20:00:00,1226.8
2024-01-31 23:00:00,1226.2
2024-02-01 14:30:00,1229.2
2024-02-01 15:00:00,1229.1
2024-02-01 16:00:00,1232.2
2024-02-01 17:00:00,1238.5
2024-02-01 18:00:00,1237.8999999999999
2024-02-01 19:00:00,1240.6
2024-02-01 20:00:00,1241.8
2024-02-01 23:00:00,1244.8999999999999
2024-02-02 14:30:00,1242.8999999999999
2024-02-02 15:00:00,1244.7
2024-02-02 16:00:00,1249.3999999999999
2024-02-02 17:00:00,1246.5
2024-02-02 18:00:00,1249.7
2024-02-02 19:00:00,1254.1
2024-02-02 20:00:00,1252.3
2024-02-02 23:00:00,1252.3
2024-02-05 14:30:00,1245.1
2024-02-05 15:00:00,1241.3999999999999
2024-02-05 16:00:00,1244.1
2024-02-05 17:00:00,1246.2
2024-02-05 18:00:00,1246.2
2024-02-05 19:00:00,1248.8
2024-02-05 20:00:00,1245.7
2024-02-05 21:00:00,1245.3999999999999
2024-02-05 23:00:00,1245.3999999999999
2024-02-06 14:30:00,1249.6
2024-02-06 15:00:00,1252.3
2024-02-06 16:00:00,1254.6
2024-02-06 17:00:00,1256.2
2024-02-06 18:00:00,1256.3
2024-02-06 19:00:00,1253.7
2024-02-06 20:00:00,1256.1
2024-02-06 23:00:00,1256.1
2024-02-07 14:30:00,1260.0
2024-02-07 15:00:00,1265.0
2024-02-07 16:00:00,1264.3999999999999
2024-02-07 17:00:00,1265.2
2024-02-07 18:00:00,1265.8999999999999
2024-02-07 19:00:00,1267.1
2024-02-07 20:00:00,1265.2
2024-02-07 23:00:00,1263.8
2024-02-08 14:30:00,1264.5
2024-02-08 15:00:00,1259.8999999999999
2024-02-08 16:00:00,1259.0
2024-02-08 17:00:00,1261.3999999999999
2024-02-08 18:00:00,1262.8
2024-02-08 19:00:00,1263.8
2024-02-08 20:00:00,1264.0
2024-02-08 23:00:00,1264.1
2024-02-09 14:30:00,1261.8999999999999
2024-02-09 15:00:00,1260.1
2024-02-09 16:00:00,1259.1
2024-02-09 17:00:00,1261.3
2024-02-09 18:00:00,1262.3999999999999
2024-02-09 19:00:00,1265.0
2024-02-09 20:00:00,1263.6
2024-02-09 21:00:00,1265.2
2024-02-09 23:00:00,1265.2
2024-02-12 14:30:00,1264.3
2024-02-12 15:00:00,1265.6
2024-02-12 16:00:00,1268.5
2024-02-12 17:00:00,1268.3999999999999
2024-02-12 18:00:00,1268.3999999999999
2024-02-12 19:00:00,1265.3
2024-02-12 20:00:00,1266.8
2024-02-12 23:00:00,1266.8
2024-02-13 14:30:00,1249.8999999999999
2024-02-13 15:00:00,1250.8
2024-02-13 16:00:00,1254.8999999999999
2024-02-13 17:00:00,1254.6
2024-02-13 18:00:00,1252.1
2024-02-13 19:00:00,1247.6
2024-02-13 20:00:00,1254.2
2024-02-13 23:00:00,1254.2
2024-02-14 14:30:00,1264.3
2024-02-14 15:00:00,1265.7
2024-02-14 16:00:00,1265.7
2024-02-14 17:00:00,1267.1
2024-02-14 18:00:00,1268.3
2024-02-14 19:00:00,1270.8
2024-02-14 20:00:00,1271.3999999999999
2024-02-14 23:00:00,1273.2
2024-02-15 14:30:00,1274.7
2024-02-15 15:00:00,1275.3
2024-02-15 16:00:00,1275.3
2024-02-15 17:00:00,1275.8999999999999
2024-02-15 18:00:00,1279.2
2024-02-15 19:00:00,1281.3999999999999
2024-02-15 20:00:00,1281.1
2024-02-15 23:00:00,1282.0
2024-02-16 14:30:00,1278.8
2024-02-16 15:00:00,1280.8999999999999
2024-02-16 16:00:00,1282.5
2024-02-16 17:00:00,1281.3
2024-02-16 18:00:00,1281.2
2024-02-16 19:00:00,1276.2
2024-02-16 20:00:00,1276.3
2024-02-16 23:00:00,1274.8
2024-02-20 14:30:00,1271.0
2024-02-20 15:00:00,1273.6
2024-02-20 16:00:00,1272.3999999999999
2024-02-20 17:00:00,1270.8
2024-02-20 18:00:00,1270.8
2024-02-20 19:00:00,1272.2
2024-02-20 20:00:00,1270.2
2024-02-20 23:00:00,1270.2
2024-02-21 14:30:00,1271.8
2024-02-21 15:00:00,1273.6
2024-02-21 16:00:00,1273.1
2024-02-21 17:00:00,1273.2
2024-02-21 18:00:00,1272.7
2024-02-21 19:00:00,1270.8999999999999
2024-02-21 20:00:00,1275.2
2024-02-21 23:00:00,1275.2
2024-02-22 14:30:00,1286.8999999999999
2024-02-22 15:00:00,1284.8999999999999
2024-02-22 16:00:00,1284.6
2024-02-22 17:00:00,1287.0
2024-02-22 18:00:00,1287.2
2024-02-22 19:00:00,1288.0
2024-02-22 20:00:00,1288.7
2024-02-22 23:00:00,1289.2
2024-02-23 14:30:00,1294.3999999999999
2024-02-23 15:00:00,1293.5
2024-02-23 16:00:00,1294.3
2024-02-23 17:00:00,1296.3
2024-02-23 18:00:00,1296.3
2024-02-23 19:00:00,1294.2
2024-02-23 20:00:00,1295.8
2024-02-23 23:00:00,1295.8
2024-02-26 14:30:00,1297.6
2024-02-26 15:00:00,1295.1
2024-02-26 16:00:00,1296.3999999999999
2024-02-26 17:00:00,1296.3999999999999
2024-02-26 18:00:00,1295.1
2024-02-26 19:00:00,1295.3
2024-02-26 20:00:00,1296.3
2024-02-26 23:00:00,1293.6
2024-02-27 14:30:00,1295.2
2024-02-27 15:00:00,1292.6
2024-02-27 16:00:00,1292.5
2024-02-27 17:00:00,1291.1
2024-02-27 18:00:00,1290.8
2024-02-27 19:00:00,1291.0
2024-02-27 20:00:00,1292.5
2024-02-27 23:00:00,1295.2
2024-02-28 14:30:00,1297.5
2024-02-28 15:00:00,1301.3999999999999
2024-02-28 16:00:00,1300.3999999999999
2024-02-28 17:00:00,1299.3
2024-02-28 18:00:00,1300.6
2024-02-28 19:00:00,1298.8
2024-02-28 20:00:00,1298.6
2024-02-28 23:00:00,1298.8999999999999
2024-02-29 14:30:00,1301.5
2024-02-29 15:00:00,1299.5
2024-02-29 16:00:00,1298.7
2024-02-29 17:00:00,1300.5
2024-02-29 18:00:00,1301.8
2024-02-29 19:00:00,1300.5
2024-02-29 20:00:00,1301.5
2024-02-29 23:00:00,1301.6
2024-03-01 14:30:00,1300.3999999999999
2024-03-01 15:00:00,1304.5
2024-03-01 16:00:00,1303.7
2024-03-01 17:00:00,1304.6
2024-03-01 18:00:00,1305.8
2024-03-01 19:00:00,1306.8
2024-03-01 20:00:00,1305.5
2024-03-01 23:00:00,1307.3
2024-03-04 14:30:00,1314.6
2024-03-04 15:00:00,1310.2
2024-03-04 16:00:00,1310.6
2024-03-04 17:00:00,1311.5
2024-03-04 18:00:00,1312.7
2024-03-04 19:00:00,1314.3
2024-03-04 20:00:00,1314.8
2024-03-04 23:00:00,1311.8
2024-03-05 14:30:00,1309.8999999999999
2024-03-05 15:00:00,1307.2
2024-03-05 16:00:00,1305.3999999999999
2024-03-05 17:00:00,1306.1
2024-03-05 18:00:00,1302.3999999999999
2024-03-05 19:00:00,1298.8
2024-03-05 20:00:00,1297.5
2024-03-05 21:00:00,1300.5
2024-03-05 23:00:00,1300.5
2024-03-06 14:30:00,1309.1
2024-03-06 15:00:00,1309.3
2024-03-06 16:00:00,1312.3999999999999
2024-03-06 17:00:00,1312.6
2024-03-06 18:00:00,1309.2
2024-03-06 19:00:00,1305.7
2024-03-06 20:00:00,1305.5
2024-03-06 23:00:00,1307.1
2024-03-07 14:30:00,1317.5
2024-03-07 15:00:00,1317.8999999999999
2024-03-07 16:00:00,1315.5
2024-03-07 17:00:00,1315.6
2024-03-07 18:00:00,1316.8999999999999
2024-03-07 19:00:00,1316.8
2024-03-07 20:00:00,1316.8
2024-03-07 23:00:00,1316.8999999999999
2024-03-08 14:30:00,1324.6
2024-03-08 15:00:00,1323.0
2024-03-08 16:00:00,1322.0
2024-03-08 17:00:00,1316.2
2024-03-08 18:00:00,1311.1
2024-03-08 19:00:00,1316.2
2024-03-08 20:00:00,1314.6
2024-03-08 21:00:00,1316.3
2024-03-08 23:00:00,1316.3
2024-03-11 13:30:00,1306.6
2024-03-11 14:00:00,1299.3999999999999
2024-03-11 15:00:00,1299.2
2024-03-11 16:00:00,1303.5
2024-03-11 17:00:00,1303.6
2024-03-11 18:00:00,1305.8999999999999
2024-03-11 19:00:00,1307.6
2024-03-11 23:00:00,1307.6
2024-03-12 13:30:00,1306.2
2024-03-12 14:00:00,1312.2
2024-03-12 15:00:00,1310.5
2024-03-12 16:00:00,1307.0
2024-03-12 17:00:00,1309.5
2024-03-12 18:00:00,1310.8
2024-03-12 19:00:00,1312.2
2024-03-12 23:00:00,1312.2
2024-03-13 13:30:00,1313.7
2024-03-13 14:00:00,1315.0
2024-03-13 15:00:00,1315.5
2024-03-13 16:00:00,1317.3
2024-03-13 17:00:00,1317.3
2024-03-13 18:00:00,1317.3
2024-03-13 19:00:00,1315.8
2024-03-13 23:00:00,1315.8
2024-03-14 13:30:00,1310.2
2024-03-14 14:00:00,1310.7
2024-03-14 15:00:00,1310.1
2024-03-14 16:00:00,1312.0
2024-03-14 17:00:00,1312.0
2024-03-14 18:00:00,1312.0
2024-03-14 19:00:00,1309.3
2024-03-14 19:00:01,1309.3
2024-03-14 23:00:00,1308.8
2024-03-15 13:30:00,1308.3
2024-03-15 14:00:00,1314.1
2024-03-15 15:00:00,1311.3
2024-03-15 16:00:00,1307.9999999999998
2024-03-15 17:00:00,1308.8
2024-03-15 18:00:00,1310.3999999999999
2024-03-15 19:00:00,1309.3999999999999
2024-03-15 23:00:00,1309.4999999999998
2024-03-18 13:30:00,1310.9999999999998
2024-03-18 14:00:00,1313.6999999999998
2024-03-18 15:00:00,1312.6999999999998
2024-03-18 16:00:00,1313.1
2024-03-18 17:00:00,1313.9999999999998
2024-03-18 18:00:00,1314.4999999999998
2024-03-18 19:00:00,1311.6999999999998
2024-03-18 23:00:00,1311.4999999999998
2024-03-19 13:30:00,1313.1999999999998
2024-03-19 14:00:00,1312.6999999999998
2024-03-19 15:00:00,1315.3
2024-03-19 16:00:00,1318.1
2024-03-19 17:00:00,1318.3
2024-03-19 18:00:00,1318.4999999999998
2024-03-19 19:00:00,1321.6999999999998
2024-03-19 23:00:00,1321.6999999999998
2024-03-20 13:30:00,1323.6999999999998
2024-03-20 14:00:00,1327.8
2024-03-20 15:00:00,1327.4999999999998
2024-03-20 16:00:00,1328.1
2024-03-20 17:00:00,1326.6999999999998
2024-03-20 18:00:00,1333.1
2024-03-20 19:00:00,1336.3999999999999
2024-03-20 23:00:00,1336.4999999999998
2024-03-21 13:30:00,1344.8
2024-03-21 14:00:00,1350.1
2024-03-21 15:00:00,1348.6999999999998
2024-03-21 16:00:00,1349.1
2024-03-21 17:00:00,1348.8
2024-03-21 18:00:00,1348.6999999999998
2024-03-21 19:00:00,1348.8999999999999
2024-03-21 23:00:00,1349.1999999999998
2024-03-22 13:30:00,1350.6
2024-03-22 14:00:00,1346.3999999999999
2024-03-22 15:00:00,1346.1999999999998
2024-03-22 16:00:00,1344.1999999999998
2024-03-22 17:00:00,1346.3999999999999
2024-03-22 18:00:00,1346.3
2024-03-22 19:00:00,1344.1999999999998
2024-03-22 23:00:00,1344.1999999999998
2024-03-25 13:30:00,1340.1999999999998
2024-03-25 14:00:00,1337.4999999999998
2024-03-25 15:00:00,1338.4999999999998
2024-03-25 16:00:00,1336.9999999999998
2024-03-25 17:00:00,1336.4999999999998
2024-03-25 18:00:00,1337.3
2024-03-25 19:00:00,1335.1
2024-03-25 23:00:00,1334.6999999999998
2024-03-26 13:30:00,1338.6
2024-03-26 14:00:00,1337.6
2024-03-26 15:00:00,1335.1999999999998
2024-03-26 16:00:00,1335.1
2024-03-26 17:00:00,1332.8999999999999
2024-03-26 18:00:00,1334.6999999999998
2024-03-26 19:00:00,1330.8999999999999
2024-03-26 23:00:00,1330.8
2024-03-27 13:30:00,1342.1
2024-03-27 14:00:00,1340.3
2024-03-27 15:00:00,1342.1999999999998
2024-03-27 16:00:00,1341.6
2024-03-27 17:00:00,1341.1999999999998
2024-03-27 18:00:00,1342.6999999999998
2024-03-27 19:00:00,1349.8
2024-03-27 23:00:00,1350.1
2024-03-28 13:30:00,1350.8
2024-03-28 14:00:00,1350.1
2024-03-28 15:00:00,1351.8999999999999
2024-03-28 16:00:00,1349.8
2024-03-28 17:00:00,1350.1
2024-03-28 18:00:00,1350.9999999999998
2024-03-28 19:00:00,1351.3
2024-03-28 23:00:00,1351.3
2024-04-01 13:00:00,1346.4999999999998
2024-04-01 14:00:00,1341.9999999999998
2024-04-01 15:00:00,1342.4999999999998
2024-04-01 16:00:00,1341.6999999999998
2024-04-01 17:00:00,1340.1999999999998
2024-04-01 18:00:00,1340.4999999999998
2024-04-01 19:00:00,1339.6999999999998
2024-04-01 23:00:00,1340.1
2024-04-02 13:00:00,1333.3999999999999
2024-04-02 14:00:00,1336.1999999999998
2024-04-02 15:00:00,1335.1
2024-04-02 16:00:00,1335.4999999999998
2024-04-02 17:00:00,1333.1999999999998
2024-04-02 18:00:00,1333.8999999999999
2024-04-02 19:00:00,1333.4999999999998
2024-04-02 23:00:00,1333.1
2024-04-03 13:00:00,1338.3999999999999
2024-04-03 14:00:00,1342.6
2024-04-03 15:00:00,1341.4999999999998
2024-04-03 16:00:00,1342.9999999999998
2024-04-03 17:00:00,1342.9999999999998
2024-04-03 18:00:00,1340.6999999999998
2024-04-03 19:00:00,1340.3
2024-04-03 23:00:00,1340.3
2024-04-04 13:00:00,1349.1999999999998
2024-04-04 14:00:00,1351.1
2024-04-04 15:00:00,1351.3
2024-04-04 16:00:00,1349.9999999999998
2024-04-04 17:00:00,1346.1
2024-04-04 18:00:00,1330.4999999999998
2024-04-04 19:00:00,1328.4999999999998
2024-04-04 23:00:00,1328.3999999999999
2024-04-05 13:00:00,1337.8999999999999
2024-04-05 14:00:00,1342.1
2024-04-05 15:00:00,1345.4999999999998
2024-04-05 16:00:00,1348.6
2024-04-05 17:00:00,1342.3999999999999
2024-04-05 18:00:00,1344.1
2024-04-05 19:00:00,1345.6
2024-04-05 23:00:00,1345.8999999999999
2024-04-08 13:00:00,1345.6999999999998
2024-04-08 14:00:00,1345.8999999999999
2024-04-08 15:00:00,1343.9999999999998
2024-04-08 16:00:00,1346.4999999999998
2024-04-08 17:00:00,1347.1
2024-04-08 18:00:00,1345.8
2024-04-08 19:00:00,1343.4999999999998
2024-04-08 23:00:00,1343.4999999999998
2024-04-09 13:00:00,1339.3
2024-04-09 14:00:00,1329.6
2024-04-09 15:00:00,1335.9999999999998
2024-04-09 16:00:00,1335.1
2024-04-09 17:00:00,1335.1
2024-04-09 18:00:00,1335.8
2024-04-09 19:00:00,1340.3
2024-04-09 23:00:00,1339.9999999999998
2024-04-10 13:00:00,1325.3
2024-04-10 14:00:00,1329.3
2024-04-10 15:00:00,1326.9999999999998
2024-04-10 16:00:00,1327.6
2024-04-10 17:00:00,1328.8
2024-04-10 18:00:00,1328.4999999999998
2024-04-10 19:00:00,1328.9999999999998
2024-04-10 23:00:00,1329.1
2024-04-11 13:00:00,1325.1
2024-04-11 14:00:00,1322.8
2024-04-11 15:00:00,1326.9999999999998
2024-04-11 16:00:00,1326.6999999999998
2024-04-11 17:00:00,1331.9999999999998
2024-04-11 18:00:00,1333.4999999999998
2024-04-11 19:00:00,1330.3999999999999
2024-04-11 23:00:00,1329.8999999999999
2024-04-12 13:00:00,1322.4999999999998
2024-04-12 14:00:00,1320.3999999999999
2024-04-12 15:00:00,1321.3999999999999
2024-04-12 16:00:00,1314.3
2024-04-12 17:00:00,1315.3
2024-04-12 18:00:00,1313.6
2024-04-12 19:00:00,1315.6999999999998
2024-04-12 23:00:00,1315.8999999999999
2024-04-15 13:00:00,1328.3
2024-04-15 14:00:00,1320.1999999999998
2024-04-15 15:00:00,1322.3
2024-04-15 16:00:00,1315.8
2024-04-15 17:00:00,1309.6999999999998
2024-04-15 18:00:00,1305.8
2024-04-15 19:00:00,1307.1
2024-04-15 23:00:00,1307.1
2024-04-16 13:00:00,1303.3
2024-04-16 14:00:00,1299.6
2024-04-16 15:00:00,1305.8
2024-04-16 16:00:00,1306.6999999999998
2024-04-16 17:00:00,1303.8
2024-04-16 18:00:00,1308.3999999999999
2024-04-16 19:00:00,1304.4999999999998
2024-04-16 23:00:00,1304.4999999999998
2024-04-17 13:00:00,1306.6999999999998
2024-04-17 14:00:00,1297.6
2024-04-17 15:00:00,1296.1999999999998
2024-04-17 16:00:00,1290.1999999999998
2024-04-17 17:00:00,1298.3999999999999
2024-04-17 18:00:00,1296.3999999999999
2024-04-17 19:00:00,1296.9999999999998
2024-04-17 23:00:00,1297.4999999999998
2024-04-18 13:00:00,1301.4999999999998
2024-04-18 14:00:00,1306.1
2024-04-18 15:00:00,1304.1
2024-04-18 16:00:00,1298.8999999999999
2024-04-18 17:00:00,1292.6999999999998
2024-04-18 18:00:00,1291.6
2024-04-18 19:00:00,1291.8999999999999
2024-04-18 23:00:00,1291.9999999999998
2024-04-19 13:00:00,1298.6999999999998
2024-04-19 14:00:00,1295.4999999999998
2024-04-19 15:00:00,1293.8
2024-04-19 16:00:00,1291.1999999999998
2024-04-19 17:00:00,1293.4999999999998
2024-04-19 18:00:00,1288.4999999999998
2024-04-19 19:00:00,1289.3999999999999
2024-04-19 23:00:00,1289.1
2024-04-22 13:00:00,1296.8999999999999
2024-04-22 14:00:00,1294.8
2024-04-22 15:00:00,1294.1
2024-04-22 16:00:00,1296.6999999999998
2024-04-22 17:00:00,1305.1
2024-04-22 18:00:00,1303.9999999999998
2024-04-22 19:00:00,1298.3
2024-04-22 23:00:00,1298.6
2024-04-23 13:00:00,1311.3999999999999
2024-04-23 14:00:00,1316.1999999999998
2024-04-23 15:00:00,1313.3
2024-04-23 16:00:00,1316.1
2024-04-23 17:00:00,1316.3
2024-04-23 18:00:00,1314.6
2024-04-23 19:00:00,1315.4999999999998
2024-04-23 23:00:00,1315.4999999999998
2024-04-24 13:00:00,1311.9999999999998
2024-04-24 14:00:00,1302.4999999999998
2024-04-24 15:00:00,1297.6999999999998
2024-04-24 16:00:00,1297.3
2024-04-24 17:00:00,1307.8
2024-04-24 18:00:00,1304.1
2024-04-24 19:00:00,1306.1999999999998
2024-04-24 23:00:00,1305.9999999999998
2024-04-25 13:00:00,1292.4999999999998
2024-04-25 14:00:00,1294.8
2024-04-25 15:00:00,1301.3999999999999
2024-04-25 16:00:00,1304.6
2024-04-25 17:00:00,1308.8999999999999
2024-04-25 18:00:00,1308.3999999999999
2024-04-25 19:00:00,1309.1999999999998
2024-04-25 23:00:00,1308.8999999999999
2024-04-26 13:00:00,1310.4999999999998
2024-04-26 14:00:00,1309.1999999999998
2024-04-26 15:00:00,1309.3999999999999
2024-04-26 16:00:00,1312.1
2024-04-26 17:00:00,1313.9999999999998
2024-04-26 18:00:00,1314.1999999999998
2024-04-26 19:00:00,1310.9999999999998
2024-04-26 20:00:00,1310.8
2024-04-26 23:00:00,1310.9999999999998
2024-04-29 13:00:00,1315.3
2024-04-29 14:00:00,1318.1999999999998
2024-04-29 15:00:00,1317.4999999999998
2024-04-29 16:00:00,1319.3
2024-04-29 17:00:00,1319.4999999999998
2024-04-29 18:00:00,1317.6
2024-04-29 19:00:00,1319.3999999999999
2024-04-29 23:00:00,1318.8999999999999
2024-04-30 13:00:00,1315.1
2024-04-30 14:00:00,1313.4999999999998
2024-04-30 15:00:00,1305.8999999999999
2024-04-30 16:00:00,1303.6
2024-04-30 17:00:00,1304.8999999999999
2024-04-30 18:00:00,1300.6999999999998
2024-04-30 19:00:00,1298.6999999999998
2024-04-30 20:00:00,1298.4999999999998
2024-04-30 23:00:00,1298.3999999999999
2024-05-01 09:00:00,1299.8
2024-05-01 13:00:00,1294.1
2024-05-01 14:00:00,1297.1
2024-05-01 15:00:00,1296.3999999999999
2024-05-01 16:00:00,1296.6
2024-05-01 17:00:00,1297.8
2024-05-01 18:00:00,1310.1
2024-05-01 19:00:00,1294.6999999999998
2024-05-01 23:00:00,1295.6999999999998
2024-05-02 13:00:00,1292.6
2024-05-02 14:00:00,1295.3999999999999
2024-05-02 15:00:00,1298.6999999999998
2024-05-02 16:00:00,1297.3999999999999
2024-05-02 17:00:00,1298.8999999999999
2024-05-02 18:00:00,1302.1999999999998
2024-05-02 19:00:00,1302.3999999999999
2024-05-02 23:00:00,1301.8
2024-05-03 13:00:00,1313.3
2024-05-03 14:00:00,1307.4999999999998
2024-05-03 15:00:00,1309.6999999999998
2024-05-03 16:00:00,1307.6
2024-05-03 17:00:00,1311.4999999999998
2024-05-03 18:00:00,1310.8999999999999
2024-05-03 19:00:00,1310.6
2024-05-03 23:00:00,1310.6999999999998
2024-05-06 13:00:00,1320.6
2024-05-06 14:00:00,1322.4999999999998
2024-05-06 15:00:00,1321.6
2024-05-06 16:00:00,1321.8999999999999
2024-05-06 17:00:00,1322.8999999999999
2024-05-06 18:00:00,1323.6
2024-05-06 19:00:00,1322.8
2024-05-06 23:00:00,1322.8
2024-05-07 13:00:00,1325.3
2024-05-07 14:00:00,1328.1
2024-05-07 15:00:00,1328.4999999999998
2024-05-07 16:00:00,1328.1
2024-05-07 17:00:00,1326.3
2024-05-07 18:00:00,1324.6999999999998
2024-05-07 19:00:00,1326.6999999999998
2024-05-07 23:00:00,1326.4999999999998
2024-05-08 13:00:00,1323.6
2024-05-08 14:00:00,1323.6999999999998
2024-05-08 15:00:00,1322.9999999999998
2024-05-08 16:00:00,1322.6
2024-05-08 17:00:00,1323.8
2024-05-08 18:00:00,1324.4999999999998
2024-05-08 19:00:00,1325.8
2024-05-08 23:00:00,1325.9999999999998
2024-05-09 13:00:00,1330.1999999999998
2024-05-09 14:00:00,1334.9999999999998
2024-05-09 15:00:00,1333.8
2024-05-09 16:00:00,1334.9999999999998
2024-05-09 17:00:00,1335.1
2024-05-09 18:00:00,1336.1999999999998
2024-05-09 19:00:00,1337.9999999999998
2024-05-09 23:00:00,1337.6
2024-05-10 13:00:00,1342.9999999999998
2024-05-10 14:00:00,1338.8999999999999
2024-05-10 15:00:00,1337.8
2024-05-10 16:00:00,1339.3999999999999
2024-05-10 17:00:00,1338.4999999999998
2024-05-10 18:00:00,1339.3999999999999
2024-05-10 19:00:00,1338.9999999999998
2024-05-10 23:00:00,1338.9999999999998
2024-05-13 12:00:00,1336.3
2024-05-13 13:00:00,1339.9999999999998
2024-05-13 14:00:00,1338.6
2024-05-13 15:00:00,1337.6999999999998
2024-05-13 16:00:00,1336.1999999999998
2024-05-13 17:00:00,1334.4999999999998
2024-05-13 18:00:00,1334.4999999999998
2024-05-13 19:00:00,1332.8999999999999
2024-05-13 23:00:00,1332.8
2024-05-14 13:00:00,1336.8
2024-05-14 14:00:00,1332.9999999999998
2024-05-14 15:00:00,1332.9999999999998
2024-05-14 16:00:00,1330.8999999999999
2024-05-14 17:00:00,1330.9999999999998
2024-05-14 18:00:00,1333.3999999999999
2024-05-14 19:00:00,1332.8
2024-05-14 23:00:00,1332.8999999999999
2024-05-15 13:00:00,1339.4999999999998
2024-05-15 14:00:00,1338.8999999999999
2024-05-15 15:00:00,1339.6999999999998
2024-05-15 16:00:00,1339.1
2024-05-15 17:00:00,1338.3
2024-05-15 18:00:00,1339.4999999999998
2024-05-15 19:00:00,1340.3
2024-05-15 23:00:00,1340.1999999999998
2024-05-16 13:00:00,1335.3999999999999
2024-05-16 14:00:00,1338.9999999999998
2024-05-16 15:00:00,1336.6999999999998
2024-05-16 16:00:00,1337.1
2024-05-16 17:00:00,1334.3
2024-05-16 18:00:00,1335.3999999999999
2024-05-16 19:00:00,1332.8
2024-05-16 23:00:00,1332.6
2024-05-17 13:00:00,1332.9999999999998
2024-05-17 14:00:00,1330.8
2024-05-17 15:00:00,1329.9999999999998
2024-05-17 16:00:00,1327.6999999999998
2024-05-17 17:00:00,1330.6
2024-05-17 18:00:00,1331.4999999999998
2024-05-17 19:00:00,1333.9999999999998
2024-05-17 23:00:00,1333.6999999999998
2024-05-20 13:00:00,1334.6999999999998
2024-05-20 14:00:00,1339.1
2024-05-20 15:00:00,1339.8999999999999
2024-05-20 16:00:00,1339.3
2024-05-20 17:00:00,1337.3
2024-05-20 18:00:00,1336.8
2024-05-20 19:00:00,1336.1
2024-05-20 23:00:00,1335.6
2024-05-21 13:00:00,1329.3999999999999
2024-05-21 14:00:00,1331.9999999999998
2024-05-21 15:00:00,1329.9999999999998
2024-05-21 16:00:00,1330.1
2024-05-21 17:00:00,1331.8
2024-05-21 18:00:00,1330.8999999999999
2024-05-21 19:00:00,1331.6999999999998
2024-05-21 23:00:00,1331.4999999999998
2024-05-22 13:00:00,1332.9999999999998
2024-05-22 14:00:00,1333.9999999999998
2024-05-22 15:00:00,1332.8
2024-05-22 16:00:00,1335.8999999999999
2024-05-22 17:00:00,1333.1999999999998
2024-05-22 18:00:00,1328.1
2024-05-22 19:00:00,1333.3999999999999
2024-05-22 23:00:00,1332.9999999999998
2024-05-23 13:00:00,1323.1999999999998
2024-05-23 14:00:00,1322.1
2024-05-23 15:00:00,1325.8999999999999
2024-05-23 16:00:00,1324.6999999999998
2024-05-23 17:00:00,1319.8
2024-05-23 18:00:00,1315.3999999999999
2024-05-23 19:00:00,1317.3999999999999
2024-05-23 23:00:00,1317.1
2024-05-24 13:00:00,1317.3999999999999
2024-05-24 14:00:00,1321.6
2024-05-24 15:00:00,1324.1
2024-05-24 16:00:00,1324.4999999999998
2024-05-24 17:00:00,1322.6
2024-05-24 18:00:00,1322.8
2024-05-24 19:00:00,1323.9999999999998
2024-05-24 20:00:00,1323.4999999999998
2024-05-24 23:00:00,1323.8
2024-05-28 13:00:00,1314.8
2024-05-28 14:00:00,1315.1999999999998
2024-05-28 15:00:00,1313.1
2024-05-28 16:00:00,1312.1
2024-05-28 17:00:00,1309.1
2024-05-28 18:00:00,1304.6
2024-05-28 19:00:00,1308.1999999999998
2024-05-28 23:00:00,1308.1999999999998
2024-05-29 13:00:00,1296.9999999999998
2024-05-29 14:00:00,1295.6999999999998
2024-05-29 15:00:00,1295.6999999999998
2024-05-29 16:00:00,1295.6999999999998
2024-05-29 17:00:00,1294.8999999999999
2024-05-29 18:00:00,1292.8
2024-05-29 19:00:00,1290.6
2024-05-29 23:00:00,1290.6
2024-05-30 13:00:00,1294.8
2024-05-30 14:00:00,1295.8999999999999
2024-05-30 15:00:00,1295.8
2024-05-30 16:00:00,1298.3
2024-05-30 17:00:00,1297.9999999999998
2024-05-30 18:00:00,1297.8999999999999
2024-05-30 19:00:00,1298.9999999999998
2024-05-30 23:00:00,1298.9999999999998
2024-05-31 13:00:00,1298.1
2024-05-31 14:00:00,1293.3
2024-05-31 15:00:00,1293.4999999999998
2024-05-31 16:00:00,1293.8999999999999
2024-05-31 17:00:00,1298.6
2024-05-31 18:00:00,1301.1999999999998
2024-05-31 19:00:00,1313.1
2024-05-31 23:00:00,1313.1
2024-06-03 13:00:00,1305.3
2024-06-03 14:00:00,1297.3999999999999
2024-06-03 15:00:00,1292.6999999999998
2024-06-03 16:00:00,1289.9999999999998
2024-06-03 17:00:00,1290.3
2024-06-03 18:00:00,1291.8
2024-06-03 19:00:00,1296.8
2024-06-03 23:00:00,1296.8
2024-06-04 13:00:00,1296.6999999999998
2024-06-04 14:00:00,1291.8999999999999
2024-06-04 15:00:00,1288.9999999999998
2024-06-04 16:00:00,1289.8999999999999
2024-06-04 17:00:00,1290.8
2024-06-04 18:00:00,1295.6999999999998
2024-06-04 19:00:00,1294.1
2024-06-04 23:00:00,1294.1
2024-06-05 13:00:00,1294.4999999999998
2024-06-05 14:00:00,1298.1
2024-06-05 15:00:00,1301.8999999999999
2024-06-05 16:00:00,1301.9999999999998
2024-06-05 17:00:00,1302.3
2024-06-05 18:00:00,1305.3
2024-06-05 19:00:00,1306.3
2024-06-05 23:00:00,1306.3
2024-06-06 13:00:00,1304.8999999999999
2024-06-06 14:00:00,1300.8
2024-06-06 15:00:00,1299.4999999999998
2024-06-06 16:00:00,1298.6
2024-06-06 17:00:00,1297.4999999999998
2024-06-06 18:00:00,1298.6
2024-06-06 19:00:00,1298.1999999999998
2024-06-06 20:00:00,1299.1999999999998
2024-06-06 23:00:00,1299.1999999999998
2024-06-07 13:00:00,1300.6
2024-06-07 14:00:00,1304.3999999999999
2024-06-07 15:00:00,1303.6999999999998
2024-06-07 16:00:00,1304.8999999999999
2024-06-07 17:00:00,1304.6999999999998
2024-06-07 18:00:00,1300.6999999999998
2024-06-07 19:00:00,1299.8999999999999
2024-06-07 23:00:00,1299.8999999999999
2024-06-10 13:00:00,1302.6999999999998
2024-06-10 14:00:00,1299.9999999999998
2024-06-10 15:00:00,1302.3999999999999
2024-06-10 16:00:00,1301.1999999999998
2024-06-10 17:00:00,1302.3999999999999
2024-06-10 18:00:00,1302.8999999999999
2024-06-10 19:00:00,1303.3
2024-06-10 23:00:00,1303.3
2024-06-11 13:00:00,1290.1
2024-06-11 14:00:00,1295.1999999999998
2024-06-11 15:00:00,1293.4999999999998
2024-06-11 16:00:00,1292.6999999999998
2024-06-11 17:00:00,1293.4999999999998
2024-06-11 18:00:00,1295.1999999999998
2024-06-11 19:00:00,1295.9999999999998
2024-06-11 23:00:00,1295.9999999999998
2024-06-12 23:00:00,1308.0999999999997
2024-06-13 23:00:00,1304.9999999999998
2024-06-14 13:00:00,1291.2999999999997
2024-06-14 14:00:00,1281.4999999999998
2024-06-14 15:00:00,1285.5999999999997
2024-06-14 16:00:00,1288.5999999999997
2024-06-14 18:00:00,1289.4999999999998
2024-06-14 19:00:00,1292.5999999999997
2024-06-14 23:00:00,1292.1999999999996
2024-06-17 13:00:00,1293.2999999999997
2024-06-17 14:00:00,1296.0999999999997
2024-06-17 15:00:00,1298.5999999999997
2024-06-17 16:00:00,1302.1999999999996
2024-06-17 17:00:00,1304.4999999999998
2024-06-17 18:00:00,1305.6999999999996
2024-06-17 19:00:00,1305.8999999999996
2024-06-17 23:00:00,1305.6999999999996
2024-06-18 13:00:00,1305.5999999999997
2024-06-18 14:00:00,1306.0999999999997
2024-06-18 15:00:00,1309.2999999999997
2024-06-18 16:00:00,1310.5999999999997
2024-06-18 17:00:00,1310.3999999999996
2024-06-18 18:00:00,1310.2999999999997
2024-06-18 19:00:00,1311.7999999999997
2024-06-18 23:00:00,1311.8999999999996
2024-06-20 13:00:00,1314.5999999999997
2024-06-20 14:00:00,1312.9999999999998
2024-06-20 15:00:00,1311.0999999999997
2024-06-20 16:00:00,1311.7999999999997
2024-06-20 17:00:00,1309.6999999999996
2024-06-20 18:00:00,1315.0999999999997
2024-06-20 19:00:00,1312.4999999999998
2024-06-20 23:00:00,1312.4999999999998
2024-06-21 13:00:00,1306.0999999999997
2024-06-21 14:00:00,1309.0999999999997
2024-06-21 15:00:00,1307.6999999999996
2024-06-21 16:00:00,1308.7999999999997
2024-06-21 17:00:00,1306.8999999999996
2024-06-21 18:00:00,1308.1999999999996
2024-06-21 19:00:00,1310.7999999999997
2024-06-21 23:00:00,1310.7999999999997
2024-06-24 13:00:00,1321.6999999999996
2024-06-24 14:00:00,1326.4999999999998
2024-06-24 15:00:00,1323.2999999999997
2024-06-24 16:00:00,1325.1999999999996
2024-06-24 17:00:00,1322.5999999999997
2024-06-24 18:00:00,1318.1999999999996
2024-06-24 19:00:00,1315.6999999999996
2024-06-24 23:00:00,1315.6999999999996
2024-06-25 13:00:00,1304.5999999999997
2024-06-25 14:00:00,1302.8999999999996
2024-06-25 15:00:00,1301.2999999999997
2024-06-25 16:00:00,1299.3999999999996
2024-06-25 17:00:00,1303.5999999999997
2024-06-25 18:00:00,1302.4999999999998
2024-06-25 19:00:00,1304.3999999999996
2024-06-25 20:00:00,1303.4999999999998
2024-06-25 23:00:00,1303.4999999999998
2024-06-26 13:00:00,1299.0999999999997
2024-06-26 14:00:00,1298.4999999999998
2024-06-26 15:00:00,1297.0999999999997
2024-06-26 16:00:00,1300.1999999999996
2024-06-26 17:00:00,1298.6999999999996
2024-06-26 18:00:00,1299.6999999999996
2024-06-26 19:00:00,1300.6999999999996
2024-06-26 23:00:00,1300.6999999999996
2024-06-27 13:00:00,1299.2999999999997
2024-06-27 14:00:00,1301.8999999999996
2024-06-27 15:00:00,1300.2999999999997
2024-06-27 16:00:00,1299.8999999999996
2024-06-27 17:00:00,1299.7999999999997
2024-06-27 18:00:00,1298.3999999999996
2024-06-27 19:00:00,1300.6999999999996
2024-06-27 23:00:00,1300.6999999999996
2024-06-28 13:00:00,1307.3999999999996
2024-06-28 14:00:00,1311.0999999999997
2024-06-28 15:00:00,1305.2999999999997
2024-06-28 16:00:00,1303.5999999999997
2024-06-28 17:00:00,1300.6999999999996
2024-06-28 18:00:00,1298.4999999999998
2024-06-28 19:00:00,1301.8999999999996
2024-06-28 23:00:00,1301.8999999999996
2024-07-01 13:00:00,1301.3999999999996
2024-07-01 14:00:00,1286.6999999999996
2024-07-01 15:00:00,1287.8999999999996
2024-07-01 16:00:00,1288.6999999999996
2024-07-01 17:00:00,1290.6999999999996
2024-07-01 18:00:00,1288.1999999999996
2024-07-01 19:00:00,1287.5999999999997
2024-07-01 23:00:00,1287.5999999999997
2024-07-02 13:00:00,1288.6999999999996
2024-07-02 14:00:00,1287.6999999999996
2024-07-02 15:00:00,1289.7999999999997
2024-07-02 16:00:00,1287.6999999999996
2024-07-02 17:00:00,1290.2999999999997
2024-07-02 18:00:00,1292.1999999999996
2024-07-02 19:00:00,1294.1999999999996
2024-07-02 23:00:00,1294.1999999999996
2024-07-03 13:00:00,1298.2999999999997
2024-07-03 14:00:00,1300.8999999999996
2024-07-03 15:00:00,1298.6999999999996
2024-07-03 16:00:00,1297.9999999999998
2024-07-03 23:00:00,1297.9999999999998
2024-07-05 13:00:00,1291.0999999999997
2024-07-05 14:00:00,1288.4999999999998
2024-07-05 15:00:00,1287.6999999999996
2024-07-05 16:00:00,1289.6999999999996
2024-07-05 17:00:00,1292.3999999999996
2024-07-05 18:00:00,1292.3999999999996
2024-07-05 19:00:00,1293.1999999999996
2024-07-05 23:00:00,1293.1999999999996
2024-07-08 13:00:00,1299.4999999999998
2024-07-08 14:00:00,1298.3999999999996
2024-07-08 15:00:00,1292.5999999999997
2024-07-08 16:00:00,1294.0999999999997
2024-07-08 18:00:00,1293.5999999999997
2024-07-08 19:00:00,1294.8999999999996
2024-07-08 23:00:00,1294.8999999999996
2024-07-09 13:00:00,1294.0999999999997
2024-07-09 14:00:00,1291.6999999999996
2024-07-09 15:00:00,1293.4999999999998
2024-07-09 16:00:00,1294.2999999999997
2024-07-09 17:00:00,1296.1999999999996
2024-07-09 18:00:00,1292.5999999999997
2024-07-09 19:00:00,1289.1999999999996
2024-07-09 23:00:00,1289.1999999999996
2024-07-10 13:00:00,1291.1999999999996
2024-07-10 14:00:00,1288.2999999999997
2024-07-10 15:00:00,1290.9999999999998
2024-07-10 16:00:00,1295.1999999999996
2024-07-10 17:00:00,1293.0999999999997
2024-07-10 18:00:00,1294.2999999999997
2024-07-10 19:00:00,1299.8999999999996
2024-07-10 23:00:00,1299.8999999999996
2024-07-11 13:00:00,1305.8999999999996
2024-07-11 14:00:00,1313.1999999999996
2024-07-11 15:00:00,1317.3999999999996
2024-07-11 16:00:00,1314.7999999999997
2024-07-11 17:00:00,1316.5999999999997
2024-07-11 18:00:00,1316.1999999999996
2024-07-11 19:00:00,1315.8999999999996
2024-07-11 23:00:00,1315.8999999999996
2024-07-12 13:00:00,1319.4999999999998
2024-07-12 14:00:00,1327.2999999999997
2024-07-12 15:00:00,1325.7999999999997
2024-07-12 16:00:00,1325.2999999999997
2024-07-12 17:00:00,1327.6999999999996
2024-07-12 18:00:00,1327.6999999999996
2024-07-12 19:00:00,1320.7999999999997
2024-07-12 23:00:00,1320.7999999999997
2024-07-15 13:00:00,1328.0999999999997
2024-07-15 14:00:00,1330.6999999999996
2024-07-15 15:00:00,1336.6999999999996
2024-07-15 16:00:00,1333.3999999999996
2024-07-15 17:00:00,1330.6999999999996
2024-07-15 18:00:00,1332.7999999999997
2024-07-15 19:00:00,1330.9999999999998
2024-07-15 20:00:00,1331.2999999999997
2024-07-15 23:00:00,1331.2999999999997
2024-07-16 13:00:00,1348.0999999999997
2024-07-16 14:00:00,1353.6999999999996
2024-07-16 15:00:00,1354.6999999999996
2024-07-16 16:00:00,1359.0999999999997
2024-07-16 17:00:00,1359.7999999999997
2024-07-16 18:00:00,1360.7999999999997
2024-07-16 19:00:00,1362.2999999999997
2024-07-16 20:00:00,1365.1999999999996
2024-07-16 23:00:00,1365.1999999999996
2024-07-17 13:00:00,1358.2999999999997
2024-07-17 14:00:00,1351.2999999999997
2024-07-17 15:00:00,1352.7999999999997
2024-07-17 16:00:00,1351.9999999999998
2024-07-17 17:00:00,1348.5999999999997
2024-07-17 18:00:00,1348.5999999999997
2024-07-17 19:00:00,1346.0999999999997
2024-07-17 23:00:00,1346.0999999999997
2024-07-18 13:00:00,1354.4999999999998
2024-07-18 14:00:00,1351.4999999999998
2024-07-18 15:00:00,1344.4999999999998
2024-07-18 16:00:00,1344.0999999999997
2024-07-18 17:00:00,1343.5999999999997
2024-07-18 18:00:00,1337.2999999999997
2024-07-18 19:00:00,1335.3999999999996
2024-07-18 23:00:00,1335.3999999999996
2024-07-19 13:00:00,1334.7999999999997
2024-07-19 14:00:00,1329.1999999999996
2024-07-19 15:00:00,1328.8999999999996
2024-07-19 16:00:00,1327.8999999999996
2024-07-19 17:00:00,1327.2999999999997
2024-07-19 18:00:00,1327.2999999999997
2024-07-19 19:00:00,1327.2999999999997
2024-07-19 23:00:00,1327.2999999999997
2024-07-22 13:00:00,1330.2999999999997
2024-07-22 14:00:00,1333.9999999999998
2024-07-22 15:00:00,1332.1999999999996
2024-07-22 16:00:00,1332.4999999999998
2024-07-22 17:00:00,1338.1999999999996
2024-07-22 18:00:00,1337.9999999999998
2024-07-22 19:00:00,1340.9999999999998
2024-07-22 23:00:00,1340.9999999999998
2024-07-23 13:00:00,1339.6999999999996
2024-07-23 14:00:00,1340.2999999999997
2024-07-23 15:00:00,1343.4999999999998
2024-07-23 16:00:00,1339.1999999999996
2024-07-23 17:00:00,1340.5999999999997
2024-07-23 18:00:00,1340.0999999999997
2024-07-23 19:00:00,1337.0999999999997
2024-07-23 23:00:00,1337.0999999999997
2024-07-24 13:00:00,1322.2999999999997
2024-07-24 14:00:00,1323.9999999999998
2024-07-24 15:00:00,1323.7999999999997
2024-07-24 16:00:00,1321.9999999999998
2024-07-24 17:00:00,1321.0999999999997
2024-07-24 18:00:00,1317.6999999999996
2024-07-24 19:00:00,1309.7999999999997
2024-07-24 23:00:00,1309.7999999999997
2024-07-25 13:00:00,1321.5999999999997
2024-07-25 14:00:00,1321.2999999999997
2024-07-25 15:00:00,1326.7999999999997
2024-07-25 16:00:00,1336.0999999999997
2024-07-25 17:00:00,1332.1999999999996
2024-07-25 18:00:00,1324.2999999999997
2024-07-25 19:00:00,1319.7999999999997
2024-07-25 23:00:00,1319.7999999999997
2024-07-26 13:00:00,1338.6999999999996
2024-07-26 14:00:00,1337.8999999999996
2024-07-26 15:00:00,1342.9999999999998
2024-07-26 16:00:00,1348.9999999999998
2024-07-26 17:00:00,1344.6999999999996
2024-07-26 18:00:00,1342.8999999999996
2024-07-26 19:00:00,1340.9999999999998
2024-07-26 23:00:00,1340.9999999999998
2024-07-29 13:00:00,1340.3999999999996
2024-07-29 14:00:00,1338.1999999999996
2024-07-29 15:00:00,1340.7999999999997
2024-07-29 16:00:00,1341.0999999999997
2024-07-29 17:00:00,1338.4999999999998
2024-07-29 18:00:00,1339.6999999999996
2024-07-29 19:00:00,1337.9999999999998
2024-07-29 23:00:00,1337.9999999999998
2024-07-30 13:00:00,1349.1999999999996
2024-07-30 14:00:00,1345.2999999999997
2024-07-30 15:00:00,1339.1999999999996
2024-07-30 16:00:00,1337.4999999999998
2024-07-30 17:00:00,1341.4999999999998
2024-07-30 18:00:00,1339.8999999999996
2024-07-30 19:00:00,1341.7999999999997
2024-07-30 23:00:00,1341.7999999999997
2024-07-31 13:00:00,1351.6999999999996
2024-07-31 14:00:00,1354.2999999999997
2024-07-31 15:00:00,1360.8999999999996
2024-07-31 16:00:00,1361.4999999999998
2024-07-31 17:00:00,1358.8999999999996
2024-07-31 18:00:00,1366.6999999999996
2024-07-31 19:00:00,1355.2999999999997
2024-07-31 23:00:00,1355.2999999999997
2024-08-01 13:00:00,1352.6999999999996
2024-08-01 14:00:00,1336.7999999999997
2024-08-01 15:00:00,1327.8999999999996
2024-08-01 16:00:00,1329.3999999999996
2024-08-01 17:00:00,1328.8999999999996
2024-08-01 18:00:00,1324.8999999999996
2024-08-01 19:00:00,1331.3999999999996
2024-08-01 23:00:00,1331.3999999999996
2024-08-02 13:00:00,1305.7999999999997
2024-08-02 14:00:00,1295.5999999999997
2024-08-02 15:00:00,1300.2999999999997
2024-08-02 16:00:00,1297.9999999999998
2024-08-02 17:00:00,1295.6999999999996
2024-08-02 18:00:00,1299.1999999999996
2024-08-02 19:00:00,1303.1999999999996
2024-08-02 23:00:00,1303.1999999999996
2024-08-05 13:00:00,1268.7999999999997
2024-08-05 14:00:00,1273.5999999999997
2024-08-05 15:00:00,1286.6999999999996
2024-08-05 16:00:00,1283.9999999999998
2024-08-05 17:00:00,1281.7999999999997
2024-08-05 18:00:00,1279.9999999999998
2024-08-05 19:00:00,1281.7999999999997
2024-08-05 23:00:00,1281.7999999999997
2024-08-06 13:00:00,1300.9999999999998
2024-08-06 14:00:00,1303.8999999999996
2024-08-06 15:00:00,1302.1999999999996
2024-08-06 16:00:00,1305.7999999999997
2024-08-06 17:00:00,1309.2999999999997
2024-08-06 18:00:00,1306.9999999999998
2024-08-06 19:00:00,1295.8999999999996
2024-08-06 23:00:00,1295.8999999999996
2024-08-07 13:00:00,1314.1999999999996
2024-08-07 14:00:00,1314.2999999999997
2024-08-07 15:00:00,1310.0999999999997
2024-08-07 16:00:00,1304.5999999999997
2024-08-07 17:00:00,1298.0999999999997
2024-08-07 18:00:00,1293.1999999999996
2024-08-07 19:00:00,1289.6999999999996
2024-08-07 23:00:00,1289.6999999999996
2024-08-08 13:00:00,1306.6999999999996
2024-08-08 14:00:00,1310.4999999999998
2024-08-08 15:00:00,1311.8999999999996
2024-08-08 16:00:00,1310.1999999999996
2024-08-08 17:00:00,1315.7999999999997
2024-08-08 18:00:00,1315.8999999999996
2024-08-08 19:00:00,1317.5999999999997
2024-08-08 23:00:00,1317.5999999999997
2024-08-09 13:00:00,1309.2999999999997
2024-08-09 14:00:00,1314.2999999999997
2024-08-09 15:00:00,1311.7999999999997
2024-08-09 16:00:00,1313.1999999999996
2024-08-09 17:00:00,1318.5999999999997
2024-08-09 18:00:00,1314.5999999999997
2024-08-09 19:00:00,1317.1999999999996
2024-08-09 23:00:00,1317.1999999999996
2024-08-12 13:00:00,1307.9999999999998
2024-08-12 14:00:00,1314.9999999999998
2024-08-12 15:00:00,1313.3999999999996
2024-08-12 16:00:00,1310.6999999999996
2024-08-12 17:00:00,1307.6999999999996
2024-08-12 18:00:00,1309.8999999999996
2024-08-12 19:00:00,1310.7999999999997
2024-08-12 23:00:00,1310.7999999999997
2024-08-13 13:00:00,1318.9999999999998
2024-08-13 14:00:00,1309.9999999999998
2024-08-13 15:00:00,1312.4999999999998
2024-08-13 16:00:00,1318.7999999999997
2024-08-13 17:00:00,1319.6999999999996
2024-08-13 18:00:00,1321.5999999999997
2024-08-13 19:00:00,1323.3999999999996
2024-08-13 23:00:00,1323.3999999999996
2024-08-14 07:00:00,1319.5999999999997
2024-08-14 13:00:00,1326.9999999999998
2024-08-14 14:00:00,1323.7999999999997
2024-08-14 15:00:00,1327.5999999999997
2024-08-14 16:00:00,1325.4999999999998
2024-08-14 17:00:00,1327.2999999999997
2024-08-14 18:00:00,1328.0999999999997
2024-08-14 19:00:00,1327.5999999999997
2024-08-14 23:00:00,1327.5999999999997
2024-08-15 13:00:00,1338.4999999999998
2024-08-15 14:00:00,1341.2999999999997
2024-08-15 15:00:00,1344.9999999999998
2024-08-15 16:00:00,1344.7999999999997
2024-08-15 17:00:00,1346.4999999999998
2024-08-15 18:00:00,1346.1999999999996
2024-08-15 19:00:00,1345.5999999999997
2024-08-15 23:00:00,1345.5999999999997
2024-08-16 13:00:00,1342.1999999999996
2024-08-16 14:00:00,1338.1999999999996
2024-08-16 15:00:00,1340.5999999999997
2024-08-16 16:00:00,1341.8999999999996
2024-08-16 17:00:00,1343.3999999999996
2024-08-16 18:00:00,1343.2999999999997
2024-08-16 19:00:00,1342.9999999999998
2024-08-16 23:00:00,1342.9999999999998
2024-08-19 13:00:00,1343.0999999999997
2024-08-19 14:00:00,1347.8999999999996
2024-08-19 15:00:00,1347.8999999999996
2024-08-19 16:00:00,1349.0999999999997
2024-08-19 17:00:00,1348.5999999999997
2024-08-19 18:00:00,1348.6999999999996
2024-08-19 19:00:00,1350.1999999999996
2024-08-19 23:00:00,1350.1999999999996
2024-08-20 13:00:00,1347.6999999999996
2024-08-20 14:00:00,1343.9999999999998
2024-08-20 15:00:00,1343.7999999999997
2024-08-20 16:00:00,1345.0999999999997
2024-08-20 17:00:00,1343.3999999999996
2024-08-20 18:00:00,1346.1999999999996
2024-08-20 19:00:00,1346.6999999999996
2024-08-20 23:00:00,1346.6999999999996
2024-08-21 13:00:00,1350.3999999999996
2024-08-21 14:00:00,1351.5999999999997
2024-08-21 15:00:00,1351.3999999999996
2024-08-21 16:00:00,1353.2999999999997
2024-08-21 17:00:00,1354.2999999999997
2024-08-21 18:00:00,1354.7999999999997
2024-08-21 19:00:00,1354.0999999999997
2024-08-21 23:00:00,1354.0999999999997
2024-08-22 13:00:00,1352.0999999999997
2024-08-22 14:00:00,1353.6999999999996
2024-08-22 15:00:00,1351.7999999999997
2024-08-22 16:00:00,1355.9999999999998
2024-08-22 17:00:00,1348.3999999999996
2024-08-22 18:00:00,1351.7999999999997
2024-08-22 19:00:00,1352.7999999999997
2024-08-22 23:00:00,1352.7999999999997
2024-08-23 13:00:00,1354.1999999999996
2024-08-23 14:00:00,1360.3999999999996
2024-08-23 15:00:00,1362.3999999999996
2024-08-23 16:00:00,1359.5999999999997
2024-08-23 17:00:00,1360.6999999999996
2024-08-23 18:00:00,1361.7999999999997
2024-08-23 19:00:00,1364.5999999999997
2024-08-23 23:00:00,1364.5999999999997
2024-08-26 13:00:00,1369.2999999999997
2024-08-26 14:00:00,1367.0999999999997
2024-08-26 15:00:00,1361.4999999999998
2024-08-26 16:00:00,1365.5999999999997
2024-08-26 17:00:00,1360.7999999999997
2024-08-26 18:00:00,1363.7999999999997
2024-08-26 19:00:00,1363.6999999999996
2024-08-26 23:00:00,1363.6999999999996
2024-08-27 13:00:00,1358.5999999999997
2024-08-27 14:00:00,1362.0999999999997
2024-08-27 15:00:00,1359.6999999999996
2024-08-27 16:00:00,1361.1999999999996
2024-08-27 17:00:00,1363.4999999999998
2024-08-27 18:00:00,1363.8999999999996
2024-08-27 19:00:00,1363.0999999999997
2024-08-27 23:00:00,1363.0999999999997
2024-08-28 13:00:00,1370.2999999999997
2024-08-28 14:00:00,1368.4999999999998
2024-08-28 15:00:00,1365.7999999999997
2024-08-28 16:00:00,1364.6999999999996
2024-08-28 17:00:00,1359.3999999999996
2024-08-28 18:00:00,1361.2999999999997
2024-08-28 19:00:00,1362.7999999999997
2024-08-28 23:00:00,1362.7999999999997
2024-08-29 13:00:00,1364.8999999999996
2024-08-29 14:00:00,1373.5999999999997
2024-08-29 15:00:00,1376.8999999999996
2024-08-29 16:00:00,1381.4999999999998
2024-08-29 17:00:00,1380.9999999999998
2024-08-29 18:00:00,1372.9999999999998
2024-08-29 19:00:00,1372.1999999999996
2024-08-29 23:00:00,1372.1999999999996
2024-08-30 13:00:00,1376.0999999999997
2024-08-30 14:00:00,1377.3999999999996
2024-08-30 15:00:00,1370.8999999999996
2024-08-30 16:00:00,1367.9999999999998
2024-08-30 17:00:00,1371.7999999999997
2024-08-30 18:00:00,1376.1999999999996
2024-08-30 19:00:00,1385.0999999999997
2024-08-30 23:00:00,1385.0999999999997
2024-09-02 15:00:00,1401.7999999999997
2024-09-03 13:00:00,1370.8999999999996
2024-09-03 14:00:00,1360.2999999999997
2024-09-03 15:00:00,1364.4999999999998
2024-09-03 16:00:00,1359.3999999999996
2024-09-03 17:00:00,1359.9999999999998
2024-09-03 18:00:00,1357.2999999999997
2024-09-03 19:00:00,1356.0999999999997
2024-09-03 23:00:00,1356.0999999999997
2024-09-04 13:00:00,1363.6999999999996
2024-09-04 14:00:00,1361.7999999999997
2024-09-04 15:00:00,1356.1999999999996
2024-09-04 16:00:00,1354.5999999999997
2024-09-04 17:00:00,1353.1999999999996
2024-09-04 18:00:00,1354.0999999999997
2024-09-04 19:00:00,1357.1999999999996
2024-09-04 23:00:00,1357.1999999999996
2024-09-05 13:00:00,1348.0999999999997
2024-09-05 14:00:00,1340.7999999999997
2024-09-05 15:00:00,1334.7999999999997
2024-09-05 16:00:00,1335.9999999999998
2024-09-05 17:00:00,1342.7999999999997
2024-09-05 18:00:00,1342.0999999999997
2024-09-05 19:00:00,1340.8999999999996
2024-09-05 23:00:00,1340.8999999999996
2024-09-06 13:00:00,1345.9999999999998
2024-09-06 14:00:00,1330.7999999999997
2024-09-06 15:00:00,1329.0999999999997
2024-09-06 16:00:00,1326.1999999999996
2024-09-06 17:00:00,1329.5999999999997
2024-09-06 18:00:00,1326.7999999999997
2024-09-06 19:00:00,1327.1999999999996
2024-09-06 20:00:00,1328.7999999999997
2024-09-06 23:00:00,1328.7999999999997
2024-09-09 13:00:00,1342.7999999999997
2024-09-09 14:00:00,1344.5999999999997
2024-09-09 15:00:00,1349.3999999999996
2024-09-09 16:00:00,1351.0999999999997
2024-09-09 17:00:00,1349.1999999999996
2024-09-09 18:00:00,1348.2999999999997
2024-09-09 19:00:00,1346.3999999999996
2024-09-09 23:00:00,1346.3999999999996
2024-09-10 13:00:00,1346.0999999999997
2024-09-10 14:00:00,1343.1999999999996
2024-09-10 15:00:00,1342.7999999999997
2024-09-10 16:00:00,1341.8999999999996
2024-09-10 17:00:00,1343.7999999999997
2024-09-10 18:00:00,1345.1999999999996
2024-09-10 19:00:00,1348.6999999999996
2024-09-10 23:00:00,1348.6999999999996
2024-09-11 13:00:00,1327.4999999999998
2024-09-11 14:00:00,1322.9999999999998
2024-09-11 15:00:00,1327.9999999999998
2024-09-11 16:00:00,1336.9999999999998
2024-09-11 17:00:00,1345.2999999999997
2024-09-11 18:00:00,1347.0999999999997
2024-09-11 19:00:00,1351.0999999999997
2024-09-11 23:00:00,1351.0999999999997
2024-09-12 19:00:00,1359.6999999999998
2024-09-12 23:00:00,1362.0999999999997
2024-09-13 13:00:00,1369.2999999999997
2024-09-13 14:00:00,1373.8999999999999
2024-09-13 15:00:00,1374.4999999999998
2024-09-13 16:00:00,1375.7999999999997
2024-09-13 17:00:00,1378.7999999999997
2024-09-13 19:00:00,1375.3999999999999
2024-09-13 23:00:00,1375.3999999999999
2024-09-16 13:00:00,1384.9999999999998
2024-09-16 14:00:00,1378.5999999999997
2024-09-16 15:00:00,1377.8999999999999
2024-09-16 16:00:00,1380.3999999999999
2024-09-16 17:00:00,1382.2999999999997
2024-09-16 18:00:00,1382.1999999999998
2024-09-16 19:00:00,1382.1999999999998
2024-09-16 23:00:00,1382.2999999999997
2024-09-17 13:00:00,1383.6999999999998
2024-09-17 14:00:00,1392.7999999999997
2024-09-17 15:00:00,1391.4999999999998
2024-09-17 16:00:00,1383.7999999999997
2024-09-17 17:00:00,1386.9999999999998
2024-09-17 18:00:00,1388.2999999999997
2024-09-17 19:00:00,1389.1999999999998
2024-09-17 23:00:00,1388.7999999999997
2024-09-18 13:00:00,1389.4999999999998
2024-09-18 14:00:00,1388.3999999999999
2024-09-18 15:00:00,1389.1999999999998
2024-09-18 16:00:00,1392.4999999999998
2024-09-18 17:00:00,1391.7999999999997
2024-09-18 18:00:00,1393.9999999999998
2024-09-18 19:00:00,1386.5999999999997
2024-09-18 23:00:00,1386.7999999999997
2024-09-19 13:00:00,1404.5999999999997
2024-09-19 14:00:00,1402.3999999999999
2024-09-19 15:00:00,1405.0999999999997
2024-09-19 16:00:00,1409.6999999999998
2024-09-19 17:00:00,1411.9999999999998
2024-09-19 18:00:00,1411.2999999999997
2024-09-19 19:00:00,1410.5999999999997
2024-09-19 23:00:00,1410.5999999999997
2024-09-20 13:00:00,1395.0999999999997
2024-09-20 14:00:00,1397.9999999999998
2024-09-20 15:00:00,1399.2999999999997
2024-09-20 16:00:00,1401.6999999999998
2024-09-20 17:00:00,1401.3999999999999
2024-09-20 18:00:00,1398.9999999999998
2024-09-20 19:00:00,1400.3999999999999
2024-09-20 23:00:00,1399.3999999999999
2024-09-23 13:00:00,1402.4999999999998
2024-09-23 14:00:00,1404.1999999999998
2024-09-23 15:00:00,1405.1999999999998
2024-09-23 16:00:00,1405.1999999999998
2024-09-23 17:00:00,1406.3999999999999
2024-09-23 18:00:00,1407.3999999999999
2024-09-23 19:00:00,1407.6999999999998
2024-09-23 23:00:00,1407.8999999999999
2024-09-24 13:00:00,1412.6999999999998
2024-09-24 14:00:00,1412.6999999999998
2024-09-24 15:00:00,1411.5999999999997
2024-09-24 16:00:00,1414.5999999999997
2024-09-24 17:00:00,1413.0999999999997
2024-09-24 18:00:00,1412.0999999999997
2024-09-24 19:00:00,1416.4999999999998
2024-09-24 23:00:00,1416.9999999999998
2024-09-25 13:00:00,1419.0999999999997
2024-09-25 14:00:00,1416.2999999999997
2024-09-25 15:00:00,1414.8999999999999
2024-09-25 16:00:00,1413.6999999999998
2024-09-25 17:00:00,1410.7999999999997
2024-09-25 18:00:00,1411.7999999999997
2024-09-25 19:00:00,1410.0999999999997
2024-09-25 23:00:00,1410.4999999999998
2024-09-26 13:00:00,1420.6999999999998
2024-09-26 14:00:00,1420.1999999999998
2024-09-26 15:00:00,1419.8999999999999
2024-09-26 16:00:00,1420.2999999999997
2024-09-26 17:00:00,1416.7999999999997
2024-09-26 18:00:00,1421.0999999999997
2024-09-26 19:00:00,1417.6999999999998
2024-09-26 20:00:00,1417.5999999999997
2024-09-26 23:00:00,1417.9999999999998
2024-09-27 13:00:00,1420.6999999999998
2024-09-27 14:00:00,1426.3999999999999
2024-09-27 15:00:00,1425.0999999999997
2024-09-27 16:00:00,1422.6999999999998
2024-09-27 17:00:00,1420.4999999999998
2024-09-27 18:00:00,1419.4999999999998
2024-09-27 19:00:00,1418.9999999999998
2024-09-27 23:00:00,1418.7999999999997
2024-09-30 13:00:00,1415.1999999999998
2024-09-30 14:00:00,1419.7999999999997
2024-09-30 15:00:00,1417.4999999999998
2024-09-30 16:00:00,1418.8999999999999
2024-09-30 17:00:00,1419.3999999999999
2024-09-30 18:00:00,1416.2999999999997
2024-09-30 19:00:00,1423.9999999999998
2024-09-30 23:00:00,1424.9999999999998
2024-10-01 13:00:00,1420.9999999999998
2024-10-01 14:00:00,1418.1999999999998
2024-10-01 15:00:00,1427.6999999999998
2024-10-01 16:00:00,1427.1999999999998
2024-10-01 17:00:00,1424.9999999999998
2024-10-01 18:00:00,1429.0999999999997
2024-10-01 19:00:00,1424.5999999999997
2024-10-01 20:00:00,1424.3999999999999
2024-10-01 23:00:00,1424.3999999999999
2024-10-02 13:00:00,1422.7999999999997
2024-10-02 14:00:00,1425.0999999999997
2024-10-02 15:00:00,1426.1999999999998
2024-10-02 16:00:00,1422.5999999999997
2024-10-02 17:00:00,1422.4999999999998
2024-10-02 18:00:00,1423.4999999999998
2024-10-02 19:00:00,1421.5999999999997
2024-10-02 23:00:00,1422.1999999999998
2024-10-03 13:00:00,1415.1999999999998
2024-10-03 14:00:00,1412.9999999999998
2024-10-03 15:00:00,1417.8999999999999
2024-10-03 16:00:00,1412.9999999999998
2024-10-03 17:00:00,1411.6999999999998
2024-10-03 18:00:00,1413.7999999999997
2024-10-03 19:00:00,1414.5999999999997
2024-10-03 23:00:00,1414.6999999999998
2024-10-04 13:00:00,1420.4999999999998
2024-10-04 14:00:00,1416.0999999999997
2024-10-04 15:00:00,1412.2999999999997
2024-10-04 16:00:00,1418.2999999999997
2024-10-04 17:00:00,1415.8999999999999
2024-10-04 18:00:00,1415.5999999999997
2024-10-04 19:00:00,1424.2999999999997
2024-10-04 23:00:00,1424.2999999999997
2024-10-07 13:00:00,1421.3999999999999
2024-10-07 14:00:00,1423.2999999999997
2024-10-07 15:00:00,1423.9999999999998
2024-10-07 16:00:00,1421.8999999999999
2024-10-07 17:00:00,1419.9999999999998
2024-10-07 18:00:00,1414.1999999999998
2024-10-07 19:00:00,1419.9999999999998
2024-10-07 23:00:00,1419.7999999999997
2024-10-08 13:00:00,1420.2999999999997
2024-10-08 14:00:00,1420.5999999999997
2024-10-08 15:00:00,1421.7999999999997
2024-10-08 16:00:00,1423.7999999999997
2024-10-08 17:00:00,1420.7999999999997
2024-10-08 18:00:00,1423.6999999999998
2024-10-08 19:00:00,1422.6999999999998
2024-10-08 23:00:00,1422.9999999999998
2024-10-09 13:00:00,1430.3999999999999
2024-10-09 14:00:00,1429.5999999999997
2024-10-09 15:00:00,1435.5999999999997
2024-10-09 16:00:00,1432.2999999999997
2024-10-09 17:00:00,1430.7999999999997
2024-10-09 18:00:00,1431.7999999999997
2024-10-09 19:00:00,1434.7999999999997
2024-10-09 23:00:00,1434.9999999999998
2024-10-10 13:00:00,1427.1999999999998
2024-10-10 14:00:00,1427.2999999999997
2024-10-10 15:00:00,1429.1999999999998
2024-10-10 16:00:00,1428.2999999999997
2024-10-10 17:00:00,1426.8999999999999
2024-10-10 18:00:00,1425.3999999999999
2024-10-10 19:00:00,1428.0999999999997
2024-10-10 23:00:00,1428.1999999999998
2024-10-11 13:00:00,1439.7999999999997
2024-10-11 14:00:00,1447.2999999999997
2024-10-11 15:00:00,1449.6999999999998
2024-10-11 16:00:00,1445.1999999999998
2024-10-11 17:00:00,1446.7999999999997
2024-10-11 18:00:00,1448.9999999999998
2024-10-11 19:00:00,1451.8999999999999
2024-10-11 23:00:00,1451.8999999999999
2024-10-14 13:00:00,1447.2999999999997
2024-10-14 14:00:00,1453.8999999999999
2024-10-14 15:00:00,1457.9999999999998
2024-10-14 16:00:00,1457.7999999999997
2024-10-14 17:00:00,1457.8999999999999
2024-10-14 18:00:00,1458.2999999999997
2024-10-14 19:00:00,1460.3999999999999
2024-10-14 23:00:00,1460.3999999999999
2024-10-15 13:00:00,1455.5999999999997
2024-10-15 14:00:00,1459.5999999999997
2024-10-15 15:00:00,1457.6999999999998
2024-10-15 16:00:00,1458.6999999999998
2024-10-15 17:00:00,1457.6999999999998
2024-10-15 18:00:00,1453.4999999999998
2024-10-15 19:00:00,1449.6999999999998
2024-10-15 23:00:00,1448.8999999999999
2024-10-16 13:00:00,1456.5999999999997
2024-10-16 14:00:00,1455.1999999999998
2024-10-16 15:00:00,1456.1999999999998
2024-10-16 16:00:00,1458.5999999999997
2024-10-16 17:00:00,1458.2999999999997
2024-10-16 18:00:00,1459.9999999999998
2024-10-16 19:00:00,1459.4999999999998
2024-10-16 23:00:00,1459.7999999999997
2024-10-17 13:00:00,1457.8999999999999
2024-10-17 14:00:00,1455.6999999999998
2024-10-17 15:00:00,1456.2999999999997
2024-10-17 16:00:00,1458.0999999999997
2024-10-17 17:00:00,1456.3999999999999
2024-10-17 18:00:00,1454.9999999999998
2024-10-17 19:00:00,1455.9999999999998
2024-10-17 23:00:00,1456.2999999999997
2024-10-18 13:00:00,1454.3999999999999
2024-10-18 14:00:00,1455.4999999999998
2024-10-18 15:00:00,1456.8999999999999
2024-10-18 17:00:00,1458.3999999999999
2024-10-18 18:00:00,1459.0999999999997
2024-10-18 19:00:00,1458.7999999999997
2024-10-18 23:00:00,1458.7999999999997
2024-10-21 13:00:00,1457.5999999999997
2024-10-21 14:00:00,1453.8999999999999
2024-10-21 15:00:00,1449.8999999999999
2024-10-21 16:00:00,1454.1999999999998
2024-10-21 17:00:00,1453.9999999999998
2024-10-21 18:00:00,1453.2999999999997
2024-10-21 19:00:00,1454.2999999999997
2024-10-21 23:00:00,1454.3999999999999
2024-10-22 13:00:00,1435.1999999999998
2024-10-22 14:00:00,1435.0999999999997
2024-10-22 15:00:00,1437.6999999999998
2024-10-22 16:00:00,1438.5999999999997
2024-10-22 17:00:00,1440.1999999999998
2024-10-22 18:00:00,1438.6999999999998
2024-10-22 19:00:00,1437.8999999999999
2024-10-22 23:00:00,1437.5999999999997
2024-10-23 13:00:00,1438.3999999999999
2024-10-23 14:00:00,1438.0999999999997
2024-10-23 15:00:00,1433.2999999999997
2024-10-23 16:00:00,1435.6999999999998
2024-10-23 17:00:00,1431.7999999999997
2024-10-23 18:00:00,1431.6999999999998
2024-10-23 19:00:00,1433.2999999999997
2024-10-23 23:00:00,1432.8999999999999
2024-10-24 13:00:00,1425.1999999999998
2024-10-24 14:00:00,1426.1999999999998
2024-10-24 15:00:00,1421.6999999999998
2024-10-24 16:00:00,1423.5999999999997
2024-10-24 17:00:00,1426.7999999999997
2024-10-24 18:00:00,1423.6999999999998
2024-10-24 19:00:00,1423.0999999999997
2024-10-24 23:00:00,1423.3999999999999
2024-10-25 13:00:00,1426.6999999999998
2024-10-25 14:00:00,1427.5999999999997
2024-10-25 15:00:00,1422.4999999999998
2024-10-25 16:00:00,1423.9999999999998
2024-10-25 17:00:00,1418.4999999999998
2024-10-25 18:00:00,1421.6999999999998
2024-10-25 19:00:00,1419.2999999999997
2024-10-25 23:00:00,1419.2999999999997
2024-10-28 13:00:00,1425.1999999999998
2024-10-28 14:00:00,1424.8999999999999
2024-10-28 15:00:00,1423.2999999999997
2024-10-28 16:00:00,1423.6999999999998
2024-10-28 18:00:00,1426.1999999999998
2024-10-28 19:00:00,1422.9999999999998
2024-10-28 23:00:00,1422.6999999999998
2024-10-29 13:00:00,1414.4999999999998
2024-10-29 14:00:00,1422.6999999999998
2024-10-29 15:00:00,1423.4999999999998
2024-10-29 16:00:00,1423.6999999999998
2024-10-29 17:00:00,1424.4999999999998
2024-10-29 18:00:00,1425.2999999999997
2024-10-29 19:00:00,1420.7999999999997
2024-10-29 23:00:00,1420.7999999999997
2024-10-30 13:00:00,1418.9999999999998
2024-10-30 14:00:00,1421.9999999999998
2024-10-30 15:00:00,1425.0999999999997
2024-10-30 16:00:00,1420.9999999999998
2024-10-30 17:00:00,1420.7999999999997
2024-10-30 18:00:00,1420.1999999999998
2024-10-30 19:00:00,1418.5999999999997
2024-10-30 20:00:00,1418.6999999999998
2024-10-30 23:00:00,1417.9999999999998
2024-10-31 13:00:00,1409.5999999999997
2024-10-31 14:00:00,1402.2999999999997
2024-10-31 15:00:00,1400.4999999999998
2024-10-31 16:00:00,1404.3999999999999
2024-10-31 17:00:00,1405.3999999999999
2024-10-31 18:00:00,1404.9999999999998
2024-10-31 19:00:00,1401.9999999999998
2024-10-31 23:00:00,1402.1999999999998
2024-11-01 13:00:00,1407.0999999999997
2024-11-01 14:00:00,1410.4999999999998
2024-11-01 15:00:00,1408.7999999999997
2024-11-01 16:00:00,1407.3999999999999
2024-11-01 17:00:00,1404.2999999999997
2024-11-01 18:00:00,1405.7999999999997
2024-11-01 19:00:00,1403.5999999999997
2024-11-01 23:00:00,1404.0999999999997
2024-11-04 14:00:00,1410.3999999999999
2024-11-04 15:00:00,1406.0999999999997
2024-11-04 16:00:00,1400.3999999999999
2024-11-04 17:00:00,1403.1999999999998
2024-11-04 18:00:00,1403.9999999999998
2024-11-04 19:00:00,1403.1999999999998
2024-11-04 20:00:00,1401.3999999999999
2024-11-04 23:00:00,1401.3999999999999
2024-11-05 14:00:00,1412.8999999999999
2024-11-05 15:00:00,1419.4999999999998
2024-11-05 16:00:00,1418.9999999999998
2024-11-05 17:00:00,1420.8999999999999
2024-11-05 18:00:00,1420.4999999999998
2024-11-05 19:00:00,1420.2999999999997
2024-11-05 20:00:00,1424.5999999999997
2024-11-05 23:00:00,1424.3999999999999
2024-11-06 11:00:00,1467.5999999999997
2024-11-06 14:00:00,1458.5999999999997
2024-11-06 15:00:00,1464.0999999999997
2024-11-06 16:00:00,1473.3999999999999
2024-11-06 17:00:00,1475.4999999999998
2024-11-06 18:00:00,1478.3999999999999
2024-11-06 19:00:00,1477.9999999999998
2024-11-06 20:00:00,1478.8999999999999
2024-11-06 23:00:00,1478.9999999999998
2024-11-07 12:00:00,1487.4999999999998
2024-11-07 14:00:00,1474.5999999999997
2024-11-07 15:00:00,1474.0999999999997
2024-11-07 16:00:00,1470.2999999999997
2024-11-07 17:00:00,1472.1999999999998
2024-11-07 18:00:00,1469.0999999999997
2024-11-07 19:00:00,1471.4999999999998
2024-11-07 20:00:00,1469.9999999999998
2024-11-07 23:00:00,1469.8999999999999
2024-11-08 14:00:00,1477.2999999999997
2024-11-08 15:00:00,1482.8999999999999
2024-11-08 16:00:00,1482.3999999999999
2024-11-08 17:00:00,1485.2999999999997
2024-11-08 18:00:00,1485.7999999999997
2024-11-08 19:00:00,1486.0999999999997
2024-11-08 20:00:00,1483.6999999999998
2024-11-08 23:00:00,1483.1999999999998
2024-11-11 14:00:00,1496.6999999999998
2024-11-11 15:00:00,1498.6999999999998
2024-11-11 16:00:00,1499.1999999999998
2024-11-11 17:00:00,1498.2999999999997
2024-11-11 18:00:00,1495.0999999999997
2024-11-11 19:00:00,1495.8999999999999
2024-11-11 20:00:00,1494.3999999999999
2024-11-11 23:00:00,1494.4999999999998
2024-11-12 14:00:00,1492.8999999999999
2024-11-12 15:00:00,1485.2999999999997
2024-11-12 16:00:00,1481.3999999999999
2024-11-12 17:00:00,1477.2999999999997
2024-11-12 18:00:00,1483.3999999999999
2024-11-12 19:00:00,1485.1999999999998
2024-11-12 20:00:00,1481.8999999999999
2024-11-12 23:00:00,1482.1999999999998
2024-11-13 14:00:00,1487.5999999999997
2024-11-13 15:00:00,1491.3999999999999
2024-11-13 16:00:00,1489.7999999999997
2024-11-13 17:00:00,1491.1999999999998
2024-11-13 18:00:00,1487.8999999999999
2024-11-13 19:00:00,1484.9999999999998
2024-11-13 20:00:00,1485.4999999999998
2024-11-13 23:00:00,1485.4999999999998
2024-11-14 14:00:00,1480.8999999999999
2024-11-14 15:00:00,1475.5999999999997
2024-11-14 16:00:00,1468.4999999999998
2024-11-14 17:00:00,1464.5999999999997
2024-11-14 18:00:00,1463.4999999999998
2024-11-14 19:00:00,1466.0999999999997
2024-11-14 20:00:00,1460.2999999999997
2024-11-14 23:00:00,1460.4999999999998
2024-11-15 14:00:00,1458.0999999999997
2024-11-15 15:00:00,1453.3999999999999
2024-11-15 16:00:00,1454.0999999999997
2024-11-15 17:00:00,1451.7999999999997
2024-11-15 18:00:00,1449.0999999999997
2024-11-15 19:00:00,1452.5999999999997
2024-11-15 20:00:00,1452.5999999999997
2024-11-15 23:00:00,1452.9999999999998
2024-11-18 14:00:00,1448.5999999999997
2024-11-18 15:00:00,1452.0999999999997
2024-11-18 16:00:00,1453.4999999999998
2024-11-18 17:00:00,1455.6999999999998
2024-11-18 18:00:00,1452.3999999999999
2024-11-18 19:00:00,1450.8999999999999
2024-11-18 20:00:00,1450.8999999999999
2024-11-18 23:00:00,1450.5999999999997
2024-11-19 14:00:00,1443.6999999999998
2024-11-19 15:00:00,1446.8999999999999
2024-11-19 16:00:00,1449.1999999999998
2024-11-19 17:00:00,1449.2999999999997
2024-11-19 18:00:00,1451.6999999999998
2024-11-19 19:00:00,1448.7999999999997
2024-11-19 20:00:00,1448.8999999999999
2024-11-19 23:00:00,1448.6999999999998
2024-11-20 14:00:00,1446.6999999999998
2024-11-20 15:00:00,1442.8999999999999
2024-11-20 16:00:00,1445.1999999999998
2024-11-20 17:00:00,1443.9999999999998
2024-11-20 18:00:00,1442.9999999999998
2024-11-20 19:00:00,1444.7999999999997
2024-11-20 20:00:00,1449.4999999999998
2024-11-20 23:00:00,1449.4999999999998
2024-11-21 14:00:00,1459.8999999999999
2024-11-21 15:00:00,1468.4999999999998
2024-11-21 16:00:00,1468.3999999999999
2024-11-21 17:00:00,1468.9999999999998
2024-11-21 18:00:00,1469.1999999999998
2024-11-21 19:00:00,1470.4999999999998
2024-11-21 20:00:00,1466.7999999999997
2024-11-21 21:00:00,1458.9999999999998
2024-11-21 23:00:00,1466.4999999999998
2024-11-22 14:00:00,1476.1999999999998
2024-11-22 15:00:00,1480.3999999999999
2024-11-22 16:00:00,1478.9999999999998
2024-11-22 17:00:00,1483.0999999999997
2024-11-22 18:00:00,1483.6999999999998
2024-11-22 19:00:00,1483.0999999999997
2024-11-22 20:00:00,1486.6999999999998
2024-11-22 23:00:00,1485.7999999999997
2024-11-25 14:00:00,1496.6999999999998
2024-11-25 15:00:00,1493.3999999999999
2024-11-25 16:00:00,1491.8999999999999
2024-11-25 17:00:00,1491.6999999999998
2024-11-25 18:00:00,1496.2999999999997
2024-11-25 19:00:00,1495.2999999999997
2024-11-25 20:00:00,1495.4999999999998
2024-11-25 21:00:00,1495.1999999999998
2024-11-25 23:00:00,1494.9999999999998
2024-11-26 14:00:00,1493.2999999999997
2024-11-26 15:00:00,1493.2999999999997
2024-11-26 16:00:00,1496.2999999999997
2024-11-26 17:00:00,1494.7999999999997
2024-11-26 18:00:00,1495.5999999999997
2024-11-26 19:00:00,1496.5999999999997
2024-11-26 20:00:00,1497.2999999999997
2024-11-26 23:00:00,1496.9999999999998
2024-11-27 14:00:00,1500.1999999999998
2024-11-27 15:00:00,1496.4999999999998
2024-11-27 16:00:00,1494.9999999999998
2024-11-27 17:00:00,1493.9999999999998
2024-11-27 18:00:00,1492.9999999999998
2024-11-27 19:00:00,1492.3999999999999
2024-11-27 20:00:00,1491.3999999999999
2024-11-27 23:00:00,1491.6999999999998
2024-11-29 14:00:00,1495.6999999999998
2024-11-29 15:00:00,1497.6999999999998
2024-11-29 16:00:00,1499.2999999999997
2024-11-29 17:00:00,1497.7999999999997
2024-11-29 18:00:00,1498.1999999999998
2024-11-29 23:00:00,1498.1999999999998
2024-12-02 14:00:00,1487.7999999999997
2024-12-02 15:00:00,1488.4999999999998
2024-12-02 16:00:00,1488.8999999999999
2024-12-02 17:00:00,1489.6999999999998
2024-12-02 18:00:00,1490.9999999999998
2024-12-02 19:00:00,1490.2999999999997
2024-12-02 20:00:00,1487.9999999999998
2024-12-02 23:00:00,1487.9999999999998
2024-12-03 14:00:00,1479.9999999999998
2024-12-03 15:00:00,1476.0999999999997
2024-12-03 16:00:00,1474.9999999999998
2024-12-03 17:00:00,1479.5999999999997
2024-12-03 18:00:00,1478.3999999999999
2024-12-03 19:00:00,1478.0999999999997
2024-12-03 20:00:00,1478.1999999999998
2024-12-03 23:00:00,1478.1999999999998
2024-12-04 14:00:00,1479.6999999999998
2024-12-04 15:00:00,1479.2999999999997
2024-12-04 16:00:00,1482.4999999999998
2024-12-04 17:00:00,1480.0999999999997
2024-12-04 18:00:00,1480.3999999999999
2024-12-04 19:00:00,1480.9999999999998
2024-12-04 20:00:00,1484.4999999999998
2024-12-04 23:00:00,1484.4999999999998
2024-12-05 14:00:00,1480.3999999999999
2024-12-05 15:00:00,1472.7999999999997
2024-12-05 16:00:00,1472.6999999999998
2024-12-05 17:00:00,1473.6999999999998
2024-12-05 18:00:00,1471.4999999999998
2024-12-05 19:00:00,1469.5999999999997
2024-12-05 20:00:00,1467.0999999999997
2024-12-05 23:00:00,1467.0999999999997
2024-12-06 14:00:00,1468.1999999999998
2024-12-06 15:00:00,1469.1999999999998
2024-12-06 16:00:00,1463.8999999999999
2024-12-06 17:00:00,1460.4999999999998
2024-12-06 18:00:00,1462.1999999999998
2024-12-06 19:00:00,1461.3999999999999
2024-12-06 20:00:00,1462.8999999999999
2024-12-06 23:00:00,1462.8999999999999
2024-12-09 14:00:00,1461.2999999999997
2024-12-09 15:00:00,1450.9999999999998
2024-12-09 16:00:00,1453.4999999999998
2024-12-09 17:00:00,1451.4999999999998
2024-12-09 18:00:00,1453.1999999999998
2024-12-09 19:00:00,1452.1999999999998
2024-12-09 20:00:00,1450.2999999999997
2024-12-09 23:00:00,1450.2999999999997
2024-12-10 14:00:00,1440.8999999999999
2024-12-10 15:00:00,1449.2999999999997
2024-12-10 16:00:00,1450.1999999999998
2024-12-10 17:00:00,1447.9999999999998
2024-12-10 18:00:00,1448.7999999999997
2024-12-10 19:00:00,1450.7999999999997
2024-12-10 20:00:00,1445.9999999999998
2024-12-10 23:00:00,1445.9999999999998
2024-12-11 14:00:00,1448.8999999999999
2024-12-11 15:00:00,1448.3999999999999
2024-12-11 16:00:00,1450.0999999999997
2024-12-11 17:00:00,1446.3999999999999
2024-12-11 18:00:00,1445.2999999999997
2024-12-11 19:00:00,1446.7999999999997
2024-12-11 20:00:00,1442.8999999999999
2024-12-11 23:00:00,1442.8999999999999
2024-12-12 15:00:00,1439.1
2024-12-12 16:00:00,1441.1999999999998
2024-12-12 20:00:00,1436.6
2024-12-12 23:00:00,1436.8
2024-12-13 14:00:00,1437.1
2024-12-13 15:00:00,1433.6
2024-12-13 16:00:00,1436.3
2024-12-13 17:00:00,1433.1999999999998
2024-12-13 18:00:00,1433.6
2024-12-13 19:00:00,1432.3
2024-12-13 20:00:00,1433.0
2024-12-13 23:00:00,1432.3
2024-12-16 14:00:00,1435.6999999999998
2024-12-16 15:00:00,1438.5
2024-12-16 16:00:00,1437.1999999999998
2024-12-16 17:00:00,1437.0
2024-12-16 18:00:00,1438.6
2024-12-16 19:00:00,1437.1
2024-12-16 20:00:00,1434.1
2024-12-16 23:00:00,1434.6
2024-12-17 14:00:00,1430.1
2024-12-17 15:00:00,1424.1999999999998
2024-12-17 16:00:00,1427.1
2024-12-17 17:00:00,1425.6
2024-12-17 18:00:00,1423.6
2024-12-17 19:00:00,1419.1
2024-12-17 20:00:00,1420.6
2024-12-17 23:00:00,1420.8
2024-12-18 14:00:00,1423.6
2024-12-18 15:00:00,1424.1999999999998
2024-12-18 16:00:00,1421.1
2024-12-18 17:00:00,1420.8999999999999
2024-12-18 18:00:00,1422.0
2024-12-18 19:00:00,1401.6
2024-12-18 20:00:00,1381.0
2024-12-18 23:00:00,1381.5
2024-12-19 14:00:00,1389.5
2024-12-19 15:00:00,1381.1999999999998
2024-12-19 16:00:00,1384.3
2024-12-19 17:00:00,1381.8
2024-12-19 18:00:00,1385.6
2024-12-19 19:00:00,1382.0
2024-12-19 20:00:00,1378.6999999999998
2024-12-19 23:00:00,1379.0
2024-12-20 14:00:00,1378.3999999999999
2024-12-20 15:00:00,1387.3
2024-12-20 16:00:00,1400.5
2024-12-20 17:00:00,1402.8
2024-12-20 18:00:00,1396.5
2024-12-20 20:00:00,1394.6999999999998
2024-12-20 23:00:00,1394.6999999999998
2024-12-23 14:00:00,1385.6999999999998
2024-12-23 15:00:00,1382.3
2024-12-23 16:00:00,1389.0
2024-12-23 17:00:00,1390.1
2024-12-23 18:00:00,1390.3
2024-12-23 19:00:00,1391.1999999999998
2024-12-23 20:00:00,1392.8999999999999
2024-12-23 23:00:00,1393.6999999999998
2024-12-24 14:00:00,1392.1999999999998
2024-12-24 15:00:00,1397.3999999999999
2024-12-24 16:00:00,1396.8999999999999
2024-12-24 17:00:00,1403.1
2024-12-24 23:00:00,1403.3999999999999
2024-12-26 14:00:00,1400.1
2024-12-26 15:00:00,1402.8
2024-12-26 16:00:00,1406.3
2024-12-26 17:00:00,1403.6999999999998
2024-12-26 18:00:00,1402.6999999999998
2024-12-26 19:00:00,1403.5
2024-12-26 20:00:00,1400.3
2024-12-26 23:00:00,1403.1
2024-12-27 14:00:00,1402.1
2024-12-27 15:00:00,1395.0
2024-12-27 16:00:00,1388.8
2024-12-27 17:00:00,1386.6
2024-12-27 18:00:00,1390.0
2024-12-27 19:00:00,1393.3
2024-12-27 20:00:00,1392.0
2024-12-27 23:00:00,1392.0
2024-12-30 14:00:00,1368.8
2024-12-30 15:00:00,1372.1
2024-12-30 16:00:00,1380.5
2024-12-30 17:00:00,1382.3
2024-12-30 18:00:00,1383.1
2024-12-30 19:00:00,1382.1999999999998
2024-12-30 20:00:00,1377.6999999999998
2024-12-30 23:00:00,1378.3
2024-12-31 14:00:00,1380.1999999999998
2024-12-31 15:00:00,1378.5
2024-12-31 16:00:00,1375.3
2024-12-31 17:00:00,1375.8
2024-12-31 18:00:00,1372.3999999999999
2024-12-31 19:00:00,1372.5
2024-12-31 20:00:00,1376.3
2024-12-31 23:00:00,1376.3
2025-01-02 08:00:00,1382.5
2025-01-02 12:00:00,1387.1999999999998
2025-01-02 14:00:00,1386.1
2025-01-02 15:00:00,1380.5
2025-01-02 16:00:00,1380.0
2025-01-02 17:00:00,1368.8999999999999
2025-01-02 18:00:00,1367.3
2025-01-02 19:00:00,1368.5
2025-01-02 20:00:00,1370.6999999999998
2025-01-02 23:00:00,1370.8
2025-01-03 14:00:00,1376.8999999999999
2025-01-03 15:00:00,1382.5
2025-01-03 16:00:00,1381.3999999999999
2025-01-03 17:00:00,1382.8
2025-01-03 18:00:00,1384.8999999999999
2025-01-03 19:00:00,1386.6
2025-01-03 20:00:00,1385.1999999999998
2025-01-03 23:00:00,1385.1999999999998
2025-01-06 14:00:00,1394.0
2025-01-06 15:00:00,1390.0
2025-01-06 16:00:00,1391.3
2025-01-06 17:00:00,1390.6999999999998
2025-01-06 18:00:00,1385.5
2025-01-06 19:00:00,1384.6
2025-01-06 20:00:00,1381.3999999999999
2025-01-06 23:00:00,1381.1999999999998
2025-01-07 14:00:00,1388.8
2025-01-07 15:00:00,1386.8
2025-01-07 16:00:00,1381.1999999999998
2025-01-07 17:00:00,1382.8999999999999
2025-01-07 18:00:00,1383.8999999999999
2025-01-07 19:00:00,1382.6999999999998
2025-01-07 20:00:00,1379.8999999999999
2025-01-07 23:00:00,1379.8999999999999
2025-01-08 14:00:00,1372.3
2025-01-08 15:00:00,1376.5
2025-01-08 16:00:00,1382.0
2025-01-08 17:00:00,1379.0
2025-01-08 18:00:00,1383.1999999999998
2025-01-08 19:00:00,1383.6999999999998
2025-01-08 20:00:00,1385.5
2025-01-08 23:00:00,1385.3999999999999
2025-01-10 14:00:00,1376.6
2025-01-10 15:00:00,1372.3
2025-01-10 16:00:00,1369.6999999999998
2025-01-10 17:00:00,1370.5
2025-01-10 18:00:00,1376.8
2025-01-10 19:00:00,1373.1999999999998
2025-01-10 20:00:00,1369.0
2025-01-10 23:00:00,1369.0
2025-01-13 14:00:00,1376.1
2025-01-13 15:00:00,1377.3
2025-01-13 16:00:00,1373.3999999999999
2025-01-13 17:00:00,1378.8999999999999
2025-01-13 18:00:00,1381.1
2025-01-13 19:00:00,1384.0
2025-01-13 20:00:00,1384.6
2025-01-13 23:00:00,1384.6
2025-01-14 14:00:00,1393.1999999999998
2025-01-14 15:00:00,1398.1
2025-01-14 16:00:00,1388.3
2025-01-14 17:00:00,1393.3
2025-01-14 18:00:00,1402.6
2025-01-14 19:00:00,1397.3999999999999
2025-01-14 20:00:00,1400.8999999999999
2025-01-14 23:00:00,1400.8999999999999
2025-01-15 14:00:00,1415.5
2025-01-15 15:00:00,1410.8999999999999
2025-01-15 16:00:00,1407.3999999999999
2025-01-15 17:00:00,1409.6999999999998
2025-01-15 18:00:00,1410.1999999999998
2025-01-15 19:00:00,1411.3999999999999
2025-01-15 20:00:00,1409.0
2025-01-15 23:00:00,1409.0
2025-01-16 14:00:00,1412.6999999999998
2025-01-16 15:00:00,1421.0
2025-01-16 16:00:00,1425.6999999999998
2025-01-16 17:00:00,1425.0
2025-01-16 18:00:00,1423.6
2025-01-16 19:00:00,1423.8999999999999
2025-01-16 20:00:00,1425.8999999999999
2025-01-16 23:00:00,1425.8999999999999
2025-01-17 14:00:00,1429.8999999999999
2025-01-17 15:00:00,1436.1999999999998
2025-01-17 16:00:00,1437.3
2025-01-17 17:00:00,1435.1999999999998
2025-01-17 18:00:00,1434.6999999999998
2025-01-17 19:00:00,1432.8999999999999
2025-01-17 20:00:00,1432.8999999999999
2025-01-17 23:00:00,1432.8999999999999
2025-01-21 14:00:00,1450.8
2025-01-21 15:00:00,1453.1999999999998
2025-01-21 16:00:00,1459.0
2025-01-21 17:00:00,1459.3999999999999
2025-01-21 18:00:00,1459.6
2025-01-21 19:00:00,1459.1999999999998
2025-01-21 20:00:00,1461.6999999999998
2025-01-21 23:00:00,1461.6999999999998
2025-01-22 14:00:00,1460.8999999999999
2025-01-22 15:00:00,1459.8
2025-01-22 16:00:00,1461.8999999999999
2025-01-22 17:00:00,1458.3999999999999
2025-01-22 18:00:00,1461.3999999999999
2025-01-22 19:00:00,1462.0
2025-01-22 20:00:00,1458.6999999999998
2025-01-22 23:00:00,1458.6999999999998
2025-01-23 14:00:00,1468.3999999999999
2025-01-23 15:00:00,1466.1
2025-01-23 16:00:00,1471.6999999999998
2025-01-23 17:00:00,1474.3
2025-01-23 18:00:00,1473.1999999999998
2025-01-23 19:00:00,1472.6999999999998
2025-01-23 20:00:00,1472.1999999999998
2025-01-23 23:00:00,1472.1999999999998
2025-01-24 10:00:00,1473.1999999999998
2025-01-24 14:00:00,1468.6
2025-01-24 15:00:00,1467.8
2025-01-24 16:00:00,1470.1
2025-01-24 17:00:00,1470.1999999999998
2025-01-24 18:00:00,1468.3
2025-01-24 19:00:00,1466.6
2025-01-24 20:00:00,1465.6
2025-01-24 23:00:00,1465.6
2025-01-27 14:00:00,1446.6999999999998
2025-01-27 15:00:00,1441.6999999999998
2025-01-27 16:00:00,1440.3999999999999
2025-01-27 17:00:00,1444.3
2025-01-27 18:00:00,1441.1999999999998
2025-01-27 19:00:00,1445.1
2025-01-27 20:00:00,1446.6
2025-01-27 23:00:00,1446.6
2025-01-28 14:00:00,1436.3999999999999
2025-01-28 15:00:00,1445.0
2025-01-28 16:00:00,1435.1999999999998
2025-01-28 17:00:00,1435.1
2025-01-28 18:00:00,1437.5
2025-01-28 19:00:00,1438.1999999999998
2025-01-28 20:00:00,1437.6
2025-01-28 23:00:00,1437.6
2025-01-29 14:00:00,1443.8
2025-01-29 15:00:00,1440.0
2025-01-29 16:00:00,1439.5
2025-01-29 17:00:00,1439.8999999999999
2025-01-29 18:00:00,1440.6999999999998
2025-01-29 19:00:00,1438.1999999999998
2025-01-29 20:00:00,1431.3999999999999
2025-01-29 23:00:00,1431.3999999999999
2025-01-30 14:00:00,1440.1
2025-01-30 15:00:00,1439.0
2025-01-30 16:00:00,1440.8999999999999
2025-01-30 17:00:00,1439.0
2025-01-30 18:00:00,1446.1999999999998
2025-01-30 19:00:00,1446.1999999999998
2025-01-30 20:00:00,1448.0
2025-01-30 23:00:00,1448.0
2025-01-31 14:00:00,1441.3
2025-01-31 15:00:00,1446.5
2025-01-31 16:00:00,1447.8
2025-01-31 17:00:00,1449.8999999999999
2025-01-31 18:00:00,1443.0
2025-01-31 19:00:00,1440.6
2025-01-31 20:00:00,1437.6
2025-01-31 23:00:00,1437.6
2025-02-03 14:00:00,1408.0
2025-02-03 15:00:00,1428.6
2025-02-03 16:00:00,1427.3
2025-02-03 17:00:00,1424.5
2025-02-03 18:00:00,1425.6999999999998
2025-02-03 19:00:00,1428.1
2025-02-03 20:00:00,1422.3999999999999
2025-02-03 23:00:00,1422.3999999999999
2025-02-04 14:00:00,1421.3
2025-02-04 15:00:00,1423.0
2025-02-04 16:00:00,1423.1999999999998
2025-02-04 17:00:00,1424.3999999999999
2025-02-04 18:00:00,1423.3999999999999
2025-02-04 19:00:00,1426.3
2025-02-04 20:00:00,1422.6
2025-02-04 23:00:00,1422.6
2025-02-05 14:00:00,1419.8999999999999
2025-02-05 15:00:00,1420.6
2025-02-05 16:00:00,1423.3
2025-02-05 17:00:00,1424.3999999999999
2025-02-05 18:00:00,1425.6999999999998
2025-02-05 19:00:00,1424.0
2025-02-05 20:00:00,1423.8999999999999
2025-02-05 23:00:00,1423.8999999999999
2025-02-06 14:00:00,1426.3
2025-02-06 15:00:00,1423.5
2025-02-06 16:00:00,1426.8
2025-02-06 17:00:00,1430.1
2025-02-06 18:00:00,1425.3999999999999
2025-02-06 19:00:00,1423.5
2025-02-06 20:00:00,1429.3
2025-02-06 23:00:00,1429.3
2025-02-07 14:00:00,1436.1
2025-02-07 15:00:00,1427.6
2025-02-07 16:00:00,1427.1
2025-02-07 17:00:00,1428.0
2025-02-07 18:00:00,1426.1
2025-02-07 19:00:00,1427.3999999999999
2025-02-07 20:00:00,1425.1999999999998
2025-02-07 23:00:00,1425.1999999999998
2025-02-10 14:00:00,1430.1
2025-02-10 15:00:00,1432.3
2025-02-10 16:00:00,1430.6
2025-02-10 17:00:00,1431.1
2025-02-10 18:00:00,1437.1
2025-02-10 19:00:00,1437.1
2025-02-10 20:00:00,1437.5
2025-02-10 23:00:00,1437.5
2025-02-11 14:00:00,1431.8999999999999
2025-02-11 15:00:00,1435.6999999999998
2025-02-11 16:00:00,1433.8
2025-02-11 17:00:00,1432.5
2025-02-11 18:00:00,1433.5
2025-02-11 19:00:00,1436.0
2025-02-11 20:00:00,1437.3999999999999
2025-02-11 23:00:00,1437.3999999999999
2025-02-12 14:00:00,1424.0
2025-02-12 15:00:00,1426.0
2025-02-12 16:00:00,1430.3999999999999
2025-02-12 17:00:00,1433.1999999999998
2025-02-12 18:00:00,1429.0
2025-02-12 19:00:00,1430.3
2025-02-12 20:00:00,1429.3
2025-02-12 23:00:00,1429.3
2025-02-13 14:00:00,1430.1999999999998
2025-02-13 15:00:00,1425.8
2025-02-13 16:00:00,1425.8999999999999
2025-02-13 17:00:00,1427.6999999999998
2025-02-13 18:00:00,1429.8
2025-02-13 19:00:00,1430.0
2025-02-13 20:00:00,1430.6999999999998
2025-02-13 23:00:00,1430.6999999999998
2025-02-14 14:00:00,1428.6
2025-02-14 15:00:00,1426.1999999999998
2025-02-14 16:00:00,1428.0
2025-02-14 17:00:00,1425.6999999999998
2025-02-14 18:00:00,1428.8
2025-02-14 19:00:00,1427.3
2025-02-14 20:00:00,1426.1999999999998
2025-02-14 23:00:00,1426.1999999999998
2025-02-18 14:00:00,1432.6
2025-02-18 15:00:00,1437.8999999999999
2025-02-18 16:00:00,1436.3
2025-02-18 17:00:00,1437.0
2025-02-18 18:00:00,1436.6999999999998
2025-02-18 19:00:00,1437.1999999999998
2025-02-18 20:00:00,1436.8999999999999
2025-02-18 23:00:00,1436.8999999999999
2025-02-19 14:00:00,1433.6999999999998
2025-02-19 15:00:00,1431.5
2025-02-19 16:00:00,1435.0
2025-02-19 17:00:00,1436.3
2025-02-19 18:00:00,1436.1
2025-02-19 19:00:00,1438.3
2025-02-19 20:00:00,1438.3999999999999
2025-02-19 23:00:00,1438.3999999999999
2025-02-20 14:00:00,1427.3
2025-02-20 15:00:00,1424.1999999999998
2025-02-20 16:00:00,1419.6
2025-02-20 17:00:00,1421.1
2025-02-20 18:00:00,1422.3
2025-02-20 19:00:00,1427.0
2025-02-20 20:00:00,1428.6
2025-02-20 23:00:00,1428.6
2025-02-21 14:00:00,1416.0
2025-02-21 15:00:00,1407.8999999999999
2025-02-21 16:00:00,1411.0
2025-02-21 17:00:00,1401.6
2025-02-21 18:00:00,1395.8999999999999
2025-02-21 19:00:00,1392.8
2025-02-21 20:00:00,1396.5
2025-02-21 23:00:00,1396.5
2025-02-24 14:00:00,1392.5
2025-02-24 15:00:00,1391.6
2025-02-24 16:00:00,1397.8
2025-02-24 17:00:00,1398.3
2025-02-24 18:00:00,1396.1
2025-02-24 19:00:00,1394.8
2025-02-24 20:00:00,1390.8
2025-02-24 23:00:00,1390.8
2025-02-25 14:00:00,1394.8
2025-02-25 15:00:00,1393.0
2025-02-25 16:00:00,1391.5
2025-02-25 17:00:00,1395.6999999999998
2025-02-25 18:00:00,1395.3999999999999
2025-02-25 19:00:00,1398.3999999999999
2025-02-25 20:00:00,1397.6999999999998
2025-02-25 23:00:00,1397.6999999999998
2025-02-26 14:00:00,1409.3999999999999
2025-02-26 15:00:00,1410.5
2025-02-26 16:00:00,1407.6999999999998
2025-02-26 17:00:00,1402.3999999999999
2025-02-26 18:00:00,1398.3999999999999
2025-02-26 19:00:00,1402.5
2025-02-26 20:00:00,1398.5
2025-02-26 23:00:00,1398.5
2025-02-27 14:00:00,1401.3999999999999
2025-02-27 15:00:00,1407.3999999999999
2025-02-27 16:00:00,1407.5
2025-02-27 17:00:00,1402.1999999999998
2025-02-27 18:00:00,1406.6
2025-02-27 19:00:00,1398.3
2025-02-27 20:00:00,1393.1999999999998
2025-02-27 23:00:00,1393.1999999999998
2025-02-28 14:00:00,1400.0
2025-02-28 15:00:00,1404.3
2025-02-28 16:00:00,1401.6
2025-02-28 17:00:00,1393.3999999999999
2025-02-28 18:00:00,1393.1
2025-02-28 19:00:00,1402.0
2025-02-28 20:00:00,1411.5
2025-02-28 23:00:00,1411.5
2025-03-03 14:00:00,1414.8
2025-03-03 15:00:00,1411.1999999999998
2025-03-03 16:00:00,1412.3
2025-03-03 17:00:00,1410.3
2025-03-03 18:00:00,1403.6
2025-03-03 19:00:00,1398.3999999999999
2025-03-03 20:00:00,1391.1
2025-03-03 23:00:00,1391.1
2025-03-04 14:00:00,1365.5
2025-03-04 15:00:00,1359.8
2025-03-04 16:00:00,1360.1
2025-03-04 17:00:00,1366.6
2025-03-04 18:00:00,1375.5
2025-03-04 19:00:00,1383.3999999999999
2025-03-04 20:00:00,1365.3999999999999
2025-03-04 23:00:00,1365.3999999999999
2025-03-05 14:00:00,1376.6999999999998
2025-03-05 15:00:00,1377.1
2025-03-05 16:00:00,1373.8999999999999
2025-03-05 17:00:00,1382.3999999999999
2025-03-05 18:00:00,1381.3999999999999
2025-03-05 19:00:00,1388.6999999999998
2025-03-05 20:00:00,1385.6999999999998
2025-03-05 21:00:00,1386.1
2025-03-05 23:00:00,1386.1
2025-03-06 14:00:00,1366.1
2025-03-06 15:00:00,1378.5
2025-03-06 16:00:00,1371.3999999999999
2025-03-06 17:00:00,1367.6999999999998
2025-03-06 18:00:00,1367.1999999999998
2025-03-06 19:00:00,1368.1999999999998
2025-03-06 20:00:00,1373.1
2025-03-06 23:00:00,1373.1
2025-03-07 14:00:00,1376.8999999999999
2025-03-07 15:00:00,1371.1999999999998
2025-03-07 16:00:00,1364.6999999999998
2025-03-07 17:00:00,1372.8
2025-03-07 18:00:00,1375.8999999999999
2025-03-07 19:00:00,1385.3999999999999
2025-03-07 20:00:00,1389.0
2025-03-07 23:00:00,1389.0
2025-03-10 13:00:00,1385.1
2025-03-10 14:00:00,1381.5
2025-03-10 15:00:00,1379.0
2025-03-10 16:00:00,1377.6999999999998
2025-03-10 17:00:00,1371.3999999999999
2025-03-10 18:00:00,1360.6
2025-03-10 19:00:00,1367.5
2025-03-10 23:00:00,1367.5
2025-03-11 13:00:00,1358.6
2025-03-11 14:00:00,1344.6
2025-03-11 15:00:00,1350.8999999999999
2025-03-11 16:00:00,1344.3999999999999
2025-03-11 17:00:00,1342.3999999999999
2025-03-11 18:00:00,1359.1999999999998
2025-03-11 19:00:00,1346.8
2025-03-11 23:00:00,1346.8
2025-03-12 23:00:00,1347.3999999999999
2025-03-13 18:00:00,1338.3
2025-03-13 23:00:00,1333.0
2025-03-14 13:00:00,1343.6
2025-03-14 14:00:00,1346.0
2025-03-14 15:00:00,1356.3999999999999
2025-03-14 18:00:00,1355.8999999999999
2025-03-14 19:00:00,1358.5
2025-03-14 23:00:00,1357.3999999999999
2025-03-17 13:00:00,1366.7
2025-03-17 14:00:00,1372.0
2025-03-17 15:00:00,1372.3999999999999
2025-03-17 16:00:00,1372.8
2025-03-17 17:00:00,1375.6
2025-03-17 18:00:00,1379.8999999999999
2025-03-17 19:00:00,1375.8
2025-03-17 23:00:00,1375.8
2025-03-18 13:00:00,1367.1
2025-03-18 14:00:00,1366.7
2025-03-18 15:00:00,1357.2
2025-03-18 16:00:00,1362.5
2025-03-18 17:00:00,1365.3999999999999
2025-03-18 18:00:00,1365.0
2025-03-18 19:00:00,1364.8
2025-03-18 23:00:00,1364.1
2025-03-19 13:00:00,1373.8999999999999
2025-03-19 14:00:00,1376.3999999999999
2025-03-19 15:00:00,1380.5
2025-03-19 16:00:00,1379.3
2025-03-19 17:00:00,1373.0
2025-03-19 18:00:00,1384.8999999999999
2025-03-19 19:00:00,1382.2
2025-03-19 23:00:00,1381.8
2025-03-20 13:00:00,1377.8
2025-03-20 14:00:00,1383.8999999999999
2025-03-20 15:00:00,1381.3
2025-03-20 16:00:00,1377.2
2025-03-20 17:00:00,1375.8999999999999
2025-03-20 18:00:00,1375.3
2025-03-20 19:00:00,1375.5
2025-03-20 20:00:00,1375.1
2025-03-20 23:00:00,1374.8999999999999
2025-03-21 13:00:00,1357.8999999999999
2025-03-21 14:00:00,1363.6
2025-03-21 15:00:00,1356.3999999999999
2025-03-21 16:00:00,1364.6
2025-03-21 17:00:00,1368.0
2025-03-21 18:00:00,1365.6
2025-03-21 19:00:00,1366.7
2025-03-21 23:00:00,1366.7
2025-03-24 13:00:00,1387.5
2025-03-24 14:00:00,1389.8
2025-03-24 15:00:00,1389.5
2025-03-24 16:00:00,1388.7
2025-03-24 17:00:00,1387.6
2025-03-24 18:00:00,1388.1
2025-03-24 19:00:00,1392.0
2025-03-24 23:00:00,1391.8999999999999
2025-03-25 13:00:00,1392.6
2025-03-25 14:00:00,1394.0
2025-03-25 15:00:00,1387.3
2025-03-25 16:00:00,1391.6
2025-03-25 17:00:00,1391.2
2025-03-25 18:00:00,1390.8999999999999
2025-03-25 19:00:00,1392.8999999999999
2025-03-25 23:00:00,1393.1
2025-03-26 13:00:00,1397.5
2025-03-26 14:00:00,1396.2
2025-03-26 15:00:00,1390.1
2025-03-26 16:00:00,1387.6
2025-03-26 17:00:00,1382.3999999999999
2025-03-26 18:00:00,1381.5
2025-03-26 19:00:00,1384.7
2025-03-26 23:00:00,1383.8999999999999
2025-03-27 13:00:00,1380.3999999999999
2025-03-27 14:00:00,1385.0
2025-03-27 15:00:00,1378.0
2025-03-27 16:00:00,1374.3999999999999
2025-03-27 17:00:00,1374.2
2025-03-27 18:00:00,1376.0
2025-03-27 19:00:00,1376.8
2025-03-27 23:00:00,1377.0
2025-03-28 13:00:00,1366.1
2025-03-28 14:00:00,1356.0
2025-03-28 15:00:00,1355.7
2025-03-28 16:00:00,1352.0
2025-03-28 17:00:00,1349.8999999999999
2025-03-28 18:00:00,1350.1
2025-03-28 19:00:00,1348.3999999999999
2025-03-28 23:00:00,1348.1
2025-03-31 13:00:00,1339.5
2025-03-31 14:00:00,1344.5
2025-03-31 15:00:00,1346.8999999999999
2025-03-31 16:00:00,1346.8999999999999
2025-03-31 17:00:00,1346.3
2025-03-31 18:00:00,1356.3
2025-03-31 19:00:00,1357.5
2025-03-31 23:00:00,1357.2
2025-04-01 13:00:00,1353.3
2025-04-01 14:00:00,1357.6
2025-04-01 15:00:00,1363.3999999999999
2025-04-01 16:00:00,1362.3
2025-04-01 17:00:00,1360.2
2025-04-01 18:00:00,1356.5
2025-04-01 19:00:00,1365.3
2025-04-01 23:00:00,1364.7
2025-04-02 13:00:00,1358.8
2025-04-02 14:00:00,1367.8
2025-04-02 15:00:00,1369.8
2025-04-02 16:00:00,1376.8999999999999
2025-04-02 17:00:00,1372.6
2025-04-02 18:00:00,1368.8
2025-04-02 19:00:00,1378.0
2025-04-02 23:00:00,1378.0
2025-04-03 13:00:00,1333.1
2025-04-03 14:00:00,1313.2
2025-04-03 15:00:00,1321.6
2025-04-03 16:00:00,1321.7
2025-04-03 17:00:00,1315.2
2025-04-03 18:00:00,1314.6
2025-04-03 19:00:00,1302.8
2025-04-03 23:00:00,1303.3
2025-04-04 13:00:00,1261.0
2025-04-04 14:00:00,1240.6
2025-04-04 15:00:00,1241.8999999999999
2025-04-04 16:00:00,1239.2
2025-04-04 17:00:00,1240.2
2025-04-04 18:00:00,1227.3999999999999
2025-04-04 19:00:00,1221.8999999999999
2025-04-04 23:00:00,1222.5
2025-04-07 13:00:00,1199.2
2025-04-07 14:00:00,1223.3
2025-04-07 15:00:00,1204.8
2025-04-07 16:00:00,1195.3999999999999
2025-04-07 17:00:00,1227.3999999999999
2025-04-07 18:00:00,1213.5
2025-04-07 19:00:00,1218.1
2025-04-07 23:00:00,1217.2
2025-04-08 13:00:00,1253.2
2025-04-08 14:00:00,1244.8
2025-04-08 15:00:00,1247.8999999999999
2025-04-08 16:00:00,1225.5
2025-04-08 17:00:00,1221.6
2025-04-08 18:00:00,1213.8999999999999
2025-04-08 19:00:00,1206.8
2025-04-08 23:00:00,1207.0
2025-04-09 13:00:00,1216.8
2025-04-09 14:00:00,1197.8
2025-04-09 15:00:00,1205.0
2025-04-09 16:00:00,1216.0
2025-04-09 17:00:00,1297.2
2025-04-09 18:00:00,1289.8999999999999
2025-04-09 19:00:00,1312.6
2025-04-09 23:00:00,1313.7
2025-04-10 13:00:00,1284.7
2025-04-10 14:00:00,1279.8999999999999
2025-04-10 15:00:00,1263.2
2025-04-10 16:00:00,1264.3999999999999
2025-04-10 17:00:00,1278.6
2025-04-10 18:00:00,1283.1
2025-04-10 19:00:00,1279.3999999999999
2025-04-10 23:00:00,1279.3
2025-04-11 13:00:00,1279.0
2025-04-11 14:00:00,1274.1
2025-04-11 15:00:00,1278.6
2025-04-11 16:00:00,1294.3
2025-04-11 17:00:00,1302.1
2025-04-11 18:00:00,1296.0
2025-04-11 19:00:00,1300.3999999999999
2025-04-11 23:00:00,1300.3999999999999
2025-04-14 13:00:00,1313.2
2025-04-14 14:00:00,1318.5
2025-04-14 15:00:00,1308.6
2025-04-14 16:00:00,1308.5
2025-04-14 17:00:00,1313.3999999999999
2025-04-14 18:00:00,1318.3999999999999
2025-04-14 19:00:00,1313.8
2025-04-14 23:00:00,1313.8
2025-04-15 13:00:00,1318.3
2025-04-15 14:00:00,1317.5
2025-04-15 15:00:00,1316.7
2025-04-15 16:00:00,1315.1
2025-04-15 17:00:00,1309.1
2025-04-15 18:00:00,1309.5
2025-04-15 19:00:00,1306.0
2025-04-15 23:00:00,1306.1
2025-04-16 13:00:00,1297.6
2025-04-16 14:00:00,1299.0
2025-04-16 15:00:00,1301.0
2025-04-16 16:00:00,1300.1
2025-04-16 17:00:00,1286.6
2025-04-16 18:00:00,1284.8999999999999
2025-04-16 19:00:00,1288.1
2025-04-16 23:00:00,1288.8
2025-04-17 13:00:00,1297.5
2025-04-17 14:00:00,1293.2
2025-04-17 15:00:00,1298.2
2025-04-17 16:00:00,1301.1
2025-04-17 17:00:00,1304.1
2025-04-17 18:00:00,1300.6
2025-04-17 19:00:00,1295.3999999999999
2025-04-17 23:00:00,1294.7
2025-04-21 13:00:00,1282.0
2025-04-21 14:00:00,1268.8999999999999
2025-04-21 15:00:00,1257.8999999999999
2025-04-21 16:00:00,1260.0
2025-04-21 17:00:00,1253.6
2025-04-21 18:00:00,1253.8999999999999
2025-04-21 19:00:00,1266.7
2025-04-21 23:00:00,1266.3
2025-04-22 13:00:00,1277.7
2025-04-22 14:00:00,1280.8999999999999
2025-04-22 15:00:00,1285.6
2025-04-22 16:00:00,1288.0
2025-04-22 17:00:00,1277.8
2025-04-22 18:00:00,1289.1
2025-04-22 19:00:00,1287.8999999999999
2025-04-22 23:00:00,1288.8999999999999
2025-04-23 13:00:00,1328.0
2025-04-23 14:00:00,1326.6
2025-04-23 15:00:00,1312.3999999999999
2025-04-23 16:00:00,1311.1
2025-04-23 17:00:00,1312.8999999999999
2025-04-23 18:00:00,1307.2
2025-04-23 19:00:00,1303.7
2025-04-23 23:00:00,1304.2
2025-04-24 03:00:00,1290.5
2025-04-24 13:00:00,1308.8
2025-04-24 14:00:00,1321.0
2025-04-24 15:00:00,1322.3
2025-04-24 16:00:00,1330.1
2025-04-24 17:00:00,1329.3999999999999
2025-04-24 18:00:00,1331.8999999999999
2025-04-24 19:00:00,1332.8999999999999
2025-04-24 23:00:00,1332.8999999999999
2025-04-25 13:00:00,1329.3999999999999
2025-04-25 14:00:00,1328.1
2025-04-25 15:00:00,1328.8999999999999
2025-04-25 16:00:00,1330.8
2025-04-25 17:00:00,1329.1
2025-04-25 19:00:00,1332.6
2025-04-25 23:00:00,1332.6
2025-04-28 13:00:00,1341.8
2025-04-28 14:00:00,1340.6
2025-04-28 15:00:00,1331.6
2025-04-28 16:00:00,1327.3
2025-04-28 17:00:00,1324.2
2025-04-28 19:00:00,1336.3999999999999
2025-04-28 23:00:00,1335.8999999999999
2025-04-29 13:00:00,1336.7
2025-04-29 14:00:00,1338.3
2025-04-29 15:00:00,1338.8999999999999
2025-04-29 17:00:00,1344.5
2025-04-29 18:00:00,1344.8999999999999
2025-04-29 19:00:00,1343.5
2025-04-29 23:00:00,1343.5
2025-04-30 13:00:00,1321.5
2025-04-30 14:00:00,1332.8
2025-04-30 15:00:00,1341.8999999999999
2025-04-30 16:00:00,1341.7
2025-04-30 17:00:00,1344.3999999999999
2025-04-30 18:00:00,1341.3999999999999
2025-04-30 19:00:00,1353.6
2025-04-30 23:00:00,1354.2
2025-05-01 13:00:00,1361.6
2025-05-01 14:00:00,1371.2
2025-05-01 15:00:00,1366.0
2025-05-01 16:00:00,1362.3
2025-05-01 17:00:00,1364.3
2025-05-01 18:00:00,1368.8
2025-05-01 19:00:00,1363.3
2025-05-01 23:00:00,1363.3999999999999
2025-05-02 13:00:00,1382.3
2025-05-02 14:00:00,1386.6
2025-05-02 15:00:00,1385.6
2025-05-02 16:00:00,1391.3999999999999
2025-05-02 17:00:00,1390.5
2025-05-02 18:00:00,1391.8
2025-05-02 19:00:00,1388.2
2025-05-02 23:00:00,1387.8999999999999
2025-05-05 13:00:00,1385.5
2025-05-05 14:00:00,1391.6
2025-05-05 15:00:00,1393.8999999999999
2025-05-05 16:00:00,1393.3999999999999
2025-05-05 17:00:00,1392.3999999999999
2025-05-05 18:00:00,1394.3
2025-05-05 19:00:00,1387.6
2025-05-05 23:00:00,1387.7
2025-05-06 13:00:00,1373.8
2025-05-06 14:00:00,1379.5
2025-05-06 15:00:00,1378.7
2025-05-06 16:00:00,1375.1
2025-05-06 17:00:00,1371.7
2025-05-06 18:00:00,1379.2
2025-05-06 19:00:00,1374.5
2025-05-06 20:00:00,1375.2
2025-05-06 23:00:00,1374.8
2025-05-07 13:00:00,1377.7
2025-05-07 14:00:00,1376.7
2025-05-07 15:00:00,1380.7
2025-05-07 16:00:00,1386.5
2025-05-07 17:00:00,1381.0
2025-05-07 18:00:00,1383.8999999999999
2025-05-07 19:00:00,1381.8999999999999
2025-05-07 23:00:00,1382.6
2025-05-08 11:00:00,1399.3
2025-05-08 13:00:00,1393.6
2025-05-08 14:00:00,1392.8
2025-05-08 15:00:00,1408.8999999999999
2025-05-08 16:00:00,1413.7
2025-05-08 17:00:00,1406.8
2025-05-08 18:00:00,1409.8
2025-05-08 19:00:00,1399.8
2025-05-08 23:00:00,1399.8
2025-05-09 13:00:00,1400.1
2025-05-09 14:00:00,1393.3
2025-05-09 15:00:00,1398.7
2025-05-09 16:00:00,1396.7
2025-05-09 17:00:00,1401.7
2025-05-09 18:00:00,1400.8999999999999
2025-05-09 19:00:00,1400.6
2025-05-09 23:00:00,1401.0
2025-05-12 13:00:00,1433.7
2025-05-12 14:00:00,1437.8
2025-05-12 15:00:00,1432.3
2025-05-12 16:00:00,1439.0
2025-05-12 17:00:00,1441.3999999999999
2025-05-12 18:00:00,1441.7
2025-05-12 19:00:00,1444.0
2025-05-12 23:00:00,1444.2
2025-05-13 13:00:00,1451.5
2025-05-13 14:00:00,1455.1
2025-05-13 15:00:00,1457.5
2025-05-13 16:00:00,1457.3
2025-05-13 17:00:00,1457.0
2025-05-13 18:00:00,1458.8999999999999
2025-05-13 19:00:00,1453.5
2025-05-13 23:00:00,1453.7
2025-05-14 13:00:00,1445.6
2025-05-14 14:00:00,1446.1
2025-05-14 15:00:00,1448.8
2025-05-14 16:00:00,1446.8
2025-05-14 17:00:00,1446.3
2025-05-14 18:00:00,1447.5
2025-05-14 19:00:00,1446.5
2025-05-14 23:00:00,1446.0
2025-05-15 13:00:00,1453.5
2025-05-15 14:00:00,1454.8999999999999
2025-05-15 15:00:00,1459.5
2025-05-15 16:00:00,1459.2
2025-05-15 17:00:00,1458.7
2025-05-15 18:00:00,1461.6
2025-05-15 19:00:00,1460.8999999999999
2025-05-15 23:00:00,1460.8
2025-05-16 13:00:00,1463.8
2025-05-16 14:00:00,1465.3999999999999
2025-05-16 15:00:00,1467.2
2025-05-16 16:00:00,1471.5
2025-05-16 17:00:00,1472.5
2025-05-16 18:00:00,1474.6
2025-05-16 19:00:00,1476.8999999999999
2025-05-16 20:00:00,1476.3999999999999
2025-05-16 23:00:00,1476.2
2025-05-19 13:00:00,1473.0
2025-05-19 14:00:00,1474.7
2025-05-19 15:00:00,1476.7
2025-05-19 16:00:00,1481.3
2025-05-19 17:00:00,1481.8999999999999
2025-05-19 18:00:00,1482.3
2025-05-19 19:00:00,1482.3
2025-05-19 20:00:00,1480.8
2025-05-19 23:00:00,1482.6
2025-05-20 12:00:00,1480.8
2025-05-20 13:00:00,1479.7
2025-05-20 14:00:00,1480.3999999999999
2025-05-20 15:00:00,1478.8999999999999
2025-05-20 16:00:00,1477.8999999999999
2025-05-20 17:00:00,1479.2
2025-05-20 18:00:00,1473.8999999999999
2025-05-20 19:00:00,1476.7
2025-05-20 23:00:00,1477.1
2025-05-21 13:00:00,1471.1
2025-05-21 14:00:00,1466.7
2025-05-21 15:00:00,1469.0
2025-05-21 16:00:00,1470.3999999999999
2025-05-21 17:00:00,1457.2
2025-05-21 18:00:00,1454.5
2025-05-21 19:00:00,1452.3
2025-05-21 23:00:00,1452.2
2025-05-22 13:00:00,1448.7
2025-05-22 14:00:00,1445.3
2025-05-22 15:00:00,1451.1
2025-05-22 16:00:00,1449.1
2025-05-22 17:00:00,1455.3999999999999
2025-05-22 18:00:00,1456.8999999999999
2025-05-22 19:00:00,1451.3999999999999
2025-05-22 20:00:00,1451.6
2025-05-22 23:00:00,1451.2
2025-05-23 13:00:00,1439.8999999999999
2025-05-23 14:00:00,1440.2
2025-05-23 15:00:00,1445.6
2025-05-23 16:00:00,1445.8
2025-05-23 17:00:00,1448.0
2025-05-23 18:00:00,1449.6
2025-05-23 19:00:00,1446.3999999999999
2025-05-23 23:00:00,1446.5
2025-05-27 13:00:00,1457.0
2025-05-27 14:00:00,1464.6
2025-05-27 15:00:00,1467.6
2025-05-27 16:00:00,1469.6
2025-05-27 17:00:00,1470.3999999999999
2025-05-27 18:00:00,1470.8999999999999
2025-05-27 19:00:00,1471.2
2025-05-27 23:00:00,1471.2
2025-05-28 13:00:00,1473.0
2025-05-28 14:00:00,1468.7
2025-05-28 15:00:00,1466.3999999999999
2025-05-28 16:00:00,1469.8
2025-05-28 17:00:00,1467.8
2025-05-28 18:00:00,1466.3
2025-05-28 19:00:00,1463.5
2025-05-28 23:00:00,1463.5
2025-05-29 13:00:00,1461.3
2025-05-29 14:00:00,1462.0
2025-05-29 15:00:00,1456.1
2025-05-29 16:00:00,1464.2
2025-05-29 17:00:00,1462.3999999999999
2025-05-29 18:00:00,1462.1
2025-05-29 19:00:00,1464.7
2025-05-29 23:00:00,1464.7
2025-05-30 13:00:00,1460.2
2025-05-30 14:00:00,1463.8
2025-05-30 15:00:00,1461.8
2025-05-30 16:00:00,1456.8
2025-05-30 17:00:00,1460.5
2025-05-30 18:00:00,1465.7
2025-05-30 19:00:00,1465.3
2025-05-30 23:00:00,1465.3
2025-06-02 13:00:00,1449.7
2025-06-02 14:00:00,1457.3
2025-06-02 15:00:00,1456.8
2025-06-02 16:00:00,1455.2
2025-06-02 17:00:00,1456.3999999999999
2025-06-02 18:00:00,1461.1
2025-06-02 19:00:00,1463.2
2025-06-02 23:00:00,1463.2
2025-06-03 13:00:00,1464.3
2025-06-03 14:00:00,1468.5
2025-06-03 15:00:00,1471.3
2025-06-03 16:00:00,1472.3
2025-06-03 17:00:00,1473.7
2025-06-03 18:00:00,1472.6
2025-06-03 19:00:00,1473.8999999999999
2025-06-03 23:00:00,1473.8999999999999
2025-06-04 13:00:00,1478.6
2025-06-04 14:00:00,1476.8999999999999
2025-06-04 15:00:00,1478.0
2025-06-04 16:00:00,1479.3
2025-06-04 17:00:00,1481.7
2025-06-04 18:00:00,1479.2
2025-06-04 19:00:00,1475.5
2025-06-04 23:00:00,1475.5
2025-06-05 13:00:00,1470.2
2025-06-05 14:00:00,1473.3
2025-06-05 15:00:00,1475.8
2025-06-05 16:00:00,1471.7
2025-06-05 17:00:00,1477.2
2025-06-05 18:00:00,1477.6
2025-06-05 19:00:00,1472.3
2025-06-05 20:00:00,1470.8
2025-06-05 23:00:00,1470.8
2025-06-06 13:00:00,1488.6
2025-06-06 14:00:00,1486.7
2025-06-06 15:00:00,1484.6
2025-06-06 16:00:00,1482.6
2025-06-06 17:00:00,1483.2
2025-06-06 18:00:00,1484.6
2025-06-06 19:00:00,1486.0
2025-06-06 23:00:00,1486.0
2025-06-09 13:00:00,1482.6
2025-06-09 14:00:00,1485.3
2025-06-09 15:00:00,1486.3
2025-06-09 16:00:00,1488.3999999999999
2025-06-09 17:00:00,1490.2
2025-06-09 18:00:00,1488.5
2025-06-09 19:00:00,1483.6
2025-06-09 23:00:00,1483.6
2025-06-10 13:00:00,1480.0
2025-06-10 14:00:00,1474.5
2025-06-10 15:00:00,1476.6
2025-06-10 16:00:00,1477.1
2025-06-10 17:00:00,1474.8
2025-06-10 18:00:00,1477.0
2025-06-10 19:00:00,1477.0
2025-06-10 23:00:00,1477.0
2025-06-11 13:00:00,1474.8999999999999
2025-06-11 14:00:00,1479.2
2025-06-11 15:00:00,1479.7
2025-06-11 16:00:00,1475.8999999999999
2025-06-11 17:00:00,1477.8
2025-06-11 18:00:00,1476.8999999999999
2025-06-11 19:00:00,1477.2
2025-06-11 20:00:00,1477.6
2025-06-11 23:00:00,1477.6
2025-06-12 14:00:00,1470.4999999999998
2025-06-12 16:00:00,1473.3
2025-06-12 17:00:00,1473.6
2025-06-12 19:00:00,1472.9999999999998
2025-06-12 23:00:00,1472.9999999999998
2025-06-13 13:00:00,1460.8999999999999
2025-06-13 14:00:00,1465.3
2025-06-13 15:00:00,1471.1999999999998
2025-06-13 16:00:00,1470.8999999999999
2025-06-13 17:00:00,1465.6999999999998
2025-06-13 18:00:00,1459.8
2025-06-13 19:00:00,1460.3999999999999
2025-06-13 23:00:00,1459.4999999999998
2025-06-16 13:00:00,1476.1
2025-06-16 14:00:00,1477.3
2025-06-16 15:00:00,1474.4999999999998
2025-06-16 16:00:00,1472.4999999999998
2025-06-16 17:00:00,1472.6
2025-06-16 18:00:00,1470.6999999999998
2025-06-16 19:00:00,1470.8
2025-06-16 20:00:00,1470.8999999999999
2025-06-16 23:00:00,1470.1999999999998
2025-06-17 13:00:00,1467.3
2025-06-17 14:00:00,1465.3
2025-06-17 15:00:00,1467.1999999999998
2025-06-17 16:00:00,1468.3
2025-06-17 17:00:00,1459.3999999999999
2025-06-17 18:00:00,1458.3999999999999
2025-06-17 19:00:00,1459.8999999999999
2025-06-17 23:00:00,1459.4999999999998
2025-06-18 13:00:00,1463.1999999999998
2025-06-18 14:00:00,1467.1
2025-06-18 15:00:00,1465.3
2025-06-18 16:00:00,1463.1
2025-06-18 17:00:00,1461.8999999999999
2025-06-18 18:00:00,1456.9999999999998
2025-06-18 19:00:00,1454.8
2025-06-18 23:00:00,1454.8
2025-06-20 13:00:00,1463.1999999999998
2025-06-20 14:00:00,1459.9999999999998
2025-06-20 15:00:00,1460.6
2025-06-20 16:00:00,1458.8999999999999
2025-06-20 17:00:00,1454.8
2025-06-20 18:00:00,1453.1999999999998
2025-06-20 19:00:00,1457.3
2025-06-20 23:00:00,1457.3
2025-06-23 13:00:00,1463.8999999999999
2025-06-23 14:00:00,1463.4999999999998
2025-06-23 15:00:00,1459.6
2025-06-23 16:00:00,1454.3999999999999
2025-06-23 17:00:00,1467.6
2025-06-23 18:00:00,1467.6
2025-06-23 19:00:00,1475.8
2025-06-23 23:00:00,1475.8
2025-06-24 13:00:00,1476.4999999999998
2025-06-24 14:00:00,1478.4999999999998
2025-06-24 15:00:00,1481.9999999999998
2025-06-24 16:00:00,1483.8999999999999
2025-06-24 17:00:00,1484.1999999999998
2025-06-24 18:00:00,1486.9999999999998
2025-06-24 19:00:00,1487.8999999999999
2025-06-24 23:00:00,1488.6
2025-06-25 13:00:00,1482.3
2025-06-25 14:00:00,1478.6
2025-06-25 15:00:00,1475.8
2025-06-25 16:00:00,1475.1
2025-06-25 17:00:00,1474.9999999999998
2025-06-25 18:00:00,1474.6999999999998
2025-06-25 19:00:00,1474.6999999999998
2025-06-25 23:00:00,1474.6999999999998
2025-06-26 13:00:00,1481.6999999999998
2025-06-26 14:00:00,1490.8
2025-06-26 15:00:00,1487.4999999999998
2025-06-26 16:00:00,1489.8
2025-06-26 17:00:00,1489.6
2025-06-26 18:00:00,1489.6
2025-06-26 19:00:00,1490.8999999999999
2025-06-26 23:00:00,1490.6999999999998
2025-06-27 13:00:00,1498.1
2025-06-27 14:00:00,1503.6999999999998
2025-06-27 15:00:00,1505.4999999999998
2025-06-27 16:00:00,1507.6
2025-06-27 17:00:00,1503.3
2025-06-27 18:00:00,1499.6999999999998
2025-06-27 19:00:00,1504.6999999999998
2025-06-27 23:00:00,1504.8999999999999
2025-06-30 13:00:00,1507.9999999999998
2025-06-30 14:00:00,1506.1
2025-06-30 15:00:00,1509.1999999999998
2025-06-30 16:00:00,1510.4999999999998
2025-06-30 17:00:00,1507.8
2025-06-30 18:00:00,1511.3999999999999
2025-06-30 19:00:00,1513.1999999999998
2025-06-30 23:00:00,1513.1999999999998
2025-07-01 13:00:00,1510.6
2025-07-01 14:00:00,1511.3
2025-07-01 15:00:00,1515.1
2025-07-01 16:00:00,1515.8999999999999
2025-07-01 17:00:00,1520.1
2025-07-01 19:00:00,1517.4999999999998
2025-07-01 23:00:00,1517.4999999999998
2025-07-02 13:00:00,1513.1
2025-07-02 14:00:00,1516.3999999999999
2025-07-02 15:00:00,1514.4999999999998
2025-07-02 16:00:00,1515.1
2025-07-02 17:00:00,1514.9999999999998
2025-07-02 18:00:00,1516.3
2025-07-02 19:00:00,1518.1
2025-07-02 20:00:00,1518.4999999999998
2025-07-02 23:00:00,1517.8999999999999
2025-07-03 13:00:00,1528.9999999999998
2025-07-03 14:00:00,1529.9999999999998
2025-07-03 15:00:00,1530.3999999999999
2025-07-03 16:00:00,1529.6999999999998
2025-07-03 17:00:00,1530.8
2025-07-03 23:00:00,1529.9999999999998
2025-07-07 13:00:00,1534.1
2025-07-07 14:00:00,1530.3
2025-07-07 15:00:00,1524.4999999999998
2025-07-07 16:00:00,1519.3
2025-07-07 17:00:00,1521.1999999999998
2025-07-07 18:00:00,1516.4999999999998
2025-07-07 19:00:00,1525.3
2025-07-07 23:00:00,1525.3
2025-07-08 13:00:00,1527.6999999999998
2025-07-08 14:00:00,1520.4999999999998
2025-07-08 15:00:00,1525.8999999999999
2025-07-08 16:00:00,1526.6
2025-07-08 17:00:00,1526.1
2025-07-08 18:00:00,1526.3
2025-07-08 19:00:00,1525.3999999999999
2025-07-08 23:00:00,1525.1999999999998
2025-07-09 13:00:00,1533.6999999999998
2025-07-09 14:00:00,1525.1
2025-07-09 15:00:00,1531.3
2025-07-09 16:00:00,1531.3999999999999
2025-07-09 17:00:00,1534.4999999999998
2025-07-09 18:00:00,1534.4999999999998
2025-07-09 19:00:00,1535.3999999999999
2025-07-09 23:00:00,1535.3999999999999
2025-07-10 13:00:00,1538.6
2025-07-10 14:00:00,1543.6
2025-07-10 15:00:00,1545.8
2025-07-10 16:00:00,1545.3999999999999
2025-07-10 18:00:00,1546.9999999999998
2025-07-10 19:00:00,1542.9999999999998
2025-07-10 23:00:00,1542.8999999999999
2025-07-11 13:00:00,1536.1
2025-07-11 14:00:00,1538.9999999999998
2025-07-11 15:00:00,1535.4999999999998
2025-07-11 16:00:00,1537.8999999999999
2025-07-11 17:00:00,1536.8999999999999
2025-07-11 18:00:00,1539.4999999999998
2025-07-11 19:00:00,1536.9999999999998
2025-07-11 23:00:00,1536.9999999999998
2025-07-14 13:00:00,1538.3
2025-07-14 14:00:00,1539.1
2025-07-14 15:00:00,1539.1999999999998
2025-07-14 16:00:00,1539.6
2025-07-14 17:00:00,1542.1999999999998
2025-07-14 19:00:00,1545.6
2025-07-14 20:00:00,1545.3999999999999
2025-07-14 23:00:00,1545.6999999999998
2025-07-15 13:00:00,1541.3999999999999
2025-07-15 14:00:00,1539.8999999999999
2025-07-15 15:00:00,1541.9999999999998
2025-07-15 16:00:00,1535.8
2025-07-15 17:00:00,1536.9999999999998
2025-07-15 18:00:00,1536.8999999999999
2025-07-15 19:00:00,1534.8
2025-07-15 20:00:00,1533.8
2025-07-15 23:00:00,1534.1
2025-07-16 13:00:00,1529.1
2025-07-16 14:00:00,1529.9999999999998
2025-07-16 15:00:00,1528.1999999999998
2025-07-16 16:00:00,1528.9999999999998
2025-07-16 17:00:00,1532.8999999999999
2025-07-16 19:00:00,1539.1999999999998
2025-07-16 23:00:00,1538.9999999999998
2025-07-17 13:00:00,1551.3999999999999
2025-07-17 14:00:00,1544.3
2025-07-17 15:00:00,1547.1
2025-07-17 16:00:00,1544.8999999999999
2025-07-17 17:00:00,1550.3999999999999
2025-07-17 19:00:00,1552.6
2025-07-17 23:00:00,1552.6
2025-07-18 13:00:00,1556.4999999999998
2025-07-18 14:00:00,1550.6
2025-07-18 15:00:00,1552.1
2025-07-18 16:00:00,1545.3
2025-07-18 17:00:00,1545.6999999999998
2025-07-18 18:00:00,1544.6999999999998
2025-07-18 19:00:00,1548.8999999999999
2025-07-18 23:00:00,1548.8999999999999
2025-07-21 13:00:00,1549.4999999999998
2025-07-21 14:00:00,1551.4999999999998
2025-07-21 15:00:00,1552.8999999999999
2025-07-21 16:00:00,1551.8
2025-07-21 17:00:00,1551.3999999999999
2025-07-21 18:00:00,1547.8
2025-07-21 19:00:00,1540.6
2025-07-21 23:00:00,1540.6
2025-07-22 13:00:00,1533.3
2025-07-22 14:00:00,1539.4999999999998
2025-07-22 15:00:00,1538.6999999999998
2025-07-22 16:00:00,1540.6999999999998
2025-07-22 17:00:00,1542.8999999999999
2025-07-22 18:00:00,1545.8999999999999
2025-07-22 19:00:00,1543.6
2025-07-22 23:00:00,1544.1999999999998
2025-07-23 13:00:00,1559.8999999999999
2025-07-23 14:00:00,1562.1
2025-07-23 15:00:00,1566.6
2025-07-23 16:00:00,1568.1
2025-07-23 17:00:00,1568.3999999999999
2025-07-23 18:00:00,1570.6
2025-07-23 19:00:00,1570.6
2025-07-23 20:00:00,1571.3
2025-07-23 23:00:00,1570.8
2025-07-24 13:00:00,1574.9999999999998
2025-07-24 14:00:00,1577.1
2025-07-24 15:00:00,1573.1
2025-07-24 16:00:00,1568.9999999999998
2025-07-24 17:00:00,1572.3999999999999
2025-07-24 18:00:00,1572.9999999999998
2025-07-24 19:00:00,1568.1
2025-07-24 23:00:00,1568.3
2025-07-25 13:00:00,1572.6
2025-07-25 14:00:00,1573.8
2025-07-25 15:00:00,1574.4999999999998
2025-07-25 16:00:00,1578.3
2025-07-25 17:00:00,1580.8
2025-07-25 18:00:00,1581.6999999999998
2025-07-25 19:00:00,1583.3
2025-07-25 23:00:00,1583.3
2025-07-28 13:00:00,1580.6
2025-07-28 14:00:00,1579.1999999999998
2025-07-28 15:00:00,1580.4999999999998
2025-07-28 16:00:00,1580.8
2025-07-28 17:00:00,1575.9999999999998
2025-07-28 18:00:00,1577.8999999999999
2025-07-28 19:00:00,1578.1
2025-07-28 20:00:00,1578.4999999999998
2025-07-28 23:00:00,1578.1999999999998
2025-07-29 13:00:00,1569.6
2025-07-29 14:00:00,1559.6
2025-07-29 15:00:00,1558.8
2025-07-29 16:00:00,1559.1
2025-07-29 17:00:00,1558.6999999999998
2025-07-29 18:00:00,1558.3
2025-07-29 19:00:00,1559.8999999999999
2025-07-29 23:00:00,1559.8999999999999
2025-07-30 13:00:00,1556.1
2025-07-30 14:00:00,1557.6
2025-07-30 15:00:00,1558.1999999999998
2025-07-30 16:00:00,1559.1
2025-07-30 17:00:00,1558.8999999999999
2025-07-30 18:00:00,1550.1999999999998
2025-07-30 19:00:00,1551.9999999999998
2025-07-30 23:00:00,1552.1
2025-07-31 13:00:00,1560.3
2025-07-31 14:00:00,1556.1999999999998
2025-07-31 15:00:00,1558.1
2025-07-31 16:00:00,1557.6
2025-07-31 17:00:00,1552.1999999999998
2025-07-31 18:00:00,1557.3999999999999
2025-07-31 19:00:00,1552.3999999999999
2025-07-31 20:00:00,1546.3999999999999
2025-07-31 23:00:00,1552.3999999999999
2025-08-01 13:00:00,1516.8
2025-08-01 14:00:00,1523.8
2025-08-01 15:00:00,1529.8999999999999
2025-08-01 16:00:00,1527.3
2025-08-01 17:00:00,1524.6
2025-08-01 18:00:00,1528.6
2025-08-01 19:00:00,1529.3999999999999
2025-08-01 23:00:00,1528.9999999999998
2025-08-04 13:00:00,1540.6
2025-08-04 14:00:00,1541.1
2025-08-04 15:00:00,1539.3999999999999
2025-08-04 16:00:00,1542.1999999999998
2025-08-04 17:00:00,1538.4999999999998
2025-08-04 18:00:00,1538.9999999999998
2025-08-04 19:00:00,1542.3
2025-08-04 23:00:00,1542.1999999999998
2025-08-05 13:00:00,1543.6999999999998
2025-08-05 14:00:00,1532.1
2025-08-05 15:00:00,1533.9999999999998
2025-08-05 16:00:00,1539.3999999999999
2025-08-05 17:00:00,1541.3
2025-08-05 18:00:00,1536.8
2025-08-05 19:00:00,1538.6999999999998
2025-08-05 23:00:00,1538.6999999999998
2025-08-06 13:00:00,1533.1999999999998
2025-08-06 14:00:00,1537.8
2025-08-06 15:00:00,1541.1999999999998
2025-08-06 16:00:00,1540.1999999999998
2025-08-06 17:00:00,1536.6
2025-08-06 18:00:00,1539.4999999999998
2025-08-06 19:00:00,1539.3999999999999
2025-08-06 23:00:00,1539.3999999999999
2025-08-07 13:00:00,1542.9999999999998
2025-08-07 14:00:00,1533.1
2025-08-07 15:00:00,1533.1999999999998
2025-08-07 16:00:00,1531.8999999999999
2025-08-07 17:00:00,1530.8
2025-08-07 18:00:00,1532.3
2025-08-07 19:00:00,1537.9999999999998
2025-08-07 20:00:00,1537.4999999999998
2025-08-07 23:00:00,1537.6999999999998
2025-08-08 13:00:00,1542.1999999999998
2025-08-08 14:00:00,1544.6999999999998
2025-08-08 15:00:00,1540.6999999999998
2025-08-08 16:00:00,1536.8999999999999
2025-08-08 17:00:00,1537.8
2025-08-08 18:00:00,1538.4999999999998
2025-08-08 19:00:00,1537.1
2025-08-08 20:00:00,1537.6
2025-08-08 23:00:00,1536.9999999999998
2025-08-11 13:00:00,1536.6999999999998
2025-08-11 14:00:00,1531.4999999999998
2025-08-11 15:00:00,1530.1999999999998
2025-08-11 16:00:00,1531.4999999999998
2025-08-11 17:00:00,1529.9999999999998
2025-08-11 18:00:00,1531.1
2025-08-11 19:00:00,1531.4999999999998
2025-08-11 23:00:00,1531.4999999999998
2025-08-12 13:00:00,1536.8999999999999
2025-08-12 14:00:00,1544.3999999999999
2025-08-12 15:00:00,1546.9999999999998
2025-08-12 16:00:00,1546.9999999999998
2025-08-12 17:00:00,1545.9999999999998
2025-08-12 18:00:00,1546.8
2025-08-12 19:00:00,1547.6999999999998
2025-08-12 23:00:00,1547.8999999999999
2025-08-13 13:00:00,1549.9999999999998
2025-08-13 14:00:00,1537.4999999999998
2025-08-13 15:00:00,1539.8999999999999
2025-08-13 16:00:00,1539.1999999999998
2025-08-13 17:00:00,1542.3
2025-08-13 18:00:00,1547.3999999999999
2025-08-13 19:00:00,1553.1
2025-08-13 20:00:00,1553.6
2025-08-13 23:00:00,1553.1999999999998
2025-08-14 13:00:00,1543.3
2025-08-14 14:00:00,1545.3
2025-08-14 15:00:00,1540.1
2025-08-14 16:00:00,1539.6
2025-08-14 17:00:00,1538.3999999999999
2025-08-14 18:00:00,1539.8
2025-08-14 19:00:00,1539.6
2025-08-14 23:00:00,1540.3999999999999
2025-08-15 13:00:00,1532.6999999999998
2025-08-15 14:00:00,1533.8999999999999
2025-08-15 15:00:00,1534.6
2025-08-15 17:00:00,1534.9999999999998
2025-08-15 18:00:00,1533.4999999999998
2025-08-15 19:00:00,1531.1
2025-08-15 23:00:00,1531.1999999999998
2025-08-18 13:00:00,1532.3
2025-08-18 14:00:00,1535.9999999999998
2025-08-18 15:00:00,1534.9999999999998
2025-08-18 16:00:00,1535.6999999999998
2025-08-18 17:00:00,1536.3
2025-08-18 18:00:00,1536.8999999999999
2025-08-18 19:00:00,1537.1
2025-08-18 23:00:00,1537.3
2025-08-19 13:00:00,1539.8
2025-08-19 14:00:00,1544.8999999999999
2025-08-19 15:00:00,1541.8999999999999
2025-08-19 16:00:00,1538.9999999999998
2025-08-19 17:00:00,1537.1
2025-08-19 18:00:00,1534.3
2025-08-19 19:00:00,1539.8
2025-08-19 20:00:00,1540.1999999999998
2025-08-19 23:00:00,1539.8
2025-08-20 13:00:00,1533.3999999999999
2025-08-20 14:00:00,1530.3999999999999
2025-08-20 15:00:00,1534.9999999999998
2025-08-20 16:00:00,1536.8999999999999
2025-08-20 17:00:00,1537.4999999999998
2025-08-20 18:00:00,1535.9999999999998
2025-08-20 19:00:00,1537.8999999999999
2025-08-20 23:00:00,1537.9999999999998
2025-08-21 13:00:00,1535.3999999999999
2025-08-21 14:00:00,1536.4999999999998
2025-08-21 15:00:00,1531.6
2025-08-21 16:00:00,1532.3999999999999
2025-08-21 17:00:00,1534.1
2025-08-21 18:00:00,1535.6999999999998
2025-08-21 19:00:00,1532.4999999999998
2025-08-21 20:00:00,1532.1
2025-08-21 23:00:00,1532.1999999999998
2025-08-22 13:00:00,1545.8999999999999
2025-08-22 14:00:00,1567.1999999999998
2025-08-22 15:00:00,1562.4999999999998
2025-08-22 16:00:00,1562.1999999999998
2025-08-22 17:00:00,1561.6
2025-08-22 18:00:00,1557.1
2025-08-22 19:00:00,1557.3
2025-08-22 23:00:00,1557.3
2025-08-25 13:00:00,1556.4999999999998
2025-08-25 14:00:00,1550.1999999999998
2025-08-25 15:00:00,1548.4999999999998
2025-08-25 16:00:00,1547.6
2025-08-25 17:00:00,1545.6
2025-08-25 18:00:00,1545.3999999999999
2025-08-25 19:00:00,1540.6999999999998
2025-08-25 20:00:00,1541.1999999999998
2025-08-25 23:00:00,1541.3
2025-08-26 13:00:00,1547.3
2025-08-26 14:00:00,1549.8
2025-08-26 15:00:00,1546.8999999999999
2025-08-26 16:00:00,1550.1999999999998
2025-08-26 17:00:00,1549.6
2025-08-26 18:00:00,1553.1
2025-08-26 19:00:00,1556.6
2025-08-26 23:00:00,1556.9999999999998
2025-08-27 13:00:00,1556.4999999999998
2025-08-27 14:00:00,1556.1
2025-08-27 15:00:00,1557.6
2025-08-27 16:00:00,1554.8999999999999
2025-08-27 17:00:00,1555.6999999999998
2025-08-27 18:00:00,1558.1
2025-08-27 19:00:00,1556.1
2025-08-27 20:00:00,1556.3999999999999
2025-08-27 23:00:00,1556.1
2025-08-28 10:00:00,1562.8
2025-08-28 12:00:00,1563.8999999999999
2025-08-28 13:00:00,1556.4999999999998
2025-08-28 14:00:00,1554.1999999999998
2025-08-28 15:00:00,1557.9999999999998
2025-08-28 16:00:00,1557.4999999999998
2025-08-28 17:00:00,1557.1999999999998
2025-08-28 18:00:00,1557.1
2025-08-28 19:00:00,1558.4999999999998
2025-08-28 20:00:00,1558.8999999999999
2025-08-28 23:00:00,1558.6999999999998
2025-08-29 13:00:00,1549.6
2025-08-29 14:00:00,1539.6
2025-08-29 15:00:00,1542.3999999999999
2025-08-29 16:00:00,1543.4999999999998
2025-08-29 17:00:00,1544.8999999999999
2025-08-29 18:00:00,1541.6999999999998
2025-08-29 19:00:00,1544.1
2025-08-29 23:00:00,1543.6
2025-09-02 13:30:00,1528.4999999999998
2025-09-02 14:00:00,1526.6
2025-09-02 15:00:00,1521.1999999999998
2025-09-02 16:00:00,1520.8999999999999
2025-09-02 17:00:00,1525.6999999999998
2025-09-02 18:00:00,1525.4999999999998
2025-09-02 19:00:00,1529.3
2025-09-02 20:00:00,1528.4999999999998
2025-09-02 23:00:00,1528.8
2025-09-03 13:30:00,1521.9999999999998
2025-09-03 14:00:00,1524.9999999999998
2025-09-03 15:00:00,1520.1999999999998
2025-09-03 16:00:00,1516.4999999999998
2025-09-03 17:00:00,1514.3999999999999
2025-09-03 18:00:00,1516.1
2025-09-03 19:00:00,1521.1999999999998
2025-09-03 20:00:00,1517.9999999999998
2025-09-03 23:00:00,1521.1999999999998
2025-09-04 13:30:00,1523.6999999999998
2025-09-04 14:00:00,1529.8999999999999
2025-09-04 15:00:00,1529.9999999999998
2025-09-04 16:00:00,1530.9999999999998
2025-09-04 17:00:00,1533.8999999999999
2025-09-04 18:00:00,1532.6999999999998
2025-09-04 19:00:00,1537.9999999999998
2025-09-04 20:00:00,1538.3999999999999
2025-09-04 23:00:00,1537.8999999999999
2025-09-05 13:30:00,1532.6
2025-09-05 14:00:00,1521.3
2025-09-05 15:00:00,1520.3
2025-09-05 16:00:00,1522.6999999999998
2025-09-05 17:00:00,1522.8
2025-09-05 18:00:00,1529.6999999999998
2025-09-05 19:00:00,1531.4999999999998
2025-09-05 23:00:00,1531.6
2025-09-08 13:30:00,1524.3
2025-09-08 14:00:00,1533.8
2025-09-08 15:00:00,1535.9999999999998
2025-09-08 16:00:00,1532.6999999999998
2025-09-08 17:00:00,1534.3
2025-09-08 19:00:00,1535.3
2025-09-08 20:00:00,1535.3999999999999
2025-09-08 23:00:00,1535.1
2025-09-09 13:30:00,1524.6
2025-09-09 14:00:00,1517.3
2025-09-09 15:00:00,1516.9999999999998
2025-09-09 16:00:00,1519.4999999999998
2025-09-09 17:00:00,1522.1999999999998
2025-09-09 18:00:00,1523.4999999999998
2025-09-09 19:00:00,1524.6999999999998
2025-09-09 23:00:00,1524.6999999999998
2025-09-10 13:30:00,1536.6999999999998
2025-09-10 14:00:00,1533.8
2025-09-10 15:00:00,1534.1999999999998
2025-09-10 16:00:00,1532.4999999999998
2025-09-10 17:00:00,1531.3999999999999
2025-09-10 18:00:00,1532.8
2025-09-10 19:00:00,1535.4999999999998
2025-09-10 23:00:00,1535.4999999999998
2025-09-11 13:00:00,1535.4999999999998
2025-09-11 13:30:00,1548.3999999999999
2025-09-11 14:00:00,1549.8999999999999
2025-09-11 15:00:00,1549.3
2025-09-11 16:00:00,1551.8999999999999
2025-09-11 17:00:00,1550.3
2025-09-11 18:00:00,1545.8999999999999
2025-09-11 19:00:00,1549.3999999999999
2025-09-11 23:00:00,1550.1
2025-09-12 15:00:00,1542.2
2025-09-12 16:00:00,1541.4
2025-09-12 18:00:00,1543.7
2025-09-12 19:00:00,1536.7
2025-09-12 23:00:00,1536.8
2025-09-15 13:30:00,1542.9
2025-09-15 14:00:00,1547.1
2025-09-15 15:00:00,1541.9
2025-09-15 16:00:00,1542.4
2025-09-15 17:00:00,1541.2
2025-09-15 18:00:00,1542.2
2025-09-15 19:00:00,1544.2
2025-09-15 23:00:00,1543.8
2025-09-16 13:30:00,1540.6
2025-09-16 14:00:00,1535.2
2025-09-16 15:00:00,1538.0
2025-09-16 16:00:00,1537.7
2025-09-16 17:00:00,1539.2
2025-09-16 18:00:00,1541.1
2025-09-16 19:00:00,1538.8
2025-09-16 23:00:00,1539.1
2025-09-17 13:30:00,1542.8
2025-09-17 14:00:00,1539.1
2025-09-17 15:00:00,1540.7
2025-09-17 16:00:00,1536.6
2025-09-17 17:00:00,1539.1
2025-09-17 18:00:00,1530.5
2025-09-17 19:00:00,1531.7
2025-09-17 23:00:00,1531.6
2025-09-18 13:30:00,1538.9
2025-09-18 14:00:00,1543.9
2025-09-18 15:00:00,1543.5
2025-09-18 16:00:00,1550.4
2025-09-18 17:00:00,1548.9
2025-09-18 18:00:00,1549.1
2025-09-18 19:00:00,1547.9
2025-09-18 23:00:00,1548.6
2025-09-19 13:30:00,1549.2
2025-09-19 14:00:00,1540.6
2025-09-19 15:00:00,1543.6
2025-09-19 16:00:00,1546.9
2025-09-19 19:00:00,1550.4
2025-09-19 20:00:00,1551.2
2025-09-19 23:00:00,1550.9
2025-09-22 13:30:00,1546.1
2025-09-22 14:00:00,1549.1
2025-09-22 15:00:00,1549.9
2025-09-22 16:00:00,1556.2
2025-09-22 17:00:00,1555.3
2025-09-22 18:00:00,1556.6
2025-09-22 19:00:00,1555.6
2025-09-22 23:00:00,1556.0
2025-09-23 13:30:00,1567.7
2025-09-23 14:00:00,1564.1
2025-09-23 15:00:00,1552.8
2025-09-23 16:00:00,1552.5
2025-09-23 17:00:00,1552.0
2025-09-23 18:00:00,1552.1
2025-09-23 19:00:00,1555.5
2025-09-23 23:00:00,1556.1
2025-09-24 13:30:00,1559.4
2025-09-24 14:00:00,1557.8
2025-09-24 15:00:00,1552.2
2025-09-24 16:00:00,1552.0
2025-09-24 17:00:00,1549.4
2025-09-24 18:00:00,1551.0
2025-09-24 19:00:00,1548.6
2025-09-24 20:00:00,1545.6
2025-09-24 23:00:00,1548.6
2025-09-25 13:30:00,1536.2
2025-09-25 14:00:00,1542.0
2025-09-25 15:00:00,1537.5
2025-09-25 16:00:00,1538.2
2025-09-25 17:00:00,1536.9
2025-09-25 18:00:00,1538.7
2025-09-25 19:00:00,1537.1
2025-09-25 20:00:00,1537.1
2025-09-25 23:00:00,1537.3
2025-09-26 13:30:00,1555.1
2025-09-26 14:00:00,1546.5
2025-09-26 15:00:00,1548.2
2025-09-26 16:00:00,1547.8
2025-09-26 17:00:00,1548.5
2025-09-26 18:00:00,1549.5
2025-09-26 19:00:00,1549.9
2025-09-26 23:00:00,1550.2
2025-09-29 13:30:00,1559.9
2025-09-29 14:00:00,1557.3
2025-09-29 15:00:00,1555.1
2025-09-29 16:00:00,1553.0
2025-09-29 17:00:00,1553.5
2025-09-29 18:00:00,1554.3
2025-09-29 19:00:00,1555.1
2025-09-29 20:00:00,1555.6
2025-09-29 23:00:00,1555.2
2025-09-30 13:30:00,1554.7
2025-09-30 14:00:00,1556.5
2025-09-30 15:00:00,1558.3
2025-09-30 16:00:00,1558.3
2025-09-30 17:00:00,1557.2
2025-09-30 18:00:00,1561.5
2025-09-30 19:00:00,1566.9
2025-09-30 20:00:00,1567.8
2025-09-30 23:00:00,1567.4
2025-10-01 13:30:00,1557.8
2025-10-01 14:00:00,1561.9
2025-10-01 15:00:00,1564.7
2025-10-01 16:00:00,1557.6
2025-10-01 17:00:00,1560.5
2025-10-01 18:00:00,1561.4
2025-10-01 19:00:00,1562.7
2025-10-01 23:00:00,1562.8
2025-10-02 13:30:00,1570.3
2025-10-02 14:00:00,1559.6
2025-10-02 15:00:00,1560.9
2025-10-02 16:00:00,1561.6
2025-10-02 17:00:00,1562.7
2025-10-02 18:00:00,1565.4
2025-10-02 19:00:00,1565.9
2025-10-02 23:00:00,1566.2
2025-10-03 13:30:00,1564.8
2025-10-03 14:00:00,1575.2
2025-10-03 15:00:00,1576.1
2025-10-03 16:00:00,1577.2
2025-10-03 17:00:00,1570.2
2025-10-03 18:00:00,1569.9
2025-10-03 19:00:00,1567.9
2025-10-03 23:00:00,1567.8
2025-10-06 13:30:00,1569.3
2025-10-06 14:00:00,1574.6
2025-10-06 15:00:00,1573.5
2025-10-06 16:00:00,1574.6
2025-10-06 17:00:00,1576.1
2025-10-06 18:00:00,1574.1
2025-10-06 19:00:00,1574.7
2025-10-06 23:00:00,1574.7
2025-10-07 13:30:00,1578.0
2025-10-07 14:00:00,1569.2
2025-10-07 15:00:00,1563.2
2025-10-07 16:00:00,1564.0
2025-10-07 17:00:00,1566.0
2025-10-07 18:00:00,1565.0
2025-10-07 19:00:00,1565.9
2025-10-07 23:00:00,1565.6
2025-10-08 13:30:00,1564.6
2025-10-08 14:00:00,1571.9
2025-10-08 15:00:00,1579.3
2025-10-08 16:00:00,1580.5
2025-10-08 17:00:00,1578.7
2025-10-08 18:00:00,1577.2
2025-10-08 19:00:00,1579.1
2025-10-08 20:00:00,1584.4
2025-10-08 23:00:00,1579.0
2025-10-09 13:30:00,1567.9
2025-10-09 14:00:00,1565.5
2025-10-09 15:00:00,1563.6
2025-10-09 16:00:00,1559.8
2025-10-09 17:00:00,1559.4
2025-10-09 18:00:00,1554.8
2025-10-09 19:00:00,1555.8
2025-10-09 23:00:00,1555.7
2025-10-10 13:30:00,1561.0
2025-10-10 14:00:00,1547.2
2025-10-10 15:00:00,1535.8
2025-10-10 16:00:00,1534.5
2025-10-10 17:00:00,1534.6
2025-10-10 18:00:00,1529.6
2025-10-10 19:00:00,1521.0
2025-10-10 20:00:00,1520.3
2025-10-10 23:00:00,1520.9
2025-10-13 13:30:00,1538.0
2025-10-13 14:00:00,1531.9
2025-10-13 15:00:00,1538.5
2025-10-13 16:00:00,1542.0
2025-10-13 17:00:00,1537.5
2025-10-13 18:00:00,1536.9
2025-10-13 19:00:00,1536.0
2025-10-13 23:00:00,1535.9
2025-10-14 13:30:00,1531.8
2025-10-14 14:00:00,1541.3
2025-10-14 15:00:00,1550.4
2025-10-14 16:00:00,1556.7
2025-10-14 17:00:00,1559.5
2025-10-14 18:00:00,1560.0
2025-10-14 19:00:00,1554.4
2025-10-14 23:00:00,1554.1
2025-10-15 13:30:00,1564.3
2025-10-15 14:00:00,1562.1
2025-10-15 15:00:00,1550.1
2025-10-15 16:00:00,1545.2
2025-10-15 17:00:00,1545.1
2025-10-15 18:00:00,1546.4
2025-10-15 19:00:00,1547.2
2025-10-15 23:00:00,1547.6
2025-10-16 13:30:00,1544.8
2025-10-16 14:00:00,1542.1
2025-10-16 15:00:00,1538.8
2025-10-16 16:00:00,1537.9
2025-10-16 17:00:00,1536.8
2025-10-16 18:00:00,1536.5
2025-10-16 19:00:00,1535.9
2025-10-16 23:00:00,1537.0
2025-10-17 13:30:00,1537.2
2025-10-17 14:00:00,1534.4
2025-10-17 15:00:00,1536.8
2025-10-17 16:00:00,1535.5
2025-10-17 17:00:00,1535.2
2025-10-17 18:00:00,1538.8
2025-10-17 19:00:00,1537.1
2025-10-17 23:00:00,1537.5
2025-10-20 13:30:00,1552.2
2025-10-20 14:00:00,1554.7
2025-10-20 15:00:00,1551.8
2025-10-20 16:00:00,1555.3
2025-10-20 17:00:00,1558.5
2025-10-20 18:00:00,1556.6
2025-10-20 19:00:00,1556.8
2025-10-20 23:00:00,1556.8
2025-10-21 13:30:00,1561.5
2025-10-21 14:00:00,1574.2
2025-10-21 15:00:00,1571.1
2025-10-21 16:00:00,1570.7
2025-10-21 17:00:00,1571.2
2025-10-21 18:00:00,1571.0
2025-10-21 19:00:00,1569.6
2025-10-21 23:00:00,1569.6
2025-10-22 13:30:00,1570.7
2025-10-22 14:00:00,1557.5
2025-10-22 15:00:00,1555.8
2025-10-22 16:00:00,1555.9
2025-10-22 17:00:00,1546.2
2025-10-22 18:00:00,1546.3
2025-10-22 19:00:00,1548.2
2025-10-22 23:00:00,1548.2
2025-10-23 13:30:00,1563.7
2025-10-23 14:00:00,1561.8
2025-10-23 15:00:00,1561.4
2025-10-23 16:00:00,1563.5
2025-10-23 17:00:00,1566.3
2025-10-23 18:00:00,1569.4
2025-10-23 19:00:00,1568.3
2025-10-23 20:00:00,1567.9
2025-10-23 23:00:00,1568.2
2025-10-24 13:30:00,1577.4
2025-10-24 14:00:00,1573.5
2025-10-24 15:00:00,1573.2
2025-10-24 16:00:00,1570.9
2025-10-24 17:00:00,1571.5
2025-10-24 18:00:00,1571.4
2025-10-24 19:00:00,1568.5
2025-10-24 23:00:00,1568.8
2025-10-27 13:30:00,1578.2
2025-10-27 14:00:00,1572.9
2025-10-27 15:00:00,1573.1
2025-10-27 16:00:00,1573.6
2025-10-27 17:00:00,1572.5
2025-10-27 18:00:00,1573.3
2025-10-27 19:00:00,1577.3
2025-10-27 20:00:00,1577.7
2025-10-27 23:00:00,1577.6
2025-10-28 13:30:00,1572.0
2025-10-28 14:00:00,1579.2
2025-10-28 15:00:00,1575.0
2025-10-28 16:00:00,1576.6
2025-10-28 17:00:00,1577.7
2025-10-28 18:00:00,1572.3
2025-10-28 19:00:00,1566.1
2025-10-28 23:00:00,1566.2
2025-10-29 13:30:00,1576.3
2025-10-29 14:00:00,1576.3
2025-10-29 15:00:00,1579.9
2025-10-29 16:00:00,1582.0
2025-10-29 17:00:00,1576.7
2025-10-29 18:00:00,1569.9
2025-10-29 19:00:00,1570.4
2025-10-29 23:00:00,1569.9
2025-10-30 13:30:00,1581.5
2025-10-30 14:00:00,1585.9
2025-10-30 15:00:00,1577.2
2025-10-30 16:00:00,1575.0
2025-10-30 17:00:00,1575.3
2025-10-30 18:00:00,1572.2
2025-10-30 19:00:00,1566.1
2025-10-30 23:00:00,1565.8
2025-10-31 13:30:00,1571.2
2025-10-31 14:00:00,1571.1
2025-10-31 15:00:00,1565.5
2025-10-31 16:00:00,1564.7
2025-10-31 17:00:00,1565.2
2025-10-31 18:00:00,1567.7
2025-10-31 19:00:00,1569.1
2025-10-31 23:00:00,1568.9
2025-11-03 14:30:00,1557.7
2025-11-03 15:00:00,1560.0
2025-11-03 16:00:00,1561.8
2025-11-03 17:00:00,1562.0
2025-11-03 18:00:00,1562.1
2025-11-03 19:00:00,1562.7
2025-11-03 20:00:00,1561.5
2025-11-03 23:00:00,1561.4
2025-11-04 14:30:00,1544.1
2025-11-04 15:00:00,1543.9
2025-11-04 16:00:00,1545.8
2025-11-04 17:00:00,1544.5
2025-11-04 18:00:00,1541.9
2025-11-04 19:00:00,1540.8
2025-11-04 20:00:00,1543.8
2025-11-04 21:00:00,1544.0
2025-11-04 23:00:00,1543.8
2025-11-05 14:30:00,1548.3
2025-11-05 15:00:00,1546.6
2025-11-05 16:00:00,1551.3
2025-11-05 17:00:00,1556.2
2025-11-05 18:00:00,1554.5
2025-11-05 19:00:00,1554.8
2025-11-05 20:00:00,1550.0
2025-11-05 23:00:00,1550.1
2025-11-06 14:30:00,1551.2
2025-11-06 15:00:00,1545.9
2025-11-06 16:00:00,1544.1
2025-11-06 17:00:00,1545.1
2025-11-06 18:00:00,1545.9
2025-11-06 19:00:00,1546.4
2025-11-06 20:00:00,1543.5
2025-11-06 21:00:00,1543.8
2025-11-06 23:00:00,1543.5
2025-11-07 14:30:00,1532.2
2025-11-07 15:00:00,1535.2
2025-11-07 16:00:00,1531.2
2025-11-07 17:00:00,1534.4
2025-11-07 18:00:00,1540.5
2025-11-07 19:00:00,1546.0
2025-11-07 20:00:00,1550.5
2025-11-07 23:00:00,1550.3
2025-11-10 14:30:00,1550.4
2025-11-10 15:00:00,1544.9
2025-11-10 16:00:00,1547.6
2025-11-10 17:00:00,1556.3
2025-11-10 18:00:00,1556.7
2025-11-10 19:00:00,1561.3
2025-11-10 20:00:00,1558.8
2025-11-10 21:00:00,1559.2
2025-11-10 23:00:00,1558.7
