DATETIME,PRICE,FORWARD,CARRY,PRICE_CONTRACT,FORWARD_CONTRACT,CARRY_CONTRACT
2024-03-14 18:00:00,8172.0,,,20240400,20240500,20240500
2024-03-14 19:00:00,8182.0,,,20240400,20240500,20240500
2024-03-14 20:00:00,8173.5,,,20240400,20240500,20240500
2024-03-15 05:00:00,8187.5,8115.0,8115.0,20240400,20240500,20240500
2024-03-15 07:00:00,8178.5,,,20240400,20240500,20240500
2024-03-15 08:00:00,8188.5,,,20240400,20240500,20240500
2024-03-15 09:00:00,8209.0,,,20240400,20240500,20240500
2024-03-15 10:00:00,8214.0,,,20240400,20240500,20240500
2024-03-15 11:00:00,8231.5,,,20240400,20240500,20240500
2024-03-15 12:00:00,8227.0,,,20240400,20240500,20240500
2024-03-15 13:00:00,8219.0,,,20240400,20240500,20240500
2024-03-15 14:00:00,8234.0,8138.0,8138.0,20240400,20240500,20240500
2024-03-15 15:00:00,8220.5,8157.0,8157.0,20240400,20240500,20240500
2024-03-15 16:00:00,8184.5,,,20240400,20240500,20240500
2024-03-15 17:00:00,8200.5,,,20240400,20240500,20240500
2024-03-15 18:00:00,8202.5,,,20240400,20240500,20240500
2024-03-15 19:00:00,8207.5,,,20240400,20240500,20240500
2024-03-15 20:00:00,8211.5,,,20240400,20240500,20240500
2024-03-18 05:00:00,8170.5,8098.0,8098.0,20240400,20240500,20240500
2024-03-18 07:00:00,8197.0,,,20240400,20240500,20240500
2024-03-18 08:00:00,8198.5,,,20240400,20240500,20240500
2024-03-18 09:00:00,8198.5,,,20240400,20240500,20240500
2024-03-18 10:00:00,8190.0,,,20240400,20240500,20240500
2024-03-18 11:00:00,8197.5,,,20240400,20240500,20240500
2024-03-18 12:00:00,8187.5,,,20240400,20240500,20240500
2024-03-18 13:00:00,8169.0,,,20240400,20240500,20240500
2024-03-18 14:00:00,8165.0,,,20240400,20240500,20240500
2024-03-18 15:00:00,8170.0,,,20240400,20240500,20240500
2024-03-18 16:00:00,8163.5,,,20240400,20240500,20240500
2024-03-18 17:00:00,8167.5,,,20240400,20240500,20240500
2024-03-18 18:00:00,8172.0,,,20240400,20240500,20240500
2024-03-18 19:00:00,8170.0,,,20240400,20240500,20240500
2024-03-18 20:00:00,8169.5,,,20240400,20240500,20240500
2024-03-19 05:00:00,8222.5,8151.5,8151.5,20240400,20240500,20240500
2024-03-19 07:00:00,8169.5,,,20240400,20240500,20240500
2024-03-19 08:00:00,8173.5,,,20240400,20240500,20240500
2024-03-19 09:00:00,8189.5,,,20240400,20240500,20240500
2024-03-19 10:00:00,8192.5,,,20240400,20240500,20240500
2024-03-19 11:00:00,8193.0,,,20240400,20240500,20240500
2024-03-19 12:00:00,8209.5,,,20240400,20240500,20240500
2024-03-19 13:00:00,8213.0,,,20240400,20240500,20240500
2024-03-19 14:00:00,8204.0,,,20240400,20240500,20240500
2024-03-19 15:00:00,8216.0,,,20240400,20240500,20240500
2024-03-19 16:00:00,8226.0,,,20240400,20240500,20240500
2024-03-19 17:00:00,8184.5,,,20240400,20240500,20240500
2024-03-19 18:00:00,8176.0,,,20240400,20240500,20240500
2024-03-19 19:00:00,8169.5,,,20240400,20240500,20240500
2024-03-19 20:00:00,8179.0,,,20240400,20240500,20240500
2024-03-20 05:00:00,8189.0,8118.0,8118.0,20240400,20240500,20240500
2024-03-20 07:00:00,8147.5,,,20240400,20240500,20240500
2024-03-20 08:00:00,8167.0,,,20240400,20240500,20240500
2024-03-20 09:00:00,8171.0,,,20240400,20240500,20240500
2024-03-20 10:00:00,8182.0,,,20240400,20240500,20240500
2024-03-20 11:00:00,8182.0,,,20240400,20240500,20240500
2024-03-20 12:00:00,8179.0,,,20240400,20240500,20240500
2024-03-20 13:00:00,8187.5,,,20240400,20240500,20240500
2024-03-20 14:00:00,8187.0,,,20240400,20240500,20240500
2024-03-20 15:00:00,8181.5,,,20240400,20240500,20240500
2024-03-20 16:00:00,8194.0,,,20240400,20240500,20240500
2024-03-20 17:00:00,8191.0,,,20240400,20240500,20240500
2024-03-20 18:00:00,8231.0,,,20240400,20240500,20240500
2024-03-20 19:00:00,8244.5,,,20240400,20240500,20240500
2024-03-20 20:00:00,8242.0,,,20240400,20240500,20240500
2024-03-21 05:00:00,8204.5,8133.5,8133.5,20240400,20240500,20240500
2024-03-21 07:00:00,8244.0,8190.5,8190.5,20240400,20240500,20240500
2024-03-21 08:00:00,8216.0,,,20240400,20240500,20240500
2024-03-21 09:00:00,8183.0,,,20240400,20240500,20240500
2024-03-21 10:00:00,8167.0,,,20240400,20240500,20240500
2024-03-21 11:00:00,8179.5,,,20240400,20240500,20240500
2024-03-21 12:00:00,8180.0,,,20240400,20240500,20240500
2024-03-21 13:00:00,8196.5,,,20240400,20240500,20240500
2024-03-21 14:00:00,8203.0,,,20240400,20240500,20240500
2024-03-21 15:00:00,8205.0,,,20240400,20240500,20240500
2024-03-21 16:00:00,8203.0,,,20240400,20240500,20240500
2024-03-21 17:00:00,8195.5,,,20240400,20240500,20240500
2024-03-21 18:00:00,8195.0,,,20240400,20240500,20240500
2024-03-21 19:00:00,8194.5,,,20240400,20240500,20240500
2024-03-21 20:00:00,8194.0,,,20240400,20240500,20240500
2024-03-22 05:00:00,8176.0,8105.5,8105.5,20240400,20240500,20240500
2024-03-22 07:00:00,8182.5,,,20240400,20240500,20240500
2024-03-22 08:00:00,8186.5,,,20240400,20240500,20240500
2024-03-22 09:00:00,8192.5,,,20240400,20240500,20240500
2024-03-22 10:00:00,8189.0,,,20240400,20240500,20240500
2024-03-22 11:00:00,8166.0,,,20240400,20240500,20240500
2024-03-22 12:00:00,8177.5,,,20240400,20240500,20240500
2024-03-22 13:00:00,8163.0,,,20240400,20240500,20240500
2024-03-22 14:00:00,8166.0,,,20240400,20240500,20240500
2024-03-22 15:00:00,8173.5,,,20240400,20240500,20240500
2024-03-22 16:00:00,8182.5,,,20240400,20240500,20240500
2024-03-22 17:00:00,8189.5,,,20240400,20240500,20240500
2024-03-22 18:00:00,8185.5,,,20240400,20240500,20240500
2024-03-22 19:00:00,8181.0,,,20240400,20240500,20240500
2024-03-22 20:00:00,8176.5,,,20240400,20240500,20240500
2024-03-25 05:00:00,8175.0,8102.5,8102.5,20240400,20240500,20240500
2024-03-25 07:00:00,8165.5,,,20240400,20240500,20240500
2024-03-25 08:00:00,8166.5,,,20240400,20240500,20240500
2024-03-25 09:00:00,8140.5,,,20240400,20240500,20240500
2024-03-25 10:00:00,8141.5,,,20240400,20240500,20240500
2024-03-25 11:00:00,8138.0,,,20240400,20240500,20240500
2024-03-25 12:00:00,8146.5,,,20240400,20240500,20240500
2024-03-25 13:00:00,8172.5,,,20240400,20240500,20240500
2024-03-25 14:00:00,8186.5,,,20240400,20240500,20240500
2024-03-25 15:00:00,8177.5,,,20240400,20240500,20240500
2024-03-25 16:00:00,8181.0,,,20240400,20240500,20240500
2024-03-25 17:00:00,8180.0,,,20240400,20240500,20240500
2024-03-25 18:00:00,8180.0,,,20240400,20240500,20240500
2024-03-25 19:00:00,8171.5,,,20240400,20240500,20240500
2024-03-25 20:00:00,8176.0,,,20240400,20240500,20240500
2024-03-26 05:00:00,8206.5,8135.5,8135.5,20240400,20240500,20240500
2024-03-26 07:00:00,8185.0,,,20240400,20240500,20240500
2024-03-26 08:00:00,8160.5,,,20240400,20240500,20240500
2024-03-26 09:00:00,8186.5,,,20240400,20240500,20240500
2024-03-26 10:00:00,8186.0,,,20240400,20240500,20240500
2024-03-26 11:00:00,8196.0,,,20240400,20240500,20240500
2024-03-26 12:00:00,8200.5,,,20240400,20240500,20240500
2024-03-26 13:00:00,8197.5,,,20240400,20240500,20240500
2024-03-26 14:00:00,8204.0,,,20240400,20240500,20240500
2024-03-26 15:00:00,8193.0,,,20240400,20240500,20240500
2024-03-26 16:00:00,8208.5,,,20240400,20240500,20240500
2024-03-26 17:00:00,8202.5,,,20240400,20240500,20240500
2024-03-26 18:00:00,8204.0,,,20240400,20240500,20240500
2024-03-26 19:00:00,8186.5,,,20240400,20240500,20240500
2024-03-26 20:00:00,8196.5,,,20240400,20240500,20240500
2024-03-27 05:00:00,8223.5,8152.5,8152.5,20240400,20240500,20240500
2024-03-27 07:00:00,8198.0,,,20240400,20240500,20240500
2024-03-27 08:00:00,8192.5,,,20240400,20240500,20240500
2024-03-27 09:00:00,8203.0,,,20240400,20240500,20240500
2024-03-27 10:00:00,8212.5,,,20240400,20240500,20240500
2024-03-27 11:00:00,8223.0,,,20240400,20240500,20240500
2024-03-27 12:00:00,8238.5,,,20240400,20240500,20240500
2024-03-27 13:00:00,8236.0,,,20240400,20240500,20240500
2024-03-27 14:00:00,8237.5,,,20240400,20240500,20240500
2024-03-27 15:00:00,8223.5,,,20240400,20240500,20240500
2024-03-27 16:00:00,8225.5,,,20240400,20240500,20240500
2024-03-27 17:00:00,8226.0,,,20240400,20240500,20240500
2024-03-27 18:00:00,8230.0,,,20240400,20240500,20240500
2024-03-27 19:00:00,8249.0,,,20240400,20240500,20240500
2024-03-27 20:00:00,8246.5,,,20240400,20240500,20240500
2024-03-27 21:00:00,8249.0,,,20240400,20240500,20240500
2024-03-28 05:00:00,8223.5,8154.0,8154.0,20240400,20240500,20240500
2024-03-28 07:00:00,8234.5,,,20240400,20240500,20240500
2024-03-28 08:00:00,8255.0,,,20240400,20240500,20240500
2024-03-28 09:00:00,8267.0,,,20240400,20240500,20240500
2024-03-28 10:00:00,8257.5,,,20240400,20240500,20240500
2024-03-28 11:00:00,8242.0,,,20240400,20240500,20240500
2024-03-28 12:00:00,8240.5,,,20240400,20240500,20240500
2024-03-28 13:00:00,8235.0,,,20240400,20240500,20240500
2024-03-28 14:00:00,8233.0,,,20240400,20240500,20240500
2024-03-28 15:00:00,8229.5,,,20240400,20240500,20240500
2024-03-28 16:00:00,8233.5,,,20240400,20240500,20240500
2024-03-28 17:00:00,8228.0,,,20240400,20240500,20240500
2024-03-28 18:00:00,8238.0,,,20240400,20240500,20240500
2024-03-28 19:00:00,8237.0,,,20240400,20240500,20240500
2024-03-28 20:00:00,8237.0,,,20240400,20240500,20240500
2024-04-02 05:00:00,8144.5,8075.0,8075.0,20240400,20240500,20240500
2024-04-02 06:00:00,8229.0,,,20240400,20240500,20240500
2024-04-02 07:00:00,8253.0,,,20240400,20240500,20240500
2024-04-02 08:00:00,8226.0,,,20240400,20240500,20240500
2024-04-02 09:00:00,8235.0,,,20240400,20240500,20240500
2024-04-02 10:00:00,8223.5,,,20240400,20240500,20240500
2024-04-02 11:00:00,8212.0,,,20240400,20240500,20240500
2024-04-02 12:00:00,8188.0,8128.0,8128.0,20240400,20240500,20240500
2024-04-02 13:00:00,8145.5,,,20240400,20240500,20240500
2024-04-02 14:00:00,8142.0,,,20240400,20240500,20240500
2024-04-02 15:00:00,8138.0,,,20240400,20240500,20240500
2024-04-02 16:00:00,8153.0,,,20240400,20240500,20240500
2024-04-02 17:00:00,8145.0,,,20240400,20240500,20240500
2024-04-02 18:00:00,8148.5,,,20240400,20240500,20240500
2024-04-02 19:00:00,8156.0,,,20240400,20240500,20240500
2024-04-03 05:00:00,8167.5,8098.0,8098.0,20240400,20240500,20240500
2024-04-03 06:00:00,8146.0,,,20240400,20240500,20240500
2024-04-03 07:00:00,8143.0,,,20240400,20240500,20240500
2024-04-03 08:00:00,8153.0,,,20240400,20240500,20240500
2024-04-03 09:00:00,8166.5,,,20240400,20240500,20240500
2024-04-03 10:00:00,8160.5,,,20240400,20240500,20240500
2024-04-03 11:00:00,8162.5,8086.5,8086.5,20240400,20240500,20240500
2024-04-03 12:00:00,8150.0,,,20240400,20240500,20240500
2024-04-03 13:00:00,8156.0,,,20240400,20240500,20240500
2024-04-03 14:00:00,8167.0,,,20240400,20240500,20240500
2024-04-03 15:00:00,8164.5,,,20240400,20240500,20240500
2024-04-03 16:00:00,8164.0,,,20240400,20240500,20240500
2024-04-03 17:00:00,8168.0,,,20240400,20240500,20240500
2024-04-03 18:00:00,8170.5,,,20240400,20240500,20240500
2024-04-03 19:00:00,8162.5,,,20240400,20240500,20240500
2024-04-04 05:00:00,8162.5,8092.5,8092.5,20240400,20240500,20240500
2024-04-04 06:00:00,8167.5,,,20240400,20240500,20240500
2024-04-04 07:00:00,8180.0,,,20240400,20240500,20240500
2024-04-04 08:00:00,8181.0,,,20240400,20240500,20240500
2024-04-04 09:00:00,8168.5,,,20240400,20240500,20240500
2024-04-04 10:00:00,8177.0,,,20240400,20240500,20240500
2024-04-04 11:00:00,8166.0,,,20240400,20240500,20240500
2024-04-04 12:00:00,8161.0,,,20240400,20240500,20240500
2024-04-04 13:00:00,8168.5,8095.0,8095.0,20240400,20240500,20240500
2024-04-04 14:00:00,8168.5,,,20240400,20240500,20240500
2024-04-04 15:00:00,8168.5,,,20240400,20240500,20240500
2024-04-04 16:00:00,8161.5,,,20240400,20240500,20240500
2024-04-04 17:00:00,8150.5,,,20240400,20240500,20240500
2024-04-04 18:00:00,8070.0,,,20240400,20240500,20240500
2024-04-04 19:00:00,8060.0,8005.0,8005.0,20240400,20240500,20240500
2024-04-04 20:00:00,8060.0,,,20240400,20240500,20240500
2024-04-05 05:00:00,8070.5,7999.5,7999.5,20240400,20240500,20240500
2024-04-05 06:00:00,8058.0,,,20240400,20240500,20240500
2024-04-05 07:00:00,8062.0,7984.0,7984.0,20240400,20240500,20240500
2024-04-05 08:00:00,8041.5,,,20240400,20240500,20240500
2024-04-05 09:00:00,8048.5,,,20240400,20240500,20240500
2024-04-05 10:00:00,8047.0,,,20240400,20240500,20240500
2024-04-05 11:00:00,8033.0,,,20240400,20240500,20240500
2024-04-05 12:00:00,8047.0,,,20240400,20240500,20240500
2024-04-05 13:00:00,8053.5,,,20240400,20240500,20240500
2024-04-05 14:00:00,8067.5,,,20240400,20240500,20240500
2024-04-05 15:00:00,8075.0,7999.5,7999.5,20240400,20240500,20240500
2024-04-05 16:00:00,8088.5,,,20240400,20240500,20240500
2024-04-05 17:00:00,8065.5,,,20240400,20240500,20240500
2024-04-05 18:00:00,8070.0,,,20240400,20240500,20240500
2024-04-05 19:00:00,8080.5,,,20240400,20240500,20240500
2024-04-08 05:00:00,8127.5,8057.0,8057.0,20240400,20240500,20240500
2024-04-08 06:00:00,8065.0,8024.5,8024.5,20240400,20240500,20240500
2024-04-08 07:00:00,8114.5,,,20240400,20240500,20240500
2024-04-08 08:00:00,8100.0,,,20240400,20240500,20240500
2024-04-08 09:00:00,8116.5,,,20240400,20240500,20240500
2024-04-08 10:00:00,8122.5,8049.5,8049.5,20240400,20240500,20240500
2024-04-08 11:00:00,8116.5,8055.5,8055.5,20240400,20240500,20240500
2024-04-08 12:00:00,8139.0,8070.0,8070.0,20240400,20240500,20240500
2024-04-08 13:00:00,8141.0,8078.5,8078.5,20240400,20240500,20240500
2024-04-08 14:00:00,8127.0,,,20240400,20240500,20240500
2024-04-08 15:00:00,8128.0,,,20240400,20240500,20240500
2024-04-08 16:00:00,8133.5,,,20240400,20240500,20240500
2024-04-08 17:00:00,8133.0,,,20240400,20240500,20240500
2024-04-08 18:00:00,8130.0,,,20240400,20240500,20240500
2024-04-08 19:00:00,8121.5,,,20240400,20240500,20240500
2024-04-09 05:00:00,8057.0,7986.5,7986.5,20240400,20240500,20240500
2024-04-09 06:00:00,8101.5,,,20240400,20240500,20240500
2024-04-09 07:00:00,8094.5,,,20240400,20240500,20240500
2024-04-09 08:00:00,8084.0,,,20240400,20240500,20240500
2024-04-09 09:00:00,8081.0,,,20240400,20240500,20240500
2024-04-09 10:00:00,8076.5,,,20240400,20240500,20240500
2024-04-09 11:00:00,8097.5,,,20240400,20240500,20240500
2024-04-09 12:00:00,8099.5,,,20240400,20240500,20240500
2024-04-09 13:00:00,8069.5,,,20240400,20240500,20240500
2024-04-09 14:00:00,8050.0,7972.0,7972.0,20240400,20240500,20240500
2024-04-09 15:00:00,8061.5,7982.5,7982.5,20240400,20240500,20240500
2024-04-09 16:00:00,8061.5,,,20240400,20240500,20240500
2024-04-09 17:00:00,8058.5,,,20240400,20240500,20240500
2024-04-09 18:00:00,8058.0,7986.5,7986.5,20240400,20240500,20240500
2024-04-09 19:00:00,8078.0,8003.5,8003.5,20240400,20240500,20240500
2024-04-10 05:00:00,8052.0,7982.0,7982.0,20240400,20240500,20240500
2024-04-10 06:00:00,8099.5,,,20240400,20240500,20240500
2024-04-10 07:00:00,8092.0,,,20240400,20240500,20240500
2024-04-10 08:00:00,8103.5,8028.5,8028.5,20240400,20240500,20240500
2024-04-10 09:00:00,8092.0,,,20240400,20240500,20240500
2024-04-10 10:00:00,8097.5,,,20240400,20240500,20240500
2024-04-10 11:00:00,8107.0,,,20240400,20240500,20240500
2024-04-10 12:00:00,8011.0,7938.0,7938.0,20240400,20240500,20240500
2024-04-10 13:00:00,8012.0,7938.0,7938.0,20240400,20240500,20240500
2024-04-10 14:00:00,8047.0,7980.5,7980.5,20240400,20240500,20240500
2024-04-10 15:00:00,8047.5,7980.5,7980.5,20240400,20240500,20240500
2024-04-10 16:00:00,8052.0,7974.0,7974.0,20240400,20240500,20240500
2024-04-10 17:00:00,8042.0,7975.5,7975.5,20240400,20240500,20240500
2024-04-10 18:00:00,8030.5,7976.5,7976.5,20240400,20240500,20240500
2024-04-10 19:00:00,8048.0,7970.0,7970.0,20240400,20240500,20240500
2024-04-11 05:00:00,8027.0,7956.0,7956.0,20240400,20240500,20240500
2024-04-11 06:00:00,8042.0,7976.5,7976.5,20240400,20240500,20240500
2024-04-11 07:00:00,8093.0,8023.2,8023.2,20240400,20240500,20240500
2024-04-11 08:00:00,8054.0,7987.7,7987.7,20240400,20240500,20240500
2024-04-11 09:00:00,8048.5,7976.0,7976.0,20240400,20240500,20240500
2024-04-11 10:00:00,8037.0,7966.0,7966.0,20240400,20240500,20240500
2024-04-11 11:00:00,8022.5,7960.0,7960.0,20240400,20240500,20240500
2024-04-11 12:00:00,8061.0,,,20240400,20240500,20240500
2024-04-11 13:00:00,8049.0,7980.5,7980.5,20240400,20240500,20240500
2024-04-11 14:00:00,8001.0,7930.5,7930.5,20240400,20240500,20240500
2024-04-11 15:00:00,8040.0,7954.5,7954.5,20240400,20240500,20240500
2024-04-11 16:00:00,8044.0,7973.0,7973.0,20240400,20240500,20240500
2024-04-11 17:00:00,8063.5,,,20240400,20240500,20240500
2024-04-11 18:00:00,8068.5,,,20240400,20240500,20240500
2024-04-11 19:00:00,8065.5,,,20240400,20240500,20240500
2024-04-12 05:00:00,8013.5,7943.5,7943.5,20240400,20240500,20240500
2024-04-12 06:00:00,8096.5,8020.0,8020.0,20240400,20240500,20240500
2024-04-12 07:00:00,8111.5,8040.2,8040.2,20240400,20240500,20240500
2024-04-12 08:00:00,8111.5,8042.2,8042.2,20240400,20240500,20240500
2024-04-12 09:00:00,8095.5,8020.0,8020.0,20240400,20240500,20240500
2024-04-12 10:00:00,8087.5,8018.5,8018.5,20240400,20240500,20240500
2024-04-12 11:00:00,8092.0,,,20240400,20240500,20240500
2024-04-12 12:00:00,8017.5,7967.7,7967.7,20240400,20240500,20240500
2024-04-12 13:00:00,8038.5,7961.0,7961.0,20240400,20240500,20240500
2024-04-12 14:00:00,7987.5,7935.0,7935.0,20240400,20240500,20240500
2024-04-12 15:00:00,8017.5,7945.0,7945.0,20240400,20240500,20240500
2024-04-12 16:00:00,7991.0,7940.0,7940.0,20240400,20240500,20240500
2024-04-12 17:00:00,7985.5,7921.0,7921.0,20240400,20240500,20240500
2024-04-12 18:00:00,7970.0,,,20240400,20240500,20240500
2024-04-12 19:00:00,7978.5,7901.0,7901.0,20240400,20240500,20240500
2024-04-15 05:00:00,8046.5,7976.5,7976.5,20240400,20240500,20240500
2024-04-15 06:00:00,8029.0,7958.5,7958.5,20240400,20240500,20240500
2024-04-15 07:00:00,8055.0,7985.2,7985.2,20240400,20240500,20240500
2024-04-15 08:00:00,8058.5,7988.5,7988.5,20240400,20240500,20240500
2024-04-15 09:00:00,8065.5,7995.5,7995.5,20240400,20240500,20240500
2024-04-15 10:00:00,8069.5,8000.5,8000.5,20240400,20240500,20240500
2024-04-15 11:00:00,8099.0,8025.5,8025.5,20240400,20240500,20240500
2024-04-15 12:00:00,8109.5,8040.8,8040.8,20240400,20240500,20240500
2024-04-15 13:00:00,8110.5,8040.5,8040.5,20240400,20240500,20240500
2024-04-15 14:00:00,8048.5,7977.5,7977.5,20240400,20240500,20240500
2024-04-15 15:00:00,8050.5,7981.0,7981.0,20240400,20240500,20240500
2024-04-15 16:00:00,8034.0,7960.0,7960.0,20240400,20240500,20240500
2024-04-15 17:00:00,8004.5,7925.5,7925.5,20240400,20240500,20240500
2024-04-15 18:00:00,7999.0,7917.0,7917.0,20240400,20240500,20240500
2024-04-15 19:00:00,7985.5,7915.0,7915.0,20240400,20240500,20240500
2024-04-16 05:00:00,7937.5,7866.5,7866.5,20240400,20240500,20240500
2024-04-16 06:00:00,7863.5,7815.5,7815.5,20240500,20240600,20240600
2024-04-16 07:00:00,7875.5,7825.5,7825.5,20240500,20240600,20240600
2024-04-16 08:00:00,7878.0,7823.5,7823.5,20240500,20240600,20240600
2024-04-16 09:00:00,7873.5,,,20240500,20240600,20240600
2024-04-16 10:00:00,7877.0,,,20240500,20240600,20240600
2024-04-16 11:00:00,7906.5,,,20240500,20240600,20240600
2024-04-16 12:00:00,7897.0,,,20240500,20240600,20240600
2024-04-16 13:00:00,7860.5,,,20240500,20240600,20240600
2024-04-16 14:00:00,7847.0,,,20240500,20240600,20240600
2024-04-16 15:00:00,7863.5,7816.0,7816.0,20240500,20240600,20240600
2024-04-16 16:00:00,7884.0,,,20240500,20240600,20240600
2024-04-16 17:00:00,7889.5,,,20240500,20240600,20240600
2024-04-16 18:00:00,7909.0,,,20240500,20240600,20240600
2024-04-16 19:00:00,7889.5,,,20240500,20240600,20240600
2024-04-17 05:00:00,7914.0,7871.0,7871.0,20240500,20240600,20240600
2024-04-17 06:00:00,7891.5,,,20240500,20240600,20240600
2024-04-17 07:00:00,7928.2,7873.5,7873.5,20240500,20240600,20240600
2024-04-17 08:00:00,7955.5,7902.3,7902.3,20240500,20240600,20240600
2024-04-17 09:00:00,7956.0,7910.7,7910.7,20240500,20240600,20240600
2024-04-17 10:00:00,7970.0,,,20240500,20240600,20240600
2024-04-17 11:00:00,7968.7,,,20240500,20240600,20240600
2024-04-17 12:00:00,7973.0,,,20240500,20240600,20240600
2024-04-17 13:00:00,7965.0,,,20240500,20240600,20240600
2024-04-17 14:00:00,7927.5,7867.0,7867.0,20240500,20240600,20240600
2024-04-17 15:00:00,7926.5,7886.5,7886.5,20240500,20240600,20240600
2024-04-17 16:00:00,7903.5,,,20240500,20240600,20240600
2024-04-17 17:00:00,7927.5,,,20240500,20240600,20240600
2024-04-17 18:00:00,7910.5,,,20240500,20240600,20240600
2024-04-17 19:00:00,7907.5,7848.5,7848.5,20240500,20240600,20240600
2024-04-18 05:00:00,7953.5,7910.0,7910.0,20240500,20240600,20240600
2024-04-18 06:00:00,7940.5,,,20240500,20240600,20240600
2024-04-18 07:00:00,7948.0,7907.0,7907.0,20240500,20240600,20240600
2024-04-18 08:00:00,7953.2,7913.3,7913.3,20240500,20240600,20240600
2024-04-18 09:00:00,7947.0,7911.0,7911.0,20240500,20240600,20240600
2024-04-18 10:00:00,7944.5,,,20240500,20240600,20240600
2024-04-18 11:00:00,7942.8,,,20240500,20240600,20240600
2024-04-18 12:00:00,7925.0,,,20240500,20240600,20240600
2024-04-18 13:00:00,7934.5,7880.5,7880.5,20240500,20240600,20240600
2024-04-18 14:00:00,7955.8,7907.8,7907.8,20240500,20240600,20240600
2024-04-18 15:00:00,7952.5,,,20240500,20240600,20240600
2024-04-18 16:00:00,7953.0,7936.3,7936.3,20240500,20240600,20240600
2024-04-18 17:00:00,7937.0,,,20240500,20240600,20240600
2024-04-18 18:00:00,7930.5,,,20240500,20240600,20240600
2024-04-18 19:00:00,7940.5,,,20240500,20240600,20240600
2024-04-19 05:00:00,7951.0,7908.0,7908.0,20240500,20240600,20240600
2024-04-19 06:00:00,7908.5,,,20240500,20240600,20240600
2024-04-19 07:00:00,7898.0,7859.0,7859.0,20240500,20240600,20240600
2024-04-19 08:00:00,7885.0,,,20240500,20240600,20240600
2024-04-19 09:00:00,7922.5,,,20240500,20240600,20240600
2024-04-19 10:00:00,7930.0,,,20240500,20240600,20240600
2024-04-19 11:00:00,7942.5,,,20240500,20240600,20240600
2024-04-19 12:00:00,7955.0,,,20240500,20240600,20240600
2024-04-19 13:00:00,7950.5,,,20240500,20240600,20240600
2024-04-19 14:00:00,7949.5,,,20240500,20240600,20240600
2024-04-19 15:00:00,7957.5,7905.0,7905.0,20240500,20240600,20240600
2024-04-19 16:00:00,7953.5,,,20240500,20240600,20240600
2024-04-19 17:00:00,7960.5,,,20240500,20240600,20240600
2024-04-19 18:00:00,7935.0,,,20240500,20240600,20240600
2024-04-19 19:00:00,7954.5,,,20240500,20240600,20240600
2024-04-22 05:00:00,7983.0,7940.5,7940.5,20240500,20240600,20240600
2024-04-22 06:00:00,8005.5,7968.0,7968.0,20240500,20240600,20240600
2024-04-22 07:00:00,7957.5,7953.0,7953.0,20240500,20240600,20240600
2024-04-22 08:00:00,7964.0,7911.0,7911.0,20240500,20240600,20240600
2024-04-22 09:00:00,7984.5,,,20240500,20240600,20240600
2024-04-22 10:00:00,7980.0,,,20240500,20240600,20240600
2024-04-22 11:00:00,7984.5,,,20240500,20240600,20240600
2024-04-22 12:00:00,7991.0,,,20240500,20240600,20240600
2024-04-22 13:00:00,7983.0,,,20240500,20240600,20240600
2024-04-22 14:00:00,7994.0,7947.0,7947.0,20240500,20240600,20240600
2024-04-22 15:00:00,7993.5,7946.5,7946.5,20240500,20240600,20240600
2024-04-22 16:00:00,8003.5,,,20240500,20240600,20240600
2024-04-22 17:00:00,8026.0,,,20240500,20240600,20240600
2024-04-22 18:00:00,8024.5,,,20240500,20240600,20240600
2024-04-22 19:00:00,8012.5,,,20240500,20240600,20240600
2024-04-23 05:00:00,8061.5,8018.0,8018.0,20240500,20240600,20240600
2024-04-23 06:00:00,8020.5,7972.0,7972.0,20240500,20240600,20240600
2024-04-23 07:00:00,8009.5,,,20240500,20240600,20240600
2024-04-23 08:00:00,8018.5,,,20240500,20240600,20240600
2024-04-23 09:00:00,8026.0,,,20240500,20240600,20240600
2024-04-23 10:00:00,8055.0,8007.0,8007.0,20240500,20240600,20240600
2024-04-23 11:00:00,8032.5,8014.5,8014.5,20240500,20240600,20240600
2024-04-23 12:00:00,8041.0,,,20240500,20240600,20240600
2024-04-23 13:00:00,8041.5,,,20240500,20240600,20240600
2024-04-23 14:00:00,8061.0,,,20240500,20240600,20240600
2024-04-23 15:00:00,8052.0,8010.5,8010.5,20240500,20240600,20240600
2024-04-23 16:00:00,8059.0,,,20240500,20240600,20240600
2024-04-23 17:00:00,8070.5,,,20240500,20240600,20240600
2024-04-23 18:00:00,8068.0,,,20240500,20240600,20240600
2024-04-23 19:00:00,8062.0,,,20240500,20240600,20240600
2024-04-24 05:00:00,8046.5,8003.5,8003.5,20240500,20240600,20240600
2024-04-24 06:00:00,8054.0,,,20240500,20240600,20240600
2024-04-24 07:00:00,8067.5,,,20240500,20240600,20240600
2024-04-24 08:00:00,8068.5,8023.5,8023.5,20240500,20240600,20240600
2024-04-24 09:00:00,8081.5,,,20240500,20240600,20240600
2024-04-24 10:00:00,8087.5,,,20240500,20240600,20240600
2024-04-24 11:00:00,8093.5,,,20240500,20240600,20240600
2024-04-24 12:00:00,8085.5,8047.0,8047.0,20240500,20240600,20240600
2024-04-24 13:00:00,8063.5,,,20240500,20240600,20240600
2024-04-24 14:00:00,8037.0,8014.5,8014.5,20240500,20240600,20240600
2024-04-24 15:00:00,8035.0,8007.5,8007.5,20240500,20240600,20240600
2024-04-24 16:00:00,8043.5,7994.5,7994.5,20240500,20240600,20240600
2024-04-24 17:00:00,8064.0,,,20240500,20240600,20240600
2024-04-24 18:00:00,8045.0,,,20240500,20240600,20240600
2024-04-24 19:00:00,8053.0,8015.5,8015.5,20240500,20240600,20240600
2024-04-25 05:00:00,7967.5,7924.5,7924.5,20240500,20240600,20240600
2024-04-25 06:00:00,8048.0,7985.5,7985.5,20240500,20240600,20240600
2024-04-25 07:00:00,8017.5,7987.5,7987.5,20240500,20240600,20240600
2024-04-25 08:00:00,8011.0,,,20240500,20240600,20240600
2024-04-25 09:00:00,7997.5,,,20240500,20240600,20240600
2024-04-25 10:00:00,7967.5,,,20240500,20240600,20240600
2024-04-25 11:00:00,7980.5,,,20240500,20240600,20240600
2024-04-25 12:00:00,7928.5,,,20240500,20240600,20240600
2024-04-25 13:00:00,7915.5,,,20240500,20240600,20240600
2024-04-25 14:00:00,7966.5,7902.0,7902.0,20240500,20240600,20240600
2024-04-25 15:00:00,7970.0,7930.5,7930.5,20240500,20240600,20240600
2024-04-25 16:00:00,7965.0,,,20240500,20240600,20240600
2024-04-25 17:00:00,7984.0,,,20240500,20240600,20240600
2024-04-25 18:00:00,7981.0,,,20240500,20240600,20240600
2024-04-25 19:00:00,7988.5,,,20240500,20240600,20240600
2024-04-26 05:00:00,8045.0,8001.5,8001.5,20240500,20240600,20240600
2024-04-26 06:00:00,8028.0,,,20240500,20240600,20240600
2024-04-26 07:00:00,7996.0,,,20240500,20240600,20240600
2024-04-26 08:00:00,7993.0,,,20240500,20240600,20240600
2024-04-26 09:00:00,7994.5,7946.0,7946.0,20240500,20240600,20240600
2024-04-26 10:00:00,7995.5,,,20240500,20240600,20240600
2024-04-26 11:00:00,8001.5,,,20240500,20240600,20240600
2024-04-26 12:00:00,8013.0,7979.0,7979.0,20240500,20240600,20240600
2024-04-26 13:00:00,8047.5,,,20240500,20240600,20240600
2024-04-26 14:00:00,8050.5,,,20240500,20240600,20240600
2024-04-26 15:00:00,8052.0,8010.5,8010.5,20240500,20240600,20240600
2024-04-26 16:00:00,8062.0,,,20240500,20240600,20240600
2024-04-26 17:00:00,8067.5,,,20240500,20240600,20240600
2024-04-26 18:00:00,8069.0,,,20240500,20240600,20240600
2024-04-26 19:00:00,8061.0,8006.0,8006.0,20240500,20240600,20240600
2024-04-29 05:00:00,8020.0,7976.5,7976.5,20240500,20240600,20240600
2024-04-29 06:00:00,8068.0,8028.5,8028.5,20240500,20240600,20240600
2024-04-29 07:00:00,8075.0,8021.0,8021.0,20240500,20240600,20240600
2024-04-29 08:00:00,8063.0,,,20240500,20240600,20240600
2024-04-29 09:00:00,8050.5,8000.0,8000.0,20240500,20240600,20240600
2024-04-29 10:00:00,8052.0,,,20240500,20240600,20240600
2024-04-29 11:00:00,8051.5,8008.5,8008.5,20240500,20240600,20240600
2024-04-29 12:00:00,8050.5,8008.5,8008.5,20240500,20240600,20240600
2024-04-29 13:00:00,8029.0,7988.0,7988.0,20240500,20240600,20240600
2024-04-29 14:00:00,8034.0,7990.5,7990.5,20240500,20240600,20240600
2024-04-29 15:00:00,8023.5,7971.0,7971.0,20240500,20240600,20240600
2024-04-29 16:00:00,8026.0,,,20240500,20240600,20240600
2024-04-29 17:00:00,8030.0,,,20240500,20240600,20240600
2024-04-29 18:00:00,8028.5,,,20240500,20240600,20240600
2024-04-29 19:00:00,8027.0,,,20240500,20240600,20240600
2024-04-30 05:00:00,7955.5,7912.5,7912.5,20240500,20240600,20240600
2024-04-30 06:00:00,8046.0,,,20240500,20240600,20240600
2024-04-30 07:00:00,8029.0,7993.8,7993.8,20240500,20240600,20240600
2024-04-30 08:00:00,8007.0,7959.5,7959.5,20240500,20240600,20240600
2024-04-30 09:00:00,8020.5,7966.0,7966.0,20240500,20240600,20240600
2024-04-30 10:00:00,8036.5,7974.0,7974.0,20240500,20240600,20240600
2024-04-30 11:00:00,8024.5,,,20240500,20240600,20240600
2024-04-30 12:00:00,7997.0,,,20240500,20240600,20240600
2024-04-30 13:00:00,7988.0,7943.5,7943.5,20240500,20240600,20240600
2024-04-30 14:00:00,7975.5,7946.0,7946.0,20240500,20240600,20240600
2024-04-30 15:00:00,7959.0,7920.5,7920.5,20240500,20240600,20240600
2024-04-30 16:00:00,7948.0,,,20240500,20240600,20240600
2024-04-30 17:00:00,7957.5,,,20240500,20240600,20240600
2024-04-30 18:00:00,7943.0,,,20240500,20240600,20240600
2024-04-30 19:00:00,7930.5,,,20240500,20240600,20240600
2024-05-01 05:00:00,7930.5,,,20240500,20240600,20240600
2024-05-02 05:00:00,7897.0,7853.0,7853.0,20240500,20240600,20240600
2024-05-02 06:00:00,7947.0,,,20240500,20240600,20240600
2024-05-02 07:00:00,7901.0,7856.5,7856.5,20240500,20240600,20240600
2024-05-02 08:00:00,7894.0,7846.5,7846.5,20240500,20240600,20240600
2024-05-02 09:00:00,7893.5,7856.5,7856.5,20240500,20240600,20240600
2024-05-02 10:00:00,7907.0,,,20240500,20240600,20240600
2024-05-02 11:00:00,7909.5,7877.5,7877.5,20240500,20240600,20240600
2024-05-02 12:00:00,7908.5,7873.0,7873.0,20240500,20240600,20240600
2024-05-02 13:00:00,7917.5,,,20240500,20240600,20240600
2024-05-02 14:00:00,7910.0,,,20240500,20240600,20240600
2024-05-02 15:00:00,7903.0,7855.5,7855.5,20240500,20240600,20240600
2024-05-02 16:00:00,7903.0,,,20240500,20240600,20240600
2024-05-02 17:00:00,7913.0,,,20240500,20240600,20240600
2024-05-02 18:00:00,7929.0,,,20240500,20240600,20240600
2024-05-02 19:00:00,7921.0,,,20240500,20240600,20240600
2024-05-03 05:00:00,7944.0,7900.0,7900.0,20240500,20240600,20240600
2024-05-03 06:00:00,7935.0,,,20240500,20240600,20240600
2024-05-03 07:00:00,7929.5,7886.0,7886.0,20240500,20240600,20240600
2024-05-03 08:00:00,7939.0,7895.3,7895.3,20240500,20240600,20240600
2024-05-03 09:00:00,7951.0,7902.0,7902.0,20240500,20240600,20240600
2024-05-03 10:00:00,7950.5,,,20240500,20240600,20240600
2024-05-03 11:00:00,7942.0,,,20240500,20240600,20240600
2024-05-03 12:00:00,7979.0,7951.0,7951.0,20240500,20240600,20240600
2024-05-03 13:00:00,7978.5,7923.5,7923.5,20240500,20240600,20240600
2024-05-03 14:00:00,7940.0,,,20240500,20240600,20240600
2024-05-03 15:00:00,7950.5,,,20240500,20240600,20240600
2024-05-03 16:00:00,7949.0,,,20240500,20240600,20240600
2024-05-03 17:00:00,7954.0,7910.2,7910.2,20240500,20240600,20240600
2024-05-03 18:00:00,7950.5,,,20240500,20240600,20240600
2024-05-03 19:00:00,7955.5,7910.0,7910.0,20240500,20240600,20240600
2024-05-06 05:00:00,7987.0,7943.0,7943.0,20240500,20240600,20240600
2024-05-06 06:00:00,7966.0,7915.5,7915.5,20240500,20240600,20240600
2024-05-06 07:00:00,7952.0,,,20240500,20240600,20240600
2024-05-06 08:00:00,7968.5,,,20240500,20240600,20240600
2024-05-06 09:00:00,7993.5,,,20240500,20240600,20240600
2024-05-06 10:00:00,8012.5,7964.7,7964.7,20240500,20240600,20240600
2024-05-06 11:00:00,8017.5,,,20240500,20240600,20240600
2024-05-06 12:00:00,8004.5,,,20240500,20240600,20240600
2024-05-06 13:00:00,7982.0,7951.5,7951.5,20240500,20240600,20240600
2024-05-06 14:00:00,7984.5,,,20240500,20240600,20240600
2024-05-06 15:00:00,7991.5,,,20240500,20240600,20240600
2024-05-06 16:00:00,7997.0,,,20240500,20240600,20240600
2024-05-06 17:00:00,8003.0,,,20240500,20240600,20240600
2024-05-06 18:00:00,8002.0,,,20240500,20240600,20240600
2024-05-06 19:00:00,8006.5,,,20240500,20240600,20240600
2024-05-07 05:00:00,8066.5,8022.5,8022.5,20240500,20240600,20240600
2024-05-07 06:00:00,8022.0,7980.0,7980.0,20240500,20240600,20240600
2024-05-07 07:00:00,8003.0,7983.0,7983.0,20240500,20240600,20240600
2024-05-07 08:00:00,8011.0,7950.5,7950.5,20240500,20240600,20240600
2024-05-07 09:00:00,8012.0,,,20240500,20240600,20240600
2024-05-07 10:00:00,8018.5,7971.0,7971.0,20240500,20240600,20240600
2024-05-07 11:00:00,8009.0,7959.5,7959.5,20240500,20240600,20240600
2024-05-07 12:00:00,8026.5,7971.5,7971.5,20240500,20240600,20240600
2024-05-07 13:00:00,8039.0,8006.0,8006.0,20240500,20240600,20240600
2024-05-07 14:00:00,8059.5,8017.5,8017.5,20240500,20240600,20240600
2024-05-07 15:00:00,8072.0,8021.0,8021.0,20240500,20240600,20240600
2024-05-07 16:00:00,8072.5,8030.5,8030.5,20240500,20240600,20240600
2024-05-07 17:00:00,8069.0,,,20240500,20240600,20240600
2024-05-07 18:00:00,8071.5,,,20240500,20240600,20240600
2024-05-07 19:00:00,8071.0,,,20240500,20240600,20240600
2024-05-08 05:00:00,8125.0,8081.0,8081.0,20240500,20240600,20240600
2024-05-08 06:00:00,8080.5,,,20240500,20240600,20240600
2024-05-08 07:00:00,8113.0,8080.0,8080.0,20240500,20240600,20240600
2024-05-08 08:00:00,8134.0,8089.5,8089.5,20240500,20240600,20240600
2024-05-08 09:00:00,8141.0,8104.0,8104.0,20240500,20240600,20240600
2024-05-08 10:00:00,8144.5,8099.0,8099.0,20240500,20240600,20240600
2024-05-08 11:00:00,8137.5,8100.5,8100.5,20240500,20240600,20240600
2024-05-08 12:00:00,8115.5,,,20240500,20240600,20240600
2024-05-08 13:00:00,8141.5,8081.5,8081.5,20240500,20240600,20240600
2024-05-08 14:00:00,8134.5,8097.5,8097.5,20240500,20240600,20240600
2024-05-08 15:00:00,8123.5,8089.5,8089.5,20240500,20240600,20240600
2024-05-08 16:00:00,8127.0,8081.5,8081.5,20240500,20240600,20240600
2024-05-08 17:00:00,8134.0,,,20240500,20240600,20240600
2024-05-08 18:00:00,8129.0,,,20240500,20240600,20240600
2024-05-08 19:00:00,8136.5,,,20240500,20240600,20240600
2024-05-09 05:00:00,8177.0,8134.0,8134.0,20240500,20240600,20240600
2024-05-09 06:00:00,8111.0,8070.5,8070.5,20240500,20240600,20240600
2024-05-09 07:00:00,8114.0,8070.0,8070.0,20240500,20240600,20240600
2024-05-09 08:00:00,8115.5,8072.0,8072.0,20240500,20240600,20240600
2024-05-09 09:00:00,8111.0,8063.7,8063.7,20240500,20240600,20240600
2024-05-09 10:00:00,8122.0,8079.5,8079.5,20240500,20240600,20240600
2024-05-09 11:00:00,8136.0,8093.0,8093.0,20240500,20240600,20240600
2024-05-09 12:00:00,8142.5,8103.0,8103.0,20240500,20240600,20240600
2024-05-09 13:00:00,8163.5,8130.0,8130.0,20240500,20240600,20240600
2024-05-09 14:00:00,8174.5,8131.0,8131.0,20240500,20240600,20240600
2024-05-09 15:00:00,8180.0,8138.0,8138.0,20240500,20240600,20240600
2024-05-09 16:00:00,8189.5,8148.2,8148.2,20240500,20240600,20240600
2024-05-09 17:00:00,8189.0,8146.0,8146.0,20240500,20240600,20240600
2024-05-09 18:00:00,8193.5,8154.0,8154.0,20240500,20240600,20240600
2024-05-09 19:00:00,8194.5,8147.0,8147.0,20240500,20240600,20240600
2024-05-10 05:00:00,8208.0,8165.0,8165.0,20240500,20240600,20240600
2024-05-10 06:00:00,8217.0,8170.0,8170.0,20240500,20240600,20240600
2024-05-10 07:00:00,8222.5,8180.0,8180.0,20240500,20240600,20240600
2024-05-10 08:00:00,8244.5,8201.0,8201.0,20240500,20240600,20240600
2024-05-10 09:00:00,8240.5,8198.5,8198.5,20240500,20240600,20240600
2024-05-10 10:00:00,8237.5,8195.5,8195.5,20240500,20240600,20240600
2024-05-10 11:00:00,8230.5,8181.5,8181.5,20240500,20240600,20240600
2024-05-10 12:00:00,8227.0,8185.2,8185.2,20240500,20240600,20240600
2024-05-10 13:00:00,8216.5,8160.0,8160.0,20240500,20240600,20240600
2024-05-10 14:00:00,8214.0,8171.2,8171.2,20240500,20240600,20240600
2024-05-10 15:00:00,8210.5,8165.0,8165.0,20240500,20240600,20240600
2024-05-10 16:00:00,8209.0,8164.5,8164.5,20240500,20240600,20240600
2024-05-10 17:00:00,8206.5,8163.0,8163.0,20240500,20240600,20240600
2024-05-10 18:00:00,8208.0,8163.0,8163.0,20240500,20240600,20240600
2024-05-10 19:00:00,8212.5,8168.0,8168.0,20240500,20240600,20240600
2024-05-13 05:00:00,8213.0,8170.0,8170.0,20240500,20240600,20240600
2024-05-13 06:00:00,8215.5,8170.5,8170.5,20240500,20240600,20240600
2024-05-13 07:00:00,8213.7,8171.2,8171.2,20240500,20240600,20240600
2024-05-13 08:00:00,8211.2,8168.7,8168.7,20240500,20240600,20240600
2024-05-13 09:00:00,8212.0,8169.0,8169.0,20240500,20240600,20240600
2024-05-13 10:00:00,8204.5,8161.5,8161.5,20240500,20240600,20240600
2024-05-13 11:00:00,8207.0,8163.5,8163.5,20240500,20240600,20240600
2024-05-13 12:00:00,8200.0,8156.5,8156.5,20240500,20240600,20240600
2024-05-13 13:00:00,8211.0,8168.5,8168.5,20240500,20240600,20240600
2024-05-13 14:00:00,8214.5,8171.5,8171.5,20240500,20240600,20240600
2024-05-13 15:00:00,8205.0,8161.5,8161.5,20240500,20240600,20240600
2024-05-13 16:00:00,8203.0,8161.0,8161.0,20240500,20240600,20240600
2024-05-13 17:00:00,8203.0,8159.5,8159.5,20240500,20240600,20240600
2024-05-13 18:00:00,8206.0,8163.0,8163.0,20240500,20240600,20240600
2024-05-13 19:00:00,8210.0,8163.0,8163.0,20240500,20240600,20240600
2024-05-14 05:00:00,8230.0,8187.0,8187.0,20240500,20240600,20240600
2024-05-14 06:00:00,8216.5,8176.0,8176.0,20240500,20240600,20240600
2024-05-14 07:00:00,8207.5,8165.0,8165.0,20240500,20240600,20240600
2024-05-14 08:00:00,8207.5,8164.0,8164.0,20240500,20240600,20240600
2024-05-14 09:00:00,8209.0,8165.0,8165.0,20240500,20240600,20240600
2024-05-14 10:00:00,8211.0,8167.5,8167.5,20240500,20240600,20240600
2024-05-14 11:00:00,8216.5,8173.5,8173.5,20240500,20240600,20240600
2024-05-14 12:00:00,8222.5,8178.5,8178.5,20240500,20240600,20240600
2024-05-14 13:00:00,8228.0,8185.0,8185.0,20240500,20240600,20240600
2024-05-14 14:00:00,8224.0,8181.0,8181.0,20240500,20240600,20240600
2024-05-14 15:00:00,8230.5,8187.5,8187.5,20240500,20240600,20240600
2024-05-14 16:00:00,8230.0,8183.0,8183.0,20240500,20240600,20240600
2024-05-14 17:00:00,8231.0,8188.0,8188.0,20240500,20240600,20240600
2024-05-14 18:00:00,8249.5,8205.0,8205.0,20240500,20240600,20240600
2024-05-14 19:00:00,8249.5,8207.5,8207.5,20240500,20240600,20240600
2024-05-15 05:00:00,8243.0,8200.0,8200.0,20240500,20240600,20240600
2024-05-15 06:00:00,8248.0,8205.0,8205.0,20240500,20240600,20240600
2024-05-15 07:00:00,8225.5,8183.0,8183.0,20240500,20240600,20240600
2024-05-15 08:00:00,8219.5,8176.5,8176.5,20240500,20240600,20240600
2024-05-15 09:00:00,8217.3,8173.8,8173.8,20240500,20240600,20240600
2024-05-15 10:00:00,8210.0,8167.0,8167.0,20240500,20240600,20240600
2024-05-15 11:00:00,8213.5,8170.5,8170.5,20240500,20240600,20240600
2024-05-15 12:00:00,8226.5,8184.0,8184.0,20240500,20240600,20240600
2024-05-15 13:00:00,8233.0,8189.5,8189.5,20240500,20240600,20240600
2024-05-15 14:00:00,8243.0,8200.5,8200.5,20240500,20240600,20240600
2024-05-15 15:00:00,8243.5,8200.5,8200.5,20240500,20240600,20240600
2024-05-15 16:00:00,8246.5,8203.0,8203.0,20240500,20240600,20240600
2024-05-15 17:00:00,8241.5,8197.5,8197.5,20240500,20240600,20240600
2024-05-15 18:00:00,8237.8,8193.5,8193.5,20240500,20240600,20240600
2024-05-15 19:00:00,8246.0,8203.0,8203.0,20240500,20240600,20240600
2024-05-16 05:00:00,8190.0,8146.5,8146.5,20240500,20240600,20240600
2024-05-16 06:00:00,8194.0,,,20240600,20240700,20240700
2024-05-16 07:00:00,8169.0,,,20240600,20240700,20240700
2024-05-16 08:00:00,8157.8,,,20240600,20240700,20240700
2024-05-16 09:00:00,8145.0,,,20240600,20240700,20240700
2024-05-16 10:00:00,8161.5,,,20240600,20240700,20240700
2024-05-16 11:00:00,8164.5,,,20240600,20240700,20240700
2024-05-16 12:00:00,8161.0,,,20240600,20240700,20240700
2024-05-16 13:00:00,8147.7,,,20240600,20240700,20240700
2024-05-16 14:00:00,8154.5,,,20240600,20240700,20240700
2024-05-16 15:00:00,8149.7,,,20240600,20240700,20240700
2024-05-16 16:00:00,8141.5,,,20240600,20240700,20240700
2024-05-16 17:00:00,8130.0,,,20240600,20240700,20240700
2024-05-16 18:00:00,8131.5,,,20240600,20240700,20240700
2024-05-16 19:00:00,8126.0,,,20240600,20240700,20240700
2024-05-17 05:00:00,8124.0,8145.0,8145.0,20240600,20240700,20240700
2024-05-17 06:00:00,8121.0,,,20240600,20240700,20240700
2024-05-17 07:00:00,8109.0,8132.5,8132.5,20240600,20240700,20240700
2024-05-17 08:00:00,8107.0,,,20240600,20240700,20240700
2024-05-17 09:00:00,8118.0,,,20240600,20240700,20240700
2024-05-17 10:00:00,8114.0,,,20240600,20240700,20240700
2024-05-17 11:00:00,8105.5,,,20240600,20240700,20240700
2024-05-17 12:00:00,8103.5,,,20240600,20240700,20240700
2024-05-17 13:00:00,8116.0,8120.0,8120.0,20240600,20240700,20240700
2024-05-17 14:00:00,8125.5,,,20240600,20240700,20240700
2024-05-17 15:00:00,8125.0,,,20240600,20240700,20240700
2024-05-17 16:00:00,8131.5,,,20240600,20240700,20240700
2024-05-17 17:00:00,8130.0,,,20240600,20240700,20240700
2024-05-17 18:00:00,8131.5,,,20240600,20240700,20240700
2024-05-17 19:00:00,8133.0,,,20240600,20240700,20240700
2024-05-20 05:00:00,8157.5,8178.5,8178.5,20240600,20240700,20240700
2024-05-20 06:00:00,8139.0,,,20240600,20240700,20240700
2024-05-20 07:00:00,8159.0,,,20240600,20240700,20240700
2024-05-20 08:00:00,8149.0,,,20240600,20240700,20240700
2024-05-20 09:00:00,8159.5,,,20240600,20240700,20240700
2024-05-20 10:00:00,8166.5,,,20240600,20240700,20240700
2024-05-20 11:00:00,8173.0,,,20240600,20240700,20240700
2024-05-20 12:00:00,8180.5,,,20240600,20240700,20240700
2024-05-20 13:00:00,8163.0,,,20240600,20240700,20240700
2024-05-20 14:00:00,8159.5,,,20240600,20240700,20240700
2024-05-20 15:00:00,8154.5,,,20240600,20240700,20240700
2024-05-20 16:00:00,8153.0,,,20240600,20240700,20240700
2024-05-20 17:00:00,8146.0,,,20240600,20240700,20240700
2024-05-20 18:00:00,8143.0,,,20240600,20240700,20240700
2024-05-20 19:00:00,8140.5,8181.5,8181.5,20240600,20240700,20240700
2024-05-21 05:00:00,8124.5,8145.5,8145.5,20240600,20240700,20240700
2024-05-21 06:00:00,8145.0,,,20240600,20240700,20240700
2024-05-21 07:00:00,8129.5,,,20240600,20240700,20240700
2024-05-21 08:00:00,8114.5,,,20240600,20240700,20240700
2024-05-21 09:00:00,8082.0,,,20240600,20240700,20240700
2024-05-21 10:00:00,8098.0,,,20240600,20240700,20240700
2024-05-21 11:00:00,8098.5,8121.0,8121.0,20240600,20240700,20240700
2024-05-21 12:00:00,8089.5,,,20240600,20240700,20240700
2024-05-21 13:00:00,8102.5,8125.5,8125.5,20240600,20240700,20240700
2024-05-21 14:00:00,8110.5,8130.0,8130.0,20240600,20240700,20240700
2024-05-21 15:00:00,8122.0,,,20240600,20240700,20240700
2024-05-21 16:00:00,8121.0,,,20240600,20240700,20240700
2024-05-21 17:00:00,8127.0,,,20240600,20240700,20240700
2024-05-21 18:00:00,8125.0,,,20240600,20240700,20240700
2024-05-21 19:00:00,8131.0,,,20240600,20240700,20240700
2024-05-22 05:00:00,8078.5,8099.5,8099.5,20240600,20240700,20240700
2024-05-22 06:00:00,8118.0,,,20240600,20240700,20240700
2024-05-22 07:00:00,8090.5,,,20240600,20240700,20240700
2024-05-22 08:00:00,8076.5,,,20240600,20240700,20240700
2024-05-22 09:00:00,8087.5,,,20240600,20240700,20240700
2024-05-22 10:00:00,8076.5,,,20240600,20240700,20240700
2024-05-22 11:00:00,8076.0,,,20240600,20240700,20240700
2024-05-22 12:00:00,8078.5,,,20240600,20240700,20240700
2024-05-22 13:00:00,8083.0,,,20240600,20240700,20240700
2024-05-22 14:00:00,8072.0,8103.5,8103.5,20240600,20240700,20240700
2024-05-22 15:00:00,8075.5,,,20240600,20240700,20240700
2024-05-22 16:00:00,8075.0,,,20240600,20240700,20240700
2024-05-22 17:00:00,8070.5,,,20240600,20240700,20240700
2024-05-22 18:00:00,8057.0,,,20240600,20240700,20240700
2024-05-22 19:00:00,8078.0,,,20240600,20240700,20240700
2024-05-23 05:00:00,8086.0,8107.0,8107.0,20240600,20240700,20240700
2024-05-23 06:00:00,8086.5,,,20240600,20240700,20240700
2024-05-23 07:00:00,8104.5,8125.0,8125.0,20240600,20240700,20240700
2024-05-23 08:00:00,8079.5,,,20240600,20240700,20240700
2024-05-23 09:00:00,8086.5,,,20240600,20240700,20240700
2024-05-23 10:00:00,8098.0,,,20240600,20240700,20240700
2024-05-23 11:00:00,8104.5,,,20240600,20240700,20240700
2024-05-23 12:00:00,8113.0,,,20240600,20240700,20240700
2024-05-23 13:00:00,8081.0,,,20240600,20240700,20240700
2024-05-23 14:00:00,8067.5,,,20240600,20240700,20240700
2024-05-23 15:00:00,8090.0,,,20240600,20240700,20240700
2024-05-23 16:00:00,8078.5,,,20240600,20240700,20240700
2024-05-23 17:00:00,8050.5,8069.5,8069.5,20240600,20240700,20240700
2024-05-23 18:00:00,8031.5,8062.5,8062.5,20240600,20240700,20240700
2024-05-23 19:00:00,8041.0,,,20240600,20240700,20240700
2024-05-24 05:00:00,8078.0,8099.0,8099.0,20240600,20240700,20240700
2024-05-24 06:00:00,8036.5,,,20240600,20240700,20240700
2024-05-24 07:00:00,8051.0,,,20240600,20240700,20240700
2024-05-24 08:00:00,8071.0,,,20240600,20240700,20240700
2024-05-24 09:00:00,8069.5,,,20240600,20240700,20240700
2024-05-24 10:00:00,8068.0,,,20240600,20240700,20240700
2024-05-24 11:00:00,8065.5,,,20240600,20240700,20240700
2024-05-24 12:00:00,8059.5,,,20240600,20240700,20240700
2024-05-24 13:00:00,8055.5,,,20240600,20240700,20240700
2024-05-24 14:00:00,8072.0,,,20240600,20240700,20240700
2024-05-24 15:00:00,8074.0,,,20240600,20240700,20240700
2024-05-24 16:00:00,8080.0,,,20240600,20240700,20240700
2024-05-24 17:00:00,8082.0,,,20240600,20240700,20240700
2024-05-24 18:00:00,8080.5,,,20240600,20240700,20240700
2024-05-24 19:00:00,8082.0,,,20240600,20240700,20240700
2024-05-27 05:00:00,8117.0,8138.0,8138.0,20240600,20240700,20240700
2024-05-27 06:00:00,8077.0,,,20240600,20240700,20240700
2024-05-27 07:00:00,8085.5,,,20240600,20240700,20240700
2024-05-27 08:00:00,8094.0,,,20240600,20240700,20240700
2024-05-27 09:00:00,8090.5,,,20240600,20240700,20240700
2024-05-27 10:00:00,8091.5,,,20240600,20240700,20240700
2024-05-27 11:00:00,8091.5,,,20240600,20240700,20240700
2024-05-27 12:00:00,8101.5,,,20240600,20240700,20240700
2024-05-27 13:00:00,8096.0,,,20240600,20240700,20240700
2024-05-27 14:00:00,8109.0,,,20240600,20240700,20240700
2024-05-27 15:00:00,8126.0,,,20240600,20240700,20240700
2024-05-27 16:00:00,8127.0,,,20240600,20240700,20240700
2024-05-27 17:00:00,8126.0,,,20240600,20240700,20240700
2024-05-27 18:00:00,8129.0,,,20240600,20240700,20240700
2024-05-27 19:00:00,8128.0,,,20240600,20240700,20240700
2024-05-28 05:00:00,8055.0,8077.0,8077.0,20240600,20240700,20240700
2024-05-28 06:00:00,8133.0,,,20240600,20240700,20240700
2024-05-28 07:00:00,8111.0,,,20240600,20240700,20240700
2024-05-28 08:00:00,8116.5,,,20240600,20240700,20240700
2024-05-28 09:00:00,8101.0,8133.5,8133.5,20240600,20240700,20240700
2024-05-28 10:00:00,8084.5,,,20240600,20240700,20240700
2024-05-28 11:00:00,8076.5,,,20240600,20240700,20240700
2024-05-28 12:00:00,8065.0,,,20240600,20240700,20240700
2024-05-28 13:00:00,8054.5,,,20240600,20240700,20240700
2024-05-28 14:00:00,8049.5,,,20240600,20240700,20240700
2024-05-28 15:00:00,8055.0,,,20240600,20240700,20240700
2024-05-28 16:00:00,8048.5,8082.5,8082.5,20240600,20240700,20240700
2024-05-28 17:00:00,8039.0,,,20240600,20240700,20240700
2024-05-28 18:00:00,8035.0,,,20240600,20240700,20240700
2024-05-28 19:00:00,8050.0,,,20240600,20240700,20240700
2024-05-29 05:00:00,7938.0,7960.0,7960.0,20240600,20240700,20240700
2024-05-29 06:00:00,8030.5,,,20240600,20240700,20240700
2024-05-29 07:00:00,7995.5,,,20240600,20240700,20240700
2024-05-29 08:00:00,8011.0,,,20240600,20240700,20240700
2024-05-29 09:00:00,7991.0,,,20240600,20240700,20240700
2024-05-29 10:00:00,7978.5,,,20240600,20240700,20240700
2024-05-29 11:00:00,7965.5,7998.0,7998.0,20240600,20240700,20240700
2024-05-29 12:00:00,7936.0,,,20240600,20240700,20240700
2024-05-29 13:00:00,7963.0,,,20240600,20240700,20240700
2024-05-29 14:00:00,7947.5,7978.5,7978.5,20240600,20240700,20240700
2024-05-29 15:00:00,7952.0,,,20240600,20240700,20240700
2024-05-29 16:00:00,7956.5,,,20240600,20240700,20240700
2024-05-29 17:00:00,7955.0,,,20240600,20240700,20240700
2024-05-29 18:00:00,7949.0,,,20240600,20240700,20240700
2024-05-29 19:00:00,7947.0,,,20240600,20240700,20240700
2024-05-30 05:00:00,7979.0,8001.0,8001.0,20240600,20240700,20240700
2024-05-30 06:00:00,7915.5,,,20240600,20240700,20240700
2024-05-30 07:00:00,7950.0,,,20240600,20240700,20240700
2024-05-30 08:00:00,7955.5,,,20240600,20240700,20240700
2024-05-30 09:00:00,7949.5,,,20240600,20240700,20240700
2024-05-30 10:00:00,7955.0,,,20240600,20240700,20240700
2024-05-30 11:00:00,7954.0,,,20240600,20240700,20240700
2024-05-30 12:00:00,7959.0,,,20240600,20240700,20240700
2024-05-30 13:00:00,7969.5,,,20240600,20240700,20240700
2024-05-30 14:00:00,7974.5,,,20240600,20240700,20240700
2024-05-30 15:00:00,7978.0,7994.5,7994.5,20240600,20240700,20240700
2024-05-30 16:00:00,7992.0,,,20240600,20240700,20240700
2024-05-30 17:00:00,7993.0,,,20240600,20240700,20240700
2024-05-30 18:00:00,7989.5,,,20240600,20240700,20240700
2024-05-30 19:00:00,7987.0,,,20240600,20240700,20240700
2024-05-31 05:00:00,7994.0,8016.0,8016.0,20240600,20240700,20240700
2024-05-31 06:00:00,7980.5,,,20240600,20240700,20240700
2024-05-31 07:00:00,7976.5,,,20240600,20240700,20240700
2024-05-31 08:00:00,7983.0,,,20240600,20240700,20240700
2024-05-31 09:00:00,7977.5,,,20240600,20240700,20240700
2024-05-31 10:00:00,7982.0,,,20240600,20240700,20240700
2024-05-31 11:00:00,7976.5,,,20240600,20240700,20240700
2024-05-31 12:00:00,7987.5,8011.0,8011.0,20240600,20240700,20240700
2024-05-31 13:00:00,7988.5,,,20240600,20240700,20240700
2024-05-31 14:00:00,7986.0,,,20240600,20240700,20240700
2024-05-31 15:00:00,7993.0,,,20240600,20240700,20240700
2024-05-31 16:00:00,7989.0,,,20240600,20240700,20240700
2024-05-31 17:00:00,7997.0,,,20240600,20240700,20240700
2024-05-31 18:00:00,8004.5,,,20240600,20240700,20240700
2024-05-31 19:00:00,8029.0,8041.0,8041.0,20240600,20240700,20240700
2024-06-03 05:00:00,7998.5,8020.5,8020.5,20240600,20240700,20240700
2024-06-03 06:00:00,8054.0,,,20240600,20240700,20240700
2024-06-03 07:00:00,8005.5,8081.5,8081.5,20240600,20240700,20240700
2024-06-03 08:00:00,8034.0,,,20240600,20240700,20240700
2024-06-03 09:00:00,8019.5,,,20240600,20240700,20240700
2024-06-03 10:00:00,8021.5,8043.5,8043.5,20240600,20240700,20240700
2024-06-03 11:00:00,8022.5,,,20240600,20240700,20240700
2024-06-03 12:00:00,8035.0,8061.5,8061.5,20240600,20240700,20240700
2024-06-03 13:00:00,8023.5,,,20240600,20240700,20240700
2024-06-03 14:00:00,8003.5,,,20240600,20240700,20240700
2024-06-03 15:00:00,7997.0,8029.5,8029.5,20240600,20240700,20240700
2024-06-03 16:00:00,7973.5,,,20240600,20240700,20240700
2024-06-03 17:00:00,7979.0,,,20240600,20240700,20240700
2024-06-03 18:00:00,7982.5,,,20240600,20240700,20240700
2024-06-03 19:00:00,7987.5,,,20240600,20240700,20240700
2024-06-04 05:00:00,7941.0,7963.0,7963.0,20240600,20240700,20240700
2024-06-04 06:00:00,7976.5,,,20240600,20240700,20240700
2024-06-04 07:00:00,7968.0,,,20240600,20240700,20240700
2024-06-04 08:00:00,7938.5,7960.0,7960.0,20240600,20240700,20240700
2024-06-04 09:00:00,7927.5,,,20240600,20240700,20240700
2024-06-04 10:00:00,7930.0,7956.0,7956.0,20240600,20240700,20240700
2024-06-04 11:00:00,7969.0,7983.0,7983.0,20240600,20240700,20240700
2024-06-04 12:00:00,7981.5,,,20240600,20240700,20240700
2024-06-04 13:00:00,7977.5,8007.5,8007.5,20240600,20240700,20240700
2024-06-04 14:00:00,7946.0,,,20240600,20240700,20240700
2024-06-04 15:00:00,7935.5,,,20240600,20240700,20240700
2024-06-04 16:00:00,7950.0,,,20240600,20240700,20240700
2024-06-04 17:00:00,7955.5,,,20240600,20240700,20240700
2024-06-04 18:00:00,7965.5,,,20240600,20240700,20240700
2024-06-04 19:00:00,7968.0,,,20240600,20240700,20240700
2024-06-05 05:00:00,8010.0,8032.0,8032.0,20240600,20240700,20240700
2024-06-05 06:00:00,7985.5,,,20240600,20240700,20240700
2024-06-05 07:00:00,7976.0,,,20240600,20240700,20240700
2024-06-05 08:00:00,7965.5,,,20240600,20240700,20240700
2024-06-05 09:00:00,7984.5,,,20240600,20240700,20240700
2024-06-05 10:00:00,8002.0,,,20240600,20240700,20240700
2024-06-05 11:00:00,8017.5,,,20240600,20240700,20240700
2024-06-05 12:00:00,8035.0,8043.5,8043.5,20240600,20240700,20240700
2024-06-05 13:00:00,8013.0,8028.0,8028.0,20240600,20240700,20240700
2024-06-05 14:00:00,8003.5,8031.3,8031.3,20240600,20240700,20240700
2024-06-05 15:00:00,8020.5,8042.0,8042.0,20240600,20240700,20240700
2024-06-05 16:00:00,8017.5,,,20240600,20240700,20240700
2024-06-05 17:00:00,8022.5,,,20240600,20240700,20240700
2024-06-05 18:00:00,8033.5,,,20240600,20240700,20240700
2024-06-05 19:00:00,8036.5,,,20240600,20240700,20240700
2024-06-06 05:00:00,8040.5,8062.5,8062.5,20240600,20240700,20240700
2024-06-06 06:00:00,8041.5,8054.0,8054.0,20240600,20240700,20240700
2024-06-06 07:00:00,8035.5,8052.5,8052.5,20240600,20240700,20240700
2024-06-06 08:00:00,8032.5,8074.5,8074.5,20240600,20240700,20240700
2024-06-06 09:00:00,8039.0,8063.5,8063.5,20240600,20240700,20240700
2024-06-06 10:00:00,8047.5,8065.0,8065.0,20240600,20240700,20240700
2024-06-06 11:00:00,8052.5,8073.0,8073.0,20240600,20240700,20240700
2024-06-06 12:00:00,8037.0,8040.5,8040.5,20240600,20240700,20240700
2024-06-06 13:00:00,8039.0,8056.5,8056.5,20240600,20240700,20240700
2024-06-06 14:00:00,8038.5,,,20240600,20240700,20240700
2024-06-06 15:00:00,8037.5,8057.5,8057.5,20240600,20240700,20240700
2024-06-06 16:00:00,8031.5,,,20240600,20240700,20240700
2024-06-06 17:00:00,8035.5,8058.0,8058.0,20240600,20240700,20240700
2024-06-06 18:00:00,8039.0,8051.5,8051.5,20240600,20240700,20240700
2024-06-06 19:00:00,8041.0,8058.5,8058.5,20240600,20240700,20240700
2024-06-07 05:00:00,8001.5,8023.5,8023.5,20240600,20240700,20240700
2024-06-07 06:00:00,8041.5,,,20240600,20240700,20240700
2024-06-07 07:00:00,8013.0,8035.0,8035.0,20240600,20240700,20240700
2024-06-07 08:00:00,7979.5,8031.0,8031.0,20240600,20240700,20240700
2024-06-07 09:00:00,7987.5,8002.5,8002.5,20240600,20240700,20240700
2024-06-07 10:00:00,7962.0,7990.0,7990.0,20240600,20240700,20240700
2024-06-07 11:00:00,7968.5,7979.7,7979.7,20240600,20240700,20240700
2024-06-07 12:00:00,7955.0,7966.0,7966.0,20240600,20240700,20240700
2024-06-07 13:00:00,7999.0,7996.2,7996.2,20240600,20240700,20240700
2024-06-07 14:00:00,8010.5,,,20240600,20240700,20240700
2024-06-07 15:00:00,8009.0,8023.5,8023.5,20240600,20240700,20240700
2024-06-07 16:00:00,8012.5,,,20240600,20240700,20240700
2024-06-07 17:00:00,8005.5,,,20240600,20240700,20240700
2024-06-07 18:00:00,7999.5,,,20240600,20240700,20240700
2024-06-07 19:00:00,7988.5,,,20240600,20240700,20240700
2024-06-10 05:00:00,7896.0,7918.0,7918.0,20240600,20240700,20240700
2024-06-10 06:00:00,7827.5,7849.5,7849.5,20240600,20240700,20240700
2024-06-10 07:00:00,7880.0,7900.5,7900.5,20240600,20240700,20240700
2024-06-10 08:00:00,7850.5,7888.5,7888.5,20240600,20240700,20240700
2024-06-10 09:00:00,7835.5,7852.5,7852.5,20240600,20240700,20240700
2024-06-10 10:00:00,7857.5,7877.8,7877.8,20240600,20240700,20240700
2024-06-10 11:00:00,7872.0,,,20240600,20240700,20240700
2024-06-10 12:00:00,7868.5,7896.0,7896.0,20240600,20240700,20240700
2024-06-10 13:00:00,7855.0,,,20240600,20240700,20240700
2024-06-10 14:00:00,7860.0,,,20240600,20240700,20240700
2024-06-10 15:00:00,7898.5,7911.5,7911.5,20240600,20240700,20240700
2024-06-10 16:00:00,7898.5,,,20240600,20240700,20240700
2024-06-10 17:00:00,7906.5,7924.0,7924.0,20240600,20240700,20240700
2024-06-10 18:00:00,7910.5,,,20240600,20240700,20240700
2024-06-10 19:00:00,7910.5,,,20240600,20240700,20240700
2024-06-11 05:00:00,7790.5,7812.0,7812.0,20240600,20240700,20240700
2024-06-11 06:00:00,7918.5,7936.0,7936.0,20240600,20240700,20240700
2024-06-11 07:00:00,7918.5,7943.5,7943.5,20240600,20240700,20240700
2024-06-11 08:00:00,7889.5,7919.0,7919.0,20240600,20240700,20240700
2024-06-11 09:00:00,7826.0,7879.0,7879.0,20240600,20240700,20240700
2024-06-11 10:00:00,7826.5,7845.5,7845.5,20240600,20240700,20240700
2024-06-11 11:00:00,7800.0,7815.5,7815.5,20240600,20240700,20240700
2024-06-11 12:00:00,7798.0,7810.5,7810.5,20240600,20240700,20240700
2024-06-11 13:00:00,7797.0,7816.0,7816.0,20240600,20240700,20240700
2024-06-11 14:00:00,7796.0,7817.5,7817.5,20240600,20240700,20240700
2024-06-11 15:00:00,7782.0,7803.0,7803.0,20240600,20240700,20240700
2024-06-11 16:00:00,7789.0,7799.5,7799.5,20240600,20240700,20240700
2024-06-11 17:00:00,7797.0,,,20240600,20240700,20240700
2024-06-11 18:00:00,7810.0,,,20240600,20240700,20240700
2024-06-11 19:00:00,7797.0,,,20240600,20240700,20240700
2024-06-12 05:00:00,7865.0,7886.5,7886.5,20240600,20240700,20240700
2024-06-12 06:00:00,7808.0,7843.0,7843.0,20240600,20240700,20240700
2024-06-12 07:00:00,7823.5,7842.0,7842.0,20240600,20240700,20240700
2024-06-12 08:00:00,7809.5,7838.5,7838.5,20240600,20240700,20240700
2024-06-12 09:00:00,7810.5,7836.5,7836.5,20240600,20240700,20240700
2024-06-12 10:00:00,7815.5,7835.7,7835.7,20240600,20240700,20240700
2024-06-12 11:00:00,7832.5,7850.5,7850.5,20240600,20240700,20240700
2024-06-12 12:00:00,7853.0,7873.0,7873.0,20240600,20240700,20240700
2024-06-12 13:00:00,7866.5,7887.0,7887.0,20240600,20240700,20240700
2024-06-12 14:00:00,7864.0,7884.5,7884.5,20240600,20240700,20240700
2024-06-12 15:00:00,7865.0,7891.5,7891.5,20240600,20240700,20240700
2024-06-12 16:00:00,7864.0,,,20240600,20240700,20240700
2024-06-12 17:00:00,7860.0,,,20240600,20240700,20240700
2024-06-12 18:00:00,7863.0,,,20240600,20240700,20240700
2024-06-12 19:00:00,7856.5,,,20240600,20240700,20240700
2024-06-13 05:00:00,7705.5,7727.0,7727.0,20240600,20240700,20240700
2024-06-13 06:00:00,7856.0,7884.5,7884.5,20240600,20240700,20240700
2024-06-13 07:00:00,7831.5,7853.5,7853.5,20240600,20240700,20240700
2024-06-13 08:00:00,7801.5,7820.5,7820.5,20240600,20240700,20240700
2024-06-13 09:00:00,7779.5,7798.0,7798.0,20240600,20240700,20240700
2024-06-13 10:00:00,7758.0,7779.0,7779.0,20240600,20240700,20240700
2024-06-13 11:00:00,7767.0,7788.5,7788.5,20240600,20240700,20240700
2024-06-13 12:00:00,7769.5,7792.0,7792.0,20240600,20240700,20240700
2024-06-13 13:00:00,7716.0,7738.0,7738.0,20240600,20240700,20240700
2024-06-13 14:00:00,7715.0,7735.5,7735.5,20240600,20240700,20240700
2024-06-13 15:00:00,7701.0,7727.0,7727.0,20240600,20240700,20240700
2024-06-13 16:00:00,7703.0,7715.0,7715.0,20240600,20240700,20240700
2024-06-13 17:00:00,7708.5,7732.0,7732.0,20240600,20240700,20240700
2024-06-13 18:00:00,7716.5,,,20240600,20240700,20240700
2024-06-13 19:00:00,7719.5,,,20240600,20240700,20240700
2024-06-14 05:00:00,7500.0,7520.5,7520.5,20240600,20240700,20240700
2024-06-14 06:00:00,7678.0,7704.0,7704.0,20240600,20240700,20240700
2024-06-14 07:00:00,7611.5,7631.5,7631.5,20240600,20240700,20240700
2024-06-14 08:00:00,7587.0,7607.0,7607.0,20240600,20240700,20240700
2024-06-14 09:00:00,7529.5,7552.5,7552.5,20240600,20240700,20240700
2024-06-14 10:00:00,7516.0,7529.5,7529.5,20240600,20240700,20240700
2024-06-14 11:00:00,7526.0,7545.0,7545.0,20240600,20240700,20240700
2024-06-14 12:00:00,7524.0,7543.5,7543.5,20240600,20240700,20240700
2024-06-14 13:00:00,7503.5,7523.0,7523.0,20240600,20240700,20240700
2024-06-14 14:00:00,7485.5,7507.0,7507.0,20240600,20240700,20240700
2024-06-14 15:00:00,7497.5,7518.0,7518.0,20240600,20240700,20240700
2024-06-14 16:00:00,7496.0,7514.3,7514.3,20240600,20240700,20240700
2024-06-14 17:00:00,7484.0,7522.0,7522.0,20240600,20240700,20240700
2024-06-14 18:00:00,7483.5,7503.5,7503.5,20240600,20240700,20240700
2024-06-14 19:00:00,7489.0,7495.5,7495.5,20240600,20240700,20240700
2024-06-17 05:00:00,7568.0,7588.5,7588.5,20240600,20240700,20240700
2024-06-17 06:00:00,7546.5,,,20240700,20240800,20240800
2024-06-17 07:00:00,7547.2,,,20240700,20240800,20240800
2024-06-17 08:00:00,7531.5,,,20240700,20240800,20240800
2024-06-17 09:00:00,7530.5,,,20240700,20240800,20240800
2024-06-17 10:00:00,7534.0,,,20240700,20240800,20240800
2024-06-17 11:00:00,7555.0,,,20240700,20240800,20240800
2024-06-17 12:00:00,7548.0,,,20240700,20240800,20240800
2024-06-17 13:00:00,7551.5,,,20240700,20240800,20240800
2024-06-17 14:00:00,7585.0,,,20240700,20240800,20240800
2024-06-17 15:00:00,7584.0,,,20240700,20240800,20240800
2024-06-17 16:00:00,7592.0,,,20240700,20240800,20240800
2024-06-17 17:00:00,7609.0,,,20240700,20240800,20240800
2024-06-17 18:00:00,7614.5,,,20240700,20240800,20240800
2024-06-17 19:00:00,7623.5,,,20240700,20240800,20240800
2024-06-18 05:00:00,7644.5,7667.5,7667.5,20240700,20240800,20240800
2024-06-18 06:00:00,7645.0,,,20240700,20240800,20240800
2024-06-18 07:00:00,7597.0,,,20240700,20240800,20240800
2024-06-18 08:00:00,7599.0,,,20240700,20240800,20240800
2024-06-18 09:00:00,7617.5,,,20240700,20240800,20240800
2024-06-18 10:00:00,7626.5,,,20240700,20240800,20240800
2024-06-18 11:00:00,7616.0,,,20240700,20240800,20240800
2024-06-18 12:00:00,7634.8,,,20240700,20240800,20240800
2024-06-18 13:00:00,7630.0,,,20240700,20240800,20240800
2024-06-18 14:00:00,7642.5,,,20240700,20240800,20240800
2024-06-18 15:00:00,7652.0,,,20240700,20240800,20240800
2024-06-18 16:00:00,7655.0,,,20240700,20240800,20240800
2024-06-18 17:00:00,7654.0,,,20240700,20240800,20240800
2024-06-18 18:00:00,7647.0,,,20240700,20240800,20240800
2024-06-18 19:00:00,7657.2,,,20240700,20240800,20240800
2024-06-19 05:00:00,7592.0,7616.5,7616.5,20240700,20240800,20240800
2024-06-19 06:00:00,7641.5,,,20240700,20240800,20240800
2024-06-19 07:00:00,7642.5,,,20240700,20240800,20240800
2024-06-19 08:00:00,7610.0,,,20240700,20240800,20240800
2024-06-19 09:00:00,7611.0,,,20240700,20240800,20240800
2024-06-19 10:00:00,7607.5,,,20240700,20240800,20240800
2024-06-19 11:00:00,7618.0,,,20240700,20240800,20240800
2024-06-19 12:00:00,7606.5,,,20240700,20240800,20240800
2024-06-19 13:00:00,7604.0,,,20240700,20240800,20240800
2024-06-19 14:00:00,7598.5,,,20240700,20240800,20240800
2024-06-19 15:00:00,7590.2,,,20240700,20240800,20240800
2024-06-19 16:00:00,7583.0,,,20240700,20240800,20240800
2024-06-19 17:00:00,7585.0,,,20240700,20240800,20240800
2024-06-19 18:00:00,7585.0,,,20240700,20240800,20240800
2024-06-19 19:00:00,7591.7,,,20240700,20240800,20240800
2024-06-20 05:00:00,7692.5,7716.5,7716.5,20240700,20240800,20240800
2024-06-20 06:00:00,7604.5,,,20240700,20240800,20240800
2024-06-20 07:00:00,7624.5,,,20240700,20240800,20240800
2024-06-20 08:00:00,7626.7,,,20240700,20240800,20240800
2024-06-20 09:00:00,7653.5,,,20240700,20240800,20240800
2024-06-20 10:00:00,7654.0,,,20240700,20240800,20240800
2024-06-20 11:00:00,7656.0,,,20240700,20240800,20240800
2024-06-20 12:00:00,7652.5,,,20240700,20240800,20240800
2024-06-20 13:00:00,7684.5,,,20240700,20240800,20240800
2024-06-20 14:00:00,7703.0,,,20240700,20240800,20240800
2024-06-20 15:00:00,7682.0,,,20240700,20240800,20240800
2024-06-20 16:00:00,7684.5,,,20240700,20240800,20240800
2024-06-20 17:00:00,7684.5,,,20240700,20240800,20240800
2024-06-20 18:00:00,7692.5,,,20240700,20240800,20240800
2024-06-20 19:00:00,7697.5,,,20240700,20240800,20240800
2024-06-21 05:00:00,7647.5,7671.0,7671.0,20240700,20240800,20240800
2024-06-21 06:00:00,7677.5,,,20240700,20240800,20240800
2024-06-21 07:00:00,7682.0,,,20240700,20240800,20240800
2024-06-21 08:00:00,7655.5,,,20240700,20240800,20240800
2024-06-21 09:00:00,7646.0,,,20240700,20240800,20240800
2024-06-21 10:00:00,7648.0,,,20240700,20240800,20240800
2024-06-21 11:00:00,7640.5,,,20240700,20240800,20240800
2024-06-21 12:00:00,7650.5,,,20240700,20240800,20240800
2024-06-21 13:00:00,7641.0,,,20240700,20240800,20240800
2024-06-21 14:00:00,7670.0,,,20240700,20240800,20240800
2024-06-21 15:00:00,7650.0,,,20240700,20240800,20240800
2024-06-21 16:00:00,7657.5,,,20240700,20240800,20240800
2024-06-21 17:00:00,7653.0,,,20240700,20240800,20240800
2024-06-21 18:00:00,7651.5,,,20240700,20240800,20240800
2024-06-21 19:00:00,7642.5,,,20240700,20240800,20240800
2024-06-24 05:00:00,7725.0,7748.0,7748.0,20240700,20240800,20240800
2024-06-24 06:00:00,7650.0,,,20240700,20240800,20240800
2024-06-24 07:00:00,7690.5,,,20240700,20240800,20240800
2024-06-24 08:00:00,7697.0,7748.0,7748.0,20240700,20240800,20240800
2024-06-24 09:00:00,7690.5,,,20240700,20240800,20240800
2024-06-24 10:00:00,7709.0,,,20240700,20240800,20240800
2024-06-24 11:00:00,7713.5,,,20240700,20240800,20240800
2024-06-24 12:00:00,7707.0,,,20240700,20240800,20240800
2024-06-24 13:00:00,7736.0,,,20240700,20240800,20240800
2024-06-24 14:00:00,7737.0,,,20240700,20240800,20240800
2024-06-24 15:00:00,7723.5,,,20240700,20240800,20240800
2024-06-24 16:00:00,7718.0,,,20240700,20240800,20240800
2024-06-24 17:00:00,7697.0,,,20240700,20240800,20240800
2024-06-24 18:00:00,7708.5,,,20240700,20240800,20240800
2024-06-24 19:00:00,7692.0,,,20240700,20240800,20240800
2024-06-25 05:00:00,7680.0,7703.0,7703.0,20240700,20240800,20240800
2024-06-25 06:00:00,7668.5,,,20240700,20240800,20240800
2024-06-25 07:00:00,7676.5,,,20240700,20240800,20240800
2024-06-25 08:00:00,7672.0,,,20240700,20240800,20240800
2024-06-25 09:00:00,7673.0,,,20240700,20240800,20240800
2024-06-25 10:00:00,7666.0,,,20240700,20240800,20240800
2024-06-25 11:00:00,7657.5,,,20240700,20240800,20240800
2024-06-25 12:00:00,7658.5,,,20240700,20240800,20240800
2024-06-25 13:00:00,7655.5,,,20240700,20240800,20240800
2024-06-25 14:00:00,7668.5,,,20240700,20240800,20240800
2024-06-25 15:00:00,7686.5,,,20240700,20240800,20240800
2024-06-25 16:00:00,7682.5,,,20240700,20240800,20240800
2024-06-25 17:00:00,7697.5,,,20240700,20240800,20240800
2024-06-25 18:00:00,7699.5,,,20240700,20240800,20240800
2024-06-25 19:00:00,7701.5,,,20240700,20240800,20240800
2024-06-26 05:00:00,7626.0,7649.0,7649.0,20240700,20240800,20240800
2024-06-26 06:00:00,7717.5,,,20240700,20240800,20240800
2024-06-26 07:00:00,7716.5,,,20240700,20240800,20240800
2024-06-26 08:00:00,7700.5,,,20240700,20240800,20240800
2024-06-26 09:00:00,7670.0,,,20240700,20240800,20240800
2024-06-26 10:00:00,7642.0,,,20240700,20240800,20240800
2024-06-26 11:00:00,7621.0,,,20240700,20240800,20240800
2024-06-26 12:00:00,7579.5,,,20240700,20240800,20240800
2024-06-26 13:00:00,7613.0,,,20240700,20240800,20240800
2024-06-26 14:00:00,7635.5,,,20240700,20240800,20240800
2024-06-26 15:00:00,7638.5,,,20240700,20240800,20240800
2024-06-26 16:00:00,7641.0,,,20240700,20240800,20240800
2024-06-26 17:00:00,7638.5,,,20240700,20240800,20240800
2024-06-26 18:00:00,7637.0,,,20240700,20240800,20240800
2024-06-26 19:00:00,7634.5,,,20240700,20240800,20240800
2024-06-27 05:00:00,7544.5,7567.5,7567.5,20240700,20240800,20240800
2024-06-27 06:00:00,7629.0,,,20240700,20240800,20240800
2024-06-27 07:00:00,7625.5,,,20240700,20240800,20240800
2024-06-27 08:00:00,7613.0,,,20240700,20240800,20240800
2024-06-27 09:00:00,7588.5,,,20240700,20240800,20240800
2024-06-27 10:00:00,7585.5,,,20240700,20240800,20240800
2024-06-27 11:00:00,7580.5,,,20240700,20240800,20240800
2024-06-27 12:00:00,7573.0,,,20240700,20240800,20240800
2024-06-27 13:00:00,7585.5,,,20240700,20240800,20240800
2024-06-27 14:00:00,7568.5,,,20240700,20240800,20240800
2024-06-27 15:00:00,7547.5,,,20240700,20240800,20240800
2024-06-27 16:00:00,7553.5,7571.5,7571.5,20240700,20240800,20240800
2024-06-27 17:00:00,7546.5,,,20240700,20240800,20240800
2024-06-27 18:00:00,7542.5,,,20240700,20240800,20240800
2024-06-27 19:00:00,7552.0,,,20240700,20240800,20240800
2024-06-28 05:00:00,7492.5,7515.5,7515.5,20240700,20240800,20240800
2024-06-28 06:00:00,7560.5,7628.0,7628.0,20240700,20240800,20240800
2024-06-28 07:00:00,7504.5,,,20240700,20240800,20240800
2024-06-28 08:00:00,7509.5,,,20240700,20240800,20240800
2024-06-28 09:00:00,7512.5,,,20240700,20240800,20240800
2024-06-28 10:00:00,7527.5,7547.0,7547.0,20240700,20240800,20240800
2024-06-28 11:00:00,7498.5,,,20240700,20240800,20240800
2024-06-28 12:00:00,7487.0,,,20240700,20240800,20240800
2024-06-28 13:00:00,7488.0,,,20240700,20240800,20240800
2024-06-28 14:00:00,7493.5,,,20240700,20240800,20240800
2024-06-28 15:00:00,7509.5,,,20240700,20240800,20240800
2024-06-28 16:00:00,7502.0,,,20240700,20240800,20240800
2024-06-28 17:00:00,7499.5,,,20240700,20240800,20240800
2024-06-28 18:00:00,7498.5,,,20240700,20240800,20240800
2024-06-28 19:00:00,7513.0,,,20240700,20240800,20240800
2024-07-01 05:00:00,7577.0,7600.0,7600.0,20240700,20240800,20240800
2024-07-01 06:00:00,7684.5,,,20240700,20240800,20240800
2024-07-01 07:00:00,7642.5,,,20240700,20240800,20240800
2024-07-01 08:00:00,7606.5,,,20240700,20240800,20240800
2024-07-01 09:00:00,7600.5,,,20240700,20240800,20240800
2024-07-01 10:00:00,7608.5,,,20240700,20240800,20240800
2024-07-01 11:00:00,7618.5,,,20240700,20240800,20240800
2024-07-01 12:00:00,7623.5,7662.0,7662.0,20240700,20240800,20240800
2024-07-01 13:00:00,7626.5,,,20240700,20240800,20240800
2024-07-01 14:00:00,7592.5,,,20240700,20240800,20240800
2024-07-01 15:00:00,7585.5,,,20240700,20240800,20240800
2024-07-01 16:00:00,7597.0,,,20240700,20240800,20240800
2024-07-01 17:00:00,7597.5,,,20240700,20240800,20240800
2024-07-01 18:00:00,7592.0,,,20240700,20240800,20240800
2024-07-01 19:00:00,7601.0,,,20240700,20240800,20240800
2024-07-01 20:00:00,7597.0,,,20240700,20240800,20240800
2024-07-02 05:00:00,7552.0,7575.0,7575.0,20240700,20240800,20240800
2024-07-02 06:00:00,7547.0,,,20240700,20240800,20240800
2024-07-02 07:00:00,7527.0,,,20240700,20240800,20240800
2024-07-02 08:00:00,7546.5,,,20240700,20240800,20240800
2024-07-02 09:00:00,7518.5,,,20240700,20240800,20240800
2024-07-02 10:00:00,7512.0,,,20240700,20240800,20240800
2024-07-02 11:00:00,7500.5,,,20240700,20240800,20240800
2024-07-02 12:00:00,7528.0,,,20240700,20240800,20240800
2024-07-02 13:00:00,7540.5,,,20240700,20240800,20240800
2024-07-02 14:00:00,7548.5,,,20240700,20240800,20240800
2024-07-02 15:00:00,7546.0,,,20240700,20240800,20240800
2024-07-02 16:00:00,7546.5,,,20240700,20240800,20240800
2024-07-02 17:00:00,7564.5,,,20240700,20240800,20240800
2024-07-02 18:00:00,7565.0,,,20240700,20240800,20240800
2024-07-02 19:00:00,7569.5,,,20240700,20240800,20240800
2024-07-03 05:00:00,7645.5,7668.5,7668.5,20240700,20240800,20240800
2024-07-03 06:00:00,7601.0,,,20240700,20240800,20240800
2024-07-03 07:00:00,7611.5,,,20240700,20240800,20240800
2024-07-03 08:00:00,7627.0,,,20240700,20240800,20240800
2024-07-03 09:00:00,7658.0,,,20240700,20240800,20240800
2024-07-03 10:00:00,7668.0,,,20240700,20240800,20240800
2024-07-03 11:00:00,7672.5,,,20240700,20240800,20240800
2024-07-03 12:00:00,7662.5,,,20240700,20240800,20240800
2024-07-03 13:00:00,7650.5,,,20240700,20240800,20240800
2024-07-03 14:00:00,7650.5,,,20240700,20240800,20240800
2024-07-03 15:00:00,7653.0,,,20240700,20240800,20240800
2024-07-03 16:00:00,7665.5,,,20240700,20240800,20240800
2024-07-03 17:00:00,7667.5,,,20240700,20240800,20240800
2024-07-03 18:00:00,7671.0,,,20240700,20240800,20240800
2024-07-03 19:00:00,7673.5,,,20240700,20240800,20240800
2024-07-04 05:00:00,7706.5,7731.0,7731.0,20240700,20240800,20240800
2024-07-04 06:00:00,7686.0,,,20240700,20240800,20240800
2024-07-04 07:00:00,7687.0,,,20240700,20240800,20240800
2024-07-04 08:00:00,7699.5,7733.0,7733.0,20240700,20240800,20240800
2024-07-04 09:00:00,7701.0,,,20240700,20240800,20240800
2024-07-04 10:00:00,7705.0,,,20240700,20240800,20240800
2024-07-04 11:00:00,7703.5,,,20240700,20240800,20240800
2024-07-04 12:00:00,7709.5,,,20240700,20240800,20240800
2024-07-04 13:00:00,7701.0,,,20240700,20240800,20240800
2024-07-04 14:00:00,7702.5,,,20240700,20240800,20240800
2024-07-04 15:00:00,7727.0,,,20240700,20240800,20240800
2024-07-04 16:00:00,7718.0,,,20240700,20240800,20240800
2024-07-04 17:00:00,7718.0,,,20240700,20240800,20240800
2024-07-04 18:00:00,7717.5,,,20240700,20240800,20240800
2024-07-04 19:00:00,7721.0,,,20240700,20240800,20240800
2024-07-05 05:00:00,7685.0,7709.5,7709.5,20240700,20240800,20240800
2024-07-05 06:00:00,7731.5,,,20240700,20240800,20240800
2024-07-05 07:00:00,7741.0,,,20240700,20240800,20240800
2024-07-05 08:00:00,7736.0,7775.5,7775.5,20240700,20240800,20240800
2024-07-05 09:00:00,7742.5,,,20240700,20240800,20240800
2024-07-05 10:00:00,7728.5,,,20240700,20240800,20240800
2024-07-05 11:00:00,7726.0,,,20240700,20240800,20240800
2024-07-05 12:00:00,7735.5,7779.5,7779.5,20240700,20240800,20240800
2024-07-05 13:00:00,7683.0,,,20240700,20240800,20240800
2024-07-05 14:00:00,7683.5,,,20240700,20240800,20240800
2024-07-05 15:00:00,7678.5,7690.0,7690.0,20240700,20240800,20240800
2024-07-05 16:00:00,7681.5,,,20240700,20240800,20240800
2024-07-05 17:00:00,7687.0,,,20240700,20240800,20240800
2024-07-05 18:00:00,7691.0,,,20240700,20240800,20240800
2024-07-05 19:00:00,7695.5,7714.5,7714.5,20240700,20240800,20240800
2024-07-08 05:00:00,7636.5,7660.0,7660.0,20240700,20240800,20240800
2024-07-08 06:00:00,7645.0,7671.0,7671.0,20240700,20240800,20240800
2024-07-08 07:00:00,7719.5,,,20240700,20240800,20240800
2024-07-08 08:00:00,7731.5,,,20240700,20240800,20240800
2024-07-08 09:00:00,7724.0,7736.0,7736.0,20240700,20240800,20240800
2024-07-08 10:00:00,7689.5,7735.5,7735.5,20240700,20240800,20240800
2024-07-08 11:00:00,7699.5,,,20240700,20240800,20240800
2024-07-08 12:00:00,7699.5,,,20240700,20240800,20240800
2024-07-08 13:00:00,7689.5,7729.5,7729.5,20240700,20240800,20240800
2024-07-08 14:00:00,7649.5,7725.5,7725.5,20240700,20240800,20240800
2024-07-08 15:00:00,7638.5,,,20240700,20240800,20240800
2024-07-08 16:00:00,7633.5,,,20240700,20240800,20240800
2024-07-08 17:00:00,7637.5,,,20240700,20240800,20240800
2024-07-08 18:00:00,7634.5,,,20240700,20240800,20240800
2024-07-08 19:00:00,7633.5,,,20240700,20240800,20240800
2024-07-09 05:00:00,7516.5,7539.5,7539.5,20240700,20240800,20240800
2024-07-09 06:00:00,7613.0,,,20240700,20240800,20240800
2024-07-09 07:00:00,7598.5,7610.0,7610.0,20240700,20240800,20240800
2024-07-09 08:00:00,7605.5,7620.0,7620.0,20240700,20240800,20240800
2024-07-09 09:00:00,7585.0,7621.0,7621.0,20240700,20240800,20240800
2024-07-09 10:00:00,7572.5,,,20240700,20240800,20240800
2024-07-09 11:00:00,7573.5,7589.0,7589.0,20240700,20240800,20240800
2024-07-09 12:00:00,7542.5,7568.0,7568.0,20240700,20240800,20240800
2024-07-09 13:00:00,7530.5,7565.0,7565.0,20240700,20240800,20240800
2024-07-09 14:00:00,7497.5,7557.5,7557.5,20240700,20240800,20240800
2024-07-09 15:00:00,7514.0,7528.0,7528.0,20240700,20240800,20240800
2024-07-09 16:00:00,7521.0,,,20240700,20240800,20240800
2024-07-09 17:00:00,7510.0,,,20240700,20240800,20240800
2024-07-09 18:00:00,7508.5,,,20240700,20240800,20240800
2024-07-09 19:00:00,7509.5,7535.5,7535.5,20240700,20240800,20240800
2024-07-10 05:00:00,7580.5,7603.5,7603.5,20240700,20240800,20240800
2024-07-10 06:00:00,7527.0,,,20240700,20240800,20240800
2024-07-10 07:00:00,7525.0,,,20240700,20240800,20240800
2024-07-10 08:00:00,7545.5,,,20240700,20240800,20240800
2024-07-10 09:00:00,7578.5,,,20240700,20240800,20240800
2024-07-10 10:00:00,7572.0,,,20240700,20240800,20240800
2024-07-10 11:00:00,7564.0,,,20240700,20240800,20240800
2024-07-10 12:00:00,7563.0,,,20240700,20240800,20240800
2024-07-10 13:00:00,7568.0,,,20240700,20240800,20240800
2024-07-10 14:00:00,7576.0,,,20240700,20240800,20240800
2024-07-10 15:00:00,7587.0,,,20240700,20240800,20240800
2024-07-10 16:00:00,7587.5,,,20240700,20240800,20240800
2024-07-10 17:00:00,7589.5,,,20240700,20240800,20240800
2024-07-10 18:00:00,7592.5,,,20240700,20240800,20240800
2024-07-10 19:00:00,7600.5,,,20240700,20240800,20240800
2024-07-11 05:00:00,7632.0,7656.0,7656.0,20240700,20240800,20240800
2024-07-11 06:00:00,7613.0,7635.0,7635.0,20240700,20240800,20240800
2024-07-11 07:00:00,7616.5,7638.0,7638.0,20240700,20240800,20240800
2024-07-11 08:00:00,7626.0,7645.3,7645.3,20240700,20240800,20240800
2024-07-11 09:00:00,7621.5,7651.5,7651.5,20240700,20240800,20240800
2024-07-11 10:00:00,7607.5,7634.7,7634.7,20240700,20240800,20240800
2024-07-11 11:00:00,7602.0,7621.0,7621.0,20240700,20240800,20240800
2024-07-11 12:00:00,7608.5,7634.0,7634.0,20240700,20240800,20240800
2024-07-11 13:00:00,7629.0,7645.0,7645.0,20240700,20240800,20240800
2024-07-11 14:00:00,7642.0,7660.5,7660.5,20240700,20240800,20240800
2024-07-11 15:00:00,7632.5,7659.0,7659.0,20240700,20240800,20240800
2024-07-11 16:00:00,7630.5,7651.0,7651.0,20240700,20240800,20240800
2024-07-11 17:00:00,7628.0,,,20240700,20240800,20240800
2024-07-11 18:00:00,7631.0,,,20240700,20240800,20240800
2024-07-11 19:00:00,7625.0,,,20240700,20240800,20240800
2024-07-12 05:00:00,7729.0,7752.0,7752.0,20240700,20240800,20240800
2024-07-12 06:00:00,7659.5,7677.8,7677.8,20240700,20240800,20240800
2024-07-12 07:00:00,7677.0,7702.0,7702.0,20240700,20240800,20240800
2024-07-12 08:00:00,7694.5,7718.0,7718.0,20240700,20240800,20240800
2024-07-12 09:00:00,7675.5,7695.0,7695.0,20240700,20240800,20240800
2024-07-12 10:00:00,7687.0,7712.5,7712.5,20240700,20240800,20240800
2024-07-12 11:00:00,7691.5,,,20240700,20240800,20240800
2024-07-12 12:00:00,7692.0,7714.0,7714.0,20240700,20240800,20240800
2024-07-12 13:00:00,7703.5,7727.5,7727.5,20240700,20240800,20240800
2024-07-12 14:00:00,7732.5,7756.5,7756.5,20240700,20240800,20240800
2024-07-12 15:00:00,7725.0,7750.0,7750.0,20240700,20240800,20240800
2024-07-12 16:00:00,7720.5,7745.5,7745.5,20240700,20240800,20240800
2024-07-15 05:00:00,7636.0,7659.5,7659.5,20240700,20240800,20240800
2024-07-15 06:00:00,7680.0,7696.5,7696.5,20240700,20240800,20240800
2024-07-15 07:00:00,7684.0,7707.0,7707.0,20240700,20240800,20240800
2024-07-15 08:00:00,7696.5,7720.0,7720.0,20240700,20240800,20240800
2024-07-15 09:00:00,7698.0,7718.0,7718.0,20240700,20240800,20240800
2024-07-15 10:00:00,7689.0,7713.0,7713.0,20240700,20240800,20240800
2024-07-15 11:00:00,7675.0,7696.5,7696.5,20240700,20240800,20240800
2024-07-15 12:00:00,7654.0,7678.0,7678.0,20240700,20240800,20240800
2024-07-15 13:00:00,7643.5,7668.0,7668.0,20240700,20240800,20240800
2024-07-15 14:00:00,7628.0,7652.0,7652.0,20240700,20240800,20240800
2024-07-15 15:00:00,7642.7,7666.7,7666.7,20240700,20240800,20240800
2024-07-15 16:00:00,7629.0,7652.0,7652.0,20240700,20240800,20240800
2024-07-15 17:00:00,7618.5,7642.0,7642.0,20240700,20240800,20240800
2024-07-15 18:00:00,7634.5,7657.7,7657.7,20240700,20240800,20240800
2024-07-15 19:00:00,7622.5,7622.0,7622.0,20240700,20240800,20240800
2024-07-16 05:00:00,7583.0,7606.0,7606.0,20240700,20240800,20240800
2024-07-16 06:00:00,7622.5,,,20240800,20240900,20240900
2024-07-16 07:00:00,7597.0,7656.0,7656.0,20240800,20240900,20240900
2024-07-16 08:00:00,7623.0,7654.0,7654.0,20240800,20240900,20240900
2024-07-16 09:00:00,7600.5,7632.3,7632.3,20240800,20240900,20240900
2024-07-16 10:00:00,7597.0,,,20240800,20240900,20240900
2024-07-16 11:00:00,7595.5,,,20240800,20240900,20240900
2024-07-16 12:00:00,7597.0,7627.5,7627.5,20240800,20240900,20240900
2024-07-16 13:00:00,7593.0,,,20240800,20240900,20240900
2024-07-16 14:00:00,7610.5,7640.5,7640.5,20240800,20240900,20240900
2024-07-16 15:00:00,7604.0,,,20240800,20240900,20240900
2024-07-16 16:00:00,7608.5,7639.0,7639.0,20240800,20240900,20240900
2024-07-16 17:00:00,7613.5,,,20240800,20240900,20240900
2024-07-16 18:00:00,7619.5,,,20240800,20240900,20240900
2024-07-16 19:00:00,7627.2,,,20240800,20240900,20240900
2024-07-17 05:00:00,7598.5,7627.5,7627.5,20240800,20240900,20240900
2024-07-17 06:00:00,7586.5,7626.0,7626.0,20240800,20240900,20240900
2024-07-17 07:00:00,7594.0,7638.3,7638.3,20240800,20240900,20240900
2024-07-17 08:00:00,7590.0,7598.0,7598.0,20240800,20240900,20240900
2024-07-17 09:00:00,7584.8,7589.5,7589.5,20240800,20240900,20240900
2024-07-17 10:00:00,7588.5,,,20240800,20240900,20240900
2024-07-17 11:00:00,7562.5,7580.5,7580.5,20240800,20240900,20240900
2024-07-17 12:00:00,7565.5,7599.5,7599.5,20240800,20240900,20240900
2024-07-17 13:00:00,7607.0,7616.0,7616.0,20240800,20240900,20240900
2024-07-17 14:00:00,7615.7,7633.5,7633.5,20240800,20240900,20240900
2024-07-17 15:00:00,7604.7,7632.5,7632.5,20240800,20240900,20240900
2024-07-17 16:00:00,7600.0,,,20240800,20240900,20240900
2024-07-17 17:00:00,7594.0,,,20240800,20240900,20240900
2024-07-17 18:00:00,7600.5,,,20240800,20240900,20240900
2024-07-17 19:00:00,7597.7,,,20240800,20240900,20240900
2024-07-18 05:00:00,7611.0,7641.0,7641.0,20240800,20240900,20240900
2024-07-18 06:00:00,7637.5,7651.0,7651.0,20240800,20240900,20240900
2024-07-18 07:00:00,7592.5,7619.0,7619.0,20240800,20240900,20240900
2024-07-18 08:00:00,7633.5,,,20240800,20240900,20240900
2024-07-18 09:00:00,7641.0,7669.5,7669.5,20240800,20240900,20240900
2024-07-18 10:00:00,7641.0,,,20240800,20240900,20240900
2024-07-18 11:00:00,7637.0,,,20240800,20240900,20240900
2024-07-18 12:00:00,7672.0,7702.0,7702.0,20240800,20240900,20240900
2024-07-18 13:00:00,7668.0,7706.5,7706.5,20240800,20240900,20240900
2024-07-18 14:00:00,7632.7,7657.5,7657.5,20240800,20240900,20240900
2024-07-18 15:00:00,7613.0,7631.0,7631.0,20240800,20240900,20240900
2024-07-18 16:00:00,7626.0,,,20240800,20240900,20240900
2024-07-18 17:00:00,7607.5,7674.5,7674.5,20240800,20240900,20240900
2024-07-18 18:00:00,7598.0,,,20240800,20240900,20240900
2024-07-18 19:00:00,7603.5,7634.0,7634.0,20240800,20240900,20240900
2024-07-19 05:00:00,7558.5,7589.0,7589.0,20240800,20240900,20240900
2024-07-19 06:00:00,7595.5,7628.0,7628.0,20240800,20240900,20240900
2024-07-19 07:00:00,7564.0,7591.0,7591.0,20240800,20240900,20240900
2024-07-19 08:00:00,7578.5,7608.5,7608.5,20240800,20240900,20240900
2024-07-19 09:00:00,7545.5,7570.5,7570.5,20240800,20240900,20240900
2024-07-19 10:00:00,7561.5,7610.0,7610.0,20240800,20240900,20240900
2024-07-19 11:00:00,7571.5,7604.0,7604.0,20240800,20240900,20240900
2024-07-19 12:00:00,7577.0,,,20240800,20240900,20240900
2024-07-19 13:00:00,7557.0,,,20240800,20240900,20240900
2024-07-19 14:00:00,7561.5,7592.0,7592.0,20240800,20240900,20240900
2024-07-19 15:00:00,7579.5,7594.0,7594.0,20240800,20240900,20240900
2024-07-19 16:00:00,7565.5,7610.5,7610.5,20240800,20240900,20240900
2024-07-19 17:00:00,7566.0,,,20240800,20240900,20240900
2024-07-19 18:00:00,7560.5,,,20240800,20240900,20240900
2024-07-19 19:00:00,7561.0,,,20240800,20240900,20240900
2024-07-22 05:00:00,7644.5,7675.0,7675.0,20240800,20240900,20240900
2024-07-22 06:00:00,7599.0,,,20240800,20240900,20240900
2024-07-22 07:00:00,7589.0,,,20240800,20240900,20240900
2024-07-22 08:00:00,7641.0,,,20240800,20240900,20240900
2024-07-22 09:00:00,7652.5,7674.5,7674.5,20240800,20240900,20240900
2024-07-22 10:00:00,7661.0,,,20240800,20240900,20240900
2024-07-22 11:00:00,7660.0,,,20240800,20240900,20240900
2024-07-22 12:00:00,7660.0,7690.0,7690.0,20240800,20240900,20240900
2024-07-22 13:00:00,7647.0,,,20240800,20240900,20240900
2024-07-22 14:00:00,7655.5,7674.0,7674.0,20240800,20240900,20240900
2024-07-22 15:00:00,7654.5,7688.0,7688.0,20240800,20240900,20240900
2024-07-22 16:00:00,7664.0,,,20240800,20240900,20240900
2024-07-22 17:00:00,7674.5,,,20240800,20240900,20240900
2024-07-22 18:00:00,7674.5,,,20240800,20240900,20240900
2024-07-22 19:00:00,7674.5,,,20240800,20240900,20240900
2024-07-23 05:00:00,7620.0,7650.5,7650.5,20240800,20240900,20240900
2024-07-23 06:00:00,7646.0,7699.0,7699.0,20240800,20240900,20240900
2024-07-23 07:00:00,7608.0,,,20240800,20240900,20240900
2024-07-23 08:00:00,7635.0,,,20240800,20240900,20240900
2024-07-23 09:00:00,7654.0,,,20240800,20240900,20240900
2024-07-23 10:00:00,7679.0,7710.0,7710.0,20240800,20240900,20240900
2024-07-23 11:00:00,7660.5,,,20240800,20240900,20240900
2024-07-23 12:00:00,7632.5,,,20240800,20240900,20240900
2024-07-23 13:00:00,7608.5,7637.0,7637.0,20240800,20240900,20240900
2024-07-23 14:00:00,7611.5,7640.0,7640.0,20240800,20240900,20240900
2024-07-23 15:00:00,7578.5,7604.5,7604.5,20240800,20240900,20240900
2024-07-23 16:00:00,7583.0,7610.5,7610.5,20240800,20240900,20240900
2024-07-23 17:00:00,7587.5,,,20240800,20240900,20240900
2024-07-23 18:00:00,7591.5,,,20240800,20240900,20240900
2024-07-23 19:00:00,7580.0,,,20240800,20240900,20240900
2024-07-24 05:00:00,7534.5,7563.0,7563.0,20240800,20240900,20240900
2024-07-24 06:00:00,7535.5,7568.0,7568.0,20240800,20240900,20240900
2024-07-24 07:00:00,7498.0,7532.5,7532.5,20240800,20240900,20240900
2024-07-24 08:00:00,7514.0,,,20240800,20240900,20240900
2024-07-24 09:00:00,7537.5,,,20240800,20240900,20240900
2024-07-24 10:00:00,7549.0,,,20240800,20240900,20240900
2024-07-24 11:00:00,7544.0,7578.0,7578.0,20240800,20240900,20240900
2024-07-24 12:00:00,7528.5,,,20240800,20240900,20240900
2024-07-24 13:00:00,7541.0,7570.3,7570.3,20240800,20240900,20240900
2024-07-24 14:00:00,7542.5,7576.0,7576.0,20240800,20240900,20240900
2024-07-24 15:00:00,7525.5,7562.0,7562.0,20240800,20240900,20240900
2024-07-24 16:00:00,7517.5,,,20240800,20240900,20240900
2024-07-24 17:00:00,7515.0,7551.5,7551.5,20240800,20240900,20240900
2024-07-24 18:00:00,7501.0,,,20240800,20240900,20240900
2024-07-24 19:00:00,7496.5,7528.0,7528.0,20240800,20240900,20240900
2024-07-25 05:00:00,7445.0,7472.5,7472.5,20240800,20240900,20240900
2024-07-25 06:00:00,7452.5,7450.0,7450.0,20240800,20240900,20240900
2024-07-25 07:00:00,7419.0,7455.0,7455.0,20240800,20240900,20240900
2024-07-25 08:00:00,7418.0,,,20240800,20240900,20240900
2024-07-25 09:00:00,7397.0,7427.0,7427.0,20240800,20240900,20240900
2024-07-25 10:00:00,7384.0,7404.0,7404.0,20240800,20240900,20240900
2024-07-25 11:00:00,7371.0,7410.5,7410.5,20240800,20240900,20240900
2024-07-25 12:00:00,7399.5,7418.0,7418.0,20240800,20240900,20240900
2024-07-25 13:00:00,7411.0,7440.5,7440.5,20240800,20240900,20240900
2024-07-25 14:00:00,7436.0,7463.0,7463.0,20240800,20240900,20240900
2024-07-25 15:00:00,7458.5,7485.0,7485.0,20240800,20240900,20240900
2024-07-25 16:00:00,7482.0,7506.5,7506.5,20240800,20240900,20240900
2024-07-25 17:00:00,7480.0,7503.5,7503.5,20240800,20240900,20240900
2024-07-25 18:00:00,7463.0,7489.0,7489.0,20240800,20240900,20240900
2024-07-25 19:00:00,7446.5,7457.0,7457.0,20240800,20240900,20240900
2024-07-26 05:00:00,7535.5,7564.0,7564.0,20240800,20240900,20240900
2024-07-26 06:00:00,7470.0,7480.0,7480.0,20240800,20240900,20240900
2024-07-26 07:00:00,7488.5,7510.5,7510.5,20240800,20240900,20240900
2024-07-26 08:00:00,7518.0,,,20240800,20240900,20240900
2024-07-26 09:00:00,7506.5,7512.0,7512.0,20240800,20240900,20240900
2024-07-26 10:00:00,7512.5,7542.0,7542.0,20240800,20240900,20240900
2024-07-26 11:00:00,7514.5,,,20240800,20240900,20240900
2024-07-26 12:00:00,7516.0,,,20240800,20240900,20240900
2024-07-26 13:00:00,7520.5,7554.5,7554.5,20240800,20240900,20240900
2024-07-26 14:00:00,7537.5,7560.0,7560.0,20240800,20240900,20240900
2024-07-26 15:00:00,7550.0,7565.7,7565.7,20240800,20240900,20240900
2024-07-26 16:00:00,7556.5,7577.0,7577.0,20240800,20240900,20240900
2024-07-26 17:00:00,7547.0,,,20240800,20240900,20240900
2024-07-26 18:00:00,7542.0,7580.5,7580.5,20240800,20240900,20240900
2024-07-26 19:00:00,7555.0,,,20240800,20240900,20240900
2024-07-29 05:00:00,7460.0,7488.0,7488.0,20240800,20240900,20240900
2024-07-29 06:00:00,7563.0,7597.0,7597.0,20240800,20240900,20240900
2024-07-29 07:00:00,7512.5,7547.5,7547.5,20240800,20240900,20240900
2024-07-29 08:00:00,7511.5,7531.0,7531.0,20240800,20240900,20240900
2024-07-29 09:00:00,7532.0,7560.2,7560.2,20240800,20240900,20240900
2024-07-29 10:00:00,7511.5,7545.5,7545.5,20240800,20240900,20240900
2024-07-29 11:00:00,7505.5,7539.0,7539.0,20240800,20240900,20240900
2024-07-29 12:00:00,7497.0,7537.0,7537.0,20240800,20240900,20240900
2024-07-29 13:00:00,7485.0,7509.0,7509.0,20240800,20240900,20240900
2024-07-29 14:00:00,7460.0,7484.5,7484.5,20240800,20240900,20240900
2024-07-29 15:00:00,7473.5,7479.5,7479.5,20240800,20240900,20240900
2024-07-29 16:00:00,7481.5,,,20240800,20240900,20240900
2024-07-29 17:00:00,7479.0,,,20240800,20240900,20240900
2024-07-29 18:00:00,7475.5,7500.0,7500.0,20240800,20240900,20240900
2024-07-29 19:00:00,7476.0,,,20240800,20240900,20240900
2024-07-30 05:00:00,7490.5,7518.5,7518.5,20240800,20240900,20240900
2024-07-30 06:00:00,7466.0,7479.5,7479.5,20240800,20240900,20240900
2024-07-30 07:00:00,7489.0,,,20240800,20240900,20240900
2024-07-30 08:00:00,7480.0,,,20240800,20240900,20240900
2024-07-30 09:00:00,7490.5,,,20240800,20240900,20240900
2024-07-30 10:00:00,7488.5,7518.0,7518.0,20240800,20240900,20240900
2024-07-30 11:00:00,7487.5,,,20240800,20240900,20240900
2024-07-30 12:00:00,7503.0,7525.5,7525.5,20240800,20240900,20240900
2024-07-30 13:00:00,7506.0,,,20240800,20240900,20240900
2024-07-30 14:00:00,7496.0,,,20240800,20240900,20240900
2024-07-30 15:00:00,7490.0,,,20240800,20240900,20240900
2024-07-30 16:00:00,7476.5,7522.5,7522.5,20240800,20240900,20240900
2024-07-30 17:00:00,7492.0,,,20240800,20240900,20240900
2024-07-30 18:00:00,7492.0,,,20240800,20240900,20240900
2024-07-30 19:00:00,7503.5,,,20240800,20240900,20240900
2024-07-31 05:00:00,7546.0,7574.0,7574.0,20240800,20240900,20240900
2024-07-31 06:00:00,7584.5,7618.0,7618.0,20240800,20240900,20240900
2024-07-31 07:00:00,7574.5,7602.0,7602.0,20240800,20240900,20240900
2024-07-31 08:00:00,7583.5,7602.0,7602.0,20240800,20240900,20240900
2024-07-31 09:00:00,7576.5,,,20240800,20240900,20240900
2024-07-31 10:00:00,7594.5,,,20240800,20240900,20240900
2024-07-31 11:00:00,7570.0,,,20240800,20240900,20240900
2024-07-31 12:00:00,7565.0,7599.0,7599.0,20240800,20240900,20240900
2024-07-31 13:00:00,7536.0,7588.5,7588.5,20240800,20240900,20240900
2024-07-31 14:00:00,7539.5,7582.2,7582.2,20240800,20240900,20240900
2024-07-31 15:00:00,7541.0,7568.0,7568.0,20240800,20240900,20240900
2024-07-31 16:00:00,7549.0,,,20240800,20240900,20240900
2024-07-31 17:00:00,7544.0,,,20240800,20240900,20240900
2024-07-31 18:00:00,7569.0,,,20240800,20240900,20240900
2024-07-31 19:00:00,7536.0,,,20240800,20240900,20240900
2024-08-01 05:00:00,7382.0,7410.0,7410.0,20240800,20240900,20240900
2024-08-01 06:00:00,7491.5,7548.0,7548.0,20240800,20240900,20240900
2024-08-01 07:00:00,7456.5,7490.0,7490.0,20240800,20240900,20240900
2024-08-01 08:00:00,7443.0,7478.0,7478.0,20240800,20240900,20240900
2024-08-01 09:00:00,7472.0,,,20240800,20240900,20240900
2024-08-01 10:00:00,7481.0,,,20240800,20240900,20240900
2024-08-01 11:00:00,7453.0,,,20240800,20240900,20240900
2024-08-01 12:00:00,7445.5,,,20240800,20240900,20240900
2024-08-01 13:00:00,7454.0,,,20240800,20240900,20240900
2024-08-01 14:00:00,7376.5,7409.5,7409.5,20240800,20240900,20240900
2024-08-01 15:00:00,7369.5,7411.0,7411.0,20240800,20240900,20240900
2024-08-01 16:00:00,7365.5,7385.0,7385.0,20240800,20240900,20240900
2024-08-01 17:00:00,7366.0,,,20240800,20240900,20240900
2024-08-01 18:00:00,7352.0,7380.5,7380.5,20240800,20240900,20240900
2024-08-01 19:00:00,7369.0,,,20240800,20240900,20240900
2024-08-02 05:00:00,7262.5,7288.0,7288.0,20240800,20240900,20240900
2024-08-02 06:00:00,7333.5,7342.5,7342.5,20240800,20240900,20240900
2024-08-02 07:00:00,7341.5,7352.5,7352.5,20240800,20240900,20240900
2024-08-02 08:00:00,7357.5,7380.0,7380.0,20240800,20240900,20240900
2024-08-02 09:00:00,7316.5,7340.0,7340.0,20240800,20240900,20240900
2024-08-02 10:00:00,7322.0,7346.5,7346.5,20240800,20240900,20240900
2024-08-02 11:00:00,7329.5,7351.0,7351.0,20240800,20240900,20240900
2024-08-02 12:00:00,7313.5,7341.5,7341.5,20240800,20240900,20240900
2024-08-02 13:00:00,7306.5,7320.5,7320.5,20240800,20240900,20240900
2024-08-02 14:00:00,7266.0,7291.5,7291.5,20240800,20240900,20240900
2024-08-02 15:00:00,7275.5,7297.5,7297.5,20240800,20240900,20240900
2024-08-02 16:00:00,7278.0,,,20240800,20240900,20240900
2024-08-02 17:00:00,7269.0,,,20240800,20240900,20240900
2024-08-02 18:00:00,7282.0,,,20240800,20240900,20240900
2024-08-02 19:00:00,7290.5,,,20240800,20240900,20240900
2024-08-05 05:00:00,7159.0,7184.5,7184.5,20240800,20240900,20240900
2024-08-05 06:00:00,7099.0,7133.5,7133.5,20240800,20240900,20240900
2024-08-05 07:00:00,7111.5,7126.0,7126.0,20240800,20240900,20240900
2024-08-05 08:00:00,7118.5,7146.5,7146.5,20240800,20240900,20240900
2024-08-05 09:00:00,7111.5,7143.5,7143.5,20240800,20240900,20240900
2024-08-05 10:00:00,7103.5,7126.0,7126.0,20240800,20240900,20240900
2024-08-05 11:00:00,7075.5,7145.0,7145.0,20240800,20240900,20240900
2024-08-05 12:00:00,7071.0,7087.0,7087.0,20240800,20240900,20240900
2024-08-05 13:00:00,7111.5,7107.5,7107.5,20240800,20240900,20240900
2024-08-05 14:00:00,7123.0,7160.0,7160.0,20240800,20240900,20240900
2024-08-05 15:00:00,7152.0,7184.5,7184.5,20240800,20240900,20240900
2024-08-05 16:00:00,7149.5,,,20240800,20240900,20240900
2024-08-05 17:00:00,7159.5,7172.5,7172.5,20240800,20240900,20240900
2024-08-05 18:00:00,7148.0,,,20240800,20240900,20240900
2024-08-05 19:00:00,7151.5,,,20240800,20240900,20240900
2024-08-06 05:00:00,7139.0,7164.5,7164.5,20240800,20240900,20240900
2024-08-06 06:00:00,7187.5,7206.0,7206.0,20240800,20240900,20240900
2024-08-06 07:00:00,7157.5,7189.5,7189.5,20240800,20240900,20240900
2024-08-06 08:00:00,7131.0,7160.5,7160.5,20240800,20240900,20240900
2024-08-06 09:00:00,7127.5,7135.0,7135.0,20240800,20240900,20240900
2024-08-06 10:00:00,7141.5,7168.5,7168.5,20240800,20240900,20240900
2024-08-06 11:00:00,7122.0,7170.5,7170.5,20240800,20240900,20240900
2024-08-06 12:00:00,7080.5,7112.0,7112.0,20240800,20240900,20240900
2024-08-06 13:00:00,7129.0,,,20240800,20240900,20240900
2024-08-06 14:00:00,7159.0,7188.0,7188.0,20240800,20240900,20240900
2024-08-06 15:00:00,7151.0,7164.5,7164.5,20240800,20240900,20240900
2024-08-06 16:00:00,7162.5,,,20240800,20240900,20240900
2024-08-06 17:00:00,7171.0,,,20240800,20240900,20240900
2024-08-06 18:00:00,7173.5,7213.5,7213.5,20240800,20240900,20240900
2024-08-06 19:00:00,7154.0,7185.5,7185.5,20240800,20240900,20240900
2024-08-07 05:00:00,7274.0,7301.0,7301.0,20240800,20240900,20240900
2024-08-07 06:00:00,7172.0,7188.0,7188.0,20240800,20240900,20240900
2024-08-07 07:00:00,7202.5,7228.0,7228.0,20240800,20240900,20240900
2024-08-07 08:00:00,7237.0,7257.5,7257.5,20240800,20240900,20240900
2024-08-07 09:00:00,7245.0,7260.2,7260.2,20240800,20240900,20240900
2024-08-07 10:00:00,7257.5,7279.0,7279.0,20240800,20240900,20240900
2024-08-07 11:00:00,7246.0,7276.5,7276.5,20240800,20240900,20240900
2024-08-07 12:00:00,7251.0,7277.5,7277.5,20240800,20240900,20240900
2024-08-07 13:00:00,7280.5,7300.0,7300.0,20240800,20240900,20240900
2024-08-07 14:00:00,7286.5,7315.5,7315.5,20240800,20240900,20240900
2024-08-07 15:00:00,7274.0,7291.0,7291.0,20240800,20240900,20240900
2024-08-07 16:00:00,7243.5,,,20240800,20240900,20240900
2024-08-07 17:00:00,7214.0,7255.0,7255.0,20240800,20240900,20240900
2024-08-07 18:00:00,7193.5,,,20240800,20240900,20240900
2024-08-07 19:00:00,7187.0,,,20240800,20240900,20240900
2024-08-08 05:00:00,7253.5,7280.5,7280.5,20240800,20240900,20240900
2024-08-08 06:00:00,7234.5,7261.5,7261.5,20240800,20240900,20240900
2024-08-08 07:00:00,7203.5,7229.5,7229.5,20240800,20240900,20240900
2024-08-08 08:00:00,7208.5,7232.2,7232.2,20240800,20240900,20240900
2024-08-08 09:00:00,7184.0,7210.5,7210.5,20240800,20240900,20240900
2024-08-08 10:00:00,7192.0,7219.5,7219.5,20240800,20240900,20240900
2024-08-08 11:00:00,7204.0,7230.5,7230.5,20240800,20240900,20240900
2024-08-08 12:00:00,7219.0,7252.7,7252.7,20240800,20240900,20240900
2024-08-08 13:00:00,7237.0,7265.7,7265.7,20240800,20240900,20240900
2024-08-08 14:00:00,7259.5,7287.0,7287.0,20240800,20240900,20240900
2024-08-08 15:00:00,7246.5,7272.2,7272.2,20240800,20240900,20240900
2024-08-08 16:00:00,7246.0,7281.5,7281.5,20240800,20240900,20240900
2024-08-08 17:00:00,7262.5,,,20240800,20240900,20240900
2024-08-08 18:00:00,7272.0,,,20240800,20240900,20240900
2024-08-08 19:00:00,7269.5,,,20240800,20240900,20240900
2024-08-09 05:00:00,7274.5,7301.5,7301.5,20240800,20240900,20240900
2024-08-09 06:00:00,7268.0,7299.5,7299.5,20240800,20240900,20240900
2024-08-09 07:00:00,7298.0,7324.0,7324.0,20240800,20240900,20240900
2024-08-09 08:00:00,7324.5,7352.0,7352.0,20240800,20240900,20240900
2024-08-09 09:00:00,7310.0,7338.5,7338.5,20240800,20240900,20240900
2024-08-09 10:00:00,7286.0,7311.5,7311.5,20240800,20240900,20240900
2024-08-09 11:00:00,7278.0,7304.5,7304.5,20240800,20240900,20240900
2024-08-09 12:00:00,7258.0,7285.5,7285.5,20240800,20240900,20240900
2024-08-09 13:00:00,7257.0,7283.0,7283.0,20240800,20240900,20240900
2024-08-09 14:00:00,7274.5,7301.5,7301.5,20240800,20240900,20240900
2024-08-09 15:00:00,7266.0,7295.0,7295.0,20240800,20240900,20240900
2024-08-09 16:00:00,7270.5,7292.5,7292.5,20240800,20240900,20240900
2024-08-09 17:00:00,7281.5,,,20240800,20240900,20240900
2024-08-09 18:00:00,7281.5,,,20240800,20240900,20240900
2024-08-09 19:00:00,7295.0,,,20240800,20240900,20240900
2024-08-12 05:00:00,7254.5,7281.5,7281.5,20240800,20240900,20240900
2024-08-12 06:00:00,7301.0,7322.0,7322.0,20240800,20240900,20240900
2024-08-12 07:00:00,7300.0,7327.5,7327.5,20240800,20240900,20240900
2024-08-12 08:00:00,7262.5,7289.5,7289.5,20240800,20240900,20240900
2024-08-12 09:00:00,7267.5,7295.2,7295.2,20240800,20240900,20240900
2024-08-12 10:00:00,7269.0,7296.5,7296.5,20240800,20240900,20240900
2024-08-12 11:00:00,7272.5,7298.0,7298.0,20240800,20240900,20240900
2024-08-12 12:00:00,7263.0,7290.0,7290.0,20240800,20240900,20240900
2024-08-12 13:00:00,7242.0,7267.5,7267.5,20240800,20240900,20240900
2024-08-12 14:00:00,7272.0,7299.5,7299.5,20240800,20240900,20240900
2024-08-12 15:00:00,7266.0,7292.5,7292.5,20240800,20240900,20240900
2024-08-12 16:00:00,7247.0,7285.5,7285.5,20240800,20240900,20240900
2024-08-12 17:00:00,7246.5,,,20240800,20240900,20240900
2024-08-12 18:00:00,7249.0,7276.0,7276.0,20240800,20240900,20240900
2024-08-12 19:00:00,7252.0,7274.0,7274.0,20240800,20240900,20240900
2024-08-13 05:00:00,7279.0,7306.0,7306.0,20240800,20240900,20240900
2024-08-13 06:00:00,7277.0,7306.5,7306.5,20240800,20240900,20240900
2024-08-13 07:00:00,7270.5,7296.5,7296.5,20240800,20240900,20240900
2024-08-13 08:00:00,7260.0,7287.0,7287.0,20240800,20240900,20240900
2024-08-13 09:00:00,7246.0,7273.5,7273.5,20240800,20240900,20240900
2024-08-13 10:00:00,7232.5,7260.0,7260.0,20240800,20240900,20240900
2024-08-13 11:00:00,7233.0,7259.5,7259.5,20240800,20240900,20240900
2024-08-13 12:00:00,7248.5,7275.5,7275.5,20240800,20240900,20240900
2024-08-13 13:00:00,7252.0,7279.0,7279.0,20240800,20240900,20240900
2024-08-13 14:00:00,7271.0,7298.0,7298.0,20240800,20240900,20240900
2024-08-13 15:00:00,7269.0,7296.0,7296.0,20240800,20240900,20240900
2024-08-13 16:00:00,7288.5,7315.5,7315.5,20240800,20240900,20240900
2024-08-13 17:00:00,7285.5,7312.5,7312.5,20240800,20240900,20240900
2024-08-13 18:00:00,7294.0,7319.5,7319.5,20240800,20240900,20240900
2024-08-13 19:00:00,7302.8,7329.3,7329.3,20240800,20240900,20240900
2024-08-14 05:00:00,7336.0,7363.0,7363.0,20240800,20240900,20240900
2024-08-14 06:00:00,7331.5,7358.5,7358.5,20240800,20240900,20240900
2024-08-14 07:00:00,7318.0,7345.0,7345.0,20240800,20240900,20240900
2024-08-14 08:00:00,7332.5,7359.0,7359.0,20240800,20240900,20240900
2024-08-14 09:00:00,7311.0,7337.5,7337.5,20240800,20240900,20240900
2024-08-14 10:00:00,7306.5,7333.5,7333.5,20240800,20240900,20240900
2024-08-14 11:00:00,7309.5,7336.0,7336.0,20240800,20240900,20240900
2024-08-14 12:00:00,7319.5,7346.0,7346.0,20240800,20240900,20240900
2024-08-14 13:00:00,7314.0,7340.5,7340.5,20240800,20240900,20240900
2024-08-14 14:00:00,7321.3,7347.8,7347.8,20240800,20240900,20240900
2024-08-14 15:00:00,7339.5,7366.5,7366.5,20240800,20240900,20240900
2024-08-14 16:00:00,7333.5,7361.0,7361.0,20240800,20240900,20240900
2024-08-14 17:00:00,7332.0,7360.5,7360.5,20240800,20240900,20240900
2024-08-14 18:00:00,7340.0,7367.5,7367.5,20240800,20240900,20240900
2024-08-14 19:00:00,7338.0,7368.0,7368.0,20240800,20240900,20240900
2024-08-15 05:00:00,7424.0,7451.0,7451.0,20240800,20240900,20240900
2024-08-15 06:00:00,7355.5,7383.0,7383.0,20240800,20240900,20240900
2024-08-15 07:00:00,7358.5,7386.0,7386.0,20240800,20240900,20240900
2024-08-15 08:00:00,7340.3,7366.8,7366.8,20240800,20240900,20240900
2024-08-15 09:00:00,7335.0,7361.5,7361.5,20240800,20240900,20240900
2024-08-15 10:00:00,7328.5,7355.5,7355.5,20240800,20240900,20240900
2024-08-15 11:00:00,7344.0,7371.0,7371.0,20240800,20240900,20240900
2024-08-15 12:00:00,7418.2,7445.7,7445.7,20240800,20240900,20240900
2024-08-15 13:00:00,7434.0,7460.5,7460.5,20240800,20240900,20240900
2024-08-15 14:00:00,7422.5,7449.5,7449.5,20240800,20240900,20240900
2024-08-15 15:00:00,7432.5,7459.5,7459.5,20240800,20240900,20240900
2024-08-15 16:00:00,7432.5,7458.0,7458.0,20240800,20240900,20240900
2024-08-15 17:00:00,7436.0,7464.0,7464.0,20240800,20240900,20240900
2024-08-15 18:00:00,7431.5,7459.0,7459.0,20240800,20240900,20240900
2024-08-15 19:00:00,7433.8,7464.5,7464.5,20240800,20240900,20240900
2024-08-16 05:00:00,7435.2,7477.0,7477.0,20240800,20240900,20240900
2024-08-16 06:00:00,7470.0,,,20240900,20241000,20241000
2024-08-16 07:00:00,7473.0,,,20240900,20241000,20241000
2024-08-16 08:00:00,7468.3,,,20240900,20241000,20241000
2024-08-16 09:00:00,7482.5,,,20240900,20241000,20241000
2024-08-16 10:00:00,7469.5,,,20240900,20241000,20241000
2024-08-16 11:00:00,7461.0,,,20240900,20241000,20241000
2024-08-16 12:00:00,7460.0,,,20240900,20241000,20241000
2024-08-16 13:00:00,7460.5,,,20240900,20241000,20241000
2024-08-16 14:00:00,7467.0,,,20240900,20241000,20241000
2024-08-16 15:00:00,7474.5,,,20240900,20241000,20241000
2024-08-16 16:00:00,7482.0,,,20240900,20241000,20241000
2024-08-16 17:00:00,7480.0,,,20240900,20241000,20241000
2024-08-16 18:00:00,7483.0,,,20240900,20241000,20241000
2024-08-16 19:00:00,7480.5,,,20240900,20241000,20241000
2024-08-16 23:00:00,,7489.0,7489.0,20240900,20241000,20241000
2024-08-19 05:00:00,7529.0,,,20240900,20241000,20241000
2024-08-19 06:00:00,7472.0,,,20240900,20241000,20241000
2024-08-19 07:00:00,7472.5,,,20240900,20241000,20241000
2024-08-19 08:00:00,7486.5,,,20240900,20241000,20241000
2024-08-19 09:00:00,7500.0,,,20240900,20241000,20241000
2024-08-19 10:00:00,7501.0,,,20240900,20241000,20241000
2024-08-19 11:00:00,7504.5,,,20240900,20241000,20241000
2024-08-19 12:00:00,7513.5,,,20240900,20241000,20241000
2024-08-19 13:00:00,7533.0,,,20240900,20241000,20241000
2024-08-19 14:00:00,7538.0,,,20240900,20241000,20241000
2024-08-19 15:00:00,7527.0,,,20240900,20241000,20241000
2024-08-19 16:00:00,7531.5,,,20240900,20241000,20241000
2024-08-19 17:00:00,7528.0,,,20240900,20241000,20241000
2024-08-19 18:00:00,7528.5,,,20240900,20241000,20241000
2024-08-19 19:00:00,7528.5,,,20240900,20241000,20241000
2024-08-19 23:00:00,,7541.0,7541.0,20240900,20241000,20241000
2024-08-20 05:00:00,7512.0,,,20240900,20241000,20241000
2024-08-20 06:00:00,7541.5,,,20240900,20241000,20241000
2024-08-20 07:00:00,7553.5,,,20240900,20241000,20241000
2024-08-20 08:00:00,7545.5,,,20240900,20241000,20241000
2024-08-20 09:00:00,7536.0,,,20240900,20241000,20241000
2024-08-20 10:00:00,7536.0,,,20240900,20241000,20241000
2024-08-20 11:00:00,7536.5,,,20240900,20241000,20241000
2024-08-20 12:00:00,7523.5,,,20240900,20241000,20241000
2024-08-20 13:00:00,7532.5,,,20240900,20241000,20241000
2024-08-20 14:00:00,7518.0,,,20240900,20241000,20241000
2024-08-20 15:00:00,7514.5,,,20240900,20241000,20241000
2024-08-20 16:00:00,7501.5,,,20240900,20241000,20241000
2024-08-20 17:00:00,7501.0,,,20240900,20241000,20241000
2024-08-20 18:00:00,7504.5,,,20240900,20241000,20241000
2024-08-20 19:00:00,7501.0,,,20240900,20241000,20241000
2024-08-20 23:00:00,,7523.5,7523.5,20240900,20241000,20241000
2024-08-21 05:00:00,7514.0,,,20240900,20241000,20241000
2024-08-21 06:00:00,7514.0,,,20240900,20241000,20241000
2024-08-21 23:00:00,7550.5,7563.0,7563.0,20240900,20241000,20241000
2024-08-22 23:00:00,7547.5,7560.0,7560.0,20240900,20241000,20241000
2024-08-23 23:00:00,7599.5,7612.0,7612.0,20240900,20241000,20241000
2024-08-26 23:00:00,7613.0,7626.5,7626.5,20240900,20241000,20241000
2024-08-27 23:00:00,7588.0,7601.5,7601.5,20240900,20241000,20241000
2024-08-28 23:00:00,7599.0,7611.5,7611.5,20240900,20241000,20241000
2024-08-29 23:00:00,7659.5,7672.0,7672.0,20240900,20241000,20241000
2024-08-30 23:00:00,7649.0,7661.5,7661.5,20240900,20241000,20241000
2024-09-02 23:00:00,7663.0,7675.5,7675.5,20240900,20241000,20241000
2024-09-03 23:00:00,7591.0,7604.5,7604.5,20240900,20241000,20241000
2024-09-04 23:00:00,7516.0,7529.5,7529.5,20240900,20241000,20241000
2024-09-05 23:00:00,7444.0,7457.0,7457.0,20240900,20241000,20241000
2024-09-06 23:00:00,7363.5,7375.5,7375.5,20240900,20241000,20241000
2024-09-09 23:00:00,7436.0,7448.5,7448.5,20240900,20241000,20241000
2024-09-10 23:00:00,7416.5,7429.0,7429.0,20240900,20241000,20241000
2024-09-11 23:00:00,7405.0,7417.5,7417.5,20240900,20241000,20241000
2024-09-12 23:00:00,7441.0,7453.5,7453.5,20240900,20241000,20241000
2024-09-13 23:00:00,7470.5,7483.0,7483.0,20240900,20241000,20241000
2024-09-16 23:00:00,7454.0,7467.0,7467.0,20240900,20241000,20241000
2024-09-17 23:00:00,7503.0,7523.5,7523.5,20241000,20241100,20241100
2024-09-18 23:00:00,7459.5,7480.0,7480.0,20241000,20241100,20241100
2024-09-19 23:00:00,7627.5,7648.5,7648.5,20241000,20241100,20241100
2024-09-20 23:00:00,7511.0,7532.0,7532.0,20241000,20241100,20241100
2024-09-23 23:00:00,7519.5,7537.5,7537.5,20241000,20241100,20241100
2024-09-24 23:00:00,7615.0,7635.0,7635.0,20241000,20241100,20241100
2024-09-25 23:00:00,7582.5,7603.0,7603.0,20241000,20241100,20241100
2024-09-26 23:00:00,7758.5,7779.0,7779.0,20241000,20241100,20241100
2024-09-27 23:00:00,7807.5,7828.0,7828.0,20241000,20241100,20241100
2024-09-30 23:00:00,7649.5,7670.5,7670.5,20241000,20241100,20241100
2024-10-01 23:00:00,7587.0,7608.0,7608.0,20241000,20241100,20241100
2024-10-02 23:00:00,7589.5,7610.0,7610.0,20241000,20241100,20241100
2024-10-03 23:00:00,7487.0,7507.5,7507.5,20241000,20241100,20241100
2024-10-04 23:00:00,7550.5,7571.0,7571.0,20241000,20241100,20241100
2024-10-07 23:00:00,7584.0,7604.5,7604.5,20241000,20241100,20241100
2024-10-08 23:00:00,7528.5,7549.5,7549.5,20241000,20241100,20241100
2024-10-09 23:00:00,7567.0,7588.0,7588.0,20241000,20241100,20241100
2024-10-10 23:00:00,7545.5,7566.5,7566.5,20241000,20241100,20241100
2024-10-11 23:00:00,7581.5,7602.5,7602.5,20241000,20241100,20241100
2024-10-14 23:00:00,7604.5,7625.0,7625.0,20241000,20241100,20241100
2024-10-15 23:00:00,7526.0,7546.0,7546.0,20241000,20241100,20241100
2024-10-16 23:00:00,7495.0,7515.0,7515.0,20241000,20241100,20241100
2024-10-17 23:00:00,7605.0,7621.0,7621.0,20241100,20241200,20241200
2024-10-18 23:00:00,7633.5,7649.5,7649.5,20241100,20241200,20241200
2024-10-21 23:00:00,7555.5,7571.5,7571.5,20241100,20241200,20241200
2024-10-22 23:00:00,7554.0,7570.0,7570.0,20241100,20241200,20241200
2024-10-23 23:00:00,7515.5,7532.5,7532.5,20241100,20241200,20241200
2024-10-24 23:00:00,7519.0,7534.5,7534.5,20241100,20241200,20241200
2024-10-25 23:00:00,7513.0,7528.5,7528.5,20241100,20241200,20241200
2024-10-28 23:00:00,7571.5,7587.5,7587.5,20241100,20241200,20241200
2024-10-29 23:00:00,7524.5,7540.0,7540.0,20241100,20241200,20241200
2024-10-30 23:00:00,7440.5,7456.0,7456.0,20241100,20241200,20241200
2024-10-31 23:00:00,7361.0,7376.5,7376.5,20241100,20241200,20241200
2024-11-01 23:00:00,7418.5,7434.0,7434.0,20241100,20241200,20241200
2024-11-04 23:00:00,7381.0,7396.0,7396.0,20241100,20241200,20241200
2024-11-05 23:00:00,7415.5,7430.5,7430.5,20241100,20241200,20241200
2024-11-06 23:00:00,7377.0,7392.0,7392.0,20241100,20241200,20241200
2024-11-07 23:00:00,7430.5,7446.0,7446.0,20241100,20241200,20241200
2024-11-08 23:00:00,7343.0,7359.0,7359.0,20241100,20241200,20241200
2024-11-11 23:00:00,7431.5,7447.5,7447.5,20241100,20241200,20241200
2024-11-12 23:00:00,7230.0,7246.0,7246.0,20241100,20241200,20241200
2024-11-13 23:00:00,7219.5,7235.0,7235.0,20241100,20241200,20241200
2024-11-14 23:00:00,7312.0,7327.0,7327.0,20241100,20241200,20241200
2024-11-15 23:00:00,7298.0,7285.5,7285.5,20241100,20241200,20241200
2024-11-18 23:00:00,7293.5,7312.5,7312.5,20241200,20250100,20250100
2024-11-19 23:00:00,7244.5,7262.5,7262.5,20241200,20250100,20250100
2024-11-20 23:00:00,7211.5,7228.5,7228.5,20241200,20250100,20250100
2024-11-21 23:00:00,7225.5,7242.5,7242.5,20241200,20250100,20250100
2024-11-22 23:00:00,7266.0,7283.0,7283.0,20241200,20250100,20250100
2024-11-25 23:00:00,7269.5,7286.5,7286.5,20241200,20250100,20250100
2024-11-26 23:00:00,7205.5,7222.5,7222.5,20241200,20250100,20250100
2024-11-27 23:00:00,7153.5,7170.5,7170.5,20241200,20250100,20250100
2024-11-28 23:00:00,7188.0,7205.0,7205.0,20241200,20250100,20250100
2024-11-29 23:00:00,7243.0,7260.0,7260.0,20241200,20250100,20250100
2024-12-02 23:00:00,7249.0,7266.0,7266.0,20241200,20250100,20250100
2024-12-03 23:00:00,7269.0,7286.5,7286.5,20241200,20250100,20250100
2024-12-04 23:00:00,7316.0,7333.5,7333.5,20241200,20250100,20250100
2024-12-05 07:00:00,,7317.5,7317.5,20241200,20250100,20250100
2024-12-05 08:00:00,,7373.0,7373.0,20241200,20250100,20250100
2024-12-05 09:00:00,,7373.0,7373.0,20241200,20250100,20250100
2024-12-05 10:00:00,,7373.0,7373.0,20241200,20250100,20250100
2024-12-05 11:00:00,,7373.0,7373.0,20241200,20250100,20250100
2024-12-05 12:00:00,,7373.0,7373.0,20241200,20250100,20250100
2024-12-05 13:00:00,,7345.0,7345.0,20241200,20250100,20250100
2024-12-05 14:00:00,,7342.0,7342.0,20241200,20250100,20250100
2024-12-05 15:00:00,,7361.5,7361.5,20241200,20250100,20250100
2024-12-05 16:00:00,,7361.5,7361.5,20241200,20250100,20250100
2024-12-05 17:00:00,,7361.5,7361.5,20241200,20250100,20250100
2024-12-05 18:00:00,,7361.5,7361.5,20241200,20250100,20250100
2024-12-05 19:00:00,,7361.5,7361.5,20241200,20250100,20250100
2024-12-05 20:00:00,,7361.5,7361.5,20241200,20250100,20250100
2024-12-05 23:00:00,7341.5,7359.0,7359.0,20241200,20250100,20250100
2024-12-06 07:00:00,,7349.0,7349.0,20241200,20250100,20250100
2024-12-06 08:00:00,,7412.0,7412.0,20241200,20250100,20250100
2024-12-06 09:00:00,,7445.5,7445.5,20241200,20250100,20250100
2024-12-06 10:00:00,,7454.5,7454.5,20241200,20250100,20250100
2024-12-06 11:00:00,,7460.0,7460.0,20241200,20250100,20250100
2024-12-06 12:00:00,,7460.0,7460.0,20241200,20250100,20250100
2024-12-06 13:00:00,,7467.0,7467.0,20241200,20250100,20250100
2024-12-06 14:00:00,,7456.0,7456.0,20241200,20250100,20250100
2024-12-06 15:00:00,,7466.0,7466.0,20241200,20250100,20250100
2024-12-06 16:00:00,,7462.0,7462.0,20241200,20250100,20250100
2024-12-06 17:00:00,,7462.0,7462.0,20241200,20250100,20250100
2024-12-06 18:00:00,,7462.0,7462.0,20241200,20250100,20250100
2024-12-06 19:00:00,,7462.0,7462.0,20241200,20250100,20250100
2024-12-06 20:00:00,,7462.0,7462.0,20241200,20250100,20250100
2024-12-06 23:00:00,7438.0,7455.5,7455.5,20241200,20250100,20250100
2024-12-09 07:00:00,7479.0,7458.0,7458.0,20241200,20250100,20250100
2024-12-09 08:00:00,7489.5,7516.0,7516.0,20241200,20250100,20250100
2024-12-09 09:00:00,7460.5,7482.5,7482.5,20241200,20250100,20250100
2024-12-09 10:00:00,7465.0,7477.0,7477.0,20241200,20250100,20250100
2024-12-09 11:00:00,7476.0,7489.5,7489.5,20241200,20250100,20250100
2024-12-09 12:00:00,7473.5,7489.5,7489.5,20241200,20250100,20250100
2024-12-09 13:00:00,7493.0,7489.5,7489.5,20241200,20250100,20250100
2024-12-09 14:00:00,7513.0,7530.0,7530.0,20241200,20250100,20250100
2024-12-09 15:00:00,7502.5,7525.5,7525.5,20241200,20250100,20250100
2024-12-09 16:00:00,7504.0,7516.0,7516.0,20241200,20250100,20250100
2024-12-09 17:00:00,7491.0,7516.0,7516.0,20241200,20250100,20250100
2024-12-09 18:00:00,7498.0,7516.0,7516.0,20241200,20250100,20250100
2024-12-09 19:00:00,7486.0,7516.0,7516.0,20241200,20250100,20250100
2024-12-09 20:00:00,7473.0,7494.0,7494.0,20241200,20250100,20250100
2024-12-09 23:00:00,7491.5,7509.0,7509.0,20241200,20250100,20250100
2024-12-10 07:00:00,7457.5,7494.5,7494.5,20241200,20250100,20250100
2024-12-10 08:00:00,7442.5,7463.0,7463.0,20241200,20250100,20250100
2024-12-10 09:00:00,7447.0,7459.5,7459.5,20241200,20250100,20250100
2024-12-10 10:00:00,7438.5,7455.0,7455.0,20241200,20250100,20250100
2024-12-10 11:00:00,7450.0,7467.0,7467.0,20241200,20250100,20250100
2024-12-10 12:00:00,7442.0,7462.0,7462.0,20241200,20250100,20250100
2024-12-10 13:00:00,7444.5,7460.5,7460.5,20241200,20250100,20250100
2024-12-10 14:00:00,7431.5,7461.5,7461.5,20241200,20250100,20250100
2024-12-10 15:00:00,7412.0,7432.5,7432.5,20241200,20250100,20250100
2024-12-10 16:00:00,7397.0,7432.5,7432.5,20241200,20250100,20250100
2024-12-10 17:00:00,7397.5,7432.5,7432.5,20241200,20250100,20250100
2024-12-10 18:00:00,7394.0,7419.0,7419.0,20241200,20250100,20250100
2024-12-10 19:00:00,7397.0,7416.0,7416.0,20241200,20250100,20250100
2024-12-10 20:00:00,7383.0,7410.0,7410.0,20241200,20250100,20250100
2024-12-10 23:00:00,7404.0,7422.0,7422.0,20241200,20250100,20250100
2024-12-11 07:00:00,7377.0,7398.5,7398.5,20241200,20250100,20250100
2024-12-11 08:00:00,7398.5,7416.0,7416.0,20241200,20250100,20250100
2024-12-11 09:00:00,7408.0,7426.5,7426.5,20241200,20250100,20250100
2024-12-11 10:00:00,7411.0,7422.5,7422.5,20241200,20250100,20250100
2024-12-11 11:00:00,7417.0,7433.5,7433.5,20241200,20250100,20250100
2024-12-11 12:00:00,7418.0,7441.5,7441.5,20241200,20250100,20250100
2024-12-11 13:00:00,7441.5,7453.5,7453.5,20241200,20250100,20250100
2024-12-11 14:00:00,7437.0,7462.5,7462.5,20241200,20250100,20250100
2024-12-11 15:00:00,7423.0,7439.0,7439.0,20241200,20250100,20250100
2024-12-11 16:00:00,7436.0,7453.0,7453.0,20241200,20250100,20250100
2024-12-11 17:00:00,7455.5,7453.0,7453.0,20241200,20250100,20250100
2024-12-11 18:00:00,7447.5,7473.0,7473.0,20241200,20250100,20250100
2024-12-11 19:00:00,7457.5,7475.0,7475.0,20241200,20250100,20250100
2024-12-11 20:00:00,7452.0,7475.0,7475.0,20241200,20250100,20250100
2024-12-11 23:00:00,7431.5,7449.5,7449.5,20241200,20250100,20250100
2024-12-12 07:00:00,7446.0,7464.5,7464.5,20241200,20250100,20250100
2024-12-12 08:00:00,7433.0,7450.0,7450.0,20241200,20250100,20250100
2024-12-12 09:00:00,7433.5,7446.0,7446.0,20241200,20250100,20250100
2024-12-12 10:00:00,7434.0,7448.5,7448.5,20241200,20250100,20250100
2024-12-12 11:00:00,7424.0,7443.5,7443.5,20241200,20250100,20250100
2024-12-12 12:00:00,7426.5,7442.0,7442.0,20241200,20250100,20250100
2024-12-12 13:00:00,7438.0,7458.0,7458.0,20241200,20250100,20250100
2024-12-12 14:00:00,7448.0,7460.0,7460.0,20241200,20250100,20250100
2024-12-12 15:00:00,7434.0,7464.0,7464.0,20241200,20250100,20250100
2024-12-12 16:00:00,7416.5,7435.0,7435.0,20241200,20250100,20250100
2024-12-12 17:00:00,7426.5,7448.0,7448.0,20241200,20250100,20250100
2024-12-12 18:00:00,7417.0,7448.0,7448.0,20241200,20250100,20250100
2024-12-12 19:00:00,7412.0,7429.0,7429.0,20241200,20250100,20250100
2024-12-12 20:00:00,7410.5,7429.0,7429.0,20241200,20250100,20250100
2024-12-12 23:00:00,7427.0,7444.5,7444.5,20241200,20250100,20250100
2024-12-13 07:00:00,7408.0,,,20241200,20250100,20250100
2024-12-13 08:00:00,7442.5,7463.0,7463.0,20241200,20250100,20250100
2024-12-13 09:00:00,7436.0,7447.0,7447.0,20241200,20250100,20250100
2024-12-13 10:00:00,7458.0,7479.0,7479.0,20241200,20250100,20250100
2024-12-13 11:00:00,7446.5,7470.5,7470.5,20241200,20250100,20250100
2024-12-13 12:00:00,7435.0,7460.5,7460.5,20241200,20250100,20250100
2024-12-13 13:00:00,7450.0,7469.0,7469.0,20241200,20250100,20250100
2024-12-13 14:00:00,7425.0,7443.0,7443.0,20241200,20250100,20250100
2024-12-13 15:00:00,7400.5,7418.5,7418.5,20241200,20250100,20250100
2024-12-13 16:00:00,7410.0,7427.0,7427.0,20241200,20250100,20250100
2024-12-13 17:00:00,7405.5,7419.5,7419.5,20241200,20250100,20250100
2024-12-13 18:00:00,7414.0,7430.0,7430.0,20241200,20250100,20250100
2024-12-13 19:00:00,7416.5,7433.0,7433.0,20241200,20250100,20250100
2024-12-13 20:00:00,7413.0,7424.0,7424.0,20241200,20250100,20250100
2024-12-13 23:00:00,7414.5,7432.0,7432.0,20241200,20250100,20250100
2024-12-16 07:00:00,7373.5,7397.5,7397.5,20241200,20250100,20250100
2024-12-16 08:00:00,7383.5,,,20250100,20250200,20250200
2024-12-16 09:00:00,7383.5,,,20250100,20250200,20250200
2024-12-16 10:00:00,7382.0,,,20250100,20250200,20250200
2024-12-16 11:00:00,7370.5,,,20250100,20250200,20250200
2024-12-16 12:00:00,7362.5,,,20250100,20250200,20250200
2024-12-16 13:00:00,7370.0,,,20250100,20250200,20250200
2024-12-16 14:00:00,7376.5,,,20250100,20250200,20250200
2024-12-16 15:00:00,7381.0,,,20250100,20250200,20250200
2024-12-16 16:00:00,7395.5,,,20250100,20250200,20250200
2024-12-16 17:00:00,7386.5,,,20250100,20250200,20250200
2024-12-16 18:00:00,7385.5,,,20250100,20250200,20250200
2024-12-16 19:00:00,7377.0,,,20250100,20250200,20250200
2024-12-16 20:00:00,7368.0,,,20250100,20250200,20250200
2024-12-16 23:00:00,7379.5,7402.5,7402.5,20250100,20250200,20250200
2024-12-17 07:00:00,7340.0,,,20250100,20250200,20250200
2024-12-17 08:00:00,7370.0,,,20250100,20250200,20250200
2024-12-17 09:00:00,7383.5,,,20250100,20250200,20250200
2024-12-17 10:00:00,7395.0,,,20250100,20250200,20250200
2024-12-17 11:00:00,7388.5,,,20250100,20250200,20250200
2024-12-17 12:00:00,7383.5,,,20250100,20250200,20250200
2024-12-17 13:00:00,7390.0,,,20250100,20250200,20250200
2024-12-17 14:00:00,7389.0,,,20250100,20250200,20250200
2024-12-17 15:00:00,7396.0,,,20250100,20250200,20250200
2024-12-17 16:00:00,7401.0,,,20250100,20250200,20250200
2024-12-17 17:00:00,7415.0,,,20250100,20250200,20250200
2024-12-17 18:00:00,7409.5,,,20250100,20250200,20250200
2024-12-17 19:00:00,7400.0,,,20250100,20250200,20250200
2024-12-17 20:00:00,7381.5,,,20250100,20250200,20250200
2024-12-17 23:00:00,7387.5,7410.5,7410.5,20250100,20250200,20250200
2024-12-18 07:00:00,7396.5,,,20250100,20250200,20250200
2024-12-18 08:00:00,7396.5,,,20250100,20250200,20250200
2024-12-18 09:00:00,7401.5,,,20250100,20250200,20250200
2024-12-18 10:00:00,7408.0,,,20250100,20250200,20250200
2024-12-18 11:00:00,7398.5,,,20250100,20250200,20250200
2024-12-18 12:00:00,7395.5,,,20250100,20250200,20250200
2024-12-18 13:00:00,7388.5,,,20250100,20250200,20250200
2024-12-18 14:00:00,7405.0,,,20250100,20250200,20250200
2024-12-18 15:00:00,7412.5,,,20250100,20250200,20250200
2024-12-18 16:00:00,7409.5,,,20250100,20250200,20250200
2024-12-18 17:00:00,7411.5,,,20250100,20250200,20250200
2024-12-18 18:00:00,7403.5,,,20250100,20250200,20250200
2024-12-18 19:00:00,7352.5,,,20250100,20250200,20250200
2024-12-18 20:00:00,7303.5,,,20250100,20250200,20250200
2024-12-18 23:00:00,7405.5,7428.5,7428.5,20250100,20250200,20250200
2024-12-19 07:00:00,7301.0,,,20250100,20250200,20250200
2024-12-19 08:00:00,7339.0,,,20250100,20250200,20250200
2024-12-19 09:00:00,7308.0,,,20250100,20250200,20250200
2024-12-19 10:00:00,7277.0,,,20250100,20250200,20250200
2024-12-19 11:00:00,7298.5,,,20250100,20250200,20250200
2024-12-19 12:00:00,7320.5,,,20250100,20250200,20250200
2024-12-19 13:00:00,7319.5,,,20250100,20250200,20250200
2024-12-19 14:00:00,7312.5,,,20250100,20250200,20250200
2024-12-19 15:00:00,7308.5,,,20250100,20250200,20250200
2024-12-19 16:00:00,7310.5,,,20250100,20250200,20250200
2024-12-19 17:00:00,7304.5,,,20250100,20250200,20250200
2024-12-19 18:00:00,7318.0,,,20250100,20250200,20250200
2024-12-19 19:00:00,7308.5,,,20250100,20250200,20250200
2024-12-19 20:00:00,7294.0,,,20250100,20250200,20250200
2024-12-19 23:00:00,7309.5,7332.5,7332.5,20250100,20250200,20250200
2024-12-20 07:00:00,7263.0,,,20250100,20250200,20250200
2024-12-20 08:00:00,7225.5,,,20250100,20250200,20250200
2024-12-20 09:00:00,7222.0,,,20250100,20250200,20250200
2024-12-20 10:00:00,7229.5,,,20250100,20250200,20250200
2024-12-20 11:00:00,7224.0,,,20250100,20250200,20250200
2024-12-20 12:00:00,7229.5,,,20250100,20250200,20250200
2024-12-20 13:00:00,7227.0,,,20250100,20250200,20250200
2024-12-20 14:00:00,7236.0,,,20250100,20250200,20250200
2024-12-20 15:00:00,7282.5,7270.0,7270.0,20250100,20250200,20250200
2024-12-20 16:00:00,7299.0,7270.0,7270.0,20250100,20250200,20250200
2024-12-20 17:00:00,7307.0,7270.0,7270.0,20250100,20250200,20250200
2024-12-20 18:00:00,7297.0,7270.0,7270.0,20250100,20250200,20250200
2024-12-20 19:00:00,7298.5,7270.0,7270.0,20250100,20250200,20250200
2024-12-20 20:00:00,7279.0,7270.0,7270.0,20250100,20250200,20250200
2024-12-20 23:00:00,7287.0,7310.0,7310.0,20250100,20250200,20250200
2024-12-23 07:00:00,7276.0,,,20250100,20250200,20250200
2024-12-23 08:00:00,7269.5,,,20250100,20250200,20250200
2024-12-23 09:00:00,7273.0,,,20250100,20250200,20250200
2024-12-23 10:00:00,7282.0,,,20250100,20250200,20250200
2024-12-23 11:00:00,7278.5,,,20250100,20250200,20250200
2024-12-23 12:00:00,7300.0,,,20250100,20250200,20250200
2024-12-23 13:00:00,7273.5,,,20250100,20250200,20250200
2024-12-23 14:00:00,7290.5,,,20250100,20250200,20250200
2024-12-23 15:00:00,7265.5,,,20250100,20250200,20250200
2024-12-23 16:00:00,7294.5,,,20250100,20250200,20250200
2024-12-23 17:00:00,7297.0,,,20250100,20250200,20250200
2024-12-23 18:00:00,7300.0,,,20250100,20250200,20250200
2024-12-23 19:00:00,7296.5,,,20250100,20250200,20250200
2024-12-23 20:00:00,7313.0,,,20250100,20250200,20250200
2024-12-23 23:00:00,7282.0,7304.5,7304.5,20250100,20250200,20250200
2024-12-24 07:00:00,7316.0,,,20250100,20250200,20250200
2024-12-24 08:00:00,7308.5,,,20250100,20250200,20250200
2024-12-24 09:00:00,7319.0,,,20250100,20250200,20250200
2024-12-24 10:00:00,7322.5,,,20250100,20250200,20250200
2024-12-24 11:00:00,7319.0,,,20250100,20250200,20250200
2024-12-24 12:00:00,7295.5,,,20250100,20250200,20250200
2024-12-24 23:00:00,7290.5,7313.0,7313.0,20250100,20250200,20250200
2024-12-27 07:00:00,7286.0,,,20250100,20250200,20250200
2024-12-27 08:00:00,7319.5,,,20250100,20250200,20250200
2024-12-27 09:00:00,7329.0,,,20250100,20250200,20250200
2024-12-27 10:00:00,7335.0,,,20250100,20250200,20250200
2024-12-27 11:00:00,7334.5,,,20250100,20250200,20250200
2024-12-27 12:00:00,7343.5,,,20250100,20250200,20250200
2024-12-27 13:00:00,7317.5,,,20250100,20250200,20250200
2024-12-27 14:00:00,7353.0,,,20250100,20250200,20250200
2024-12-27 15:00:00,7352.5,,,20250100,20250200,20250200
2024-12-27 16:00:00,7335.0,,,20250100,20250200,20250200
2024-12-27 17:00:00,7337.5,,,20250100,20250200,20250200
2024-12-27 18:00:00,7356.5,,,20250100,20250200,20250200
2024-12-27 19:00:00,7367.0,,,20250100,20250200,20250200
2024-12-27 20:00:00,7357.0,,,20250100,20250200,20250200
2024-12-27 23:00:00,7362.5,7384.0,7384.0,20250100,20250200,20250200
2024-12-30 07:00:00,7342.5,,,20250100,20250200,20250200
2024-12-30 08:00:00,7346.0,,,20250100,20250200,20250200
2024-12-30 09:00:00,7361.5,,,20250100,20250200,20250200
2024-12-30 10:00:00,7363.0,,,20250100,20250200,20250200
2024-12-30 11:00:00,7374.5,,,20250100,20250200,20250200
2024-12-30 12:00:00,7351.5,,,20250100,20250200,20250200
2024-12-30 13:00:00,7331.0,,,20250100,20250200,20250200
2024-12-30 14:00:00,7319.5,,,20250100,20250200,20250200
2024-12-30 15:00:00,7309.5,,,20250100,20250200,20250200
2024-12-30 16:00:00,7310.5,,,20250100,20250200,20250200
2024-12-30 17:00:00,7332.5,,,20250100,20250200,20250200
2024-12-30 18:00:00,7336.5,,,20250100,20250200,20250200
2024-12-30 19:00:00,7340.0,,,20250100,20250200,20250200
2024-12-30 20:00:00,7321.0,,,20250100,20250200,20250200
2024-12-30 23:00:00,7319.0,7340.5,7340.5,20250100,20250200,20250200
2024-12-31 07:00:00,7302.5,,,20250100,20250200,20250200
2024-12-31 08:00:00,7323.5,7330.5,7330.5,20250100,20250200,20250200
2024-12-31 09:00:00,7343.5,7330.5,7330.5,20250100,20250200,20250200
2024-12-31 10:00:00,7351.0,7330.5,7330.5,20250100,20250200,20250200
2024-12-31 11:00:00,7368.0,7330.5,7330.5,20250100,20250200,20250200
2024-12-31 12:00:00,7385.5,7330.5,7330.5,20250100,20250200,20250200
2024-12-31 23:00:00,7384.5,7406.0,7406.0,20250100,20250200,20250200
2025-01-02 07:00:00,7379.5,,,20250100,20250200,20250200
2025-01-02 08:00:00,7352.0,,,20250100,20250200,20250200
2025-01-02 09:00:00,7325.5,,,20250100,20250200,20250200
2025-01-02 10:00:00,7305.0,,,20250100,20250200,20250200
2025-01-02 11:00:00,7333.5,,,20250100,20250200,20250200
2025-01-02 12:00:00,7344.5,,,20250100,20250200,20250200
2025-01-02 13:00:00,7351.5,,,20250100,20250200,20250200
2025-01-02 14:00:00,7378.5,,,20250100,20250200,20250200
2025-01-02 15:00:00,7402.5,,,20250100,20250200,20250200
2025-01-02 16:00:00,7394.5,,,20250100,20250200,20250200
2025-01-02 17:00:00,7361.5,,,20250100,20250200,20250200
2025-01-02 18:00:00,7350.0,,,20250100,20250200,20250200
2025-01-02 19:00:00,7353.5,,,20250100,20250200,20250200
2025-01-02 20:00:00,7365.0,,,20250100,20250200,20250200
2025-01-02 23:00:00,7402.5,7424.0,7424.0,20250100,20250200,20250200
2025-01-03 07:00:00,7391.5,,,20250100,20250200,20250200
2025-01-03 08:00:00,7330.5,,,20250100,20250200,20250200
2025-01-03 09:00:00,7352.5,,,20250100,20250200,20250200
2025-01-03 10:00:00,7328.0,,,20250100,20250200,20250200
2025-01-03 11:00:00,7346.5,,,20250100,20250200,20250200
2025-01-03 12:00:00,7339.5,,,20250100,20250200,20250200
2025-01-03 13:00:00,7316.0,,,20250100,20250200,20250200
2025-01-03 14:00:00,7300.0,,,20250100,20250200,20250200
2025-01-03 15:00:00,7294.5,,,20250100,20250200,20250200
2025-01-03 16:00:00,7280.5,,,20250100,20250200,20250200
2025-01-03 17:00:00,7283.5,,,20250100,20250200,20250200
2025-01-03 18:00:00,7288.5,,,20250100,20250200,20250200
2025-01-03 19:00:00,7288.0,,,20250100,20250200,20250200
2025-01-03 20:00:00,7292.5,,,20250100,20250200,20250200
2025-01-03 23:00:00,7289.5,7312.0,7312.0,20250100,20250200,20250200
2025-01-06 07:00:00,7331.0,7350.0,7350.0,20250100,20250200,20250200
2025-01-06 08:00:00,7320.0,7350.0,7350.0,20250100,20250200,20250200
2025-01-06 09:00:00,7333.5,7350.0,7350.0,20250100,20250200,20250200
2025-01-06 10:00:00,7324.5,7350.0,7350.0,20250100,20250200,20250200
2025-01-06 11:00:00,7437.0,7459.0,7459.0,20250100,20250200,20250200
2025-01-06 12:00:00,7433.0,7468.5,7468.5,20250100,20250200,20250200
2025-01-06 13:00:00,7423.5,7468.5,7468.5,20250100,20250200,20250200
2025-01-06 14:00:00,7403.5,7377.5,7377.5,20250100,20250200,20250200
2025-01-06 15:00:00,7445.5,7469.0,7469.0,20250100,20250200,20250200
2025-01-06 16:00:00,7453.0,7478.5,7478.5,20250100,20250200,20250200
2025-01-06 17:00:00,7444.0,7478.5,7478.5,20250100,20250200,20250200
2025-01-06 18:00:00,7429.0,7478.5,7478.5,20250100,20250200,20250200
2025-01-06 19:00:00,7416.0,7478.5,7478.5,20250100,20250200,20250200
2025-01-06 20:00:00,7418.0,7478.5,7478.5,20250100,20250200,20250200
2025-01-06 23:00:00,7320.0,7350.0,7350.0,20250100,20250200,20250200
2025-01-07 07:00:00,7448.5,7463.5,7463.5,20250100,20250200,20250200
2025-01-07 08:00:00,7476.5,7463.5,7463.5,20250100,20250200,20250200
2025-01-07 09:00:00,7463.5,7463.5,7463.5,20250100,20250200,20250200
2025-01-07 10:00:00,7493.5,7512.5,7512.5,20250100,20250200,20250200
2025-01-07 11:00:00,7501.5,7524.0,7524.0,20250100,20250200,20250200
2025-01-07 12:00:00,7511.0,7530.5,7530.5,20250100,20250200,20250200
2025-01-07 13:00:00,7511.5,7530.5,7530.5,20250100,20250200,20250200
2025-01-07 14:00:00,7505.0,7530.5,7530.5,20250100,20250200,20250200
2025-01-07 15:00:00,7501.0,7507.0,7507.0,20250100,20250200,20250200
2025-01-07 16:00:00,7489.5,7525.5,7525.5,20250100,20250200,20250200
2025-01-07 17:00:00,7490.5,7525.5,7525.5,20250100,20250200,20250200
2025-01-07 18:00:00,7491.5,7525.5,7525.5,20250100,20250200,20250200
2025-01-07 19:00:00,7485.5,7525.5,7525.5,20250100,20250200,20250200
2025-01-07 20:00:00,7475.0,7525.5,7525.5,20250100,20250200,20250200
2025-01-07 23:00:00,7496.5,7520.0,7520.0,20250100,20250200,20250200
2025-01-08 07:00:00,7489.0,,,20250100,20250200,20250200
2025-01-08 08:00:00,7478.0,7505.5,7505.5,20250100,20250200,20250200
2025-01-08 09:00:00,7492.0,7512.0,7512.0,20250100,20250200,20250200
2025-01-08 10:00:00,7497.0,7523.5,7523.5,20250100,20250200,20250200
2025-01-08 11:00:00,7444.5,7471.0,7471.0,20250100,20250200,20250200
2025-01-08 12:00:00,7409.5,7433.0,7433.0,20250100,20250200,20250200
2025-01-08 13:00:00,7420.0,7439.5,7439.5,20250100,20250200,20250200
2025-01-08 14:00:00,7411.5,7435.0,7435.0,20250100,20250200,20250200
2025-01-08 15:00:00,7448.5,7469.5,7469.5,20250100,20250200,20250200
2025-01-08 16:00:00,7453.5,7483.5,7483.5,20250100,20250200,20250200
2025-01-08 17:00:00,7436.5,7457.0,7457.0,20250100,20250200,20250200
2025-01-08 18:00:00,7439.0,7457.0,7457.0,20250100,20250200,20250200
2025-01-08 19:00:00,7447.5,7457.0,7457.0,20250100,20250200,20250200
2025-01-08 20:00:00,7451.0,7457.0,7457.0,20250100,20250200,20250200
2025-01-08 23:00:00,7458.5,7481.0,7481.0,20250100,20250200,20250200
2025-01-09 07:00:00,7415.5,7455.5,7455.5,20250100,20250200,20250200
2025-01-09 08:00:00,7460.0,7482.5,7482.5,20250100,20250200,20250200
2025-01-09 09:00:00,7459.0,7476.0,7476.0,20250100,20250200,20250200
2025-01-09 10:00:00,7475.0,7492.5,7492.5,20250100,20250200,20250200
2025-01-09 11:00:00,7479.5,7497.0,7497.0,20250100,20250200,20250200
2025-01-09 12:00:00,7496.0,7497.0,7497.0,20250100,20250200,20250200
2025-01-09 13:00:00,7502.0,7526.0,7526.0,20250100,20250200,20250200
2025-01-09 14:00:00,7504.5,7527.0,7527.0,20250100,20250200,20250200
2025-01-09 15:00:00,7503.0,7527.0,7527.0,20250100,20250200,20250200
2025-01-09 16:00:00,7500.0,7527.0,7527.0,20250100,20250200,20250200
2025-01-09 17:00:00,7497.5,7527.0,7527.0,20250100,20250200,20250200
2025-01-09 18:00:00,7498.0,7527.0,7527.0,20250100,20250200,20250200
2025-01-09 19:00:00,7499.0,7527.0,7527.0,20250100,20250200,20250200
2025-01-09 20:00:00,7500.0,7527.0,7527.0,20250100,20250200,20250200
2025-01-09 23:00:00,7500.0,7527.0,7527.0,20250100,20250200,20250200
2025-01-10 07:00:00,7485.5,,,20250100,20250200,20250200
2025-01-10 08:00:00,7514.5,7539.0,7539.0,20250100,20250200,20250200
2025-01-10 09:00:00,7500.5,7520.5,7520.5,20250100,20250200,20250200
2025-01-10 10:00:00,7506.5,7535.5,7535.5,20250100,20250200,20250200
2025-01-10 11:00:00,7516.0,7539.0,7539.0,20250100,20250200,20250200
2025-01-10 12:00:00,7507.0,7532.0,7532.0,20250100,20250200,20250200
2025-01-10 13:00:00,7476.5,7495.0,7495.0,20250100,20250200,20250200
2025-01-10 14:00:00,7478.5,7498.5,7498.5,20250100,20250200,20250200
2025-01-10 15:00:00,7441.5,7464.5,7464.5,20250100,20250200,20250200
2025-01-10 16:00:00,7438.5,7465.0,7465.0,20250100,20250200,20250200
2025-01-10 17:00:00,7458.0,7465.0,7465.0,20250100,20250200,20250200
2025-01-10 18:00:00,7479.0,7465.0,7465.0,20250100,20250200,20250200
2025-01-10 19:00:00,7465.5,7465.0,7465.0,20250100,20250200,20250200
2025-01-10 20:00:00,7455.0,7470.5,7470.5,20250100,20250200,20250200
2025-01-10 23:00:00,7434.5,7456.5,7456.5,20250100,20250200,20250200
2025-01-13 07:00:00,7407.5,7428.5,7428.5,20250100,20250200,20250200
2025-01-13 08:00:00,7392.0,7414.0,7414.0,20250100,20250200,20250200
2025-01-13 09:00:00,7368.0,7389.0,7389.0,20250100,20250200,20250200
2025-01-13 10:00:00,7375.5,7396.5,7396.5,20250100,20250200,20250200
2025-01-13 11:00:00,7376.0,7397.5,7397.5,20250100,20250200,20250200
2025-01-13 12:00:00,7395.5,7417.0,7417.0,20250100,20250200,20250200
2025-01-13 13:00:00,7392.0,7413.5,7413.5,20250100,20250200,20250200
2025-01-13 14:00:00,7416.5,7437.5,7437.5,20250100,20250200,20250200
2025-01-13 15:00:00,7418.0,7440.5,7440.5,20250100,20250200,20250200
2025-01-13 16:00:00,7405.0,7429.5,7429.5,20250100,20250200,20250200
2025-01-13 17:00:00,7436.0,7449.5,7449.5,20250100,20250200,20250200
2025-01-13 18:00:00,7448.5,7466.5,7466.5,20250100,20250200,20250200
2025-01-13 19:00:00,7451.0,7470.5,7470.5,20250100,20250200,20250200
2025-01-13 20:00:00,7460.5,7472.5,7472.5,20250100,20250200,20250200
2025-01-13 23:00:00,7412.0,7434.5,7434.5,20250100,20250200,20250200
2025-01-14 07:00:00,7482.0,7503.5,7503.5,20250100,20250200,20250200
2025-01-14 08:00:00,7476.0,7497.5,7497.5,20250100,20250200,20250200
2025-01-14 09:00:00,7481.0,7503.5,7503.5,20250100,20250200,20250200
2025-01-14 10:00:00,7489.5,7510.5,7510.5,20250100,20250200,20250200
2025-01-14 11:00:00,7489.0,7510.5,7510.5,20250100,20250200,20250200
2025-01-14 12:00:00,7481.0,7503.0,7503.0,20250100,20250200,20250200
2025-01-14 13:00:00,7473.0,7494.0,7494.0,20250100,20250200,20250200
2025-01-14 14:00:00,7450.0,7470.5,7470.5,20250100,20250200,20250200
2025-01-14 15:00:00,7438.5,7459.5,7459.5,20250100,20250200,20250200
2025-01-14 16:00:00,7415.0,7438.0,7438.0,20250100,20250200,20250200
2025-01-14 17:00:00,7431.0,7452.5,7452.5,20250100,20250200,20250200
2025-01-14 18:00:00,7451.0,7475.5,7475.5,20250100,20250200,20250200
2025-01-14 19:00:00,7429.5,7450.5,7450.5,20250100,20250200,20250200
2025-01-14 20:00:00,7440.0,7460.5,7460.5,20250100,20250200,20250200
2025-01-14 23:00:00,7426.5,7448.5,7448.5,20250100,20250200,20250200
2025-01-15 07:00:00,7449.0,7468.5,7468.5,20250100,20250200,20250200
2025-01-15 08:00:00,7426.5,7447.5,7447.5,20250100,20250200,20250200
2025-01-15 09:00:00,7429.0,7450.5,7450.5,20250100,20250200,20250200
2025-01-15 10:00:00,7448.5,7470.0,7470.0,20250100,20250200,20250200
2025-01-15 11:00:00,7472.5,7495.0,7495.0,20250100,20250200,20250200
2025-01-15 12:00:00,7468.5,7490.0,7490.0,20250100,20250200,20250200
2025-01-15 13:00:00,7502.5,7525.5,7525.5,20250100,20250200,20250200
2025-01-15 14:00:00,7501.0,7523.5,7523.5,20250100,20250200,20250200
2025-01-15 15:00:00,7496.5,7517.5,7517.5,20250100,20250200,20250200
2025-01-15 16:00:00,7484.0,7507.0,7507.0,20250100,20250200,20250200
2025-01-15 17:00:00,7479.5,7501.0,7501.0,20250100,20250200,20250200
2025-01-15 18:00:00,7486.5,7508.0,7508.0,20250100,20250200,20250200
2025-01-15 19:00:00,7489.5,7511.5,7511.5,20250100,20250200,20250200
2025-01-15 20:00:00,7483.0,7505.5,7505.5,20250100,20250200,20250200
2025-01-15 23:00:00,7503.0,7525.5,7525.5,20250100,20250200,20250200
2025-01-16 07:00:00,7587.0,7607.5,7607.5,20250100,20250200,20250200
2025-01-16 08:00:00,7598.5,7627.5,7627.5,20250200,20250300,20250300
2025-01-16 09:00:00,7631.0,7619.0,7619.0,20250200,20250300,20250300
2025-01-16 10:00:00,7644.5,7619.0,7619.0,20250200,20250300,20250300
2025-01-16 11:00:00,7648.0,7665.5,7665.5,20250200,20250300,20250300
2025-01-16 12:00:00,7650.5,7665.5,7665.5,20250200,20250300,20250300
2025-01-16 13:00:00,7641.5,7665.5,7665.5,20250200,20250300,20250300
2025-01-16 14:00:00,7630.5,7655.5,7655.5,20250200,20250300,20250300
2025-01-16 15:00:00,7640.0,7653.5,7653.5,20250200,20250300,20250300
2025-01-16 16:00:00,7666.0,7675.0,7675.0,20250200,20250300,20250300
2025-01-16 17:00:00,7671.0,7675.0,7675.0,20250200,20250300,20250300
2025-01-16 18:00:00,7663.5,7675.0,7675.0,20250200,20250300,20250300
2025-01-16 19:00:00,7674.0,7675.0,7675.0,20250200,20250300,20250300
2025-01-16 20:00:00,7661.5,7675.0,7675.0,20250200,20250300,20250300
2025-01-16 23:00:00,7657.0,7673.0,7673.0,20250200,20250300,20250300
2025-01-17 07:00:00,7695.0,,,20250200,20250300,20250300
2025-01-17 08:00:00,7721.5,7726.5,7726.5,20250200,20250300,20250300
2025-01-17 09:00:00,7731.0,7726.5,7726.5,20250200,20250300,20250300
2025-01-17 10:00:00,7730.0,7739.5,7739.5,20250200,20250300,20250300
2025-01-17 11:00:00,7742.0,7739.5,7739.5,20250200,20250300,20250300
2025-01-17 12:00:00,7737.0,7757.0,7757.0,20250200,20250300,20250300
2025-01-17 13:00:00,7738.5,7757.0,7757.0,20250200,20250300,20250300
2025-01-17 14:00:00,7752.0,7757.0,7757.0,20250200,20250300,20250300
2025-01-17 15:00:00,7734.0,7757.0,7757.0,20250200,20250300,20250300
2025-01-17 16:00:00,7737.0,7753.0,7753.0,20250200,20250300,20250300
2025-01-17 17:00:00,7736.5,7757.0,7757.0,20250200,20250300,20250300
2025-01-17 18:00:00,7731.5,7757.0,7757.0,20250200,20250300,20250300
2025-01-17 19:00:00,7734.5,7757.0,7757.0,20250200,20250300,20250300
2025-01-17 20:00:00,7742.5,7757.0,7757.0,20250200,20250300,20250300
2025-01-17 23:00:00,7733.0,7749.5,7749.5,20250200,20250300,20250300
2025-01-20 07:00:00,7741.5,,,20250200,20250300,20250300
2025-01-20 08:00:00,7750.0,,,20250200,20250300,20250300
2025-01-20 09:00:00,7744.5,7778.0,7778.0,20250200,20250300,20250300
2025-01-20 10:00:00,7743.0,7759.5,7759.5,20250200,20250300,20250300
2025-01-20 11:00:00,7731.0,7759.5,7759.5,20250200,20250300,20250300
2025-01-20 12:00:00,7739.0,7759.5,7759.5,20250200,20250300,20250300
2025-01-20 13:00:00,7776.0,7769.5,7769.5,20250200,20250300,20250300
2025-01-20 14:00:00,7779.0,7769.5,7769.5,20250200,20250300,20250300
2025-01-20 15:00:00,7756.0,7775.5,7775.5,20250200,20250300,20250300
2025-01-20 16:00:00,7753.0,7766.5,7766.5,20250200,20250300,20250300
2025-01-20 17:00:00,7743.0,7757.5,7757.5,20250200,20250300,20250300
2025-01-20 18:00:00,7746.5,7757.5,7757.5,20250200,20250300,20250300
2025-01-20 19:00:00,7756.5,7757.5,7757.5,20250200,20250300,20250300
2025-01-20 20:00:00,7759.0,7757.5,7757.5,20250200,20250300,20250300
2025-01-20 23:00:00,7756.5,7774.0,7774.0,20250200,20250300,20250300
2025-01-21 07:00:00,7745.5,,,20250200,20250300,20250300
2025-01-21 08:00:00,7759.5,,,20250200,20250300,20250300
2025-01-21 09:00:00,7771.0,,,20250200,20250300,20250300
2025-01-21 10:00:00,7757.0,,,20250200,20250300,20250300
2025-01-21 11:00:00,7760.5,7781.5,7781.5,20250200,20250300,20250300
2025-01-21 12:00:00,7764.5,7781.5,7781.5,20250200,20250300,20250300
2025-01-21 13:00:00,7776.0,7770.5,7770.5,20250200,20250300,20250300
2025-01-21 14:00:00,7788.5,7802.0,7802.0,20250200,20250300,20250300
2025-01-21 15:00:00,7784.0,7802.0,7802.0,20250200,20250300,20250300
2025-01-21 16:00:00,7794.0,7815.5,7815.5,20250200,20250300,20250300
2025-01-21 17:00:00,7798.0,7815.5,7815.5,20250200,20250300,20250300
2025-01-21 18:00:00,7797.5,7815.5,7815.5,20250200,20250300,20250300
2025-01-21 19:00:00,7800.0,7815.5,7815.5,20250200,20250300,20250300
2025-01-21 20:00:00,7808.5,7815.5,7815.5,20250200,20250300,20250300
2025-01-21 23:00:00,7793.5,7811.0,7811.0,20250200,20250300,20250300
2025-01-22 07:00:00,7794.5,,,20250200,20250300,20250300
2025-01-22 08:00:00,7843.0,,,20250200,20250300,20250300
2025-01-22 09:00:00,7847.0,,,20250200,20250300,20250300
2025-01-22 10:00:00,7848.5,7872.0,7872.0,20250200,20250300,20250300
2025-01-22 11:00:00,7864.5,7872.0,7872.0,20250200,20250300,20250300
2025-01-22 12:00:00,7871.0,7872.0,7872.0,20250200,20250300,20250300
2025-01-22 13:00:00,7866.5,7872.0,7872.0,20250200,20250300,20250300
2025-01-22 14:00:00,7850.5,7878.0,7878.0,20250200,20250300,20250300
2025-01-22 15:00:00,7840.5,7878.0,7878.0,20250200,20250300,20250300
2025-01-22 16:00:00,7861.0,7879.0,7879.0,20250200,20250300,20250300
2025-01-22 17:00:00,7851.0,7874.0,7874.0,20250200,20250300,20250300
2025-01-22 18:00:00,7848.0,7869.0,7869.0,20250200,20250300,20250300
2025-01-22 19:00:00,7848.5,7869.0,7869.0,20250200,20250300,20250300
2025-01-22 20:00:00,7842.0,7869.0,7869.0,20250200,20250300,20250300
2025-01-22 23:00:00,7859.0,7876.0,7876.0,20250200,20250300,20250300
2025-01-23 07:00:00,7868.5,7862.0,7862.0,20250200,20250300,20250300
2025-01-23 08:00:00,7848.5,7870.5,7870.5,20250200,20250300,20250300
2025-01-23 09:00:00,7868.5,7876.0,7876.0,20250200,20250300,20250300
2025-01-23 10:00:00,7881.0,7876.0,7876.0,20250200,20250300,20250300
2025-01-23 11:00:00,7885.5,7876.0,7876.0,20250200,20250300,20250300
2025-01-23 12:00:00,7888.5,7876.0,7876.0,20250200,20250300,20250300
2025-01-23 13:00:00,7895.5,7876.0,7876.0,20250200,20250300,20250300
2025-01-23 14:00:00,7893.0,7876.0,7876.0,20250200,20250300,20250300
2025-01-23 15:00:00,7909.5,7876.0,7876.0,20250200,20250300,20250300
2025-01-23 16:00:00,7922.5,7937.0,7937.0,20250200,20250300,20250300
2025-01-23 17:00:00,7933.5,7951.0,7951.0,20250200,20250300,20250300
2025-01-23 18:00:00,7930.5,7944.5,7944.5,20250200,20250300,20250300
2025-01-23 19:00:00,7927.0,7944.5,7944.5,20250200,20250300,20250300
2025-01-23 20:00:00,7941.0,7944.5,7944.5,20250200,20250300,20250300
2025-01-23 23:00:00,7911.5,7929.5,7929.5,20250200,20250300,20250300
2025-01-24 07:00:00,7971.5,7978.5,7978.5,20250200,20250300,20250300
2025-01-24 08:00:00,8006.0,8011.0,8011.0,20250200,20250300,20250300
2025-01-24 09:00:00,7992.5,8012.5,8012.5,20250200,20250300,20250300
2025-01-24 10:00:00,7990.0,8012.5,8012.5,20250200,20250300,20250300
2025-01-24 11:00:00,7978.0,8012.5,8012.5,20250200,20250300,20250300
2025-01-24 12:00:00,7967.5,7998.5,7998.5,20250200,20250300,20250300
2025-01-24 13:00:00,7952.0,7978.5,7978.5,20250200,20250300,20250300
2025-01-24 14:00:00,7936.5,7978.5,7978.5,20250200,20250300,20250300
2025-01-24 15:00:00,7936.0,7961.5,7961.5,20250200,20250300,20250300
2025-01-24 16:00:00,7944.5,7967.5,7967.5,20250200,20250300,20250300
2025-01-24 17:00:00,7939.5,7967.5,7967.5,20250200,20250300,20250300
2025-01-24 18:00:00,7936.5,7967.5,7967.5,20250200,20250300,20250300
2025-01-24 19:00:00,7942.0,7967.5,7967.5,20250200,20250300,20250300
2025-01-24 20:00:00,7938.0,7967.5,7967.5,20250200,20250300,20250300
2025-01-24 23:00:00,7946.5,7965.0,7965.0,20250200,20250300,20250300
2025-01-27 07:00:00,7859.5,7886.0,7886.0,20250200,20250300,20250300
2025-01-27 08:00:00,7877.5,7906.0,7906.0,20250200,20250300,20250300
2025-01-27 09:00:00,7891.5,7911.5,7911.5,20250200,20250300,20250300
2025-01-27 10:00:00,7872.0,7886.5,7886.5,20250200,20250300,20250300
2025-01-27 11:00:00,7879.5,7887.0,7887.0,20250200,20250300,20250300
2025-01-27 12:00:00,7893.5,7887.0,7887.0,20250200,20250300,20250300
2025-01-27 13:00:00,7908.0,7929.5,7929.5,20250200,20250300,20250300
2025-01-27 14:00:00,7933.5,7947.0,7947.0,20250200,20250300,20250300
2025-01-27 15:00:00,7932.5,7947.0,7947.0,20250200,20250300,20250300
2025-01-27 16:00:00,7928.5,7940.0,7940.0,20250200,20250300,20250300
2025-01-27 17:00:00,7933.5,7940.0,7940.0,20250200,20250300,20250300
2025-01-27 18:00:00,7936.5,7940.0,7940.0,20250200,20250300,20250300
2025-01-27 19:00:00,7941.0,7940.0,7940.0,20250200,20250300,20250300
2025-01-27 20:00:00,7959.5,7940.0,7940.0,20250200,20250300,20250300
2025-01-27 23:00:00,7879.5,7887.0,7887.0,20250200,20250300,20250300
2025-01-28 07:00:00,7921.5,7917.0,7917.0,20250200,20250300,20250300
2025-01-28 08:00:00,7927.5,7916.5,7916.5,20250200,20250300,20250300
2025-01-28 09:00:00,7954.5,7916.5,7916.5,20250200,20250300,20250300
2025-01-28 10:00:00,7956.0,7978.0,7978.0,20250200,20250300,20250300
2025-01-28 11:00:00,7950.0,7978.0,7978.0,20250200,20250300,20250300
2025-01-28 12:00:00,7960.0,7978.0,7978.0,20250200,20250300,20250300
2025-01-28 13:00:00,7971.0,7980.5,7980.5,20250200,20250300,20250300
2025-01-28 14:00:00,7942.0,7951.0,7951.0,20250200,20250300,20250300
2025-01-28 15:00:00,7942.5,7951.0,7951.0,20250200,20250300,20250300
2025-01-28 16:00:00,7863.0,7898.5,7898.5,20250200,20250300,20250300
2025-01-28 17:00:00,7894.5,7914.0,7914.0,20250200,20250300,20250300
2025-01-28 18:00:00,7893.0,7914.0,7914.0,20250200,20250300,20250300
2025-01-28 19:00:00,7910.0,7914.0,7914.0,20250200,20250300,20250300
2025-01-28 20:00:00,7915.0,7914.0,7914.0,20250200,20250300,20250300
2025-01-28 23:00:00,7914.5,7933.0,7933.0,20250200,20250300,20250300
2025-01-29 07:00:00,7911.0,7947.5,7947.5,20250200,20250300,20250300
2025-01-29 08:00:00,7872.5,7947.5,7947.5,20250200,20250300,20250300
2025-01-29 09:00:00,7885.5,7912.0,7912.0,20250200,20250300,20250300
2025-01-29 10:00:00,7899.0,7912.0,7912.0,20250200,20250300,20250300
2025-01-29 11:00:00,7896.5,7912.0,7912.0,20250200,20250300,20250300
2025-01-29 12:00:00,7895.5,7912.0,7912.0,20250200,20250300,20250300
2025-01-29 13:00:00,7877.0,7912.0,7912.0,20250200,20250300,20250300
2025-01-29 14:00:00,7888.0,7912.0,7912.0,20250200,20250300,20250300
2025-01-29 15:00:00,7883.0,7904.0,7904.0,20250200,20250300,20250300
2025-01-29 16:00:00,7896.5,7914.5,7914.5,20250200,20250300,20250300
2025-01-29 17:00:00,7892.5,7914.5,7914.5,20250200,20250300,20250300
2025-01-29 18:00:00,7889.0,7914.5,7914.5,20250200,20250300,20250300
2025-01-29 19:00:00,7892.0,7914.5,7914.5,20250200,20250300,20250300
2025-01-29 20:00:00,7892.0,7914.5,7914.5,20250200,20250300,20250300
2025-01-29 23:00:00,7889.0,7907.0,7907.0,20250200,20250300,20250300
2025-01-30 07:00:00,7913.0,7923.5,7923.5,20250200,20250300,20250300
2025-01-30 08:00:00,7918.5,7923.5,7923.5,20250200,20250300,20250300
2025-01-30 09:00:00,7915.5,7930.5,7930.5,20250200,20250300,20250300
2025-01-30 10:00:00,7934.5,7930.5,7930.5,20250200,20250300,20250300
2025-01-30 11:00:00,7932.0,7930.5,7930.5,20250200,20250300,20250300
2025-01-30 12:00:00,7930.0,7930.5,7930.5,20250200,20250300,20250300
2025-01-30 13:00:00,7938.5,7930.5,7930.5,20250200,20250300,20250300
2025-01-30 14:00:00,7939.5,7957.5,7957.5,20250200,20250300,20250300
2025-01-30 15:00:00,7951.5,7957.5,7957.5,20250200,20250300,20250300
2025-01-30 16:00:00,7973.0,7995.5,7995.5,20250200,20250300,20250300
2025-01-30 17:00:00,7978.0,7992.0,7992.0,20250200,20250300,20250300
2025-01-30 18:00:00,7989.5,7992.0,7992.0,20250200,20250300,20250300
2025-01-30 19:00:00,7992.5,7992.0,7992.0,20250200,20250300,20250300
2025-01-30 20:00:00,7966.0,8003.0,8003.0,20250200,20250300,20250300
2025-01-30 23:00:00,7956.0,7975.0,7975.0,20250200,20250300,20250300
2025-01-31 07:00:00,7970.5,8001.5,8001.5,20250200,20250300,20250300
2025-01-31 08:00:00,7980.5,7980.0,7980.0,20250200,20250300,20250300
2025-01-31 09:00:00,7976.0,8011.0,8011.0,20250200,20250300,20250300
2025-01-31 10:00:00,7984.5,8002.5,8002.5,20250200,20250300,20250300
2025-01-31 11:00:00,7994.5,8002.5,8002.5,20250200,20250300,20250300
2025-01-31 12:00:00,7990.5,8027.5,8027.5,20250200,20250300,20250300
2025-01-31 13:00:00,7987.0,8027.5,8027.5,20250200,20250300,20250300
2025-01-31 14:00:00,7960.0,7992.0,7992.0,20250200,20250300,20250300
2025-01-31 15:00:00,7962.0,7979.5,7979.5,20250200,20250300,20250300
2025-01-31 16:00:00,7957.0,7982.0,7982.0,20250200,20250300,20250300
2025-01-31 17:00:00,7979.0,7980.5,7980.5,20250200,20250300,20250300
2025-01-31 18:00:00,7938.0,7993.5,7993.5,20250200,20250300,20250300
2025-01-31 19:00:00,7929.5,7957.5,7957.5,20250200,20250300,20250300
2025-01-31 20:00:00,7933.5,7957.5,7957.5,20250200,20250300,20250300
2025-01-31 23:00:00,7964.0,7983.0,7983.0,20250200,20250300,20250300
2025-02-03 07:00:00,7782.5,7803.5,7803.5,20250200,20250300,20250300
2025-02-03 08:00:00,7846.5,7866.0,7866.0,20250200,20250300,20250300
2025-02-03 09:00:00,7810.0,7845.5,7845.5,20250200,20250300,20250300
2025-02-03 10:00:00,7829.0,7836.5,7836.5,20250200,20250300,20250300
2025-02-03 11:00:00,7826.5,7836.5,7836.5,20250200,20250300,20250300
2025-02-03 12:00:00,7816.0,7836.5,7836.5,20250200,20250300,20250300
2025-02-03 13:00:00,7847.0,7836.5,7836.5,20250200,20250300,20250300
2025-02-03 14:00:00,7818.5,7836.5,7836.5,20250200,20250300,20250300
2025-02-03 15:00:00,7864.5,7845.5,7845.5,20250200,20250300,20250300
2025-02-03 16:00:00,7856.0,7888.0,7888.0,20250200,20250300,20250300
2025-02-03 17:00:00,7842.0,7848.0,7848.0,20250200,20250300,20250300
2025-02-03 18:00:00,7853.0,7872.0,7872.0,20250200,20250300,20250300
2025-02-03 19:00:00,7868.5,7886.5,7886.5,20250200,20250300,20250300
2025-02-03 20:00:00,7848.0,7886.5,7886.5,20250200,20250300,20250300
2025-02-03 23:00:00,7868.0,7885.5,7885.5,20250200,20250300,20250300
2025-02-04 07:00:00,7871.5,,,20250200,20250300,20250300
2025-02-04 08:00:00,7845.0,,,20250200,20250300,20250300
2025-02-04 09:00:00,7872.0,,,20250200,20250300,20250300
2025-02-04 10:00:00,7882.0,,,20250200,20250300,20250300
2025-02-04 11:00:00,7887.5,,,20250200,20250300,20250300
2025-02-04 12:00:00,7889.0,,,20250200,20250300,20250300
2025-02-04 13:00:00,7897.0,7910.5,7910.5,20250200,20250300,20250300
2025-02-04 14:00:00,7923.0,7910.5,7910.5,20250200,20250300,20250300
2025-02-04 15:00:00,7911.0,7932.0,7932.0,20250200,20250300,20250300
2025-02-04 16:00:00,7921.5,7932.5,7932.5,20250200,20250300,20250300
2025-02-04 17:00:00,7921.0,7928.0,7928.0,20250200,20250300,20250300
2025-02-04 18:00:00,7902.5,7928.0,7928.0,20250200,20250300,20250300
2025-02-04 19:00:00,7913.0,7928.0,7928.0,20250200,20250300,20250300
2025-02-04 20:00:00,7917.5,7928.0,7928.0,20250200,20250300,20250300
2025-02-04 23:00:00,7918.0,7936.0,7936.0,20250200,20250300,20250300
2025-02-05 07:00:00,7890.0,,,20250200,20250300,20250300
2025-02-05 08:00:00,7892.5,,,20250200,20250300,20250300
2025-02-05 09:00:00,7886.5,,,20250200,20250300,20250300
2025-02-05 10:00:00,7898.5,,,20250200,20250300,20250300
2025-02-05 11:00:00,7906.0,,,20250200,20250300,20250300
2025-02-05 12:00:00,7903.0,,,20250200,20250300,20250300
2025-02-05 13:00:00,7901.0,,,20250200,20250300,20250300
2025-02-05 14:00:00,7884.5,,,20250200,20250300,20250300
2025-02-05 15:00:00,7894.5,7905.5,7905.5,20250200,20250300,20250300
2025-02-05 16:00:00,7908.0,7909.5,7909.5,20250200,20250300,20250300
2025-02-05 17:00:00,7907.5,7927.5,7927.5,20250200,20250300,20250300
2025-02-05 18:00:00,7912.5,7927.5,7927.5,20250200,20250300,20250300
2025-02-05 19:00:00,7910.5,7927.5,7927.5,20250200,20250300,20250300
2025-02-05 20:00:00,7913.0,7927.5,7927.5,20250200,20250300,20250300
2025-02-05 23:00:00,7902.5,7920.0,7920.0,20250200,20250300,20250300
2025-02-06 07:00:00,7923.5,,,20250200,20250300,20250300
2025-02-06 08:00:00,7950.5,,,20250200,20250300,20250300
2025-02-06 09:00:00,7956.5,,,20250200,20250300,20250300
2025-02-06 10:00:00,7951.0,,,20250200,20250300,20250300
2025-02-06 11:00:00,7961.0,7979.0,7979.0,20250200,20250300,20250300
2025-02-06 12:00:00,7980.0,7979.0,7979.0,20250200,20250300,20250300
2025-02-06 13:00:00,7980.5,7999.5,7999.5,20250200,20250300,20250300
2025-02-06 14:00:00,8004.0,8010.5,8010.5,20250200,20250300,20250300
2025-02-06 15:00:00,7999.5,8018.5,8018.5,20250200,20250300,20250300
2025-02-06 16:00:00,8016.5,8034.0,8034.0,20250200,20250300,20250300
2025-02-06 17:00:00,8009.5,8016.5,8016.5,20250200,20250300,20250300
2025-02-06 18:00:00,8004.0,8024.5,8024.5,20250200,20250300,20250300
2025-02-06 19:00:00,7995.0,8024.5,8024.5,20250200,20250300,20250300
2025-02-06 20:00:00,8000.0,8024.5,8024.5,20250200,20250300,20250300
2025-02-06 23:00:00,8017.0,8034.5,8034.5,20250200,20250300,20250300
2025-02-07 07:00:00,8000.5,8024.5,8024.5,20250200,20250300,20250300
2025-02-07 08:00:00,8023.0,8024.5,8024.5,20250200,20250300,20250300
2025-02-07 09:00:00,8012.5,8043.0,8043.0,20250200,20250300,20250300
2025-02-07 10:00:00,8006.5,8043.0,8043.0,20250200,20250300,20250300
2025-02-07 11:00:00,8011.5,8043.0,8043.0,20250200,20250300,20250300
2025-02-07 12:00:00,8005.0,8043.0,8043.0,20250200,20250300,20250300
2025-02-07 13:00:00,8003.5,8043.0,8043.0,20250200,20250300,20250300
2025-02-07 14:00:00,8007.0,8017.5,8017.5,20250200,20250300,20250300
2025-02-07 15:00:00,7986.5,7991.5,7991.5,20250200,20250300,20250300
2025-02-07 16:00:00,7973.0,8001.0,8001.0,20250200,20250300,20250300
2025-02-07 17:00:00,7981.0,8002.0,8002.0,20250200,20250300,20250300
2025-02-07 18:00:00,7972.0,8002.0,8002.0,20250200,20250300,20250300
2025-02-07 19:00:00,7971.0,8002.0,8002.0,20250200,20250300,20250300
2025-02-07 20:00:00,7960.0,8002.0,8002.0,20250200,20250300,20250300
2025-02-07 23:00:00,7982.0,7999.5,7999.5,20250200,20250300,20250300
2025-02-10 07:00:00,7984.5,,,20250200,20250300,20250300
2025-02-10 08:00:00,7993.0,,,20250200,20250300,20250300
2025-02-10 09:00:00,7980.0,8004.0,8004.0,20250200,20250300,20250300
2025-02-10 10:00:00,7999.0,8004.0,8004.0,20250200,20250300,20250300
2025-02-10 11:00:00,7998.5,8004.0,8004.0,20250200,20250300,20250300
2025-02-10 12:00:00,7999.5,8004.0,8004.0,20250200,20250300,20250300
2025-02-10 13:00:00,8007.5,8004.0,8004.0,20250200,20250300,20250300
2025-02-10 14:00:00,8003.5,8010.0,8010.0,20250200,20250300,20250300
2025-02-10 15:00:00,8008.0,8028.5,8028.5,20250200,20250300,20250300
2025-02-10 16:00:00,8013.0,8026.0,8026.0,20250200,20250300,20250300
2025-02-10 17:00:00,8022.0,8034.5,8034.5,20250200,20250300,20250300
2025-02-10 18:00:00,8020.5,8042.5,8042.5,20250200,20250300,20250300
2025-02-10 19:00:00,8020.0,8042.5,8042.5,20250200,20250300,20250300
2025-02-10 20:00:00,8023.0,8042.5,8042.5,20250200,20250300,20250300
2025-02-10 23:00:00,8014.5,8032.5,8032.5,20250200,20250300,20250300
2025-02-11 07:00:00,8009.5,,,20250200,20250300,20250300
2025-02-11 08:00:00,8028.5,8045.5,8045.5,20250200,20250300,20250300
2025-02-11 09:00:00,8012.0,8029.0,8029.0,20250200,20250300,20250300
2025-02-11 10:00:00,8013.5,8033.0,8033.0,20250200,20250300,20250300
2025-02-11 11:00:00,8016.0,8027.0,8027.0,20250200,20250300,20250300
2025-02-11 12:00:00,8018.0,8033.0,8033.0,20250200,20250300,20250300
2025-02-11 13:00:00,8029.5,8052.0,8052.0,20250200,20250300,20250300
2025-02-11 14:00:00,8032.5,8051.0,8051.0,20250200,20250300,20250300
2025-02-11 15:00:00,8037.0,8055.0,8055.0,20250200,20250300,20250300
2025-02-11 16:00:00,8035.5,8052.5,8052.5,20250200,20250300,20250300
2025-02-11 17:00:00,8032.5,8053.0,8053.0,20250200,20250300,20250300
2025-02-11 18:00:00,8038.5,8059.0,8059.0,20250200,20250300,20250300
2025-02-11 19:00:00,8052.0,8072.0,8072.0,20250200,20250300,20250300
2025-02-11 20:00:00,8053.0,8072.0,8072.0,20250200,20250300,20250300
2025-02-11 23:00:00,8028.5,8045.5,8045.5,20250200,20250300,20250300
2025-02-12 07:00:00,8050.0,8069.5,8069.5,20250200,20250300,20250300
2025-02-12 08:00:00,8066.5,8082.5,8082.5,20250200,20250300,20250300
2025-02-12 09:00:00,8058.0,8076.0,8076.0,20250200,20250300,20250300
2025-02-12 10:00:00,8049.0,8065.0,8065.0,20250200,20250300,20250300
2025-02-12 11:00:00,8031.0,8058.0,8058.0,20250200,20250300,20250300
2025-02-12 12:00:00,8036.5,8058.0,8058.0,20250200,20250300,20250300
2025-02-12 13:00:00,8010.5,8040.0,8040.0,20250200,20250300,20250300
2025-02-12 14:00:00,8030.0,8048.0,8048.0,20250200,20250300,20250300
2025-02-12 15:00:00,8063.5,8078.0,8078.0,20250200,20250300,20250300
2025-02-12 16:00:00,8070.5,8065.5,8065.5,20250200,20250300,20250300
2025-02-12 17:00:00,8104.0,8121.5,8121.5,20250200,20250300,20250300
2025-02-12 18:00:00,8099.0,8120.0,8120.0,20250200,20250300,20250300
2025-02-12 19:00:00,8110.5,8128.0,8128.0,20250200,20250300,20250300
2025-02-12 20:00:00,8109.5,8128.5,8128.5,20250200,20250300,20250300
2025-02-12 23:00:00,8049.0,8066.5,8066.5,20250200,20250300,20250300
2025-02-13 07:00:00,8124.5,8140.0,8140.0,20250200,20250300,20250300
2025-02-13 08:00:00,8105.0,8128.0,8128.0,20250200,20250300,20250300
2025-02-13 09:00:00,8131.5,8148.5,8148.5,20250200,20250300,20250300
2025-02-13 10:00:00,8157.0,8163.5,8163.5,20250200,20250300,20250300
2025-02-13 11:00:00,8153.0,8171.5,8171.5,20250200,20250300,20250300
2025-02-13 12:00:00,8158.0,8176.5,8176.5,20250200,20250300,20250300
2025-02-13 13:00:00,8158.5,8178.5,8178.5,20250200,20250300,20250300
2025-02-13 14:00:00,8173.0,8190.0,8190.0,20250200,20250300,20250300
2025-02-13 15:00:00,8163.0,8174.0,8174.0,20250200,20250300,20250300
2025-02-13 16:00:00,8154.0,8179.5,8179.5,20250200,20250300,20250300
2025-02-13 17:00:00,8145.5,8170.0,8170.0,20250200,20250300,20250300
2025-02-13 18:00:00,8136.5,8146.0,8146.0,20250200,20250300,20250300
2025-02-13 19:00:00,8133.5,8153.5,8153.5,20250200,20250300,20250300
2025-02-13 20:00:00,8134.5,8153.5,8153.5,20250200,20250300,20250300
2025-02-13 23:00:00,8134.5,8153.5,8153.5,20250200,20250300,20250300
2025-02-14 07:00:00,8162.0,8182.5,8182.5,20250200,20250300,20250300
2025-02-14 08:00:00,8192.5,8208.5,8208.5,20250200,20250300,20250300
2025-02-14 09:00:00,8204.0,8212.5,8212.5,20250200,20250300,20250300
2025-02-14 10:00:00,8191.0,8210.0,8210.0,20250200,20250300,20250300
2025-02-14 11:00:00,8204.5,8223.5,8223.5,20250200,20250300,20250300
2025-02-14 12:00:00,8197.0,8212.0,8212.0,20250200,20250300,20250300
2025-02-14 13:00:00,8197.0,8216.5,8216.5,20250200,20250300,20250300
2025-02-14 14:00:00,8204.0,8223.5,8223.5,20250200,20250300,20250300
2025-02-14 15:00:00,8190.5,8211.5,8211.5,20250200,20250300,20250300
2025-02-14 16:00:00,8187.5,8205.5,8205.5,20250200,20250300,20250300
2025-02-14 17:00:00,8185.5,8195.5,8195.5,20250200,20250300,20250300
2025-02-14 18:00:00,8186.5,8195.5,8195.5,20250200,20250300,20250300
2025-02-14 19:00:00,8180.5,8200.0,8200.0,20250200,20250300,20250300
2025-02-14 20:00:00,8178.0,8200.0,8200.0,20250200,20250300,20250300
2025-02-14 23:00:00,8182.5,8201.0,8201.0,20250200,20250300,20250300
2025-02-17 07:00:00,8178.5,8200.0,8200.0,20250200,20250300,20250300
2025-02-17 08:00:00,8193.5,,,20250300,20250400,20250400
2025-02-17 09:00:00,8210.5,,,20250300,20250400,20250400
2025-02-17 10:00:00,8211.0,,,20250300,20250400,20250400
2025-02-17 11:00:00,8202.0,,,20250300,20250400,20250400
2025-02-17 12:00:00,8209.5,,,20250300,20250400,20250400
2025-02-17 13:00:00,8207.0,,,20250300,20250400,20250400
2025-02-17 14:00:00,8219.0,,,20250300,20250400,20250400
2025-02-17 15:00:00,8215.0,,,20250300,20250400,20250400
2025-02-17 16:00:00,8215.0,,,20250300,20250400,20250400
2025-02-17 17:00:00,8214.5,,,20250300,20250400,20250400
2025-02-17 18:00:00,8214.5,,,20250300,20250400,20250400
2025-02-17 19:00:00,8214.5,,,20250300,20250400,20250400
2025-02-17 20:00:00,8211.0,,,20250300,20250400,20250400
2025-02-17 23:00:00,8211.0,8223.5,8223.5,20250300,20250400,20250400
2025-02-18 07:00:00,8224.5,,,20250300,20250400,20250400
2025-02-18 08:00:00,8184.5,,,20250300,20250400,20250400
2025-02-18 09:00:00,8199.5,,,20250300,20250400,20250400
2025-02-18 10:00:00,8206.0,,,20250300,20250400,20250400
2025-02-18 11:00:00,8212.5,,,20250300,20250400,20250400
2025-02-18 12:00:00,8229.5,,,20250300,20250400,20250400
2025-02-18 13:00:00,8236.5,,,20250300,20250400,20250400
2025-02-18 14:00:00,8232.5,,,20250300,20250400,20250400
2025-02-18 15:00:00,8245.0,,,20250300,20250400,20250400
2025-02-18 16:00:00,8232.0,,,20250300,20250400,20250400
2025-02-18 17:00:00,8232.5,,,20250300,20250400,20250400
2025-02-18 18:00:00,8229.5,,,20250300,20250400,20250400
2025-02-18 19:00:00,8229.0,,,20250300,20250400,20250400
2025-02-18 20:00:00,8235.0,,,20250300,20250400,20250400
2025-02-18 23:00:00,8228.5,8241.0,8241.0,20250300,20250400,20250400
2025-02-19 07:00:00,8227.0,,,20250300,20250400,20250400
2025-02-19 08:00:00,8215.5,,,20250300,20250400,20250400
2025-02-19 09:00:00,8215.0,,,20250300,20250400,20250400
2025-02-19 10:00:00,8176.5,,,20250300,20250400,20250400
2025-02-19 11:00:00,8160.5,,,20250300,20250400,20250400
2025-02-19 12:00:00,8160.5,,,20250300,20250400,20250400
2025-02-19 13:00:00,8147.0,,,20250300,20250400,20250400
2025-02-19 14:00:00,8128.0,,,20250300,20250400,20250400
2025-02-19 15:00:00,8124.5,,,20250300,20250400,20250400
2025-02-19 16:00:00,8128.0,,,20250300,20250400,20250400
2025-02-19 17:00:00,8127.0,,,20250300,20250400,20250400
2025-02-19 18:00:00,8115.0,,,20250300,20250400,20250400
2025-02-19 19:00:00,8129.5,,,20250300,20250400,20250400
2025-02-19 20:00:00,8132.0,,,20250300,20250400,20250400
2025-02-19 23:00:00,8132.0,8144.5,8144.5,20250300,20250400,20250400
2025-02-20 07:00:00,8165.5,,,20250300,20250400,20250400
2025-02-20 08:00:00,8168.5,,,20250300,20250400,20250400
2025-02-20 09:00:00,8188.0,,,20250300,20250400,20250400
2025-02-20 10:00:00,8178.0,,,20250300,20250400,20250400
2025-02-20 11:00:00,8166.0,,,20250300,20250400,20250400
2025-02-20 12:00:00,8166.0,,,20250300,20250400,20250400
2025-02-20 13:00:00,8154.0,,,20250300,20250400,20250400
2025-02-20 14:00:00,8149.0,,,20250300,20250400,20250400
2025-02-20 15:00:00,8133.0,,,20250300,20250400,20250400
2025-02-20 16:00:00,8136.0,,,20250300,20250400,20250400
2025-02-20 17:00:00,8145.5,,,20250300,20250400,20250400
2025-02-20 18:00:00,8149.5,,,20250300,20250400,20250400
2025-02-20 19:00:00,8155.0,,,20250300,20250400,20250400
2025-02-20 20:00:00,8144.5,,,20250300,20250400,20250400
2025-02-20 23:00:00,8141.5,8154.0,8154.0,20250300,20250400,20250400
2025-02-21 07:00:00,8151.0,,,20250300,20250400,20250400
2025-02-21 08:00:00,8159.0,,,20250300,20250400,20250400
2025-02-21 09:00:00,8166.5,,,20250300,20250400,20250400
2025-02-21 10:00:00,8193.5,,,20250300,20250400,20250400
2025-02-21 11:00:00,8178.5,,,20250300,20250400,20250400
2025-02-21 12:00:00,8173.0,,,20250300,20250400,20250400
2025-02-21 13:00:00,8171.5,,,20250300,20250400,20250400
2025-02-21 14:00:00,8161.5,,,20250300,20250400,20250400
2025-02-21 15:00:00,8164.5,,,20250300,20250400,20250400
2025-02-21 16:00:00,8176.0,,,20250300,20250400,20250400
2025-02-21 17:00:00,8152.5,,,20250300,20250400,20250400
2025-02-21 18:00:00,8131.5,,,20250300,20250400,20250400
2025-02-21 19:00:00,8121.0,,,20250300,20250400,20250400
2025-02-21 20:00:00,8131.5,,,20250300,20250400,20250400
2025-02-21 23:00:00,8172.5,8185.0,8185.0,20250300,20250400,20250400
2025-02-24 07:00:00,8172.0,,,20250300,20250400,20250400
2025-02-24 08:00:00,8143.5,,,20250300,20250400,20250400
2025-02-24 09:00:00,8157.5,,,20250300,20250400,20250400
2025-02-24 10:00:00,8147.0,,,20250300,20250400,20250400
2025-02-24 11:00:00,8155.5,,,20250300,20250400,20250400
2025-02-24 12:00:00,8153.5,,,20250300,20250400,20250400
2025-02-24 13:00:00,8142.0,,,20250300,20250400,20250400
2025-02-24 14:00:00,8090.0,,,20250300,20250400,20250400
2025-02-24 15:00:00,8093.0,,,20250300,20250400,20250400
2025-02-24 16:00:00,8098.0,,,20250300,20250400,20250400
2025-02-24 17:00:00,8099.5,8140.0,8140.0,20250300,20250400,20250400
2025-02-24 18:00:00,8097.5,8140.0,8140.0,20250300,20250400,20250400
2025-02-24 19:00:00,8085.5,8140.0,8140.0,20250300,20250400,20250400
2025-02-24 20:00:00,8070.5,8140.0,8140.0,20250300,20250400,20250400
2025-02-24 23:00:00,8108.0,8119.5,8119.5,20250300,20250400,20250400
2025-02-25 07:00:00,8087.5,,,20250300,20250400,20250400
2025-02-25 08:00:00,8082.5,,,20250300,20250400,20250400
2025-02-25 09:00:00,8098.5,,,20250300,20250400,20250400
2025-02-25 10:00:00,8099.5,,,20250300,20250400,20250400
2025-02-25 11:00:00,8108.5,,,20250300,20250400,20250400
2025-02-25 12:00:00,8107.5,,,20250300,20250400,20250400
2025-02-25 13:00:00,8121.5,,,20250300,20250400,20250400
2025-02-25 14:00:00,8102.0,,,20250300,20250400,20250400
2025-02-25 15:00:00,8074.0,,,20250300,20250400,20250400
2025-02-25 16:00:00,8083.0,,,20250300,20250400,20250400
2025-02-25 17:00:00,8093.0,,,20250300,20250400,20250400
2025-02-25 18:00:00,8098.0,,,20250300,20250400,20250400
2025-02-25 19:00:00,8103.5,,,20250300,20250400,20250400
2025-02-25 20:00:00,8090.5,,,20250300,20250400,20250400
2025-02-25 23:00:00,8068.0,8079.5,8079.5,20250300,20250400,20250400
2025-02-26 07:00:00,8114.0,,,20250300,20250400,20250400
2025-02-26 08:00:00,8132.5,8172.0,8172.0,20250300,20250400,20250400
2025-02-26 09:00:00,8152.0,8172.0,8172.0,20250300,20250400,20250400
2025-02-26 10:00:00,8154.0,8172.0,8172.0,20250300,20250400,20250400
2025-02-26 11:00:00,8155.0,8172.0,8172.0,20250300,20250400,20250400
2025-02-26 12:00:00,8178.0,8172.0,8172.0,20250300,20250400,20250400
2025-02-26 13:00:00,8162.5,8172.0,8172.0,20250300,20250400,20250400
2025-02-26 14:00:00,8149.5,8172.0,8172.0,20250300,20250400,20250400
2025-02-26 15:00:00,8151.0,8172.0,8172.0,20250300,20250400,20250400
2025-02-26 16:00:00,8152.5,8172.0,8172.0,20250300,20250400,20250400
2025-02-26 17:00:00,8122.5,8172.0,8172.0,20250300,20250400,20250400
2025-02-26 18:00:00,8095.5,8172.0,8172.0,20250300,20250400,20250400
2025-02-26 19:00:00,8095.0,8172.0,8172.0,20250300,20250400,20250400
2025-02-26 20:00:00,8111.0,8172.0,8172.0,20250300,20250400,20250400
2025-02-26 23:00:00,8160.0,8171.5,8171.5,20250300,20250400,20250400
2025-02-27 07:00:00,8118.5,,,20250300,20250400,20250400
2025-02-27 08:00:00,8115.0,,,20250300,20250400,20250400
2025-02-27 09:00:00,8140.0,,,20250300,20250400,20250400
2025-02-27 10:00:00,8134.0,,,20250300,20250400,20250400
2025-02-27 11:00:00,8135.5,,,20250300,20250400,20250400
2025-02-27 12:00:00,8127.0,,,20250300,20250400,20250400
2025-02-27 13:00:00,8097.5,,,20250300,20250400,20250400
2025-02-27 14:00:00,8075.0,,,20250300,20250400,20250400
2025-02-27 15:00:00,8103.5,,,20250300,20250400,20250400
2025-02-27 16:00:00,8099.5,,,20250300,20250400,20250400
2025-02-27 17:00:00,8106.5,,,20250300,20250400,20250400
2025-02-27 18:00:00,8124.5,,,20250300,20250400,20250400
2025-02-27 19:00:00,8085.0,,,20250300,20250400,20250400
2025-02-27 20:00:00,8077.0,,,20250300,20250400,20250400
2025-02-27 23:00:00,8116.0,8127.5,8127.5,20250300,20250400,20250400
2025-02-28 07:00:00,8056.0,,,20250300,20250400,20250400
2025-02-28 08:00:00,8079.5,8034.0,8034.0,20250300,20250400,20250400
2025-02-28 09:00:00,8085.0,8034.0,8034.0,20250300,20250400,20250400
2025-02-28 10:00:00,8089.0,8034.0,8034.0,20250300,20250400,20250400
2025-02-28 11:00:00,8094.5,8034.0,8034.0,20250300,20250400,20250400
2025-02-28 12:00:00,8081.5,8034.0,8034.0,20250300,20250400,20250400
2025-02-28 13:00:00,8080.5,8034.0,8034.0,20250300,20250400,20250400
2025-02-28 14:00:00,8103.5,8034.0,8034.0,20250300,20250400,20250400
2025-02-28 15:00:00,8108.0,8034.0,8034.0,20250300,20250400,20250400
2025-02-28 16:00:00,8125.0,8034.0,8034.0,20250300,20250400,20250400
2025-02-28 17:00:00,8084.0,8034.0,8034.0,20250300,20250400,20250400
2025-02-28 18:00:00,8041.5,8034.0,8034.0,20250300,20250400,20250400
2025-02-28 19:00:00,8082.5,8034.0,8034.0,20250300,20250400,20250400
2025-02-28 20:00:00,8120.5,8034.0,8034.0,20250300,20250400,20250400
2025-02-28 23:00:00,8125.0,8136.5,8136.5,20250300,20250400,20250400
2025-03-03 07:00:00,8150.0,,,20250300,20250400,20250400
2025-03-03 08:00:00,8132.0,,,20250300,20250400,20250400
2025-03-03 09:00:00,8172.5,,,20250300,20250400,20250400
2025-03-03 10:00:00,8187.0,,,20250300,20250400,20250400
2025-03-03 11:00:00,8212.5,8200.0,8200.0,20250300,20250400,20250400
2025-03-03 12:00:00,8257.0,8218.5,8218.5,20250300,20250400,20250400
2025-03-03 13:00:00,8251.0,8218.5,8218.5,20250300,20250400,20250400
2025-03-03 14:00:00,8254.5,8218.5,8218.5,20250300,20250400,20250400
2025-03-03 15:00:00,8244.5,8218.5,8218.5,20250300,20250400,20250400
2025-03-03 16:00:00,8226.0,8218.5,8218.5,20250300,20250400,20250400
2025-03-03 17:00:00,8226.0,8218.5,8218.5,20250300,20250400,20250400
2025-03-03 18:00:00,8199.0,8218.5,8218.5,20250300,20250400,20250400
2025-03-03 19:00:00,8171.5,8218.5,8218.5,20250300,20250400,20250400
2025-03-03 20:00:00,8187.5,8218.5,8218.5,20250300,20250400,20250400
2025-03-03 23:00:00,8212.5,8224.0,8224.0,20250300,20250400,20250400
2025-03-04 07:00:00,8149.0,8148.5,8148.5,20250300,20250400,20250400
2025-03-04 08:00:00,8110.5,8148.5,8148.5,20250300,20250400,20250400
2025-03-04 09:00:00,8112.0,8148.5,8148.5,20250300,20250400,20250400
2025-03-04 10:00:00,8117.0,8148.5,8148.5,20250300,20250400,20250400
2025-03-04 11:00:00,8099.5,8148.5,8148.5,20250300,20250400,20250400
2025-03-04 12:00:00,8080.0,8148.5,8148.5,20250300,20250400,20250400
2025-03-04 13:00:00,8044.0,8148.5,8148.5,20250300,20250400,20250400
2025-03-04 14:00:00,8043.0,8148.5,8148.5,20250300,20250400,20250400
2025-03-04 15:00:00,8052.0,8054.0,8054.0,20250300,20250400,20250400
2025-03-04 16:00:00,8101.0,8054.0,8054.0,20250300,20250400,20250400
2025-03-04 17:00:00,8107.0,8054.0,8054.0,20250300,20250400,20250400
2025-03-04 18:00:00,8190.5,8054.0,8054.0,20250300,20250400,20250400
2025-03-04 19:00:00,8215.5,8054.0,8054.0,20250300,20250400,20250400
2025-03-04 20:00:00,8170.0,8054.0,8054.0,20250300,20250400,20250400
2025-03-04 23:00:00,8059.5,8071.0,8071.0,20250300,20250400,20250400
2025-03-05 07:00:00,8194.5,,,20250300,20250400,20250400
2025-03-05 08:00:00,8190.5,,,20250300,20250400,20250400
2025-03-05 09:00:00,8253.5,,,20250300,20250400,20250400
2025-03-05 10:00:00,8215.5,,,20250300,20250400,20250400
2025-03-05 11:00:00,8210.0,,,20250300,20250400,20250400
2025-03-05 12:00:00,8221.5,,,20250300,20250400,20250400
2025-03-05 13:00:00,8218.5,,,20250300,20250400,20250400
2025-03-05 14:00:00,8193.0,,,20250300,20250400,20250400
2025-03-05 15:00:00,8222.5,,,20250300,20250400,20250400
2025-03-05 16:00:00,8219.5,,,20250300,20250400,20250400
2025-03-05 17:00:00,8239.0,,,20250300,20250400,20250400
2025-03-05 18:00:00,8238.0,,,20250300,20250400,20250400
2025-03-05 19:00:00,8261.5,,,20250300,20250400,20250400
2025-03-05 20:00:00,8261.5,,,20250300,20250400,20250400
2025-03-05 23:00:00,8186.0,8198.5,8198.5,20250300,20250400,20250400
2025-03-06 07:00:00,8281.0,,,20250300,20250400,20250400
2025-03-06 08:00:00,8178.5,,,20250300,20250400,20250400
2025-03-06 09:00:00,8158.0,,,20250300,20250400,20250400
2025-03-06 10:00:00,8123.5,,,20250300,20250400,20250400
2025-03-06 11:00:00,8141.0,,,20250300,20250400,20250400
2025-03-06 12:00:00,8140.5,,,20250300,20250400,20250400
2025-03-06 13:00:00,8147.5,,,20250300,20250400,20250400
2025-03-06 14:00:00,8177.5,,,20250300,20250400,20250400
2025-03-06 15:00:00,8216.0,,,20250300,20250400,20250400
2025-03-06 16:00:00,8171.5,8244.5,8244.5,20250300,20250400,20250400
2025-03-06 17:00:00,8177.0,8244.5,8244.5,20250300,20250400,20250400
2025-03-06 18:00:00,8176.0,8244.5,8244.5,20250300,20250400,20250400
2025-03-06 19:00:00,8168.5,8244.5,8244.5,20250300,20250400,20250400
2025-03-06 20:00:00,8167.0,8244.5,8244.5,20250300,20250400,20250400
2025-03-06 23:00:00,8281.0,8220.0,8220.0,20250300,20250400,20250400
2025-03-07 07:00:00,8182.5,8192.0,8192.0,20250300,20250400,20250400
2025-03-07 08:00:00,8117.0,8134.0,8134.0,20250300,20250400,20250400
2025-03-07 09:00:00,8149.0,8165.5,8165.5,20250300,20250400,20250400
2025-03-07 10:00:00,8118.0,8131.0,8131.0,20250300,20250400,20250400
2025-03-07 11:00:00,8126.5,8131.0,8131.0,20250300,20250400,20250400
2025-03-07 12:00:00,8115.5,8131.0,8131.0,20250300,20250400,20250400
2025-03-07 13:00:00,8089.0,8131.0,8131.0,20250300,20250400,20250400
2025-03-07 14:00:00,8117.5,8131.0,8131.0,20250300,20250400,20250400
2025-03-07 15:00:00,8125.5,8131.0,8131.0,20250300,20250400,20250400
2025-03-07 16:00:00,8123.0,8138.0,8138.0,20250300,20250400,20250400
2025-03-07 17:00:00,8158.5,8173.0,8173.0,20250300,20250400,20250400
2025-03-07 18:00:00,8198.5,8173.0,8173.0,20250300,20250400,20250400
2025-03-07 19:00:00,8195.0,8218.0,8218.0,20250300,20250400,20250400
2025-03-07 20:00:00,8211.5,8218.0,8218.0,20250300,20250400,20250400
2025-03-07 23:00:00,8124.5,8131.0,8131.0,20250300,20250400,20250400
2025-03-10 07:00:00,8164.0,,,20250300,20250400,20250400
2025-03-10 08:00:00,8079.0,8095.0,8095.0,20250300,20250400,20250400
2025-03-10 09:00:00,8098.0,8095.0,8095.0,20250300,20250400,20250400
2025-03-10 10:00:00,8089.5,8100.0,8100.0,20250300,20250400,20250400
2025-03-10 11:00:00,8112.0,8095.5,8095.5,20250300,20250400,20250400
2025-03-10 12:00:00,8106.5,8108.0,8108.0,20250300,20250400,20250400
2025-03-10 13:00:00,8128.0,8110.5,8110.5,20250300,20250400,20250400
2025-03-10 14:00:00,8076.5,8077.0,8077.0,20250300,20250400,20250400
2025-03-10 15:00:00,8066.0,8105.0,8105.0,20250300,20250400,20250400
2025-03-10 16:00:00,8052.5,8066.0,8066.0,20250300,20250400,20250400
2025-03-10 17:00:00,8017.5,8060.0,8060.0,20250300,20250400,20250400
2025-03-10 18:00:00,8003.5,8035.0,8035.0,20250300,20250400,20250400
2025-03-10 19:00:00,8048.5,8035.0,8035.0,20250300,20250400,20250400
2025-03-10 20:00:00,8048.5,8035.0,8035.0,20250300,20250400,20250400
2025-03-10 23:00:00,8128.0,8110.5,8110.5,20250300,20250400,20250400
2025-03-11 07:00:00,8109.0,,,20250300,20250400,20250400
2025-03-11 08:00:00,8110.5,8106.0,8106.0,20250300,20250400,20250400
2025-03-11 09:00:00,8084.0,8098.0,8098.0,20250300,20250400,20250400
2025-03-11 10:00:00,8076.0,8094.5,8094.5,20250300,20250400,20250400
2025-03-11 11:00:00,8047.5,8094.5,8094.5,20250300,20250400,20250400
2025-03-11 12:00:00,8031.0,8053.0,8053.0,20250300,20250400,20250400
2025-03-11 13:00:00,8002.0,8053.0,8053.0,20250300,20250400,20250400
2025-03-11 14:00:00,7933.0,7952.5,7952.5,20250300,20250400,20250400
2025-03-11 15:00:00,7950.5,7982.0,7982.0,20250300,20250400,20250400
2025-03-11 16:00:00,7936.0,7946.5,7946.5,20250300,20250400,20250400
2025-03-11 17:00:00,7938.5,7934.5,7934.5,20250300,20250400,20250400
2025-03-11 18:00:00,8014.0,7934.5,7934.5,20250300,20250400,20250400
2025-03-11 19:00:00,7997.0,7934.5,7934.5,20250300,20250400,20250400
2025-03-11 20:00:00,7988.5,7995.0,7995.0,20250300,20250400,20250400
2025-03-11 23:00:00,8012.5,7934.5,7934.5,20250300,20250400,20250400
2025-03-12 07:00:00,8023.5,,,20250300,20250400,20250400
2025-03-12 08:00:00,8030.0,8039.5,8039.5,20250300,20250400,20250400
2025-03-12 09:00:00,8037.5,8063.0,8063.0,20250300,20250400,20250400
2025-03-12 10:00:00,8046.0,8053.5,8053.5,20250300,20250400,20250400
2025-03-12 11:00:00,8056.5,8086.5,8086.5,20250300,20250400,20250400
2025-03-12 12:00:00,8061.0,8067.5,8067.5,20250300,20250400,20250400
2025-03-12 13:00:00,8003.0,8012.0,8012.0,20250300,20250400,20250400
2025-03-12 14:00:00,7962.5,7968.5,7968.5,20250300,20250400,20250400
2025-03-12 15:00:00,7987.0,8002.0,8002.0,20250300,20250400,20250400
2025-03-12 16:00:00,7982.5,8008.0,8008.0,20250300,20250400,20250400
2025-03-12 17:00:00,7969.5,8008.0,8008.0,20250300,20250400,20250400
2025-03-12 18:00:00,8004.0,8009.5,8009.5,20250300,20250400,20250400
2025-03-12 19:00:00,7997.0,8006.0,8006.0,20250300,20250400,20250400
2025-03-12 20:00:00,7989.5,8006.0,8006.0,20250300,20250400,20250400
2025-03-12 23:00:00,7995.5,8006.0,8006.0,20250300,20250400,20250400
2025-03-13 07:00:00,7983.0,7980.5,7980.5,20250300,20250400,20250400
2025-03-13 08:00:00,7990.0,7995.0,7995.0,20250300,20250400,20250400
2025-03-13 09:00:00,8013.5,8011.0,8011.0,20250300,20250400,20250400
2025-03-13 10:00:00,8010.0,8014.0,8014.0,20250300,20250400,20250400
2025-03-13 11:00:00,7965.5,7968.5,7968.5,20250300,20250400,20250400
2025-03-13 12:00:00,7962.0,7967.0,7967.0,20250300,20250400,20250400
2025-03-13 13:00:00,7938.0,7946.0,7946.0,20250300,20250400,20250400
2025-03-13 14:00:00,7961.5,7975.0,7975.0,20250300,20250400,20250400
2025-03-13 15:00:00,7949.5,7958.0,7958.0,20250300,20250400,20250400
2025-03-13 16:00:00,7935.5,7936.0,7936.0,20250300,20250400,20250400
2025-03-13 17:00:00,7909.0,7925.0,7925.0,20250300,20250400,20250400
2025-03-13 18:00:00,7941.5,7925.0,7925.0,20250300,20250400,20250400
2025-03-13 19:00:00,7924.5,7929.5,7929.5,20250300,20250400,20250400
2025-03-13 20:00:00,7925.0,7929.5,7929.5,20250300,20250400,20250400
2025-03-13 23:00:00,7942.5,7953.0,7953.0,20250300,20250400,20250400
2025-03-14 07:00:00,7936.5,7950.0,7950.0,20250300,20250400,20250400
2025-03-14 08:00:00,7995.5,8007.0,8007.0,20250300,20250400,20250400
2025-03-14 09:00:00,7993.0,8003.5,8003.5,20250300,20250400,20250400
2025-03-14 10:00:00,8024.0,8034.5,8034.5,20250300,20250400,20250400
2025-03-14 11:00:00,8037.0,8048.0,8048.0,20250300,20250400,20250400
2025-03-14 12:00:00,8033.0,8045.5,8045.5,20250300,20250400,20250400
2025-03-14 13:00:00,8029.5,8040.0,8040.0,20250300,20250400,20250400
2025-03-14 14:00:00,8036.0,8049.0,8049.0,20250300,20250400,20250400
2025-03-14 15:00:00,8034.0,8046.5,8046.5,20250300,20250400,20250400
2025-03-14 16:00:00,8054.5,8051.0,8051.0,20250300,20250400,20250400
2025-03-14 17:00:00,8036.5,8051.0,8051.0,20250300,20250400,20250400
2025-03-14 18:00:00,8055.5,8051.0,8051.0,20250300,20250400,20250400
2025-03-14 19:00:00,8065.5,8051.0,8051.0,20250300,20250400,20250400
2025-03-14 20:00:00,8060.5,8064.5,8064.5,20250300,20250400,20250400
2025-03-14 23:00:00,8031.5,8042.5,8042.5,20250300,20250400,20250400
2025-03-17 07:00:00,8039.5,8045.5,8045.5,20250300,20250400,20250400
2025-03-17 08:00:00,8065.5,,,20250400,20250500,20250500
2025-03-17 09:00:00,8056.0,,,20250400,20250500,20250500
2025-03-17 10:00:00,8070.0,,,20250400,20250500,20250500
2025-03-17 11:00:00,8063.0,,,20250400,20250500,20250500
2025-03-17 12:00:00,8075.0,,,20250400,20250500,20250500
2025-03-17 13:00:00,8092.5,,,20250400,20250500,20250500
2025-03-17 14:00:00,8073.0,,,20250400,20250500,20250500
2025-03-17 15:00:00,8080.0,,,20250400,20250500,20250500
2025-03-17 16:00:00,8092.0,,,20250400,20250500,20250500
2025-03-17 17:00:00,8115.0,,,20250400,20250500,20250500
2025-03-17 18:00:00,8131.0,,,20250400,20250500,20250500
2025-03-17 19:00:00,8122.5,,,20250400,20250500,20250500
2025-03-17 20:00:00,8116.5,,,20250400,20250500,20250500
2025-03-17 23:00:00,8088.0,8002.0,8002.0,20250400,20250500,20250500
2025-03-18 07:00:00,8120.0,,,20250400,20250500,20250500
2025-03-18 08:00:00,8135.0,,,20250400,20250500,20250500
2025-03-18 09:00:00,8134.0,,,20250400,20250500,20250500
2025-03-18 10:00:00,8124.5,,,20250400,20250500,20250500
2025-03-18 11:00:00,8138.0,,,20250400,20250500,20250500
2025-03-18 12:00:00,8141.0,,,20250400,20250500,20250500
2025-03-18 13:00:00,8123.5,,,20250400,20250500,20250500
2025-03-18 14:00:00,8132.0,,,20250400,20250500,20250500
2025-03-18 15:00:00,8112.5,,,20250400,20250500,20250500
2025-03-18 16:00:00,8124.0,,,20250400,20250500,20250500
2025-03-18 17:00:00,8129.5,,,20250400,20250500,20250500
2025-03-18 18:00:00,8136.5,,,20250400,20250500,20250500
2025-03-18 19:00:00,8121.5,,,20250400,20250500,20250500
2025-03-18 20:00:00,8125.0,,,20250400,20250500,20250500
2025-03-18 23:00:00,8127.5,8042.5,8042.5,20250400,20250500,20250500
2025-03-19 07:00:00,8107.0,,,20250400,20250500,20250500
2025-03-19 08:00:00,8135.0,,,20250400,20250500,20250500
2025-03-19 09:00:00,8155.0,,,20250400,20250500,20250500
2025-03-19 10:00:00,8161.5,,,20250400,20250500,20250500
2025-03-19 11:00:00,8149.5,,,20250400,20250500,20250500
2025-03-19 12:00:00,8156.5,,,20250400,20250500,20250500
2025-03-19 13:00:00,8146.0,,,20250400,20250500,20250500
2025-03-19 14:00:00,8170.0,,,20250400,20250500,20250500
2025-03-19 15:00:00,8193.0,,,20250400,20250500,20250500
2025-03-19 16:00:00,8185.0,,,20250400,20250500,20250500
2025-03-19 17:00:00,8182.5,,,20250400,20250500,20250500
2025-03-19 18:00:00,8181.0,,,20250400,20250500,20250500
2025-03-19 19:00:00,8200.0,8087.5,8087.5,20250400,20250500,20250500
2025-03-19 20:00:00,8198.5,8087.5,8087.5,20250400,20250500,20250500
2025-03-19 23:00:00,8181.0,8098.5,8098.5,20250400,20250500,20250500
2025-03-20 07:00:00,8173.0,,,20250400,20250500,20250500
2025-03-20 08:00:00,8147.5,,,20250400,20250500,20250500
2025-03-20 09:00:00,8113.0,,,20250400,20250500,20250500
2025-03-20 10:00:00,8104.5,,,20250400,20250500,20250500
2025-03-20 11:00:00,8101.0,,,20250400,20250500,20250500
2025-03-20 12:00:00,8101.0,,,20250400,20250500,20250500
2025-03-20 13:00:00,8109.5,,,20250400,20250500,20250500
2025-03-20 14:00:00,8120.5,8083.0,8083.0,20250400,20250500,20250500
2025-03-20 15:00:00,8109.0,8083.0,8083.0,20250400,20250500,20250500
2025-03-20 16:00:00,8092.5,8083.0,8083.0,20250400,20250500,20250500
2025-03-20 17:00:00,8093.0,8083.0,8083.0,20250400,20250500,20250500
2025-03-20 18:00:00,8088.0,8083.0,8083.0,20250400,20250500,20250500
2025-03-20 19:00:00,8099.0,8083.0,8083.0,20250400,20250500,20250500
2025-03-20 20:00:00,8096.0,8083.0,8083.0,20250400,20250500,20250500
2025-03-20 23:00:00,8108.0,8083.0,8083.0,20250400,20250500,20250500
2025-03-21 07:00:00,8073.5,,,20250400,20250500,20250500
2025-03-21 08:00:00,8060.0,,,20250400,20250500,20250500
2025-03-21 09:00:00,8045.0,,,20250400,20250500,20250500
2025-03-21 10:00:00,8064.5,,,20250400,20250500,20250500
2025-03-21 11:00:00,8042.5,,,20250400,20250500,20250500
2025-03-21 12:00:00,8034.0,,,20250400,20250500,20250500
2025-03-21 13:00:00,8037.0,,,20250400,20250500,20250500
2025-03-21 14:00:00,8053.5,,,20250400,20250500,20250500
2025-03-21 15:00:00,8051.0,,,20250400,20250500,20250500
2025-03-21 16:00:00,8049.5,,,20250400,20250500,20250500
2025-03-21 17:00:00,8046.5,,,20250400,20250500,20250500
2025-03-21 18:00:00,8040.5,,,20250400,20250500,20250500
2025-03-21 19:00:00,8046.5,,,20250400,20250500,20250500
2025-03-21 20:00:00,8047.5,,,20250400,20250500,20250500
2025-03-21 23:00:00,8051.0,7967.0,7967.0,20250400,20250500,20250500
2025-03-24 07:00:00,8114.0,,,20250400,20250500,20250500
2025-03-24 08:00:00,8094.5,,,20250400,20250500,20250500
2025-03-24 09:00:00,8046.5,,,20250400,20250500,20250500
2025-03-24 10:00:00,8077.5,,,20250400,20250500,20250500
2025-03-24 11:00:00,8051.5,,,20250400,20250500,20250500
2025-03-24 12:00:00,8024.0,,,20250400,20250500,20250500
2025-03-24 13:00:00,8042.0,,,20250400,20250500,20250500
2025-03-24 14:00:00,8046.0,,,20250400,20250500,20250500
2025-03-24 15:00:00,8036.5,,,20250400,20250500,20250500
2025-03-24 16:00:00,8034.5,,,20250400,20250500,20250500
2025-03-24 17:00:00,8033.5,,,20250400,20250500,20250500
2025-03-24 18:00:00,8042.5,,,20250400,20250500,20250500
2025-03-24 19:00:00,8056.0,,,20250400,20250500,20250500
2025-03-24 20:00:00,8047.0,,,20250400,20250500,20250500
2025-03-24 23:00:00,8032.0,7946.0,7946.0,20250400,20250500,20250500
2025-03-25 07:00:00,8047.0,,,20250400,20250500,20250500
2025-03-25 08:00:00,8095.0,,,20250400,20250500,20250500
2025-03-25 09:00:00,8100.0,,,20250400,20250500,20250500
2025-03-25 10:00:00,8125.5,,,20250400,20250500,20250500
2025-03-25 11:00:00,8147.5,,,20250400,20250500,20250500
2025-03-25 12:00:00,8135.5,,,20250400,20250500,20250500
2025-03-25 13:00:00,8115.0,,,20250400,20250500,20250500
2025-03-25 14:00:00,8108.0,,,20250400,20250500,20250500
2025-03-25 15:00:00,8103.5,,,20250400,20250500,20250500
2025-03-25 16:00:00,8124.0,,,20250400,20250500,20250500
2025-03-25 17:00:00,8118.0,,,20250400,20250500,20250500
2025-03-25 18:00:00,8120.5,,,20250400,20250500,20250500
2025-03-25 19:00:00,8132.5,,,20250400,20250500,20250500
2025-03-25 20:00:00,8131.5,,,20250400,20250500,20250500
2025-03-25 23:00:00,8118.5,8032.5,8032.5,20250400,20250500,20250500
2025-03-26 07:00:00,8135.5,,,20250400,20250500,20250500
2025-03-26 08:00:00,8072.5,,,20250400,20250500,20250500
2025-03-26 09:00:00,8052.0,,,20250400,20250500,20250500
2025-03-26 10:00:00,8081.5,,,20250400,20250500,20250500
2025-03-26 11:00:00,8073.0,,,20250400,20250500,20250500
2025-03-26 12:00:00,8076.5,,,20250400,20250500,20250500
2025-03-26 13:00:00,8047.5,,,20250400,20250500,20250500
2025-03-26 14:00:00,8092.5,,,20250400,20250500,20250500
2025-03-26 15:00:00,8063.5,,,20250400,20250500,20250500
2025-03-26 16:00:00,8036.0,,,20250400,20250500,20250500
2025-03-26 17:00:00,8008.5,,,20250400,20250500,20250500
2025-03-26 18:00:00,7996.5,,,20250400,20250500,20250500
2025-03-26 19:00:00,8016.5,,,20250400,20250500,20250500
2025-03-26 20:00:00,8009.5,,,20250400,20250500,20250500
2025-03-26 23:00:00,8047.0,7961.0,7961.0,20250400,20250500,20250500
2025-03-27 07:00:00,7977.5,,,20250400,20250500,20250500
2025-03-27 08:00:00,8000.5,,,20250400,20250500,20250500
2025-03-27 09:00:00,8019.0,,,20250400,20250500,20250500
2025-03-27 10:00:00,8013.0,,,20250400,20250500,20250500
2025-03-27 11:00:00,7998.0,,,20250400,20250500,20250500
2025-03-27 12:00:00,7988.0,,,20250400,20250500,20250500
2025-03-27 13:00:00,8014.0,,,20250400,20250500,20250500
2025-03-27 14:00:00,8017.0,,,20250400,20250500,20250500
2025-03-27 15:00:00,7996.0,,,20250400,20250500,20250500
2025-03-27 16:00:00,7984.5,,,20250400,20250500,20250500
2025-03-27 17:00:00,7994.5,,,20250400,20250500,20250500
2025-03-27 18:00:00,7995.5,,,20250400,20250500,20250500
2025-03-27 19:00:00,7995.0,,,20250400,20250500,20250500
2025-03-27 20:00:00,8001.0,,,20250400,20250500,20250500
2025-03-27 23:00:00,8004.0,7918.0,7918.0,20250400,20250500,20250500
2025-03-28 07:00:00,7954.0,,,20250400,20250500,20250500
2025-03-28 08:00:00,7983.0,,,20250400,20250500,20250500
2025-03-28 09:00:00,7943.5,,,20250400,20250500,20250500
2025-03-28 10:00:00,7953.5,,,20250400,20250500,20250500
2025-03-28 11:00:00,7969.5,,,20250400,20250500,20250500
2025-03-28 12:00:00,7942.5,,,20250400,20250500,20250500
2025-03-28 13:00:00,7936.0,,,20250400,20250500,20250500
2025-03-28 14:00:00,7916.5,,,20250400,20250500,20250500
2025-03-28 15:00:00,7934.5,,,20250400,20250500,20250500
2025-03-28 16:00:00,7926.0,,,20250400,20250500,20250500
2025-03-28 17:00:00,7928.5,,,20250400,20250500,20250500
2025-03-28 18:00:00,7924.0,,,20250400,20250500,20250500
2025-03-28 19:00:00,7924.0,,,20250400,20250500,20250500
2025-03-28 20:00:00,7909.5,,,20250400,20250500,20250500
2025-03-28 23:00:00,7929.5,7843.5,7843.5,20250400,20250500,20250500
2025-03-31 07:00:00,7857.0,,,20250400,20250500,20250500
2025-03-31 08:00:00,7859.0,,,20250400,20250500,20250500
2025-03-31 09:00:00,7839.0,,,20250400,20250500,20250500
2025-03-31 10:00:00,7811.5,,,20250400,20250500,20250500
2025-03-31 11:00:00,7772.0,,,20250400,20250500,20250500
2025-03-31 12:00:00,7780.0,,,20250400,20250500,20250500
2025-03-31 13:00:00,7793.5,,,20250400,20250500,20250500
2025-03-31 14:00:00,7808.0,,,20250400,20250500,20250500
2025-03-31 15:00:00,7794.5,,,20250400,20250500,20250500
2025-03-31 16:00:00,7804.5,,,20250400,20250500,20250500
2025-03-31 17:00:00,7804.0,,,20250400,20250500,20250500
2025-03-31 18:00:00,7801.0,,,20250400,20250500,20250500
2025-03-31 19:00:00,7821.5,,,20250400,20250500,20250500
2025-03-31 20:00:00,7829.5,,,20250400,20250500,20250500
2025-03-31 23:00:00,7803.5,7716.5,7716.5,20250400,20250500,20250500
2025-04-01 07:00:00,7859.5,,,20250400,20250500,20250500
2025-04-01 08:00:00,7841.0,,,20250400,20250500,20250500
2025-04-01 09:00:00,7874.0,,,20250400,20250500,20250500
2025-04-01 10:00:00,7887.5,,,20250400,20250500,20250500
2025-04-01 11:00:00,7860.5,,,20250400,20250500,20250500
2025-04-01 12:00:00,7863.5,,,20250400,20250500,20250500
2025-04-01 13:00:00,7868.0,,,20250400,20250500,20250500
2025-04-01 14:00:00,7857.0,,,20250400,20250500,20250500
2025-04-01 15:00:00,7875.5,,,20250400,20250500,20250500
2025-04-01 16:00:00,7891.0,,,20250400,20250500,20250500
2025-04-01 17:00:00,7875.5,,,20250400,20250500,20250500
2025-04-01 18:00:00,7867.0,,,20250400,20250500,20250500
2025-04-01 19:00:00,7857.0,,,20250400,20250500,20250500
2025-04-01 20:00:00,7888.5,,,20250400,20250500,20250500
2025-04-01 23:00:00,7888.5,7801.5,7801.5,20250400,20250500,20250500
2025-04-02 07:00:00,7856.5,,,20250400,20250500,20250500
2025-04-02 08:00:00,7841.5,,,20250400,20250500,20250500
2025-04-02 09:00:00,7855.0,,,20250400,20250500,20250500
2025-04-02 10:00:00,7853.0,,,20250400,20250500,20250500
2025-04-02 11:00:00,7834.0,,,20250400,20250500,20250500
2025-04-02 12:00:00,7829.0,,,20250400,20250500,20250500
2025-04-02 13:00:00,7824.5,,,20250400,20250500,20250500
2025-04-02 14:00:00,7827.0,,,20250400,20250500,20250500
2025-04-02 15:00:00,7859.0,,,20250400,20250500,20250500
2025-04-02 16:00:00,7853.5,,,20250400,20250500,20250500
2025-04-02 17:00:00,7872.0,,,20250400,20250500,20250500
2025-04-02 18:00:00,7859.5,,,20250400,20250500,20250500
2025-04-02 19:00:00,7841.5,,,20250400,20250500,20250500
2025-04-02 20:00:00,7878.5,,,20250400,20250500,20250500
2025-04-02 23:00:00,7871.0,7784.0,7784.0,20250400,20250500,20250500
2025-04-03 07:00:00,7708.5,7665.5,7665.5,20250400,20250500,20250500
2025-04-03 08:00:00,7729.0,7665.5,7665.5,20250400,20250500,20250500
2025-04-03 09:00:00,7743.5,7665.5,7665.5,20250400,20250500,20250500
2025-04-03 10:00:00,7678.0,7649.5,7649.5,20250400,20250500,20250500
2025-04-03 11:00:00,7656.5,7613.5,7613.5,20250400,20250500,20250500
2025-04-03 12:00:00,7642.0,7613.5,7613.5,20250400,20250500,20250500
2025-04-03 13:00:00,7630.0,7613.5,7613.5,20250400,20250500,20250500
2025-04-03 14:00:00,7630.0,7613.5,7613.5,20250400,20250500,20250500
2025-04-03 15:00:00,7603.0,7613.5,7613.5,20250400,20250500,20250500
2025-04-03 16:00:00,7629.5,7613.5,7613.5,20250400,20250500,20250500
2025-04-03 17:00:00,7637.5,7613.5,7613.5,20250400,20250500,20250500
2025-04-03 18:00:00,7633.5,7613.5,7613.5,20250400,20250500,20250500
2025-04-03 19:00:00,7634.0,7613.5,7613.5,20250400,20250500,20250500
2025-04-03 20:00:00,7597.5,7613.5,7613.5,20250400,20250500,20250500
2025-04-03 23:00:00,7608.0,7521.0,7521.0,20250400,20250500,20250500
2025-04-04 07:00:00,7552.0,,,20250400,20250500,20250500
2025-04-04 08:00:00,7509.5,,,20250400,20250500,20250500
2025-04-04 09:00:00,7489.0,,,20250400,20250500,20250500
2025-04-04 10:00:00,7450.5,,,20250400,20250500,20250500
2025-04-04 11:00:00,7286.0,7196.5,7196.5,20250400,20250500,20250500
2025-04-04 12:00:00,7328.5,7196.5,7196.5,20250400,20250500,20250500
2025-04-04 13:00:00,7331.5,7225.0,7225.0,20250400,20250500,20250500
2025-04-04 14:00:00,7314.0,7225.0,7225.0,20250400,20250500,20250500
2025-04-04 15:00:00,7261.5,7225.0,7225.0,20250400,20250500,20250500
2025-04-04 16:00:00,7267.5,7222.0,7222.0,20250400,20250500,20250500
2025-04-04 17:00:00,7249.5,7196.5,7196.5,20250400,20250500,20250500
2025-04-04 18:00:00,7287.0,7196.5,7196.5,20250400,20250500,20250500
2025-04-04 19:00:00,7234.0,7196.5,7196.5,20250400,20250500,20250500
2025-04-04 20:00:00,7221.0,7169.5,7169.5,20250400,20250500,20250500
2025-04-04 23:00:00,7282.0,7192.5,7192.5,20250400,20250500,20250500
2025-04-07 07:00:00,6815.0,6750.5,6750.5,20250400,20250500,20250500
2025-04-07 08:00:00,6857.0,6770.0,6770.0,20250400,20250500,20250500
2025-04-07 09:00:00,6849.5,6801.0,6801.0,20250400,20250500,20250500
2025-04-07 10:00:00,6865.5,6801.0,6801.0,20250400,20250500,20250500
2025-04-07 11:00:00,6949.5,6917.0,6917.0,20250400,20250500,20250500
2025-04-07 12:00:00,6916.5,6917.0,6917.0,20250400,20250500,20250500
2025-04-07 13:00:00,7021.5,6917.0,6917.0,20250400,20250500,20250500
2025-04-07 14:00:00,6995.5,6917.0,6917.0,20250400,20250500,20250500
2025-04-07 15:00:00,7056.5,7110.0,7110.0,20250400,20250500,20250500
2025-04-07 16:00:00,6927.5,6840.0,6840.0,20250400,20250500,20250500
2025-04-07 17:00:00,6912.5,6840.0,6840.0,20250400,20250500,20250500
2025-04-07 18:00:00,7048.5,6840.0,6840.0,20250400,20250500,20250500
2025-04-07 19:00:00,6981.0,6840.0,6840.0,20250400,20250500,20250500
2025-04-07 20:00:00,6984.0,6840.0,6840.0,20250400,20250500,20250500
2025-04-07 23:00:00,6933.0,6843.5,6843.5,20250400,20250500,20250500
2025-04-08 07:00:00,7071.5,7000.5,7000.5,20250400,20250500,20250500
2025-04-08 08:00:00,7020.5,6938.0,6938.0,20250400,20250500,20250500
2025-04-08 09:00:00,7033.5,6932.0,6932.0,20250400,20250500,20250500
2025-04-08 10:00:00,6989.0,6929.5,6929.5,20250400,20250500,20250500
2025-04-08 11:00:00,7028.5,6929.5,6929.5,20250400,20250500,20250500
2025-04-08 12:00:00,7103.0,7018.5,7018.5,20250400,20250500,20250500
2025-04-08 13:00:00,7121.0,7018.5,7018.5,20250400,20250500,20250500
2025-04-08 14:00:00,7168.0,7044.5,7044.5,20250400,20250500,20250500
2025-04-08 15:00:00,7119.0,7084.5,7084.5,20250400,20250500,20250500
2025-04-08 16:00:00,7113.5,7016.0,7016.0,20250400,20250500,20250500
2025-04-08 17:00:00,7008.5,6921.0,6921.0,20250400,20250500,20250500
2025-04-08 18:00:00,6993.0,6921.0,6921.0,20250400,20250500,20250500
2025-04-08 19:00:00,6945.0,6921.0,6921.0,20250400,20250500,20250500
2025-04-08 20:00:00,6890.0,6921.0,6921.0,20250400,20250500,20250500
2025-04-08 23:00:00,7106.5,7017.0,7017.0,20250400,20250500,20250500
2025-04-09 07:00:00,6890.0,,,20250400,20250500,20250500
2025-04-09 08:00:00,6967.0,6886.0,6886.0,20250400,20250500,20250500
2025-04-09 09:00:00,6954.5,6832.5,6832.5,20250400,20250500,20250500
2025-04-09 10:00:00,6900.0,6819.5,6819.5,20250400,20250500,20250500
2025-04-09 11:00:00,6892.0,6804.5,6804.5,20250400,20250500,20250500
2025-04-09 12:00:00,6813.0,6743.0,6743.0,20250400,20250500,20250500
2025-04-09 13:00:00,6858.5,6772.5,6772.5,20250400,20250500,20250500
2025-04-09 14:00:00,6910.0,6820.5,6820.5,20250400,20250500,20250500
2025-04-09 15:00:00,6858.5,6831.0,6831.0,20250400,20250500,20250500
2025-04-09 16:00:00,6859.5,6778.5,6778.5,20250400,20250500,20250500
2025-04-09 17:00:00,6901.0,6778.5,6778.5,20250400,20250500,20250500
2025-04-09 18:00:00,7345.5,7053.0,7053.0,20250400,20250500,20250500
2025-04-09 19:00:00,7358.0,7329.0,7329.0,20250400,20250500,20250500
2025-04-09 20:00:00,7467.5,7363.0,7363.0,20250400,20250500,20250500
2025-04-09 23:00:00,6868.5,6778.0,6778.0,20250400,20250500,20250500
2025-04-10 07:00:00,7485.5,7323.5,7323.5,20250400,20250500,20250500
2025-04-10 08:00:00,7244.5,7173.5,7173.5,20250400,20250500,20250500
2025-04-10 09:00:00,7219.0,7123.5,7123.5,20250400,20250500,20250500
2025-04-10 10:00:00,7216.5,7130.0,7130.0,20250400,20250500,20250500
2025-04-10 11:00:00,7259.5,7168.0,7168.0,20250400,20250500,20250500
2025-04-10 12:00:00,7221.5,7129.0,7129.0,20250400,20250500,20250500
2025-04-10 13:00:00,7187.5,7088.5,7088.5,20250400,20250500,20250500
2025-04-10 14:00:00,7184.0,7109.0,7109.0,20250400,20250500,20250500
2025-04-10 15:00:00,7165.0,7077.0,7077.0,20250400,20250500,20250500
2025-04-10 16:00:00,7073.5,7009.0,7009.0,20250400,20250500,20250500
2025-04-10 17:00:00,7098.0,6985.0,6985.0,20250400,20250500,20250500
2025-04-10 18:00:00,7122.5,7038.0,7038.0,20250400,20250500,20250500
2025-04-10 19:00:00,7166.5,7076.5,7076.5,20250400,20250500,20250500
2025-04-10 20:00:00,7179.5,7032.0,7032.0,20250400,20250500,20250500
2025-04-10 23:00:00,7132.0,7041.0,7041.0,20250400,20250500,20250500
2025-04-11 07:00:00,7196.0,,,20250400,20250500,20250500
2025-04-11 08:00:00,7125.0,7034.5,7034.5,20250400,20250500,20250500
2025-04-11 09:00:00,7054.5,6962.5,6962.5,20250400,20250500,20250500
2025-04-11 10:00:00,7119.0,7016.0,7016.0,20250400,20250500,20250500
2025-04-11 11:00:00,7132.0,7035.5,7035.5,20250400,20250500,20250500
2025-04-11 12:00:00,7096.5,7018.0,7018.0,20250400,20250500,20250500
2025-04-11 13:00:00,7090.5,7008.0,7008.0,20250400,20250500,20250500
2025-04-11 14:00:00,7123.0,7027.0,7027.0,20250400,20250500,20250500
2025-04-11 15:00:00,7105.0,7015.0,7015.0,20250400,20250500,20250500
2025-04-11 16:00:00,7157.0,7063.0,7063.0,20250400,20250500,20250500
2025-04-11 17:00:00,7214.5,7063.5,7063.5,20250400,20250500,20250500
2025-04-11 18:00:00,7244.5,7063.5,7063.5,20250400,20250500,20250500
2025-04-11 19:00:00,7234.5,7063.5,7063.5,20250400,20250500,20250500
2025-04-11 20:00:00,7259.0,7160.5,7160.5,20250400,20250500,20250500
2025-04-11 23:00:00,7109.5,7016.5,7016.5,20250400,20250500,20250500
2025-04-14 07:00:00,7272.5,7177.0,7177.0,20250400,20250500,20250500
2025-04-14 08:00:00,7263.0,7170.5,7170.5,20250400,20250500,20250500
2025-04-14 09:00:00,7262.0,7170.0,7170.0,20250400,20250500,20250500
2025-04-14 10:00:00,7244.0,7155.0,7155.0,20250400,20250500,20250500
2025-04-14 11:00:00,7266.5,7173.0,7173.0,20250400,20250500,20250500
2025-04-14 12:00:00,7252.0,7159.5,7159.5,20250400,20250500,20250500
2025-04-14 13:00:00,7287.5,7196.5,7196.5,20250400,20250500,20250500
2025-04-14 14:00:00,7270.5,7176.0,7176.0,20250400,20250500,20250500
2025-04-14 15:00:00,7298.0,7208.0,7208.0,20250400,20250500,20250500
2025-04-14 16:00:00,7177.5,7088.5,7088.5,20250400,20250500,20250500
2025-04-14 17:00:00,7202.0,7111.0,7111.0,20250400,20250500,20250500
2025-04-14 18:00:00,7224.5,7135.0,7135.0,20250400,20250500,20250500
2025-04-14 19:00:00,7241.5,7149.5,7149.5,20250400,20250500,20250500
2025-04-14 20:00:00,7228.5,7136.5,7136.5,20250400,20250500,20250500
2025-04-14 23:00:00,7244.0,7155.0,7155.0,20250400,20250500,20250500
2025-04-15 07:00:00,7226.0,7132.0,7132.0,20250400,20250500,20250500
2025-04-15 08:00:00,7283.5,7193.0,7193.0,20250400,20250500,20250500
2025-04-15 09:00:00,7317.0,7228.0,7228.0,20250400,20250500,20250500
2025-04-15 10:00:00,7299.5,7209.0,7209.0,20250400,20250500,20250500
2025-04-15 11:00:00,7295.0,7206.0,7206.0,20250400,20250500,20250500
2025-04-15 12:00:00,7274.5,7185.0,7185.0,20250400,20250500,20250500
2025-04-15 13:00:00,7292.5,7202.5,7202.5,20250400,20250500,20250500
2025-04-15 14:00:00,7331.5,7241.0,7241.0,20250400,20250500,20250500
2025-04-15 15:00:00,7336.5,7245.5,7245.5,20250400,20250500,20250500
2025-04-15 16:00:00,7335.0,7243.5,7243.5,20250400,20250500,20250500
2025-04-15 17:00:00,7332.5,7241.0,7241.0,20250400,20250500,20250500
2025-04-15 18:00:00,7324.0,7233.5,7233.5,20250400,20250500,20250500
2025-04-15 19:00:00,7329.0,7236.5,7236.5,20250400,20250500,20250500
2025-04-15 20:00:00,7314.0,7221.0,7221.0,20250400,20250500,20250500
2025-04-15 23:00:00,7338.0,7247.5,7247.5,20250400,20250500,20250500
2025-04-16 07:00:00,7277.5,7189.5,7189.5,20250400,20250500,20250500
2025-04-16 08:00:00,7167.0,,,20250500,20250600,20250600
2025-04-16 09:00:00,7186.0,7081.5,7081.5,20250500,20250600,20250600
2025-04-16 10:00:00,7195.0,7081.5,7081.5,20250500,20250600,20250600
2025-04-16 11:00:00,7205.0,7081.5,7081.5,20250500,20250600,20250600
2025-04-16 12:00:00,7206.0,7081.5,7081.5,20250500,20250600,20250600
2025-04-16 13:00:00,7206.5,7081.5,7081.5,20250500,20250600,20250600
2025-04-16 14:00:00,7196.0,7081.5,7081.5,20250500,20250600,20250600
2025-04-16 15:00:00,7209.5,7081.5,7081.5,20250500,20250600,20250600
2025-04-16 16:00:00,7213.0,7135.5,7135.5,20250500,20250600,20250600
2025-04-16 17:00:00,7202.0,7135.5,7135.5,20250500,20250600,20250600
2025-04-16 18:00:00,7155.5,7135.5,7135.5,20250500,20250600,20250600
2025-04-16 19:00:00,7145.0,7135.5,7135.5,20250500,20250600,20250600
2025-04-16 20:00:00,7154.5,7135.5,7135.5,20250500,20250600,20250600
2025-04-16 23:00:00,7241.5,7191.0,7191.0,20250500,20250600,20250600
2025-04-17 07:00:00,7212.5,,,20250500,20250600,20250600
2025-04-17 08:00:00,7213.5,,,20250500,20250600,20250600
2025-04-17 09:00:00,7197.5,,,20250500,20250600,20250600
2025-04-17 10:00:00,7210.5,,,20250500,20250600,20250600
2025-04-17 11:00:00,7178.5,,,20250500,20250600,20250600
2025-04-17 12:00:00,7177.5,,,20250500,20250600,20250600
2025-04-17 13:00:00,7183.5,,,20250500,20250600,20250600
2025-04-17 14:00:00,7194.0,,,20250500,20250600,20250600
2025-04-17 15:00:00,7184.0,,,20250500,20250600,20250600
2025-04-17 16:00:00,7200.0,,,20250500,20250600,20250600
2025-04-17 17:00:00,7252.0,,,20250500,20250600,20250600
2025-04-17 18:00:00,7261.5,,,20250500,20250600,20250600
2025-04-17 19:00:00,7248.0,,,20250500,20250600,20250600
2025-04-17 20:00:00,7215.0,,,20250500,20250600,20250600
2025-04-17 23:00:00,7215.0,7146.0,7146.0,20250500,20250600,20250600
2025-04-22 07:00:00,7208.5,7145.0,7145.0,20250500,20250600,20250600
2025-04-22 08:00:00,7152.0,7100.0,7100.0,20250500,20250600,20250600
2025-04-22 09:00:00,7188.0,7100.0,7100.0,20250500,20250600,20250600
2025-04-22 10:00:00,7200.5,7100.0,7100.0,20250500,20250600,20250600
2025-04-22 11:00:00,7174.5,7100.0,7100.0,20250500,20250600,20250600
2025-04-22 12:00:00,7167.5,7100.0,7100.0,20250500,20250600,20250600
2025-04-22 13:00:00,7176.5,7100.0,7100.0,20250500,20250600,20250600
2025-04-22 14:00:00,7187.5,7100.0,7100.0,20250500,20250600,20250600
2025-04-22 15:00:00,7219.5,7100.0,7100.0,20250500,20250600,20250600
2025-04-22 16:00:00,7272.5,7100.0,7100.0,20250500,20250600,20250600
2025-04-22 17:00:00,7283.0,7100.0,7100.0,20250500,20250600,20250600
2025-04-22 18:00:00,7238.5,7100.0,7100.0,20250500,20250600,20250600
2025-04-22 19:00:00,7292.0,7100.0,7100.0,20250500,20250600,20250600
2025-04-22 20:00:00,7285.0,7100.0,7100.0,20250500,20250600,20250600
2025-04-22 23:00:00,7219.0,7100.0,7100.0,20250500,20250600,20250600
2025-04-23 07:00:00,7334.0,,,20250500,20250600,20250600
2025-04-23 08:00:00,7396.5,,,20250500,20250600,20250600
2025-04-23 09:00:00,7420.0,,,20250500,20250600,20250600
2025-04-23 10:00:00,7419.0,,,20250500,20250600,20250600
2025-04-23 11:00:00,7428.5,,,20250500,20250600,20250600
2025-04-23 12:00:00,7399.0,,,20250500,20250600,20250600
2025-04-23 13:00:00,7408.5,,,20250500,20250600,20250600
2025-04-23 14:00:00,7463.5,,,20250500,20250600,20250600
2025-04-23 15:00:00,7443.0,,,20250500,20250600,20250600
2025-04-23 16:00:00,7409.5,7355.0,7355.0,20250500,20250600,20250600
2025-04-23 17:00:00,7414.0,7355.0,7355.0,20250500,20250600,20250600
2025-04-23 18:00:00,7415.5,7355.0,7355.0,20250500,20250600,20250600
2025-04-23 19:00:00,7412.0,7355.0,7355.0,20250500,20250600,20250600
2025-04-23 20:00:00,7406.0,7355.0,7355.0,20250500,20250600,20250600
2025-04-23 23:00:00,7412.0,7355.0,7355.0,20250500,20250600,20250600
2025-04-24 06:00:00,7377.0,,,20250500,20250600,20250600
2025-04-24 07:00:00,7351.0,7290.5,7290.5,20250500,20250600,20250600
2025-04-24 08:00:00,7366.0,7290.5,7290.5,20250500,20250600,20250600
2025-04-24 09:00:00,7377.5,7290.5,7290.5,20250500,20250600,20250600
2025-04-24 10:00:00,7399.0,7290.5,7290.5,20250500,20250600,20250600
2025-04-24 11:00:00,7398.0,7290.5,7290.5,20250500,20250600,20250600
2025-04-24 12:00:00,7408.5,7352.5,7352.5,20250500,20250600,20250600
2025-04-24 13:00:00,7409.0,7352.5,7352.5,20250500,20250600,20250600
2025-04-24 14:00:00,7422.5,7373.0,7373.0,20250500,20250600,20250600
2025-04-24 15:00:00,7437.0,7369.5,7369.5,20250500,20250600,20250600
2025-04-24 16:00:00,7450.5,7369.5,7369.5,20250500,20250600,20250600
2025-04-24 17:00:00,7459.0,7369.5,7369.5,20250500,20250600,20250600
2025-04-24 18:00:00,7461.0,7369.5,7369.5,20250500,20250600,20250600
2025-04-24 19:00:00,7479.0,7369.5,7369.5,20250500,20250600,20250600
2025-04-24 23:00:00,7433.5,7382.5,7382.5,20250500,20250600,20250600
2025-04-25 06:00:00,7497.0,,,20250500,20250600,20250600
2025-04-25 07:00:00,7490.0,,,20250500,20250600,20250600
2025-04-25 08:00:00,7496.0,,,20250500,20250600,20250600
2025-04-25 09:00:00,7501.5,,,20250500,20250600,20250600
2025-04-25 10:00:00,7469.0,,,20250500,20250600,20250600
2025-04-25 11:00:00,7475.5,7423.0,7423.0,20250500,20250600,20250600
2025-04-25 12:00:00,7486.5,7423.0,7423.0,20250500,20250600,20250600
2025-04-25 13:00:00,7485.0,7423.0,7423.0,20250500,20250600,20250600
2025-04-25 14:00:00,7478.0,7423.0,7423.0,20250500,20250600,20250600
2025-04-25 15:00:00,7496.0,7439.5,7439.5,20250500,20250600,20250600
2025-04-25 16:00:00,7506.0,7436.0,7436.0,20250500,20250600,20250600
2025-04-25 17:00:00,7485.0,7436.0,7436.0,20250500,20250600,20250600
2025-04-25 18:00:00,7512.5,7436.0,7436.0,20250500,20250600,20250600
2025-04-25 19:00:00,7521.5,7436.0,7436.0,20250500,20250600,20250600
2025-04-25 23:00:00,7477.0,7427.0,7427.0,20250500,20250600,20250600
2025-04-28 06:00:00,7503.0,,,20250500,20250600,20250600
2025-04-28 07:00:00,7509.0,,,20250500,20250600,20250600
2025-04-28 08:00:00,7524.0,,,20250500,20250600,20250600
2025-04-28 09:00:00,7535.5,,,20250500,20250600,20250600
2025-04-28 10:00:00,7530.0,,,20250500,20250600,20250600
2025-04-28 11:00:00,7541.5,,,20250500,20250600,20250600
2025-04-28 12:00:00,7550.0,,,20250500,20250600,20250600
2025-04-28 13:00:00,7547.5,,,20250500,20250600,20250600
2025-04-28 14:00:00,7528.5,,,20250500,20250600,20250600
2025-04-28 15:00:00,7497.0,7450.0,7450.0,20250500,20250600,20250600
2025-04-28 16:00:00,7484.5,7450.0,7450.0,20250500,20250600,20250600
2025-04-28 17:00:00,7491.0,7450.0,7450.0,20250500,20250600,20250600
2025-04-28 18:00:00,7493.5,7450.0,7450.0,20250500,20250600,20250600
2025-04-28 19:00:00,7501.5,7450.0,7450.0,20250500,20250600,20250600
2025-04-28 23:00:00,7514.5,7464.5,7464.5,20250500,20250600,20250600
2025-04-29 06:00:00,7493.5,,,20250500,20250600,20250600
2025-04-29 07:00:00,7518.5,,,20250500,20250600,20250600
2025-04-29 08:00:00,7515.0,,,20250500,20250600,20250600
2025-04-29 09:00:00,7510.0,,,20250500,20250600,20250600
2025-04-29 10:00:00,7493.5,,,20250500,20250600,20250600
2025-04-29 11:00:00,7498.5,,,20250500,20250600,20250600
2025-04-29 12:00:00,7490.5,,,20250500,20250600,20250600
2025-04-29 13:00:00,7489.0,,,20250500,20250600,20250600
2025-04-29 14:00:00,7506.5,,,20250500,20250600,20250600
2025-04-29 15:00:00,7497.5,,,20250500,20250600,20250600
2025-04-29 16:00:00,7490.0,,,20250500,20250600,20250600
2025-04-29 17:00:00,7517.0,,,20250500,20250600,20250600
2025-04-29 18:00:00,7515.5,,,20250500,20250600,20250600
2025-04-29 19:00:00,7514.5,,,20250500,20250600,20250600
2025-04-29 23:00:00,7495.5,7447.0,7447.0,20250500,20250600,20250600
2025-04-30 06:00:00,7517.5,,,20250500,20250600,20250600
2025-04-30 07:00:00,7519.5,,,20250500,20250600,20250600
2025-04-30 08:00:00,7516.5,,,20250500,20250600,20250600
2025-04-30 09:00:00,7535.0,,,20250500,20250600,20250600
2025-04-30 10:00:00,7539.0,,,20250500,20250600,20250600
2025-04-30 11:00:00,7542.5,,,20250500,20250600,20250600
2025-04-30 12:00:00,7479.0,7415.5,7415.5,20250500,20250600,20250600
2025-04-30 13:00:00,7452.0,7430.5,7430.5,20250500,20250600,20250600
2025-04-30 14:00:00,7504.0,7450.0,7450.0,20250500,20250600,20250600
2025-04-30 15:00:00,7536.5,7480.5,7480.5,20250500,20250600,20250600
2025-04-30 16:00:00,7545.0,7480.5,7480.5,20250500,20250600,20250600
2025-04-30 17:00:00,7559.5,7480.5,7480.5,20250500,20250600,20250600
2025-04-30 18:00:00,7553.5,7513.5,7513.5,20250500,20250600,20250600
2025-04-30 19:00:00,7560.5,7513.5,7513.5,20250500,20250600,20250600
2025-04-30 23:00:00,7531.5,7482.0,7482.0,20250500,20250600,20250600
2025-05-02 06:00:00,7644.0,,,20250500,20250600,20250600
2025-05-02 07:00:00,7624.0,,,20250500,20250600,20250600
2025-05-02 08:00:00,7633.0,,,20250500,20250600,20250600
2025-05-02 09:00:00,7651.0,,,20250500,20250600,20250600
2025-05-02 10:00:00,7652.0,,,20250500,20250600,20250600
2025-05-02 11:00:00,7646.5,,,20250500,20250600,20250600
2025-05-02 12:00:00,7695.0,,,20250500,20250600,20250600
2025-05-02 13:00:00,7669.5,7636.0,7636.0,20250500,20250600,20250600
2025-05-02 14:00:00,7716.0,7636.0,7636.0,20250500,20250600,20250600
2025-05-02 15:00:00,7706.0,7636.0,7636.0,20250500,20250600,20250600
2025-05-02 16:00:00,7723.0,7636.0,7636.0,20250500,20250600,20250600
2025-05-02 17:00:00,7724.0,7636.0,7636.0,20250500,20250600,20250600
2025-05-02 18:00:00,7732.0,7636.0,7636.0,20250500,20250600,20250600
2025-05-02 19:00:00,7734.0,7636.0,7636.0,20250500,20250600,20250600
2025-05-02 23:00:00,7734.0,7636.0,7636.0,20250500,20250600,20250600
2025-05-05 06:00:00,7710.0,,,20250500,20250600,20250600
2025-05-05 07:00:00,7703.5,7654.0,7654.0,20250500,20250600,20250600
2025-05-05 08:00:00,7691.5,7654.0,7654.0,20250500,20250600,20250600
2025-05-05 09:00:00,7695.0,7654.0,7654.0,20250500,20250600,20250600
2025-05-05 10:00:00,7694.0,7640.0,7640.0,20250500,20250600,20250600
2025-05-05 11:00:00,7690.0,7640.0,7640.0,20250500,20250600,20250600
2025-05-05 12:00:00,7694.0,7640.0,7640.0,20250500,20250600,20250600
2025-05-05 13:00:00,7698.0,7638.5,7638.5,20250500,20250600,20250600
2025-05-05 14:00:00,7703.5,7642.5,7642.5,20250500,20250600,20250600
2025-05-05 15:00:00,7698.5,7650.0,7650.0,20250500,20250600,20250600
2025-05-05 16:00:00,7705.0,7650.0,7650.0,20250500,20250600,20250600
2025-05-05 17:00:00,7701.0,7650.0,7650.0,20250500,20250600,20250600
2025-05-05 18:00:00,7703.5,7650.0,7650.0,20250500,20250600,20250600
2025-05-05 19:00:00,7692.0,7650.0,7650.0,20250500,20250600,20250600
2025-05-05 23:00:00,7692.0,7650.0,7650.0,20250500,20250600,20250600
2025-05-06 06:00:00,7705.0,7613.5,7613.5,20250500,20250600,20250600
2025-05-06 07:00:00,7676.0,7626.5,7626.5,20250500,20250600,20250600
2025-05-06 08:00:00,7651.5,7597.0,7597.0,20250500,20250600,20250600
2025-05-06 09:00:00,7641.0,7597.0,7597.0,20250500,20250600,20250600
2025-05-06 10:00:00,7661.5,7597.0,7597.0,20250500,20250600,20250600
2025-05-06 11:00:00,7666.0,7614.0,7614.0,20250500,20250600,20250600
2025-05-06 12:00:00,7682.0,7614.0,7614.0,20250500,20250600,20250600
2025-05-06 13:00:00,7654.5,7618.0,7618.0,20250500,20250600,20250600
2025-05-06 14:00:00,7666.0,7613.5,7613.5,20250500,20250600,20250600
2025-05-06 15:00:00,7648.5,7613.5,7613.5,20250500,20250600,20250600
2025-05-06 16:00:00,7646.0,7603.5,7603.5,20250500,20250600,20250600
2025-05-06 17:00:00,7632.0,7603.5,7603.5,20250500,20250600,20250600
2025-05-06 18:00:00,7647.0,7603.5,7603.5,20250500,20250600,20250600
2025-05-06 19:00:00,7635.5,7603.5,7603.5,20250500,20250600,20250600
2025-05-06 23:00:00,7664.5,7614.5,7614.5,20250500,20250600,20250600
2025-05-07 06:00:00,7645.0,,,20250500,20250600,20250600
2025-05-07 07:00:00,7630.5,7594.0,7594.0,20250500,20250600,20250600
2025-05-07 08:00:00,7635.5,7586.5,7586.5,20250500,20250600,20250600
2025-05-07 09:00:00,7623.0,7586.5,7586.5,20250500,20250600,20250600
2025-05-07 10:00:00,7618.5,7586.5,7586.5,20250500,20250600,20250600
2025-05-07 11:00:00,7627.0,7586.5,7586.5,20250500,20250600,20250600
2025-05-07 12:00:00,7608.0,7586.5,7586.5,20250500,20250600,20250600
2025-05-07 13:00:00,7599.5,7541.5,7541.5,20250500,20250600,20250600
2025-05-07 14:00:00,7592.0,7541.5,7541.5,20250500,20250600,20250600
2025-05-07 15:00:00,7607.5,7550.5,7550.5,20250500,20250600,20250600
2025-05-07 16:00:00,7619.0,7559.0,7559.0,20250500,20250600,20250600
2025-05-07 17:00:00,7603.5,7557.5,7557.5,20250500,20250600,20250600
2025-05-07 18:00:00,7613.5,7557.5,7557.5,20250500,20250600,20250600
2025-05-07 19:00:00,7618.0,7557.5,7557.5,20250500,20250600,20250600
2025-05-07 23:00:00,7598.5,7549.0,7549.0,20250500,20250600,20250600
2025-05-08 06:00:00,7627.5,,,20250500,20250600,20250600
2025-05-08 07:00:00,7632.5,7576.0,7576.0,20250500,20250600,20250600
2025-05-08 08:00:00,7659.0,7615.0,7615.0,20250500,20250600,20250600
2025-05-08 09:00:00,7678.5,7605.5,7605.5,20250500,20250600,20250600
2025-05-08 10:00:00,7688.0,7630.0,7630.0,20250500,20250600,20250600
2025-05-08 11:00:00,7688.0,7636.5,7636.5,20250500,20250600,20250600
2025-05-08 12:00:00,7661.0,7613.5,7613.5,20250500,20250600,20250600
2025-05-08 13:00:00,7665.0,7613.0,7613.0,20250500,20250600,20250600
2025-05-08 14:00:00,7654.0,7618.0,7618.0,20250500,20250600,20250600
2025-05-08 15:00:00,7696.5,7650.5,7650.5,20250500,20250600,20250600
2025-05-08 16:00:00,7711.5,7659.0,7659.0,20250500,20250600,20250600
2025-05-08 17:00:00,7691.5,7659.0,7659.0,20250500,20250600,20250600
2025-05-08 18:00:00,7698.0,7659.0,7659.0,20250500,20250600,20250600
2025-05-08 19:00:00,7684.0,7659.0,7659.0,20250500,20250600,20250600
2025-05-08 23:00:00,7666.0,7613.0,7613.0,20250500,20250600,20250600
2025-05-09 06:00:00,7702.0,,,20250500,20250600,20250600
2025-05-09 07:00:00,7707.5,7661.0,7661.0,20250500,20250600,20250600
2025-05-09 08:00:00,7702.0,7653.5,7653.5,20250500,20250600,20250600
2025-05-09 09:00:00,7723.5,7667.5,7667.5,20250500,20250600,20250600
2025-05-09 10:00:00,7727.0,7675.5,7675.5,20250500,20250600,20250600
2025-05-09 11:00:00,7714.0,7668.5,7668.5,20250500,20250600,20250600
2025-05-09 12:00:00,7724.5,7675.0,7675.0,20250500,20250600,20250600
2025-05-09 13:00:00,7740.0,7679.0,7679.0,20250500,20250600,20250600
2025-05-09 14:00:00,7720.5,7669.0,7669.0,20250500,20250600,20250600
2025-05-09 15:00:00,7726.0,7675.5,7675.5,20250500,20250600,20250600
2025-05-09 16:00:00,7708.0,7660.0,7660.0,20250500,20250600,20250600
2025-05-09 17:00:00,7732.0,7675.0,7675.0,20250500,20250600,20250600
2025-05-09 18:00:00,7731.0,7678.0,7678.0,20250500,20250600,20250600
2025-05-09 19:00:00,7732.0,7682.5,7682.5,20250500,20250600,20250600
2025-05-09 23:00:00,7716.5,7666.5,7666.5,20250500,20250600,20250600
2025-05-12 06:00:00,7771.5,7721.0,7721.0,20250500,20250600,20250600
2025-05-12 07:00:00,7801.0,7751.0,7751.0,20250500,20250600,20250600
2025-05-12 08:00:00,7836.5,7787.5,7787.5,20250500,20250600,20250600
2025-05-12 09:00:00,7864.0,7815.5,7815.5,20250500,20250600,20250600
2025-05-12 10:00:00,7840.5,7790.5,7790.5,20250500,20250600,20250600
2025-05-12 11:00:00,7842.5,7794.5,7794.5,20250500,20250600,20250600
2025-05-12 12:00:00,7849.5,7800.5,7800.5,20250500,20250600,20250600
2025-05-12 13:00:00,7826.0,7774.5,7774.5,20250500,20250600,20250600
2025-05-12 14:00:00,7831.5,7781.5,7781.5,20250500,20250600,20250600
2025-05-12 15:00:00,7826.0,7778.0,7778.0,20250500,20250600,20250600
2025-05-12 16:00:00,7857.5,7810.0,7810.0,20250500,20250600,20250600
2025-05-12 17:00:00,7862.5,7816.5,7816.5,20250500,20250600,20250600
2025-05-12 18:00:00,7861.5,7818.5,7818.5,20250500,20250600,20250600
2025-05-12 19:00:00,7873.5,7821.5,7821.5,20250500,20250600,20250600
2025-05-12 23:00:00,7843.5,7794.5,7794.5,20250500,20250600,20250600
2025-05-13 06:00:00,7839.5,7791.5,7791.5,20250500,20250600,20250600
2025-05-13 07:00:00,7853.5,7805.0,7805.0,20250500,20250600,20250600
2025-05-13 08:00:00,7860.0,7810.5,7810.5,20250500,20250600,20250600
2025-05-13 09:00:00,7862.5,7813.5,7813.5,20250500,20250600,20250600
2025-05-13 10:00:00,7853.5,7805.5,7805.5,20250500,20250600,20250600
2025-05-13 11:00:00,7858.0,7808.5,7808.5,20250500,20250600,20250600
2025-05-13 12:00:00,7869.0,7820.0,7820.0,20250500,20250600,20250600
2025-05-13 13:00:00,7865.0,7816.5,7816.5,20250500,20250600,20250600
2025-05-13 14:00:00,7866.0,7816.5,7816.5,20250500,20250600,20250600
2025-05-13 15:00:00,7865.0,7818.0,7818.0,20250500,20250600,20250600
2025-05-13 16:00:00,7872.0,7823.5,7823.5,20250500,20250600,20250600
2025-05-13 17:00:00,7874.0,7825.0,7825.0,20250500,20250600,20250600
2025-05-13 18:00:00,7880.5,7829.0,7829.0,20250500,20250600,20250600
2025-05-13 19:00:00,7863.0,7815.0,7815.0,20250500,20250600,20250600
2025-05-13 23:00:00,7876.0,7827.0,7827.0,20250500,20250600,20250600
2025-05-14 06:00:00,7877.0,7827.5,7827.5,20250500,20250600,20250600
2025-05-14 07:00:00,7851.0,7801.5,7801.5,20250500,20250600,20250600
2025-05-14 08:00:00,7819.5,7769.5,7769.5,20250500,20250600,20250600
2025-05-14 09:00:00,7825.5,7775.5,7775.5,20250500,20250600,20250600
2025-05-14 10:00:00,7826.5,7777.0,7777.0,20250500,20250600,20250600
2025-05-14 11:00:00,7841.5,7793.0,7793.0,20250500,20250600,20250600
2025-05-14 12:00:00,7849.5,7800.5,7800.5,20250500,20250600,20250600
2025-05-14 13:00:00,7832.5,7784.0,7784.0,20250500,20250600,20250600
2025-05-14 14:00:00,7833.0,7784.5,7784.5,20250500,20250600,20250600
2025-05-14 15:00:00,7835.0,7786.5,7786.5,20250500,20250600,20250600
2025-05-14 16:00:00,7824.0,7776.0,7776.0,20250500,20250600,20250600
2025-05-14 17:00:00,7821.5,7773.0,7773.0,20250500,20250600,20250600
2025-05-14 18:00:00,7826.0,7777.0,7777.0,20250500,20250600,20250600
2025-05-14 19:00:00,7829.5,7780.5,7780.5,20250500,20250600,20250600
2025-05-14 23:00:00,7838.0,7788.5,7788.5,20250500,20250600,20250600
2025-05-15 06:00:00,7801.5,7753.0,7753.0,20250500,20250600,20250600
2025-05-15 07:00:00,7802.5,7753.5,7753.5,20250500,20250600,20250600
2025-05-15 08:00:00,7816.0,7766.0,7766.0,20250500,20250600,20250600
2025-05-15 09:00:00,7818.0,7769.5,7769.5,20250500,20250600,20250600
2025-05-15 10:00:00,7822.5,7773.0,7773.0,20250500,20250600,20250600
2025-05-15 11:00:00,7824.0,7774.0,7774.0,20250500,20250600,20250600
2025-05-15 12:00:00,7823.0,7774.5,7774.5,20250500,20250600,20250600
2025-05-15 13:00:00,7836.0,7787.0,7787.0,20250500,20250600,20250600
2025-05-15 14:00:00,7837.5,7789.5,7789.5,20250500,20250600,20250600
2025-05-15 15:00:00,7857.5,7809.0,7809.0,20250500,20250600,20250600
2025-05-15 16:00:00,7862.5,7813.5,7813.5,20250500,20250600,20250600
2025-05-15 17:00:00,7863.5,7810.0,7810.0,20250500,20250600,20250600
2025-05-15 18:00:00,7861.0,7811.0,7811.0,20250500,20250600,20250600
2025-05-15 19:00:00,7862.0,7815.5,7815.5,20250500,20250600,20250600
2025-05-15 23:00:00,7854.5,7805.0,7805.0,20250500,20250600,20250600
2025-05-16 06:00:00,7885.0,7833.0,7833.0,20250500,20250600,20250600
2025-05-16 07:00:00,7849.0,,,20250600,20250700,20250700
2025-05-16 08:00:00,7844.5,,,20250600,20250700,20250700
2025-05-16 09:00:00,7859.5,,,20250600,20250700,20250700
2025-05-16 10:00:00,7855.5,,,20250600,20250700,20250700
2025-05-16 11:00:00,7845.5,,,20250600,20250700,20250700
2025-05-16 12:00:00,7809.5,,,20250600,20250700,20250700
2025-05-16 13:00:00,7822.0,,,20250600,20250700,20250700
2025-05-16 14:00:00,7813.0,,,20250600,20250700,20250700
2025-05-16 15:00:00,7838.5,,,20250600,20250700,20250700
2025-05-16 16:00:00,7848.5,,,20250600,20250700,20250700
2025-05-16 17:00:00,7854.5,,,20250600,20250700,20250700
2025-05-16 18:00:00,7864.0,,,20250600,20250700,20250700
2025-05-16 19:00:00,7866.0,,,20250600,20250700,20250700
2025-05-16 23:00:00,7836.5,7846.5,7846.5,20250600,20250700,20250700
2025-05-19 06:00:00,7821.5,,,20250600,20250700,20250700
2025-05-19 07:00:00,7824.5,,,20250600,20250700,20250700
2025-05-19 08:00:00,7813.0,,,20250600,20250700,20250700
2025-05-19 09:00:00,7808.0,,,20250600,20250700,20250700
2025-05-19 10:00:00,7806.5,,,20250600,20250700,20250700
2025-05-19 11:00:00,7807.5,,,20250600,20250700,20250700
2025-05-19 12:00:00,7802.0,,,20250600,20250700,20250700
2025-05-19 13:00:00,7832.0,,,20250600,20250700,20250700
2025-05-19 14:00:00,7843.5,,,20250600,20250700,20250700
2025-05-19 15:00:00,7863.5,,,20250600,20250700,20250700
2025-05-19 16:00:00,7876.0,,,20250600,20250700,20250700
2025-05-19 17:00:00,7879.5,,,20250600,20250700,20250700
2025-05-19 18:00:00,7883.0,,,20250600,20250700,20250700
2025-05-19 19:00:00,7892.0,,,20250600,20250700,20250700
2025-05-19 23:00:00,7860.0,7870.0,7870.0,20250600,20250700,20250700
2025-05-20 06:00:00,7873.5,,,20250600,20250700,20250700
2025-05-20 07:00:00,7866.5,,,20250600,20250700,20250700
2025-05-20 08:00:00,7872.0,,,20250600,20250700,20250700
2025-05-20 09:00:00,7881.0,,,20250600,20250700,20250700
2025-05-20 10:00:00,7900.0,,,20250600,20250700,20250700
2025-05-20 11:00:00,7912.0,,,20250600,20250700,20250700
2025-05-20 12:00:00,7918.5,,,20250600,20250700,20250700
2025-05-20 13:00:00,7922.5,,,20250600,20250700,20250700
2025-05-20 14:00:00,7919.5,,,20250600,20250700,20250700
2025-05-20 15:00:00,7926.0,,,20250600,20250700,20250700
2025-05-20 16:00:00,7931.5,,,20250600,20250700,20250700
2025-05-20 17:00:00,7928.5,,,20250600,20250700,20250700
2025-05-20 18:00:00,7919.5,,,20250600,20250700,20250700
2025-05-20 19:00:00,7927.5,,,20250600,20250700,20250700
2025-05-20 23:00:00,7927.5,7931.5,7931.5,20250600,20250700,20250700
2025-05-21 06:00:00,7892.5,,,20250600,20250700,20250700
2025-05-21 07:00:00,7896.0,,,20250600,20250700,20250700
2025-05-21 08:00:00,7878.5,,,20250600,20250700,20250700
2025-05-21 09:00:00,7870.5,,,20250600,20250700,20250700
2025-05-21 10:00:00,7875.5,,,20250600,20250700,20250700
2025-05-21 11:00:00,7875.0,,,20250600,20250700,20250700
2025-05-21 12:00:00,7883.0,,,20250600,20250700,20250700
2025-05-21 13:00:00,7895.5,,,20250600,20250700,20250700
2025-05-21 14:00:00,7898.5,,,20250600,20250700,20250700
2025-05-21 15:00:00,7896.5,,,20250600,20250700,20250700
2025-05-21 16:00:00,7895.5,,,20250600,20250700,20250700
2025-05-21 17:00:00,7847.5,,,20250600,20250700,20250700
2025-05-21 18:00:00,7836.0,,,20250600,20250700,20250700
2025-05-21 19:00:00,7833.0,,,20250600,20250700,20250700
2025-05-21 23:00:00,7892.5,7902.5,7902.5,20250600,20250700,20250700
2025-05-22 06:00:00,7844.5,,,20250600,20250700,20250700
2025-05-22 07:00:00,7828.5,,,20250600,20250700,20250700
2025-05-22 08:00:00,7824.5,,,20250600,20250700,20250700
2025-05-22 09:00:00,7812.5,,,20250600,20250700,20250700
2025-05-22 10:00:00,7813.0,,,20250600,20250700,20250700
2025-05-22 11:00:00,7799.5,,,20250600,20250700,20250700
2025-05-22 12:00:00,7807.5,,,20250600,20250700,20250700
2025-05-22 13:00:00,7797.5,7793.5,7793.5,20250600,20250700,20250700
2025-05-22 14:00:00,7828.0,7793.5,7793.5,20250600,20250700,20250700
2025-05-22 15:00:00,7849.5,7793.5,7793.5,20250600,20250700,20250700
2025-05-22 16:00:00,7843.5,7793.5,7793.5,20250600,20250700,20250700
2025-05-22 17:00:00,7862.5,7793.5,7793.5,20250600,20250700,20250700
2025-05-22 18:00:00,7865.0,7793.5,7793.5,20250600,20250700,20250700
2025-05-22 19:00:00,7848.0,7793.5,7793.5,20250600,20250700,20250700
2025-05-22 23:00:00,7845.5,7855.5,7855.5,20250600,20250700,20250700
2025-05-23 06:00:00,7843.5,,,20250600,20250700,20250700
2025-05-23 07:00:00,7846.0,,,20250600,20250700,20250700
2025-05-23 08:00:00,7834.0,,,20250600,20250700,20250700
2025-05-23 09:00:00,7816.5,,,20250600,20250700,20250700
2025-05-23 10:00:00,7811.0,,,20250600,20250700,20250700
2025-05-23 11:00:00,7644.5,,,20250600,20250700,20250700
2025-05-23 12:00:00,7639.0,,,20250600,20250700,20250700
2025-05-23 13:00:00,7678.5,,,20250600,20250700,20250700
2025-05-23 14:00:00,7708.0,,,20250600,20250700,20250700
2025-05-23 15:00:00,7702.5,,,20250600,20250700,20250700
2025-05-23 16:00:00,7711.5,,,20250600,20250700,20250700
2025-05-23 17:00:00,7727.5,,,20250600,20250700,20250700
2025-05-23 18:00:00,7710.0,,,20250600,20250700,20250700
2025-05-23 19:00:00,7707.0,,,20250600,20250700,20250700
2025-05-23 23:00:00,7714.5,7724.5,7724.5,20250600,20250700,20250700
2025-05-26 06:00:00,7812.0,,,20250600,20250700,20250700
2025-05-26 07:00:00,7811.0,,,20250600,20250700,20250700
2025-05-26 08:00:00,7804.5,,,20250600,20250700,20250700
2025-05-26 09:00:00,7817.5,,,20250600,20250700,20250700
2025-05-26 10:00:00,7809.5,,,20250600,20250700,20250700
2025-05-26 11:00:00,7816.0,,,20250600,20250700,20250700
2025-05-26 12:00:00,7796.5,,,20250600,20250700,20250700
2025-05-26 13:00:00,7801.0,,,20250600,20250700,20250700
2025-05-26 14:00:00,7810.5,,,20250600,20250700,20250700
2025-05-26 15:00:00,7820.5,,,20250600,20250700,20250700
2025-05-26 16:00:00,7818.0,,,20250600,20250700,20250700
2025-05-26 17:00:00,7814.5,,,20250600,20250700,20250700
2025-05-26 18:00:00,7817.0,,,20250600,20250700,20250700
2025-05-26 19:00:00,7814.5,,,20250600,20250700,20250700
2025-05-26 23:00:00,7816.0,7826.0,7826.0,20250600,20250700,20250700
2025-05-27 06:00:00,7804.5,,,20250600,20250700,20250700
2025-05-27 07:00:00,7833.5,,,20250600,20250700,20250700
2025-05-27 08:00:00,7837.0,,,20250600,20250700,20250700
2025-05-27 09:00:00,7844.5,,,20250600,20250700,20250700
2025-05-27 10:00:00,7839.5,,,20250600,20250700,20250700
2025-05-27 11:00:00,7831.0,,,20250600,20250700,20250700
2025-05-27 12:00:00,7824.0,,,20250600,20250700,20250700
2025-05-27 13:00:00,7816.5,,,20250600,20250700,20250700
2025-05-27 14:00:00,7832.5,,,20250600,20250700,20250700
2025-05-27 15:00:00,7821.5,,,20250600,20250700,20250700
2025-05-27 16:00:00,7834.5,,,20250600,20250700,20250700
2025-05-27 17:00:00,7832.0,,,20250600,20250700,20250700
2025-05-27 18:00:00,7831.0,,,20250600,20250700,20250700
2025-05-27 19:00:00,7836.5,,,20250600,20250700,20250700
2025-05-27 23:00:00,7836.5,7828.0,7828.0,20250600,20250700,20250700
2025-05-28 06:00:00,7811.0,,,20250600,20250700,20250700
2025-05-28 07:00:00,7840.5,,,20250600,20250700,20250700
2025-05-28 08:00:00,7815.0,,,20250600,20250700,20250700
2025-05-28 09:00:00,7813.5,,,20250600,20250700,20250700
2025-05-28 10:00:00,7813.0,,,20250600,20250700,20250700
2025-05-28 11:00:00,7810.5,,,20250600,20250700,20250700
2025-05-28 12:00:00,7801.0,,,20250600,20250700,20250700
2025-05-28 13:00:00,7808.0,,,20250600,20250700,20250700
2025-05-28 14:00:00,7786.5,,,20250600,20250700,20250700
2025-05-28 15:00:00,7783.0,,,20250600,20250700,20250700
2025-05-28 16:00:00,7798.0,,,20250600,20250700,20250700
2025-05-28 17:00:00,7800.5,,,20250600,20250700,20250700
2025-05-28 18:00:00,7796.5,,,20250600,20250700,20250700
2025-05-28 19:00:00,7792.0,,,20250600,20250700,20250700
2025-05-28 23:00:00,7779.5,7789.0,7789.0,20250600,20250700,20250700
2025-05-29 06:00:00,7858.5,,,20250600,20250700,20250700
2025-05-29 07:00:00,7859.5,,,20250600,20250700,20250700
2025-05-29 08:00:00,7827.0,,,20250600,20250700,20250700
2025-05-29 09:00:00,7838.0,,,20250600,20250700,20250700
2025-05-29 10:00:00,7837.0,,,20250600,20250700,20250700
2025-05-29 11:00:00,7837.5,,,20250600,20250700,20250700
2025-05-29 12:00:00,7807.0,,,20250600,20250700,20250700
2025-05-29 13:00:00,7791.0,,,20250600,20250700,20250700
2025-05-29 14:00:00,7784.5,,,20250600,20250700,20250700
2025-05-29 15:00:00,7751.0,,,20250600,20250700,20250700
2025-05-29 16:00:00,7776.0,,,20250600,20250700,20250700
2025-05-29 17:00:00,7767.5,,,20250600,20250700,20250700
2025-05-29 18:00:00,7770.5,,,20250600,20250700,20250700
2025-05-29 19:00:00,7783.0,,,20250600,20250700,20250700
2025-05-29 23:00:00,7837.5,7781.5,7781.5,20250600,20250700,20250700
2025-05-30 06:00:00,7774.0,,,20250600,20250700,20250700
2025-05-30 07:00:00,7783.5,,,20250600,20250700,20250700
2025-05-30 08:00:00,7784.5,,,20250600,20250700,20250700
2025-05-30 09:00:00,7792.5,,,20250600,20250700,20250700
2025-05-30 10:00:00,7793.0,,,20250600,20250700,20250700
2025-05-30 11:00:00,7791.0,,,20250600,20250700,20250700
2025-05-30 12:00:00,7773.5,,,20250600,20250700,20250700
2025-05-30 13:00:00,7766.0,,,20250600,20250700,20250700
2025-05-30 14:00:00,7744.0,,,20250600,20250700,20250700
2025-05-30 15:00:00,7745.0,,,20250600,20250700,20250700
2025-05-30 16:00:00,7713.5,,,20250600,20250700,20250700
2025-05-30 17:00:00,7724.5,,,20250600,20250700,20250700
2025-05-30 18:00:00,7746.0,,,20250600,20250700,20250700
2025-05-30 19:00:00,7748.0,,,20250600,20250700,20250700
2025-05-30 23:00:00,7746.0,7755.5,7755.5,20250600,20250700,20250700
2025-06-02 06:00:00,7703.5,,,20250600,20250700,20250700
2025-06-02 07:00:00,7682.0,,,20250600,20250700,20250700
2025-06-02 08:00:00,7711.5,,,20250600,20250700,20250700
2025-06-02 09:00:00,7698.0,,,20250600,20250700,20250700
2025-06-02 10:00:00,7702.5,,,20250600,20250700,20250700
2025-06-02 11:00:00,7708.5,,,20250600,20250700,20250700
2025-06-02 12:00:00,7706.5,,,20250600,20250700,20250700
2025-06-02 13:00:00,7688.5,,,20250600,20250700,20250700
2025-06-02 14:00:00,7727.0,7735.0,7735.0,20250600,20250700,20250700
2025-06-02 15:00:00,7741.0,7735.0,7735.0,20250600,20250700,20250700
2025-06-02 16:00:00,7746.5,7735.0,7735.0,20250600,20250700,20250700
2025-06-02 17:00:00,7744.0,7735.0,7735.0,20250600,20250700,20250700
2025-06-02 18:00:00,7765.5,7751.5,7751.5,20250600,20250700,20250700
2025-06-02 19:00:00,7772.5,7751.5,7751.5,20250600,20250700,20250700
2025-06-02 23:00:00,7731.5,7741.0,7741.0,20250600,20250700,20250700
2025-06-03 06:00:00,7751.5,,,20250600,20250700,20250700
2025-06-03 07:00:00,7710.0,,,20250600,20250700,20250700
2025-06-03 08:00:00,7710.5,,,20250600,20250700,20250700
2025-06-03 09:00:00,7711.5,,,20250600,20250700,20250700
2025-06-03 10:00:00,7719.0,,,20250600,20250700,20250700
2025-06-03 11:00:00,7717.5,,,20250600,20250700,20250700
2025-06-03 12:00:00,7719.5,,,20250600,20250700,20250700
2025-06-03 13:00:00,7727.5,,,20250600,20250700,20250700
2025-06-03 14:00:00,7741.5,,,20250600,20250700,20250700
2025-06-03 15:00:00,7765.5,7778.0,7778.0,20250600,20250700,20250700
2025-06-03 16:00:00,7770.5,7778.0,7778.0,20250600,20250700,20250700
2025-06-03 17:00:00,7770.5,7778.0,7778.0,20250600,20250700,20250700
2025-06-03 18:00:00,7779.0,7778.0,7778.0,20250600,20250700,20250700
2025-06-03 19:00:00,7782.5,7778.0,7778.0,20250600,20250700,20250700
2025-06-03 23:00:00,7771.0,7778.0,7778.0,20250600,20250700,20250700
2025-06-04 06:00:00,7792.5,,,20250600,20250700,20250700
2025-06-04 07:00:00,7798.5,,,20250600,20250700,20250700
2025-06-04 08:00:00,7810.5,,,20250600,20250700,20250700
2025-06-04 09:00:00,7818.0,,,20250600,20250700,20250700
2025-06-04 10:00:00,7812.0,,,20250600,20250700,20250700
2025-06-04 11:00:00,7814.0,,,20250600,20250700,20250700
2025-06-04 12:00:00,7800.5,,,20250600,20250700,20250700
2025-06-04 13:00:00,7806.5,,,20250600,20250700,20250700
2025-06-04 14:00:00,7808.5,,,20250600,20250700,20250700
2025-06-04 15:00:00,7796.5,,,20250600,20250700,20250700
2025-06-04 16:00:00,7795.5,,,20250600,20250700,20250700
2025-06-04 17:00:00,7801.5,,,20250600,20250700,20250700
2025-06-04 18:00:00,7796.0,,,20250600,20250700,20250700
2025-06-04 19:00:00,7794.5,,,20250600,20250700,20250700
2025-06-04 23:00:00,7800.0,7809.5,7809.5,20250600,20250700,20250700
2025-06-05 06:00:00,7799.0,,,20250600,20250700,20250700
2025-06-05 07:00:00,7820.0,,,20250600,20250700,20250700
2025-06-05 08:00:00,7821.0,,,20250600,20250700,20250700
2025-06-05 09:00:00,7837.5,,,20250600,20250700,20250700
2025-06-05 10:00:00,7827.0,,,20250600,20250700,20250700
2025-06-05 11:00:00,7819.0,,,20250600,20250700,20250700
2025-06-05 12:00:00,7821.0,7838.0,7838.0,20250600,20250700,20250700
2025-06-05 13:00:00,7761.5,7838.0,7838.0,20250600,20250700,20250700
2025-06-05 14:00:00,7790.5,7838.0,7838.0,20250600,20250700,20250700
2025-06-05 15:00:00,7785.5,7838.0,7838.0,20250600,20250700,20250700
2025-06-05 16:00:00,7754.0,7838.0,7838.0,20250600,20250700,20250700
2025-06-05 17:00:00,7767.5,7838.0,7838.0,20250600,20250700,20250700
2025-06-05 18:00:00,7762.0,7838.0,7838.0,20250600,20250700,20250700
2025-06-05 19:00:00,7753.0,7838.0,7838.0,20250600,20250700,20250700
2025-06-05 23:00:00,7784.0,7793.5,7793.5,20250600,20250700,20250700
2025-06-06 06:00:00,7781.0,,,20250600,20250700,20250700
2025-06-06 07:00:00,7780.5,,,20250600,20250700,20250700
2025-06-06 08:00:00,7773.5,,,20250600,20250700,20250700
2025-06-06 09:00:00,7779.5,,,20250600,20250700,20250700
2025-06-06 10:00:00,7777.0,,,20250600,20250700,20250700
2025-06-06 11:00:00,7781.5,,,20250600,20250700,20250700
2025-06-06 12:00:00,7791.0,,,20250600,20250700,20250700
2025-06-06 13:00:00,7801.5,,,20250600,20250700,20250700
2025-06-06 14:00:00,7796.0,,,20250600,20250700,20250700
2025-06-06 15:00:00,7802.0,,,20250600,20250700,20250700
2025-06-06 16:00:00,7792.0,,,20250600,20250700,20250700
2025-06-06 17:00:00,7794.5,,,20250600,20250700,20250700
2025-06-06 18:00:00,7801.5,,,20250600,20250700,20250700
2025-06-06 19:00:00,7803.5,,,20250600,20250700,20250700
2025-06-06 23:00:00,7780.5,7807.0,7807.0,20250600,20250700,20250700
2025-06-09 06:00:00,7790.5,,,20250600,20250700,20250700
2025-06-09 07:00:00,7795.5,,,20250600,20250700,20250700
2025-06-09 08:00:00,7805.5,,,20250600,20250700,20250700
2025-06-09 09:00:00,7794.0,,,20250600,20250700,20250700
2025-06-09 10:00:00,7786.0,,,20250600,20250700,20250700
2025-06-09 11:00:00,7775.0,7798.0,7798.0,20250600,20250700,20250700
2025-06-09 12:00:00,7773.0,7783.0,7783.0,20250600,20250700,20250700
2025-06-09 13:00:00,7778.5,7783.0,7783.0,20250600,20250700,20250700
2025-06-09 14:00:00,7777.5,7792.5,7792.5,20250600,20250700,20250700
2025-06-09 15:00:00,7789.5,7792.5,7792.5,20250600,20250700,20250700
2025-06-09 16:00:00,7791.5,7792.5,7792.5,20250600,20250700,20250700
2025-06-09 17:00:00,7795.5,7792.5,7792.5,20250600,20250700,20250700
2025-06-09 18:00:00,7793.0,7792.5,7792.5,20250600,20250700,20250700
2025-06-09 19:00:00,7777.0,7792.5,7792.5,20250600,20250700,20250700
2025-06-09 23:00:00,7787.5,7797.0,7797.0,20250600,20250700,20250700
2025-06-10 06:00:00,7781.0,,,20250600,20250700,20250700
2025-06-10 07:00:00,7810.0,7790.5,7790.5,20250600,20250700,20250700
2025-06-10 08:00:00,7771.0,7785.5,7785.5,20250600,20250700,20250700
2025-06-10 09:00:00,7783.5,7787.0,7787.0,20250600,20250700,20250700
2025-06-10 10:00:00,7787.0,7790.0,7790.0,20250600,20250700,20250700
2025-06-10 11:00:00,7787.5,7790.0,7790.0,20250600,20250700,20250700
2025-06-10 12:00:00,7787.0,7790.0,7790.0,20250600,20250700,20250700
2025-06-10 13:00:00,7798.0,7804.0,7804.0,20250600,20250700,20250700
2025-06-10 14:00:00,7788.5,7798.5,7798.5,20250600,20250700,20250700
2025-06-10 15:00:00,7798.5,7798.5,7798.5,20250600,20250700,20250700
2025-06-10 16:00:00,7806.5,7798.5,7798.5,20250600,20250700,20250700
2025-06-10 17:00:00,7798.0,7798.5,7798.5,20250600,20250700,20250700
2025-06-10 18:00:00,7801.5,7798.5,7798.5,20250600,20250700,20250700
2025-06-10 19:00:00,7806.0,7798.5,7798.5,20250600,20250700,20250700
2025-06-10 23:00:00,7800.0,7809.5,7809.5,20250600,20250700,20250700
2025-06-11 06:00:00,7797.0,,,20250600,20250700,20250700
2025-06-11 07:00:00,7828.5,,,20250600,20250700,20250700
2025-06-11 08:00:00,7827.0,7843.5,7843.5,20250600,20250700,20250700
2025-06-11 09:00:00,7817.0,7838.5,7838.5,20250600,20250700,20250700
2025-06-11 10:00:00,7802.0,7825.0,7825.0,20250600,20250700,20250700
2025-06-11 11:00:00,7784.0,7803.5,7803.5,20250600,20250700,20250700
2025-06-11 12:00:00,7805.0,7815.5,7815.5,20250600,20250700,20250700
2025-06-11 13:00:00,7801.5,7811.0,7811.0,20250600,20250700,20250700
2025-06-11 14:00:00,7779.0,7798.5,7798.5,20250600,20250700,20250700
2025-06-11 15:00:00,7772.5,7779.5,7779.5,20250600,20250700,20250700
2025-06-11 16:00:00,7770.5,7779.5,7779.5,20250600,20250700,20250700
2025-06-11 17:00:00,7770.0,7789.5,7789.5,20250600,20250700,20250700
2025-06-11 18:00:00,7759.5,7764.5,7764.5,20250600,20250700,20250700
2025-06-11 19:00:00,7756.5,7764.5,7764.5,20250600,20250700,20250700
2025-06-11 23:00:00,7759.5,7764.5,7764.5,20250600,20250700,20250700
2025-06-12 06:00:00,7732.0,,,20250600,20250700,20250700
2025-06-12 07:00:00,7704.0,7714.0,7714.0,20250600,20250700,20250700
2025-06-12 08:00:00,7726.0,7735.0,7735.0,20250600,20250700,20250700
2025-06-12 09:00:00,7718.0,7729.5,7729.5,20250600,20250700,20250700
2025-06-12 10:00:00,7716.0,7726.0,7726.0,20250600,20250700,20250700
2025-06-12 11:00:00,7717.0,7724.0,7724.0,20250600,20250700,20250700
2025-06-12 12:00:00,7741.0,7746.0,7746.0,20250600,20250700,20250700
2025-06-12 13:00:00,7745.5,7755.5,7755.5,20250600,20250700,20250700
2025-06-12 14:00:00,7772.5,7784.0,7784.0,20250600,20250700,20250700
2025-06-12 15:00:00,7750.5,7763.5,7763.5,20250600,20250700,20250700
2025-06-12 16:00:00,7756.5,7758.0,7758.0,20250600,20250700,20250700
2025-06-12 17:00:00,7766.5,7776.0,7776.0,20250600,20250700,20250700
2025-06-12 18:00:00,7760.5,7776.0,7776.0,20250600,20250700,20250700
2025-06-12 19:00:00,7763.0,7768.0,7768.0,20250600,20250700,20250700
2025-06-12 23:00:00,7760.5,7776.0,7776.0,20250600,20250700,20250700
2025-06-13 06:00:00,7645.5,7635.0,7635.0,20250600,20250700,20250700
2025-06-13 07:00:00,7688.5,7696.0,7696.0,20250600,20250700,20250700
2025-06-13 08:00:00,7667.0,7678.5,7678.5,20250600,20250700,20250700
2025-06-13 09:00:00,7677.5,7686.5,7686.5,20250600,20250700,20250700
2025-06-13 10:00:00,7674.0,7681.5,7681.5,20250600,20250700,20250700
2025-06-13 11:00:00,7697.0,7707.5,7707.5,20250600,20250700,20250700
2025-06-13 12:00:00,7679.0,7705.0,7705.0,20250600,20250700,20250700
2025-06-13 13:00:00,7665.5,7670.5,7670.5,20250600,20250700,20250700
2025-06-13 14:00:00,7664.0,7673.0,7673.0,20250600,20250700,20250700
2025-06-13 15:00:00,7680.5,7690.5,7690.5,20250600,20250700,20250700
2025-06-13 16:00:00,7680.5,7692.0,7692.0,20250600,20250700,20250700
2025-06-13 17:00:00,7675.0,7692.0,7692.0,20250600,20250700,20250700
2025-06-13 18:00:00,7647.0,7692.0,7692.0,20250600,20250700,20250700
2025-06-13 19:00:00,7650.0,7653.0,7653.0,20250600,20250700,20250700
2025-06-13 23:00:00,7678.5,7687.5,7687.5,20250600,20250700,20250700
2025-06-16 06:00:00,7684.5,7698.0,7698.0,20250600,20250700,20250700
2025-06-16 07:00:00,7728.0,,,20250700,20250800,20250800
2025-06-16 08:00:00,7757.0,,,20250700,20250800,20250800
2025-06-16 09:00:00,7741.5,,,20250700,20250800,20250800
2025-06-16 10:00:00,7748.5,,,20250700,20250800,20250800
2025-06-16 11:00:00,7755.5,,,20250700,20250800,20250800
2025-06-16 12:00:00,7754.0,,,20250700,20250800,20250800
2025-06-16 13:00:00,7747.5,,,20250700,20250800,20250800
2025-06-16 14:00:00,7754.0,,,20250700,20250800,20250800
2025-06-16 15:00:00,7739.5,,,20250700,20250800,20250800
2025-06-16 16:00:00,7727.5,,,20250700,20250800,20250800
2025-06-16 17:00:00,7724.0,,,20250700,20250800,20250800
2025-06-16 18:00:00,7718.0,,,20250700,20250800,20250800
2025-06-16 19:00:00,7710.5,,,20250700,20250800,20250800
2025-06-16 23:00:00,7745.0,7757.5,7757.5,20250700,20250800,20250800
2025-06-17 06:00:00,7681.0,,,20250700,20250800,20250800
2025-06-17 07:00:00,7682.0,,,20250700,20250800,20250800
2025-06-17 08:00:00,7698.0,,,20250700,20250800,20250800
2025-06-17 09:00:00,7665.0,,,20250700,20250800,20250800
2025-06-17 10:00:00,7669.0,,,20250700,20250800,20250800
2025-06-17 11:00:00,7698.5,,,20250700,20250800,20250800
2025-06-17 12:00:00,7696.0,,,20250700,20250800,20250800
2025-06-17 13:00:00,7685.5,,,20250700,20250800,20250800
2025-06-17 14:00:00,7687.5,,,20250700,20250800,20250800
2025-06-17 15:00:00,7693.5,,,20250700,20250800,20250800
2025-06-17 16:00:00,7688.0,,,20250700,20250800,20250800
2025-06-17 17:00:00,7669.0,,,20250700,20250800,20250800
2025-06-17 18:00:00,7668.5,,,20250700,20250800,20250800
2025-06-17 19:00:00,7664.0,,,20250700,20250800,20250800
2025-06-17 23:00:00,7686.5,7699.0,7699.0,20250700,20250800,20250800
2025-06-18 06:00:00,7689.0,,,20250700,20250800,20250800
2025-06-18 07:00:00,7701.5,,,20250700,20250800,20250800
2025-06-18 08:00:00,7695.0,,,20250700,20250800,20250800
2025-06-18 09:00:00,7697.0,,,20250700,20250800,20250800
2025-06-18 10:00:00,7653.0,,,20250700,20250800,20250800
2025-06-18 11:00:00,7675.5,,,20250700,20250800,20250800
2025-06-18 12:00:00,7660.5,,,20250700,20250800,20250800
2025-06-18 13:00:00,7648.5,,,20250700,20250800,20250800
2025-06-18 14:00:00,7671.5,,,20250700,20250800,20250800
2025-06-18 15:00:00,7664.0,,,20250700,20250800,20250800
2025-06-18 16:00:00,7659.5,,,20250700,20250800,20250800
2025-06-18 17:00:00,7664.5,,,20250700,20250800,20250800
2025-06-18 18:00:00,7647.0,,,20250700,20250800,20250800
2025-06-18 19:00:00,7653.5,,,20250700,20250800,20250800
2025-06-18 23:00:00,7657.5,7669.5,7669.5,20250700,20250800,20250800
2025-06-19 06:00:00,7608.5,,,20250700,20250800,20250800
2025-06-19 07:00:00,7597.0,,,20250700,20250800,20250800
2025-06-19 08:00:00,7602.5,,,20250700,20250800,20250800
2025-06-19 09:00:00,7616.5,,,20250700,20250800,20250800
2025-06-19 10:00:00,7617.0,,,20250700,20250800,20250800
2025-06-19 11:00:00,7597.5,,,20250700,20250800,20250800
2025-06-19 12:00:00,7593.0,,,20250700,20250800,20250800
2025-06-19 13:00:00,7582.5,,,20250700,20250800,20250800
2025-06-19 14:00:00,7586.0,,,20250700,20250800,20250800
2025-06-19 15:00:00,7558.0,,,20250700,20250800,20250800
2025-06-19 16:00:00,7557.0,,,20250700,20250800,20250800
2025-06-19 17:00:00,7579.5,,,20250700,20250800,20250800
2025-06-19 18:00:00,7595.0,,,20250700,20250800,20250800
2025-06-19 19:00:00,7574.0,,,20250700,20250800,20250800
2025-06-19 23:00:00,7561.5,7573.5,7573.5,20250700,20250800,20250800
2025-06-20 06:00:00,7605.0,,,20250700,20250800,20250800
2025-06-20 07:00:00,7619.5,,,20250700,20250800,20250800
2025-06-20 08:00:00,7595.0,,,20250700,20250800,20250800
2025-06-20 09:00:00,7613.0,,,20250700,20250800,20250800
2025-06-20 10:00:00,7607.5,,,20250700,20250800,20250800
2025-06-20 11:00:00,7631.5,,,20250700,20250800,20250800
2025-06-20 12:00:00,7632.5,,,20250700,20250800,20250800
2025-06-20 13:00:00,7611.0,7627.5,7627.5,20250700,20250800,20250800
2025-06-20 14:00:00,7597.5,7627.5,7627.5,20250700,20250800,20250800
2025-06-20 15:00:00,7588.5,7627.5,7627.5,20250700,20250800,20250800
2025-06-20 16:00:00,7589.5,7627.5,7627.5,20250700,20250800,20250800
2025-06-20 17:00:00,7574.0,7627.5,7627.5,20250700,20250800,20250800
2025-06-20 18:00:00,7574.0,7627.5,7627.5,20250700,20250800,20250800
2025-06-20 19:00:00,7567.0,7627.5,7627.5,20250700,20250800,20250800
2025-06-20 23:00:00,7574.0,7627.5,7627.5,20250700,20250800,20250800
2025-06-23 06:00:00,7549.5,,,20250700,20250800,20250800
2025-06-23 07:00:00,7589.5,,,20250700,20250800,20250800
2025-06-23 08:00:00,7590.5,,,20250700,20250800,20250800
2025-06-23 09:00:00,7567.0,,,20250700,20250800,20250800
2025-06-23 10:00:00,7558.0,,,20250700,20250800,20250800
2025-06-23 11:00:00,7532.5,,,20250700,20250800,20250800
2025-06-23 12:00:00,7545.0,,,20250700,20250800,20250800
2025-06-23 13:00:00,7542.5,,,20250700,20250800,20250800
2025-06-23 14:00:00,7542.5,,,20250700,20250800,20250800
2025-06-23 15:00:00,7529.5,,,20250700,20250800,20250800
2025-06-23 16:00:00,7511.5,,,20250700,20250800,20250800
2025-06-23 17:00:00,7559.0,,,20250700,20250800,20250800
2025-06-23 18:00:00,7566.0,,,20250700,20250800,20250800
2025-06-23 19:00:00,7577.5,,,20250700,20250800,20250800
2025-06-23 23:00:00,7544.0,7555.0,7555.0,20250700,20250800,20250800
2025-06-24 06:00:00,7654.5,,,20250700,20250800,20250800
2025-06-24 07:00:00,7652.0,,,20250700,20250800,20250800
2025-06-24 08:00:00,7647.0,,,20250700,20250800,20250800
2025-06-24 09:00:00,7648.5,,,20250700,20250800,20250800
2025-06-24 10:00:00,7641.0,,,20250700,20250800,20250800
2025-06-24 11:00:00,7636.0,,,20250700,20250800,20250800
2025-06-24 12:00:00,7641.5,,,20250700,20250800,20250800
2025-06-24 13:00:00,7625.5,,,20250700,20250800,20250800
2025-06-24 14:00:00,7626.5,,,20250700,20250800,20250800
2025-06-24 15:00:00,7616.0,,,20250700,20250800,20250800
2025-06-24 16:00:00,7629.5,,,20250700,20250800,20250800
2025-06-24 17:00:00,7638.5,,,20250700,20250800,20250800
2025-06-24 18:00:00,7636.0,,,20250700,20250800,20250800
2025-06-24 19:00:00,7638.5,,,20250700,20250800,20250800
2025-06-24 23:00:00,7622.5,7633.5,7633.5,20250700,20250800,20250800
2025-06-25 06:00:00,7634.0,,,20250700,20250800,20250800
2025-06-25 07:00:00,7640.5,,,20250700,20250800,20250800
2025-06-25 08:00:00,7631.0,,,20250700,20250800,20250800
2025-06-25 09:00:00,7612.0,,,20250700,20250800,20250800
2025-06-25 10:00:00,7597.0,,,20250700,20250800,20250800
2025-06-25 11:00:00,7601.5,,,20250700,20250800,20250800
2025-06-25 12:00:00,7590.5,,,20250700,20250800,20250800
2025-06-25 13:00:00,7581.0,,,20250700,20250800,20250800
2025-06-25 14:00:00,7573.0,,,20250700,20250800,20250800
2025-06-25 15:00:00,7565.5,,,20250700,20250800,20250800
2025-06-25 16:00:00,7568.5,,,20250700,20250800,20250800
2025-06-25 17:00:00,7563.0,,,20250700,20250800,20250800
2025-06-25 18:00:00,7566.5,,,20250700,20250800,20250800
2025-06-25 19:00:00,7573.0,,,20250700,20250800,20250800
2025-06-25 23:00:00,7564.0,7575.0,7575.0,20250700,20250800,20250800
2025-06-26 06:00:00,7587.0,,,20250700,20250800,20250800
2025-06-26 07:00:00,7568.5,,,20250700,20250800,20250800
2025-06-26 08:00:00,7576.5,,,20250700,20250800,20250800
2025-06-26 09:00:00,7579.5,,,20250700,20250800,20250800
2025-06-26 10:00:00,7577.0,,,20250700,20250800,20250800
2025-06-26 11:00:00,7581.0,,,20250700,20250800,20250800
2025-06-26 12:00:00,7557.0,,,20250700,20250800,20250800
2025-06-26 13:00:00,7547.5,,,20250700,20250800,20250800
2025-06-26 14:00:00,7564.5,,,20250700,20250800,20250800
2025-06-26 15:00:00,7568.0,,,20250700,20250800,20250800
2025-06-26 16:00:00,7571.0,,,20250700,20250800,20250800
2025-06-26 17:00:00,7571.5,,,20250700,20250800,20250800
2025-06-26 18:00:00,7574.0,,,20250700,20250800,20250800
2025-06-26 19:00:00,7584.5,,,20250700,20250800,20250800
2025-06-26 23:00:00,7562.0,7573.0,7573.0,20250700,20250800,20250800
2025-06-27 06:00:00,7610.0,,,20250700,20250800,20250800
2025-06-27 07:00:00,7669.5,,,20250700,20250800,20250800
2025-06-27 08:00:00,7668.5,,,20250700,20250800,20250800
2025-06-27 09:00:00,7664.5,,,20250700,20250800,20250800
2025-06-27 10:00:00,7661.5,,,20250700,20250800,20250800
2025-06-27 11:00:00,7670.0,,,20250700,20250800,20250800
2025-06-27 12:00:00,7659.5,,,20250700,20250800,20250800
2025-06-27 13:00:00,7670.5,,,20250700,20250800,20250800
2025-06-27 14:00:00,7675.0,,,20250700,20250800,20250800
2025-06-27 15:00:00,7713.0,,,20250700,20250800,20250800
2025-06-27 16:00:00,7706.5,,,20250700,20250800,20250800
2025-06-27 17:00:00,7694.0,,,20250700,20250800,20250800
2025-06-27 18:00:00,7678.0,,,20250700,20250800,20250800
2025-06-27 19:00:00,7703.0,,,20250700,20250800,20250800
2025-06-27 23:00:00,7696.0,7707.0,7707.0,20250700,20250800,20250800
2025-06-30 06:00:00,7722.0,,,20250700,20250800,20250800
2025-06-30 07:00:00,7701.0,,,20250700,20250800,20250800
2025-06-30 08:00:00,7682.5,,,20250700,20250800,20250800
2025-06-30 09:00:00,7681.5,,,20250700,20250800,20250800
2025-06-30 10:00:00,7705.0,,,20250700,20250800,20250800
2025-06-30 11:00:00,7700.0,,,20250700,20250800,20250800
2025-06-30 12:00:00,7688.0,,,20250700,20250800,20250800
2025-06-30 13:00:00,7671.0,,,20250700,20250800,20250800
2025-06-30 14:00:00,7689.5,,,20250700,20250800,20250800
2025-06-30 15:00:00,7672.5,,,20250700,20250800,20250800
2025-06-30 16:00:00,7677.5,,,20250700,20250800,20250800
2025-06-30 17:00:00,7672.0,,,20250700,20250800,20250800
2025-06-30 18:00:00,7679.0,,,20250700,20250800,20250800
2025-06-30 19:00:00,7684.5,,,20250700,20250800,20250800
2025-06-30 23:00:00,7670.0,7681.0,7681.0,20250700,20250800,20250800
2025-07-01 06:00:00,7679.5,,,20250700,20250800,20250800
2025-07-01 07:00:00,7667.5,,,20250700,20250800,20250800
2025-07-01 08:00:00,7648.5,,,20250700,20250800,20250800
2025-07-01 09:00:00,7635.0,,,20250700,20250800,20250800
2025-07-01 10:00:00,7651.5,,,20250700,20250800,20250800
2025-07-01 11:00:00,7639.5,,,20250700,20250800,20250800
2025-07-01 12:00:00,7622.0,,,20250700,20250800,20250800
2025-07-01 13:00:00,7647.0,,,20250700,20250800,20250800
2025-07-01 14:00:00,7663.0,,,20250700,20250800,20250800
2025-07-01 15:00:00,7676.0,,,20250700,20250800,20250800
2025-07-01 16:00:00,7673.0,,,20250700,20250800,20250800
2025-07-01 17:00:00,7683.5,,,20250700,20250800,20250800
2025-07-01 18:00:00,7689.0,,,20250700,20250800,20250800
2025-07-01 19:00:00,7682.5,,,20250700,20250800,20250800
2025-07-01 23:00:00,7670.5,7681.5,7681.5,20250700,20250800,20250800
