DATETIME,PRICE,FORWARD,CARRY,PRICE_CONTRACT,FORWARD_CONTRACT,CARRY_CONTRACT
2024-03-06 01:00:00,103.49,,,20240600,20240900,20240900
2024-03-06 02:00:00,103.4,,,20240600,20240900,20240900
2024-03-06 04:00:00,103.41,,,20240600,20240900,20240900
2024-03-06 05:00:00,103.385,,,20240600,20240900,20240900
2024-03-06 06:00:00,103.34,102.581,102.581,20240600,20240900,20240900
2024-03-06 07:00:00,103.295,,,20240600,20240900,20240900
2024-03-06 08:00:00,103.245,,,20240600,20240900,20240900
2024-03-06 09:00:00,103.2,,,20240600,20240900,20240900
2024-03-06 10:00:00,103.215,,,20240600,20240900,20240900
2024-03-06 11:00:00,103.215,102.9,102.9,20240600,20240900,20240900
2024-03-06 12:00:00,103.265,,,20240600,20240900,20240900
2024-03-06 13:00:00,103.1,102.75,102.75,20240600,20240900,20240900
2024-03-06 14:00:00,103.07,,,20240600,20240900,20240900
2024-03-06 15:00:00,102.875,,,20240600,20240900,20240900
2024-03-06 16:00:00,102.81,,,20240600,20240900,20240900
2024-03-06 17:00:00,102.935,,,20240600,20240900,20240900
2024-03-06 18:00:00,102.9,,,20240600,20240900,20240900
2024-03-06 19:00:00,102.98,,,20240600,20240900,20240900
2024-03-06 21:00:00,102.98,,,20240600,20240900,20240900
2024-03-07 01:00:00,102.92,,,20240600,20240900,20240900
2024-03-07 02:00:00,102.925,,,20240600,20240900,20240900
2024-03-07 03:00:00,102.91,,,20240600,20240900,20240900
2024-03-07 04:00:00,102.84,,,20240600,20240900,20240900
2024-03-07 05:00:00,102.875,,,20240600,20240900,20240900
2024-03-07 06:00:00,102.417,102.062,102.062,20240600,20240900,20240900
2024-03-07 07:00:00,102.865,,,20240600,20240900,20240900
2024-03-07 08:00:00,102.83,,,20240600,20240900,20240900
2024-03-07 09:00:00,102.79,,,20240600,20240900,20240900
2024-03-07 10:00:00,102.845,,,20240600,20240900,20240900
2024-03-07 11:00:00,102.8,,,20240600,20240900,20240900
2024-03-07 12:00:00,102.8,,,20240600,20240900,20240900
2024-03-07 13:00:00,102.91,,,20240600,20240900,20240900
2024-03-07 14:00:00,102.675,,,20240600,20240900,20240900
2024-03-07 15:00:00,102.575,,,20240600,20240900,20240900
2024-03-07 16:00:00,102.5,,,20240600,20240900,20240900
2024-03-07 17:00:00,102.565,,,20240600,20240900,20240900
2024-03-07 18:00:00,102.47,,,20240600,20240900,20240900
2024-03-07 19:00:00,102.425,,,20240600,20240900,20240900
2024-03-07 20:00:00,102.415,,,20240600,20240900,20240900
2024-03-07 21:00:00,102.395,,,20240600,20240900,20240900
2024-03-08 01:00:00,102.41,,,20240600,20240900,20240900
2024-03-08 02:00:00,102.42,,,20240600,20240900,20240900
2024-03-08 03:00:00,102.405,,,20240600,20240900,20240900
2024-03-08 04:00:00,102.4,,,20240600,20240900,20240900
2024-03-08 05:00:00,102.4,,,20240600,20240900,20240900
2024-03-08 06:00:00,102.41,101.978,101.978,20240600,20240900,20240900
2024-03-08 07:00:00,102.48,102.1,102.1,20240600,20240900,20240900
2024-03-08 08:00:00,102.42,102.075,102.075,20240600,20240900,20240900
2024-03-08 09:00:00,102.335,,,20240600,20240900,20240900
2024-03-08 10:00:00,102.35,,,20240600,20240900,20240900
2024-03-08 11:00:00,102.38,,,20240600,20240900,20240900
2024-03-08 12:00:00,102.4,,,20240600,20240900,20240900
2024-03-08 13:00:00,102.17,,,20240600,20240900,20240900
2024-03-08 14:00:00,102.185,,,20240600,20240900,20240900
2024-03-08 15:00:00,102.165,,,20240600,20240900,20240900
2024-03-08 16:00:00,102.34,,,20240600,20240900,20240900
2024-03-08 17:00:00,102.35,,,20240600,20240900,20240900
2024-03-08 18:00:00,102.375,102.05,102.05,20240600,20240900,20240900
2024-03-08 19:00:00,102.33,102.02,102.02,20240600,20240900,20240900
2024-03-08 20:00:00,102.375,,,20240600,20240900,20240900
2024-03-08 21:00:00,102.37,,,20240600,20240900,20240900
2024-03-10 22:00:00,102.36,,,20240600,20240900,20240900
2024-03-10 23:00:00,102.305,,,20240600,20240900,20240900
2024-03-11 00:00:00,102.275,,,20240600,20240900,20240900
2024-03-11 01:00:00,102.315,,,20240600,20240900,20240900
2024-03-11 02:00:00,102.36,,,20240600,20240900,20240900
2024-03-11 03:00:00,102.31,,,20240600,20240900,20240900
2024-03-11 04:00:00,102.35,,,20240600,20240900,20240900
2024-03-11 05:00:00,102.463,102.113,102.113,20240600,20240900,20240900
2024-03-11 06:00:00,102.31,,,20240600,20240900,20240900
2024-03-11 07:00:00,102.3,,,20240600,20240900,20240900
2024-03-11 08:00:00,102.305,,,20240600,20240900,20240900
2024-03-11 09:00:00,102.335,,,20240600,20240900,20240900
2024-03-11 10:00:00,102.3,,,20240600,20240900,20240900
2024-03-11 11:00:00,102.285,,,20240600,20240900,20240900
2024-03-11 12:00:00,102.42,,,20240600,20240900,20240900
2024-03-11 13:00:00,102.51,102.145,102.145,20240600,20240900,20240900
2024-03-11 14:00:00,102.485,,,20240600,20240900,20240900
2024-03-11 15:00:00,102.455,,,20240600,20240900,20240900
2024-03-11 16:00:00,102.44,,,20240600,20240900,20240900
2024-03-11 17:00:00,102.47,,,20240600,20240900,20240900
2024-03-11 18:00:00,102.47,,,20240600,20240900,20240900
2024-03-11 19:00:00,102.45,,,20240600,20240900,20240900
2024-03-11 20:00:00,102.43,,,20240600,20240900,20240900
2024-03-12 00:00:00,102.42,,,20240600,20240900,20240900
2024-03-12 01:00:00,102.4,,,20240600,20240900,20240900
2024-03-12 02:00:00,102.43,,,20240600,20240900,20240900
2024-03-12 03:00:00,102.41,,,20240600,20240900,20240900
2024-03-12 04:00:00,102.415,,,20240600,20240900,20240900
2024-03-12 05:00:00,102.549,102.199,102.199,20240600,20240900,20240900
2024-03-12 06:00:00,102.415,,,20240600,20240900,20240900
2024-03-12 07:00:00,102.46,,,20240600,20240900,20240900
2024-03-12 08:00:00,102.505,,,20240600,20240900,20240900
2024-03-12 09:00:00,102.465,,,20240600,20240900,20240900
2024-03-12 10:00:00,102.43,,,20240600,20240900,20240900
2024-03-12 11:00:00,102.45,,,20240600,20240900,20240900
2024-03-12 12:00:00,102.595,,,20240600,20240900,20240900
2024-03-12 13:00:00,102.67,102.28,102.28,20240600,20240900,20240900
2024-03-12 14:00:00,102.645,,,20240600,20240900,20240900
2024-03-12 15:00:00,102.615,,,20240600,20240900,20240900
2024-03-12 16:00:00,102.605,,,20240600,20240900,20240900
2024-03-12 17:00:00,102.59,,,20240600,20240900,20240900
2024-03-12 18:00:00,102.555,,,20240600,20240900,20240900
2024-03-12 19:00:00,102.53,,,20240600,20240900,20240900
2024-03-12 20:00:00,102.51,,,20240600,20240900,20240900
2024-03-13 00:00:00,102.5,,,20240600,20240900,20240900
2024-03-13 01:00:00,102.515,,,20240600,20240900,20240900
2024-03-13 02:00:00,102.49,,,20240600,20240900,20240900
2024-03-13 03:00:00,102.45,,,20240600,20240900,20240900
2024-03-13 04:00:00,102.515,,,20240600,20240900,20240900
2024-03-13 05:00:00,102.5,102.044,102.044,20240600,20240900,20240900
2024-03-13 06:00:00,102.525,,,20240600,20240900,20240900
2024-03-13 07:00:00,102.535,,,20240600,20240900,20240900
2024-03-13 08:00:00,102.55,,,20240600,20240900,20240900
2024-03-13 09:00:00,102.61,,,20240600,20240900,20240900
2024-03-13 10:00:00,102.54,,,20240600,20240900,20240900
2024-03-13 11:00:00,102.435,,,20240600,20240900,20240900
2024-03-13 12:00:00,102.495,,,20240600,20240900,20240900
2024-03-13 13:00:00,102.47,102.15,102.15,20240600,20240900,20240900
2024-03-13 14:00:00,102.43,,,20240600,20240900,20240900
2024-03-13 15:00:00,102.43,,,20240600,20240900,20240900
2024-03-13 16:00:00,102.4,,,20240600,20240900,20240900
2024-03-13 17:00:00,102.325,,,20240600,20240900,20240900
2024-03-13 18:00:00,102.4,,,20240600,20240900,20240900
2024-03-13 19:00:00,102.435,,,20240600,20240900,20240900
2024-03-13 20:00:00,102.425,,,20240600,20240900,20240900
2024-03-14 00:00:00,102.4,,,20240600,20240900,20240900
2024-03-14 01:00:00,102.415,,,20240600,20240900,20240900
2024-03-14 02:00:00,102.485,,,20240600,20240900,20240900
2024-03-14 03:00:00,102.49,,,20240600,20240900,20240900
2024-03-14 04:00:00,102.49,,,20240600,20240900,20240900
2024-03-14 05:00:00,102.51,102.64,102.64,20240600,20240900,20240900
2024-03-14 06:00:00,102.51,,,20240600,20240900,20240900
2024-03-14 07:00:00,102.52,,,20240600,20240900,20240900
2024-03-14 08:00:00,102.49,,,20240600,20240900,20240900
2024-03-14 09:00:00,102.455,,,20240600,20240900,20240900
2024-03-14 10:00:00,102.465,,,20240600,20240900,20240900
2024-03-14 11:00:00,102.45,,,20240600,20240900,20240900
2024-03-14 12:00:00,102.585,102.23,102.23,20240600,20240900,20240900
2024-03-14 13:00:00,102.72,102.36,102.36,20240600,20240900,20240900
2024-03-14 14:00:00,102.865,102.515,102.515,20240600,20240900,20240900
2024-03-14 15:00:00,102.95,102.595,102.595,20240600,20240900,20240900
2024-03-14 16:00:00,102.95,102.59,102.59,20240600,20240900,20240900
2024-03-14 17:00:00,102.97,102.625,102.625,20240600,20240900,20240900
2024-03-14 18:00:00,102.995,102.64,102.64,20240600,20240900,20240900
2024-03-14 19:00:00,102.945,102.595,102.595,20240600,20240900,20240900
2024-03-14 20:00:00,103.0,,,20240600,20240900,20240900
2024-03-15 00:00:00,103.08,,,20240600,20240900,20240900
2024-03-15 01:00:00,103.085,,,20240600,20240900,20240900
2024-03-15 02:00:00,103.11,,,20240600,20240900,20240900
2024-03-15 03:00:00,103.075,,,20240600,20240900,20240900
2024-03-15 04:00:00,103.065,,,20240600,20240900,20240900
2024-03-15 05:00:00,103.065,102.714,102.714,20240600,20240900,20240900
2024-03-15 06:00:00,103.045,,,20240600,20240900,20240900
2024-03-15 07:00:00,103.08,102.64,102.64,20240600,20240900,20240900
2024-03-15 08:00:00,103.075,,,20240600,20240900,20240900
2024-03-15 09:00:00,102.955,,,20240600,20240900,20240900
2024-03-15 10:00:00,102.995,,,20240600,20240900,20240900
2024-03-15 11:00:00,102.96,,,20240600,20240900,20240900
2024-03-15 12:00:00,103.02,,,20240600,20240900,20240900
2024-03-15 13:00:00,103.06,,,20240600,20240900,20240900
2024-03-15 14:00:00,103.035,102.58,102.58,20240600,20240900,20240900
2024-03-15 15:00:00,103.07,102.68,102.68,20240600,20240900,20240900
2024-03-15 16:00:00,103.095,,,20240600,20240900,20240900
2024-03-15 17:00:00,103.115,,,20240600,20240900,20240900
2024-03-15 18:00:00,103.06,,,20240600,20240900,20240900
2024-03-15 19:00:00,103.07,,,20240600,20240900,20240900
2024-03-15 20:00:00,103.08,,,20240600,20240900,20240900
2024-03-17 22:00:00,103.085,,,20240600,20240900,20240900
2024-03-17 23:00:00,103.11,,,20240600,20240900,20240900
2024-03-18 00:00:00,103.115,,,20240600,20240900,20240900
2024-03-18 01:00:00,103.08,,,20240600,20240900,20240900
2024-03-18 02:00:00,103.04,,,20240600,20240900,20240900
2024-03-18 03:00:00,103.09,,,20240600,20240900,20240900
2024-03-18 04:00:00,103.08,,,20240600,20240900,20240900
2024-03-18 05:00:00,103.08,102.878,102.878,20240600,20240900,20240900
2024-03-18 06:00:00,103.085,,,20240600,20240900,20240900
2024-03-18 07:00:00,103.04,,,20240600,20240900,20240900
2024-03-18 08:00:00,103.03,102.68,102.68,20240600,20240900,20240900
2024-03-18 09:00:00,103.035,,,20240600,20240900,20240900
2024-03-18 10:00:00,103.02,,,20240600,20240900,20240900
2024-03-18 11:00:00,102.985,,,20240600,20240900,20240900
2024-03-18 12:00:00,103.07,,,20240600,20240900,20240900
2024-03-18 13:00:00,103.115,,,20240600,20240900,20240900
2024-03-18 14:00:00,103.155,,,20240600,20240900,20240900
2024-03-18 15:00:00,103.15,,,20240600,20240900,20240900
2024-03-18 16:00:00,103.23,102.9,102.9,20240600,20240900,20240900
2024-03-18 17:00:00,103.26,,,20240600,20240900,20240900
2024-03-18 18:00:00,103.24,,,20240600,20240900,20240900
2024-03-18 19:00:00,103.26,,,20240600,20240900,20240900
2024-03-18 20:00:00,103.22,,,20240600,20240900,20240900
2024-03-19 00:00:00,103.275,,,20240600,20240900,20240900
2024-03-19 01:00:00,103.295,,,20240600,20240900,20240900
2024-03-19 02:00:00,103.25,,,20240600,20240900,20240900
2024-03-19 03:00:00,103.29,,,20240600,20240900,20240900
2024-03-19 04:00:00,103.345,,,20240600,20240900,20240900
2024-03-19 05:00:00,103.484,103.129,103.129,20240600,20240900,20240900
2024-03-19 06:00:00,103.43,103.02,103.02,20240600,20240900,20240900
2024-03-19 07:00:00,103.5,,,20240600,20240900,20240900
2024-03-19 08:00:00,103.57,103.2,103.2,20240600,20240900,20240900
2024-03-19 09:00:00,103.69,103.195,103.195,20240600,20240900,20240900
2024-03-19 10:00:00,103.62,103.225,103.225,20240600,20240900,20240900
2024-03-19 11:00:00,103.545,103.165,103.165,20240600,20240900,20240900
2024-03-19 12:00:00,103.56,,,20240600,20240900,20240900
2024-03-19 13:00:00,103.58,,,20240600,20240900,20240900
2024-03-19 14:00:00,103.485,,,20240600,20240900,20240900
2024-03-19 15:00:00,103.515,,,20240600,20240900,20240900
2024-03-19 16:00:00,103.48,,,20240600,20240900,20240900
2024-03-19 17:00:00,103.47,103.13,103.13,20240600,20240900,20240900
2024-03-19 18:00:00,103.485,103.135,103.135,20240600,20240900,20240900
2024-03-19 19:00:00,103.485,103.125,103.125,20240600,20240900,20240900
2024-03-19 20:00:00,103.47,103.125,103.125,20240600,20240900,20240900
2024-03-20 00:00:00,103.52,,,20240600,20240900,20240900
2024-03-20 01:00:00,103.53,,,20240600,20240900,20240900
2024-03-20 02:00:00,103.49,,,20240600,20240900,20240900
2024-03-20 03:00:00,103.485,103.13,103.13,20240600,20240900,20240900
2024-03-20 04:00:00,103.545,,,20240600,20240900,20240900
2024-03-20 05:00:00,103.046,102.691,102.691,20240600,20240900,20240900
2024-03-20 06:00:00,103.53,,,20240600,20240900,20240900
2024-03-20 07:00:00,103.56,103.145,103.145,20240600,20240900,20240900
2024-03-20 08:00:00,103.65,103.335,103.335,20240600,20240900,20240900
2024-03-20 09:00:00,103.795,103.35,103.35,20240600,20240900,20240900
2024-03-20 10:00:00,103.785,103.365,103.365,20240600,20240900,20240900
2024-03-20 11:00:00,103.765,,,20240600,20240900,20240900
2024-03-20 12:00:00,103.76,,,20240600,20240900,20240900
2024-03-20 13:00:00,103.74,103.385,103.385,20240600,20240900,20240900
2024-03-20 14:00:00,103.695,103.34,103.34,20240600,20240900,20240900
2024-03-20 15:00:00,103.65,103.285,103.285,20240600,20240900,20240900
2024-03-20 16:00:00,103.595,,,20240600,20240900,20240900
2024-03-20 17:00:00,103.555,,,20240600,20240900,20240900
2024-03-20 18:00:00,103.05,103.0,103.0,20240600,20240900,20240900
2024-03-20 19:00:00,103.06,,,20240600,20240900,20240900
2024-03-20 20:00:00,103.05,,,20240600,20240900,20240900
2024-03-21 00:00:00,102.91,102.52,102.52,20240600,20240900,20240900
2024-03-21 01:00:00,102.88,102.5,102.5,20240600,20240900,20240900
2024-03-21 02:00:00,102.88,102.505,102.505,20240600,20240900,20240900
2024-03-21 03:00:00,102.875,,,20240600,20240900,20240900
2024-03-21 04:00:00,102.925,,,20240600,20240900,20240900
2024-03-21 05:00:00,103.666,103.316,103.316,20240600,20240900,20240900
2024-03-21 06:00:00,102.915,102.55,102.55,20240600,20240900,20240900
2024-03-21 07:00:00,102.995,102.65,102.65,20240600,20240900,20240900
2024-03-21 08:00:00,103.285,102.865,102.865,20240600,20240900,20240900
2024-03-21 09:00:00,103.145,102.9,102.9,20240600,20240900,20240900
2024-03-21 10:00:00,103.125,,,20240600,20240900,20240900
2024-03-21 11:00:00,103.225,102.88,102.88,20240600,20240900,20240900
2024-03-21 12:00:00,103.225,,,20240600,20240900,20240900
2024-03-21 13:00:00,103.435,,,20240600,20240900,20240900
2024-03-21 14:00:00,103.515,103.175,103.175,20240600,20240900,20240900
2024-03-21 15:00:00,103.68,103.35,103.35,20240600,20240900,20240900
2024-03-21 16:00:00,103.675,,,20240600,20240900,20240900
2024-03-21 17:00:00,103.72,,,20240600,20240900,20240900
2024-03-21 18:00:00,103.665,,,20240600,20240900,20240900
2024-03-21 19:00:00,103.73,,,20240600,20240900,20240900
2024-03-21 20:00:00,103.685,,,20240600,20240900,20240900
2024-03-22 00:00:00,103.625,103.295,103.295,20240600,20240900,20240900
2024-03-22 01:00:00,103.8,,,20240600,20240900,20240900
2024-03-22 02:00:00,103.875,,,20240600,20240900,20240900
2024-03-22 03:00:00,103.875,,,20240600,20240900,20240900
2024-03-22 04:00:00,103.905,,,20240600,20240900,20240900
2024-03-22 05:00:00,103.84,103.822,103.822,20240600,20240900,20240900
2024-03-22 06:00:00,103.9,103.49,103.49,20240600,20240900,20240900
2024-03-22 07:00:00,103.98,103.595,103.595,20240600,20240900,20240900
2024-03-22 08:00:00,104.085,,,20240600,20240900,20240900
2024-03-22 09:00:00,104.085,103.705,103.705,20240600,20240900,20240900
2024-03-22 10:00:00,104.095,,,20240600,20240900,20240900
2024-03-22 11:00:00,104.085,103.705,103.705,20240600,20240900,20240900
2024-03-22 12:00:00,103.92,,,20240600,20240900,20240900
2024-03-22 13:00:00,103.91,,,20240600,20240900,20240900
2024-03-22 14:00:00,104.02,103.665,103.665,20240600,20240900,20240900
2024-03-22 15:00:00,104.06,103.72,103.72,20240600,20240900,20240900
2024-03-22 16:00:00,104.13,103.705,103.705,20240600,20240900,20240900
2024-03-22 17:00:00,104.145,103.78,103.78,20240600,20240900,20240900
2024-03-22 18:00:00,104.18,,,20240600,20240900,20240900
2024-03-22 19:00:00,104.16,,,20240600,20240900,20240900
2024-03-22 20:00:00,104.115,,,20240600,20240900,20240900
2024-03-24 22:00:00,104.13,,,20240600,20240900,20240900
2024-03-24 23:00:00,104.135,,,20240600,20240900,20240900
2024-03-25 00:00:00,104.165,,,20240600,20240900,20240900
2024-03-25 01:00:00,104.035,,,20240600,20240900,20240900
2024-03-25 02:00:00,103.98,103.66,103.66,20240600,20240900,20240900
2024-03-25 03:00:00,104.065,,,20240600,20240900,20240900
2024-03-25 04:00:00,104.08,,,20240600,20240900,20240900
2024-03-25 05:00:00,103.934,103.569,103.569,20240600,20240900,20240900
2024-03-25 06:00:00,104.055,,,20240600,20240900,20240900
2024-03-25 07:00:00,104.07,103.665,103.665,20240600,20240900,20240900
2024-03-25 08:00:00,104.075,,,20240600,20240900,20240900
2024-03-25 09:00:00,104.06,,,20240600,20240900,20240900
2024-03-25 10:00:00,104.03,,,20240600,20240900,20240900
2024-03-25 11:00:00,103.965,103.63,103.63,20240600,20240900,20240900
2024-03-25 12:00:00,103.945,,,20240600,20240900,20240900
2024-03-25 13:00:00,103.905,,,20240600,20240900,20240900
2024-03-25 14:00:00,103.885,103.505,103.505,20240600,20240900,20240900
2024-03-25 15:00:00,103.915,103.555,103.555,20240600,20240900,20240900
2024-03-25 16:00:00,103.93,103.58,103.58,20240600,20240900,20240900
2024-03-25 17:00:00,103.93,,,20240600,20240900,20240900
2024-03-25 18:00:00,103.935,,,20240600,20240900,20240900
2024-03-25 19:00:00,103.9,,,20240600,20240900,20240900
2024-03-25 20:00:00,103.915,,,20240600,20240900,20240900
2024-03-26 00:00:00,103.87,,,20240600,20240900,20240900
2024-03-26 01:00:00,103.88,,,20240600,20240900,20240900
2024-03-26 02:00:00,103.88,,,20240600,20240900,20240900
2024-03-26 03:00:00,103.93,,,20240600,20240900,20240900
2024-03-26 04:00:00,103.9,,,20240600,20240900,20240900
2024-03-26 05:00:00,103.991,103.621,103.621,20240600,20240900,20240900
2024-03-26 06:00:00,103.81,,,20240600,20240900,20240900
2024-03-26 07:00:00,103.88,,,20240600,20240900,20240900
2024-03-26 08:00:00,103.83,,,20240600,20240900,20240900
2024-03-26 09:00:00,103.79,103.43,103.43,20240600,20240900,20240900
2024-03-26 10:00:00,103.765,103.405,103.405,20240600,20240900,20240900
2024-03-26 11:00:00,103.78,,,20240600,20240900,20240900
2024-03-26 12:00:00,103.825,,,20240600,20240900,20240900
2024-03-26 13:00:00,103.815,,,20240600,20240900,20240900
2024-03-26 14:00:00,103.905,103.485,103.485,20240600,20240900,20240900
2024-03-26 15:00:00,104.0,,,20240600,20240900,20240900
2024-03-26 16:00:00,104.0,103.65,103.65,20240600,20240900,20240900
2024-03-26 17:00:00,103.995,103.605,103.605,20240600,20240900,20240900
2024-03-26 18:00:00,103.985,,,20240600,20240900,20240900
2024-03-26 19:00:00,104.025,,,20240600,20240900,20240900
2024-03-26 20:00:00,104.01,,,20240600,20240900,20240900
2024-03-27 00:00:00,104.035,,,20240600,20240900,20240900
2024-03-27 01:00:00,104.105,103.775,103.775,20240600,20240900,20240900
2024-03-27 02:00:00,104.105,,,20240600,20240900,20240900
2024-03-27 03:00:00,104.08,,,20240600,20240900,20240900
2024-03-27 04:00:00,104.05,,,20240600,20240900,20240900
2024-03-27 05:00:00,104.064,103.694,103.694,20240600,20240900,20240900
2024-03-27 06:00:00,104.04,,,20240600,20240900,20240900
2024-03-27 07:00:00,104.08,103.71,103.71,20240600,20240900,20240900
2024-03-27 08:00:00,104.08,,,20240600,20240900,20240900
2024-03-27 09:00:00,104.035,,,20240600,20240900,20240900
2024-03-27 10:00:00,103.985,,,20240600,20240900,20240900
2024-03-27 11:00:00,104.09,103.71,103.71,20240600,20240900,20240900
2024-03-27 12:00:00,104.11,,,20240600,20240900,20240900
2024-03-27 13:00:00,104.11,103.775,103.775,20240600,20240900,20240900
2024-03-27 14:00:00,104.105,,,20240600,20240900,20240900
2024-03-27 15:00:00,104.08,,,20240600,20240900,20240900
2024-03-27 16:00:00,104.06,,,20240600,20240900,20240900
2024-03-27 17:00:00,104.09,,,20240600,20240900,20240900
2024-03-27 18:00:00,104.07,,,20240600,20240900,20240900
2024-03-27 19:00:00,104.025,,,20240600,20240900,20240900
2024-03-27 20:00:00,104.0,,,20240600,20240900,20240900
2024-03-28 00:00:00,104.12,,,20240600,20240900,20240900
2024-03-28 01:00:00,104.11,,,20240600,20240900,20240900
2024-03-28 02:00:00,104.07,,,20240600,20240900,20240900
2024-03-28 03:00:00,104.075,,,20240600,20240900,20240900
2024-03-28 04:00:00,104.06,,,20240600,20240900,20240900
2024-03-28 05:00:00,104.065,103.889,103.889,20240600,20240900,20240900
2024-03-28 06:00:00,104.1,,,20240600,20240900,20240900
2024-03-28 07:00:00,104.24,,,20240600,20240900,20240900
2024-03-28 08:00:00,104.32,,,20240600,20240900,20240900
2024-03-28 09:00:00,104.44,104.0,104.0,20240600,20240900,20240900
2024-03-28 10:00:00,104.315,,,20240600,20240900,20240900
2024-03-28 11:00:00,104.35,103.93,103.93,20240600,20240900,20240900
2024-03-28 12:00:00,104.135,103.93,103.93,20240600,20240900,20240900
2024-03-28 13:00:00,104.08,103.74,103.74,20240600,20240900,20240900
2024-03-28 14:00:00,104.155,,,20240600,20240900,20240900
2024-03-28 15:00:00,104.165,103.805,103.805,20240600,20240900,20240900
2024-03-28 16:00:00,104.18,103.805,103.805,20240600,20240900,20240900
2024-03-28 17:00:00,104.22,,,20240600,20240900,20240900
2024-03-28 18:00:00,104.27,103.88,103.88,20240600,20240900,20240900
2024-03-28 19:00:00,104.275,,,20240600,20240900,20240900
2024-03-28 20:00:00,104.28,103.9,103.9,20240600,20240900,20240900
2024-03-31 22:00:00,104.255,,,20240600,20240900,20240900
2024-03-31 23:00:00,104.2,,,20240600,20240900,20240900
2024-04-01 00:00:00,104.205,103.79,103.79,20240600,20240900,20240900
2024-04-01 01:00:00,104.24,,,20240600,20240900,20240900
2024-04-01 02:00:00,104.235,,,20240600,20240900,20240900
2024-04-01 03:00:00,104.215,103.835,103.835,20240600,20240900,20240900
2024-04-01 04:00:00,104.25,,,20240600,20240900,20240900
2024-04-01 05:00:00,104.764,104.379,104.379,20240600,20240900,20240900
2024-04-01 06:00:00,104.25,103.905,103.905,20240600,20240900,20240900
2024-04-01 07:00:00,104.265,,,20240600,20240900,20240900
2024-04-01 08:00:00,104.235,,,20240600,20240900,20240900
2024-04-01 09:00:00,104.26,,,20240600,20240900,20240900
2024-04-01 10:00:00,104.32,,,20240600,20240900,20240900
2024-04-01 11:00:00,104.315,,,20240600,20240900,20240900
2024-04-01 12:00:00,104.345,104.0,104.0,20240600,20240900,20240900
2024-04-01 13:00:00,104.415,,,20240600,20240900,20240900
2024-04-01 14:00:00,104.68,104.33,104.33,20240600,20240900,20240900
2024-04-01 15:00:00,104.785,104.4,104.4,20240600,20240900,20240900
2024-04-01 16:00:00,104.745,104.415,104.415,20240600,20240900,20240900
2024-04-01 17:00:00,104.7,,,20240600,20240900,20240900
2024-04-01 18:00:00,104.76,,,20240600,20240900,20240900
2024-04-01 19:00:00,104.715,104.37,104.37,20240600,20240900,20240900
2024-04-01 20:00:00,104.69,104.32,104.32,20240600,20240900,20240900
2024-04-02 00:00:00,104.745,104.425,104.425,20240600,20240900,20240900
2024-04-02 01:00:00,104.775,,,20240600,20240900,20240900
2024-04-02 02:00:00,104.765,,,20240600,20240900,20240900
2024-04-02 03:00:00,104.81,104.42,104.42,20240600,20240900,20240900
2024-04-02 04:00:00,104.8,,,20240600,20240900,20240900
2024-04-02 05:00:00,104.562,104.44,104.44,20240600,20240900,20240900
2024-04-02 06:00:00,104.805,,,20240600,20240900,20240900
2024-04-02 07:00:00,104.725,,,20240600,20240900,20240900
2024-04-02 08:00:00,104.76,104.43,104.43,20240600,20240900,20240900
2024-04-02 09:00:00,104.705,104.36,104.36,20240600,20240900,20240900
2024-04-02 10:00:00,104.67,,,20240600,20240900,20240900
2024-04-02 11:00:00,104.625,,,20240600,20240900,20240900
2024-04-02 12:00:00,104.665,104.3,104.3,20240600,20240900,20240900
2024-04-02 13:00:00,104.555,104.17,104.17,20240600,20240900,20240900
2024-04-02 14:00:00,104.535,104.06,104.06,20240600,20240900,20240900
2024-04-02 15:00:00,104.51,104.1,104.1,20240600,20240900,20240900
2024-04-02 16:00:00,104.525,,,20240600,20240900,20240900
2024-04-02 17:00:00,104.525,,,20240600,20240900,20240900
2024-04-02 18:00:00,104.56,,,20240600,20240900,20240900
2024-04-02 19:00:00,104.53,104.165,104.165,20240600,20240900,20240900
2024-04-02 20:00:00,104.525,,,20240600,20240900,20240900
2024-04-03 00:00:00,104.525,,,20240600,20240900,20240900
2024-04-03 01:00:00,104.515,104.2,104.2,20240600,20240900,20240900
2024-04-03 02:00:00,104.505,,,20240600,20240900,20240900
2024-04-03 03:00:00,104.46,,,20240600,20240900,20240900
2024-04-03 04:00:00,104.48,,,20240600,20240900,20240900
2024-04-03 05:00:00,104.49,103.627,103.627,20240600,20240900,20240900
2024-04-03 06:00:00,104.535,104.135,104.135,20240600,20240900,20240900
2024-04-03 07:00:00,104.545,,,20240600,20240900,20240900
2024-04-03 08:00:00,104.53,,,20240600,20240900,20240900
2024-04-03 09:00:00,104.56,104.185,104.185,20240600,20240900,20240900
2024-04-03 10:00:00,104.505,,,20240600,20240900,20240900
2024-04-03 11:00:00,104.455,,,20240600,20240900,20240900
2024-04-03 12:00:00,104.5,104.14,104.14,20240600,20240900,20240900
2024-04-03 13:00:00,104.425,104.045,104.045,20240600,20240900,20240900
2024-04-03 14:00:00,104.115,103.76,103.76,20240600,20240900,20240900
2024-04-03 15:00:00,104.065,,,20240600,20240900,20240900
2024-04-03 16:00:00,104.03,,,20240600,20240900,20240900
2024-04-03 17:00:00,104.015,,,20240600,20240900,20240900
2024-04-03 18:00:00,104.0,103.605,103.605,20240600,20240900,20240900
2024-04-03 19:00:00,104.025,103.635,103.635,20240600,20240900,20240900
2024-04-03 20:00:00,103.99,,,20240600,20240900,20240900
2024-04-04 00:00:00,103.94,,,20240600,20240900,20240900
2024-04-04 01:00:00,103.97,,,20240600,20240900,20240900
2024-04-04 02:00:00,103.965,103.63,103.63,20240600,20240900,20240900
2024-04-04 03:00:00,103.955,103.6,103.6,20240600,20240900,20240900
2024-04-04 04:00:00,103.96,,,20240600,20240900,20240900
2024-04-04 05:00:00,103.95,103.516,103.516,20240600,20240900,20240900
2024-04-04 06:00:00,103.985,103.54,103.54,20240600,20240900,20240900
2024-04-04 07:00:00,103.875,103.505,103.505,20240600,20240900,20240900
2024-04-04 08:00:00,103.84,103.5,103.5,20240600,20240900,20240900
2024-04-04 09:00:00,103.845,,,20240600,20240900,20240900
2024-04-04 10:00:00,103.83,,,20240600,20240900,20240900
2024-04-04 11:00:00,103.9,,,20240600,20240900,20240900
2024-04-04 12:00:00,103.765,103.355,103.355,20240600,20240900,20240900
2024-04-04 13:00:00,103.74,103.38,103.38,20240600,20240900,20240900
2024-04-04 14:00:00,103.77,,,20240600,20240900,20240900
2024-04-04 15:00:00,103.795,103.405,103.405,20240600,20240900,20240900
2024-04-04 16:00:00,103.83,,,20240600,20240900,20240900
2024-04-04 17:00:00,103.835,103.475,103.475,20240600,20240900,20240900
2024-04-04 18:00:00,103.885,103.525,103.525,20240600,20240900,20240900
2024-04-04 19:00:00,104.01,103.6,103.6,20240600,20240900,20240900
2024-04-04 20:00:00,103.995,103.645,103.645,20240600,20240900,20240900
2024-04-05 00:00:00,103.93,,,20240600,20240900,20240900
2024-04-05 01:00:00,104.07,,,20240600,20240900,20240900
2024-04-05 02:00:00,104.1,103.73,103.73,20240600,20240900,20240900
2024-04-05 03:00:00,104.085,,,20240600,20240900,20240900
2024-04-05 04:00:00,104.09,103.715,103.715,20240600,20240900,20240900
2024-04-05 05:00:00,104.065,103.701,103.701,20240600,20240900,20240900
2024-04-05 06:00:00,104.065,,,20240600,20240900,20240900
2024-04-05 07:00:00,104.015,,,20240600,20240900,20240900
2024-04-05 08:00:00,104.015,103.655,103.655,20240600,20240900,20240900
2024-04-05 09:00:00,104.005,,,20240600,20240900,20240900
2024-04-05 10:00:00,104.02,103.68,103.68,20240600,20240900,20240900
2024-04-05 11:00:00,104.025,103.65,103.65,20240600,20240900,20240900
2024-04-05 12:00:00,104.315,103.97,103.97,20240600,20240900,20240900
2024-04-05 13:00:00,104.345,103.99,103.99,20240600,20240900,20240900
2024-04-05 14:00:00,104.175,103.795,103.795,20240600,20240900,20240900
2024-04-05 15:00:00,104.015,103.77,103.77,20240600,20240900,20240900
2024-04-05 16:00:00,104.045,,,20240600,20240900,20240900
2024-04-05 17:00:00,104.07,,,20240600,20240900,20240900
2024-04-05 18:00:00,104.075,,,20240600,20240900,20240900
2024-04-05 19:00:00,104.085,,,20240600,20240900,20240900
2024-04-05 20:00:00,104.08,,,20240600,20240900,20240900
2024-04-07 22:00:00,104.165,,,20240600,20240900,20240900
2024-04-07 23:00:00,104.15,,,20240600,20240900,20240900
2024-04-08 00:00:00,104.185,103.845,103.845,20240600,20240900,20240900
2024-04-08 01:00:00,104.11,,,20240600,20240900,20240900
2024-04-08 02:00:00,104.045,,,20240600,20240900,20240900
2024-04-08 03:00:00,104.115,,,20240600,20240900,20240900
2024-04-08 04:00:00,104.13,,,20240600,20240900,20240900
2024-04-08 05:00:00,103.902,103.76,103.76,20240600,20240900,20240900
2024-04-08 06:00:00,104.105,,,20240600,20240900,20240900
2024-04-08 07:00:00,104.125,103.73,103.73,20240600,20240900,20240900
2024-04-08 08:00:00,104.185,103.765,103.765,20240600,20240900,20240900
2024-04-08 09:00:00,104.14,,,20240600,20240900,20240900
2024-04-08 10:00:00,104.095,,,20240600,20240900,20240900
2024-04-08 11:00:00,104.18,,,20240600,20240900,20240900
2024-04-08 12:00:00,104.085,,,20240600,20240900,20240900
2024-04-08 13:00:00,103.935,103.545,103.545,20240600,20240900,20240900
2024-04-08 14:00:00,103.95,,,20240600,20240900,20240900
2024-04-08 15:00:00,103.945,,,20240600,20240900,20240900
2024-04-08 16:00:00,103.97,103.64,103.64,20240600,20240900,20240900
2024-04-08 17:00:00,103.895,,,20240600,20240900,20240900
2024-04-08 18:00:00,103.905,,,20240600,20240900,20240900
2024-04-08 19:00:00,103.92,103.56,103.56,20240600,20240900,20240900
2024-04-08 20:00:00,103.895,,,20240600,20240900,20240900
2024-04-09 00:00:00,103.915,,,20240600,20240900,20240900
2024-04-09 01:00:00,103.91,103.565,103.565,20240600,20240900,20240900
2024-04-09 02:00:00,103.92,,,20240600,20240900,20240900
2024-04-09 03:00:00,103.945,,,20240600,20240900,20240900
2024-04-09 04:00:00,103.93,,,20240600,20240900,20240900
2024-04-09 05:00:00,103.92,103.552,103.552,20240600,20240900,20240900
2024-04-09 06:00:00,103.955,103.565,103.565,20240600,20240900,20240900
2024-04-09 07:00:00,103.96,,,20240600,20240900,20240900
2024-04-09 08:00:00,103.9,,,20240600,20240900,20240900
2024-04-09 09:00:00,103.825,103.5,103.5,20240600,20240900,20240900
2024-04-09 10:00:00,103.795,103.455,103.455,20240600,20240900,20240900
2024-04-09 11:00:00,103.85,103.52,103.52,20240600,20240900,20240900
2024-04-09 12:00:00,103.71,,,20240600,20240900,20240900
2024-04-09 13:00:00,103.72,,,20240600,20240900,20240900
2024-04-09 14:00:00,103.89,,,20240600,20240900,20240900
2024-04-09 15:00:00,103.905,103.515,103.515,20240600,20240900,20240900
2024-04-09 16:00:00,103.91,103.51,103.51,20240600,20240900,20240900
2024-04-09 17:00:00,103.93,103.525,103.525,20240600,20240900,20240900
2024-04-09 18:00:00,103.925,,,20240600,20240900,20240900
2024-04-09 19:00:00,103.895,,,20240600,20240900,20240900
2024-04-09 20:00:00,103.895,,,20240600,20240900,20240900
2024-04-10 00:00:00,103.885,103.53,103.53,20240600,20240900,20240900
2024-04-10 01:00:00,103.895,103.58,103.58,20240600,20240900,20240900
2024-04-10 02:00:00,103.9,,,20240600,20240900,20240900
2024-04-10 03:00:00,103.905,,,20240600,20240900,20240900
2024-04-10 04:00:00,103.915,,,20240600,20240900,20240900
2024-04-10 05:00:00,105.031,104.651,104.651,20240600,20240900,20240900
2024-04-10 06:00:00,103.89,,,20240600,20240900,20240900
2024-04-10 07:00:00,103.89,,,20240600,20240900,20240900
2024-04-10 08:00:00,103.85,,,20240600,20240900,20240900
2024-04-10 09:00:00,103.845,103.5,103.5,20240600,20240900,20240900
2024-04-10 10:00:00,103.815,,,20240600,20240900,20240900
2024-04-10 11:00:00,103.87,,,20240600,20240900,20240900
2024-04-10 12:00:00,104.555,104.2,104.2,20240600,20240900,20240900
2024-04-10 13:00:00,104.83,104.45,104.45,20240600,20240900,20240900
2024-04-10 14:00:00,104.84,104.44,104.44,20240600,20240900,20240900
2024-04-10 15:00:00,105.0,104.55,104.55,20240600,20240900,20240900
2024-04-10 16:00:00,105.015,104.62,104.62,20240600,20240900,20240900
2024-04-10 17:00:00,104.885,104.7,104.7,20240600,20240900,20240900
2024-04-10 18:00:00,105.025,104.5,104.5,20240600,20240900,20240900
2024-04-10 19:00:00,104.96,,,20240600,20240900,20240900
2024-04-10 20:00:00,104.98,,,20240600,20240900,20240900
2024-04-11 00:00:00,104.98,104.555,104.555,20240600,20240900,20240900
2024-04-11 01:00:00,104.94,104.56,104.56,20240600,20240900,20240900
2024-04-11 02:00:00,104.945,,,20240600,20240900,20240900
2024-04-11 03:00:00,104.94,,,20240600,20240900,20240900
2024-04-11 04:00:00,104.945,,,20240600,20240900,20240900
2024-04-11 05:00:00,105.064,104.684,104.684,20240600,20240900,20240900
2024-04-11 06:00:00,105.095,104.61,104.61,20240600,20240900,20240900
2024-04-11 07:00:00,104.97,104.655,104.655,20240600,20240900,20240900
2024-04-11 08:00:00,105.005,104.535,104.535,20240600,20240900,20240900
2024-04-11 09:00:00,105.075,,,20240600,20240900,20240900
2024-04-11 10:00:00,105.055,104.705,104.705,20240600,20240900,20240900
2024-04-11 11:00:00,105.075,,,20240600,20240900,20240900
2024-04-11 12:00:00,104.9,104.55,104.55,20240600,20240900,20240900
2024-04-11 13:00:00,105.02,104.51,104.51,20240600,20240900,20240900
2024-04-11 14:00:00,105.275,104.9,104.9,20240600,20240900,20240900
2024-04-11 15:00:00,105.14,104.86,104.86,20240600,20240900,20240900
2024-04-11 16:00:00,105.155,,,20240600,20240900,20240900
2024-04-11 17:00:00,105.05,104.785,104.785,20240600,20240900,20240900
2024-04-11 18:00:00,105.075,,,20240600,20240900,20240900
2024-04-11 19:00:00,105.035,,,20240600,20240900,20240900
2024-04-11 20:00:00,105.065,104.61,104.61,20240600,20240900,20240900
2024-04-12 00:00:00,105.045,,,20240600,20240900,20240900
2024-04-12 01:00:00,105.05,104.635,104.635,20240600,20240900,20240900
2024-04-12 02:00:00,105.05,,,20240600,20240900,20240900
2024-04-12 03:00:00,105.145,,,20240600,20240900,20240900
2024-04-12 04:00:00,105.175,,,20240600,20240900,20240900
2024-04-12 05:00:00,105.832,105.442,105.442,20240600,20240900,20240900
2024-04-12 06:00:00,105.415,105.0,105.0,20240600,20240900,20240900
2024-04-12 07:00:00,105.405,105.07,105.07,20240600,20240900,20240900
2024-04-12 08:00:00,105.515,105.075,105.075,20240600,20240900,20240900
2024-04-12 09:00:00,105.595,105.22,105.22,20240600,20240900,20240900
2024-04-12 10:00:00,105.72,,,20240600,20240900,20240900
2024-04-12 11:00:00,105.68,,,20240600,20240900,20240900
2024-04-12 12:00:00,105.76,105.295,105.295,20240600,20240900,20240900
2024-04-12 13:00:00,105.745,105.38,105.38,20240600,20240900,20240900
2024-04-12 14:00:00,105.83,105.46,105.46,20240600,20240900,20240900
2024-04-12 15:00:00,105.725,105.38,105.38,20240600,20240900,20240900
2024-04-12 16:00:00,105.78,,,20240600,20240900,20240900
2024-04-12 17:00:00,105.74,105.385,105.385,20240600,20240900,20240900
2024-04-12 18:00:00,105.84,,,20240600,20240900,20240900
2024-04-12 19:00:00,105.82,105.43,105.43,20240600,20240900,20240900
2024-04-12 20:00:00,105.82,,,20240600,20240900,20240900
2024-04-14 22:00:00,105.735,,,20240600,20240900,20240900
2024-04-14 23:00:00,105.755,,,20240600,20240900,20240900
2024-04-15 00:00:00,105.795,105.38,105.38,20240600,20240900,20240900
2024-04-15 01:00:00,105.76,105.41,105.41,20240600,20240900,20240900
2024-04-15 02:00:00,105.76,,,20240600,20240900,20240900
2024-04-15 03:00:00,105.745,105.375,105.375,20240600,20240900,20240900
2024-04-15 04:00:00,105.755,,,20240600,20240900,20240900
2024-04-15 05:00:00,105.998,105.623,105.623,20240600,20240900,20240900
2024-04-15 06:00:00,105.74,105.305,105.305,20240600,20240900,20240900
2024-04-15 07:00:00,105.715,,,20240600,20240900,20240900
2024-04-15 08:00:00,105.715,,,20240600,20240900,20240900
2024-04-15 09:00:00,105.72,105.28,105.28,20240600,20240900,20240900
2024-04-15 10:00:00,105.69,,,20240600,20240900,20240900
2024-04-15 11:00:00,105.725,105.27,105.27,20240600,20240900,20240900
2024-04-15 12:00:00,105.79,105.4,105.4,20240600,20240900,20240900
2024-04-15 13:00:00,105.89,,,20240600,20240900,20240900
2024-04-15 14:00:00,105.99,105.6,105.6,20240600,20240900,20240900
2024-04-15 15:00:00,105.86,105.46,105.46,20240600,20240900,20240900
2024-04-15 16:00:00,105.915,105.53,105.53,20240600,20240900,20240900
2024-04-15 17:00:00,105.96,105.55,105.55,20240600,20240900,20240900
2024-04-15 18:00:00,106.0,,,20240600,20240900,20240900
2024-04-15 19:00:00,105.99,105.61,105.61,20240600,20240900,20240900
2024-04-15 20:00:00,106.0,,,20240600,20240900,20240900
2024-04-16 00:00:00,106.07,105.64,105.64,20240600,20240900,20240900
2024-04-16 01:00:00,106.1,105.75,105.75,20240600,20240900,20240900
2024-04-16 02:00:00,106.15,105.79,105.79,20240600,20240900,20240900
2024-04-16 03:00:00,106.145,,,20240600,20240900,20240900
2024-04-16 04:00:00,106.105,,,20240600,20240900,20240900
2024-04-16 05:00:00,106.075,105.69,105.69,20240600,20240900,20240900
2024-04-16 06:00:00,106.16,105.795,105.795,20240600,20240900,20240900
2024-04-16 07:00:00,106.1,105.745,105.745,20240600,20240900,20240900
2024-04-16 08:00:00,106.13,,,20240600,20240900,20240900
2024-04-16 09:00:00,106.045,,,20240600,20240900,20240900
2024-04-16 10:00:00,106.06,,,20240600,20240900,20240900
2024-04-16 11:00:00,105.92,105.55,105.55,20240600,20240900,20240900
2024-04-16 12:00:00,105.99,105.5,105.5,20240600,20240900,20240900
2024-04-16 13:00:00,106.07,105.56,105.56,20240600,20240900,20240900
2024-04-16 14:00:00,106.05,105.585,105.585,20240600,20240900,20240900
2024-04-16 15:00:00,106.07,105.745,105.745,20240600,20240900,20240900
2024-04-16 16:00:00,106.1,105.78,105.78,20240600,20240900,20240900
2024-04-16 17:00:00,106.145,105.77,105.77,20240600,20240900,20240900
2024-04-16 18:00:00,106.065,,,20240600,20240900,20240900
2024-04-16 19:00:00,106.145,,,20240600,20240900,20240900
2024-04-16 20:00:00,106.185,,,20240600,20240900,20240900
2024-04-17 00:00:00,106.15,,,20240600,20240900,20240900
2024-04-17 01:00:00,106.1,,,20240600,20240900,20240900
2024-04-17 02:00:00,106.06,,,20240600,20240900,20240900
2024-04-17 03:00:00,106.11,,,20240600,20240900,20240900
2024-04-17 04:00:00,106.12,,,20240600,20240900,20240900
2024-04-17 05:00:00,105.764,105.404,105.404,20240600,20240900,20240900
2024-04-17 06:00:00,105.98,105.685,105.685,20240600,20240900,20240900
2024-04-17 07:00:00,106.075,,,20240600,20240900,20240900
2024-04-17 08:00:00,105.955,105.595,105.595,20240600,20240900,20240900
2024-04-17 09:00:00,105.97,105.535,105.535,20240600,20240900,20240900
2024-04-17 10:00:00,106.0,105.62,105.62,20240600,20240900,20240900
2024-04-17 11:00:00,106.035,,,20240600,20240900,20240900
2024-04-17 12:00:00,106.05,105.66,105.66,20240600,20240900,20240900
2024-04-17 13:00:00,105.97,105.535,105.535,20240600,20240900,20240900
2024-04-17 14:00:00,106.055,,,20240600,20240900,20240900
2024-04-17 15:00:00,106.02,105.65,105.65,20240600,20240900,20240900
2024-04-17 16:00:00,105.945,105.65,105.65,20240600,20240900,20240900
2024-04-17 17:00:00,105.79,105.45,105.45,20240600,20240900,20240900
2024-04-17 18:00:00,105.77,105.36,105.36,20240600,20240900,20240900
2024-04-17 19:00:00,105.765,105.44,105.44,20240600,20240900,20240900
2024-04-17 20:00:00,105.77,,,20240600,20240900,20240900
2024-04-18 00:00:00,105.775,,,20240600,20240900,20240900
2024-04-18 01:00:00,105.775,,,20240600,20240900,20240900
2024-04-18 02:00:00,105.685,105.31,105.31,20240600,20240900,20240900
2024-04-18 03:00:00,105.68,,,20240600,20240900,20240900
2024-04-18 04:00:00,105.705,,,20240600,20240900,20240900
2024-04-18 05:00:00,105.68,105.602,105.602,20240600,20240900,20240900
2024-04-18 06:00:00,105.63,105.24,105.24,20240600,20240900,20240900
2024-04-18 07:00:00,105.66,,,20240600,20240900,20240900
2024-04-18 08:00:00,105.665,105.325,105.325,20240600,20240900,20240900
2024-04-18 09:00:00,105.725,105.36,105.36,20240600,20240900,20240900
2024-04-18 10:00:00,105.705,,,20240600,20240900,20240900
2024-04-18 11:00:00,105.68,105.305,105.305,20240600,20240900,20240900
2024-04-18 12:00:00,105.785,105.43,105.43,20240600,20240900,20240900
2024-04-18 13:00:00,105.92,105.51,105.51,20240600,20240900,20240900
2024-04-18 14:00:00,105.905,105.5,105.5,20240600,20240900,20240900
2024-04-18 15:00:00,105.85,105.5,105.5,20240600,20240900,20240900
2024-04-18 16:00:00,105.915,,,20240600,20240900,20240900
2024-04-18 17:00:00,105.96,,,20240600,20240900,20240900
2024-04-18 18:00:00,105.985,105.6,105.6,20240600,20240900,20240900
2024-04-18 19:00:00,105.995,105.58,105.58,20240600,20240900,20240900
2024-04-18 20:00:00,105.99,,,20240600,20240900,20240900
2024-04-19 00:00:00,106.045,105.66,105.66,20240600,20240900,20240900
2024-04-19 01:00:00,106.155,,,20240600,20240900,20240900
2024-04-19 02:00:00,106.125,,,20240600,20240900,20240900
2024-04-19 03:00:00,106.025,,,20240600,20240900,20240900
2024-04-19 04:00:00,106.03,105.635,105.635,20240600,20240900,20240900
2024-04-19 05:00:00,105.984,105.609,105.609,20240600,20240900,20240900
2024-04-19 06:00:00,105.96,105.585,105.585,20240600,20240900,20240900
2024-04-19 07:00:00,105.875,105.475,105.475,20240600,20240900,20240900
2024-04-19 08:00:00,105.94,105.52,105.52,20240600,20240900,20240900
2024-04-19 09:00:00,105.855,,,20240600,20240900,20240900
2024-04-19 10:00:00,105.95,105.565,105.565,20240600,20240900,20240900
2024-04-19 11:00:00,105.92,105.63,105.63,20240600,20240900,20240900
2024-04-19 12:00:00,105.805,105.4,105.4,20240600,20240900,20240900
2024-04-19 13:00:00,105.79,105.395,105.395,20240600,20240900,20240900
2024-04-19 14:00:00,105.775,105.35,105.35,20240600,20240900,20240900
2024-04-19 15:00:00,105.905,105.5,105.5,20240600,20240900,20240900
2024-04-19 16:00:00,105.925,105.6,105.6,20240600,20240900,20240900
2024-04-19 17:00:00,105.94,105.595,105.595,20240600,20240900,20240900
2024-04-19 18:00:00,105.99,105.595,105.595,20240600,20240900,20240900
2024-04-19 19:00:00,105.96,,,20240600,20240900,20240900
2024-04-19 20:00:00,105.96,,,20240600,20240900,20240900
2024-04-21 22:00:00,105.93,,,20240600,20240900,20240900
2024-04-21 23:00:00,105.93,,,20240600,20240900,20240900
2024-04-22 00:00:00,105.965,,,20240600,20240900,20240900
2024-04-22 01:00:00,105.84,105.455,105.455,20240600,20240900,20240900
2024-04-22 02:00:00,105.885,105.45,105.45,20240600,20240900,20240900
2024-04-22 03:00:00,105.91,,,20240600,20240900,20240900
2024-04-22 04:00:00,105.89,,,20240600,20240900,20240900
2024-04-22 05:00:00,105.895,105.528,105.528,20240600,20240900,20240900
2024-04-22 06:00:00,105.9,,,20240600,20240900,20240900
2024-04-22 07:00:00,105.945,,,20240600,20240900,20240900
2024-04-22 08:00:00,105.955,,,20240600,20240900,20240900
2024-04-22 09:00:00,106.005,,,20240600,20240900,20240900
2024-04-22 10:00:00,106.025,105.625,105.625,20240600,20240900,20240900
2024-04-22 11:00:00,106.125,105.725,105.725,20240600,20240900,20240900
2024-04-22 12:00:00,106.1,105.68,105.68,20240600,20240900,20240900
2024-04-22 13:00:00,106.15,105.73,105.73,20240600,20240900,20240900
2024-04-22 14:00:00,106.05,,,20240600,20240900,20240900
2024-04-22 15:00:00,106.035,105.655,105.655,20240600,20240900,20240900
2024-04-22 16:00:00,106.005,,,20240600,20240900,20240900
2024-04-22 17:00:00,105.93,105.58,105.58,20240600,20240900,20240900
2024-04-22 18:00:00,105.91,105.54,105.54,20240600,20240900,20240900
2024-04-22 19:00:00,105.97,,,20240600,20240900,20240900
2024-04-22 20:00:00,105.96,,,20240600,20240900,20240900
2024-04-23 00:00:00,105.92,,,20240600,20240900,20240900
2024-04-23 01:00:00,105.96,105.53,105.53,20240600,20240900,20240900
2024-04-23 02:00:00,105.92,,,20240600,20240900,20240900
2024-04-23 03:00:00,105.94,,,20240600,20240900,20240900
2024-04-23 04:00:00,105.945,,,20240600,20240900,20240900
2024-04-23 05:00:00,105.505,105.12,105.12,20240600,20240900,20240900
2024-04-23 06:00:00,106.025,,,20240600,20240900,20240900
2024-04-23 07:00:00,105.795,105.4,105.4,20240600,20240900,20240900
2024-04-23 08:00:00,105.855,105.475,105.475,20240600,20240900,20240900
2024-04-23 09:00:00,105.935,,,20240600,20240900,20240900
2024-04-23 10:00:00,105.965,,,20240600,20240900,20240900
2024-04-23 11:00:00,105.795,105.47,105.47,20240600,20240900,20240900
2024-04-23 12:00:00,105.805,105.48,105.48,20240600,20240900,20240900
2024-04-23 13:00:00,105.52,105.3,105.3,20240600,20240900,20240900
2024-04-23 14:00:00,105.57,105.085,105.085,20240600,20240900,20240900
2024-04-23 15:00:00,105.605,105.245,105.245,20240600,20240900,20240900
2024-04-23 16:00:00,105.55,,,20240600,20240900,20240900
2024-04-23 17:00:00,105.5,105.09,105.09,20240600,20240900,20240900
2024-04-23 18:00:00,105.505,,,20240600,20240900,20240900
2024-04-23 19:00:00,105.52,,,20240600,20240900,20240900
2024-04-23 20:00:00,105.535,,,20240600,20240900,20240900
2024-04-24 00:00:00,105.47,105.145,105.145,20240600,20240900,20240900
2024-04-24 01:00:00,105.455,105.075,105.075,20240600,20240900,20240900
2024-04-24 02:00:00,105.475,,,20240600,20240900,20240900
2024-04-24 03:00:00,105.495,,,20240600,20240900,20240900
2024-04-24 04:00:00,105.51,,,20240600,20240900,20240900
2024-04-24 05:00:00,105.7,105.315,105.315,20240600,20240900,20240900
2024-04-24 06:00:00,105.61,105.205,105.205,20240600,20240900,20240900
2024-04-24 07:00:00,105.68,105.32,105.32,20240600,20240900,20240900
2024-04-24 08:00:00,105.715,,,20240600,20240900,20240900
2024-04-24 09:00:00,105.71,,,20240600,20240900,20240900
2024-04-24 10:00:00,105.69,105.3,105.3,20240600,20240900,20240900
2024-04-24 11:00:00,105.685,,,20240600,20240900,20240900
2024-04-24 12:00:00,105.71,105.27,105.27,20240600,20240900,20240900
2024-04-24 13:00:00,105.665,105.255,105.255,20240600,20240900,20240900
2024-04-24 14:00:00,105.725,105.36,105.36,20240600,20240900,20240900
2024-04-24 15:00:00,105.755,105.38,105.38,20240600,20240900,20240900
2024-04-24 16:00:00,105.715,,,20240600,20240900,20240900
2024-04-24 17:00:00,105.675,,,20240600,20240900,20240900
2024-04-24 18:00:00,105.705,,,20240600,20240900,20240900
2024-04-24 19:00:00,105.635,,,20240600,20240900,20240900
2024-04-24 20:00:00,105.665,,,20240600,20240900,20240900
2024-04-25 00:00:00,105.65,,,20240600,20240900,20240900
2024-04-25 01:00:00,105.625,105.235,105.235,20240600,20240900,20240900
2024-04-25 02:00:00,105.61,105.24,105.24,20240600,20240900,20240900
2024-04-25 03:00:00,105.64,,,20240600,20240900,20240900
2024-04-25 04:00:00,105.62,,,20240600,20240900,20240900
2024-04-25 05:00:00,105.451,105.066,105.066,20240600,20240900,20240900
2024-04-25 06:00:00,105.505,,,20240600,20240900,20240900
2024-04-25 07:00:00,105.495,,,20240600,20240900,20240900
2024-04-25 08:00:00,105.45,105.08,105.08,20240600,20240900,20240900
2024-04-25 09:00:00,105.455,,,20240600,20240900,20240900
2024-04-25 10:00:00,105.48,105.105,105.105,20240600,20240900,20240900
2024-04-25 11:00:00,105.495,,,20240600,20240900,20240900
2024-04-25 12:00:00,105.77,105.425,105.425,20240600,20240900,20240900
2024-04-25 13:00:00,105.725,105.33,105.33,20240600,20240900,20240900
2024-04-25 14:00:00,105.595,105.2,105.2,20240600,20240900,20240900
2024-04-25 15:00:00,105.525,,,20240600,20240900,20240900
2024-04-25 16:00:00,105.43,105.18,105.18,20240600,20240900,20240900
2024-04-25 17:00:00,105.425,105.0,105.0,20240600,20240900,20240900
2024-04-25 18:00:00,105.45,,,20240600,20240900,20240900
2024-04-25 19:00:00,105.435,,,20240600,20240900,20240900
2024-04-25 20:00:00,105.44,105.05,105.05,20240600,20240900,20240900
2024-04-26 00:00:00,105.46,,,20240600,20240900,20240900
2024-04-26 01:00:00,105.455,,,20240600,20240900,20240900
2024-04-26 02:00:00,105.49,,,20240600,20240900,20240900
2024-04-26 03:00:00,105.525,,,20240600,20240900,20240900
2024-04-26 04:00:00,105.545,,,20240600,20240900,20240900
2024-04-26 05:00:00,105.804,105.42,105.42,20240600,20240900,20240900
2024-04-26 06:00:00,105.46,,,20240600,20240900,20240900
2024-04-26 07:00:00,105.53,105.15,105.15,20240600,20240900,20240900
2024-04-26 08:00:00,105.42,,,20240600,20240900,20240900
2024-04-26 09:00:00,105.495,,,20240600,20240900,20240900
2024-04-26 10:00:00,105.565,105.165,105.165,20240600,20240900,20240900
2024-04-26 11:00:00,105.63,105.25,105.25,20240600,20240900,20240900
2024-04-26 12:00:00,105.63,,,20240600,20240900,20240900
2024-04-26 13:00:00,105.715,105.32,105.32,20240600,20240900,20240900
2024-04-26 14:00:00,105.98,105.535,105.535,20240600,20240900,20240900
2024-04-26 15:00:00,105.96,105.66,105.66,20240600,20240900,20240900
2024-04-26 16:00:00,105.895,,,20240600,20240900,20240900
2024-04-26 17:00:00,105.9,105.525,105.525,20240600,20240900,20240900
2024-04-26 18:00:00,105.805,105.42,105.42,20240600,20240900,20240900
2024-04-26 19:00:00,105.865,105.42,105.42,20240600,20240900,20240900
2024-04-26 20:00:00,105.97,105.575,105.575,20240600,20240900,20240900
2024-04-28 22:00:00,105.885,105.41,105.41,20240600,20240900,20240900
2024-04-28 23:00:00,105.835,105.49,105.49,20240600,20240900,20240900
2024-04-29 00:00:00,105.8,105.435,105.435,20240600,20240900,20240900
2024-04-29 01:00:00,105.85,105.465,105.465,20240600,20240900,20240900
2024-04-29 02:00:00,105.84,,,20240600,20240900,20240900
2024-04-29 03:00:00,105.87,,,20240600,20240900,20240900
2024-04-29 04:00:00,105.475,104.99,104.99,20240600,20240900,20240900
2024-04-29 05:00:00,105.555,105.068,105.068,20240600,20240900,20240900
2024-04-29 06:00:00,105.675,105.3,105.3,20240600,20240900,20240900
2024-04-29 07:00:00,105.51,105.09,105.09,20240600,20240900,20240900
2024-04-29 08:00:00,105.635,,,20240600,20240900,20240900
2024-04-29 09:00:00,105.53,105.12,105.12,20240600,20240900,20240900
2024-04-29 10:00:00,105.535,105.16,105.16,20240600,20240900,20240900
2024-04-29 11:00:00,105.58,105.21,105.21,20240600,20240900,20240900
2024-04-29 12:00:00,105.67,105.205,105.205,20240600,20240900,20240900
2024-04-29 13:00:00,105.745,105.31,105.31,20240600,20240900,20240900
2024-04-29 14:00:00,105.615,105.32,105.32,20240600,20240900,20240900
2024-04-29 15:00:00,105.59,105.185,105.185,20240600,20240900,20240900
2024-04-29 16:00:00,105.435,105.005,105.005,20240600,20240900,20240900
2024-04-29 17:00:00,105.485,105.095,105.095,20240600,20240900,20240900
2024-04-29 18:00:00,105.445,105.135,105.135,20240600,20240900,20240900
2024-04-29 19:00:00,105.485,,,20240600,20240900,20240900
2024-04-29 20:00:00,105.525,105.135,105.135,20240600,20240900,20240900
2024-04-30 00:00:00,105.62,105.26,105.26,20240600,20240900,20240900
2024-04-30 01:00:00,105.69,,,20240600,20240900,20240900
2024-04-30 02:00:00,105.68,,,20240600,20240900,20240900
2024-04-30 03:00:00,105.705,,,20240600,20240900,20240900
2024-04-30 04:00:00,105.7,,,20240600,20240900,20240900
2024-04-30 05:00:00,106.1,105.72,105.72,20240600,20240900,20240900
2024-04-30 06:00:00,105.735,105.335,105.335,20240600,20240900,20240900
2024-04-30 07:00:00,105.73,105.33,105.33,20240600,20240900,20240900
2024-04-30 08:00:00,105.715,,,20240600,20240900,20240900
2024-04-30 09:00:00,105.595,,,20240600,20240900,20240900
2024-04-30 10:00:00,105.585,,,20240600,20240900,20240900
2024-04-30 11:00:00,105.655,105.225,105.225,20240600,20240900,20240900
2024-04-30 12:00:00,105.895,105.48,105.48,20240600,20240900,20240900
2024-04-30 13:00:00,105.87,105.49,105.49,20240600,20240900,20240900
2024-04-30 14:00:00,105.94,105.5,105.5,20240600,20240900,20240900
2024-04-30 15:00:00,106.01,105.63,105.63,20240600,20240900,20240900
2024-04-30 16:00:00,106.05,105.715,105.715,20240600,20240900,20240900
2024-04-30 17:00:00,106.05,,,20240600,20240900,20240900
2024-04-30 18:00:00,106.1,105.655,105.655,20240600,20240900,20240900
2024-04-30 19:00:00,106.145,105.715,105.715,20240600,20240900,20240900
2024-04-30 20:00:00,106.21,105.785,105.785,20240600,20240900,20240900
2024-05-01 00:00:00,106.245,105.885,105.885,20240600,20240900,20240900
2024-05-01 01:00:00,106.25,105.875,105.875,20240600,20240900,20240900
2024-05-01 02:00:00,106.27,105.905,105.905,20240600,20240900,20240900
2024-05-01 03:00:00,106.3,105.925,105.925,20240600,20240900,20240900
2024-05-01 04:00:00,106.3,,,20240600,20240900,20240900
2024-05-01 05:00:00,105.628,105.238,105.238,20240600,20240900,20240900
2024-05-01 06:00:00,106.365,106.015,106.015,20240600,20240900,20240900
2024-05-01 07:00:00,106.27,105.925,105.925,20240600,20240900,20240900
2024-05-01 08:00:00,106.205,105.85,105.85,20240600,20240900,20240900
2024-05-01 09:00:00,106.2,105.82,105.82,20240600,20240900,20240900
2024-05-01 10:00:00,106.2,105.81,105.81,20240600,20240900,20240900
2024-05-01 11:00:00,106.175,105.81,105.81,20240600,20240900,20240900
2024-05-01 12:00:00,106.085,105.72,105.72,20240600,20240900,20240900
2024-05-01 13:00:00,106.095,105.7,105.7,20240600,20240900,20240900
2024-05-01 14:00:00,106.075,105.69,105.69,20240600,20240900,20240900
2024-05-01 15:00:00,106.1,,,20240600,20240900,20240900
2024-05-01 16:00:00,106.16,105.73,105.73,20240600,20240900,20240900
2024-05-01 17:00:00,106.135,,,20240600,20240900,20240900
2024-05-01 18:00:00,105.625,105.24,105.24,20240600,20240900,20240900
2024-05-01 19:00:00,106.01,105.52,105.52,20240600,20240900,20240900
2024-05-01 20:00:00,105.54,105.12,105.12,20240600,20240900,20240900
2024-05-02 00:00:00,105.68,,,20240600,20240900,20240900
2024-05-02 01:00:00,105.67,105.315,105.315,20240600,20240900,20240900
2024-05-02 02:00:00,105.595,,,20240600,20240900,20240900
2024-05-02 03:00:00,105.65,105.3,105.3,20240600,20240900,20240900
2024-05-02 04:00:00,105.61,,,20240600,20240900,20240900
2024-05-02 05:00:00,105.178,104.808,104.808,20240600,20240900,20240900
2024-05-02 06:00:00,105.56,105.1,105.1,20240600,20240900,20240900
2024-05-02 07:00:00,105.56,105.13,105.13,20240600,20240900,20240900
2024-05-02 08:00:00,105.61,,,20240600,20240900,20240900
2024-05-02 09:00:00,105.635,105.295,105.295,20240600,20240900,20240900
2024-05-02 10:00:00,105.62,,,20240600,20240900,20240900
2024-05-02 11:00:00,105.58,105.25,105.25,20240600,20240900,20240900
2024-05-02 12:00:00,105.57,105.13,105.13,20240600,20240900,20240900
2024-05-02 13:00:00,105.67,105.27,105.27,20240600,20240900,20240900
2024-05-02 14:00:00,105.63,105.27,105.27,20240600,20240900,20240900
2024-05-02 15:00:00,105.46,105.1,105.1,20240600,20240900,20240900
2024-05-02 16:00:00,105.365,105.0,105.0,20240600,20240900,20240900
2024-05-02 17:00:00,105.3,104.905,104.905,20240600,20240900,20240900
2024-05-02 18:00:00,105.17,104.915,104.915,20240600,20240900,20240900
2024-05-02 19:00:00,105.21,,,20240600,20240900,20240900
2024-05-02 20:00:00,105.255,104.85,104.85,20240600,20240900,20240900
2024-05-03 00:00:00,105.16,104.81,104.81,20240600,20240900,20240900
2024-05-03 01:00:00,105.08,,,20240600,20240900,20240900
2024-05-03 02:00:00,105.145,104.77,104.77,20240600,20240900,20240900
2024-05-03 03:00:00,105.13,104.78,104.78,20240600,20240900,20240900
2024-05-03 04:00:00,105.145,104.78,104.78,20240600,20240900,20240900
2024-05-03 05:00:00,105.125,104.548,104.548,20240600,20240900,20240900
2024-05-03 06:00:00,105.2,104.8,104.8,20240600,20240900,20240900
2024-05-03 07:00:00,105.17,,,20240600,20240900,20240900
2024-05-03 08:00:00,105.095,,,20240600,20240900,20240900
2024-05-03 09:00:00,105.07,,,20240600,20240900,20240900
2024-05-03 10:00:00,105.075,,,20240600,20240900,20240900
2024-05-03 11:00:00,105.065,,,20240600,20240900,20240900
2024-05-03 12:00:00,104.58,104.2,104.2,20240600,20240900,20240900
2024-05-03 13:00:00,104.78,104.37,104.37,20240600,20240900,20240900
2024-05-03 14:00:00,104.92,104.54,104.54,20240600,20240900,20240900
2024-05-03 15:00:00,104.89,104.49,104.49,20240600,20240900,20240900
2024-05-03 16:00:00,104.94,104.53,104.53,20240600,20240900,20240900
2024-05-03 17:00:00,104.925,,,20240600,20240900,20240900
2024-05-03 18:00:00,104.91,104.565,104.565,20240600,20240900,20240900
2024-05-03 19:00:00,104.935,,,20240600,20240900,20240900
2024-05-03 20:00:00,104.96,104.56,104.56,20240600,20240900,20240900
2024-05-05 22:00:00,104.975,104.62,104.62,20240600,20240900,20240900
2024-05-05 23:00:00,105.04,,,20240600,20240900,20240900
2024-05-06 00:00:00,104.97,104.705,104.705,20240600,20240900,20240900
2024-05-06 01:00:00,104.955,104.6,104.6,20240600,20240900,20240900
2024-05-06 02:00:00,105.015,,,20240600,20240900,20240900
2024-05-06 03:00:00,105.03,104.67,104.67,20240600,20240900,20240900
2024-05-06 04:00:00,105.045,,,20240600,20240900,20240900
2024-05-06 05:00:00,104.919,104.554,104.554,20240600,20240900,20240900
2024-05-06 06:00:00,105.0,,,20240600,20240900,20240900
2024-05-06 07:00:00,105.02,104.635,104.635,20240600,20240900,20240900
2024-05-06 08:00:00,104.95,104.55,104.55,20240600,20240900,20240900
2024-05-06 09:00:00,104.94,104.595,104.595,20240600,20240900,20240900
2024-05-06 10:00:00,104.935,,,20240600,20240900,20240900
2024-05-06 11:00:00,104.92,,,20240600,20240900,20240900
2024-05-06 12:00:00,104.775,,,20240600,20240900,20240900
2024-05-06 13:00:00,104.805,104.44,104.44,20240600,20240900,20240900
2024-05-06 14:00:00,104.875,104.455,104.455,20240600,20240900,20240900
2024-05-06 15:00:00,104.89,,,20240600,20240900,20240900
2024-05-06 16:00:00,104.93,,,20240600,20240900,20240900
2024-05-06 17:00:00,104.93,104.565,104.565,20240600,20240900,20240900
2024-05-06 18:00:00,104.92,,,20240600,20240900,20240900
2024-05-06 19:00:00,104.98,,,20240600,20240900,20240900
2024-05-06 20:00:00,104.96,,,20240600,20240900,20240900
2024-05-07 00:00:00,104.935,104.625,104.625,20240600,20240900,20240900
2024-05-07 01:00:00,105.05,,,20240600,20240900,20240900
2024-05-07 02:00:00,105.09,,,20240600,20240900,20240900
2024-05-07 03:00:00,105.045,,,20240600,20240900,20240900
2024-05-07 04:00:00,105.07,,,20240600,20240900,20240900
2024-05-07 05:00:00,105.135,104.92,104.92,20240600,20240900,20240900
2024-05-07 06:00:00,105.085,104.78,104.78,20240600,20240900,20240900
2024-05-07 07:00:00,105.065,104.71,104.71,20240600,20240900,20240900
2024-05-07 08:00:00,105.095,,,20240600,20240900,20240900
2024-05-07 09:00:00,105.15,104.805,104.805,20240600,20240900,20240900
2024-05-07 10:00:00,105.07,104.74,104.74,20240600,20240900,20240900
2024-05-07 11:00:00,105.09,104.705,104.705,20240600,20240900,20240900
2024-05-07 12:00:00,105.0,104.665,104.665,20240600,20240900,20240900
2024-05-07 13:00:00,104.975,104.625,104.625,20240600,20240900,20240900
2024-05-07 14:00:00,105.0,104.64,104.64,20240600,20240900,20240900
2024-05-07 15:00:00,105.13,104.725,104.725,20240600,20240900,20240900
2024-05-07 16:00:00,105.11,,,20240600,20240900,20240900
2024-05-07 17:00:00,105.25,104.82,104.82,20240600,20240900,20240900
2024-05-07 18:00:00,105.3,104.915,104.915,20240600,20240900,20240900
2024-05-07 19:00:00,105.25,104.855,104.855,20240600,20240900,20240900
2024-05-07 20:00:00,105.26,,,20240600,20240900,20240900
2024-05-08 00:00:00,105.35,,,20240600,20240900,20240900
2024-05-08 01:00:00,105.43,105.045,105.045,20240600,20240900,20240900
2024-05-08 02:00:00,105.435,105.06,105.06,20240600,20240900,20240900
2024-05-08 03:00:00,105.44,,,20240600,20240900,20240900
2024-05-08 04:00:00,105.435,105.04,105.04,20240600,20240900,20240900
2024-05-08 05:00:00,105.426,105.07,105.07,20240600,20240900,20240900
2024-05-08 06:00:00,105.425,105.035,105.035,20240600,20240900,20240900
2024-05-08 07:00:00,105.505,105.1,105.1,20240600,20240900,20240900
2024-05-08 08:00:00,105.47,,,20240600,20240900,20240900
2024-05-08 09:00:00,105.39,105.005,105.005,20240600,20240900,20240900
2024-05-08 10:00:00,105.395,105.005,105.005,20240600,20240900,20240900
2024-05-08 11:00:00,105.45,105.08,105.08,20240600,20240900,20240900
2024-05-08 12:00:00,105.44,105.07,105.07,20240600,20240900,20240900
2024-05-08 13:00:00,105.42,105.025,105.025,20240600,20240900,20240900
2024-05-08 14:00:00,105.395,,,20240600,20240900,20240900
2024-05-08 15:00:00,105.335,104.94,104.94,20240600,20240900,20240900
2024-05-08 16:00:00,105.415,105.03,105.03,20240600,20240900,20240900
2024-05-08 17:00:00,105.435,105.03,105.03,20240600,20240900,20240900
2024-05-08 18:00:00,105.435,105.035,105.035,20240600,20240900,20240900
2024-05-08 19:00:00,105.425,,,20240600,20240900,20240900
2024-05-08 20:00:00,105.405,,,20240600,20240900,20240900
2024-05-09 00:00:00,105.455,105.05,105.05,20240600,20240900,20240900
2024-05-09 01:00:00,105.41,105.01,105.01,20240600,20240900,20240900
2024-05-09 02:00:00,105.425,105.03,105.03,20240600,20240900,20240900
2024-05-09 03:00:00,105.41,,,20240600,20240900,20240900
2024-05-09 04:00:00,105.44,,,20240600,20240900,20240900
2024-05-09 05:00:00,105.465,104.729,104.729,20240600,20240900,20240900
2024-05-09 06:00:00,105.535,,,20240600,20240900,20240900
2024-05-09 07:00:00,105.555,105.175,105.175,20240600,20240900,20240900
2024-05-09 08:00:00,105.595,105.21,105.21,20240600,20240900,20240900
2024-05-09 09:00:00,105.57,,,20240600,20240900,20240900
2024-05-09 10:00:00,105.535,105.195,105.195,20240600,20240900,20240900
2024-05-09 11:00:00,105.6,105.205,105.205,20240600,20240900,20240900
2024-05-09 12:00:00,105.32,104.97,104.97,20240600,20240900,20240900
2024-05-09 13:00:00,105.275,104.96,104.96,20240600,20240900,20240900
2024-05-09 14:00:00,105.185,104.81,104.81,20240600,20240900,20240900
2024-05-09 15:00:00,105.24,104.805,104.805,20240600,20240900,20240900
2024-05-09 16:00:00,105.18,104.815,104.815,20240600,20240900,20240900
2024-05-09 17:00:00,105.16,,,20240600,20240900,20240900
2024-05-09 18:00:00,105.105,104.755,104.755,20240600,20240900,20240900
2024-05-09 19:00:00,105.09,104.695,104.695,20240600,20240900,20240900
2024-05-09 20:00:00,105.09,,,20240600,20240900,20240900
2024-05-10 00:00:00,105.13,,,20240600,20240900,20240900
2024-05-10 01:00:00,105.165,104.74,104.74,20240600,20240900,20240900
2024-05-10 02:00:00,105.195,,,20240600,20240900,20240900
2024-05-10 03:00:00,105.18,104.785,104.785,20240600,20240900,20240900
2024-05-10 04:00:00,105.18,,,20240600,20240900,20240900
2024-05-10 05:00:00,105.175,104.79,104.79,20240600,20240900,20240900
2024-05-10 06:00:00,105.155,104.8,104.8,20240600,20240900,20240900
2024-05-10 07:00:00,105.115,104.705,104.705,20240600,20240900,20240900
2024-05-10 08:00:00,105.13,,,20240600,20240900,20240900
2024-05-10 09:00:00,105.13,,,20240600,20240900,20240900
2024-05-10 10:00:00,105.145,104.77,104.77,20240600,20240900,20240900
2024-05-10 11:00:00,105.14,104.755,104.755,20240600,20240900,20240900
2024-05-10 12:00:00,105.195,104.8,104.8,20240600,20240900,20240900
2024-05-10 13:00:00,105.035,104.74,104.74,20240600,20240900,20240900
2024-05-10 14:00:00,105.265,104.895,104.895,20240600,20240900,20240900
2024-05-10 15:00:00,105.175,104.82,104.82,20240600,20240900,20240900
2024-05-10 16:00:00,105.14,104.755,104.755,20240600,20240900,20240900
2024-05-10 17:00:00,105.17,,,20240600,20240900,20240900
2024-05-10 18:00:00,105.17,104.81,104.81,20240600,20240900,20240900
2024-05-10 19:00:00,105.175,,,20240600,20240900,20240900
2024-05-10 20:00:00,105.175,,,20240600,20240900,20240900
2024-05-12 22:00:00,105.175,,,20240600,20240900,20240900
2024-05-12 23:00:00,105.205,,,20240600,20240900,20240900
2024-05-13 00:00:00,105.22,104.815,104.815,20240600,20240900,20240900
2024-05-13 01:00:00,105.225,,,20240600,20240900,20240900
2024-05-13 02:00:00,105.18,104.785,104.785,20240600,20240900,20240900
2024-05-13 03:00:00,105.18,104.8,104.8,20240600,20240900,20240900
2024-05-13 04:00:00,105.205,,,20240600,20240900,20240900
2024-05-13 05:00:00,105.103,104.708,104.708,20240600,20240900,20240900
2024-05-13 06:00:00,105.21,104.785,104.785,20240600,20240900,20240900
2024-05-13 07:00:00,105.175,104.815,104.815,20240600,20240900,20240900
2024-05-13 08:00:00,105.12,104.73,104.73,20240600,20240900,20240900
2024-05-13 09:00:00,105.14,,,20240600,20240900,20240900
2024-05-13 10:00:00,105.14,104.78,104.78,20240600,20240900,20240900
2024-05-13 11:00:00,105.065,,,20240600,20240900,20240900
2024-05-13 12:00:00,104.99,104.585,104.585,20240600,20240900,20240900
2024-05-13 13:00:00,104.95,104.56,104.56,20240600,20240900,20240900
2024-05-13 14:00:00,104.965,104.57,104.57,20240600,20240900,20240900
2024-05-13 15:00:00,105.065,104.7,104.7,20240600,20240900,20240900
2024-05-13 16:00:00,105.07,104.64,104.64,20240600,20240900,20240900
2024-05-13 17:00:00,105.085,,,20240600,20240900,20240900
2024-05-13 18:00:00,105.1,104.7,104.7,20240600,20240900,20240900
2024-05-13 19:00:00,105.11,,,20240600,20240900,20240900
2024-05-13 20:00:00,105.105,,,20240600,20240900,20240900
2024-05-14 00:00:00,105.13,,,20240600,20240900,20240900
2024-05-14 01:00:00,105.13,,,20240600,20240900,20240900
2024-05-14 02:00:00,105.165,104.745,104.745,20240600,20240900,20240900
2024-05-14 03:00:00,105.16,104.755,104.755,20240600,20240900,20240900
2024-05-14 04:00:00,105.155,104.76,104.76,20240600,20240900,20240900
2024-05-14 05:00:00,105.15,104.502,104.502,20240600,20240900,20240900
2024-05-14 06:00:00,105.14,104.755,104.755,20240600,20240900,20240900
2024-05-14 07:00:00,105.15,,,20240600,20240900,20240900
2024-05-14 08:00:00,105.19,104.865,104.865,20240600,20240900,20240900
2024-05-14 09:00:00,105.12,,,20240600,20240900,20240900
2024-05-14 10:00:00,105.085,104.675,104.675,20240600,20240900,20240900
2024-05-14 11:00:00,105.115,104.695,104.695,20240600,20240900,20240900
2024-05-14 12:00:00,105.035,104.625,104.625,20240600,20240900,20240900
2024-05-14 13:00:00,104.875,104.505,104.505,20240600,20240900,20240900
2024-05-14 14:00:00,104.855,,,20240600,20240900,20240900
2024-05-14 15:00:00,104.92,,,20240600,20240900,20240900
2024-05-14 16:00:00,104.92,104.54,104.54,20240600,20240900,20240900
2024-05-14 17:00:00,104.92,,,20240600,20240900,20240900
2024-05-14 18:00:00,104.895,,,20240600,20240900,20240900
2024-05-14 19:00:00,104.88,104.48,104.48,20240600,20240900,20240900
2024-05-14 20:00:00,104.885,104.48,104.48,20240600,20240900,20240900
2024-05-15 00:00:00,104.905,104.545,104.545,20240600,20240900,20240900
2024-05-15 01:00:00,104.48,,,20240900,20241200,20241200
2024-05-15 02:00:00,104.455,,,20240900,20241200,20241200
2024-05-15 05:00:00,103.822,103.472,103.472,20240900,20241200,20241200
2024-05-15 06:00:00,104.455,,,20240900,20241200,20241200
2024-05-15 08:00:00,104.3,,,20240900,20241200,20241200
2024-05-15 10:00:00,104.375,,,20240900,20241200,20241200
2024-05-15 11:00:00,104.345,,,20240900,20241200,20241200
2024-05-15 12:00:00,104.035,,,20240900,20241200,20241200
2024-05-15 13:00:00,104.265,,,20240900,20241200,20241200
2024-05-15 14:00:00,104.1,,,20240900,20241200,20241200
2024-05-15 15:00:00,103.935,,,20240900,20241200,20241200
2024-05-15 16:00:00,103.88,,,20240900,20241200,20241200
2024-05-15 17:00:00,103.81,,,20240900,20241200,20241200
2024-05-15 18:00:00,103.855,,,20240900,20241200,20241200
2024-05-15 19:00:00,103.815,,,20240900,20241200,20241200
2024-05-15 20:00:00,103.77,,,20240900,20241200,20241200
2024-05-16 00:00:00,103.615,,,20240900,20241200,20241200
2024-05-16 01:00:00,103.68,,,20240900,20241200,20241200
2024-05-16 02:00:00,103.67,,,20240900,20241200,20241200
2024-05-16 03:00:00,103.69,,,20240900,20241200,20241200
2024-05-16 04:00:00,103.655,,,20240900,20241200,20241200
2024-05-16 05:00:00,103.73,103.605,103.605,20240900,20241200,20241200
2024-05-16 06:00:00,103.78,,,20240900,20241200,20241200
2024-05-16 07:00:00,103.805,,,20240900,20241200,20241200
2024-05-16 08:00:00,103.855,,,20240900,20241200,20241200
2024-05-16 09:00:00,103.885,,,20240900,20241200,20241200
2024-05-16 10:00:00,103.885,,,20240900,20241200,20241200
2024-05-16 11:00:00,103.975,,,20240900,20241200,20241200
2024-05-16 12:00:00,104.01,,,20240900,20241200,20241200
2024-05-16 13:00:00,104.01,,,20240900,20241200,20241200
2024-05-16 14:00:00,103.975,,,20240900,20241200,20241200
2024-05-16 15:00:00,103.93,,,20240900,20241200,20241200
2024-05-16 16:00:00,103.95,,,20240900,20241200,20241200
2024-05-16 17:00:00,103.96,,,20240900,20241200,20241200
2024-05-16 18:00:00,103.985,,,20240900,20241200,20241200
2024-05-16 19:00:00,103.985,,,20240900,20241200,20241200
2024-05-16 20:00:00,104.0,,,20240900,20241200,20241200
2024-05-17 02:00:00,104.135,,,20240900,20241200,20241200
2024-05-17 03:00:00,104.125,,,20240900,20241200,20241200
2024-05-17 05:00:00,103.935,103.585,103.585,20240900,20241200,20241200
2024-05-17 09:00:00,104.22,,,20240900,20241200,20241200
2024-05-17 11:00:00,104.21,,,20240900,20241200,20241200
2024-05-17 12:00:00,104.225,,,20240900,20241200,20241200
2024-05-17 13:00:00,104.17,,,20240900,20241200,20241200
2024-05-17 14:00:00,103.935,103.6,103.6,20240900,20241200,20241200
2024-05-17 15:00:00,103.99,,,20240900,20241200,20241200
2024-05-17 16:00:00,103.97,,,20240900,20241200,20241200
2024-05-17 18:00:00,103.945,,,20240900,20241200,20241200
2024-05-17 19:00:00,103.94,,,20240900,20241200,20241200
2024-05-17 20:00:00,103.985,,,20240900,20241200,20241200
2024-05-20 00:00:00,104.005,,,20240900,20241200,20241200
2024-05-20 01:00:00,103.98,,,20240900,20241200,20241200
2024-05-20 02:00:00,103.965,,,20240900,20241200,20241200
2024-05-20 04:00:00,103.91,,,20240900,20241200,20241200
2024-05-20 05:00:00,104.065,103.715,103.715,20240900,20241200,20241200
2024-05-20 06:00:00,103.92,,,20240900,20241200,20241200
2024-05-20 07:00:00,103.955,,,20240900,20241200,20241200
2024-05-20 11:00:00,104.02,,,20240900,20241200,20241200
2024-05-20 12:00:00,104.13,,,20240900,20241200,20241200
2024-05-20 17:00:00,104.05,,,20240900,20241200,20241200
2024-05-20 18:00:00,104.065,,,20240900,20241200,20241200
2024-05-21 05:00:00,104.151,103.801,103.801,20240900,20241200,20241200
2024-05-21 06:00:00,104.065,,,20240900,20241200,20241200
2024-05-21 09:00:00,103.98,,,20240900,20241200,20241200
2024-05-21 10:00:00,104.0,,,20240900,20241200,20241200
2024-05-21 11:00:00,104.01,,,20240900,20241200,20241200
2024-05-21 12:00:00,104.145,,,20240900,20241200,20241200
2024-05-21 13:00:00,104.21,,,20240900,20241200,20241200
2024-05-21 14:00:00,104.055,,,20240900,20241200,20241200
2024-05-21 16:00:00,104.125,,,20240900,20241200,20241200
2024-05-21 17:00:00,104.155,,,20240900,20241200,20241200
2024-05-21 20:00:00,104.14,,,20240900,20241200,20241200
2024-05-22 05:00:00,104.431,104.081,104.081,20240900,20241200,20241200
2024-05-22 06:00:00,104.095,,,20240900,20241200,20241200
2024-05-22 08:00:00,104.17,,,20240900,20241200,20241200
2024-05-22 10:00:00,104.26,,,20240900,20241200,20241200
2024-05-22 11:00:00,104.325,,,20240900,20241200,20241200
2024-05-22 12:00:00,104.335,,,20240900,20241200,20241200
2024-05-22 13:00:00,104.24,,,20240900,20241200,20241200
2024-05-22 14:00:00,104.285,,,20240900,20241200,20241200
2024-05-22 15:00:00,104.305,,,20240900,20241200,20241200
2024-05-22 16:00:00,104.225,,,20240900,20241200,20241200
2024-05-22 17:00:00,104.295,,,20240900,20241200,20241200
2024-05-22 18:00:00,104.44,,,20240900,20241200,20241200
2024-05-22 19:00:00,104.45,,,20240900,20241200,20241200
2024-05-22 20:00:00,104.43,,,20240900,20241200,20241200
2024-05-23 00:00:00,104.42,,,20240900,20241200,20241200
2024-05-23 03:00:00,104.375,,,20240900,20241200,20241200
2024-05-23 04:00:00,104.38,,,20240900,20241200,20241200
2024-05-23 05:00:00,104.631,104.281,104.281,20240900,20241200,20241200
2024-05-23 07:00:00,104.415,,,20240900,20241200,20241200
2024-05-23 08:00:00,104.29,,,20240900,20241200,20241200
2024-05-23 09:00:00,104.25,,,20240900,20241200,20241200
2024-05-23 10:00:00,104.26,,,20240900,20241200,20241200
2024-05-23 12:00:00,104.205,,,20240900,20241200,20241200
2024-05-23 13:00:00,104.425,,,20240900,20241200,20241200
2024-05-23 14:00:00,104.435,,,20240900,20241200,20241200
2024-05-23 15:00:00,104.445,,,20240900,20241200,20241200
2024-05-23 16:00:00,104.49,,,20240900,20241200,20241200
2024-05-23 17:00:00,104.595,,,20240900,20241200,20241200
2024-05-23 18:00:00,104.615,,,20240900,20241200,20241200
2024-05-23 19:00:00,104.595,,,20240900,20241200,20241200
2024-05-23 20:00:00,104.58,,,20240900,20241200,20241200
2024-05-24 04:00:00,104.605,,,20240900,20241200,20241200
2024-05-24 05:00:00,104.243,103.893,103.893,20240900,20241200,20241200
2024-05-24 07:00:00,104.51,,,20240900,20241200,20241200
2024-05-24 08:00:00,104.49,,,20240900,20241200,20241200
2024-05-24 09:00:00,104.46,,,20240900,20241200,20241200
2024-05-24 10:00:00,104.37,,,20240900,20241200,20241200
2024-05-24 11:00:00,104.38,,,20240900,20241200,20241200
2024-05-24 12:00:00,104.3,,,20240900,20241200,20241200
2024-05-24 13:00:00,104.33,,,20240900,20241200,20241200
2024-05-24 14:00:00,104.275,,,20240900,20241200,20241200
2024-05-24 15:00:00,104.24,,,20240900,20241200,20241200
2024-05-24 17:00:00,104.215,,,20240900,20241200,20241200
2024-05-24 18:00:00,104.22,,,20240900,20241200,20241200
2024-05-24 19:00:00,104.245,,,20240900,20241200,20241200
2024-05-24 20:00:00,104.255,,,20240900,20241200,20241200
2024-05-26 22:00:00,104.245,,,20240900,20241200,20241200
2024-05-27 01:00:00,104.205,,,20240900,20241200,20241200
2024-05-27 02:00:00,104.195,,,20240900,20241200,20241200
2024-05-27 05:00:00,104.243,103.893,103.893,20240900,20241200,20241200
2024-05-27 08:00:00,104.275,,,20240900,20241200,20241200
2024-05-27 09:00:00,104.105,,,20240900,20241200,20241200
2024-05-27 10:00:00,104.175,,,20240900,20241200,20241200
2024-05-27 11:00:00,104.13,,,20240900,20241200,20241200
2024-05-27 12:00:00,104.16,,,20240900,20241200,20241200
2024-05-27 14:00:00,104.165,,,20240900,20241200,20241200
2024-05-27 15:00:00,104.12,,,20240900,20241200,20241200
2024-05-27 17:00:00,104.12,,,20240900,20241200,20241200
2024-05-28 00:00:00,104.07,,,20240900,20241200,20241200
2024-05-28 01:00:00,104.005,,,20240900,20241200,20241200
2024-05-28 02:00:00,103.98,,,20240900,20241200,20241200
2024-05-28 05:00:00,104.149,103.799,103.799,20240900,20241200,20241200
2024-05-28 07:00:00,103.96,,,20240900,20241200,20241200
2024-05-28 08:00:00,103.96,,,20240900,20241200,20241200
2024-05-28 09:00:00,104.0,,,20240900,20241200,20241200
2024-05-28 10:00:00,103.94,,,20240900,20241200,20241200
2024-05-28 11:00:00,103.88,,,20240900,20241200,20241200
2024-05-28 12:00:00,103.91,,,20240900,20241200,20241200
2024-05-28 13:00:00,104.025,,,20240900,20241200,20241200
2024-05-28 14:00:00,103.97,,,20240900,20241200,20241200
2024-05-28 15:00:00,103.95,,,20240900,20241200,20241200
2024-05-28 16:00:00,103.99,,,20240900,20241200,20241200
2024-05-28 17:00:00,104.025,,,20240900,20241200,20241200
2024-05-28 18:00:00,104.155,,,20240900,20241200,20241200
2024-05-28 19:00:00,104.135,,,20240900,20241200,20241200
2024-05-28 20:00:00,104.165,,,20240900,20241200,20241200
2024-05-29 00:00:00,104.23,,,20240900,20241200,20241200
2024-05-29 01:00:00,104.205,,,20240900,20241200,20241200
2024-05-29 02:00:00,104.24,,,20240900,20241200,20241200
2024-05-29 04:00:00,104.285,,,20240900,20241200,20241200
2024-05-29 05:00:00,104.634,104.284,104.284,20240900,20241200,20241200
2024-05-29 06:00:00,104.18,,,20240900,20241200,20241200
2024-05-29 07:00:00,104.15,,,20240900,20241200,20241200
2024-05-29 08:00:00,104.295,,,20240900,20241200,20241200
2024-05-29 09:00:00,104.28,,,20240900,20241200,20241200
2024-05-29 10:00:00,104.26,,,20240900,20241200,20241200
2024-05-29 11:00:00,104.275,,,20240900,20241200,20241200
2024-05-29 12:00:00,104.27,,,20240900,20241200,20241200
2024-05-29 13:00:00,104.34,,,20240900,20241200,20241200
2024-05-29 14:00:00,104.46,,,20240900,20241200,20241200
2024-05-29 15:00:00,104.565,,,20240900,20241200,20241200
2024-05-29 16:00:00,104.55,,,20240900,20241200,20241200
2024-05-29 18:00:00,104.625,,,20240900,20241200,20241200
2024-05-29 19:00:00,104.66,,,20240900,20241200,20241200
2024-05-29 20:00:00,104.68,,,20240900,20241200,20241200
2024-05-30 00:00:00,104.72,,,20240900,20241200,20241200
2024-05-30 01:00:00,104.685,,,20240900,20241200,20241200
2024-05-30 02:00:00,104.7,,,20240900,20241200,20241200
2024-05-30 03:00:00,104.67,,,20240900,20241200,20241200
2024-05-30 05:00:00,104.263,103.913,103.913,20240900,20241200,20241200
2024-05-30 06:00:00,104.65,,,20240900,20241200,20241200
2024-05-30 07:00:00,104.59,,,20240900,20241200,20241200
2024-05-30 08:00:00,104.56,,,20240900,20241200,20241200
2024-05-30 09:00:00,104.485,,,20240900,20241200,20241200
2024-05-30 10:00:00,104.455,,,20240900,20241200,20241200
2024-05-30 12:00:00,104.325,,,20240900,20241200,20241200
2024-05-30 13:00:00,104.33,,,20240900,20241200,20241200
2024-05-30 14:00:00,104.205,,,20240900,20241200,20241200
2024-05-30 15:00:00,104.19,,,20240900,20241200,20241200
2024-05-30 16:00:00,104.215,,,20240900,20241200,20241200
2024-05-30 17:00:00,104.25,,,20240900,20241200,20241200
2024-05-30 18:00:00,104.26,,,20240900,20241200,20241200
2024-05-30 19:00:00,104.27,,,20240900,20241200,20241200
2024-05-30 20:00:00,104.305,,,20240900,20241200,20241200
2024-05-31 01:00:00,104.35,,,20240900,20241200,20241200
2024-05-31 03:00:00,104.405,,,20240900,20241200,20241200
2024-05-31 04:00:00,104.38,,,20240900,20241200,20241200
2024-05-31 05:00:00,104.247,103.897,103.897,20240900,20241200,20241200
2024-05-31 06:00:00,104.415,,,20240900,20241200,20241200
2024-05-31 08:00:00,104.35,,,20240900,20241200,20241200
2024-05-31 09:00:00,104.265,,,20240900,20241200,20241200
2024-05-31 12:00:00,103.96,,,20240900,20241200,20241200
2024-05-31 13:00:00,104.035,,,20240900,20241200,20241200
2024-05-31 14:00:00,104.16,,,20240900,20241200,20241200
2024-05-31 15:00:00,104.22,,,20240900,20241200,20241200
2024-05-31 16:00:00,104.25,,,20240900,20241200,20241200
2024-05-31 18:00:00,104.225,,,20240900,20241200,20241200
2024-05-31 19:00:00,104.24,,,20240900,20241200,20241200
2024-05-31 20:00:00,104.2,,,20240900,20241200,20241200
2024-06-02 22:00:00,104.18,,,20240900,20241200,20241200
2024-06-02 23:00:00,104.145,,,20240900,20241200,20241200
2024-06-03 00:00:00,104.14,,,20240900,20241200,20241200
2024-06-03 01:00:00,104.08,,,20240900,20241200,20241200
2024-06-03 03:00:00,104.195,,,20240900,20241200,20241200
2024-06-03 04:00:00,104.17,,,20240900,20241200,20241200
2024-06-03 05:00:00,103.713,103.363,103.363,20240900,20241200,20241200
2024-06-03 06:00:00,104.16,,,20240900,20241200,20241200
2024-06-03 07:00:00,104.235,,,20240900,20241200,20241200
2024-06-03 08:00:00,104.265,,,20240900,20241200,20241200
2024-06-03 09:00:00,104.285,,,20240900,20241200,20241200
2024-06-03 10:00:00,104.24,,,20240900,20241200,20241200
2024-06-03 11:00:00,104.18,,,20240900,20241200,20241200
2024-06-03 12:00:00,104.12,,,20240900,20241200,20241200
2024-06-03 13:00:00,104.12,,,20240900,20241200,20241200
2024-06-03 14:00:00,103.885,,,20240900,20241200,20241200
2024-06-03 15:00:00,103.73,,,20240900,20241200,20241200
2024-06-03 16:00:00,103.785,,,20240900,20241200,20241200
2024-06-03 17:00:00,103.79,,,20240900,20241200,20241200
2024-06-03 18:00:00,103.72,,,20240900,20241200,20241200
2024-06-03 20:00:00,103.645,,,20240900,20241200,20241200
2024-06-04 00:00:00,103.615,,,20240900,20241200,20241200
2024-06-04 01:00:00,103.665,,,20240900,20241200,20241200
2024-06-04 02:00:00,103.68,,,20240900,20241200,20241200
2024-06-04 04:00:00,103.65,,,20240900,20241200,20241200
2024-06-04 05:00:00,103.7,103.35,103.35,20240900,20241200,20241200
2024-06-04 06:00:00,103.705,,,20240900,20241200,20241200
2024-06-04 07:00:00,103.715,,,20240900,20241200,20241200
2024-06-04 08:00:00,103.8,,,20240900,20241200,20241200
2024-06-04 09:00:00,103.81,,,20240900,20241200,20241200
2024-06-04 10:00:00,103.875,,,20240900,20241200,20241200
2024-06-04 11:00:00,103.875,,,20240900,20241200,20241200
2024-06-04 12:00:00,103.875,,,20240900,20241200,20241200
2024-06-04 13:00:00,103.845,,,20240900,20241200,20241200
2024-06-04 14:00:00,103.725,,,20240900,20241200,20241200
2024-06-04 15:00:00,103.74,,,20240900,20241200,20241200
2024-06-04 16:00:00,103.73,,,20240900,20241200,20241200
2024-06-04 17:00:00,103.645,103.35,103.35,20240900,20241200,20241200
2024-06-04 18:00:00,103.7,,,20240900,20241200,20241200
2024-06-04 19:00:00,103.72,,,20240900,20241200,20241200
2024-06-04 20:00:00,103.755,,,20240900,20241200,20241200
2024-06-05 00:00:00,103.74,,,20240900,20241200,20241200
2024-06-05 01:00:00,103.75,,,20240900,20241200,20241200
2024-06-05 02:00:00,103.755,,,20240900,20241200,20241200
2024-06-05 03:00:00,103.79,,,20240900,20241200,20241200
2024-06-05 04:00:00,103.795,,,20240900,20241200,20241200
2024-06-05 05:00:00,103.815,103.519,103.519,20240900,20241200,20241200
2024-06-05 06:00:00,103.84,,,20240900,20241200,20241200
2024-06-05 07:00:00,103.905,,,20240900,20241200,20241200
2024-06-05 08:00:00,103.885,,,20240900,20241200,20241200
2024-06-05 09:00:00,103.88,,,20240900,20241200,20241200
2024-06-05 10:00:00,103.92,,,20240900,20241200,20241200
2024-06-05 11:00:00,103.92,,,20240900,20241200,20241200
2024-06-05 12:00:00,103.8,,,20240900,20241200,20241200
2024-06-05 13:00:00,103.78,,,20240900,20241200,20241200
2024-06-05 14:00:00,104.0,,,20240900,20241200,20241200
2024-06-05 15:00:00,103.96,,,20240900,20241200,20241200
2024-06-05 16:00:00,103.995,,,20240900,20241200,20241200
2024-06-05 17:00:00,103.94,,,20240900,20241200,20241200
2024-06-05 18:00:00,103.86,,,20240900,20241200,20241200
2024-06-05 19:00:00,103.86,,,20240900,20241200,20241200
2024-06-05 20:00:00,103.905,,,20240900,20241200,20241200
2024-06-06 00:00:00,103.775,,,20240900,20241200,20241200
2024-06-06 01:00:00,103.68,,,20240900,20241200,20241200
2024-06-06 02:00:00,103.7,,,20240900,20241200,20241200
2024-06-06 03:00:00,103.68,,,20240900,20241200,20241200
2024-06-06 04:00:00,103.745,,,20240900,20241200,20241200
2024-06-06 05:00:00,103.795,103.357,103.357,20240900,20241200,20241200
2024-06-06 06:00:00,103.825,,,20240900,20241200,20241200
2024-06-06 07:00:00,103.865,,,20240900,20241200,20241200
2024-06-06 08:00:00,103.875,,,20240900,20241200,20241200
2024-06-06 09:00:00,103.82,,,20240900,20241200,20241200
2024-06-06 10:00:00,103.86,,,20240900,20241200,20241200
2024-06-06 11:00:00,103.96,,,20240900,20241200,20241200
2024-06-06 12:00:00,103.865,,,20240900,20241200,20241200
2024-06-06 13:00:00,103.8,,,20240900,20241200,20241200
2024-06-06 14:00:00,103.905,,,20240900,20241200,20241200
2024-06-06 15:00:00,103.845,,,20240900,20241200,20241200
2024-06-06 16:00:00,103.835,,,20240900,20241200,20241200
2024-06-06 17:00:00,103.735,,,20240900,20241200,20241200
2024-06-06 18:00:00,103.7,,,20240900,20241200,20241200
2024-06-06 19:00:00,103.735,,,20240900,20241200,20241200
2024-06-06 20:00:00,103.725,,,20240900,20241200,20241200
2024-06-07 00:00:00,103.76,,,20240900,20241200,20241200
2024-06-07 01:00:00,103.76,,,20240900,20241200,20241200
2024-06-07 02:00:00,103.7,,,20240900,20241200,20241200
2024-06-07 04:00:00,103.7,,,20240900,20241200,20241200
2024-06-07 05:00:00,104.5,104.15,104.15,20240900,20241200,20241200
2024-06-07 06:00:00,103.655,,,20240900,20241200,20241200
2024-06-07 07:00:00,103.67,,,20240900,20241200,20241200
2024-06-07 08:00:00,103.73,,,20240900,20241200,20241200
2024-06-07 09:00:00,103.685,,,20240900,20241200,20241200
2024-06-07 11:00:00,103.655,,,20240900,20241200,20241200
2024-06-07 12:00:00,104.29,,,20240900,20241200,20241200
2024-06-07 13:00:00,104.42,,,20240900,20241200,20241200
2024-06-07 14:00:00,104.48,,,20240900,20241200,20241200
2024-06-07 15:00:00,104.48,,,20240900,20241200,20241200
2024-06-07 16:00:00,104.505,,,20240900,20241200,20241200
2024-06-07 17:00:00,104.49,,,20240900,20241200,20241200
2024-06-07 18:00:00,104.495,,,20240900,20241200,20241200
2024-06-07 19:00:00,104.55,,,20240900,20241200,20241200
2024-06-07 20:00:00,104.56,,,20240900,20241200,20241200
2024-06-09 22:00:00,104.745,,,20240900,20241200,20241200
2024-06-09 23:00:00,104.675,,,20240900,20241200,20241200
2024-06-10 00:00:00,104.7,,,20240900,20241200,20241200
2024-06-10 01:00:00,104.715,,,20240900,20241200,20241200
2024-06-10 02:00:00,104.76,,,20240900,20241200,20241200
2024-06-10 03:00:00,104.87,104.33,104.33,20240900,20241200,20241200
2024-06-10 04:00:00,104.865,,,20240900,20241200,20241200
2024-06-10 05:00:00,104.747,104.397,104.397,20240900,20241200,20241200
2024-06-10 06:00:00,104.89,,,20240900,20241200,20241200
2024-06-10 07:00:00,104.795,,,20240900,20241200,20241200
2024-06-10 08:00:00,104.855,,,20240900,20241200,20241200
2024-06-10 09:00:00,104.94,,,20240900,20241200,20241200
2024-06-10 10:00:00,104.96,,,20240900,20241200,20241200
2024-06-10 11:00:00,104.84,,,20240900,20241200,20241200
2024-06-10 12:00:00,104.92,,,20240900,20241200,20241200
2024-06-10 13:00:00,104.93,104.4,104.4,20240900,20241200,20241200
2024-06-10 14:00:00,104.945,,,20240900,20241200,20241200
2024-06-10 15:00:00,104.81,,,20240900,20241200,20241200
2024-06-10 16:00:00,104.805,,,20240900,20241200,20241200
2024-06-10 17:00:00,104.76,,,20240900,20241200,20241200
2024-06-10 18:00:00,104.76,,,20240900,20241200,20241200
2024-06-10 19:00:00,104.74,,,20240900,20241200,20241200
2024-06-10 20:00:00,104.71,,,20240900,20241200,20241200
2024-06-11 00:00:00,104.75,,,20240900,20241200,20241200
2024-06-11 01:00:00,104.74,,,20240900,20241200,20241200
2024-06-11 02:00:00,104.74,,,20240900,20241200,20241200
2024-06-11 03:00:00,104.725,,,20240900,20241200,20241200
2024-06-11 04:00:00,104.73,,,20240900,20241200,20241200
2024-06-11 05:00:00,104.73,104.467,104.467,20240900,20241200,20241200
2024-06-11 06:00:00,104.735,,,20240900,20241200,20241200
2024-06-11 07:00:00,104.78,,,20240900,20241200,20241200
2024-06-11 08:00:00,104.87,,,20240900,20241200,20241200
2024-06-11 09:00:00,104.845,,,20240900,20241200,20241200
2024-06-11 10:00:00,104.88,,,20240900,20241200,20241200
2024-06-11 11:00:00,104.955,,,20240900,20241200,20241200
2024-06-11 12:00:00,104.9,,,20240900,20241200,20241200
2024-06-11 13:00:00,105.015,,,20240900,20241200,20241200
2024-06-11 14:00:00,105.05,104.6,104.6,20240900,20241200,20241200
2024-06-11 15:00:00,104.97,,,20240900,20241200,20241200
2024-06-11 16:00:00,104.93,,,20240900,20241200,20241200
2024-06-11 17:00:00,104.86,,,20240900,20241200,20241200
2024-06-11 18:00:00,104.82,,,20240900,20241200,20241200
2024-06-11 19:00:00,104.85,,,20240900,20241200,20241200
2024-06-11 20:00:00,104.845,,,20240900,20241200,20241200
2024-06-12 00:00:00,104.91,,,20240900,20241200,20241200
2024-06-12 01:00:00,104.855,,,20240900,20241200,20241200
2024-06-12 02:00:00,104.855,,,20240900,20241200,20241200
2024-06-12 03:00:00,104.855,,,20240900,20241200,20241200
2024-06-12 04:00:00,104.885,,,20240900,20241200,20241200
2024-06-12 05:00:00,104.86,103.862,103.862,20240900,20241200,20241200
2024-06-12 06:00:00,104.87,,,20240900,20241200,20241200
2024-06-12 07:00:00,104.82,,,20240900,20241200,20241200
2024-06-12 08:00:00,104.81,,,20240900,20241200,20241200
2024-06-12 09:00:00,104.79,,,20240900,20241200,20241200
2024-06-12 10:00:00,104.73,,,20240900,20241200,20241200
2024-06-12 11:00:00,104.685,,,20240900,20241200,20241200
2024-06-12 12:00:00,104.005,,,20240900,20241200,20241200
2024-06-12 13:00:00,103.95,,,20240900,20241200,20241200
2024-06-12 14:00:00,103.89,,,20240900,20241200,20241200
2024-06-12 15:00:00,103.935,,,20240900,20241200,20241200
2024-06-12 16:00:00,103.905,103.7,103.7,20240900,20241200,20241200
2024-06-12 17:00:00,103.995,,,20240900,20241200,20241200
2024-06-12 18:00:00,104.22,,,20240900,20241200,20241200
2024-06-12 19:00:00,104.3,,,20240900,20241200,20241200
2024-06-12 20:00:00,104.28,,,20240900,20241200,20241200
2024-06-13 00:00:00,104.285,,,20240900,20241200,20241200
2024-06-13 01:00:00,104.365,,,20240900,20241200,20241200
2024-06-13 02:00:00,104.355,,,20240900,20241200,20241200
2024-06-13 03:00:00,104.37,,,20240900,20241200,20241200
2024-06-13 04:00:00,104.395,,,20240900,20241200,20241200
2024-06-13 05:00:00,104.802,104.452,104.452,20240900,20241200,20241200
2024-06-13 06:00:00,104.425,,,20240900,20241200,20241200
2024-06-13 07:00:00,104.335,,,20240900,20241200,20241200
2024-06-13 08:00:00,104.365,,,20240900,20241200,20241200
2024-06-13 09:00:00,104.4,,,20240900,20241200,20241200
2024-06-13 10:00:00,104.475,,,20240900,20241200,20241200
2024-06-13 11:00:00,104.56,,,20240900,20241200,20241200
2024-06-13 12:00:00,104.45,,,20240900,20241200,20241200
2024-06-13 13:00:00,104.525,104.22,104.22,20240900,20241200,20241200
2024-06-13 14:00:00,104.63,104.335,104.335,20240900,20241200,20241200
2024-06-13 15:00:00,104.695,104.37,104.37,20240900,20241200,20241200
2024-06-13 16:00:00,104.845,104.535,104.535,20240900,20241200,20241200
2024-06-13 17:00:00,104.79,104.485,104.485,20240900,20241200,20241200
2024-06-13 18:00:00,104.8,104.495,104.495,20240900,20241200,20241200
2024-06-13 19:00:00,104.805,104.51,104.51,20240900,20241200,20241200
2024-06-13 20:00:00,104.825,,,20240900,20241200,20241200
2024-06-14 00:00:00,104.885,,,20240900,20241200,20241200
2024-06-14 01:00:00,104.84,,,20240900,20241200,20241200
2024-06-14 02:00:00,104.83,,,20240900,20241200,20241200
2024-06-14 03:00:00,104.91,,,20240900,20241200,20241200
2024-06-14 04:00:00,104.945,,,20240900,20241200,20241200
2024-06-14 05:00:00,105.167,104.817,104.817,20240900,20241200,20241200
2024-06-14 06:00:00,105.035,,,20240900,20241200,20241200
2024-06-14 07:00:00,105.125,,,20240900,20241200,20241200
2024-06-14 08:00:00,105.205,,,20240900,20241200,20241200
2024-06-14 09:00:00,105.225,,,20240900,20241200,20241200
2024-06-14 10:00:00,105.15,,,20240900,20241200,20241200
2024-06-14 11:00:00,105.185,,,20240900,20241200,20241200
2024-06-14 12:00:00,105.255,,,20240900,20241200,20241200
2024-06-14 13:00:00,105.415,,,20240900,20241200,20241200
2024-06-14 14:00:00,105.285,,,20240900,20241200,20241200
2024-06-14 15:00:00,105.175,,,20240900,20241200,20241200
2024-06-14 16:00:00,105.16,,,20240900,20241200,20241200
2024-06-14 17:00:00,105.175,,,20240900,20241200,20241200
2024-06-14 18:00:00,105.17,,,20240900,20241200,20241200
2024-06-14 19:00:00,105.115,,,20240900,20241200,20241200
2024-06-14 20:00:00,105.135,,,20240900,20241200,20241200
2024-06-16 22:00:00,105.155,,,20240900,20241200,20241200
2024-06-16 23:00:00,105.175,,,20240900,20241200,20241200
2024-06-17 00:00:00,105.165,,,20240900,20241200,20241200
2024-06-17 01:00:00,105.18,,,20240900,20241200,20241200
2024-06-17 02:00:00,105.17,,,20240900,20241200,20241200
2024-06-17 03:00:00,105.165,,,20240900,20241200,20241200
2024-06-17 04:00:00,105.165,,,20240900,20241200,20241200
2024-06-17 05:00:00,104.944,104.594,104.594,20240900,20241200,20241200
2024-06-17 06:00:00,105.22,,,20240900,20241200,20241200
2024-06-17 07:00:00,105.225,,,20240900,20241200,20241200
2024-06-17 08:00:00,105.19,,,20240900,20241200,20241200
2024-06-17 09:00:00,105.175,,,20240900,20241200,20241200
2024-06-17 10:00:00,105.18,,,20240900,20241200,20241200
2024-06-17 11:00:00,105.215,,,20240900,20241200,20241200
2024-06-17 12:00:00,105.2,,,20240900,20241200,20241200
2024-06-17 13:00:00,105.17,,,20240900,20241200,20241200
2024-06-17 14:00:00,105.15,,,20240900,20241200,20241200
2024-06-17 15:00:00,105.095,,,20240900,20241200,20241200
2024-06-17 16:00:00,105.045,,,20240900,20241200,20241200
2024-06-17 17:00:00,105.025,,,20240900,20241200,20241200
2024-06-17 18:00:00,104.945,104.51,104.51,20240900,20241200,20241200
2024-06-17 19:00:00,104.955,,,20240900,20241200,20241200
2024-06-17 20:00:00,104.93,,,20240900,20241200,20241200
2024-06-18 00:00:00,104.895,,,20240900,20241200,20241200
2024-06-18 01:00:00,104.975,,,20240900,20241200,20241200
2024-06-18 02:00:00,105.0,104.7,104.7,20240900,20241200,20241200
2024-06-18 03:00:00,105.005,,,20240900,20241200,20241200
2024-06-18 04:00:00,105.035,,,20240900,20241200,20241200
2024-06-18 05:00:00,105.035,104.526,104.526,20240900,20241200,20241200
2024-06-18 06:00:00,104.97,,,20240900,20241200,20241200
2024-06-18 07:00:00,105.085,,,20240900,20241200,20241200
2024-06-18 08:00:00,105.13,,,20240900,20241200,20241200
2024-06-18 09:00:00,105.095,104.7,104.7,20240900,20241200,20241200
2024-06-18 10:00:00,105.115,,,20240900,20241200,20241200
2024-06-18 11:00:00,105.14,,,20240900,20241200,20241200
2024-06-18 12:00:00,104.97,,,20240900,20241200,20241200
2024-06-18 13:00:00,104.825,104.565,104.565,20240900,20241200,20241200
2024-06-18 14:00:00,104.93,,,20240900,20241200,20241200
2024-06-18 15:00:00,104.9,,,20240900,20241200,20241200
2024-06-18 16:00:00,104.88,,,20240900,20241200,20241200
2024-06-18 17:00:00,104.92,,,20240900,20241200,20241200
2024-06-18 18:00:00,104.88,,,20240900,20241200,20241200
2024-06-18 19:00:00,104.89,104.53,104.53,20240900,20241200,20241200
2024-06-18 20:00:00,104.895,,,20240900,20241200,20241200
2024-06-19 00:00:00,104.915,,,20240900,20241200,20241200
2024-06-19 01:00:00,104.87,,,20240900,20241200,20241200
2024-06-19 02:00:00,104.88,,,20240900,20241200,20241200
2024-06-19 03:00:00,104.905,,,20240900,20241200,20241200
2024-06-19 04:00:00,104.92,,,20240900,20241200,20241200
2024-06-19 05:00:00,104.876,104.526,104.526,20240900,20241200,20241200
2024-06-19 06:00:00,104.915,,,20240900,20241200,20241200
2024-06-19 07:00:00,104.87,,,20240900,20241200,20241200
2024-06-19 08:00:00,104.855,,,20240900,20241200,20241200
2024-06-19 09:00:00,104.885,,,20240900,20241200,20241200
2024-06-19 10:00:00,104.795,,,20240900,20241200,20241200
2024-06-19 11:00:00,104.8,,,20240900,20241200,20241200
2024-06-19 12:00:00,104.835,,,20240900,20241200,20241200
2024-06-19 13:00:00,104.84,,,20240900,20241200,20241200
2024-06-19 14:00:00,104.805,,,20240900,20241200,20241200
2024-06-19 15:00:00,104.815,,,20240900,20241200,20241200
2024-06-19 16:00:00,104.84,,,20240900,20241200,20241200
2024-06-19 17:00:00,104.86,,,20240900,20241200,20241200
2024-06-19 18:00:00,104.875,,,20240900,20241200,20241200
2024-06-19 19:00:00,104.86,,,20240900,20241200,20241200
2024-06-19 20:00:00,104.87,,,20240900,20241200,20241200
2024-06-20 00:00:00,104.875,,,20240900,20241200,20241200
2024-06-20 01:00:00,104.875,,,20240900,20241200,20241200
2024-06-20 02:00:00,104.925,,,20240900,20241200,20241200
2024-06-20 03:00:00,104.9,,,20240900,20241200,20241200
2024-06-20 04:00:00,104.905,,,20240900,20241200,20241200
2024-06-20 05:00:00,104.93,104.877,104.877,20240900,20241200,20241200
2024-06-20 06:00:00,104.975,,,20240900,20241200,20241200
2024-06-20 07:00:00,105.06,,,20240900,20241200,20241200
2024-06-20 08:00:00,105.135,,,20240900,20241200,20241200
2024-06-20 09:00:00,105.07,,,20240900,20241200,20241200
2024-06-20 10:00:00,105.05,,,20240900,20241200,20241200
2024-06-20 11:00:00,105.155,,,20240900,20241200,20241200
2024-06-20 12:00:00,105.125,104.73,104.73,20240900,20241200,20241200
2024-06-20 13:00:00,105.11,,,20240900,20241200,20241200
2024-06-20 14:00:00,105.105,,,20240900,20241200,20241200
2024-06-20 15:00:00,105.24,,,20240900,20241200,20241200
2024-06-20 16:00:00,105.26,104.83,104.83,20240900,20241200,20241200
2024-06-20 17:00:00,105.275,,,20240900,20241200,20241200
2024-06-20 18:00:00,105.23,,,20240900,20241200,20241200
2024-06-20 19:00:00,105.28,,,20240900,20241200,20241200
2024-06-20 20:00:00,105.315,104.95,104.95,20240900,20241200,20241200
2024-06-21 00:00:00,105.305,,,20240900,20241200,20241200
2024-06-21 01:00:00,105.265,104.92,104.92,20240900,20241200,20241200
2024-06-21 02:00:00,105.215,,,20240900,20241200,20241200
2024-06-21 03:00:00,105.215,,,20240900,20241200,20241200
2024-06-21 04:00:00,105.2,,,20240900,20241200,20241200
2024-06-21 05:00:00,105.443,104.855,104.855,20240900,20241200,20241200
2024-06-21 06:00:00,105.26,,,20240900,20241200,20241200
2024-06-21 07:00:00,105.46,,,20240900,20241200,20241200
2024-06-21 08:00:00,105.37,,,20240900,20241200,20241200
2024-06-21 09:00:00,105.345,,,20240900,20241200,20241200
2024-06-21 10:00:00,105.475,105.095,105.095,20240900,20241200,20241200
2024-06-21 11:00:00,105.405,105.09,105.09,20240900,20241200,20241200
2024-06-21 12:00:00,105.38,,,20240900,20241200,20241200
2024-06-21 13:00:00,105.505,105.1,105.1,20240900,20241200,20241200
2024-06-21 14:00:00,105.545,,,20240900,20241200,20241200
2024-06-21 15:00:00,105.445,105.12,105.12,20240900,20241200,20241200
2024-06-21 16:00:00,105.465,,,20240900,20241200,20241200
2024-06-21 17:00:00,105.455,,,20240900,20241200,20241200
2024-06-21 18:00:00,105.445,,,20240900,20241200,20241200
2024-06-21 19:00:00,105.47,,,20240900,20241200,20241200
2024-06-21 20:00:00,105.48,,,20240900,20241200,20241200
2024-06-23 22:00:00,105.5,,,20240900,20241200,20241200
2024-06-23 23:00:00,105.535,105.075,105.075,20240900,20241200,20241200
2024-06-24 00:00:00,105.495,,,20240900,20241200,20241200
2024-06-24 01:00:00,105.505,,,20240900,20241200,20241200
2024-06-24 02:00:00,105.495,,,20240900,20241200,20241200
2024-06-24 03:00:00,105.485,,,20240900,20241200,20241200
2024-06-24 04:00:00,105.465,,,20240900,20241200,20241200
2024-06-24 05:00:00,105.121,104.741,104.741,20240900,20241200,20241200
2024-06-24 06:00:00,105.39,,,20240900,20241200,20241200
2024-06-24 07:00:00,105.33,,,20240900,20241200,20241200
2024-06-24 08:00:00,105.325,,,20240900,20241200,20241200
2024-06-24 09:00:00,105.245,,,20240900,20241200,20241200
2024-06-24 10:00:00,105.205,104.82,104.82,20240900,20241200,20241200
2024-06-24 11:00:00,105.165,,,20240900,20241200,20241200
2024-06-24 12:00:00,105.16,104.8,104.8,20240900,20241200,20241200
2024-06-24 13:00:00,105.06,104.685,104.685,20240900,20241200,20241200
2024-06-24 14:00:00,105.17,104.68,104.68,20240900,20241200,20241200
2024-06-24 15:00:00,105.2,,,20240900,20241200,20241200
2024-06-24 16:00:00,105.19,,,20240900,20241200,20241200
2024-06-24 17:00:00,105.21,104.815,104.815,20240900,20241200,20241200
2024-06-24 18:00:00,105.125,104.755,104.755,20240900,20241200,20241200
2024-06-24 19:00:00,105.135,,,20240900,20241200,20241200
2024-06-24 20:00:00,105.145,,,20240900,20241200,20241200
2024-06-25 00:00:00,105.125,,,20240900,20241200,20241200
2024-06-25 01:00:00,105.12,,,20240900,20241200,20241200
2024-06-25 02:00:00,105.09,,,20240900,20241200,20241200
2024-06-25 03:00:00,105.08,,,20240900,20241200,20241200
2024-06-25 04:00:00,105.08,,,20240900,20241200,20241200
2024-06-25 05:00:00,105.06,104.879,104.879,20240900,20241200,20241200
2024-06-25 06:00:00,105.125,,,20240900,20241200,20241200
2024-06-25 07:00:00,105.155,,,20240900,20241200,20241200
2024-06-25 08:00:00,105.105,,,20240900,20241200,20241200
2024-06-25 09:00:00,105.175,,,20240900,20241200,20241200
2024-06-25 10:00:00,105.185,,,20240900,20241200,20241200
2024-06-25 11:00:00,105.29,104.85,104.85,20240900,20241200,20241200
2024-06-25 12:00:00,105.335,104.895,104.895,20240900,20241200,20241200
2024-06-25 13:00:00,105.335,,,20240900,20241200,20241200
2024-06-25 14:00:00,105.38,105.045,105.045,20240900,20241200,20241200
2024-06-25 15:00:00,105.35,104.94,104.94,20240900,20241200,20241200
2024-06-25 16:00:00,105.36,105.005,105.005,20240900,20241200,20241200
2024-06-25 17:00:00,105.28,,,20240900,20241200,20241200
2024-06-25 18:00:00,105.26,,,20240900,20241200,20241200
2024-06-25 19:00:00,105.255,,,20240900,20241200,20241200
2024-06-25 20:00:00,105.285,,,20240900,20241200,20241200
2024-06-26 00:00:00,105.315,,,20240900,20241200,20241200
2024-06-26 01:00:00,105.285,,,20240900,20241200,20241200
2024-06-26 02:00:00,105.325,,,20240900,20241200,20241200
2024-06-26 03:00:00,105.325,,,20240900,20241200,20241200
2024-06-26 04:00:00,105.325,,,20240900,20241200,20241200
2024-06-26 05:00:00,105.714,105.334,105.334,20240900,20241200,20241200
2024-06-26 06:00:00,105.435,,,20240900,20241200,20241200
2024-06-26 07:00:00,105.46,105.16,105.16,20240900,20241200,20241200
2024-06-26 08:00:00,105.48,,,20240900,20241200,20241200
2024-06-26 09:00:00,105.515,105.15,105.15,20240900,20241200,20241200
2024-06-26 10:00:00,105.595,,,20240900,20241200,20241200
2024-06-26 11:00:00,105.54,,,20240900,20241200,20241200
2024-06-26 12:00:00,105.665,105.26,105.26,20240900,20241200,20241200
2024-06-26 13:00:00,105.695,105.345,105.345,20240900,20241200,20241200
2024-06-26 14:00:00,105.685,105.3,105.3,20240900,20241200,20241200
2024-06-26 15:00:00,105.695,,,20240900,20241200,20241200
2024-06-26 16:00:00,105.69,105.25,105.25,20240900,20241200,20241200
2024-06-26 17:00:00,105.65,105.25,105.25,20240900,20241200,20241200
2024-06-26 18:00:00,105.71,,,20240900,20241200,20241200
2024-06-26 19:00:00,105.71,105.35,105.35,20240900,20241200,20241200
2024-06-26 20:00:00,105.72,,,20240900,20241200,20241200
2024-06-27 00:00:00,105.755,,,20240900,20241200,20241200
2024-06-27 01:00:00,105.65,,,20240900,20241200,20241200
2024-06-27 02:00:00,105.65,,,20240900,20241200,20241200
2024-06-27 03:00:00,105.63,,,20240900,20241200,20241200
2024-06-27 04:00:00,105.585,,,20240900,20241200,20241200
2024-06-27 05:00:00,105.571,105.191,105.191,20240900,20241200,20241200
2024-06-27 06:00:00,105.595,,,20240900,20241200,20241200
2024-06-27 07:00:00,105.645,,,20240900,20241200,20241200
2024-06-27 08:00:00,105.65,,,20240900,20241200,20241200
2024-06-27 09:00:00,105.575,105.235,105.235,20240900,20241200,20241200
2024-06-27 10:00:00,105.535,105.215,105.215,20240900,20241200,20241200
2024-06-27 11:00:00,105.625,105.185,105.185,20240900,20241200,20241200
2024-06-27 12:00:00,105.43,,,20240900,20241200,20241200
2024-06-27 13:00:00,105.425,,,20240900,20241200,20241200
2024-06-27 14:00:00,105.505,,,20240900,20241200,20241200
2024-06-27 15:00:00,105.55,,,20240900,20241200,20241200
2024-06-27 16:00:00,105.555,,,20240900,20241200,20241200
2024-06-27 17:00:00,105.57,,,20240900,20241200,20241200
2024-06-27 18:00:00,105.575,,,20240900,20241200,20241200
2024-06-27 19:00:00,105.6,,,20240900,20241200,20241200
2024-06-27 20:00:00,105.595,,,20240900,20241200,20241200
2024-06-28 00:00:00,105.705,,,20240900,20241200,20241200
2024-06-28 01:00:00,105.745,105.355,105.355,20240900,20241200,20241200
2024-06-28 02:00:00,105.69,,,20240900,20241200,20241200
2024-06-28 03:00:00,105.725,105.265,105.265,20240900,20241200,20241200
2024-06-28 04:00:00,105.775,105.435,105.435,20240900,20241200,20241200
2024-06-28 05:00:00,105.545,105.165,105.165,20240900,20241200,20241200
2024-06-28 06:00:00,105.67,105.37,105.37,20240900,20241200,20241200
2024-06-28 07:00:00,105.67,105.255,105.255,20240900,20241200,20241200
2024-06-28 08:00:00,105.67,,,20240900,20241200,20241200
2024-06-28 09:00:00,105.55,,,20240900,20241200,20241200
2024-06-28 10:00:00,105.52,,,20240900,20241200,20241200
2024-06-28 11:00:00,105.64,,,20240900,20241200,20241200
2024-06-28 12:00:00,105.555,,,20240900,20241200,20241200
2024-06-28 13:00:00,105.6,105.21,105.21,20240900,20241200,20241200
2024-06-28 14:00:00,105.495,105.3,105.3,20240900,20241200,20241200
2024-06-28 15:00:00,105.55,105.14,105.14,20240900,20241200,20241200
2024-06-28 16:00:00,105.51,,,20240900,20241200,20241200
2024-06-28 17:00:00,105.52,,,20240900,20241200,20241200
2024-06-28 18:00:00,105.545,,,20240900,20241200,20241200
2024-06-28 19:00:00,105.545,,,20240900,20241200,20241200
2024-06-28 20:00:00,105.53,,,20240900,20241200,20241200
2024-06-30 22:00:00,105.39,,,20240900,20241200,20241200
2024-06-30 23:00:00,105.415,,,20240900,20241200,20241200
2024-07-01 00:00:00,105.355,104.975,104.975,20240900,20241200,20241200
2024-07-01 01:00:00,105.305,,,20240900,20241200,20241200
2024-07-01 02:00:00,105.27,,,20240900,20241200,20241200
2024-07-01 03:00:00,105.305,,,20240900,20241200,20241200
2024-07-01 04:00:00,105.3,,,20240900,20241200,20241200
2024-07-01 05:00:00,105.587,104.94,104.94,20240900,20241200,20241200
2024-07-01 06:00:00,105.155,104.72,104.72,20240900,20241200,20241200
2024-07-01 07:00:00,105.305,,,20240900,20241200,20241200
2024-07-01 08:00:00,105.19,,,20240900,20241200,20241200
2024-07-01 09:00:00,105.28,,,20240900,20241200,20241200
2024-07-01 10:00:00,105.345,,,20240900,20241200,20241200
2024-07-01 11:00:00,105.33,,,20240900,20241200,20241200
2024-07-01 12:00:00,105.395,105.0,105.0,20240900,20241200,20241200
2024-07-01 13:00:00,105.305,104.9,104.9,20240900,20241200,20241200
2024-07-01 14:00:00,105.57,105.16,105.16,20240900,20241200,20241200
2024-07-01 15:00:00,105.59,,,20240900,20241200,20241200
2024-07-01 16:00:00,105.55,105.19,105.19,20240900,20241200,20241200
2024-07-01 17:00:00,105.575,105.15,105.15,20240900,20241200,20241200
2024-07-01 18:00:00,105.585,,,20240900,20241200,20241200
2024-07-01 19:00:00,105.52,,,20240900,20241200,20241200
2024-07-01 20:00:00,105.495,,,20240900,20241200,20241200
2024-07-02 00:00:00,105.57,,,20240900,20241200,20241200
2024-07-02 01:00:00,105.575,,,20240900,20241200,20241200
2024-07-02 02:00:00,105.58,,,20240900,20241200,20241200
2024-07-02 03:00:00,105.615,,,20240900,20241200,20241200
2024-07-02 04:00:00,105.625,105.21,105.21,20240900,20241200,20241200
2024-07-02 05:00:00,105.407,105.017,105.017,20240900,20241200,20241200
2024-07-02 06:00:00,105.645,,,20240900,20241200,20241200
2024-07-02 07:00:00,105.69,,,20240900,20241200,20241200
2024-07-02 08:00:00,105.66,,,20240900,20241200,20241200
2024-07-02 09:00:00,105.71,,,20240900,20241200,20241200
2024-07-02 10:00:00,105.68,105.32,105.32,20240900,20241200,20241200
2024-07-02 11:00:00,105.625,,,20240900,20241200,20241200
2024-07-02 12:00:00,105.555,,,20240900,20241200,20241200
2024-07-02 13:00:00,105.43,105.07,105.07,20240900,20241200,20241200
2024-07-02 14:00:00,105.435,,,20240900,20241200,20241200
2024-07-02 15:00:00,105.485,,,20240900,20241200,20241200
2024-07-02 16:00:00,105.525,,,20240900,20241200,20241200
2024-07-02 17:00:00,105.45,,,20240900,20241200,20241200
2024-07-02 18:00:00,105.41,,,20240900,20241200,20241200
2024-07-02 19:00:00,105.365,,,20240900,20241200,20241200
2024-07-02 20:00:00,105.375,,,20240900,20241200,20241200
2024-07-03 00:00:00,105.365,,,20240900,20241200,20241200
2024-07-03 01:00:00,105.42,,,20240900,20241200,20241200
2024-07-03 02:00:00,105.405,,,20240900,20241200,20241200
2024-07-03 03:00:00,105.4,,,20240900,20241200,20241200
2024-07-03 04:00:00,105.42,,,20240900,20241200,20241200
2024-07-03 05:00:00,105.475,104.722,104.722,20240900,20241200,20241200
2024-07-03 06:00:00,105.4,,,20240900,20241200,20241200
2024-07-03 07:00:00,105.3,,,20240900,20241200,20241200
2024-07-03 08:00:00,105.31,,,20240900,20241200,20241200
2024-07-03 09:00:00,105.335,,,20240900,20241200,20241200
2024-07-03 10:00:00,105.315,,,20240900,20241200,20241200
2024-07-03 11:00:00,105.31,,,20240900,20241200,20241200
2024-07-03 12:00:00,105.175,104.815,104.815,20240900,20241200,20241200
2024-07-03 13:00:00,105.035,104.7,104.7,20240900,20241200,20241200
2024-07-03 14:00:00,104.855,104.5,104.5,20240900,20241200,20241200
2024-07-03 15:00:00,104.9,,,20240900,20241200,20241200
2024-07-03 16:00:00,104.945,104.54,104.54,20240900,20241200,20241200
2024-07-03 17:00:00,105.035,104.63,104.63,20240900,20241200,20241200
2024-07-03 18:00:00,105.075,,,20240900,20241200,20241200
2024-07-03 19:00:00,105.035,,,20240900,20241200,20241200
2024-07-03 20:00:00,105.02,,,20240900,20241200,20241200
2024-07-04 00:00:00,104.96,,,20240900,20241200,20241200
2024-07-04 01:00:00,104.965,,,20240900,20241200,20241200
2024-07-04 02:00:00,104.99,,,20240900,20241200,20241200
2024-07-04 03:00:00,105.02,,,20240900,20241200,20241200
2024-07-04 04:00:00,105.025,,,20240900,20241200,20241200
2024-07-04 05:00:00,105.077,104.722,104.722,20240900,20241200,20241200
2024-07-04 06:00:00,104.96,,,20240900,20241200,20241200
2024-07-04 07:00:00,104.945,,,20240900,20241200,20241200
2024-07-04 08:00:00,104.895,,,20240900,20241200,20241200
2024-07-04 09:00:00,104.915,,,20240900,20241200,20241200
2024-07-04 10:00:00,104.865,,,20240900,20241200,20241200
2024-07-04 11:00:00,104.88,,,20240900,20241200,20241200
2024-07-04 12:00:00,104.895,,,20240900,20241200,20241200
2024-07-04 13:00:00,104.875,,,20240900,20241200,20241200
2024-07-04 14:00:00,104.835,,,20240900,20241200,20241200
2024-07-04 15:00:00,104.815,,,20240900,20241200,20241200
2024-07-04 16:00:00,104.805,,,20240900,20241200,20241200
2024-07-04 17:00:00,104.805,,,20240900,20241200,20241200
2024-07-04 18:00:00,104.815,,,20240900,20241200,20241200
2024-07-04 19:00:00,104.805,,,20240900,20241200,20241200
2024-07-04 20:00:00,104.825,,,20240900,20241200,20241200
2024-07-05 00:00:00,104.79,104.465,104.465,20240900,20241200,20241200
2024-07-05 01:00:00,104.77,,,20240900,20241200,20241200
2024-07-05 02:00:00,104.755,,,20240900,20241200,20241200
2024-07-05 03:00:00,104.69,104.375,104.375,20240900,20241200,20241200
2024-07-05 04:00:00,104.68,,,20240900,20241200,20241200
2024-07-05 05:00:00,104.548,104.168,104.168,20240900,20241200,20241200
2024-07-05 06:00:00,104.705,104.285,104.285,20240900,20241200,20241200
2024-07-05 07:00:00,104.645,,,20240900,20241200,20241200
2024-07-05 08:00:00,104.64,,,20240900,20241200,20241200
2024-07-05 09:00:00,104.64,104.255,104.255,20240900,20241200,20241200
2024-07-05 10:00:00,104.67,,,20240900,20241200,20241200
2024-07-05 11:00:00,104.71,,,20240900,20241200,20241200
2024-07-05 12:00:00,104.62,104.25,104.25,20240900,20241200,20241200
2024-07-05 13:00:00,104.755,,,20240900,20241200,20241200
2024-07-05 14:00:00,104.685,104.315,104.315,20240900,20241200,20241200
2024-07-05 15:00:00,104.625,,,20240900,20241200,20241200
2024-07-05 16:00:00,104.67,104.33,104.33,20240900,20241200,20241200
2024-07-05 17:00:00,104.64,,,20240900,20241200,20241200
2024-07-05 18:00:00,104.54,104.26,104.26,20240900,20241200,20241200
2024-07-05 19:00:00,104.525,104.155,104.155,20240900,20241200,20241200
2024-07-05 20:00:00,104.54,,,20240900,20241200,20241200
2024-07-07 22:00:00,104.645,104.25,104.25,20240900,20241200,20241200
2024-07-07 23:00:00,104.63,,,20240900,20241200,20241200
2024-07-08 00:00:00,104.66,,,20240900,20241200,20241200
2024-07-08 01:00:00,104.585,,,20240900,20241200,20241200
2024-07-08 02:00:00,104.595,,,20240900,20241200,20241200
2024-07-08 03:00:00,104.565,,,20240900,20241200,20241200
2024-07-08 04:00:00,104.59,,,20240900,20241200,20241200
2024-07-08 05:00:00,104.668,104.288,104.288,20240900,20241200,20241200
2024-07-08 06:00:00,104.675,,,20240900,20241200,20241200
2024-07-08 07:00:00,104.58,,,20240900,20241200,20241200
2024-07-08 08:00:00,104.59,,,20240900,20241200,20241200
2024-07-08 09:00:00,104.58,,,20240900,20241200,20241200
2024-07-08 10:00:00,104.63,,,20240900,20241200,20241200
2024-07-08 11:00:00,104.605,,,20240900,20241200,20241200
2024-07-08 12:00:00,104.49,,,20240900,20241200,20241200
2024-07-08 13:00:00,104.5,,,20240900,20241200,20241200
2024-07-08 14:00:00,104.565,104.23,104.23,20240900,20241200,20241200
2024-07-08 15:00:00,104.605,,,20240900,20241200,20241200
2024-07-08 16:00:00,104.605,,,20240900,20241200,20241200
2024-07-08 17:00:00,104.61,,,20240900,20241200,20241200
2024-07-08 18:00:00,104.665,,,20240900,20241200,20241200
2024-07-08 19:00:00,104.68,,,20240900,20241200,20241200
2024-07-08 20:00:00,104.675,,,20240900,20241200,20241200
2024-07-09 00:00:00,104.685,,,20240900,20241200,20241200
2024-07-09 01:00:00,104.72,,,20240900,20241200,20241200
2024-07-09 02:00:00,104.71,104.365,104.365,20240900,20241200,20241200
2024-07-09 03:00:00,104.7,,,20240900,20241200,20241200
2024-07-09 04:00:00,104.67,,,20240900,20241200,20241200
2024-07-09 05:00:00,104.807,104.427,104.427,20240900,20241200,20241200
2024-07-09 06:00:00,104.695,,,20240900,20241200,20241200
2024-07-09 07:00:00,104.75,,,20240900,20241200,20241200
2024-07-09 08:00:00,104.73,,,20240900,20241200,20241200
2024-07-09 09:00:00,104.71,,,20240900,20241200,20241200
2024-07-09 10:00:00,104.71,,,20240900,20241200,20241200
2024-07-09 11:00:00,104.79,,,20240900,20241200,20241200
2024-07-09 12:00:00,104.765,,,20240900,20241200,20241200
2024-07-09 13:00:00,104.695,,,20240900,20241200,20241200
2024-07-09 14:00:00,104.805,,,20240900,20241200,20241200
2024-07-09 15:00:00,104.835,,,20240900,20241200,20241200
2024-07-09 16:00:00,104.84,,,20240900,20241200,20241200
2024-07-09 17:00:00,104.845,,,20240900,20241200,20241200
2024-07-09 18:00:00,104.805,,,20240900,20241200,20241200
2024-07-09 19:00:00,104.8,,,20240900,20241200,20241200
2024-07-09 20:00:00,104.805,,,20240900,20241200,20241200
2024-07-10 00:00:00,104.84,104.485,104.485,20240900,20241200,20241200
2024-07-10 01:00:00,104.82,,,20240900,20241200,20241200
2024-07-10 02:00:00,104.81,,,20240900,20241200,20241200
2024-07-10 03:00:00,104.78,,,20240900,20241200,20241200
2024-07-10 04:00:00,104.775,,,20240900,20241200,20241200
2024-07-10 05:00:00,104.729,104.339,104.339,20240900,20241200,20241200
2024-07-10 06:00:00,104.755,,,20240900,20241200,20241200
2024-07-10 07:00:00,104.81,,,20240900,20241200,20241200
2024-07-10 08:00:00,104.81,104.455,104.455,20240900,20241200,20241200
2024-07-10 09:00:00,104.78,,,20240900,20241200,20241200
2024-07-10 10:00:00,104.755,,,20240900,20241200,20241200
2024-07-10 11:00:00,104.735,,,20240900,20241200,20241200
2024-07-10 12:00:00,104.715,,,20240900,20241200,20241200
2024-07-10 13:00:00,104.75,,,20240900,20241200,20241200
2024-07-10 14:00:00,104.75,104.355,104.355,20240900,20241200,20241200
2024-07-10 15:00:00,104.74,104.35,104.35,20240900,20241200,20241200
2024-07-10 16:00:00,104.71,,,20240900,20241200,20241200
2024-07-10 17:00:00,104.755,,,20240900,20241200,20241200
2024-07-10 18:00:00,104.73,104.38,104.38,20240900,20241200,20241200
2024-07-10 19:00:00,104.705,,,20240900,20241200,20241200
2024-07-10 20:00:00,104.7,,,20240900,20241200,20241200
2024-07-11 00:00:00,104.66,,,20240900,20241200,20241200
2024-07-11 01:00:00,104.62,,,20240900,20241200,20241200
2024-07-11 02:00:00,104.645,,,20240900,20241200,20241200
2024-07-11 03:00:00,104.635,,,20240900,20241200,20241200
2024-07-11 04:00:00,104.66,,,20240900,20241200,20241200
2024-07-11 05:00:00,104.131,103.746,103.746,20240900,20241200,20241200
2024-07-11 06:00:00,104.69,,,20240900,20241200,20241200
2024-07-11 07:00:00,104.64,,,20240900,20241200,20241200
2024-07-11 08:00:00,104.56,104.2,104.2,20240900,20241200,20241200
2024-07-11 09:00:00,104.57,,,20240900,20241200,20241200
2024-07-11 10:00:00,104.56,,,20240900,20241200,20241200
2024-07-11 11:00:00,104.52,104.16,104.16,20240900,20241200,20241200
2024-07-11 12:00:00,103.96,103.56,103.56,20240900,20241200,20241200
2024-07-11 13:00:00,103.955,103.56,103.56,20240900,20241200,20241200
2024-07-11 14:00:00,104.01,103.67,103.67,20240900,20241200,20241200
2024-07-11 15:00:00,104.09,103.72,103.72,20240900,20241200,20241200
2024-07-11 16:00:00,104.125,103.775,103.775,20240900,20241200,20241200
2024-07-11 17:00:00,104.2,103.8,103.8,20240900,20241200,20241200
2024-07-11 18:00:00,104.13,,,20240900,20241200,20241200
2024-07-11 19:00:00,104.155,,,20240900,20241200,20241200
2024-07-11 20:00:00,104.14,,,20240900,20241200,20241200
2024-07-12 00:00:00,104.17,,,20240900,20241200,20241200
2024-07-12 01:00:00,104.235,,,20240900,20241200,20241200
2024-07-12 02:00:00,104.22,,,20240900,20241200,20241200
2024-07-12 03:00:00,104.175,,,20240900,20241200,20241200
2024-07-12 04:00:00,104.165,,,20240900,20241200,20241200
2024-07-12 05:00:00,104.155,103.398,103.398,20240900,20241200,20241200
2024-07-12 06:00:00,104.21,,,20240900,20241200,20241200
2024-07-12 07:00:00,104.135,,,20240900,20241200,20241200
2024-07-12 08:00:00,104.04,,,20240900,20241200,20241200
2024-07-12 09:00:00,104.05,,,20240900,20241200,20241200
2024-07-12 10:00:00,104.01,103.61,103.61,20240900,20241200,20241200
2024-07-12 11:00:00,104.02,,,20240900,20241200,20241200
2024-07-12 12:00:00,103.99,,,20240900,20241200,20241200
2024-07-12 13:00:00,103.89,103.495,103.495,20240900,20241200,20241200
2024-07-12 14:00:00,103.74,103.38,103.38,20240900,20241200,20241200
2024-07-12 15:00:00,103.81,103.395,103.395,20240900,20241200,20241200
2024-07-12 16:00:00,103.79,103.47,103.47,20240900,20241200,20241200
2024-07-12 17:00:00,103.79,103.455,103.455,20240900,20241200,20241200
2024-07-12 18:00:00,103.78,,,20240900,20241200,20241200
2024-07-12 19:00:00,103.78,,,20240900,20241200,20241200
2024-07-12 20:00:00,103.75,,,20240900,20241200,20241200
2024-07-14 22:00:00,103.975,103.61,103.61,20240900,20241200,20241200
2024-07-14 23:00:00,103.985,103.635,103.635,20240900,20241200,20241200
2024-07-15 00:00:00,103.95,103.625,103.625,20240900,20241200,20241200
2024-07-15 01:00:00,103.94,103.605,103.605,20240900,20241200,20241200
2024-07-15 02:00:00,103.92,,,20240900,20241200,20241200
2024-07-15 03:00:00,103.895,,,20240900,20241200,20241200
2024-07-15 04:00:00,103.9,,,20240900,20241200,20241200
2024-07-15 05:00:00,103.9,103.512,103.512,20240900,20241200,20241200
2024-07-15 06:00:00,103.95,,,20240900,20241200,20241200
2024-07-15 07:00:00,103.885,103.54,103.54,20240900,20241200,20241200
2024-07-15 08:00:00,103.77,,,20240900,20241200,20241200
2024-07-15 09:00:00,103.785,,,20240900,20241200,20241200
2024-07-15 10:00:00,103.8,,,20240900,20241200,20241200
2024-07-15 11:00:00,103.845,,,20240900,20241200,20241200
2024-07-15 12:00:00,103.835,,,20240900,20241200,20241200
2024-07-15 13:00:00,103.765,,,20240900,20241200,20241200
2024-07-15 14:00:00,103.76,103.465,103.465,20240900,20241200,20241200
2024-07-15 15:00:00,103.805,103.46,103.46,20240900,20241200,20241200
2024-07-15 16:00:00,103.835,,,20240900,20241200,20241200
2024-07-15 17:00:00,103.95,,,20240900,20241200,20241200
2024-07-15 18:00:00,103.88,,,20240900,20241200,20241200
2024-07-15 19:00:00,103.915,103.54,103.54,20240900,20241200,20241200
2024-07-15 20:00:00,103.95,,,20240900,20241200,20241200
2024-07-16 00:00:00,104.005,,,20240900,20241200,20241200
2024-07-16 01:00:00,104.01,,,20240900,20241200,20241200
2024-07-16 02:00:00,104.035,103.66,103.66,20240900,20241200,20241200
2024-07-16 03:00:00,104.02,,,20240900,20241200,20241200
2024-07-16 04:00:00,104.025,,,20240900,20241200,20241200
2024-07-16 05:00:00,104.06,103.594,103.594,20240900,20241200,20241200
2024-07-16 06:00:00,104.055,,,20240900,20241200,20241200
2024-07-16 07:00:00,103.975,,,20240900,20241200,20241200
2024-07-16 08:00:00,103.97,,,20240900,20241200,20241200
2024-07-16 09:00:00,103.965,,,20240900,20241200,20241200
2024-07-16 10:00:00,103.975,,,20240900,20241200,20241200
2024-07-16 11:00:00,103.925,103.625,103.625,20240900,20241200,20241200
2024-07-16 12:00:00,104.14,,,20240900,20241200,20241200
2024-07-16 13:00:00,104.09,,,20240900,20241200,20241200
2024-07-16 14:00:00,104.13,103.81,103.81,20240900,20241200,20241200
2024-07-16 15:00:00,104.08,103.745,103.745,20240900,20241200,20241200
2024-07-16 16:00:00,104.045,,,20240900,20241200,20241200
2024-07-16 17:00:00,104.01,,,20240900,20241200,20241200
2024-07-16 18:00:00,103.965,,,20240900,20241200,20241200
2024-07-16 19:00:00,103.915,103.575,103.575,20240900,20241200,20241200
2024-07-16 20:00:00,103.915,,,20240900,20241200,20241200
2024-07-17 00:00:00,103.965,,,20240900,20241200,20241200
2024-07-17 01:00:00,103.92,,,20240900,20241200,20241200
2024-07-17 02:00:00,103.905,103.545,103.545,20240900,20241200,20241200
2024-07-17 03:00:00,103.895,,,20240900,20241200,20241200
2024-07-17 04:00:00,103.915,,,20240900,20241200,20241200
2024-07-17 05:00:00,103.443,103.073,103.073,20240900,20241200,20241200
2024-07-17 06:00:00,103.89,103.49,103.49,20240900,20241200,20241200
2024-07-17 07:00:00,103.73,103.33,103.33,20240900,20241200,20241200
2024-07-17 08:00:00,103.41,103.07,103.07,20240900,20241200,20241200
2024-07-17 09:00:00,103.385,103.01,103.01,20240900,20241200,20241200
2024-07-17 10:00:00,103.5,103.01,103.01,20240900,20241200,20241200
2024-07-17 11:00:00,103.455,103.055,103.055,20240900,20241200,20241200
2024-07-17 12:00:00,103.43,103.11,103.11,20240900,20241200,20241200
2024-07-17 13:00:00,103.395,102.99,102.99,20240900,20241200,20241200
2024-07-17 14:00:00,103.505,103.13,103.13,20240900,20241200,20241200
2024-07-17 15:00:00,103.515,103.17,103.17,20240900,20241200,20241200
2024-07-17 16:00:00,103.515,103.14,103.14,20240900,20241200,20241200
2024-07-17 17:00:00,103.52,103.135,103.135,20240900,20241200,20241200
2024-07-17 18:00:00,103.445,103.06,103.06,20240900,20241200,20241200
2024-07-17 19:00:00,103.45,,,20240900,20241200,20241200
2024-07-17 20:00:00,103.43,,,20240900,20241200,20241200
2024-07-18 00:00:00,103.415,,,20240900,20241200,20241200
2024-07-18 01:00:00,103.485,,,20240900,20241200,20241200
2024-07-18 02:00:00,103.49,103.115,103.115,20240900,20241200,20241200
2024-07-18 03:00:00,103.52,103.14,103.14,20240900,20241200,20241200
2024-07-18 04:00:00,103.495,,,20240900,20241200,20241200
2024-07-18 05:00:00,103.885,103.515,103.515,20240900,20241200,20241200
2024-07-18 06:00:00,103.495,,,20240900,20241200,20241200
2024-07-18 07:00:00,103.51,103.135,103.135,20240900,20241200,20241200
2024-07-18 08:00:00,103.54,,,20240900,20241200,20241200
2024-07-18 09:00:00,103.535,,,20240900,20241200,20241200
2024-07-18 10:00:00,103.51,103.14,103.14,20240900,20241200,20241200
2024-07-18 11:00:00,103.565,,,20240900,20241200,20241200
2024-07-18 12:00:00,103.55,103.125,103.125,20240900,20241200,20241200
2024-07-18 13:00:00,103.665,,,20240900,20241200,20241200
2024-07-18 14:00:00,103.67,103.3,103.3,20240900,20241200,20241200
2024-07-18 15:00:00,103.725,,,20240900,20241200,20241200
2024-07-18 16:00:00,103.725,103.375,103.375,20240900,20241200,20241200
2024-07-18 17:00:00,103.8,103.39,103.39,20240900,20241200,20241200
2024-07-18 18:00:00,103.885,103.525,103.525,20240900,20241200,20241200
2024-07-18 19:00:00,103.905,103.545,103.545,20240900,20241200,20241200
2024-07-18 20:00:00,103.91,103.55,103.55,20240900,20241200,20241200
2024-07-19 00:00:00,103.93,103.535,103.535,20240900,20241200,20241200
2024-07-19 01:00:00,103.98,103.6,103.6,20240900,20241200,20241200
2024-07-19 02:00:00,103.96,103.62,103.62,20240900,20241200,20241200
2024-07-19 03:00:00,103.97,,,20240900,20241200,20241200
2024-07-19 04:00:00,103.995,,,20240900,20241200,20241200
2024-07-19 05:00:00,104.005,103.742,103.742,20240900,20241200,20241200
2024-07-19 06:00:00,103.99,,,20240900,20241200,20241200
2024-07-19 07:00:00,104.0,103.665,103.665,20240900,20241200,20241200
2024-07-19 08:00:00,104.065,103.695,103.695,20240900,20241200,20241200
2024-07-19 09:00:00,104.09,,,20240900,20241200,20241200
2024-07-19 10:00:00,104.055,103.655,103.655,20240900,20241200,20241200
2024-07-19 11:00:00,103.995,,,20240900,20241200,20241200
2024-07-19 12:00:00,104.05,103.68,103.68,20240900,20241200,20241200
2024-07-19 13:00:00,104.08,103.725,103.725,20240900,20241200,20241200
2024-07-19 14:00:00,104.015,103.675,103.675,20240900,20241200,20241200
2024-07-19 15:00:00,104.03,103.66,103.66,20240900,20241200,20241200
2024-07-19 16:00:00,104.06,103.66,103.66,20240900,20241200,20241200
2024-07-19 17:00:00,104.06,103.67,103.67,20240900,20241200,20241200
2024-07-19 18:00:00,104.115,103.745,103.745,20240900,20241200,20241200
2024-07-19 19:00:00,104.1,,,20240900,20241200,20241200
2024-07-19 20:00:00,104.065,,,20240900,20241200,20241200
2024-07-21 22:00:00,103.92,,,20240900,20241200,20241200
2024-07-21 23:00:00,103.92,103.555,103.555,20240900,20241200,20241200
2024-07-22 00:00:00,103.99,103.6,103.6,20240900,20241200,20241200
2024-07-22 01:00:00,104.065,,,20240900,20241200,20241200
2024-07-22 02:00:00,104.025,103.705,103.705,20240900,20241200,20241200
2024-07-22 03:00:00,104.03,,,20240900,20241200,20241200
2024-07-22 04:00:00,104.045,,,20240900,20241200,20241200
2024-07-22 05:00:00,104.055,103.667,103.667,20240900,20241200,20241200
2024-07-22 06:00:00,104.005,103.61,103.61,20240900,20241200,20241200
2024-07-22 07:00:00,103.99,,,20240900,20241200,20241200
2024-07-22 08:00:00,103.985,,,20240900,20241200,20241200
2024-07-22 09:00:00,103.925,,,20240900,20241200,20241200
2024-07-22 10:00:00,103.965,103.6,103.6,20240900,20241200,20241200
2024-07-22 11:00:00,104.02,103.625,103.625,20240900,20241200,20241200
2024-07-22 12:00:00,104.08,103.655,103.655,20240900,20241200,20241200
2024-07-22 13:00:00,104.085,103.69,103.69,20240900,20241200,20241200
2024-07-22 14:00:00,104.07,,,20240900,20241200,20241200
2024-07-22 15:00:00,104.12,,,20240900,20241200,20241200
2024-07-22 16:00:00,104.065,,,20240900,20241200,20241200
2024-07-22 17:00:00,104.045,,,20240900,20241200,20241200
2024-07-22 18:00:00,104.035,103.695,103.695,20240900,20241200,20241200
2024-07-22 19:00:00,104.05,,,20240900,20241200,20241200
2024-07-22 20:00:00,104.025,,,20240900,20241200,20241200
2024-07-23 00:00:00,104.01,,,20240900,20241200,20241200
2024-07-23 01:00:00,104.01,103.63,103.63,20240900,20241200,20241200
2024-07-23 02:00:00,103.995,,,20240900,20241200,20241200
2024-07-23 03:00:00,103.935,,,20240900,20241200,20241200
2024-07-23 04:00:00,103.97,103.57,103.57,20240900,20241200,20241200
2024-07-23 05:00:00,103.98,103.8,103.8,20240900,20241200,20241200
2024-07-23 06:00:00,104.05,103.695,103.695,20240900,20241200,20241200
2024-07-23 07:00:00,104.055,103.685,103.685,20240900,20241200,20241200
2024-07-23 08:00:00,104.045,103.645,103.645,20240900,20241200,20241200
2024-07-23 09:00:00,104.095,,,20240900,20241200,20241200
2024-07-23 10:00:00,104.145,103.795,103.795,20240900,20241200,20241200
2024-07-23 11:00:00,104.17,,,20240900,20241200,20241200
2024-07-23 12:00:00,104.18,103.785,103.785,20240900,20241200,20241200
2024-07-23 13:00:00,104.22,103.88,103.88,20240900,20241200,20241200
2024-07-23 14:00:00,104.25,103.815,103.815,20240900,20241200,20241200
2024-07-23 15:00:00,104.185,,,20240900,20241200,20241200
2024-07-23 16:00:00,104.175,103.8,103.8,20240900,20241200,20241200
2024-07-23 17:00:00,104.165,,,20240900,20241200,20241200
2024-07-23 18:00:00,104.17,,,20240900,20241200,20241200
2024-07-23 19:00:00,104.195,,,20240900,20241200,20241200
2024-07-23 20:00:00,104.165,103.785,103.785,20240900,20241200,20241200
2024-07-24 00:00:00,104.245,,,20240900,20241200,20241200
2024-07-24 01:00:00,104.19,,,20240900,20241200,20241200
2024-07-24 02:00:00,104.23,103.875,103.875,20240900,20241200,20241200
2024-07-24 03:00:00,104.21,,,20240900,20241200,20241200
2024-07-24 04:00:00,104.165,,,20240900,20241200,20241200
2024-07-24 05:00:00,104.122,103.747,103.747,20240900,20241200,20241200
2024-07-24 06:00:00,104.175,,,20240900,20241200,20241200
2024-07-24 07:00:00,104.26,103.795,103.795,20240900,20241200,20241200
2024-07-24 08:00:00,104.235,,,20240900,20241200,20241200
2024-07-24 09:00:00,104.165,,,20240900,20241200,20241200
2024-07-24 10:00:00,104.125,,,20240900,20241200,20241200
2024-07-24 11:00:00,104.06,,,20240900,20241200,20241200
2024-07-24 12:00:00,103.935,103.6,103.6,20240900,20241200,20241200
2024-07-24 13:00:00,103.935,103.5,103.5,20240900,20241200,20241200
2024-07-24 14:00:00,103.92,103.535,103.535,20240900,20241200,20241200
2024-07-24 15:00:00,103.925,103.55,103.55,20240900,20241200,20241200
2024-07-24 16:00:00,103.95,103.595,103.595,20240900,20241200,20241200
2024-07-24 17:00:00,104.03,103.64,103.64,20240900,20241200,20241200
2024-07-24 18:00:00,104.125,103.725,103.725,20240900,20241200,20241200
2024-07-24 19:00:00,104.115,,,20240900,20241200,20241200
2024-07-24 20:00:00,104.085,,,20240900,20241200,20241200
2024-07-25 00:00:00,104.065,103.69,103.69,20240900,20241200,20241200
2024-07-25 01:00:00,104.055,103.62,103.62,20240900,20241200,20241200
2024-07-25 02:00:00,104.015,,,20240900,20241200,20241200
2024-07-25 03:00:00,103.96,,,20240900,20241200,20241200
2024-07-25 04:00:00,104.015,,,20240900,20241200,20241200
2024-07-25 05:00:00,103.99,103.733,103.733,20240900,20241200,20241200
2024-07-25 06:00:00,104.08,,,20240900,20241200,20241200
2024-07-25 07:00:00,103.915,,,20240900,20241200,20241200
2024-07-25 08:00:00,104.01,103.59,103.59,20240900,20241200,20241200
2024-07-25 09:00:00,103.93,103.575,103.575,20240900,20241200,20241200
2024-07-25 10:00:00,103.935,,,20240900,20241200,20241200
2024-07-25 11:00:00,104.02,103.64,103.64,20240900,20241200,20241200
2024-07-25 12:00:00,104.065,103.775,103.775,20240900,20241200,20241200
2024-07-25 13:00:00,104.115,103.75,103.75,20240900,20241200,20241200
2024-07-25 14:00:00,104.025,103.64,103.64,20240900,20241200,20241200
2024-07-25 15:00:00,104.015,103.605,103.605,20240900,20241200,20241200
2024-07-25 16:00:00,104.0,,,20240900,20241200,20241200
2024-07-25 17:00:00,104.065,103.61,103.61,20240900,20241200,20241200
2024-07-25 18:00:00,104.105,103.71,103.71,20240900,20241200,20241200
2024-07-25 19:00:00,104.14,,,20240900,20241200,20241200
2024-07-25 20:00:00,104.155,103.785,103.785,20240900,20241200,20241200
2024-07-26 00:00:00,104.1,,,20240900,20241200,20241200
2024-07-26 01:00:00,104.025,,,20240900,20241200,20241200
2024-07-26 02:00:00,104.085,,,20240900,20241200,20241200
2024-07-26 03:00:00,104.05,,,20240900,20241200,20241200
2024-07-26 04:00:00,104.03,,,20240900,20241200,20241200
2024-07-26 05:00:00,104.059,103.684,103.684,20240900,20241200,20241200
2024-07-26 06:00:00,104.075,,,20240900,20241200,20241200
2024-07-26 07:00:00,104.125,,,20240900,20241200,20241200
2024-07-26 08:00:00,104.125,103.795,103.795,20240900,20241200,20241200
2024-07-26 09:00:00,104.11,,,20240900,20241200,20241200
2024-07-26 10:00:00,104.12,,,20240900,20241200,20241200
2024-07-26 11:00:00,104.105,103.76,103.76,20240900,20241200,20241200
2024-07-26 12:00:00,104.075,103.735,103.735,20240900,20241200,20241200
2024-07-26 13:00:00,104.0,103.66,103.66,20240900,20241200,20241200
2024-07-26 14:00:00,104.06,103.6,103.6,20240900,20241200,20241200
2024-07-26 15:00:00,104.07,103.705,103.705,20240900,20241200,20241200
2024-07-26 16:00:00,103.995,103.66,103.66,20240900,20241200,20241200
2024-07-26 17:00:00,104.035,103.635,103.635,20240900,20241200,20241200
2024-07-26 18:00:00,104.055,103.68,103.68,20240900,20241200,20241200
2024-07-26 19:00:00,104.055,,,20240900,20241200,20241200
2024-07-26 20:00:00,104.065,,,20240900,20241200,20241200
2024-07-28 22:00:00,104.08,,,20240900,20241200,20241200
2024-07-28 23:00:00,104.115,,,20240900,20241200,20241200
2024-07-29 00:00:00,103.98,103.635,103.635,20240900,20241200,20241200
2024-07-29 01:00:00,103.95,103.635,103.635,20240900,20241200,20241200
2024-07-29 02:00:00,103.95,,,20240900,20241200,20241200
2024-07-29 03:00:00,103.99,103.6,103.6,20240900,20241200,20241200
2024-07-29 04:00:00,104.01,103.635,103.635,20240900,20241200,20241200
2024-07-29 05:00:00,104.015,103.65,103.65,20240900,20241200,20241200
2024-07-29 06:00:00,104.025,103.655,103.655,20240900,20241200,20241200
2024-07-29 07:00:00,104.165,103.735,103.735,20240900,20241200,20241200
2024-07-29 08:00:00,104.28,,,20240900,20241200,20241200
2024-07-29 09:00:00,104.21,,,20240900,20241200,20241200
2024-07-29 10:00:00,104.2,,,20240900,20241200,20241200
2024-07-29 11:00:00,104.35,103.94,103.94,20240900,20241200,20241200
2024-07-29 12:00:00,104.365,104.005,104.005,20240900,20241200,20241200
2024-07-29 13:00:00,104.42,103.99,103.99,20240900,20241200,20241200
2024-07-29 14:00:00,104.39,104.03,104.03,20240900,20241200,20241200
2024-07-29 15:00:00,104.34,103.96,103.96,20240900,20241200,20241200
2024-07-29 16:00:00,104.33,103.925,103.925,20240900,20241200,20241200
2024-07-29 17:00:00,104.305,103.925,103.925,20240900,20241200,20241200
2024-07-29 18:00:00,104.315,,,20240900,20241200,20241200
2024-07-29 19:00:00,104.32,103.95,103.95,20240900,20241200,20241200
2024-07-29 20:00:00,104.335,,,20240900,20241200,20241200
2024-07-30 00:00:00,104.37,103.98,103.98,20240900,20241200,20241200
2024-07-30 01:00:00,104.385,,,20240900,20241200,20241200
2024-07-30 02:00:00,104.385,,,20240900,20241200,20241200
2024-07-30 03:00:00,104.335,103.975,103.975,20240900,20241200,20241200
2024-07-30 04:00:00,104.36,103.935,103.935,20240900,20241200,20241200
2024-07-30 05:00:00,104.319,104.025,104.025,20240900,20241200,20241200
2024-07-30 06:00:00,104.43,104.055,104.055,20240900,20241200,20241200
2024-07-30 07:00:00,104.44,104.015,104.015,20240900,20241200,20241200
2024-07-30 08:00:00,104.35,,,20240900,20241200,20241200
2024-07-30 09:00:00,104.33,,,20240900,20241200,20241200
2024-07-30 10:00:00,104.32,,,20240900,20241200,20241200
2024-07-30 11:00:00,104.4,,,20240900,20241200,20241200
2024-07-30 12:00:00,104.555,104.15,104.15,20240900,20241200,20241200
2024-07-30 13:00:00,104.42,104.055,104.055,20240900,20241200,20241200
2024-07-30 14:00:00,104.485,104.065,104.065,20240900,20241200,20241200
2024-07-30 15:00:00,104.39,104.055,104.055,20240900,20241200,20241200
2024-07-30 16:00:00,104.295,103.9,103.9,20240900,20241200,20241200
2024-07-30 17:00:00,104.295,103.89,103.89,20240900,20241200,20241200
2024-07-30 18:00:00,104.315,,,20240900,20241200,20241200
2024-07-30 19:00:00,104.325,,,20240900,20241200,20241200
2024-07-30 20:00:00,104.245,103.87,103.87,20240900,20241200,20241200
2024-07-31 00:00:00,104.18,,,20240900,20241200,20241200
2024-07-31 01:00:00,104.17,103.77,103.77,20240900,20241200,20241200
2024-07-31 02:00:00,104.175,,,20240900,20241200,20241200
2024-07-31 03:00:00,104.27,103.78,103.78,20240900,20241200,20241200
2024-07-31 04:00:00,104.145,,,20240900,20241200,20241200
2024-07-31 05:00:00,104.17,103.474,103.474,20240900,20241200,20241200
2024-07-31 06:00:00,104.105,,,20240900,20241200,20241200
2024-07-31 07:00:00,104.02,103.655,103.655,20240900,20241200,20241200
2024-07-31 08:00:00,104.015,103.625,103.625,20240900,20241200,20241200
2024-07-31 09:00:00,103.955,,,20240900,20241200,20241200
2024-07-31 10:00:00,103.89,103.54,103.54,20240900,20241200,20241200
2024-07-31 11:00:00,103.88,103.44,103.44,20240900,20241200,20241200
2024-07-31 12:00:00,103.79,103.38,103.38,20240900,20241200,20241200
2024-07-31 13:00:00,103.735,103.37,103.37,20240900,20241200,20241200
2024-07-31 14:00:00,103.92,103.4,103.4,20240900,20241200,20241200
2024-07-31 15:00:00,103.905,,,20240900,20241200,20241200
2024-07-31 16:00:00,104.01,103.655,103.655,20240900,20241200,20241200
2024-07-31 17:00:00,104.03,103.645,103.645,20240900,20241200,20241200
2024-07-31 18:00:00,103.855,103.68,103.68,20240900,20241200,20241200
2024-07-31 19:00:00,103.815,103.39,103.39,20240900,20241200,20241200
2024-07-31 20:00:00,103.83,103.47,103.47,20240900,20241200,20241200
2024-08-01 00:00:00,103.79,103.42,103.42,20240900,20241200,20241200
2024-08-01 01:00:00,103.745,103.38,103.38,20240900,20241200,20241200
2024-08-01 02:00:00,103.805,103.4,103.4,20240900,20241200,20241200
2024-08-01 03:00:00,103.765,103.38,103.38,20240900,20241200,20241200
2024-08-01 04:00:00,103.805,,,20240900,20241200,20241200
2024-08-01 05:00:00,104.205,103.82,103.82,20240900,20241200,20241200
2024-08-01 06:00:00,103.95,103.495,103.495,20240900,20241200,20241200
2024-08-01 07:00:00,104.04,103.58,103.58,20240900,20241200,20241200
2024-08-01 08:00:00,104.125,103.68,103.68,20240900,20241200,20241200
2024-08-01 09:00:00,104.215,,,20240900,20241200,20241200
2024-08-01 10:00:00,104.16,103.795,103.795,20240900,20241200,20241200
2024-08-01 11:00:00,104.14,103.735,103.735,20240900,20241200,20241200
2024-08-01 12:00:00,104.105,103.635,103.635,20240900,20241200,20241200
2024-08-01 13:00:00,104.035,103.64,103.64,20240900,20241200,20241200
2024-08-01 14:00:00,104.095,103.71,103.71,20240900,20241200,20241200
2024-08-01 15:00:00,104.16,,,20240900,20241200,20241200
2024-08-01 16:00:00,104.185,103.845,103.845,20240900,20241200,20241200
2024-08-01 17:00:00,104.155,,,20240900,20241200,20241200
2024-08-01 18:00:00,104.21,,,20240900,20241200,20241200
2024-08-01 19:00:00,104.17,103.785,103.785,20240900,20241200,20241200
2024-08-01 20:00:00,104.13,,,20240900,20241200,20241200
2024-08-02 00:00:00,104.16,103.82,103.82,20240900,20241200,20241200
2024-08-02 01:00:00,104.15,103.825,103.825,20240900,20241200,20241200
2024-08-02 02:00:00,104.17,103.81,103.81,20240900,20241200,20241200
2024-08-02 03:00:00,104.14,,,20240900,20241200,20241200
2024-08-02 04:00:00,104.09,103.735,103.735,20240900,20241200,20241200
2024-08-02 05:00:00,102.988,102.668,102.668,20240900,20241200,20241200
2024-08-02 06:00:00,104.05,103.645,103.645,20240900,20241200,20241200
2024-08-02 07:00:00,104.065,103.725,103.725,20240900,20241200,20241200
2024-08-02 08:00:00,103.975,103.66,103.66,20240900,20241200,20241200
2024-08-02 09:00:00,103.91,,,20240900,20241200,20241200
2024-08-02 10:00:00,103.88,103.57,103.57,20240900,20241200,20241200
2024-08-02 11:00:00,103.85,103.465,103.465,20240900,20241200,20241200
2024-08-02 12:00:00,103.23,102.84,102.84,20240900,20241200,20241200
2024-08-02 13:00:00,103.065,102.8,102.8,20240900,20241200,20241200
2024-08-02 14:00:00,102.945,102.605,102.605,20240900,20241200,20241200
2024-08-02 15:00:00,103.03,102.675,102.675,20240900,20241200,20241200
2024-08-02 16:00:00,103.03,102.755,102.755,20240900,20241200,20241200
2024-08-02 17:00:00,103.045,,,20240900,20241200,20241200
2024-08-02 18:00:00,102.99,102.665,102.665,20240900,20241200,20241200
2024-08-02 19:00:00,102.985,102.665,102.665,20240900,20241200,20241200
2024-08-02 20:00:00,103.0,102.68,102.68,20240900,20241200,20241200
2024-08-04 22:00:00,103.03,102.71,102.71,20240900,20241200,20241200
2024-08-04 23:00:00,102.93,102.645,102.645,20240900,20241200,20241200
2024-08-05 00:00:00,102.9,102.64,102.64,20240900,20241200,20241200
2024-08-05 01:00:00,102.83,102.49,102.49,20240900,20241200,20241200
2024-08-05 02:00:00,102.8,102.51,102.51,20240900,20241200,20241200
2024-08-05 03:00:00,102.68,102.39,102.39,20240900,20241200,20241200
2024-08-05 04:00:00,102.57,102.24,102.24,20240900,20241200,20241200
2024-08-05 05:00:00,102.483,102.305,102.305,20240900,20241200,20241200
2024-08-05 06:00:00,102.775,102.46,102.46,20240900,20241200,20241200
2024-08-05 07:00:00,102.505,102.27,102.27,20240900,20241200,20241200
2024-08-05 08:00:00,102.405,102.01,102.01,20240900,20241200,20241200
2024-08-05 09:00:00,102.42,102.12,102.12,20240900,20241200,20241200
2024-08-05 10:00:00,102.395,102.15,102.15,20240900,20241200,20241200
2024-08-05 11:00:00,102.28,102.0,102.0,20240900,20241200,20241200
2024-08-05 12:00:00,102.11,101.8,101.8,20240900,20241200,20241200
2024-08-05 13:00:00,102.21,101.9,101.9,20240900,20241200,20241200
2024-08-05 14:00:00,102.235,,,20240900,20241200,20241200
2024-08-05 15:00:00,102.485,102.175,102.175,20240900,20241200,20241200
2024-08-05 16:00:00,102.52,102.25,102.25,20240900,20241200,20241200
2024-08-05 17:00:00,102.535,102.325,102.325,20240900,20241200,20241200
2024-08-05 18:00:00,102.48,,,20240900,20241200,20241200
2024-08-05 19:00:00,102.44,,,20240900,20241200,20241200
2024-08-05 20:00:00,102.53,,,20240900,20241200,20241200
2024-08-06 00:00:00,102.51,102.34,102.34,20240900,20241200,20241200
2024-08-06 01:00:00,102.555,102.32,102.32,20240900,20241200,20241200
2024-08-06 02:00:00,102.63,102.24,102.24,20240900,20241200,20241200
2024-08-06 03:00:00,102.625,,,20240900,20241200,20241200
2024-08-06 04:00:00,102.665,,,20240900,20241200,20241200
2024-08-06 05:00:00,102.715,102.453,102.453,20240900,20241200,20241200
2024-08-06 06:00:00,102.755,,,20240900,20241200,20241200
2024-08-06 07:00:00,102.81,,,20240900,20241200,20241200
2024-08-06 08:00:00,102.775,102.555,102.555,20240900,20241200,20241200
2024-08-06 09:00:00,102.885,102.52,102.52,20240900,20241200,20241200
2024-08-06 10:00:00,102.945,,,20240900,20241200,20241200
2024-08-06 11:00:00,102.93,102.66,102.66,20240900,20241200,20241200
2024-08-06 12:00:00,102.945,,,20240900,20241200,20241200
2024-08-06 13:00:00,102.8,102.5,102.5,20240900,20241200,20241200
2024-08-06 14:00:00,102.7,,,20240900,20241200,20241200
2024-08-06 15:00:00,102.81,102.485,102.485,20240900,20241200,20241200
2024-08-06 16:00:00,102.8,102.5,102.5,20240900,20241200,20241200
2024-08-06 17:00:00,102.815,102.5,102.5,20240900,20241200,20241200
2024-08-06 18:00:00,102.755,102.43,102.43,20240900,20241200,20241200
2024-08-06 19:00:00,102.735,,,20240900,20241200,20241200
2024-08-06 20:00:00,102.685,102.4,102.4,20240900,20241200,20241200
2024-08-07 00:00:00,102.73,,,20240900,20241200,20241200
2024-08-07 01:00:00,103.0,102.74,102.74,20240900,20241200,20241200
2024-08-07 02:00:00,103.01,102.7,102.7,20240900,20241200,20241200
2024-08-07 03:00:00,103.035,102.725,102.725,20240900,20241200,20241200
2024-08-07 04:00:00,103.12,102.775,102.775,20240900,20241200,20241200
2024-08-07 05:00:00,102.998,102.683,102.683,20240900,20241200,20241200
2024-08-07 06:00:00,102.98,102.71,102.71,20240900,20241200,20241200
2024-08-07 07:00:00,102.94,,,20240900,20241200,20241200
2024-08-07 08:00:00,102.99,,,20240900,20241200,20241200
2024-08-07 09:00:00,103.07,102.725,102.725,20240900,20241200,20241200
2024-08-07 10:00:00,102.995,102.675,102.675,20240900,20241200,20241200
2024-08-07 11:00:00,102.96,102.66,102.66,20240900,20241200,20241200
2024-08-07 12:00:00,102.955,102.665,102.665,20240900,20241200,20241200
2024-08-07 13:00:00,103.015,102.73,102.73,20240900,20241200,20241200
2024-08-07 14:00:00,102.93,,,20240900,20241200,20241200
2024-08-07 15:00:00,102.99,,,20240900,20241200,20241200
2024-08-07 16:00:00,102.99,102.68,102.68,20240900,20241200,20241200
2024-08-07 17:00:00,102.99,,,20240900,20241200,20241200
2024-08-07 18:00:00,102.985,,,20240900,20241200,20241200
2024-08-07 19:00:00,102.975,,,20240900,20241200,20241200
2024-08-07 20:00:00,102.955,102.675,102.675,20240900,20241200,20241200
2024-08-08 00:00:00,102.88,102.515,102.515,20240900,20241200,20241200
2024-08-08 01:00:00,102.905,,,20240900,20241200,20241200
2024-08-08 02:00:00,102.89,,,20240900,20241200,20241200
2024-08-08 03:00:00,102.845,,,20240900,20241200,20241200
2024-08-08 04:00:00,102.845,,,20240900,20241200,20241200
2024-08-08 05:00:00,103.022,102.697,102.697,20240900,20241200,20241200
2024-08-08 06:00:00,102.77,,,20240900,20241200,20241200
2024-08-08 07:00:00,102.78,,,20240900,20241200,20241200
2024-08-08 08:00:00,102.825,,,20240900,20241200,20241200
2024-08-08 09:00:00,102.905,,,20240900,20241200,20241200
2024-08-08 10:00:00,102.91,,,20240900,20241200,20241200
2024-08-08 11:00:00,102.875,,,20240900,20241200,20241200
2024-08-08 12:00:00,103.215,102.875,102.875,20240900,20241200,20241200
2024-08-08 13:00:00,103.23,103.0,103.0,20240900,20241200,20241200
2024-08-08 14:00:00,103.14,102.845,102.845,20240900,20241200,20241200
2024-08-08 15:00:00,103.055,,,20240900,20241200,20241200
2024-08-08 16:00:00,103.095,,,20240900,20241200,20241200
2024-08-08 17:00:00,103.085,,,20240900,20241200,20241200
2024-08-08 18:00:00,103.015,,,20240900,20241200,20241200
2024-08-08 19:00:00,103.025,,,20240900,20241200,20241200
2024-08-08 20:00:00,103.01,,,20240900,20241200,20241200
2024-08-09 00:00:00,103.105,102.775,102.775,20240900,20241200,20241200
2024-08-09 01:00:00,103.02,,,20240900,20241200,20241200
2024-08-09 02:00:00,103.03,,,20240900,20241200,20241200
2024-08-09 03:00:00,102.985,,,20240900,20241200,20241200
2024-08-09 04:00:00,102.985,102.645,102.645,20240900,20241200,20241200
2024-08-09 05:00:00,103.0,102.632,102.632,20240900,20241200,20241200
2024-08-09 06:00:00,102.94,102.66,102.66,20240900,20241200,20241200
2024-08-09 07:00:00,102.995,,,20240900,20241200,20241200
2024-08-09 08:00:00,103.015,,,20240900,20241200,20241200
2024-08-09 09:00:00,103.015,,,20240900,20241200,20241200
2024-08-09 10:00:00,103.04,,,20240900,20241200,20241200
2024-08-09 11:00:00,103.035,102.72,102.72,20240900,20241200,20241200
2024-08-09 12:00:00,103.035,102.7,102.7,20240900,20241200,20241200
2024-08-09 13:00:00,102.95,102.65,102.65,20240900,20241200,20241200
2024-08-09 14:00:00,102.905,102.6,102.6,20240900,20241200,20241200
2024-08-09 15:00:00,102.895,,,20240900,20241200,20241200
2024-08-09 16:00:00,102.95,,,20240900,20241200,20241200
2024-08-09 17:00:00,102.95,,,20240900,20241200,20241200
2024-08-09 18:00:00,102.96,,,20240900,20241200,20241200
2024-08-09 19:00:00,102.96,,,20240900,20241200,20241200
2024-08-09 20:00:00,102.98,102.62,102.62,20240900,20241200,20241200
2024-08-11 22:00:00,103.04,,,20240900,20241200,20241200
2024-08-11 23:00:00,103.035,102.725,102.725,20240900,20241200,20241200
2024-08-12 00:00:00,102.99,102.625,102.625,20240900,20241200,20241200
2024-08-12 01:00:00,102.995,,,20240900,20241200,20241200
2024-08-12 02:00:00,102.995,,,20240900,20241200,20241200
2024-08-12 03:00:00,103.05,,,20240900,20241200,20241200
2024-08-12 04:00:00,103.005,,,20240900,20241200,20241200
2024-08-12 05:00:00,102.961,102.621,102.621,20240900,20241200,20241200
2024-08-12 06:00:00,103.0,,,20240900,20241200,20241200
2024-08-12 07:00:00,102.99,,,20240900,20241200,20241200
2024-08-12 08:00:00,103.03,,,20240900,20241200,20241200
2024-08-12 09:00:00,102.99,,,20240900,20241200,20241200
2024-08-12 10:00:00,103.0,,,20240900,20241200,20241200
2024-08-12 11:00:00,103.01,102.72,102.72,20240900,20241200,20241200
2024-08-12 12:00:00,103.08,,,20240900,20241200,20241200
2024-08-12 13:00:00,103.045,,,20240900,20241200,20241200
2024-08-12 14:00:00,103.0,102.74,102.74,20240900,20241200,20241200
2024-08-12 15:00:00,103.0,102.675,102.675,20240900,20241200,20241200
2024-08-12 16:00:00,103.03,,,20240900,20241200,20241200
2024-08-12 17:00:00,102.935,,,20240900,20241200,20241200
2024-08-12 18:00:00,102.965,,,20240900,20241200,20241200
2024-08-12 19:00:00,102.95,,,20240900,20241200,20241200
2024-08-12 20:00:00,102.96,,,20240900,20241200,20241200
2024-08-13 00:00:00,102.975,102.615,102.615,20240900,20241200,20241200
2024-08-13 01:00:00,102.95,,,20240900,20241200,20241200
2024-08-13 02:00:00,102.945,,,20240900,20241200,20241200
2024-08-13 03:00:00,102.94,,,20240900,20241200,20241200
2024-08-13 04:00:00,102.955,,,20240900,20241200,20241200
2024-08-13 05:00:00,102.92,102.04,102.04,20240900,20241200,20241200
2024-08-13 06:00:00,102.97,,,20240900,20241200,20241200
2024-08-13 07:00:00,102.975,,,20240900,20241200,20241200
2024-08-13 08:00:00,103.04,,,20240900,20241200,20241200
2024-08-13 09:00:00,103.07,,,20240900,20241200,20241200
2024-08-13 10:00:00,103.035,,,20240900,20241200,20241200
2024-08-13 11:00:00,102.95,102.62,102.62,20240900,20241200,20241200
2024-08-13 12:00:00,102.865,102.555,102.555,20240900,20241200,20241200
2024-08-13 13:00:00,102.715,102.385,102.385,20240900,20241200,20241200
2024-08-13 14:00:00,102.72,102.37,102.37,20240900,20241200,20241200
2024-08-13 15:00:00,102.735,,,20240900,20241200,20241200
2024-08-13 16:00:00,102.57,102.275,102.275,20240900,20241200,20241200
2024-08-13 17:00:00,102.56,,,20240900,20241200,20241200
2024-08-13 18:00:00,102.38,102.055,102.055,20240900,20241200,20241200
2024-08-13 19:00:00,102.41,102.07,102.07,20240900,20241200,20241200
2024-08-13 20:00:00,102.415,102.075,102.075,20240900,20241200,20241200
2024-08-14 00:00:00,102.47,,,20240900,20241200,20241200
2024-08-14 01:00:00,102.455,102.14,102.14,20240900,20241200,20241200
2024-08-14 02:00:00,102.425,102.11,102.11,20240900,20241200,20241200
2024-08-14 03:00:00,102.47,,,20240900,20241200,20241200
2024-08-14 04:00:00,102.46,,,20240900,20241200,20241200
2024-08-14 05:00:00,102.385,102.05,102.05,20240900,20241200,20241200
2024-08-14 06:00:00,102.46,,,20240900,20241200,20241200
2024-08-14 07:00:00,102.44,,,20240900,20241200,20241200
2024-08-14 08:00:00,102.325,102.05,102.05,20240900,20241200,20241200
2024-08-14 09:00:00,102.265,,,20240900,20241200,20241200
2024-08-14 10:00:00,102.275,101.95,101.95,20240900,20241200,20241200
2024-08-14 11:00:00,102.28,101.96,101.96,20240900,20241200,20241200
2024-08-14 12:00:00,102.37,102.1,102.1,20240900,20241200,20241200
2024-08-14 13:00:00,102.21,101.97,101.97,20240900,20241200,20241200
2024-08-14 14:00:00,102.19,101.83,101.83,20240900,20241200,20241200
2024-08-14 15:00:00,102.28,101.96,101.96,20240900,20241200,20241200
2024-08-14 16:00:00,102.335,102.005,102.005,20240900,20241200,20241200
2024-08-14 17:00:00,102.4,,,20240900,20241200,20241200
2024-08-14 18:00:00,102.38,,,20240900,20241200,20241200
2024-08-14 19:00:00,102.42,,,20240900,20241200,20241200
2024-08-14 20:00:00,102.445,,,20240900,20241200,20241200
2024-08-15 00:00:00,102.44,,,20240900,20241200,20241200
2024-08-15 01:00:00,102.505,102.145,102.145,20240900,20241200,20241200
2024-08-15 02:00:00,102.185,,,20241200,20250300,20250300
2024-08-15 04:00:00,102.085,,,20241200,20250300,20250300
2024-08-15 05:00:00,102.473,102.123,102.123,20241200,20250300,20250300
2024-08-15 07:00:00,102.04,,,20241200,20250300,20250300
2024-08-15 12:00:00,102.64,,,20241200,20250300,20250300
2024-08-15 13:00:00,102.51,,,20241200,20250300,20250300
2024-08-15 14:00:00,102.44,,,20241200,20250300,20250300
2024-08-15 15:00:00,102.41,,,20241200,20250300,20250300
2024-08-15 16:00:00,102.38,,,20241200,20250300,20250300
2024-08-15 17:00:00,102.51,,,20241200,20250300,20250300
2024-08-15 18:00:00,102.485,,,20241200,20250300,20250300
2024-08-16 00:00:00,102.52,,,20241200,20250300,20250300
2024-08-16 01:00:00,102.5,,,20241200,20250300,20250300
2024-08-16 05:00:00,101.972,101.622,101.622,20241200,20250300,20250300
2024-08-16 06:00:00,102.45,,,20241200,20250300,20250300
2024-08-16 07:00:00,102.42,,,20241200,20250300,20250300
2024-08-16 08:00:00,102.39,,,20241200,20250300,20250300
2024-08-16 10:00:00,102.3,,,20241200,20250300,20250300
2024-08-16 11:00:00,102.22,,,20241200,20250300,20250300
2024-08-16 12:00:00,102.22,,,20241200,20250300,20250300
2024-08-16 13:00:00,102.145,,,20241200,20250300,20250300
2024-08-16 14:00:00,102.305,,,20241200,20250300,20250300
2024-08-16 15:00:00,102.215,,,20241200,20250300,20250300
2024-08-16 16:00:00,102.115,,,20241200,20250300,20250300
2024-08-16 17:00:00,102.095,,,20241200,20250300,20250300
2024-08-16 19:00:00,101.94,,,20241200,20250300,20250300
2024-08-16 20:00:00,101.92,,,20241200,20250300,20250300
2024-08-18 23:00:00,101.985,,,20241200,20250300,20250300
2024-08-19 00:00:00,101.9,,,20241200,20250300,20250300
2024-08-19 01:00:00,101.85,,,20241200,20250300,20250300
2024-08-19 02:00:00,101.835,,,20241200,20250300,20250300
2024-08-19 03:00:00,101.67,,,20241200,20250300,20250300
2024-08-19 04:00:00,101.64,,,20241200,20250300,20250300
2024-08-19 05:00:00,101.371,101.021,101.021,20241200,20250300,20250300
2024-08-19 06:00:00,101.57,,,20241200,20250300,20250300
2024-08-19 07:00:00,101.61,,,20241200,20250300,20250300
2024-08-19 09:00:00,101.65,,,20241200,20250300,20250300
2024-08-19 10:00:00,101.71,,,20241200,20250300,20250300
2024-08-19 11:00:00,101.64,,,20241200,20250300,20250300
2024-08-19 12:00:00,101.68,,,20241200,20250300,20250300
2024-08-19 13:00:00,101.655,,,20241200,20250300,20250300
2024-08-19 14:00:00,101.45,,,20241200,20250300,20250300
2024-08-19 15:00:00,101.51,,,20241200,20250300,20250300
2024-08-19 16:00:00,101.425,,,20241200,20250300,20250300
2024-08-19 17:00:00,101.405,,,20241200,20250300,20250300
2024-08-19 18:00:00,101.345,,,20241200,20250300,20250300
2024-08-19 19:00:00,101.36,,,20241200,20250300,20250300
2024-08-19 23:00:00,,101.02,101.02,20241200,20250300,20250300
2024-08-20 00:00:00,101.375,,,20241200,20250300,20250300
2024-08-20 01:00:00,101.305,,,20241200,20250300,20250300
2024-08-20 02:00:00,101.45,,,20241200,20250300,20250300
2024-08-20 05:00:00,100.949,,,20241200,20250300,20250300
2024-08-20 06:00:00,101.45,,,20241200,20250300,20250300
2024-08-20 07:00:00,101.39,,,20241200,20250300,20250300
2024-08-20 08:00:00,101.315,,,20241200,20250300,20250300
2024-08-20 09:00:00,101.365,,,20241200,20250300,20250300
2024-08-20 10:00:00,101.33,,,20241200,20250300,20250300
2024-08-20 11:00:00,101.305,,,20241200,20250300,20250300
2024-08-20 12:00:00,101.205,,,20241200,20250300,20250300
2024-08-20 13:00:00,101.14,,,20241200,20250300,20250300
2024-08-20 14:00:00,100.975,,,20241200,20250300,20250300
2024-08-20 15:00:00,101.09,,,20241200,20250300,20250300
2024-08-20 16:00:00,100.98,,,20241200,20250300,20250300
2024-08-20 17:00:00,101.02,,,20241200,20250300,20250300
2024-08-20 18:00:00,100.935,,,20241200,20250300,20250300
2024-08-20 19:00:00,100.92,,,20241200,20250300,20250300
2024-08-20 20:00:00,100.89,,,20241200,20250300,20250300
2024-08-20 23:00:00,,100.6,100.6,20241200,20250300,20250300
2024-08-21 01:00:00,100.98,,,20241200,20250300,20250300
2024-08-21 05:00:00,100.98,,,20241200,20250300,20250300
2024-08-21 23:00:00,100.56,100.21,100.21,20241200,20250300,20250300
2024-08-22 23:00:00,101.05,100.7,100.7,20241200,20250300,20250300
2024-08-23 23:00:00,100.26,99.91,99.91,20241200,20250300,20250300
2024-08-26 23:00:00,100.395,100.045,100.045,20241200,20250300,20250300
2024-08-27 23:00:00,100.115,99.765,99.765,20241200,20250300,20250300
2024-08-28 23:00:00,100.65,100.3,100.3,20241200,20250300,20250300
2024-08-29 23:00:00,100.92,100.57,100.57,20241200,20250300,20250300
2024-08-30 23:00:00,101.275,100.925,100.925,20241200,20250300,20250300
2024-09-02 23:00:00,101.275,100.925,100.925,20241200,20250300,20250300
2024-09-03 23:00:00,101.415,101.065,101.065,20241200,20250300,20250300
2024-09-04 23:00:00,100.945,100.595,100.595,20241200,20250300,20250300
2024-09-05 23:00:00,100.72,100.37,100.37,20241200,20250300,20250300
2024-09-06 23:00:00,100.78,100.43,100.43,20241200,20250300,20250300
2024-09-09 23:00:00,101.16,100.81,100.81,20241200,20250300,20250300
2024-09-10 23:00:00,101.24,100.89,100.89,20241200,20250300,20250300
2024-09-11 23:00:00,101.31,100.985,100.985,20241200,20250300,20250300
2024-09-12 23:00:00,101.0,100.76,100.76,20241200,20250300,20250300
2024-09-13 23:00:00,100.79,100.545,100.545,20241200,20250300,20250300
2024-09-16 23:00:00,100.435,100.215,100.215,20241200,20250300,20250300
2024-09-17 23:00:00,100.565,100.345,100.345,20241200,20250300,20250300
2024-09-18 23:00:00,100.28,100.06,100.06,20241200,20250300,20250300
2024-09-19 23:00:00,100.32,100.09,100.09,20241200,20250300,20250300
2024-09-20 23:00:00,100.42,100.19,100.19,20241200,20250300,20250300
2024-09-23 23:00:00,100.56,100.33,100.33,20241200,20250300,20250300
2024-09-24 23:00:00,100.16,99.93,99.93,20241200,20250300,20250300
2024-09-25 23:00:00,100.625,100.395,100.395,20241200,20250300,20250300
2024-09-26 23:00:00,100.245,100.015,100.015,20241200,20250300,20250300
2024-09-27 23:00:00,100.11,99.88,99.88,20241200,20250300,20250300
2024-09-30 23:00:00,100.52,100.28,100.28,20241200,20250300,20250300
2024-10-01 23:00:00,100.93,100.67,100.67,20241200,20250300,20250300
2024-10-02 23:00:00,101.425,101.145,101.145,20241200,20250300,20250300
2024-10-03 23:00:00,101.75,101.475,101.475,20241200,20250300,20250300
2024-10-04 23:00:00,102.275,101.975,101.975,20241200,20250300,20250300
2024-10-07 23:00:00,102.3,101.98,101.98,20241200,20250300,20250300
2024-10-08 23:00:00,102.305,101.985,101.985,20241200,20250300,20250300
2024-10-09 23:00:00,102.695,102.375,102.375,20241200,20250300,20250300
2024-10-10 23:00:00,102.775,102.44,102.44,20241200,20250300,20250300
2024-10-11 23:00:00,102.68,102.345,102.345,20241200,20250300,20250300
2024-10-14 23:00:00,103.08,102.745,102.745,20241200,20250300,20250300
2024-10-15 23:00:00,103.055,102.705,102.705,20241200,20250300,20250300
2024-10-16 23:00:00,103.4,103.055,103.055,20241200,20250300,20250300
2024-10-17 23:00:00,103.655,103.295,103.295,20241200,20250300,20250300
2024-10-18 23:00:00,103.31,102.955,102.955,20241200,20250300,20250300
2024-10-21 23:00:00,103.835,103.485,103.485,20241200,20250300,20250300
2024-10-22 23:00:00,103.91,103.55,103.55,20241200,20250300,20250300
2024-10-23 23:00:00,104.28,103.92,103.92,20241200,20250300,20250300
2024-10-24 23:00:00,103.92,103.56,103.56,20241200,20250300,20250300
2024-10-25 23:00:00,104.135,103.765,103.765,20241200,20250300,20250300
2024-10-28 23:00:00,104.185,103.81,103.81,20241200,20250300,20250300
2024-10-29 23:00:00,104.19,103.815,103.815,20241200,20250300,20250300
2024-10-30 23:00:00,103.86,103.485,103.485,20241200,20250300,20250300
2024-10-31 23:00:00,103.875,103.5,103.5,20241200,20250300,20250300
2024-11-01 23:00:00,104.205,103.83,103.83,20241200,20250300,20250300
2024-11-04 23:00:00,103.79,103.435,103.435,20241200,20250300,20250300
2024-11-05 23:00:00,103.325,102.98,102.98,20241200,20250300,20250300
2024-11-06 23:00:00,104.985,104.64,104.64,20241200,20250300,20250300
2024-11-07 23:00:00,104.37,104.025,104.025,20241200,20250300,20250300
2024-11-08 23:00:00,104.89,104.545,104.545,20241200,20250300,20250300
2024-11-11 23:00:00,105.455,105.11,105.11,20241200,20250300,20250300
2024-11-12 23:00:00,105.95,105.595,105.595,20241200,20250300,20250300
2024-11-13 23:00:00,106.38,106.035,106.035,20241200,20250300,20250300
2024-11-14 23:00:00,106.595,106.25,106.25,20241200,20250300,20250300
2024-11-15 23:00:00,106.255,105.945,105.945,20250300,20250600,20250600
2024-11-18 23:00:00,105.845,105.535,105.535,20250300,20250600,20250600
2024-11-19 23:00:00,105.78,105.47,105.47,20250300,20250600,20250600
2024-11-20 23:00:00,106.255,105.945,105.945,20250300,20250600,20250600
2024-11-21 23:00:00,106.565,106.255,106.255,20250300,20250600,20250600
2024-11-22 23:00:00,107.125,106.775,106.775,20250300,20250600,20250600
2024-11-25 23:00:00,106.405,106.05,106.05,20250300,20250600,20250600
2024-11-26 23:00:00,106.61,106.25,106.25,20250300,20250600,20250600
2024-11-27 23:00:00,105.705,105.345,105.345,20250300,20250600,20250600
2024-11-28 23:00:00,105.705,105.345,105.345,20250300,20250600,20250600
2024-11-29 23:00:00,105.47,105.11,105.11,20250300,20250600,20250600
2024-12-02 23:00:00,106.08,105.72,105.72,20250300,20250600,20250600
2024-12-03 23:00:00,106.035,105.675,105.675,20250300,20250600,20250600
2024-12-04 23:00:00,105.985,105.625,105.625,20250300,20250600,20250600
2024-12-05 01:00:00,106.005,,,20250300,20250600,20250600
2024-12-05 02:00:00,105.955,,,20250300,20250600,20250600
2024-12-05 03:00:00,105.94,,,20250300,20250600,20250600
2024-12-05 04:00:00,105.99,,,20250300,20250600,20250600
2024-12-05 05:00:00,105.865,,,20250300,20250600,20250600
2024-12-05 06:00:00,105.855,,,20250300,20250600,20250600
2024-12-05 07:00:00,105.8,,,20250300,20250600,20250600
2024-12-05 08:00:00,105.85,,,20250300,20250600,20250600
2024-12-05 09:00:00,105.9,,,20250300,20250600,20250600
2024-12-05 10:00:00,105.89,,,20250300,20250600,20250600
2024-12-05 11:00:00,105.825,,,20250300,20250600,20250600
2024-12-05 12:00:00,105.85,,,20250300,20250600,20250600
2024-12-05 13:00:00,105.63,,,20250300,20250600,20250600
2024-12-05 14:00:00,105.485,,,20250300,20250600,20250600
2024-12-05 15:00:00,105.52,,,20250300,20250600,20250600
2024-12-05 16:00:00,105.57,,,20250300,20250600,20250600
2024-12-05 17:00:00,105.585,,,20250300,20250600,20250600
2024-12-05 18:00:00,105.615,,,20250300,20250600,20250600
2024-12-05 19:00:00,105.4,,,20250300,20250600,20250600
2024-12-05 20:00:00,105.455,,,20250300,20250600,20250600
2024-12-05 21:00:00,105.435,,,20250300,20250600,20250600
2024-12-05 23:00:00,105.41,105.05,105.05,20250300,20250600,20250600
2024-12-06 01:00:00,105.58,,,20250300,20250600,20250600
2024-12-06 02:00:00,105.495,,,20250300,20250600,20250600
2024-12-06 03:00:00,105.49,,,20250300,20250600,20250600
2024-12-06 04:00:00,105.51,,,20250300,20250600,20250600
2024-12-06 05:00:00,105.515,,,20250300,20250600,20250600
2024-12-06 06:00:00,105.51,,,20250300,20250600,20250600
2024-12-06 07:00:00,105.44,,,20250300,20250600,20250600
2024-12-06 08:00:00,105.495,,,20250300,20250600,20250600
2024-12-06 09:00:00,105.525,,,20250300,20250600,20250600
2024-12-06 10:00:00,105.5,,,20250300,20250600,20250600
2024-12-06 11:00:00,105.455,,,20250300,20250600,20250600
2024-12-06 12:00:00,105.495,,,20250300,20250600,20250600
2024-12-06 13:00:00,105.275,104.94,104.94,20250300,20250600,20250600
2024-12-06 14:00:00,105.495,104.94,104.94,20250300,20250600,20250600
2024-12-06 15:00:00,105.645,105.32,105.32,20250300,20250600,20250600
2024-12-06 16:00:00,105.645,105.32,105.32,20250300,20250600,20250600
2024-12-06 17:00:00,105.675,105.32,105.32,20250300,20250600,20250600
2024-12-06 18:00:00,105.79,105.32,105.32,20250300,20250600,20250600
2024-12-06 19:00:00,105.74,105.32,105.32,20250300,20250600,20250600
2024-12-06 20:00:00,105.66,105.32,105.32,20250300,20250600,20250600
2024-12-06 21:00:00,105.65,105.32,105.32,20250300,20250600,20250600
2024-12-06 23:00:00,105.735,105.375,105.375,20250300,20250600,20250600
2024-12-08 23:00:00,105.675,,,20250300,20250600,20250600
2024-12-09 01:00:00,105.74,,,20250300,20250600,20250600
2024-12-09 02:00:00,105.71,,,20250300,20250600,20250600
2024-12-09 03:00:00,105.785,,,20250300,20250600,20250600
2024-12-09 04:00:00,105.865,105.6,105.6,20250300,20250600,20250600
2024-12-09 05:00:00,105.88,105.6,105.6,20250300,20250600,20250600
2024-12-09 06:00:00,105.825,105.6,105.6,20250300,20250600,20250600
2024-12-09 07:00:00,105.665,105.6,105.6,20250300,20250600,20250600
2024-12-09 08:00:00,105.655,105.6,105.6,20250300,20250600,20250600
2024-12-09 09:00:00,105.645,105.6,105.6,20250300,20250600,20250600
2024-12-09 10:00:00,105.545,105.6,105.6,20250300,20250600,20250600
2024-12-09 11:00:00,105.635,105.6,105.6,20250300,20250600,20250600
2024-12-09 12:00:00,105.675,105.6,105.6,20250300,20250600,20250600
2024-12-09 13:00:00,105.575,105.6,105.6,20250300,20250600,20250600
2024-12-09 14:00:00,105.575,105.6,105.6,20250300,20250600,20250600
2024-12-09 15:00:00,105.49,105.6,105.6,20250300,20250600,20250600
2024-12-09 16:00:00,105.665,105.6,105.6,20250300,20250600,20250600
2024-12-09 17:00:00,105.72,105.6,105.6,20250300,20250600,20250600
2024-12-09 18:00:00,105.725,105.6,105.6,20250300,20250600,20250600
2024-12-09 19:00:00,105.82,105.6,105.6,20250300,20250600,20250600
2024-12-09 20:00:00,105.855,105.6,105.6,20250300,20250600,20250600
2024-12-09 21:00:00,105.835,105.6,105.6,20250300,20250600,20250600
2024-12-09 23:00:00,105.705,105.46,105.46,20250300,20250600,20250600
2024-12-10 01:00:00,105.91,,,20250300,20250600,20250600
2024-12-10 02:00:00,105.84,,,20250300,20250600,20250600
2024-12-10 03:00:00,105.835,,,20250300,20250600,20250600
2024-12-10 04:00:00,105.805,,,20250300,20250600,20250600
2024-12-10 05:00:00,105.755,,,20250300,20250600,20250600
2024-12-10 06:00:00,105.745,,,20250300,20250600,20250600
2024-12-10 07:00:00,105.925,,,20250300,20250600,20250600
2024-12-10 08:00:00,105.99,,,20250300,20250600,20250600
2024-12-10 09:00:00,106.02,,,20250300,20250600,20250600
2024-12-10 10:00:00,106.02,,,20250300,20250600,20250600
2024-12-10 11:00:00,106.02,,,20250300,20250600,20250600
2024-12-10 12:00:00,106.035,,,20250300,20250600,20250600
2024-12-10 13:00:00,106.085,,,20250300,20250600,20250600
2024-12-10 14:00:00,106.12,,,20250300,20250600,20250600
2024-12-10 15:00:00,106.27,,,20250300,20250600,20250600
2024-12-10 16:00:00,106.2,,,20250300,20250600,20250600
2024-12-10 17:00:00,106.225,,,20250300,20250600,20250600
2024-12-10 18:00:00,106.08,,,20250300,20250600,20250600
2024-12-10 19:00:00,106.08,,,20250300,20250600,20250600
2024-12-10 20:00:00,106.09,,,20250300,20250600,20250600
2024-12-10 21:00:00,106.1,,,20250300,20250600,20250600
2024-12-10 23:00:00,106.08,105.72,105.72,20250300,20250600,20250600
2024-12-11 01:00:00,106.0,,,20250300,20250600,20250600
2024-12-11 02:00:00,105.97,,,20250300,20250600,20250600
2024-12-11 03:00:00,106.03,,,20250300,20250600,20250600
2024-12-11 04:00:00,106.07,,,20250300,20250600,20250600
2024-12-11 05:00:00,106.09,,,20250300,20250600,20250600
2024-12-11 06:00:00,106.075,,,20250300,20250600,20250600
2024-12-11 07:00:00,106.36,,,20250300,20250600,20250600
2024-12-11 08:00:00,106.21,,,20250300,20250600,20250600
2024-12-11 09:00:00,106.375,,,20250300,20250600,20250600
2024-12-11 10:00:00,106.415,,,20250300,20250600,20250600
2024-12-11 11:00:00,106.335,,,20250300,20250600,20250600
2024-12-11 12:00:00,106.315,,,20250300,20250600,20250600
2024-12-11 13:00:00,106.11,106.135,106.135,20250300,20250600,20250600
2024-12-11 14:00:00,106.24,106.135,106.135,20250300,20250600,20250600
2024-12-11 15:00:00,106.38,106.145,106.145,20250300,20250600,20250600
2024-12-11 16:00:00,106.22,106.145,106.145,20250300,20250600,20250600
2024-12-11 17:00:00,106.4,106.145,106.145,20250300,20250600,20250600
2024-12-11 18:00:00,106.455,106.145,106.145,20250300,20250600,20250600
2024-12-11 19:00:00,106.385,106.145,106.145,20250300,20250600,20250600
2024-12-11 20:00:00,106.39,106.145,106.145,20250300,20250600,20250600
2024-12-11 21:00:00,106.36,105.91,105.91,20250300,20250600,20250600
2024-12-11 23:00:00,106.39,106.03,106.03,20250300,20250600,20250600
2024-12-12 01:00:00,106.205,,,20250300,20250600,20250600
2024-12-12 02:00:00,106.255,,,20250300,20250600,20250600
2024-12-12 03:00:00,106.25,,,20250300,20250600,20250600
2024-12-12 04:00:00,106.215,,,20250300,20250600,20250600
2024-12-12 05:00:00,106.25,,,20250300,20250600,20250600
2024-12-12 06:00:00,106.22,,,20250300,20250600,20250600
2024-12-12 07:00:00,106.2,105.73,105.73,20250300,20250600,20250600
2024-12-12 08:00:00,106.265,105.73,105.73,20250300,20250600,20250600
2024-12-12 09:00:00,106.255,105.73,105.73,20250300,20250600,20250600
2024-12-12 10:00:00,106.33,105.73,105.73,20250300,20250600,20250600
2024-12-12 11:00:00,106.285,105.73,105.73,20250300,20250600,20250600
2024-12-12 12:00:00,106.405,106.065,106.065,20250300,20250600,20250600
2024-12-12 13:00:00,106.415,106.085,106.085,20250300,20250600,20250600
2024-12-12 14:00:00,106.22,105.91,105.91,20250300,20250600,20250600
2024-12-12 15:00:00,106.575,106.26,106.26,20250300,20250600,20250600
2024-12-12 16:00:00,106.27,105.965,105.965,20250300,20250600,20250600
2024-12-12 17:00:00,106.39,106.07,106.07,20250300,20250600,20250600
2024-12-12 18:00:00,106.545,106.22,106.22,20250300,20250600,20250600
2024-12-12 19:00:00,106.64,106.32,106.32,20250300,20250600,20250600
2024-12-12 20:00:00,106.69,106.395,106.395,20250300,20250600,20250600
2024-12-12 21:00:00,106.68,106.28,106.28,20250300,20250600,20250600
2024-12-12 23:00:00,106.645,106.285,106.285,20250300,20250600,20250600
2024-12-13 01:00:00,106.735,,,20250300,20250600,20250600
2024-12-13 02:00:00,106.79,106.355,106.355,20250300,20250600,20250600
2024-12-13 03:00:00,106.8,106.355,106.355,20250300,20250600,20250600
2024-12-13 04:00:00,106.78,106.355,106.355,20250300,20250600,20250600
2024-12-13 05:00:00,106.765,106.355,106.355,20250300,20250600,20250600
2024-12-13 06:00:00,106.745,106.355,106.355,20250300,20250600,20250600
2024-12-13 07:00:00,106.82,106.355,106.355,20250300,20250600,20250600
2024-12-13 08:00:00,106.805,106.355,106.355,20250300,20250600,20250600
2024-12-13 09:00:00,106.705,106.355,106.355,20250300,20250600,20250600
2024-12-13 10:00:00,106.69,106.355,106.355,20250300,20250600,20250600
2024-12-13 11:00:00,106.685,106.355,106.355,20250300,20250600,20250600
2024-12-13 12:00:00,106.48,106.55,106.55,20250300,20250600,20250600
2024-12-13 13:00:00,106.485,106.55,106.55,20250300,20250600,20250600
2024-12-13 14:00:00,106.69,106.55,106.55,20250300,20250600,20250600
2024-12-13 15:00:00,106.735,106.55,106.55,20250300,20250600,20250600
2024-12-13 16:00:00,106.68,106.55,106.55,20250300,20250600,20250600
2024-12-13 17:00:00,106.68,106.55,106.55,20250300,20250600,20250600
2024-12-13 18:00:00,106.675,106.55,106.55,20250300,20250600,20250600
2024-12-13 19:00:00,106.68,106.55,106.55,20250300,20250600,20250600
2024-12-13 20:00:00,106.66,106.55,106.55,20250300,20250600,20250600
2024-12-13 21:00:00,106.645,106.55,106.55,20250300,20250600,20250600
2024-12-13 23:00:00,106.685,106.325,106.325,20250300,20250600,20250600
2024-12-15 23:00:00,106.555,,,20250300,20250600,20250600
2024-12-16 01:00:00,106.53,,,20250300,20250600,20250600
2024-12-16 02:00:00,106.585,,,20250300,20250600,20250600
2024-12-16 03:00:00,106.57,,,20250300,20250600,20250600
2024-12-16 04:00:00,106.535,,,20250300,20250600,20250600
2024-12-16 05:00:00,106.505,,,20250300,20250600,20250600
2024-12-16 06:00:00,106.55,,,20250300,20250600,20250600
2024-12-16 07:00:00,106.585,,,20250300,20250600,20250600
2024-12-16 08:00:00,106.58,,,20250300,20250600,20250600
2024-12-16 09:00:00,106.595,,,20250300,20250600,20250600
2024-12-16 10:00:00,106.715,,,20250300,20250600,20250600
2024-12-16 11:00:00,106.685,,,20250300,20250600,20250600
2024-12-16 12:00:00,106.695,,,20250300,20250600,20250600
2024-12-16 13:00:00,106.59,,,20250300,20250600,20250600
2024-12-16 14:00:00,106.795,,,20250300,20250600,20250600
2024-12-16 15:00:00,106.56,106.19,106.19,20250300,20250600,20250600
2024-12-16 16:00:00,106.545,106.19,106.19,20250300,20250600,20250600
2024-12-16 17:00:00,106.54,106.19,106.19,20250300,20250600,20250600
2024-12-16 18:00:00,106.47,106.19,106.19,20250300,20250600,20250600
2024-12-16 19:00:00,106.56,106.19,106.19,20250300,20250600,20250600
2024-12-16 20:00:00,106.59,106.19,106.19,20250300,20250600,20250600
2024-12-16 21:00:00,106.56,106.19,106.19,20250300,20250600,20250600
2024-12-16 23:00:00,106.555,106.195,106.195,20250300,20250600,20250600
2024-12-17 01:00:00,106.485,,,20250300,20250600,20250600
2024-12-17 02:00:00,106.505,,,20250300,20250600,20250600
2024-12-17 03:00:00,106.565,,,20250300,20250600,20250600
2024-12-17 04:00:00,106.6,,,20250300,20250600,20250600
2024-12-17 05:00:00,106.64,,,20250300,20250600,20250600
2024-12-17 06:00:00,106.655,,,20250300,20250600,20250600
2024-12-17 07:00:00,106.66,,,20250300,20250600,20250600
2024-12-17 08:00:00,106.705,,,20250300,20250600,20250600
2024-12-17 09:00:00,106.73,,,20250300,20250600,20250600
2024-12-17 10:00:00,106.715,,,20250300,20250600,20250600
2024-12-17 11:00:00,106.695,,,20250300,20250600,20250600
2024-12-17 12:00:00,106.63,,,20250300,20250600,20250600
2024-12-17 13:00:00,106.585,,,20250300,20250600,20250600
2024-12-17 14:00:00,106.61,,,20250300,20250600,20250600
2024-12-17 15:00:00,106.62,,,20250300,20250600,20250600
2024-12-17 16:00:00,106.56,,,20250300,20250600,20250600
2024-12-17 17:00:00,106.56,106.165,106.165,20250300,20250600,20250600
2024-12-17 18:00:00,106.615,106.165,106.165,20250300,20250600,20250600
2024-12-17 19:00:00,106.665,106.165,106.165,20250300,20250600,20250600
2024-12-17 20:00:00,106.675,106.165,106.165,20250300,20250600,20250600
2024-12-17 21:00:00,106.66,106.165,106.165,20250300,20250600,20250600
2024-12-17 23:00:00,106.665,106.275,106.275,20250300,20250600,20250600
2024-12-18 01:00:00,106.61,,,20250300,20250600,20250600
2024-12-18 02:00:00,106.64,,,20250300,20250600,20250600
2024-12-18 03:00:00,106.655,,,20250300,20250600,20250600
2024-12-18 04:00:00,106.615,,,20250300,20250600,20250600
2024-12-18 05:00:00,106.6,,,20250300,20250600,20250600
2024-12-18 06:00:00,106.54,,,20250300,20250600,20250600
2024-12-18 07:00:00,106.665,,,20250300,20250600,20250600
2024-12-18 08:00:00,106.685,,,20250300,20250600,20250600
2024-12-18 09:00:00,106.7,,,20250300,20250600,20250600
2024-12-18 10:00:00,106.625,,,20250300,20250600,20250600
2024-12-18 11:00:00,106.66,,,20250300,20250600,20250600
2024-12-18 12:00:00,106.705,,,20250300,20250600,20250600
2024-12-18 13:00:00,106.71,,,20250300,20250600,20250600
2024-12-18 14:00:00,106.665,,,20250300,20250600,20250600
2024-12-18 15:00:00,106.845,106.54,106.54,20250300,20250600,20250600
2024-12-18 16:00:00,106.89,106.485,106.485,20250300,20250600,20250600
2024-12-18 17:00:00,106.81,106.45,106.45,20250300,20250600,20250600
2024-12-18 18:00:00,106.71,106.45,106.45,20250300,20250600,20250600
2024-12-18 19:00:00,107.755,107.0,107.0,20250300,20250600,20250600
2024-12-18 20:00:00,107.865,107.0,107.0,20250300,20250600,20250600
2024-12-18 21:00:00,107.95,107.0,107.0,20250300,20250600,20250600
2024-12-18 23:00:00,107.75,107.36,107.36,20250300,20250600,20250600
2024-12-19 01:00:00,107.775,,,20250300,20250600,20250600
2024-12-19 02:00:00,107.735,,,20250300,20250600,20250600
2024-12-19 03:00:00,107.825,,,20250300,20250600,20250600
2024-12-19 04:00:00,107.835,,,20250300,20250600,20250600
2024-12-19 05:00:00,107.81,,,20250300,20250600,20250600
2024-12-19 06:00:00,107.825,,,20250300,20250600,20250600
2024-12-19 07:00:00,107.775,,,20250300,20250600,20250600
2024-12-19 08:00:00,107.685,,,20250300,20250600,20250600
2024-12-19 09:00:00,107.64,107.26,107.26,20250300,20250600,20250600
2024-12-19 10:00:00,107.685,107.26,107.26,20250300,20250600,20250600
2024-12-19 11:00:00,107.685,107.315,107.315,20250300,20250600,20250600
2024-12-19 12:00:00,107.775,107.315,107.315,20250300,20250600,20250600
2024-12-19 13:00:00,107.75,107.315,107.315,20250300,20250600,20250600
2024-12-19 14:00:00,107.795,107.515,107.515,20250300,20250600,20250600
2024-12-19 15:00:00,107.995,107.445,107.445,20250300,20250600,20250600
2024-12-19 16:00:00,108.175,107.445,107.445,20250300,20250600,20250600
2024-12-19 17:00:00,108.17,107.445,107.445,20250300,20250600,20250600
2024-12-19 18:00:00,108.04,107.445,107.445,20250300,20250600,20250600
2024-12-19 19:00:00,108.155,107.72,107.72,20250300,20250600,20250600
2024-12-19 20:00:00,108.1,107.72,107.72,20250300,20250600,20250600
2024-12-19 21:00:00,108.15,107.72,107.72,20250300,20250600,20250600
2024-12-19 23:00:00,108.155,107.805,107.805,20250300,20250600,20250600
2024-12-20 01:00:00,108.165,,,20250300,20250600,20250600
2024-12-20 02:00:00,108.15,,,20250300,20250600,20250600
2024-12-20 03:00:00,108.185,,,20250300,20250600,20250600
2024-12-20 04:00:00,108.21,,,20250300,20250600,20250600
2024-12-20 05:00:00,108.13,,,20250300,20250600,20250600
2024-12-20 06:00:00,108.04,,,20250300,20250600,20250600
2024-12-20 07:00:00,107.98,107.67,107.67,20250300,20250600,20250600
2024-12-20 08:00:00,107.92,107.67,107.67,20250300,20250600,20250600
2024-12-20 09:00:00,107.955,107.67,107.67,20250300,20250600,20250600
2024-12-20 10:00:00,107.89,107.56,107.56,20250300,20250600,20250600
2024-12-20 11:00:00,107.895,107.56,107.56,20250300,20250600,20250600
2024-12-20 12:00:00,107.895,107.56,107.56,20250300,20250600,20250600
2024-12-20 13:00:00,107.72,107.33,107.33,20250300,20250600,20250600
2024-12-20 14:00:00,107.815,107.405,107.405,20250300,20250600,20250600
2024-12-20 15:00:00,107.77,107.405,107.405,20250300,20250600,20250600
2024-12-20 16:00:00,107.47,107.15,107.15,20250300,20250600,20250600
2024-12-20 17:00:00,107.435,107.15,107.15,20250300,20250600,20250600
2024-12-20 18:00:00,107.425,107.15,107.15,20250300,20250600,20250600
2024-12-20 19:00:00,107.36,107.15,107.15,20250300,20250600,20250600
2024-12-20 20:00:00,107.535,107.15,107.15,20250300,20250600,20250600
2024-12-20 21:00:00,107.555,107.15,107.15,20250300,20250600,20250600
2024-12-20 23:00:00,107.35,107.005,107.005,20250300,20250600,20250600
2024-12-22 23:00:00,107.535,107.195,107.195,20250300,20250600,20250600
2024-12-23 01:00:00,107.485,107.23,107.23,20250300,20250600,20250600
2024-12-23 02:00:00,107.48,107.125,107.125,20250300,20250600,20250600
2024-12-23 03:00:00,107.505,107.125,107.125,20250300,20250600,20250600
2024-12-23 04:00:00,107.47,107.125,107.125,20250300,20250600,20250600
2024-12-23 05:00:00,107.505,107.125,107.125,20250300,20250600,20250600
2024-12-23 06:00:00,107.545,107.125,107.125,20250300,20250600,20250600
2024-12-23 07:00:00,107.725,107.125,107.125,20250300,20250600,20250600
2024-12-23 08:00:00,107.665,107.36,107.36,20250300,20250600,20250600
2024-12-23 09:00:00,107.745,107.36,107.36,20250300,20250600,20250600
2024-12-23 10:00:00,107.905,107.555,107.555,20250300,20250600,20250600
2024-12-23 11:00:00,107.875,107.555,107.555,20250300,20250600,20250600
2024-12-23 12:00:00,107.935,107.555,107.555,20250300,20250600,20250600
2024-12-23 13:00:00,107.935,107.59,107.59,20250300,20250600,20250600
2024-12-23 14:00:00,107.975,107.55,107.55,20250300,20250600,20250600
2024-12-23 15:00:00,107.99,107.62,107.62,20250300,20250600,20250600
2024-12-23 16:00:00,107.845,107.53,107.53,20250300,20250600,20250600
2024-12-23 17:00:00,107.91,107.455,107.455,20250300,20250600,20250600
2024-12-23 18:00:00,107.83,107.455,107.455,20250300,20250600,20250600
2024-12-23 19:00:00,107.81,107.455,107.455,20250300,20250600,20250600
2024-12-23 20:00:00,107.845,107.455,107.455,20250300,20250600,20250600
2024-12-23 21:00:00,107.845,107.455,107.455,20250300,20250600,20250600
2024-12-23 23:00:00,107.555,107.195,107.195,20250300,20250600,20250600
2024-12-24 01:00:00,107.87,,,20250300,20250600,20250600
2024-12-24 02:00:00,107.895,,,20250300,20250600,20250600
2024-12-24 03:00:00,107.945,,,20250300,20250600,20250600
2024-12-24 04:00:00,107.9,,,20250300,20250600,20250600
2024-12-24 05:00:00,107.895,,,20250300,20250600,20250600
2024-12-24 06:00:00,107.905,,,20250300,20250600,20250600
2024-12-24 07:00:00,107.95,107.575,107.575,20250300,20250600,20250600
2024-12-24 08:00:00,107.925,107.575,107.575,20250300,20250600,20250600
2024-12-24 09:00:00,107.96,107.575,107.575,20250300,20250600,20250600
2024-12-24 10:00:00,107.92,107.575,107.575,20250300,20250600,20250600
2024-12-24 11:00:00,107.955,107.57,107.57,20250300,20250600,20250600
2024-12-24 12:00:00,107.98,107.57,107.57,20250300,20250600,20250600
2024-12-24 13:00:00,107.88,107.57,107.57,20250300,20250600,20250600
2024-12-24 14:00:00,107.875,107.57,107.57,20250300,20250600,20250600
2024-12-24 15:00:00,107.99,107.57,107.57,20250300,20250600,20250600
2024-12-24 16:00:00,108.03,107.57,107.57,20250300,20250600,20250600
2024-12-24 17:00:00,108.035,107.68,107.68,20250300,20250600,20250600
2024-12-24 18:00:00,108.0,107.68,107.68,20250300,20250600,20250600
2024-12-24 23:00:00,108.025,107.68,107.68,20250300,20250600,20250600
2024-12-26 01:00:00,107.94,,,20250300,20250600,20250600
2024-12-26 02:00:00,107.93,,,20250300,20250600,20250600
2024-12-26 03:00:00,107.91,,,20250300,20250600,20250600
2024-12-26 04:00:00,107.955,,,20250300,20250600,20250600
2024-12-26 05:00:00,107.94,,,20250300,20250600,20250600
2024-12-26 06:00:00,107.94,,,20250300,20250600,20250600
2024-12-26 07:00:00,107.965,,,20250300,20250600,20250600
2024-12-26 08:00:00,107.995,,,20250300,20250600,20250600
2024-12-26 09:00:00,107.965,,,20250300,20250600,20250600
2024-12-26 10:00:00,107.94,,,20250300,20250600,20250600
2024-12-26 11:00:00,107.95,,,20250300,20250600,20250600
2024-12-26 12:00:00,107.995,,,20250300,20250600,20250600
2024-12-26 13:00:00,107.995,,,20250300,20250600,20250600
2024-12-26 14:00:00,108.025,,,20250300,20250600,20250600
2024-12-26 15:00:00,107.99,,,20250300,20250600,20250600
2024-12-26 16:00:00,107.885,,,20250300,20250600,20250600
2024-12-26 17:00:00,107.96,,,20250300,20250600,20250600
2024-12-26 18:00:00,107.87,,,20250300,20250600,20250600
2024-12-26 19:00:00,107.895,,,20250300,20250600,20250600
2024-12-26 20:00:00,107.88,,,20250300,20250600,20250600
2024-12-26 21:00:00,107.88,,,20250300,20250600,20250600
2024-12-26 23:00:00,107.89,107.545,107.545,20250300,20250600,20250600
2024-12-27 01:00:00,107.935,,,20250300,20250600,20250600
2024-12-27 02:00:00,107.945,,,20250300,20250600,20250600
2024-12-27 03:00:00,107.935,,,20250300,20250600,20250600
2024-12-27 04:00:00,107.95,,,20250300,20250600,20250600
2024-12-27 05:00:00,107.955,,,20250300,20250600,20250600
2024-12-27 06:00:00,107.945,,,20250300,20250600,20250600
2024-12-27 07:00:00,107.885,,,20250300,20250600,20250600
2024-12-27 08:00:00,107.93,,,20250300,20250600,20250600
2024-12-27 09:00:00,107.915,,,20250300,20250600,20250600
2024-12-27 10:00:00,107.87,,,20250300,20250600,20250600
2024-12-27 11:00:00,107.71,107.38,107.38,20250300,20250600,20250600
2024-12-27 12:00:00,107.74,107.33,107.33,20250300,20250600,20250600
2024-12-27 13:00:00,107.69,107.33,107.33,20250300,20250600,20250600
2024-12-27 14:00:00,107.79,107.4,107.4,20250300,20250600,20250600
2024-12-27 15:00:00,107.795,107.49,107.49,20250300,20250600,20250600
2024-12-27 16:00:00,107.82,107.49,107.49,20250300,20250600,20250600
2024-12-27 17:00:00,107.86,107.49,107.49,20250300,20250600,20250600
2024-12-27 18:00:00,107.81,107.49,107.49,20250300,20250600,20250600
2024-12-27 19:00:00,107.795,107.49,107.49,20250300,20250600,20250600
2024-12-27 20:00:00,107.795,107.49,107.49,20250300,20250600,20250600
2024-12-27 21:00:00,107.81,107.49,107.49,20250300,20250600,20250600
2024-12-27 23:00:00,107.795,107.45,107.45,20250300,20250600,20250600
2024-12-29 23:00:00,107.775,,,20250300,20250600,20250600
2024-12-30 01:00:00,107.79,107.455,107.455,20250300,20250600,20250600
2024-12-30 02:00:00,107.79,107.455,107.455,20250300,20250600,20250600
2024-12-30 03:00:00,107.8,107.46,107.46,20250300,20250600,20250600
2024-12-30 04:00:00,107.79,107.46,107.46,20250300,20250600,20250600
2024-12-30 05:00:00,107.795,107.46,107.46,20250300,20250600,20250600
2024-12-30 06:00:00,107.765,107.46,107.46,20250300,20250600,20250600
2024-12-30 07:00:00,107.79,107.46,107.46,20250300,20250600,20250600
2024-12-30 08:00:00,107.915,107.46,107.46,20250300,20250600,20250600
2024-12-30 09:00:00,107.745,107.46,107.46,20250300,20250600,20250600
2024-12-30 10:00:00,107.7,107.46,107.46,20250300,20250600,20250600
2024-12-30 11:00:00,107.61,107.23,107.23,20250300,20250600,20250600
2024-12-30 12:00:00,107.62,107.215,107.215,20250300,20250600,20250600
2024-12-30 13:00:00,108.055,107.215,107.215,20250300,20250600,20250600
2024-12-30 14:00:00,107.925,107.72,107.72,20250300,20250600,20250600
2024-12-30 15:00:00,108.115,107.72,107.72,20250300,20250600,20250600
2024-12-30 16:00:00,108.075,107.765,107.765,20250300,20250600,20250600
2024-12-30 17:00:00,107.97,107.745,107.745,20250300,20250600,20250600
2024-12-30 18:00:00,107.855,107.745,107.745,20250300,20250600,20250600
2024-12-30 19:00:00,107.935,107.745,107.745,20250300,20250600,20250600
2024-12-30 20:00:00,107.895,107.52,107.52,20250300,20250600,20250600
2024-12-30 21:00:00,107.84,107.52,107.52,20250300,20250600,20250600
2024-12-30 23:00:00,107.935,107.455,107.455,20250300,20250600,20250600
2024-12-31 01:00:00,107.755,,,20250300,20250600,20250600
2024-12-31 02:00:00,107.725,,,20250300,20250600,20250600
2024-12-31 03:00:00,107.765,,,20250300,20250600,20250600
2024-12-31 04:00:00,107.77,,,20250300,20250600,20250600
2024-12-31 05:00:00,107.78,107.425,107.425,20250300,20250600,20250600
2024-12-31 06:00:00,107.795,107.475,107.475,20250300,20250600,20250600
2024-12-31 07:00:00,107.725,107.475,107.475,20250300,20250600,20250600
2024-12-31 08:00:00,107.685,107.475,107.475,20250300,20250600,20250600
2024-12-31 09:00:00,107.735,107.475,107.475,20250300,20250600,20250600
2024-12-31 10:00:00,107.8,107.475,107.475,20250300,20250600,20250600
2024-12-31 11:00:00,107.835,107.475,107.475,20250300,20250600,20250600
2024-12-31 12:00:00,107.97,107.475,107.475,20250300,20250600,20250600
2024-12-31 13:00:00,107.985,107.475,107.475,20250300,20250600,20250600
2024-12-31 14:00:00,108.065,107.475,107.475,20250300,20250600,20250600
2024-12-31 15:00:00,108.225,107.475,107.475,20250300,20250600,20250600
2024-12-31 16:00:00,108.315,107.96,107.96,20250300,20250600,20250600
2024-12-31 17:00:00,108.33,107.96,107.96,20250300,20250600,20250600
2024-12-31 18:00:00,108.295,107.96,107.96,20250300,20250600,20250600
2024-12-31 19:00:00,108.295,107.96,107.96,20250300,20250600,20250600
2024-12-31 20:00:00,108.26,107.96,107.96,20250300,20250600,20250600
2024-12-31 21:00:00,108.255,107.96,107.96,20250300,20250600,20250600
2024-12-31 23:00:00,108.295,107.935,107.935,20250300,20250600,20250600
2025-01-02 01:00:00,108.27,108.0,108.0,20250300,20250600,20250600
2025-01-02 02:00:00,108.155,108.0,108.0,20250300,20250600,20250600
2025-01-02 03:00:00,108.135,108.0,108.0,20250300,20250600,20250600
2025-01-02 04:00:00,108.135,108.0,108.0,20250300,20250600,20250600
2025-01-02 05:00:00,108.18,108.0,108.0,20250300,20250600,20250600
2025-01-02 06:00:00,108.15,108.0,108.0,20250300,20250600,20250600
2025-01-02 07:00:00,108.175,108.0,108.0,20250300,20250600,20250600
2025-01-02 08:00:00,108.21,108.0,108.0,20250300,20250600,20250600
2025-01-02 09:00:00,108.295,108.0,108.0,20250300,20250600,20250600
2025-01-02 10:00:00,108.61,108.17,108.17,20250300,20250600,20250600
2025-01-02 11:00:00,108.505,108.18,108.18,20250300,20250600,20250600
2025-01-02 12:00:00,108.63,108.29,108.29,20250300,20250600,20250600
2025-01-02 13:00:00,108.645,108.25,108.25,20250300,20250600,20250600
2025-01-02 14:00:00,108.745,108.27,108.27,20250300,20250600,20250600
2025-01-02 15:00:00,108.98,108.5,108.5,20250300,20250600,20250600
2025-01-02 16:00:00,109.13,108.865,108.865,20250300,20250600,20250600
2025-01-02 17:00:00,109.095,108.805,108.805,20250300,20250600,20250600
2025-01-02 18:00:00,109.16,108.79,108.79,20250300,20250600,20250600
2025-01-02 19:00:00,109.2,108.79,108.79,20250300,20250600,20250600
2025-01-02 20:00:00,109.125,108.79,108.79,20250300,20250600,20250600
2025-01-02 21:00:00,109.075,108.79,108.79,20250300,20250600,20250600
2025-01-02 23:00:00,109.21,108.85,108.85,20250300,20250600,20250600
2025-01-03 01:00:00,109.03,108.655,108.655,20250300,20250600,20250600
2025-01-03 02:00:00,108.98,108.655,108.655,20250300,20250600,20250600
2025-01-03 03:00:00,108.99,108.655,108.655,20250300,20250600,20250600
2025-01-03 04:00:00,109.0,108.655,108.655,20250300,20250600,20250600
2025-01-03 05:00:00,108.99,108.67,108.67,20250300,20250600,20250600
2025-01-03 06:00:00,108.915,108.61,108.61,20250300,20250600,20250600
2025-01-03 07:00:00,108.91,108.61,108.61,20250300,20250600,20250600
2025-01-03 08:00:00,108.935,108.61,108.61,20250300,20250600,20250600
2025-01-03 09:00:00,108.855,108.61,108.61,20250300,20250600,20250600
2025-01-03 10:00:00,108.945,108.61,108.61,20250300,20250600,20250600
2025-01-03 11:00:00,108.8,108.61,108.61,20250300,20250600,20250600
2025-01-03 12:00:00,108.81,108.61,108.61,20250300,20250600,20250600
2025-01-03 13:00:00,108.85,108.61,108.61,20250300,20250600,20250600
2025-01-03 14:00:00,108.795,108.535,108.535,20250300,20250600,20250600
2025-01-03 15:00:00,108.915,108.61,108.61,20250300,20250600,20250600
2025-01-03 16:00:00,108.885,108.61,108.61,20250300,20250600,20250600
2025-01-03 17:00:00,108.835,108.61,108.61,20250300,20250600,20250600
2025-01-03 18:00:00,108.84,108.485,108.485,20250300,20250600,20250600
2025-01-03 19:00:00,108.805,108.46,108.46,20250300,20250600,20250600
2025-01-03 20:00:00,108.785,108.45,108.45,20250300,20250600,20250600
2025-01-03 21:00:00,108.74,108.42,108.42,20250300,20250600,20250600
2025-01-03 23:00:00,108.795,108.44,108.44,20250300,20250600,20250600
2025-01-05 23:00:00,108.805,,,20250300,20250600,20250600
2025-01-06 01:00:00,108.735,108.395,108.395,20250300,20250600,20250600
2025-01-06 02:00:00,108.72,108.395,108.395,20250300,20250600,20250600
2025-01-06 03:00:00,108.715,108.395,108.395,20250300,20250600,20250600
2025-01-06 04:00:00,108.73,108.395,108.395,20250300,20250600,20250600
2025-01-06 05:00:00,108.76,108.41,108.41,20250300,20250600,20250600
2025-01-06 06:00:00,108.73,108.41,108.41,20250300,20250600,20250600
2025-01-06 07:00:00,108.61,108.41,108.41,20250300,20250600,20250600
2025-01-06 08:00:00,108.405,108.41,108.41,20250300,20250600,20250600
2025-01-06 09:00:00,108.39,107.975,107.975,20250300,20250600,20250600
2025-01-06 10:00:00,108.545,107.975,107.975,20250300,20250600,20250600
2025-01-06 11:00:00,107.775,107.515,107.515,20250300,20250600,20250600
2025-01-06 12:00:00,107.83,107.515,107.515,20250300,20250600,20250600
2025-01-06 13:00:00,107.77,107.505,107.505,20250300,20250600,20250600
2025-01-06 14:00:00,108.02,107.505,107.505,20250300,20250600,20250600
2025-01-06 15:00:00,108.08,107.79,107.79,20250300,20250600,20250600
2025-01-06 16:00:00,107.99,107.79,107.79,20250300,20250600,20250600
2025-01-06 23:00:00,107.99,108.545,108.545,20250300,20250600,20250600
2025-01-07 01:00:00,108.205,107.895,107.895,20250300,20250600,20250600
2025-01-07 02:00:00,108.19,107.895,107.895,20250300,20250600,20250600
2025-01-07 03:00:00,108.09,107.895,107.895,20250300,20250600,20250600
2025-01-07 04:00:00,108.09,107.895,107.895,20250300,20250600,20250600
2025-01-07 05:00:00,108.025,107.895,107.895,20250300,20250600,20250600
2025-01-07 06:00:00,108.02,107.895,107.895,20250300,20250600,20250600
2025-01-07 07:00:00,107.86,107.895,107.895,20250300,20250600,20250600
2025-01-07 08:00:00,107.77,107.895,107.895,20250300,20250600,20250600
2025-01-07 09:00:00,107.76,107.895,107.895,20250300,20250600,20250600
2025-01-07 10:00:00,107.785,107.895,107.895,20250300,20250600,20250600
2025-01-07 11:00:00,107.905,107.895,107.895,20250300,20250600,20250600
2025-01-07 12:00:00,108.075,107.895,107.895,20250300,20250600,20250600
2025-01-07 13:00:00,108.01,107.895,107.895,20250300,20250600,20250600
2025-01-07 14:00:00,108.065,107.895,107.895,20250300,20250600,20250600
2025-01-07 15:00:00,108.265,107.895,107.895,20250300,20250600,20250600
2025-01-07 16:00:00,108.275,107.95,107.95,20250300,20250600,20250600
2025-01-07 17:00:00,108.265,107.95,107.95,20250300,20250600,20250600
2025-01-07 18:00:00,108.38,108.06,108.06,20250300,20250600,20250600
2025-01-07 19:00:00,108.38,108.06,108.06,20250300,20250600,20250600
2025-01-07 20:00:00,108.475,108.12,108.12,20250300,20250600,20250600
2025-01-07 21:00:00,108.525,108.12,108.12,20250300,20250600,20250600
2025-01-07 23:00:00,108.375,108.03,108.03,20250300,20250600,20250600
2025-01-08 01:00:00,108.42,,,20250300,20250600,20250600
2025-01-08 02:00:00,108.42,,,20250300,20250600,20250600
2025-01-08 03:00:00,108.485,,,20250300,20250600,20250600
2025-01-08 04:00:00,108.46,,,20250300,20250600,20250600
2025-01-08 05:00:00,108.415,,,20250300,20250600,20250600
2025-01-08 06:00:00,108.43,,,20250300,20250600,20250600
2025-01-08 07:00:00,108.62,,,20250300,20250600,20250600
2025-01-08 08:00:00,108.74,,,20250300,20250600,20250600
2025-01-08 09:00:00,108.71,,,20250300,20250600,20250600
2025-01-08 10:00:00,108.735,108.43,108.43,20250300,20250600,20250600
2025-01-08 11:00:00,108.975,108.535,108.535,20250300,20250600,20250600
2025-01-08 12:00:00,109.13,108.78,108.78,20250300,20250600,20250600
2025-01-08 13:00:00,108.94,108.69,108.69,20250300,20250600,20250600
2025-01-08 14:00:00,109.065,108.715,108.715,20250300,20250600,20250600
2025-01-08 15:00:00,108.97,108.67,108.67,20250300,20250600,20250600
2025-01-08 16:00:00,108.87,108.67,108.67,20250300,20250600,20250600
2025-01-08 17:00:00,108.955,108.67,108.67,20250300,20250600,20250600
2025-01-08 18:00:00,108.905,108.67,108.67,20250300,20250600,20250600
2025-01-08 19:00:00,108.93,108.67,108.67,20250300,20250600,20250600
2025-01-08 20:00:00,108.86,108.49,108.49,20250300,20250600,20250600
2025-01-08 21:00:00,108.9,108.49,108.49,20250300,20250600,20250600
2025-01-08 23:00:00,108.925,108.575,108.575,20250300,20250600,20250600
2025-01-09 01:00:00,108.865,,,20250300,20250600,20250600
2025-01-09 02:00:00,108.835,,,20250300,20250600,20250600
2025-01-09 03:00:00,108.88,,,20250300,20250600,20250600
2025-01-09 04:00:00,108.91,,,20250300,20250600,20250600
2025-01-09 05:00:00,108.94,,,20250300,20250600,20250600
2025-01-09 06:00:00,109.03,108.69,108.69,20250300,20250600,20250600
2025-01-09 07:00:00,109.15,108.66,108.66,20250300,20250600,20250600
2025-01-09 08:00:00,108.98,108.675,108.675,20250300,20250600,20250600
2025-01-09 09:00:00,109.0,108.68,108.68,20250300,20250600,20250600
2025-01-09 10:00:00,109.0,108.73,108.73,20250300,20250600,20250600
2025-01-09 11:00:00,109.02,108.73,108.73,20250300,20250600,20250600
2025-01-09 12:00:00,108.985,108.72,108.72,20250300,20250600,20250600
2025-01-09 13:00:00,108.93,108.62,108.62,20250300,20250600,20250600
2025-01-09 14:00:00,108.935,108.59,108.59,20250300,20250600,20250600
2025-01-09 15:00:00,109.01,108.59,108.59,20250300,20250600,20250600
2025-01-09 16:00:00,109.02,108.59,108.59,20250300,20250600,20250600
2025-01-09 17:00:00,109.03,108.7,108.7,20250300,20250600,20250600
2025-01-09 18:00:00,109.0,108.71,108.71,20250300,20250600,20250600
2025-01-09 19:00:00,109.01,108.71,108.71,20250300,20250600,20250600
2025-01-09 20:00:00,108.99,108.71,108.71,20250300,20250600,20250600
2025-01-09 21:00:00,109.01,108.71,108.71,20250300,20250600,20250600
2025-01-09 23:00:00,109.005,108.655,108.655,20250300,20250600,20250600
2025-01-10 01:00:00,109.01,,,20250300,20250600,20250600
2025-01-10 02:00:00,109.03,,,20250300,20250600,20250600
2025-01-10 03:00:00,109.05,,,20250300,20250600,20250600
2025-01-10 04:00:00,109.1,,,20250300,20250600,20250600
2025-01-10 05:00:00,109.09,,,20250300,20250600,20250600
2025-01-10 06:00:00,109.215,108.83,108.83,20250300,20250600,20250600
2025-01-10 07:00:00,109.085,108.815,108.815,20250300,20250600,20250600
2025-01-10 08:00:00,108.995,108.815,108.815,20250300,20250600,20250600
2025-01-10 09:00:00,109.015,108.815,108.815,20250300,20250600,20250600
2025-01-10 10:00:00,109.02,108.815,108.815,20250300,20250600,20250600
2025-01-10 11:00:00,109.015,108.69,108.69,20250300,20250600,20250600
2025-01-10 12:00:00,108.975,108.69,108.69,20250300,20250600,20250600
2025-01-10 13:00:00,109.44,109.25,109.25,20250300,20250600,20250600
2025-01-10 14:00:00,109.385,109.09,109.09,20250300,20250600,20250600
2025-01-10 15:00:00,109.405,108.965,108.965,20250300,20250600,20250600
2025-01-10 16:00:00,109.54,109.19,109.19,20250300,20250600,20250600
2025-01-10 17:00:00,109.445,109.1,109.1,20250300,20250600,20250600
2025-01-10 18:00:00,109.505,109.1,109.1,20250300,20250600,20250600
2025-01-10 19:00:00,109.49,109.16,109.16,20250300,20250600,20250600
2025-01-10 20:00:00,109.485,109.16,109.16,20250300,20250600,20250600
2025-01-10 21:00:00,109.485,109.16,109.16,20250300,20250600,20250600
2025-01-10 23:00:00,109.485,109.14,109.14,20250300,20250600,20250600
2025-01-12 23:00:00,109.505,,,20250300,20250600,20250600
2025-01-13 01:00:00,109.5,,,20250300,20250600,20250600
2025-01-13 02:00:00,109.525,,,20250300,20250600,20250600
2025-01-13 03:00:00,109.75,,,20250300,20250600,20250600
2025-01-13 04:00:00,109.78,,,20250300,20250600,20250600
2025-01-13 05:00:00,109.705,,,20250300,20250600,20250600
2025-01-13 06:00:00,109.715,,,20250300,20250600,20250600
2025-01-13 07:00:00,109.73,,,20250300,20250600,20250600
2025-01-13 08:00:00,109.7,,,20250300,20250600,20250600
2025-01-13 09:00:00,109.89,109.62,109.62,20250300,20250600,20250600
2025-01-13 10:00:00,109.83,109.53,109.53,20250300,20250600,20250600
2025-01-13 11:00:00,109.88,109.52,109.52,20250300,20250600,20250600
2025-01-13 12:00:00,109.775,109.405,109.405,20250300,20250600,20250600
2025-01-13 13:00:00,109.73,109.32,109.32,20250300,20250600,20250600
2025-01-13 14:00:00,109.75,109.395,109.395,20250300,20250600,20250600
2025-01-13 15:00:00,109.86,109.435,109.435,20250300,20250600,20250600
2025-01-13 16:00:00,109.775,109.415,109.415,20250300,20250600,20250600
2025-01-13 17:00:00,109.665,109.335,109.335,20250300,20250600,20250600
2025-01-13 18:00:00,109.68,109.365,109.365,20250300,20250600,20250600
2025-01-13 19:00:00,109.82,,,20250300,20250600,20250600
2025-01-13 20:00:00,109.71,,,20250300,20250600,20250600
2025-01-13 21:00:00,109.48,109.18,109.18,20250300,20250600,20250600
2025-01-13 23:00:00,109.815,109.465,109.465,20250300,20250600,20250600
2025-01-14 01:00:00,109.415,109.1,109.1,20250300,20250600,20250600
2025-01-14 02:00:00,109.475,,,20250300,20250600,20250600
2025-01-14 03:00:00,109.425,,,20250300,20250600,20250600
2025-01-14 04:00:00,109.4,,,20250300,20250600,20250600
2025-01-14 05:00:00,109.465,,,20250300,20250600,20250600
2025-01-14 06:00:00,109.42,109.125,109.125,20250300,20250600,20250600
2025-01-14 07:00:00,109.36,108.955,108.955,20250300,20250600,20250600
2025-01-14 08:00:00,109.32,,,20250300,20250600,20250600
2025-01-14 09:00:00,109.4,,,20250300,20250600,20250600
2025-01-14 10:00:00,109.38,,,20250300,20250600,20250600
2025-01-14 11:00:00,109.44,,,20250300,20250600,20250600
2025-01-14 12:00:00,109.51,109.2,109.2,20250300,20250600,20250600
2025-01-14 13:00:00,109.48,109.015,109.015,20250300,20250600,20250600
2025-01-14 14:00:00,109.38,108.995,108.995,20250300,20250600,20250600
2025-01-14 15:00:00,109.16,108.99,108.99,20250300,20250600,20250600
2025-01-14 16:00:00,109.185,108.875,108.875,20250300,20250600,20250600
2025-01-14 17:00:00,109.23,108.91,108.91,20250300,20250600,20250600
2025-01-14 18:00:00,109.095,108.9,108.9,20250300,20250600,20250600
2025-01-14 19:00:00,109.105,108.7,108.7,20250300,20250600,20250600
2025-01-14 20:00:00,109.075,108.7,108.7,20250300,20250600,20250600
2025-01-14 21:00:00,109.02,108.7,108.7,20250300,20250600,20250600
2025-01-14 23:00:00,109.11,108.76,108.76,20250300,20250600,20250600
2025-01-15 01:00:00,109.08,,,20250300,20250600,20250600
2025-01-15 02:00:00,109.115,,,20250300,20250600,20250600
2025-01-15 03:00:00,109.07,,,20250300,20250600,20250600
2025-01-15 04:00:00,109.04,,,20250300,20250600,20250600
2025-01-15 05:00:00,109.085,108.67,108.67,20250300,20250600,20250600
2025-01-15 06:00:00,109.065,108.67,108.67,20250300,20250600,20250600
2025-01-15 07:00:00,108.9,108.765,108.765,20250300,20250600,20250600
2025-01-15 08:00:00,109.02,108.68,108.68,20250300,20250600,20250600
2025-01-15 09:00:00,108.88,108.535,108.535,20250300,20250600,20250600
2025-01-15 10:00:00,108.89,108.56,108.56,20250300,20250600,20250600
2025-01-15 11:00:00,108.945,108.53,108.53,20250300,20250600,20250600
2025-01-15 12:00:00,108.985,108.62,108.62,20250300,20250600,20250600
2025-01-15 13:00:00,108.49,108.1,108.1,20250300,20250600,20250600
2025-01-15 14:00:00,108.625,108.27,108.27,20250300,20250600,20250600
2025-01-15 15:00:00,108.795,108.27,108.27,20250300,20250600,20250600
2025-01-15 16:00:00,109.045,108.88,108.88,20250300,20250600,20250600
2025-01-15 17:00:00,109.005,108.685,108.685,20250300,20250600,20250600
2025-01-15 18:00:00,108.935,108.685,108.685,20250300,20250600,20250600
2025-01-15 19:00:00,108.915,108.575,108.575,20250300,20250600,20250600
2025-01-15 20:00:00,108.91,108.575,108.575,20250300,20250600,20250600
2025-01-15 21:00:00,108.96,108.575,108.575,20250300,20250600,20250600
2025-01-15 23:00:00,108.915,108.565,108.565,20250300,20250600,20250600
2025-01-16 01:00:00,108.905,108.5,108.5,20250300,20250600,20250600
2025-01-16 02:00:00,108.945,108.6,108.6,20250300,20250600,20250600
2025-01-16 03:00:00,108.935,108.6,108.6,20250300,20250600,20250600
2025-01-16 04:00:00,108.975,108.6,108.6,20250300,20250600,20250600
2025-01-16 05:00:00,109.04,108.6,108.6,20250300,20250600,20250600
2025-01-16 06:00:00,108.965,108.6,108.6,20250300,20250600,20250600
2025-01-16 07:00:00,108.92,108.6,108.6,20250300,20250600,20250600
2025-01-16 08:00:00,108.925,108.6,108.6,20250300,20250600,20250600
2025-01-16 09:00:00,108.975,108.6,108.6,20250300,20250600,20250600
2025-01-16 10:00:00,108.975,108.615,108.615,20250300,20250600,20250600
2025-01-16 11:00:00,108.94,108.615,108.615,20250300,20250600,20250600
2025-01-16 12:00:00,109.12,108.8,108.8,20250300,20250600,20250600
2025-01-16 13:00:00,109.03,108.8,108.8,20250300,20250600,20250600
2025-01-16 14:00:00,109.09,108.775,108.775,20250300,20250600,20250600
2025-01-16 15:00:00,108.825,108.485,108.485,20250300,20250600,20250600
2025-01-16 16:00:00,108.805,108.385,108.385,20250300,20250600,20250600
2025-01-16 17:00:00,108.82,108.45,108.45,20250300,20250600,20250600
2025-01-16 18:00:00,108.82,108.45,108.45,20250300,20250600,20250600
2025-01-16 19:00:00,108.815,108.45,108.45,20250300,20250600,20250600
2025-01-16 20:00:00,108.81,108.45,108.45,20250300,20250600,20250600
2025-01-16 21:00:00,108.765,108.455,108.455,20250300,20250600,20250600
2025-01-16 23:00:00,108.975,108.6,108.6,20250300,20250600,20250600
2025-01-17 01:00:00,108.78,108.475,108.475,20250300,20250600,20250600
2025-01-17 02:00:00,108.81,108.475,108.475,20250300,20250600,20250600
2025-01-17 03:00:00,108.82,108.475,108.475,20250300,20250600,20250600
2025-01-17 04:00:00,108.89,108.475,108.475,20250300,20250600,20250600
2025-01-17 05:00:00,108.915,108.615,108.615,20250300,20250600,20250600
2025-01-17 06:00:00,108.945,108.665,108.665,20250300,20250600,20250600
2025-01-17 07:00:00,109.025,108.665,108.665,20250300,20250600,20250600
2025-01-17 08:00:00,108.935,108.665,108.665,20250300,20250600,20250600
2025-01-17 09:00:00,108.945,108.665,108.665,20250300,20250600,20250600
2025-01-17 10:00:00,108.895,108.54,108.54,20250300,20250600,20250600
2025-01-17 11:00:00,108.885,108.55,108.55,20250300,20250600,20250600
2025-01-17 12:00:00,108.99,108.55,108.55,20250300,20250600,20250600
2025-01-17 13:00:00,109.03,108.61,108.61,20250300,20250600,20250600
2025-01-17 14:00:00,108.96,108.81,108.81,20250300,20250600,20250600
2025-01-17 15:00:00,108.955,108.5,108.5,20250300,20250600,20250600
2025-01-17 16:00:00,109.1,108.5,108.5,20250300,20250600,20250600
2025-01-17 17:00:00,109.155,108.8,108.8,20250300,20250600,20250600
2025-01-17 18:00:00,109.16,108.765,108.765,20250300,20250600,20250600
2025-01-17 19:00:00,109.2,108.78,108.78,20250300,20250600,20250600
2025-01-17 20:00:00,109.2,108.78,108.78,20250300,20250600,20250600
2025-01-17 21:00:00,109.255,108.78,108.78,20250300,20250600,20250600
2025-01-17 23:00:00,109.205,108.845,108.845,20250300,20250600,20250600
2025-01-19 23:00:00,109.19,,,20250300,20250600,20250600
2025-01-20 01:00:00,109.045,,,20250300,20250600,20250600
2025-01-20 02:00:00,109.04,,,20250300,20250600,20250600
2025-01-20 03:00:00,108.9,,,20250300,20250600,20250600
2025-01-20 04:00:00,108.94,,,20250300,20250600,20250600
2025-01-20 05:00:00,108.955,108.6,108.6,20250300,20250600,20250600
2025-01-20 06:00:00,108.91,108.6,108.6,20250300,20250600,20250600
2025-01-20 07:00:00,108.845,108.56,108.56,20250300,20250600,20250600
2025-01-20 08:00:00,108.95,108.56,108.56,20250300,20250600,20250600
2025-01-20 09:00:00,109.02,108.645,108.645,20250300,20250600,20250600
2025-01-20 10:00:00,108.945,108.645,108.645,20250300,20250600,20250600
2025-01-20 11:00:00,108.855,108.645,108.645,20250300,20250600,20250600
2025-01-20 12:00:00,108.91,108.55,108.55,20250300,20250600,20250600
2025-01-20 13:00:00,108.065,107.845,107.845,20250300,20250600,20250600
2025-01-20 14:00:00,107.92,107.58,107.58,20250300,20250600,20250600
2025-01-20 15:00:00,108.08,107.845,107.845,20250300,20250600,20250600
2025-01-20 16:00:00,108.06,107.845,107.845,20250300,20250600,20250600
2025-01-20 17:00:00,108.165,108.055,108.055,20250300,20250600,20250600
2025-01-20 18:00:00,108.08,108.055,108.055,20250300,20250600,20250600
2025-01-20 19:00:00,107.855,108.055,108.055,20250300,20250600,20250600
2025-01-20 20:00:00,107.89,108.055,108.055,20250300,20250600,20250600
2025-01-20 21:00:00,107.865,108.055,108.055,20250300,20250600,20250600
2025-01-20 23:00:00,109.1,108.845,108.845,20250300,20250600,20250600
2025-01-21 01:00:00,108.34,108.085,108.085,20250300,20250600,20250600
2025-01-21 02:00:00,108.15,107.815,107.815,20250300,20250600,20250600
2025-01-21 03:00:00,108.15,107.815,107.815,20250300,20250600,20250600
2025-01-21 04:00:00,108.125,107.815,107.815,20250300,20250600,20250600
2025-01-21 05:00:00,108.255,107.815,107.815,20250300,20250600,20250600
2025-01-21 06:00:00,108.36,107.91,107.91,20250300,20250600,20250600
2025-01-21 07:00:00,108.35,107.91,107.91,20250300,20250600,20250600
2025-01-21 08:00:00,108.445,108.12,108.12,20250300,20250600,20250600
2025-01-21 09:00:00,108.52,108.12,108.12,20250300,20250600,20250600
2025-01-21 10:00:00,108.53,108.18,108.18,20250300,20250600,20250600
2025-01-21 11:00:00,108.54,108.18,108.18,20250300,20250600,20250600
2025-01-21 12:00:00,108.515,108.18,108.18,20250300,20250600,20250600
2025-01-21 13:00:00,108.285,108.18,108.18,20250300,20250600,20250600
2025-01-21 14:00:00,108.19,107.735,107.735,20250300,20250600,20250600
2025-01-21 15:00:00,108.025,107.8,107.8,20250300,20250600,20250600
2025-01-21 16:00:00,107.83,107.475,107.475,20250300,20250600,20250600
2025-01-21 17:00:00,107.86,107.415,107.415,20250300,20250600,20250600
2025-01-21 18:00:00,107.78,107.43,107.43,20250300,20250600,20250600
2025-01-21 19:00:00,107.865,107.43,107.43,20250300,20250600,20250600
2025-01-21 20:00:00,107.825,107.43,107.43,20250300,20250600,20250600
2025-01-21 21:00:00,107.76,107.43,107.43,20250300,20250600,20250600
2025-01-21 23:00:00,107.86,107.5,107.5,20250300,20250600,20250600
2025-01-22 01:00:00,107.945,107.45,107.45,20250300,20250600,20250600
2025-01-22 02:00:00,107.91,107.61,107.61,20250300,20250600,20250600
2025-01-22 03:00:00,107.945,107.62,107.62,20250300,20250600,20250600
2025-01-22 04:00:00,107.855,107.49,107.49,20250300,20250600,20250600
2025-01-22 05:00:00,107.895,107.56,107.56,20250300,20250600,20250600
2025-01-22 06:00:00,108.0,107.605,107.605,20250300,20250600,20250600
2025-01-22 07:00:00,107.965,107.56,107.56,20250300,20250600,20250600
2025-01-22 08:00:00,107.825,107.56,107.56,20250300,20250600,20250600
2025-01-22 09:00:00,107.64,107.405,107.405,20250300,20250600,20250600
2025-01-22 10:00:00,107.615,107.245,107.245,20250300,20250600,20250600
2025-01-22 11:00:00,107.7,107.245,107.245,20250300,20250600,20250600
2025-01-22 12:00:00,107.725,107.395,107.395,20250300,20250600,20250600
2025-01-22 13:00:00,107.8,107.49,107.49,20250300,20250600,20250600
2025-01-22 14:00:00,107.9,107.49,107.49,20250300,20250600,20250600
2025-01-22 15:00:00,107.99,107.655,107.655,20250300,20250600,20250600
2025-01-22 16:00:00,107.99,107.615,107.615,20250300,20250600,20250600
2025-01-22 17:00:00,108.005,107.67,107.67,20250300,20250600,20250600
2025-01-22 18:00:00,108.005,107.605,107.605,20250300,20250600,20250600
2025-01-22 19:00:00,107.965,107.605,107.605,20250300,20250600,20250600
2025-01-22 20:00:00,108.03,107.625,107.625,20250300,20250600,20250600
2025-01-22 21:00:00,108.035,107.625,107.625,20250300,20250600,20250600
2025-01-22 23:00:00,107.965,107.605,107.605,20250300,20250600,20250600
2025-01-23 01:00:00,108.125,,,20250300,20250600,20250600
2025-01-23 02:00:00,108.11,107.755,107.755,20250300,20250600,20250600
2025-01-23 03:00:00,108.08,107.755,107.755,20250300,20250600,20250600
2025-01-23 04:00:00,108.06,107.72,107.72,20250300,20250600,20250600
2025-01-23 05:00:00,108.115,107.72,107.72,20250300,20250600,20250600
2025-01-23 06:00:00,108.14,107.72,107.72,20250300,20250600,20250600
2025-01-23 07:00:00,108.16,107.72,107.72,20250300,20250600,20250600
2025-01-23 08:00:00,108.225,107.9,107.9,20250300,20250600,20250600
2025-01-23 09:00:00,108.065,107.9,107.9,20250300,20250600,20250600
2025-01-23 10:00:00,108.055,107.9,107.9,20250300,20250600,20250600
2025-01-23 11:00:00,108.135,107.9,107.9,20250300,20250600,20250600
2025-01-23 12:00:00,108.115,107.805,107.805,20250300,20250600,20250600
2025-01-23 13:00:00,108.04,107.815,107.815,20250300,20250600,20250600
2025-01-23 14:00:00,108.045,107.815,107.815,20250300,20250600,20250600
2025-01-23 15:00:00,108.125,107.74,107.74,20250300,20250600,20250600
2025-01-23 16:00:00,107.925,107.5,107.5,20250300,20250600,20250600
2025-01-23 17:00:00,107.75,107.365,107.365,20250300,20250600,20250600
2025-01-23 18:00:00,107.875,107.365,107.365,20250300,20250600,20250600
2025-01-23 19:00:00,107.86,107.365,107.365,20250300,20250600,20250600
2025-01-23 20:00:00,107.915,107.495,107.495,20250300,20250600,20250600
2025-01-23 21:00:00,107.955,107.495,107.495,20250300,20250600,20250600
2025-01-23 23:00:00,107.86,107.5,107.5,20250300,20250600,20250600
2025-01-24 01:00:00,107.965,,,20250300,20250600,20250600
2025-01-24 02:00:00,107.65,107.33,107.33,20250300,20250600,20250600
2025-01-24 03:00:00,107.61,107.33,107.33,20250300,20250600,20250600
2025-01-24 04:00:00,107.59,107.33,107.33,20250300,20250600,20250600
2025-01-24 05:00:00,107.565,107.33,107.33,20250300,20250600,20250600
2025-01-24 06:00:00,107.525,107.145,107.145,20250300,20250600,20250600
2025-01-24 07:00:00,107.545,107.145,107.145,20250300,20250600,20250600
2025-01-24 08:00:00,107.275,106.96,106.96,20250300,20250600,20250600
2025-01-24 09:00:00,107.275,106.83,106.83,20250300,20250600,20250600
2025-01-24 10:00:00,107.34,106.98,106.98,20250300,20250600,20250600
2025-01-24 11:00:00,107.395,106.98,106.98,20250300,20250600,20250600
2025-01-24 12:00:00,107.52,107.15,107.15,20250300,20250600,20250600
2025-01-24 13:00:00,107.53,107.155,107.155,20250300,20250600,20250600
2025-01-24 14:00:00,107.35,107.025,107.025,20250300,20250600,20250600
2025-01-24 15:00:00,107.08,106.71,106.71,20250300,20250600,20250600
2025-01-24 16:00:00,107.075,106.785,106.785,20250300,20250600,20250600
2025-01-24 17:00:00,107.12,106.755,106.755,20250300,20250600,20250600
2025-01-24 18:00:00,107.26,106.885,106.885,20250300,20250600,20250600
2025-01-24 19:00:00,107.245,106.865,106.865,20250300,20250600,20250600
2025-01-24 20:00:00,107.255,106.865,106.865,20250300,20250600,20250600
2025-01-24 21:00:00,107.26,106.865,106.865,20250300,20250600,20250600
2025-01-24 23:00:00,107.245,106.885,106.885,20250300,20250600,20250600
2025-01-26 23:00:00,107.485,107.1,107.1,20250300,20250600,20250600
2025-01-27 01:00:00,107.505,107.1,107.1,20250300,20250600,20250600
2025-01-27 02:00:00,107.5,107.12,107.12,20250300,20250600,20250600
2025-01-27 03:00:00,107.49,107.12,107.12,20250300,20250600,20250600
2025-01-27 04:00:00,107.53,107.12,107.12,20250300,20250600,20250600
2025-01-27 05:00:00,107.555,107.2,107.2,20250300,20250600,20250600
2025-01-27 06:00:00,107.565,107.2,107.2,20250300,20250600,20250600
2025-01-27 07:00:00,107.61,107.2,107.2,20250300,20250600,20250600
2025-01-27 08:00:00,107.28,106.95,106.95,20250300,20250600,20250600
2025-01-27 09:00:00,107.19,106.95,106.95,20250300,20250600,20250600
2025-01-27 10:00:00,107.09,106.95,106.95,20250300,20250600,20250600
2025-01-27 23:00:00,107.41,107.1,107.1,20250300,20250600,20250600
2025-01-28 01:00:00,107.645,107.21,107.21,20250300,20250600,20250600
2025-01-28 02:00:00,107.705,107.37,107.37,20250300,20250600,20250600
2025-01-28 03:00:00,107.755,107.37,107.37,20250300,20250600,20250600
2025-01-28 04:00:00,107.735,107.445,107.445,20250300,20250600,20250600
2025-01-28 05:00:00,107.715,107.445,107.445,20250300,20250600,20250600
2025-01-28 06:00:00,107.72,107.39,107.39,20250300,20250600,20250600
2025-01-28 07:00:00,107.755,107.35,107.35,20250300,20250600,20250600
2025-01-28 08:00:00,107.815,107.41,107.41,20250300,20250600,20250600
2025-01-28 09:00:00,107.695,107.365,107.365,20250300,20250600,20250600
2025-01-28 10:00:00,107.79,107.365,107.365,20250300,20250600,20250600
2025-01-28 11:00:00,107.81,107.365,107.365,20250300,20250600,20250600
2025-01-28 12:00:00,107.81,107.5,107.5,20250300,20250600,20250600
2025-01-28 13:00:00,107.8,107.5,107.5,20250300,20250600,20250600
2025-01-28 14:00:00,107.69,107.305,107.305,20250300,20250600,20250600
2025-01-28 15:00:00,107.79,107.315,107.315,20250300,20250600,20250600
2025-01-28 16:00:00,107.77,107.315,107.315,20250300,20250600,20250600
2025-01-28 17:00:00,107.755,107.315,107.315,20250300,20250600,20250600
2025-01-28 18:00:00,107.775,107.325,107.325,20250300,20250600,20250600
2025-01-28 19:00:00,107.685,107.415,107.415,20250300,20250600,20250600
2025-01-28 20:00:00,107.715,107.35,107.35,20250300,20250600,20250600
2025-01-28 21:00:00,107.72,107.35,107.35,20250300,20250600,20250600
2025-01-28 23:00:00,107.685,107.315,107.315,20250300,20250600,20250600
2025-01-29 01:00:00,107.765,,,20250300,20250600,20250600
2025-01-29 02:00:00,107.705,107.34,107.34,20250300,20250600,20250600
2025-01-29 03:00:00,107.66,107.34,107.34,20250300,20250600,20250600
2025-01-29 04:00:00,107.635,107.34,107.34,20250300,20250600,20250600
2025-01-29 05:00:00,107.6,107.34,107.34,20250300,20250600,20250600
2025-01-29 06:00:00,107.63,107.195,107.195,20250300,20250600,20250600
2025-01-29 07:00:00,107.8,107.195,107.195,20250300,20250600,20250600
2025-01-29 08:00:00,107.755,107.195,107.195,20250300,20250600,20250600
2025-01-29 09:00:00,107.93,107.56,107.56,20250300,20250600,20250600
2025-01-29 10:00:00,107.93,107.56,107.56,20250300,20250600,20250600
2025-01-29 11:00:00,107.95,107.59,107.59,20250300,20250600,20250600
2025-01-29 12:00:00,107.93,107.585,107.585,20250300,20250600,20250600
2025-01-29 13:00:00,108.09,107.71,107.71,20250300,20250600,20250600
2025-01-29 14:00:00,107.96,107.65,107.65,20250300,20250600,20250600
2025-01-29 15:00:00,107.79,107.4,107.4,20250300,20250600,20250600
2025-01-29 16:00:00,107.83,107.48,107.48,20250300,20250600,20250600
2025-01-29 17:00:00,107.77,107.365,107.365,20250300,20250600,20250600
2025-01-29 18:00:00,107.785,107.685,107.685,20250300,20250600,20250600
2025-01-29 19:00:00,107.81,107.48,107.48,20250300,20250600,20250600
2025-01-29 20:00:00,107.87,107.475,107.475,20250300,20250600,20250600
2025-01-29 21:00:00,107.78,107.465,107.465,20250300,20250600,20250600
2025-01-29 23:00:00,107.81,107.45,107.45,20250300,20250600,20250600
2025-01-30 01:00:00,107.73,,,20250300,20250600,20250600
2025-01-30 02:00:00,107.685,,,20250300,20250600,20250600
2025-01-30 03:00:00,107.695,,,20250300,20250600,20250600
2025-01-30 04:00:00,107.745,,,20250300,20250600,20250600
2025-01-30 05:00:00,107.72,,,20250300,20250600,20250600
2025-01-30 06:00:00,107.77,107.38,107.38,20250300,20250600,20250600
2025-01-30 07:00:00,107.7,107.38,107.38,20250300,20250600,20250600
2025-01-30 08:00:00,107.695,107.38,107.38,20250300,20250600,20250600
2025-01-30 09:00:00,107.805,107.38,107.38,20250300,20250600,20250600
2025-01-30 10:00:00,107.87,107.38,107.38,20250300,20250600,20250600
2025-01-30 11:00:00,107.94,107.38,107.38,20250300,20250600,20250600
2025-01-30 12:00:00,107.815,107.38,107.38,20250300,20250600,20250600
2025-01-30 13:00:00,107.42,107.38,107.38,20250300,20250600,20250600
2025-01-30 14:00:00,107.605,107.18,107.18,20250300,20250600,20250600
2025-01-30 15:00:00,107.605,107.18,107.18,20250300,20250600,20250600
2025-01-30 16:00:00,107.73,107.32,107.32,20250300,20250600,20250600
2025-01-30 17:00:00,107.74,107.32,107.32,20250300,20250600,20250600
2025-01-30 18:00:00,107.685,107.335,107.335,20250300,20250600,20250600
2025-01-30 19:00:00,107.635,107.335,107.335,20250300,20250600,20250600
2025-01-30 20:00:00,107.865,107.36,107.36,20250300,20250600,20250600
2025-01-30 21:00:00,107.97,107.6,107.6,20250300,20250600,20250600
2025-01-30 23:00:00,107.63,107.27,107.27,20250300,20250600,20250600
2025-01-31 01:00:00,107.985,107.69,107.69,20250300,20250600,20250600
2025-01-31 02:00:00,107.97,107.69,107.69,20250300,20250600,20250600
2025-01-31 03:00:00,108.035,107.69,107.69,20250300,20250600,20250600
2025-01-31 04:00:00,108.015,107.69,107.69,20250300,20250600,20250600
2025-01-31 05:00:00,108.04,107.72,107.72,20250300,20250600,20250600
2025-01-31 06:00:00,107.975,107.72,107.72,20250300,20250600,20250600
2025-01-31 07:00:00,107.89,107.5,107.5,20250300,20250600,20250600
2025-01-31 08:00:00,108.075,107.71,107.71,20250300,20250600,20250600
2025-01-31 09:00:00,108.07,107.825,107.825,20250300,20250600,20250600
2025-01-31 10:00:00,108.135,107.825,107.825,20250300,20250600,20250600
2025-01-31 11:00:00,108.155,107.825,107.825,20250300,20250600,20250600
2025-01-31 12:00:00,108.095,107.825,107.825,20250300,20250600,20250600
2025-01-31 13:00:00,108.11,107.685,107.685,20250300,20250600,20250600
2025-01-31 14:00:00,108.22,107.855,107.855,20250300,20250600,20250600
2025-01-31 15:00:00,108.0,107.855,107.855,20250300,20250600,20250600
2025-01-31 16:00:00,107.95,107.855,107.855,20250300,20250600,20250600
2025-01-31 17:00:00,107.75,107.45,107.45,20250300,20250600,20250600
2025-01-31 18:00:00,108.25,107.84,107.84,20250300,20250600,20250600
2025-01-31 19:00:00,108.215,107.84,107.84,20250300,20250600,20250600
2025-01-31 20:00:00,108.24,107.8,107.8,20250300,20250600,20250600
2025-01-31 21:00:00,108.35,107.97,107.97,20250300,20250600,20250600
2025-01-31 23:00:00,108.22,107.86,107.86,20250300,20250600,20250600
2025-02-02 23:00:00,109.365,108.95,108.95,20250300,20250600,20250600
2025-02-03 01:00:00,109.49,109.115,109.115,20250300,20250600,20250600
2025-02-03 02:00:00,109.625,109.24,109.24,20250300,20250600,20250600
2025-02-03 03:00:00,109.66,109.335,109.335,20250300,20250600,20250600
2025-02-03 04:00:00,109.615,109.335,109.335,20250300,20250600,20250600
2025-02-03 05:00:00,109.475,109.1,109.1,20250300,20250600,20250600
2025-02-03 06:00:00,109.395,108.97,108.97,20250300,20250600,20250600
2025-02-03 07:00:00,109.555,109.1,109.1,20250300,20250600,20250600
2025-02-03 08:00:00,109.38,109.1,109.1,20250300,20250600,20250600
2025-02-03 09:00:00,109.44,108.905,108.905,20250300,20250600,20250600
2025-02-03 10:00:00,109.32,108.94,108.94,20250300,20250600,20250600
2025-02-03 11:00:00,109.205,108.845,108.845,20250300,20250600,20250600
2025-02-03 12:00:00,109.12,108.6,108.6,20250300,20250600,20250600
2025-02-03 13:00:00,109.07,108.645,108.645,20250300,20250600,20250600
2025-02-03 14:00:00,109.14,108.725,108.725,20250300,20250600,20250600
2025-02-03 15:00:00,108.59,108.3,108.3,20250300,20250600,20250600
2025-02-03 16:00:00,108.91,108.375,108.375,20250300,20250600,20250600
2025-02-03 17:00:00,108.845,108.325,108.325,20250300,20250600,20250600
2025-02-03 18:00:00,108.89,108.325,108.325,20250300,20250600,20250600
2025-02-03 19:00:00,108.865,108.42,108.42,20250300,20250600,20250600
2025-02-03 20:00:00,108.755,108.42,108.42,20250300,20250600,20250600
2025-02-03 21:00:00,108.3,107.98,107.98,20250300,20250600,20250600
2025-02-03 23:00:00,108.875,109.2,109.2,20250300,20250600,20250600
2025-02-04 01:00:00,108.52,108.15,108.15,20250300,20250600,20250600
2025-02-04 02:00:00,108.51,108.15,108.15,20250300,20250600,20250600
2025-02-04 03:00:00,108.59,108.15,108.15,20250300,20250600,20250600
2025-02-04 04:00:00,108.655,108.26,108.26,20250300,20250600,20250600
2025-02-04 05:00:00,108.77,108.48,108.48,20250300,20250600,20250600
2025-02-04 06:00:00,108.65,108.48,108.48,20250300,20250600,20250600
2025-02-04 07:00:00,108.585,108.25,108.25,20250300,20250600,20250600
2025-02-04 08:00:00,108.415,108.08,108.08,20250300,20250600,20250600
2025-02-04 09:00:00,108.37,108.08,108.08,20250300,20250600,20250600
2025-02-04 10:00:00,108.365,108.025,108.025,20250300,20250600,20250600
2025-02-04 11:00:00,108.49,108.05,108.05,20250300,20250600,20250600
2025-02-04 12:00:00,108.445,108.05,108.05,20250300,20250600,20250600
2025-02-04 13:00:00,108.31,108.0,108.0,20250300,20250600,20250600
2025-02-04 14:00:00,108.11,107.765,107.765,20250300,20250600,20250600
2025-02-04 15:00:00,107.88,107.51,107.51,20250300,20250600,20250600
2025-02-04 16:00:00,107.865,107.42,107.42,20250300,20250600,20250600
2025-02-04 17:00:00,107.875,107.52,107.52,20250300,20250600,20250600
2025-02-04 18:00:00,107.84,107.52,107.52,20250300,20250600,20250600
2025-02-04 19:00:00,107.82,107.52,107.52,20250300,20250600,20250600
2025-02-04 20:00:00,107.78,107.455,107.455,20250300,20250600,20250600
2025-02-04 21:00:00,107.835,107.455,107.455,20250300,20250600,20250600
2025-02-04 23:00:00,107.825,107.44,107.44,20250300,20250600,20250600
2025-02-05 01:00:00,107.845,107.365,107.365,20250300,20250600,20250600
2025-02-05 02:00:00,107.75,107.465,107.465,20250300,20250600,20250600
2025-02-05 03:00:00,107.755,107.32,107.32,20250300,20250600,20250600
2025-02-05 04:00:00,107.785,107.32,107.32,20250300,20250600,20250600
2025-02-05 05:00:00,107.81,107.445,107.445,20250300,20250600,20250600
2025-02-05 06:00:00,107.72,107.445,107.445,20250300,20250600,20250600
2025-02-05 07:00:00,107.57,107.15,107.15,20250300,20250600,20250600
2025-02-05 08:00:00,107.48,107.095,107.095,20250300,20250600,20250600
2025-02-05 09:00:00,107.455,107.025,107.025,20250300,20250600,20250600
2025-02-05 10:00:00,107.27,106.875,106.875,20250300,20250600,20250600
2025-02-05 11:00:00,107.37,106.975,106.975,20250300,20250600,20250600
2025-02-05 12:00:00,107.335,106.95,106.95,20250300,20250600,20250600
2025-02-05 13:00:00,107.48,106.955,106.955,20250300,20250600,20250600
2025-02-05 14:00:00,107.34,107.03,107.03,20250300,20250600,20250600
2025-02-05 15:00:00,107.26,106.91,106.91,20250300,20250600,20250600
2025-02-05 16:00:00,107.31,106.855,106.855,20250300,20250600,20250600
2025-02-05 17:00:00,107.305,106.95,106.95,20250300,20250600,20250600
2025-02-05 18:00:00,107.35,106.975,106.975,20250300,20250600,20250600
2025-02-05 19:00:00,107.435,106.975,106.975,20250300,20250600,20250600
2025-02-05 20:00:00,107.465,107.07,107.07,20250300,20250600,20250600
2025-02-05 21:00:00,107.46,107.155,107.155,20250300,20250600,20250600
2025-02-05 23:00:00,107.44,107.065,107.065,20250300,20250600,20250600
2025-02-06 01:00:00,107.42,,,20250300,20250600,20250600
2025-02-06 02:00:00,107.525,107.115,107.115,20250300,20250600,20250600
2025-02-06 03:00:00,107.555,107.115,107.115,20250300,20250600,20250600
2025-02-06 04:00:00,107.59,107.115,107.115,20250300,20250600,20250600
2025-02-06 05:00:00,107.62,107.235,107.235,20250300,20250600,20250600
2025-02-06 06:00:00,107.62,107.235,107.235,20250300,20250600,20250600
2025-02-06 07:00:00,107.7,107.305,107.305,20250300,20250600,20250600
2025-02-06 08:00:00,107.82,107.475,107.475,20250300,20250600,20250600
2025-02-06 09:00:00,107.905,107.475,107.475,20250300,20250600,20250600
2025-02-06 10:00:00,107.87,107.475,107.475,20250300,20250600,20250600
2025-02-06 11:00:00,107.87,107.475,107.475,20250300,20250600,20250600
2025-02-06 12:00:00,107.895,107.48,107.48,20250300,20250600,20250600
2025-02-06 13:00:00,107.855,107.575,107.575,20250300,20250600,20250600
2025-02-06 14:00:00,107.85,107.415,107.415,20250300,20250600,20250600
2025-02-06 15:00:00,107.7,107.43,107.43,20250300,20250600,20250600
2025-02-06 16:00:00,107.745,107.43,107.43,20250300,20250600,20250600
2025-02-06 17:00:00,107.625,107.43,107.43,20250300,20250600,20250600
2025-02-06 18:00:00,107.505,107.2,107.2,20250300,20250600,20250600
2025-02-06 19:00:00,107.555,107.2,107.2,20250300,20250600,20250600
2025-02-06 20:00:00,107.53,107.18,107.18,20250300,20250600,20250600
2025-02-06 21:00:00,107.555,107.18,107.18,20250300,20250600,20250600
2025-02-06 23:00:00,107.545,107.17,107.17,20250300,20250600,20250600
2025-02-07 01:00:00,107.58,107.19,107.19,20250300,20250600,20250600
2025-02-07 02:00:00,107.58,107.19,107.19,20250300,20250600,20250600
2025-02-07 03:00:00,107.625,107.19,107.19,20250300,20250600,20250600
2025-02-07 04:00:00,107.63,107.19,107.19,20250300,20250600,20250600
2025-02-07 05:00:00,107.685,107.19,107.19,20250300,20250600,20250600
2025-02-07 06:00:00,107.68,107.32,107.32,20250300,20250600,20250600
2025-02-07 07:00:00,107.58,107.32,107.32,20250300,20250600,20250600
2025-02-07 08:00:00,107.475,107.1,107.1,20250300,20250600,20250600
2025-02-07 09:00:00,107.535,107.1,107.1,20250300,20250600,20250600
2025-02-07 10:00:00,107.645,107.1,107.1,20250300,20250600,20250600
2025-02-07 11:00:00,107.64,107.1,107.1,20250300,20250600,20250600
2025-02-07 12:00:00,107.69,107.1,107.1,20250300,20250600,20250600
2025-02-07 13:00:00,107.765,107.0,107.0,20250300,20250600,20250600
2025-02-07 14:00:00,107.51,107.215,107.215,20250300,20250600,20250600
2025-02-07 15:00:00,107.775,107.435,107.435,20250300,20250600,20250600
2025-02-07 16:00:00,107.985,107.615,107.615,20250300,20250600,20250600
2025-02-07 17:00:00,108.065,107.65,107.65,20250300,20250600,20250600
2025-02-07 18:00:00,108.0,107.615,107.615,20250300,20250600,20250600
2025-02-07 19:00:00,107.93,107.555,107.555,20250300,20250600,20250600
2025-02-07 20:00:00,107.945,107.56,107.56,20250300,20250600,20250600
2025-02-07 21:00:00,107.975,107.56,107.56,20250300,20250600,20250600
2025-02-07 23:00:00,107.93,107.545,107.545,20250300,20250600,20250600
2025-02-09 23:00:00,108.18,107.77,107.77,20250300,20250600,20250600
2025-02-10 01:00:00,108.255,107.9,107.9,20250300,20250600,20250600
2025-02-10 02:00:00,108.295,107.935,107.935,20250300,20250600,20250600
2025-02-10 03:00:00,108.175,107.845,107.845,20250300,20250600,20250600
2025-02-10 04:00:00,108.155,107.75,107.75,20250300,20250600,20250600
2025-02-10 05:00:00,108.145,107.745,107.745,20250300,20250600,20250600
2025-02-10 06:00:00,108.105,107.745,107.745,20250300,20250600,20250600
2025-02-10 07:00:00,108.175,107.67,107.67,20250300,20250600,20250600
2025-02-10 08:00:00,108.145,107.795,107.795,20250300,20250600,20250600
2025-02-10 09:00:00,108.08,107.635,107.635,20250300,20250600,20250600
2025-02-10 10:00:00,108.035,107.71,107.71,20250300,20250600,20250600
2025-02-10 11:00:00,108.11,107.715,107.715,20250300,20250600,20250600
2025-02-10 12:00:00,108.16,107.78,107.78,20250300,20250600,20250600
2025-02-10 13:00:00,108.095,107.72,107.72,20250300,20250600,20250600
2025-02-10 14:00:00,108.15,107.8,107.8,20250300,20250600,20250600
2025-02-10 15:00:00,108.095,107.735,107.735,20250300,20250600,20250600
2025-02-10 16:00:00,108.14,107.76,107.76,20250300,20250600,20250600
2025-02-10 17:00:00,108.15,107.76,107.76,20250300,20250600,20250600
2025-02-10 18:00:00,108.195,107.835,107.835,20250300,20250600,20250600
2025-02-10 19:00:00,108.19,107.835,107.835,20250300,20250600,20250600
2025-02-10 20:00:00,108.205,107.805,107.805,20250300,20250600,20250600
2025-02-10 21:00:00,108.21,107.82,107.82,20250300,20250600,20250600
2025-02-10 23:00:00,108.175,107.77,107.77,20250300,20250600,20250600
2025-02-11 01:00:00,108.27,,,20250300,20250600,20250600
2025-02-11 02:00:00,108.35,107.93,107.93,20250300,20250600,20250600
2025-02-11 03:00:00,108.3,107.93,107.93,20250300,20250600,20250600
2025-02-11 04:00:00,108.25,107.93,107.93,20250300,20250600,20250600
2025-02-11 05:00:00,108.245,107.93,107.93,20250300,20250600,20250600
2025-02-11 06:00:00,108.24,107.93,107.93,20250300,20250600,20250600
2025-02-11 07:00:00,108.275,107.93,107.93,20250300,20250600,20250600
2025-02-11 08:00:00,108.16,107.93,107.93,20250300,20250600,20250600
2025-02-11 09:00:00,108.105,107.93,107.93,20250300,20250600,20250600
2025-02-11 10:00:00,108.2,107.93,107.93,20250300,20250600,20250600
2025-02-11 11:00:00,108.17,107.93,107.93,20250300,20250600,20250600
2025-02-11 12:00:00,108.14,107.725,107.725,20250300,20250600,20250600
2025-02-11 13:00:00,108.1,107.75,107.75,20250300,20250600,20250600
2025-02-11 14:00:00,108.02,107.75,107.75,20250300,20250600,20250600
2025-02-11 15:00:00,107.995,107.595,107.595,20250300,20250600,20250600
2025-02-11 16:00:00,107.92,107.555,107.555,20250300,20250600,20250600
2025-02-11 17:00:00,107.925,107.515,107.515,20250300,20250600,20250600
2025-02-11 18:00:00,107.93,107.51,107.51,20250300,20250600,20250600
2025-02-11 19:00:00,107.83,107.51,107.51,20250300,20250600,20250600
2025-02-11 20:00:00,107.785,107.425,107.425,20250300,20250600,20250600
2025-02-11 21:00:00,107.78,107.385,107.385,20250300,20250600,20250600
2025-02-11 23:00:00,108.105,107.93,107.93,20250300,20250600,20250600
2025-02-12 01:00:00,107.895,107.555,107.555,20250300,20250600,20250600
2025-02-12 02:00:00,107.48,,,20250600,20250900,20250900
2025-02-12 03:00:00,107.54,,,20250600,20250900,20250900
2025-02-12 04:00:00,107.55,,,20250600,20250900,20250900
2025-02-12 05:00:00,107.55,,,20250600,20250900,20250900
2025-02-12 06:00:00,107.55,,,20250600,20250900,20250900
2025-02-12 07:00:00,107.55,,,20250600,20250900,20250900
2025-02-12 08:00:00,107.4,,,20250600,20250900,20250900
2025-02-12 09:00:00,107.52,,,20250600,20250900,20250900
2025-02-12 10:00:00,107.52,,,20250600,20250900,20250900
2025-02-12 11:00:00,107.405,,,20250600,20250900,20250900
2025-02-12 12:00:00,107.405,,,20250600,20250900,20250900
2025-02-12 13:00:00,107.925,,,20250600,20250900,20250900
2025-02-12 14:00:00,107.83,,,20250600,20250900,20250900
2025-02-12 15:00:00,107.565,,,20250600,20250900,20250900
2025-02-12 16:00:00,107.44,,,20250600,20250900,20250900
2025-02-12 17:00:00,107.145,,,20250600,20250900,20250900
2025-02-12 18:00:00,107.345,,,20250600,20250900,20250900
2025-02-12 19:00:00,107.345,,,20250600,20250900,20250900
2025-02-12 20:00:00,107.345,,,20250600,20250900,20250900
2025-02-12 21:00:00,107.475,,,20250600,20250900,20250900
2025-02-12 23:00:00,107.44,107.14,107.14,20250600,20250900,20250900
2025-02-13 02:00:00,107.37,,,20250600,20250900,20250900
2025-02-13 03:00:00,107.285,,,20250600,20250900,20250900
2025-02-13 04:00:00,107.14,,,20250600,20250900,20250900
2025-02-13 05:00:00,107.14,,,20250600,20250900,20250900
2025-02-13 06:00:00,107.03,,,20250600,20250900,20250900
2025-02-13 07:00:00,107.085,,,20250600,20250900,20250900
2025-02-13 08:00:00,107.21,,,20250600,20250900,20250900
2025-02-13 09:00:00,107.21,,,20250600,20250900,20250900
2025-02-13 10:00:00,107.17,,,20250600,20250900,20250900
2025-02-13 11:00:00,107.2,,,20250600,20250900,20250900
2025-02-13 12:00:00,107.36,,,20250600,20250900,20250900
2025-02-13 13:00:00,107.255,,,20250600,20250900,20250900
2025-02-13 14:00:00,107.195,,,20250600,20250900,20250900
2025-02-13 15:00:00,106.91,,,20250600,20250900,20250900
2025-02-13 16:00:00,106.775,,,20250600,20250900,20250900
2025-02-13 17:00:00,106.775,,,20250600,20250900,20250900
2025-02-13 18:00:00,107.14,,,20250600,20250900,20250900
2025-02-13 19:00:00,106.805,,,20250600,20250900,20250900
2025-02-13 20:00:00,106.65,,,20250600,20250900,20250900
2025-02-13 21:00:00,106.65,,,20250600,20250900,20250900
2025-02-13 23:00:00,107.085,106.535,106.535,20250600,20250900,20250900
2025-02-14 01:00:00,106.575,,,20250600,20250900,20250900
2025-02-14 02:00:00,106.625,,,20250600,20250900,20250900
2025-02-14 03:00:00,106.675,,,20250600,20250900,20250900
2025-02-14 04:00:00,106.64,,,20250600,20250900,20250900
2025-02-14 05:00:00,106.64,,,20250600,20250900,20250900
2025-02-14 06:00:00,106.62,,,20250600,20250900,20250900
2025-02-14 07:00:00,106.53,,,20250600,20250900,20250900
2025-02-14 08:00:00,106.4,,,20250600,20250900,20250900
2025-02-14 09:00:00,106.365,,,20250600,20250900,20250900
2025-02-14 10:00:00,106.5,,,20250600,20250900,20250900
2025-02-14 11:00:00,106.52,,,20250600,20250900,20250900
2025-02-14 12:00:00,106.57,,,20250600,20250900,20250900
2025-02-14 13:00:00,106.255,,,20250600,20250900,20250900
2025-02-14 14:00:00,106.1,,,20250600,20250900,20250900
2025-02-14 15:00:00,106.245,,,20250600,20250900,20250900
2025-02-14 16:00:00,106.245,,,20250600,20250900,20250900
2025-02-14 17:00:00,106.215,,,20250600,20250900,20250900
2025-02-14 18:00:00,106.215,,,20250600,20250900,20250900
2025-02-14 19:00:00,106.18,,,20250600,20250900,20250900
2025-02-14 20:00:00,106.275,,,20250600,20250900,20250900
2025-02-14 21:00:00,106.315,,,20250600,20250900,20250900
2025-02-14 23:00:00,106.185,105.885,105.885,20250600,20250900,20250900
2025-02-16 23:00:00,106.36,,,20250600,20250900,20250900
2025-02-17 01:00:00,106.19,,,20250600,20250900,20250900
2025-02-17 02:00:00,106.19,,,20250600,20250900,20250900
2025-02-17 03:00:00,106.22,,,20250600,20250900,20250900
2025-02-17 04:00:00,106.22,,,20250600,20250900,20250900
2025-02-17 05:00:00,106.22,,,20250600,20250900,20250900
2025-02-17 06:00:00,106.225,,,20250600,20250900,20250900
2025-02-17 07:00:00,106.28,,,20250600,20250900,20250900
2025-02-17 08:00:00,106.38,,,20250600,20250900,20250900
2025-02-17 09:00:00,106.38,,,20250600,20250900,20250900
2025-02-17 10:00:00,106.38,,,20250600,20250900,20250900
2025-02-17 11:00:00,106.32,,,20250600,20250900,20250900
2025-02-17 12:00:00,106.35,,,20250600,20250900,20250900
2025-02-17 13:00:00,106.34,,,20250600,20250900,20250900
2025-02-17 14:00:00,106.3,,,20250600,20250900,20250900
2025-02-17 15:00:00,106.26,,,20250600,20250900,20250900
2025-02-17 16:00:00,106.25,,,20250600,20250900,20250900
2025-02-17 17:00:00,106.21,,,20250600,20250900,20250900
2025-02-17 18:00:00,106.21,,,20250600,20250900,20250900
2025-02-17 19:00:00,106.21,,,20250600,20250900,20250900
2025-02-17 20:00:00,106.21,,,20250600,20250900,20250900
2025-02-17 21:00:00,106.21,,,20250600,20250900,20250900
2025-02-17 23:00:00,106.185,105.885,105.885,20250600,20250900,20250900
2025-02-18 01:00:00,106.4,,,20250600,20250900,20250900
2025-02-18 02:00:00,106.415,,,20250600,20250900,20250900
2025-02-18 03:00:00,106.42,,,20250600,20250900,20250900
2025-02-18 04:00:00,106.42,,,20250600,20250900,20250900
2025-02-18 05:00:00,106.52,,,20250600,20250900,20250900
2025-02-18 06:00:00,106.5,,,20250600,20250900,20250900
2025-02-18 07:00:00,106.345,,,20250600,20250900,20250900
2025-02-18 08:00:00,106.43,,,20250600,20250900,20250900
2025-02-18 09:00:00,106.475,,,20250600,20250900,20250900
2025-02-18 10:00:00,106.4,,,20250600,20250900,20250900
2025-02-18 11:00:00,106.4,,,20250600,20250900,20250900
2025-02-18 12:00:00,106.46,,,20250600,20250900,20250900
2025-02-18 13:00:00,106.46,,,20250600,20250900,20250900
2025-02-18 14:00:00,106.48,,,20250600,20250900,20250900
2025-02-18 15:00:00,106.48,,,20250600,20250900,20250900
2025-02-18 16:00:00,106.445,,,20250600,20250900,20250900
2025-02-18 17:00:00,106.445,,,20250600,20250900,20250900
2025-02-18 18:00:00,106.575,,,20250600,20250900,20250900
2025-02-18 19:00:00,106.55,,,20250600,20250900,20250900
2025-02-18 20:00:00,106.55,,,20250600,20250900,20250900
2025-02-18 21:00:00,106.55,,,20250600,20250900,20250900
2025-02-18 23:00:00,106.56,106.26,106.26,20250600,20250900,20250900
2025-02-19 01:00:00,106.53,,,20250600,20250900,20250900
2025-02-19 02:00:00,106.545,,,20250600,20250900,20250900
2025-02-19 03:00:00,106.545,,,20250600,20250900,20250900
2025-02-19 04:00:00,106.475,,,20250600,20250900,20250900
2025-02-19 05:00:00,106.425,,,20250600,20250900,20250900
2025-02-19 06:00:00,106.43,,,20250600,20250900,20250900
2025-02-19 07:00:00,106.43,,,20250600,20250900,20250900
2025-02-19 08:00:00,106.43,,,20250600,20250900,20250900
2025-02-19 09:00:00,106.43,,,20250600,20250900,20250900
2025-02-19 10:00:00,106.69,,,20250600,20250900,20250900
2025-02-19 11:00:00,106.71,,,20250600,20250900,20250900
2025-02-19 12:00:00,106.71,,,20250600,20250900,20250900
2025-02-19 13:00:00,106.645,,,20250600,20250900,20250900
2025-02-19 14:00:00,106.59,,,20250600,20250900,20250900
2025-02-19 15:00:00,106.515,,,20250600,20250900,20250900
2025-02-19 16:00:00,106.795,,,20250600,20250900,20250900
2025-02-19 17:00:00,106.85,,,20250600,20250900,20250900
2025-02-19 18:00:00,106.825,,,20250600,20250900,20250900
2025-02-19 19:00:00,106.615,,,20250600,20250900,20250900
2025-02-19 20:00:00,106.615,,,20250600,20250900,20250900
2025-02-19 21:00:00,106.635,,,20250600,20250900,20250900
2025-02-19 23:00:00,106.67,106.375,106.375,20250600,20250900,20250900
2025-02-20 01:00:00,106.61,,,20250600,20250900,20250900
2025-02-20 02:00:00,106.52,,,20250600,20250900,20250900
2025-02-20 03:00:00,106.52,,,20250600,20250900,20250900
2025-02-20 04:00:00,106.515,,,20250600,20250900,20250900
2025-02-20 05:00:00,106.505,,,20250600,20250900,20250900
2025-02-20 06:00:00,106.505,,,20250600,20250900,20250900
2025-02-20 07:00:00,106.47,,,20250600,20250900,20250900
2025-02-20 08:00:00,106.47,,,20250600,20250900,20250900
2025-02-20 09:00:00,106.47,,,20250600,20250900,20250900
2025-02-20 10:00:00,106.4,,,20250600,20250900,20250900
2025-02-20 11:00:00,106.415,,,20250600,20250900,20250900
2025-02-20 12:00:00,106.41,,,20250600,20250900,20250900
2025-02-20 13:00:00,106.35,,,20250600,20250900,20250900
2025-02-20 14:00:00,106.26,,,20250600,20250900,20250900
2025-02-20 15:00:00,106.095,,,20250600,20250900,20250900
2025-02-20 16:00:00,106.085,,,20250600,20250900,20250900
2025-02-20 17:00:00,105.94,,,20250600,20250900,20250900
2025-02-20 18:00:00,105.89,,,20250600,20250900,20250900
2025-02-20 19:00:00,105.92,,,20250600,20250900,20250900
2025-02-20 20:00:00,105.91,,,20250600,20250900,20250900
2025-02-20 21:00:00,105.835,,,20250600,20250900,20250900
2025-02-20 23:00:00,105.88,105.58,105.58,20250600,20250900,20250900
2025-02-21 01:00:00,106.085,,,20250600,20250900,20250900
2025-02-21 02:00:00,105.985,,,20250600,20250900,20250900
2025-02-21 03:00:00,105.95,,,20250600,20250900,20250900
2025-02-21 04:00:00,105.96,,,20250600,20250900,20250900
2025-02-21 05:00:00,106.0,,,20250600,20250900,20250900
2025-02-21 06:00:00,106.065,,,20250600,20250900,20250900
2025-02-21 07:00:00,105.98,,,20250600,20250900,20250900
2025-02-21 08:00:00,106.05,,,20250600,20250900,20250900
2025-02-21 09:00:00,106.185,,,20250600,20250900,20250900
2025-02-21 10:00:00,106.175,,,20250600,20250900,20250900
2025-02-21 11:00:00,106.18,,,20250600,20250900,20250900
2025-02-21 12:00:00,106.19,,,20250600,20250900,20250900
2025-02-21 13:00:00,106.16,,,20250600,20250900,20250900
2025-02-21 14:00:00,106.015,,,20250600,20250900,20250900
2025-02-21 15:00:00,106.2,,,20250600,20250900,20250900
2025-02-21 16:00:00,106.16,,,20250600,20250900,20250900
2025-02-21 17:00:00,106.095,,,20250600,20250900,20250900
2025-02-21 18:00:00,106.195,,,20250600,20250900,20250900
2025-02-21 19:00:00,106.195,,,20250600,20250900,20250900
2025-02-21 20:00:00,106.195,,,20250600,20250900,20250900
2025-02-21 21:00:00,106.195,,,20250600,20250900,20250900
2025-02-21 23:00:00,106.125,105.825,105.825,20250600,20250900,20250900
2025-02-23 23:00:00,105.98,,,20250600,20250900,20250900
2025-02-24 01:00:00,105.69,,,20250600,20250900,20250900
2025-02-24 02:00:00,105.655,,,20250600,20250900,20250900
2025-02-24 03:00:00,105.705,,,20250600,20250900,20250900
2025-02-24 04:00:00,105.75,,,20250600,20250900,20250900
2025-02-24 05:00:00,105.75,,,20250600,20250900,20250900
2025-02-24 06:00:00,105.75,,,20250600,20250900,20250900
2025-02-24 07:00:00,105.95,,,20250600,20250900,20250900
2025-02-24 08:00:00,105.995,,,20250600,20250900,20250900
2025-02-24 09:00:00,105.995,,,20250600,20250900,20250900
2025-02-24 10:00:00,105.995,,,20250600,20250900,20250900
2025-02-24 11:00:00,106.15,,,20250600,20250900,20250900
2025-02-24 12:00:00,106.15,,,20250600,20250900,20250900
2025-02-24 13:00:00,106.15,,,20250600,20250900,20250900
2025-02-24 14:00:00,106.27,,,20250600,20250900,20250900
2025-02-24 15:00:00,106.145,,,20250600,20250900,20250900
2025-02-24 16:00:00,106.13,,,20250600,20250900,20250900
2025-02-24 17:00:00,106.085,,,20250600,20250900,20250900
2025-02-24 18:00:00,105.99,,,20250600,20250900,20250900
2025-02-24 19:00:00,106.1,,,20250600,20250900,20250900
2025-02-24 20:00:00,106.21,,,20250600,20250900,20250900
2025-02-24 21:00:00,106.18,,,20250600,20250900,20250900
2025-02-24 23:00:00,106.115,105.815,105.815,20250600,20250900,20250900
2025-02-25 01:00:00,106.29,,,20250600,20250900,20250900
2025-02-25 02:00:00,106.185,,,20250600,20250900,20250900
2025-02-25 03:00:00,106.23,,,20250600,20250900,20250900
2025-02-25 04:00:00,106.14,,,20250600,20250900,20250900
2025-02-25 05:00:00,106.16,,,20250600,20250900,20250900
2025-02-25 06:00:00,106.17,,,20250600,20250900,20250900
2025-02-25 07:00:00,106.2,,,20250600,20250900,20250900
2025-02-25 08:00:00,106.105,,,20250600,20250900,20250900
2025-02-25 09:00:00,106.19,,,20250600,20250900,20250900
2025-02-25 10:00:00,106.19,,,20250600,20250900,20250900
2025-02-25 11:00:00,106.1,,,20250600,20250900,20250900
2025-02-25 12:00:00,106.02,,,20250600,20250900,20250900
2025-02-25 13:00:00,105.905,,,20250600,20250900,20250900
2025-02-25 14:00:00,105.91,,,20250600,20250900,20250900
2025-02-25 15:00:00,105.95,,,20250600,20250900,20250900
2025-02-25 16:00:00,105.855,,,20250600,20250900,20250900
2025-02-25 17:00:00,105.965,,,20250600,20250900,20250900
2025-02-25 18:00:00,105.84,,,20250600,20250900,20250900
2025-02-25 19:00:00,105.84,,,20250600,20250900,20250900
2025-02-25 20:00:00,105.83,,,20250600,20250900,20250900
2025-02-25 21:00:00,105.78,,,20250600,20250900,20250900
2025-02-25 23:00:00,105.855,105.555,105.555,20250600,20250900,20250900
2025-02-26 01:00:00,105.84,,,20250600,20250900,20250900
2025-02-26 02:00:00,105.895,,,20250600,20250900,20250900
2025-02-26 03:00:00,105.895,,,20250600,20250900,20250900
2025-02-26 04:00:00,105.895,,,20250600,20250900,20250900
2025-02-26 05:00:00,105.895,,,20250600,20250900,20250900
2025-02-26 06:00:00,106.04,,,20250600,20250900,20250900
2025-02-26 07:00:00,106.02,,,20250600,20250900,20250900
2025-02-26 08:00:00,105.925,,,20250600,20250900,20250900
2025-02-26 09:00:00,105.925,,,20250600,20250900,20250900
2025-02-26 10:00:00,106.01,,,20250600,20250900,20250900
2025-02-26 11:00:00,106.01,,,20250600,20250900,20250900
2025-02-26 12:00:00,106.18,,,20250600,20250900,20250900
2025-02-26 13:00:00,106.125,,,20250600,20250900,20250900
2025-02-26 14:00:00,106.07,,,20250600,20250900,20250900
2025-02-26 15:00:00,106.13,,,20250600,20250900,20250900
2025-02-26 16:00:00,105.855,,,20250600,20250900,20250900
2025-02-26 17:00:00,105.84,,,20250600,20250900,20250900
2025-02-26 18:00:00,105.915,,,20250600,20250900,20250900
2025-02-26 19:00:00,106.02,,,20250600,20250900,20250900
2025-02-26 20:00:00,106.02,,,20250600,20250900,20250900
2025-02-26 21:00:00,106.075,,,20250600,20250900,20250900
2025-02-26 23:00:00,105.95,105.65,105.65,20250600,20250900,20250900
2025-02-27 01:00:00,106.1,,,20250600,20250900,20250900
2025-02-27 02:00:00,106.1,,,20250600,20250900,20250900
2025-02-27 03:00:00,106.195,,,20250600,20250900,20250900
2025-02-27 04:00:00,106.245,,,20250600,20250900,20250900
2025-02-27 05:00:00,106.195,,,20250600,20250900,20250900
2025-02-27 06:00:00,106.21,,,20250600,20250900,20250900
2025-02-27 07:00:00,106.17,,,20250600,20250900,20250900
2025-02-27 08:00:00,106.17,,,20250600,20250900,20250900
2025-02-27 09:00:00,106.16,,,20250600,20250900,20250900
2025-02-27 10:00:00,106.16,,,20250600,20250900,20250900
2025-02-27 11:00:00,106.205,,,20250600,20250900,20250900
2025-02-27 12:00:00,106.135,,,20250600,20250900,20250900
2025-02-27 13:00:00,106.65,,,20250600,20250900,20250900
2025-02-27 14:00:00,106.67,,,20250600,20250900,20250900
2025-02-27 15:00:00,106.725,,,20250600,20250900,20250900
2025-02-27 16:00:00,106.765,,,20250600,20250900,20250900
2025-02-27 17:00:00,106.765,,,20250600,20250900,20250900
2025-02-27 18:00:00,106.735,,,20250600,20250900,20250900
2025-02-27 19:00:00,106.785,,,20250600,20250900,20250900
2025-02-27 20:00:00,106.795,,,20250600,20250900,20250900
2025-02-27 21:00:00,106.84,,,20250600,20250900,20250900
2025-02-27 23:00:00,106.785,106.485,106.485,20250600,20250900,20250900
2025-02-28 01:00:00,106.89,,,20250600,20250900,20250900
2025-02-28 02:00:00,106.91,,,20250600,20250900,20250900
2025-02-28 03:00:00,106.91,,,20250600,20250900,20250900
2025-02-28 04:00:00,106.925,,,20250600,20250900,20250900
2025-02-28 05:00:00,106.9,,,20250600,20250900,20250900
2025-02-28 06:00:00,107.015,,,20250600,20250900,20250900
2025-02-28 07:00:00,106.915,,,20250600,20250900,20250900
2025-02-28 08:00:00,106.93,,,20250600,20250900,20250900
2025-02-28 09:00:00,106.93,,,20250600,20250900,20250900
2025-02-28 10:00:00,106.85,,,20250600,20250900,20250900
2025-02-28 11:00:00,106.85,,,20250600,20250900,20250900
2025-02-28 12:00:00,106.895,,,20250600,20250900,20250900
2025-02-28 13:00:00,106.84,,,20250600,20250900,20250900
2025-02-28 14:00:00,106.91,,,20250600,20250900,20250900
2025-02-28 15:00:00,106.8,,,20250600,20250900,20250900
2025-02-28 16:00:00,106.835,,,20250600,20250900,20250900
2025-02-28 17:00:00,106.835,,,20250600,20250900,20250900
2025-02-28 18:00:00,107.06,,,20250600,20250900,20250900
2025-02-28 19:00:00,107.1,,,20250600,20250900,20250900
2025-02-28 20:00:00,107.125,,,20250600,20250900,20250900
2025-02-28 21:00:00,107.14,,,20250600,20250900,20250900
2025-02-28 23:00:00,107.16,106.86,106.86,20250600,20250900,20250900
2025-03-02 23:00:00,106.845,,,20250600,20250900,20250900
2025-03-03 01:00:00,106.74,,,20250600,20250900,20250900
2025-03-03 02:00:00,106.73,,,20250600,20250900,20250900
2025-03-03 03:00:00,106.81,,,20250600,20250900,20250900
2025-03-03 04:00:00,106.76,,,20250600,20250900,20250900
2025-03-03 05:00:00,106.805,,,20250600,20250900,20250900
2025-03-03 06:00:00,106.855,,,20250600,20250900,20250900
2025-03-03 07:00:00,106.855,,,20250600,20250900,20250900
2025-03-03 08:00:00,106.88,,,20250600,20250900,20250900
2025-03-03 09:00:00,106.67,,,20250600,20250900,20250900
2025-03-03 10:00:00,106.61,,,20250600,20250900,20250900
2025-03-03 11:00:00,106.525,,,20250600,20250900,20250900
2025-03-03 12:00:00,106.425,,,20250600,20250900,20250900
2025-03-03 13:00:00,106.43,,,20250600,20250900,20250900
2025-03-03 23:00:00,106.83,105.985,105.985,20250600,20250900,20250900
2025-03-04 01:00:00,106.05,,,20250600,20250900,20250900
2025-03-04 02:00:00,106.105,,,20250600,20250900,20250900
2025-03-04 03:00:00,106.195,,,20250600,20250900,20250900
2025-03-04 04:00:00,106.16,,,20250600,20250900,20250900
2025-03-04 05:00:00,106.16,,,20250600,20250900,20250900
2025-03-04 06:00:00,106.155,,,20250600,20250900,20250900
2025-03-04 07:00:00,106.09,,,20250600,20250900,20250900
2025-03-04 08:00:00,106.075,,,20250600,20250900,20250900
2025-03-04 09:00:00,105.81,,,20250600,20250900,20250900
2025-03-04 10:00:00,105.81,,,20250600,20250900,20250900
2025-03-04 11:00:00,105.56,,,20250600,20250900,20250900
2025-03-04 12:00:00,105.49,,,20250600,20250900,20250900
2025-03-04 13:00:00,105.585,,,20250600,20250900,20250900
2025-03-04 14:00:00,105.775,,,20250600,20250900,20250900
2025-03-04 15:00:00,105.83,,,20250600,20250900,20250900
2025-03-04 16:00:00,105.74,,,20250600,20250900,20250900
2025-03-04 17:00:00,105.735,,,20250600,20250900,20250900
2025-03-04 18:00:00,105.395,,,20250600,20250900,20250900
2025-03-04 19:00:00,105.33,,,20250600,20250900,20250900
2025-03-04 20:00:00,105.195,,,20250600,20250900,20250900
2025-03-04 21:00:00,105.15,,,20250600,20250900,20250900
2025-03-04 23:00:00,106.075,105.01,105.01,20250600,20250900,20250900
2025-03-05 01:00:00,105.25,,,20250600,20250900,20250900
2025-03-05 02:00:00,105.31,,,20250600,20250900,20250900
2025-03-05 03:00:00,105.3,,,20250600,20250900,20250900
2025-03-05 04:00:00,105.235,,,20250600,20250900,20250900
2025-03-05 05:00:00,105.15,,,20250600,20250900,20250900
2025-03-05 06:00:00,105.1,,,20250600,20250900,20250900
2025-03-05 07:00:00,104.815,,,20250600,20250900,20250900
2025-03-05 08:00:00,104.575,,,20250600,20250900,20250900
2025-03-05 09:00:00,104.5,,,20250600,20250900,20250900
2025-03-05 10:00:00,104.62,,,20250600,20250900,20250900
2025-03-05 11:00:00,104.72,,,20250600,20250900,20250900
2025-03-05 12:00:00,104.61,,,20250600,20250900,20250900
2025-03-05 13:00:00,104.43,,,20250600,20250900,20250900
2025-03-05 14:00:00,104.05,104.0,104.0,20250600,20250900,20250900
2025-03-05 15:00:00,104.135,104.0,104.0,20250600,20250900,20250900
2025-03-05 16:00:00,103.995,104.0,104.0,20250600,20250900,20250900
2025-03-05 17:00:00,103.95,104.0,104.0,20250600,20250900,20250900
2025-03-05 18:00:00,104.04,104.0,104.0,20250600,20250900,20250900
2025-03-05 19:00:00,103.88,104.0,104.0,20250600,20250900,20250900
2025-03-05 20:00:00,103.88,104.0,104.0,20250600,20250900,20250900
2025-03-05 21:00:00,103.925,104.0,104.0,20250600,20250900,20250900
2025-03-05 23:00:00,103.88,103.58,103.58,20250600,20250900,20250900
2025-03-06 01:00:00,103.74,,,20250600,20250900,20250900
2025-03-06 02:00:00,103.865,,,20250600,20250900,20250900
2025-03-06 03:00:00,103.97,,,20250600,20250900,20250900
2025-03-06 04:00:00,103.87,,,20250600,20250900,20250900
2025-03-06 05:00:00,103.8,,,20250600,20250900,20250900
2025-03-06 06:00:00,103.825,,,20250600,20250900,20250900
2025-03-06 07:00:00,103.68,,,20250600,20250900,20250900
2025-03-06 08:00:00,103.75,,,20250600,20250900,20250900
2025-03-06 09:00:00,103.71,,,20250600,20250900,20250900
2025-03-06 10:00:00,103.78,,,20250600,20250900,20250900
2025-03-06 11:00:00,103.72,,,20250600,20250900,20250900
2025-03-06 12:00:00,103.8,,,20250600,20250900,20250900
2025-03-06 13:00:00,103.64,,,20250600,20250900,20250900
2025-03-06 14:00:00,103.46,,,20250600,20250900,20250900
2025-03-06 15:00:00,103.625,,,20250600,20250900,20250900
2025-03-06 16:00:00,103.6,,,20250600,20250900,20250900
2025-03-06 17:00:00,103.75,,,20250600,20250900,20250900
2025-03-06 18:00:00,103.89,,,20250600,20250900,20250900
2025-03-06 19:00:00,103.665,,,20250600,20250900,20250900
2025-03-06 20:00:00,103.785,,,20250600,20250900,20250900
2025-03-06 21:00:00,103.81,,,20250600,20250900,20250900
2025-03-06 23:00:00,103.64,103.38,103.38,20250600,20250900,20250900
2025-03-07 01:00:00,103.805,,,20250600,20250900,20250900
2025-03-07 02:00:00,103.725,,,20250600,20250900,20250900
2025-03-07 03:00:00,103.67,,,20250600,20250900,20250900
2025-03-07 04:00:00,103.66,,,20250600,20250900,20250900
2025-03-07 05:00:00,103.61,,,20250600,20250900,20250900
2025-03-07 06:00:00,103.55,,,20250600,20250900,20250900
2025-03-07 07:00:00,103.52,,,20250600,20250900,20250900
2025-03-07 08:00:00,103.35,,,20250600,20250900,20250900
2025-03-07 09:00:00,103.275,,,20250600,20250900,20250900
2025-03-07 10:00:00,103.35,,,20250600,20250900,20250900
2025-03-07 11:00:00,103.385,,,20250600,20250900,20250900
2025-03-07 12:00:00,103.455,,,20250600,20250900,20250900
2025-03-07 13:00:00,103.4,,,20250600,20250900,20250900
2025-03-07 14:00:00,103.37,,,20250600,20250900,20250900
2025-03-07 15:00:00,103.29,,,20250600,20250900,20250900
2025-03-07 16:00:00,103.325,,,20250600,20250900,20250900
2025-03-07 17:00:00,103.505,,,20250600,20250900,20250900
2025-03-07 18:00:00,103.6,,,20250600,20250900,20250900
2025-03-07 19:00:00,103.515,,,20250600,20250900,20250900
2025-03-07 20:00:00,103.47,,,20250600,20250900,20250900
2025-03-07 21:00:00,103.535,,,20250600,20250900,20250900
2025-03-07 23:00:00,103.37,103.2,103.2,20250600,20250900,20250900
2025-03-09 22:00:00,103.41,,,20250600,20250900,20250900
2025-03-09 23:00:00,103.32,,,20250600,20250900,20250900
2025-03-10 01:00:00,103.345,,,20250600,20250900,20250900
2025-03-10 02:00:00,103.48,,,20250600,20250900,20250900
2025-03-10 03:00:00,103.51,,,20250600,20250900,20250900
2025-03-10 15:00:00,,103.0,103.0,20250600,20250900,20250900
2025-03-10 16:00:00,,103.0,103.0,20250600,20250900,20250900
2025-03-10 17:00:00,,103.0,103.0,20250600,20250900,20250900
2025-03-10 18:00:00,,103.0,103.0,20250600,20250900,20250900
2025-03-10 19:00:00,,103.0,103.0,20250600,20250900,20250900
2025-03-10 20:00:00,,103.0,103.0,20250600,20250900,20250900
2025-03-10 23:00:00,103.265,103.32,103.32,20250600,20250900,20250900
2025-03-11 01:00:00,103.36,,,20250600,20250900,20250900
2025-03-11 02:00:00,103.355,,,20250600,20250900,20250900
2025-03-11 03:00:00,103.42,,,20250600,20250900,20250900
2025-03-11 04:00:00,103.37,,,20250600,20250900,20250900
2025-03-11 05:00:00,103.545,,,20250600,20250900,20250900
2025-03-11 23:00:00,103.545,102.63,102.63,20250600,20250900,20250900
2025-03-12 01:00:00,103.115,,,20250600,20250900,20250900
2025-03-12 02:00:00,103.155,,,20250600,20250900,20250900
2025-03-12 03:00:00,103.21,,,20250600,20250900,20250900
2025-03-12 04:00:00,103.21,,,20250600,20250900,20250900
2025-03-12 05:00:00,103.18,,,20250600,20250900,20250900
2025-03-12 06:00:00,103.18,,,20250600,20250900,20250900
2025-03-12 23:00:00,103.18,102.955,102.955,20250600,20250900,20250900
2025-03-13 01:00:00,103.21,,,20250600,20250900,20250900
2025-03-13 02:00:00,103.18,,,20250600,20250900,20250900
2025-03-13 03:00:00,103.245,,,20250600,20250900,20250900
2025-03-13 04:00:00,103.18,,,20250600,20250900,20250900
2025-03-13 05:00:00,103.225,,,20250600,20250900,20250900
2025-03-13 06:00:00,103.305,,,20250600,20250900,20250900
2025-03-13 07:00:00,103.345,,,20250600,20250900,20250900
2025-03-13 08:00:00,103.325,,,20250600,20250900,20250900
2025-03-13 09:00:00,103.285,,,20250600,20250900,20250900
2025-03-13 10:00:00,103.365,,,20250600,20250900,20250900
2025-03-13 11:00:00,103.455,,,20250600,20250900,20250900
2025-03-13 12:00:00,103.625,,,20250600,20250900,20250900
2025-03-13 13:00:00,103.515,,,20250600,20250900,20250900
2025-03-13 14:00:00,103.38,,,20250600,20250900,20250900
2025-03-13 15:00:00,103.44,,,20250600,20250900,20250900
2025-03-13 16:00:00,103.355,,,20250600,20250900,20250900
2025-03-13 17:00:00,103.485,,,20250600,20250900,20250900
2025-03-13 18:00:00,103.49,,,20250600,20250900,20250900
2025-03-13 19:00:00,103.525,,,20250600,20250900,20250900
2025-03-13 20:00:00,103.435,,,20250600,20250900,20250900
2025-03-13 23:00:00,103.19,103.2,103.2,20250600,20250900,20250900
2025-03-14 01:00:00,103.62,,,20250600,20250900,20250900
2025-03-14 02:00:00,103.65,,,20250600,20250900,20250900
2025-03-14 03:00:00,103.605,,,20250600,20250900,20250900
2025-03-14 04:00:00,103.655,,,20250600,20250900,20250900
2025-03-14 05:00:00,103.585,,,20250600,20250900,20250900
2025-03-14 06:00:00,103.705,,,20250600,20250900,20250900
2025-03-14 07:00:00,103.705,,,20250600,20250900,20250900
2025-03-14 08:00:00,103.6,,,20250600,20250900,20250900
2025-03-14 09:00:00,103.63,,,20250600,20250900,20250900
2025-03-14 10:00:00,103.325,,,20250600,20250900,20250900
2025-03-14 11:00:00,103.325,,,20250600,20250900,20250900
2025-03-14 12:00:00,103.32,,,20250600,20250900,20250900
2025-03-14 13:00:00,103.42,,,20250600,20250900,20250900
2025-03-14 14:00:00,103.39,,,20250600,20250900,20250900
2025-03-14 15:00:00,103.43,,,20250600,20250900,20250900
2025-03-14 16:00:00,103.34,,,20250600,20250900,20250900
2025-03-14 17:00:00,103.345,,,20250600,20250900,20250900
2025-03-14 18:00:00,103.365,,,20250600,20250900,20250900
2025-03-14 19:00:00,103.35,,,20250600,20250900,20250900
2025-03-14 20:00:00,103.365,,,20250600,20250900,20250900
2025-03-14 23:00:00,103.365,103.055,103.055,20250600,20250900,20250900
2025-03-16 22:00:00,103.355,,,20250600,20250900,20250900
2025-03-16 23:00:00,103.36,,,20250600,20250900,20250900
2025-03-17 01:00:00,103.345,,,20250600,20250900,20250900
2025-03-17 02:00:00,103.365,,,20250600,20250900,20250900
2025-03-17 03:00:00,103.355,,,20250600,20250900,20250900
2025-03-17 04:00:00,103.395,,,20250600,20250900,20250900
2025-03-17 05:00:00,103.415,103.07,103.07,20250600,20250900,20250900
2025-03-17 06:00:00,103.43,103.07,103.07,20250600,20250900,20250900
2025-03-17 07:00:00,103.395,103.07,103.07,20250600,20250900,20250900
2025-03-17 08:00:00,103.35,103.07,103.07,20250600,20250900,20250900
2025-03-17 09:00:00,103.22,103.07,103.07,20250600,20250900,20250900
2025-03-17 10:00:00,103.14,103.07,103.07,20250600,20250900,20250900
2025-03-17 11:00:00,103.115,103.07,103.07,20250600,20250900,20250900
2025-03-17 12:00:00,,103.07,103.07,20250600,20250900,20250900
2025-03-17 13:00:00,,102.87,102.87,20250600,20250900,20250900
2025-03-17 14:00:00,,102.79,102.79,20250600,20250900,20250900
2025-03-17 15:00:00,,102.72,102.72,20250600,20250900,20250900
2025-03-17 16:00:00,,102.72,102.72,20250600,20250900,20250900
2025-03-17 17:00:00,,102.72,102.72,20250600,20250900,20250900
2025-03-17 18:00:00,,102.72,102.72,20250600,20250900,20250900
2025-03-17 19:00:00,,102.72,102.72,20250600,20250900,20250900
2025-03-17 20:00:00,,102.72,102.72,20250600,20250900,20250900
2025-03-17 23:00:00,103.115,103.07,103.07,20250600,20250900,20250900
2025-03-18 01:00:00,103.14,,,20250600,20250900,20250900
2025-03-18 02:00:00,103.205,,,20250600,20250900,20250900
2025-03-18 03:00:00,103.21,,,20250600,20250900,20250900
2025-03-18 04:00:00,103.175,,,20250600,20250900,20250900
2025-03-18 05:00:00,103.21,,,20250600,20250900,20250900
2025-03-18 06:00:00,103.12,,,20250600,20250900,20250900
2025-03-18 07:00:00,103.035,102.755,102.755,20250600,20250900,20250900
2025-03-18 08:00:00,102.895,102.755,102.755,20250600,20250900,20250900
2025-03-18 09:00:00,102.905,102.545,102.545,20250600,20250900,20250900
2025-03-18 10:00:00,103.01,102.545,102.545,20250600,20250900,20250900
2025-03-18 11:00:00,103.14,102.545,102.545,20250600,20250900,20250900
2025-03-18 12:00:00,103.175,102.885,102.885,20250600,20250900,20250900
2025-03-18 13:00:00,103.16,102.885,102.885,20250600,20250900,20250900
2025-03-18 14:00:00,103.14,102.885,102.885,20250600,20250900,20250900
2025-03-18 15:00:00,103.035,102.885,102.885,20250600,20250900,20250900
2025-03-18 16:00:00,,102.885,102.885,20250600,20250900,20250900
2025-03-18 17:00:00,,102.885,102.885,20250600,20250900,20250900
2025-03-18 18:00:00,,102.885,102.885,20250600,20250900,20250900
2025-03-18 19:00:00,,102.885,102.885,20250600,20250900,20250900
2025-03-18 20:00:00,,102.885,102.885,20250600,20250900,20250900
2025-03-18 23:00:00,103.125,102.885,102.885,20250600,20250900,20250900
2025-03-19 01:00:00,102.985,,,20250600,20250900,20250900
2025-03-19 02:00:00,102.95,,,20250600,20250900,20250900
2025-03-19 03:00:00,102.965,,,20250600,20250900,20250900
2025-03-19 04:00:00,103.0,,,20250600,20250900,20250900
2025-03-19 14:00:00,,102.925,102.925,20250600,20250900,20250900
2025-03-19 15:00:00,,103.03,103.03,20250600,20250900,20250900
2025-03-19 16:00:00,,103.03,103.03,20250600,20250900,20250900
2025-03-19 17:00:00,,103.07,103.07,20250600,20250900,20250900
2025-03-19 18:00:00,,103.07,103.07,20250600,20250900,20250900
2025-03-19 19:00:00,,102.855,102.855,20250600,20250900,20250900
2025-03-19 20:00:00,,102.855,102.855,20250600,20250900,20250900
2025-03-19 23:00:00,103.0,102.765,102.765,20250600,20250900,20250900
2025-03-20 01:00:00,103.09,,,20250600,20250900,20250900
2025-03-20 02:00:00,103.065,,,20250600,20250900,20250900
2025-03-20 03:00:00,103.05,,,20250600,20250900,20250900
2025-03-20 04:00:00,103.1,,,20250600,20250900,20250900
2025-03-20 05:00:00,103.145,,,20250600,20250900,20250900
2025-03-20 06:00:00,103.17,,,20250600,20250900,20250900
2025-03-20 07:00:00,103.175,,,20250600,20250900,20250900
2025-03-20 09:00:00,,103.185,103.185,20250600,20250900,20250900
2025-03-20 10:00:00,,103.185,103.185,20250600,20250900,20250900
2025-03-20 11:00:00,,103.185,103.185,20250600,20250900,20250900
2025-03-20 12:00:00,,103.185,103.185,20250600,20250900,20250900
2025-03-20 13:00:00,,103.185,103.185,20250600,20250900,20250900
2025-03-20 14:00:00,,103.31,103.31,20250600,20250900,20250900
2025-03-20 15:00:00,,103.26,103.26,20250600,20250900,20250900
2025-03-20 16:00:00,,103.26,103.26,20250600,20250900,20250900
2025-03-20 17:00:00,,103.26,103.26,20250600,20250900,20250900
2025-03-20 18:00:00,,103.26,103.26,20250600,20250900,20250900
2025-03-20 19:00:00,,103.26,103.26,20250600,20250900,20250900
2025-03-20 20:00:00,,103.26,103.26,20250600,20250900,20250900
2025-03-20 23:00:00,103.175,103.26,103.26,20250600,20250900,20250900
2025-03-21 05:00:00,,103.375,103.375,20250600,20250900,20250900
2025-03-21 06:00:00,,103.375,103.375,20250600,20250900,20250900
2025-03-21 07:00:00,,103.375,103.375,20250600,20250900,20250900
2025-03-21 08:00:00,,103.375,103.375,20250600,20250900,20250900
2025-03-21 09:00:00,,103.27,103.27,20250600,20250900,20250900
2025-03-21 10:00:00,,103.27,103.27,20250600,20250900,20250900
2025-03-21 11:00:00,,103.18,103.18,20250600,20250900,20250900
2025-03-21 12:00:00,,103.18,103.18,20250600,20250900,20250900
2025-03-21 13:00:00,,103.33,103.33,20250600,20250900,20250900
2025-03-21 14:00:00,,103.32,103.32,20250600,20250900,20250900
2025-03-21 15:00:00,,103.325,103.325,20250600,20250900,20250900
2025-03-21 16:00:00,,103.5,103.5,20250600,20250900,20250900
2025-03-21 17:00:00,,103.37,103.37,20250600,20250900,20250900
2025-03-21 18:00:00,,103.39,103.39,20250600,20250900,20250900
2025-03-21 19:00:00,,103.39,103.39,20250600,20250900,20250900
2025-03-21 20:00:00,,103.39,103.39,20250600,20250900,20250900
2025-03-21 23:00:00,103.475,103.415,103.415,20250600,20250900,20250900
2025-03-23 22:00:00,103.78,,,20250600,20250900,20250900
2025-03-23 23:00:00,103.7,,,20250600,20250900,20250900
2025-03-24 01:00:00,103.77,,,20250600,20250900,20250900
2025-03-24 02:00:00,103.785,,,20250600,20250900,20250900
2025-03-24 03:00:00,103.815,,,20250600,20250900,20250900
2025-03-24 04:00:00,103.805,,,20250600,20250900,20250900
2025-03-24 05:00:00,103.735,,,20250600,20250900,20250900
2025-03-24 06:00:00,103.65,,,20250600,20250900,20250900
2025-03-24 07:00:00,103.645,,,20250600,20250900,20250900
2025-03-24 08:00:00,103.615,103.26,103.26,20250600,20250900,20250900
2025-03-24 09:00:00,103.61,103.26,103.26,20250600,20250900,20250900
2025-03-24 10:00:00,103.55,103.26,103.26,20250600,20250900,20250900
2025-03-24 11:00:00,103.685,103.26,103.26,20250600,20250900,20250900
2025-03-24 12:00:00,103.725,103.355,103.355,20250600,20250900,20250900
2025-03-24 13:00:00,104.02,103.385,103.385,20250600,20250900,20250900
2025-03-24 14:00:00,103.975,103.55,103.55,20250600,20250900,20250900
2025-03-24 15:00:00,104.04,103.55,103.55,20250600,20250900,20250900
2025-03-24 16:00:00,104.055,103.55,103.55,20250600,20250900,20250900
2025-03-24 17:00:00,104.075,103.705,103.705,20250600,20250900,20250900
2025-03-24 18:00:00,103.945,103.505,103.505,20250600,20250900,20250900
2025-03-24 19:00:00,103.97,103.505,103.505,20250600,20250900,20250900
2025-03-24 20:00:00,103.98,103.505,103.505,20250600,20250900,20250900
2025-03-24 23:00:00,103.935,103.565,103.565,20250600,20250900,20250900
2025-03-25 01:00:00,103.975,,,20250600,20250900,20250900
2025-03-25 02:00:00,104.035,,,20250600,20250900,20250900
2025-03-25 03:00:00,103.965,,,20250600,20250900,20250900
2025-03-25 04:00:00,103.955,,,20250600,20250900,20250900
2025-03-25 05:00:00,103.95,,,20250600,20250900,20250900
2025-03-25 06:00:00,104.025,,,20250600,20250900,20250900
2025-03-25 07:00:00,104.08,,,20250600,20250900,20250900
2025-03-25 08:00:00,104.055,,,20250600,20250900,20250900
2025-03-25 09:00:00,103.95,,,20250600,20250900,20250900
2025-03-25 10:00:00,103.745,,,20250600,20250900,20250900
2025-03-25 11:00:00,103.745,,,20250600,20250900,20250900
2025-03-25 12:00:00,103.66,,,20250600,20250900,20250900
2025-03-25 13:00:00,103.655,,,20250600,20250900,20250900
2025-03-25 14:00:00,103.72,,,20250600,20250900,20250900
2025-03-25 15:00:00,103.8,,,20250600,20250900,20250900
2025-03-25 16:00:00,103.75,,,20250600,20250900,20250900
2025-03-25 17:00:00,103.735,,,20250600,20250900,20250900
2025-03-25 18:00:00,103.83,,,20250600,20250900,20250900
2025-03-25 19:00:00,103.835,103.475,103.475,20250600,20250900,20250900
2025-03-25 20:00:00,103.855,103.475,103.475,20250600,20250900,20250900
2025-03-25 23:00:00,103.83,103.46,103.46,20250600,20250900,20250900
2025-03-26 01:00:00,103.87,,,20250600,20250900,20250900
2025-03-26 02:00:00,103.88,103.51,103.51,20250600,20250900,20250900
2025-03-26 03:00:00,103.965,103.55,103.55,20250600,20250900,20250900
2025-03-26 04:00:00,103.99,103.55,103.55,20250600,20250900,20250900
2025-03-26 05:00:00,103.985,103.55,103.55,20250600,20250900,20250900
2025-03-26 06:00:00,103.96,103.55,103.55,20250600,20250900,20250900
2025-03-26 07:00:00,103.985,103.55,103.55,20250600,20250900,20250900
2025-03-26 08:00:00,103.885,103.55,103.55,20250600,20250900,20250900
2025-03-26 09:00:00,103.89,103.55,103.55,20250600,20250900,20250900
2025-03-26 10:00:00,103.92,103.55,103.55,20250600,20250900,20250900
2025-03-26 11:00:00,103.93,103.55,103.55,20250600,20250900,20250900
2025-03-26 12:00:00,104.015,103.55,103.55,20250600,20250900,20250900
2025-03-26 13:00:00,104.065,103.745,103.745,20250600,20250900,20250900
2025-03-26 14:00:00,103.965,103.61,103.61,20250600,20250900,20250900
2025-03-26 15:00:00,104.055,103.71,103.71,20250600,20250900,20250900
2025-03-26 16:00:00,104.0,103.71,103.71,20250600,20250900,20250900
2025-03-26 17:00:00,104.2,103.86,103.86,20250600,20250900,20250900
2025-03-26 18:00:00,104.2,103.82,103.82,20250600,20250900,20250900
2025-03-26 19:00:00,104.24,103.82,103.82,20250600,20250900,20250900
2025-03-26 20:00:00,104.2,103.82,103.82,20250600,20250900,20250900
2025-03-26 23:00:00,104.205,103.845,103.845,20250600,20250900,20250900
2025-03-27 01:00:00,104.105,,,20250600,20250900,20250900
2025-03-27 02:00:00,104.02,,,20250600,20250900,20250900
2025-03-27 03:00:00,103.995,,,20250600,20250900,20250900
2025-03-27 04:00:00,103.97,,,20250600,20250900,20250900
2025-03-27 05:00:00,104.065,103.69,103.69,20250600,20250900,20250900
2025-03-27 06:00:00,104.045,103.66,103.66,20250600,20250900,20250900
2025-03-27 07:00:00,104.135,103.66,103.66,20250600,20250900,20250900
2025-03-27 08:00:00,104.065,103.66,103.66,20250600,20250900,20250900
2025-03-27 09:00:00,104.145,103.66,103.66,20250600,20250900,20250900
2025-03-27 10:00:00,104.065,103.66,103.66,20250600,20250900,20250900
2025-03-27 11:00:00,104.02,103.66,103.66,20250600,20250900,20250900
2025-03-27 12:00:00,103.985,103.66,103.66,20250600,20250900,20250900
2025-03-27 13:00:00,104.085,103.71,103.71,20250600,20250900,20250900
2025-03-27 14:00:00,104.025,103.71,103.71,20250600,20250900,20250900
2025-03-27 15:00:00,103.92,103.54,103.54,20250600,20250900,20250900
2025-03-27 16:00:00,103.94,103.54,103.54,20250600,20250900,20250900
2025-03-27 17:00:00,103.995,103.54,103.54,20250600,20250900,20250900
2025-03-27 18:00:00,104.0,103.54,103.54,20250600,20250900,20250900
2025-03-27 19:00:00,103.96,103.54,103.54,20250600,20250900,20250900
2025-03-27 20:00:00,103.915,103.54,103.54,20250600,20250900,20250900
2025-03-27 23:00:00,104.215,103.64,103.64,20250600,20250900,20250900
2025-03-28 01:00:00,103.955,103.58,103.58,20250600,20250900,20250900
2025-03-28 02:00:00,103.95,103.58,103.58,20250600,20250900,20250900
2025-03-28 03:00:00,103.98,103.58,103.58,20250600,20250900,20250900
2025-03-28 04:00:00,104.0,103.58,103.58,20250600,20250900,20250900
2025-03-28 05:00:00,103.97,103.58,103.58,20250600,20250900,20250900
2025-03-28 06:00:00,103.995,103.58,103.58,20250600,20250900,20250900
2025-03-28 07:00:00,103.96,103.58,103.58,20250600,20250900,20250900
2025-03-28 08:00:00,104.03,103.58,103.58,20250600,20250900,20250900
2025-03-28 09:00:00,104.065,103.725,103.725,20250600,20250900,20250900
2025-03-28 10:00:00,104.125,103.725,103.725,20250600,20250900,20250900
2025-03-28 11:00:00,104.12,103.725,103.725,20250600,20250900,20250900
2025-03-28 12:00:00,103.98,103.725,103.725,20250600,20250900,20250900
2025-03-28 13:00:00,103.825,103.495,103.495,20250600,20250900,20250900
2025-03-28 14:00:00,103.72,103.33,103.33,20250600,20250900,20250900
2025-03-28 15:00:00,103.71,103.33,103.33,20250600,20250900,20250900
2025-03-28 16:00:00,103.705,103.33,103.33,20250600,20250900,20250900
2025-03-28 17:00:00,103.73,103.33,103.33,20250600,20250900,20250900
2025-03-28 18:00:00,103.71,103.33,103.33,20250600,20250900,20250900
2025-03-28 19:00:00,103.685,103.33,103.33,20250600,20250900,20250900
2025-03-28 20:00:00,103.7,103.33,103.33,20250600,20250900,20250900
2025-03-28 23:00:00,103.71,103.355,103.355,20250600,20250900,20250900
2025-03-30 23:00:00,103.7,,,20250600,20250900,20250900
2025-03-31 01:00:00,103.53,,,20250600,20250900,20250900
2025-03-31 02:00:00,103.555,103.165,103.165,20250600,20250900,20250900
2025-03-31 03:00:00,103.49,103.165,103.165,20250600,20250900,20250900
2025-03-31 04:00:00,103.545,103.12,103.12,20250600,20250900,20250900
2025-03-31 05:00:00,103.555,103.12,103.12,20250600,20250900,20250900
2025-03-31 06:00:00,103.55,103.12,103.12,20250600,20250900,20250900
2025-03-31 07:00:00,103.52,103.12,103.12,20250600,20250900,20250900
2025-03-31 08:00:00,103.59,103.12,103.12,20250600,20250900,20250900
2025-03-31 09:00:00,103.635,103.285,103.285,20250600,20250900,20250900
2025-03-31 10:00:00,103.74,103.285,103.285,20250600,20250900,20250900
2025-03-31 11:00:00,103.735,103.285,103.285,20250600,20250900,20250900
2025-03-31 12:00:00,103.715,103.285,103.285,20250600,20250900,20250900
2025-03-31 13:00:00,103.875,103.5,103.5,20250600,20250900,20250900
2025-03-31 14:00:00,103.855,103.5,103.5,20250600,20250900,20250900
2025-03-31 15:00:00,103.915,103.505,103.505,20250600,20250900,20250900
2025-03-31 16:00:00,104.005,103.55,103.55,20250600,20250900,20250900
2025-03-31 17:00:00,103.895,103.495,103.495,20250600,20250900,20250900
2025-03-31 18:00:00,103.895,103.495,103.495,20250600,20250900,20250900
2025-03-31 19:00:00,103.88,103.495,103.495,20250600,20250900,20250900
2025-03-31 20:00:00,103.875,103.495,103.495,20250600,20250900,20250900
2025-03-31 21:00:00,103.865,103.495,103.495,20250600,20250900,20250900
2025-03-31 23:00:00,103.685,103.53,103.53,20250600,20250900,20250900
2025-04-01 01:00:00,103.78,,,20250600,20250900,20250900
2025-04-01 02:00:00,103.83,,,20250600,20250900,20250900
2025-04-01 03:00:00,103.8,,,20250600,20250900,20250900
2025-04-01 04:00:00,103.76,,,20250600,20250900,20250900
2025-04-01 05:00:00,103.74,,,20250600,20250900,20250900
2025-04-01 06:00:00,103.9,,,20250600,20250900,20250900
2025-04-01 07:00:00,103.9,,,20250600,20250900,20250900
2025-04-01 08:00:00,103.93,,,20250600,20250900,20250900
2025-04-01 09:00:00,103.8,,,20250600,20250900,20250900
2025-04-01 10:00:00,103.77,,,20250600,20250900,20250900
2025-04-01 11:00:00,103.895,,,20250600,20250900,20250900
2025-04-01 12:00:00,104.005,,,20250600,20250900,20250900
2025-04-01 13:00:00,104.015,,,20250600,20250900,20250900
2025-04-01 14:00:00,104.01,103.58,103.58,20250600,20250900,20250900
2025-04-01 15:00:00,103.775,103.46,103.46,20250600,20250900,20250900
2025-04-01 16:00:00,103.825,103.425,103.425,20250600,20250900,20250900
2025-04-01 17:00:00,103.84,103.52,103.52,20250600,20250900,20250900
2025-04-01 18:00:00,103.885,103.52,103.52,20250600,20250900,20250900
2025-04-01 19:00:00,103.945,103.52,103.52,20250600,20250900,20250900
2025-04-01 20:00:00,103.92,103.52,103.52,20250600,20250900,20250900
2025-04-01 21:00:00,103.915,103.52,103.52,20250600,20250900,20250900
2025-04-01 23:00:00,103.95,103.58,103.58,20250600,20250900,20250900
2025-04-02 01:00:00,103.945,,,20250600,20250900,20250900
2025-04-02 02:00:00,103.92,,,20250600,20250900,20250900
2025-04-02 03:00:00,103.9,,,20250600,20250900,20250900
2025-04-02 04:00:00,103.89,,,20250600,20250900,20250900
2025-04-02 05:00:00,103.925,,,20250600,20250900,20250900
2025-04-02 06:00:00,103.95,,,20250600,20250900,20250900
2025-04-02 07:00:00,103.92,103.58,103.58,20250600,20250900,20250900
2025-04-02 08:00:00,103.925,103.58,103.58,20250600,20250900,20250900
2025-04-02 09:00:00,103.865,103.58,103.58,20250600,20250900,20250900
2025-04-02 10:00:00,103.77,103.58,103.58,20250600,20250900,20250900
2025-04-02 11:00:00,103.845,103.43,103.43,20250600,20250900,20250900
2025-04-02 12:00:00,103.765,103.43,103.43,20250600,20250900,20250900
2025-04-02 13:00:00,103.66,103.43,103.43,20250600,20250900,20250900
2025-04-02 14:00:00,103.655,103.43,103.43,20250600,20250900,20250900
2025-04-02 15:00:00,103.435,103.35,103.35,20250600,20250900,20250900
2025-04-02 16:00:00,103.405,103.045,103.045,20250600,20250900,20250900
2025-04-02 17:00:00,103.54,103.045,103.045,20250600,20250900,20250900
2025-04-02 18:00:00,103.535,103.115,103.115,20250600,20250900,20250900
2025-04-02 19:00:00,103.5,103.115,103.115,20250600,20250900,20250900
2025-04-02 20:00:00,103.52,103.115,103.115,20250600,20250900,20250900
2025-04-02 21:00:00,103.335,103.0,103.0,20250600,20250900,20250900
2025-04-02 23:00:00,103.49,103.125,103.125,20250600,20250900,20250900
2025-04-03 01:00:00,102.96,102.51,102.51,20250600,20250900,20250900
2025-04-03 02:00:00,102.805,102.51,102.51,20250600,20250900,20250900
2025-04-03 03:00:00,102.785,102.36,102.36,20250600,20250900,20250900
2025-04-03 04:00:00,102.73,102.345,102.345,20250600,20250900,20250900
2025-04-03 05:00:00,102.82,102.385,102.385,20250600,20250900,20250900
2025-04-03 06:00:00,102.48,102.385,102.385,20250600,20250900,20250900
2025-04-03 07:00:00,102.105,102.0,102.0,20250600,20250900,20250900
2025-04-03 08:00:00,102.26,101.98,101.98,20250600,20250900,20250900
2025-04-03 09:00:00,101.92,101.98,101.98,20250600,20250900,20250900
2025-04-03 10:00:00,101.775,101.335,101.335,20250600,20250900,20250900
2025-04-03 11:00:00,101.68,101.36,101.36,20250600,20250900,20250900
2025-04-03 12:00:00,101.36,101.07,101.07,20250600,20250900,20250900
2025-04-03 13:00:00,101.365,101.0,101.0,20250600,20250900,20250900
2025-04-03 14:00:00,101.285,101.03,101.03,20250600,20250900,20250900
2025-04-03 15:00:00,101.12,100.935,100.935,20250600,20250900,20250900
2025-04-03 16:00:00,101.635,101.255,101.255,20250600,20250900,20250900
2025-04-03 17:00:00,101.715,101.255,101.255,20250600,20250900,20250900
2025-04-03 18:00:00,101.825,101.48,101.48,20250600,20250900,20250900
2025-04-03 19:00:00,101.785,101.46,101.46,20250600,20250900,20250900
2025-04-03 20:00:00,101.83,101.455,101.455,20250600,20250900,20250900
2025-04-03 21:00:00,101.67,101.455,101.455,20250600,20250900,20250900
2025-04-03 23:00:00,101.795,101.455,101.455,20250600,20250900,20250900
2025-04-04 01:00:00,101.575,,,20250600,20250900,20250900
2025-04-04 02:00:00,101.555,,,20250600,20250900,20250900
2025-04-04 03:00:00,101.62,,,20250600,20250900,20250900
2025-04-04 04:00:00,101.385,,,20250600,20250900,20250900
2025-04-04 05:00:00,101.41,,,20250600,20250900,20250900
2025-04-04 06:00:00,101.465,,,20250600,20250900,20250900
2025-04-04 07:00:00,101.735,101.38,101.38,20250600,20250900,20250900
2025-04-04 08:00:00,102.1,101.38,101.38,20250600,20250900,20250900
2025-04-04 09:00:00,102.175,101.755,101.755,20250600,20250900,20250900
2025-04-04 10:00:00,102.255,101.755,101.755,20250600,20250900,20250900
2025-04-04 11:00:00,101.865,101.755,101.755,20250600,20250900,20250900
2025-04-04 12:00:00,101.73,101.38,101.38,20250600,20250900,20250900
2025-04-04 13:00:00,102.01,101.53,101.53,20250600,20250900,20250900
2025-04-04 14:00:00,102.13,101.745,101.745,20250600,20250900,20250900
2025-04-04 15:00:00,102.325,102.055,102.055,20250600,20250900,20250900
2025-04-04 16:00:00,102.165,102.045,102.045,20250600,20250900,20250900
2025-04-04 17:00:00,102.55,102.125,102.125,20250600,20250900,20250900
2025-04-04 18:00:00,102.755,102.55,102.55,20250600,20250900,20250900
2025-04-04 19:00:00,102.765,102.395,102.395,20250600,20250900,20250900
2025-04-04 20:00:00,102.77,102.395,102.395,20250600,20250900,20250900
2025-04-04 21:00:00,102.69,102.395,102.395,20250600,20250900,20250900
2025-04-04 23:00:00,102.765,102.485,102.485,20250600,20250900,20250900
2025-04-06 23:00:00,102.345,102.045,102.045,20250600,20250900,20250900
2025-04-07 01:00:00,102.52,102.18,102.18,20250600,20250900,20250900
2025-04-07 02:00:00,102.585,102.185,102.185,20250600,20250900,20250900
2025-04-07 03:00:00,102.865,102.565,102.565,20250600,20250900,20250900
2025-04-07 04:00:00,102.685,102.45,102.45,20250600,20250900,20250900
2025-04-07 05:00:00,102.41,102.45,102.45,20250600,20250900,20250900
2025-04-07 06:00:00,102.195,101.89,101.89,20250600,20250900,20250900
2025-04-07 07:00:00,102.285,101.935,101.935,20250600,20250900,20250900
2025-04-07 08:00:00,102.31,101.81,101.81,20250600,20250900,20250900
2025-04-07 09:00:00,102.45,101.81,101.81,20250600,20250900,20250900
2025-04-07 10:00:00,102.68,102.43,102.43,20250600,20250900,20250900
2025-04-07 11:00:00,102.725,102.375,102.375,20250600,20250900,20250900
2025-04-07 12:00:00,102.685,102.375,102.375,20250600,20250900,20250900
2025-04-07 13:00:00,102.69,102.355,102.355,20250600,20250900,20250900
2025-04-07 14:00:00,102.915,102.635,102.635,20250600,20250900,20250900
2025-04-07 15:00:00,103.11,102.8,102.8,20250600,20250900,20250900
2025-04-07 16:00:00,103.26,102.765,102.765,20250600,20250900,20250900
2025-04-07 17:00:00,103.135,102.935,102.935,20250600,20250900,20250900
2025-04-07 18:00:00,103.005,102.76,102.76,20250600,20250900,20250900
2025-04-07 19:00:00,102.985,102.685,102.685,20250600,20250900,20250900
2025-04-07 20:00:00,103.205,102.685,102.685,20250600,20250900,20250900
2025-04-07 21:00:00,103.22,102.685,102.685,20250600,20250900,20250900
2025-04-07 23:00:00,102.315,101.97,101.97,20250600,20250900,20250900
2025-04-08 01:00:00,102.965,102.895,102.895,20250600,20250900,20250900
2025-04-08 02:00:00,102.785,102.895,102.895,20250600,20250900,20250900
2025-04-08 03:00:00,102.67,102.895,102.895,20250600,20250900,20250900
2025-04-08 04:00:00,102.75,102.895,102.895,20250600,20250900,20250900
2025-04-08 05:00:00,102.67,102.895,102.895,20250600,20250900,20250900
2025-04-08 06:00:00,102.72,102.895,102.895,20250600,20250900,20250900
2025-04-08 07:00:00,102.605,102.895,102.895,20250600,20250900,20250900
2025-04-08 08:00:00,103.0,102.33,102.33,20250600,20250900,20250900
2025-04-08 09:00:00,102.92,102.33,102.33,20250600,20250900,20250900
2025-04-08 10:00:00,103.01,102.33,102.33,20250600,20250900,20250900
2025-04-08 11:00:00,102.935,102.33,102.33,20250600,20250900,20250900
2025-04-08 12:00:00,102.855,102.62,102.62,20250600,20250900,20250900
2025-04-08 13:00:00,102.75,102.62,102.62,20250600,20250900,20250900
2025-04-08 14:00:00,102.87,102.47,102.47,20250600,20250900,20250900
2025-04-08 15:00:00,103.08,102.47,102.47,20250600,20250900,20250900
2025-04-08 16:00:00,103.02,102.47,102.47,20250600,20250900,20250900
2025-04-08 17:00:00,102.87,102.47,102.47,20250600,20250900,20250900
2025-04-08 18:00:00,102.85,102.47,102.47,20250600,20250900,20250900
2025-04-08 19:00:00,102.695,102.425,102.425,20250600,20250900,20250900
2025-04-08 20:00:00,102.705,102.215,102.215,20250600,20250900,20250900
2025-04-08 21:00:00,102.725,102.215,102.215,20250600,20250900,20250900
2025-04-08 23:00:00,102.7,102.4,102.4,20250600,20250900,20250900
2025-04-09 01:00:00,102.225,102.22,102.22,20250600,20250900,20250900
2025-04-09 02:00:00,102.175,102.22,102.22,20250600,20250900,20250900
2025-04-09 03:00:00,102.205,102.22,102.22,20250600,20250900,20250900
2025-04-09 04:00:00,102.195,102.22,102.22,20250600,20250900,20250900
2025-04-09 05:00:00,101.81,101.61,101.61,20250600,20250900,20250900
2025-04-09 06:00:00,101.88,101.61,101.61,20250600,20250900,20250900
2025-04-09 07:00:00,101.785,101.61,101.61,20250600,20250900,20250900
2025-04-09 08:00:00,102.22,101.6,101.6,20250600,20250900,20250900
2025-04-09 09:00:00,102.115,102.075,102.075,20250600,20250900,20250900
2025-04-09 10:00:00,102.035,101.72,101.72,20250600,20250900,20250900
2025-04-09 11:00:00,102.035,101.645,101.645,20250600,20250900,20250900
2025-04-09 12:00:00,102.05,101.755,101.755,20250600,20250900,20250900
2025-04-09 13:00:00,101.73,101.55,101.55,20250600,20250900,20250900
2025-04-09 14:00:00,101.955,101.55,101.55,20250600,20250900,20250900
2025-04-09 15:00:00,102.055,101.75,101.75,20250600,20250900,20250900
2025-04-09 16:00:00,102.08,101.75,101.75,20250600,20250900,20250900
2025-04-09 17:00:00,102.165,101.75,101.75,20250600,20250900,20250900
2025-04-09 18:00:00,102.515,102.3,102.3,20250600,20250900,20250900
2025-04-09 19:00:00,102.62,102.595,102.595,20250600,20250900,20250900
2025-04-09 20:00:00,102.845,102.545,102.545,20250600,20250900,20250900
2025-04-09 21:00:00,102.705,102.46,102.46,20250600,20250900,20250900
2025-04-09 23:00:00,102.625,102.325,102.325,20250600,20250900,20250900
2025-04-10 01:00:00,102.4,102.2,102.2,20250600,20250900,20250900
2025-04-10 02:00:00,102.51,102.225,102.225,20250600,20250900,20250900
2025-04-10 03:00:00,102.48,102.225,102.225,20250600,20250900,20250900
2025-04-10 04:00:00,102.405,102.225,102.225,20250600,20250900,20250900
2025-04-10 05:00:00,102.365,102.105,102.105,20250600,20250900,20250900
2025-04-10 06:00:00,102.34,102.05,102.05,20250600,20250900,20250900
2025-04-10 07:00:00,102.395,102.2,102.2,20250600,20250900,20250900
2025-04-10 08:00:00,102.05,102.06,102.06,20250600,20250900,20250900
2025-04-10 09:00:00,101.995,101.67,101.67,20250600,20250900,20250900
2025-04-10 10:00:00,101.845,101.67,101.67,20250600,20250900,20250900
2025-04-10 11:00:00,101.625,101.44,101.44,20250600,20250900,20250900
2025-04-10 12:00:00,101.66,101.44,101.44,20250600,20250900,20250900
2025-04-10 13:00:00,101.49,101.0,101.0,20250600,20250900,20250900
2025-04-10 14:00:00,101.23,100.94,100.94,20250600,20250900,20250900
2025-04-10 15:00:00,100.825,100.66,100.66,20250600,20250900,20250900
2025-04-10 16:00:00,100.78,100.46,100.46,20250600,20250900,20250900
2025-04-10 17:00:00,100.74,100.42,100.42,20250600,20250900,20250900
2025-04-10 18:00:00,100.64,100.44,100.44,20250600,20250900,20250900
2025-04-10 19:00:00,100.61,100.235,100.235,20250600,20250900,20250900
2025-04-10 20:00:00,100.7,100.34,100.34,20250600,20250900,20250900
2025-04-10 21:00:00,100.735,100.34,100.34,20250600,20250900,20250900
2025-04-10 23:00:00,100.61,100.295,100.295,20250600,20250900,20250900
2025-04-11 01:00:00,99.94,99.62,99.62,20250600,20250900,20250900
2025-04-11 02:00:00,99.98,99.635,99.635,20250600,20250900,20250900
2025-04-11 03:00:00,100.005,99.68,99.68,20250600,20250900,20250900
2025-04-11 04:00:00,99.73,99.435,99.435,20250600,20250900,20250900
2025-04-11 05:00:00,99.84,99.545,99.545,20250600,20250900,20250900
2025-04-11 06:00:00,100.14,99.545,99.545,20250600,20250900,20250900
2025-04-11 07:00:00,100.14,99.95,99.95,20250600,20250900,20250900
2025-04-11 08:00:00,99.535,99.32,99.32,20250600,20250900,20250900
2025-04-11 09:00:00,99.11,98.805,98.805,20250600,20250900,20250900
2025-04-11 10:00:00,99.335,98.9,98.9,20250600,20250900,20250900
2025-04-11 11:00:00,99.71,99.26,99.26,20250600,20250900,20250900
2025-04-11 12:00:00,99.645,99.26,99.26,20250600,20250900,20250900
2025-04-11 13:00:00,99.22,99.26,99.26,20250600,20250900,20250900
2025-04-11 14:00:00,99.525,98.85,98.85,20250600,20250900,20250900
2025-04-11 15:00:00,99.75,99.145,99.145,20250600,20250900,20250900
2025-04-11 16:00:00,99.835,99.145,99.145,20250600,20250900,20250900
2025-04-11 17:00:00,99.96,99.79,99.79,20250600,20250900,20250900
2025-04-11 18:00:00,100.1,99.63,99.63,20250600,20250900,20250900
2025-04-11 19:00:00,99.87,99.63,99.63,20250600,20250900,20250900
2025-04-11 20:00:00,99.7,99.63,99.63,20250600,20250900,20250900
2025-04-11 21:00:00,99.6,99.63,99.63,20250600,20250900,20250900
2025-04-11 23:00:00,99.89,99.58,99.58,20250600,20250900,20250900
2025-04-13 23:00:00,99.735,99.44,99.44,20250600,20250900,20250900
2025-04-14 01:00:00,99.5,99.235,99.235,20250600,20250900,20250900
2025-04-14 02:00:00,99.355,99.235,99.235,20250600,20250900,20250900
2025-04-14 03:00:00,99.41,98.95,98.95,20250600,20250900,20250900
2025-04-14 04:00:00,99.42,98.95,98.95,20250600,20250900,20250900
2025-04-14 05:00:00,99.465,98.95,98.95,20250600,20250900,20250900
2025-04-14 06:00:00,99.305,99.09,99.09,20250600,20250900,20250900
2025-04-14 07:00:00,99.05,98.71,98.71,20250600,20250900,20250900
2025-04-14 08:00:00,99.255,98.71,98.71,20250600,20250900,20250900
2025-04-14 09:00:00,99.295,98.89,98.89,20250600,20250900,20250900
2025-04-14 23:00:00,99.685,98.89,98.89,20250600,20250900,20250900
2025-04-15 01:00:00,99.675,99.39,99.39,20250600,20250900,20250900
2025-04-15 02:00:00,99.66,99.39,99.39,20250600,20250900,20250900
2025-04-15 03:00:00,99.48,99.39,99.39,20250600,20250900,20250900
2025-04-15 04:00:00,99.49,99.39,99.39,20250600,20250900,20250900
2025-04-15 05:00:00,99.405,99.39,99.39,20250600,20250900,20250900
2025-04-15 06:00:00,99.455,99.39,99.39,20250600,20250900,20250900
2025-04-15 07:00:00,99.575,99.39,99.39,20250600,20250900,20250900
2025-04-15 08:00:00,99.39,99.1,99.1,20250600,20250900,20250900
2025-04-15 09:00:00,99.39,99.125,99.125,20250600,20250900,20250900
2025-04-15 10:00:00,99.44,99.1,99.1,20250600,20250900,20250900
2025-04-15 11:00:00,99.41,99.095,99.095,20250600,20250900,20250900
2025-04-15 12:00:00,99.51,99.095,99.095,20250600,20250900,20250900
2025-04-15 13:00:00,99.615,99.095,99.095,20250600,20250900,20250900
2025-04-15 14:00:00,99.6,99.33,99.33,20250600,20250900,20250900
2025-04-15 15:00:00,99.515,99.32,99.32,20250600,20250900,20250900
2025-04-15 16:00:00,99.845,99.55,99.55,20250600,20250900,20250900
2025-04-15 17:00:00,99.95,99.7,99.7,20250600,20250900,20250900
2025-04-15 18:00:00,99.97,99.7,99.7,20250600,20250900,20250900
2025-04-15 19:00:00,99.96,99.7,99.7,20250600,20250900,20250900
2025-04-15 20:00:00,99.915,99.7,99.7,20250600,20250900,20250900
2025-04-15 21:00:00,99.9,99.59,99.59,20250600,20250900,20250900
2025-04-15 23:00:00,99.965,99.65,99.65,20250600,20250900,20250900
2025-04-16 01:00:00,99.66,99.4,99.4,20250600,20250900,20250900
2025-04-16 02:00:00,99.615,99.31,99.31,20250600,20250900,20250900
2025-04-16 03:00:00,99.59,99.31,99.31,20250600,20250900,20250900
2025-04-16 04:00:00,99.455,99.31,99.31,20250600,20250900,20250900
2025-04-16 05:00:00,99.46,99.2,99.2,20250600,20250900,20250900
2025-04-16 06:00:00,99.21,99.1,99.1,20250600,20250900,20250900
2025-04-16 07:00:00,99.365,99.025,99.025,20250600,20250900,20250900
2025-04-16 08:00:00,99.16,99.0,99.0,20250600,20250900,20250900
2025-04-16 09:00:00,99.305,99.0,99.0,20250600,20250900,20250900
2025-04-16 10:00:00,99.395,99.01,99.01,20250600,20250900,20250900
2025-04-16 11:00:00,99.405,99.01,99.01,20250600,20250900,20250900
2025-04-16 12:00:00,99.355,99.01,99.01,20250600,20250900,20250900
2025-04-16 13:00:00,99.41,99.01,99.01,20250600,20250900,20250900
2025-04-16 14:00:00,99.275,99.01,99.01,20250600,20250900,20250900
2025-04-16 15:00:00,99.215,99.04,99.04,20250600,20250900,20250900
2025-04-16 16:00:00,99.215,99.04,99.04,20250600,20250900,20250900
2025-04-16 17:00:00,99.255,99.04,99.04,20250600,20250900,20250900
2025-04-16 18:00:00,99.265,99.04,99.04,20250600,20250900,20250900
2025-04-16 19:00:00,99.14,98.96,98.96,20250600,20250900,20250900
2025-04-16 20:00:00,99.115,98.76,98.76,20250600,20250900,20250900
2025-04-16 21:00:00,99.04,98.815,98.815,20250600,20250900,20250900
2025-04-16 23:00:00,99.14,98.83,98.83,20250600,20250900,20250900
2025-04-17 01:00:00,99.325,,,20250600,20250900,20250900
2025-04-17 02:00:00,99.38,99.06,99.06,20250600,20250900,20250900
2025-04-17 03:00:00,99.28,99.06,99.06,20250600,20250900,20250900
2025-04-17 04:00:00,99.38,99.06,99.06,20250600,20250900,20250900
2025-04-17 05:00:00,99.41,99.06,99.06,20250600,20250900,20250900
2025-04-17 06:00:00,99.46,99.06,99.06,20250600,20250900,20250900
2025-04-17 07:00:00,99.405,99.06,99.06,20250600,20250900,20250900
2025-04-17 08:00:00,99.295,99.06,99.06,20250600,20250900,20250900
2025-04-17 09:00:00,99.245,98.95,98.95,20250600,20250900,20250900
2025-04-17 10:00:00,99.28,98.965,98.965,20250600,20250900,20250900
2025-04-17 11:00:00,99.34,99.035,99.035,20250600,20250900,20250900
2025-04-17 12:00:00,99.35,98.99,98.99,20250600,20250900,20250900
2025-04-17 13:00:00,99.275,99.16,99.16,20250600,20250900,20250900
2025-04-17 14:00:00,99.2,98.91,98.91,20250600,20250900,20250900
2025-04-17 15:00:00,99.31,98.8,98.8,20250600,20250900,20250900
2025-04-17 16:00:00,99.205,98.8,98.8,20250600,20250900,20250900
2025-04-17 17:00:00,99.275,98.905,98.905,20250600,20250900,20250900
2025-04-17 18:00:00,99.285,98.975,98.975,20250600,20250900,20250900
2025-04-17 19:00:00,99.125,98.925,98.925,20250600,20250900,20250900
2025-04-17 20:00:00,99.135,98.925,98.925,20250600,20250900,20250900
2025-04-17 21:00:00,99.18,98.925,98.925,20250600,20250900,20250900
2025-04-17 23:00:00,99.115,98.925,98.925,20250600,20250900,20250900
2025-04-20 23:00:00,98.685,98.37,98.37,20250600,20250900,20250900
2025-04-21 01:00:00,98.405,98.0,98.0,20250600,20250900,20250900
2025-04-21 02:00:00,98.36,98.0,98.0,20250600,20250900,20250900
2025-04-21 23:00:00,98.55,98.0,98.0,20250600,20250900,20250900
2025-04-22 01:00:00,98.245,,,20250600,20250900,20250900
2025-04-22 02:00:00,98.22,97.885,97.885,20250600,20250900,20250900
2025-04-22 03:00:00,98.025,97.845,97.845,20250600,20250900,20250900
2025-04-22 04:00:00,97.9,97.565,97.565,20250600,20250900,20250900
2025-04-22 05:00:00,97.925,97.565,97.565,20250600,20250900,20250900
2025-04-22 06:00:00,97.82,97.545,97.545,20250600,20250900,20250900
2025-04-22 07:00:00,98.15,97.7,97.7,20250600,20250900,20250900
2025-04-22 08:00:00,98.135,97.9,97.9,20250600,20250900,20250900
2025-04-22 09:00:00,98.17,97.9,97.9,20250600,20250900,20250900
2025-04-22 10:00:00,98.15,97.9,97.9,20250600,20250900,20250900
2025-04-22 11:00:00,98.22,97.9,97.9,20250600,20250900,20250900
2025-04-22 12:00:00,98.21,97.9,97.9,20250600,20250900,20250900
2025-04-22 13:00:00,98.33,98.05,98.05,20250600,20250900,20250900
2025-04-22 14:00:00,98.315,98.085,98.085,20250600,20250900,20250900
2025-04-22 15:00:00,98.29,98.085,98.085,20250600,20250900,20250900
2025-04-22 16:00:00,98.36,98.085,98.085,20250600,20250900,20250900
2025-04-22 17:00:00,98.595,98.29,98.29,20250600,20250900,20250900
2025-04-22 18:00:00,98.505,98.26,98.26,20250600,20250900,20250900
2025-04-22 19:00:00,98.685,98.275,98.275,20250600,20250900,20250900
2025-04-22 20:00:00,98.74,98.385,98.385,20250600,20250900,20250900
2025-04-22 21:00:00,98.745,98.43,98.43,20250600,20250900,20250900
2025-04-22 23:00:00,98.15,97.9,97.9,20250600,20250900,20250900
2025-04-23 01:00:00,99.105,98.825,98.825,20250600,20250900,20250900
2025-04-23 02:00:00,98.87,98.55,98.55,20250600,20250900,20250900
2025-04-23 03:00:00,98.91,98.55,98.55,20250600,20250900,20250900
2025-04-23 04:00:00,99.09,98.55,98.55,20250600,20250900,20250900
2025-04-23 05:00:00,99.0,98.55,98.55,20250600,20250900,20250900
2025-04-23 06:00:00,99.075,98.55,98.55,20250600,20250900,20250900
2025-04-23 07:00:00,98.97,98.65,98.65,20250600,20250900,20250900
2025-04-23 08:00:00,99.0,98.55,98.55,20250600,20250900,20250900
2025-04-23 09:00:00,98.815,98.55,98.55,20250600,20250900,20250900
2025-04-23 10:00:00,98.8,98.38,98.38,20250600,20250900,20250900
2025-04-23 11:00:00,98.955,98.38,98.38,20250600,20250900,20250900
2025-04-23 12:00:00,98.875,98.53,98.53,20250600,20250900,20250900
2025-04-23 13:00:00,98.92,98.53,98.53,20250600,20250900,20250900
2025-04-23 14:00:00,99.4,99.06,99.06,20250600,20250900,20250900
2025-04-23 15:00:00,99.295,99.155,99.155,20250600,20250900,20250900
2025-04-23 16:00:00,99.43,98.905,98.905,20250600,20250900,20250900
2025-04-23 17:00:00,99.515,99.17,99.17,20250600,20250900,20250900
2025-04-23 18:00:00,99.57,99.195,99.195,20250600,20250900,20250900
2025-04-23 19:00:00,99.635,99.195,99.195,20250600,20250900,20250900
2025-04-23 20:00:00,99.615,99.305,99.305,20250600,20250900,20250900
2025-04-23 21:00:00,99.705,99.33,99.33,20250600,20250900,20250900
2025-04-23 23:00:00,99.105,98.825,98.825,20250600,20250900,20250900
2025-04-24 01:00:00,99.47,99.16,99.16,20250600,20250900,20250900
2025-04-24 02:00:00,99.39,99.125,99.125,20250600,20250900,20250900
2025-04-24 03:00:00,99.35,99.125,99.125,20250600,20250900,20250900
2025-04-24 04:00:00,99.465,99.125,99.125,20250600,20250900,20250900
2025-04-24 05:00:00,99.49,99.125,99.125,20250600,20250900,20250900
2025-04-24 06:00:00,99.37,99.125,99.125,20250600,20250900,20250900
2025-04-24 07:00:00,99.19,99.0,99.0,20250600,20250900,20250900
2025-04-24 08:00:00,99.16,98.78,98.78,20250600,20250900,20250900
2025-04-24 09:00:00,99.12,98.78,98.78,20250600,20250900,20250900
2025-04-24 10:00:00,99.14,98.74,98.74,20250600,20250900,20250900
2025-04-24 11:00:00,99.185,98.775,98.775,20250600,20250900,20250900
2025-04-24 12:00:00,99.16,98.775,98.775,20250600,20250900,20250900
2025-04-24 13:00:00,99.16,98.775,98.775,20250600,20250900,20250900
2025-04-24 14:00:00,99.175,98.775,98.775,20250600,20250900,20250900
2025-04-24 15:00:00,99.28,98.95,98.95,20250600,20250900,20250900
2025-04-24 16:00:00,99.15,98.88,98.88,20250600,20250900,20250900
2025-04-24 17:00:00,99.23,98.885,98.885,20250600,20250900,20250900
2025-04-24 18:00:00,99.17,98.885,98.885,20250600,20250900,20250900
2025-04-24 19:00:00,99.1,98.725,98.725,20250600,20250900,20250900
2025-04-24 20:00:00,99.065,98.665,98.665,20250600,20250900,20250900
2025-04-24 23:00:00,99.47,99.125,99.125,20250600,20250900,20250900
2025-04-25 01:00:00,99.43,,,20250600,20250900,20250900
2025-04-25 02:00:00,99.4,,,20250600,20250900,20250900
2025-04-25 03:00:00,99.595,99.125,99.125,20250600,20250900,20250900
2025-04-25 04:00:00,99.555,99.3,99.3,20250600,20250900,20250900
2025-04-25 05:00:00,99.59,99.3,99.3,20250600,20250900,20250900
2025-04-25 06:00:00,99.49,99.11,99.11,20250600,20250900,20250900
2025-04-25 07:00:00,99.395,99.11,99.11,20250600,20250900,20250900
2025-04-25 08:00:00,99.455,99.11,99.11,20250600,20250900,20250900
2025-04-25 09:00:00,99.515,99.155,99.155,20250600,20250900,20250900
2025-04-25 10:00:00,99.4,99.1,99.1,20250600,20250900,20250900
2025-04-25 11:00:00,99.44,99.1,99.1,20250600,20250900,20250900
2025-04-25 12:00:00,99.435,99.1,99.1,20250600,20250900,20250900
2025-04-25 13:00:00,99.465,99.145,99.145,20250600,20250900,20250900
2025-04-25 14:00:00,99.39,99.035,99.035,20250600,20250900,20250900
2025-04-25 15:00:00,99.28,98.955,98.955,20250600,20250900,20250900
2025-04-25 16:00:00,99.305,98.955,98.955,20250600,20250900,20250900
2025-04-25 17:00:00,,98.95,98.95,20250600,20250900,20250900
2025-04-25 18:00:00,,99.0,99.0,20250600,20250900,20250900
2025-04-25 19:00:00,,99.0,99.0,20250600,20250900,20250900
2025-04-25 20:00:00,,99.075,99.075,20250600,20250900,20250900
2025-04-25 23:00:00,99.415,98.955,98.955,20250600,20250900,20250900
2025-04-27 22:00:00,99.475,,,20250600,20250900,20250900
2025-04-27 23:00:00,99.52,99.18,99.18,20250600,20250900,20250900
2025-04-28 01:00:00,99.485,99.005,99.005,20250600,20250900,20250900
2025-04-28 02:00:00,99.515,99.18,99.18,20250600,20250900,20250900
2025-04-28 23:00:00,99.515,99.18,99.18,20250600,20250900,20250900
2025-04-29 01:00:00,98.945,98.51,98.51,20250600,20250900,20250900
2025-04-29 02:00:00,98.905,98.51,98.51,20250600,20250900,20250900
2025-04-29 03:00:00,98.985,98.51,98.51,20250600,20250900,20250900
2025-04-29 04:00:00,99.08,98.51,98.51,20250600,20250900,20250900
2025-04-29 05:00:00,99.02,98.51,98.51,20250600,20250900,20250900
2025-04-29 06:00:00,98.985,98.605,98.605,20250600,20250900,20250900
2025-04-29 07:00:00,98.865,98.605,98.605,20250600,20250900,20250900
2025-04-29 08:00:00,99.01,98.605,98.605,20250600,20250900,20250900
2025-04-29 09:00:00,99.085,98.745,98.745,20250600,20250900,20250900
2025-04-29 10:00:00,99.115,98.745,98.745,20250600,20250900,20250900
2025-04-29 11:00:00,99.145,98.77,98.77,20250600,20250900,20250900
2025-04-29 12:00:00,98.86,98.53,98.53,20250600,20250900,20250900
2025-04-29 13:00:00,98.915,98.53,98.53,20250600,20250900,20250900
2025-04-29 14:00:00,99.07,98.59,98.59,20250600,20250900,20250900
2025-04-29 15:00:00,98.965,98.59,98.59,20250600,20250900,20250900
2025-04-29 16:00:00,98.89,98.59,98.59,20250600,20250900,20250900
2025-04-29 17:00:00,99.0,98.61,98.61,20250600,20250900,20250900
2025-04-29 18:00:00,99.02,98.61,98.61,20250600,20250900,20250900
2025-04-29 19:00:00,99.015,98.61,98.61,20250600,20250900,20250900
2025-04-29 20:00:00,99.0,98.61,98.61,20250600,20250900,20250900
2025-04-29 23:00:00,98.875,98.45,98.45,20250600,20250900,20250900
2025-04-30 01:00:00,99.185,98.71,98.71,20250600,20250900,20250900
2025-04-30 02:00:00,99.13,98.71,98.71,20250600,20250900,20250900
2025-04-30 03:00:00,99.155,98.76,98.76,20250600,20250900,20250900
2025-04-30 04:00:00,99.12,98.76,98.76,20250600,20250900,20250900
2025-04-30 05:00:00,99.055,98.76,98.76,20250600,20250900,20250900
2025-04-30 06:00:00,99.015,98.76,98.76,20250600,20250900,20250900
2025-04-30 07:00:00,99.115,98.76,98.76,20250600,20250900,20250900
2025-04-30 08:00:00,99.19,98.76,98.76,20250600,20250900,20250900
2025-04-30 09:00:00,99.185,98.76,98.76,20250600,20250900,20250900
2025-04-30 23:00:00,99.185,98.76,98.76,20250600,20250900,20250900
2025-05-01 01:00:00,99.595,99.2,99.2,20250600,20250900,20250900
2025-05-01 02:00:00,99.535,99.26,99.26,20250600,20250900,20250900
2025-05-01 03:00:00,99.635,99.3,99.3,20250600,20250900,20250900
2025-05-01 04:00:00,99.7,99.3,99.3,20250600,20250900,20250900
2025-05-01 05:00:00,99.74,99.5,99.5,20250600,20250900,20250900
2025-05-01 06:00:00,99.78,99.5,99.5,20250600,20250900,20250900
2025-05-01 07:00:00,99.72,99.465,99.465,20250600,20250900,20250900
2025-05-01 08:00:00,99.63,99.35,99.35,20250600,20250900,20250900
2025-05-01 09:00:00,99.7,99.35,99.35,20250600,20250900,20250900
2025-05-01 10:00:00,99.57,99.35,99.35,20250600,20250900,20250900
2025-05-01 11:00:00,99.67,99.27,99.27,20250600,20250900,20250900
2025-05-01 12:00:00,99.725,99.27,99.27,20250600,20250900,20250900
2025-05-01 13:00:00,99.655,99.27,99.27,20250600,20250900,20250900
2025-05-01 14:00:00,100.03,99.72,99.72,20250600,20250900,20250900
2025-05-01 15:00:00,100.095,99.8,99.8,20250600,20250900,20250900
2025-05-01 16:00:00,100.005,99.67,99.67,20250600,20250900,20250900
2025-05-01 17:00:00,100.085,99.74,99.74,20250600,20250900,20250900
2025-05-01 18:00:00,100.06,99.725,99.725,20250600,20250900,20250900
2025-05-01 19:00:00,100.005,99.725,99.725,20250600,20250900,20250900
2025-05-01 20:00:00,99.985,99.675,99.675,20250600,20250900,20250900
2025-05-01 23:00:00,99.97,99.16,99.16,20250600,20250900,20250900
2025-05-02 01:00:00,99.955,99.705,99.705,20250600,20250900,20250900
2025-05-02 02:00:00,99.96,99.56,99.56,20250600,20250900,20250900
2025-05-02 03:00:00,99.8,99.595,99.595,20250600,20250900,20250900
2025-05-02 04:00:00,99.88,99.595,99.595,20250600,20250900,20250900
2025-05-02 05:00:00,99.82,99.595,99.595,20250600,20250900,20250900
2025-05-02 06:00:00,99.71,99.4,99.4,20250600,20250900,20250900
2025-05-02 07:00:00,99.71,99.335,99.335,20250600,20250900,20250900
2025-05-02 08:00:00,99.665,99.335,99.335,20250600,20250900,20250900
2025-05-02 09:00:00,99.485,99.145,99.145,20250600,20250900,20250900
2025-05-02 10:00:00,99.53,99.145,99.145,20250600,20250900,20250900
2025-05-02 11:00:00,,99.145,99.145,20250600,20250900,20250900
2025-05-02 12:00:00,,99.145,99.145,20250600,20250900,20250900
2025-05-02 13:00:00,,98.955,98.955,20250600,20250900,20250900
2025-05-02 14:00:00,,98.955,98.955,20250600,20250900,20250900
2025-05-02 15:00:00,,99.31,99.31,20250600,20250900,20250900
2025-05-02 16:00:00,,99.3,99.3,20250600,20250900,20250900
2025-05-02 17:00:00,,99.325,99.325,20250600,20250900,20250900
2025-05-02 18:00:00,,99.44,99.44,20250600,20250900,20250900
2025-05-02 19:00:00,,99.42,99.42,20250600,20250900,20250900
2025-05-02 20:00:00,,99.47,99.47,20250600,20250900,20250900
2025-05-02 23:00:00,100.095,99.145,99.145,20250600,20250900,20250900
2025-05-04 22:00:00,99.785,,,20250600,20250900,20250900
2025-05-04 23:00:00,99.675,99.305,99.305,20250600,20250900,20250900
2025-05-05 01:00:00,99.535,99.305,99.305,20250600,20250900,20250900
2025-05-05 02:00:00,99.475,99.305,99.305,20250600,20250900,20250900
2025-05-05 03:00:00,99.56,99.305,99.305,20250600,20250900,20250900
2025-05-05 04:00:00,99.505,99.305,99.305,20250600,20250900,20250900
2025-05-05 05:00:00,99.545,99.305,99.305,20250600,20250900,20250900
2025-05-05 06:00:00,99.63,99.305,99.305,20250600,20250900,20250900
2025-05-05 07:00:00,99.69,99.305,99.305,20250600,20250900,20250900
2025-05-05 08:00:00,99.625,99.185,99.185,20250600,20250900,20250900
2025-05-05 09:00:00,99.46,99.105,99.105,20250600,20250900,20250900
2025-05-05 10:00:00,99.435,99.11,99.11,20250600,20250900,20250900
2025-05-05 11:00:00,99.435,99.07,99.07,20250600,20250900,20250900
2025-05-05 12:00:00,99.315,99.07,99.07,20250600,20250900,20250900
2025-05-05 13:00:00,99.355,98.98,98.98,20250600,20250900,20250900
2025-05-05 14:00:00,99.46,99.07,99.07,20250600,20250900,20250900
2025-05-05 15:00:00,99.65,99.265,99.265,20250600,20250900,20250900
2025-05-05 16:00:00,99.745,99.265,99.265,20250600,20250900,20250900
2025-05-05 17:00:00,99.75,99.265,99.265,20250600,20250900,20250900
2025-05-05 18:00:00,99.645,99.265,99.265,20250600,20250900,20250900
2025-05-05 19:00:00,99.605,99.265,99.265,20250600,20250900,20250900
2025-05-05 20:00:00,99.6,99.265,99.265,20250600,20250900,20250900
2025-05-05 23:00:00,99.64,99.305,99.305,20250600,20250900,20250900
2025-05-06 01:00:00,99.81,99.52,99.52,20250600,20250900,20250900
2025-05-06 02:00:00,99.69,99.52,99.52,20250600,20250900,20250900
2025-05-06 03:00:00,99.63,99.52,99.52,20250600,20250900,20250900
2025-05-06 04:00:00,99.55,99.52,99.52,20250600,20250900,20250900
2025-05-06 05:00:00,99.61,99.52,99.52,20250600,20250900,20250900
2025-05-06 06:00:00,99.55,99.52,99.52,20250600,20250900,20250900
2025-05-06 07:00:00,99.425,99.52,99.52,20250600,20250900,20250900
2025-05-06 08:00:00,99.47,99.52,99.52,20250600,20250900,20250900
2025-05-06 09:00:00,99.58,99.52,99.52,20250600,20250900,20250900
2025-05-06 10:00:00,99.44,99.52,99.52,20250600,20250900,20250900
2025-05-06 11:00:00,99.365,99.01,99.01,20250600,20250900,20250900
2025-05-06 12:00:00,99.23,99.0,99.0,20250600,20250900,20250900
2025-05-06 13:00:00,99.15,98.78,98.78,20250600,20250900,20250900
2025-05-06 14:00:00,99.27,98.9,98.9,20250600,20250900,20250900
2025-05-06 15:00:00,99.25,98.94,98.94,20250600,20250900,20250900
2025-05-06 16:00:00,99.22,98.845,98.845,20250600,20250900,20250900
2025-05-06 17:00:00,99.11,98.73,98.73,20250600,20250900,20250900
2025-05-06 18:00:00,99.055,98.7,98.7,20250600,20250900,20250900
2025-05-06 19:00:00,99.03,98.66,98.66,20250600,20250900,20250900
2025-05-06 20:00:00,99.07,98.66,98.66,20250600,20250900,20250900
2025-05-06 23:00:00,99.045,98.68,98.68,20250600,20250900,20250900
2025-05-07 01:00:00,99.305,99.01,99.01,20250600,20250900,20250900
2025-05-07 02:00:00,99.355,99.01,99.01,20250600,20250900,20250900
2025-05-07 03:00:00,99.315,99.01,99.01,20250600,20250900,20250900
2025-05-07 04:00:00,99.355,98.99,98.99,20250600,20250900,20250900
2025-05-07 05:00:00,99.195,98.95,98.95,20250600,20250900,20250900
2025-05-07 06:00:00,99.125,98.77,98.77,20250600,20250900,20250900
2025-05-07 07:00:00,99.245,98.77,98.77,20250600,20250900,20250900
2025-05-07 08:00:00,99.305,98.77,98.77,20250600,20250900,20250900
2025-05-07 09:00:00,99.31,99.0,99.0,20250600,20250900,20250900
2025-05-07 10:00:00,99.225,98.9,98.9,20250600,20250900,20250900
2025-05-07 11:00:00,99.305,98.9,98.9,20250600,20250900,20250900
2025-05-07 12:00:00,99.255,98.9,98.9,20250600,20250900,20250900
2025-05-07 13:00:00,99.195,98.9,98.9,20250600,20250900,20250900
2025-05-07 14:00:00,99.205,98.9,98.9,20250600,20250900,20250900
2025-05-07 15:00:00,99.32,98.925,98.925,20250600,20250900,20250900
2025-05-07 16:00:00,99.31,99.035,99.035,20250600,20250900,20250900
2025-05-07 17:00:00,99.38,99.065,99.065,20250600,20250900,20250900
2025-05-07 18:00:00,99.44,99.1,99.1,20250600,20250900,20250900
2025-05-07 19:00:00,99.685,99.3,99.3,20250600,20250900,20250900
2025-05-07 20:00:00,99.725,99.4,99.4,20250600,20250900,20250900
2025-05-07 23:00:00,99.435,99.06,99.06,20250600,20250900,20250900
2025-05-08 01:00:00,99.46,99.245,99.245,20250600,20250900,20250900
2025-05-08 02:00:00,99.54,99.245,99.245,20250600,20250900,20250900
2025-05-08 03:00:00,99.51,99.17,99.17,20250600,20250900,20250900
2025-05-08 04:00:00,99.595,99.175,99.175,20250600,20250900,20250900
2025-05-08 05:00:00,99.715,99.35,99.35,20250600,20250900,20250900
2025-05-08 06:00:00,99.955,99.575,99.575,20250600,20250900,20250900
2025-05-08 07:00:00,99.855,99.475,99.475,20250600,20250900,20250900
2025-05-08 08:00:00,99.87,99.475,99.475,20250600,20250900,20250900
2025-05-08 23:00:00,99.87,99.475,99.475,20250600,20250900,20250900
2025-05-09 01:00:00,100.58,100.125,100.125,20250600,20250900,20250900
2025-05-09 02:00:00,100.52,100.185,100.185,20250600,20250900,20250900
2025-05-09 03:00:00,100.5,100.095,100.095,20250600,20250900,20250900
2025-05-09 04:00:00,100.44,100.085,100.085,20250600,20250900,20250900
2025-05-09 05:00:00,100.39,100.085,100.085,20250600,20250900,20250900
2025-05-09 06:00:00,100.35,100.0,100.0,20250600,20250900,20250900
2025-05-09 07:00:00,100.245,99.9,99.9,20250600,20250900,20250900
2025-05-09 08:00:00,100.195,99.88,99.88,20250600,20250900,20250900
2025-05-09 09:00:00,100.29,99.8,99.8,20250600,20250900,20250900
2025-05-09 10:00:00,100.29,99.8,99.8,20250600,20250900,20250900
2025-05-09 11:00:00,100.21,99.835,99.835,20250600,20250900,20250900
2025-05-09 12:00:00,100.25,99.835,99.835,20250600,20250900,20250900
2025-05-09 23:00:00,100.48,100.125,100.125,20250600,20250900,20250900
2025-05-11 22:00:00,100.47,,,20250600,20250900,20250900
2025-05-11 23:00:00,100.43,,,20250600,20250900,20250900
2025-05-12 01:00:00,100.49,100.12,100.12,20250600,20250900,20250900
2025-05-12 02:00:00,100.445,100.035,100.035,20250600,20250900,20250900
2025-05-12 03:00:00,100.39,100.025,100.025,20250600,20250900,20250900
2025-05-12 04:00:00,100.45,100.025,100.025,20250600,20250900,20250900
2025-05-12 05:00:00,100.49,100.16,100.16,20250600,20250900,20250900
2025-05-12 06:00:00,100.51,100.095,100.095,20250600,20250900,20250900
2025-05-12 07:00:00,101.5,101.125,101.125,20250600,20250900,20250900
2025-05-12 08:00:00,101.245,100.825,100.825,20250600,20250900,20250900
2025-05-12 09:00:00,101.39,100.98,100.98,20250600,20250900,20250900
2025-05-12 10:00:00,101.73,101.295,101.295,20250600,20250900,20250900
2025-05-12 11:00:00,101.435,101.05,101.05,20250600,20250900,20250900
2025-05-12 12:00:00,101.43,101.03,101.03,20250600,20250900,20250900
2025-05-12 13:00:00,101.39,100.915,100.915,20250600,20250900,20250900
2025-05-12 14:00:00,101.455,100.945,100.945,20250600,20250900,20250900
2025-05-12 15:00:00,101.505,101.045,101.045,20250600,20250900,20250900
2025-05-12 16:00:00,101.67,101.16,101.16,20250600,20250900,20250900
2025-05-12 17:00:00,101.72,101.32,101.32,20250600,20250900,20250900
2025-05-12 18:00:00,101.6,101.19,101.19,20250600,20250900,20250900
2025-05-12 19:00:00,101.59,101.2,101.2,20250600,20250900,20250900
2025-05-12 20:00:00,101.63,101.2,101.2,20250600,20250900,20250900
2025-05-12 23:00:00,101.575,101.2,101.2,20250600,20250900,20250900
2025-05-13 01:00:00,101.435,101.025,101.025,20250600,20250900,20250900
2025-05-13 02:00:00,101.485,101.065,101.065,20250600,20250900,20250900
2025-05-13 03:00:00,101.365,101.065,101.065,20250600,20250900,20250900
2025-05-13 04:00:00,101.35,100.93,100.93,20250600,20250900,20250900
2025-05-13 05:00:00,101.405,100.94,100.94,20250600,20250900,20250900
2025-05-13 06:00:00,101.395,101.0,101.0,20250600,20250900,20250900
2025-05-13 07:00:00,101.37,100.92,100.92,20250600,20250900,20250900
2025-05-13 08:00:00,101.36,100.925,100.925,20250600,20250900,20250900
2025-05-13 09:00:00,101.395,100.925,100.925,20250600,20250900,20250900
2025-05-13 10:00:00,101.425,100.925,100.925,20250600,20250900,20250900
2025-05-13 11:00:00,101.415,100.99,100.99,20250600,20250900,20250900
2025-05-13 12:00:00,101.24,100.82,100.82,20250600,20250900,20250900
2025-05-13 13:00:00,101.245,100.84,100.84,20250600,20250900,20250900
2025-05-13 14:00:00,101.045,100.605,100.605,20250600,20250900,20250900
2025-05-13 15:00:00,100.935,100.48,100.48,20250600,20250900,20250900
2025-05-13 16:00:00,100.905,100.45,100.45,20250600,20250900,20250900
2025-05-13 17:00:00,100.875,100.485,100.485,20250600,20250900,20250900
2025-05-13 18:00:00,100.825,100.485,100.485,20250600,20250900,20250900
2025-05-13 19:00:00,100.77,100.485,100.485,20250600,20250900,20250900
2025-05-13 20:00:00,100.81,100.35,100.35,20250600,20250900,20250900
2025-05-13 23:00:00,101.475,100.405,100.405,20250600,20250900,20250900
2025-05-14 01:00:00,100.755,100.36,100.36,20250600,20250900,20250900
2025-05-14 02:00:00,100.76,100.395,100.395,20250600,20250900,20250900
2025-05-14 03:00:00,100.705,100.395,100.395,20250600,20250900,20250900
2025-05-14 04:00:00,100.735,100.395,100.395,20250600,20250900,20250900
2025-05-14 23:00:00,100.735,100.35,100.35,20250600,20250900,20250900
2025-05-15 01:00:00,100.735,,,20250600,20250900,20250900
2025-05-15 02:00:00,100.715,100.33,100.33,20250600,20250900,20250900
2025-05-15 03:00:00,100.285,,,20250900,20251200,20251200
2025-05-15 04:00:00,100.29,,,20250900,20251200,20251200
2025-05-15 05:00:00,100.29,,,20250900,20251200,20251200
2025-05-15 06:00:00,100.1,,,20250900,20251200,20251200
2025-05-15 07:00:00,100.08,,,20250900,20251200,20251200
2025-05-15 08:00:00,100.17,,,20250900,20251200,20251200
2025-05-15 09:00:00,100.17,,,20250900,20251200,20251200
2025-05-15 10:00:00,100.17,,,20250900,20251200,20251200
2025-05-15 11:00:00,100.17,,,20250900,20251200,20251200
2025-05-15 12:00:00,100.215,,,20250900,20251200,20251200
2025-05-15 13:00:00,100.215,,,20250900,20251200,20251200
2025-05-15 14:00:00,100.3,,,20250900,20251200,20251200
2025-05-15 15:00:00,100.3,,,20250900,20251200,20251200
2025-05-15 16:00:00,100.3,,,20250900,20251200,20251200
2025-05-15 17:00:00,100.34,,,20250900,20251200,20251200
2025-05-15 18:00:00,100.34,,,20250900,20251200,20251200
2025-05-15 19:00:00,100.34,,,20250900,20251200,20251200
2025-05-15 20:00:00,100.34,,,20250900,20251200,20251200
2025-05-15 23:00:00,100.325,99.985,99.985,20250900,20251200,20251200
2025-05-16 01:00:00,100.095,,,20250900,20251200,20251200
2025-05-16 02:00:00,100.08,,,20250900,20251200,20251200
2025-05-16 03:00:00,100.11,,,20250900,20251200,20251200
2025-05-16 04:00:00,100.11,,,20250900,20251200,20251200
2025-05-16 05:00:00,100.0,,,20250900,20251200,20251200
2025-05-16 06:00:00,100.0,,,20250900,20251200,20251200
2025-05-16 07:00:00,100.025,,,20250900,20251200,20251200
2025-05-16 08:00:00,100.1,,,20250900,20251200,20251200
2025-05-16 09:00:00,100.145,,,20250900,20251200,20251200
2025-05-16 10:00:00,100.24,,,20250900,20251200,20251200
2025-05-16 11:00:00,100.16,,,20250900,20251200,20251200
2025-05-16 12:00:00,100.26,,,20250900,20251200,20251200
2025-05-16 13:00:00,100.2,,,20250900,20251200,20251200
2025-05-16 14:00:00,100.515,,,20250900,20251200,20251200
2025-05-16 15:00:00,100.64,,,20250900,20251200,20251200
2025-05-16 16:00:00,100.68,,,20250900,20251200,20251200
2025-05-16 17:00:00,100.68,,,20250900,20251200,20251200
2025-05-16 18:00:00,100.68,,,20250900,20251200,20251200
2025-05-16 19:00:00,100.535,,,20250900,20251200,20251200
2025-05-16 20:00:00,100.42,,,20250900,20251200,20251200
2025-05-16 23:00:00,100.535,100.195,100.195,20250900,20251200,20251200
2025-05-18 22:00:00,100.175,,,20250900,20251200,20251200
2025-05-18 23:00:00,100.21,,,20250900,20251200,20251200
2025-05-19 01:00:00,100.125,,,20250900,20251200,20251200
2025-05-19 02:00:00,100.18,,,20250900,20251200,20251200
2025-05-19 03:00:00,100.26,,,20250900,20251200,20251200
2025-05-19 04:00:00,100.215,,,20250900,20251200,20251200
2025-05-19 05:00:00,100.235,,,20250900,20251200,20251200
2025-05-19 06:00:00,100.08,,,20250900,20251200,20251200
2025-05-19 07:00:00,99.805,,,20250900,20251200,20251200
2025-05-19 08:00:00,99.805,,,20250900,20251200,20251200
2025-05-19 09:00:00,99.64,,,20250900,20251200,20251200
2025-05-19 10:00:00,99.62,,,20250900,20251200,20251200
2025-05-19 11:00:00,99.685,,,20250900,20251200,20251200
2025-05-19 12:00:00,99.655,,,20250900,20251200,20251200
2025-05-19 13:00:00,99.76,,,20250900,20251200,20251200
2025-05-19 14:00:00,99.77,,,20250900,20251200,20251200
2025-05-19 15:00:00,99.76,,,20250900,20251200,20251200
2025-05-19 16:00:00,99.9,,,20250900,20251200,20251200
2025-05-19 17:00:00,99.925,,,20250900,20251200,20251200
2025-05-19 18:00:00,99.88,,,20250900,20251200,20251200
2025-05-19 19:00:00,99.835,,,20250900,20251200,20251200
2025-05-19 20:00:00,99.835,,,20250900,20251200,20251200
2025-05-19 23:00:00,100.21,99.53,99.53,20250900,20251200,20251200
2025-05-20 01:00:00,99.945,,,20250900,20251200,20251200
2025-05-20 02:00:00,99.945,,,20250900,20251200,20251200
2025-05-20 03:00:00,99.945,,,20250900,20251200,20251200
2025-05-20 04:00:00,99.945,,,20250900,20251200,20251200
2025-05-20 05:00:00,99.945,,,20250900,20251200,20251200
2025-05-20 06:00:00,99.945,,,20250900,20251200,20251200
2025-05-20 07:00:00,99.5,,,20250900,20251200,20251200
2025-05-20 08:00:00,99.645,,,20250900,20251200,20251200
2025-05-20 09:00:00,99.645,,,20250900,20251200,20251200
2025-05-20 10:00:00,99.645,,,20250900,20251200,20251200
2025-05-20 11:00:00,99.705,,,20250900,20251200,20251200
2025-05-20 12:00:00,99.705,,,20250900,20251200,20251200
2025-05-20 13:00:00,99.85,,,20250900,20251200,20251200
2025-05-20 14:00:00,99.6,,,20250900,20251200,20251200
2025-05-20 15:00:00,99.7,,,20250900,20251200,20251200
2025-05-20 16:00:00,99.7,,,20250900,20251200,20251200
2025-05-20 17:00:00,99.565,,,20250900,20251200,20251200
2025-05-20 18:00:00,99.5,,,20250900,20251200,20251200
2025-05-20 19:00:00,99.485,,,20250900,20251200,20251200
2025-05-20 20:00:00,99.45,,,20250900,20251200,20251200
2025-05-20 23:00:00,99.945,99.205,99.205,20250900,20251200,20251200
2025-05-21 01:00:00,99.39,,,20250900,20251200,20251200
2025-05-21 02:00:00,99.125,,,20250900,20251200,20251200
2025-05-21 03:00:00,99.14,,,20250900,20251200,20251200
2025-05-21 04:00:00,99.005,,,20250900,20251200,20251200
2025-05-21 05:00:00,99.035,,,20250900,20251200,20251200
2025-05-21 06:00:00,98.915,,,20250900,20251200,20251200
2025-05-21 07:00:00,99.15,,,20250900,20251200,20251200
2025-05-21 08:00:00,99.18,,,20250900,20251200,20251200
2025-05-21 09:00:00,99.205,,,20250900,20251200,20251200
2025-05-21 10:00:00,99.205,,,20250900,20251200,20251200
2025-05-21 11:00:00,99.12,,,20250900,20251200,20251200
2025-05-21 12:00:00,99.09,,,20250900,20251200,20251200
2025-05-21 13:00:00,99.085,,,20250900,20251200,20251200
2025-05-21 14:00:00,98.93,,,20250900,20251200,20251200
2025-05-21 15:00:00,99.0,,,20250900,20251200,20251200
2025-05-21 16:00:00,98.935,,,20250900,20251200,20251200
2025-05-21 17:00:00,98.945,,,20250900,20251200,20251200
2025-05-21 18:00:00,99.005,,,20250900,20251200,20251200
2025-05-21 19:00:00,99.075,,,20250900,20251200,20251200
2025-05-21 20:00:00,99.1,,,20250900,20251200,20251200
2025-05-21 23:00:00,99.35,98.685,98.685,20250900,20251200,20251200
2025-05-22 01:00:00,98.975,,,20250900,20251200,20251200
2025-05-22 02:00:00,98.975,,,20250900,20251200,20251200
2025-05-22 03:00:00,98.99,,,20250900,20251200,20251200
2025-05-22 04:00:00,99.06,,,20250900,20251200,20251200
2025-05-22 05:00:00,99.06,,,20250900,20251200,20251200
2025-05-22 06:00:00,99.125,,,20250900,20251200,20251200
2025-05-22 07:00:00,99.17,,,20250900,20251200,20251200
2025-05-22 08:00:00,99.21,,,20250900,20251200,20251200
2025-05-22 09:00:00,99.285,,,20250900,20251200,20251200
2025-05-22 10:00:00,99.315,,,20250900,20251200,20251200
2025-05-22 11:00:00,99.2,,,20250900,20251200,20251200
2025-05-22 12:00:00,99.355,,,20250900,20251200,20251200
2025-05-22 13:00:00,99.38,,,20250900,20251200,20251200
2025-05-22 14:00:00,99.375,,,20250900,20251200,20251200
2025-05-22 15:00:00,99.345,,,20250900,20251200,20251200
2025-05-22 16:00:00,99.345,,,20250900,20251200,20251200
2025-05-22 17:00:00,99.55,,,20250900,20251200,20251200
2025-05-22 18:00:00,99.55,,,20250900,20251200,20251200
2025-05-22 19:00:00,99.55,,,20250900,20251200,20251200
2025-05-22 20:00:00,99.55,,,20250900,20251200,20251200
2025-05-22 23:00:00,99.44,99.1,99.1,20250900,20251200,20251200
2025-05-23 01:00:00,99.27,,,20250900,20251200,20251200
2025-05-23 02:00:00,99.27,,,20250900,20251200,20251200
2025-05-23 03:00:00,99.13,,,20250900,20251200,20251200
2025-05-23 04:00:00,99.13,,,20250900,20251200,20251200
2025-05-23 05:00:00,99.13,,,20250900,20251200,20251200
2025-05-23 06:00:00,99.08,,,20250900,20251200,20251200
2025-05-23 07:00:00,98.935,,,20250900,20251200,20251200
2025-05-23 08:00:00,98.935,,,20250900,20251200,20251200
2025-05-23 09:00:00,98.835,,,20250900,20251200,20251200
2025-05-23 10:00:00,98.815,,,20250900,20251200,20251200
2025-05-23 11:00:00,99.0,,,20250900,20251200,20251200
2025-05-23 12:00:00,98.785,,,20250900,20251200,20251200
2025-05-23 13:00:00,98.95,,,20250900,20251200,20251200
2025-05-23 14:00:00,98.82,,,20250900,20251200,20251200
2025-05-23 15:00:00,98.695,,,20250900,20251200,20251200
2025-05-23 16:00:00,98.63,,,20250900,20251200,20251200
2025-05-23 17:00:00,98.57,,,20250900,20251200,20251200
2025-05-23 18:00:00,98.55,,,20250900,20251200,20251200
2025-05-23 19:00:00,98.56,,,20250900,20251200,20251200
2025-05-23 20:00:00,98.585,,,20250900,20251200,20251200
2025-05-23 23:00:00,98.59,98.25,98.25,20250900,20251200,20251200
2025-05-25 22:00:00,98.565,,,20250900,20251200,20251200
2025-05-25 23:00:00,98.565,,,20250900,20251200,20251200
2025-05-26 01:00:00,98.23,,,20250900,20251200,20251200
2025-05-26 02:00:00,98.245,,,20250900,20251200,20251200
2025-05-26 03:00:00,98.225,,,20250900,20251200,20251200
2025-05-26 04:00:00,98.35,,,20250900,20251200,20251200
2025-05-26 05:00:00,98.24,,,20250900,20251200,20251200
2025-05-26 06:00:00,98.24,,,20250900,20251200,20251200
2025-05-26 07:00:00,98.44,,,20250900,20251200,20251200
2025-05-26 08:00:00,98.485,,,20250900,20251200,20251200
2025-05-26 09:00:00,98.485,,,20250900,20251200,20251200
2025-05-26 10:00:00,98.5,,,20250900,20251200,20251200
2025-05-26 11:00:00,98.55,,,20250900,20251200,20251200
2025-05-26 12:00:00,98.58,,,20250900,20251200,20251200
2025-05-26 13:00:00,98.55,,,20250900,20251200,20251200
2025-05-26 14:00:00,98.55,,,20250900,20251200,20251200
2025-05-26 15:00:00,98.51,,,20250900,20251200,20251200
2025-05-26 16:00:00,98.5,,,20250900,20251200,20251200
2025-05-26 17:00:00,98.5,,,20250900,20251200,20251200
2025-05-26 18:00:00,98.5,,,20250900,20251200,20251200
2025-05-26 19:00:00,98.5,,,20250900,20251200,20251200
2025-05-26 20:00:00,98.5,,,20250900,20251200,20251200
2025-05-26 23:00:00,98.59,98.25,98.25,20250900,20251200,20251200
2025-05-27 01:00:00,98.375,,,20250900,20251200,20251200
2025-05-27 02:00:00,98.4,,,20250900,20251200,20251200
2025-05-27 03:00:00,98.4,,,20250900,20251200,20251200
2025-05-27 04:00:00,98.555,,,20250900,20251200,20251200
2025-05-27 05:00:00,98.635,,,20250900,20251200,20251200
2025-05-27 06:00:00,98.6,,,20250900,20251200,20251200
2025-05-27 07:00:00,98.895,,,20250900,20251200,20251200
2025-05-27 08:00:00,98.895,,,20250900,20251200,20251200
2025-05-27 09:00:00,98.9,,,20250900,20251200,20251200
2025-05-27 10:00:00,98.945,,,20250900,20251200,20251200
2025-05-27 11:00:00,98.85,,,20250900,20251200,20251200
2025-05-27 12:00:00,98.77,,,20250900,20251200,20251200
2025-05-27 13:00:00,98.82,,,20250900,20251200,20251200
2025-05-27 14:00:00,98.97,98.62,98.62,20250900,20251200,20251200
2025-05-27 15:00:00,99.1,98.62,98.62,20250900,20251200,20251200
2025-05-27 16:00:00,99.07,98.745,98.745,20250900,20251200,20251200
2025-05-27 17:00:00,99.015,98.745,98.745,20250900,20251200,20251200
2025-05-27 18:00:00,99.04,98.745,98.745,20250900,20251200,20251200
2025-05-27 19:00:00,99.07,98.745,98.745,20250900,20251200,20251200
2025-05-27 20:00:00,99.09,98.745,98.745,20250900,20251200,20251200
2025-05-27 23:00:00,98.895,98.66,98.66,20250900,20251200,20251200
2025-05-28 01:00:00,99.19,,,20250900,20251200,20251200
2025-05-28 02:00:00,99.29,,,20250900,20251200,20251200
2025-05-28 03:00:00,99.305,,,20250900,20251200,20251200
2025-05-28 04:00:00,99.285,,,20250900,20251200,20251200
2025-05-28 05:00:00,99.325,,,20250900,20251200,20251200
2025-05-28 06:00:00,99.23,,,20250900,20251200,20251200
2025-05-28 07:00:00,99.035,,,20250900,20251200,20251200
2025-05-28 08:00:00,99.115,,,20250900,20251200,20251200
2025-05-28 09:00:00,99.035,,,20250900,20251200,20251200
2025-05-28 10:00:00,99.09,,,20250900,20251200,20251200
2025-05-28 11:00:00,99.175,,,20250900,20251200,20251200
2025-05-28 12:00:00,99.23,,,20250900,20251200,20251200
2025-05-28 13:00:00,99.255,,,20250900,20251200,20251200
2025-05-28 14:00:00,99.2,,,20250900,20251200,20251200
2025-05-28 15:00:00,99.435,,,20250900,20251200,20251200
2025-05-28 16:00:00,99.375,,,20250900,20251200,20251200
2025-05-28 23:00:00,99.375,99.02,99.02,20250900,20251200,20251200
2025-05-29 01:00:00,99.82,,,20250900,20251200,20251200
2025-05-29 02:00:00,99.815,,,20250900,20251200,20251200
2025-05-29 03:00:00,99.77,,,20250900,20251200,20251200
2025-05-29 04:00:00,99.725,,,20250900,20251200,20251200
2025-05-29 05:00:00,99.86,,,20250900,20251200,20251200
2025-05-29 06:00:00,99.61,,,20250900,20251200,20251200
2025-05-29 07:00:00,99.5,,,20250900,20251200,20251200
2025-05-29 08:00:00,99.6,,,20250900,20251200,20251200
2025-05-29 09:00:00,99.48,,,20250900,20251200,20251200
2025-05-29 10:00:00,99.43,,,20250900,20251200,20251200
2025-05-29 11:00:00,99.485,,,20250900,20251200,20251200
2025-05-29 12:00:00,98.97,,,20250900,20251200,20251200
2025-05-29 13:00:00,98.97,,,20250900,20251200,20251200
2025-05-29 14:00:00,98.98,,,20250900,20251200,20251200
2025-05-29 15:00:00,98.845,,,20250900,20251200,20251200
2025-05-29 16:00:00,98.79,,,20250900,20251200,20251200
2025-05-29 17:00:00,98.745,,,20250900,20251200,20251200
2025-05-29 18:00:00,98.755,,,20250900,20251200,20251200
2025-05-29 19:00:00,98.815,,,20250900,20251200,20251200
2025-05-29 20:00:00,98.895,,,20250900,20251200,20251200
2025-05-29 23:00:00,99.865,98.46,98.46,20250900,20251200,20251200
2025-05-30 01:00:00,98.9,,,20250900,20251200,20251200
2025-05-30 02:00:00,98.98,,,20250900,20251200,20251200
2025-05-30 03:00:00,98.99,,,20250900,20251200,20251200
2025-05-30 04:00:00,98.975,,,20250900,20251200,20251200
2025-05-30 05:00:00,98.93,,,20250900,20251200,20251200
2025-05-30 06:00:00,99.0,,,20250900,20251200,20251200
2025-05-30 07:00:00,99.1,,,20250900,20251200,20251200
2025-05-30 08:00:00,99.085,,,20250900,20251200,20251200
2025-05-30 09:00:00,99.09,,,20250900,20251200,20251200
2025-05-30 10:00:00,99.05,,,20250900,20251200,20251200
2025-05-30 11:00:00,99.06,,,20250900,20251200,20251200
2025-05-30 12:00:00,98.855,,,20250900,20251200,20251200
2025-05-30 13:00:00,99.15,,,20250900,20251200,20251200
2025-05-30 14:00:00,98.96,,,20250900,20251200,20251200
2025-05-30 15:00:00,98.94,,,20250900,20251200,20251200
2025-05-30 16:00:00,98.94,,,20250900,20251200,20251200
2025-05-30 17:00:00,98.8,,,20250900,20251200,20251200
2025-05-30 18:00:00,98.845,,,20250900,20251200,20251200
2025-05-30 19:00:00,98.905,,,20250900,20251200,20251200
2025-05-30 20:00:00,98.94,,,20250900,20251200,20251200
2025-05-30 23:00:00,98.835,98.495,98.495,20250900,20251200,20251200
2025-06-01 22:00:00,98.895,,,20250900,20251200,20251200
2025-06-01 23:00:00,98.86,,,20250900,20251200,20251200
2025-06-02 01:00:00,98.67,,,20250900,20251200,20251200
2025-06-02 02:00:00,98.725,,,20250900,20251200,20251200
2025-06-02 03:00:00,98.825,,,20250900,20251200,20251200
2025-06-02 04:00:00,98.825,,,20250900,20251200,20251200
2025-06-02 05:00:00,98.825,,,20250900,20251200,20251200
2025-06-02 06:00:00,98.46,,,20250900,20251200,20251200
2025-06-02 07:00:00,98.28,,,20250900,20251200,20251200
2025-06-02 08:00:00,98.35,,,20250900,20251200,20251200
2025-06-02 09:00:00,98.255,,,20250900,20251200,20251200
2025-06-02 10:00:00,98.32,,,20250900,20251200,20251200
2025-06-02 11:00:00,98.39,,,20250900,20251200,20251200
2025-06-02 12:00:00,98.325,,,20250900,20251200,20251200
2025-06-02 13:00:00,98.36,,,20250900,20251200,20251200
2025-06-02 14:00:00,98.2,,,20250900,20251200,20251200
2025-06-02 15:00:00,98.23,,,20250900,20251200,20251200
2025-06-02 16:00:00,98.415,,,20250900,20251200,20251200
2025-06-02 17:00:00,98.355,,,20250900,20251200,20251200
2025-06-02 18:00:00,98.31,,,20250900,20251200,20251200
2025-06-02 19:00:00,98.23,,,20250900,20251200,20251200
2025-06-02 20:00:00,98.23,,,20250900,20251200,20251200
2025-06-02 23:00:00,98.24,97.9,97.9,20250900,20251200,20251200
2025-06-03 01:00:00,98.355,,,20250900,20251200,20251200
2025-06-03 02:00:00,98.405,,,20250900,20251200,20251200
2025-06-03 03:00:00,98.475,,,20250900,20251200,20251200
2025-06-03 04:00:00,98.41,,,20250900,20251200,20251200
2025-06-03 05:00:00,98.45,,,20250900,20251200,20251200
2025-06-03 06:00:00,98.415,,,20250900,20251200,20251200
2025-06-03 23:00:00,98.415,98.41,98.41,20250900,20251200,20251200
2025-06-04 01:00:00,98.62,,,20250900,20251200,20251200
2025-06-04 02:00:00,98.71,,,20250900,20251200,20251200
2025-06-04 03:00:00,98.81,,,20250900,20251200,20251200
2025-06-04 04:00:00,98.86,,,20250900,20251200,20251200
2025-06-04 05:00:00,98.84,,,20250900,20251200,20251200
2025-06-04 06:00:00,98.745,,,20250900,20251200,20251200
2025-06-04 07:00:00,98.685,98.5,98.5,20250900,20251200,20251200
2025-06-04 08:00:00,98.575,98.5,98.5,20250900,20251200,20251200
2025-06-04 09:00:00,98.715,98.5,98.5,20250900,20251200,20251200
2025-06-04 10:00:00,98.75,98.5,98.5,20250900,20251200,20251200
2025-06-04 11:00:00,98.7,98.5,98.5,20250900,20251200,20251200
2025-06-04 12:00:00,98.52,98.5,98.5,20250900,20251200,20251200
2025-06-04 13:00:00,98.575,98.5,98.5,20250900,20251200,20251200
2025-06-04 14:00:00,98.265,98.5,98.5,20250900,20251200,20251200
2025-06-04 15:00:00,98.305,98.5,98.5,20250900,20251200,20251200
2025-06-04 16:00:00,98.195,98.5,98.5,20250900,20251200,20251200
2025-06-04 17:00:00,98.255,98.5,98.5,20250900,20251200,20251200
2025-06-04 18:00:00,98.31,98.0,98.0,20250900,20251200,20251200
2025-06-04 19:00:00,98.385,98.0,98.0,20250900,20251200,20251200
2025-06-04 20:00:00,98.345,98.0,98.0,20250900,20251200,20251200
2025-06-04 23:00:00,98.7,97.965,97.965,20250900,20251200,20251200
2025-06-05 01:00:00,98.375,,,20250900,20251200,20251200
2025-06-05 02:00:00,98.37,,,20250900,20251200,20251200
2025-06-05 03:00:00,98.46,,,20250900,20251200,20251200
2025-06-05 04:00:00,98.475,,,20250900,20251200,20251200
2025-06-05 05:00:00,98.5,,,20250900,20251200,20251200
2025-06-05 06:00:00,98.485,,,20250900,20251200,20251200
2025-06-05 07:00:00,98.425,,,20250900,20251200,20251200
2025-06-05 08:00:00,98.45,,,20250900,20251200,20251200
2025-06-05 09:00:00,98.46,,,20250900,20251200,20251200
2025-06-05 23:00:00,98.46,97.955,97.955,20250900,20251200,20251200
2025-06-06 01:00:00,98.31,,,20250900,20251200,20251200
2025-06-06 02:00:00,98.4,,,20250900,20251200,20251200
2025-06-06 03:00:00,98.345,,,20250900,20251200,20251200
2025-06-06 04:00:00,98.37,,,20250900,20251200,20251200
2025-06-06 05:00:00,98.425,,,20250900,20251200,20251200
2025-06-06 06:00:00,98.42,,,20250900,20251200,20251200
2025-06-06 07:00:00,98.465,,,20250900,20251200,20251200
2025-06-06 08:00:00,98.54,,,20250900,20251200,20251200
2025-06-06 09:00:00,98.54,,,20250900,20251200,20251200
2025-06-06 10:00:00,98.5,,,20250900,20251200,20251200
2025-06-06 11:00:00,98.52,,,20250900,20251200,20251200
2025-06-06 12:00:00,98.705,,,20250900,20251200,20251200
2025-06-06 13:00:00,98.805,,,20250900,20251200,20251200
2025-06-06 14:00:00,98.845,,,20250900,20251200,20251200
2025-06-06 15:00:00,98.725,,,20250900,20251200,20251200
2025-06-06 16:00:00,98.83,,,20250900,20251200,20251200
2025-06-06 17:00:00,98.78,,,20250900,20251200,20251200
2025-06-06 18:00:00,98.78,,,20250900,20251200,20251200
2025-06-06 19:00:00,98.77,,,20250900,20251200,20251200
2025-06-06 20:00:00,98.775,,,20250900,20251200,20251200
2025-06-06 23:00:00,98.24,98.405,98.405,20250900,20251200,20251200
2025-06-08 22:00:00,98.685,,,20250900,20251200,20251200
2025-06-08 23:00:00,98.66,,,20250900,20251200,20251200
2025-06-09 01:00:00,98.595,,,20250900,20251200,20251200
2025-06-09 02:00:00,98.54,,,20250900,20251200,20251200
2025-06-09 03:00:00,98.6,,,20250900,20251200,20251200
2025-06-09 04:00:00,98.57,,,20250900,20251200,20251200
2025-06-09 05:00:00,98.53,,,20250900,20251200,20251200
2025-06-09 06:00:00,98.455,,,20250900,20251200,20251200
2025-06-09 07:00:00,98.47,,,20250900,20251200,20251200
2025-06-09 08:00:00,98.415,,,20250900,20251200,20251200
2025-06-09 09:00:00,98.415,,,20250900,20251200,20251200
2025-06-09 10:00:00,98.47,,,20250900,20251200,20251200
2025-06-09 11:00:00,98.515,,,20250900,20251200,20251200
2025-06-09 12:00:00,98.64,,,20250900,20251200,20251200
2025-06-09 13:00:00,98.67,,,20250900,20251200,20251200
2025-06-09 14:00:00,98.58,,,20250900,20251200,20251200
2025-06-09 15:00:00,98.445,,,20250900,20251200,20251200
2025-06-09 16:00:00,98.455,,,20250900,20251200,20251200
2025-06-09 17:00:00,98.475,,,20250900,20251200,20251200
2025-06-09 18:00:00,98.44,,,20250900,20251200,20251200
2025-06-09 19:00:00,98.48,,,20250900,20251200,20251200
2025-06-09 20:00:00,98.54,,,20250900,20251200,20251200
2025-06-09 23:00:00,98.44,98.105,98.105,20250900,20251200,20251200
2025-06-10 01:00:00,98.715,,,20250900,20251200,20251200
2025-06-10 02:00:00,98.69,,,20250900,20251200,20251200
2025-06-10 03:00:00,98.66,,,20250900,20251200,20251200
2025-06-10 04:00:00,98.705,,,20250900,20251200,20251200
2025-06-10 05:00:00,98.635,,,20250900,20251200,20251200
2025-06-10 06:00:00,98.73,,,20250900,20251200,20251200
2025-06-10 07:00:00,98.76,,,20250900,20251200,20251200
2025-06-10 08:00:00,98.645,,,20250900,20251200,20251200
2025-06-10 09:00:00,98.61,,,20250900,20251200,20251200
2025-06-10 10:00:00,98.545,,,20250900,20251200,20251200
2025-06-10 11:00:00,98.495,,,20250900,20251200,20251200
2025-06-10 12:00:00,98.485,,,20250900,20251200,20251200
2025-06-10 13:00:00,98.385,,,20250900,20251200,20251200
2025-06-10 14:00:00,98.525,,,20250900,20251200,20251200
2025-06-10 15:00:00,98.575,,,20250900,20251200,20251200
2025-06-10 16:00:00,98.585,,,20250900,20251200,20251200
2025-06-10 17:00:00,98.585,,,20250900,20251200,20251200
2025-06-10 18:00:00,98.62,,,20250900,20251200,20251200
2025-06-10 19:00:00,98.56,,,20250900,20251200,20251200
2025-06-10 20:00:00,98.58,,,20250900,20251200,20251200
2025-06-10 23:00:00,98.48,98.275,98.275,20250900,20251200,20251200
2025-06-11 01:00:00,98.68,,,20250900,20251200,20251200
2025-06-11 02:00:00,98.66,,,20250900,20251200,20251200
2025-06-11 03:00:00,98.65,,,20250900,20251200,20251200
2025-06-11 04:00:00,98.655,,,20250900,20251200,20251200
2025-06-11 05:00:00,98.61,,,20250900,20251200,20251200
2025-06-11 06:00:00,98.715,,,20250900,20251200,20251200
2025-06-11 07:00:00,98.615,,,20250900,20251200,20251200
2025-06-11 08:00:00,98.56,,,20250900,20251200,20251200
2025-06-11 09:00:00,98.555,,,20250900,20251200,20251200
2025-06-11 10:00:00,98.545,,,20250900,20251200,20251200
2025-06-11 11:00:00,98.585,,,20250900,20251200,20251200
2025-06-11 12:00:00,98.325,98.0,98.0,20250900,20251200,20251200
2025-06-11 13:00:00,98.305,98.0,98.0,20250900,20251200,20251200
2025-06-11 14:00:00,98.205,98.0,98.0,20250900,20251200,20251200
2025-06-11 15:00:00,98.11,98.0,98.0,20250900,20251200,20251200
2025-06-11 16:00:00,98.13,98.0,98.0,20250900,20251200,20251200
2025-06-11 17:00:00,98.07,98.0,98.0,20250900,20251200,20251200
2025-06-11 18:00:00,98.145,98.0,98.0,20250900,20251200,20251200
2025-06-11 19:00:00,98.2,97.88,97.88,20250900,20251200,20251200
2025-06-11 20:00:00,98.165,97.88,97.88,20250900,20251200,20251200
2025-06-11 23:00:00,98.59,97.805,97.805,20250900,20251200,20251200
2025-06-12 01:00:00,97.895,,,20250900,20251200,20251200
2025-06-12 02:00:00,97.955,,,20250900,20251200,20251200
2025-06-12 03:00:00,97.875,,,20250900,20251200,20251200
2025-06-12 04:00:00,97.9,,,20250900,20251200,20251200
2025-06-12 05:00:00,97.8,,,20250900,20251200,20251200
2025-06-12 06:00:00,97.86,,,20250900,20251200,20251200
2025-06-12 07:00:00,97.895,,,20250900,20251200,20251200
2025-06-12 08:00:00,97.745,,,20250900,20251200,20251200
2025-06-12 09:00:00,97.57,97.475,97.475,20250900,20251200,20251200
2025-06-12 10:00:00,97.43,97.475,97.475,20250900,20251200,20251200
2025-06-12 11:00:00,97.44,97.475,97.475,20250900,20251200,20251200
2025-06-12 12:00:00,97.255,97.475,97.475,20250900,20251200,20251200
2025-06-12 13:00:00,97.425,97.295,97.295,20250900,20251200,20251200
2025-06-12 14:00:00,97.47,97.295,97.295,20250900,20251200,20251200
2025-06-12 15:00:00,97.495,97.3,97.3,20250900,20251200,20251200
2025-06-12 16:00:00,97.48,97.3,97.3,20250900,20251200,20251200
2025-06-12 17:00:00,97.47,97.3,97.3,20250900,20251200,20251200
2025-06-12 18:00:00,97.45,97.3,97.3,20250900,20251200,20251200
2025-06-12 19:00:00,97.46,97.3,97.3,20250900,20251200,20251200
2025-06-12 20:00:00,97.415,97.3,97.3,20250900,20251200,20251200
2025-06-12 23:00:00,97.895,97.095,97.095,20250900,20251200,20251200
2025-06-13 01:00:00,97.635,97.3,97.3,20250900,20251200,20251200
2025-06-13 02:00:00,97.585,97.3,97.3,20250900,20251200,20251200
2025-06-13 23:00:00,97.585,97.07,97.07,20250900,20251200,20251200
2025-06-15 22:00:00,97.77,,,20250900,20251200,20251200
2025-06-15 23:00:00,97.83,,,20250900,20251200,20251200
2025-06-16 01:00:00,97.845,,,20250900,20251200,20251200
2025-06-16 02:00:00,97.89,,,20250900,20251200,20251200
2025-06-16 03:00:00,97.925,97.205,97.205,20250900,20251200,20251200
2025-06-16 04:00:00,97.85,97.205,97.205,20250900,20251200,20251200
2025-06-16 05:00:00,97.66,97.205,97.205,20250900,20251200,20251200
2025-06-16 06:00:00,97.59,97.3,97.3,20250900,20251200,20251200
2025-06-16 07:00:00,97.575,97.3,97.3,20250900,20251200,20251200
2025-06-16 08:00:00,,97.3,97.3,20250900,20251200,20251200
2025-06-16 09:00:00,,97.3,97.3,20250900,20251200,20251200
2025-06-16 10:00:00,,97.3,97.3,20250900,20251200,20251200
2025-06-16 11:00:00,,97.18,97.18,20250900,20251200,20251200
2025-06-16 12:00:00,,97.2,97.2,20250900,20251200,20251200
2025-06-16 13:00:00,,97.0,97.0,20250900,20251200,20251200
2025-06-16 14:00:00,,97.0,97.0,20250900,20251200,20251200
2025-06-16 15:00:00,,97.0,97.0,20250900,20251200,20251200
2025-06-16 16:00:00,,97.15,97.15,20250900,20251200,20251200
2025-06-16 17:00:00,,97.15,97.15,20250900,20251200,20251200
2025-06-16 18:00:00,,97.15,97.15,20250900,20251200,20251200
2025-06-16 19:00:00,,97.15,97.15,20250900,20251200,20251200
2025-06-16 20:00:00,,97.15,97.15,20250900,20251200,20251200
2025-06-16 23:00:00,97.83,97.3,97.3,20250900,20251200,20251200
2025-06-17 01:00:00,97.765,,,20250900,20251200,20251200
2025-06-17 02:00:00,97.745,97.46,97.46,20250900,20251200,20251200
2025-06-17 03:00:00,97.69,97.46,97.46,20250900,20251200,20251200
2025-06-17 04:00:00,97.68,97.46,97.46,20250900,20251200,20251200
2025-06-17 05:00:00,97.71,97.46,97.46,20250900,20251200,20251200
2025-06-17 06:00:00,97.71,97.46,97.46,20250900,20251200,20251200
2025-06-17 07:00:00,97.695,97.46,97.46,20250900,20251200,20251200
2025-06-17 08:00:00,97.785,97.46,97.46,20250900,20251200,20251200
2025-06-17 09:00:00,97.76,97.46,97.46,20250900,20251200,20251200
2025-06-17 10:00:00,97.66,97.46,97.46,20250900,20251200,20251200
2025-06-17 11:00:00,97.69,97.305,97.305,20250900,20251200,20251200
2025-06-17 12:00:00,97.81,97.305,97.305,20250900,20251200,20251200
2025-06-17 13:00:00,97.77,97.305,97.305,20250900,20251200,20251200
2025-06-17 14:00:00,98.01,97.5,97.5,20250900,20251200,20251200
2025-06-17 15:00:00,97.95,97.695,97.695,20250900,20251200,20251200
2025-06-17 16:00:00,98.175,97.705,97.705,20250900,20251200,20251200
2025-06-17 17:00:00,98.315,97.805,97.805,20250900,20251200,20251200
2025-06-17 18:00:00,98.395,98.0,98.0,20250900,20251200,20251200
2025-06-17 19:00:00,98.35,98.0,98.0,20250900,20251200,20251200
2025-06-17 20:00:00,98.405,98.0,98.0,20250900,20251200,20251200
2025-06-17 23:00:00,97.825,98.04,98.04,20250900,20251200,20251200
2025-06-18 01:00:00,98.295,,,20250900,20251200,20251200
2025-06-18 02:00:00,98.29,,,20250900,20251200,20251200
2025-06-18 03:00:00,98.26,,,20250900,20251200,20251200
2025-06-18 04:00:00,98.22,,,20250900,20251200,20251200
2025-06-18 05:00:00,98.215,,,20250900,20251200,20251200
2025-06-18 06:00:00,98.165,,,20250900,20251200,20251200
2025-06-18 07:00:00,98.185,,,20250900,20251200,20251200
2025-06-18 08:00:00,98.25,,,20250900,20251200,20251200
2025-06-18 09:00:00,98.235,,,20250900,20251200,20251200
2025-06-18 10:00:00,98.295,,,20250900,20251200,20251200
2025-06-18 11:00:00,98.215,,,20250900,20251200,20251200
2025-06-18 12:00:00,98.215,,,20250900,20251200,20251200
2025-06-18 13:00:00,98.34,,,20250900,20251200,20251200
2025-06-18 14:00:00,98.235,,,20250900,20251200,20251200
2025-06-18 15:00:00,98.115,,,20250900,20251200,20251200
2025-06-18 16:00:00,98.23,,,20250900,20251200,20251200
2025-06-18 17:00:00,98.285,,,20250900,20251200,20251200
2025-06-18 18:00:00,98.48,98.0,98.0,20250900,20251200,20251200
2025-06-18 19:00:00,98.51,98.14,98.14,20250900,20251200,20251200
2025-06-18 20:00:00,98.455,98.14,98.14,20250900,20251200,20251200
2025-06-18 23:00:00,98.345,98.065,98.065,20250900,20251200,20251200
2025-06-19 01:00:00,98.655,,,20250900,20251200,20251200
2025-06-19 02:00:00,98.65,,,20250900,20251200,20251200
2025-06-19 03:00:00,98.565,,,20250900,20251200,20251200
2025-06-19 04:00:00,98.545,,,20250900,20251200,20251200
2025-06-19 05:00:00,98.64,,,20250900,20251200,20251200
2025-06-19 06:00:00,98.6,,,20250900,20251200,20251200
2025-06-19 07:00:00,98.635,,,20250900,20251200,20251200
2025-06-19 08:00:00,98.485,,,20250900,20251200,20251200
2025-06-19 09:00:00,98.52,,,20250900,20251200,20251200
2025-06-19 10:00:00,98.545,,,20250900,20251200,20251200
2025-06-19 11:00:00,98.485,,,20250900,20251200,20251200
2025-06-19 12:00:00,98.515,,,20250900,20251200,20251200
2025-06-19 13:00:00,98.535,,,20250900,20251200,20251200
2025-06-19 14:00:00,98.61,,,20250900,20251200,20251200
2025-06-19 15:00:00,98.635,,,20250900,20251200,20251200
2025-06-19 16:00:00,98.665,98.28,98.28,20250900,20251200,20251200
2025-06-19 17:00:00,98.49,98.235,98.235,20250900,20251200,20251200
2025-06-19 18:00:00,98.435,98.235,98.235,20250900,20251200,20251200
2025-06-19 19:00:00,98.43,98.235,98.235,20250900,20251200,20251200
2025-06-19 20:00:00,,98.235,98.235,20250900,20251200,20251200
2025-06-19 23:00:00,98.43,98.235,98.235,20250900,20251200,20251200
2025-06-20 01:00:00,98.25,,,20250900,20251200,20251200
2025-06-20 02:00:00,98.21,,,20250900,20251200,20251200
2025-06-20 03:00:00,98.145,,,20250900,20251200,20251200
2025-06-20 04:00:00,98.17,,,20250900,20251200,20251200
2025-06-20 05:00:00,98.165,,,20250900,20251200,20251200
2025-06-20 06:00:00,98.25,,,20250900,20251200,20251200
2025-06-20 07:00:00,98.245,,,20250900,20251200,20251200
2025-06-20 08:00:00,98.18,,,20250900,20251200,20251200
2025-06-20 09:00:00,98.165,,,20250900,20251200,20251200
2025-06-20 10:00:00,98.2,,,20250900,20251200,20251200
2025-06-20 11:00:00,98.225,,,20250900,20251200,20251200
2025-06-20 12:00:00,98.3,,,20250900,20251200,20251200
2025-06-20 13:00:00,98.295,,,20250900,20251200,20251200
2025-06-20 14:00:00,98.38,97.965,97.965,20250900,20251200,20251200
2025-06-20 15:00:00,98.345,97.965,97.965,20250900,20251200,20251200
2025-06-20 16:00:00,98.225,97.965,97.965,20250900,20251200,20251200
2025-06-20 17:00:00,98.245,97.965,97.965,20250900,20251200,20251200
2025-06-20 18:00:00,98.285,97.965,97.965,20250900,20251200,20251200
2025-06-20 19:00:00,98.39,97.965,97.965,20250900,20251200,20251200
2025-06-20 20:00:00,98.34,97.965,97.965,20250900,20251200,20251200
2025-06-20 23:00:00,98.28,97.905,97.905,20250900,20251200,20251200
2025-06-22 22:00:00,98.58,,,20250900,20251200,20251200
2025-06-22 23:00:00,98.51,,,20250900,20251200,20251200
2025-06-23 01:00:00,98.62,98.255,98.255,20250900,20251200,20251200
2025-06-23 02:00:00,98.555,98.255,98.255,20250900,20251200,20251200
2025-06-23 03:00:00,98.62,98.255,98.255,20250900,20251200,20251200
2025-06-23 04:00:00,98.665,98.255,98.255,20250900,20251200,20251200
2025-06-23 05:00:00,98.54,98.255,98.255,20250900,20251200,20251200
2025-06-23 06:00:00,98.55,98.255,98.255,20250900,20251200,20251200
2025-06-23 07:00:00,98.61,98.255,98.255,20250900,20251200,20251200
2025-06-23 08:00:00,98.78,98.255,98.255,20250900,20251200,20251200
2025-06-23 09:00:00,98.895,98.5,98.5,20250900,20251200,20251200
2025-06-23 10:00:00,98.97,98.5,98.5,20250900,20251200,20251200
2025-06-23 11:00:00,98.85,98.5,98.5,20250900,20251200,20251200
2025-06-23 12:00:00,98.865,98.5,98.5,20250900,20251200,20251200
2025-06-23 13:00:00,98.68,98.5,98.5,20250900,20251200,20251200
2025-06-23 14:00:00,98.29,98.0,98.0,20250900,20251200,20251200
2025-06-23 15:00:00,98.285,98.0,98.0,20250900,20251200,20251200
2025-06-23 16:00:00,98.225,97.905,97.905,20250900,20251200,20251200
2025-06-23 17:00:00,98.035,97.905,97.905,20250900,20251200,20251200
2025-06-23 18:00:00,98.01,97.905,97.905,20250900,20251200,20251200
2025-06-23 19:00:00,97.97,97.645,97.645,20250900,20251200,20251200
2025-06-23 20:00:00,97.97,97.63,97.63,20250900,20251200,20251200
2025-06-23 23:00:00,98.61,97.65,97.65,20250900,20251200,20251200
2025-06-24 01:00:00,97.855,97.475,97.475,20250900,20251200,20251200
2025-06-24 02:00:00,97.77,97.475,97.475,20250900,20251200,20251200
2025-06-24 03:00:00,97.72,97.4,97.4,20250900,20251200,20251200
2025-06-24 04:00:00,97.71,97.4,97.4,20250900,20251200,20251200
2025-06-24 05:00:00,97.685,97.355,97.355,20250900,20251200,20251200
2025-06-24 06:00:00,97.675,97.355,97.355,20250900,20251200,20251200
2025-06-24 07:00:00,97.755,97.355,97.355,20250900,20251200,20251200
2025-06-24 08:00:00,97.715,97.355,97.355,20250900,20251200,20251200
2025-06-24 09:00:00,97.595,97.355,97.355,20250900,20251200,20251200
2025-06-24 10:00:00,97.69,97.355,97.355,20250900,20251200,20251200
2025-06-24 11:00:00,97.595,97.21,97.21,20250900,20251200,20251200
2025-06-24 12:00:00,97.64,97.21,97.21,20250900,20251200,20251200
2025-06-24 13:00:00,97.715,97.21,97.21,20250900,20251200,20251200
2025-06-24 14:00:00,97.495,97.105,97.105,20250900,20251200,20251200
2025-06-24 15:00:00,97.565,97.075,97.075,20250900,20251200,20251200
2025-06-24 16:00:00,97.445,97.075,97.075,20250900,20251200,20251200
2025-06-24 17:00:00,97.43,97.075,97.075,20250900,20251200,20251200
2025-06-24 18:00:00,97.45,97.075,97.075,20250900,20251200,20251200
2025-06-24 19:00:00,97.535,97.11,97.11,20250900,20251200,20251200
2025-06-24 20:00:00,97.56,97.185,97.185,20250900,20251200,20251200
2025-06-24 23:00:00,97.795,97.42,97.42,20250900,20251200,20251200
2025-06-25 01:00:00,97.435,97.115,97.115,20250900,20251200,20251200
2025-06-25 02:00:00,97.5,97.115,97.115,20250900,20251200,20251200
2025-06-25 03:00:00,97.565,97.115,97.115,20250900,20251200,20251200
2025-06-25 04:00:00,97.56,97.115,97.115,20250900,20251200,20251200
2025-06-25 05:00:00,97.52,97.115,97.115,20250900,20251200,20251200
2025-06-25 06:00:00,97.61,97.115,97.115,20250900,20251200,20251200
2025-06-25 07:00:00,97.665,97.115,97.115,20250900,20251200,20251200
2025-06-25 08:00:00,97.605,97.115,97.115,20250900,20251200,20251200
2025-06-25 09:00:00,97.685,97.115,97.115,20250900,20251200,20251200
2025-06-25 10:00:00,97.68,97.115,97.115,20250900,20251200,20251200
2025-06-25 11:00:00,97.705,97.115,97.115,20250900,20251200,20251200
2025-06-25 12:00:00,97.775,97.445,97.445,20250900,20251200,20251200
2025-06-25 13:00:00,97.71,97.445,97.445,20250900,20251200,20251200
2025-06-25 14:00:00,97.58,97.315,97.315,20250900,20251200,20251200
2025-06-25 15:00:00,97.58,97.315,97.315,20250900,20251200,20251200
2025-06-25 16:00:00,97.475,97.315,97.315,20250900,20251200,20251200
2025-06-25 17:00:00,97.415,97.315,97.315,20250900,20251200,20251200
2025-06-25 18:00:00,97.27,97.315,97.315,20250900,20251200,20251200
2025-06-25 19:00:00,97.285,96.9,96.9,20250900,20251200,20251200
2025-06-25 20:00:00,97.285,96.9,96.9,20250900,20251200,20251200
2025-06-25 23:00:00,97.275,96.92,96.92,20250900,20251200,20251200
2025-06-26 01:00:00,97.09,96.79,96.79,20250900,20251200,20251200
2025-06-26 02:00:00,97.045,96.79,96.79,20250900,20251200,20251200
2025-06-26 03:00:00,97.04,96.545,96.545,20250900,20251200,20251200
2025-06-26 04:00:00,97.13,96.545,96.545,20250900,20251200,20251200
2025-06-26 05:00:00,97.085,96.545,96.545,20250900,20251200,20251200
2025-06-26 06:00:00,96.955,96.6,96.6,20250900,20251200,20251200
2025-06-26 07:00:00,96.85,96.5,96.5,20250900,20251200,20251200
2025-06-26 08:00:00,96.72,96.35,96.35,20250900,20251200,20251200
2025-06-26 09:00:00,96.765,96.35,96.35,20250900,20251200,20251200
2025-06-26 10:00:00,96.835,96.35,96.35,20250900,20251200,20251200
2025-06-26 11:00:00,96.98,96.35,96.35,20250900,20251200,20251200
2025-06-26 12:00:00,96.88,96.6,96.6,20250900,20251200,20251200
2025-06-26 13:00:00,96.78,96.6,96.6,20250900,20251200,20251200
2025-06-26 14:00:00,96.865,96.485,96.485,20250900,20251200,20251200
2025-06-26 15:00:00,96.785,96.455,96.455,20250900,20251200,20251200
2025-06-26 16:00:00,96.72,96.28,96.28,20250900,20251200,20251200
2025-06-26 17:00:00,96.735,96.365,96.365,20250900,20251200,20251200
2025-06-26 18:00:00,96.76,96.365,96.365,20250900,20251200,20251200
2025-06-26 19:00:00,96.885,96.365,96.365,20250900,20251200,20251200
2025-06-26 20:00:00,96.94,96.365,96.365,20250900,20251200,20251200
2025-06-26 23:00:00,97.105,96.415,96.415,20250900,20251200,20251200
2025-06-27 01:00:00,96.915,96.63,96.63,20250900,20251200,20251200
2025-06-27 02:00:00,96.91,96.63,96.63,20250900,20251200,20251200
2025-06-27 03:00:00,96.96,96.63,96.63,20250900,20251200,20251200
2025-06-27 04:00:00,97.04,96.63,96.63,20250900,20251200,20251200
2025-06-27 05:00:00,97.0,96.63,96.63,20250900,20251200,20251200
2025-06-27 06:00:00,96.8,96.63,96.63,20250900,20251200,20251200
2025-06-27 07:00:00,96.83,96.63,96.63,20250900,20251200,20251200
2025-06-27 08:00:00,96.825,96.63,96.63,20250900,20251200,20251200
2025-06-27 09:00:00,96.865,96.63,96.63,20250900,20251200,20251200
2025-06-27 10:00:00,96.865,96.555,96.555,20250900,20251200,20251200
2025-06-27 11:00:00,96.84,96.555,96.555,20250900,20251200,20251200
2025-06-27 12:00:00,96.665,96.355,96.355,20250900,20251200,20251200
2025-06-27 13:00:00,96.815,96.355,96.355,20250900,20251200,20251200
2025-06-27 14:00:00,96.9,96.6,96.6,20250900,20251200,20251200
2025-06-27 15:00:00,96.85,96.59,96.59,20250900,20251200,20251200
2025-06-27 16:00:00,96.86,96.59,96.59,20250900,20251200,20251200
2025-06-27 17:00:00,97.03,96.635,96.635,20250900,20251200,20251200
2025-06-27 18:00:00,97.025,96.635,96.635,20250900,20251200,20251200
2025-06-27 19:00:00,96.97,96.65,96.65,20250900,20251200,20251200
2025-06-27 20:00:00,96.875,96.575,96.575,20250900,20251200,20251200
2025-06-27 23:00:00,97.03,96.68,96.68,20250900,20251200,20251200
2025-06-29 22:00:00,96.825,,,20250900,20251200,20251200
2025-06-29 23:00:00,96.82,,,20250900,20251200,20251200
2025-06-30 01:00:00,96.845,96.435,96.435,20250900,20251200,20251200
2025-06-30 02:00:00,96.825,96.435,96.435,20250900,20251200,20251200
2025-06-30 03:00:00,96.86,96.435,96.435,20250900,20251200,20251200
2025-06-30 04:00:00,96.735,96.355,96.355,20250900,20251200,20251200
2025-06-30 05:00:00,96.735,96.335,96.335,20250900,20251200,20251200
2025-06-30 06:00:00,96.63,96.335,96.335,20250900,20251200,20251200
2025-06-30 07:00:00,96.735,96.335,96.335,20250900,20251200,20251200
2025-06-30 08:00:00,,96.345,96.345,20250900,20251200,20251200
2025-06-30 09:00:00,,96.345,96.345,20250900,20251200,20251200
2025-06-30 10:00:00,,96.345,96.345,20250900,20251200,20251200
2025-06-30 11:00:00,,96.405,96.405,20250900,20251200,20251200
2025-06-30 12:00:00,,96.405,96.405,20250900,20251200,20251200
2025-06-30 13:00:00,,96.405,96.405,20250900,20251200,20251200
2025-06-30 14:00:00,,96.365,96.365,20250900,20251200,20251200
2025-06-30 15:00:00,,96.185,96.185,20250900,20251200,20251200
2025-06-30 16:00:00,,96.185,96.185,20250900,20251200,20251200
2025-06-30 17:00:00,,96.195,96.195,20250900,20251200,20251200
2025-06-30 18:00:00,,96.195,96.195,20250900,20251200,20251200
2025-06-30 19:00:00,,96.12,96.12,20250900,20251200,20251200
2025-06-30 20:00:00,,96.025,96.025,20250900,20251200,20251200
2025-06-30 23:00:00,96.895,96.335,96.335,20250900,20251200,20251200
2025-07-01 01:00:00,96.42,95.94,95.94,20250900,20251200,20251200
2025-07-01 02:00:00,96.025,,,20251200,20260300,20260300
2025-07-01 03:00:00,96.025,,,20251200,20260300,20260300
2025-07-01 23:00:00,96.0,,,20251200,20260300,20260300
