DATETIME,CARRY,CARRY_CONTRACT,PRICE,PRICE_CONTRACT,FORWARD,FORWARD_CONTRACT
2024-03-15 05:00:00,121.5,20240900,120.3,20240600,121.5,20240900
2024-03-15 08:00:00,,20240900,121.7,20240600,,20240900
2024-03-15 09:00:00,,20240900,122.0,20240600,,20240900
2024-03-15 10:00:00,,20240900,122.4,20240600,,20240900
2024-03-15 11:00:00,,20240900,122.1,20240600,,20240900
2024-03-15 12:00:00,,20240900,121.5,20240600,,20240900
2024-03-15 13:00:00,,20240900,121.7,20240600,,20240900
2024-03-15 14:00:00,,20240900,121.0,20240600,,20240900
2024-03-15 15:00:00,,20240900,120.4,20240600,,20240900
2024-03-15 16:00:00,,20240900,118.0,20240600,,20240900
2024-03-18 05:00:00,122.0,20240900,121.2,20240600,122.0,20240900
2024-03-18 08:00:00,,20240900,121.5,20240600,,20240900
2024-03-18 09:00:00,,20240900,121.6,20240600,,20240900
2024-03-18 10:00:00,,20240900,121.4,20240600,,20240900
2024-03-18 11:00:00,,20240900,122.0,20240600,,20240900
2024-03-18 12:00:00,,20240900,121.9,20240600,,20240900
2024-03-18 13:00:00,,20240900,121.4,20240600,,20240900
2024-03-18 14:00:00,,20240900,121.4,20240600,,20240900
2024-03-18 15:00:00,,20240900,121.4,20240600,,20240900
2024-03-18 16:00:00,,20240900,121.0,20240600,,20240900
2024-03-19 05:00:00,123.0,20240900,122.2,20240600,123.0,20240900
2024-03-19 08:00:00,,20240900,121.5,20240600,,20240900
2024-03-19 09:00:00,,20240900,120.7,20240600,,20240900
2024-03-19 10:00:00,,20240900,121.1,20240600,,20240900
2024-03-19 11:00:00,,20240900,120.7,20240600,,20240900
2024-03-19 12:00:00,,20240900,120.9,20240600,,20240900
2024-03-19 13:00:00,,20240900,121.1,20240600,,20240900
2024-03-19 14:00:00,,20240900,121.5,20240600,,20240900
2024-03-19 15:00:00,,20240900,122.0,20240600,,20240900
2024-03-19 16:00:00,,20240900,122.0,20240600,,20240900
2024-03-20 05:00:00,124.0,20240900,123.2,20240600,124.0,20240900
2024-03-20 08:00:00,,20240900,121.7,20240600,,20240900
2024-03-20 09:00:00,,20240900,121.7,20240600,,20240900
2024-03-20 10:00:00,,20240900,122.6,20240600,,20240900
2024-03-20 11:00:00,,20240900,122.8,20240600,,20240900
2024-03-20 12:00:00,,20240900,122.6,20240600,,20240900
2024-03-20 13:00:00,,20240900,122.7,20240600,,20240900
2024-03-20 14:00:00,,20240900,123.1,20240600,,20240900
2024-03-20 15:00:00,,20240900,123.0,20240600,,20240900
2024-03-20 16:00:00,,20240900,123.3,20240600,,20240900
2024-03-20 18:00:00,,20240900,123.8,20240600,,20240900
2024-03-21 05:00:00,126.6,20240900,125.8,20240600,126.6,20240900
2024-03-21 08:00:00,,20240900,126.3,20240600,,20240900
2024-03-21 09:00:00,,20240900,126.0,20240600,,20240900
2024-03-21 10:00:00,,20240900,125.9,20240600,,20240900
2024-03-21 11:00:00,,20240900,125.8,20240600,,20240900
2024-03-21 12:00:00,,20240900,125.7,20240600,,20240900
2024-03-21 13:00:00,,20240900,125.9,20240600,,20240900
2024-03-21 14:00:00,,20240900,125.8,20240600,,20240900
2024-03-21 15:00:00,,20240900,125.9,20240600,,20240900
2024-03-21 16:00:00,,20240900,125.9,20240600,,20240900
2024-03-22 05:00:00,128.1,20240900,127.2,20240600,128.1,20240900
2024-03-22 08:00:00,,20240900,126.4,20240600,,20240900
2024-03-22 09:00:00,,20240900,127.3,20240600,,20240900
2024-03-22 10:00:00,,20240900,127.0,20240600,,20240900
2024-03-22 11:00:00,,20240900,127.0,20240600,,20240900
2024-03-22 12:00:00,,20240900,127.2,20240600,,20240900
2024-03-22 13:00:00,,20240900,127.1,20240600,,20240900
2024-03-22 14:00:00,,20240900,127.1,20240600,,20240900
2024-03-22 15:00:00,,20240900,127.0,20240600,,20240900
2024-03-22 16:00:00,,20240900,126.7,20240600,,20240900
2024-03-25 05:00:00,127.6,20240900,126.8,20240600,127.6,20240900
2024-03-25 08:00:00,,20240900,126.7,20240600,,20240900
2024-03-25 09:00:00,,20240900,126.7,20240600,,20240900
2024-03-25 10:00:00,,20240900,126.5,20240600,,20240900
2024-03-25 11:00:00,,20240900,126.6,20240600,,20240900
2024-03-25 12:00:00,,20240900,126.5,20240600,,20240900
2024-03-25 13:00:00,,20240900,126.5,20240600,,20240900
2024-03-25 14:00:00,,20240900,126.9,20240600,,20240900
2024-03-25 15:00:00,,20240900,127.0,20240600,,20240900
2024-03-25 16:00:00,,20240900,126.7,20240600,,20240900
2024-03-26 05:00:00,128.2,20240900,127.4,20240600,128.2,20240900
2024-03-26 08:00:00,,20240900,126.6,20240600,,20240900
2024-03-26 09:00:00,,20240900,126.5,20240600,,20240900
2024-03-26 10:00:00,,20240900,126.9,20240600,,20240900
2024-03-26 11:00:00,,20240900,126.6,20240600,,20240900
2024-03-26 12:00:00,,20240900,126.7,20240600,,20240900
2024-03-26 13:00:00,,20240900,126.5,20240600,,20240900
2024-03-26 14:00:00,,20240900,127.2,20240600,,20240900
2024-03-26 15:00:00,,20240900,127.5,20240600,,20240900
2024-03-26 16:00:00,,20240900,127.6,20240600,,20240900
2024-03-27 05:00:00,128.2,20240900,127.4,20240600,128.2,20240900
2024-03-27 08:00:00,,20240900,126.7,20240600,,20240900
2024-03-27 09:00:00,,20240900,127.0,20240600,,20240900
2024-03-27 10:00:00,,20240900,127.0,20240600,,20240900
2024-03-27 11:00:00,,20240900,126.6,20240600,,20240900
2024-03-27 12:00:00,,20240900,126.8,20240600,,20240900
2024-03-27 13:00:00,,20240900,126.7,20240600,,20240900
2024-03-27 14:00:00,,20240900,127.5,20240600,,20240900
2024-03-27 15:00:00,,20240900,127.0,20240600,,20240900
2024-03-27 16:00:00,,20240900,127.5,20240600,,20240900
2024-03-28 05:00:00,129.3,20240900,128.5,20240600,129.3,20240900
2024-03-28 08:00:00,,20240900,127.5,20240600,,20240900
2024-03-28 09:00:00,,20240900,127.5,20240600,,20240900
2024-03-28 10:00:00,,20240900,127.5,20240600,,20240900
2024-03-28 11:00:00,,20240900,127.3,20240600,,20240900
2024-03-28 12:00:00,,20240900,127.7,20240600,,20240900
2024-03-28 13:00:00,,20240900,128.1,20240600,,20240900
2024-03-28 14:00:00,,20240900,128.4,20240600,,20240900
2024-03-28 15:00:00,,20240900,128.2,20240600,,20240900
2024-03-28 16:00:00,,20240900,128.2,20240600,,20240900
2024-04-02 05:00:00,126.0,20240900,125.2,20240600,126.0,20240900
2024-04-02 07:00:00,,20240900,127.0,20240600,,20240900
2024-04-02 08:00:00,,20240900,126.8,20240600,,20240900
2024-04-02 09:00:00,,20240900,126.2,20240600,,20240900
2024-04-02 10:00:00,,20240900,126.1,20240600,,20240900
2024-04-02 11:00:00,,20240900,125.8,20240600,,20240900
2024-04-02 12:00:00,,20240900,125.8,20240600,,20240900
2024-04-02 13:00:00,,20240900,125.3,20240600,,20240900
2024-04-02 14:00:00,,20240900,124.9,20240600,,20240900
2024-04-02 15:00:00,,20240900,124.8,20240600,,20240900
2024-04-03 05:00:00,125.2,20240900,124.5,20240600,125.2,20240900
2024-04-03 07:00:00,,20240900,124.3,20240600,,20240900
2024-04-03 08:00:00,,20240900,124.4,20240600,,20240900
2024-04-03 09:00:00,,20240900,124.8,20240600,,20240900
2024-04-03 10:00:00,,20240900,124.8,20240600,,20240900
2024-04-03 11:00:00,,20240900,124.6,20240600,,20240900
2024-04-03 12:00:00,,20240900,124.5,20240600,,20240900
2024-04-03 13:00:00,,20240900,124.1,20240600,,20240900
2024-04-03 14:00:00,,20240900,124.5,20240600,,20240900
2024-04-03 15:00:00,,20240900,124.8,20240600,,20240900
2024-04-04 05:00:00,125.9,20240900,125.1,20240600,125.9,20240900
2024-04-04 07:00:00,,20240900,124.6,20240600,,20240900
2024-04-04 08:00:00,,20240900,124.3,20240600,,20240900
2024-04-04 09:00:00,,20240900,125.0,20240600,,20240900
2024-04-04 10:00:00,,20240900,125.2,20240600,,20240900
2024-04-04 11:00:00,,20240900,124.6,20240600,,20240900
2024-04-04 12:00:00,,20240900,124.9,20240600,,20240900
2024-04-04 13:00:00,,20240900,125.1,20240600,,20240900
2024-04-04 14:00:00,,20240900,124.9,20240600,,20240900
2024-04-04 15:00:00,,20240900,125.3,20240600,,20240900
2024-04-05 05:00:00,124.1,20240900,123.4,20240600,124.1,20240900
2024-04-05 07:00:00,,20240900,123.4,20240600,,20240900
2024-04-05 08:00:00,,20240900,123.2,20240600,,20240900
2024-04-05 09:00:00,,20240900,123.5,20240600,,20240900
2024-04-05 10:00:00,,20240900,123.6,20240600,,20240900
2024-04-05 11:00:00,,20240900,123.6,20240600,,20240900
2024-04-05 12:00:00,,20240900,123.0,20240600,,20240900
2024-04-05 13:00:00,,20240900,123.1,20240600,,20240900
2024-04-05 14:00:00,,20240900,122.7,20240600,,20240900
2024-04-05 15:00:00,,20240900,123.7,20240600,,20240900
2024-04-08 05:00:00,125.4,20240900,124.6,20240600,125.4,20240900
2024-04-08 07:00:00,,20240900,123.9,20240600,,20240900
2024-04-08 08:00:00,,20240900,123.8,20240600,,20240900
2024-04-08 09:00:00,,20240900,123.9,20240600,,20240900
2024-04-08 10:00:00,,20240900,123.9,20240600,,20240900
2024-04-08 11:00:00,,20240900,123.9,20240600,,20240900
2024-04-08 12:00:00,,20240900,124.2,20240600,,20240900
2024-04-08 13:00:00,,20240900,124.7,20240600,,20240900
2024-04-08 14:00:00,,20240900,124.6,20240600,,20240900
2024-04-08 15:00:00,,20240900,124.7,20240600,,20240900
2024-04-08 19:00:00,,20240900,123.4,20240600,,20240900
2024-04-09 05:00:00,124.4,20240900,123.6,20240600,124.4,20240900
2024-04-09 07:00:00,,20240900,123.7,20240600,,20240900
2024-04-09 08:00:00,,20240900,123.8,20240600,,20240900
2024-04-09 09:00:00,,20240900,124.3,20240600,,20240900
2024-04-09 10:00:00,,20240900,124.3,20240600,,20240900
2024-04-09 11:00:00,,20240900,124.3,20240600,,20240900
2024-04-09 12:00:00,,20240900,124.1,20240600,,20240900
2024-04-09 13:00:00,,20240900,124.0,20240600,,20240900
2024-04-09 14:00:00,,20240900,123.9,20240600,,20240900
2024-04-09 15:00:00,,20240900,123.6,20240600,,20240900
2024-04-10 05:00:00,122.4,20240900,121.7,20240600,122.4,20240900
2024-04-10 07:00:00,,20240900,125.0,20240600,,20240900
2024-04-10 08:00:00,,20240900,124.9,20240600,,20240900
2024-04-10 09:00:00,,20240900,124.6,20240600,,20240900
2024-04-10 10:00:00,,20240900,124.8,20240600,,20240900
2024-04-10 11:00:00,,20240900,125.3,20240600,,20240900
2024-04-10 12:00:00,,20240900,122.1,20240600,,20240900
2024-04-10 13:00:00,,20240900,121.3,20240600,,20240900
2024-04-10 14:00:00,,20240900,122.1,20240600,,20240900
2024-04-10 15:00:00,,20240900,121.9,20240600,,20240900
2024-04-10 17:00:00,,20240900,122.0,20240600,,20240900
2024-04-11 05:00:00,122.7,20240900,122.0,20240600,122.7,20240900
2024-04-11 07:00:00,,20240900,121.5,20240600,,20240900
2024-04-11 08:00:00,,20240900,121.2,20240600,,20240900
2024-04-11 09:00:00,,20240900,121.0,20240600,,20240900
2024-04-11 10:00:00,,20240900,120.7,20240600,,20240900
2024-04-11 11:00:00,,20240900,120.9,20240600,,20240900
2024-04-11 12:00:00,,20240900,122.2,20240600,,20240900
2024-04-11 13:00:00,,20240900,122.1,20240600,,20240900
2024-04-11 14:00:00,,20240900,121.5,20240600,,20240900
2024-04-11 15:00:00,,20240900,122.0,20240600,,20240900
2024-04-12 05:00:00,122.7,20240900,122.0,20240600,122.7,20240900
2024-04-12 07:00:00,,20240900,123.2,20240600,,20240900
2024-04-12 08:00:00,,20240900,123.4,20240600,,20240900
2024-04-12 09:00:00,,20240900,123.2,20240600,,20240900
2024-04-12 10:00:00,,20240900,123.0,20240600,,20240900
2024-04-12 11:00:00,,20240900,123.2,20240600,,20240900
2024-04-12 12:00:00,,20240900,121.9,20240600,,20240900
2024-04-12 13:00:00,,20240900,122.0,20240600,,20240900
2024-04-12 14:00:00,,20240900,121.9,20240600,,20240900
2024-04-12 15:00:00,,20240900,121.9,20240600,,20240900
2024-04-15 05:00:00,122.7,20240900,122.0,20240600,122.7,20240900
2024-04-15 07:00:00,,20240900,121.7,20240600,,20240900
2024-04-15 08:00:00,,20240900,122.3,20240600,,20240900
2024-04-15 09:00:00,,20240900,122.1,20240600,,20240900
2024-04-15 10:00:00,,20240900,122.4,20240600,,20240900
2024-04-15 11:00:00,,20240900,123.1,20240600,,20240900
2024-04-15 12:00:00,,20240900,123.2,20240600,,20240900
2024-04-15 14:00:00,,20240900,122.4,20240600,,20240900
2024-04-15 15:00:00,,20240900,122.1,20240600,,20240900
2024-04-16 05:00:00,120.8,20240900,120.0,20240600,120.8,20240900
2024-04-16 07:00:00,,20240900,119.9,20240600,,20240900
2024-04-16 08:00:00,,20240900,119.6,20240600,,20240900
2024-04-16 09:00:00,,20240900,120.0,20240600,,20240900
2024-04-16 10:00:00,,20240900,120.2,20240600,,20240900
2024-04-16 11:00:00,,20240900,120.7,20240600,,20240900
2024-04-16 12:00:00,,20240900,120.6,20240600,,20240900
2024-04-16 13:00:00,,20240900,120.0,20240600,,20240900
2024-04-16 14:00:00,,20240900,120.1,20240600,,20240900
2024-04-16 15:00:00,,20240900,120.2,20240600,,20240900
2024-04-16 16:00:00,,20240900,119.9,20240600,,20240900
2024-04-17 05:00:00,120.7,20240900,119.9,20240600,120.7,20240900
2024-04-17 07:00:00,,20240900,120.1,20240600,,20240900
2024-04-17 08:00:00,,20240900,120.7,20240600,,20240900
2024-04-17 09:00:00,,20240900,121.0,20240600,,20240900
2024-04-17 10:00:00,,20240900,120.7,20240600,,20240900
2024-04-17 11:00:00,,20240900,121.0,20240600,,20240900
2024-04-17 12:00:00,,20240900,120.9,20240600,,20240900
2024-04-17 13:00:00,,20240900,120.3,20240600,,20240900
2024-04-17 14:00:00,,20240900,119.6,20240600,,20240900
2024-04-17 15:00:00,,20240900,119.5,20240600,,20240900
2024-04-18 05:00:00,122.2,20240900,121.5,20240600,122.2,20240900
2024-04-18 07:00:00,,20240900,120.5,20240600,,20240900
2024-04-18 08:00:00,,20240900,120.5,20240600,,20240900
2024-04-18 09:00:00,,20240900,120.7,20240600,,20240900
2024-04-18 10:00:00,,20240900,120.7,20240600,,20240900
2024-04-18 11:00:00,,20240900,120.7,20240600,,20240900
2024-04-18 12:00:00,,20240900,120.5,20240600,,20240900
2024-04-18 13:00:00,,20240900,120.4,20240600,,20240900
2024-04-18 14:00:00,,20240900,120.7,20240600,,20240900
2024-04-18 15:00:00,,20240900,121.2,20240600,,20240900
2024-04-19 05:00:00,122.8,20240900,122.0,20240600,122.8,20240900
2024-04-19 07:00:00,,20240900,120.7,20240600,,20240900
2024-04-19 08:00:00,,20240900,120.9,20240600,,20240900
2024-04-19 09:00:00,,20240900,121.1,20240600,,20240900
2024-04-19 10:00:00,,20240900,121.3,20240600,,20240900
2024-04-19 11:00:00,,20240900,121.5,20240600,,20240900
2024-04-19 12:00:00,,20240900,121.5,20240600,,20240900
2024-04-19 13:00:00,,20240900,121.3,20240600,,20240900
2024-04-19 14:00:00,,20240900,121.9,20240600,,20240900
2024-04-19 15:00:00,,20240900,121.9,20240600,,20240900
2024-04-22 05:00:00,123.7,20240900,122.9,20240600,123.7,20240900
2024-04-22 07:00:00,,20240900,123.0,20240600,,20240900
2024-04-22 08:00:00,,20240900,123.2,20240600,,20240900
2024-04-22 09:00:00,,20240900,123.0,20240600,,20240900
2024-04-22 10:00:00,,20240900,123.1,20240600,,20240900
2024-04-22 11:00:00,,20240900,122.7,20240600,,20240900
2024-04-22 12:00:00,,20240900,123.0,20240600,,20240900
2024-04-22 13:00:00,,20240900,123.4,20240600,,20240900
2024-04-22 14:00:00,,20240900,122.9,20240600,,20240900
2024-04-22 15:00:00,,20240900,123.0,20240600,,20240900
2024-04-23 05:00:00,125.2,20240900,124.4,20240600,125.2,20240900
2024-04-23 07:00:00,,20240900,124.0,20240600,,20240900
2024-04-23 09:00:00,,20240900,123.9,20240600,,20240900
2024-04-23 10:00:00,,20240900,124.3,20240600,,20240900
2024-04-23 11:00:00,,20240900,124.1,20240600,,20240900
2024-04-23 12:00:00,,20240900,123.9,20240600,,20240900
2024-04-23 13:00:00,,20240900,124.1,20240600,,20240900
2024-04-23 14:00:00,,20240900,124.1,20240600,,20240900
2024-04-23 15:00:00,,20240900,124.4,20240600,,20240900
2024-04-24 05:00:00,122.8,20240900,122.0,20240600,122.8,20240900
2024-04-24 07:00:00,,20240900,123.9,20240600,,20240900
2024-04-24 08:00:00,,20240900,123.3,20240600,,20240900
2024-04-24 09:00:00,,20240900,122.9,20240600,,20240900
2024-04-24 10:00:00,,20240900,123.0,20240600,,20240900
2024-04-24 11:00:00,,20240900,122.9,20240600,,20240900
2024-04-24 12:00:00,,20240900,122.9,20240600,,20240900
2024-04-24 13:00:00,,20240900,122.2,20240600,,20240900
2024-04-24 14:00:00,,20240900,121.7,20240600,,20240900
2024-04-24 15:00:00,,20240900,122.0,20240600,,20240900
2024-04-24 16:00:00,,20240900,122.1,20240600,,20240900
2024-04-25 05:00:00,122.0,20240900,121.2,20240600,122.0,20240900
2024-04-25 07:00:00,,20240900,121.9,20240600,,20240900
2024-04-25 08:00:00,,20240900,122.5,20240600,,20240900
2024-04-25 09:00:00,,20240900,122.8,20240600,,20240900
2024-04-25 10:00:00,,20240900,122.8,20240600,,20240900
2024-04-25 11:00:00,,20240900,122.7,20240600,,20240900
2024-04-25 12:00:00,,20240900,122.2,20240600,,20240900
2024-04-25 13:00:00,,20240900,120.6,20240600,,20240900
2024-04-25 14:00:00,,20240900,121.0,20240600,,20240900
2024-04-25 15:00:00,,20240900,121.1,20240600,,20240900
2024-04-25 16:00:00,,20240900,119.8,20240600,,20240900
2024-04-26 05:00:00,124.3,20240900,123.5,20240600,124.3,20240900
2024-04-26 07:00:00,,20240900,122.4,20240600,,20240900
2024-04-26 08:00:00,,20240900,122.5,20240600,,20240900
2024-04-26 09:00:00,,20240900,122.9,20240600,,20240900
2024-04-26 10:00:00,,20240900,123.0,20240600,,20240900
2024-04-26 12:00:00,,20240900,123.3,20240600,,20240900
2024-04-26 13:00:00,,20240900,123.8,20240600,,20240900
2024-04-26 14:00:00,,20240900,124.0,20240600,,20240900
2024-04-26 15:00:00,,20240900,123.6,20240600,,20240900
2024-04-29 05:00:00,125.8,20240900,125.0,20240600,125.8,20240900
2024-04-29 07:00:00,,20240900,124.2,20240600,,20240900
2024-04-29 08:00:00,,20240900,124.1,20240600,,20240900
2024-04-29 09:00:00,,20240900,124.4,20240600,,20240900
2024-04-29 10:00:00,,20240900,124.5,20240600,,20240900
2024-04-29 11:00:00,,20240900,124.8,20240600,,20240900
2024-04-29 12:00:00,,20240900,124.9,20240600,,20240900
2024-04-29 13:00:00,,20240900,125.2,20240600,,20240900
2024-04-29 14:00:00,,20240900,125.2,20240600,,20240900
2024-04-29 15:00:00,,20240900,124.6,20240600,,20240900
2024-04-29 16:00:00,,20240900,123.7,20240600,,20240900
2024-04-30 05:00:00,125.3,20240900,125.1,20240600,125.3,20240900
2024-04-30 07:00:00,,20240900,125.9,20240600,,20240900
2024-04-30 08:00:00,,20240900,125.7,20240600,,20240900
2024-04-30 09:00:00,,20240900,125.7,20240600,,20240900
2024-04-30 10:00:00,,20240900,125.8,20240600,,20240900
2024-04-30 11:00:00,,20240900,126.3,20240600,,20240900
2024-04-30 12:00:00,,20240900,125.5,20240600,,20240900
2024-04-30 13:00:00,,20240900,125.6,20240600,,20240900
2024-04-30 14:00:00,,20240900,125.6,20240600,,20240900
2024-04-30 15:00:00,,20240900,125.6,20240600,,20240900
2024-04-30 16:00:00,,20240900,125.6,20240600,,20240900
2024-05-02 05:00:00,127.2,20240900,127.0,20240600,127.2,20240900
2024-05-02 07:00:00,,20240900,125.4,20240600,,20240900
2024-05-02 08:00:00,,20240900,125.9,20240600,,20240900
2024-05-02 09:00:00,,20240900,125.8,20240600,,20240900
2024-05-02 10:00:00,,20240900,126.1,20240600,,20240900
2024-05-02 11:00:00,,20240900,126.3,20240600,,20240900
2024-05-02 12:00:00,,20240900,126.9,20240600,,20240900
2024-05-02 13:00:00,,20240900,126.7,20240600,,20240900
2024-05-02 14:00:00,,20240900,127.1,20240600,,20240900
2024-05-02 15:00:00,,20240900,126.7,20240600,,20240900
2024-05-02 16:00:00,,20240900,127.5,20240600,,20240900
2024-05-03 05:00:00,128.7,20240900,128.5,20240600,128.7,20240900
2024-05-03 07:00:00,,20240900,126.7,20240600,,20240900
2024-05-03 08:00:00,,20240900,126.9,20240600,,20240900
2024-05-03 09:00:00,,20240900,126.8,20240600,,20240900
2024-05-03 10:00:00,,20240900,126.9,20240600,,20240900
2024-05-03 11:00:00,,20240900,126.8,20240600,,20240900
2024-05-03 12:00:00,,20240900,128.7,20240600,,20240900
2024-05-03 13:00:00,,20240900,128.6,20240600,,20240900
2024-05-03 14:00:00,,20240900,128.1,20240600,,20240900
2024-05-03 15:00:00,,20240900,128.6,20240600,,20240900
2024-05-06 05:00:00,129.3,20240900,129.1,20240600,129.3,20240900
2024-05-06 07:00:00,,20240900,128.5,20240600,,20240900
2024-05-06 08:00:00,,20240900,128.6,20240600,,20240900
2024-05-06 09:00:00,,20240900,128.8,20240600,,20240900
2024-05-06 10:00:00,,20240900,128.8,20240600,,20240900
2024-05-06 11:00:00,,20240900,129.1,20240600,,20240900
2024-05-06 12:00:00,,20240900,129.2,20240600,,20240900
2024-05-06 13:00:00,,20240900,128.7,20240600,,20240900
2024-05-06 14:00:00,,20240900,128.7,20240600,,20240900
2024-05-06 15:00:00,,20240900,129.0,20240600,,20240900
2024-05-06 16:00:00,,20240900,130.1,20240600,,20240900
2024-05-07 05:00:00,130.8,20240900,130.5,20240600,130.8,20240900
2024-05-07 07:00:00,,20240900,129.6,20240600,,20240900
2024-05-07 08:00:00,,20240900,129.8,20240600,,20240900
2024-05-07 09:00:00,,20240900,129.9,20240600,,20240900
2024-05-07 10:00:00,,20240900,130.1,20240600,,20240900
2024-05-07 11:00:00,,20240900,130.4,20240600,,20240900
2024-05-07 12:00:00,,20240900,130.6,20240600,,20240900
2024-05-07 13:00:00,,20240900,130.6,20240600,,20240900
2024-05-07 14:00:00,,20240900,130.3,20240600,,20240900
2024-05-07 15:00:00,,20240900,130.2,20240600,,20240900
2024-05-07 16:00:00,,20240900,130.1,20240600,,20240900
2024-05-08 05:00:00,129.8,20240900,129.6,20240600,129.8,20240900
2024-05-08 07:00:00,,20240900,130.5,20240600,,20240900
2024-05-08 08:00:00,,20240900,130.2,20240600,,20240900
2024-05-08 09:00:00,,20240900,130.0,20240600,,20240900
2024-05-08 10:00:00,,20240900,129.7,20240600,,20240900
2024-05-08 11:00:00,,20240900,129.4,20240600,,20240900
2024-05-08 12:00:00,,20240900,129.0,20240600,,20240900
2024-05-08 13:00:00,,20240900,129.1,20240600,,20240900
2024-05-08 14:00:00,,20240900,129.4,20240600,,20240900
2024-05-08 15:00:00,,20240900,129.2,20240600,,20240900
2024-05-09 05:00:00,130.1,20240900,129.9,20240600,130.1,20240900
2024-05-09 07:00:00,,20240900,129.1,20240600,,20240900
2024-05-09 08:00:00,,20240900,129.2,20240600,,20240900
2024-05-09 09:00:00,,20240900,129.4,20240600,,20240900
2024-05-09 10:00:00,,20240900,129.3,20240600,,20240900
2024-05-09 12:00:00,,20240900,130.9,20240600,,20240900
2024-05-09 13:00:00,,20240900,130.2,20240600,,20240900
2024-05-09 14:00:00,,20240900,130.6,20240600,,20240900
2024-05-09 15:00:00,,20240900,129.7,20240600,,20240900
2024-05-09 16:00:00,,20240900,129.4,20240600,,20240900
2024-05-10 05:00:00,129.3,20240900,129.1,20240600,129.3,20240900
2024-05-10 07:00:00,,20240900,130.3,20240600,,20240900
2024-05-10 08:00:00,,20240900,130.2,20240600,,20240900
2024-05-10 09:00:00,,20240900,130.0,20240600,,20240900
2024-05-10 11:00:00,,20240900,129.9,20240600,,20240900
2024-05-10 12:00:00,,20240900,130.0,20240600,,20240900
2024-05-10 14:00:00,,20240900,129.2,20240600,,20240900
2024-05-10 15:00:00,,20240900,128.8,20240600,,20240900
2024-05-13 05:00:00,129.1,20240900,128.8,20240600,129.1,20240900
2024-05-13 07:00:00,,20240900,129.7,20240600,,20240900
2024-05-13 08:00:00,,20240900,129.2,20240600,,20240900
2024-05-13 09:00:00,,20240900,129.3,20240600,,20240900
2024-05-13 10:00:00,,20240900,129.4,20240600,,20240900
2024-05-13 11:00:00,,20240900,129.1,20240600,,20240900
2024-05-13 12:00:00,,20240900,129.0,20240600,,20240900
2024-05-13 13:00:00,,20240900,129.3,20240600,,20240900
2024-05-13 14:00:00,,20240900,128.9,20240600,,20240900
2024-05-13 15:00:00,,20240900,129.0,20240600,,20240900
2024-05-13 16:00:00,,20240900,129.3,20240600,,20240900
2024-05-14 05:00:00,129.7,20240900,129.5,20240600,129.7,20240900
2024-05-14 07:00:00,,20240900,129.3,20240600,,20240900
2024-05-14 08:00:00,,20240900,129.0,20240600,,20240900
2024-05-14 09:00:00,,20240900,129.1,20240600,,20240900
2024-05-14 10:00:00,,20240900,129.3,20240600,,20240900
2024-05-14 11:00:00,,20240900,129.3,20240600,,20240900
2024-05-14 12:00:00,,20240900,129.7,20240600,,20240900
2024-05-14 13:00:00,,20240900,129.6,20240600,,20240900
2024-05-14 14:00:00,,20240900,129.5,20240600,,20240900
2024-05-14 15:00:00,,20240900,129.6,20240600,,20240900
2024-05-15 05:00:00,134.5,20240900,134.2,20240600,134.5,20240900
2024-05-15 07:00:00,,20240900,130.8,20240600,,20240900
2024-05-15 08:00:00,,20240900,131.3,20240600,,20240900
2024-05-15 09:00:00,,20240900,132.0,20240600,,20240900
2024-05-15 10:00:00,,20240900,132.1,20240600,,20240900
2024-05-15 11:00:00,,20240900,131.7,20240600,,20240900
2024-05-15 12:00:00,,20240900,133.5,20240600,,20240900
2024-05-15 13:00:00,,20240900,133.5,20240600,,20240900
2024-05-15 14:00:00,,20240900,133.9,20240600,,20240900
2024-05-15 15:00:00,,20240900,134.1,20240600,,20240900
2024-05-15 16:00:00,,20240900,133.3,20240600,,20240900
2024-05-16 05:00:00,137.8,20240900,134.1,20240600,137.8,20240900
2024-05-16 07:00:00,,20240900,135.2,20240600,,20240900
2024-05-16 08:00:00,,20240900,134.7,20240600,,20240900
2024-05-16 09:00:00,,20240900,134.4,20240600,,20240900
2024-05-16 10:00:00,,20240900,134.3,20240600,,20240900
2024-05-16 11:00:00,,20240900,134.2,20240600,,20240900
2024-05-16 12:00:00,,20240900,134.3,20240600,,20240900
2024-05-16 13:00:00,,20240900,134.0,20240600,,20240900
2024-05-16 14:00:00,135.0,20240900,133.9,20240600,135.0,20240900
2024-05-16 15:00:00,,20240900,133.8,20240600,,20240900
2024-05-17 05:00:00,133.4,20240900,133.1,20240600,133.4,20240900
2024-05-17 07:00:00,,20240900,133.3,20240600,,20240900
2024-05-17 08:00:00,,20240900,133.1,20240600,,20240900
2024-05-17 09:00:00,,20240900,133.3,20240600,,20240900
2024-05-17 10:00:00,,20240900,133.0,20240600,,20240900
2024-05-17 11:00:00,,20240900,133.0,20240600,,20240900
2024-05-17 12:00:00,,20240900,132.9,20240600,,20240900
2024-05-17 13:00:00,,20240900,133.0,20240600,,20240900
2024-05-17 14:00:00,,20240900,133.1,20240600,,20240900
2024-05-17 15:00:00,,20240900,133.0,20240600,,20240900
2024-05-20 05:00:00,132.9,20240900,132.6,20240600,132.9,20240900
2024-05-20 07:00:00,,20240900,133.7,20240600,,20240900
2024-05-20 08:00:00,,20240900,133.6,20240600,,20240900
2024-05-20 09:00:00,,20240900,133.5,20240600,,20240900
2024-05-20 12:00:00,,20240900,133.3,20240600,,20240900
2024-05-20 13:00:00,,20240900,133.1,20240600,,20240900
2024-05-20 14:00:00,,20240900,132.9,20240600,,20240900
2024-05-20 15:00:00,,20240900,132.3,20240600,,20240900
2024-05-21 05:00:00,132.3,20240900,132.0,20240600,132.3,20240900
2024-05-21 07:00:00,,20240900,132.0,20240600,,20240900
2024-05-21 08:00:00,,20240900,132.0,20240600,,20240900
2024-05-21 09:00:00,,20240900,132.2,20240600,,20240900
2024-05-21 10:00:00,,20240900,132.0,20240600,,20240900
2024-05-21 12:00:00,,20240900,131.8,20240600,,20240900
2024-05-21 13:00:00,,20240900,131.8,20240600,,20240900
2024-05-21 14:00:00,,20240900,131.9,20240600,,20240900
2024-05-21 15:00:00,,20240900,131.7,20240600,,20240900
2024-05-21 16:00:00,,20240900,131.2,20240600,,20240900
2024-05-22 05:00:00,133.2,20240900,133.0,20240600,133.2,20240900
2024-05-22 07:00:00,,20240900,131.0,20240600,,20240900
2024-05-22 08:00:00,,20240900,131.7,20240600,,20240900
2024-05-22 09:00:00,,20240900,132.1,20240600,,20240900
2024-05-22 10:00:00,,20240900,132.2,20240600,,20240900
2024-05-22 11:00:00,,20240900,132.2,20240600,,20240900
2024-05-22 12:00:00,,20240900,132.4,20240600,,20240900
2024-05-22 13:00:00,,20240900,132.7,20240600,,20240900
2024-05-22 14:00:00,,20240900,132.9,20240600,,20240900
2024-05-22 15:00:00,,20240900,133.1,20240600,,20240900
2024-05-22 16:00:00,,20240900,132.3,20240600,,20240900
2024-05-23 05:00:00,130.9,20240900,130.2,20240600,130.9,20240900
2024-05-23 07:00:00,,20240900,131.8,20240600,,20240900
2024-05-23 08:00:00,,20240900,131.4,20240600,,20240900
2024-05-23 09:00:00,,20240900,131.1,20240600,,20240900
2024-05-23 10:00:00,,20240900,131.3,20240600,,20240900
2024-05-23 11:00:00,,20240900,131.2,20240600,,20240900
2024-05-23 12:00:00,,20240900,131.1,20240600,,20240900
2024-05-23 13:00:00,,20240900,130.2,20240600,,20240900
2024-05-23 14:00:00,,20240900,130.2,20240600,,20240900
2024-05-23 15:00:00,,20240900,130.0,20240600,,20240900
2024-05-24 05:00:00,129.9,20240900,129.7,20240600,129.9,20240900
2024-05-24 07:00:00,,20240900,128.9,20240600,,20240900
2024-05-24 09:00:00,,20240900,129.7,20240600,,20240900
2024-05-24 10:00:00,,20240900,129.9,20240600,,20240900
2024-05-24 11:00:00,,20240900,129.8,20240600,,20240900
2024-05-24 12:00:00,,20240900,129.6,20240600,,20240900
2024-05-24 13:00:00,,20240900,129.8,20240600,,20240900
2024-05-24 14:00:00,,20240900,129.4,20240600,,20240900
2024-05-24 15:00:00,,20240900,129.8,20240600,,20240900
2024-05-24 16:00:00,,20240900,128.8,20240600,,20240900
2024-05-27 05:00:00,130.3,20240900,130.1,20240600,130.3,20240900
2024-05-27 07:00:00,,20240900,129.8,20240600,,20240900
2024-05-27 08:00:00,,20240900,130.0,20240600,,20240900
2024-05-27 09:00:00,,20240900,130.1,20240600,,20240900
2024-05-27 10:00:00,,20240900,130.0,20240600,,20240900
2024-05-27 11:00:00,,20240900,129.9,20240600,,20240900
2024-05-27 12:00:00,,20240900,130.3,20240600,,20240900
2024-05-27 13:00:00,,20240900,130.3,20240600,,20240900
2024-05-27 14:00:00,,20240900,130.1,20240600,,20240900
2024-05-27 15:00:00,,20240900,129.9,20240600,,20240900
2024-05-27 16:00:00,,20240900,129.9,20240600,,20240900
2024-05-28 05:00:00,131.4,20240900,131.2,20240600,131.4,20240900
2024-05-28 07:00:00,,20240900,130.6,20240600,,20240900
2024-05-28 08:00:00,,20240900,131.5,20240600,,20240900
2024-05-28 09:00:00,,20240900,131.7,20240600,,20240900
2024-05-28 10:00:00,,20240900,131.6,20240600,,20240900
2024-05-28 11:00:00,,20240900,131.6,20240600,,20240900
2024-05-28 12:00:00,,20240900,131.7,20240600,,20240900
2024-05-28 13:00:00,,20240900,131.7,20240600,,20240900
2024-05-28 14:00:00,,20240900,131.1,20240600,,20240900
2024-05-28 15:00:00,,20240900,131.1,20240600,,20240900
2024-05-29 05:00:00,128.5,20240900,128.6,20240600,128.5,20240900
2024-05-29 07:00:00,,20240900,129.6,20240600,,20240900
2024-05-29 08:00:00,,20240900,130.0,20240600,,20240900
2024-05-29 09:00:00,130.0,20240900,129.8,20240600,130.0,20240900
2024-05-29 10:00:00,,20240900,129.8,20240600,,20240900
2024-05-29 11:00:00,,20240900,129.8,20240600,,20240900
2024-05-29 12:00:00,,20240900,128.7,20240600,,20240900
2024-05-29 13:00:00,,20240900,128.7,20240600,,20240900
2024-05-29 14:00:00,,20240900,128.9,20240600,,20240900
2024-05-29 15:00:00,,20240900,129.0,20240600,,20240900
2024-05-30 05:00:00,131.4,20240900,131.1,20240600,131.4,20240900
2024-05-30 07:00:00,,20240900,129.0,20240600,,20240900
2024-05-30 09:00:00,,20240900,129.4,20240600,,20240900
2024-05-30 12:00:00,,20240900,130.3,20240600,,20240900
2024-05-30 13:00:00,,20240900,130.7,20240600,,20240900
2024-05-30 14:00:00,,20240900,131.0,20240600,,20240900
2024-05-30 15:00:00,,20240900,131.2,20240600,,20240900
2024-05-31 05:00:00,131.6,20240900,131.3,20240600,131.6,20240900
2024-05-31 07:00:00,,20240900,130.7,20240600,,20240900
2024-05-31 09:00:00,,20240900,130.7,20240600,,20240900
2024-05-31 11:00:00,,20240900,130.8,20240600,,20240900
2024-05-31 12:00:00,,20240900,131.5,20240600,,20240900
2024-05-31 13:00:00,,20240900,131.6,20240600,,20240900
2024-05-31 14:00:00,,20240900,131.2,20240600,,20240900
2024-05-31 15:00:00,,20240900,131.1,20240600,,20240900
2024-06-03 05:00:00,133.7,20240900,133.5,20240600,133.7,20240900
2024-06-03 07:00:00,,20240900,132.0,20240600,,20240900
2024-06-03 08:00:00,,20240900,132.3,20240600,,20240900
2024-06-03 09:00:00,,20240900,132.1,20240600,,20240900
2024-06-03 10:00:00,,20240900,132.2,20240600,,20240900
2024-06-03 11:00:00,,20240900,132.6,20240600,,20240900
2024-06-03 12:00:00,,20240900,132.5,20240600,,20240900
2024-06-03 13:00:00,,20240900,132.7,20240600,,20240900
2024-06-03 14:00:00,,20240900,133.1,20240600,,20240900
2024-06-03 15:00:00,,20240900,133.8,20240600,,20240900
2024-06-03 16:00:00,,20240900,133.6,20240600,,20240900
2024-06-03 17:00:00,,20240900,132.7,20240600,,20240900
2024-06-04 05:00:00,134.2,20240900,134.0,20240600,134.2,20240900
2024-06-04 07:00:00,,20240900,133.6,20240600,,20240900
2024-06-04 08:00:00,,20240900,133.7,20240600,,20240900
2024-06-04 09:00:00,,20240900,133.1,20240600,,20240900
2024-06-04 10:00:00,,20240900,133.2,20240600,,20240900
2024-06-04 12:00:00,,20240900,133.5,20240600,,20240900
2024-06-04 13:00:00,,20240900,133.5,20240600,,20240900
2024-06-04 14:00:00,,20240900,133.8,20240600,,20240900
2024-06-04 15:00:00,,20240900,133.7,20240600,,20240900
2024-06-04 17:00:00,,20240900,134.3,20240600,,20240900
2024-06-05 05:00:00,134.0,20240900,133.8,20240600,134.0,20240900
2024-06-05 07:00:00,,20240900,135.0,20240600,,20240900
2024-06-05 08:00:00,,20240900,134.8,20240600,,20240900
2024-06-05 09:00:00,,20240900,133.9,20240600,,20240900
2024-06-05 10:00:00,,20240900,134.3,20240600,,20240900
2024-06-05 12:00:00,,20240900,133.7,20240600,,20240900
2024-06-05 13:00:00,,20240900,133.4,20240600,,20240900
2024-06-05 14:00:00,,20240900,133.7,20240600,,20240900
2024-06-05 15:00:00,,20240900,133.4,20240600,,20240900
2024-06-05 16:00:00,,20240900,133.6,20240600,,20240900
2024-06-06 05:00:00,133.5,20240900,133.2,20240600,133.5,20240900
2024-06-06 07:00:00,,20240900,134.8,20240600,,20240900
2024-06-06 08:00:00,,20240900,134.5,20240600,,20240900
2024-06-06 09:00:00,,20240900,134.7,20240600,,20240900
2024-06-06 10:00:00,,20240900,134.7,20240600,,20240900
2024-06-06 11:00:00,,20240900,134.4,20240600,,20240900
2024-06-06 12:00:00,,20240900,133.0,20240600,,20240900
2024-06-06 13:00:00,,20240900,133.0,20240600,,20240900
2024-06-06 14:00:00,,20240900,132.7,20240600,,20240900
2024-06-06 15:00:00,,20240900,133.6,20240600,,20240900
2024-06-07 05:00:00,129.3,20240900,129.0,20240600,129.3,20240900
2024-06-07 07:00:00,,20240900,131.5,20240600,,20240900
2024-06-07 08:00:00,,20240900,131.7,20240600,,20240900
2024-06-07 09:00:00,,20240900,131.3,20240600,,20240900
2024-06-07 10:00:00,,20240900,131.1,20240600,,20240900
2024-06-07 11:00:00,,20240900,130.9,20240600,,20240900
2024-06-07 12:00:00,,20240900,129.2,20240600,,20240900
2024-06-07 13:00:00,,20240900,129.4,20240600,,20240900
2024-06-07 14:00:00,,20240900,128.9,20240600,,20240900
2024-06-07 15:00:00,,20240900,129.1,20240600,,20240900
2024-06-10 05:00:00,130.3,20240900,129.4,20240600,130.3,20240900
2024-06-10 07:00:00,,20240900,128.6,20240600,,20240900
2024-06-10 08:00:00,,20240900,128.8,20240600,,20240900
2024-06-10 09:00:00,,20240900,128.3,20240600,,20240900
2024-06-10 10:00:00,,20240900,128.6,20240600,,20240900
2024-06-10 11:00:00,,20240900,128.9,20240600,,20240900
2024-06-10 12:00:00,,20240900,128.8,20240600,,20240900
2024-06-10 13:00:00,,20240900,129.2,20240600,,20240900
2024-06-10 14:00:00,,20240900,129.2,20240600,,20240900
2024-06-10 15:00:00,,20240900,129.5,20240600,,20240900
2024-06-10 16:00:00,,20240900,128.8,20240600,,20240900
2024-06-11 05:00:00,128.3,20240900,127.0,20240600,128.3,20240900
2024-06-12 05:00:00,131.2,20241200,131.1,20240900,131.2,20241200
2024-06-13 05:00:00,129.1,20241200,129.0,20240900,129.1,20241200
2024-06-13 15:00:00,,20241200,129.1,20240900,,20241200
2024-06-14 05:00:00,128.1,20241200,128.0,20240900,128.1,20241200
2024-06-17 05:00:00,127.0,20241200,127.0,20240900,127.0,20241200
2024-06-17 07:00:00,,20241200,128.3,20240900,,20241200
2024-06-17 08:00:00,,20241200,127.9,20240900,,20241200
2024-06-17 11:00:00,,20241200,126.9,20240900,,20241200
2024-06-17 15:00:00,,20241200,126.5,20240900,,20241200
2024-06-18 05:00:00,128.0,20241200,127.9,20240900,128.0,20241200
2024-06-18 07:00:00,,20241200,127.7,20240900,,20241200
2024-06-18 08:00:00,,20241200,127.3,20240900,,20241200
2024-06-18 09:00:00,,20241200,127.6,20240900,,20241200
2024-06-18 10:00:00,,20241200,127.5,20240900,,20241200
2024-06-18 11:00:00,,20241200,127.5,20240900,,20241200
2024-06-18 12:00:00,,20241200,127.5,20240900,,20241200
2024-06-18 13:00:00,,20241200,127.7,20240900,,20241200
2024-06-18 14:00:00,,20241200,127.8,20240900,,20241200
2024-06-18 15:00:00,,20241200,128.0,20240900,,20241200
2024-06-19 05:00:00,126.2,20241200,126.2,20240900,126.2,20241200
2024-06-19 07:00:00,,20241200,127.7,20240900,,20241200
2024-06-19 14:00:00,,20241200,126.4,20240900,,20241200
2024-06-19 15:00:00,,20241200,126.3,20240900,,20241200
2024-06-20 05:00:00,128.2,20241200,128.2,20240900,128.2,20241200
2024-06-20 07:00:00,,20241200,127.1,20240900,,20241200
2024-06-20 08:00:00,,20241200,127.3,20240900,,20241200
2024-06-20 09:00:00,,20241200,127.0,20240900,,20241200
2024-06-20 10:00:00,,20241200,127.4,20240900,,20241200
2024-06-20 11:00:00,,20241200,127.1,20240900,,20241200
2024-06-20 12:00:00,,20241200,127.4,20240900,,20241200
2024-06-20 14:00:00,,20241200,128.2,20240900,,20241200
2024-06-20 15:00:00,,20241200,128.5,20240900,,20241200
2024-06-21 05:00:00,127.8,20241200,127.2,20240900,127.8,20241200
2024-06-21 07:00:00,,20241200,128.3,20240900,,20241200
2024-06-21 08:00:00,,20241200,128.1,20240900,,20241200
2024-06-21 09:00:00,,20241200,127.5,20240900,,20241200
2024-06-21 10:00:00,,20241200,127.5,20240900,,20241200
2024-06-21 11:00:00,,20241200,127.7,20240900,,20241200
2024-06-21 12:00:00,,20241200,127.5,20240900,,20241200
2024-06-21 13:00:00,,20241200,127.3,20240900,,20241200
2024-06-21 14:00:00,,20241200,127.4,20240900,,20241200
2024-06-21 15:00:00,,20241200,126.7,20240900,,20241200
2024-06-21 16:00:00,,20241200,126.7,20240900,,20241200
2024-06-24 05:00:00,129.5,20241200,128.8,20240900,129.5,20241200
2024-06-24 07:00:00,,20241200,127.2,20240900,,20241200
2024-06-24 08:00:00,,20241200,127.7,20240900,,20241200
2024-06-24 09:00:00,,20241200,127.5,20240900,,20241200
2024-06-24 10:00:00,,20241200,127.7,20240900,,20241200
2024-06-24 11:00:00,,20241200,128.1,20240900,,20241200
2024-06-24 12:00:00,,20241200,128.0,20240900,,20241200
2024-06-24 13:00:00,,20241200,128.6,20240900,,20241200
2024-06-24 14:00:00,,20241200,128.7,20240900,,20241200
2024-06-24 15:00:00,,20241200,128.8,20240900,,20241200
2024-06-25 05:00:00,128.0,20241200,127.3,20240900,128.0,20241200
2024-06-25 07:00:00,,20241200,128.8,20240900,,20241200
2024-06-25 08:00:00,,20241200,128.4,20240900,,20241200
2024-06-25 09:00:00,,20241200,128.3,20240900,,20241200
2024-06-25 10:00:00,,20241200,128.3,20240900,,20241200
2024-06-25 11:00:00,,20241200,128.1,20240900,,20241200
2024-06-25 12:00:00,,20241200,128.0,20240900,,20241200
2024-06-25 13:00:00,,20241200,127.3,20240900,,20241200
2024-06-25 14:00:00,,20241200,127.5,20240900,,20241200
2024-06-25 15:00:00,,20241200,127.4,20240900,,20241200
2024-06-26 05:00:00,126.6,20241200,126.0,20240900,126.6,20241200
2024-06-26 07:00:00,,20241200,128.3,20240900,,20241200
2024-06-26 08:00:00,,20241200,128.1,20240900,,20241200
2024-06-26 09:00:00,,20241200,127.1,20240900,,20241200
2024-06-26 10:00:00,,20241200,126.8,20240900,,20241200
2024-06-26 11:00:00,,20241200,126.7,20240900,,20241200
2024-06-26 12:00:00,,20241200,125.9,20240900,,20241200
2024-06-26 13:00:00,,20241200,126.0,20240900,,20241200
2024-06-26 14:00:00,,20241200,126.0,20240900,,20241200
2024-06-26 15:00:00,,20241200,125.9,20240900,,20241200
2024-06-27 05:00:00,127.3,20241200,126.6,20240900,127.3,20241200
2024-06-27 07:00:00,,20241200,126.0,20240900,,20241200
2024-06-27 08:00:00,,20241200,125.9,20240900,,20241200
2024-06-27 09:00:00,,20241200,126.1,20240900,,20241200
2024-06-27 11:00:00,,20241200,126.1,20240900,,20241200
2024-06-27 12:00:00,,20241200,126.2,20240900,,20241200
2024-06-27 13:00:00,,20241200,126.3,20240900,,20241200
2024-06-27 14:00:00,,20241200,126.6,20240900,,20241200
2024-06-27 15:00:00,,20241200,126.9,20240900,,20241200
2024-06-28 05:00:00,127.4,20241200,126.7,20240900,127.4,20241200
2024-06-28 07:00:00,,20241200,126.8,20240900,,20241200
2024-06-28 08:00:00,,20241200,126.6,20240900,,20241200
2024-06-28 09:00:00,,20241200,127.3,20240900,,20241200
2024-06-28 10:00:00,,20241200,127.2,20240900,,20241200
2024-06-28 11:00:00,,20241200,127.2,20240900,,20241200
2024-06-28 12:00:00,,20241200,127.2,20240900,,20241200
2024-06-28 13:00:00,,20241200,127.1,20240900,,20241200
2024-06-28 14:00:00,,20241200,127.0,20240900,,20241200
2024-06-28 15:00:00,,20241200,126.9,20240900,,20241200
2024-07-01 05:00:00,127.8,20241200,127.2,20240900,127.8,20241200
2024-07-01 07:00:00,,20241200,128.3,20240900,,20241200
2024-07-01 08:00:00,,20241200,128.2,20240900,,20241200
2024-07-01 09:00:00,,20241200,128.2,20240900,,20241200
2024-07-01 10:00:00,,20241200,128.1,20240900,,20241200
2024-07-01 11:00:00,,20241200,128.3,20240900,,20241200
2024-07-01 12:00:00,,20241200,127.8,20240900,,20241200
2024-07-01 13:00:00,,20241200,127.6,20240900,,20241200
2024-07-01 14:00:00,,20241200,127.0,20240900,,20241200
2024-07-01 15:00:00,,20241200,126.9,20240900,,20241200
2024-07-02 05:00:00,127.4,20241200,126.8,20240900,127.4,20241200
2024-07-02 07:00:00,,20241200,126.2,20240900,,20241200
2024-07-02 08:00:00,,20241200,126.8,20240900,,20241200
2024-07-02 09:00:00,,20241200,127.0,20240900,,20241200
2024-07-02 10:00:00,,20241200,126.7,20240900,,20241200
2024-07-02 11:00:00,,20241200,126.6,20240900,,20241200
2024-07-02 12:00:00,,20241200,126.9,20240900,,20241200
2024-07-02 13:00:00,,20241200,127.4,20240900,,20241200
2024-07-02 14:00:00,,20241200,127.1,20240900,,20241200
2024-07-02 15:00:00,,20241200,125.9,20240900,,20241200
2024-07-03 05:00:00,130.1,20241200,129.4,20240900,130.1,20241200
2024-07-03 07:00:00,,20241200,127.6,20240900,,20241200
2024-07-03 08:00:00,,20241200,127.6,20240900,,20241200
2024-07-03 09:00:00,,20241200,127.9,20240900,,20241200
2024-07-03 10:00:00,,20241200,128.2,20240900,,20241200
2024-07-03 11:00:00,,20241200,128.0,20240900,,20241200
2024-07-03 12:00:00,,20241200,128.0,20240900,,20241200
2024-07-03 13:00:00,,20241200,128.1,20240900,,20241200
2024-07-03 14:00:00,,20241200,129.1,20240900,,20241200
2024-07-03 15:00:00,,20241200,130.1,20240900,,20241200
2024-07-04 05:00:00,129.9,20241200,129.3,20240900,129.9,20241200
2024-07-04 07:00:00,,20241200,130.3,20240900,,20241200
2024-07-04 08:00:00,,20241200,130.1,20240900,,20241200
2024-07-04 09:00:00,,20241200,129.5,20240900,,20241200
2024-07-04 10:00:00,,20241200,129.3,20240900,,20241200
2024-07-04 11:00:00,,20241200,129.4,20240900,,20241200
2024-07-04 12:00:00,,20241200,129.4,20240900,,20241200
2024-07-04 13:00:00,,20241200,129.5,20240900,,20241200
2024-07-04 14:00:00,,20241200,129.3,20240900,,20241200
2024-07-04 15:00:00,,20241200,128.3,20240900,,20241200
2024-07-04 19:00:00,,20241200,129.1,20240900,,20241200
2024-07-05 05:00:00,131.1,20241200,130.5,20240900,131.1,20241200
2024-07-05 07:00:00,,20241200,130.6,20240900,,20241200
2024-07-05 09:00:00,,20241200,130.3,20240900,,20241200
2024-07-05 10:00:00,,20241200,130.2,20240900,,20241200
2024-07-05 12:00:00,,20241200,130.7,20240900,,20241200
2024-07-05 13:00:00,,20241200,130.4,20240900,,20241200
2024-07-05 14:00:00,,20241200,130.5,20240900,,20241200
2024-07-05 15:00:00,,20241200,130.7,20240900,,20241200
2024-07-05 16:00:00,,20241200,129.8,20240900,,20241200
2024-07-08 05:00:00,130.0,20241200,129.4,20240900,130.0,20241200
2024-07-08 07:00:00,,20241200,130.6,20240900,,20241200
2024-07-08 08:00:00,,20241200,131.0,20240900,,20241200
2024-07-08 10:00:00,,20241200,130.2,20240900,,20241200
2024-07-08 11:00:00,,20241200,129.9,20240900,,20241200
2024-07-08 12:00:00,,20241200,130.2,20240900,,20241200
2024-07-08 13:00:00,,20241200,129.9,20240900,,20241200
2024-07-08 14:00:00,,20241200,129.6,20240900,,20241200
2024-07-08 15:00:00,,20241200,128.6,20240900,,20241200
2024-07-08 16:00:00,,20241200,128.7,20240900,,20241200
2024-07-08 19:00:00,,20241200,129.3,20240900,,20241200
2024-07-09 05:00:00,130.0,20241200,129.3,20240900,130.0,20241200
2024-07-09 07:00:00,,20241200,130.0,20240900,,20241200
2024-07-09 08:00:00,,20241200,130.5,20240900,,20241200
2024-07-09 09:00:00,,20241200,130.5,20240900,,20241200
2024-07-09 10:00:00,,20241200,130.2,20240900,,20241200
2024-07-09 11:00:00,,20241200,129.7,20240900,,20241200
2024-07-09 12:00:00,,20241200,129.6,20240900,,20241200
2024-07-09 13:00:00,,20241200,129.7,20240900,,20241200
2024-07-09 14:00:00,,20241200,129.4,20240900,,20241200
2024-07-09 15:00:00,,20241200,129.7,20240900,,20241200
2024-07-09 16:00:00,,20241200,130.1,20240900,,20241200
2024-07-10 05:00:00,133.2,20241200,132.5,20240900,133.2,20241200
2024-07-10 06:00:00,,20241200,130.4,20240900,,20241200
2024-07-10 07:00:00,,20241200,131.0,20240900,,20241200
2024-07-10 08:00:00,,20241200,131.4,20240900,,20241200
2024-07-10 09:00:00,,20241200,131.9,20240900,,20241200
2024-07-10 10:00:00,,20241200,132.2,20240900,,20241200
2024-07-10 11:00:00,,20241200,132.4,20240900,,20241200
2024-07-10 12:00:00,,20241200,132.7,20240900,,20241200
2024-07-10 13:00:00,,20241200,132.4,20240900,,20241200
2024-07-10 14:00:00,,20241200,132.3,20240900,,20241200
2024-07-10 15:00:00,,20241200,132.5,20240900,,20241200
2024-07-10 16:00:00,,20241200,132.6,20240900,,20241200
2024-07-10 19:00:00,,20241200,132.8,20240900,,20241200
2024-07-11 05:00:00,135.6,20241200,134.9,20240900,135.6,20241200
2024-07-11 07:00:00,,20241200,132.3,20240900,,20241200
2024-07-11 08:00:00,,20241200,132.6,20240900,,20241200
2024-07-11 10:00:00,,20241200,132.1,20240900,,20241200
2024-07-11 12:00:00,,20241200,133.8,20240900,,20241200
2024-07-11 13:00:00,,20241200,134.3,20240900,,20241200
2024-07-11 14:00:00,,20241200,134.7,20240900,,20241200
2024-07-11 15:00:00,,20241200,135.3,20240900,,20241200
2024-07-11 16:00:00,,20241200,135.5,20240900,,20241200
2024-07-12 05:00:00,135.5,20241200,134.9,20240900,135.5,20241200
2024-07-12 06:00:00,,20241200,135.4,20240900,,20241200
2024-07-12 07:00:00,,20241200,134.8,20240900,,20241200
2024-07-12 08:00:00,,20241200,134.8,20240900,,20241200
2024-07-12 12:00:00,,20241200,134.2,20240900,,20241200
2024-07-12 13:00:00,,20241200,134.3,20240900,,20241200
2024-07-12 14:00:00,,20241200,135.0,20240900,,20241200
2024-07-12 15:00:00,,20241200,134.8,20240900,,20241200
2024-07-12 16:00:00,,20241200,135.2,20240900,,20241200
2024-07-15 05:00:00,134.5,20241200,133.9,20240900,134.5,20241200
2024-07-15 07:00:00,,20241200,134.7,20240900,,20241200
2024-07-15 08:00:00,,20241200,135.0,20240900,,20241200
2024-07-15 09:00:00,,20241200,135.0,20240900,,20241200
2024-07-15 10:00:00,,20241200,134.5,20240900,,20241200
2024-07-15 11:00:00,,20241200,134.2,20240900,,20241200
2024-07-15 12:00:00,,20241200,133.7,20240900,,20241200
2024-07-15 13:00:00,,20241200,134.0,20240900,,20241200
2024-07-15 14:00:00,,20241200,133.8,20240900,,20241200
2024-07-15 15:00:00,,20241200,133.7,20240900,,20241200
2024-07-16 05:00:00,134.4,20241200,133.8,20240900,134.4,20241200
2024-07-16 07:00:00,,20241200,133.8,20240900,,20241200
2024-07-16 08:00:00,,20241200,134.5,20240900,,20241200
2024-07-16 09:00:00,,20241200,134.6,20240900,,20241200
2024-07-16 10:00:00,,20241200,134.1,20240900,,20241200
2024-07-16 11:00:00,,20241200,134.0,20240900,,20241200
2024-07-16 12:00:00,,20241200,133.6,20240900,,20241200
2024-07-16 13:00:00,,20241200,133.5,20240900,,20241200
2024-07-16 14:00:00,,20241200,133.7,20240900,,20241200
2024-07-16 15:00:00,,20241200,133.6,20240900,,20241200
2024-07-17 05:00:00,133.7,20241200,133.1,20240900,133.7,20241200
2024-07-17 07:00:00,,20241200,132.8,20240900,,20241200
2024-07-17 08:00:00,,20241200,132.8,20240900,,20241200
2024-07-17 09:00:00,,20241200,132.9,20240900,,20241200
2024-07-17 10:00:00,,20241200,133.0,20240900,,20241200
2024-07-17 11:00:00,,20241200,133.0,20240900,,20241200
2024-07-17 12:00:00,,20241200,132.8,20240900,,20241200
2024-07-17 13:00:00,,20241200,133.5,20240900,,20241200
2024-07-17 14:00:00,,20241200,133.1,20240900,,20241200
2024-07-17 15:00:00,,20241200,132.8,20240900,,20241200
2024-07-18 05:00:00,133.9,20241200,133.3,20240900,133.9,20241200
2024-07-18 07:00:00,,20241200,133.2,20240900,,20241200
2024-07-18 08:00:00,,20241200,133.7,20240900,,20241200
2024-07-18 09:00:00,,20241200,133.4,20240900,,20241200
2024-07-18 10:00:00,,20241200,133.2,20240900,,20241200
2024-07-18 12:00:00,,20241200,133.7,20240900,,20241200
2024-07-18 13:00:00,,20241200,133.8,20240900,,20241200
2024-07-18 14:00:00,,20241200,133.4,20240900,,20241200
2024-07-18 15:00:00,,20241200,133.2,20240900,,20241200
2024-07-19 05:00:00,132.0,20241200,131.4,20240900,132.0,20241200
2024-07-19 06:00:00,,20241200,132.4,20240900,,20241200
2024-07-19 07:00:00,,20241200,131.7,20240900,,20241200
2024-07-19 08:00:00,,20241200,131.8,20240900,,20241200
2024-07-19 09:00:00,,20241200,131.9,20240900,,20241200
2024-07-19 10:00:00,,20241200,131.7,20240900,,20241200
2024-07-19 11:00:00,,20241200,131.7,20240900,,20241200
2024-07-19 12:00:00,,20241200,131.4,20240900,,20241200
2024-07-19 13:00:00,,20241200,131.6,20240900,,20241200
2024-07-19 14:00:00,,20241200,131.7,20240900,,20241200
2024-07-19 15:00:00,,20241200,132.0,20240900,,20241200
2024-07-22 05:00:00,132.9,20241200,132.3,20240900,132.9,20241200
2024-07-22 07:00:00,,20241200,132.5,20240900,,20241200
2024-07-22 09:00:00,,20241200,132.9,20240900,,20241200
2024-07-22 10:00:00,,20241200,132.8,20240900,,20241200
2024-07-22 12:00:00,,20241200,133.5,20240900,,20241200
2024-07-22 13:00:00,,20241200,132.6,20240900,,20241200
2024-07-22 14:00:00,,20241200,132.6,20240900,,20241200
2024-07-22 15:00:00,,20241200,132.3,20240900,,20241200
2024-07-23 05:00:00,131.6,20241200,131.1,20240900,131.6,20241200
2024-07-23 07:00:00,,20241200,131.8,20240900,,20241200
2024-07-23 08:00:00,,20241200,131.8,20240900,,20241200
2024-07-23 09:00:00,,20241200,132.1,20240900,,20241200
2024-07-23 10:00:00,,20241200,132.2,20240900,,20241200
2024-07-23 11:00:00,,20241200,132.2,20240900,,20241200
2024-07-23 12:00:00,,20241200,131.0,20240900,,20241200
2024-07-23 13:00:00,,20241200,130.8,20240900,,20241200
2024-07-23 14:00:00,,20241200,130.8,20240900,,20241200
2024-07-23 15:00:00,,20241200,130.6,20240900,,20241200
2024-07-24 05:00:00,131.0,20241200,130.4,20240900,131.0,20241200
2024-07-24 07:00:00,,20241200,130.1,20240900,,20241200
2024-07-24 08:00:00,,20241200,129.6,20240900,,20241200
2024-07-24 09:00:00,,20241200,129.9,20240900,,20241200
2024-07-24 10:00:00,,20241200,130.3,20240900,,20241200
2024-07-24 11:00:00,,20241200,130.7,20240900,,20241200
2024-07-24 12:00:00,,20241200,130.6,20240900,,20241200
2024-07-24 13:00:00,,20241200,130.1,20240900,,20241200
2024-07-24 14:00:00,,20241200,130.6,20240900,,20241200
2024-07-24 15:00:00,,20241200,130.2,20240900,,20241200
2024-07-25 05:00:00,130.6,20241200,130.0,20240900,130.6,20241200
2024-07-25 06:00:00,,20241200,129.2,20240900,,20241200
2024-07-25 07:00:00,,20241200,128.1,20240900,,20241200
2024-07-25 08:00:00,,20241200,129.0,20240900,,20241200
2024-07-25 09:00:00,,20241200,128.7,20240900,,20241200
2024-07-25 10:00:00,,20241200,128.6,20240900,,20241200
2024-07-25 12:00:00,,20241200,128.9,20240900,,20241200
2024-07-25 13:00:00,,20241200,129.5,20240900,,20241200
2024-07-25 14:00:00,,20241200,129.7,20240900,,20241200
2024-07-25 15:00:00,,20241200,130.1,20240900,,20241200
2024-07-26 05:00:00,130.6,20241200,130.0,20240900,130.6,20241200
2024-07-26 07:00:00,,20241200,130.2,20240900,,20241200
2024-07-26 09:00:00,,20241200,129.4,20240900,,20241200
2024-07-26 10:00:00,,20241200,129.5,20240900,,20241200
2024-07-26 12:00:00,,20241200,130.1,20240900,,20241200
2024-07-26 13:00:00,,20241200,130.1,20240900,,20241200
2024-07-26 14:00:00,,20241200,130.1,20240900,,20241200
2024-07-26 15:00:00,,20241200,129.7,20240900,,20241200
2024-07-29 05:00:00,131.6,20241200,131.1,20240900,131.6,20241200
2024-07-29 06:00:00,,20241200,129.9,20240900,,20241200
2024-07-29 07:00:00,,20241200,131.0,20240900,,20241200
2024-07-29 09:00:00,,20241200,131.7,20240900,,20241200
2024-07-29 10:00:00,,20241200,131.8,20240900,,20241200
2024-07-29 11:00:00,,20241200,131.8,20240900,,20241200
2024-07-29 12:00:00,,20241200,131.6,20240900,,20241200
2024-07-29 13:00:00,,20241200,131.5,20240900,,20241200
2024-07-29 14:00:00,,20241200,130.8,20240900,,20241200
2024-07-29 15:00:00,,20241200,131.4,20240900,,20241200
2024-07-30 05:00:00,132.6,20241200,132.1,20240900,132.6,20241200
2024-07-30 06:00:00,,20241200,131.3,20240900,,20241200
2024-07-30 07:00:00,,20241200,131.1,20240900,,20241200
2024-07-30 08:00:00,,20241200,132.1,20240900,,20241200
2024-07-30 09:00:00,,20241200,131.4,20240900,,20241200
2024-07-30 10:00:00,,20241200,131.5,20240900,,20241200
2024-07-30 11:00:00,,20241200,131.5,20240900,,20241200
2024-07-30 13:00:00,,20241200,131.9,20240900,,20241200
2024-07-30 14:00:00,,20241200,132.0,20240900,,20241200
2024-07-30 15:00:00,,20241200,132.3,20240900,,20241200
2024-07-30 17:00:00,,20241200,132.3,20240900,,20241200
2024-07-31 05:00:00,132.9,20241200,132.3,20240900,132.9,20241200
2024-07-31 06:00:00,,20241200,133.7,20240900,,20241200
2024-07-31 07:00:00,,20241200,133.4,20240900,,20241200
2024-07-31 08:00:00,,20241200,133.3,20240900,,20241200
2024-07-31 09:00:00,,20241200,133.1,20240900,,20241200
2024-07-31 10:00:00,,20241200,133.3,20240900,,20241200
2024-07-31 11:00:00,,20241200,132.7,20240900,,20241200
2024-07-31 12:00:00,,20241200,132.8,20240900,,20241200
2024-07-31 13:00:00,,20241200,132.4,20240900,,20241200
2024-07-31 14:00:00,,20241200,132.6,20240900,,20241200
2024-07-31 15:00:00,,20241200,131.6,20240900,,20241200
2024-08-01 05:00:00,133.8,20241200,133.2,20240900,133.8,20241200
2024-08-01 07:00:00,,20241200,132.9,20240900,,20241200
2024-08-01 08:00:00,,20241200,132.6,20240900,,20241200
2024-08-01 09:00:00,,20241200,133.1,20240900,,20241200
2024-08-01 10:00:00,,20241200,134.5,20240900,,20241200
2024-08-01 11:00:00,,20241200,134.8,20240900,,20241200
2024-08-01 12:00:00,,20241200,135.3,20240900,,20241200
2024-08-01 13:00:00,,20241200,134.5,20240900,,20241200
2024-08-01 14:00:00,,20241200,133.0,20240900,,20241200
2024-08-01 15:00:00,,20241200,133.3,20240900,,20241200
2024-08-01 16:00:00,,20241200,133.2,20240900,,20241200
2024-08-02 05:00:00,133.6,20241200,133.0,20240900,133.6,20241200
2024-08-02 06:00:00,,20241200,132.4,20240900,,20241200
2024-08-02 07:00:00,,20241200,131.6,20240900,,20241200
2024-08-02 08:00:00,,20241200,132.8,20240900,,20241200
2024-08-02 09:00:00,,20241200,132.5,20240900,,20241200
2024-08-02 10:00:00,,20241200,132.8,20240900,,20241200
2024-08-02 11:00:00,,20241200,133.2,20240900,,20241200
2024-08-02 12:00:00,,20241200,133.6,20240900,,20241200
2024-08-02 13:00:00,,20241200,133.7,20240900,,20241200
2024-08-02 14:00:00,,20241200,133.1,20240900,,20241200
2024-08-02 15:00:00,,20241200,133.2,20240900,,20241200
2024-08-05 05:00:00,129.6,20241200,129.1,20240900,129.6,20241200
2024-08-05 07:00:00,,20241200,129.5,20240900,,20241200
2024-08-05 08:00:00,,20241200,129.9,20240900,,20241200
2024-08-05 09:00:00,,20241200,129.1,20240900,,20241200
2024-08-05 10:00:00,,20241200,129.0,20240900,,20241200
2024-08-05 11:00:00,,20241200,127.4,20240900,,20241200
2024-08-05 12:00:00,,20241200,127.4,20240900,,20241200
2024-08-05 13:00:00,,20241200,128.2,20240900,,20241200
2024-08-05 14:00:00,,20241200,129.0,20240900,,20241200
2024-08-05 15:00:00,,20241200,129.3,20240900,,20241200
2024-08-06 05:00:00,128.6,20241200,128.1,20240900,128.6,20241200
2024-08-06 07:00:00,,20241200,128.6,20240900,,20241200
2024-08-06 08:00:00,,20241200,128.0,20240900,,20241200
2024-08-06 09:00:00,,20241200,127.2,20240900,,20241200
2024-08-06 10:00:00,,20241200,127.8,20240900,,20241200
2024-08-06 11:00:00,,20241200,127.3,20240900,,20241200
2024-08-06 12:00:00,,20241200,127.0,20240900,,20241200
2024-08-06 13:00:00,,20241200,127.8,20240900,,20241200
2024-08-06 14:00:00,,20241200,128.6,20240900,,20241200
2024-08-06 15:00:00,,20241200,128.8,20240900,,20241200
2024-08-07 05:00:00,131.0,20241200,130.5,20240900,131.0,20241200
2024-08-07 07:00:00,,20241200,130.2,20240900,,20241200
2024-08-07 08:00:00,,20241200,130.0,20240900,,20241200
2024-08-07 09:00:00,,20241200,129.7,20240900,,20241200
2024-08-07 10:00:00,,20241200,129.9,20240900,,20241200
2024-08-07 11:00:00,,20241200,129.7,20240900,,20241200
2024-08-07 12:00:00,,20241200,129.8,20240900,,20241200
2024-08-07 13:00:00,,20241200,130.5,20240900,,20241200
2024-08-07 14:00:00,,20241200,130.5,20240900,,20241200
2024-08-07 15:00:00,,20241200,130.2,20240900,,20241200
2024-08-08 05:00:00,130.3,20241200,129.8,20240900,130.3,20241200
2024-08-08 06:00:00,,20241200,129.5,20240900,,20241200
2024-08-08 07:00:00,,20241200,128.7,20240900,,20241200
2024-08-08 08:00:00,,20241200,128.6,20240900,,20241200
2024-08-08 09:00:00,,20241200,128.4,20240900,,20241200
2024-08-08 10:00:00,,20241200,128.3,20240900,,20241200
2024-08-08 11:00:00,,20241200,128.3,20240900,,20241200
2024-08-08 12:00:00,,20241200,128.5,20240900,,20241200
2024-08-08 13:00:00,,20241200,128.7,20240900,,20241200
2024-08-08 14:00:00,,20241200,129.7,20240900,,20241200
2024-08-08 15:00:00,,20241200,128.8,20240900,,20241200
2024-08-08 16:00:00,,20241200,129.2,20240900,,20241200
2024-08-09 05:00:00,132.3,20241200,131.8,20240900,132.3,20241200
2024-08-09 07:00:00,,20241200,131.7,20240900,,20241200
2024-08-09 08:00:00,,20241200,132.6,20240900,,20241200
2024-08-09 09:00:00,,20241200,132.4,20240900,,20241200
2024-08-09 10:00:00,,20241200,132.3,20240900,,20241200
2024-08-09 11:00:00,,20241200,132.0,20240900,,20241200
2024-08-09 12:00:00,,20241200,131.7,20240900,,20241200
2024-08-09 13:00:00,,20241200,131.3,20240900,,20241200
2024-08-09 14:00:00,,20241200,131.8,20240900,,20241200
2024-08-09 15:00:00,,20241200,132.4,20240900,,20241200
2024-08-12 05:00:00,131.1,20241200,130.6,20240900,131.1,20241200
2024-08-12 06:00:00,,20241200,132.3,20240900,,20241200
2024-08-12 07:00:00,,20241200,132.0,20240900,,20241200
2024-08-12 08:00:00,,20241200,130.8,20240900,,20241200
2024-08-12 09:00:00,,20241200,131.0,20240900,,20241200
2024-08-12 10:00:00,,20241200,130.9,20240900,,20241200
2024-08-12 11:00:00,,20241200,131.1,20240900,,20241200
2024-08-12 12:00:00,,20241200,131.4,20240900,,20241200
2024-08-12 13:00:00,,20241200,130.6,20240900,,20241200
2024-08-12 14:00:00,,20241200,130.6,20240900,,20241200
2024-08-12 15:00:00,,20241200,130.4,20240900,,20241200
2024-08-13 05:00:00,132.1,20241200,131.6,20240900,132.1,20241200
2024-08-13 07:00:00,,20241200,131.4,20240900,,20241200
2024-08-13 08:00:00,,20241200,130.5,20240900,,20241200
2024-08-13 09:00:00,,20241200,130.5,20240900,,20241200
2024-08-13 10:00:00,,20241200,130.7,20240900,,20241200
2024-08-13 11:00:00,,20241200,130.7,20240900,,20241200
2024-08-13 12:00:00,,20241200,131.1,20240900,,20241200
2024-08-13 13:00:00,,20241200,131.4,20240900,,20241200
2024-08-13 14:00:00,,20241200,131.8,20240900,,20241200
2024-08-13 15:00:00,,20241200,132.3,20240900,,20241200
2024-08-14 05:00:00,132.8,20241200,132.3,20240900,132.8,20241200
2024-08-14 06:00:00,,20241200,132.4,20240900,,20241200
2024-08-14 07:00:00,,20241200,131.9,20240900,,20241200
2024-08-14 08:00:00,,20241200,132.2,20240900,,20241200
2024-08-14 09:00:00,,20241200,131.6,20240900,,20241200
2024-08-14 10:00:00,,20241200,131.6,20240900,,20241200
2024-08-14 11:00:00,,20241200,131.7,20240900,,20241200
2024-08-14 12:00:00,,20241200,132.1,20240900,,20241200
2024-08-14 13:00:00,,20241200,132.2,20240900,,20241200
2024-08-14 14:00:00,,20241200,132.3,20240900,,20241200
2024-08-14 15:00:00,,20241200,132.5,20240900,,20241200
2024-08-15 05:00:00,133.1,20241200,132.6,20240900,133.1,20241200
2024-08-15 07:00:00,,20241200,132.5,20240900,,20241200
2024-08-15 08:00:00,,20241200,132.6,20240900,,20241200
2024-08-15 09:00:00,,20241200,132.5,20240900,,20241200
2024-08-15 10:00:00,,20241200,132.3,20240900,,20241200
2024-08-15 11:00:00,,20241200,132.5,20240900,,20241200
2024-08-15 12:00:00,,20241200,132.6,20240900,,20241200
2024-08-15 13:00:00,,20241200,132.5,20240900,,20241200
2024-08-15 14:00:00,,20241200,132.4,20240900,,20241200
2024-08-15 15:00:00,,20241200,133.1,20240900,,20241200
2024-08-16 05:00:00,132.3,20241200,131.8,20240900,132.3,20241200
2024-08-16 07:00:00,,20241200,132.4,20240900,,20241200
2024-08-16 08:00:00,,20241200,132.6,20240900,,20241200
2024-08-16 09:00:00,,20241200,132.3,20240900,,20241200
2024-08-16 10:00:00,,20241200,132.1,20240900,,20241200
2024-08-16 11:00:00,,20241200,131.8,20240900,,20241200
2024-08-16 12:00:00,,20241200,131.7,20240900,,20241200
2024-08-16 13:00:00,,20241200,132.0,20240900,,20241200
2024-08-16 14:00:00,,20241200,131.5,20240900,,20241200
2024-08-16 15:00:00,,20241200,132.4,20240900,,20241200
2024-08-19 05:00:00,134.0,20241200,133.5,20240900,134.0,20241200
2024-08-19 07:00:00,,20241200,132.7,20240900,,20241200
2024-08-19 08:00:00,,20241200,132.5,20240900,,20241200
2024-08-19 09:00:00,,20241200,132.9,20240900,,20241200
2024-08-19 10:00:00,,20241200,132.8,20240900,,20241200
2024-08-19 13:00:00,,20241200,133.2,20240900,,20241200
2024-08-19 14:00:00,,20241200,133.6,20240900,,20241200
2024-08-19 15:00:00,,20241200,133.1,20240900,,20241200
2024-08-20 05:00:00,133.5,20241200,133.0,20240900,133.5,20241200
2024-08-20 07:00:00,,20241200,133.4,20240900,,20241200
2024-08-20 08:00:00,,20241200,133.3,20240900,,20241200
2024-08-20 09:00:00,,20241200,133.6,20240900,,20241200
2024-08-20 10:00:00,,20241200,133.5,20240900,,20241200
2024-08-20 11:00:00,,20241200,133.7,20240900,,20241200
2024-08-20 12:00:00,,20241200,133.5,20240900,,20241200
2024-08-20 13:00:00,,20241200,133.5,20240900,,20241200
2024-08-20 14:00:00,,20241200,133.3,20240900,,20241200
2024-08-20 15:00:00,,20241200,133.2,20240900,,20241200
2024-08-20 17:00:00,,20241200,133.1,20240900,,20241200
2024-08-20 23:00:00,133.5,20241200,,20240900,133.5,20241200
2024-08-21 05:00:00,,20241200,133.2,20240900,,20241200
2024-08-21 07:00:00,,20241200,133.3,20240900,,20241200
2024-08-21 08:00:00,,20241200,133.8,20240900,,20241200
2024-08-21 09:00:00,,20241200,133.5,20240900,,20241200
2024-08-21 10:00:00,,20241200,133.2,20240900,,20241200
2024-08-21 11:00:00,,20241200,133.3,20240900,,20241200
2024-08-21 12:00:00,,20241200,133.3,20240900,,20241200
2024-08-21 13:00:00,,20241200,133.2,20240900,,20241200
2024-08-21 14:00:00,,20241200,132.9,20240900,,20241200
2024-08-21 15:00:00,,20241200,132.6,20240900,,20241200
2024-08-21 23:00:00,133.7,20241200,133.2,20240900,133.7,20241200
2024-08-22 23:00:00,135.0,20241200,134.5,20240900,135.0,20241200
2024-08-23 23:00:00,137.2,20241200,136.6,20240900,137.2,20241200
2024-08-26 23:00:00,139.1,20241200,138.5,20240900,139.1,20241200
2024-08-27 23:00:00,137.5,20241200,137.0,20240900,137.5,20241200
2024-08-28 23:00:00,137.5,20241200,136.9,20240900,137.5,20241200
2024-08-29 23:00:00,135.0,20241200,134.4,20240900,135.0,20241200
2024-08-30 23:00:00,137.1,20241200,136.6,20240900,137.1,20241200
2024-09-02 23:00:00,140.0,20241200,139.1,20240900,140.0,20241200
2024-09-03 23:00:00,138.1,20241200,137.2,20240900,138.1,20241200
2024-09-04 23:00:00,139.3,20241200,138.5,20240900,139.3,20241200
2024-09-05 23:00:00,141.2,20241200,140.4,20240900,141.2,20241200
2024-09-06 23:00:00,141.6,20241200,140.8,20240900,141.6,20241200
2024-09-09 23:00:00,141.6,20241200,140.7,20240900,141.6,20241200
2024-09-10 23:00:00,144.2,20241200,143.2,20240900,144.2,20241200
2024-09-11 23:00:00,142.8,20241200,141.8,20240900,142.8,20241200
2024-09-12 23:00:00,144.0,20250300,143.9,20241200,144.0,20250300
2024-09-13 23:00:00,145.9,20250300,145.8,20241200,145.9,20250300
2024-09-16 23:00:00,145.1,20250300,145.0,20241200,145.1,20250300
2024-09-17 23:00:00,143.6,20250300,143.4,20241200,143.6,20250300
2024-09-18 23:00:00,142.7,20250300,142.6,20241200,142.7,20250300
2024-09-19 23:00:00,143.1,20250300,143.0,20241200,143.1,20250300
2024-09-20 23:00:00,142.0,20250300,141.8,20241200,142.0,20250300
2024-09-23 23:00:00,144.1,20250300,143.8,20241200,144.1,20250300
2024-09-24 23:00:00,143.2,20250300,142.9,20241200,143.2,20250300
2024-09-25 23:00:00,142.1,20250300,142.0,20241200,142.1,20250300
2024-09-26 23:00:00,143.9,20250300,143.8,20241200,143.9,20250300
2024-09-27 23:00:00,145.3,20250300,145.1,20241200,145.3,20250300
2024-09-30 23:00:00,143.7,20250300,143.5,20241200,143.7,20250300
2024-10-01 23:00:00,144.5,20250300,144.3,20241200,144.5,20250300
2024-10-02 23:00:00,143.7,20250300,143.6,20241200,143.7,20250300
2024-10-03 23:00:00,141.4,20250300,141.3,20241200,141.4,20250300
2024-10-04 23:00:00,141.4,20250300,141.2,20241200,141.4,20250300
2024-10-07 23:00:00,139.2,20250300,139.1,20241200,139.2,20250300
2024-10-08 23:00:00,139.1,20250300,139.0,20241200,139.1,20250300
2024-10-09 23:00:00,139.9,20250300,139.8,20241200,139.9,20250300
2024-10-10 23:00:00,138.8,20250300,138.5,20241200,138.8,20250300
2024-10-11 23:00:00,140.6,20250300,140.4,20241200,140.6,20250300
2024-10-14 23:00:00,140.2,20250300,139.9,20241200,140.2,20250300
2024-10-15 23:00:00,141.8,20250300,141.5,20241200,141.8,20250300
2024-10-16 23:00:00,142.6,20250300,142.4,20241200,142.6,20250300
2024-10-17 23:00:00,141.6,20250300,141.4,20241200,141.6,20250300
2024-10-18 23:00:00,140.4,20250300,140.2,20241200,140.4,20250300
2024-10-21 23:00:00,137.9,20250300,137.6,20241200,137.9,20250300
2024-10-22 23:00:00,136.4,20250300,136.2,20241200,136.4,20250300
2024-10-23 23:00:00,136.5,20250300,136.2,20241200,136.5,20250300
2024-10-24 23:00:00,136.5,20250300,136.3,20241200,136.5,20250300
2024-10-25 23:00:00,136.0,20250300,135.8,20241200,136.0,20250300
2024-10-28 23:00:00,136.9,20250300,136.7,20241200,136.9,20250300
2024-10-29 23:00:00,135.9,20250300,135.7,20241200,135.9,20250300
2024-10-30 23:00:00,134.4,20250300,134.2,20241200,134.4,20250300
2024-10-31 23:00:00,131.7,20250300,131.5,20241200,131.7,20250300
2024-11-01 23:00:00,132.5,20250300,132.3,20241200,132.5,20250300
2024-11-04 23:00:00,131.2,20250300,131.0,20241200,131.2,20250300
2024-11-05 23:00:00,131.1,20250300,130.9,20241200,131.1,20250300
2024-11-06 23:00:00,128.7,20250300,128.5,20241200,128.7,20250300
2024-11-07 23:00:00,130.2,20250300,130.0,20241200,130.2,20250300
2024-11-08 23:00:00,132.0,20250300,131.8,20241200,132.0,20250300
2024-11-11 23:00:00,132.2,20250300,132.0,20241200,132.2,20250300
2024-11-12 23:00:00,129.5,20250300,129.4,20241200,129.5,20250300
2024-11-13 23:00:00,127.9,20250300,127.8,20241200,127.9,20250300
2024-11-14 23:00:00,129.8,20250300,129.6,20241200,129.8,20250300
2024-11-15 23:00:00,130.1,20250300,129.9,20241200,130.1,20250300
2024-11-18 23:00:00,127.9,20250300,127.7,20241200,127.9,20250300
2024-11-19 23:00:00,128.5,20250300,128.3,20241200,128.5,20250300
2024-11-20 23:00:00,127.4,20250300,127.3,20241200,127.4,20250300
2024-11-21 23:00:00,127.1,20250300,127.0,20241200,127.1,20250300
2024-11-22 23:00:00,131.1,20250300,130.9,20241200,131.1,20250300
2024-11-25 23:00:00,131.9,20250300,131.7,20241200,131.9,20250300
2024-11-26 23:00:00,130.8,20250300,130.7,20241200,130.8,20250300
2024-11-27 23:00:00,133.0,20250300,132.8,20241200,133.0,20250300
2024-11-28 23:00:00,133.1,20250300,132.9,20241200,133.1,20250300
2024-11-29 23:00:00,133.2,20250300,133.1,20241200,133.2,20250300
2024-12-02 23:00:00,131.8,20250300,131.7,20241200,131.8,20250300
2024-12-03 23:00:00,131.7,20250300,131.5,20241200,131.7,20250300
2024-12-04 23:00:00,133.3,20250300,133.1,20241200,133.3,20250300
2024-12-05 08:00:00,,20250300,132.5,20241200,,20250300
2024-12-05 09:00:00,,20250300,132.3,20241200,,20250300
2024-12-05 10:00:00,,20250300,132.8,20241200,,20250300
2024-12-05 11:00:00,,20250300,132.6,20241200,,20250300
2024-12-05 12:00:00,,20250300,132.6,20241200,,20250300
2024-12-05 13:00:00,,20250300,132.0,20241200,,20250300
2024-12-05 14:00:00,,20250300,131.4,20241200,,20250300
2024-12-05 15:00:00,,20250300,131.3,20241200,,20250300
2024-12-05 16:00:00,,20250300,131.4,20241200,,20250300
2024-12-05 17:00:00,,20250300,131.4,20241200,,20250300
2024-12-05 18:00:00,,20250300,131.4,20241200,,20250300
2024-12-05 19:00:00,,20250300,131.4,20241200,,20250300
2024-12-05 20:00:00,,20250300,131.4,20241200,,20250300
2024-12-05 21:00:00,,20250300,131.4,20241200,,20250300
2024-12-05 23:00:00,131.4,20250300,131.2,20241200,131.4,20250300
2024-12-06 08:00:00,,20250300,132.1,20241200,,20250300
2024-12-06 09:00:00,,20250300,132.2,20241200,,20250300
2024-12-06 10:00:00,,20250300,132.1,20241200,,20250300
2024-12-06 11:00:00,,20250300,131.9,20241200,,20250300
2024-12-06 12:00:00,,20250300,132.0,20241200,,20250300
2024-12-06 13:00:00,,20250300,132.3,20241200,,20250300
2024-12-06 14:00:00,,20250300,132.4,20241200,,20250300
2024-12-06 15:00:00,,20250300,132.1,20241200,,20250300
2024-12-06 16:00:00,,20250300,132.3,20241200,,20250300
2024-12-06 17:00:00,,20250300,132.6,20241200,,20250300
2024-12-06 18:00:00,,20250300,132.6,20241200,,20250300
2024-12-06 19:00:00,,20250300,132.6,20241200,,20250300
2024-12-06 20:00:00,,20250300,132.6,20241200,,20250300
2024-12-06 21:00:00,,20250300,132.6,20241200,,20250300
2024-12-06 23:00:00,132.4,20250300,132.3,20241200,132.4,20250300
2024-12-09 08:00:00,,20250300,131.3,20241200,,20250300
2024-12-09 09:00:00,,20250300,130.9,20241200,,20250300
2024-12-09 10:00:00,,20250300,130.4,20241200,,20250300
2024-12-09 11:00:00,,20250300,130.4,20241200,,20250300
2024-12-09 12:00:00,,20250300,130.5,20241200,,20250300
2024-12-09 13:00:00,,20250300,130.0,20241200,,20250300
2024-12-09 14:00:00,,20250300,129.7,20241200,,20250300
2024-12-09 15:00:00,,20250300,129.8,20241200,,20250300
2024-12-09 16:00:00,,20250300,129.8,20241200,,20250300
2024-12-09 17:00:00,,20250300,129.8,20241200,,20250300
2024-12-09 18:00:00,,20250300,129.8,20241200,,20250300
2024-12-09 19:00:00,,20250300,129.8,20241200,,20250300
2024-12-09 20:00:00,,20250300,129.8,20241200,,20250300
2024-12-09 21:00:00,,20250300,129.8,20241200,,20250300
2024-12-09 23:00:00,129.9,20250300,129.8,20241200,129.9,20250300
2024-12-10 08:00:00,,20250300,129.2,20241200,,20250300
2024-12-10 09:00:00,,20250300,128.8,20241200,,20250300
2024-12-10 10:00:00,,20250300,129.1,20241200,,20250300
2024-12-10 11:00:00,,20250300,129.0,20241200,,20250300
2024-12-10 12:00:00,,20250300,128.8,20241200,,20250300
2024-12-10 13:00:00,,20250300,129.2,20241200,,20250300
2024-12-10 14:00:00,,20250300,129.7,20241200,,20250300
2024-12-10 15:00:00,,20250300,130.2,20241200,,20250300
2024-12-10 16:00:00,,20250300,129.7,20241200,,20250300
2024-12-10 17:00:00,,20250300,129.7,20241200,,20250300
2024-12-10 18:00:00,,20250300,129.7,20241200,,20250300
2024-12-10 19:00:00,,20250300,129.7,20241200,,20250300
2024-12-10 20:00:00,,20250300,129.7,20241200,,20250300
2024-12-10 21:00:00,,20250300,129.7,20241200,,20250300
2024-12-10 23:00:00,130.2,20250300,129.9,20241200,130.2,20250300
2024-12-11 08:00:00,,20250300,130.0,20241200,,20250300
2024-12-11 09:00:00,,20250300,129.7,20241200,,20250300
2024-12-11 10:00:00,,20250300,129.6,20241200,,20250300
2024-12-11 11:00:00,,20250300,129.7,20241200,,20250300
2024-12-11 12:00:00,,20250300,129.6,20241200,,20250300
2024-12-11 13:00:00,,20250300,130.0,20241200,,20250300
2024-12-11 14:00:00,,20250300,130.3,20241200,,20250300
2024-12-11 15:00:00,,20250300,129.9,20241200,,20250300
2024-12-11 16:00:00,,20250300,129.7,20241200,,20250300
2024-12-11 17:00:00,,20250300,129.7,20241200,,20250300
2024-12-11 18:00:00,,20250300,129.7,20241200,,20250300
2024-12-11 19:00:00,,20250300,129.7,20241200,,20250300
2024-12-11 20:00:00,,20250300,129.7,20241200,,20250300
2024-12-11 21:00:00,,20250300,129.7,20241200,,20250300
2024-12-11 23:00:00,130.3,20250300,130.0,20241200,130.3,20250300
2024-12-12 23:00:00,128.2,20250600,130.1,20250300,128.2,20250600
2024-12-13 09:00:00,,20250600,128.7,20250300,,20250600
2024-12-13 10:00:00,,20250600,128.7,20250300,,20250600
2024-12-13 11:00:00,,20250600,128.7,20250300,,20250600
2024-12-13 12:00:00,,20250600,128.7,20250300,,20250600
2024-12-13 13:00:00,,20250600,128.7,20250300,,20250600
2024-12-13 14:00:00,,20250600,128.7,20250300,,20250600
2024-12-13 15:00:00,,20250600,128.7,20250300,,20250600
2024-12-13 16:00:00,,20250600,128.5,20250300,,20250600
2024-12-13 17:00:00,,20250600,128.5,20250300,,20250600
2024-12-13 18:00:00,,20250600,128.5,20250300,,20250600
2024-12-13 19:00:00,,20250600,128.5,20250300,,20250600
2024-12-13 20:00:00,,20250600,128.5,20250300,,20250600
2024-12-13 21:00:00,,20250600,128.5,20250300,,20250600
2024-12-13 23:00:00,126.6,20250600,128.5,20250300,126.6,20250600
2024-12-16 10:00:00,,20250600,127.1,20250300,,20250600
2024-12-16 11:00:00,,20250600,126.7,20250300,,20250600
2024-12-16 12:00:00,,20250600,126.7,20250300,,20250600
2024-12-16 13:00:00,,20250600,126.8,20250300,,20250600
2024-12-16 14:00:00,,20250600,126.5,20250300,,20250600
2024-12-16 15:00:00,,20250600,126.5,20250300,,20250600
2024-12-16 16:00:00,,20250600,127.0,20250300,,20250600
2024-12-16 17:00:00,,20250600,127.0,20250300,,20250600
2024-12-16 18:00:00,,20250600,127.0,20250300,,20250600
2024-12-16 19:00:00,,20250600,127.0,20250300,,20250600
2024-12-16 20:00:00,,20250600,127.0,20250300,,20250600
2024-12-16 21:00:00,,20250600,127.0,20250300,,20250600
2024-12-16 23:00:00,124.8,20250600,126.9,20250300,124.8,20250600
2024-12-17 07:00:00,,20250600,127.0,20250300,,20250600
2024-12-17 08:00:00,,20250600,126.1,20250300,,20250600
2024-12-17 09:00:00,,20250600,126.5,20250300,,20250600
2024-12-17 10:00:00,,20250600,126.4,20250300,,20250600
2024-12-17 11:00:00,,20250600,126.0,20250300,,20250600
2024-12-17 12:00:00,,20250600,126.0,20250300,,20250600
2024-12-17 13:00:00,,20250600,126.0,20250300,,20250600
2024-12-17 14:00:00,,20250600,126.4,20250300,,20250600
2024-12-17 15:00:00,,20250600,126.8,20250300,,20250600
2024-12-17 16:00:00,,20250600,126.6,20250300,,20250600
2024-12-17 17:00:00,,20250600,126.6,20250300,,20250600
2024-12-17 18:00:00,,20250600,126.6,20250300,,20250600
2024-12-17 19:00:00,,20250600,126.6,20250300,,20250600
2024-12-17 20:00:00,,20250600,126.6,20250300,,20250600
2024-12-17 21:00:00,,20250600,126.6,20250300,,20250600
2024-12-17 23:00:00,124.5,20250600,126.5,20250300,124.5,20250600
2024-12-18 08:00:00,,20250600,126.7,20250300,,20250600
2024-12-18 09:00:00,,20250600,127.1,20250300,,20250600
2024-12-18 10:00:00,,20250600,126.9,20250300,,20250600
2024-12-18 11:00:00,,20250600,126.9,20250300,,20250600
2024-12-18 12:00:00,,20250600,126.9,20250300,,20250600
2024-12-18 13:00:00,,20250600,126.8,20250300,,20250600
2024-12-18 14:00:00,,20250600,126.8,20250300,,20250600
2024-12-18 15:00:00,,20250600,126.8,20250300,,20250600
2024-12-18 16:00:00,,20250600,126.7,20250300,,20250600
2024-12-18 17:00:00,,20250600,126.7,20250300,,20250600
2024-12-18 18:00:00,,20250600,126.7,20250300,,20250600
2024-12-18 19:00:00,,20250600,126.7,20250300,,20250600
2024-12-18 20:00:00,,20250600,126.7,20250300,,20250600
2024-12-18 21:00:00,,20250600,126.7,20250300,,20250600
2024-12-18 23:00:00,124.9,20250600,126.9,20250300,124.9,20250600
2024-12-19 08:00:00,,20250600,125.1,20250300,,20250600
2024-12-19 09:00:00,,20250600,124.7,20250300,,20250600
2024-12-19 10:00:00,,20250600,124.7,20250300,,20250600
2024-12-19 11:00:00,,20250600,124.2,20250300,,20250600
2024-12-19 12:00:00,,20250600,124.5,20250300,,20250600
2024-12-19 13:00:00,,20250600,124.2,20250300,,20250600
2024-12-19 14:00:00,,20250600,123.2,20250300,,20250600
2024-12-19 15:00:00,,20250600,123.6,20250300,,20250600
2024-12-19 16:00:00,,20250600,124.1,20250300,,20250600
2024-12-19 17:00:00,,20250600,124.1,20250300,,20250600
2024-12-19 18:00:00,,20250600,124.1,20250300,,20250600
2024-12-19 19:00:00,,20250600,124.1,20250300,,20250600
2024-12-19 20:00:00,,20250600,124.1,20250300,,20250600
2024-12-19 21:00:00,,20250600,124.1,20250300,,20250600
2024-12-19 23:00:00,121.4,20250600,123.4,20250300,121.4,20250600
2024-12-20 08:00:00,,20250600,123.6,20250300,,20250600
2024-12-20 09:00:00,,20250600,123.6,20250300,,20250600
2024-12-20 10:00:00,,20250600,123.9,20250300,,20250600
2024-12-20 11:00:00,,20250600,123.9,20250300,,20250600
2024-12-20 12:00:00,,20250600,123.8,20250300,,20250600
2024-12-20 13:00:00,,20250600,123.8,20250300,,20250600
2024-12-20 14:00:00,,20250600,124.6,20250300,,20250600
2024-12-20 15:00:00,,20250600,125.7,20250300,,20250600
2024-12-20 16:00:00,,20250600,125.0,20250300,,20250600
2024-12-20 17:00:00,,20250600,125.0,20250300,,20250600
2024-12-20 18:00:00,,20250600,125.0,20250300,,20250600
2024-12-20 19:00:00,,20250600,125.0,20250300,,20250600
2024-12-20 20:00:00,,20250600,125.0,20250300,,20250600
2024-12-20 21:00:00,,20250600,125.0,20250300,,20250600
2024-12-20 23:00:00,123.5,20250600,125.2,20250300,123.5,20250600
2024-12-23 08:00:00,,20250600,124.8,20250300,,20250600
2024-12-23 09:00:00,,20250600,124.9,20250300,,20250600
2024-12-23 10:00:00,,20250600,124.8,20250300,,20250600
2024-12-23 11:00:00,,20250600,124.8,20250300,,20250600
2024-12-23 12:00:00,,20250600,124.8,20250300,,20250600
2024-12-23 13:00:00,,20250600,124.9,20250300,,20250600
2024-12-23 14:00:00,,20250600,124.8,20250300,,20250600
2024-12-23 15:00:00,,20250600,124.7,20250300,,20250600
2024-12-23 16:00:00,,20250600,124.9,20250300,,20250600
2024-12-23 17:00:00,,20250600,124.9,20250300,,20250600
2024-12-23 18:00:00,,20250600,124.9,20250300,,20250600
2024-12-23 19:00:00,,20250600,124.9,20250300,,20250600
2024-12-23 20:00:00,,20250600,124.9,20250300,,20250600
2024-12-23 21:00:00,,20250600,124.9,20250300,,20250600
2024-12-23 23:00:00,122.9,20250600,124.8,20250300,122.9,20250600
2024-12-27 08:00:00,,20250600,125.2,20250300,,20250600
2024-12-27 09:00:00,,20250600,125.3,20250300,,20250600
2024-12-27 10:00:00,,20250600,125.2,20250300,,20250600
2024-12-27 11:00:00,,20250600,125.1,20250300,,20250600
2024-12-27 12:00:00,,20250600,125.7,20250300,,20250600
2024-12-27 13:00:00,,20250600,125.3,20250300,,20250600
2024-12-27 14:00:00,,20250600,125.6,20250300,,20250600
2024-12-27 15:00:00,,20250600,125.9,20250300,,20250600
2024-12-27 16:00:00,,20250600,126.1,20250300,,20250600
2024-12-27 17:00:00,,20250600,125.0,20250300,,20250600
2024-12-27 18:00:00,,20250600,125.0,20250300,,20250600
2024-12-27 19:00:00,,20250600,125.0,20250300,,20250600
2024-12-27 20:00:00,,20250600,125.0,20250300,,20250600
2024-12-27 21:00:00,,20250600,125.0,20250300,,20250600
2024-12-27 23:00:00,123.8,20250600,125.7,20250300,123.8,20250600
2024-12-30 08:00:00,,20250600,125.6,20250300,,20250600
2024-12-30 09:00:00,,20250600,125.7,20250300,,20250600
2024-12-30 10:00:00,,20250600,125.6,20250300,,20250600
2024-12-30 11:00:00,,20250600,125.6,20250300,,20250600
2024-12-30 12:00:00,,20250600,125.3,20250300,,20250600
2024-12-30 13:00:00,,20250600,125.3,20250300,,20250600
2024-12-30 14:00:00,,20250600,125.0,20250300,,20250600
2024-12-30 15:00:00,,20250600,125.0,20250300,,20250600
2024-12-30 16:00:00,,20250600,125.0,20250300,,20250600
2024-12-30 17:00:00,,20250600,125.0,20250300,,20250600
2024-12-30 18:00:00,,20250600,125.0,20250300,,20250600
2024-12-30 19:00:00,,20250600,125.0,20250300,,20250600
2024-12-30 20:00:00,,20250600,125.0,20250300,,20250600
2024-12-30 21:00:00,,20250600,125.0,20250300,,20250600
2024-12-30 23:00:00,123.4,20250600,125.3,20250300,123.4,20250600
2025-01-02 08:00:00,,20250600,125.8,20250300,,20250600
2025-01-02 09:00:00,,20250600,125.6,20250300,,20250600
2025-01-02 10:00:00,,20250600,126.3,20250300,,20250600
2025-01-02 11:00:00,,20250600,125.9,20250300,,20250600
2025-01-02 12:00:00,,20250600,126.3,20250300,,20250600
2025-01-02 13:00:00,,20250600,126.5,20250300,,20250600
2025-01-02 14:00:00,,20250600,126.2,20250300,,20250600
2025-01-02 15:00:00,,20250600,126.5,20250300,,20250600
2025-01-02 16:00:00,,20250600,126.6,20250300,,20250600
2025-01-02 17:00:00,,20250600,126.2,20250300,,20250600
2025-01-02 18:00:00,,20250600,126.2,20250300,,20250600
2025-01-02 19:00:00,,20250600,126.2,20250300,,20250600
2025-01-02 20:00:00,,20250600,126.2,20250300,,20250600
2025-01-02 21:00:00,,20250600,126.2,20250300,,20250600
2025-01-02 23:00:00,124.9,20250600,126.8,20250300,124.9,20250600
2025-01-03 08:00:00,,20250600,126.6,20250300,,20250600
2025-01-03 09:00:00,,20250600,126.7,20250300,,20250600
2025-01-03 10:00:00,,20250600,126.3,20250300,,20250600
2025-01-03 11:00:00,,20250600,126.0,20250300,,20250600
2025-01-03 12:00:00,,20250600,126.2,20250300,,20250600
2025-01-03 13:00:00,,20250600,125.9,20250300,,20250600
2025-01-03 14:00:00,,20250600,126.1,20250300,,20250600
2025-01-03 15:00:00,,20250600,126.1,20250300,,20250600
2025-01-03 16:00:00,,20250600,125.8,20250300,,20250600
2025-01-03 17:00:00,,20250600,125.8,20250300,,20250600
2025-01-03 18:00:00,,20250600,125.8,20250300,,20250600
2025-01-03 19:00:00,,20250600,125.8,20250300,,20250600
2025-01-03 20:00:00,,20250600,125.8,20250300,,20250600
2025-01-03 21:00:00,,20250600,125.8,20250300,,20250600
2025-01-03 23:00:00,123.9,20250600,125.8,20250300,123.9,20250600
2025-01-06 08:00:00,,20250600,125.7,20250300,,20250600
2025-01-06 09:00:00,,20250600,125.4,20250300,,20250600
2025-01-06 10:00:00,,20250600,125.4,20250300,,20250600
2025-01-06 11:00:00,,20250600,126.0,20250300,,20250600
2025-01-06 12:00:00,,20250600,126.1,20250300,,20250600
2025-01-06 13:00:00,,20250600,125.9,20250300,,20250600
2025-01-06 14:00:00,,20250600,125.3,20250300,,20250600
2025-01-06 15:00:00,,20250600,125.5,20250300,,20250600
2025-01-06 16:00:00,,20250600,125.7,20250300,,20250600
2025-01-06 17:00:00,,20250600,125.7,20250300,,20250600
2025-01-06 18:00:00,,20250600,125.7,20250300,,20250600
2025-01-06 19:00:00,,20250600,125.7,20250300,,20250600
2025-01-06 20:00:00,,20250600,125.7,20250300,,20250600
2025-01-06 21:00:00,,20250600,125.7,20250300,,20250600
2025-01-06 23:00:00,123.4,20250600,125.5,20250300,123.4,20250600
2025-01-07 08:00:00,,20250600,126.3,20250300,,20250600
2025-01-07 09:00:00,,20250600,126.3,20250300,,20250600
2025-01-07 10:00:00,,20250600,126.5,20250300,,20250600
2025-01-07 11:00:00,,20250600,126.3,20250300,,20250600
2025-01-07 12:00:00,,20250600,125.9,20250300,,20250600
2025-01-07 13:00:00,,20250600,125.7,20250300,,20250600
2025-01-07 14:00:00,,20250600,125.6,20250300,,20250600
2025-01-07 15:00:00,,20250600,124.7,20250300,,20250600
2025-01-07 16:00:00,,20250600,124.7,20250300,,20250600
2025-01-07 17:00:00,,20250600,124.7,20250300,,20250600
2025-01-07 18:00:00,,20250600,124.7,20250300,,20250600
2025-01-07 19:00:00,,20250600,124.7,20250300,,20250600
2025-01-07 20:00:00,,20250600,124.6,20250300,,20250600
2025-01-07 21:00:00,,20250600,124.6,20250300,,20250600
2025-01-07 23:00:00,122.3,20250600,124.3,20250300,122.3,20250600
2025-01-08 07:00:00,,20250600,124.4,20250300,,20250600
2025-01-08 08:00:00,,20250600,124.2,20250300,,20250600
2025-01-08 09:00:00,,20250600,124.3,20250300,,20250600
2025-01-08 10:00:00,,20250600,124.5,20250300,,20250600
2025-01-08 11:00:00,,20250600,122.8,20250300,,20250600
2025-01-08 12:00:00,,20250600,121.9,20250300,,20250600
2025-01-08 13:00:00,,20250600,121.9,20250300,,20250600
2025-01-08 14:00:00,,20250600,121.6,20250300,,20250600
2025-01-08 15:00:00,,20250600,122.1,20250300,,20250600
2025-01-08 16:00:00,,20250600,122.5,20250300,,20250600
2025-01-08 17:00:00,,20250600,122.5,20250300,,20250600
2025-01-08 18:00:00,,20250600,122.5,20250300,,20250600
2025-01-08 19:00:00,,20250600,122.5,20250300,,20250600
2025-01-08 20:00:00,,20250600,122.5,20250300,,20250600
2025-01-08 21:00:00,,20250600,122.5,20250300,,20250600
2025-01-08 23:00:00,120.3,20250600,122.4,20250300,120.3,20250600
2025-01-09 08:00:00,,20250600,122.2,20250300,,20250600
2025-01-09 09:00:00,,20250600,122.2,20250300,,20250600
2025-01-09 10:00:00,,20250600,122.3,20250300,,20250600
2025-01-09 11:00:00,,20250600,122.0,20250300,,20250600
2025-01-09 12:00:00,,20250600,122.5,20250300,,20250600
2025-01-09 13:00:00,,20250600,122.5,20250300,,20250600
2025-01-09 14:00:00,,20250600,122.5,20250300,,20250600
2025-01-09 15:00:00,,20250600,122.6,20250300,,20250600
2025-01-09 16:00:00,,20250600,122.6,20250300,,20250600
2025-01-09 17:00:00,,20250600,122.6,20250300,,20250600
2025-01-09 18:00:00,,20250600,122.6,20250300,,20250600
2025-01-09 19:00:00,,20250600,122.6,20250300,,20250600
2025-01-09 20:00:00,,20250600,122.6,20250300,,20250600
2025-01-09 21:00:00,,20250600,122.6,20250300,,20250600
2025-01-09 23:00:00,120.4,20250600,122.5,20250300,120.4,20250600
2025-01-10 08:00:00,,20250600,122.5,20250300,,20250600
2025-01-10 09:00:00,,20250600,122.1,20250300,,20250600
2025-01-10 10:00:00,,20250600,122.0,20250300,,20250600
2025-01-10 11:00:00,,20250600,121.8,20250300,,20250600
2025-01-10 12:00:00,,20250600,122.2,20250300,,20250600
2025-01-10 13:00:00,,20250600,121.1,20250300,,20250600
2025-01-10 14:00:00,,20250600,121.3,20250300,,20250600
2025-01-10 15:00:00,,20250600,121.2,20250300,,20250600
2025-01-10 16:00:00,,20250600,121.3,20250300,,20250600
2025-01-10 17:00:00,,20250600,121.3,20250300,,20250600
2025-01-10 18:00:00,,20250600,121.3,20250300,,20250600
2025-01-10 19:00:00,,20250600,121.3,20250300,,20250600
2025-01-10 20:00:00,,20250600,121.3,20250300,,20250600
2025-01-10 21:00:00,,20250600,121.3,20250300,,20250600
2025-01-10 23:00:00,119.2,20250600,121.3,20250300,119.2,20250600
2025-01-13 08:00:00,,20250600,120.4,20250300,,20250600
2025-01-13 09:00:00,,20250600,120.5,20250300,,20250600
2025-01-13 10:00:00,,20250600,120.2,20250300,,20250600
2025-01-13 11:00:00,,20250600,120.1,20250300,,20250600
2025-01-13 12:00:00,,20250600,120.4,20250300,,20250600
2025-01-13 13:00:00,,20250600,120.3,20250300,,20250600
2025-01-13 14:00:00,,20250600,120.0,20250300,,20250600
2025-01-13 15:00:00,,20250600,119.9,20250300,,20250600
2025-01-13 16:00:00,,20250600,119.8,20250300,,20250600
2025-01-13 17:00:00,,20250600,119.8,20250300,,20250600
2025-01-13 23:00:00,117.8,20250600,119.9,20250300,117.8,20250600
2025-01-14 08:00:00,,20250600,120.5,20250300,,20250600
2025-01-14 09:00:00,,20250600,120.3,20250300,,20250600
2025-01-14 10:00:00,,20250600,120.4,20250300,,20250600
2025-01-14 11:00:00,,20250600,120.2,20250300,,20250600
2025-01-14 12:00:00,,20250600,120.1,20250300,,20250600
2025-01-14 13:00:00,,20250600,120.2,20250300,,20250600
2025-01-14 14:00:00,,20250600,120.0,20250300,,20250600
2025-01-14 15:00:00,,20250600,120.2,20250300,,20250600
2025-01-14 16:00:00,,20250600,120.4,20250300,,20250600
2025-01-14 17:00:00,,20250600,120.4,20250300,,20250600
2025-01-14 18:00:00,,20250600,120.4,20250300,,20250600
2025-01-14 19:00:00,,20250600,120.4,20250300,,20250600
2025-01-14 20:00:00,,20250600,120.4,20250300,,20250600
2025-01-14 21:00:00,,20250600,120.4,20250300,,20250600
2025-01-14 23:00:00,118.4,20250600,120.4,20250300,118.4,20250600
2025-01-15 08:00:00,,20250600,122.1,20250300,,20250600
2025-01-15 09:00:00,,20250600,122.0,20250300,,20250600
2025-01-15 10:00:00,,20250600,122.4,20250300,,20250600
2025-01-15 11:00:00,,20250600,122.5,20250300,,20250600
2025-01-15 12:00:00,,20250600,122.7,20250300,,20250600
2025-01-15 13:00:00,,20250600,124.5,20250300,,20250600
2025-01-15 14:00:00,,20250600,124.0,20250300,,20250600
2025-01-15 15:00:00,,20250600,124.2,20250300,,20250600
2025-01-15 16:00:00,,20250600,124.3,20250300,,20250600
2025-01-15 17:00:00,,20250600,124.3,20250300,,20250600
2025-01-15 18:00:00,,20250600,124.3,20250300,,20250600
2025-01-15 19:00:00,,20250600,124.3,20250300,,20250600
2025-01-15 20:00:00,,20250600,124.3,20250300,,20250600
2025-01-15 21:00:00,,20250600,124.3,20250300,,20250600
2025-01-15 23:00:00,122.5,20250600,124.4,20250300,122.5,20250600
2025-01-16 08:00:00,,20250600,123.8,20250300,,20250600
2025-01-16 09:00:00,,20250600,124.0,20250300,,20250600
2025-01-16 10:00:00,,20250600,124.0,20250300,,20250600
2025-01-16 11:00:00,,20250600,123.5,20250300,,20250600
2025-01-16 12:00:00,,20250600,123.4,20250300,,20250600
2025-01-16 13:00:00,,20250600,123.3,20250300,,20250600
2025-01-16 14:00:00,,20250600,123.5,20250300,,20250600
2025-01-16 15:00:00,,20250600,124.5,20250300,,20250600
2025-01-16 16:00:00,,20250600,124.9,20250300,,20250600
2025-01-16 17:00:00,,20250600,124.9,20250300,,20250600
2025-01-16 18:00:00,,20250600,124.9,20250300,,20250600
2025-01-16 19:00:00,,20250600,124.9,20250300,,20250600
2025-01-16 20:00:00,,20250600,124.9,20250300,,20250600
2025-01-16 21:00:00,,20250600,124.9,20250300,,20250600
2025-01-16 23:00:00,122.8,20250600,124.8,20250300,122.8,20250600
2025-01-17 08:00:00,,20250600,125.4,20250300,,20250600
2025-01-17 09:00:00,,20250600,125.7,20250300,,20250600
2025-01-17 10:00:00,,20250600,126.0,20250300,,20250600
2025-01-17 11:00:00,,20250600,126.0,20250300,,20250600
2025-01-17 12:00:00,,20250600,126.0,20250300,,20250600
2025-01-17 13:00:00,,20250600,126.4,20250300,,20250600
2025-01-17 14:00:00,,20250600,126.0,20250300,,20250600
2025-01-17 15:00:00,,20250600,126.2,20250300,,20250600
2025-01-17 16:00:00,,20250600,125.9,20250300,,20250600
2025-01-17 17:00:00,,20250600,125.9,20250300,,20250600
2025-01-17 18:00:00,,20250600,125.9,20250300,,20250600
2025-01-17 19:00:00,,20250600,125.9,20250300,,20250600
2025-01-17 20:00:00,,20250600,125.9,20250300,,20250600
2025-01-17 21:00:00,,20250600,125.9,20250300,,20250600
2025-01-17 23:00:00,124.0,20250600,126.0,20250300,124.0,20250600
2025-01-20 08:00:00,,20250600,125.8,20250300,,20250600
2025-01-20 09:00:00,,20250600,125.2,20250300,,20250600
2025-01-20 10:00:00,,20250600,125.0,20250300,,20250600
2025-01-20 11:00:00,,20250600,124.8,20250300,,20250600
2025-01-20 12:00:00,,20250600,124.9,20250300,,20250600
2025-01-20 13:00:00,,20250600,125.1,20250300,,20250600
2025-01-20 14:00:00,,20250600,125.3,20250300,,20250600
2025-01-20 15:00:00,,20250600,125.3,20250300,,20250600
2025-01-20 16:00:00,,20250600,125.0,20250300,,20250600
2025-01-20 17:00:00,,20250600,125.0,20250300,,20250600
2025-01-20 18:00:00,,20250600,125.0,20250300,,20250600
2025-01-20 19:00:00,,20250600,125.0,20250300,,20250600
2025-01-20 20:00:00,,20250600,125.0,20250300,,20250600
2025-01-20 21:00:00,,20250600,125.0,20250300,,20250600
2025-01-20 23:00:00,123.2,20250600,125.1,20250300,123.2,20250600
2025-01-21 08:00:00,,20250600,125.0,20250300,,20250600
2025-01-21 09:00:00,,20250600,125.0,20250300,,20250600
2025-01-21 10:00:00,,20250600,125.3,20250300,,20250600
2025-01-21 11:00:00,,20250600,124.8,20250300,,20250600
2025-01-21 12:00:00,,20250600,124.6,20250300,,20250600
2025-01-21 13:00:00,,20250600,124.6,20250300,,20250600
2025-01-21 14:00:00,,20250600,125.0,20250300,,20250600
2025-01-21 15:00:00,,20250600,125.2,20250300,,20250600
2025-01-21 16:00:00,,20250600,125.1,20250300,,20250600
2025-01-21 17:00:00,,20250600,125.1,20250300,,20250600
2025-01-21 18:00:00,,20250600,125.1,20250300,,20250600
2025-01-21 19:00:00,,20250600,125.1,20250300,,20250600
2025-01-21 20:00:00,,20250600,125.1,20250300,,20250600
2025-01-21 21:00:00,,20250600,125.1,20250300,,20250600
2025-01-21 23:00:00,123.2,20250600,125.2,20250300,123.2,20250600
2025-01-22 08:00:00,,20250600,125.6,20250300,,20250600
2025-01-22 09:00:00,,20250600,125.3,20250300,,20250600
2025-01-22 10:00:00,,20250600,124.9,20250300,,20250600
2025-01-22 11:00:00,,20250600,124.9,20250300,,20250600
2025-01-22 12:00:00,,20250600,124.8,20250300,,20250600
2025-01-22 13:00:00,,20250600,124.8,20250300,,20250600
2025-01-22 14:00:00,,20250600,124.3,20250300,,20250600
2025-01-22 15:00:00,,20250600,124.0,20250300,,20250600
2025-01-22 16:00:00,,20250600,123.9,20250300,,20250600
2025-01-22 17:00:00,,20250600,123.9,20250300,,20250600
2025-01-22 18:00:00,,20250600,123.9,20250300,,20250600
2025-01-22 19:00:00,,20250600,123.9,20250300,,20250600
2025-01-22 20:00:00,,20250600,123.9,20250300,,20250600
2025-01-22 21:00:00,,20250600,123.9,20250300,,20250600
2025-01-22 23:00:00,122.2,20250600,124.2,20250300,122.2,20250600
2025-01-23 08:00:00,,20250600,124.3,20250300,,20250600
2025-01-23 09:00:00,,20250600,124.1,20250300,,20250600
2025-01-23 10:00:00,,20250600,124.3,20250300,,20250600
2025-01-23 11:00:00,,20250600,124.5,20250300,,20250600
2025-01-23 12:00:00,,20250600,125.0,20250300,,20250600
2025-01-23 13:00:00,,20250600,125.0,20250300,,20250600
2025-01-23 14:00:00,,20250600,124.7,20250300,,20250600
2025-01-23 15:00:00,,20250600,125.1,20250300,,20250600
2025-01-23 16:00:00,,20250600,125.5,20250300,,20250600
2025-01-23 17:00:00,,20250600,125.5,20250300,,20250600
2025-01-23 18:00:00,,20250600,125.5,20250300,,20250600
2025-01-23 19:00:00,,20250600,125.5,20250300,,20250600
2025-01-23 20:00:00,,20250600,125.5,20250300,,20250600
2025-01-23 21:00:00,,20250600,125.5,20250300,,20250600
2025-01-23 23:00:00,123.2,20250600,125.4,20250300,123.2,20250600
2025-01-24 08:00:00,,20250600,125.8,20250300,,20250600
2025-01-24 09:00:00,,20250600,125.1,20250300,,20250600
2025-01-24 10:00:00,,20250600,125.1,20250300,,20250600
2025-01-24 11:00:00,,20250600,125.0,20250300,,20250600
2025-01-24 12:00:00,,20250600,124.9,20250300,,20250600
2025-01-24 13:00:00,,20250600,125.0,20250300,,20250600
2025-01-24 14:00:00,,20250600,124.4,20250300,,20250600
2025-01-24 15:00:00,,20250600,124.0,20250300,,20250600
2025-01-24 16:00:00,,20250600,124.6,20250300,,20250600
2025-01-24 17:00:00,,20250600,124.6,20250300,,20250600
2025-01-24 18:00:00,,20250600,124.6,20250300,,20250600
2025-01-24 19:00:00,,20250600,124.6,20250300,,20250600
2025-01-24 20:00:00,,20250600,124.6,20250300,,20250600
2025-01-24 21:00:00,,20250600,124.6,20250300,,20250600
2025-01-24 23:00:00,122.3,20250600,124.5,20250300,122.3,20250600
2025-01-27 08:00:00,,20250600,126.0,20250300,,20250600
2025-01-27 09:00:00,,20250600,125.7,20250300,,20250600
2025-01-27 10:00:00,,20250600,126.3,20250300,,20250600
2025-01-27 11:00:00,,20250600,126.7,20250300,,20250600
2025-01-27 12:00:00,,20250600,126.1,20250300,,20250600
2025-01-27 13:00:00,,20250600,126.1,20250300,,20250600
2025-01-27 14:00:00,,20250600,126.0,20250300,,20250600
2025-01-27 15:00:00,,20250600,126.0,20250300,,20250600
2025-01-27 16:00:00,,20250600,126.0,20250300,,20250600
2025-01-27 17:00:00,,20250600,126.0,20250300,,20250600
2025-01-27 18:00:00,,20250600,126.0,20250300,,20250600
2025-01-27 19:00:00,,20250600,126.0,20250300,,20250600
2025-01-27 20:00:00,,20250600,126.0,20250300,,20250600
2025-01-27 21:00:00,,20250600,126.0,20250300,,20250600
2025-01-27 23:00:00,124.1,20250600,126.2,20250300,124.1,20250600
2025-01-28 08:00:00,,20250600,126.3,20250300,,20250600
2025-01-28 09:00:00,,20250600,126.5,20250300,,20250600
2025-01-28 10:00:00,,20250600,126.7,20250300,,20250600
2025-01-28 11:00:00,,20250600,126.6,20250300,,20250600
2025-01-28 12:00:00,,20250600,127.0,20250300,,20250600
2025-01-28 13:00:00,,20250600,127.2,20250300,,20250600
2025-01-28 14:00:00,,20250600,127.7,20250300,,20250600
2025-01-28 15:00:00,,20250600,127.9,20250300,,20250600
2025-01-28 16:00:00,,20250600,127.7,20250300,,20250600
2025-01-28 17:00:00,,20250600,127.7,20250300,,20250600
2025-01-28 18:00:00,,20250600,127.7,20250300,,20250600
2025-01-28 19:00:00,,20250600,127.7,20250300,,20250600
2025-01-28 20:00:00,,20250600,127.7,20250300,,20250600
2025-01-28 21:00:00,,20250600,127.7,20250300,,20250600
2025-01-28 23:00:00,125.6,20250600,127.7,20250300,125.6,20250600
2025-01-29 08:00:00,,20250600,126.9,20250300,,20250600
2025-01-29 09:00:00,,20250600,127.5,20250300,,20250600
2025-01-29 10:00:00,,20250600,127.5,20250300,,20250600
2025-01-29 11:00:00,,20250600,127.1,20250300,,20250600
2025-01-29 12:00:00,,20250600,127.2,20250300,,20250600
2025-01-29 13:00:00,,20250600,127.2,20250300,,20250600
2025-01-29 14:00:00,,20250600,127.0,20250300,,20250600
2025-01-29 15:00:00,,20250600,126.9,20250300,,20250600
2025-01-29 16:00:00,,20250600,126.7,20250300,,20250600
2025-01-29 17:00:00,,20250600,126.7,20250300,,20250600
2025-01-29 18:00:00,,20250600,126.7,20250300,,20250600
2025-01-29 19:00:00,,20250600,126.7,20250300,,20250600
2025-01-29 20:00:00,,20250600,126.7,20250300,,20250600
2025-01-29 21:00:00,,20250600,126.7,20250300,,20250600
2025-01-29 23:00:00,124.6,20250600,126.8,20250300,124.6,20250600
2025-01-30 08:00:00,,20250600,128.4,20250300,,20250600
2025-01-30 09:00:00,,20250600,128.2,20250300,,20250600
2025-01-30 10:00:00,,20250600,128.7,20250300,,20250600
2025-01-30 11:00:00,,20250600,128.4,20250300,,20250600
2025-01-30 12:00:00,,20250600,128.7,20250300,,20250600
2025-01-30 13:00:00,,20250600,128.8,20250300,,20250600
2025-01-30 14:00:00,,20250600,129.1,20250300,,20250600
2025-01-30 15:00:00,,20250600,129.5,20250300,,20250600
2025-01-30 16:00:00,,20250600,129.5,20250300,,20250600
2025-01-30 17:00:00,,20250600,129.5,20250300,,20250600
2025-01-30 18:00:00,,20250600,129.5,20250300,,20250600
2025-01-30 19:00:00,,20250600,129.5,20250300,,20250600
2025-01-30 20:00:00,,20250600,129.5,20250300,,20250600
2025-01-30 21:00:00,,20250600,129.5,20250300,,20250600
2025-01-30 23:00:00,127.3,20250600,129.4,20250300,127.3,20250600
2025-01-31 08:00:00,,20250600,128.0,20250300,,20250600
2025-01-31 09:00:00,,20250600,128.4,20250300,,20250600
2025-01-31 10:00:00,,20250600,129.1,20250300,,20250600
2025-01-31 11:00:00,,20250600,129.7,20250300,,20250600
2025-01-31 12:00:00,,20250600,129.3,20250300,,20250600
2025-01-31 13:00:00,,20250600,129.3,20250300,,20250600
2025-01-31 14:00:00,,20250600,129.2,20250300,,20250600
2025-01-31 15:00:00,,20250600,129.6,20250300,,20250600
2025-01-31 16:00:00,,20250600,129.9,20250300,,20250600
2025-01-31 17:00:00,,20250600,129.9,20250300,,20250600
2025-01-31 18:00:00,,20250600,129.9,20250300,,20250600
2025-01-31 19:00:00,,20250600,130.5,20250300,,20250600
2025-01-31 20:00:00,,20250600,130.5,20250300,,20250600
2025-01-31 21:00:00,,20250600,130.5,20250300,,20250600
2025-01-31 23:00:00,127.4,20250600,129.5,20250300,127.4,20250600
2025-02-03 08:00:00,,20250600,127.6,20250300,,20250600
2025-02-03 09:00:00,,20250600,127.8,20250300,,20250600
2025-02-03 10:00:00,,20250600,127.9,20250300,,20250600
2025-02-03 11:00:00,,20250600,127.9,20250300,,20250600
2025-02-03 12:00:00,,20250600,127.8,20250300,,20250600
2025-02-03 13:00:00,,20250600,127.9,20250300,,20250600
2025-02-03 14:00:00,,20250600,128.2,20250300,,20250600
2025-02-03 15:00:00,,20250600,128.7,20250300,,20250600
2025-02-03 16:00:00,,20250600,128.5,20250300,,20250600
2025-02-03 17:00:00,,20250600,128.5,20250300,,20250600
2025-02-03 18:00:00,,20250600,128.5,20250300,,20250600
2025-02-03 19:00:00,,20250600,128.5,20250300,,20250600
2025-02-03 20:00:00,,20250600,128.5,20250300,,20250600
2025-02-03 21:00:00,,20250600,128.5,20250300,,20250600
2025-02-03 23:00:00,126.5,20250600,128.6,20250300,126.5,20250600
2025-02-04 08:00:00,,20250600,128.1,20250300,,20250600
2025-02-04 09:00:00,,20250600,128.1,20250300,,20250600
2025-02-04 10:00:00,,20250600,128.1,20250300,,20250600
2025-02-04 11:00:00,,20250600,128.1,20250300,,20250600
2025-02-04 12:00:00,,20250600,128.1,20250300,,20250600
2025-02-04 13:00:00,,20250600,128.3,20250300,,20250600
2025-02-04 14:00:00,,20250600,128.2,20250300,,20250600
2025-02-04 15:00:00,,20250600,128.5,20250300,,20250600
2025-02-04 16:00:00,,20250600,128.8,20250300,,20250600
2025-02-04 17:00:00,,20250600,128.8,20250300,,20250600
2025-02-04 18:00:00,,20250600,128.8,20250300,,20250600
2025-02-04 19:00:00,,20250600,128.8,20250300,,20250600
2025-02-04 20:00:00,,20250600,128.8,20250300,,20250600
2025-02-04 21:00:00,,20250600,128.8,20250300,,20250600
2025-02-04 23:00:00,126.8,20250600,128.9,20250300,126.8,20250600
2025-02-05 08:00:00,,20250600,129.0,20250300,,20250600
2025-02-05 09:00:00,,20250600,129.6,20250300,,20250600
2025-02-05 10:00:00,,20250600,130.0,20250300,,20250600
2025-02-05 11:00:00,,20250600,130.2,20250300,,20250600
2025-02-05 12:00:00,,20250600,130.6,20250300,,20250600
2025-02-05 13:00:00,,20250600,130.6,20250300,,20250600
2025-02-05 14:00:00,,20250600,130.8,20250300,,20250600
2025-02-05 15:00:00,,20250600,131.2,20250300,,20250600
2025-02-05 16:00:00,,20250600,131.4,20250300,,20250600
2025-02-05 17:00:00,,20250600,131.4,20250300,,20250600
2025-02-05 18:00:00,,20250600,131.4,20250300,,20250600
2025-02-05 19:00:00,,20250600,131.4,20250300,,20250600
2025-02-05 20:00:00,,20250600,131.4,20250300,,20250600
2025-02-05 21:00:00,,20250600,131.4,20250300,,20250600
2025-02-05 23:00:00,129.0,20250600,131.1,20250300,129.0,20250600
2025-02-06 08:00:00,,20250600,131.2,20250300,,20250600
2025-02-06 09:00:00,,20250600,131.1,20250300,,20250600
2025-02-06 10:00:00,,20250600,131.0,20250300,,20250600
2025-02-06 11:00:00,,20250600,131.2,20250300,,20250600
2025-02-06 12:00:00,,20250600,131.5,20250300,,20250600
2025-02-06 13:00:00,,20250600,130.8,20250300,,20250600
2025-02-06 14:00:00,,20250600,131.2,20250300,,20250600
2025-02-06 15:00:00,,20250600,131.2,20250300,,20250600
2025-02-06 16:00:00,,20250600,131.0,20250300,,20250600
2025-02-06 17:00:00,,20250600,131.0,20250300,,20250600
2025-02-06 18:00:00,,20250600,131.0,20250300,,20250600
2025-02-06 19:00:00,,20250600,131.0,20250300,,20250600
2025-02-06 20:00:00,,20250600,131.0,20250300,,20250600
2025-02-06 21:00:00,,20250600,131.0,20250300,,20250600
2025-02-06 23:00:00,129.3,20250600,131.4,20250300,129.3,20250600
2025-02-07 08:00:00,,20250600,131.4,20250300,,20250600
2025-02-07 09:00:00,,20250600,131.3,20250300,,20250600
2025-02-07 10:00:00,,20250600,130.8,20250300,,20250600
2025-02-07 11:00:00,,20250600,130.9,20250300,,20250600
2025-02-07 12:00:00,,20250600,131.0,20250300,,20250600
2025-02-07 13:00:00,,20250600,130.9,20250300,,20250600
2025-02-07 14:00:00,,20250600,130.3,20250300,,20250600
2025-02-07 15:00:00,,20250600,129.6,20250300,,20250600
2025-02-07 16:00:00,,20250600,129.9,20250300,,20250600
2025-02-07 17:00:00,,20250600,129.9,20250300,,20250600
2025-02-07 18:00:00,,20250600,129.9,20250300,,20250600
2025-02-07 19:00:00,,20250600,129.9,20250300,,20250600
2025-02-07 20:00:00,,20250600,129.9,20250300,,20250600
2025-02-07 21:00:00,,20250600,129.9,20250300,,20250600
2025-02-07 23:00:00,127.8,20250600,129.9,20250300,127.8,20250600
2025-02-10 08:00:00,,20250600,131.0,20250300,,20250600
2025-02-10 09:00:00,,20250600,131.3,20250300,,20250600
2025-02-10 10:00:00,,20250600,131.3,20250300,,20250600
2025-02-10 11:00:00,,20250600,131.1,20250300,,20250600
2025-02-10 12:00:00,,20250600,131.7,20250300,,20250600
2025-02-10 13:00:00,,20250600,131.8,20250300,,20250600
2025-02-10 14:00:00,,20250600,131.3,20250300,,20250600
2025-02-10 15:00:00,,20250600,131.6,20250300,,20250600
2025-02-10 16:00:00,,20250600,131.1,20250300,,20250600
2025-02-10 17:00:00,,20250600,131.1,20250300,,20250600
2025-02-10 18:00:00,,20250600,131.1,20250300,,20250600
2025-02-10 19:00:00,,20250600,131.1,20250300,,20250600
2025-02-10 20:00:00,,20250600,131.1,20250300,,20250600
2025-02-10 21:00:00,,20250600,131.1,20250300,,20250600
2025-02-10 23:00:00,129.4,20250600,131.5,20250300,129.4,20250600
2025-02-11 08:00:00,,20250600,131.0,20250300,,20250600
2025-02-11 09:00:00,,20250600,131.4,20250300,,20250600
2025-02-11 10:00:00,,20250600,130.7,20250300,,20250600
2025-02-11 11:00:00,,20250600,131.0,20250300,,20250600
2025-02-11 12:00:00,,20250600,130.7,20250300,,20250600
2025-02-11 13:00:00,,20250600,130.3,20250300,,20250600
2025-02-11 14:00:00,,20250600,130.5,20250300,,20250600
2025-02-11 15:00:00,,20250600,130.2,20250300,,20250600
2025-02-11 16:00:00,,20250600,130.4,20250300,,20250600
2025-02-11 17:00:00,,20250600,130.4,20250300,,20250600
2025-02-11 18:00:00,,20250600,130.4,20250300,,20250600
2025-02-11 19:00:00,,20250600,130.4,20250300,,20250600
2025-02-11 20:00:00,,20250600,130.4,20250300,,20250600
2025-02-11 21:00:00,,20250600,130.4,20250300,,20250600
2025-02-11 23:00:00,128.4,20250600,130.4,20250300,128.4,20250600
2025-02-12 08:00:00,,20250600,131.9,20250300,,20250600
2025-02-12 09:00:00,,20250600,131.5,20250300,,20250600
2025-02-12 10:00:00,,20250600,131.3,20250300,,20250600
2025-02-12 11:00:00,,20250600,131.7,20250300,,20250600
2025-02-12 12:00:00,,20250600,131.6,20250300,,20250600
2025-02-12 13:00:00,,20250600,129.8,20250300,,20250600
2025-02-12 14:00:00,,20250600,129.5,20250300,,20250600
2025-02-12 15:00:00,,20250600,129.5,20250300,,20250600
2025-02-12 16:00:00,,20250600,129.5,20250300,,20250600
2025-02-12 17:00:00,,20250600,129.5,20250300,,20250600
2025-02-12 18:00:00,,20250600,129.5,20250300,,20250600
2025-02-12 19:00:00,,20250600,129.5,20250300,,20250600
2025-02-12 20:00:00,,20250600,129.5,20250300,,20250600
2025-02-12 21:00:00,,20250600,129.5,20250300,,20250600
2025-02-12 23:00:00,127.4,20250600,129.5,20250300,127.4,20250600
2025-02-13 08:00:00,,20250600,130.2,20250300,,20250600
2025-02-13 09:00:00,,20250600,130.1,20250300,,20250600
2025-02-13 10:00:00,,20250600,129.8,20250300,,20250600
2025-02-13 11:00:00,,20250600,129.9,20250300,,20250600
2025-02-13 12:00:00,,20250600,130.3,20250300,,20250600
2025-02-13 13:00:00,,20250600,130.6,20250300,,20250600
2025-02-13 14:00:00,,20250600,130.4,20250300,,20250600
2025-02-13 15:00:00,,20250600,130.7,20250300,,20250600
2025-02-13 16:00:00,,20250600,131.3,20250300,,20250600
2025-02-13 17:00:00,,20250600,131.3,20250300,,20250600
2025-02-13 18:00:00,,20250600,131.3,20250300,,20250600
2025-02-13 19:00:00,,20250600,131.3,20250300,,20250600
2025-02-13 20:00:00,,20250600,131.3,20250300,,20250600
2025-02-13 21:00:00,,20250600,131.3,20250300,,20250600
2025-02-13 23:00:00,128.9,20250600,130.3,20250300,128.9,20250600
2025-02-14 08:00:00,,20250600,130.6,20250300,,20250600
2025-02-14 09:00:00,,20250600,131.0,20250300,,20250600
2025-02-14 10:00:00,,20250600,130.7,20250300,,20250600
2025-02-14 11:00:00,,20250600,130.8,20250300,,20250600
2025-02-14 12:00:00,,20250600,130.9,20250300,,20250600
2025-02-14 13:00:00,,20250600,131.5,20250300,,20250600
2025-02-14 14:00:00,,20250600,131.5,20250300,,20250600
2025-02-14 15:00:00,,20250600,131.0,20250300,,20250600
2025-02-14 16:00:00,,20250600,131.0,20250300,,20250600
2025-02-14 17:00:00,,20250600,131.0,20250300,,20250600
2025-02-14 18:00:00,,20250600,131.0,20250300,,20250600
2025-02-14 19:00:00,,20250600,131.0,20250300,,20250600
2025-02-14 20:00:00,,20250600,131.0,20250300,,20250600
2025-02-14 21:00:00,,20250600,131.0,20250300,,20250600
2025-02-14 23:00:00,128.9,20250600,131.0,20250300,128.9,20250600
2025-02-17 08:00:00,,20250600,130.6,20250300,,20250600
2025-02-17 09:00:00,,20250600,129.9,20250300,,20250600
2025-02-17 10:00:00,,20250600,129.7,20250300,,20250600
2025-02-17 11:00:00,,20250600,129.8,20250300,,20250600
2025-02-17 12:00:00,,20250600,129.9,20250300,,20250600
2025-02-17 13:00:00,,20250600,129.6,20250300,,20250600
2025-02-17 14:00:00,,20250600,129.7,20250300,,20250600
2025-02-17 15:00:00,,20250600,129.8,20250300,,20250600
2025-02-17 16:00:00,,20250600,130.1,20250300,,20250600
2025-02-17 17:00:00,,20250600,130.1,20250300,,20250600
2025-02-17 18:00:00,,20250600,130.1,20250300,,20250600
2025-02-17 19:00:00,,20250600,130.1,20250300,,20250600
2025-02-17 20:00:00,,20250600,130.1,20250300,,20250600
2025-02-17 21:00:00,,20250600,130.1,20250300,,20250600
2025-02-17 23:00:00,128.1,20250600,130.2,20250300,128.1,20250600
2025-02-18 08:00:00,,20250600,129.5,20250300,,20250600
2025-02-18 09:00:00,,20250600,129.3,20250300,,20250600
2025-02-18 10:00:00,,20250600,129.2,20250300,,20250600
2025-02-18 11:00:00,,20250600,129.7,20250300,,20250600
2025-02-18 12:00:00,,20250600,130.1,20250300,,20250600
2025-02-18 13:00:00,,20250600,130.2,20250300,,20250600
2025-02-18 14:00:00,,20250600,130.0,20250300,,20250600
2025-02-18 15:00:00,,20250600,130.1,20250300,,20250600
2025-02-18 16:00:00,,20250600,129.6,20250300,,20250600
2025-02-18 17:00:00,,20250600,129.6,20250300,,20250600
2025-02-18 18:00:00,,20250600,129.6,20250300,,20250600
2025-02-18 19:00:00,,20250600,129.6,20250300,,20250600
2025-02-18 20:00:00,,20250600,129.6,20250300,,20250600
2025-02-18 21:00:00,,20250600,129.6,20250300,,20250600
2025-02-18 23:00:00,127.8,20250600,129.9,20250300,127.8,20250600
2025-02-19 08:00:00,,20250600,129.2,20250300,,20250600
2025-02-19 09:00:00,,20250600,129.8,20250300,,20250600
2025-02-19 10:00:00,,20250600,129.5,20250300,,20250600
2025-02-19 11:00:00,,20250600,128.6,20250300,,20250600
2025-02-19 12:00:00,,20250600,128.9,20250300,,20250600
2025-02-19 13:00:00,,20250600,128.2,20250300,,20250600
2025-02-19 14:00:00,,20250600,128.1,20250300,,20250600
2025-02-19 15:00:00,,20250600,128.1,20250300,,20250600
2025-02-19 16:00:00,,20250600,128.3,20250300,,20250600
2025-02-19 17:00:00,,20250600,128.3,20250300,,20250600
2025-02-19 18:00:00,,20250600,128.3,20250300,,20250600
2025-02-19 19:00:00,,20250600,128.3,20250300,,20250600
2025-02-19 20:00:00,,20250600,128.3,20250300,,20250600
2025-02-19 21:00:00,,20250600,128.3,20250300,,20250600
2025-02-19 23:00:00,126.2,20250600,128.3,20250300,126.2,20250600
2025-02-20 08:00:00,,20250600,128.9,20250300,,20250600
2025-02-20 09:00:00,,20250600,129.4,20250300,,20250600
2025-02-20 10:00:00,,20250600,129.3,20250300,,20250600
2025-02-20 11:00:00,,20250600,128.8,20250300,,20250600
2025-02-20 12:00:00,,20250600,129.0,20250300,,20250600
2025-02-20 13:00:00,,20250600,128.5,20250300,,20250600
2025-02-20 14:00:00,,20250600,128.9,20250300,,20250600
2025-02-20 15:00:00,,20250600,129.0,20250300,,20250600
2025-02-20 16:00:00,,20250600,129.2,20250300,,20250600
2025-02-20 17:00:00,,20250600,129.1,20250300,,20250600
2025-02-20 18:00:00,,20250600,129.1,20250300,,20250600
2025-02-20 19:00:00,,20250600,129.1,20250300,,20250600
2025-02-20 20:00:00,,20250600,129.1,20250300,,20250600
2025-02-20 21:00:00,,20250600,129.1,20250300,,20250600
2025-02-20 23:00:00,127.0,20250600,129.0,20250300,127.0,20250600
2025-02-21 08:00:00,,20250600,129.4,20250300,,20250600
2025-02-21 09:00:00,,20250600,129.3,20250300,,20250600
2025-02-21 10:00:00,,20250600,129.9,20250300,,20250600
2025-02-21 11:00:00,,20250600,129.9,20250300,,20250600
2025-02-21 12:00:00,,20250600,129.6,20250300,,20250600
2025-02-21 13:00:00,,20250600,129.2,20250300,,20250600
2025-02-21 14:00:00,,20250600,129.2,20250300,,20250600
2025-02-21 15:00:00,,20250600,129.1,20250300,,20250600
2025-02-21 16:00:00,,20250600,129.4,20250300,,20250600
2025-02-21 17:00:00,,20250600,129.4,20250300,,20250600
2025-02-21 18:00:00,,20250600,129.4,20250300,,20250600
2025-02-21 19:00:00,,20250600,129.4,20250300,,20250600
2025-02-21 20:00:00,,20250600,129.4,20250300,,20250600
2025-02-21 21:00:00,,20250600,129.4,20250300,,20250600
2025-02-21 23:00:00,127.3,20250600,129.4,20250300,127.3,20250600
2025-02-24 08:00:00,,20250600,130.5,20250300,,20250600
2025-02-24 09:00:00,,20250600,131.0,20250300,,20250600
2025-02-24 10:00:00,,20250600,130.8,20250300,,20250600
2025-02-24 11:00:00,,20250600,130.8,20250300,,20250600
2025-02-24 12:00:00,,20250600,130.4,20250300,,20250600
2025-02-24 13:00:00,,20250600,130.0,20250300,,20250600
2025-02-24 14:00:00,,20250600,130.2,20250300,,20250600
2025-02-24 15:00:00,,20250600,129.9,20250300,,20250600
2025-02-24 16:00:00,,20250600,129.7,20250300,,20250600
2025-02-24 17:00:00,,20250600,129.7,20250300,,20250600
2025-02-24 18:00:00,,20250600,129.7,20250300,,20250600
2025-02-24 19:00:00,,20250600,129.7,20250300,,20250600
2025-02-24 20:00:00,,20250600,129.7,20250300,,20250600
2025-02-24 21:00:00,,20250600,129.7,20250300,,20250600
2025-02-24 23:00:00,127.7,20250600,129.8,20250300,127.7,20250600
2025-02-25 08:00:00,,20250600,130.2,20250300,,20250600
2025-02-25 09:00:00,,20250600,130.8,20250300,,20250600
2025-02-25 10:00:00,,20250600,130.4,20250300,,20250600
2025-02-25 11:00:00,,20250600,130.5,20250300,,20250600
2025-02-25 12:00:00,,20250600,130.8,20250300,,20250600
2025-02-25 13:00:00,,20250600,130.8,20250300,,20250600
2025-02-25 14:00:00,,20250600,130.8,20250300,,20250600
2025-02-25 15:00:00,,20250600,130.3,20250300,,20250600
2025-02-25 16:00:00,,20250600,130.4,20250300,,20250600
2025-02-25 17:00:00,,20250600,130.4,20250300,,20250600
2025-02-25 18:00:00,,20250600,130.4,20250300,,20250600
2025-02-25 19:00:00,,20250600,130.4,20250300,,20250600
2025-02-25 20:00:00,,20250600,130.4,20250300,,20250600
2025-02-25 21:00:00,,20250600,130.4,20250300,,20250600
2025-02-25 23:00:00,128.1,20250600,130.2,20250300,128.1,20250600
2025-02-26 08:00:00,,20250600,130.7,20250300,,20250600
2025-02-26 09:00:00,,20250600,130.6,20250300,,20250600
2025-02-26 10:00:00,,20250600,130.5,20250300,,20250600
2025-02-26 11:00:00,,20250600,130.5,20250300,,20250600
2025-02-26 12:00:00,,20250600,130.8,20250300,,20250600
2025-02-26 13:00:00,,20250600,130.9,20250300,,20250600
2025-02-26 14:00:00,,20250600,130.2,20250300,,20250600
2025-02-26 15:00:00,,20250600,129.7,20250300,,20250600
2025-02-26 16:00:00,,20250600,129.9,20250300,,20250600
2025-02-26 17:00:00,,20250600,129.9,20250300,,20250600
2025-02-26 18:00:00,,20250600,129.9,20250300,,20250600
2025-02-26 19:00:00,,20250600,129.9,20250300,,20250600
2025-02-26 20:00:00,,20250600,129.9,20250300,,20250600
2025-02-26 21:00:00,,20250600,129.9,20250300,,20250600
2025-02-26 23:00:00,128.0,20250600,130.1,20250300,128.0,20250600
2025-02-27 08:00:00,,20250600,129.0,20250300,,20250600
2025-02-27 09:00:00,,20250600,129.6,20250300,,20250600
2025-02-27 10:00:00,,20250600,129.6,20250300,,20250600
2025-02-27 11:00:00,,20250600,129.6,20250300,,20250600
2025-02-27 12:00:00,,20250600,129.6,20250300,,20250600
2025-02-27 13:00:00,,20250600,129.7,20250300,,20250600
2025-02-27 14:00:00,,20250600,129.7,20250300,,20250600
2025-02-27 15:00:00,,20250600,129.7,20250300,,20250600
2025-02-27 16:00:00,,20250600,130.2,20250300,,20250600
2025-02-27 17:00:00,,20250600,130.2,20250300,,20250600
2025-02-27 18:00:00,,20250600,130.2,20250300,,20250600
2025-02-27 19:00:00,,20250600,130.2,20250300,,20250600
2025-02-27 20:00:00,,20250600,130.2,20250300,,20250600
2025-02-27 21:00:00,,20250600,130.2,20250300,,20250600
2025-02-27 23:00:00,128.1,20250600,130.3,20250300,128.1,20250600
2025-02-28 08:00:00,,20250600,129.7,20250300,,20250600
2025-02-28 09:00:00,,20250600,129.8,20250300,,20250600
2025-02-28 10:00:00,,20250600,130.0,20250300,,20250600
2025-02-28 11:00:00,,20250600,129.7,20250300,,20250600
2025-02-28 12:00:00,,20250600,129.8,20250300,,20250600
2025-02-28 13:00:00,,20250600,129.7,20250300,,20250600
2025-02-28 14:00:00,,20250600,129.6,20250300,,20250600
2025-02-28 15:00:00,,20250600,130.0,20250300,,20250600
2025-02-28 16:00:00,,20250600,130.1,20250300,,20250600
2025-02-28 17:00:00,,20250600,130.2,20250300,,20250600
2025-02-28 18:00:00,,20250600,130.2,20250300,,20250600
2025-02-28 19:00:00,,20250600,130.2,20250300,,20250600
2025-02-28 20:00:00,,20250600,130.2,20250300,,20250600
2025-02-28 21:00:00,,20250600,130.2,20250300,,20250600
2025-02-28 23:00:00,127.9,20250600,130.1,20250300,127.9,20250600
2025-03-03 08:00:00,,20250600,128.8,20250300,,20250600
2025-03-03 09:00:00,,20250600,128.7,20250300,,20250600
2025-03-03 10:00:00,,20250600,128.2,20250300,,20250600
2025-03-03 11:00:00,,20250600,128.0,20250300,,20250600
2025-03-03 12:00:00,,20250600,128.5,20250300,,20250600
2025-03-03 13:00:00,,20250600,128.4,20250300,,20250600
2025-03-03 14:00:00,,20250600,128.7,20250300,,20250600
2025-03-03 15:00:00,,20250600,129.2,20250300,,20250600
2025-03-03 16:00:00,,20250600,129.3,20250300,,20250600
2025-03-03 17:00:00,,20250600,129.3,20250300,,20250600
2025-03-03 18:00:00,,20250600,129.3,20250300,,20250600
2025-03-03 19:00:00,,20250600,129.3,20250300,,20250600
2025-03-03 20:00:00,,20250600,129.3,20250300,,20250600
2025-03-03 21:00:00,,20250600,129.3,20250300,,20250600
2025-03-03 23:00:00,126.8,20250600,128.9,20250300,126.8,20250600
2025-03-04 08:00:00,,20250600,128.9,20250300,,20250600
2025-03-04 09:00:00,,20250600,128.8,20250300,,20250600
2025-03-04 10:00:00,,20250600,128.8,20250300,,20250600
2025-03-04 11:00:00,,20250600,128.7,20250300,,20250600
2025-03-04 12:00:00,,20250600,128.9,20250300,,20250600
2025-03-04 13:00:00,,20250600,129.2,20250300,,20250600
2025-03-04 14:00:00,,20250600,129.4,20250300,,20250600
2025-03-04 15:00:00,,20250600,128.9,20250300,,20250600
2025-03-04 16:00:00,,20250600,128.5,20250300,,20250600
2025-03-04 17:00:00,,20250600,129.9,20250300,,20250600
2025-03-04 18:00:00,,20250600,129.9,20250300,,20250600
2025-03-04 19:00:00,,20250600,130.6,20250300,,20250600
2025-03-04 20:00:00,,20250600,130.6,20250300,,20250600
2025-03-04 21:00:00,,20250600,130.6,20250300,,20250600
2025-03-04 23:00:00,126.6,20250600,128.7,20250300,126.6,20250600
2025-03-05 08:00:00,,20250600,127.2,20250300,,20250600
2025-03-05 09:00:00,,20250600,126.5,20250300,,20250600
2025-03-05 10:00:00,,20250600,125.2,20250300,,20250600
2025-03-05 11:00:00,,20250600,125.4,20250300,,20250600
2025-03-05 12:00:00,,20250600,124.8,20250300,,20250600
2025-03-05 13:00:00,,20250600,125.1,20250300,,20250600
2025-03-05 14:00:00,,20250600,124.9,20250300,,20250600
2025-03-05 15:00:00,,20250600,124.2,20250300,,20250600
2025-03-05 16:00:00,,20250600,124.8,20250300,,20250600
2025-03-05 17:00:00,,20250600,124.8,20250300,,20250600
2025-03-05 18:00:00,,20250600,124.8,20250300,,20250600
2025-03-05 19:00:00,,20250600,124.8,20250300,,20250600
2025-03-05 20:00:00,,20250600,124.8,20250300,,20250600
2025-03-05 21:00:00,,20250600,124.8,20250300,,20250600
2025-03-05 23:00:00,122.1,20250600,124.2,20250300,122.1,20250600
2025-03-06 08:00:00,,20250600,121.4,20250300,,20250600
2025-03-06 09:00:00,,20250600,121.8,20250300,,20250600
2025-03-06 10:00:00,,20250600,121.1,20250300,,20250600
2025-03-06 11:00:00,,20250600,121.2,20250300,,20250600
2025-03-06 12:00:00,,20250600,121.0,20250300,,20250600
2025-03-06 13:00:00,,20250600,120.4,20250300,,20250600
2025-03-06 14:00:00,,20250600,120.0,20250300,,20250600
2025-03-06 15:00:00,,20250600,120.6,20250300,,20250600
2025-03-06 16:00:00,,20250600,120.7,20250300,,20250600
2025-03-06 17:00:00,,20250600,120.7,20250300,,20250600
2025-03-06 18:00:00,,20250600,120.7,20250300,,20250600
2025-03-06 19:00:00,,20250600,120.7,20250300,,20250600
2025-03-06 20:00:00,,20250600,120.7,20250300,,20250600
2025-03-06 21:00:00,,20250600,120.7,20250300,,20250600
2025-03-06 23:00:00,118.8,20250600,120.7,20250300,118.8,20250600
2025-03-07 08:00:00,,20250600,120.8,20250300,,20250600
2025-03-07 09:00:00,,20250600,120.8,20250300,,20250600
2025-03-07 10:00:00,,20250600,120.5,20250300,,20250600
2025-03-07 11:00:00,,20250600,120.6,20250300,,20250600
2025-03-07 12:00:00,,20250600,120.8,20250300,,20250600
2025-03-07 13:00:00,,20250600,121.3,20250300,,20250600
2025-03-07 14:00:00,,20250600,122.2,20250300,,20250600
2025-03-07 15:00:00,,20250600,122.8,20250300,,20250600
2025-03-07 16:00:00,,20250600,122.7,20250300,,20250600
2025-03-07 17:00:00,,20250600,122.6,20250300,,20250600
2025-03-07 18:00:00,,20250600,122.6,20250300,,20250600
2025-03-07 19:00:00,,20250600,122.6,20250300,,20250600
2025-03-07 20:00:00,,20250600,122.6,20250300,,20250600
2025-03-07 21:00:00,,20250600,122.6,20250300,,20250600
2025-03-07 23:00:00,120.0,20250600,122.6,20250300,120.0,20250600
2025-03-10 07:00:00,,20250600,123.3,20250300,,20250600
2025-03-10 08:00:00,,20250600,122.9,20250300,,20250600
2025-03-10 09:00:00,,20250600,123.0,20250300,,20250600
2025-03-10 10:00:00,,20250600,123.2,20250300,,20250600
2025-03-10 11:00:00,,20250600,123.6,20250300,,20250600
2025-03-10 12:00:00,,20250600,123.6,20250300,,20250600
2025-03-10 13:00:00,,20250600,123.4,20250300,,20250600
2025-03-10 14:00:00,,20250600,122.8,20250300,,20250600
2025-03-10 15:00:00,,20250600,122.6,20250300,,20250600
2025-03-10 16:00:00,,20250600,122.9,20250300,,20250600
2025-03-10 17:00:00,,20250600,122.9,20250300,,20250600
2025-03-10 18:00:00,,20250600,122.9,20250300,,20250600
2025-03-10 19:00:00,,20250600,122.9,20250300,,20250600
2025-03-10 20:00:00,,20250600,122.9,20250300,,20250600
2025-03-10 21:00:00,,20250600,122.9,20250300,,20250600
2025-03-10 23:00:00,120.2,20250600,122.9,20250300,120.2,20250600
2025-03-11 08:00:00,,20250600,123.1,20250300,,20250600
2025-03-11 09:00:00,,20250600,123.1,20250300,,20250600
2025-03-11 10:00:00,,20250600,122.6,20250300,,20250600
2025-03-11 11:00:00,,20250600,122.7,20250300,,20250600
2025-03-11 12:00:00,,20250600,122.8,20250300,,20250600
2025-03-11 13:00:00,,20250600,122.5,20250300,,20250600
2025-03-11 14:00:00,,20250600,121.7,20250300,,20250600
2025-03-11 15:00:00,,20250600,121.6,20250300,,20250600
2025-03-11 16:00:00,,20250600,121.5,20250300,,20250600
2025-03-11 17:00:00,,20250600,121.5,20250300,,20250600
2025-03-11 18:00:00,,20250600,121.5,20250300,,20250600
2025-03-11 19:00:00,,20250600,121.5,20250300,,20250600
2025-03-11 20:00:00,,20250600,121.5,20250300,,20250600
2025-03-11 21:00:00,,20250600,121.5,20250300,,20250600
2025-03-11 23:00:00,119.0,20250600,121.3,20250300,119.0,20250600
2025-03-12 23:00:00,119.7,20250900,119.6,20250600,119.7,20250900
2025-03-13 23:00:00,119.3,20250900,119.4,20250600,119.3,20250900
2025-03-14 08:00:00,,20250900,120.5,20250600,,20250900
2025-03-14 09:00:00,,20250900,120.5,20250600,,20250900
2025-03-14 10:00:00,,20250900,120.5,20250600,,20250900
2025-03-14 11:00:00,,20250900,120.5,20250600,,20250900
2025-03-14 12:00:00,,20250900,120.0,20250600,,20250900
2025-03-14 13:00:00,,20250900,120.0,20250600,,20250900
2025-03-14 14:00:00,,20250900,120.0,20250600,,20250900
2025-03-14 15:00:00,,20250900,120.0,20250600,,20250900
2025-03-14 16:00:00,,20250900,120.0,20250600,,20250900
2025-03-14 17:00:00,,20250900,120.0,20250600,,20250900
2025-03-14 18:00:00,,20250900,120.0,20250600,,20250900
2025-03-14 19:00:00,,20250900,120.0,20250600,,20250900
2025-03-14 20:00:00,,20250900,120.0,20250600,,20250900
2025-03-14 21:00:00,,20250900,120.0,20250600,,20250900
2025-03-14 23:00:00,120.6,20250900,120.9,20250600,120.6,20250900
2025-03-17 08:00:00,,20250900,120.5,20250600,,20250900
2025-03-17 09:00:00,,20250900,120.4,20250600,,20250900
2025-03-17 10:00:00,,20250900,120.3,20250600,,20250900
2025-03-17 11:00:00,,20250900,120.5,20250600,,20250900
2025-03-17 12:00:00,,20250900,120.5,20250600,,20250900
2025-03-17 13:00:00,,20250900,121.3,20250600,,20250900
2025-03-17 14:00:00,,20250900,121.7,20250600,,20250900
2025-03-17 15:00:00,,20250900,121.5,20250600,,20250900
2025-03-17 16:00:00,,20250900,121.8,20250600,,20250900
2025-03-17 17:00:00,,20250900,121.8,20250600,,20250900
2025-03-17 18:00:00,,20250900,121.8,20250600,,20250900
2025-03-17 19:00:00,,20250900,121.8,20250600,,20250900
2025-03-17 20:00:00,,20250900,121.8,20250600,,20250900
2025-03-17 21:00:00,,20250900,121.8,20250600,,20250900
2025-03-17 23:00:00,121.5,20250900,121.5,20250600,121.5,20250900
2025-03-18 08:00:00,,20250900,121.5,20250600,,20250900
2025-03-18 09:00:00,,20250900,121.3,20250600,,20250900
2025-03-18 10:00:00,,20250900,121.1,20250600,,20250900
2025-03-18 11:00:00,,20250900,121.4,20250600,,20250900
2025-03-18 12:00:00,,20250900,121.4,20250600,,20250900
2025-03-18 13:00:00,,20250900,121.4,20250600,,20250900
2025-03-18 14:00:00,,20250900,121.1,20250600,,20250900
2025-03-18 15:00:00,,20250900,120.3,20250600,,20250900
2025-03-18 16:00:00,,20250900,120.7,20250600,,20250900
2025-03-18 17:00:00,,20250900,120.7,20250600,,20250900
2025-03-18 18:00:00,,20250900,120.7,20250600,,20250900
2025-03-18 19:00:00,,20250900,120.7,20250600,,20250900
2025-03-18 20:00:00,,20250900,120.7,20250600,,20250900
2025-03-18 21:00:00,,20250900,120.7,20250600,,20250900
2025-03-18 23:00:00,120.5,20250900,120.7,20250600,120.5,20250900
2025-03-19 09:00:00,,20250900,120.1,20250600,,20250900
2025-03-19 10:00:00,,20250900,120.1,20250600,,20250900
2025-03-19 11:00:00,,20250900,120.1,20250600,,20250900
2025-03-19 12:00:00,,20250900,119.6,20250600,,20250900
2025-03-19 13:00:00,,20250900,119.6,20250600,,20250900
2025-03-19 14:00:00,,20250900,119.6,20250600,,20250900
2025-03-19 15:00:00,,20250900,119.8,20250600,,20250900
2025-03-19 16:00:00,,20250900,120.3,20250600,,20250900
2025-03-19 17:00:00,,20250900,120.3,20250600,,20250900
2025-03-19 18:00:00,,20250900,120.3,20250600,,20250900
2025-03-19 19:00:00,,20250900,120.3,20250600,,20250900
2025-03-19 20:00:00,,20250900,120.3,20250600,,20250900
2025-03-19 21:00:00,,20250900,120.3,20250600,,20250900
2025-03-19 23:00:00,120.2,20250900,119.6,20250600,120.2,20250900
2025-03-20 08:00:00,,20250900,121.2,20250600,,20250900
2025-03-20 09:00:00,,20250900,120.9,20250600,,20250900
2025-03-20 10:00:00,,20250900,120.8,20250600,,20250900
2025-03-20 11:00:00,,20250900,120.7,20250600,,20250900
2025-03-20 12:00:00,,20250900,120.7,20250600,,20250900
2025-03-20 13:00:00,,20250900,120.4,20250600,,20250900
2025-03-20 14:00:00,,20250900,120.8,20250600,,20250900
2025-03-20 15:00:00,,20250900,120.8,20250600,,20250900
2025-03-20 16:00:00,,20250900,121.8,20250600,,20250900
2025-03-20 17:00:00,,20250900,121.8,20250600,,20250900
2025-03-20 18:00:00,,20250900,121.8,20250600,,20250900
2025-03-20 19:00:00,,20250900,121.8,20250600,,20250900
2025-03-20 20:00:00,,20250900,121.8,20250600,,20250900
2025-03-20 21:00:00,,20250900,121.8,20250600,,20250900
2025-03-20 23:00:00,121.0,20250900,120.9,20250600,121.0,20250900
2025-03-21 08:00:00,,20250900,120.9,20250600,,20250900
2025-03-21 09:00:00,,20250900,120.6,20250600,,20250900
2025-03-21 10:00:00,,20250900,120.8,20250600,,20250900
2025-03-21 11:00:00,,20250900,120.8,20250600,,20250900
2025-03-21 12:00:00,,20250900,121.0,20250600,,20250900
2025-03-21 13:00:00,,20250900,121.0,20250600,,20250900
2025-03-21 14:00:00,,20250900,121.0,20250600,,20250900
2025-03-21 15:00:00,,20250900,121.0,20250600,,20250900
2025-03-21 16:00:00,,20250900,121.7,20250600,,20250900
2025-03-21 17:00:00,,20250900,121.7,20250600,,20250900
2025-03-21 18:00:00,,20250900,121.7,20250600,,20250900
2025-03-21 19:00:00,,20250900,121.7,20250600,,20250900
2025-03-21 20:00:00,,20250900,121.7,20250600,,20250900
2025-03-21 21:00:00,,20250900,121.7,20250600,,20250900
2025-03-21 23:00:00,121.3,20250900,121.0,20250600,121.3,20250900
2025-03-24 08:00:00,,20250900,121.1,20250600,,20250900
2025-03-24 09:00:00,,20250900,120.4,20250600,,20250900
2025-03-24 10:00:00,,20250900,120.4,20250600,,20250900
2025-03-24 11:00:00,,20250900,120.1,20250600,,20250900
2025-03-24 12:00:00,,20250900,119.8,20250600,,20250900
2025-03-24 13:00:00,,20250900,119.6,20250600,,20250900
2025-03-24 14:00:00,,20250900,119.8,20250600,,20250900
2025-03-24 15:00:00,,20250900,119.7,20250600,,20250900
2025-03-24 16:00:00,,20250900,119.5,20250600,,20250900
2025-03-24 17:00:00,,20250900,119.5,20250600,,20250900
2025-03-24 18:00:00,,20250900,119.5,20250600,,20250900
2025-03-24 19:00:00,,20250900,119.5,20250600,,20250900
2025-03-24 20:00:00,,20250900,119.5,20250600,,20250900
2025-03-24 21:00:00,,20250900,119.5,20250600,,20250900
2025-03-24 23:00:00,119.8,20250900,119.7,20250600,119.8,20250900
2025-03-25 08:00:00,,20250900,120.8,20250600,,20250900
2025-03-25 09:00:00,,20250900,120.7,20250600,,20250900
2025-03-25 10:00:00,,20250900,120.3,20250600,,20250900
2025-03-25 11:00:00,,20250900,120.9,20250600,,20250900
2025-03-25 12:00:00,,20250900,120.7,20250600,,20250900
2025-03-25 13:00:00,,20250900,120.8,20250600,,20250900
2025-03-25 14:00:00,,20250900,120.6,20250600,,20250900
2025-03-25 15:00:00,,20250900,120.6,20250600,,20250900
2025-03-25 16:00:00,,20250900,120.3,20250600,,20250900
2025-03-25 17:00:00,,20250900,120.3,20250600,,20250900
2025-03-25 18:00:00,,20250900,120.3,20250600,,20250900
2025-03-25 19:00:00,,20250900,120.3,20250600,,20250900
2025-03-25 20:00:00,,20250900,120.3,20250600,,20250900
2025-03-25 21:00:00,,20250900,120.3,20250600,,20250900
2025-03-25 23:00:00,120.3,20250900,120.2,20250600,120.3,20250900
2025-03-26 08:00:00,,20250900,119.5,20250600,,20250900
2025-03-26 09:00:00,,20250900,119.7,20250600,,20250900
2025-03-26 10:00:00,,20250900,120.4,20250600,,20250900
2025-03-26 11:00:00,,20250900,120.4,20250600,,20250900
2025-03-26 12:00:00,,20250900,119.9,20250600,,20250900
2025-03-26 13:00:00,,20250900,120.5,20250600,,20250900
2025-03-26 14:00:00,,20250900,120.6,20250600,,20250900
2025-03-26 15:00:00,,20250900,120.4,20250600,,20250900
2025-03-26 16:00:00,,20250900,120.4,20250600,,20250900
2025-03-26 17:00:00,,20250900,120.3,20250600,,20250900
2025-03-26 18:00:00,,20250900,120.3,20250600,,20250900
2025-03-26 19:00:00,,20250900,120.3,20250600,,20250900
2025-03-26 20:00:00,,20250900,120.3,20250600,,20250900
2025-03-26 21:00:00,,20250900,120.3,20250600,,20250900
2025-03-26 23:00:00,120.5,20250900,120.5,20250600,120.5,20250900
2025-03-27 07:00:00,,20250900,119.4,20250600,,20250900
2025-03-27 08:00:00,,20250900,121.1,20250600,,20250900
2025-03-27 09:00:00,,20250900,120.8,20250600,,20250900
2025-03-27 10:00:00,,20250900,120.7,20250600,,20250900
2025-03-27 11:00:00,,20250900,120.6,20250600,,20250900
2025-03-27 12:00:00,,20250900,120.6,20250600,,20250900
2025-03-27 13:00:00,,20250900,120.7,20250600,,20250900
2025-03-27 14:00:00,,20250900,120.7,20250600,,20250900
2025-03-27 15:00:00,,20250900,120.3,20250600,,20250900
2025-03-27 16:00:00,,20250900,120.5,20250600,,20250900
2025-03-27 17:00:00,,20250900,120.5,20250600,,20250900
2025-03-27 18:00:00,,20250900,120.5,20250600,,20250900
2025-03-27 19:00:00,,20250900,120.5,20250600,,20250900
2025-03-27 20:00:00,,20250900,120.5,20250600,,20250900
2025-03-27 21:00:00,,20250900,120.5,20250600,,20250900
2025-03-27 23:00:00,120.7,20250900,120.6,20250600,120.7,20250900
2025-03-28 08:00:00,,20250900,122.1,20250600,,20250900
2025-03-28 09:00:00,,20250900,122.1,20250600,,20250900
2025-03-28 10:00:00,,20250900,122.3,20250600,,20250900
2025-03-28 11:00:00,,20250900,122.2,20250600,,20250900
2025-03-28 12:00:00,,20250900,122.3,20250600,,20250900
2025-03-28 13:00:00,,20250900,122.4,20250600,,20250900
2025-03-28 14:00:00,,20250900,122.1,20250600,,20250900
2025-03-28 15:00:00,,20250900,122.5,20250600,,20250900
2025-03-28 16:00:00,,20250900,122.4,20250600,,20250900
2025-03-28 17:00:00,,20250900,122.6,20250600,,20250900
2025-03-28 18:00:00,,20250900,122.6,20250600,,20250900
2025-03-28 19:00:00,,20250900,122.6,20250600,,20250900
2025-03-28 20:00:00,,20250900,122.6,20250600,,20250900
2025-03-28 21:00:00,,20250900,122.6,20250600,,20250900
2025-03-28 23:00:00,122.1,20250900,122.1,20250600,122.1,20250900
2025-03-31 07:00:00,,20250900,122.0,20250600,,20250900
2025-03-31 08:00:00,,20250900,121.7,20250600,,20250900
2025-03-31 09:00:00,,20250900,121.5,20250600,,20250900
2025-03-31 10:00:00,,20250900,121.5,20250600,,20250900
2025-03-31 11:00:00,,20250900,121.2,20250600,,20250900
2025-03-31 12:00:00,,20250900,121.2,20250600,,20250900
2025-03-31 13:00:00,,20250900,121.2,20250600,,20250900
2025-03-31 14:00:00,,20250900,122.1,20250600,,20250900
2025-03-31 15:00:00,,20250900,121.9,20250600,,20250900
2025-03-31 16:00:00,,20250900,122.3,20250600,,20250900
2025-03-31 17:00:00,,20250900,122.0,20250600,,20250900
2025-03-31 18:00:00,,20250900,122.0,20250600,,20250900
2025-03-31 19:00:00,,20250900,122.0,20250600,,20250900
2025-03-31 20:00:00,,20250900,122.0,20250600,,20250900
2025-03-31 21:00:00,,20250900,122.0,20250600,,20250900
2025-03-31 23:00:00,121.5,20250900,121.6,20250600,121.5,20250900
2025-04-01 08:00:00,,20250900,122.1,20250600,,20250900
2025-04-01 09:00:00,,20250900,123.0,20250600,,20250900
2025-04-01 10:00:00,,20250900,123.1,20250600,,20250900
2025-04-01 11:00:00,,20250900,123.0,20250600,,20250900
2025-04-01 12:00:00,,20250900,123.1,20250600,,20250900
2025-04-01 13:00:00,,20250900,123.1,20250600,,20250900
2025-04-01 14:00:00,,20250900,122.3,20250600,,20250900
2025-04-01 15:00:00,,20250900,122.6,20250600,,20250900
2025-04-01 16:00:00,,20250900,122.8,20250600,,20250900
2025-04-01 17:00:00,,20250900,123.4,20250600,,20250900
2025-04-01 18:00:00,,20250900,123.4,20250600,,20250900
2025-04-01 19:00:00,,20250900,123.4,20250600,,20250900
2025-04-01 20:00:00,,20250900,123.4,20250600,,20250900
2025-04-01 21:00:00,,20250900,123.4,20250600,,20250900
2025-04-01 23:00:00,122.9,20250900,123.0,20250600,122.9,20250900
2025-04-02 08:00:00,,20250900,122.0,20250600,,20250900
2025-04-02 09:00:00,,20250900,121.6,20250600,,20250900
2025-04-02 10:00:00,,20250900,121.8,20250600,,20250900
2025-04-02 11:00:00,,20250900,121.8,20250600,,20250900
2025-04-02 12:00:00,,20250900,121.6,20250600,,20250900
2025-04-02 13:00:00,,20250900,121.3,20250600,,20250900
2025-04-02 14:00:00,,20250900,121.5,20250600,,20250900
2025-04-02 15:00:00,,20250900,121.4,20250600,,20250900
2025-04-02 16:00:00,,20250900,121.8,20250600,,20250900
2025-04-02 17:00:00,,20250900,121.8,20250600,,20250900
2025-04-02 18:00:00,,20250900,121.8,20250600,,20250900
2025-04-02 19:00:00,,20250900,121.8,20250600,,20250900
2025-04-02 20:00:00,,20250900,121.8,20250600,,20250900
2025-04-02 21:00:00,,20250900,121.8,20250600,,20250900
2025-04-02 23:00:00,121.5,20250900,121.6,20250600,121.5,20250900
2025-04-03 07:00:00,,20250900,120.3,20250600,,20250900
2025-04-03 08:00:00,,20250900,124.4,20250600,,20250900
2025-04-03 09:00:00,,20250900,124.7,20250600,,20250900
2025-04-03 10:00:00,,20250900,124.3,20250600,,20250900
2025-04-03 11:00:00,,20250900,124.0,20250600,,20250900
2025-04-03 12:00:00,,20250900,123.8,20250600,,20250900
2025-04-03 13:00:00,,20250900,124.1,20250600,,20250900
2025-04-03 14:00:00,,20250900,124.1,20250600,,20250900
2025-04-03 15:00:00,,20250900,123.9,20250600,,20250900
2025-04-03 16:00:00,,20250900,124.1,20250600,,20250900
2025-04-03 17:00:00,,20250900,124.4,20250600,,20250900
2025-04-03 18:00:00,,20250900,124.4,20250600,,20250900
2025-04-03 19:00:00,,20250900,125.0,20250600,,20250900
2025-04-03 20:00:00,,20250900,125.0,20250600,,20250900
2025-04-03 21:00:00,,20250900,125.0,20250600,,20250900
2025-04-03 23:00:00,124.1,20250900,124.1,20250600,124.1,20250900
2025-04-04 08:00:00,,20250900,124.1,20250600,,20250900
2025-04-04 09:00:00,,20250900,123.9,20250600,,20250900
2025-04-04 10:00:00,,20250900,124.1,20250600,,20250900
2025-04-04 11:00:00,,20250900,122.8,20250600,,20250900
2025-04-04 12:00:00,,20250900,122.3,20250600,,20250900
2025-04-04 13:00:00,,20250900,121.8,20250600,,20250900
2025-04-04 14:00:00,,20250900,120.8,20250600,,20250900
2025-04-04 15:00:00,,20250900,118.9,20250600,,20250900
2025-04-04 16:00:00,,20250900,119.4,20250600,,20250900
2025-04-04 17:00:00,,20250900,118.9,20250600,,20250900
2025-04-04 18:00:00,,20250900,118.9,20250600,,20250900
2025-04-04 19:00:00,,20250900,118.9,20250600,,20250900
2025-04-04 20:00:00,,20250900,118.9,20250600,,20250900
2025-04-04 21:00:00,,20250900,118.9,20250600,,20250900
2025-04-04 23:00:00,119.2,20250900,119.2,20250600,119.2,20250900
2025-04-07 07:00:00,,20250900,115.9,20250600,,20250900
2025-04-07 08:00:00,,20250900,114.3,20250600,,20250900
2025-04-07 09:00:00,,20250900,114.0,20250600,,20250900
2025-04-07 10:00:00,,20250900,114.0,20250600,,20250900
2025-04-07 11:00:00,,20250900,114.5,20250600,,20250900
2025-04-07 12:00:00,,20250900,113.8,20250600,,20250900
2025-04-07 13:00:00,,20250900,114.6,20250600,,20250900
2025-04-07 14:00:00,,20250900,115.2,20250600,,20250900
2025-04-07 15:00:00,,20250900,115.6,20250600,,20250900
2025-04-07 16:00:00,,20250900,114.5,20250600,,20250900
2025-04-07 17:00:00,,20250900,114.7,20250600,,20250900
2025-04-07 18:00:00,,20250900,114.7,20250600,,20250900
2025-04-07 19:00:00,,20250900,114.7,20250600,,20250900
2025-04-07 20:00:00,,20250900,114.7,20250600,,20250900
2025-04-07 21:00:00,,20250900,114.7,20250600,,20250900
2025-04-07 23:00:00,114.0,20250900,114.1,20250600,114.0,20250900
2025-04-08 07:00:00,,20250900,114.9,20250600,,20250900
2025-04-08 08:00:00,,20250900,114.3,20250600,,20250900
2025-04-08 09:00:00,,20250900,113.9,20250600,,20250900
2025-04-08 10:00:00,,20250900,114.4,20250600,,20250900
2025-04-08 11:00:00,,20250900,114.5,20250600,,20250900
2025-04-08 12:00:00,,20250900,115.6,20250600,,20250900
2025-04-08 13:00:00,,20250900,115.8,20250600,,20250900
2025-04-08 14:00:00,,20250900,115.8,20250600,,20250900
2025-04-08 15:00:00,,20250900,116.1,20250600,,20250900
2025-04-08 16:00:00,,20250900,115.8,20250600,,20250900
2025-04-08 17:00:00,,20250900,115.8,20250600,,20250900
2025-04-08 18:00:00,,20250900,115.8,20250600,,20250900
2025-04-08 19:00:00,,20250900,115.8,20250600,,20250900
2025-04-08 20:00:00,,20250900,115.8,20250600,,20250900
2025-04-08 21:00:00,,20250900,115.8,20250600,,20250900
2025-04-08 23:00:00,115.5,20250900,115.6,20250600,115.5,20250900
2025-04-09 08:00:00,,20250900,111.7,20250600,,20250900
2025-04-09 09:00:00,,20250900,111.8,20250600,,20250900
2025-04-09 10:00:00,,20250900,111.1,20250600,,20250900
2025-04-09 11:00:00,,20250900,110.6,20250600,,20250900
2025-04-09 12:00:00,,20250900,109.6,20250600,,20250900
2025-04-09 13:00:00,,20250900,109.8,20250600,,20250900
2025-04-09 14:00:00,,20250900,111.6,20250600,,20250900
2025-04-09 15:00:00,,20250900,111.4,20250600,,20250900
2025-04-09 16:00:00,,20250900,110.9,20250600,,20250900
2025-04-09 17:00:00,,20250900,110.9,20250600,,20250900
2025-04-09 18:00:00,,20250900,110.9,20250600,,20250900
2025-04-09 19:00:00,,20250900,110.9,20250600,,20250900
2025-04-09 20:00:00,,20250900,110.9,20250600,,20250900
2025-04-09 21:00:00,,20250900,110.9,20250600,,20250900
2025-04-09 23:00:00,111.1,20250900,111.2,20250600,111.1,20250900
2025-04-10 08:00:00,,20250900,116.1,20250600,,20250900
2025-04-10 09:00:00,,20250900,116.6,20250600,,20250900
2025-04-10 10:00:00,,20250900,116.7,20250600,,20250900
2025-04-10 11:00:00,,20250900,117.7,20250600,,20250900
2025-04-10 12:00:00,,20250900,117.7,20250600,,20250900
2025-04-10 13:00:00,,20250900,117.1,20250600,,20250900
2025-04-10 14:00:00,,20250900,116.3,20250600,,20250900
2025-04-10 15:00:00,,20250900,115.7,20250600,,20250900
2025-04-10 16:00:00,,20250900,114.5,20250600,,20250900
2025-04-10 17:00:00,,20250900,114.4,20250600,,20250900
2025-04-10 18:00:00,,20250900,114.4,20250600,,20250900
2025-04-10 19:00:00,,20250900,114.4,20250600,,20250900
2025-04-10 20:00:00,,20250900,114.4,20250600,,20250900
2025-04-10 21:00:00,,20250900,114.4,20250600,,20250900
2025-04-10 23:00:00,115.8,20250900,115.9,20250600,115.8,20250900
2025-04-11 08:00:00,,20250900,115.7,20250600,,20250900
2025-04-11 09:00:00,,20250900,114.8,20250600,,20250900
2025-04-11 10:00:00,,20250900,115.9,20250600,,20250900
2025-04-11 11:00:00,,20250900,116.4,20250600,,20250900
2025-04-11 12:00:00,,20250900,116.7,20250600,,20250900
2025-04-11 13:00:00,,20250900,117.6,20250600,,20250900
2025-04-11 14:00:00,,20250900,118.4,20250600,,20250900
2025-04-11 15:00:00,,20250900,118.3,20250600,,20250900
2025-04-11 16:00:00,,20250900,118.3,20250600,,20250900
2025-04-11 17:00:00,,20250900,118.3,20250600,,20250900
2025-04-11 18:00:00,,20250900,118.3,20250600,,20250900
2025-04-11 19:00:00,,20250900,118.3,20250600,,20250900
2025-04-11 20:00:00,,20250900,118.3,20250600,,20250900
2025-04-11 21:00:00,,20250900,118.3,20250600,,20250900
2025-04-11 23:00:00,118.2,20250900,118.2,20250600,118.2,20250900
2025-04-14 08:00:00,,20250900,118.8,20250600,,20250900
2025-04-14 09:00:00,,20250900,118.7,20250600,,20250900
2025-04-14 10:00:00,,20250900,119.1,20250600,,20250900
2025-04-14 11:00:00,,20250900,119.5,20250600,,20250900
2025-04-14 12:00:00,,20250900,119.5,20250600,,20250900
2025-04-14 13:00:00,,20250900,119.6,20250600,,20250900
2025-04-14 14:00:00,,20250900,119.7,20250600,,20250900
2025-04-14 15:00:00,,20250900,120.7,20250600,,20250900
2025-04-14 16:00:00,,20250900,120.2,20250600,,20250900
2025-04-14 17:00:00,,20250900,120.2,20250600,,20250900
2025-04-14 18:00:00,,20250900,120.9,20250600,,20250900
2025-04-14 19:00:00,,20250900,120.9,20250600,,20250900
2025-04-14 20:00:00,,20250900,120.9,20250600,,20250900
2025-04-14 21:00:00,,20250900,120.9,20250600,,20250900
2025-04-14 23:00:00,120.3,20250900,119.7,20250600,120.3,20250900
2025-04-15 08:00:00,,20250900,122.0,20250600,,20250900
2025-04-15 09:00:00,,20250900,122.9,20250600,,20250900
2025-04-15 10:00:00,,20250900,122.9,20250600,,20250900
2025-04-15 11:00:00,,20250900,122.9,20250600,,20250900
2025-04-15 12:00:00,,20250900,122.9,20250600,,20250900
2025-04-15 13:00:00,,20250900,123.1,20250600,,20250900
2025-04-15 14:00:00,,20250900,123.2,20250600,,20250900
2025-04-15 15:00:00,,20250900,123.7,20250600,,20250900
2025-04-15 16:00:00,,20250900,124.1,20250600,,20250900
2025-04-15 17:00:00,,20250900,124.1,20250600,,20250900
2025-04-15 18:00:00,,20250900,124.1,20250600,,20250900
2025-04-15 19:00:00,,20250900,124.1,20250600,,20250900
2025-04-15 20:00:00,,20250900,124.1,20250600,,20250900
2025-04-15 21:00:00,,20250900,124.1,20250600,,20250900
2025-04-15 23:00:00,124.0,20250900,124.1,20250600,124.0,20250900
2025-04-16 08:00:00,,20250900,124.3,20250600,,20250900
2025-04-16 09:00:00,,20250900,124.6,20250600,,20250900
2025-04-16 10:00:00,,20250900,124.4,20250600,,20250900
2025-04-16 11:00:00,,20250900,124.6,20250600,,20250900
2025-04-16 12:00:00,,20250900,124.5,20250600,,20250900
2025-04-16 13:00:00,,20250900,124.3,20250600,,20250900
2025-04-16 14:00:00,,20250900,124.7,20250600,,20250900
2025-04-16 15:00:00,,20250900,124.6,20250600,,20250900
2025-04-16 16:00:00,,20250900,124.5,20250600,,20250900
2025-04-16 17:00:00,,20250900,124.5,20250600,,20250900
2025-04-16 18:00:00,,20250900,124.5,20250600,,20250900
2025-04-16 19:00:00,,20250900,124.5,20250600,,20250900
2025-04-16 20:00:00,,20250900,124.5,20250600,,20250900
2025-04-16 21:00:00,,20250900,124.5,20250600,,20250900
2025-04-16 23:00:00,124.7,20250900,124.7,20250600,124.7,20250900
2025-04-17 08:00:00,,20250900,124.3,20250600,,20250900
2025-04-17 09:00:00,,20250900,124.1,20250600,,20250900
2025-04-17 10:00:00,,20250900,124.6,20250600,,20250900
2025-04-17 11:00:00,,20250900,124.7,20250600,,20250900
2025-04-17 12:00:00,,20250900,124.9,20250600,,20250900
2025-04-17 13:00:00,,20250900,124.8,20250600,,20250900
2025-04-17 14:00:00,,20250900,125.9,20250600,,20250900
2025-04-17 15:00:00,,20250900,125.8,20250600,,20250900
2025-04-17 16:00:00,,20250900,126.5,20250600,,20250900
2025-04-17 17:00:00,,20250900,126.5,20250600,,20250900
2025-04-17 18:00:00,,20250900,126.5,20250600,,20250900
2025-04-17 19:00:00,,20250900,126.5,20250600,,20250900
2025-04-17 20:00:00,,20250900,126.5,20250600,,20250900
2025-04-17 21:00:00,,20250900,126.5,20250600,,20250900
2025-04-17 23:00:00,126.1,20250900,124.8,20250600,126.1,20250900
2025-04-22 08:00:00,,20250900,126.2,20250600,,20250900
2025-04-22 09:00:00,,20250900,127.5,20250600,,20250900
2025-04-22 10:00:00,,20250900,127.2,20250600,,20250900
2025-04-22 11:00:00,,20250900,127.1,20250600,,20250900
2025-04-22 12:00:00,,20250900,127.1,20250600,,20250900
2025-04-22 13:00:00,,20250900,127.1,20250600,,20250900
2025-04-22 14:00:00,,20250900,127.1,20250600,,20250900
2025-04-22 15:00:00,,20250900,127.1,20250600,,20250900
2025-04-22 16:00:00,,20250900,127.2,20250600,,20250900
2025-04-22 17:00:00,,20250900,128.3,20250600,,20250900
2025-04-22 18:00:00,,20250900,128.3,20250600,,20250900
2025-04-22 19:00:00,,20250900,128.3,20250600,,20250900
2025-04-22 20:00:00,,20250900,128.3,20250600,,20250900
2025-04-22 21:00:00,,20250900,128.3,20250600,,20250900
2025-04-22 23:00:00,127.3,20250900,127.2,20250600,127.3,20250900
2025-04-23 08:00:00,,20250900,127.5,20250600,,20250900
2025-04-23 09:00:00,,20250900,126.9,20250600,,20250900
2025-04-23 10:00:00,,20250900,126.9,20250600,,20250900
2025-04-23 11:00:00,,20250900,126.4,20250600,,20250900
2025-04-23 12:00:00,,20250900,126.2,20250600,,20250900
2025-04-23 13:00:00,,20250900,126.2,20250600,,20250900
2025-04-23 14:00:00,,20250900,126.3,20250600,,20250900
2025-04-23 15:00:00,,20250900,126.2,20250600,,20250900
2025-04-23 16:00:00,,20250900,126.2,20250600,,20250900
2025-04-23 17:00:00,,20250900,126.2,20250600,,20250900
2025-04-23 18:00:00,,20250900,126.2,20250600,,20250900
2025-04-23 19:00:00,,20250900,126.2,20250600,,20250900
2025-04-23 20:00:00,,20250900,126.2,20250600,,20250900
2025-04-23 23:00:00,126.1,20250900,127.5,20250600,126.1,20250900
2025-04-24 07:00:00,,20250900,126.5,20250600,,20250900
2025-04-24 08:00:00,,20250900,127.5,20250600,,20250900
2025-04-24 09:00:00,,20250900,127.9,20250600,,20250900
2025-04-24 10:00:00,,20250900,127.6,20250600,,20250900
2025-04-24 11:00:00,,20250900,127.7,20250600,,20250900
2025-04-24 12:00:00,,20250900,127.8,20250600,,20250900
2025-04-24 13:00:00,,20250900,127.8,20250600,,20250900
2025-04-24 14:00:00,,20250900,126.7,20250600,,20250900
2025-04-24 15:00:00,,20250900,126.9,20250600,,20250900
2025-04-24 16:00:00,,20250900,126.9,20250600,,20250900
2025-04-24 17:00:00,,20250900,126.9,20250600,,20250900
2025-04-24 18:00:00,,20250900,126.9,20250600,,20250900
2025-04-24 19:00:00,,20250900,126.9,20250600,,20250900
2025-04-24 20:00:00,,20250900,126.9,20250600,,20250900
2025-04-24 23:00:00,126.8,20250900,126.9,20250600,126.8,20250900
2025-04-25 07:00:00,,20250900,127.0,20250600,,20250900
2025-04-25 08:00:00,,20250900,126.8,20250600,,20250900
2025-04-25 09:00:00,,20250900,126.9,20250600,,20250900
2025-04-25 10:00:00,,20250900,126.9,20250600,,20250900
2025-04-25 11:00:00,,20250900,126.8,20250600,,20250900
2025-04-25 12:00:00,,20250900,126.8,20250600,,20250900
2025-04-25 13:00:00,,20250900,127.0,20250600,,20250900
2025-04-25 14:00:00,,20250900,127.0,20250600,,20250900
2025-04-25 15:00:00,,20250900,126.5,20250600,,20250900
2025-04-25 16:00:00,,20250900,126.2,20250600,,20250900
2025-04-25 17:00:00,,20250900,126.6,20250600,,20250900
2025-04-25 18:00:00,,20250900,126.6,20250600,,20250900
2025-04-25 19:00:00,,20250900,126.6,20250600,,20250900
2025-04-25 20:00:00,,20250900,126.6,20250600,,20250900
2025-04-25 23:00:00,126.4,20250900,126.4,20250600,126.4,20250900
2025-04-28 07:00:00,,20250900,126.1,20250600,,20250900
2025-04-28 08:00:00,,20250900,126.1,20250600,,20250900
2025-04-28 09:00:00,,20250900,126.1,20250600,,20250900
2025-04-28 10:00:00,,20250900,126.7,20250600,,20250900
2025-04-28 11:00:00,,20250900,126.0,20250600,,20250900
2025-04-28 12:00:00,,20250900,126.0,20250600,,20250900
2025-04-28 13:00:00,,20250900,126.0,20250600,,20250900
2025-04-28 14:00:00,,20250900,126.9,20250600,,20250900
2025-04-28 15:00:00,,20250900,126.7,20250600,,20250900
2025-04-28 16:00:00,,20250900,125.7,20250600,,20250900
2025-04-28 17:00:00,,20250900,125.7,20250600,,20250900
2025-04-28 18:00:00,,20250900,125.7,20250600,,20250900
2025-04-28 19:00:00,,20250900,125.7,20250600,,20250900
2025-04-28 20:00:00,,20250900,125.7,20250600,,20250900
2025-04-28 23:00:00,126.8,20250900,126.8,20250600,126.8,20250900
2025-04-29 07:00:00,,20250900,128.1,20250600,,20250900
2025-04-29 08:00:00,,20250900,128.1,20250600,,20250900
2025-04-29 09:00:00,,20250900,128.1,20250600,,20250900
2025-04-29 10:00:00,,20250900,128.1,20250600,,20250900
2025-04-29 11:00:00,,20250900,128.1,20250600,,20250900
2025-04-29 12:00:00,,20250900,127.6,20250600,,20250900
2025-04-29 13:00:00,,20250900,127.5,20250600,,20250900
2025-04-29 14:00:00,,20250900,127.2,20250600,,20250900
2025-04-29 15:00:00,,20250900,127.4,20250600,,20250900
2025-04-29 16:00:00,,20250900,127.4,20250600,,20250900
2025-04-29 17:00:00,,20250900,127.4,20250600,,20250900
2025-04-29 18:00:00,,20250900,127.4,20250600,,20250900
2025-04-29 19:00:00,,20250900,127.4,20250600,,20250900
2025-04-29 20:00:00,,20250900,127.4,20250600,,20250900
2025-04-29 23:00:00,127.4,20250900,128.1,20250600,127.4,20250900
2025-04-30 07:00:00,,20250900,127.7,20250600,,20250900
2025-04-30 08:00:00,,20250900,127.6,20250600,,20250900
2025-04-30 09:00:00,,20250900,128.1,20250600,,20250900
2025-04-30 10:00:00,,20250900,128.3,20250600,,20250900
2025-04-30 11:00:00,,20250900,128.3,20250600,,20250900
2025-04-30 12:00:00,,20250900,128.0,20250600,,20250900
2025-04-30 13:00:00,,20250900,127.5,20250600,,20250900
2025-04-30 14:00:00,,20250900,128.4,20250600,,20250900
2025-04-30 15:00:00,,20250900,129.1,20250600,,20250900
2025-04-30 16:00:00,,20250900,129.1,20250600,,20250900
2025-04-30 17:00:00,,20250900,129.1,20250600,,20250900
2025-04-30 18:00:00,,20250900,129.1,20250600,,20250900
2025-04-30 19:00:00,,20250900,129.1,20250600,,20250900
2025-04-30 20:00:00,,20250900,129.1,20250600,,20250900
2025-04-30 23:00:00,129.0,20250900,129.0,20250600,129.0,20250900
2025-05-02 07:00:00,,20250900,130.1,20250600,,20250900
2025-05-02 08:00:00,,20250900,130.3,20250600,,20250900
2025-05-02 09:00:00,,20250900,130.5,20250600,,20250900
2025-05-02 10:00:00,,20250900,130.4,20250600,,20250900
2025-05-02 11:00:00,,20250900,130.4,20250600,,20250900
2025-05-02 12:00:00,,20250900,130.0,20250600,,20250900
2025-05-02 13:00:00,,20250900,130.3,20250600,,20250900
2025-05-02 14:00:00,,20250900,130.5,20250600,,20250900
2025-05-02 15:00:00,,20250900,130.6,20250600,,20250900
2025-05-02 16:00:00,,20250900,130.6,20250600,,20250900
2025-05-02 17:00:00,,20250900,130.6,20250600,,20250900
2025-05-02 18:00:00,,20250900,130.6,20250600,,20250900
2025-05-02 19:00:00,,20250900,130.6,20250600,,20250900
2025-05-02 20:00:00,,20250900,130.6,20250600,,20250900
2025-05-02 23:00:00,130.4,20250900,130.3,20250600,130.4,20250900
2025-05-05 07:00:00,,20250900,130.8,20250600,,20250900
2025-05-05 08:00:00,,20250900,130.8,20250600,,20250900
2025-05-05 09:00:00,,20250900,131.0,20250600,,20250900
2025-05-05 10:00:00,,20250900,131.0,20250600,,20250900
2025-05-05 11:00:00,,20250900,131.4,20250600,,20250900
2025-05-05 12:00:00,,20250900,131.4,20250600,,20250900
2025-05-05 13:00:00,,20250900,131.2,20250600,,20250900
2025-05-05 14:00:00,,20250900,131.7,20250600,,20250900
2025-05-05 15:00:00,,20250900,131.4,20250600,,20250900
2025-05-05 16:00:00,,20250900,131.4,20250600,,20250900
2025-05-05 17:00:00,,20250900,131.4,20250600,,20250900
2025-05-05 18:00:00,,20250900,131.4,20250600,,20250900
2025-05-05 19:00:00,,20250900,131.4,20250600,,20250900
2025-05-05 20:00:00,,20250900,131.4,20250600,,20250900
2025-05-05 23:00:00,131.4,20250900,131.4,20250600,131.4,20250900
2025-05-06 07:00:00,,20250900,130.5,20250600,,20250900
2025-05-06 08:00:00,,20250900,130.7,20250600,,20250900
2025-05-06 09:00:00,,20250900,130.8,20250600,,20250900
2025-05-06 10:00:00,,20250900,131.0,20250600,,20250900
2025-05-06 11:00:00,,20250900,131.0,20250600,,20250900
2025-05-06 12:00:00,,20250900,131.0,20250600,,20250900
2025-05-06 13:00:00,,20250900,130.9,20250600,,20250900
2025-05-06 14:00:00,,20250900,131.2,20250600,,20250900
2025-05-06 15:00:00,,20250900,131.3,20250600,,20250900
2025-05-06 16:00:00,,20250900,131.3,20250600,,20250900
2025-05-06 17:00:00,,20250900,131.3,20250600,,20250900
2025-05-06 18:00:00,,20250900,131.3,20250600,,20250900
2025-05-06 19:00:00,,20250900,131.3,20250600,,20250900
2025-05-06 20:00:00,,20250900,131.3,20250600,,20250900
2025-05-06 23:00:00,131.3,20250900,131.3,20250600,131.3,20250900
2025-05-07 07:00:00,,20250900,129.9,20250600,,20250900
2025-05-07 08:00:00,,20250900,129.6,20250600,,20250900
2025-05-07 09:00:00,,20250900,130.2,20250600,,20250900
2025-05-07 10:00:00,,20250900,129.9,20250600,,20250900
2025-05-07 11:00:00,,20250900,129.9,20250600,,20250900
2025-05-07 12:00:00,,20250900,130.2,20250600,,20250900
2025-05-07 13:00:00,,20250900,130.9,20250600,,20250900
2025-05-07 14:00:00,,20250900,131.2,20250600,,20250900
2025-05-07 15:00:00,,20250900,131.3,20250600,,20250900
2025-05-07 16:00:00,,20250900,131.3,20250600,,20250900
2025-05-07 17:00:00,,20250900,131.3,20250600,,20250900
2025-05-07 18:00:00,,20250900,131.3,20250600,,20250900
2025-05-07 19:00:00,,20250900,131.3,20250600,,20250900
2025-05-07 20:00:00,,20250900,131.3,20250600,,20250900
2025-05-07 23:00:00,131.1,20250900,131.1,20250600,131.1,20250900
2025-05-08 07:00:00,,20250900,131.1,20250600,,20250900
2025-05-08 08:00:00,,20250900,131.3,20250600,,20250900
2025-05-08 09:00:00,,20250900,131.3,20250600,,20250900
2025-05-08 10:00:00,,20250900,131.7,20250600,,20250900
2025-05-08 11:00:00,,20250900,131.4,20250600,,20250900
2025-05-08 12:00:00,,20250900,131.3,20250600,,20250900
2025-05-08 13:00:00,,20250900,131.3,20250600,,20250900
2025-05-08 14:00:00,,20250900,129.8,20250600,,20250900
2025-05-08 15:00:00,,20250900,129.6,20250600,,20250900
2025-05-08 16:00:00,,20250900,129.6,20250600,,20250900
2025-05-08 17:00:00,,20250900,129.6,20250600,,20250900
2025-05-08 18:00:00,,20250900,129.6,20250600,,20250900
2025-05-08 19:00:00,,20250900,129.6,20250600,,20250900
2025-05-08 20:00:00,,20250900,129.6,20250600,,20250900
2025-05-08 23:00:00,129.6,20250900,129.6,20250600,129.6,20250900
2025-05-09 07:00:00,,20250900,129.7,20250600,,20250900
2025-05-09 08:00:00,,20250900,129.6,20250600,,20250900
2025-05-09 09:00:00,,20250900,129.7,20250600,,20250900
2025-05-09 10:00:00,,20250900,129.6,20250600,,20250900
2025-05-09 11:00:00,,20250900,130.1,20250600,,20250900
2025-05-09 12:00:00,,20250900,129.9,20250600,,20250900
2025-05-09 13:00:00,,20250900,130.1,20250600,,20250900
2025-05-09 14:00:00,,20250900,129.7,20250600,,20250900
2025-05-09 15:00:00,,20250900,130.4,20250600,,20250900
2025-05-09 16:00:00,,20250900,130.4,20250600,,20250900
2025-05-09 17:00:00,,20250900,130.4,20250600,,20250900
2025-05-09 18:00:00,,20250900,130.4,20250600,,20250900
2025-05-09 19:00:00,,20250900,130.4,20250600,,20250900
2025-05-09 20:00:00,,20250900,130.4,20250600,,20250900
2025-05-09 23:00:00,130.2,20250900,130.4,20250600,130.2,20250900
2025-05-12 07:00:00,,20250900,127.6,20250600,,20250900
2025-05-12 08:00:00,,20250900,128.1,20250600,,20250900
2025-05-12 09:00:00,,20250900,127.6,20250600,,20250900
2025-05-12 10:00:00,,20250900,127.6,20250600,,20250900
2025-05-12 11:00:00,,20250900,127.9,20250600,,20250900
2025-05-12 12:00:00,,20250900,128.3,20250600,,20250900
2025-05-12 13:00:00,,20250900,128.4,20250600,,20250900
2025-05-12 14:00:00,,20250900,128.6,20250600,,20250900
2025-05-12 15:00:00,,20250900,128.7,20250600,,20250900
2025-05-12 16:00:00,,20250900,128.7,20250600,,20250900
2025-05-12 17:00:00,,20250900,128.7,20250600,,20250900
2025-05-12 18:00:00,,20250900,128.7,20250600,,20250900
2025-05-12 19:00:00,,20250900,128.7,20250600,,20250900
2025-05-12 20:00:00,,20250900,128.7,20250600,,20250900
2025-05-12 23:00:00,128.9,20250900,128.7,20250600,128.9,20250900
2025-05-13 07:00:00,,20250900,127.7,20250600,,20250900
2025-05-13 08:00:00,,20250900,127.5,20250600,,20250900
2025-05-13 09:00:00,,20250900,127.6,20250600,,20250900
2025-05-13 10:00:00,,20250900,127.8,20250600,,20250900
2025-05-13 11:00:00,,20250900,127.5,20250600,,20250900
2025-05-13 12:00:00,,20250900,127.9,20250600,,20250900
2025-05-13 13:00:00,,20250900,127.5,20250600,,20250900
2025-05-13 14:00:00,,20250900,126.9,20250600,,20250900
2025-05-13 15:00:00,,20250900,126.6,20250600,,20250900
2025-05-13 16:00:00,,20250900,126.6,20250600,,20250900
2025-05-13 17:00:00,,20250900,126.6,20250600,,20250900
2025-05-13 18:00:00,,20250900,126.6,20250600,,20250900
2025-05-13 19:00:00,,20250900,126.6,20250600,,20250900
2025-05-13 20:00:00,,20250900,126.6,20250600,,20250900
2025-05-13 23:00:00,127.1,20250900,127.1,20250600,127.1,20250900
2025-05-14 07:00:00,,20250900,127.9,20250600,,20250900
2025-05-14 08:00:00,,20250900,127.3,20250600,,20250900
2025-05-14 09:00:00,,20250900,127.6,20250600,,20250900
2025-05-14 10:00:00,,20250900,127.9,20250600,,20250900
2025-05-14 11:00:00,,20250900,128.2,20250600,,20250900
2025-05-14 12:00:00,,20250900,127.8,20250600,,20250900
2025-05-14 13:00:00,,20250900,127.0,20250600,,20250900
2025-05-14 14:00:00,,20250900,127.3,20250600,,20250900
2025-05-14 15:00:00,,20250900,127.2,20250600,,20250900
2025-05-14 16:00:00,,20250900,127.2,20250600,,20250900
2025-05-14 17:00:00,,20250900,127.2,20250600,,20250900
2025-05-14 18:00:00,,20250900,127.2,20250600,,20250900
2025-05-14 19:00:00,,20250900,127.2,20250600,,20250900
2025-05-14 20:00:00,,20250900,127.2,20250600,,20250900
2025-05-14 23:00:00,127.1,20250900,127.0,20250600,127.1,20250900
2025-05-15 07:00:00,,20250900,126.8,20250600,,20250900
2025-05-15 08:00:00,,20250900,127.3,20250600,,20250900
2025-05-15 09:00:00,,20250900,128.2,20250600,,20250900
2025-05-15 10:00:00,,20250900,128.2,20250600,,20250900
2025-05-15 11:00:00,,20250900,128.1,20250600,,20250900
2025-05-15 12:00:00,,20250900,128.0,20250600,,20250900
2025-05-15 13:00:00,,20250900,129.0,20250600,,20250900
2025-05-15 14:00:00,,20250900,128.7,20250600,,20250900
2025-05-15 15:00:00,,20250900,129.2,20250600,,20250900
2025-05-15 16:00:00,,20250900,129.2,20250600,,20250900
2025-05-15 17:00:00,,20250900,129.2,20250600,,20250900
2025-05-15 18:00:00,,20250900,129.2,20250600,,20250900
2025-05-15 19:00:00,,20250900,129.2,20250600,,20250900
2025-05-15 20:00:00,,20250900,129.2,20250600,,20250900
2025-05-15 23:00:00,129.1,20250900,129.1,20250600,129.1,20250900
2025-05-16 07:00:00,,20250900,129.9,20250600,,20250900
2025-05-16 08:00:00,,20250900,130.0,20250600,,20250900
2025-05-16 09:00:00,,20250900,130.2,20250600,,20250900
2025-05-16 10:00:00,,20250900,130.3,20250600,,20250900
2025-05-16 11:00:00,,20250900,130.3,20250600,,20250900
2025-05-16 12:00:00,,20250900,129.9,20250600,,20250900
2025-05-16 13:00:00,,20250900,129.9,20250600,,20250900
2025-05-16 14:00:00,,20250900,130.4,20250600,,20250900
2025-05-16 15:00:00,,20250900,130.6,20250600,,20250900
2025-05-16 16:00:00,,20250900,130.6,20250600,,20250900
2025-05-16 17:00:00,,20250900,130.6,20250600,,20250900
2025-05-16 18:00:00,,20250900,130.6,20250600,,20250900
2025-05-16 19:00:00,,20250900,130.6,20250600,,20250900
2025-05-16 20:00:00,,20250900,130.6,20250600,,20250900
2025-05-16 23:00:00,130.9,20250900,130.8,20250600,130.9,20250900
2025-05-19 07:00:00,,20250900,129.3,20250600,,20250900
2025-05-19 08:00:00,,20250900,129.3,20250600,,20250900
2025-05-19 09:00:00,,20250900,129.3,20250600,,20250900
2025-05-19 10:00:00,,20250900,129.3,20250600,,20250900
2025-05-19 11:00:00,,20250900,129.7,20250600,,20250900
2025-05-19 12:00:00,,20250900,129.6,20250600,,20250900
2025-05-19 13:00:00,,20250900,130.1,20250600,,20250900
2025-05-19 14:00:00,,20250900,130.3,20250600,,20250900
2025-05-19 15:00:00,,20250900,131.2,20250600,,20250900
2025-05-19 16:00:00,,20250900,131.2,20250600,,20250900
2025-05-19 17:00:00,,20250900,131.2,20250600,,20250900
2025-05-19 18:00:00,,20250900,131.2,20250600,,20250900
2025-05-19 19:00:00,,20250900,131.2,20250600,,20250900
2025-05-19 20:00:00,,20250900,131.2,20250600,,20250900
2025-05-19 23:00:00,131.0,20250900,131.0,20250600,131.0,20250900
2025-05-20 07:00:00,,20250900,131.4,20250600,,20250900
2025-05-20 08:00:00,,20250900,131.2,20250600,,20250900
2025-05-20 09:00:00,,20250900,131.2,20250600,,20250900
2025-05-20 10:00:00,,20250900,131.7,20250600,,20250900
2025-05-20 11:00:00,,20250900,131.5,20250600,,20250900
2025-05-20 12:00:00,,20250900,131.5,20250600,,20250900
2025-05-20 13:00:00,,20250900,131.7,20250600,,20250900
2025-05-20 14:00:00,,20250900,131.6,20250600,,20250900
2025-05-20 15:00:00,,20250900,131.9,20250600,,20250900
2025-05-20 16:00:00,,20250900,131.9,20250600,,20250900
2025-05-20 17:00:00,,20250900,131.9,20250600,,20250900
2025-05-20 18:00:00,,20250900,132.0,20250600,,20250900
2025-05-20 19:00:00,,20250900,132.0,20250600,,20250900
2025-05-20 20:00:00,,20250900,132.0,20250600,,20250900
2025-05-20 23:00:00,131.8,20250900,131.8,20250600,131.8,20250900
2025-05-21 07:00:00,,20250900,131.0,20250600,,20250900
2025-05-21 08:00:00,,20250900,130.7,20250600,,20250900
2025-05-21 09:00:00,,20250900,130.8,20250600,,20250900
2025-05-21 10:00:00,,20250900,130.7,20250600,,20250900
2025-05-21 11:00:00,,20250900,130.3,20250600,,20250900
2025-05-21 12:00:00,,20250900,131.0,20250600,,20250900
2025-05-21 13:00:00,,20250900,131.1,20250600,,20250900
2025-05-21 14:00:00,,20250900,131.3,20250600,,20250900
2025-05-21 15:00:00,,20250900,131.2,20250600,,20250900
2025-05-21 16:00:00,,20250900,131.2,20250600,,20250900
2025-05-21 17:00:00,,20250900,131.2,20250600,,20250900
2025-05-21 18:00:00,,20250900,131.2,20250600,,20250900
2025-05-21 19:00:00,,20250900,131.2,20250600,,20250900
2025-05-21 20:00:00,,20250900,131.2,20250600,,20250900
2025-05-21 23:00:00,131.4,20250900,131.3,20250600,131.4,20250900
2025-05-22 07:00:00,,20250900,129.8,20250600,,20250900
2025-05-22 08:00:00,,20250900,129.9,20250600,,20250900
2025-05-22 09:00:00,,20250900,129.9,20250600,,20250900
2025-05-22 10:00:00,,20250900,129.9,20250600,,20250900
2025-05-22 11:00:00,,20250900,129.7,20250600,,20250900
2025-05-22 12:00:00,,20250900,130.2,20250600,,20250900
2025-05-22 13:00:00,,20250900,129.0,20250600,,20250900
2025-05-22 14:00:00,,20250900,129.6,20250600,,20250900
2025-05-22 15:00:00,,20250900,130.0,20250600,,20250900
2025-05-22 16:00:00,,20250900,130.0,20250600,,20250900
2025-05-22 17:00:00,,20250900,130.0,20250600,,20250900
2025-05-22 18:00:00,,20250900,130.0,20250600,,20250900
2025-05-22 19:00:00,,20250900,130.0,20250600,,20250900
2025-05-22 20:00:00,,20250900,130.0,20250600,,20250900
2025-05-22 23:00:00,129.5,20250900,129.5,20250600,129.5,20250900
2025-05-23 07:00:00,,20250900,130.2,20250600,,20250900
2025-05-23 08:00:00,,20250900,129.9,20250600,,20250900
2025-05-23 09:00:00,,20250900,130.0,20250600,,20250900
2025-05-23 10:00:00,,20250900,129.8,20250600,,20250900
2025-05-23 11:00:00,,20250900,129.7,20250600,,20250900
2025-05-23 12:00:00,,20250900,129.4,20250600,,20250900
2025-05-23 13:00:00,,20250900,129.2,20250600,,20250900
2025-05-23 14:00:00,,20250900,129.8,20250600,,20250900
2025-05-23 15:00:00,,20250900,130.3,20250600,,20250900
2025-05-23 16:00:00,,20250900,130.3,20250600,,20250900
2025-05-23 17:00:00,,20250900,130.3,20250600,,20250900
2025-05-23 18:00:00,,20250900,130.3,20250600,,20250900
2025-05-23 19:00:00,,20250900,130.3,20250600,,20250900
2025-05-23 20:00:00,,20250900,130.3,20250600,,20250900
2025-05-23 23:00:00,130.3,20250900,130.2,20250600,130.3,20250900
2025-05-26 07:00:00,,20250900,130.8,20250600,,20250900
2025-05-26 08:00:00,,20250900,131.3,20250600,,20250900
2025-05-26 09:00:00,,20250900,131.3,20250600,,20250900
2025-05-26 10:00:00,,20250900,131.3,20250600,,20250900
2025-05-26 11:00:00,,20250900,131.1,20250600,,20250900
2025-05-26 12:00:00,,20250900,131.1,20250600,,20250900
2025-05-26 13:00:00,,20250900,131.2,20250600,,20250900
2025-05-26 14:00:00,,20250900,131.4,20250600,,20250900
2025-05-26 15:00:00,,20250900,131.4,20250600,,20250900
2025-05-26 16:00:00,,20250900,131.4,20250600,,20250900
2025-05-26 17:00:00,,20250900,131.4,20250600,,20250900
2025-05-26 18:00:00,,20250900,131.4,20250600,,20250900
2025-05-26 19:00:00,,20250900,132.2,20250600,,20250900
2025-05-26 20:00:00,,20250900,132.2,20250600,,20250900
2025-05-26 23:00:00,131.5,20250900,131.5,20250600,131.5,20250900
2025-05-27 07:00:00,,20250900,132.3,20250600,,20250900
2025-05-27 08:00:00,,20250900,132.2,20250600,,20250900
2025-05-27 09:00:00,,20250900,131.9,20250600,,20250900
2025-05-27 10:00:00,,20250900,131.8,20250600,,20250900
2025-05-27 11:00:00,,20250900,131.6,20250600,,20250900
2025-05-27 12:00:00,,20250900,131.3,20250600,,20250900
2025-05-27 13:00:00,,20250900,131.8,20250600,,20250900
2025-05-27 14:00:00,,20250900,131.9,20250600,,20250900
2025-05-27 15:00:00,,20250900,132.0,20250600,,20250900
2025-05-27 16:00:00,,20250900,132.0,20250600,,20250900
2025-05-27 17:00:00,,20250900,132.0,20250600,,20250900
2025-05-27 18:00:00,,20250900,132.0,20250600,,20250900
2025-05-27 19:00:00,,20250900,132.0,20250600,,20250900
2025-05-27 20:00:00,,20250900,132.0,20250600,,20250900
2025-05-27 23:00:00,131.9,20250900,131.9,20250600,131.9,20250900
2025-05-28 07:00:00,,20250900,133.2,20250600,,20250900
2025-05-28 08:00:00,,20250900,132.8,20250600,,20250900
2025-05-28 09:00:00,,20250900,132.6,20250600,,20250900
2025-05-28 10:00:00,,20250900,132.3,20250600,,20250900
2025-05-28 11:00:00,,20250900,132.4,20250600,,20250900
2025-05-28 12:00:00,,20250900,132.4,20250600,,20250900
2025-05-28 13:00:00,,20250900,132.1,20250600,,20250900
2025-05-28 14:00:00,,20250900,132.2,20250600,,20250900
2025-05-28 15:00:00,,20250900,132.5,20250600,,20250900
2025-05-28 16:00:00,,20250900,132.5,20250600,,20250900
2025-05-28 17:00:00,,20250900,132.5,20250600,,20250900
2025-05-28 18:00:00,,20250900,132.5,20250600,,20250900
2025-05-28 19:00:00,,20250900,132.5,20250600,,20250900
2025-05-28 20:00:00,,20250900,132.5,20250600,,20250900
2025-05-28 23:00:00,132.4,20250900,132.4,20250600,132.4,20250900
2025-05-29 07:00:00,,20250900,132.6,20250600,,20250900
2025-05-29 08:00:00,,20250900,132.5,20250600,,20250900
2025-05-29 09:00:00,,20250900,132.3,20250600,,20250900
2025-05-29 10:00:00,,20250900,132.4,20250600,,20250900
2025-05-29 11:00:00,,20250900,133.2,20250600,,20250900
2025-05-29 12:00:00,,20250900,133.4,20250600,,20250900
2025-05-29 13:00:00,,20250900,133.6,20250600,,20250900
2025-05-29 14:00:00,,20250900,133.5,20250600,,20250900
2025-05-29 15:00:00,,20250900,133.6,20250600,,20250900
2025-05-29 16:00:00,,20250900,133.6,20250600,,20250900
2025-05-29 17:00:00,,20250900,133.6,20250600,,20250900
2025-05-29 18:00:00,,20250900,133.6,20250600,,20250900
2025-05-29 19:00:00,,20250900,133.6,20250600,,20250900
2025-05-29 20:00:00,,20250900,133.6,20250600,,20250900
2025-05-29 23:00:00,133.7,20250900,133.7,20250600,133.7,20250900
2025-05-30 07:00:00,,20250900,135.0,20250600,,20250900
2025-05-30 08:00:00,,20250900,135.1,20250600,,20250900
2025-05-30 09:00:00,,20250900,134.5,20250600,,20250900
2025-05-30 10:00:00,,20250900,134.3,20250600,,20250900
2025-05-30 11:00:00,,20250900,134.2,20250600,,20250900
2025-05-30 12:00:00,,20250900,134.4,20250600,,20250900
2025-05-30 13:00:00,,20250900,134.1,20250600,,20250900
2025-05-30 14:00:00,,20250900,134.0,20250600,,20250900
2025-05-30 15:00:00,,20250900,133.9,20250600,,20250900
2025-05-30 16:00:00,,20250900,134.1,20250600,,20250900
2025-05-30 17:00:00,,20250900,134.1,20250600,,20250900
2025-05-30 18:00:00,,20250900,134.1,20250600,,20250900
2025-05-30 19:00:00,,20250900,134.1,20250600,,20250900
2025-05-30 20:00:00,,20250900,134.1,20250600,,20250900
2025-05-30 23:00:00,133.9,20250900,133.9,20250600,133.9,20250900
2025-06-02 07:00:00,,20250900,132.8,20250600,,20250900
2025-06-02 08:00:00,,20250900,133.7,20250600,,20250900
2025-06-02 09:00:00,,20250900,133.3,20250600,,20250900
2025-06-02 10:00:00,,20250900,133.3,20250600,,20250900
2025-06-02 11:00:00,,20250900,133.2,20250600,,20250900
2025-06-02 12:00:00,,20250900,133.0,20250600,,20250900
2025-06-02 13:00:00,,20250900,132.9,20250600,,20250900
2025-06-02 14:00:00,,20250900,132.9,20250600,,20250900
2025-06-02 15:00:00,,20250900,133.2,20250600,,20250900
2025-06-02 16:00:00,,20250900,133.2,20250600,,20250900
2025-06-02 17:00:00,,20250900,133.2,20250600,,20250900
2025-06-02 18:00:00,,20250900,133.2,20250600,,20250900
2025-06-02 19:00:00,,20250900,133.2,20250600,,20250900
2025-06-02 20:00:00,,20250900,133.2,20250600,,20250900
2025-06-02 23:00:00,133.0,20250900,133.2,20250600,133.0,20250900
2025-06-03 07:00:00,,20250900,132.9,20250600,,20250900
2025-06-03 08:00:00,,20250900,133.0,20250600,,20250900
2025-06-03 09:00:00,,20250900,134.0,20250600,,20250900
2025-06-03 10:00:00,,20250900,133.7,20250600,,20250900
2025-06-03 11:00:00,,20250900,133.8,20250600,,20250900
2025-06-03 12:00:00,,20250900,133.6,20250600,,20250900
2025-06-03 13:00:00,,20250900,133.2,20250600,,20250900
2025-06-03 14:00:00,,20250900,132.8,20250600,,20250900
2025-06-03 15:00:00,,20250900,132.9,20250600,,20250900
2025-06-03 16:00:00,,20250900,132.9,20250600,,20250900
2025-06-03 17:00:00,,20250900,132.9,20250600,,20250900
2025-06-03 18:00:00,,20250900,132.9,20250600,,20250900
2025-06-03 19:00:00,,20250900,132.9,20250600,,20250900
2025-06-03 20:00:00,,20250900,132.9,20250600,,20250900
2025-06-03 23:00:00,132.8,20250900,132.8,20250600,132.8,20250900
2025-06-04 07:00:00,,20250900,132.4,20250600,,20250900
2025-06-04 08:00:00,,20250900,132.5,20250600,,20250900
2025-06-04 09:00:00,,20250900,132.5,20250600,,20250900
2025-06-04 10:00:00,,20250900,132.7,20250600,,20250900
2025-06-04 11:00:00,,20250900,132.7,20250600,,20250900
2025-06-04 12:00:00,,20250900,132.6,20250600,,20250900
2025-06-04 13:00:00,,20250900,132.4,20250600,,20250900
2025-06-04 14:00:00,,20250900,132.7,20250600,,20250900
2025-06-04 15:00:00,,20250900,132.2,20250600,,20250900
2025-06-04 16:00:00,,20250900,132.2,20250600,,20250900
2025-06-04 17:00:00,,20250900,132.2,20250600,,20250900
2025-06-04 18:00:00,,20250900,132.2,20250600,,20250900
2025-06-04 19:00:00,,20250900,132.2,20250600,,20250900
2025-06-04 20:00:00,,20250900,132.2,20250600,,20250900
2025-06-04 23:00:00,132.6,20250900,132.6,20250600,132.6,20250900
2025-06-05 07:00:00,,20250900,132.6,20250600,,20250900
2025-06-05 08:00:00,,20250900,133.2,20250600,,20250900
2025-06-05 09:00:00,,20250900,133.3,20250600,,20250900
2025-06-05 10:00:00,,20250900,133.9,20250600,,20250900
2025-06-05 11:00:00,,20250900,133.7,20250600,,20250900
2025-06-05 12:00:00,,20250900,133.6,20250600,,20250900
2025-06-05 13:00:00,,20250900,132.0,20250600,,20250900
2025-06-05 14:00:00,,20250900,132.3,20250600,,20250900
2025-06-05 15:00:00,,20250900,132.1,20250600,,20250900
2025-06-05 16:00:00,,20250900,132.1,20250600,,20250900
2025-06-05 17:00:00,,20250900,132.1,20250600,,20250900
2025-06-05 18:00:00,,20250900,132.1,20250600,,20250900
2025-06-05 19:00:00,,20250900,132.1,20250600,,20250900
2025-06-05 20:00:00,,20250900,132.1,20250600,,20250900
2025-06-05 23:00:00,132.1,20250900,132.1,20250600,132.1,20250900
2025-06-06 07:00:00,,20250900,132.7,20250600,,20250900
2025-06-06 08:00:00,,20250900,132.7,20250600,,20250900
2025-06-06 09:00:00,,20250900,132.4,20250600,,20250900
2025-06-06 10:00:00,,20250900,132.3,20250600,,20250900
2025-06-06 11:00:00,,20250900,132.3,20250600,,20250900
2025-06-06 12:00:00,,20250900,132.3,20250600,,20250900
2025-06-06 13:00:00,,20250900,132.3,20250600,,20250900
2025-06-06 14:00:00,,20250900,132.3,20250600,,20250900
2025-06-06 15:00:00,,20250900,132.4,20250600,,20250900
2025-06-06 16:00:00,,20250900,132.4,20250600,,20250900
2025-06-06 17:00:00,,20250900,132.4,20250600,,20250900
2025-06-06 18:00:00,,20250900,132.4,20250600,,20250900
2025-06-06 19:00:00,,20250900,132.4,20250600,,20250900
2025-06-06 20:00:00,,20250900,132.4,20250600,,20250900
2025-06-06 23:00:00,132.4,20250900,132.7,20250600,132.4,20250900
2025-06-09 07:00:00,,20250900,133.1,20250600,,20250900
2025-06-09 08:00:00,,20250900,133.3,20250600,,20250900
2025-06-09 09:00:00,,20250900,133.3,20250600,,20250900
2025-06-09 10:00:00,,20250900,133.3,20250600,,20250900
2025-06-09 11:00:00,,20250900,133.3,20250600,,20250900
2025-06-09 12:00:00,,20250900,133.3,20250600,,20250900
2025-06-09 13:00:00,,20250900,133.3,20250600,,20250900
2025-06-09 14:00:00,,20250900,133.1,20250600,,20250900
2025-06-09 15:00:00,,20250900,133.5,20250600,,20250900
2025-06-09 16:00:00,,20250900,133.5,20250600,,20250900
2025-06-09 17:00:00,,20250900,133.5,20250600,,20250900
2025-06-09 18:00:00,,20250900,133.5,20250600,,20250900
2025-06-09 19:00:00,,20250900,133.5,20250600,,20250900
2025-06-09 20:00:00,,20250900,133.5,20250600,,20250900
2025-06-09 23:00:00,133.5,20250900,133.5,20250600,133.5,20250900
2025-06-10 07:00:00,,20250900,134.0,20250600,,20250900
2025-06-10 08:00:00,,20250900,134.0,20250600,,20250900
2025-06-10 09:00:00,,20250900,133.9,20250600,,20250900
2025-06-10 10:00:00,,20250900,133.9,20250600,,20250900
2025-06-10 11:00:00,,20250900,134.2,20250600,,20250900
2025-06-10 12:00:00,,20250900,134.4,20250600,,20250900
2025-06-10 13:00:00,,20250900,134.4,20250600,,20250900
2025-06-10 14:00:00,,20250900,134.6,20250600,,20250900
2025-06-10 15:00:00,134.4,20250900,134.3,20250600,134.4,20250900
2025-06-10 16:00:00,134.4,20250900,134.3,20250600,134.4,20250900
2025-06-10 17:00:00,134.4,20250900,134.3,20250600,134.4,20250900
2025-06-10 18:00:00,134.4,20250900,134.3,20250600,134.4,20250900
2025-06-10 19:00:00,134.4,20250900,134.3,20250600,134.4,20250900
2025-06-10 20:00:00,134.4,20250900,134.3,20250600,134.4,20250900
2025-06-10 23:00:00,134.6,20250900,134.5,20250600,134.6,20250900
2025-06-11 07:00:00,,20250900,134.3,20250600,,20250900
2025-06-11 08:00:00,,20250900,134.4,20250600,,20250900
2025-06-11 09:00:00,,20250900,134.2,20250600,,20250900
2025-06-11 10:00:00,,20250900,133.9,20250600,,20250900
2025-06-11 11:00:00,,20250900,133.7,20250600,,20250900
2025-06-11 12:00:00,,20250900,134.1,20250600,,20250900
2025-06-11 13:00:00,,20250900,133.8,20250600,,20250900
2025-06-11 14:00:00,,20250900,133.6,20250600,,20250900
2025-06-11 15:00:00,,20250900,133.4,20250600,,20250900
2025-06-11 16:00:00,,20250900,133.4,20250600,,20250900
2025-06-11 17:00:00,,20250900,133.4,20250600,,20250900
2025-06-11 18:00:00,,20250900,133.4,20250600,,20250900
2025-06-11 19:00:00,133.0,20250900,132.0,20250600,133.0,20250900
2025-06-11 20:00:00,,20251200,133.0,20250900,,20251200
2025-06-11 23:00:00,133.8,20251200,133.7,20250900,133.8,20251200
2025-06-12 23:00:00,132.3,20251200,132.2,20250900,132.3,20251200
2025-06-13 07:00:00,,20251200,131.3,20250900,,20251200
2025-06-13 08:00:00,,20251200,131.3,20250900,,20251200
2025-06-13 09:00:00,,20251200,131.3,20250900,,20251200
2025-06-13 10:00:00,,20251200,131.3,20250900,,20251200
2025-06-13 11:00:00,,20251200,131.3,20250900,,20251200
2025-06-13 12:00:00,,20251200,131.3,20250900,,20251200
2025-06-13 13:00:00,,20251200,131.3,20250900,,20251200
2025-06-13 14:00:00,,20251200,131.3,20250900,,20251200
2025-06-13 15:00:00,,20251200,131.0,20250900,,20251200
2025-06-13 16:00:00,,20251200,131.0,20250900,,20251200
2025-06-13 17:00:00,,20251200,131.0,20250900,,20251200
2025-06-13 18:00:00,,20251200,131.0,20250900,,20251200
2025-06-13 19:00:00,,20251200,131.0,20250900,,20251200
2025-06-13 20:00:00,,20251200,131.0,20250900,,20251200
2025-06-13 23:00:00,131.0,20251200,130.8,20250900,131.0,20251200
2025-06-16 07:00:00,,20251200,130.5,20250900,,20251200
2025-06-16 08:00:00,,20251200,130.5,20250900,,20251200
2025-06-16 09:00:00,,20251200,131.1,20250900,,20251200
2025-06-16 10:00:00,,20251200,131.6,20250900,,20251200
2025-06-16 11:00:00,,20251200,131.2,20250900,,20251200
2025-06-16 12:00:00,,20251200,131.3,20250900,,20251200
2025-06-16 13:00:00,,20251200,131.3,20250900,,20251200
2025-06-16 14:00:00,,20251200,131.5,20250900,,20251200
2025-06-16 15:00:00,,20251200,132.0,20250900,,20251200
2025-06-16 16:00:00,,20251200,132.0,20250900,,20251200
2025-06-16 17:00:00,,20251200,132.0,20250900,,20251200
2025-06-16 18:00:00,,20251200,132.0,20250900,,20251200
2025-06-16 19:00:00,,20251200,132.0,20250900,,20251200
2025-06-16 20:00:00,,20251200,132.0,20250900,,20251200
2025-06-16 23:00:00,131.9,20251200,131.8,20250900,131.9,20251200
2025-06-17 07:00:00,,20251200,131.1,20250900,,20251200
2025-06-17 08:00:00,,20251200,131.1,20250900,,20251200
2025-06-17 09:00:00,,20251200,131.1,20250900,,20251200
2025-06-17 10:00:00,,20251200,131.1,20250900,,20251200
2025-06-17 11:00:00,,20251200,131.1,20250900,,20251200
2025-06-17 12:00:00,,20251200,131.1,20250900,,20251200
2025-06-17 13:00:00,,20251200,131.1,20250900,,20251200
2025-06-17 14:00:00,,20251200,131.1,20250900,,20251200
2025-06-17 15:00:00,,20251200,132.4,20250900,,20251200
2025-06-17 16:00:00,,20251200,132.4,20250900,,20251200
2025-06-17 17:00:00,,20251200,132.4,20250900,,20251200
2025-06-17 18:00:00,,20251200,132.4,20250900,,20251200
2025-06-17 19:00:00,,20251200,132.4,20250900,,20251200
2025-06-17 20:00:00,,20251200,132.4,20250900,,20251200
2025-06-17 23:00:00,132.7,20251200,132.5,20250900,132.7,20251200
2025-06-18 07:00:00,,20251200,132.9,20250900,,20251200
2025-06-18 08:00:00,,20251200,133.1,20250900,,20251200
2025-06-18 09:00:00,,20251200,133.2,20250900,,20251200
2025-06-18 10:00:00,,20251200,132.5,20250900,,20251200
2025-06-18 11:00:00,,20251200,132.4,20250900,,20251200
2025-06-18 12:00:00,,20251200,132.8,20250900,,20251200
2025-06-18 13:00:00,,20251200,133.0,20250900,,20251200
2025-06-18 14:00:00,,20251200,133.5,20250900,,20251200
2025-06-18 15:00:00,,20251200,133.9,20250900,,20251200
2025-06-18 16:00:00,,20251200,133.9,20250900,,20251200
2025-06-18 17:00:00,,20251200,133.9,20250900,,20251200
2025-06-18 18:00:00,,20251200,133.9,20250900,,20251200
2025-06-18 19:00:00,,20251200,133.9,20250900,,20251200
2025-06-18 20:00:00,,20251200,133.9,20250900,,20251200
2025-06-18 23:00:00,134.1,20251200,133.8,20250900,134.1,20251200
2025-06-19 07:00:00,,20251200,132.8,20250900,,20251200
2025-06-19 08:00:00,,20251200,132.8,20250900,,20251200
2025-06-19 09:00:00,,20251200,133.3,20250900,,20251200
2025-06-19 10:00:00,,20251200,133.4,20250900,,20251200
2025-06-19 11:00:00,,20251200,133.3,20250900,,20251200
2025-06-19 12:00:00,,20251200,133.3,20250900,,20251200
2025-06-19 13:00:00,,20251200,133.6,20250900,,20251200
2025-06-19 14:00:00,,20251200,133.5,20250900,,20251200
2025-06-19 15:00:00,,20251200,133.1,20250900,,20251200
2025-06-19 16:00:00,,20251200,133.1,20250900,,20251200
2025-06-19 17:00:00,,20251200,133.1,20250900,,20251200
2025-06-19 18:00:00,,20251200,133.1,20250900,,20251200
2025-06-19 19:00:00,,20251200,133.1,20250900,,20251200
2025-06-19 20:00:00,,20251200,133.1,20250900,,20251200
2025-06-19 23:00:00,133.1,20251200,133.0,20250900,133.1,20251200
2025-06-20 07:00:00,,20251200,133.9,20250900,,20251200
2025-06-20 08:00:00,,20251200,134.1,20250900,,20251200
2025-06-20 09:00:00,,20251200,134.5,20250900,,20251200
2025-06-20 10:00:00,,20251200,134.2,20250900,,20251200
2025-06-20 11:00:00,,20251200,134.6,20250900,,20251200
2025-06-20 12:00:00,,20251200,134.8,20250900,,20251200
2025-06-20 13:00:00,,20251200,134.7,20250900,,20251200
2025-06-20 14:00:00,,20251200,134.2,20250900,,20251200
2025-06-20 15:00:00,,20251200,134.0,20250900,,20251200
2025-06-20 16:00:00,,20251200,134.0,20250900,,20251200
2025-06-20 17:00:00,,20251200,134.0,20250900,,20251200
2025-06-20 18:00:00,,20251200,134.0,20250900,,20251200
2025-06-20 19:00:00,,20251200,134.0,20250900,,20251200
2025-06-20 20:00:00,,20251200,134.0,20250900,,20251200
2025-06-20 23:00:00,133.9,20251200,133.8,20250900,133.9,20251200
2025-06-23 07:00:00,,20251200,133.3,20250900,,20251200
2025-06-23 08:00:00,,20251200,133.1,20250900,,20251200
2025-06-23 09:00:00,,20251200,133.4,20250900,,20251200
2025-06-23 10:00:00,,20251200,133.2,20250900,,20251200
2025-06-23 11:00:00,,20251200,133.2,20250900,,20251200
2025-06-23 12:00:00,,20251200,133.5,20250900,,20251200
2025-06-23 13:00:00,,20251200,133.9,20250900,,20251200
2025-06-23 14:00:00,,20251200,133.9,20250900,,20251200
2025-06-23 15:00:00,,20251200,134.0,20250900,,20251200
2025-06-23 16:00:00,,20251200,134.0,20250900,,20251200
2025-06-23 17:00:00,,20251200,134.0,20250900,,20251200
2025-06-23 18:00:00,,20251200,134.0,20250900,,20251200
2025-06-23 19:00:00,,20251200,134.0,20250900,,20251200
2025-06-23 20:00:00,,20251200,134.0,20250900,,20251200
2025-06-23 23:00:00,134.0,20251200,133.2,20250900,134.0,20251200
2025-06-24 07:00:00,,20251200,134.6,20250900,,20251200
2025-06-24 08:00:00,,20251200,134.2,20250900,,20251200
2025-06-24 09:00:00,,20251200,134.0,20250900,,20251200
2025-06-24 10:00:00,,20251200,134.3,20250900,,20251200
2025-06-24 11:00:00,,20251200,134.8,20250900,,20251200
2025-06-24 12:00:00,,20251200,134.7,20250900,,20251200
2025-06-24 13:00:00,,20251200,134.4,20250900,,20251200
2025-06-24 14:00:00,,20251200,134.3,20250900,,20251200
2025-06-24 15:00:00,,20251200,134.2,20250900,,20251200
2025-06-24 16:00:00,,20251200,134.2,20250900,,20251200
2025-06-24 17:00:00,,20251200,134.2,20250900,,20251200
2025-06-24 18:00:00,,20251200,134.2,20250900,,20251200
2025-06-24 19:00:00,,20251200,134.2,20250900,,20251200
2025-06-24 20:00:00,,20251200,134.2,20250900,,20251200
2025-06-24 23:00:00,134.5,20251200,134.3,20250900,134.5,20251200
2025-06-25 07:00:00,,20251200,134.6,20250900,,20251200
2025-06-25 08:00:00,,20251200,134.2,20250900,,20251200
2025-06-25 09:00:00,,20251200,133.5,20250900,,20251200
2025-06-25 10:00:00,,20251200,133.6,20250900,,20251200
2025-06-25 11:00:00,,20251200,133.5,20250900,,20251200
2025-06-25 12:00:00,,20251200,133.2,20250900,,20251200
2025-06-25 13:00:00,,20251200,133.4,20250900,,20251200
2025-06-25 14:00:00,,20251200,132.9,20250900,,20251200
2025-06-25 15:00:00,,20251200,132.7,20250900,,20251200
2025-06-25 16:00:00,,20251200,132.7,20250900,,20251200
2025-06-25 17:00:00,,20251200,132.7,20250900,,20251200
2025-06-25 18:00:00,,20251200,132.7,20250900,,20251200
2025-06-25 19:00:00,,20251200,132.7,20250900,,20251200
2025-06-25 20:00:00,,20251200,132.7,20250900,,20251200
2025-06-25 23:00:00,133.0,20251200,133.4,20250900,133.0,20251200
2025-06-26 07:00:00,,20251200,133.0,20250900,,20251200
2025-06-26 08:00:00,,20251200,133.1,20250900,,20251200
2025-06-26 09:00:00,,20251200,133.1,20250900,,20251200
2025-06-26 10:00:00,,20251200,133.9,20250900,,20251200
2025-06-26 11:00:00,,20251200,133.7,20250900,,20251200
2025-06-26 12:00:00,,20251200,133.7,20250900,,20251200
2025-06-26 13:00:00,,20251200,133.4,20250900,,20251200
2025-06-26 14:00:00,,20251200,133.5,20250900,,20251200
2025-06-26 15:00:00,,20251200,133.4,20250900,,20251200
2025-06-26 16:00:00,,20251200,134.1,20250900,,20251200
2025-06-26 17:00:00,,20251200,134.1,20250900,,20251200
2025-06-26 18:00:00,,20251200,134.1,20250900,,20251200
2025-06-26 19:00:00,,20251200,134.1,20250900,,20251200
2025-06-26 20:00:00,,20251200,134.1,20250900,,20251200
2025-06-26 23:00:00,133.7,20251200,133.5,20250900,133.7,20251200
2025-06-27 07:00:00,,20251200,133.5,20250900,,20251200
2025-06-27 08:00:00,,20251200,133.9,20250900,,20251200
2025-06-27 09:00:00,,20251200,133.8,20250900,,20251200
2025-06-27 10:00:00,,20251200,133.8,20250900,,20251200
2025-06-27 11:00:00,,20251200,133.8,20250900,,20251200
2025-06-27 12:00:00,,20251200,133.8,20250900,,20251200
2025-06-27 13:00:00,,20251200,133.6,20250900,,20251200
2025-06-27 14:00:00,,20251200,133.6,20250900,,20251200
2025-06-27 15:00:00,,20251200,133.8,20250900,,20251200
2025-06-27 16:00:00,,20251200,133.8,20250900,,20251200
2025-06-27 17:00:00,,20251200,133.8,20250900,,20251200
2025-06-27 18:00:00,,20251200,133.8,20250900,,20251200
2025-06-27 19:00:00,,20251200,133.8,20250900,,20251200
2025-06-27 20:00:00,,20251200,133.8,20250900,,20251200
2025-06-27 23:00:00,134.0,20251200,133.8,20250900,134.0,20251200
2025-06-30 07:00:00,,20251200,135.0,20250900,,20251200
2025-06-30 08:00:00,,20251200,135.0,20250900,,20251200
2025-06-30 09:00:00,,20251200,134.5,20250900,,20251200
2025-06-30 10:00:00,,20251200,134.8,20250900,,20251200
2025-06-30 11:00:00,,20251200,134.6,20250900,,20251200
2025-06-30 12:00:00,,20251200,134.6,20250900,,20251200
2025-06-30 13:00:00,,20251200,134.3,20250900,,20251200
2025-06-30 14:00:00,,20251200,134.2,20250900,,20251200
2025-06-30 15:00:00,,20251200,133.9,20250900,,20251200
2025-06-30 16:00:00,,20251200,133.9,20250900,,20251200
2025-06-30 17:00:00,,20251200,133.9,20250900,,20251200
2025-06-30 18:00:00,,20251200,133.9,20250900,,20251200
2025-06-30 19:00:00,,20251200,133.9,20250900,,20251200
2025-06-30 20:00:00,,20251200,133.9,20250900,,20251200
2025-06-30 23:00:00,134.0,20251200,133.8,20250900,134.0,20251200
2025-07-01 07:00:00,,20251200,135.1,20250900,,20251200
2025-07-01 08:00:00,,20251200,134.4,20250900,,20251200
2025-07-01 09:00:00,,20251200,134.2,20250900,,20251200
2025-07-01 10:00:00,,20251200,134.1,20250900,,20251200
2025-07-01 11:00:00,,20251200,133.9,20250900,,20251200
2025-07-01 12:00:00,,20251200,133.7,20250900,,20251200
2025-07-01 13:00:00,,20251200,133.7,20250900,,20251200
2025-07-01 14:00:00,,20251200,134.1,20250900,,20251200
2025-07-01 15:00:00,,20251200,134.5,20250900,,20251200
2025-07-01 16:00:00,,20251200,134.5,20250900,,20251200
2025-07-01 17:00:00,,20251200,134.5,20250900,,20251200
2025-07-01 18:00:00,,20251200,134.5,20250900,,20251200
2025-07-01 19:00:00,,20251200,134.5,20250900,,20251200
2025-07-01 20:00:00,,20251200,134.5,20250900,,20251200
2025-07-01 23:00:00,134.5,20251200,134.4,20250900,134.5,20251200
2025-07-02 07:00:00,,20251200,133.5,20250900,,20251200
2025-07-02 08:00:00,,20251200,133.4,20250900,,20251200
2025-07-02 09:00:00,,20251200,133.2,20250900,,20251200
2025-07-02 10:00:00,,20251200,133.0,20250900,,20251200
2025-07-02 11:00:00,,20251200,132.1,20250900,,20251200
2025-07-02 12:00:00,,20251200,130.9,20250900,,20251200
2025-07-02 13:00:00,,20251200,131.3,20250900,,20251200
2025-07-02 14:00:00,,20251200,130.9,20250900,,20251200
2025-07-02 15:00:00,,20251200,130.8,20250900,,20251200
2025-07-02 16:00:00,,20251200,130.8,20250900,,20251200
2025-07-02 17:00:00,,20251200,130.8,20250900,,20251200
2025-07-02 18:00:00,,20251200,130.8,20250900,,20251200
2025-07-02 19:00:00,,20251200,130.8,20250900,,20251200
2025-07-02 20:00:00,,20251200,130.8,20250900,,20251200
2025-07-02 23:00:00,131.1,20251200,130.9,20250900,131.1,20251200
2025-07-03 07:00:00,,20251200,131.6,20250900,,20251200
2025-07-03 08:00:00,,20251200,131.9,20250900,,20251200
2025-07-03 09:00:00,,20251200,131.7,20250900,,20251200
2025-07-03 10:00:00,,20251200,131.6,20250900,,20251200
2025-07-03 11:00:00,,20251200,131.7,20250900,,20251200
2025-07-03 12:00:00,,20251200,131.3,20250900,,20251200
2025-07-03 13:00:00,,20251200,131.2,20250900,,20251200
2025-07-03 14:00:00,,20251200,131.5,20250900,,20251200
2025-07-03 15:00:00,,20251200,131.6,20250900,,20251200
2025-07-03 16:00:00,,20251200,131.6,20250900,,20251200
2025-07-03 17:00:00,,20251200,131.6,20250900,,20251200
2025-07-03 18:00:00,,20251200,131.6,20250900,,20251200
2025-07-03 19:00:00,,20251200,131.6,20250900,,20251200
2025-07-03 20:00:00,,20251200,131.6,20250900,,20251200
2025-07-03 23:00:00,131.6,20251200,131.4,20250900,131.6,20251200
2025-07-04 07:00:00,,20251200,130.9,20250900,,20251200
2025-07-04 08:00:00,,20251200,130.9,20250900,,20251200
2025-07-04 09:00:00,,20251200,130.3,20250900,,20251200
2025-07-04 10:00:00,,20251200,130.7,20250900,,20251200
2025-07-04 11:00:00,,20251200,130.5,20250900,,20251200
2025-07-04 12:00:00,,20251200,130.5,20250900,,20251200
2025-07-04 13:00:00,,20251200,130.6,20250900,,20251200
2025-07-04 14:00:00,,20251200,130.8,20250900,,20251200
2025-07-04 15:00:00,,20251200,130.7,20250900,,20251200
2025-07-04 16:00:00,,20251200,130.7,20250900,,20251200
2025-07-04 17:00:00,,20251200,130.7,20250900,,20251200
2025-07-04 18:00:00,,20251200,130.7,20250900,,20251200
2025-07-04 19:00:00,,20251200,130.7,20250900,,20251200
2025-07-04 20:00:00,,20251200,130.7,20250900,,20251200
2025-07-04 23:00:00,130.9,20251200,130.6,20250900,130.9,20251200
2025-07-07 07:00:00,,20251200,130.8,20250900,,20251200
2025-07-07 08:00:00,,20251200,131.3,20250900,,20251200
2025-07-07 09:00:00,,20251200,131.0,20250900,,20251200
2025-07-07 10:00:00,,20251200,130.8,20250900,,20251200
2025-07-07 11:00:00,,20251200,130.9,20250900,,20251200
2025-07-07 12:00:00,,20251200,130.5,20250900,,20251200
2025-07-07 13:00:00,,20251200,130.7,20250900,,20251200
2025-07-07 14:00:00,,20251200,130.3,20250900,,20251200
2025-07-07 15:00:00,,20251200,130.4,20250900,,20251200
2025-07-07 16:00:00,,20251200,130.4,20250900,,20251200
2025-07-07 17:00:00,,20251200,130.4,20250900,,20251200
2025-07-07 18:00:00,,20251200,130.4,20250900,,20251200
2025-07-07 19:00:00,,20251200,130.4,20250900,,20251200
2025-07-07 20:00:00,,20251200,130.4,20250900,,20251200
2025-07-07 23:00:00,130.6,20251200,130.4,20250900,130.6,20251200
2025-07-08 07:00:00,,20251200,129.5,20250900,,20251200
2025-07-08 08:00:00,,20251200,129.1,20250900,,20251200
2025-07-08 09:00:00,,20251200,129.0,20250900,,20251200
2025-07-08 10:00:00,,20251200,129.0,20250900,,20251200
2025-07-08 11:00:00,,20251200,128.9,20250900,,20251200
2025-07-08 12:00:00,,20251200,128.7,20250900,,20251200
2025-07-08 13:00:00,,20251200,129.0,20250900,,20251200
2025-07-08 14:00:00,,20251200,129.0,20250900,,20251200
2025-07-08 15:00:00,,20251200,129.1,20250900,,20251200
2025-07-08 16:00:00,,20251200,129.1,20250900,,20251200
2025-07-08 17:00:00,,20251200,129.1,20250900,,20251200
2025-07-08 18:00:00,,20251200,129.1,20250900,,20251200
2025-07-08 19:00:00,,20251200,129.1,20250900,,20251200
2025-07-08 20:00:00,,20251200,129.1,20250900,,20251200
2025-07-08 23:00:00,129.2,20251200,129.0,20250900,129.2,20251200
2025-07-09 07:00:00,,20251200,129.1,20250900,,20251200
2025-07-09 08:00:00,,20251200,129.6,20250900,,20251200
2025-07-09 09:00:00,,20251200,129.7,20250900,,20251200
2025-07-09 10:00:00,,20251200,129.4,20250900,,20251200
2025-07-09 11:00:00,,20251200,129.3,20250900,,20251200
2025-07-09 12:00:00,,20251200,129.3,20250900,,20251200
2025-07-09 13:00:00,,20251200,129.6,20250900,,20251200
2025-07-09 14:00:00,,20251200,129.9,20250900,,20251200
2025-07-09 15:00:00,,20251200,129.9,20250900,,20251200
2025-07-09 16:00:00,,20251200,129.9,20250900,,20251200
2025-07-09 17:00:00,,20251200,129.9,20250900,,20251200
2025-07-09 18:00:00,,20251200,129.9,20250900,,20251200
2025-07-09 19:00:00,,20251200,129.9,20250900,,20251200
2025-07-09 20:00:00,,20251200,129.9,20250900,,20251200
2025-07-09 23:00:00,130.3,20251200,130.0,20250900,130.3,20251200
2025-07-10 07:00:00,,20251200,129.6,20250900,,20251200
2025-07-10 08:00:00,,20251200,129.3,20250900,,20251200
2025-07-10 09:00:00,,20251200,129.4,20250900,,20251200
2025-07-10 10:00:00,,20251200,129.5,20250900,,20251200
2025-07-10 11:00:00,,20251200,129.5,20250900,,20251200
2025-07-10 12:00:00,,20251200,128.9,20250900,,20251200
2025-07-10 13:00:00,,20251200,129.2,20250900,,20251200
2025-07-10 14:00:00,,20251200,129.5,20250900,,20251200
2025-07-10 15:00:00,,20251200,129.8,20250900,,20251200
2025-07-10 16:00:00,,20251200,129.8,20250900,,20251200
2025-07-10 17:00:00,,20251200,129.8,20250900,,20251200
2025-07-10 18:00:00,,20251200,129.8,20250900,,20251200
2025-07-10 19:00:00,,20251200,129.8,20250900,,20251200
2025-07-10 20:00:00,,20251200,129.8,20250900,,20251200
2025-07-10 23:00:00,129.6,20251200,129.4,20250900,129.6,20251200
2025-07-11 07:00:00,,20251200,128.6,20250900,,20251200
2025-07-11 08:00:00,,20251200,128.7,20250900,,20251200
2025-07-11 09:00:00,,20251200,128.3,20250900,,20251200
2025-07-11 10:00:00,,20251200,128.3,20250900,,20251200
2025-07-11 11:00:00,,20251200,128.0,20250900,,20251200
2025-07-11 12:00:00,,20251200,128.0,20250900,,20251200
2025-07-11 13:00:00,,20251200,128.3,20250900,,20251200
2025-07-11 14:00:00,,20251200,128.4,20250900,,20251200
2025-07-11 15:00:00,,20251200,128.3,20250900,,20251200
2025-07-11 16:00:00,,20251200,128.3,20250900,,20251200
2025-07-11 17:00:00,,20251200,128.3,20250900,,20251200
2025-07-11 18:00:00,,20251200,128.3,20250900,,20251200
2025-07-11 19:00:00,,20251200,128.3,20250900,,20251200
2025-07-11 20:00:00,,20251200,128.3,20250900,,20251200
2025-07-11 23:00:00,128.6,20251200,128.3,20250900,128.6,20251200
2025-07-14 07:00:00,,20251200,128.8,20250900,,20251200
2025-07-14 08:00:00,,20251200,129.0,20250900,,20251200
2025-07-14 09:00:00,,20251200,128.8,20250900,,20251200
2025-07-14 10:00:00,,20251200,128.9,20250900,,20251200
2025-07-14 11:00:00,,20251200,128.4,20250900,,20251200
2025-07-14 12:00:00,,20251200,128.5,20250900,,20251200
2025-07-14 13:00:00,,20251200,129.0,20250900,,20251200
2025-07-14 14:00:00,,20251200,128.6,20250900,,20251200
2025-07-14 15:00:00,,20251200,128.6,20250900,,20251200
2025-07-14 16:00:00,,20251200,128.6,20250900,,20251200
2025-07-14 17:00:00,,20251200,128.6,20250900,,20251200
2025-07-14 18:00:00,,20251200,128.6,20250900,,20251200
2025-07-14 19:00:00,,20251200,128.6,20250900,,20251200
2025-07-14 20:00:00,,20251200,128.6,20250900,,20251200
2025-07-14 23:00:00,129.0,20251200,128.6,20250900,129.0,20251200
