DATETIME,PRICE,FORWARD,CARRY,PRICE_CONTRACT,FORWARD_CONTRACT,CARRY_CONTRACT
2025-05-27 01:00:00,138.58,,,20250900,20251200,20251200
2025-05-27 04:00:00,138.87,,,20250900,20251200,20251200
2025-05-27 05:00:00,138.92,,,20250900,20251200,20251200
2025-05-27 07:00:00,138.85,,,20250900,20251200,20251200
2025-05-27 11:00:00,138.73,,,20250900,20251200,20251200
2025-05-27 12:00:00,138.66,,,20250900,20251200,20251200
2025-05-27 13:00:00,138.65,,,20250900,20251200,20251200
2025-05-27 14:00:00,138.69,,,20250900,20251200,20251200
2025-05-27 15:00:00,138.8,,,20250900,20251200,20251200
2025-05-27 17:00:00,138.84,,,20250900,20251200,20251200
2025-05-27 19:00:00,138.9,,,20250900,20251200,20251200
2025-05-27 23:00:00,138.87,137.9,137.9,20250900,20251200,20251200
2025-05-27 23:45:00,138.76,,,20250900,20251200,20251200
2025-05-28 00:00:00,138.6,,,20250900,20251200,20251200
2025-05-28 01:00:00,138.52,,,20250900,20251200,20251200
2025-05-28 03:30:00,138.46,,,20250900,20251200,20251200
2025-05-28 04:00:00,138.23,,,20250900,20251200,20251200
2025-05-28 05:00:00,138.29,,,20250900,20251200,20251200
2025-05-28 06:30:00,138.38,,,20250900,20251200,20251200
2025-05-28 07:00:00,138.38,,,20250900,20251200,20251200
2025-05-28 08:00:00,138.34,,,20250900,20251200,20251200
2025-05-28 14:00:00,138.38,,,20250900,20251200,20251200
2025-05-28 15:00:00,138.4,,,20250900,20251200,20251200
2025-05-28 17:00:00,138.37,,,20250900,20251200,20251200
2025-05-28 23:00:00,138.29,137.28,137.28,20250900,20251200,20251200
2025-05-28 23:45:00,138.18,,,20250900,20251200,20251200
2025-05-29 00:00:00,138.34,,,20250900,20251200,20251200
2025-05-29 01:00:00,138.48,,,20250900,20251200,20251200
2025-05-29 03:30:00,138.4,,,20250900,20251200,20251200
2025-05-29 04:00:00,138.4,,,20250900,20251200,20251200
2025-05-29 05:00:00,138.41,,,20250900,20251200,20251200
2025-05-29 06:30:00,138.3,,,20250900,20251200,20251200
2025-05-29 07:00:00,138.24,,,20250900,20251200,20251200
2025-05-29 08:00:00,138.31,,,20250900,20251200,20251200
2025-05-29 11:00:00,138.38,,,20250900,20251200,20251200
2025-05-29 12:00:00,138.59,,,20250900,20251200,20251200
2025-05-29 13:00:00,138.85,,,20250900,20251200,20251200
2025-05-29 14:00:00,138.82,,,20250900,20251200,20251200
2025-05-29 15:00:00,138.83,,,20250900,20251200,20251200
2025-05-29 16:00:00,138.87,,,20250900,20251200,20251200
2025-05-29 19:00:00,138.76,,,20250900,20251200,20251200
2025-05-29 20:00:00,138.74,,,20250900,20251200,20251200
2025-05-29 23:00:00,138.39,137.42,137.42,20250900,20251200,20251200
2025-05-29 23:45:00,138.74,,,20250900,20251200,20251200
2025-05-30 00:00:00,138.61,,,20250900,20251200,20251200
2025-05-30 01:00:00,138.55,,,20250900,20251200,20251200
2025-05-30 03:30:00,138.47,,,20250900,20251200,20251200
2025-05-30 04:00:00,138.43,,,20250900,20251200,20251200
2025-05-30 05:00:00,138.48,,,20250900,20251200,20251200
2025-05-30 06:30:00,138.65,,,20250900,20251200,20251200
2025-05-30 07:00:00,138.66,,,20250900,20251200,20251200
2025-05-30 08:00:00,138.66,,,20250900,20251200,20251200
2025-05-30 10:00:00,138.6,,,20250900,20251200,20251200
2025-05-30 11:00:00,138.58,,,20250900,20251200,20251200
2025-05-30 14:00:00,138.6,,,20250900,20251200,20251200
2025-05-30 15:00:00,138.7,,,20250900,20251200,20251200
2025-05-30 16:00:00,138.7,,,20250900,20251200,20251200
2025-05-30 20:00:00,138.67,,,20250900,20251200,20251200
2025-05-30 23:00:00,138.53,137.59,137.59,20250900,20251200,20251200
2025-06-01 23:45:00,138.56,,,20250900,20251200,20251200
2025-06-02 01:00:00,138.37,,,20250900,20251200,20251200
2025-06-02 03:30:00,138.42,,,20250900,20251200,20251200
2025-06-02 04:00:00,138.42,,,20250900,20251200,20251200
2025-06-02 05:00:00,138.41,,,20250900,20251200,20251200
2025-06-02 08:00:00,138.36,,,20250900,20251200,20251200
2025-06-02 10:00:00,138.42,,,20250900,20251200,20251200
2025-06-02 12:00:00,138.36,,,20250900,20251200,20251200
2025-06-02 13:00:00,138.39,,,20250900,20251200,20251200
2025-06-02 14:00:00,138.46,,,20250900,20251200,20251200
2025-06-02 16:00:00,138.34,,,20250900,20251200,20251200
2025-06-02 17:00:00,138.27,,,20250900,20251200,20251200
2025-06-02 18:00:00,138.3,,,20250900,20251200,20251200
2025-06-02 20:00:00,138.26,,,20250900,20251200,20251200
2025-06-02 23:00:00,138.45,137.53,137.53,20250900,20251200,20251200
2025-06-02 23:45:00,138.32,,,20250900,20251200,20251200
2025-06-03 00:00:00,138.35,,,20250900,20251200,20251200
2025-06-03 01:00:00,138.31,,,20250900,20251200,20251200
2025-06-03 03:30:00,138.57,,,20250900,20251200,20251200
2025-06-03 04:00:00,138.57,,,20250900,20251200,20251200
2025-06-03 05:00:00,138.6,,,20250900,20251200,20251200
2025-06-03 07:00:00,138.52,,,20250900,20251200,20251200
2025-06-03 08:00:00,138.52,,,20250900,20251200,20251200
2025-06-03 11:00:00,138.52,,,20250900,20251200,20251200
2025-06-03 12:00:00,138.52,,,20250900,20251200,20251200
2025-06-03 13:00:00,138.48,,,20250900,20251200,20251200
2025-06-03 14:00:00,138.43,,,20250900,20251200,20251200
2025-06-03 15:00:00,138.38,,,20250900,20251200,20251200
2025-06-03 17:00:00,138.39,,,20250900,20251200,20251200
2025-06-03 20:00:00,138.49,,,20250900,20251200,20251200
2025-06-03 23:00:00,138.57,137.66,137.66,20250900,20251200,20251200
2025-06-03 23:45:00,138.45,,,20250900,20251200,20251200
2025-06-04 00:00:00,138.45,,,20250900,20251200,20251200
2025-06-04 01:00:00,138.4,,,20250900,20251200,20251200
2025-06-04 03:30:00,138.4,,,20250900,20251200,20251200
2025-06-04 04:00:00,138.41,,,20250900,20251200,20251200
2025-06-04 05:00:00,138.39,,,20250900,20251200,20251200
2025-06-04 06:30:00,138.4,,,20250900,20251200,20251200
2025-06-04 07:00:00,138.39,,,20250900,20251200,20251200
2025-06-04 08:00:00,138.31,,,20250900,20251200,20251200
2025-06-04 09:00:00,138.31,,,20250900,20251200,20251200
2025-06-04 10:00:00,138.39,,,20250900,20251200,20251200
2025-06-04 11:00:00,138.36,,,20250900,20251200,20251200
2025-06-04 12:00:00,138.53,,,20250900,20251200,20251200
2025-06-04 13:00:00,138.48,,,20250900,20251200,20251200
2025-06-04 14:00:00,138.51,,,20250900,20251200,20251200
2025-06-04 15:00:00,138.53,,,20250900,20251200,20251200
2025-06-04 16:00:00,138.6,,,20250900,20251200,20251200
2025-06-04 17:00:00,138.6,,,20250900,20251200,20251200
2025-06-04 18:00:00,138.58,,,20250900,20251200,20251200
2025-06-04 19:00:00,138.56,,,20250900,20251200,20251200
2025-06-04 20:00:00,138.56,,,20250900,20251200,20251200
2025-06-04 23:00:00,138.37,137.45,137.45,20250900,20251200,20251200
2025-06-04 23:45:00,138.58,,,20250900,20251200,20251200
2025-06-05 00:00:00,138.61,,,20250900,20251200,20251200
2025-06-05 01:00:00,138.62,,,20250900,20251200,20251200
2025-06-05 03:30:00,138.73,,,20250900,20251200,20251200
2025-06-05 04:00:00,138.82,,,20250900,20251200,20251200
2025-06-05 05:00:00,138.77,,,20250900,20251200,20251200
2025-06-05 06:30:00,138.76,,,20250900,20251200,20251200
2025-06-05 07:00:00,138.67,,,20250900,20251200,20251200
2025-06-05 08:00:00,138.74,,,20250900,20251200,20251200
2025-06-05 09:00:00,138.74,,,20250900,20251200,20251200
2025-06-05 10:00:00,138.73,,,20250900,20251200,20251200
2025-06-05 11:00:00,138.77,,,20250900,20251200,20251200
2025-06-05 12:00:00,138.75,,,20250900,20251200,20251200
2025-06-05 13:00:00,138.71,,,20250900,20251200,20251200
2025-06-05 14:00:00,138.52,,,20250900,20251200,20251200
2025-06-05 15:00:00,138.49,,,20250900,20251200,20251200
2025-06-05 16:00:00,138.55,,,20250900,20251200,20251200
2025-06-05 17:00:00,138.52,,,20250900,20251200,20251200
2025-06-05 18:00:00,138.54,,,20250900,20251200,20251200
2025-06-05 19:00:00,138.54,,,20250900,20251200,20251200
2025-06-05 20:00:00,138.54,,,20250900,20251200,20251200
2025-06-05 23:00:00,138.75,137.85,137.85,20250900,20251200,20251200
2025-06-05 23:45:00,138.68,,,20250900,20251200,20251200
2025-06-06 00:00:00,138.76,,,20250900,20251200,20251200
2025-06-06 01:00:00,138.72,,,20250900,20251200,20251200
2025-06-06 03:30:00,138.7,,,20250900,20251200,20251200
2025-06-06 04:00:00,138.69,,,20250900,20251200,20251200
2025-06-06 05:00:00,138.74,,,20250900,20251200,20251200
2025-06-06 06:30:00,138.74,,,20250900,20251200,20251200
2025-06-06 07:00:00,138.81,,,20250900,20251200,20251200
2025-06-06 08:00:00,138.83,,,20250900,20251200,20251200
2025-06-06 09:00:00,138.91,,,20250900,20251200,20251200
2025-06-06 10:00:00,138.89,,,20250900,20251200,20251200
2025-06-06 11:00:00,138.83,,,20250900,20251200,20251200
2025-06-06 12:00:00,138.65,,,20250900,20251200,20251200
2025-06-06 13:00:00,138.58,,,20250900,20251200,20251200
2025-06-06 14:00:00,138.58,,,20250900,20251200,20251200
2025-06-06 15:00:00,138.52,,,20250900,20251200,20251200
2025-06-06 16:00:00,138.52,,,20250900,20251200,20251200
2025-06-06 17:00:00,138.51,,,20250900,20251200,20251200
2025-06-06 18:00:00,138.51,,,20250900,20251200,20251200
2025-06-06 19:00:00,138.49,,,20250900,20251200,20251200
2025-06-06 20:00:00,138.49,,,20250900,20251200,20251200
2025-06-06 23:00:00,138.77,137.83,137.83,20250900,20251200,20251200
2025-06-08 23:45:00,138.6,,,20250900,20251200,20251200
2025-06-09 00:00:00,138.62,,,20250900,20251200,20251200
2025-06-09 01:00:00,138.61,,,20250900,20251200,20251200
2025-06-09 03:30:00,138.64,,,20250900,20251200,20251200
2025-06-09 04:00:00,138.58,,,20250900,20251200,20251200
2025-06-09 05:00:00,138.58,,,20250900,20251200,20251200
2025-06-09 06:30:00,138.64,,,20250900,20251200,20251200
2025-06-09 07:00:00,138.68,,,20250900,20251200,20251200
2025-06-09 08:00:00,138.7,,,20250900,20251200,20251200
2025-06-09 09:00:00,138.66,,,20250900,20251200,20251200
2025-06-09 10:00:00,138.65,,,20250900,20251200,20251200
2025-06-09 11:00:00,138.61,,,20250900,20251200,20251200
2025-06-09 12:00:00,138.62,,,20250900,20251200,20251200
2025-06-09 13:00:00,138.64,,,20250900,20251200,20251200
2025-06-09 14:00:00,138.63,,,20250900,20251200,20251200
2025-06-09 15:00:00,138.68,,,20250900,20251200,20251200
2025-06-09 16:00:00,138.71,,,20250900,20251200,20251200
2025-06-09 17:00:00,138.69,,,20250900,20251200,20251200
2025-06-09 18:00:00,138.67,,,20250900,20251200,20251200
2025-06-09 19:00:00,138.68,,,20250900,20251200,20251200
2025-06-09 20:00:00,138.68,,,20250900,20251200,20251200
2025-06-09 23:00:00,138.58,137.68,137.68,20250900,20251200,20251200
2025-06-09 23:45:00,138.67,,,20250900,20251200,20251200
2025-06-10 00:00:00,138.61,,,20250900,20251200,20251200
2025-06-10 01:00:00,138.57,,,20250900,20251200,20251200
2025-06-10 03:30:00,138.52,,,20250900,20251200,20251200
2025-06-10 04:00:00,138.5,,,20250900,20251200,20251200
2025-06-10 05:00:00,138.57,,,20250900,20251200,20251200
2025-06-10 06:30:00,138.62,,,20250900,20251200,20251200
2025-06-10 07:00:00,138.63,,,20250900,20251200,20251200
2025-06-10 08:00:00,138.67,,,20250900,20251200,20251200
2025-06-10 09:00:00,138.62,,,20250900,20251200,20251200
2025-06-10 10:00:00,138.61,,,20250900,20251200,20251200
2025-06-10 11:00:00,138.65,,,20250900,20251200,20251200
2025-06-10 12:00:00,138.66,,,20250900,20251200,20251200
2025-06-10 13:00:00,138.66,,,20250900,20251200,20251200
2025-06-10 14:00:00,138.61,,,20250900,20251200,20251200
2025-06-10 15:00:00,138.64,,,20250900,20251200,20251200
2025-06-10 16:00:00,138.61,,,20250900,20251200,20251200
2025-06-10 17:00:00,138.64,,,20250900,20251200,20251200
2025-06-10 18:00:00,138.62,,,20250900,20251200,20251200
2025-06-10 19:00:00,138.64,,,20250900,20251200,20251200
2025-06-10 20:00:00,138.66,,,20250900,20251200,20251200
2025-06-10 23:00:00,138.59,137.66,137.66,20250900,20251200,20251200
2025-06-10 23:45:00,138.65,,,20250900,20251200,20251200
2025-06-11 00:00:00,138.67,,,20250900,20251200,20251200
2025-06-11 01:00:00,138.72,,,20250900,20251200,20251200
2025-06-11 02:00:00,138.73,,,20250900,20251200,20251200
2025-06-11 03:30:00,138.75,,,20250900,20251200,20251200
2025-06-11 04:00:00,138.82,,,20250900,20251200,20251200
2025-06-11 05:00:00,138.81,,,20250900,20251200,20251200
2025-06-11 06:30:00,138.77,,,20250900,20251200,20251200
2025-06-11 07:00:00,138.76,,,20250900,20251200,20251200
2025-06-11 08:00:00,138.77,,,20250900,20251200,20251200
2025-06-11 09:00:00,138.78,,,20250900,20251200,20251200
2025-06-11 10:00:00,138.76,,,20250900,20251200,20251200
2025-06-11 11:00:00,138.76,,,20250900,20251200,20251200
2025-06-11 12:00:00,138.9,,,20250900,20251200,20251200
2025-06-11 13:00:00,138.85,,,20250900,20251200,20251200
2025-06-11 14:00:00,138.86,,,20250900,20251200,20251200
2025-06-11 15:00:00,138.81,,,20250900,20251200,20251200
2025-06-11 16:00:00,138.89,,,20250900,20251200,20251200
2025-06-11 17:00:00,138.91,,,20250900,20251200,20251200
2025-06-11 18:00:00,138.96,,,20250900,20251200,20251200
2025-06-11 19:00:00,138.95,,,20250900,20251200,20251200
2025-06-11 20:00:00,138.87,,,20250900,20251200,20251200
2025-06-11 23:00:00,138.81,137.87,137.87,20250900,20251200,20251200
2025-06-11 23:45:00,138.9,,,20250900,20251200,20251200
2025-06-12 00:00:00,138.93,,,20250900,20251200,20251200
2025-06-12 01:00:00,138.92,,,20250900,20251200,20251200
2025-06-12 03:30:00,138.89,,,20250900,20251200,20251200
2025-06-12 04:00:00,138.91,,,20250900,20251200,20251200
2025-06-12 05:00:00,138.78,,,20250900,20251200,20251200
2025-06-12 06:30:00,138.87,,,20250900,20251200,20251200
2025-06-12 07:00:00,138.94,,,20250900,20251200,20251200
2025-06-12 08:00:00,138.93,,,20250900,20251200,20251200
2025-06-12 09:00:00,139.06,,,20250900,20251200,20251200
2025-06-12 10:00:00,139.1,,,20250900,20251200,20251200
2025-06-12 11:00:00,139.11,,,20250900,20251200,20251200
2025-06-12 12:00:00,139.14,,,20250900,20251200,20251200
2025-06-12 13:00:00,139.1,,,20250900,20251200,20251200
2025-06-12 14:00:00,139.05,,,20250900,20251200,20251200
2025-06-12 15:00:00,139.11,,,20250900,20251200,20251200
2025-06-12 16:00:00,139.09,,,20250900,20251200,20251200
2025-06-12 17:00:00,139.09,,,20250900,20251200,20251200
2025-06-12 18:00:00,139.08,,,20250900,20251200,20251200
2025-06-12 19:00:00,139.11,,,20250900,20251200,20251200
2025-06-12 20:00:00,139.12,,,20250900,20251200,20251200
2025-06-12 23:00:00,138.83,137.85,137.85,20250900,20251200,20251200
2025-06-12 23:45:00,139.28,,,20250900,20251200,20251200
2025-06-13 00:00:00,139.46,,,20250900,20251200,20251200
2025-06-13 01:00:00,139.42,,,20250900,20251200,20251200
2025-06-13 03:30:00,139.22,,,20250900,20251200,20251200
2025-06-13 04:00:00,139.4,,,20250900,20251200,20251200
2025-06-13 05:00:00,139.48,,,20250900,20251200,20251200
2025-06-13 06:00:00,139.48,,,20250900,20251200,20251200
2025-06-13 06:30:00,139.44,,,20250900,20251200,20251200
2025-06-13 07:00:00,139.42,,,20250900,20251200,20251200
2025-06-13 08:00:00,139.4,,,20250900,20251200,20251200
2025-06-13 09:00:00,139.41,,,20250900,20251200,20251200
2025-06-13 10:00:00,139.19,,,20250900,20251200,20251200
2025-06-13 11:00:00,139.29,,,20250900,20251200,20251200
2025-06-13 12:00:00,139.23,,,20250900,20251200,20251200
2025-06-13 13:00:00,139.26,,,20250900,20251200,20251200
2025-06-13 14:00:00,139.13,,,20250900,20251200,20251200
2025-06-13 15:00:00,139.08,,,20250900,20251200,20251200
2025-06-13 16:00:00,139.05,,,20250900,20251200,20251200
2025-06-13 17:00:00,139.04,,,20250900,20251200,20251200
2025-06-13 18:00:00,139.13,,,20250900,20251200,20251200
2025-06-13 19:00:00,139.18,,,20250900,20251200,20251200
2025-06-13 20:00:00,139.2,,,20250900,20251200,20251200
2025-06-13 23:00:00,139.52,138.54,138.54,20250900,20251200,20251200
2025-06-15 23:45:00,139.15,,,20250900,20251200,20251200
2025-06-16 00:00:00,139.1,,,20250900,20251200,20251200
2025-06-16 01:00:00,139.12,,,20250900,20251200,20251200
2025-06-16 02:00:00,139.11,,,20250900,20251200,20251200
2025-06-16 03:30:00,139.0,,,20250900,20251200,20251200
2025-06-16 04:00:00,138.98,,,20250900,20251200,20251200
2025-06-16 05:00:00,138.96,,,20250900,20251200,20251200
2025-06-16 06:30:00,138.93,,,20250900,20251200,20251200
2025-06-16 07:00:00,138.85,,,20250900,20251200,20251200
2025-06-16 08:00:00,138.9,,,20250900,20251200,20251200
2025-06-16 09:00:00,138.96,,,20250900,20251200,20251200
2025-06-16 10:00:00,138.99,,,20250900,20251200,20251200
2025-06-16 11:00:00,138.9,,,20250900,20251200,20251200
2025-06-16 12:00:00,138.98,,,20250900,20251200,20251200
2025-06-16 13:00:00,139.06,,,20250900,20251200,20251200
2025-06-16 14:00:00,139.07,,,20250900,20251200,20251200
2025-06-16 15:00:00,139.07,,,20250900,20251200,20251200
2025-06-16 16:00:00,139.05,,,20250900,20251200,20251200
2025-06-16 17:00:00,139.01,,,20250900,20251200,20251200
2025-06-16 18:00:00,139.0,,,20250900,20251200,20251200
2025-06-16 19:00:00,138.99,,,20250900,20251200,20251200
2025-06-16 20:00:00,139.05,,,20250900,20251200,20251200
2025-06-16 23:00:00,138.93,137.97,137.97,20250900,20251200,20251200
2025-06-16 23:45:00,139.04,,,20250900,20251200,20251200
2025-06-17 00:00:00,138.91,,,20250900,20251200,20251200
2025-06-17 01:00:00,138.94,,,20250900,20251200,20251200
2025-06-17 02:00:00,138.94,,,20250900,20251200,20251200
2025-06-17 03:30:00,138.78,,,20250900,20251200,20251200
2025-06-17 04:00:00,138.54,,,20250900,20251200,20251200
2025-06-17 05:00:00,138.68,,,20250900,20251200,20251200
2025-06-17 06:00:00,138.69,,,20250900,20251200,20251200
2025-06-17 06:30:00,138.8,,,20250900,20251200,20251200
2025-06-17 07:00:00,138.85,,,20250900,20251200,20251200
2025-06-17 08:00:00,138.93,,,20250900,20251200,20251200
2025-06-17 09:00:00,138.91,,,20250900,20251200,20251200
2025-06-17 10:00:00,138.91,,,20250900,20251200,20251200
2025-06-17 11:00:00,138.93,,,20250900,20251200,20251200
2025-06-17 12:00:00,138.86,,,20250900,20251200,20251200
2025-06-17 13:00:00,138.83,,,20250900,20251200,20251200
2025-06-17 14:00:00,138.86,,,20250900,20251200,20251200
2025-06-17 15:00:00,138.9,,,20250900,20251200,20251200
2025-06-17 16:00:00,138.93,,,20250900,20251200,20251200
2025-06-17 17:00:00,138.96,,,20250900,20251200,20251200
2025-06-17 18:00:00,138.92,,,20250900,20251200,20251200
2025-06-17 19:00:00,138.91,,,20250900,20251200,20251200
2025-06-17 20:00:00,138.9,,,20250900,20251200,20251200
2025-06-17 23:00:00,138.67,137.69,137.69,20250900,20251200,20251200
2025-06-17 23:45:00,138.97,,,20250900,20251200,20251200
2025-06-18 00:00:00,138.97,,,20250900,20251200,20251200
2025-06-18 01:00:00,138.99,,,20250900,20251200,20251200
2025-06-18 02:00:00,138.99,,,20250900,20251200,20251200
2025-06-18 03:30:00,138.89,,,20250900,20251200,20251200
2025-06-18 04:00:00,138.88,,,20250900,20251200,20251200
2025-06-18 05:00:00,138.86,,,20250900,20251200,20251200
2025-06-18 06:30:00,138.89,,,20250900,20251200,20251200
2025-06-18 07:00:00,138.98,,,20250900,20251200,20251200
2025-06-18 08:00:00,139.01,,,20250900,20251200,20251200
2025-06-18 09:00:00,139.09,,,20250900,20251200,20251200
2025-06-18 10:00:00,139.13,,,20250900,20251200,20251200
2025-06-18 11:00:00,139.1,,,20250900,20251200,20251200
2025-06-18 12:00:00,139.05,,,20250900,20251200,20251200
2025-06-18 13:00:00,139.15,,,20250900,20251200,20251200
2025-06-18 14:00:00,139.21,,,20250900,20251200,20251200
2025-06-18 15:00:00,139.18,,,20250900,20251200,20251200
2025-06-18 16:00:00,139.19,,,20250900,20251200,20251200
2025-06-18 17:00:00,139.15,,,20250900,20251200,20251200
2025-06-18 18:00:00,138.92,,,20250900,20251200,20251200
2025-06-18 19:00:00,139.03,,,20250900,20251200,20251200
2025-06-18 20:00:00,138.96,,,20250900,20251200,20251200
2025-06-18 23:00:00,138.86,138.02,138.02,20250900,20251200,20251200
2025-06-18 23:45:00,138.95,,,20250900,20251200,20251200
2025-06-19 00:00:00,138.99,,,20250900,20251200,20251200
2025-06-19 01:00:00,139.14,,,20250900,20251200,20251200
2025-06-19 02:00:00,139.13,,,20250900,20251200,20251200
2025-06-19 03:30:00,139.13,,,20250900,20251200,20251200
2025-06-19 04:00:00,139.27,,,20250900,20251200,20251200
2025-06-19 05:00:00,139.34,,,20250900,20251200,20251200
2025-06-19 06:00:00,139.34,,,20250900,20251200,20251200
2025-06-19 06:30:00,139.26,,,20250900,20251200,20251200
2025-06-19 07:00:00,139.26,,,20250900,20251200,20251200
2025-06-19 08:00:00,139.3,,,20250900,20251200,20251200
2025-06-19 09:00:00,139.37,,,20250900,20251200,20251200
2025-06-19 10:00:00,139.38,,,20250900,20251200,20251200
2025-06-19 11:00:00,139.38,,,20250900,20251200,20251200
2025-06-19 12:00:00,139.43,,,20250900,20251200,20251200
2025-06-19 13:00:00,139.43,,,20250900,20251200,20251200
2025-06-19 14:00:00,139.37,,,20250900,20251200,20251200
2025-06-19 15:00:00,139.35,,,20250900,20251200,20251200
2025-06-19 16:00:00,139.36,,,20250900,20251200,20251200
2025-06-19 17:00:00,139.38,,,20250900,20251200,20251200
2025-06-19 18:00:00,139.39,,,20250900,20251200,20251200
2025-06-19 19:00:00,139.4,,,20250900,20251200,20251200
2025-06-19 20:00:00,139.39,,,20250900,20251200,20251200
2025-06-19 23:00:00,139.33,138.33,138.33,20250900,20251200,20251200
2025-06-19 23:45:00,139.25,,,20250900,20251200,20251200
2025-06-20 00:00:00,139.21,,,20250900,20251200,20251200
2025-06-20 01:00:00,139.24,,,20250900,20251200,20251200
2025-06-20 03:30:00,139.37,,,20250900,20251200,20251200
2025-06-20 04:00:00,139.23,,,20250900,20251200,20251200
2025-06-20 05:00:00,139.4,,,20250900,20251200,20251200
2025-06-20 06:00:00,139.4,,,20250900,20251200,20251200
2025-06-20 06:30:00,139.47,,,20250900,20251200,20251200
2025-06-20 07:00:00,139.45,,,20250900,20251200,20251200
2025-06-20 08:00:00,139.41,,,20250900,20251200,20251200
2025-06-20 09:00:00,139.38,,,20250900,20251200,20251200
2025-06-20 10:00:00,139.27,,,20250900,20251200,20251200
2025-06-20 11:00:00,139.26,,,20250900,20251200,20251200
2025-06-20 12:00:00,139.23,,,20250900,20251200,20251200
2025-06-20 13:00:00,139.32,,,20250900,20251200,20251200
2025-06-20 14:00:00,139.3,,,20250900,20251200,20251200
2025-06-20 15:00:00,139.39,,,20250900,20251200,20251200
2025-06-20 16:00:00,139.44,,,20250900,20251200,20251200
2025-06-20 17:00:00,139.38,,,20250900,20251200,20251200
2025-06-20 18:00:00,139.37,,,20250900,20251200,20251200
2025-06-20 19:00:00,139.35,,,20250900,20251200,20251200
2025-06-20 20:00:00,139.4,,,20250900,20251200,20251200
2025-06-20 23:00:00,139.43,138.43,138.43,20250900,20251200,20251200
2025-06-22 23:45:00,139.3,,,20250900,20251200,20251200
2025-06-23 00:00:00,139.13,,,20250900,20251200,20251200
2025-06-23 01:00:00,139.18,,,20250900,20251200,20251200
2025-06-23 02:00:00,139.18,,,20250900,20251200,20251200
2025-06-23 03:30:00,139.17,,,20250900,20251200,20251200
2025-06-23 04:00:00,139.27,,,20250900,20251200,20251200
2025-06-23 05:00:00,139.29,,,20250900,20251200,20251200
2025-06-23 06:30:00,139.22,,,20250900,20251200,20251200
2025-06-23 07:00:00,139.19,,,20250900,20251200,20251200
2025-06-23 08:00:00,139.18,,,20250900,20251200,20251200
2025-06-23 09:00:00,139.22,,,20250900,20251200,20251200
2025-06-23 10:00:00,139.2,,,20250900,20251200,20251200
2025-06-23 11:00:00,139.24,,,20250900,20251200,20251200
2025-06-23 12:00:00,139.29,,,20250900,20251200,20251200
2025-06-23 13:00:00,139.31,,,20250900,20251200,20251200
2025-06-23 14:00:00,139.36,,,20250900,20251200,20251200
2025-06-23 15:00:00,139.38,,,20250900,20251200,20251200
2025-06-23 16:00:00,139.39,,,20250900,20251200,20251200
2025-06-23 17:00:00,139.4,,,20250900,20251200,20251200
2025-06-23 18:00:00,139.34,,,20250900,20251200,20251200
2025-06-23 19:00:00,139.28,,,20250900,20251200,20251200
2025-06-23 20:00:00,139.25,,,20250900,20251200,20251200
2025-06-23 23:00:00,139.3,138.3,138.3,20250900,20251200,20251200
2025-06-23 23:45:00,139.17,,,20250900,20251200,20251200
2025-06-24 00:00:00,139.17,,,20250900,20251200,20251200
2025-06-24 01:00:00,139.13,,,20250900,20251200,20251200
2025-06-24 03:30:00,139.1,,,20250900,20251200,20251200
2025-06-24 04:00:00,139.21,,,20250900,20251200,20251200
2025-06-24 05:00:00,139.21,,,20250900,20251200,20251200
2025-06-24 06:30:00,139.23,,,20250900,20251200,20251200
2025-06-24 07:00:00,139.16,,,20250900,20251200,20251200
2025-06-24 08:00:00,139.16,,,20250900,20251200,20251200
2025-06-24 09:00:00,139.16,,,20250900,20251200,20251200
2025-06-24 10:00:00,139.12,,,20250900,20251200,20251200
2025-06-24 11:00:00,139.12,,,20250900,20251200,20251200
2025-06-24 12:00:00,139.12,,,20250900,20251200,20251200
2025-06-24 13:00:00,139.11,,,20250900,20251200,20251200
2025-06-24 14:00:00,139.18,,,20250900,20251200,20251200
2025-06-24 15:00:00,139.19,,,20250900,20251200,20251200
2025-06-24 16:00:00,139.21,,,20250900,20251200,20251200
2025-06-24 17:00:00,139.2,,,20250900,20251200,20251200
2025-06-24 18:00:00,139.2,,,20250900,20251200,20251200
2025-06-24 19:00:00,139.22,,,20250900,20251200,20251200
2025-06-24 20:00:00,139.18,,,20250900,20251200,20251200
2025-06-24 23:00:00,139.25,138.25,138.25,20250900,20251200,20251200
2025-06-24 23:45:00,139.27,,,20250900,20251200,20251200
2025-06-25 00:00:00,139.32,,,20250900,20251200,20251200
2025-06-25 01:00:00,139.34,,,20250900,20251200,20251200
2025-06-25 03:30:00,139.38,,,20250900,20251200,20251200
2025-06-25 04:00:00,139.39,,,20250900,20251200,20251200
2025-06-25 05:00:00,139.41,,,20250900,20251200,20251200
2025-06-25 06:30:00,139.43,,,20250900,20251200,20251200
2025-06-25 07:00:00,139.48,,,20250900,20251200,20251200
2025-06-25 08:00:00,139.43,,,20250900,20251200,20251200
2025-06-25 09:00:00,139.4,,,20250900,20251200,20251200
2025-06-25 10:00:00,139.41,,,20250900,20251200,20251200
2025-06-25 11:00:00,139.37,,,20250900,20251200,20251200
2025-06-25 12:00:00,139.35,,,20250900,20251200,20251200
2025-06-25 13:00:00,139.32,,,20250900,20251200,20251200
2025-06-25 14:00:00,139.33,,,20250900,20251200,20251200
2025-06-25 15:00:00,139.33,,,20250900,20251200,20251200
2025-06-25 16:00:00,139.35,,,20250900,20251200,20251200
2025-06-25 17:00:00,139.32,,,20250900,20251200,20251200
2025-06-25 18:00:00,139.37,,,20250900,20251200,20251200
2025-06-25 19:00:00,139.41,,,20250900,20251200,20251200
2025-06-25 20:00:00,139.36,,,20250900,20251200,20251200
2025-06-25 23:00:00,139.41,138.41,138.41,20250900,20251200,20251200
2025-06-25 23:45:00,139.41,,,20250900,20251200,20251200
2025-06-26 00:00:00,139.38,,,20250900,20251200,20251200
2025-06-26 01:00:00,139.38,,,20250900,20251200,20251200
2025-06-26 03:30:00,139.34,,,20250900,20251200,20251200
2025-06-26 04:00:00,139.35,,,20250900,20251200,20251200
2025-06-26 05:00:00,139.21,,,20250900,20251200,20251200
2025-06-26 06:00:00,139.21,,,20250900,20251200,20251200
2025-06-26 06:30:00,139.25,,,20250900,20251200,20251200
2025-06-26 07:00:00,139.16,,,20250900,20251200,20251200
2025-06-26 08:00:00,139.15,,,20250900,20251200,20251200
2025-06-26 09:00:00,139.14,,,20250900,20251200,20251200
2025-06-26 10:00:00,139.13,,,20250900,20251200,20251200
2025-06-26 11:00:00,139.14,,,20250900,20251200,20251200
2025-06-26 12:00:00,139.14,,,20250900,20251200,20251200
2025-06-26 13:00:00,139.14,,,20250900,20251200,20251200
2025-06-26 14:00:00,139.1,,,20250900,20251200,20251200
2025-06-26 15:00:00,139.11,,,20250900,20251200,20251200
2025-06-26 16:00:00,139.12,,,20250900,20251200,20251200
2025-06-26 17:00:00,139.15,,,20250900,20251200,20251200
2025-06-26 18:00:00,139.15,,,20250900,20251200,20251200
2025-06-26 19:00:00,139.17,,,20250900,20251200,20251200
2025-06-26 20:00:00,139.11,,,20250900,20251200,20251200
2025-06-26 23:00:00,139.21,138.21,138.21,20250900,20251200,20251200
2025-06-26 23:45:00,139.26,,,20250900,20251200,20251200
2025-06-27 00:00:00,139.2,,,20250900,20251200,20251200
2025-06-27 01:00:00,139.15,,,20250900,20251200,20251200
2025-06-27 03:30:00,139.12,,,20250900,20251200,20251200
2025-06-27 04:00:00,139.1,,,20250900,20251200,20251200
2025-06-27 05:00:00,139.1,,,20250900,20251200,20251200
2025-06-27 06:30:00,139.0,,,20250900,20251200,20251200
2025-06-27 07:00:00,138.98,,,20250900,20251200,20251200
2025-06-27 08:00:00,138.95,,,20250900,20251200,20251200
2025-06-27 09:00:00,138.97,,,20250900,20251200,20251200
2025-06-27 10:00:00,138.94,,,20250900,20251200,20251200
2025-06-27 11:00:00,138.92,,,20250900,20251200,20251200
2025-06-27 12:00:00,138.96,,,20250900,20251200,20251200
2025-06-27 13:00:00,138.92,,,20250900,20251200,20251200
2025-06-27 14:00:00,138.9,,,20250900,20251200,20251200
2025-06-27 15:00:00,138.94,,,20250900,20251200,20251200
2025-06-27 16:00:00,138.95,,,20250900,20251200,20251200
2025-06-27 17:00:00,138.95,,,20250900,20251200,20251200
2025-06-27 18:00:00,138.91,,,20250900,20251200,20251200
2025-06-27 19:00:00,138.9,,,20250900,20251200,20251200
2025-06-27 20:00:00,138.92,,,20250900,20251200,20251200
2025-06-27 23:00:00,139.07,138.07,138.07,20250900,20251200,20251200
2025-06-29 23:45:00,138.9,,,20250900,20251200,20251200
2025-06-30 00:00:00,138.93,,,20250900,20251200,20251200
2025-06-30 01:00:00,138.92,,,20250900,20251200,20251200
2025-06-30 03:30:00,138.88,,,20250900,20251200,20251200
2025-06-30 04:00:00,138.93,,,20250900,20251200,20251200
2025-06-30 05:00:00,139.02,,,20250900,20251200,20251200
2025-06-30 06:30:00,139.03,,,20250900,20251200,20251200
2025-06-30 07:00:00,139.07,,,20250900,20251200,20251200
2025-06-30 08:00:00,139.08,,,20250900,20251200,20251200
2025-06-30 09:00:00,139.08,,,20250900,20251200,20251200
2025-06-30 10:00:00,139.11,,,20250900,20251200,20251200
2025-06-30 11:00:00,139.08,,,20250900,20251200,20251200
2025-06-30 12:00:00,139.06,,,20250900,20251200,20251200
2025-06-30 13:00:00,139.07,,,20250900,20251200,20251200
2025-06-30 14:00:00,139.05,,,20250900,20251200,20251200
2025-06-30 15:00:00,139.03,,,20250900,20251200,20251200
2025-06-30 16:00:00,139.07,,,20250900,20251200,20251200
2025-06-30 17:00:00,139.08,,,20250900,20251200,20251200
2025-06-30 18:00:00,139.1,,,20250900,20251200,20251200
2025-06-30 19:00:00,139.07,,,20250900,20251200,20251200
2025-06-30 20:00:00,139.1,,,20250900,20251200,20251200
2025-06-30 23:00:00,139.02,138.02,138.02,20250900,20251200,20251200
2025-06-30 23:45:00,138.95,,,20250900,20251200,20251200
2025-07-01 00:00:00,138.98,,,20250900,20251200,20251200
2025-07-01 01:00:00,139.0,,,20250900,20251200,20251200
2025-07-01 02:00:00,139.0,,,20250900,20251200,20251200
2025-07-01 03:30:00,139.24,,,20250900,20251200,20251200
2025-07-01 04:00:00,139.26,,,20250900,20251200,20251200
2025-07-01 05:00:00,139.21,,,20250900,20251200,20251200
2025-07-01 06:00:00,139.21,,,20250900,20251200,20251200
2025-07-01 06:30:00,139.21,,,20250900,20251200,20251200
2025-07-01 07:00:00,139.27,,,20250900,20251200,20251200
2025-07-01 08:00:00,139.27,,,20250900,20251200,20251200
2025-07-01 09:00:00,139.26,,,20250900,20251200,20251200
2025-07-01 10:00:00,139.29,,,20250900,20251200,20251200
2025-07-01 11:00:00,139.26,,,20250900,20251200,20251200
2025-07-01 12:00:00,139.24,,,20250900,20251200,20251200
2025-07-01 13:00:00,139.24,,,20250900,20251200,20251200
2025-07-01 14:00:00,139.14,,,20250900,20251200,20251200
2025-07-01 15:00:00,139.17,,,20250900,20251200,20251200
2025-07-01 16:00:00,139.14,,,20250900,20251200,20251200
2025-07-01 17:00:00,139.22,,,20250900,20251200,20251200
2025-07-01 18:00:00,139.23,,,20250900,20251200,20251200
2025-07-01 19:00:00,139.25,,,20250900,20251200,20251200
2025-07-01 20:00:00,139.3,,,20250900,20251200,20251200
2025-07-01 23:00:00,139.22,138.22,138.22,20250900,20251200,20251200
2025-07-01 23:45:00,139.3,,,20250900,20251200,20251200
2025-07-02 00:00:00,139.29,,,20250900,20251200,20251200
2025-07-02 01:00:00,139.18,,,20250900,20251200,20251200
2025-07-02 02:00:00,139.17,,,20250900,20251200,20251200
2025-07-02 03:30:00,139.12,,,20250900,20251200,20251200
2025-07-02 04:00:00,139.1,,,20250900,20251200,20251200
2025-07-02 05:00:00,139.12,,,20250900,20251200,20251200
2025-07-02 06:00:00,139.12,,,20250900,20251200,20251200
2025-07-02 06:30:00,139.05,,,20250900,20251200,20251200
2025-07-02 07:00:00,139.04,,,20250900,20251200,20251200
2025-07-02 08:00:00,139.03,,,20250900,20251200,20251200
2025-07-02 09:00:00,139.02,,,20250900,20251200,20251200
2025-07-02 10:00:00,139.03,,,20250900,20251200,20251200
2025-07-02 11:00:00,138.97,,,20250900,20251200,20251200
2025-07-02 12:00:00,138.95,,,20250900,20251200,20251200
2025-07-02 13:00:00,138.93,,,20250900,20251200,20251200
2025-07-02 14:00:00,138.94,,,20250900,20251200,20251200
2025-07-02 15:00:00,138.9,,,20250900,20251200,20251200
2025-07-02 16:00:00,138.95,,,20250900,20251200,20251200
2025-07-02 17:00:00,138.95,,,20250900,20251200,20251200
2025-07-02 18:00:00,138.96,,,20250900,20251200,20251200
2025-07-02 19:00:00,139.0,,,20250900,20251200,20251200
2025-07-02 20:00:00,139.0,,,20250900,20251200,20251200
2025-07-02 23:00:00,139.12,138.12,138.12,20250900,20251200,20251200
2025-07-02 23:45:00,139.02,,,20250900,20251200,20251200
2025-07-03 00:00:00,138.99,,,20250900,20251200,20251200
2025-07-03 01:00:00,139.03,,,20250900,20251200,20251200
2025-07-03 02:00:00,139.03,,,20250900,20251200,20251200
2025-07-03 03:30:00,139.0,,,20250900,20251200,20251200
2025-07-03 04:00:00,138.98,,,20250900,20251200,20251200
2025-07-03 05:00:00,138.97,,,20250900,20251200,20251200
2025-07-03 06:00:00,138.97,,,20250900,20251200,20251200
2025-07-03 06:30:00,139.04,,,20250900,20251200,20251200
2025-07-03 07:00:00,139.02,,,20250900,20251200,20251200
2025-07-03 08:00:00,139.07,,,20250900,20251200,20251200
2025-07-03 09:00:00,139.04,,,20250900,20251200,20251200
2025-07-03 10:00:00,139.06,,,20250900,20251200,20251200
2025-07-03 11:00:00,139.01,,,20250900,20251200,20251200
2025-07-03 12:00:00,138.8,,,20250900,20251200,20251200
2025-07-03 13:00:00,138.82,,,20250900,20251200,20251200
2025-07-03 14:00:00,138.8,,,20250900,20251200,20251200
2025-07-03 15:00:00,138.84,,,20250900,20251200,20251200
2025-07-03 16:00:00,138.82,,,20250900,20251200,20251200
2025-07-03 17:00:00,138.82,,,20250900,20251200,20251200
2025-07-03 18:00:00,138.84,,,20250900,20251200,20251200
2025-07-03 19:00:00,138.84,,,20250900,20251200,20251200
2025-07-03 20:00:00,138.85,,,20250900,20251200,20251200
2025-07-03 23:00:00,138.97,137.97,137.97,20250900,20251200,20251200
2025-07-03 23:45:00,138.82,,,20250900,20251200,20251200
2025-07-04 00:00:00,138.88,,,20250900,20251200,20251200
2025-07-04 01:00:00,138.89,,,20250900,20251200,20251200
2025-07-04 03:30:00,138.91,,,20250900,20251200,20251200
2025-07-04 04:00:00,139.04,,,20250900,20251200,20251200
2025-07-04 05:00:00,139.11,,,20250900,20251200,20251200
2025-07-04 06:30:00,139.1,,,20250900,20251200,20251200
2025-07-04 07:00:00,139.24,,,20250900,20251200,20251200
2025-07-04 08:00:00,139.22,,,20250900,20251200,20251200
2025-07-04 09:00:00,139.21,,,20250900,20251200,20251200
2025-07-04 10:00:00,139.17,,,20250900,20251200,20251200
2025-07-04 11:00:00,139.17,,,20250900,20251200,20251200
2025-07-04 12:00:00,139.15,,,20250900,20251200,20251200
2025-07-04 13:00:00,139.15,,,20250900,20251200,20251200
2025-07-04 14:00:00,139.16,,,20250900,20251200,20251200
2025-07-04 15:00:00,139.09,,,20250900,20251200,20251200
2025-07-04 16:00:00,139.1,,,20250900,20251200,20251200
2025-07-04 17:00:00,139.11,,,20250900,20251200,20251200
2025-07-04 18:00:00,139.13,,,20250900,20251200,20251200
2025-07-04 20:00:00,139.16,,,20250900,20251200,20251200
2025-07-04 23:00:00,139.12,138.12,138.12,20250900,20251200,20251200
2025-07-06 23:45:00,139.01,,,20250900,20251200,20251200
2025-07-07 00:00:00,139.01,,,20250900,20251200,20251200
2025-07-07 01:00:00,139.08,,,20250900,20251200,20251200
2025-07-07 03:30:00,139.02,,,20250900,20251200,20251200
2025-07-07 04:00:00,139.1,,,20250900,20251200,20251200
2025-07-07 05:00:00,139.12,,,20250900,20251200,20251200
2025-07-07 06:30:00,139.07,,,20250900,20251200,20251200
2025-07-07 07:00:00,139.05,,,20250900,20251200,20251200
2025-07-07 08:00:00,139.13,,,20250900,20251200,20251200
2025-07-07 09:00:00,139.15,,,20250900,20251200,20251200
2025-07-07 10:00:00,139.08,,,20250900,20251200,20251200
2025-07-07 11:00:00,139.08,,,20250900,20251200,20251200
2025-07-07 12:00:00,139.09,,,20250900,20251200,20251200
2025-07-07 13:00:00,139.05,,,20250900,20251200,20251200
2025-07-07 14:00:00,138.97,,,20250900,20251200,20251200
2025-07-07 15:00:00,138.97,,,20250900,20251200,20251200
2025-07-07 16:00:00,139.12,,,20250900,20251200,20251200
2025-07-07 17:00:00,139.08,,,20250900,20251200,20251200
2025-07-07 18:00:00,139.11,,,20250900,20251200,20251200
2025-07-07 19:00:00,139.1,,,20250900,20251200,20251200
2025-07-07 20:00:00,139.12,,,20250900,20251200,20251200
2025-07-07 23:00:00,139.12,138.12,138.12,20250900,20251200,20251200
2025-07-07 23:45:00,139.07,,,20250900,20251200,20251200
2025-07-08 00:00:00,139.02,,,20250900,20251200,20251200
2025-07-08 01:00:00,139.14,,,20250900,20251200,20251200
2025-07-08 03:30:00,139.18,,,20250900,20251200,20251200
2025-07-08 04:00:00,138.95,,,20250900,20251200,20251200
2025-07-08 05:00:00,138.94,,,20250900,20251200,20251200
2025-07-08 06:00:00,138.94,,,20250900,20251200,20251200
2025-07-08 06:30:00,138.92,,,20250900,20251200,20251200
2025-07-08 07:00:00,138.92,,,20250900,20251200,20251200
2025-07-08 08:00:00,138.91,,,20250900,20251200,20251200
2025-07-08 09:00:00,138.9,,,20250900,20251200,20251200
2025-07-08 10:00:00,138.91,,,20250900,20251200,20251200
2025-07-08 11:00:00,138.9,,,20250900,20251200,20251200
2025-07-08 12:00:00,138.85,,,20250900,20251200,20251200
2025-07-08 13:00:00,138.83,,,20250900,20251200,20251200
2025-07-08 14:00:00,138.8,,,20250900,20251200,20251200
2025-07-08 15:00:00,138.78,,,20250900,20251200,20251200
2025-07-08 16:00:00,138.76,,,20250900,20251200,20251200
2025-07-08 17:00:00,138.79,,,20250900,20251200,20251200
2025-07-08 18:00:00,138.8,,,20250900,20251200,20251200
2025-07-08 19:00:00,138.76,,,20250900,20251200,20251200
2025-07-08 20:00:00,138.77,,,20250900,20251200,20251200
2025-07-08 23:00:00,138.96,137.96,137.96,20250900,20251200,20251200
2025-07-08 23:45:00,138.85,,,20250900,20251200,20251200
2025-07-09 00:00:00,138.88,,,20250900,20251200,20251200
2025-07-09 01:00:00,138.81,,,20250900,20251200,20251200
2025-07-09 03:30:00,138.78,,,20250900,20251200,20251200
2025-07-09 04:00:00,138.78,,,20250900,20251200,20251200
2025-07-09 05:00:00,138.69,,,20250900,20251200,20251200
2025-07-09 06:00:00,138.69,,,20250900,20251200,20251200
2025-07-09 06:30:00,138.73,,,20250900,20251200,20251200
2025-07-09 07:00:00,138.65,,,20250900,20251200,20251200
2025-07-09 08:00:00,138.64,,,20250900,20251200,20251200
2025-07-09 09:00:00,138.59,,,20250900,20251200,20251200
2025-07-09 10:00:00,138.59,,,20250900,20251200,20251200
2025-07-09 11:00:00,138.57,,,20250900,20251200,20251200
2025-07-09 12:00:00,138.58,,,20250900,20251200,20251200
2025-07-09 13:00:00,138.6,,,20250900,20251200,20251200
2025-07-09 14:00:00,138.66,,,20250900,20251200,20251200
2025-07-09 15:00:00,138.62,,,20250900,20251200,20251200
2025-07-09 16:00:00,138.63,,,20250900,20251200,20251200
2025-07-09 17:00:00,138.67,,,20250900,20251200,20251200
2025-07-09 18:00:00,138.69,,,20250900,20251200,20251200
2025-07-09 19:00:00,138.68,,,20250900,20251200,20251200
2025-07-09 20:00:00,138.68,,,20250900,20251200,20251200
2025-07-09 23:00:00,138.69,137.69,137.69,20250900,20251200,20251200
2025-07-09 23:45:00,138.67,,,20250900,20251200,20251200
2025-07-10 00:00:00,138.66,,,20250900,20251200,20251200
2025-07-10 01:00:00,138.71,,,20250900,20251200,20251200
2025-07-10 03:30:00,138.79,,,20250900,20251200,20251200
2025-07-10 04:00:00,138.75,,,20250900,20251200,20251200
2025-07-10 05:00:00,138.73,,,20250900,20251200,20251200
2025-07-10 06:30:00,138.74,,,20250900,20251200,20251200
2025-07-10 07:00:00,138.71,,,20250900,20251200,20251200
2025-07-10 08:00:00,138.69,,,20250900,20251200,20251200
2025-07-10 09:00:00,138.68,,,20250900,20251200,20251200
2025-07-10 10:00:00,138.69,,,20250900,20251200,20251200
2025-07-10 11:00:00,138.7,,,20250900,20251200,20251200
2025-07-10 12:00:00,138.67,,,20250900,20251200,20251200
2025-07-10 13:00:00,138.62,,,20250900,20251200,20251200
2025-07-10 14:00:00,138.6,,,20250900,20251200,20251200
2025-07-10 15:00:00,138.61,,,20250900,20251200,20251200
2025-07-10 16:00:00,138.63,,,20250900,20251200,20251200
2025-07-10 17:00:00,138.65,,,20250900,20251200,20251200
2025-07-10 18:00:00,138.66,,,20250900,20251200,20251200
2025-07-10 19:00:00,138.65,,,20250900,20251200,20251200
2025-07-10 20:00:00,138.65,,,20250900,20251200,20251200
2025-07-10 23:00:00,138.73,137.73,137.73,20250900,20251200,20251200
2025-07-10 23:45:00,138.65,,,20250900,20251200,20251200
2025-07-11 00:00:00,138.7,,,20250900,20251200,20251200
2025-07-11 01:00:00,138.66,,,20250900,20251200,20251200
2025-07-11 03:30:00,138.66,,,20250900,20251200,20251200
2025-07-11 04:00:00,138.67,,,20250900,20251200,20251200
2025-07-11 05:00:00,138.59,,,20250900,20251200,20251200
2025-07-11 06:30:00,138.44,,,20250900,20251200,20251200
2025-07-11 07:00:00,138.37,,,20250900,20251200,20251200
2025-07-11 08:00:00,138.28,,,20250900,20251200,20251200
2025-07-11 09:00:00,138.23,,,20250900,20251200,20251200
2025-07-11 10:00:00,138.28,,,20250900,20251200,20251200
2025-07-11 11:00:00,138.28,,,20250900,20251200,20251200
2025-07-11 12:00:00,138.32,,,20250900,20251200,20251200
2025-07-11 13:00:00,138.24,,,20250900,20251200,20251200
2025-07-11 14:00:00,138.29,,,20250900,20251200,20251200
2025-07-11 15:00:00,138.24,,,20250900,20251200,20251200
2025-07-11 16:00:00,138.25,,,20250900,20251200,20251200
2025-07-11 17:00:00,138.26,,,20250900,20251200,20251200
2025-07-11 18:00:00,138.21,,,20250900,20251200,20251200
2025-07-11 19:00:00,138.23,,,20250900,20251200,20251200
2025-07-11 20:00:00,138.22,,,20250900,20251200,20251200
2025-07-11 23:00:00,138.57,137.57,137.57,20250900,20251200,20251200
2025-07-13 23:45:00,138.27,,,20250900,20251200,20251200
2025-07-14 00:00:00,138.2,,,20250900,20251200,20251200
2025-07-14 01:00:00,138.13,,,20250900,20251200,20251200
2025-07-14 03:30:00,138.14,,,20250900,20251200,20251200
2025-07-14 04:00:00,138.07,,,20250900,20251200,20251200
2025-07-14 05:00:00,138.06,,,20250900,20251200,20251200
2025-07-14 06:30:00,137.99,,,20250900,20251200,20251200
2025-07-14 07:00:00,138.03,,,20250900,20251200,20251200
2025-07-14 08:00:00,138.03,,,20250900,20251200,20251200
2025-07-14 09:00:00,138.04,,,20250900,20251200,20251200
2025-07-14 10:00:00,138.08,,,20250900,20251200,20251200
2025-07-14 11:00:00,137.99,,,20250900,20251200,20251200
2025-07-14 12:00:00,138.02,,,20250900,20251200,20251200
2025-07-14 13:00:00,138.08,,,20250900,20251200,20251200
2025-07-14 14:00:00,138.06,,,20250900,20251200,20251200
2025-07-14 15:00:00,138.03,,,20250900,20251200,20251200
2025-07-14 16:00:00,138.04,,,20250900,20251200,20251200
2025-07-14 17:00:00,138.06,,,20250900,20251200,20251200
2025-07-14 18:00:00,138.06,,,20250900,20251200,20251200
2025-07-14 19:00:00,138.07,,,20250900,20251200,20251200
2025-07-14 20:00:00,138.06,,,20250900,20251200,20251200
2025-07-14 23:00:00,138.06,137.06,137.06,20250900,20251200,20251200
2025-07-14 23:45:00,138.01,,,20250900,20251200,20251200
2025-07-15 00:00:00,138.02,,,20250900,20251200,20251200
2025-07-15 01:00:00,137.9,,,20250900,20251200,20251200
2025-07-15 03:30:00,137.95,,,20250900,20251200,20251200
2025-07-15 04:00:00,137.98,,,20250900,20251200,20251200
2025-07-15 05:00:00,137.89,,,20250900,20251200,20251200
2025-07-15 06:00:00,137.9,,,20250900,20251200,20251200
2025-07-15 06:30:00,138.0,,,20250900,20251200,20251200
2025-07-15 07:00:00,138.06,,,20250900,20251200,20251200
2025-07-15 08:00:00,138.07,,,20250900,20251200,20251200
2025-07-15 09:00:00,138.07,,,20250900,20251200,20251200
2025-07-15 10:00:00,138.07,,,20250900,20251200,20251200
2025-07-15 11:00:00,138.05,,,20250900,20251200,20251200
2025-07-15 12:00:00,138.12,,,20250900,20251200,20251200
2025-07-15 13:00:00,138.07,,,20250900,20251200,20251200
2025-07-15 14:00:00,137.97,,,20250900,20251200,20251200
2025-07-15 15:00:00,137.86,,,20250900,20251200,20251200
2025-07-15 16:00:00,137.81,,,20250900,20251200,20251200
2025-07-15 17:00:00,137.81,,,20250900,20251200,20251200
2025-07-15 18:00:00,137.8,,,20250900,20251200,20251200
2025-07-15 19:00:00,137.83,,,20250900,20251200,20251200
2025-07-15 20:00:00,137.78,,,20250900,20251200,20251200
2025-07-15 23:00:00,137.92,136.92,136.92,20250900,20251200,20251200
2025-07-15 23:45:00,137.83,,,20250900,20251200,20251200
2025-07-16 00:00:00,137.85,,,20250900,20251200,20251200
2025-07-16 01:00:00,137.77,,,20250900,20251200,20251200
2025-07-16 03:30:00,137.78,,,20250900,20251200,20251200
2025-07-16 04:00:00,137.86,,,20250900,20251200,20251200
2025-07-16 05:00:00,137.98,,,20250900,20251200,20251200
2025-07-16 06:00:00,137.99,,,20250900,20251200,20251200
2025-07-16 06:30:00,137.91,,,20250900,20251200,20251200
2025-07-16 07:00:00,137.88,,,20250900,20251200,20251200
2025-07-16 08:00:00,137.92,,,20250900,20251200,20251200
2025-07-16 09:00:00,137.97,,,20250900,20251200,20251200
2025-07-16 10:00:00,137.98,,,20250900,20251200,20251200
2025-07-16 11:00:00,137.98,,,20250900,20251200,20251200
2025-07-16 12:00:00,137.98,,,20250900,20251200,20251200
2025-07-16 13:00:00,138.01,,,20250900,20251200,20251200
2025-07-16 14:00:00,138.02,,,20250900,20251200,20251200
2025-07-16 15:00:00,137.99,,,20250900,20251200,20251200
2025-07-16 16:00:00,138.01,,,20250900,20251200,20251200
2025-07-16 17:00:00,138.02,,,20250900,20251200,20251200
2025-07-16 18:00:00,138.0,,,20250900,20251200,20251200
2025-07-16 19:00:00,138.0,,,20250900,20251200,20251200
2025-07-16 20:00:00,137.98,,,20250900,20251200,20251200
2025-07-16 23:00:00,137.96,136.96,136.96,20250900,20251200,20251200
2025-07-16 23:45:00,137.91,,,20250900,20251200,20251200
2025-07-17 00:00:00,137.9,,,20250900,20251200,20251200
2025-07-17 01:00:00,137.85,,,20250900,20251200,20251200
2025-07-17 02:00:00,137.84,,,20250900,20251200,20251200
2025-07-17 03:30:00,137.91,,,20250900,20251200,20251200
2025-07-17 04:00:00,138.02,,,20250900,20251200,20251200
2025-07-17 05:00:00,138.05,,,20250900,20251200,20251200
2025-07-17 06:30:00,138.03,,,20250900,20251200,20251200
2025-07-17 07:00:00,138.02,,,20250900,20251200,20251200
2025-07-17 08:00:00,138.06,,,20250900,20251200,20251200
2025-07-17 09:00:00,138.1,,,20250900,20251200,20251200
2025-07-17 10:00:00,138.12,,,20250900,20251200,20251200
2025-07-17 11:00:00,138.08,,,20250900,20251200,20251200
2025-07-17 12:00:00,138.05,,,20250900,20251200,20251200
2025-07-17 13:00:00,138.0,,,20250900,20251200,20251200
2025-07-17 14:00:00,137.99,,,20250900,20251200,20251200
2025-07-17 15:00:00,137.96,,,20250900,20251200,20251200
2025-07-17 16:00:00,137.94,,,20250900,20251200,20251200
2025-07-17 17:00:00,137.97,,,20250900,20251200,20251200
2025-07-17 18:00:00,137.96,,,20250900,20251200,20251200
2025-07-17 19:00:00,138.0,,,20250900,20251200,20251200
2025-07-17 20:00:00,138.0,,,20250900,20251200,20251200
2025-07-17 23:00:00,138.05,137.05,137.05,20250900,20251200,20251200
2025-07-17 23:45:00,138.08,,,20250900,20251200,20251200
2025-07-18 00:00:00,138.07,,,20250900,20251200,20251200
2025-07-18 01:00:00,138.15,,,20250900,20251200,20251200
2025-07-18 02:00:00,138.15,,,20250900,20251200,20251200
2025-07-18 03:30:00,138.25,,,20250900,20251200,20251200
2025-07-18 04:00:00,138.39,,,20250900,20251200,20251200
2025-07-18 05:00:00,138.37,,,20250900,20251200,20251200
2025-07-18 06:00:00,138.36,,,20250900,20251200,20251200
2025-07-18 06:30:00,138.3,,,20250900,20251200,20251200
2025-07-18 07:00:00,138.27,,,20250900,20251200,20251200
2025-07-18 08:00:00,138.23,,,20250900,20251200,20251200
2025-07-18 09:00:00,138.23,,,20250900,20251200,20251200
2025-07-18 10:00:00,138.23,,,20250900,20251200,20251200
2025-07-18 11:00:00,138.26,,,20250900,20251200,20251200
2025-07-18 12:00:00,138.18,,,20250900,20251200,20251200
2025-07-18 13:00:00,138.12,,,20250900,20251200,20251200
2025-07-18 14:00:00,138.05,,,20250900,20251200,20251200
2025-07-18 15:00:00,138.06,,,20250900,20251200,20251200
2025-07-18 16:00:00,138.07,,,20250900,20251200,20251200
2025-07-18 17:00:00,138.11,,,20250900,20251200,20251200
2025-07-18 18:00:00,138.03,,,20250900,20251200,20251200
2025-07-18 19:00:00,138.01,,,20250900,20251200,20251200
2025-07-18 20:00:00,138.04,,,20250900,20251200,20251200
2025-07-18 23:00:00,138.35,137.35,137.35,20250900,20251200,20251200
2025-07-21 23:45:00,138.21,,,20250900,20251200,20251200
2025-07-22 00:00:00,138.35,,,20250900,20251200,20251200
2025-07-22 01:00:00,138.48,,,20250900,20251200,20251200
2025-07-22 03:30:00,138.54,,,20250900,20251200,20251200
2025-07-22 04:00:00,138.66,,,20250900,20251200,20251200
2025-07-22 05:00:00,138.62,,,20250900,20251200,20251200
2025-07-22 06:00:00,138.63,,,20250900,20251200,20251200
2025-07-22 06:30:00,138.53,,,20250900,20251200,20251200
2025-07-22 07:00:00,138.54,,,20250900,20251200,20251200
2025-07-22 08:00:00,138.5,,,20250900,20251200,20251200
2025-07-22 09:00:00,138.54,,,20250900,20251200,20251200
2025-07-22 10:00:00,138.49,,,20250900,20251200,20251200
2025-07-22 11:00:00,138.45,,,20250900,20251200,20251200
2025-07-22 12:00:00,138.51,,,20250900,20251200,20251200
2025-07-22 13:00:00,138.53,,,20250900,20251200,20251200
2025-07-22 14:00:00,138.56,,,20250900,20251200,20251200
2025-07-22 15:00:00,138.55,,,20250900,20251200,20251200
2025-07-22 16:00:00,138.53,,,20250900,20251200,20251200
2025-07-22 17:00:00,138.53,,,20250900,20251200,20251200
2025-07-22 18:00:00,138.5,,,20250900,20251200,20251200
2025-07-22 19:00:00,138.49,,,20250900,20251200,20251200
2025-07-22 20:00:00,138.47,,,20250900,20251200,20251200
2025-07-22 23:00:00,138.6,137.6,137.6,20250900,20251200,20251200
2025-07-22 23:45:00,137.95,,,20250900,20251200,20251200
2025-07-23 00:00:00,137.63,,,20250900,20251200,20251200
2025-07-23 01:00:00,137.66,,,20250900,20251200,20251200
2025-07-23 03:30:00,137.7,,,20250900,20251200,20251200
2025-07-23 04:00:00,137.84,,,20250900,20251200,20251200
2025-07-23 05:00:00,137.64,,,20250900,20251200,20251200
2025-07-23 06:30:00,137.65,,,20250900,20251200,20251200
2025-07-23 07:00:00,137.7,,,20250900,20251200,20251200
2025-07-23 08:00:00,137.6,,,20250900,20251200,20251200
2025-07-23 09:00:00,137.62,,,20250900,20251200,20251200
2025-07-23 10:00:00,137.69,,,20250900,20251200,20251200
2025-07-23 11:00:00,137.69,,,20250900,20251200,20251200
2025-07-23 12:00:00,137.7,,,20250900,20251200,20251200
2025-07-23 13:00:00,137.68,,,20250900,20251200,20251200
2025-07-23 14:00:00,137.62,,,20250900,20251200,20251200
2025-07-23 15:00:00,137.52,,,20250900,20251200,20251200
2025-07-23 16:00:00,137.47,,,20250900,20251200,20251200
2025-07-23 17:00:00,137.51,,,20250900,20251200,20251200
2025-07-23 18:00:00,137.49,,,20250900,20251200,20251200
2025-07-23 19:00:00,137.54,,,20250900,20251200,20251200
2025-07-23 20:00:00,137.52,,,20250900,20251200,20251200
2025-07-23 23:00:00,137.62,136.62,136.62,20250900,20251200,20251200
2025-07-23 23:45:00,137.65,,,20250900,20251200,20251200
2025-07-24 00:00:00,137.58,,,20250900,20251200,20251200
2025-07-24 01:00:00,137.5,,,20250900,20251200,20251200
2025-07-24 02:00:00,137.49,,,20250900,20251200,20251200
2025-07-24 03:30:00,137.52,,,20250900,20251200,20251200
2025-07-24 04:00:00,137.52,,,20250900,20251200,20251200
2025-07-24 05:00:00,137.51,,,20250900,20251200,20251200
2025-07-24 06:00:00,137.51,,,20250900,20251200,20251200
2025-07-24 06:30:00,137.45,,,20250900,20251200,20251200
2025-07-24 07:00:00,137.45,,,20250900,20251200,20251200
2025-07-24 08:00:00,137.52,,,20250900,20251200,20251200
2025-07-24 09:00:00,137.47,,,20250900,20251200,20251200
2025-07-24 10:00:00,137.48,,,20250900,20251200,20251200
2025-07-24 11:00:00,137.48,,,20250900,20251200,20251200
2025-07-24 12:00:00,137.41,,,20250900,20251200,20251200
2025-07-24 13:00:00,137.46,,,20250900,20251200,20251200
2025-07-24 14:00:00,137.49,,,20250900,20251200,20251200
2025-07-24 15:00:00,137.47,,,20250900,20251200,20251200
2025-07-24 16:00:00,137.48,,,20250900,20251200,20251200
2025-07-24 17:00:00,137.5,,,20250900,20251200,20251200
2025-07-24 18:00:00,137.45,,,20250900,20251200,20251200
2025-07-24 19:00:00,137.47,,,20250900,20251200,20251200
2025-07-24 20:00:00,137.51,,,20250900,20251200,20251200
2025-07-24 23:00:00,137.51,136.51,136.51,20250900,20251200,20251200
2025-07-24 23:45:00,137.54,,,20250900,20251200,20251200
2025-07-25 00:00:00,137.65,,,20250900,20251200,20251200
2025-07-25 01:00:00,137.61,,,20250900,20251200,20251200
2025-07-25 03:30:00,137.61,,,20250900,20251200,20251200
2025-07-25 04:00:00,137.66,,,20250900,20251200,20251200
2025-07-25 05:00:00,137.44,,,20250900,20251200,20251200
2025-07-25 06:00:00,137.44,,,20250900,20251200,20251200
2025-07-25 06:30:00,137.46,,,20250900,20251200,20251200
2025-07-25 07:00:00,137.43,,,20250900,20251200,20251200
2025-07-25 08:00:00,137.46,,,20250900,20251200,20251200
2025-07-25 09:00:00,137.48,,,20250900,20251200,20251200
2025-07-25 10:00:00,137.5,,,20250900,20251200,20251200
2025-07-25 11:00:00,137.52,,,20250900,20251200,20251200
2025-07-25 12:00:00,137.45,,,20250900,20251200,20251200
2025-07-25 13:00:00,137.5,,,20250900,20251200,20251200
2025-07-25 14:00:00,137.51,,,20250900,20251200,20251200
2025-07-25 15:00:00,137.52,,,20250900,20251200,20251200
2025-07-25 16:00:00,137.58,,,20250900,20251200,20251200
2025-07-25 17:00:00,137.56,,,20250900,20251200,20251200
2025-07-25 18:00:00,137.55,,,20250900,20251200,20251200
2025-07-25 19:00:00,137.56,,,20250900,20251200,20251200
2025-07-25 20:00:00,137.52,,,20250900,20251200,20251200
2025-07-25 23:00:00,137.43,136.43,136.43,20250900,20251200,20251200
2025-07-27 23:45:00,137.56,,,20250900,20251200,20251200
2025-07-28 00:00:00,137.73,,,20250900,20251200,20251200
2025-07-28 01:00:00,137.76,,,20250900,20251200,20251200
2025-07-28 03:30:00,137.82,,,20250900,20251200,20251200
2025-07-28 04:00:00,137.83,,,20250900,20251200,20251200
2025-07-28 05:00:00,137.85,,,20250900,20251200,20251200
2025-07-28 06:00:00,137.85,,,20250900,20251200,20251200
2025-07-28 06:30:00,137.85,,,20250900,20251200,20251200
2025-07-28 07:00:00,137.93,,,20250900,20251200,20251200
2025-07-28 08:00:00,137.95,,,20250900,20251200,20251200
2025-07-28 09:00:00,137.95,,,20250900,20251200,20251200
2025-07-28 10:00:00,137.88,,,20250900,20251200,20251200
2025-07-28 11:00:00,137.87,,,20250900,20251200,20251200
2025-07-28 12:00:00,137.86,,,20250900,20251200,20251200
2025-07-28 13:00:00,137.84,,,20250900,20251200,20251200
2025-07-28 14:00:00,137.85,,,20250900,20251200,20251200
2025-07-28 15:00:00,137.81,,,20250900,20251200,20251200
2025-07-28 16:00:00,137.85,,,20250900,20251200,20251200
2025-07-28 17:00:00,137.85,,,20250900,20251200,20251200
2025-07-28 18:00:00,137.83,,,20250900,20251200,20251200
2025-07-28 19:00:00,137.84,,,20250900,20251200,20251200
2025-07-28 20:00:00,137.81,,,20250900,20251200,20251200
2025-07-28 23:00:00,137.81,136.81,136.81,20250900,20251200,20251200
2025-07-28 23:45:00,137.81,,,20250900,20251200,20251200
2025-07-29 00:00:00,137.77,,,20250900,20251200,20251200
2025-07-29 01:00:00,137.87,,,20250900,20251200,20251200
2025-07-29 03:30:00,137.86,,,20250900,20251200,20251200
2025-07-29 04:00:00,137.94,,,20250900,20251200,20251200
2025-07-29 05:00:00,137.89,,,20250900,20251200,20251200
2025-07-29 06:30:00,137.93,,,20250900,20251200,20251200
2025-07-29 07:00:00,137.83,,,20250900,20251200,20251200
2025-07-29 08:00:00,137.82,,,20250900,20251200,20251200
2025-07-29 09:00:00,137.85,,,20250900,20251200,20251200
2025-07-29 10:00:00,137.91,,,20250900,20251200,20251200
2025-07-29 11:00:00,137.9,,,20250900,20251200,20251200
2025-07-29 12:00:00,137.9,,,20250900,20251200,20251200
2025-07-29 13:00:00,137.91,,,20250900,20251200,20251200
2025-07-29 14:00:00,137.98,,,20250900,20251200,20251200
2025-07-29 15:00:00,137.96,,,20250900,20251200,20251200
2025-07-29 16:00:00,138.01,,,20250900,20251200,20251200
2025-07-29 17:00:00,138.04,,,20250900,20251200,20251200
2025-07-29 18:00:00,138.06,,,20250900,20251200,20251200
2025-07-29 19:00:00,138.08,,,20250900,20251200,20251200
2025-07-29 20:00:00,138.04,,,20250900,20251200,20251200
2025-07-29 23:00:00,137.9,136.9,136.9,20250900,20251200,20251200
2025-07-29 23:45:00,138.05,,,20250900,20251200,20251200
2025-07-30 00:00:00,138.03,,,20250900,20251200,20251200
2025-07-30 01:00:00,137.98,,,20250900,20251200,20251200
2025-07-30 03:30:00,137.99,,,20250900,20251200,20251200
2025-07-30 04:00:00,137.97,,,20250900,20251200,20251200
2025-07-30 05:00:00,138.02,,,20250900,20251200,20251200
2025-07-30 06:00:00,138.01,,,20250900,20251200,20251200
2025-07-30 06:30:00,137.95,,,20250900,20251200,20251200
2025-07-30 07:00:00,137.97,,,20250900,20251200,20251200
2025-07-30 08:00:00,137.95,,,20250900,20251200,20251200
2025-07-30 09:00:00,137.98,,,20250900,20251200,20251200
2025-07-30 10:00:00,138.02,,,20250900,20251200,20251200
2025-07-30 11:00:00,137.96,,,20250900,20251200,20251200
2025-07-30 12:00:00,137.91,,,20250900,20251200,20251200
2025-07-30 13:00:00,137.87,,,20250900,20251200,20251200
2025-07-30 14:00:00,137.89,,,20250900,20251200,20251200
2025-07-30 15:00:00,137.91,,,20250900,20251200,20251200
2025-07-30 16:00:00,137.92,,,20250900,20251200,20251200
2025-07-30 17:00:00,137.9,,,20250900,20251200,20251200
2025-07-30 18:00:00,137.81,,,20250900,20251200,20251200
2025-07-30 19:00:00,137.78,,,20250900,20251200,20251200
2025-07-30 20:00:00,137.79,,,20250900,20251200,20251200
2025-07-30 23:00:00,137.98,136.98,136.98,20250900,20251200,20251200
2025-07-30 23:45:00,137.83,,,20250900,20251200,20251200
2025-07-31 00:00:00,137.83,,,20250900,20251200,20251200
2025-07-31 01:00:00,137.87,,,20250900,20251200,20251200
2025-07-31 03:30:00,137.83,,,20250900,20251200,20251200
2025-07-31 04:00:00,137.97,,,20250900,20251200,20251200
2025-07-31 05:00:00,137.98,,,20250900,20251200,20251200
2025-07-31 06:00:00,137.98,,,20250900,20251200,20251200
2025-07-31 06:30:00,138.17,,,20250900,20251200,20251200
2025-07-31 07:00:00,138.07,,,20250900,20251200,20251200
2025-07-31 08:00:00,138.06,,,20250900,20251200,20251200
2025-07-31 09:00:00,138.0,,,20250900,20251200,20251200
2025-07-31 10:00:00,138.02,,,20250900,20251200,20251200
2025-07-31 11:00:00,138.06,,,20250900,20251200,20251200
2025-07-31 12:00:00,138.04,,,20250900,20251200,20251200
2025-07-31 13:00:00,138.04,,,20250900,20251200,20251200
2025-07-31 14:00:00,138.1,,,20250900,20251200,20251200
2025-07-31 15:00:00,138.09,,,20250900,20251200,20251200
2025-07-31 16:00:00,138.1,,,20250900,20251200,20251200
2025-07-31 17:00:00,138.07,,,20250900,20251200,20251200
2025-07-31 18:00:00,138.03,,,20250900,20251200,20251200
2025-07-31 19:00:00,138.01,,,20250900,20251200,20251200
2025-07-31 20:00:00,137.99,,,20250900,20251200,20251200
2025-07-31 23:00:00,138.03,137.03,137.03,20250900,20251200,20251200
2025-07-31 23:45:00,138.05,,,20250900,20251200,20251200
2025-08-01 00:00:00,138.3,,,20250900,20251200,20251200
2025-08-01 01:00:00,138.16,,,20250900,20251200,20251200
2025-08-01 03:30:00,138.11,,,20250900,20251200,20251200
2025-08-01 04:00:00,138.11,,,20250900,20251200,20251200
2025-08-01 05:00:00,138.1,,,20250900,20251200,20251200
2025-08-01 06:30:00,138.04,,,20250900,20251200,20251200
2025-08-01 07:00:00,138.05,,,20250900,20251200,20251200
2025-08-01 08:00:00,138.06,,,20250900,20251200,20251200
2025-08-01 09:00:00,138.05,,,20250900,20251200,20251200
2025-08-01 10:00:00,138.06,,,20250900,20251200,20251200
2025-08-01 11:00:00,138.06,,,20250900,20251200,20251200
2025-08-01 12:00:00,138.53,,,20250900,20251200,20251200
2025-08-01 13:00:00,138.66,,,20250900,20251200,20251200
2025-08-01 14:00:00,138.68,,,20250900,20251200,20251200
2025-08-01 15:00:00,138.66,,,20250900,20251200,20251200
2025-08-01 16:00:00,138.67,,,20250900,20251200,20251200
2025-08-01 17:00:00,138.68,,,20250900,20251200,20251200
2025-08-01 18:00:00,138.7,,,20250900,20251200,20251200
2025-08-01 19:00:00,138.76,,,20250900,20251200,20251200
2025-08-01 20:00:00,138.72,,,20250900,20251200,20251200
2025-08-01 23:00:00,138.08,137.08,137.08,20250900,20251200,20251200
2025-08-03 23:45:00,139.02,,,20250900,20251200,20251200
2025-08-04 00:00:00,138.75,,,20250900,20251200,20251200
2025-08-04 01:00:00,138.67,,,20250900,20251200,20251200
2025-08-04 02:00:00,138.67,,,20250900,20251200,20251200
2025-08-04 03:30:00,138.71,,,20250900,20251200,20251200
2025-08-04 04:00:00,138.66,,,20250900,20251200,20251200
2025-08-04 05:00:00,138.57,,,20250900,20251200,20251200
2025-08-04 06:30:00,138.58,,,20250900,20251200,20251200
2025-08-04 07:00:00,138.56,,,20250900,20251200,20251200
2025-08-04 08:00:00,138.58,,,20250900,20251200,20251200
2025-08-04 09:00:00,138.7,,,20250900,20251200,20251200
2025-08-04 10:00:00,138.78,,,20250900,20251200,20251200
2025-08-04 11:00:00,138.74,,,20250900,20251200,20251200
2025-08-04 12:00:00,138.75,,,20250900,20251200,20251200
2025-08-04 13:00:00,138.71,,,20250900,20251200,20251200
2025-08-04 14:00:00,138.66,,,20250900,20251200,20251200
2025-08-04 15:00:00,138.74,,,20250900,20251200,20251200
2025-08-04 16:00:00,138.73,,,20250900,20251200,20251200
2025-08-04 17:00:00,138.73,,,20250900,20251200,20251200
2025-08-04 18:00:00,138.74,,,20250900,20251200,20251200
2025-08-04 19:00:00,138.73,,,20250900,20251200,20251200
2025-08-04 20:00:00,138.74,,,20250900,20251200,20251200
2025-08-04 23:00:00,138.55,137.55,137.55,20250900,20251200,20251200
2025-08-04 23:45:00,138.64,,,20250900,20251200,20251200
2025-08-05 00:00:00,138.84,,,20250900,20251200,20251200
2025-08-05 01:00:00,138.85,,,20250900,20251200,20251200
2025-08-05 03:30:00,138.87,,,20250900,20251200,20251200
2025-08-05 04:00:00,138.83,,,20250900,20251200,20251200
2025-08-05 05:00:00,138.83,137.99,137.99,20250900,20251200,20251200
2025-08-05 06:30:00,138.86,,,20250900,20251200,20251200
2025-08-05 07:00:00,138.89,,,20250900,20251200,20251200
2025-08-05 08:00:00,138.81,,,20250900,20251200,20251200
2025-08-05 09:00:00,138.81,,,20250900,20251200,20251200
2025-08-05 10:00:00,138.78,,,20250900,20251200,20251200
2025-08-05 11:00:00,138.76,,,20250900,20251200,20251200
2025-08-05 12:00:00,138.82,,,20250900,20251200,20251200
2025-08-05 13:00:00,138.77,,,20250900,20251200,20251200
2025-08-05 14:00:00,138.84,,,20250900,20251200,20251200
2025-08-05 15:00:00,138.81,,,20250900,20251200,20251200
2025-08-05 16:00:00,138.82,,,20250900,20251200,20251200
2025-08-05 17:00:00,138.8,,,20250900,20251200,20251200
2025-08-05 18:00:00,138.82,,,20250900,20251200,20251200
2025-08-05 19:00:00,138.81,,,20250900,20251200,20251200
2025-08-05 20:00:00,138.76,,,20250900,20251200,20251200
2025-08-05 23:00:00,138.87,137.87,137.87,20250900,20251200,20251200
2025-08-05 23:45:00,138.74,,,20250900,20251200,20251200
2025-08-06 00:00:00,138.77,,,20250900,20251200,20251200
2025-08-06 01:00:00,138.75,,,20250900,20251200,20251200
2025-08-06 03:30:00,138.65,,,20250900,20251200,20251200
2025-08-06 04:00:00,138.59,,,20250900,20251200,20251200
2025-08-06 05:00:00,138.66,,,20250900,20251200,20251200
2025-08-06 06:00:00,138.65,,,20250900,20251200,20251200
2025-08-06 06:30:00,138.52,,,20250900,20251200,20251200
2025-08-06 07:00:00,138.55,,,20250900,20251200,20251200
2025-08-06 08:00:00,138.53,,,20250900,20251200,20251200
2025-08-06 09:00:00,138.53,,,20250900,20251200,20251200
2025-08-06 10:00:00,138.55,,,20250900,20251200,20251200
2025-08-06 11:00:00,138.57,,,20250900,20251200,20251200
2025-08-06 12:00:00,138.6,,,20250900,20251200,20251200
2025-08-06 13:00:00,138.6,,,20250900,20251200,20251200
2025-08-06 14:00:00,138.62,,,20250900,20251200,20251200
2025-08-06 15:00:00,138.6,,,20250900,20251200,20251200
2025-08-06 16:00:00,138.61,,,20250900,20251200,20251200
2025-08-06 17:00:00,138.55,,,20250900,20251200,20251200
2025-08-06 18:00:00,138.63,,,20250900,20251200,20251200
2025-08-06 19:00:00,138.62,,,20250900,20251200,20251200
2025-08-06 20:00:00,138.62,,,20250900,20251200,20251200
2025-08-06 23:00:00,138.6,137.6,137.6,20250900,20251200,20251200
2025-08-06 23:45:00,138.69,,,20250900,20251200,20251200
2025-08-07 00:00:00,138.73,,,20250900,20251200,20251200
2025-08-07 01:00:00,138.76,,,20250900,20251200,20251200
2025-08-07 03:30:00,138.7,,,20250900,20251200,20251200
2025-08-07 04:00:00,138.73,,,20250900,20251200,20251200
2025-08-07 05:00:00,138.66,,,20250900,20251200,20251200
2025-08-07 06:30:00,138.68,,,20250900,20251200,20251200
2025-08-07 07:00:00,138.76,,,20250900,20251200,20251200
2025-08-07 08:00:00,138.79,,,20250900,20251200,20251200
2025-08-07 09:00:00,138.73,,,20250900,20251200,20251200
2025-08-07 10:00:00,138.73,,,20250900,20251200,20251200
2025-08-07 11:00:00,138.67,,,20250900,20251200,20251200
2025-08-07 12:00:00,138.67,,,20250900,20251200,20251200
2025-08-07 13:00:00,138.7,,,20250900,20251200,20251200
2025-08-07 14:00:00,138.74,,,20250900,20251200,20251200
2025-08-07 15:00:00,138.73,,,20250900,20251200,20251200
2025-08-07 16:00:00,138.72,,,20250900,20251200,20251200
2025-08-07 17:00:00,138.67,,,20250900,20251200,20251200
2025-08-07 18:00:00,138.69,,,20250900,20251200,20251200
2025-08-07 19:00:00,138.7,,,20250900,20251200,20251200
2025-08-07 20:00:00,138.68,,,20250900,20251200,20251200
2025-08-07 23:00:00,138.65,137.65,137.65,20250900,20251200,20251200
2025-08-07 23:45:00,138.62,,,20250900,20251200,20251200
2025-08-08 00:00:00,138.51,,,20250900,20251200,20251200
2025-08-08 01:00:00,138.56,,,20250900,20251200,20251200
2025-08-08 03:30:00,138.56,,,20250900,20251200,20251200
2025-08-08 04:00:00,138.59,,,20250900,20251200,20251200
2025-08-08 05:00:00,138.64,,,20250900,20251200,20251200
2025-08-08 06:30:00,138.64,,,20250900,20251200,20251200
2025-08-08 07:00:00,138.66,,,20250900,20251200,20251200
2025-08-08 08:00:00,138.63,,,20250900,20251200,20251200
2025-08-08 09:00:00,138.64,,,20250900,20251200,20251200
2025-08-08 10:00:00,138.61,,,20250900,20251200,20251200
2025-08-08 11:00:00,138.58,,,20250900,20251200,20251200
2025-08-08 12:00:00,138.55,,,20250900,20251200,20251200
2025-08-08 13:00:00,138.47,,,20250900,20251200,20251200
2025-08-08 14:00:00,138.5,,,20250900,20251200,20251200
2025-08-08 15:00:00,138.49,,,20250900,20251200,20251200
2025-08-08 16:00:00,138.47,,,20250900,20251200,20251200
2025-08-08 17:00:00,138.48,,,20250900,20251200,20251200
2025-08-08 18:00:00,138.5,,,20250900,20251200,20251200
2025-08-08 19:00:00,138.51,,,20250900,20251200,20251200
2025-08-08 20:00:00,138.52,,,20250900,20251200,20251200
2025-08-08 23:00:00,138.62,137.62,137.62,20250900,20251200,20251200
2025-08-11 23:45:00,138.48,,,20250900,20251200,20251200
2025-08-12 00:00:00,138.5,,,20250900,20251200,20251200
2025-08-12 01:00:00,138.54,,,20250900,20251200,20251200
2025-08-12 03:30:00,138.5,,,20250900,20251200,20251200
2025-08-12 04:00:00,138.51,,,20250900,20251200,20251200
2025-08-12 05:00:00,138.54,,,20250900,20251200,20251200
2025-08-12 06:30:00,138.54,,,20250900,20251200,20251200
2025-08-12 07:00:00,138.55,,,20250900,20251200,20251200
2025-08-12 08:00:00,138.55,,,20250900,20251200,20251200
2025-08-12 09:00:00,138.6,,,20250900,20251200,20251200
2025-08-12 10:00:00,138.55,,,20250900,20251200,20251200
2025-08-12 11:00:00,138.55,,,20250900,20251200,20251200
2025-08-12 12:00:00,138.56,,,20250900,20251200,20251200
2025-08-12 13:00:00,138.34,,,20250900,20251200,20251200
2025-08-12 14:00:00,138.4,,,20250900,20251200,20251200
2025-08-12 15:00:00,138.37,,,20250900,20251200,20251200
2025-08-12 16:00:00,138.38,,,20250900,20251200,20251200
2025-08-12 17:00:00,138.39,,,20250900,20251200,20251200
2025-08-12 18:00:00,138.4,,,20250900,20251200,20251200
2025-08-12 19:00:00,138.4,,,20250900,20251200,20251200
2025-08-12 20:00:00,138.38,,,20250900,20251200,20251200
2025-08-12 23:00:00,138.56,137.56,137.56,20250900,20251200,20251200
2025-08-12 23:45:00,138.41,,,20250900,20251200,20251200
2025-08-13 00:00:00,138.38,,,20250900,20251200,20251200
2025-08-13 01:00:00,138.47,,,20250900,20251200,20251200
2025-08-13 03:30:00,138.33,,,20250900,20251200,20251200
2025-08-13 04:00:00,138.31,,,20250900,20251200,20251200
2025-08-13 05:00:00,138.35,,,20250900,20251200,20251200
2025-08-13 06:00:00,138.34,,,20250900,20251200,20251200
2025-08-13 06:30:00,138.39,,,20250900,20251200,20251200
2025-08-13 07:00:00,138.45,,,20250900,20251200,20251200
2025-08-13 08:00:00,138.46,,,20250900,20251200,20251200
2025-08-13 09:00:00,138.49,,,20250900,20251200,20251200
2025-08-13 10:00:00,138.5,137.5,137.5,20250900,20251200,20251200
2025-08-13 11:00:00,138.46,,,20250900,20251200,20251200
2025-08-13 12:00:00,138.4,,,20250900,20251200,20251200
2025-08-13 13:00:00,138.45,,,20250900,20251200,20251200
2025-08-13 14:00:00,138.49,,,20250900,20251200,20251200
2025-08-13 15:00:00,138.51,137.54,137.54,20250900,20251200,20251200
2025-08-13 16:00:00,138.51,,,20250900,20251200,20251200
2025-08-13 17:00:00,138.5,,,20250900,20251200,20251200
2025-08-13 18:00:00,138.51,,,20250900,20251200,20251200
2025-08-13 19:00:00,138.5,,,20250900,20251200,20251200
2025-08-13 20:00:00,138.5,,,20250900,20251200,20251200
2025-08-13 23:00:00,138.36,137.36,137.36,20250900,20251200,20251200
2025-08-13 23:45:00,138.46,,,20250900,20251200,20251200
2025-08-14 00:00:00,138.29,137.35,137.35,20250900,20251200,20251200
2025-08-14 01:00:00,138.24,,,20250900,20251200,20251200
2025-08-14 03:30:00,137.99,137.05,137.05,20250900,20251200,20251200
2025-08-14 04:00:00,137.95,,,20250900,20251200,20251200
2025-08-14 05:00:00,138.02,136.98,136.98,20250900,20251200,20251200
2025-08-14 06:00:00,138.01,,,20250900,20251200,20251200
2025-08-14 06:30:00,138.08,,,20250900,20251200,20251200
2025-08-14 07:00:00,138.08,,,20250900,20251200,20251200
2025-08-14 08:00:00,138.1,,,20250900,20251200,20251200
2025-08-14 09:00:00,138.03,,,20250900,20251200,20251200
2025-08-14 10:00:00,138.06,,,20250900,20251200,20251200
2025-08-14 11:00:00,138.09,,,20250900,20251200,20251200
2025-08-14 12:00:00,138.01,,,20250900,20251200,20251200
2025-08-14 13:00:00,137.93,,,20250900,20251200,20251200
2025-08-14 14:00:00,137.88,,,20250900,20251200,20251200
2025-08-14 15:00:00,137.84,,,20250900,20251200,20251200
2025-08-14 16:00:00,137.86,,,20250900,20251200,20251200
2025-08-14 17:00:00,137.86,,,20250900,20251200,20251200
2025-08-14 18:00:00,137.85,,,20250900,20251200,20251200
2025-08-14 19:00:00,137.86,,,20250900,20251200,20251200
2025-08-14 20:00:00,137.85,,,20250900,20251200,20251200
2025-08-14 23:00:00,137.97,136.97,136.97,20250900,20251200,20251200
2025-08-14 23:45:00,137.88,,,20250900,20251200,20251200
2025-08-15 00:00:00,137.97,,,20250900,20251200,20251200
2025-08-15 01:00:00,137.93,,,20250900,20251200,20251200
2025-08-15 03:30:00,137.87,,,20250900,20251200,20251200
2025-08-15 04:00:00,137.82,,,20250900,20251200,20251200
2025-08-15 05:00:00,137.87,,,20250900,20251200,20251200
2025-08-15 06:00:00,137.87,,,20250900,20251200,20251200
2025-08-15 06:30:00,137.89,,,20250900,20251200,20251200
2025-08-15 07:00:00,137.83,,,20250900,20251200,20251200
2025-08-15 08:00:00,137.81,,,20250900,20251200,20251200
2025-08-15 09:00:00,137.74,136.7,136.7,20250900,20251200,20251200
2025-08-15 10:00:00,137.77,,,20250900,20251200,20251200
2025-08-15 11:00:00,137.75,,,20250900,20251200,20251200
2025-08-15 12:00:00,137.74,136.68,136.68,20250900,20251200,20251200
2025-08-15 13:00:00,137.66,,,20250900,20251200,20251200
2025-08-15 14:00:00,137.67,,,20250900,20251200,20251200
2025-08-15 15:00:00,137.62,,,20250900,20251200,20251200
2025-08-15 16:00:00,137.61,,,20250900,20251200,20251200
2025-08-15 17:00:00,137.62,,,20250900,20251200,20251200
2025-08-15 18:00:00,137.61,,,20250900,20251200,20251200
2025-08-15 19:00:00,137.63,,,20250900,20251200,20251200
2025-08-15 20:00:00,137.58,,,20250900,20251200,20251200
2025-08-15 23:00:00,137.91,136.89,136.89,20250900,20251200,20251200
2025-08-17 23:45:00,137.62,,,20250900,20251200,20251200
2025-08-18 00:00:00,137.75,,,20250900,20251200,20251200
2025-08-18 01:00:00,137.76,136.72,136.72,20250900,20251200,20251200
2025-08-18 03:30:00,137.75,136.75,136.75,20250900,20251200,20251200
2025-08-18 04:00:00,137.77,,,20250900,20251200,20251200
2025-08-18 05:00:00,137.82,,,20250900,20251200,20251200
2025-08-18 06:30:00,137.83,,,20250900,20251200,20251200
2025-08-18 07:00:00,137.9,,,20250900,20251200,20251200
2025-08-18 08:00:00,137.89,,,20250900,20251200,20251200
2025-08-18 09:00:00,137.86,,,20250900,20251200,20251200
2025-08-18 10:00:00,137.83,,,20250900,20251200,20251200
2025-08-18 11:00:00,137.84,,,20250900,20251200,20251200
2025-08-18 12:00:00,137.81,,,20250900,20251200,20251200
2025-08-18 13:00:00,137.75,,,20250900,20251200,20251200
2025-08-18 14:00:00,137.68,,,20250900,20251200,20251200
2025-08-18 15:00:00,137.68,,,20250900,20251200,20251200
2025-08-18 16:00:00,137.71,,,20250900,20251200,20251200
2025-08-18 17:00:00,137.69,,,20250900,20251200,20251200
2025-08-18 18:00:00,137.68,,,20250900,20251200,20251200
2025-08-18 19:00:00,137.69,,,20250900,20251200,20251200
2025-08-18 20:00:00,137.7,,,20250900,20251200,20251200
2025-08-18 23:00:00,137.81,136.8,136.8,20250900,20251200,20251200
2025-08-18 23:45:00,137.71,,,20250900,20251200,20251200
2025-08-19 00:00:00,137.69,,,20250900,20251200,20251200
2025-08-19 01:00:00,137.71,136.72,136.72,20250900,20251200,20251200
2025-08-19 03:30:00,137.54,136.55,136.55,20250900,20251200,20251200
2025-08-19 04:00:00,137.53,,,20250900,20251200,20251200
2025-08-19 05:00:00,137.57,136.58,136.58,20250900,20251200,20251200
2025-08-19 06:30:00,137.56,,,20250900,20251200,20251200
2025-08-19 07:00:00,137.56,,,20250900,20251200,20251200
2025-08-19 08:00:00,137.6,,,20250900,20251200,20251200
2025-08-19 09:00:00,137.67,,,20250900,20251200,20251200
2025-08-19 10:00:00,137.67,,,20250900,20251200,20251200
2025-08-19 11:00:00,137.66,,,20250900,20251200,20251200
2025-08-19 12:00:00,137.63,,,20250900,20251200,20251200
2025-08-19 13:00:00,137.65,,,20250900,20251200,20251200
2025-08-19 14:00:00,137.69,,,20250900,20251200,20251200
2025-08-19 15:00:00,137.63,,,20250900,20251200,20251200
2025-08-19 16:00:00,137.63,,,20250900,20251200,20251200
2025-08-19 17:00:00,137.67,,,20250900,20251200,20251200
2025-08-19 18:00:00,137.66,,,20250900,20251200,20251200
2025-08-19 19:00:00,137.7,,,20250900,20251200,20251200
2025-08-19 20:00:00,137.67,,,20250900,20251200,20251200
2025-08-19 23:00:00,137.62,136.59,136.59,20250900,20251200,20251200
2025-08-19 23:45:00,137.72,,,20250900,20251200,20251200
2025-08-20 00:00:00,137.67,136.67,136.67,20250900,20251200,20251200
2025-08-20 01:00:00,137.66,,,20250900,20251200,20251200
2025-08-20 03:30:00,137.57,136.6,136.6,20250900,20251200,20251200
2025-08-20 04:00:00,137.52,,,20250900,20251200,20251200
2025-08-20 05:00:00,137.53,,,20250900,20251200,20251200
2025-08-20 06:00:00,137.53,,,20250900,20251200,20251200
2025-08-20 06:30:00,137.58,,,20250900,20251200,20251200
2025-08-20 07:00:00,137.53,,,20250900,20251200,20251200
2025-08-20 08:00:00,137.6,,,20250900,20251200,20251200
2025-08-20 09:00:00,137.62,,,20250900,20251200,20251200
2025-08-20 10:00:00,137.65,,,20250900,20251200,20251200
2025-08-20 11:00:00,137.63,,,20250900,20251200,20251200
2025-08-20 12:00:00,137.64,,,20250900,20251200,20251200
2025-08-20 13:00:00,137.68,,,20250900,20251200,20251200
2025-08-20 14:00:00,137.71,,,20250900,20251200,20251200
2025-08-20 15:00:00,137.69,,,20250900,20251200,20251200
2025-08-20 16:00:00,137.68,,,20250900,20251200,20251200
2025-08-20 17:00:00,137.68,,,20250900,20251200,20251200
2025-08-20 18:00:00,137.64,,,20250900,20251200,20251200
2025-08-20 19:00:00,137.66,,,20250900,20251200,20251200
2025-08-20 20:00:00,137.63,,,20250900,20251200,20251200
2025-08-20 23:00:00,137.52,136.5,136.5,20250900,20251200,20251200
2025-08-20 23:45:00,137.65,136.65,136.65,20250900,20251200,20251200
2025-08-21 00:00:00,137.6,136.57,136.57,20250900,20251200,20251200
2025-08-21 01:00:00,137.61,136.6,136.6,20250900,20251200,20251200
2025-08-21 02:00:00,137.61,,,20250900,20251200,20251200
2025-08-21 03:30:00,137.52,136.52,136.52,20250900,20251200,20251200
2025-08-21 04:00:00,137.53,136.54,136.54,20250900,20251200,20251200
2025-08-21 05:00:00,137.55,136.52,136.52,20250900,20251200,20251200
2025-08-21 06:30:00,137.56,,,20250900,20251200,20251200
2025-08-21 07:00:00,137.56,,,20250900,20251200,20251200
2025-08-21 08:00:00,137.56,,,20250900,20251200,20251200
2025-08-21 09:00:00,137.57,,,20250900,20251200,20251200
2025-08-21 10:00:00,137.57,,,20250900,20251200,20251200
2025-08-21 11:00:00,137.54,,,20250900,20251200,20251200
2025-08-21 12:00:00,137.57,,,20250900,20251200,20251200
2025-08-21 13:00:00,137.53,,,20250900,20251200,20251200
2025-08-21 14:00:00,137.49,,,20250900,20251200,20251200
2025-08-21 15:00:00,137.45,,,20250900,20251200,20251200
2025-08-21 16:00:00,137.43,,,20250900,20251200,20251200
2025-08-21 17:00:00,137.48,,,20250900,20251200,20251200
2025-08-21 18:00:00,137.45,,,20250900,20251200,20251200
2025-08-21 19:00:00,137.47,,,20250900,20251200,20251200
2025-08-21 20:00:00,137.47,,,20250900,20251200,20251200
2025-08-21 23:00:00,137.56,136.54,136.54,20250900,20251200,20251200
2025-08-21 23:45:00,137.49,,,20250900,20251200,20251200
2025-08-22 00:00:00,137.59,,,20250900,20251200,20251200
2025-08-22 01:00:00,137.6,,,20250900,20251200,20251200
2025-08-22 03:30:00,137.56,,,20250900,20251200,20251200
2025-08-22 04:00:00,137.56,,,20250900,20251200,20251200
2025-08-22 05:00:00,137.54,,,20250900,20251200,20251200
2025-08-22 06:30:00,137.53,,,20250900,20251200,20251200
2025-08-22 07:00:00,137.47,,,20250900,20251200,20251200
2025-08-22 08:00:00,137.49,,,20250900,20251200,20251200
2025-08-22 09:00:00,137.5,,,20250900,20251200,20251200
2025-08-22 10:00:00,137.45,,,20250900,20251200,20251200
2025-08-22 11:00:00,137.45,,,20250900,20251200,20251200
2025-08-22 12:00:00,137.46,,,20250900,20251200,20251200
2025-08-22 13:00:00,137.5,136.46,136.46,20250900,20251200,20251200
2025-08-22 14:00:00,137.69,136.59,136.59,20250900,20251200,20251200
2025-08-22 15:00:00,137.68,136.77,136.77,20250900,20251200,20251200
2025-08-22 16:00:00,137.67,,,20250900,20251200,20251200
2025-08-22 17:00:00,137.69,,,20250900,20251200,20251200
2025-08-22 18:00:00,137.69,,,20250900,20251200,20251200
2025-08-22 19:00:00,137.69,,,20250900,20251200,20251200
2025-08-22 20:00:00,137.7,,,20250900,20251200,20251200
2025-08-22 23:00:00,137.55,136.53,136.53,20250900,20251200,20251200
2025-08-24 23:45:00,137.54,136.66,136.66,20250900,20251200,20251200
2025-08-25 00:00:00,137.53,,,20250900,20251200,20251200
2025-08-25 01:00:00,137.53,,,20250900,20251200,20251200
2025-08-25 03:30:00,137.53,136.54,136.54,20250900,20251200,20251200
2025-08-25 04:00:00,137.51,136.49,136.49,20250900,20251200,20251200
2025-08-25 05:00:00,137.5,136.49,136.49,20250900,20251200,20251200
2025-08-25 06:00:00,137.5,,,20250900,20251200,20251200
2025-08-25 06:30:00,137.5,,,20250900,20251200,20251200
2025-08-25 07:00:00,137.45,136.46,136.46,20250900,20251200,20251200
2025-08-25 08:00:00,137.45,,,20250900,20251200,20251200
2025-08-25 09:00:00,137.43,,,20250900,20251200,20251200
2025-08-25 10:00:00,137.46,136.47,136.47,20250900,20251200,20251200
2025-08-25 11:00:00,137.45,,,20250900,20251200,20251200
2025-08-25 12:00:00,137.44,136.43,136.43,20250900,20251200,20251200
2025-08-25 13:00:00,137.4,136.4,136.4,20250900,20251200,20251200
2025-08-25 14:00:00,137.41,,,20250900,20251200,20251200
2025-08-25 15:00:00,137.42,,,20250900,20251200,20251200
2025-08-25 16:00:00,137.46,,,20250900,20251200,20251200
2025-08-25 17:00:00,137.47,,,20250900,20251200,20251200
2025-08-25 18:00:00,137.47,,,20250900,20251200,20251200
2025-08-25 19:00:00,137.47,,,20250900,20251200,20251200
2025-08-25 20:00:00,137.45,,,20250900,20251200,20251200
2025-08-25 23:00:00,137.5,136.5,136.5,20250900,20251200,20251200
2025-08-25 23:45:00,137.46,,,20250900,20251200,20251200
2025-08-26 00:00:00,137.42,136.5,136.5,20250900,20251200,20251200
2025-08-26 01:00:00,137.45,,,20250900,20251200,20251200
2025-08-26 03:30:00,137.39,,,20250900,20251200,20251200
2025-08-26 04:00:00,137.44,,,20250900,20251200,20251200
2025-08-26 05:00:00,137.36,,,20250900,20251200,20251200
2025-08-26 06:30:00,137.33,136.34,136.34,20250900,20251200,20251200
2025-08-26 07:00:00,137.29,,,20250900,20251200,20251200
2025-08-26 08:00:00,137.31,136.29,136.29,20250900,20251200,20251200
2025-08-26 09:00:00,137.32,,,20250900,20251200,20251200
2025-08-26 10:00:00,137.33,,,20250900,20251200,20251200
2025-08-26 11:00:00,137.35,,,20250900,20251200,20251200
2025-08-26 12:00:00,137.3,,,20250900,20251200,20251200
2025-08-26 13:00:00,137.3,,,20250900,20251200,20251200
2025-08-26 14:00:00,137.29,,,20250900,20251200,20251200
2025-08-26 15:00:00,137.33,,,20250900,20251200,20251200
2025-08-26 16:00:00,137.33,,,20250900,20251200,20251200
2025-08-26 17:00:00,137.34,,,20250900,20251200,20251200
2025-08-26 18:00:00,137.33,,,20250900,20251200,20251200
2025-08-26 19:00:00,137.34,,,20250900,20251200,20251200
2025-08-26 20:00:00,137.33,,,20250900,20251200,20251200
2025-08-26 23:00:00,137.36,136.35,136.35,20250900,20251200,20251200
2025-08-26 23:45:00,137.36,136.33,136.33,20250900,20251200,20251200
2025-08-27 00:00:00,137.33,136.32,136.32,20250900,20251200,20251200
2025-08-27 03:30:00,136.45,,,20251200,20260300,20260300
2025-08-27 04:00:00,136.41,,,20251200,20260300,20260300
2025-08-27 05:00:00,136.33,,,20251200,20260300,20260300
2025-08-27 06:30:00,136.3,,,20251200,20260300,20260300
2025-08-27 09:00:00,136.45,,,20251200,20260300,20260300
2025-08-27 12:00:00,136.36,,,20251200,20260300,20260300
2025-08-27 15:00:00,136.44,,,20251200,20260300,20260300
2025-08-27 23:00:00,136.34,135.83,135.83,20251200,20260300,20260300
2025-08-28 01:00:00,136.42,,,20251200,20260300,20260300
2025-08-28 06:30:00,136.38,,,20251200,20260300,20260300
2025-08-28 07:00:00,136.38,,,20251200,20260300,20260300
2025-08-28 12:00:00,136.45,,,20251200,20260300,20260300
2025-08-28 16:00:00,136.52,,,20251200,20260300,20260300
2025-08-28 17:00:00,136.52,,,20251200,20260300,20260300
2025-08-28 23:00:00,136.42,135.87,135.87,20251200,20260300,20260300
2025-08-28 23:45:00,136.55,,,20251200,20260300,20260300
2025-08-29 00:00:00,136.47,,,20251200,20260300,20260300
2025-08-29 03:30:00,136.47,,,20251200,20260300,20260300
2025-08-29 05:00:00,136.48,,,20251200,20260300,20260300
2025-08-29 06:30:00,136.64,,,20251200,20260300,20260300
2025-08-29 07:00:00,136.62,,,20251200,20260300,20260300
2025-08-29 08:00:00,136.63,,,20251200,20260300,20260300
2025-08-29 10:00:00,136.57,,,20251200,20260300,20260300
2025-08-29 12:00:00,136.59,,,20251200,20260300,20260300
2025-08-29 15:00:00,136.55,,,20251200,20260300,20260300
2025-08-29 20:00:00,136.52,,,20251200,20260300,20260300
2025-08-29 23:00:00,136.54,135.99,135.99,20251200,20260300,20260300
2025-08-31 23:45:00,136.46,,,20251200,20260300,20260300
2025-09-01 00:00:00,136.4,,,20251200,20260300,20260300
2025-09-01 01:00:00,136.44,,,20251200,20260300,20260300
2025-09-01 03:30:00,136.35,,,20251200,20260300,20260300
2025-09-01 04:00:00,136.32,,,20251200,20260300,20260300
2025-09-01 05:00:00,136.29,,,20251200,20260300,20260300
2025-09-01 06:30:00,136.29,,,20251200,20260300,20260300
2025-09-01 07:00:00,136.24,,,20251200,20260300,20260300
2025-09-01 09:00:00,136.21,,,20251200,20260300,20260300
2025-09-01 11:00:00,136.2,,,20251200,20260300,20260300
2025-09-01 15:00:00,136.21,,,20251200,20260300,20260300
2025-09-01 20:00:00,136.22,,,20251200,20260300,20260300
2025-09-01 23:00:00,136.28,135.76,135.76,20251200,20260300,20260300
2025-09-02 00:00:00,136.27,,,20251200,20260300,20260300
2025-09-02 01:00:00,136.32,,,20251200,20260300,20260300
2025-09-02 03:30:00,136.47,,,20251200,20260300,20260300
2025-09-02 04:00:00,136.44,,,20251200,20260300,20260300
2025-09-02 05:00:00,136.48,,,20251200,20260300,20260300
2025-09-02 06:30:00,136.48,,,20251200,20260300,20260300
2025-09-02 07:00:00,136.32,,,20251200,20260300,20260300
2025-09-02 08:00:00,136.34,,,20251200,20260300,20260300
2025-09-02 09:00:00,136.27,,,20251200,20260300,20260300
2025-09-02 10:00:00,136.26,,,20251200,20260300,20260300
2025-09-02 11:00:00,136.28,,,20251200,20260300,20260300
2025-09-02 12:00:00,136.25,,,20251200,20260300,20260300
2025-09-02 13:00:00,136.3,,,20251200,20260300,20260300
2025-09-02 14:00:00,136.34,,,20251200,20260300,20260300
2025-09-02 15:00:00,136.29,,,20251200,20260300,20260300
2025-09-02 16:00:00,136.29,,,20251200,20260300,20260300
2025-09-02 17:00:00,136.28,,,20251200,20260300,20260300
2025-09-02 18:00:00,136.27,,,20251200,20260300,20260300
2025-09-02 19:00:00,136.27,,,20251200,20260300,20260300
2025-09-02 20:00:00,136.26,,,20251200,20260300,20260300
2025-09-02 23:00:00,136.5,135.98,135.98,20251200,20260300,20260300
2025-09-02 23:45:00,136.32,,,20251200,20260300,20260300
2025-09-03 00:00:00,136.25,,,20251200,20260300,20260300
2025-09-03 01:00:00,136.32,,,20251200,20260300,20260300
2025-09-03 03:30:00,136.35,,,20251200,20260300,20260300
2025-09-03 04:00:00,136.32,,,20251200,20260300,20260300
2025-09-03 05:00:00,136.26,,,20251200,20260300,20260300
2025-09-03 06:30:00,136.29,,,20251200,20260300,20260300
2025-09-03 07:00:00,136.22,,,20251200,20260300,20260300
2025-09-03 08:00:00,136.21,,,20251200,20260300,20260300
2025-09-03 09:00:00,136.28,,,20251200,20260300,20260300
2025-09-03 11:00:00,136.25,,,20251200,20260300,20260300
2025-09-03 12:00:00,136.27,,,20251200,20260300,20260300
2025-09-03 13:00:00,136.35,,,20251200,20260300,20260300
2025-09-03 14:00:00,136.41,,,20251200,20260300,20260300
2025-09-03 15:00:00,136.47,,,20251200,20260300,20260300
2025-09-03 16:00:00,136.46,,,20251200,20260300,20260300
2025-09-03 17:00:00,136.47,,,20251200,20260300,20260300
2025-09-03 18:00:00,136.33,,,20251200,20260300,20260300
2025-09-03 19:00:00,136.3,,,20251200,20260300,20260300
2025-09-03 20:00:00,136.29,,,20251200,20260300,20260300
2025-09-03 23:00:00,136.26,135.76,135.76,20251200,20260300,20260300
2025-09-03 23:45:00,136.4,,,20251200,20260300,20260300
2025-09-04 00:00:00,136.52,,,20251200,20260300,20260300
2025-09-04 01:00:00,136.47,,,20251200,20260300,20260300
2025-09-04 03:30:00,136.57,,,20251200,20260300,20260300
2025-09-04 04:00:00,136.51,,,20251200,20260300,20260300
2025-09-04 05:00:00,136.6,,,20251200,20260300,20260300
2025-09-04 06:30:00,136.69,,,20251200,20260300,20260300
2025-09-04 07:00:00,136.68,,,20251200,20260300,20260300
2025-09-04 08:00:00,136.71,,,20251200,20260300,20260300
2025-09-04 09:00:00,136.73,,,20251200,20260300,20260300
2025-09-04 10:00:00,136.73,,,20251200,20260300,20260300
2025-09-04 11:00:00,136.69,,,20251200,20260300,20260300
2025-09-04 12:00:00,136.75,,,20251200,20260300,20260300
2025-09-04 13:00:00,136.7,,,20251200,20260300,20260300
2025-09-04 14:00:00,136.7,,,20251200,20260300,20260300
2025-09-04 15:00:00,136.67,,,20251200,20260300,20260300
2025-09-04 16:00:00,136.7,,,20251200,20260300,20260300
2025-09-04 20:00:00,136.69,,,20251200,20260300,20260300
2025-09-04 23:00:00,136.59,136.07,136.07,20251200,20260300,20260300
2025-09-04 23:45:00,136.86,,,20251200,20260300,20260300
2025-09-05 01:00:00,136.84,,,20251200,20260300,20260300
2025-09-05 03:30:00,136.84,,,20251200,20260300,20260300
2025-09-05 04:00:00,136.85,,,20251200,20260300,20260300
2025-09-05 05:00:00,136.9,,,20251200,20260300,20260300
2025-09-05 06:30:00,136.89,,,20251200,20260300,20260300
2025-09-05 07:00:00,136.83,,,20251200,20260300,20260300
2025-09-05 08:00:00,136.84,,,20251200,20260300,20260300
2025-09-05 09:00:00,136.88,,,20251200,20260300,20260300
2025-09-05 10:00:00,136.93,,,20251200,20260300,20260300
2025-09-05 11:00:00,136.89,,,20251200,20260300,20260300
2025-09-05 12:00:00,137.25,,,20251200,20260300,20260300
2025-09-05 13:00:00,137.18,,,20251200,20260300,20260300
2025-09-05 14:00:00,137.2,,,20251200,20260300,20260300
2025-09-05 15:00:00,137.27,,,20251200,20260300,20260300
2025-09-05 16:00:00,137.27,,,20251200,20260300,20260300
2025-09-05 17:00:00,137.2,,,20251200,20260300,20260300
2025-09-05 18:00:00,137.19,,,20251200,20260300,20260300
2025-09-05 19:00:00,137.15,,,20251200,20260300,20260300
2025-09-05 20:00:00,137.16,,,20251200,20260300,20260300
2025-09-05 23:00:00,136.93,136.43,136.43,20251200,20260300,20260300
2025-09-07 23:45:00,136.94,,,20251200,20260300,20260300
2025-09-08 01:00:00,137.03,,,20251200,20260300,20260300
2025-09-08 03:30:00,137.0,,,20251200,20260300,20260300
2025-09-08 04:00:00,136.98,,,20251200,20260300,20260300
2025-09-08 05:00:00,137.01,,,20251200,20260300,20260300
2025-09-08 06:30:00,137.0,,,20251200,20260300,20260300
2025-09-08 07:00:00,137.05,,,20251200,20260300,20260300
2025-09-08 08:00:00,137.07,,,20251200,20260300,20260300
2025-09-08 09:00:00,137.05,,,20251200,20260300,20260300
2025-09-08 10:00:00,136.99,,,20251200,20260300,20260300
2025-09-08 11:00:00,137.02,,,20251200,20260300,20260300
2025-09-08 12:00:00,137.05,,,20251200,20260300,20260300
2025-09-08 13:00:00,137.11,,,20251200,20260300,20260300
2025-09-08 14:00:00,137.13,,,20251200,20260300,20260300
2025-09-08 15:00:00,137.18,,,20251200,20260300,20260300
2025-09-08 16:00:00,137.13,,,20251200,20260300,20260300
2025-09-08 17:00:00,137.12,,,20251200,20260300,20260300
2025-09-08 18:00:00,137.16,,,20251200,20260300,20260300
2025-09-08 19:00:00,137.17,,,20251200,20260300,20260300
2025-09-08 20:00:00,137.19,,,20251200,20260300,20260300
2025-09-08 23:00:00,137.0,136.52,136.52,20251200,20260300,20260300
2025-09-08 23:45:00,137.25,,,20251200,20260300,20260300
2025-09-09 01:00:00,137.09,,,20251200,20260300,20260300
2025-09-09 03:30:00,137.09,,,20251200,20260300,20260300
2025-09-09 04:00:00,137.05,,,20251200,20260300,20260300
2025-09-09 05:00:00,137.03,,,20251200,20260300,20260300
2025-09-09 06:00:00,137.03,,,20251200,20260300,20260300
2025-09-09 06:30:00,137.02,,,20251200,20260300,20260300
2025-09-09 07:00:00,136.96,,,20251200,20260300,20260300
2025-09-09 08:00:00,136.79,,,20251200,20260300,20260300
2025-09-09 09:00:00,136.89,,,20251200,20260300,20260300
2025-09-09 10:00:00,136.88,,,20251200,20260300,20260300
2025-09-09 11:00:00,136.82,,,20251200,20260300,20260300
2025-09-09 12:00:00,136.83,,,20251200,20260300,20260300
2025-09-09 13:00:00,136.84,,,20251200,20260300,20260300
2025-09-09 14:00:00,136.78,,,20251200,20260300,20260300
2025-09-09 15:00:00,136.82,,,20251200,20260300,20260300
2025-09-09 16:00:00,136.8,,,20251200,20260300,20260300
2025-09-09 17:00:00,136.81,,,20251200,20260300,20260300
2025-09-09 18:00:00,136.79,,,20251200,20260300,20260300
2025-09-09 19:00:00,136.8,,,20251200,20260300,20260300
2025-09-09 20:00:00,136.8,,,20251200,20260300,20260300
2025-09-09 23:00:00,137.04,136.47,136.47,20251200,20260300,20260300
2025-09-09 23:45:00,136.75,,,20251200,20260300,20260300
2025-09-10 01:00:00,136.81,,,20251200,20260300,20260300
2025-09-10 03:30:00,136.89,,,20251200,20260300,20260300
2025-09-10 04:00:00,136.92,,,20251200,20260300,20260300
2025-09-10 05:00:00,136.99,,,20251200,20260300,20260300
2025-09-10 06:00:00,136.98,,,20251200,20260300,20260300
2025-09-10 06:30:00,136.96,,,20251200,20260300,20260300
2025-09-10 07:00:00,136.94,,,20251200,20260300,20260300
2025-09-10 08:00:00,136.97,,,20251200,20260300,20260300
2025-09-10 09:00:00,136.94,,,20251200,20260300,20260300
2025-09-10 10:00:00,136.91,,,20251200,20260300,20260300
2025-09-10 11:00:00,136.91,,,20251200,20260300,20260300
2025-09-10 12:00:00,136.94,,,20251200,20260300,20260300
2025-09-10 13:00:00,136.95,,,20251200,20260300,20260300
2025-09-10 14:00:00,136.94,,,20251200,20260300,20260300
2025-09-10 15:00:00,136.97,,,20251200,20260300,20260300
2025-09-10 16:00:00,137.04,,,20251200,20260300,20260300
2025-09-10 17:00:00,137.06,,,20251200,20260300,20260300
2025-09-10 18:00:00,137.02,,,20251200,20260300,20260300
2025-09-10 19:00:00,137.01,,,20251200,20260300,20260300
2025-09-10 20:00:00,136.99,,,20251200,20260300,20260300
2025-09-10 23:00:00,136.97,136.52,136.52,20251200,20260300,20260300
2025-09-10 23:45:00,137.0,,,20251200,20260300,20260300
2025-09-11 01:00:00,136.9,,,20251200,20260300,20260300
2025-09-11 03:30:00,136.83,,,20251200,20260300,20260300
2025-09-11 04:00:00,136.83,,,20251200,20260300,20260300
2025-09-11 05:00:00,136.82,,,20251200,20260300,20260300
2025-09-11 06:30:00,136.79,,,20251200,20260300,20260300
2025-09-11 07:00:00,136.81,,,20251200,20260300,20260300
2025-09-11 08:00:00,136.81,,,20251200,20260300,20260300
2025-09-11 09:00:00,136.87,,,20251200,20260300,20260300
2025-09-11 10:00:00,136.86,,,20251200,20260300,20260300
2025-09-11 11:00:00,136.84,,,20251200,20260300,20260300
2025-09-11 12:00:00,136.87,,,20251200,20260300,20260300
2025-09-11 13:00:00,136.87,,,20251200,20260300,20260300
2025-09-11 14:00:00,136.88,,,20251200,20260300,20260300
2025-09-11 15:00:00,136.91,,,20251200,20260300,20260300
2025-09-11 16:00:00,136.91,,,20251200,20260300,20260300
2025-09-11 17:00:00,136.87,,,20251200,20260300,20260300
2025-09-11 18:00:00,136.89,,,20251200,20260300,20260300
2025-09-11 19:00:00,136.87,,,20251200,20260300,20260300
2025-09-11 20:00:00,136.84,,,20251200,20260300,20260300
2025-09-11 23:00:00,136.85,136.41,136.41,20251200,20260300,20260300
2025-09-11 23:45:00,136.79,,,20251200,20260300,20260300
2025-09-12 01:00:00,136.69,,,20251200,20260300,20260300
2025-09-12 03:30:00,136.66,,,20251200,20260300,20260300
2025-09-12 04:00:00,136.7,,,20251200,20260300,20260300
2025-09-12 05:00:00,136.65,,,20251200,20260300,20260300
2025-09-12 06:00:00,136.67,,,20251200,20260300,20260300
2025-09-12 06:30:00,136.68,,,20251200,20260300,20260300
2025-09-12 07:00:00,136.73,,,20251200,20260300,20260300
2025-09-12 08:00:00,136.68,,,20251200,20260300,20260300
2025-09-12 09:00:00,136.71,,,20251200,20260300,20260300
2025-09-12 10:00:00,136.75,,,20251200,20260300,20260300
2025-09-12 11:00:00,136.64,,,20251200,20260300,20260300
2025-09-12 12:00:00,136.62,,,20251200,20260300,20260300
2025-09-12 13:00:00,136.62,,,20251200,20260300,20260300
2025-09-12 14:00:00,136.62,,,20251200,20260300,20260300
2025-09-12 15:00:00,136.58,,,20251200,20260300,20260300
2025-09-12 16:00:00,136.61,,,20251200,20260300,20260300
2025-09-12 17:00:00,136.62,,,20251200,20260300,20260300
2025-09-12 18:00:00,136.63,,,20251200,20260300,20260300
2025-09-12 19:00:00,136.62,,,20251200,20260300,20260300
2025-09-12 20:00:00,136.62,,,20251200,20260300,20260300
2025-09-12 23:00:00,136.7,136.14,136.14,20251200,20260300,20260300
2025-09-15 23:45:00,136.7,,,20251200,20260300,20260300
2025-09-16 01:00:00,136.57,,,20251200,20260300,20260300
2025-09-16 03:30:00,136.57,,,20251200,20260300,20260300
2025-09-16 04:00:00,136.56,,,20251200,20260300,20260300
2025-09-16 05:00:00,136.51,,,20251200,20260300,20260300
2025-09-16 06:00:00,136.51,,,20251200,20260300,20260300
2025-09-16 06:30:00,136.59,,,20251200,20260300,20260300
2025-09-16 07:00:00,136.63,,,20251200,20260300,20260300
2025-09-16 08:00:00,136.62,,,20251200,20260300,20260300
2025-09-16 09:00:00,136.6,,,20251200,20260300,20260300
2025-09-16 10:00:00,136.57,,,20251200,20260300,20260300
2025-09-16 11:00:00,136.56,,,20251200,20260300,20260300
2025-09-16 12:00:00,136.52,,,20251200,20260300,20260300
2025-09-16 13:00:00,136.6,,,20251200,20260300,20260300
2025-09-16 14:00:00,136.58,,,20251200,20260300,20260300
2025-09-16 15:00:00,136.58,,,20251200,20260300,20260300
2025-09-16 16:00:00,136.57,,,20251200,20260300,20260300
2025-09-16 17:00:00,136.56,,,20251200,20260300,20260300
2025-09-16 18:00:00,136.56,,,20251200,20260300,20260300
2025-09-16 19:00:00,136.52,,,20251200,20260300,20260300
2025-09-16 20:00:00,136.54,,,20251200,20260300,20260300
2025-09-16 23:00:00,136.52,136.03,136.03,20251200,20260300,20260300
2025-09-16 23:45:00,136.55,,,20251200,20260300,20260300
2025-09-17 01:00:00,136.55,,,20251200,20260300,20260300
2025-09-17 02:00:00,136.55,,,20251200,20260300,20260300
2025-09-17 03:30:00,136.67,,,20251200,20260300,20260300
2025-09-17 04:00:00,136.63,,,20251200,20260300,20260300
2025-09-17 05:00:00,136.65,,,20251200,20260300,20260300
2025-09-17 06:30:00,136.66,,,20251200,20260300,20260300
2025-09-17 07:00:00,136.64,,,20251200,20260300,20260300
2025-09-17 08:00:00,136.68,,,20251200,20260300,20260300
2025-09-17 09:00:00,136.67,,,20251200,20260300,20260300
2025-09-17 10:00:00,136.68,,,20251200,20260300,20260300
2025-09-17 11:00:00,136.68,,,20251200,20260300,20260300
2025-09-17 12:00:00,136.68,,,20251200,20260300,20260300
2025-09-17 13:00:00,136.63,,,20251200,20260300,20260300
2025-09-17 14:00:00,136.64,,,20251200,20260300,20260300
2025-09-17 15:00:00,136.7,,,20251200,20260300,20260300
2025-09-17 16:00:00,136.65,,,20251200,20260300,20260300
2025-09-17 17:00:00,136.68,,,20251200,20260300,20260300
2025-09-17 18:00:00,136.53,,,20251200,20260300,20260300
2025-09-17 19:00:00,136.57,,,20251200,20260300,20260300
2025-09-17 20:00:00,136.55,,,20251200,20260300,20260300
2025-09-17 23:00:00,136.51,136.15,136.15,20251200,20260300,20260300
2025-09-17 23:45:00,136.6,,,20251200,20260300,20260300
2025-09-18 01:00:00,136.51,,,20251200,20260300,20260300
2025-09-18 03:30:00,136.51,,,20251200,20260300,20260300
2025-09-18 04:00:00,136.52,,,20251200,20260300,20260300
2025-09-18 05:00:00,136.54,,,20251200,20260300,20260300
2025-09-18 06:00:00,136.54,,,20251200,20260300,20260300
2025-09-18 06:30:00,136.56,,,20251200,20260300,20260300
2025-09-18 07:00:00,136.57,,,20251200,20260300,20260300
2025-09-18 08:00:00,136.54,,,20251200,20260300,20260300
2025-09-18 09:00:00,136.56,,,20251200,20260300,20260300
2025-09-18 10:00:00,136.54,,,20251200,20260300,20260300
2025-09-18 11:00:00,136.53,,,20251200,20260300,20260300
2025-09-18 12:00:00,136.39,,,20251200,20260300,20260300
2025-09-18 13:00:00,136.34,,,20251200,20260300,20260300
2025-09-18 14:00:00,136.36,,,20251200,20260300,20260300
2025-09-18 15:00:00,136.32,,,20251200,20260300,20260300
2025-09-18 16:00:00,136.4,,,20251200,20260300,20260300
2025-09-18 17:00:00,136.38,,,20251200,20260300,20260300
2025-09-18 18:00:00,136.38,,,20251200,20260300,20260300
2025-09-18 19:00:00,136.34,,,20251200,20260300,20260300
2025-09-18 20:00:00,136.38,,,20251200,20260300,20260300
2025-09-18 23:00:00,136.56,136.06,136.06,20251200,20260300,20260300
2025-09-18 23:45:00,136.47,,,20251200,20260300,20260300
2025-09-19 01:00:00,136.39,,,20251200,20260300,20260300
2025-09-19 03:30:00,136.08,,,20251200,20260300,20260300
2025-09-19 04:00:00,136.18,,,20251200,20260300,20260300
2025-09-19 05:00:00,136.11,,,20251200,20260300,20260300
2025-09-19 06:30:00,136.16,,,20251200,20260300,20260300
2025-09-19 07:00:00,136.11,,,20251200,20260300,20260300
2025-09-19 08:00:00,136.2,,,20251200,20260300,20260300
2025-09-19 09:00:00,136.22,,,20251200,20260300,20260300
2025-09-19 10:00:00,136.18,,,20251200,20260300,20260300
2025-09-19 11:00:00,136.15,,,20251200,20260300,20260300
2025-09-19 12:00:00,136.2,,,20251200,20260300,20260300
2025-09-19 13:00:00,136.24,,,20251200,20260300,20260300
2025-09-19 14:00:00,136.21,,,20251200,20260300,20260300
2025-09-19 15:00:00,136.18,,,20251200,20260300,20260300
2025-09-19 16:00:00,136.16,,,20251200,20260300,20260300
2025-09-19 17:00:00,136.15,,,20251200,20260300,20260300
2025-09-19 18:00:00,136.15,,,20251200,20260300,20260300
2025-09-19 19:00:00,136.17,,,20251200,20260300,20260300
2025-09-19 20:00:00,136.17,,,20251200,20260300,20260300
2025-09-19 23:00:00,136.1,135.6,135.6,20251200,20260300,20260300
2025-09-21 23:45:00,136.15,,,20251200,20260300,20260300
2025-09-22 01:00:00,135.98,,,20251200,20260300,20260300
2025-09-22 02:00:00,135.98,,,20251200,20260300,20260300
2025-09-22 03:30:00,135.94,,,20251200,20260300,20260300
2025-09-22 04:00:00,135.78,,,20251200,20260300,20260300
2025-09-22 05:00:00,135.88,,,20251200,20260300,20260300
2025-09-22 06:30:00,135.93,,,20251200,20260300,20260300
2025-09-22 07:00:00,135.94,,,20251200,20260300,20260300
2025-09-22 08:00:00,135.96,,,20251200,20260300,20260300
2025-09-22 09:00:00,136.0,,,20251200,20260300,20260300
2025-09-22 10:00:00,136.01,,,20251200,20260300,20260300
2025-09-22 11:00:00,136.01,,,20251200,20260300,20260300
2025-09-22 12:00:00,136.01,,,20251200,20260300,20260300
2025-09-22 13:00:00,135.99,,,20251200,20260300,20260300
2025-09-22 14:00:00,135.98,,,20251200,20260300,20260300
2025-09-22 15:00:00,135.95,,,20251200,20260300,20260300
2025-09-22 16:00:00,135.97,,,20251200,20260300,20260300
2025-09-22 17:00:00,135.96,,,20251200,20260300,20260300
2025-09-22 18:00:00,135.97,,,20251200,20260300,20260300
2025-09-22 19:00:00,135.94,,,20251200,20260300,20260300
2025-09-22 20:00:00,135.97,,,20251200,20260300,20260300
2025-09-22 23:00:00,135.89,135.4,135.4,20251200,20260300,20260300
2025-09-23 23:45:00,136.02,,,20251200,20260300,20260300
2025-09-24 01:00:00,135.94,,,20251200,20260300,20260300
2025-09-24 02:00:00,135.94,,,20251200,20260300,20260300
2025-09-24 03:30:00,135.98,,,20251200,20260300,20260300
2025-09-24 04:00:00,135.92,,,20251200,20260300,20260300
2025-09-24 05:00:00,135.93,,,20251200,20260300,20260300
2025-09-24 06:30:00,135.92,,,20251200,20260300,20260300
2025-09-24 07:00:00,135.96,,,20251200,20260300,20260300
2025-09-24 08:00:00,136.0,,,20251200,20260300,20260300
2025-09-24 09:00:00,135.97,,,20251200,20260300,20260300
2025-09-24 10:00:00,135.92,,,20251200,20260300,20260300
2025-09-24 11:00:00,135.87,,,20251200,20260300,20260300
2025-09-24 12:00:00,135.88,,,20251200,20260300,20260300
2025-09-24 13:00:00,135.85,,,20251200,20260300,20260300
2025-09-24 14:00:00,135.87,,,20251200,20260300,20260300
2025-09-24 15:00:00,135.84,,,20251200,20260300,20260300
2025-09-24 16:00:00,135.83,,,20251200,20260300,20260300
2025-09-24 17:00:00,135.83,,,20251200,20260300,20260300
2025-09-24 18:00:00,135.82,,,20251200,20260300,20260300
2025-09-24 19:00:00,135.79,,,20251200,20260300,20260300
2025-09-24 20:00:00,135.82,,,20251200,20260300,20260300
2025-09-24 23:00:00,135.96,135.44,135.44,20251200,20260300,20260300
2025-09-24 23:45:00,135.86,,,20251200,20260300,20260300
2025-09-25 01:00:00,135.87,,,20251200,20260300,20260300
2025-09-25 03:30:00,135.83,,,20251200,20260300,20260300
2025-09-25 04:00:00,135.86,,,20251200,20260300,20260300
2025-09-25 05:00:00,135.81,,,20251200,20260300,20260300
2025-09-25 06:30:00,135.78,,,20251200,20260300,20260300
2025-09-25 07:00:00,135.8,,,20251200,20260300,20260300
2025-09-25 08:00:00,135.83,,,20251200,20260300,20260300
2025-09-25 09:00:00,135.86,,,20251200,20260300,20260300
2025-09-25 10:00:00,135.82,,,20251200,20260300,20260300
2025-09-25 11:00:00,135.78,,,20251200,20260300,20260300
2025-09-25 12:00:00,135.69,,,20251200,20260300,20260300
2025-09-25 13:00:00,135.69,,,20251200,20260300,20260300
2025-09-25 14:00:00,135.73,,,20251200,20260300,20260300
2025-09-25 15:00:00,135.73,,,20251200,20260300,20260300
2025-09-25 16:00:00,135.81,,,20251200,20260300,20260300
2025-09-25 17:00:00,135.82,,,20251200,20260300,20260300
2025-09-25 18:00:00,135.84,,,20251200,20260300,20260300
2025-09-25 19:00:00,135.79,,,20251200,20260300,20260300
2025-09-25 20:00:00,135.78,,,20251200,20260300,20260300
2025-09-25 23:00:00,135.82,135.32,135.32,20251200,20260300,20260300
2025-09-25 23:45:00,135.93,,,20251200,20260300,20260300
2025-09-26 01:00:00,135.85,,,20251200,20260300,20260300
2025-09-26 03:30:00,135.89,,,20251200,20260300,20260300
2025-09-26 04:00:00,135.86,,,20251200,20260300,20260300
2025-09-26 05:00:00,135.79,,,20251200,20260300,20260300
2025-09-26 06:00:00,135.79,,,20251200,20260300,20260300
2025-09-26 06:30:00,135.78,,,20251200,20260300,20260300
2025-09-26 07:00:00,135.88,,,20251200,20260300,20260300
2025-09-26 08:00:00,135.9,,,20251200,20260300,20260300
2025-09-26 09:00:00,135.94,,,20251200,20260300,20260300
2025-09-26 10:00:00,135.92,,,20251200,20260300,20260300
2025-09-26 11:00:00,135.96,,,20251200,20260300,20260300
2025-09-26 12:00:00,135.97,,,20251200,20260300,20260300
2025-09-26 13:00:00,135.91,,,20251200,20260300,20260300
2025-09-26 14:00:00,135.99,,,20251200,20260300,20260300
2025-09-26 15:00:00,135.93,,,20251200,20260300,20260300
2025-09-26 16:00:00,135.93,,,20251200,20260300,20260300
2025-09-26 17:00:00,135.95,,,20251200,20260300,20260300
2025-09-26 18:00:00,135.96,,,20251200,20260300,20260300
2025-09-26 19:00:00,135.98,,,20251200,20260300,20260300
2025-09-26 20:00:00,136.0,,,20251200,20260300,20260300
2025-09-26 23:00:00,135.79,135.3,135.3,20251200,20260300,20260300
2025-09-28 23:45:00,135.95,,,20251200,20260300,20260300
2025-09-29 01:00:00,135.93,,,20251200,20260300,20260300
2025-09-29 03:30:00,135.97,,,20251200,20260300,20260300
2025-09-29 04:00:00,136.02,,,20251200,20260300,20260300
2025-09-29 05:00:00,135.88,,,20251200,20260300,20260300
2025-09-29 06:00:00,135.89,,,20251200,20260300,20260300
2025-09-29 06:30:00,135.96,,,20251200,20260300,20260300
2025-09-29 07:00:00,135.98,,,20251200,20260300,20260300
2025-09-29 08:00:00,135.95,,,20251200,20260300,20260300
2025-09-29 09:00:00,135.96,,,20251200,20260300,20260300
2025-09-29 10:00:00,135.96,,,20251200,20260300,20260300
2025-09-29 11:00:00,135.93,,,20251200,20260300,20260300
2025-09-29 12:00:00,135.91,,,20251200,20260300,20260300
2025-09-29 13:00:00,135.95,,,20251200,20260300,20260300
2025-09-29 14:00:00,135.99,,,20251200,20260300,20260300
2025-09-29 15:00:00,136.01,,,20251200,20260300,20260300
2025-09-29 16:00:00,136.01,,,20251200,20260300,20260300
2025-09-29 17:00:00,135.99,,,20251200,20260300,20260300
2025-09-29 18:00:00,135.99,,,20251200,20260300,20260300
2025-09-29 19:00:00,135.99,,,20251200,20260300,20260300
2025-09-29 20:00:00,135.97,,,20251200,20260300,20260300
2025-09-29 23:00:00,135.9,135.4,135.4,20251200,20260300,20260300
2025-09-29 23:45:00,136.02,,,20251200,20260300,20260300
2025-09-30 01:00:00,135.99,,,20251200,20260300,20260300
2025-09-30 03:30:00,136.01,,,20251200,20260300,20260300
2025-09-30 04:00:00,135.98,,,20251200,20260300,20260300
2025-09-30 05:00:00,135.75,,,20251200,20260300,20260300
2025-09-30 06:00:00,135.76,,,20251200,20260300,20260300
2025-09-30 06:30:00,135.88,,,20251200,20260300,20260300
2025-09-30 07:00:00,135.82,,,20251200,20260300,20260300
2025-09-30 08:00:00,135.79,,,20251200,20260300,20260300
2025-09-30 09:00:00,135.8,,,20251200,20260300,20260300
2025-09-30 10:00:00,135.78,,,20251200,20260300,20260300
2025-09-30 11:00:00,135.77,,,20251200,20260300,20260300
2025-09-30 12:00:00,135.76,,,20251200,20260300,20260300
2025-09-30 13:00:00,135.81,,,20251200,20260300,20260300
2025-09-30 14:00:00,135.86,,,20251200,20260300,20260300
2025-09-30 15:00:00,135.83,,,20251200,20260300,20260300
2025-09-30 16:00:00,135.85,,,20251200,20260300,20260300
2025-09-30 17:00:00,135.83,,,20251200,20260300,20260300
2025-09-30 18:00:00,135.8,,,20251200,20260300,20260300
2025-09-30 19:00:00,135.77,,,20251200,20260300,20260300
2025-09-30 20:00:00,135.76,,,20251200,20260300,20260300
2025-09-30 23:00:00,135.79,135.28,135.28,20251200,20260300,20260300
2025-09-30 23:45:00,135.76,,,20251200,20260300,20260300
2025-10-01 01:00:00,135.88,,,20251200,20260300,20260300
2025-10-01 03:30:00,135.91,,,20251200,20260300,20260300
2025-10-01 04:00:00,135.84,,,20251200,20260300,20260300
2025-10-01 05:00:00,135.78,,,20251200,20260300,20260300
2025-10-01 06:00:00,135.79,,,20251200,20260300,20260300
2025-10-01 06:30:00,135.74,,,20251200,20260300,20260300
2025-10-01 07:00:00,135.76,,,20251200,20260300,20260300
2025-10-01 08:00:00,135.73,,,20251200,20260300,20260300
2025-10-01 09:00:00,135.74,,,20251200,20260300,20260300
2025-10-01 10:00:00,135.75,,,20251200,20260300,20260300
2025-10-01 11:00:00,135.78,,,20251200,20260300,20260300
2025-10-01 12:00:00,135.88,,,20251200,20260300,20260300
2025-10-01 13:00:00,135.89,,,20251200,20260300,20260300
2025-10-01 14:00:00,135.84,,,20251200,20260300,20260300
2025-10-01 15:00:00,135.8,,,20251200,20260300,20260300
2025-10-01 16:00:00,135.8,,,20251200,20260300,20260300
2025-10-01 17:00:00,135.8,,,20251200,20260300,20260300
2025-10-01 18:00:00,135.81,,,20251200,20260300,20260300
2025-10-01 19:00:00,135.81,,,20251200,20260300,20260300
2025-10-01 20:00:00,135.82,,,20251200,20260300,20260300
2025-10-01 23:00:00,135.83,135.28,135.28,20251200,20260300,20260300
2025-10-01 23:45:00,135.86,,,20251200,20260300,20260300
2025-10-02 01:00:00,135.97,,,20251200,20260300,20260300
2025-10-02 03:30:00,135.72,,,20251200,20260300,20260300
2025-10-02 04:00:00,135.76,,,20251200,20260300,20260300
2025-10-02 05:00:00,135.72,,,20251200,20260300,20260300
2025-10-02 06:30:00,135.74,,,20251200,20260300,20260300
2025-10-02 07:00:00,135.76,,,20251200,20260300,20260300
2025-10-02 08:00:00,135.77,,,20251200,20260300,20260300
2025-10-02 09:00:00,135.82,,,20251200,20260300,20260300
2025-10-02 10:00:00,135.79,,,20251200,20260300,20260300
2025-10-02 11:00:00,135.78,,,20251200,20260300,20260300
2025-10-02 12:00:00,135.72,,,20251200,20260300,20260300
2025-10-02 13:00:00,135.74,,,20251200,20260300,20260300
2025-10-02 14:00:00,135.75,,,20251200,20260300,20260300
2025-10-02 15:00:00,135.76,,,20251200,20260300,20260300
2025-10-02 16:00:00,135.81,,,20251200,20260300,20260300
2025-10-02 17:00:00,135.8,,,20251200,20260300,20260300
2025-10-02 18:00:00,135.81,,,20251200,20260300,20260300
2025-10-02 19:00:00,135.82,,,20251200,20260300,20260300
2025-10-02 20:00:00,135.81,,,20251200,20260300,20260300
2025-10-02 23:00:00,135.73,135.23,135.23,20251200,20260300,20260300
2025-10-02 23:45:00,135.82,,,20251200,20260300,20260300
2025-10-03 01:00:00,135.84,,,20251200,20260300,20260300
2025-10-03 03:30:00,135.79,,,20251200,20260300,20260300
2025-10-03 04:00:00,135.79,,,20251200,20260300,20260300
2025-10-03 05:00:00,135.88,,,20251200,20260300,20260300
2025-10-03 06:30:00,135.93,,,20251200,20260300,20260300
2025-10-03 07:00:00,135.93,,,20251200,20260300,20260300
2025-10-03 08:00:00,135.92,,,20251200,20260300,20260300
2025-10-03 09:00:00,135.97,,,20251200,20260300,20260300
2025-10-03 10:00:00,135.96,,,20251200,20260300,20260300
2025-10-03 11:00:00,135.96,,,20251200,20260300,20260300
2025-10-03 12:00:00,135.94,,,20251200,20260300,20260300
2025-10-03 13:00:00,135.93,,,20251200,20260300,20260300
2025-10-03 14:00:00,135.86,,,20251200,20260300,20260300
2025-10-03 15:00:00,135.9,,,20251200,20260300,20260300
2025-10-03 16:00:00,135.89,,,20251200,20260300,20260300
2025-10-03 17:00:00,135.88,,,20251200,20260300,20260300
2025-10-03 18:00:00,135.9,,,20251200,20260300,20260300
2025-10-03 19:00:00,135.88,,,20251200,20260300,20260300
2025-10-03 20:00:00,135.88,,,20251200,20260300,20260300
2025-10-03 23:00:00,135.91,135.41,135.41,20251200,20260300,20260300
2025-10-05 23:45:00,136.06,,,20251200,20260300,20260300
2025-10-06 01:00:00,136.07,,,20251200,20260300,20260300
2025-10-06 03:30:00,135.92,,,20251200,20260300,20260300
2025-10-06 04:00:00,135.93,,,20251200,20260300,20260300
2025-10-06 05:00:00,135.89,,,20251200,20260300,20260300
2025-10-06 06:30:00,135.88,,,20251200,20260300,20260300
2025-10-06 07:00:00,135.78,,,20251200,20260300,20260300
2025-10-06 08:00:00,135.78,,,20251200,20260300,20260300
2025-10-06 09:00:00,135.69,,,20251200,20260300,20260300
2025-10-06 10:00:00,135.73,,,20251200,20260300,20260300
2025-10-06 11:00:00,135.73,,,20251200,20260300,20260300
2025-10-06 12:00:00,135.72,,,20251200,20260300,20260300
2025-10-06 13:00:00,135.72,,,20251200,20260300,20260300
2025-10-06 14:00:00,135.77,,,20251200,20260300,20260300
2025-10-06 15:00:00,135.63,,,20251200,20260300,20260300
2025-10-06 16:00:00,135.63,,,20251200,20260300,20260300
2025-10-06 17:00:00,135.66,,,20251200,20260300,20260300
2025-10-06 18:00:00,135.66,,,20251200,20260300,20260300
2025-10-06 19:00:00,135.62,,,20251200,20260300,20260300
2025-10-06 20:00:00,135.67,,,20251200,20260300,20260300
2025-10-06 23:00:00,135.9,135.38,135.38,20251200,20260300,20260300
2025-10-06 23:45:00,135.68,,,20251200,20260300,20260300
2025-10-07 01:00:00,135.72,,,20251200,20260300,20260300
2025-10-07 03:30:00,135.8,,,20251200,20260300,20260300
2025-10-07 04:00:00,135.88,,,20251200,20260300,20260300
2025-10-07 05:00:00,135.87,,,20251200,20260300,20260300
2025-10-07 06:30:00,135.76,,,20251200,20260300,20260300
2025-10-07 07:00:00,135.79,,,20251200,20260300,20260300
2025-10-07 08:00:00,135.77,,,20251200,20260300,20260300
2025-10-07 09:00:00,135.8,,,20251200,20260300,20260300
2025-10-07 10:00:00,135.76,,,20251200,20260300,20260300
2025-10-07 11:00:00,135.73,,,20251200,20260300,20260300
2025-10-07 12:00:00,135.76,,,20251200,20260300,20260300
2025-10-07 13:00:00,135.79,,,20251200,20260300,20260300
2025-10-07 14:00:00,135.81,,,20251200,20260300,20260300
2025-10-07 15:00:00,135.84,,,20251200,20260300,20260300
2025-10-07 16:00:00,135.82,,,20251200,20260300,20260300
2025-10-07 17:00:00,135.83,,,20251200,20260300,20260300
2025-10-07 18:00:00,135.8,,,20251200,20260300,20260300
2025-10-07 19:00:00,135.78,,,20251200,20260300,20260300
2025-10-07 20:00:00,135.79,,,20251200,20260300,20260300
2025-10-07 23:00:00,135.72,135.33,135.33,20251200,20260300,20260300
2025-10-07 23:45:00,135.73,,,20251200,20260300,20260300
2025-10-08 01:00:00,135.65,,,20251200,20260300,20260300
2025-10-08 02:00:00,135.66,,,20251200,20260300,20260300
2025-10-08 03:30:00,135.71,,,20251200,20260300,20260300
2025-10-08 04:00:00,135.67,,,20251200,20260300,20260300
2025-10-08 05:00:00,135.68,,,20251200,20260300,20260300
2025-10-08 06:30:00,135.73,,,20251200,20260300,20260300
2025-10-08 07:00:00,135.78,,,20251200,20260300,20260300
2025-10-08 08:00:00,135.75,,,20251200,20260300,20260300
2025-10-08 09:00:00,135.72,,,20251200,20260300,20260300
2025-10-08 10:00:00,135.77,,,20251200,20260300,20260300
2025-10-08 11:00:00,135.77,,,20251200,20260300,20260300
2025-10-08 12:00:00,135.73,,,20251200,20260300,20260300
2025-10-08 13:00:00,135.71,,,20251200,20260300,20260300
2025-10-08 14:00:00,135.75,,,20251200,20260300,20260300
2025-10-08 15:00:00,135.74,,,20251200,20260300,20260300
2025-10-08 16:00:00,135.74,,,20251200,20260300,20260300
2025-10-08 17:00:00,135.72,,,20251200,20260300,20260300
2025-10-08 18:00:00,135.72,,,20251200,20260300,20260300
2025-10-08 19:00:00,135.71,,,20251200,20260300,20260300
2025-10-08 20:00:00,135.73,,,20251200,20260300,20260300
2025-10-08 23:00:00,135.69,135.13,135.13,20251200,20260300,20260300
2025-10-08 23:45:00,135.72,,,20251200,20260300,20260300
2025-10-09 01:00:00,135.83,,,20251200,20260300,20260300
2025-10-09 03:30:00,135.78,,,20251200,20260300,20260300
2025-10-09 04:00:00,135.78,,,20251200,20260300,20260300
2025-10-09 05:00:00,135.78,,,20251200,20260300,20260300
2025-10-09 06:30:00,135.79,,,20251200,20260300,20260300
2025-10-09 07:00:00,135.77,,,20251200,20260300,20260300
2025-10-09 08:00:00,135.76,,,20251200,20260300,20260300
2025-10-09 09:00:00,135.77,,,20251200,20260300,20260300
2025-10-09 10:00:00,135.82,,,20251200,20260300,20260300
2025-10-09 11:00:00,135.76,,,20251200,20260300,20260300
2025-10-09 12:00:00,135.75,,,20251200,20260300,20260300
2025-10-09 13:00:00,135.67,,,20251200,20260300,20260300
2025-10-09 14:00:00,135.69,,,20251200,20260300,20260300
2025-10-09 15:00:00,135.69,,,20251200,20260300,20260300
2025-10-09 16:00:00,135.68,,,20251200,20260300,20260300
2025-10-09 17:00:00,135.7,,,20251200,20260300,20260300
2025-10-09 18:00:00,135.69,,,20251200,20260300,20260300
2025-10-09 19:00:00,135.72,,,20251200,20260300,20260300
2025-10-09 20:00:00,135.74,,,20251200,20260300,20260300
2025-10-09 23:00:00,135.78,135.24,135.24,20251200,20260300,20260300
2025-10-09 23:45:00,135.76,,,20251200,20260300,20260300
2025-10-10 01:00:00,135.81,,,20251200,20260300,20260300
2025-10-10 03:30:00,135.79,,,20251200,20260300,20260300
2025-10-10 04:00:00,135.8,,,20251200,20260300,20260300
2025-10-10 23:00:00,135.9,135.36,135.36,20251200,20260300,20260300
2025-10-13 23:45:00,136.22,,,20251200,20260300,20260300
2025-10-14 01:00:00,136.17,,,20251200,20260300,20260300
2025-10-14 03:30:00,136.28,,,20251200,20260300,20260300
2025-10-14 04:00:00,136.37,,,20251200,20260300,20260300
2025-10-14 05:00:00,136.38,,,20251200,20260300,20260300
2025-10-14 06:30:00,136.43,,,20251200,20260300,20260300
2025-10-14 07:00:00,136.44,,,20251200,20260300,20260300
2025-10-14 08:00:00,136.46,,,20251200,20260300,20260300
2025-10-14 09:00:00,136.47,,,20251200,20260300,20260300
2025-10-14 10:00:00,136.5,,,20251200,20260300,20260300
2025-10-14 11:00:00,136.42,,,20251200,20260300,20260300
2025-10-14 12:00:00,136.44,,,20251200,20260300,20260300
2025-10-14 13:00:00,136.39,,,20251200,20260300,20260300
2025-10-14 14:00:00,136.4,,,20251200,20260300,20260300
2025-10-14 15:00:00,136.34,,,20251200,20260300,20260300
2025-10-14 16:00:00,136.4,,,20251200,20260300,20260300
2025-10-14 17:00:00,136.38,,,20251200,20260300,20260300
2025-10-14 18:00:00,136.43,,,20251200,20260300,20260300
2025-10-14 19:00:00,136.44,,,20251200,20260300,20260300
2025-10-14 20:00:00,136.41,,,20251200,20260300,20260300
2025-10-14 23:00:00,136.12,135.8,135.8,20251200,20260300,20260300
2025-10-14 23:45:00,136.26,,,20251200,20260300,20260300
2025-10-15 01:00:00,136.32,,,20251200,20260300,20260300
2025-10-15 03:30:00,136.37,,,20251200,20260300,20260300
2025-10-15 04:00:00,136.36,,,20251200,20260300,20260300
2025-10-15 05:00:00,136.35,,,20251200,20260300,20260300
2025-10-15 06:30:00,136.35,,,20251200,20260300,20260300
2025-10-15 07:00:00,136.34,,,20251200,20260300,20260300
2025-10-15 08:00:00,136.26,,,20251200,20260300,20260300
2025-10-15 09:00:00,136.25,,,20251200,20260300,20260300
2025-10-15 10:00:00,136.22,,,20251200,20260300,20260300
2025-10-15 11:00:00,136.24,,,20251200,20260300,20260300
2025-10-15 12:00:00,136.24,,,20251200,20260300,20260300
2025-10-15 13:00:00,136.28,,,20251200,20260300,20260300
2025-10-15 14:00:00,136.29,,,20251200,20260300,20260300
2025-10-15 15:00:00,136.28,,,20251200,20260300,20260300
2025-10-15 16:00:00,136.24,,,20251200,20260300,20260300
2025-10-15 17:00:00,136.22,,,20251200,20260300,20260300
2025-10-15 18:00:00,136.23,,,20251200,20260300,20260300
2025-10-15 19:00:00,136.24,,,20251200,20260300,20260300
2025-10-15 20:00:00,136.24,,,20251200,20260300,20260300
2025-10-15 23:00:00,136.35,135.84,135.84,20251200,20260300,20260300
2025-10-15 23:45:00,136.15,,,20251200,20260300,20260300
2025-10-16 01:00:00,136.22,,,20251200,20260300,20260300
2025-10-16 03:30:00,136.17,,,20251200,20260300,20260300
2025-10-16 04:00:00,136.17,,,20251200,20260300,20260300
2025-10-16 05:00:00,136.17,,,20251200,20260300,20260300
2025-10-16 06:30:00,136.06,,,20251200,20260300,20260300
2025-10-16 07:00:00,136.07,,,20251200,20260300,20260300
2025-10-16 08:00:00,136.1,,,20251200,20260300,20260300
2025-10-16 09:00:00,136.07,,,20251200,20260300,20260300
2025-10-16 10:00:00,136.07,,,20251200,20260300,20260300
2025-10-16 11:00:00,136.06,,,20251200,20260300,20260300
2025-10-16 12:00:00,136.09,,,20251200,20260300,20260300
2025-10-16 13:00:00,136.05,,,20251200,20260300,20260300
2025-10-16 14:00:00,136.06,,,20251200,20260300,20260300
2025-10-16 15:00:00,136.1,,,20251200,20260300,20260300
2025-10-16 16:00:00,136.26,,,20251200,20260300,20260300
2025-10-16 17:00:00,136.28,,,20251200,20260300,20260300
2025-10-16 18:00:00,136.32,,,20251200,20260300,20260300
2025-10-16 19:00:00,136.29,,,20251200,20260300,20260300
2025-10-16 20:00:00,136.29,,,20251200,20260300,20260300
2025-10-16 23:00:00,136.11,135.62,135.62,20251200,20260300,20260300
2025-10-16 23:45:00,136.39,,,20251200,20260300,20260300
2025-10-17 01:00:00,136.47,,,20251200,20260300,20260300
2025-10-17 03:30:00,136.6,,,20251200,20260300,20260300
2025-10-17 04:00:00,136.54,,,20251200,20260300,20260300
2025-10-17 05:00:00,136.51,,,20251200,20260300,20260300
2025-10-17 06:30:00,136.49,,,20251200,20260300,20260300
2025-10-17 07:00:00,136.41,,,20251200,20260300,20260300
2025-10-17 08:00:00,136.41,,,20251200,20260300,20260300
2025-10-17 09:00:00,136.41,,,20251200,20260300,20260300
2025-10-17 10:00:00,136.33,,,20251200,20260300,20260300
2025-10-17 11:00:00,136.22,,,20251200,20260300,20260300
2025-10-17 12:00:00,136.2,,,20251200,20260300,20260300
2025-10-17 13:00:00,136.15,,,20251200,20260300,20260300
2025-10-17 14:00:00,136.22,,,20251200,20260300,20260300
2025-10-17 15:00:00,136.23,,,20251200,20260300,20260300
2025-10-17 16:00:00,136.19,,,20251200,20260300,20260300
2025-10-17 17:00:00,136.2,,,20251200,20260300,20260300
2025-10-17 18:00:00,136.18,,,20251200,20260300,20260300
2025-10-17 19:00:00,136.2,,,20251200,20260300,20260300
2025-10-17 20:00:00,136.2,,,20251200,20260300,20260300
2025-10-17 23:00:00,136.48,135.97,135.97,20251200,20260300,20260300
2025-10-19 23:45:00,136.15,,,20251200,20260300,20260300
2025-10-20 01:00:00,136.05,,,20251200,20260300,20260300
2025-10-20 03:30:00,135.97,,,20251200,20260300,20260300
2025-10-20 04:00:00,135.99,,,20251200,20260300,20260300
2025-10-20 05:00:00,135.9,,,20251200,20260300,20260300
2025-10-20 06:00:00,135.91,,,20251200,20260300,20260300
2025-10-20 06:30:00,135.91,,,20251200,20260300,20260300
2025-10-20 07:00:00,135.91,,,20251200,20260300,20260300
2025-10-20 08:00:00,135.94,,,20251200,20260300,20260300
2025-10-20 09:00:00,135.95,,,20251200,20260300,20260300
2025-10-20 10:00:00,135.97,,,20251200,20260300,20260300
2025-10-20 11:00:00,135.97,,,20251200,20260300,20260300
2025-10-20 12:00:00,136.03,,,20251200,20260300,20260300
2025-10-20 13:00:00,135.99,,,20251200,20260300,20260300
2025-10-20 14:00:00,136.01,,,20251200,20260300,20260300
2025-10-20 15:00:00,136.03,,,20251200,20260300,20260300
2025-10-20 16:00:00,136.01,,,20251200,20260300,20260300
2025-10-20 17:00:00,136.0,,,20251200,20260300,20260300
2025-10-20 18:00:00,136.01,,,20251200,20260300,20260300
2025-10-20 19:00:00,136.03,,,20251200,20260300,20260300
2025-10-20 20:00:00,136.02,,,20251200,20260300,20260300
2025-10-20 23:00:00,136.15,135.4,135.4,20251200,20260300,20260300
2025-10-20 23:45:00,136.05,,,20251200,20260300,20260300
2025-10-21 01:00:00,136.03,,,20251200,20260300,20260300
2025-10-21 03:30:00,136.07,,,20251200,20260300,20260300
2025-10-21 04:00:00,136.16,,,20251200,20260300,20260300
2025-10-21 05:00:00,136.16,,,20251200,20260300,20260300
2025-10-21 06:00:00,136.16,,,20251200,20260300,20260300
2025-10-21 06:30:00,136.17,,,20251200,20260300,20260300
2025-10-21 07:00:00,136.09,,,20251200,20260300,20260300
2025-10-21 08:00:00,136.06,,,20251200,20260300,20260300
2025-10-21 09:00:00,136.03,,,20251200,20260300,20260300
2025-10-21 10:00:00,135.96,,,20251200,20260300,20260300
2025-10-21 11:00:00,135.98,,,20251200,20260300,20260300
2025-10-21 12:00:00,136.05,,,20251200,20260300,20260300
2025-10-21 13:00:00,136.08,,,20251200,20260300,20260300
2025-10-21 14:00:00,136.08,,,20251200,20260300,20260300
2025-10-21 15:00:00,136.07,,,20251200,20260300,20260300
2025-10-21 16:00:00,136.09,,,20251200,20260300,20260300
2025-10-21 17:00:00,136.07,,,20251200,20260300,20260300
2025-10-21 18:00:00,136.07,,,20251200,20260300,20260300
2025-10-21 19:00:00,136.06,,,20251200,20260300,20260300
2025-10-21 20:00:00,136.04,,,20251200,20260300,20260300
2025-10-21 23:00:00,136.05,135.59,135.59,20251200,20260300,20260300
2025-10-21 23:45:00,135.99,,,20251200,20260300,20260300
2025-10-22 01:00:00,136.11,,,20251200,20260300,20260300
2025-10-22 03:30:00,136.15,,,20251200,20260300,20260300
2025-10-22 04:00:00,136.19,,,20251200,20260300,20260300
2025-10-22 05:00:00,136.15,,,20251200,20260300,20260300
2025-10-22 06:30:00,136.18,,,20251200,20260300,20260300
2025-10-22 07:00:00,136.25,,,20251200,20260300,20260300
2025-10-22 08:00:00,136.21,,,20251200,20260300,20260300
2025-10-22 09:00:00,136.24,,,20251200,20260300,20260300
2025-10-22 10:00:00,136.24,,,20251200,20260300,20260300
2025-10-22 11:00:00,136.29,,,20251200,20260300,20260300
2025-10-22 12:00:00,136.24,,,20251200,20260300,20260300
2025-10-22 13:00:00,136.23,,,20251200,20260300,20260300
2025-10-22 14:00:00,136.21,,,20251200,20260300,20260300
2025-10-22 15:00:00,136.25,,,20251200,20260300,20260300
2025-10-22 16:00:00,136.27,,,20251200,20260300,20260300
2025-10-22 17:00:00,136.28,,,20251200,20260300,20260300
2025-10-22 18:00:00,136.28,,,20251200,20260300,20260300
2025-10-22 19:00:00,136.27,,,20251200,20260300,20260300
2025-10-22 20:00:00,136.27,,,20251200,20260300,20260300
2025-10-22 23:00:00,136.16,135.61,135.61,20251200,20260300,20260300
2025-10-22 23:45:00,136.26,,,20251200,20260300,20260300
2025-10-23 01:00:00,136.18,,,20251200,20260300,20260300
2025-10-23 03:30:00,136.2,,,20251200,20260300,20260300
2025-10-23 04:00:00,136.16,,,20251200,20260300,20260300
2025-10-23 05:00:00,136.16,,,20251200,20260300,20260300
2025-10-23 06:00:00,136.16,,,20251200,20260300,20260300
2025-10-23 06:30:00,136.1,,,20251200,20260300,20260300
2025-10-23 07:00:00,136.03,,,20251200,20260300,20260300
2025-10-23 08:00:00,136.05,,,20251200,20260300,20260300
2025-10-23 09:00:00,136.04,,,20251200,20260300,20260300
2025-10-23 10:00:00,135.99,,,20251200,20260300,20260300
2025-10-23 11:00:00,135.99,,,20251200,20260300,20260300
2025-10-23 12:00:00,136.02,,,20251200,20260300,20260300
2025-10-23 13:00:00,136.01,,,20251200,20260300,20260300
2025-10-23 14:00:00,136.03,,,20251200,20260300,20260300
2025-10-23 15:00:00,136.01,,,20251200,20260300,20260300
2025-10-23 16:00:00,136.01,,,20251200,20260300,20260300
2025-10-23 17:00:00,136.06,,,20251200,20260300,20260300
2025-10-23 18:00:00,136.09,,,20251200,20260300,20260300
2025-10-23 19:00:00,136.04,,,20251200,20260300,20260300
2025-10-23 20:00:00,136.04,,,20251200,20260300,20260300
2025-10-23 23:00:00,136.1,135.57,135.57,20251200,20260300,20260300
2025-10-23 23:45:00,135.99,135.01,135.01,20251200,20260300,20260300
2025-10-24 01:00:00,136.11,,,20251200,20260300,20260300
2025-10-24 02:00:00,136.1,,,20251200,20260300,20260300
2025-10-24 03:30:00,136.1,,,20251200,20260300,20260300
2025-10-24 04:00:00,136.14,,,20251200,20260300,20260300
2025-10-24 05:00:00,136.13,,,20251200,20260300,20260300
2025-10-24 06:00:00,136.14,,,20251200,20260300,20260300
2025-10-24 06:30:00,136.14,,,20251200,20260300,20260300
2025-10-24 07:00:00,136.16,,,20251200,20260300,20260300
2025-10-24 08:00:00,136.12,,,20251200,20260300,20260300
2025-10-24 09:00:00,136.11,,,20251200,20260300,20260300
2025-10-24 10:00:00,136.1,,,20251200,20260300,20260300
2025-10-24 11:00:00,136.1,,,20251200,20260300,20260300
2025-10-24 12:00:00,136.13,,,20251200,20260300,20260300
2025-10-24 13:00:00,136.08,,,20251200,20260300,20260300
2025-10-24 14:00:00,136.1,,,20251200,20260300,20260300
2025-10-24 15:00:00,136.06,,,20251200,20260300,20260300
2025-10-24 16:00:00,136.07,,,20251200,20260300,20260300
2025-10-24 17:00:00,136.08,,,20251200,20260300,20260300
2025-10-24 18:00:00,136.06,,,20251200,20260300,20260300
2025-10-24 19:00:00,136.05,,,20251200,20260300,20260300
2025-10-24 20:00:00,136.03,,,20251200,20260300,20260300
2025-10-24 23:00:00,136.14,135.54,135.54,20251200,20260300,20260300
2025-10-26 23:45:00,135.97,,,20251200,20260300,20260300
2025-10-27 01:00:00,135.97,,,20251200,20260300,20260300
2025-10-27 03:30:00,135.98,,,20251200,20260300,20260300
2025-10-27 04:00:00,135.95,,,20251200,20260300,20260300
2025-10-27 05:00:00,135.95,,,20251200,20260300,20260300
2025-10-27 06:00:00,135.96,,,20251200,20260300,20260300
2025-10-27 06:30:00,135.91,,,20251200,20260300,20260300
2025-10-27 07:00:00,135.96,,,20251200,20260300,20260300
2025-10-27 08:00:00,136.0,,,20251200,20260300,20260300
2025-10-27 09:00:00,136.0,,,20251200,20260300,20260300
2025-10-27 10:00:00,136.01,,,20251200,20260300,20260300
2025-10-27 11:00:00,136.01,,,20251200,20260300,20260300
2025-10-27 12:00:00,136.02,,,20251200,20260300,20260300
2025-10-27 13:00:00,135.99,,,20251200,20260300,20260300
2025-10-27 14:00:00,136.02,,,20251200,20260300,20260300
2025-10-27 15:00:00,136.05,,,20251200,20260300,20260300
2025-10-27 16:00:00,136.09,,,20251200,20260300,20260300
2025-10-27 17:00:00,136.1,,,20251200,20260300,20260300
2025-10-27 18:00:00,136.11,,,20251200,20260300,20260300
2025-10-27 19:00:00,136.1,,,20251200,20260300,20260300
2025-10-27 20:00:00,136.13,,,20251200,20260300,20260300
2025-10-27 23:00:00,136.0,135.36,135.36,20251200,20260300,20260300
2025-10-27 23:45:00,136.09,,,20251200,20260300,20260300
2025-10-28 01:00:00,136.11,,,20251200,20260300,20260300
2025-10-28 03:30:00,136.12,,,20251200,20260300,20260300
2025-10-28 04:00:00,136.16,,,20251200,20260300,20260300
2025-10-28 05:00:00,136.2,,,20251200,20260300,20260300
2025-10-28 06:30:00,136.2,,,20251200,20260300,20260300
2025-10-28 07:00:00,136.21,,,20251200,20260300,20260300
2025-10-28 08:00:00,136.3,,,20251200,20260300,20260300
2025-10-28 09:00:00,136.33,,,20251200,20260300,20260300
2025-10-28 10:00:00,136.29,,,20251200,20260300,20260300
2025-10-28 11:00:00,136.26,,,20251200,20260300,20260300
2025-10-28 12:00:00,136.24,,,20251200,20260300,20260300
2025-10-28 13:00:00,136.25,,,20251200,20260300,20260300
2025-10-28 14:00:00,136.26,,,20251200,20260300,20260300
2025-10-28 15:00:00,136.28,,,20251200,20260300,20260300
2025-10-28 16:00:00,136.24,,,20251200,20260300,20260300
2025-10-28 17:00:00,136.24,,,20251200,20260300,20260300
2025-10-28 18:00:00,136.24,,,20251200,20260300,20260300
2025-10-28 19:00:00,136.25,,,20251200,20260300,20260300
2025-10-28 20:00:00,136.25,,,20251200,20260300,20260300
2025-10-28 23:00:00,136.12,135.62,135.62,20251200,20260300,20260300
2025-10-28 23:45:00,136.11,,,20251200,20260300,20260300
2025-10-29 01:00:00,136.06,,,20251200,20260300,20260300
2025-10-29 02:00:00,136.06,,,20251200,20260300,20260300
2025-10-29 03:30:00,136.13,,,20251200,20260300,20260300
2025-10-29 04:00:00,136.12,,,20251200,20260300,20260300
2025-10-29 05:00:00,136.11,,,20251200,20260300,20260300
2025-10-29 06:30:00,136.13,,,20251200,20260300,20260300
2025-10-29 07:00:00,136.13,,,20251200,20260300,20260300
2025-10-29 08:00:00,136.14,,,20251200,20260300,20260300
2025-10-29 09:00:00,136.11,,,20251200,20260300,20260300
2025-10-29 10:00:00,136.11,,,20251200,20260300,20260300
2025-10-29 11:00:00,136.08,,,20251200,20260300,20260300
2025-10-29 12:00:00,136.08,,,20251200,20260300,20260300
2025-10-29 13:00:00,136.07,,,20251200,20260300,20260300
2025-10-29 14:00:00,136.07,,,20251200,20260300,20260300
2025-10-29 15:00:00,136.06,,,20251200,20260300,20260300
2025-10-29 16:00:00,136.08,,,20251200,20260300,20260300
2025-10-29 17:00:00,136.06,,,20251200,20260300,20260300
2025-10-29 18:00:00,135.95,,,20251200,20260300,20260300
2025-10-29 19:00:00,135.87,,,20251200,20260300,20260300
2025-10-29 20:00:00,135.81,,,20251200,20260300,20260300
2025-10-29 23:00:00,136.04,135.53,135.53,20251200,20260300,20260300
2025-10-29 23:45:00,135.92,,,20251200,20260300,20260300
2025-10-30 01:00:00,135.87,,,20251200,20260300,20260300
2025-10-30 03:30:00,135.98,,,20251200,20260300,20260300
2025-10-30 04:00:00,136.2,,,20251200,20260300,20260300
2025-10-30 05:00:00,136.2,,,20251200,20260300,20260300
2025-10-30 06:30:00,136.19,,,20251200,20260300,20260300
2025-10-30 07:00:00,136.17,,,20251200,20260300,20260300
2025-10-30 08:00:00,136.18,,,20251200,20260300,20260300
2025-10-30 09:00:00,136.16,,,20251200,20260300,20260300
2025-10-30 10:00:00,136.13,,,20251200,20260300,20260300
2025-10-30 11:00:00,136.11,,,20251200,20260300,20260300
2025-10-30 12:00:00,136.1,,,20251200,20260300,20260300
2025-10-30 13:00:00,136.13,,,20251200,20260300,20260300
2025-10-30 14:00:00,136.16,,,20251200,20260300,20260300
2025-10-30 15:00:00,136.15,,,20251200,20260300,20260300
2025-10-30 16:00:00,136.13,,,20251200,20260300,20260300
2025-10-30 17:00:00,136.15,,,20251200,20260300,20260300
2025-10-30 18:00:00,136.16,,,20251200,20260300,20260300
2025-10-30 19:00:00,136.16,,,20251200,20260300,20260300
2025-10-30 20:00:00,136.17,,,20251200,20260300,20260300
2025-10-30 23:00:00,135.91,135.61,135.61,20251200,20260300,20260300
2025-10-30 23:45:00,136.06,,,20251200,20260300,20260300
2025-10-31 01:00:00,136.15,,,20251200,20260300,20260300
2025-10-31 03:30:00,136.16,,,20251200,20260300,20260300
2025-10-31 04:00:00,136.12,,,20251200,20260300,20260300
2025-10-31 05:00:00,136.05,,,20251200,20260300,20260300
2025-10-31 06:00:00,136.05,,,20251200,20260300,20260300
2025-10-31 06:30:00,136.02,,,20251200,20260300,20260300
2025-10-31 07:00:00,135.94,,,20251200,20260300,20260300
2025-10-31 08:00:00,136.01,,,20251200,20260300,20260300
2025-10-31 09:00:00,136.03,,,20251200,20260300,20260300
2025-10-31 10:00:00,136.0,,,20251200,20260300,20260300
2025-10-31 11:00:00,136.02,,,20251200,20260300,20260300
2025-10-31 12:00:00,136.02,,,20251200,20260300,20260300
2025-10-31 13:00:00,135.95,,,20251200,20260300,20260300
2025-10-31 14:00:00,135.96,,,20251200,20260300,20260300
2025-10-31 15:00:00,135.95,,,20251200,20260300,20260300
2025-10-31 16:00:00,135.98,,,20251200,20260300,20260300
2025-10-31 17:00:00,135.98,,,20251200,20260300,20260300
2025-10-31 18:00:00,135.97,,,20251200,20260300,20260300
2025-10-31 19:00:00,135.97,,,20251200,20260300,20260300
2025-10-31 20:00:00,135.96,,,20251200,20260300,20260300
2025-10-31 23:00:00,136.14,135.44,135.44,20251200,20260300,20260300
2025-11-03 23:45:00,135.91,135.44,135.44,20251200,20260300,20260300
2025-11-04 01:00:00,135.89,,,20251200,20260300,20260300
2025-11-04 03:30:00,135.84,,,20251200,20260300,20260300
2025-11-04 04:00:00,135.83,,,20251200,20260300,20260300
2025-11-04 05:00:00,135.87,,,20251200,20260300,20260300
2025-11-04 06:30:00,135.92,,,20251200,20260300,20260300
2025-11-04 07:00:00,135.93,,,20251200,20260300,20260300
2025-11-04 08:00:00,135.92,,,20251200,20260300,20260300
2025-11-04 09:00:00,135.95,,,20251200,20260300,20260300
2025-11-04 10:00:00,135.92,,,20251200,20260300,20260300
2025-11-04 11:00:00,135.92,,,20251200,20260300,20260300
2025-11-04 12:00:00,135.9,,,20251200,20260300,20260300
2025-11-04 13:00:00,135.91,,,20251200,20260300,20260300
2025-11-04 14:00:00,135.91,,,20251200,20260300,20260300
2025-11-04 15:00:00,135.94,,,20251200,20260300,20260300
2025-11-04 16:00:00,135.91,,,20251200,20260300,20260300
2025-11-04 17:00:00,135.9,,,20251200,20260300,20260300
2025-11-04 18:00:00,135.93,,,20251200,20260300,20260300
2025-11-04 19:00:00,135.94,,,20251200,20260300,20260300
2025-11-04 20:00:00,135.92,,,20251200,20260300,20260300
2025-11-04 23:00:00,135.87,135.27,135.27,20251200,20260300,20260300
2025-11-04 23:45:00,135.97,,,20251200,20260300,20260300
2025-11-05 01:00:00,136.11,,,20251200,20260300,20260300
2025-11-05 03:30:00,136.02,,,20251200,20260300,20260300
2025-11-05 04:00:00,136.05,,,20251200,20260300,20260300
2025-11-05 05:00:00,136.08,,,20251200,20260300,20260300
2025-11-05 06:00:00,136.08,,,20251200,20260300,20260300
2025-11-05 06:30:00,136.06,,,20251200,20260300,20260300
2025-11-05 07:00:00,136.11,,,20251200,20260300,20260300
2025-11-05 08:00:00,136.07,,,20251200,20260300,20260300
2025-11-05 09:00:00,136.08,,,20251200,20260300,20260300
2025-11-05 10:00:00,136.05,,,20251200,20260300,20260300
2025-11-05 11:00:00,136.06,,,20251200,20260300,20260300
2025-11-05 12:00:00,136.07,,,20251200,20260300,20260300
2025-11-05 13:00:00,135.96,,,20251200,20260300,20260300
2025-11-05 14:00:00,135.95,,,20251200,20260300,20260300
2025-11-05 15:00:00,135.89,,,20251200,20260300,20260300
2025-11-05 16:00:00,135.84,,,20251200,20260300,20260300
2025-11-05 17:00:00,135.85,,,20251200,20260300,20260300
2025-11-05 18:00:00,135.85,,,20251200,20260300,20260300
2025-11-05 19:00:00,135.85,,,20251200,20260300,20260300
2025-11-05 20:00:00,135.84,,,20251200,20260300,20260300
2025-11-05 23:00:00,136.05,135.5,135.5,20251200,20260300,20260300
2025-11-05 23:45:00,135.91,,,20251200,20260300,20260300
2025-11-06 01:00:00,136.01,,,20251200,20260300,20260300
2025-11-06 03:30:00,135.96,,,20251200,20260300,20260300
2025-11-06 04:00:00,135.94,,,20251200,20260300,20260300
2025-11-06 05:00:00,135.93,,,20251200,20260300,20260300
2025-11-06 06:30:00,135.86,,,20251200,20260300,20260300
2025-11-06 07:00:00,135.88,,,20251200,20260300,20260300
2025-11-06 08:00:00,135.91,,,20251200,20260300,20260300
2025-11-06 09:00:00,135.89,,,20251200,20260300,20260300
2025-11-06 10:00:00,135.9,,,20251200,20260300,20260300
2025-11-06 11:00:00,135.91,,,20251200,20260300,20260300
2025-11-06 12:00:00,135.91,,,20251200,20260300,20260300
2025-11-06 13:00:00,135.95,,,20251200,20260300,20260300
2025-11-06 14:00:00,136.02,,,20251200,20260300,20260300
2025-11-06 15:00:00,136.08,,,20251200,20260300,20260300
2025-11-06 16:00:00,136.13,,,20251200,20260300,20260300
2025-11-06 17:00:00,136.09,,,20251200,20260300,20260300
2025-11-06 18:00:00,136.11,,,20251200,20260300,20260300
2025-11-06 19:00:00,136.09,,,20251200,20260300,20260300
2025-11-06 20:00:00,136.08,,,20251200,20260300,20260300
2025-11-06 23:00:00,135.97,135.29,135.29,20251200,20260300,20260300
2025-11-06 23:45:00,136.05,,,20251200,20260300,20260300
2025-11-07 01:00:00,135.99,,,20251200,20260300,20260300
2025-11-07 03:30:00,135.92,,,20251200,20260300,20260300
2025-11-07 04:00:00,135.88,,,20251200,20260300,20260300
2025-11-07 05:00:00,135.86,,,20251200,20260300,20260300
2025-11-07 06:30:00,135.87,,,20251200,20260300,20260300
2025-11-07 07:00:00,135.85,,,20251200,20260300,20260300
2025-11-07 08:00:00,135.84,,,20251200,20260300,20260300
2025-11-07 09:00:00,135.85,,,20251200,20260300,20260300
2025-11-07 10:00:00,135.85,,,20251200,20260300,20260300
2025-11-07 11:00:00,135.93,,,20251200,20260300,20260300
2025-11-07 12:00:00,135.96,,,20251200,20260300,20260300
2025-11-07 13:00:00,135.9,,,20251200,20260300,20260300
2025-11-07 14:00:00,135.89,,,20251200,20260300,20260300
2025-11-07 15:00:00,135.96,,,20251200,20260300,20260300
2025-11-07 16:00:00,135.99,,,20251200,20260300,20260300
2025-11-07 17:00:00,135.94,,,20251200,20260300,20260300
2025-11-07 18:00:00,135.93,,,20251200,20260300,20260300
2025-11-07 19:00:00,135.9,,,20251200,20260300,20260300
2025-11-07 20:00:00,135.9,,,20251200,20260300,20260300
2025-11-07 23:00:00,135.96,135.26,135.26,20251200,20260300,20260300
2025-11-09 23:45:00,135.68,,,20251200,20260300,20260300
2025-11-10 01:00:00,135.73,,,20251200,20260300,20260300
2025-11-10 03:30:00,135.67,,,20251200,20260300,20260300
2025-11-10 04:00:00,135.67,,,20251200,20260300,20260300
2025-11-10 05:00:00,135.62,,,20251200,20260300,20260300
2025-11-10 06:30:00,135.6,,,20251200,20260300,20260300
2025-11-10 07:00:00,135.59,,,20251200,20260300,20260300
2025-11-10 08:00:00,135.64,,,20251200,20260300,20260300
2025-11-10 09:00:00,135.69,,,20251200,20260300,20260300
2025-11-10 10:00:00,135.72,,,20251200,20260300,20260300
2025-11-10 11:00:00,135.72,,,20251200,20260300,20260300
2025-11-10 12:00:00,135.72,,,20251200,20260300,20260300
2025-11-10 13:00:00,135.73,,,20251200,20260300,20260300
2025-11-10 14:00:00,135.77,,,20251200,20260300,20260300
2025-11-10 15:00:00,135.76,,,20251200,20260300,20260300
2025-11-10 16:00:00,135.73,,,20251200,20260300,20260300
2025-11-10 17:00:00,135.72,,,20251200,20260300,20260300
2025-11-10 18:00:00,135.7,,,20251200,20260300,20260300
2025-11-10 19:00:00,135.7,,,20251200,20260300,20260300
2025-11-10 20:00:00,135.68,,,20251200,20260300,20260300
2025-11-10 23:00:00,135.69,135.03,135.03,20251200,20260300,20260300
2025-11-10 23:45:00,135.73,,,20251200,20260300,20260300
2025-11-11 01:00:00,135.73,,,20251200,20260300,20260300
2025-11-11 02:00:00,135.72,,,20251200,20260300,20260300
2025-11-11 03:30:00,135.78,,,20251200,20260300,20260300
2025-11-11 04:00:00,135.82,,,20251200,20260300,20260300
2025-11-11 05:00:00,135.79,,,20251200,20260300,20260300
2025-11-11 06:30:00,135.79,,,20251200,20260300,20260300
2025-11-11 07:00:00,135.82,,,20251200,20260300,20260300
2025-11-11 08:00:00,135.77,,,20251200,20260300,20260300
2025-11-11 09:00:00,135.8,,,20251200,20260300,20260300
2025-11-11 10:00:00,135.79,,,20251200,20260300,20260300
2025-11-11 11:00:00,135.81,,,20251200,20260300,20260300
2025-11-11 12:00:00,135.81,,,20251200,20260300,20260300
2025-11-11 13:00:00,135.88,,,20251200,20260300,20260300
2025-11-11 14:00:00,135.86,,,20251200,20260300,20260300
2025-11-11 15:00:00,135.9,,,20251200,20260300,20260300
2025-11-11 16:00:00,135.88,,,20251200,20260300,20260300
2025-11-11 17:00:00,135.88,,,20251200,20260300,20260300
2025-11-11 18:00:00,135.88,,,20251200,20260300,20260300
2025-11-11 19:00:00,135.88,,,20251200,20260300,20260300
2025-11-11 20:00:00,135.88,,,20251200,20260300,20260300
2025-11-11 23:00:00,135.8,135.2,135.2,20251200,20260300,20260300
2025-11-11 23:45:00,135.88,,,20251200,20260300,20260300
2025-11-12 01:00:00,135.84,,,20251200,20260300,20260300
2025-11-12 03:30:00,135.89,,,20251200,20260300,20260300
2025-11-12 04:00:00,135.92,,,20251200,20260300,20260300
2025-11-12 05:00:00,135.87,,,20251200,20260300,20260300
2025-11-12 06:30:00,135.85,,,20251200,20260300,20260300
2025-11-12 07:00:00,135.85,,,20251200,20260300,20260300
2025-11-12 08:00:00,135.82,135.22,135.22,20251200,20260300,20260300
2025-11-12 09:00:00,135.82,,,20251200,20260300,20260300
2025-11-12 10:00:00,135.84,,,20251200,20260300,20260300
2025-11-12 11:00:00,135.84,,,20251200,20260300,20260300
2025-11-12 12:00:00,135.85,,,20251200,20260300,20260300
2025-11-12 13:00:00,135.84,,,20251200,20260300,20260300
2025-11-12 14:00:00,135.9,,,20251200,20260300,20260300
2025-11-12 15:00:00,135.9,,,20251200,20260300,20260300
2025-11-12 16:00:00,135.91,,,20251200,20260300,20260300
2025-11-12 17:00:00,135.9,,,20251200,20260300,20260300
2025-11-12 18:00:00,135.88,,,20251200,20260300,20260300
2025-11-12 19:00:00,135.86,,,20251200,20260300,20260300
2025-11-12 20:00:00,135.87,,,20251200,20260300,20260300
2025-11-12 23:00:00,135.86,135.26,135.26,20251200,20260300,20260300
2025-11-12 23:45:00,135.94,,,20251200,20260300,20260300
2025-11-13 01:00:00,135.86,,,20251200,20260300,20260300
2025-11-13 03:30:00,135.9,,,20251200,20260300,20260300
2025-11-13 04:00:00,135.94,,,20251200,20260300,20260300
2025-11-13 05:00:00,135.87,,,20251200,20260300,20260300
2025-11-13 06:30:00,135.83,,,20251200,20260300,20260300
2025-11-13 07:00:00,135.84,,,20251200,20260300,20260300
2025-11-13 08:00:00,135.91,,,20251200,20260300,20260300
2025-11-13 09:00:00,135.92,,,20251200,20260300,20260300
2025-11-13 10:00:00,135.88,,,20251200,20260300,20260300
2025-11-13 11:00:00,135.85,,,20251200,20260300,20260300
2025-11-13 12:00:00,135.87,,,20251200,20260300,20260300
2025-11-13 13:00:00,135.82,,,20251200,20260300,20260300
2025-11-13 14:00:00,135.81,,,20251200,20260300,20260300
2025-11-13 15:00:00,135.81,,,20251200,20260300,20260300
2025-11-13 16:00:00,135.81,,,20251200,20260300,20260300
2025-11-13 17:00:00,135.81,,,20251200,20260300,20260300
2025-11-13 18:00:00,135.81,,,20251200,20260300,20260300
2025-11-13 19:00:00,135.8,,,20251200,20260300,20260300
2025-11-13 20:00:00,135.78,,,20251200,20260300,20260300
2025-11-13 23:00:00,135.88,135.24,135.24,20251200,20260300,20260300
2025-11-13 23:45:00,135.84,,,20251200,20260300,20260300
2025-11-14 01:00:00,135.8,,,20251200,20260300,20260300
2025-11-14 03:30:00,135.81,,,20251200,20260300,20260300
2025-11-14 04:00:00,135.82,,,20251200,20260300,20260300
2025-11-14 05:00:00,135.86,,,20251200,20260300,20260300
2025-11-14 06:00:00,135.85,,,20251200,20260300,20260300
2025-11-14 06:30:00,135.81,,,20251200,20260300,20260300
2025-11-14 07:00:00,135.79,,,20251200,20260300,20260300
2025-11-14 08:00:00,135.79,,,20251200,20260300,20260300
2025-11-14 09:00:00,135.8,,,20251200,20260300,20260300
2025-11-14 10:00:00,135.82,,,20251200,20260300,20260300
2025-11-14 11:00:00,135.83,,,20251200,20260300,20260300
2025-11-14 12:00:00,136.0,,,20251200,20260300,20260300
2025-11-14 13:00:00,136.05,,,20251200,20260300,20260300
2025-11-14 14:00:00,135.97,,,20251200,20260300,20260300
2025-11-14 15:00:00,135.92,,,20251200,20260300,20260300
2025-11-14 16:00:00,135.86,,,20251200,20260300,20260300
2025-11-14 17:00:00,135.86,,,20251200,20260300,20260300
2025-11-14 18:00:00,135.87,,,20251200,20260300,20260300
2025-11-14 19:00:00,135.81,,,20251200,20260300,20260300
2025-11-14 20:00:00,135.8,,,20251200,20260300,20260300
2025-11-14 23:00:00,135.81,135.26,135.26,20251200,20260300,20260300
2025-11-16 23:45:00,135.75,,,20251200,20260300,20260300
2025-11-17 01:00:00,135.76,,,20251200,20260300,20260300
2025-11-17 03:30:00,135.72,,,20251200,20260300,20260300
2025-11-17 04:00:00,135.69,,,20251200,20260300,20260300
2025-11-17 05:00:00,135.73,,,20251200,20260300,20260300
2025-11-17 06:30:00,135.77,,,20251200,20260300,20260300
2025-11-17 07:00:00,135.71,,,20251200,20260300,20260300
2025-11-17 08:00:00,135.75,,,20251200,20260300,20260300
2025-11-17 09:00:00,135.77,,,20251200,20260300,20260300
2025-11-17 10:00:00,135.76,,,20251200,20260300,20260300
2025-11-17 11:00:00,135.79,,,20251200,20260300,20260300
2025-11-17 12:00:00,135.76,,,20251200,20260300,20260300
2025-11-17 13:00:00,135.73,,,20251200,20260300,20260300
2025-11-17 14:00:00,135.72,,,20251200,20260300,20260300
2025-11-17 15:00:00,135.71,,,20251200,20260300,20260300
2025-11-17 16:00:00,135.73,,,20251200,20260300,20260300
2025-11-17 17:00:00,135.75,,,20251200,20260300,20260300
2025-11-17 18:00:00,135.75,,,20251200,20260300,20260300
2025-11-17 19:00:00,135.73,,,20251200,20260300,20260300
2025-11-17 20:00:00,135.73,,,20251200,20260300,20260300
2025-11-17 23:00:00,135.72,135.13,135.13,20251200,20260300,20260300
2025-11-17 23:45:00,135.65,,,20251200,20260300,20260300
2025-11-18 01:00:00,135.62,,,20251200,20260300,20260300
2025-11-18 03:30:00,135.56,,,20251200,20260300,20260300
2025-11-18 04:00:00,135.7,135.11,135.11,20251200,20260300,20260300
2025-11-18 05:00:00,135.72,135.17,135.17,20251200,20260300,20260300
2025-11-18 06:30:00,135.77,,,20251200,20260300,20260300
2025-11-18 07:00:00,135.76,,,20251200,20260300,20260300
2025-11-18 08:00:00,135.76,,,20251200,20260300,20260300
2025-11-18 09:00:00,135.75,,,20251200,20260300,20260300
2025-11-18 10:00:00,135.71,,,20251200,20260300,20260300
2025-11-18 11:00:00,135.69,,,20251200,20260300,20260300
2025-11-18 12:00:00,135.72,,,20251200,20260300,20260300
2025-11-18 13:00:00,135.72,,,20251200,20260300,20260300
2025-11-18 14:00:00,135.72,,,20251200,20260300,20260300
2025-11-18 15:00:00,135.63,,,20251200,20260300,20260300
2025-11-18 16:00:00,135.62,,,20251200,20260300,20260300
2025-11-18 17:00:00,135.56,,,20251200,20260300,20260300
2025-11-18 18:00:00,135.59,,,20251200,20260300,20260300
2025-11-18 19:00:00,135.56,,,20251200,20260300,20260300
2025-11-18 20:00:00,135.58,134.98,134.98,20251200,20260300,20260300
2025-11-18 23:00:00,135.71,135.12,135.12,20251200,20260300,20260300
2025-11-18 23:45:00,135.57,,,20251200,20260300,20260300
2025-11-19 01:00:00,135.5,134.87,134.87,20251200,20260300,20260300
2025-11-19 03:30:00,135.54,,,20251200,20260300,20260300
2025-11-19 04:00:00,135.63,135.04,135.04,20251200,20260300,20260300
2025-11-19 05:00:00,135.6,,,20251200,20260300,20260300
2025-11-19 06:00:00,135.61,,,20251200,20260300,20260300
2025-11-19 06:30:00,135.59,,,20251200,20260300,20260300
2025-11-19 07:00:00,135.58,,,20251200,20260300,20260300
2025-11-19 08:00:00,135.56,134.95,134.95,20251200,20260300,20260300
2025-11-19 09:00:00,135.5,,,20251200,20260300,20260300
2025-11-19 10:00:00,135.44,,,20251200,20260300,20260300
2025-11-19 11:00:00,135.47,,,20251200,20260300,20260300
2025-11-19 12:00:00,135.46,,,20251200,20260300,20260300
2025-11-19 13:00:00,135.44,,,20251200,20260300,20260300
2025-11-19 14:00:00,135.37,,,20251200,20260300,20260300
2025-11-19 15:00:00,135.31,134.67,134.67,20251200,20260300,20260300
2025-11-19 16:00:00,135.34,,,20251200,20260300,20260300
2025-11-19 17:00:00,135.29,,,20251200,20260300,20260300
2025-11-19 18:00:00,135.29,,,20251200,20260300,20260300
2025-11-19 19:00:00,135.26,,,20251200,20260300,20260300
2025-11-19 20:00:00,135.29,,,20251200,20260300,20260300
2025-11-19 23:00:00,135.61,135.02,135.02,20251200,20260300,20260300
2025-11-19 23:45:00,135.23,,,20251200,20260300,20260300
2025-11-20 01:00:00,135.09,134.54,134.54,20251200,20260300,20260300
2025-11-20 02:00:00,135.09,,,20251200,20260300,20260300
2025-11-20 03:30:00,134.81,134.21,134.21,20251200,20260300,20260300
2025-11-20 04:00:00,134.94,134.22,134.22,20251200,20260300,20260300
2025-11-20 05:00:00,134.96,134.39,134.39,20251200,20260300,20260300
2025-11-20 06:00:00,134.96,,,20251200,20260300,20260300
2025-11-20 06:30:00,134.96,,,20251200,20260300,20260300
2025-11-20 07:00:00,134.95,,,20251200,20260300,20260300
2025-11-20 08:00:00,134.99,,,20251200,20260300,20260300
2025-11-20 09:00:00,134.97,,,20251200,20260300,20260300
2025-11-20 10:00:00,134.93,,,20251200,20260300,20260300
2025-11-20 11:00:00,134.92,,,20251200,20260300,20260300
2025-11-20 12:00:00,134.87,,,20251200,20260300,20260300
2025-11-20 13:00:00,134.99,,,20251200,20260300,20260300
2025-11-20 14:00:00,135.08,134.44,134.44,20251200,20260300,20260300
2025-11-20 15:00:00,135.08,,,20251200,20260300,20260300
2025-11-20 16:00:00,135.12,,,20251200,20260300,20260300
2025-11-20 17:00:00,135.16,,,20251200,20260300,20260300
2025-11-20 18:00:00,135.17,,,20251200,20260300,20260300
2025-11-20 19:00:00,135.12,,,20251200,20260300,20260300
2025-11-20 20:00:00,135.15,,,20251200,20260300,20260300
2025-11-20 23:00:00,134.96,134.33,134.33,20251200,20260300,20260300
2025-11-20 23:45:00,135.25,134.6,134.6,20251200,20260300,20260300
2025-11-21 01:00:00,135.3,134.65,134.65,20251200,20260300,20260300
2025-11-21 03:30:00,135.19,,,20251200,20260300,20260300
2025-11-21 04:00:00,135.2,,,20251200,20260300,20260300
2025-11-21 05:00:00,135.25,,,20251200,20260300,20260300
2025-11-21 06:00:00,135.24,,,20251200,20260300,20260300
2025-11-21 06:30:00,135.28,,,20251200,20260300,20260300
2025-11-21 07:00:00,135.34,,,20251200,20260300,20260300
2025-11-21 08:00:00,135.28,,,20251200,20260300,20260300
2025-11-21 09:00:00,135.3,,,20251200,20260300,20260300
2025-11-21 10:00:00,135.37,,,20251200,20260300,20260300
2025-11-21 11:00:00,135.35,,,20251200,20260300,20260300
2025-11-21 12:00:00,135.31,,,20251200,20260300,20260300
2025-11-21 13:00:00,135.25,,,20251200,20260300,20260300
2025-11-21 14:00:00,135.27,,,20251200,20260300,20260300
2025-11-21 15:00:00,135.22,,,20251200,20260300,20260300
2025-11-21 16:00:00,135.12,,,20251200,20260300,20260300
2025-11-21 17:00:00,135.15,,,20251200,20260300,20260300
2025-11-21 18:00:00,135.14,,,20251200,20260300,20260300
2025-11-21 19:00:00,135.19,,,20251200,20260300,20260300
2025-11-21 20:00:00,135.19,,,20251200,20260300,20260300
2025-11-21 23:00:00,135.2,134.57,134.57,20251200,20260300,20260300
2025-11-24 23:45:00,135.22,,,20251200,20260300,20260300
2025-11-25 01:00:00,135.11,134.55,134.55,20251200,20260300,20260300
2025-11-25 03:30:00,135.07,134.5,134.5,20251200,20260300,20260300
2025-11-25 04:00:00,135.07,,,20251200,20260300,20260300
2025-11-25 05:00:00,134.99,134.42,134.42,20251200,20260300,20260300
2025-11-25 06:30:00,134.99,134.37,134.37,20251200,20260300,20260300
2025-11-25 07:00:00,135.02,,,20251200,20260300,20260300
2025-11-25 08:00:00,135.07,134.42,134.42,20251200,20260300,20260300
2025-11-25 09:00:00,135.03,,,20251200,20260300,20260300
2025-11-25 10:00:00,135.07,,,20251200,20260300,20260300
2025-11-25 11:00:00,135.06,,,20251200,20260300,20260300
2025-11-25 12:00:00,135.06,,,20251200,20260300,20260300
2025-11-25 13:00:00,135.03,,,20251200,20260300,20260300
2025-11-25 14:00:00,135.08,,,20251200,20260300,20260300
2025-11-25 15:00:00,135.07,,,20251200,20260300,20260300
2025-11-25 16:00:00,135.08,,,20251200,20260300,20260300
2025-11-25 17:00:00,135.11,,,20251200,20260300,20260300
2025-11-25 18:00:00,135.1,,,20251200,20260300,20260300
2025-11-25 19:00:00,135.08,,,20251200,20260300,20260300
2025-11-25 20:00:00,135.07,,,20251200,20260300,20260300
2025-11-25 23:00:00,135.14,134.4,134.4,20251200,20260300,20260300
2025-11-25 23:45:00,135.03,,,20251200,20260300,20260300
2025-11-26 01:00:00,134.89,134.3,134.3,20251200,20260300,20260300
2025-11-26 03:30:00,134.3,,,20260300,20260600,20260600
2025-11-26 04:00:00,134.38,,,20260300,20260600,20260600
2025-11-26 05:00:00,134.34,,,20260300,20260600,20260600
2025-11-26 07:00:00,134.46,,,20260300,20260600,20260600
2025-11-26 13:00:00,134.44,,,20260300,20260600,20260600
2025-11-26 23:00:00,134.35,134.02,134.02,20260300,20260600,20260600
2025-11-26 23:45:00,134.4,,,20260300,20260600,20260600
2025-11-27 01:00:00,134.43,,,20260300,20260600,20260600
2025-11-27 04:00:00,134.48,,,20260300,20260600,20260600
2025-11-27 05:00:00,134.49,,,20260300,20260600,20260600
2025-11-27 09:00:00,134.49,,,20260300,20260600,20260600
2025-11-27 15:00:00,134.46,,,20260300,20260600,20260600
2025-11-27 23:00:00,134.53,134.19,134.19,20260300,20260600,20260600
2025-11-27 23:45:00,134.45,,,20260300,20260600,20260600
2025-11-28 01:00:00,134.43,,,20260300,20260600,20260600
2025-11-28 03:30:00,134.37,,,20260300,20260600,20260600
2025-11-28 05:00:00,134.5,,,20260300,20260600,20260600
2025-11-28 10:00:00,134.46,,,20260300,20260600,20260600
2025-11-28 12:00:00,134.43,,,20260300,20260600,20260600
2025-11-28 13:00:00,134.41,,,20260300,20260600,20260600
2025-11-28 17:00:00,134.35,,,20260300,20260600,20260600
2025-11-28 18:00:00,134.37,,,20260300,20260600,20260600
2025-11-28 23:00:00,134.53,134.15,134.15,20260300,20260600,20260600
2025-11-30 23:45:00,134.32,,,20260300,20260600,20260600
2025-12-01 01:00:00,134.09,,,20260300,20260600,20260600
2025-12-01 03:30:00,134.06,,,20260300,20260600,20260600
2025-12-01 04:00:00,133.93,,,20260300,20260600,20260600
2025-12-01 05:00:00,133.81,,,20260300,20260600,20260600
2025-12-01 06:30:00,133.88,,,20260300,20260600,20260600
2025-12-01 07:00:00,133.89,,,20260300,20260600,20260600
2025-12-01 09:00:00,133.92,,,20260300,20260600,20260600
2025-12-01 10:00:00,133.9,,,20260300,20260600,20260600
2025-12-01 11:00:00,133.95,,,20260300,20260600,20260600
2025-12-01 12:00:00,133.97,,,20260300,20260600,20260600
2025-12-01 14:00:00,133.88,,,20260300,20260600,20260600
2025-12-01 15:00:00,133.9,,,20260300,20260600,20260600
2025-12-01 16:00:00,133.9,,,20260300,20260600,20260600
2025-12-01 18:00:00,133.88,,,20260300,20260600,20260600
2025-12-01 19:00:00,133.85,,,20260300,20260600,20260600
2025-12-01 20:00:00,133.89,,,20260300,20260600,20260600
2025-12-01 23:00:00,134.19,133.46,133.46,20260300,20260600,20260600
2025-12-01 23:45:00,133.92,,,20260300,20260600,20260600
2025-12-02 01:00:00,133.9,,,20260300,20260600,20260600
2025-12-02 03:30:00,134.0,,,20260300,20260600,20260600
2025-12-02 04:00:00,134.01,,,20260300,20260600,20260600
2025-12-02 05:00:00,134.07,,,20260300,20260600,20260600
2025-12-02 07:00:00,134.0,,,20260300,20260600,20260600
2025-12-02 08:00:00,133.92,,,20260300,20260600,20260600
2025-12-02 09:00:00,133.94,,,20260300,20260600,20260600
2025-12-02 11:00:00,133.9,,,20260300,20260600,20260600
2025-12-02 12:00:00,133.85,,,20260300,20260600,20260600
2025-12-02 15:00:00,133.93,,,20260300,20260600,20260600
2025-12-02 16:00:00,133.96,,,20260300,20260600,20260600
2025-12-02 20:00:00,133.92,,,20260300,20260600,20260600
2025-12-02 23:00:00,133.83,133.68,133.68,20260300,20260600,20260600
2025-12-02 23:45:00,133.9,,,20260300,20260600,20260600
2025-12-03 01:00:00,133.91,,,20260300,20260600,20260600
2025-12-03 03:30:00,133.83,,,20260300,20260600,20260600
2025-12-03 04:00:00,133.87,,,20260300,20260600,20260600
2025-12-03 05:00:00,133.8,,,20260300,20260600,20260600
2025-12-03 06:30:00,133.83,,,20260300,20260600,20260600
2025-12-03 07:00:00,133.84,,,20260300,20260600,20260600
2025-12-03 08:00:00,133.83,,,20260300,20260600,20260600
2025-12-03 11:00:00,133.83,,,20260300,20260600,20260600
2025-12-03 12:00:00,133.86,,,20260300,20260600,20260600
2025-12-03 13:00:00,133.85,,,20260300,20260600,20260600
2025-12-03 14:00:00,133.91,,,20260300,20260600,20260600
2025-12-03 15:00:00,133.83,,,20260300,20260600,20260600
2025-12-03 16:00:00,133.85,,,20260300,20260600,20260600
2025-12-03 20:00:00,133.87,,,20260300,20260600,20260600
2025-12-03 23:00:00,133.82,133.46,133.46,20260300,20260600,20260600
2025-12-03 23:45:00,133.75,,,20260300,20260600,20260600
2025-12-04 01:00:00,133.68,,,20260300,20260600,20260600
2025-12-04 03:30:00,133.7,,,20260300,20260600,20260600
2025-12-04 04:00:00,133.64,,,20260300,20260600,20260600
2025-12-04 05:00:00,133.5,,,20260300,20260600,20260600
2025-12-04 06:30:00,133.56,,,20260300,20260600,20260600
2025-12-04 07:00:00,133.5,,,20260300,20260600,20260600
2025-12-04 08:00:00,133.53,,,20260300,20260600,20260600
2025-12-04 09:00:00,133.51,,,20260300,20260600,20260600
2025-12-04 10:00:00,133.52,,,20260300,20260600,20260600
2025-12-04 12:00:00,133.48,,,20260300,20260600,20260600
2025-12-04 13:00:00,133.44,,,20260300,20260600,20260600
2025-12-04 14:00:00,133.5,,,20260300,20260600,20260600
2025-12-04 15:00:00,133.53,,,20260300,20260600,20260600
2025-12-04 16:00:00,133.53,,,20260300,20260600,20260600
2025-12-04 17:00:00,133.51,,,20260300,20260600,20260600
2025-12-04 18:00:00,133.52,,,20260300,20260600,20260600
2025-12-04 20:00:00,133.51,,,20260300,20260600,20260600
2025-12-04 23:00:00,133.49,133.09,133.09,20260300,20260600,20260600
2025-12-04 23:45:00,133.61,,,20260300,20260600,20260600
2025-12-05 01:00:00,133.52,,,20260300,20260600,20260600
2025-12-05 03:30:00,133.52,,,20260300,20260600,20260600
2025-12-05 04:00:00,133.51,,,20260300,20260600,20260600
2025-12-05 05:00:00,133.28,,,20260300,20260600,20260600
2025-12-05 06:30:00,133.38,,,20260300,20260600,20260600
2025-12-05 07:00:00,133.36,,,20260300,20260600,20260600
2025-12-05 08:00:00,133.35,,,20260300,20260600,20260600
2025-12-05 09:00:00,133.41,,,20260300,20260600,20260600
2025-12-05 11:00:00,133.37,,,20260300,20260600,20260600
2025-12-05 12:00:00,133.38,,,20260300,20260600,20260600
2025-12-05 13:00:00,133.4,,,20260300,20260600,20260600
2025-12-05 14:00:00,133.38,,,20260300,20260600,20260600
2025-12-05 15:00:00,133.34,,,20260300,20260600,20260600
2025-12-05 16:00:00,133.32,,,20260300,20260600,20260600
2025-12-05 17:00:00,133.3,,,20260300,20260600,20260600
2025-12-05 18:00:00,133.3,,,20260300,20260600,20260600
2025-12-05 20:00:00,133.31,,,20260300,20260600,20260600
2025-12-05 23:00:00,133.3,132.9,132.9,20260300,20260600,20260600
2025-12-07 23:45:00,133.26,,,20260300,20260600,20260600
2025-12-08 01:00:00,133.34,,,20260300,20260600,20260600
2025-12-08 03:30:00,133.31,,,20260300,20260600,20260600
2025-12-08 04:00:00,133.29,,,20260300,20260600,20260600
2025-12-08 05:00:00,133.23,,,20260300,20260600,20260600
2025-12-08 06:30:00,133.16,,,20260300,20260600,20260600
2025-12-08 07:00:00,133.15,,,20260300,20260600,20260600
2025-12-08 08:00:00,133.17,,,20260300,20260600,20260600
2025-12-08 09:00:00,133.15,,,20260300,20260600,20260600
2025-12-08 10:00:00,133.15,,,20260300,20260600,20260600
2025-12-08 11:00:00,133.16,,,20260300,20260600,20260600
2025-12-08 12:00:00,133.18,,,20260300,20260600,20260600
2025-12-08 13:00:00,133.15,,,20260300,20260600,20260600
2025-12-08 14:00:00,133.23,,,20260300,20260600,20260600
2025-12-08 15:00:00,133.27,,,20260300,20260600,20260600
2025-12-08 16:00:00,133.33,,,20260300,20260600,20260600
2025-12-08 17:00:00,133.29,,,20260300,20260600,20260600
2025-12-08 18:00:00,133.31,,,20260300,20260600,20260600
2025-12-08 19:00:00,133.29,,,20260300,20260600,20260600
2025-12-08 20:00:00,133.27,,,20260300,20260600,20260600
2025-12-08 23:00:00,133.22,132.85,132.85,20260300,20260600,20260600
2025-12-08 23:45:00,133.26,,,20260300,20260600,20260600
2025-12-09 01:00:00,133.34,,,20260300,20260600,20260600
2025-12-09 03:30:00,133.29,,,20260300,20260600,20260600
2025-12-09 04:00:00,133.29,,,20260300,20260600,20260600
2025-12-09 05:00:00,133.32,,,20260300,20260600,20260600
2025-12-09 06:30:00,133.34,,,20260300,20260600,20260600
2025-12-09 07:00:00,133.32,,,20260300,20260600,20260600
2025-12-09 08:00:00,133.33,,,20260300,20260600,20260600
2025-12-09 09:00:00,133.46,,,20260300,20260600,20260600
2025-12-09 10:00:00,133.46,,,20260300,20260600,20260600
2025-12-09 11:00:00,133.45,,,20260300,20260600,20260600
2025-12-09 12:00:00,133.53,,,20260300,20260600,20260600
2025-12-09 13:00:00,133.59,,,20260300,20260600,20260600
2025-12-09 14:00:00,133.58,,,20260300,20260600,20260600
2025-12-09 15:00:00,133.5,,,20260300,20260600,20260600
2025-12-09 16:00:00,133.54,,,20260300,20260600,20260600
2025-12-09 17:00:00,133.51,,,20260300,20260600,20260600
2025-12-09 18:00:00,133.48,,,20260300,20260600,20260600
2025-12-09 19:00:00,133.48,,,20260300,20260600,20260600
2025-12-09 20:00:00,133.46,,,20260300,20260600,20260600
2025-12-09 23:00:00,133.34,132.97,132.97,20260300,20260600,20260600
2025-12-09 23:45:00,133.38,,,20260300,20260600,20260600
2025-12-10 01:00:00,133.32,,,20260300,20260600,20260600
2025-12-10 03:30:00,133.29,,,20260300,20260600,20260600
2025-12-10 04:00:00,133.34,,,20260300,20260600,20260600
2025-12-10 05:00:00,133.37,,,20260300,20260600,20260600
2025-12-10 06:30:00,133.38,,,20260300,20260600,20260600
2025-12-10 07:00:00,133.41,,,20260300,20260600,20260600
2025-12-10 08:00:00,133.39,,,20260300,20260600,20260600
2025-12-10 09:00:00,133.35,,,20260300,20260600,20260600
2025-12-10 10:00:00,133.36,,,20260300,20260600,20260600
2025-12-10 11:00:00,133.39,,,20260300,20260600,20260600
2025-12-10 12:00:00,133.42,,,20260300,20260600,20260600
2025-12-10 13:00:00,133.42,,,20260300,20260600,20260600
2025-12-10 14:00:00,133.45,,,20260300,20260600,20260600
2025-12-10 15:00:00,133.46,,,20260300,20260600,20260600
2025-12-10 16:00:00,133.45,,,20260300,20260600,20260600
2025-12-10 17:00:00,133.44,,,20260300,20260600,20260600
2025-12-10 18:00:00,133.44,,,20260300,20260600,20260600
2025-12-10 19:00:00,133.47,,,20260300,20260600,20260600
2025-12-10 20:00:00,133.52,,,20260300,20260600,20260600
2025-12-10 23:00:00,133.35,132.93,132.93,20260300,20260600,20260600
2025-12-10 23:45:00,133.54,,,20260300,20260600,20260600
2025-12-11 01:00:00,133.53,,,20260300,20260600,20260600
2025-12-11 03:30:00,133.7,,,20260300,20260600,20260600
2025-12-11 04:00:00,133.61,,,20260300,20260600,20260600
2025-12-11 05:00:00,133.58,,,20260300,20260600,20260600
2025-12-11 06:00:00,133.58,,,20260300,20260600,20260600
2025-12-11 06:30:00,133.66,,,20260300,20260600,20260600
2025-12-11 07:00:00,133.6,,,20260300,20260600,20260600
2025-12-11 08:00:00,133.63,,,20260300,20260600,20260600
2025-12-11 09:00:00,133.56,,,20260300,20260600,20260600
2025-12-11 10:00:00,133.59,,,20260300,20260600,20260600
2025-12-11 11:00:00,133.59,,,20260300,20260600,20260600
2025-12-11 12:00:00,133.59,,,20260300,20260600,20260600
2025-12-11 13:00:00,133.58,,,20260300,20260600,20260600
2025-12-11 14:00:00,133.64,,,20260300,20260600,20260600
2025-12-11 15:00:00,133.61,,,20260300,20260600,20260600
2025-12-11 16:00:00,133.6,,,20260300,20260600,20260600
2025-12-11 17:00:00,133.6,,,20260300,20260600,20260600
2025-12-11 18:00:00,133.58,,,20260300,20260600,20260600
2025-12-11 19:00:00,133.56,,,20260300,20260600,20260600
2025-12-11 20:00:00,133.56,,,20260300,20260600,20260600
2025-12-11 23:00:00,133.51,133.18,133.18,20260300,20260600,20260600
2025-12-11 23:45:00,133.55,,,20260300,20260600,20260600
2025-12-12 01:00:00,133.48,,,20260300,20260600,20260600
2025-12-12 03:30:00,133.44,,,20260300,20260600,20260600
2025-12-12 04:00:00,133.4,,,20260300,20260600,20260600
2025-12-12 05:00:00,133.38,,,20260300,20260600,20260600
2025-12-12 06:30:00,133.37,,,20260300,20260600,20260600
2025-12-12 07:00:00,133.44,,,20260300,20260600,20260600
2025-12-12 08:00:00,133.46,,,20260300,20260600,20260600
2025-12-12 09:00:00,133.47,,,20260300,20260600,20260600
2025-12-12 10:00:00,133.46,,,20260300,20260600,20260600
2025-12-12 11:00:00,133.45,,,20260300,20260600,20260600
2025-12-12 12:00:00,133.43,,,20260300,20260600,20260600
2025-12-12 13:00:00,133.39,,,20260300,20260600,20260600
2025-12-12 14:00:00,133.42,,,20260300,20260600,20260600
2025-12-12 15:00:00,133.44,,,20260300,20260600,20260600
2025-12-12 16:00:00,133.43,,,20260300,20260600,20260600
2025-12-12 17:00:00,133.4,,,20260300,20260600,20260600
2025-12-12 18:00:00,133.42,,,20260300,20260600,20260600
2025-12-12 19:00:00,133.41,,,20260300,20260600,20260600
2025-12-12 20:00:00,133.41,,,20260300,20260600,20260600
2025-12-12 23:00:00,133.38,132.94,132.94,20260300,20260600,20260600
2025-12-14 23:45:00,133.49,,,20260300,20260600,20260600
2025-12-15 01:00:00,133.39,,,20260300,20260600,20260600
2025-12-15 03:30:00,133.33,,,20260300,20260600,20260600
2025-12-15 04:00:00,133.38,,,20260300,20260600,20260600
2025-12-15 05:00:00,133.37,,,20260300,20260600,20260600
2025-12-15 06:30:00,133.42,,,20260300,20260600,20260600
2025-12-15 07:00:00,133.43,,,20260300,20260600,20260600
2025-12-15 08:00:00,133.41,,,20260300,20260600,20260600
2025-12-15 09:00:00,133.42,,,20260300,20260600,20260600
2025-12-15 10:00:00,133.42,,,20260300,20260600,20260600
2025-12-15 11:00:00,133.44,,,20260300,20260600,20260600
2025-12-15 12:00:00,133.38,,,20260300,20260600,20260600
2025-12-15 13:00:00,133.38,,,20260300,20260600,20260600
2025-12-15 14:00:00,133.44,,,20260300,20260600,20260600
2025-12-15 15:00:00,133.4,,,20260300,20260600,20260600
2025-12-15 16:00:00,133.39,,,20260300,20260600,20260600
2025-12-15 17:00:00,133.39,,,20260300,20260600,20260600
2025-12-15 18:00:00,133.38,,,20260300,20260600,20260600
2025-12-15 19:00:00,133.38,,,20260300,20260600,20260600
2025-12-15 20:00:00,133.37,,,20260300,20260600,20260600
2025-12-15 23:00:00,133.39,132.95,132.95,20260300,20260600,20260600
2025-12-15 23:45:00,133.34,,,20260300,20260600,20260600
2025-12-16 01:00:00,133.37,,,20260300,20260600,20260600
2025-12-16 03:30:00,133.4,,,20260300,20260600,20260600
2025-12-16 04:00:00,133.41,,,20260300,20260600,20260600
2025-12-16 05:00:00,133.43,,,20260300,20260600,20260600
2025-12-16 06:00:00,133.43,,,20260300,20260600,20260600
2025-12-16 06:30:00,133.4,,,20260300,20260600,20260600
2025-12-16 07:00:00,133.4,,,20260300,20260600,20260600
2025-12-16 08:00:00,133.41,,,20260300,20260600,20260600
2025-12-16 09:00:00,133.36,,,20260300,20260600,20260600
2025-12-16 10:00:00,133.34,,,20260300,20260600,20260600
2025-12-16 11:00:00,133.34,,,20260300,20260600,20260600
2025-12-16 12:00:00,133.36,,,20260300,20260600,20260600
2025-12-16 13:00:00,133.27,,,20260300,20260600,20260600
2025-12-16 14:00:00,133.26,,,20260300,20260600,20260600
2025-12-16 15:00:00,133.23,,,20260300,20260600,20260600
2025-12-16 16:00:00,133.24,,,20260300,20260600,20260600
2025-12-16 17:00:00,133.26,,,20260300,20260600,20260600
2025-12-16 18:00:00,133.24,,,20260300,20260600,20260600
2025-12-16 19:00:00,133.28,,,20260300,20260600,20260600
2025-12-16 20:00:00,133.28,,,20260300,20260600,20260600
2025-12-16 23:00:00,133.4,132.97,132.97,20260300,20260600,20260600
2025-12-16 23:45:00,133.32,,,20260300,20260600,20260600
2025-12-17 01:00:00,133.29,,,20260300,20260600,20260600
2025-12-17 03:30:00,133.2,,,20260300,20260600,20260600
2025-12-17 04:00:00,133.19,,,20260300,20260600,20260600
2025-12-17 05:00:00,133.22,,,20260300,20260600,20260600
2025-12-17 06:30:00,133.21,,,20260300,20260600,20260600
2025-12-17 07:00:00,133.29,,,20260300,20260600,20260600
2025-12-17 08:00:00,133.22,,,20260300,20260600,20260600
2025-12-17 09:00:00,133.17,,,20260300,20260600,20260600
2025-12-17 10:00:00,133.18,,,20260300,20260600,20260600
2025-12-17 11:00:00,133.11,,,20260300,20260600,20260600
2025-12-17 12:00:00,133.13,,,20260300,20260600,20260600
2025-12-17 13:00:00,133.13,,,20260300,20260600,20260600
2025-12-17 14:00:00,133.16,,,20260300,20260600,20260600
2025-12-17 15:00:00,133.21,,,20260300,20260600,20260600
2025-12-17 16:00:00,133.17,,,20260300,20260600,20260600
2025-12-17 17:00:00,133.16,,,20260300,20260600,20260600
2025-12-17 18:00:00,133.18,,,20260300,20260600,20260600
2025-12-17 19:00:00,133.2,,,20260300,20260600,20260600
2025-12-17 20:00:00,133.2,,,20260300,20260600,20260600
2025-12-17 23:00:00,133.23,132.77,132.77,20260300,20260600,20260600
2025-12-17 23:45:00,133.27,,,20260300,20260600,20260600
2025-12-18 01:00:00,133.26,,,20260300,20260600,20260600
2025-12-18 03:30:00,133.3,,,20260300,20260600,20260600
2025-12-18 04:00:00,133.37,,,20260300,20260600,20260600
2025-12-18 05:00:00,133.34,,,20260300,20260600,20260600
2025-12-18 06:30:00,133.31,,,20260300,20260600,20260600
2025-12-18 07:00:00,133.36,,,20260300,20260600,20260600
2025-12-18 08:00:00,133.4,,,20260300,20260600,20260600
2025-12-18 09:00:00,133.44,,,20260300,20260600,20260600
2025-12-18 10:00:00,133.43,,,20260300,20260600,20260600
2025-12-18 11:00:00,133.41,,,20260300,20260600,20260600
2025-12-18 12:00:00,133.38,,,20260300,20260600,20260600
2025-12-18 13:00:00,133.36,,,20260300,20260600,20260600
2025-12-18 14:00:00,133.37,,,20260300,20260600,20260600
2025-12-18 15:00:00,133.38,,,20260300,20260600,20260600
2025-12-18 16:00:00,133.37,,,20260300,20260600,20260600
2025-12-18 17:00:00,133.35,,,20260300,20260600,20260600
2025-12-18 18:00:00,133.38,,,20260300,20260600,20260600
2025-12-18 19:00:00,133.37,,,20260300,20260600,20260600
2025-12-18 20:00:00,133.35,,,20260300,20260600,20260600
2025-12-18 23:00:00,133.34,132.88,132.88,20260300,20260600,20260600
2025-12-18 23:45:00,133.38,,,20260300,20260600,20260600
2025-12-19 01:00:00,133.22,,,20260300,20260600,20260600
2025-12-19 02:00:00,133.22,,,20260300,20260600,20260600
2025-12-19 03:30:00,132.9,,,20260300,20260600,20260600
2025-12-19 04:00:00,132.97,,,20260300,20260600,20260600
2025-12-19 05:00:00,132.84,,,20260300,20260600,20260600
2025-12-19 06:00:00,132.85,,,20260300,20260600,20260600
2025-12-19 06:30:00,132.93,,,20260300,20260600,20260600
2025-12-19 07:00:00,132.89,,,20260300,20260600,20260600
2025-12-19 08:00:00,132.93,,,20260300,20260600,20260600
2025-12-19 09:00:00,132.86,,,20260300,20260600,20260600
2025-12-19 10:00:00,132.81,,,20260300,20260600,20260600
2025-12-19 11:00:00,132.85,,,20260300,20260600,20260600
2025-12-19 12:00:00,132.83,,,20260300,20260600,20260600
2025-12-19 13:00:00,132.81,,,20260300,20260600,20260600
2025-12-19 14:00:00,132.82,,,20260300,20260600,20260600
2025-12-19 15:00:00,132.83,,,20260300,20260600,20260600
2025-12-19 16:00:00,132.83,,,20260300,20260600,20260600
2025-12-19 17:00:00,132.82,,,20260300,20260600,20260600
2025-12-19 18:00:00,132.83,,,20260300,20260600,20260600
2025-12-19 19:00:00,132.85,,,20260300,20260600,20260600
2025-12-19 20:00:00,132.84,,,20260300,20260600,20260600
2025-12-19 23:00:00,133.29,132.39,132.39,20260300,20260600,20260600
2025-12-21 23:45:00,132.66,,,20260300,20260600,20260600
2025-12-22 01:00:00,132.32,,,20260300,20260600,20260600
2025-12-22 03:30:00,132.33,,,20260300,20260600,20260600
2025-12-22 04:00:00,132.39,,,20260300,20260600,20260600
2025-12-22 05:00:00,132.4,,,20260300,20260600,20260600
2025-12-22 06:30:00,132.43,,,20260300,20260600,20260600
2025-12-22 07:00:00,132.42,,,20260300,20260600,20260600
2025-12-22 08:00:00,132.54,,,20260300,20260600,20260600
2025-12-22 09:00:00,132.54,,,20260300,20260600,20260600
2025-12-22 10:00:00,132.56,,,20260300,20260600,20260600
2025-12-22 11:00:00,132.58,,,20260300,20260600,20260600
2025-12-22 12:00:00,132.64,,,20260300,20260600,20260600
2025-12-22 13:00:00,132.61,,,20260300,20260600,20260600
2025-12-22 14:00:00,132.6,,,20260300,20260600,20260600
2025-12-22 15:00:00,132.62,,,20260300,20260600,20260600
2025-12-22 16:00:00,132.64,,,20260300,20260600,20260600
2025-12-22 17:00:00,132.63,,,20260300,20260600,20260600
2025-12-22 18:00:00,132.6,,,20260300,20260600,20260600
2025-12-22 19:00:00,132.59,,,20260300,20260600,20260600
2025-12-22 20:00:00,132.63,,,20260300,20260600,20260600
2025-12-22 23:00:00,132.43,131.92,131.92,20260300,20260600,20260600
2025-12-22 23:45:00,132.63,,,20260300,20260600,20260600
2025-12-23 01:00:00,132.69,,,20260300,20260600,20260600
2025-12-23 03:30:00,132.78,,,20260300,20260600,20260600
2025-12-23 04:00:00,132.86,,,20260300,20260600,20260600
2025-12-23 05:00:00,132.84,,,20260300,20260600,20260600
2025-12-23 06:30:00,132.88,,,20260300,20260600,20260600
2025-12-23 07:00:00,132.96,,,20260300,20260600,20260600
2025-12-23 08:00:00,133.02,,,20260300,20260600,20260600
2025-12-23 09:00:00,133.01,,,20260300,20260600,20260600
2025-12-23 10:00:00,133.02,,,20260300,20260600,20260600
2025-12-23 11:00:00,133.02,,,20260300,20260600,20260600
2025-12-23 12:00:00,132.96,,,20260300,20260600,20260600
2025-12-23 13:00:00,132.85,,,20260300,20260600,20260600
2025-12-23 14:00:00,132.86,,,20260300,20260600,20260600
2025-12-23 15:00:00,132.9,,,20260300,20260600,20260600
2025-12-23 16:00:00,132.9,,,20260300,20260600,20260600
2025-12-23 17:00:00,132.91,,,20260300,20260600,20260600
2025-12-23 18:00:00,132.91,,,20260300,20260600,20260600
2025-12-23 19:00:00,132.89,,,20260300,20260600,20260600
2025-12-23 20:00:00,132.88,,,20260300,20260600,20260600
2025-12-23 23:00:00,132.85,132.37,132.37,20260300,20260600,20260600
2025-12-23 23:45:00,132.9,,,20260300,20260600,20260600
2025-12-24 01:00:00,132.96,,,20260300,20260600,20260600
2025-12-24 03:30:00,132.94,,,20260300,20260600,20260600
2025-12-24 04:00:00,132.88,,,20260300,20260600,20260600
2025-12-24 05:00:00,132.82,,,20260300,20260600,20260600
2025-12-24 06:30:00,132.78,,,20260300,20260600,20260600
2025-12-24 07:00:00,132.8,,,20260300,20260600,20260600
2025-12-24 08:00:00,132.77,,,20260300,20260600,20260600
2025-12-24 09:00:00,133.02,,,20260300,20260600,20260600
2025-12-24 10:00:00,133.0,,,20260300,20260600,20260600
2025-12-24 11:00:00,133.02,,,20260300,20260600,20260600
2025-12-24 12:00:00,133.01,,,20260300,20260600,20260600
2025-12-24 13:00:00,133.05,,,20260300,20260600,20260600
2025-12-24 14:00:00,133.04,,,20260300,20260600,20260600
2025-12-24 15:00:00,133.06,,,20260300,20260600,20260600
2025-12-24 16:00:00,133.04,,,20260300,20260600,20260600
2025-12-24 17:00:00,133.05,,,20260300,20260600,20260600
2025-12-24 18:00:00,133.05,,,20260300,20260600,20260600
2025-12-24 20:00:00,133.07,,,20260300,20260600,20260600
2025-12-24 23:00:00,133.02,132.33,132.33,20260300,20260600,20260600
2025-12-24 23:45:00,133.04,,,20260300,20260600,20260600
2025-12-25 01:00:00,132.85,,,20260300,20260600,20260600
2025-12-25 03:30:00,132.8,,,20260300,20260600,20260600
2025-12-25 04:00:00,132.72,,,20260300,20260600,20260600
2025-12-25 05:00:00,132.69,,,20260300,20260600,20260600
2025-12-25 06:30:00,132.67,,,20260300,20260600,20260600
2025-12-25 07:00:00,132.7,,,20260300,20260600,20260600
2025-12-25 08:00:00,132.71,,,20260300,20260600,20260600
2025-12-25 09:00:00,132.7,,,20260300,20260600,20260600
2025-12-25 10:00:00,132.7,,,20260300,20260600,20260600
2025-12-25 11:00:00,132.73,,,20260300,20260600,20260600
2025-12-25 12:00:00,132.73,,,20260300,20260600,20260600
2025-12-25 13:00:00,132.74,,,20260300,20260600,20260600
2025-12-25 14:00:00,132.73,,,20260300,20260600,20260600
2025-12-25 20:00:00,132.69,,,20260300,20260600,20260600
2025-12-25 23:00:00,132.68,132.21,132.21,20260300,20260600,20260600
2025-12-25 23:45:00,132.8,,,20260300,20260600,20260600
2025-12-26 01:00:00,132.64,,,20260300,20260600,20260600
2025-12-26 03:30:00,132.71,,,20260300,20260600,20260600
2025-12-26 04:00:00,132.7,,,20260300,20260600,20260600
2025-12-26 05:00:00,132.73,,,20260300,20260600,20260600
2025-12-26 06:30:00,132.75,,,20260300,20260600,20260600
2025-12-26 07:00:00,132.75,,,20260300,20260600,20260600
2025-12-26 08:00:00,132.75,,,20260300,20260600,20260600
2025-12-26 09:00:00,132.75,,,20260300,20260600,20260600
2025-12-26 10:00:00,132.76,,,20260300,20260600,20260600
2025-12-26 11:00:00,132.79,,,20260300,20260600,20260600
2025-12-26 12:00:00,132.79,,,20260300,20260600,20260600
2025-12-26 13:00:00,132.79,,,20260300,20260600,20260600
2025-12-26 14:00:00,132.79,,,20260300,20260600,20260600
2025-12-26 15:00:00,132.77,,,20260300,20260600,20260600
2025-12-26 16:00:00,132.75,,,20260300,20260600,20260600
2025-12-26 17:00:00,132.75,,,20260300,20260600,20260600
2025-12-26 18:00:00,132.74,,,20260300,20260600,20260600
2025-12-26 19:00:00,132.76,,,20260300,20260600,20260600
2025-12-26 20:00:00,132.81,,,20260300,20260600,20260600
2025-12-26 23:00:00,132.7,132.23,132.23,20260300,20260600,20260600
2025-12-28 23:45:00,132.71,,,20260300,20260600,20260600
2025-12-29 01:00:00,132.72,,,20260300,20260600,20260600
2025-12-29 03:30:00,132.63,,,20260300,20260600,20260600
2025-12-29 04:00:00,132.62,,,20260300,20260600,20260600
2025-12-29 05:00:00,132.61,,,20260300,20260600,20260600
2025-12-29 06:30:00,132.63,,,20260300,20260600,20260600
2025-12-29 07:00:00,132.72,,,20260300,20260600,20260600
2025-12-29 08:00:00,132.76,,,20260300,20260600,20260600
2025-12-29 09:00:00,132.74,,,20260300,20260600,20260600
2025-12-29 10:00:00,132.74,,,20260300,20260600,20260600
2025-12-29 11:00:00,132.73,,,20260300,20260600,20260600
2025-12-29 12:00:00,132.78,,,20260300,20260600,20260600
2025-12-29 13:00:00,132.77,,,20260300,20260600,20260600
2025-12-29 14:00:00,132.77,,,20260300,20260600,20260600
2025-12-29 15:00:00,132.78,,,20260300,20260600,20260600
2025-12-29 16:00:00,132.8,,,20260300,20260600,20260600
2025-12-29 17:00:00,132.77,,,20260300,20260600,20260600
2025-12-29 18:00:00,132.78,,,20260300,20260600,20260600
2025-12-29 19:00:00,132.74,,,20260300,20260600,20260600
2025-12-29 20:00:00,132.79,,,20260300,20260600,20260600
2025-12-29 23:00:00,132.71,132.11,132.11,20260300,20260600,20260600
2025-12-29 23:45:00,132.74,,,20260300,20260600,20260600
2025-12-30 01:00:00,132.63,,,20260300,20260600,20260600
2025-12-30 03:30:00,132.48,,,20260300,20260600,20260600
2025-12-30 04:00:00,132.41,,,20260300,20260600,20260600
2025-12-30 05:00:00,132.46,,,20260300,20260600,20260600
2025-12-30 06:30:00,132.5,,,20260300,20260600,20260600
2025-12-30 07:00:00,132.51,,,20260300,20260600,20260600
2025-12-30 08:00:00,132.5,,,20260300,20260600,20260600
2025-12-30 09:00:00,132.51,,,20260300,20260600,20260600
2025-12-30 10:00:00,132.49,,,20260300,20260600,20260600
2025-12-30 11:00:00,132.5,,,20260300,20260600,20260600
2025-12-30 12:00:00,132.48,,,20260300,20260600,20260600
2025-12-30 13:00:00,132.47,,,20260300,20260600,20260600
2025-12-30 14:00:00,132.45,,,20260300,20260600,20260600
2025-12-30 15:00:00,132.43,,,20260300,20260600,20260600
2025-12-30 16:00:00,132.47,,,20260300,20260600,20260600
2025-12-30 17:00:00,132.45,,,20260300,20260600,20260600
2025-12-30 18:00:00,132.45,,,20260300,20260600,20260600
2025-12-30 19:00:00,132.44,,,20260300,20260600,20260600
2025-12-30 20:00:00,132.49,,,20260300,20260600,20260600
2025-12-30 23:00:00,132.41,131.94,131.94,20260300,20260600,20260600
2026-01-04 23:45:00,132.18,,,20260300,20260600,20260600
2026-01-05 01:00:00,131.96,,,20260300,20260600,20260600
2026-01-05 03:30:00,131.93,,,20260300,20260600,20260600
2026-01-05 04:00:00,131.97,,,20260300,20260600,20260600
2026-01-05 05:00:00,131.94,,,20260300,20260600,20260600
2026-01-05 06:00:00,132.02,,,20260300,20260600,20260600
2026-01-05 06:30:00,132.03,,,20260300,20260600,20260600
2026-01-05 07:00:00,132.04,,,20260300,20260600,20260600
2026-01-05 08:00:00,132.05,,,20260300,20260600,20260600
2026-01-05 09:00:00,132.03,,,20260300,20260600,20260600
2026-01-05 10:00:00,132.04,,,20260300,20260600,20260600
2026-01-05 11:00:00,132.04,,,20260300,20260600,20260600
2026-01-05 12:00:00,132.06,,,20260300,20260600,20260600
2026-01-05 13:00:00,132.05,,,20260300,20260600,20260600
2026-01-05 14:00:00,132.02,,,20260300,20260600,20260600
2026-01-05 15:00:00,132.06,,,20260300,20260600,20260600
2026-01-05 16:00:00,132.12,,,20260300,20260600,20260600
2026-01-05 17:00:00,132.1,,,20260300,20260600,20260600
2026-01-05 18:00:00,132.11,,,20260300,20260600,20260600
2026-01-05 19:00:00,132.11,,,20260300,20260600,20260600
2026-01-05 20:00:00,132.1,,,20260300,20260600,20260600
2026-01-05 23:00:00,132.01,131.52,131.52,20260300,20260600,20260600
2026-01-05 23:45:00,132.11,,,20260300,20260600,20260600
2026-01-06 01:00:00,132.21,,,20260300,20260600,20260600
2026-01-06 03:30:00,132.02,,,20260300,20260600,20260600
2026-01-06 04:00:00,132.05,,,20260300,20260600,20260600
2026-01-06 05:00:00,132.05,,,20260300,20260600,20260600
2026-01-06 06:00:00,132.01,,,20260300,20260600,20260600
2026-01-06 06:30:00,131.98,,,20260300,20260600,20260600
2026-01-06 07:00:00,131.99,,,20260300,20260600,20260600
2026-01-06 08:00:00,132.08,,,20260300,20260600,20260600
2026-01-06 09:00:00,132.07,,,20260300,20260600,20260600
2026-01-06 10:00:00,132.05,,,20260300,20260600,20260600
2026-01-06 11:00:00,132.07,,,20260300,20260600,20260600
2026-01-06 12:00:00,132.1,,,20260300,20260600,20260600
2026-01-06 13:00:00,132.13,,,20260300,20260600,20260600
2026-01-06 14:00:00,132.15,,,20260300,20260600,20260600
2026-01-06 15:00:00,132.1,,,20260300,20260600,20260600
2026-01-06 16:00:00,132.12,,,20260300,20260600,20260600
2026-01-06 17:00:00,132.12,,,20260300,20260600,20260600
2026-01-06 18:00:00,132.11,,,20260300,20260600,20260600
2026-01-06 19:00:00,132.12,,,20260300,20260600,20260600
2026-01-06 20:00:00,132.16,,,20260300,20260600,20260600
2026-01-06 23:00:00,132.0,131.51,131.51,20260300,20260600,20260600
2026-01-06 23:45:00,132.2,,,20260300,20260600,20260600
2026-01-07 01:00:00,132.12,,,20260300,20260600,20260600
2026-01-07 02:00:00,132.12,,,20260300,20260600,20260600
2026-01-07 03:30:00,132.11,,,20260300,20260600,20260600
2026-01-07 04:00:00,132.17,,,20260300,20260600,20260600
2026-01-07 05:00:00,132.14,,,20260300,20260600,20260600
2026-01-07 06:30:00,132.15,,,20260300,20260600,20260600
2026-01-07 07:00:00,132.18,,,20260300,20260600,20260600
2026-01-07 08:00:00,132.25,,,20260300,20260600,20260600
2026-01-07 09:00:00,132.3,,,20260300,20260600,20260600
2026-01-07 10:00:00,132.34,,,20260300,20260600,20260600
2026-01-07 11:00:00,132.37,,,20260300,20260600,20260600
2026-01-07 12:00:00,132.37,,,20260300,20260600,20260600
2026-01-07 13:00:00,132.36,,,20260300,20260600,20260600
2026-01-07 14:00:00,132.39,,,20260300,20260600,20260600
2026-01-07 15:00:00,132.37,,,20260300,20260600,20260600
2026-01-07 16:00:00,132.37,,,20260300,20260600,20260600
2026-01-07 17:00:00,132.41,,,20260300,20260600,20260600
2026-01-07 18:00:00,132.39,,,20260300,20260600,20260600
2026-01-07 19:00:00,132.4,,,20260300,20260600,20260600
2026-01-07 20:00:00,132.4,,,20260300,20260600,20260600
2026-01-07 23:00:00,132.11,131.6,131.6,20260300,20260600,20260600
2026-01-07 23:45:00,132.36,,,20260300,20260600,20260600
2026-01-08 01:00:00,132.46,,,20260300,20260600,20260600
2026-01-08 03:30:00,132.5,,,20260300,20260600,20260600
2026-01-08 04:00:00,132.55,,,20260300,20260600,20260600
2026-01-08 05:00:00,132.68,,,20260300,20260600,20260600
2026-01-08 06:30:00,132.74,,,20260300,20260600,20260600
2026-01-08 07:00:00,132.68,,,20260300,20260600,20260600
2026-01-08 08:00:00,132.64,,,20260300,20260600,20260600
2026-01-08 09:00:00,132.59,,,20260300,20260600,20260600
2026-01-08 10:00:00,132.59,,,20260300,20260600,20260600
2026-01-08 11:00:00,132.57,,,20260300,20260600,20260600
2026-01-08 12:00:00,132.56,,,20260300,20260600,20260600
2026-01-08 13:00:00,132.52,,,20260300,20260600,20260600
2026-01-08 14:00:00,132.53,,,20260300,20260600,20260600
2026-01-08 15:00:00,132.55,,,20260300,20260600,20260600
2026-01-08 16:00:00,132.54,,,20260300,20260600,20260600
2026-01-08 17:00:00,132.54,,,20260300,20260600,20260600
2026-01-08 18:00:00,132.52,,,20260300,20260600,20260600
2026-01-08 19:00:00,132.51,,,20260300,20260600,20260600
2026-01-08 20:00:00,132.51,,,20260300,20260600,20260600
2026-01-08 23:00:00,132.67,132.16,132.16,20260300,20260600,20260600
2026-01-08 23:45:00,132.54,,,20260300,20260600,20260600
2026-01-09 01:00:00,132.4,,,20260300,20260600,20260600
2026-01-09 03:30:00,132.44,,,20260300,20260600,20260600
2026-01-09 04:00:00,132.47,,,20260300,20260600,20260600
2026-01-09 05:00:00,132.48,,,20260300,20260600,20260600
2026-01-09 06:30:00,132.43,,,20260300,20260600,20260600
2026-01-09 07:00:00,132.42,,,20260300,20260600,20260600
2026-01-09 08:00:00,132.42,,,20260300,20260600,20260600
2026-01-09 09:00:00,132.39,,,20260300,20260600,20260600
2026-01-09 10:00:00,132.36,,,20260300,20260600,20260600
2026-01-09 11:00:00,132.32,,,20260300,20260600,20260600
2026-01-09 12:00:00,132.3,,,20260300,20260600,20260600
2026-01-09 13:00:00,132.3,,,20260300,20260600,20260600
2026-01-09 14:00:00,131.86,,,20260300,20260600,20260600
2026-01-09 15:00:00,131.99,,,20260300,20260600,20260600
2026-01-09 16:00:00,132.05,,,20260300,20260600,20260600
2026-01-09 17:00:00,132.01,,,20260300,20260600,20260600
2026-01-09 18:00:00,132.02,,,20260300,20260600,20260600
2026-01-09 19:00:00,132.04,,,20260300,20260600,20260600
2026-01-09 20:00:00,132.05,,,20260300,20260600,20260600
2026-01-09 23:00:00,132.48,131.98,131.98,20260300,20260600,20260600
2026-01-12 23:45:00,131.94,,,20260300,20260600,20260600
2026-01-13 01:00:00,132.12,,,20260300,20260600,20260600
2026-01-13 03:30:00,132.14,,,20260300,20260600,20260600
2026-01-13 04:00:00,132.09,,,20260300,20260600,20260600
2026-01-13 05:00:00,131.96,,,20260300,20260600,20260600
2026-01-13 06:30:00,131.88,,,20260300,20260600,20260600
2026-01-13 07:00:00,131.87,,,20260300,20260600,20260600
2026-01-13 08:00:00,131.84,,,20260300,20260600,20260600
2026-01-13 09:00:00,131.82,,,20260300,20260600,20260600
2026-01-13 10:00:00,131.79,,,20260300,20260600,20260600
2026-01-13 11:00:00,131.81,,,20260300,20260600,20260600
2026-01-13 12:00:00,131.81,,,20260300,20260600,20260600
2026-01-13 13:00:00,131.81,,,20260300,20260600,20260600
2026-01-13 14:00:00,131.84,,,20260300,20260600,20260600
2026-01-13 15:00:00,131.8,,,20260300,20260600,20260600
2026-01-13 16:00:00,131.77,,,20260300,20260600,20260600
2026-01-13 17:00:00,131.77,,,20260300,20260600,20260600
2026-01-13 18:00:00,131.77,,,20260300,20260600,20260600
2026-01-13 19:00:00,131.79,,,20260300,20260600,20260600
2026-01-13 20:00:00,131.76,,,20260300,20260600,20260600
2026-01-13 23:00:00,132.13,131.45,131.45,20260300,20260600,20260600
2026-01-13 23:45:00,131.8,,,20260300,20260600,20260600
2026-01-14 01:00:00,131.82,,,20260300,20260600,20260600
2026-01-14 03:30:00,131.81,,,20260300,20260600,20260600
2026-01-14 04:00:00,131.81,,,20260300,20260600,20260600
2026-01-14 05:00:00,131.86,,,20260300,20260600,20260600
2026-01-14 06:30:00,131.88,,,20260300,20260600,20260600
2026-01-14 07:00:00,131.87,,,20260300,20260600,20260600
2026-01-14 08:00:00,131.83,,,20260300,20260600,20260600
2026-01-14 09:00:00,131.85,,,20260300,20260600,20260600
2026-01-14 10:00:00,131.93,,,20260300,20260600,20260600
2026-01-14 11:00:00,131.98,,,20260300,20260600,20260600
2026-01-14 12:00:00,131.99,,,20260300,20260600,20260600
2026-01-14 13:00:00,132.0,,,20260300,20260600,20260600
2026-01-14 14:00:00,132.06,,,20260300,20260600,20260600
2026-01-14 15:00:00,132.12,,,20260300,20260600,20260600
2026-01-14 16:00:00,132.21,,,20260300,20260600,20260600
2026-01-14 17:00:00,132.2,,,20260300,20260600,20260600
2026-01-14 18:00:00,132.19,,,20260300,20260600,20260600
2026-01-14 19:00:00,132.2,,,20260300,20260600,20260600
2026-01-14 20:00:00,132.19,,,20260300,20260600,20260600
2026-01-14 23:00:00,131.79,131.33,131.33,20260300,20260600,20260600
2026-01-14 23:45:00,132.1,,,20260300,20260600,20260600
2026-01-15 01:00:00,132.13,,,20260300,20260600,20260600
2026-01-15 03:30:00,132.12,,,20260300,20260600,20260600
2026-01-15 04:00:00,132.04,,,20260300,20260600,20260600
2026-01-15 05:00:00,132.05,,,20260300,20260600,20260600
2026-01-15 06:30:00,132.1,,,20260300,20260600,20260600
2026-01-15 07:00:00,132.07,,,20260300,20260600,20260600
2026-01-15 08:00:00,132.05,,,20260300,20260600,20260600
2026-01-15 09:00:00,132.03,,,20260300,20260600,20260600
2026-01-15 10:00:00,132.01,,,20260300,20260600,20260600
2026-01-15 11:00:00,131.93,,,20260300,20260600,20260600
2026-01-15 12:00:00,131.95,,,20260300,20260600,20260600
2026-01-15 13:00:00,131.93,,,20260300,20260600,20260600
2026-01-15 14:00:00,131.98,,,20260300,20260600,20260600
2026-01-15 15:00:00,131.92,,,20260300,20260600,20260600
2026-01-15 16:00:00,131.93,,,20260300,20260600,20260600
2026-01-15 17:00:00,131.93,,,20260300,20260600,20260600
2026-01-15 18:00:00,131.93,,,20260300,20260600,20260600
2026-01-15 19:00:00,131.92,,,20260300,20260600,20260600
2026-01-15 20:00:00,131.91,,,20260300,20260600,20260600
2026-01-15 23:00:00,132.04,131.5,131.5,20260300,20260600,20260600
2026-01-15 23:45:00,131.85,,,20260300,20260600,20260600
2026-01-16 01:00:00,131.87,,,20260300,20260600,20260600
2026-01-16 03:30:00,131.78,,,20260300,20260600,20260600
2026-01-16 04:00:00,131.89,,,20260300,20260600,20260600
2026-01-16 05:00:00,131.9,,,20260300,20260600,20260600
2026-01-16 06:30:00,131.9,,,20260300,20260600,20260600
2026-01-16 07:00:00,131.83,,,20260300,20260600,20260600
2026-01-16 08:00:00,131.84,,,20260300,20260600,20260600
2026-01-16 09:00:00,131.85,,,20260300,20260600,20260600
2026-01-16 10:00:00,131.87,,,20260300,20260600,20260600
2026-01-16 11:00:00,131.87,,,20260300,20260600,20260600
2026-01-16 12:00:00,131.83,,,20260300,20260600,20260600
2026-01-16 13:00:00,131.77,,,20260300,20260600,20260600
2026-01-16 14:00:00,131.83,,,20260300,20260600,20260600
2026-01-16 15:00:00,131.78,,,20260300,20260600,20260600
2026-01-16 16:00:00,131.82,,,20260300,20260600,20260600
2026-01-16 17:00:00,131.8,,,20260300,20260600,20260600
2026-01-16 18:00:00,131.77,,,20260300,20260600,20260600
2026-01-16 19:00:00,131.73,,,20260300,20260600,20260600
2026-01-16 20:00:00,131.74,,,20260300,20260600,20260600
2026-01-16 23:00:00,131.91,131.38,131.38,20260300,20260600,20260600
2026-01-18 23:45:00,131.65,,,20260300,20260600,20260600
2026-01-19 01:00:00,131.5,,,20260300,20260600,20260600
2026-01-19 03:30:00,131.5,,,20260300,20260600,20260600
2026-01-19 04:00:00,131.34,,,20260300,20260600,20260600
2026-01-19 05:00:00,131.33,,,20260300,20260600,20260600
2026-01-19 06:00:00,131.33,,,20260300,20260600,20260600
2026-01-19 06:30:00,131.34,,,20260300,20260600,20260600
2026-01-19 07:00:00,131.45,,,20260300,20260600,20260600
2026-01-19 08:00:00,131.47,,,20260300,20260600,20260600
2026-01-19 09:00:00,131.38,,,20260300,20260600,20260600
2026-01-19 10:00:00,131.35,,,20260300,20260600,20260600
2026-01-19 11:00:00,131.39,,,20260300,20260600,20260600
2026-01-19 12:00:00,131.42,,,20260300,20260600,20260600
2026-01-19 13:00:00,131.4,,,20260300,20260600,20260600
2026-01-19 14:00:00,131.4,,,20260300,20260600,20260600
2026-01-19 15:00:00,131.39,,,20260300,20260600,20260600
2026-01-19 16:00:00,131.35,,,20260300,20260600,20260600
2026-01-19 17:00:00,131.35,,,20260300,20260600,20260600
2026-01-19 18:00:00,131.35,,,20260300,20260600,20260600
2026-01-19 19:00:00,131.35,,,20260300,20260600,20260600
2026-01-19 20:00:00,131.35,,,20260300,20260600,20260600
2026-01-19 23:00:00,131.62,130.81,130.81,20260300,20260600,20260600
2026-01-19 23:45:00,131.15,,,20260300,20260600,20260600
2026-01-20 01:00:00,131.07,,,20260300,20260600,20260600
2026-01-20 03:30:00,131.13,,,20260300,20260600,20260600
2026-01-20 04:00:00,131.1,,,20260300,20260600,20260600
2026-01-20 05:00:00,131.05,,,20260300,20260600,20260600
2026-01-20 06:00:00,131.05,,,20260300,20260600,20260600
2026-01-20 06:30:00,131.06,,,20260300,20260600,20260600
2026-01-20 07:00:00,130.86,,,20260300,20260600,20260600
2026-01-20 08:00:00,130.78,,,20260300,20260600,20260600
2026-01-20 09:00:00,130.88,,,20260300,20260600,20260600
2026-01-20 10:00:00,130.89,,,20260300,20260600,20260600
2026-01-20 11:00:00,130.82,,,20260300,20260600,20260600
2026-01-20 12:00:00,130.93,,,20260300,20260600,20260600
2026-01-20 13:00:00,131.02,,,20260300,20260600,20260600
2026-01-20 14:00:00,131.16,,,20260300,20260600,20260600
2026-01-20 15:00:00,131.27,,,20260300,20260600,20260600
2026-01-20 16:00:00,131.21,,,20260300,20260600,20260600
2026-01-20 17:00:00,131.2,,,20260300,20260600,20260600
2026-01-20 18:00:00,131.19,,,20260300,20260600,20260600
2026-01-20 19:00:00,131.15,,,20260300,20260600,20260600
2026-01-20 20:00:00,131.24,,,20260300,20260600,20260600
2026-01-20 23:00:00,131.0,130.49,130.49,20260300,20260600,20260600
2026-01-20 23:45:00,131.16,,,20260300,20260600,20260600
2026-01-21 01:00:00,131.08,,,20260300,20260600,20260600
2026-01-21 03:30:00,131.29,,,20260300,20260600,20260600
2026-01-21 04:00:00,131.31,,,20260300,20260600,20260600
2026-01-21 05:00:00,131.34,,,20260300,20260600,20260600
2026-01-21 06:30:00,131.39,,,20260300,20260600,20260600
2026-01-21 07:00:00,131.41,,,20260300,20260600,20260600
2026-01-21 08:00:00,131.45,,,20260300,20260600,20260600
2026-01-21 09:00:00,131.4,,,20260300,20260600,20260600
2026-01-21 10:00:00,131.37,,,20260300,20260600,20260600
2026-01-21 11:00:00,131.39,,,20260300,20260600,20260600
2026-01-21 12:00:00,131.43,,,20260300,20260600,20260600
2026-01-21 13:00:00,131.35,,,20260300,20260600,20260600
2026-01-21 14:00:00,131.35,,,20260300,20260600,20260600
2026-01-21 15:00:00,131.32,,,20260300,20260600,20260600
2026-01-21 16:00:00,131.31,,,20260300,20260600,20260600
2026-01-21 17:00:00,131.27,,,20260300,20260600,20260600
2026-01-21 18:00:00,131.26,,,20260300,20260600,20260600
2026-01-21 19:00:00,131.24,,,20260300,20260600,20260600
2026-01-21 20:00:00,131.19,,,20260300,20260600,20260600
2026-01-21 23:00:00,131.33,130.78,130.78,20260300,20260600,20260600
2026-01-21 23:45:00,131.26,,,20260300,20260600,20260600
2026-01-22 01:00:00,131.44,,,20260300,20260600,20260600
2026-01-22 03:30:00,131.55,,,20260300,20260600,20260600
2026-01-22 04:00:00,131.61,,,20260300,20260600,20260600
2026-01-22 05:00:00,131.63,,,20260300,20260600,20260600
2026-01-22 06:30:00,131.57,,,20260300,20260600,20260600
2026-01-22 07:00:00,131.59,,,20260300,20260600,20260600
2026-01-22 08:00:00,131.65,,,20260300,20260600,20260600
2026-01-22 09:00:00,131.66,,,20260300,20260600,20260600
2026-01-22 10:00:00,131.67,,,20260300,20260600,20260600
2026-01-22 11:00:00,131.64,,,20260300,20260600,20260600
2026-01-22 12:00:00,131.64,,,20260300,20260600,20260600
2026-01-22 13:00:00,131.66,,,20260300,20260600,20260600
2026-01-22 14:00:00,131.68,,,20260300,20260600,20260600
2026-01-22 15:00:00,131.69,,,20260300,20260600,20260600
2026-01-22 16:00:00,131.76,,,20260300,20260600,20260600
2026-01-22 17:00:00,131.81,,,20260300,20260600,20260600
2026-01-22 18:00:00,131.8,,,20260300,20260600,20260600
2026-01-22 19:00:00,131.78,,,20260300,20260600,20260600
2026-01-22 20:00:00,131.78,,,20260300,20260600,20260600
2026-01-22 23:00:00,131.3,131.07,131.07,20260300,20260600,20260600
2026-01-22 23:45:00,131.67,,,20260300,20260600,20260600
2026-01-23 01:00:00,131.63,,,20260300,20260600,20260600
2026-01-23 03:30:00,131.46,,,20260300,20260600,20260600
2026-01-23 04:00:00,131.41,,,20260300,20260600,20260600
2026-01-23 05:00:00,131.37,,,20260300,20260600,20260600
2026-01-23 06:30:00,131.39,,,20260300,20260600,20260600
2026-01-23 07:00:00,131.48,,,20260300,20260600,20260600
2026-01-23 08:00:00,131.38,,,20260300,20260600,20260600
2026-01-23 09:00:00,131.4,,,20260300,20260600,20260600
2026-01-23 10:00:00,131.37,,,20260300,20260600,20260600
2026-01-23 11:00:00,131.38,,,20260300,20260600,20260600
2026-01-23 12:00:00,131.4,,,20260300,20260600,20260600
2026-01-23 13:00:00,131.33,,,20260300,20260600,20260600
2026-01-23 14:00:00,131.25,,,20260300,20260600,20260600
2026-01-23 15:00:00,131.29,,,20260300,20260600,20260600
2026-01-23 16:00:00,131.2,,,20260300,20260600,20260600
2026-01-23 17:00:00,131.4,,,20260300,20260600,20260600
2026-01-23 18:00:00,131.45,,,20260300,20260600,20260600
2026-01-23 19:00:00,131.46,,,20260300,20260600,20260600
2026-01-23 20:00:00,131.58,,,20260300,20260600,20260600
2026-01-23 23:00:00,131.63,130.83,130.83,20260300,20260600,20260600
2026-01-25 23:45:00,131.76,,,20260300,20260600,20260600
2026-01-26 01:00:00,131.6,,,20260300,20260600,20260600
2026-01-26 02:00:00,131.59,,,20260300,20260600,20260600
2026-01-26 03:30:00,131.5,,,20260300,20260600,20260600
2026-01-26 04:00:00,131.43,,,20260300,20260600,20260600
2026-01-26 05:00:00,131.57,,,20260300,20260600,20260600
2026-01-26 06:00:00,131.57,,,20260300,20260600,20260600
2026-01-26 06:30:00,131.61,,,20260300,20260600,20260600
2026-01-26 07:00:00,131.64,,,20260300,20260600,20260600
2026-01-26 08:00:00,131.54,,,20260300,20260600,20260600
2026-01-26 09:00:00,131.59,,,20260300,20260600,20260600
2026-01-26 10:00:00,131.61,,,20260300,20260600,20260600
2026-01-26 11:00:00,131.63,,,20260300,20260600,20260600
2026-01-26 12:00:00,131.62,,,20260300,20260600,20260600
2026-01-26 13:00:00,131.6,,,20260300,20260600,20260600
2026-01-26 14:00:00,131.62,,,20260300,20260600,20260600
2026-01-26 15:00:00,131.62,,,20260300,20260600,20260600
2026-01-26 16:00:00,131.63,,,20260300,20260600,20260600
2026-01-26 17:00:00,131.65,,,20260300,20260600,20260600
2026-01-26 18:00:00,131.62,,,20260300,20260600,20260600
2026-01-26 19:00:00,131.63,,,20260300,20260600,20260600
2026-01-26 20:00:00,131.59,,,20260300,20260600,20260600
2026-01-26 23:00:00,131.76,131.01,131.01,20260300,20260600,20260600
2026-01-26 23:45:00,131.35,,,20260300,20260600,20260600
2026-01-27 01:00:00,131.25,,,20260300,20260600,20260600
2026-01-27 03:30:00,131.25,,,20260300,20260600,20260600
2026-01-27 04:00:00,131.28,,,20260300,20260600,20260600
2026-01-27 05:00:00,131.21,,,20260300,20260600,20260600
2026-01-27 06:00:00,131.21,,,20260300,20260600,20260600
2026-01-27 06:30:00,131.24,,,20260300,20260600,20260600
2026-01-27 07:00:00,131.28,,,20260300,20260600,20260600
2026-01-27 08:00:00,131.29,,,20260300,20260600,20260600
2026-01-27 09:00:00,131.32,,,20260300,20260600,20260600
2026-01-27 10:00:00,131.28,,,20260300,20260600,20260600
2026-01-27 11:00:00,131.28,,,20260300,20260600,20260600
2026-01-27 12:00:00,131.23,,,20260300,20260600,20260600
2026-01-27 13:00:00,131.23,,,20260300,20260600,20260600
2026-01-27 14:00:00,131.26,,,20260300,20260600,20260600
2026-01-27 15:00:00,131.33,,,20260300,20260600,20260600
2026-01-27 16:00:00,131.31,,,20260300,20260600,20260600
2026-01-27 17:00:00,131.28,,,20260300,20260600,20260600
2026-01-27 18:00:00,131.28,,,20260300,20260600,20260600
2026-01-27 19:00:00,131.29,,,20260300,20260600,20260600
2026-01-27 20:00:00,131.31,,,20260300,20260600,20260600
2026-01-27 23:00:00,131.36,130.7,130.7,20260300,20260600,20260600
2026-01-27 23:45:00,131.26,,,20260300,20260600,20260600
2026-01-28 01:00:00,131.49,,,20260300,20260600,20260600
2026-01-28 02:00:00,131.49,,,20260300,20260600,20260600
2026-01-28 03:30:00,131.61,,,20260300,20260600,20260600
2026-01-28 04:00:00,131.58,,,20260300,20260600,20260600
2026-01-28 05:00:00,131.73,,,20260300,20260600,20260600
2026-01-28 06:00:00,131.74,,,20260300,20260600,20260600
2026-01-28 06:30:00,131.7,,,20260300,20260600,20260600
2026-01-28 07:00:00,131.72,,,20260300,20260600,20260600
2026-01-28 08:00:00,131.66,,,20260300,20260600,20260600
2026-01-28 09:00:00,131.65,,,20260300,20260600,20260600
2026-01-28 10:00:00,131.6,,,20260300,20260600,20260600
2026-01-28 11:00:00,131.62,,,20260300,20260600,20260600
2026-01-28 12:00:00,131.62,,,20260300,20260600,20260600
2026-01-28 13:00:00,131.61,,,20260300,20260600,20260600
2026-01-28 14:00:00,131.5,,,20260300,20260600,20260600
2026-01-28 15:00:00,131.48,,,20260300,20260600,20260600
2026-01-28 16:00:00,131.45,,,20260300,20260600,20260600
2026-01-28 17:00:00,131.45,,,20260300,20260600,20260600
2026-01-28 18:00:00,131.44,,,20260300,20260600,20260600
2026-01-28 19:00:00,131.47,,,20260300,20260600,20260600
2026-01-28 20:00:00,131.43,,,20260300,20260600,20260600
2026-01-28 23:00:00,131.72,131.17,131.17,20260300,20260600,20260600
2026-01-28 23:45:00,131.59,,,20260300,20260600,20260600
2026-01-29 01:00:00,131.57,,,20260300,20260600,20260600
2026-01-29 03:30:00,131.5,,,20260300,20260600,20260600
2026-01-29 04:00:00,131.6,,,20260300,20260600,20260600
2026-01-29 05:00:00,131.52,,,20260300,20260600,20260600
2026-01-29 06:00:00,131.52,,,20260300,20260600,20260600
2026-01-29 06:30:00,131.54,,,20260300,20260600,20260600
2026-01-29 07:00:00,131.47,,,20260300,20260600,20260600
2026-01-29 08:00:00,131.48,,,20260300,20260600,20260600
2026-01-29 09:00:00,131.46,,,20260300,20260600,20260600
2026-01-29 10:00:00,131.45,,,20260300,20260600,20260600
2026-01-29 11:00:00,131.51,,,20260300,20260600,20260600
2026-01-29 12:00:00,131.47,,,20260300,20260600,20260600
2026-01-29 13:00:00,131.44,,,20260300,20260600,20260600
2026-01-29 14:00:00,131.45,,,20260300,20260600,20260600
2026-01-29 15:00:00,131.63,,,20260300,20260600,20260600
2026-01-29 16:00:00,131.57,,,20260300,20260600,20260600
2026-01-29 17:00:00,131.57,,,20260300,20260600,20260600
2026-01-29 18:00:00,131.54,,,20260300,20260600,20260600
2026-01-29 19:00:00,131.56,,,20260300,20260600,20260600
2026-01-29 20:00:00,131.5,,,20260300,20260600,20260600
2026-01-29 23:00:00,131.52,130.97,130.97,20260300,20260600,20260600
2026-01-29 23:45:00,131.68,,,20260300,20260600,20260600
2026-01-30 01:00:00,131.67,,,20260300,20260600,20260600
2026-01-30 03:30:00,131.69,,,20260300,20260600,20260600
2026-01-30 04:00:00,131.7,,,20260300,20260600,20260600
2026-01-30 05:00:00,131.67,,,20260300,20260600,20260600
2026-01-30 06:30:00,131.61,,,20260300,20260600,20260600
2026-01-30 07:00:00,131.64,,,20260300,20260600,20260600
2026-01-30 08:00:00,131.62,,,20260300,20260600,20260600
2026-01-30 09:00:00,131.62,,,20260300,20260600,20260600
2026-01-30 10:00:00,131.66,,,20260300,20260600,20260600
2026-01-30 11:00:00,131.68,,,20260300,20260600,20260600
2026-01-30 12:00:00,131.65,,,20260300,20260600,20260600
2026-01-30 13:00:00,131.62,,,20260300,20260600,20260600
2026-01-30 14:00:00,131.65,,,20260300,20260600,20260600
2026-01-30 15:00:00,131.71,,,20260300,20260600,20260600
2026-01-30 16:00:00,131.65,,,20260300,20260600,20260600
2026-01-30 17:00:00,131.66,,,20260300,20260600,20260600
2026-01-30 18:00:00,131.68,,,20260300,20260600,20260600
2026-01-30 19:00:00,131.67,,,20260300,20260600,20260600
2026-01-30 20:00:00,131.65,,,20260300,20260600,20260600
2026-01-30 23:00:00,131.61,131.08,131.08,20260300,20260600,20260600
2026-02-01 23:45:00,131.32,,,20260300,20260600,20260600
2026-02-02 01:00:00,131.43,,,20260300,20260600,20260600
2026-02-02 03:30:00,131.6,,,20260300,20260600,20260600
2026-02-02 04:00:00,131.64,,,20260300,20260600,20260600
2026-02-02 05:00:00,131.77,,,20260300,20260600,20260600
2026-02-02 06:30:00,131.78,,,20260300,20260600,20260600
2026-02-02 07:00:00,131.74,,,20260300,20260600,20260600
2026-02-02 08:00:00,131.73,,,20260300,20260600,20260600
2026-02-02 09:00:00,131.72,,,20260300,20260600,20260600
2026-02-02 10:00:00,131.68,,,20260300,20260600,20260600
2026-02-02 11:00:00,131.65,,,20260300,20260600,20260600
2026-02-02 12:00:00,131.59,,,20260300,20260600,20260600
2026-02-02 13:00:00,131.58,,,20260300,20260600,20260600
2026-02-02 14:00:00,131.57,,,20260300,20260600,20260600
2026-02-02 15:00:00,131.53,,,20260300,20260600,20260600
2026-02-02 16:00:00,131.55,,,20260300,20260600,20260600
2026-02-02 17:00:00,131.55,,,20260300,20260600,20260600
2026-02-02 18:00:00,131.55,,,20260300,20260600,20260600
2026-02-02 19:00:00,131.54,,,20260300,20260600,20260600
2026-02-02 20:00:00,131.54,,,20260300,20260600,20260600
2026-02-02 23:00:00,131.4,131.26,131.26,20260300,20260600,20260600
2026-02-02 23:45:00,131.59,,,20260300,20260600,20260600
2026-02-03 01:00:00,131.49,,,20260300,20260600,20260600
2026-02-03 03:30:00,131.46,,,20260300,20260600,20260600
2026-02-03 04:00:00,131.49,,,20260300,20260600,20260600
2026-02-03 05:00:00,131.49,,,20260300,20260600,20260600
2026-02-03 06:30:00,131.5,,,20260300,20260600,20260600
2026-02-03 07:00:00,131.45,,,20260300,20260600,20260600
2026-02-03 08:00:00,131.45,,,20260300,20260600,20260600
2026-02-03 09:00:00,131.46,,,20260300,20260600,20260600
2026-02-03 10:00:00,131.46,,,20260300,20260600,20260600
2026-02-03 11:00:00,131.45,,,20260300,20260600,20260600
2026-02-03 12:00:00,131.44,,,20260300,20260600,20260600
2026-02-03 13:00:00,131.41,,,20260300,20260600,20260600
2026-02-03 14:00:00,131.4,,,20260300,20260600,20260600
2026-02-03 15:00:00,131.42,,,20260300,20260600,20260600
2026-02-03 16:00:00,131.44,,,20260300,20260600,20260600
2026-02-03 17:00:00,131.43,,,20260300,20260600,20260600
2026-02-03 18:00:00,131.47,,,20260300,20260600,20260600
2026-02-03 19:00:00,131.45,,,20260300,20260600,20260600
2026-02-03 20:00:00,131.46,,,20260300,20260600,20260600
2026-02-03 23:00:00,131.57,130.96,130.96,20260300,20260600,20260600
2026-02-03 23:45:00,131.46,,,20260300,20260600,20260600
2026-02-04 01:00:00,131.5,,,20260300,20260600,20260600
2026-02-04 03:30:00,131.56,,,20260300,20260600,20260600
2026-02-04 04:00:00,131.58,,,20260300,20260600,20260600
2026-02-04 05:00:00,131.57,,,20260300,20260600,20260600
2026-02-04 06:30:00,131.55,,,20260300,20260600,20260600
2026-02-04 07:00:00,131.53,,,20260300,20260600,20260600
2026-02-04 08:00:00,131.53,,,20260300,20260600,20260600
2026-02-04 09:00:00,131.47,,,20260300,20260600,20260600
2026-02-04 10:00:00,131.48,,,20260300,20260600,20260600
2026-02-04 11:00:00,131.49,,,20260300,20260600,20260600
2026-02-04 12:00:00,131.49,,,20260300,20260600,20260600
2026-02-04 13:00:00,131.48,,,20260300,20260600,20260600
2026-02-04 14:00:00,131.47,,,20260300,20260600,20260600
2026-02-04 15:00:00,131.47,,,20260300,20260600,20260600
2026-02-04 16:00:00,131.52,,,20260300,20260600,20260600
2026-02-04 17:00:00,131.52,,,20260300,20260600,20260600
2026-02-04 18:00:00,131.5,,,20260300,20260600,20260600
2026-02-04 19:00:00,131.51,,,20260300,20260600,20260600
2026-02-04 20:00:00,131.52,,,20260300,20260600,20260600
2026-02-04 23:00:00,131.55,131.03,131.03,20260300,20260600,20260600
2026-02-04 23:45:00,131.51,,,20260300,20260600,20260600
2026-02-05 01:00:00,131.55,,,20260300,20260600,20260600
2026-02-05 03:30:00,131.7,,,20260300,20260600,20260600
2026-02-05 04:00:00,131.57,,,20260300,20260600,20260600
2026-02-05 05:00:00,131.61,,,20260300,20260600,20260600
2026-02-05 06:00:00,131.62,,,20260300,20260600,20260600
2026-02-05 06:30:00,131.62,,,20260300,20260600,20260600
2026-02-05 07:00:00,131.58,,,20260300,20260600,20260600
2026-02-05 08:00:00,131.57,,,20260300,20260600,20260600
2026-02-05 09:00:00,131.61,,,20260300,20260600,20260600
2026-02-05 10:00:00,131.57,,,20260300,20260600,20260600
2026-02-05 11:00:00,131.58,,,20260300,20260600,20260600
2026-02-05 12:00:00,131.66,,,20260300,20260600,20260600
2026-02-05 13:00:00,131.73,,,20260300,20260600,20260600
2026-02-05 14:00:00,131.67,,,20260300,20260600,20260600
2026-02-05 15:00:00,131.76,,,20260300,20260600,20260600
2026-02-05 16:00:00,131.74,,,20260300,20260600,20260600
2026-02-05 17:00:00,131.75,,,20260300,20260600,20260600
2026-02-05 18:00:00,131.79,,,20260300,20260600,20260600
2026-02-05 19:00:00,131.78,,,20260300,20260600,20260600
2026-02-05 20:00:00,131.81,,,20260300,20260600,20260600
2026-02-05 23:00:00,131.54,131.12,131.12,20260300,20260600,20260600
2026-02-05 23:45:00,131.86,,,20260300,20260600,20260600
2026-02-06 01:00:00,131.8,,,20260300,20260600,20260600
2026-02-06 03:30:00,131.72,,,20260300,20260600,20260600
2026-02-06 04:00:00,131.63,,,20260300,20260600,20260600
2026-02-06 05:00:00,131.57,,,20260300,20260600,20260600
2026-02-06 06:00:00,131.58,,,20260300,20260600,20260600
2026-02-06 06:30:00,131.61,,,20260300,20260600,20260600
2026-02-06 07:00:00,131.69,,,20260300,20260600,20260600
2026-02-06 08:00:00,131.68,,,20260300,20260600,20260600
2026-02-06 09:00:00,131.67,,,20260300,20260600,20260600
2026-02-06 10:00:00,131.7,,,20260300,20260600,20260600
2026-02-06 11:00:00,131.65,,,20260300,20260600,20260600
2026-02-06 12:00:00,131.64,,,20260300,20260600,20260600
2026-02-06 13:00:00,131.63,,,20260300,20260600,20260600
2026-02-06 14:00:00,131.56,,,20260300,20260600,20260600
2026-02-06 15:00:00,131.55,,,20260300,20260600,20260600
2026-02-06 16:00:00,131.4,,,20260300,20260600,20260600
2026-02-06 17:00:00,131.36,,,20260300,20260600,20260600
2026-02-06 18:00:00,131.37,,,20260300,20260600,20260600
2026-02-06 19:00:00,131.41,,,20260300,20260600,20260600
2026-02-06 20:00:00,131.37,,,20260300,20260600,20260600
2026-02-06 23:00:00,131.59,131.06,131.06,20260300,20260600,20260600
2026-02-08 23:45:00,131.17,,,20260300,20260600,20260600
2026-02-09 01:00:00,131.21,,,20260300,20260600,20260600
2026-02-09 03:30:00,131.15,,,20260300,20260600,20260600
2026-02-09 04:00:00,131.17,,,20260300,20260600,20260600
2026-02-09 05:00:00,131.1,,,20260300,20260600,20260600
2026-02-09 06:30:00,131.14,,,20260300,20260600,20260600
2026-02-09 07:00:00,131.18,,,20260300,20260600,20260600
2026-02-09 08:00:00,131.19,,,20260300,20260600,20260600
2026-02-09 09:00:00,131.23,,,20260300,20260600,20260600
2026-02-09 10:00:00,131.24,,,20260300,20260600,20260600
2026-02-09 11:00:00,131.24,,,20260300,20260600,20260600
2026-02-09 12:00:00,131.22,,,20260300,20260600,20260600
2026-02-09 13:00:00,131.27,,,20260300,20260600,20260600
2026-02-09 14:00:00,131.34,,,20260300,20260600,20260600
2026-02-09 15:00:00,131.31,,,20260300,20260600,20260600
2026-02-09 16:00:00,131.29,,,20260300,20260600,20260600
2026-02-09 17:00:00,131.29,,,20260300,20260600,20260600
2026-02-09 18:00:00,131.32,,,20260300,20260600,20260600
2026-02-09 19:00:00,131.32,,,20260300,20260600,20260600
2026-02-09 20:00:00,131.31,,,20260300,20260600,20260600
2026-02-09 23:00:00,131.06,130.54,130.54,20260300,20260600,20260600
2026-02-09 23:45:00,131.4,,,20260300,20260600,20260600
2026-02-10 01:00:00,131.43,,,20260300,20260600,20260600
2026-02-10 03:30:00,131.48,,,20260300,20260600,20260600
2026-02-10 04:00:00,131.53,,,20260300,20260600,20260600
2026-02-10 05:00:00,131.52,,,20260300,20260600,20260600
2026-02-10 06:30:00,131.49,,,20260300,20260600,20260600
2026-02-10 07:00:00,131.55,,,20260300,20260600,20260600
2026-02-10 08:00:00,131.56,,,20260300,20260600,20260600
2026-02-10 09:00:00,131.64,,,20260300,20260600,20260600
2026-02-10 10:00:00,131.67,,,20260300,20260600,20260600
2026-02-10 11:00:00,131.68,,,20260300,20260600,20260600
2026-02-10 12:00:00,131.72,,,20260300,20260600,20260600
2026-02-10 13:00:00,131.78,,,20260300,20260600,20260600
2026-02-10 14:00:00,131.8,,,20260300,20260600,20260600
2026-02-10 15:00:00,131.89,,,20260300,20260600,20260600
2026-02-10 16:00:00,131.86,,,20260300,20260600,20260600
2026-02-10 17:00:00,131.85,,,20260300,20260600,20260600
2026-02-10 18:00:00,131.85,,,20260300,20260600,20260600
2026-02-10 19:00:00,131.88,,,20260300,20260600,20260600
2026-02-10 20:00:00,131.84,,,20260300,20260600,20260600
2026-02-10 23:00:00,131.53,130.99,130.99,20260300,20260600,20260600
2026-02-11 23:45:00,131.76,,,20260300,20260600,20260600
2026-02-12 01:00:00,131.9,,,20260300,20260600,20260600
2026-02-12 03:30:00,131.84,,,20260300,20260600,20260600
2026-02-12 04:00:00,131.69,,,20260300,20260600,20260600
2026-02-12 05:00:00,131.55,,,20260300,20260600,20260600
2026-02-12 06:00:00,131.55,,,20260300,20260600,20260600
2026-02-12 06:30:00,131.61,,,20260300,20260600,20260600
2026-02-12 07:00:00,131.57,,,20260300,20260600,20260600
2026-02-12 08:00:00,131.58,,,20260300,20260600,20260600
2026-02-12 09:00:00,131.64,,,20260300,20260600,20260600
2026-02-12 10:00:00,131.65,,,20260300,20260600,20260600
2026-02-12 11:00:00,131.63,,,20260300,20260600,20260600
2026-02-12 12:00:00,131.68,,,20260300,20260600,20260600
2026-02-12 13:00:00,131.69,,,20260300,20260600,20260600
2026-02-12 14:00:00,131.68,,,20260300,20260600,20260600
2026-02-12 15:00:00,131.76,,,20260300,20260600,20260600
2026-02-12 16:00:00,131.87,,,20260300,20260600,20260600
2026-02-12 17:00:00,131.88,,,20260300,20260600,20260600
2026-02-12 18:00:00,131.95,,,20260300,20260600,20260600
2026-02-12 19:00:00,131.94,,,20260300,20260600,20260600
2026-02-12 20:00:00,132.0,,,20260300,20260600,20260600
2026-02-12 23:00:00,131.55,131.04,131.04,20260300,20260600,20260600
2026-02-12 23:45:00,131.94,,,20260300,20260600,20260600
2026-02-13 01:00:00,131.75,,,20260300,20260600,20260600
2026-02-13 03:30:00,131.62,,,20260300,20260600,20260600
2026-02-13 04:00:00,131.64,,,20260300,20260600,20260600
2026-02-13 05:00:00,131.77,,,20260300,20260600,20260600
2026-02-13 06:30:00,131.82,,,20260300,20260600,20260600
2026-02-13 07:00:00,131.75,,,20260300,20260600,20260600
2026-02-13 08:00:00,131.83,,,20260300,20260600,20260600
2026-02-13 09:00:00,131.84,,,20260300,20260600,20260600
2026-02-13 10:00:00,131.83,,,20260300,20260600,20260600
2026-02-13 11:00:00,131.88,,,20260300,20260600,20260600
2026-02-13 12:00:00,131.92,,,20260300,20260600,20260600
2026-02-13 13:00:00,131.85,,,20260300,20260600,20260600
2026-02-13 14:00:00,132.01,,,20260300,20260600,20260600
2026-02-13 15:00:00,132.0,,,20260300,20260600,20260600
2026-02-13 16:00:00,132.01,,,20260300,20260600,20260600
2026-02-13 17:00:00,132.0,,,20260300,20260600,20260600
2026-02-13 18:00:00,131.98,,,20260300,20260600,20260600
2026-02-13 19:00:00,132.01,,,20260300,20260600,20260600
2026-02-13 20:00:00,132.02,,,20260300,20260600,20260600
2026-02-13 23:00:00,131.84,131.27,131.27,20260300,20260600,20260600
2026-02-15 23:45:00,131.92,,,20260300,20260600,20260600
2026-02-16 01:00:00,131.9,,,20260300,20260600,20260600
2026-02-16 03:30:00,131.92,131.3,131.3,20260300,20260600,20260600
2026-02-16 04:00:00,131.89,,,20260300,20260600,20260600
2026-02-16 05:00:00,131.92,,,20260300,20260600,20260600
2026-02-16 06:30:00,131.93,,,20260300,20260600,20260600
2026-02-16 07:00:00,132.01,131.41,131.41,20260300,20260600,20260600
2026-02-16 08:00:00,132.04,,,20260300,20260600,20260600
2026-02-16 09:00:00,132.05,,,20260300,20260600,20260600
2026-02-16 10:00:00,132.03,,,20260300,20260600,20260600
2026-02-16 11:00:00,132.06,,,20260300,20260600,20260600
2026-02-16 12:00:00,132.03,,,20260300,20260600,20260600
2026-02-16 13:00:00,132.04,,,20260300,20260600,20260600
2026-02-16 14:00:00,132.07,,,20260300,20260600,20260600
2026-02-16 15:00:00,132.1,,,20260300,20260600,20260600
2026-02-16 16:00:00,132.06,,,20260300,20260600,20260600
2026-02-16 17:00:00,132.05,,,20260300,20260600,20260600
2026-02-16 18:00:00,132.04,,,20260300,20260600,20260600
2026-02-16 19:00:00,132.04,,,20260300,20260600,20260600
2026-02-16 20:00:00,132.06,,,20260300,20260600,20260600
2026-02-16 23:00:00,131.89,131.38,131.38,20260300,20260600,20260600
2026-02-16 23:45:00,132.07,,,20260300,20260600,20260600
2026-02-17 01:00:00,132.27,,,20260300,20260600,20260600
2026-02-17 03:30:00,132.39,,,20260300,20260600,20260600
2026-02-17 04:00:00,132.39,131.9,131.9,20260300,20260600,20260600
2026-02-17 05:00:00,132.57,131.98,131.98,20260300,20260600,20260600
2026-02-17 06:30:00,132.53,,,20260300,20260600,20260600
2026-02-17 07:00:00,132.52,,,20260300,20260600,20260600
2026-02-17 08:00:00,132.54,131.93,131.93,20260300,20260600,20260600
2026-02-17 09:00:00,132.54,,,20260300,20260600,20260600
2026-02-17 10:00:00,132.53,,,20260300,20260600,20260600
2026-02-17 11:00:00,132.54,,,20260300,20260600,20260600
2026-02-17 12:00:00,132.6,,,20260300,20260600,20260600
2026-02-17 13:00:00,132.51,,,20260300,20260600,20260600
2026-02-17 14:00:00,132.54,,,20260300,20260600,20260600
2026-02-17 15:00:00,132.58,,,20260300,20260600,20260600
2026-02-17 16:00:00,132.54,,,20260300,20260600,20260600
2026-02-17 17:00:00,132.57,,,20260300,20260600,20260600
2026-02-17 18:00:00,132.53,,,20260300,20260600,20260600
2026-02-17 19:00:00,132.56,,,20260300,20260600,20260600
2026-02-17 20:00:00,132.53,,,20260300,20260600,20260600
2026-02-17 23:00:00,132.59,132.04,132.04,20260300,20260600,20260600
2026-02-17 23:45:00,132.5,,,20260300,20260600,20260600
2026-02-18 01:00:00,132.66,132.17,132.17,20260300,20260600,20260600
2026-02-18 03:30:00,132.43,,,20260300,20260600,20260600
2026-02-18 04:00:00,132.46,,,20260300,20260600,20260600
2026-02-18 05:00:00,132.41,,,20260300,20260600,20260600
2026-02-18 06:00:00,132.46,,,20260300,20260600,20260600
2026-02-18 06:30:00,132.52,,,20260300,20260600,20260600
2026-02-18 07:00:00,132.42,,,20260300,20260600,20260600
2026-02-18 08:00:00,132.41,,,20260300,20260600,20260600
2026-02-18 09:00:00,132.46,131.9,131.9,20260300,20260600,20260600
2026-02-18 10:00:00,132.44,,,20260300,20260600,20260600
2026-02-18 11:00:00,132.41,,,20260300,20260600,20260600
2026-02-18 12:00:00,132.41,,,20260300,20260600,20260600
2026-02-18 13:00:00,132.38,,,20260300,20260600,20260600
2026-02-18 14:00:00,132.31,,,20260300,20260600,20260600
2026-02-18 15:00:00,132.32,,,20260300,20260600,20260600
2026-02-18 16:00:00,132.36,,,20260300,20260600,20260600
2026-02-18 17:00:00,132.34,,,20260300,20260600,20260600
2026-02-18 18:00:00,132.34,,,20260300,20260600,20260600
2026-02-18 19:00:00,132.36,,,20260300,20260600,20260600
2026-02-18 20:00:00,132.35,,,20260300,20260600,20260600
2026-02-18 23:00:00,132.75,132.39,132.39,20260300,20260600,20260600
2026-02-18 23:45:00,132.34,131.78,131.78,20260300,20260600,20260600
2026-02-19 01:00:00,132.4,,,20260300,20260600,20260600
2026-02-19 02:00:00,132.43,,,20260300,20260600,20260600
2026-02-19 03:30:00,132.37,,,20260300,20260600,20260600
2026-02-19 04:00:00,132.38,,,20260300,20260600,20260600
2026-02-19 05:00:00,132.41,,,20260300,20260600,20260600
2026-02-19 06:30:00,132.39,,,20260300,20260600,20260600
2026-02-19 07:00:00,132.38,,,20260300,20260600,20260600
2026-02-19 08:00:00,132.37,,,20260300,20260600,20260600
2026-02-19 09:00:00,132.5,,,20260300,20260600,20260600
2026-02-19 10:00:00,132.45,,,20260300,20260600,20260600
2026-02-19 11:00:00,132.41,,,20260300,20260600,20260600
2026-02-19 12:00:00,132.37,,,20260300,20260600,20260600
2026-02-19 13:00:00,132.41,,,20260300,20260600,20260600
2026-02-19 14:00:00,132.46,,,20260300,20260600,20260600
2026-02-19 15:00:00,132.44,,,20260300,20260600,20260600
2026-02-19 16:00:00,132.45,,,20260300,20260600,20260600
2026-02-19 17:00:00,132.45,,,20260300,20260600,20260600
2026-02-19 18:00:00,132.47,,,20260300,20260600,20260600
2026-02-19 19:00:00,132.46,,,20260300,20260600,20260600
2026-02-19 20:00:00,132.46,,,20260300,20260600,20260600
2026-02-19 23:00:00,132.41,131.87,131.87,20260300,20260600,20260600
2026-02-19 23:45:00,132.62,131.99,131.99,20260300,20260600,20260600
2026-02-20 01:00:00,132.65,132.15,132.15,20260300,20260600,20260600
2026-02-20 03:30:00,132.61,,,20260300,20260600,20260600
2026-02-20 04:00:00,132.66,,,20260300,20260600,20260600
2026-02-20 05:00:00,132.65,,,20260300,20260600,20260600
2026-02-20 06:30:00,132.67,,,20260300,20260600,20260600
2026-02-20 07:00:00,132.57,,,20260300,20260600,20260600
2026-02-20 08:00:00,132.53,,,20260300,20260600,20260600
2026-02-20 09:00:00,132.51,,,20260300,20260600,20260600
2026-02-20 10:00:00,132.54,,,20260300,20260600,20260600
2026-02-20 11:00:00,132.56,,,20260300,20260600,20260600
2026-02-20 12:00:00,132.55,,,20260300,20260600,20260600
2026-02-20 13:00:00,132.54,,,20260300,20260600,20260600
2026-02-20 14:00:00,132.58,,,20260300,20260600,20260600
2026-02-20 15:00:00,132.59,,,20260300,20260600,20260600
2026-02-20 16:00:00,132.57,,,20260300,20260600,20260600
2026-02-20 17:00:00,132.66,,,20260300,20260600,20260600
2026-02-20 18:00:00,132.62,,,20260300,20260600,20260600
2026-02-20 19:00:00,132.67,,,20260300,20260600,20260600
2026-02-20 20:00:00,132.64,,,20260300,20260600,20260600
2026-02-20 23:00:00,132.67,132.15,132.15,20260300,20260600,20260600
2026-02-23 23:45:00,133.05,132.4,132.4,20260300,20260600,20260600
2026-02-24 01:00:00,132.76,132.23,132.23,20260300,20260600,20260600
2026-02-24 03:30:00,132.75,132.26,132.26,20260300,20260600,20260600
2026-02-24 04:00:00,132.72,132.22,132.22,20260300,20260600,20260600
2026-02-24 05:00:00,132.7,,,20260300,20260600,20260600
2026-02-24 06:30:00,132.75,,,20260300,20260600,20260600
2026-02-24 07:00:00,133.0,132.5,132.5,20260300,20260600,20260600
2026-02-24 08:00:00,132.96,132.48,132.48,20260300,20260600,20260600
2026-02-24 09:00:00,133.0,,,20260300,20260600,20260600
2026-02-24 10:00:00,133.02,,,20260300,20260600,20260600
2026-02-24 11:00:00,133.07,,,20260300,20260600,20260600
2026-02-24 12:00:00,133.04,,,20260300,20260600,20260600
2026-02-24 13:00:00,132.98,,,20260300,20260600,20260600
2026-02-24 14:00:00,133.06,,,20260300,20260600,20260600
2026-02-24 15:00:00,133.02,,,20260300,20260600,20260600
2026-02-24 16:00:00,133.03,132.5,132.5,20260300,20260600,20260600
2026-02-24 17:00:00,133.06,,,20260300,20260600,20260600
2026-02-24 18:00:00,133.06,,,20260300,20260600,20260600
2026-02-24 19:00:00,133.04,,,20260300,20260600,20260600
2026-02-24 20:00:00,133.04,,,20260300,20260600,20260600
2026-02-24 23:00:00,132.81,132.32,132.32,20260300,20260600,20260600
2026-02-24 23:45:00,132.96,132.51,132.51,20260300,20260600,20260600
2026-02-25 01:00:00,132.91,,,20260300,20260600,20260600
2026-02-25 03:30:00,132.63,132.14,132.14,20260300,20260600,20260600
2026-02-25 04:00:00,132.78,132.16,132.16,20260300,20260600,20260600
2026-02-25 05:00:00,132.7,,,20260300,20260600,20260600
2026-02-25 06:00:00,132.64,,,20260300,20260600,20260600
2026-02-25 06:30:00,132.67,132.15,132.15,20260300,20260600,20260600
2026-02-25 07:00:00,132.67,132.14,132.14,20260300,20260600,20260600
2026-02-25 08:00:00,132.58,,,20260300,20260600,20260600
2026-02-25 09:00:00,132.48,132.0,132.0,20260300,20260600,20260600
2026-02-25 10:00:00,132.41,,,20260300,20260600,20260600
2026-02-25 11:00:00,132.38,,,20260300,20260600,20260600
2026-02-25 12:00:00,132.41,,,20260300,20260600,20260600
2026-02-25 13:00:00,132.41,,,20260300,20260600,20260600
2026-02-25 14:00:00,132.39,,,20260300,20260600,20260600
2026-02-25 15:00:00,132.4,,,20260300,20260600,20260600
2026-02-25 16:00:00,132.4,131.87,131.87,20260300,20260600,20260600
2026-02-25 17:00:00,132.43,131.86,131.86,20260300,20260600,20260600
2026-02-25 18:00:00,132.41,,,20260300,20260600,20260600
2026-02-25 19:00:00,132.39,,,20260300,20260600,20260600
2026-02-25 20:00:00,132.34,,,20260300,20260600,20260600
2026-02-25 23:00:00,132.86,132.11,132.11,20260300,20260600,20260600
2026-02-25 23:45:00,132.35,,,20260300,20260600,20260600
2026-02-26 01:00:00,132.44,131.9,131.9,20260300,20260600,20260600
2026-02-26 03:30:00,132.39,131.9,131.9,20260300,20260600,20260600
2026-02-26 04:00:00,132.41,131.89,131.89,20260300,20260600,20260600
2026-02-26 05:00:00,132.52,131.95,131.95,20260300,20260600,20260600
2026-02-26 06:00:00,132.52,,,20260300,20260600,20260600
2026-02-26 06:30:00,132.54,132.01,132.01,20260300,20260600,20260600
2026-02-26 07:00:00,132.52,132.02,132.02,20260300,20260600,20260600
2026-02-26 08:00:00,132.47,131.96,131.96,20260300,20260600,20260600
2026-02-26 09:00:00,132.46,,,20260300,20260600,20260600
2026-02-26 10:00:00,132.47,131.94,131.94,20260300,20260600,20260600
2026-02-26 11:00:00,132.46,,,20260300,20260600,20260600
2026-02-26 12:00:00,132.49,131.96,131.96,20260300,20260600,20260600
2026-02-26 13:00:00,132.5,,,20260300,20260600,20260600
2026-02-26 14:00:00,132.55,,,20260300,20260600,20260600
2026-02-26 15:00:00,132.54,132.02,132.02,20260300,20260600,20260600
2026-02-26 16:00:00,132.56,,,20260300,20260600,20260600
2026-02-26 17:00:00,132.56,,,20260300,20260600,20260600
2026-02-26 18:00:00,132.54,,,20260300,20260600,20260600
2026-02-26 19:00:00,132.56,,,20260300,20260600,20260600
2026-02-26 20:00:00,132.59,132.09,132.09,20260300,20260600,20260600
2026-02-26 23:00:00,132.33,131.82,131.82,20260300,20260600,20260600
2026-02-26 23:45:00,132.69,,,20260300,20260600,20260600
2026-02-27 01:00:00,132.69,132.18,132.18,20260300,20260600,20260600
2026-02-27 03:30:00,132.7,132.18,132.18,20260300,20260600,20260600
2026-02-27 04:00:00,132.73,132.2,132.2,20260300,20260600,20260600
2026-02-27 05:00:00,132.79,132.27,132.27,20260300,20260600,20260600
2026-02-27 06:30:00,132.78,,,20260300,20260600,20260600
2026-02-27 07:00:00,132.77,132.29,132.29,20260300,20260600,20260600
2026-02-27 08:00:00,132.81,,,20260300,20260600,20260600
2026-02-27 09:00:00,132.89,,,20260300,20260600,20260600
2026-02-27 10:00:00,132.9,132.36,132.36,20260300,20260600,20260600
2026-02-27 11:00:00,132.91,,,20260300,20260600,20260600
2026-02-27 12:00:00,132.9,132.36,132.36,20260300,20260600,20260600
2026-02-27 13:00:00,132.88,,,20260300,20260600,20260600
2026-02-27 14:00:00,132.95,132.4,132.4,20260300,20260600,20260600
2026-02-27 15:00:00,132.95,,,20260300,20260600,20260600
2026-02-27 16:00:00,132.99,132.46,132.46,20260300,20260600,20260600
2026-02-27 17:00:00,133.01,132.47,132.47,20260300,20260600,20260600
2026-02-27 18:00:00,133.01,132.49,132.49,20260300,20260600,20260600
2026-02-27 19:00:00,133.01,132.5,132.5,20260300,20260600,20260600
2026-02-27 20:00:00,132.99,132.47,132.47,20260300,20260600,20260600
2026-02-27 23:00:00,132.8,132.12,132.12,20260300,20260600,20260600
2026-03-01 23:45:00,133.23,132.71,132.71,20260300,20260600,20260600
2026-03-02 01:00:00,132.95,132.44,132.44,20260300,20260600,20260600
2026-03-02 03:30:00,132.9,132.35,132.35,20260300,20260600,20260600
2026-03-02 04:00:00,133.08,132.55,132.55,20260300,20260600,20260600
2026-03-02 05:00:00,133.15,132.63,132.63,20260300,20260600,20260600
2026-03-02 06:30:00,133.18,132.67,132.67,20260300,20260600,20260600
2026-03-02 07:00:00,133.13,132.61,132.61,20260300,20260600,20260600
2026-03-02 08:00:00,133.18,132.66,132.66,20260300,20260600,20260600
2026-03-02 09:00:00,133.11,,,20260300,20260600,20260600
2026-03-02 10:00:00,133.13,132.6,132.6,20260300,20260600,20260600
2026-03-02 11:00:00,133.13,,,20260300,20260600,20260600
2026-03-02 12:00:00,133.0,132.47,132.47,20260300,20260600,20260600
2026-03-02 13:00:00,132.95,132.37,132.37,20260300,20260600,20260600
2026-03-02 14:00:00,132.91,132.37,132.37,20260300,20260600,20260600
2026-03-02 15:00:00,132.84,132.35,132.35,20260300,20260600,20260600
2026-03-02 16:00:00,132.81,132.28,132.28,20260300,20260600,20260600
2026-03-02 17:00:00,132.82,132.29,132.29,20260300,20260600,20260600
2026-03-02 18:00:00,132.86,,,20260300,20260600,20260600
2026-03-02 19:00:00,132.87,132.31,132.31,20260300,20260600,20260600
2026-03-02 20:00:00,132.77,132.3,132.3,20260300,20260600,20260600
2026-03-02 23:00:00,133.24,132.71,132.71,20260300,20260600,20260600
2026-03-02 23:45:00,132.9,132.35,132.35,20260300,20260600,20260600
2026-03-03 01:00:00,132.64,132.12,132.12,20260300,20260600,20260600
2026-03-03 03:30:00,132.67,132.15,132.15,20260300,20260600,20260600
2026-03-03 04:00:00,132.6,132.08,132.08,20260300,20260600,20260600
2026-03-03 05:00:00,132.65,132.12,132.12,20260300,20260600,20260600
2026-03-03 06:00:00,132.64,,,20260300,20260600,20260600
2026-03-03 06:30:00,132.61,132.08,132.08,20260300,20260600,20260600
2026-03-03 07:00:00,132.54,132.01,132.01,20260300,20260600,20260600
2026-03-03 08:00:00,132.47,131.88,131.88,20260300,20260600,20260600
2026-03-03 09:00:00,132.4,131.82,131.82,20260300,20260600,20260600
2026-03-03 10:00:00,132.29,131.75,131.75,20260300,20260600,20260600
2026-03-03 11:00:00,132.39,131.84,131.84,20260300,20260600,20260600
2026-03-03 12:00:00,132.42,131.88,131.88,20260300,20260600,20260600
2026-03-03 13:00:00,132.4,,,20260300,20260600,20260600
2026-03-03 14:00:00,132.44,131.87,131.87,20260300,20260600,20260600
2026-03-03 15:00:00,132.62,132.12,132.12,20260300,20260600,20260600
2026-03-03 16:00:00,132.7,132.16,132.16,20260300,20260600,20260600
2026-03-03 17:00:00,132.69,132.15,132.15,20260300,20260600,20260600
2026-03-03 18:00:00,132.74,132.2,132.2,20260300,20260600,20260600
2026-03-03 19:00:00,132.73,132.22,132.22,20260300,20260600,20260600
2026-03-03 20:00:00,132.79,132.17,132.17,20260300,20260600,20260600
2026-03-03 23:00:00,132.73,132.11,132.11,20260300,20260600,20260600
2026-03-03 23:45:00,132.73,132.22,132.22,20260300,20260600,20260600
2026-03-04 01:00:00,132.85,132.31,132.31,20260300,20260600,20260600
2026-03-04 02:00:00,132.85,,,20260300,20260600,20260600
2026-03-04 03:30:00,132.85,132.35,132.35,20260300,20260600,20260600
2026-03-04 04:00:00,132.88,132.32,132.32,20260300,20260600,20260600
2026-03-04 05:00:00,132.79,132.26,132.26,20260300,20260600,20260600
2026-03-04 06:00:00,132.83,,,20260300,20260600,20260600
2026-03-04 06:30:00,132.81,132.27,132.27,20260300,20260600,20260600
2026-03-04 07:00:00,132.88,132.32,132.32,20260300,20260600,20260600
2026-03-04 08:00:00,132.82,132.31,132.31,20260300,20260600,20260600
2026-03-04 09:00:00,132.76,132.24,132.24,20260300,20260600,20260600
2026-03-04 10:00:00,132.82,132.28,132.28,20260300,20260600,20260600
2026-03-04 11:00:00,132.8,,,20260300,20260600,20260600
2026-03-04 12:00:00,132.87,,,20260300,20260600,20260600
2026-03-04 13:00:00,132.84,132.36,132.36,20260300,20260600,20260600
2026-03-04 14:00:00,132.84,132.31,132.31,20260300,20260600,20260600
2026-03-04 15:00:00,132.8,132.26,132.26,20260300,20260600,20260600
2026-03-04 16:00:00,132.83,132.34,132.34,20260300,20260600,20260600
2026-03-04 17:00:00,132.82,,,20260300,20260600,20260600
2026-03-04 18:00:00,132.8,,,20260300,20260600,20260600
2026-03-04 19:00:00,132.79,132.24,132.24,20260300,20260600,20260600
2026-03-04 20:00:00,132.77,132.23,132.23,20260300,20260600,20260600
2026-03-04 23:00:00,132.83,132.29,132.29,20260300,20260600,20260600
2026-03-04 23:45:00,132.54,132.05,132.05,20260300,20260600,20260600
2026-03-05 01:00:00,132.57,132.03,132.03,20260300,20260600,20260600
2026-03-05 03:30:00,132.6,132.06,132.06,20260300,20260600,20260600
2026-03-05 04:00:00,132.54,132.01,132.01,20260300,20260600,20260600
2026-03-05 05:00:00,132.37,131.83,131.83,20260300,20260600,20260600
2026-03-05 06:00:00,,131.82,131.82,20260300,20260600,20260600
2026-03-05 06:30:00,132.51,131.97,131.97,20260300,20260600,20260600
2026-03-05 07:00:00,132.47,131.95,131.95,20260300,20260600,20260600
2026-03-05 08:00:00,132.5,131.97,131.97,20260300,20260600,20260600
2026-03-05 09:00:00,132.52,131.99,131.99,20260300,20260600,20260600
2026-03-05 10:00:00,132.51,131.97,131.97,20260300,20260600,20260600
2026-03-05 11:00:00,132.49,131.96,131.96,20260300,20260600,20260600
2026-03-05 12:00:00,132.44,131.89,131.89,20260300,20260600,20260600
2026-03-05 13:00:00,132.39,131.83,131.83,20260300,20260600,20260600
2026-03-05 14:00:00,132.4,131.86,131.86,20260300,20260600,20260600
2026-03-05 15:00:00,132.41,131.87,131.87,20260300,20260600,20260600
2026-03-05 16:00:00,132.41,131.82,131.82,20260300,20260600,20260600
2026-03-05 17:00:00,132.42,131.86,131.86,20260300,20260600,20260600
2026-03-05 18:00:00,132.39,131.85,131.85,20260300,20260600,20260600
2026-03-05 19:00:00,132.42,131.89,131.89,20260300,20260600,20260600
2026-03-05 20:00:00,132.43,131.86,131.86,20260300,20260600,20260600
2026-03-05 23:00:00,132.6,131.88,131.88,20260300,20260600,20260600
2026-03-05 23:45:00,132.48,131.94,131.94,20260300,20260600,20260600
2026-03-06 01:00:00,132.38,131.86,131.86,20260300,20260600,20260600
2026-03-06 03:30:00,132.47,131.92,131.92,20260300,20260600,20260600
2026-03-06 04:00:00,132.46,131.91,131.91,20260300,20260600,20260600
2026-03-06 05:00:00,132.48,131.94,131.94,20260300,20260600,20260600
2026-03-06 06:00:00,132.47,,,20260300,20260600,20260600
2026-03-06 06:30:00,132.42,131.91,131.91,20260300,20260600,20260600
2026-03-06 07:00:00,132.43,131.9,131.9,20260300,20260600,20260600
2026-03-06 08:00:00,132.38,131.86,131.86,20260300,20260600,20260600
2026-03-06 09:00:00,132.25,131.71,131.71,20260300,20260600,20260600
2026-03-06 10:00:00,132.3,131.74,131.74,20260300,20260600,20260600
2026-03-06 11:00:00,132.26,131.73,131.73,20260300,20260600,20260600
2026-03-06 12:00:00,132.26,131.72,131.72,20260300,20260600,20260600
2026-03-06 13:00:00,132.36,131.81,131.81,20260300,20260600,20260600
2026-03-06 14:00:00,132.37,131.84,131.84,20260300,20260600,20260600
2026-03-06 15:00:00,132.36,131.82,131.82,20260300,20260600,20260600
2026-03-06 16:00:00,132.41,131.88,131.88,20260300,20260600,20260600
2026-03-06 17:00:00,132.44,131.89,131.89,20260300,20260600,20260600
2026-03-06 18:00:00,132.45,131.92,131.92,20260300,20260600,20260600
2026-03-06 19:00:00,132.4,131.86,131.86,20260300,20260600,20260600
2026-03-06 20:00:00,132.37,131.9,131.9,20260300,20260600,20260600
2026-03-06 23:00:00,132.38,131.85,131.85,20260300,20260600,20260600
2026-03-08 23:45:00,131.94,131.39,131.39,20260300,20260600,20260600
2026-03-09 01:00:00,131.97,131.42,131.42,20260300,20260600,20260600
