DATETIME,PRICE,FORWARD,CARRY,PRICE_CONTRACT,FORWARD_CONTRACT,CARRY_CONTRACT
2025-06-13 13:00:00,0.1005,,,20250900,20251200,20251200
2025-06-13 14:00:00,0.10075,,,20250900,20251200,20251200
2025-06-13 15:00:00,0.10095,,,20250900,20251200,20251200
2025-06-13 16:00:00,0.101,,,20250900,20251200,20251200
2025-06-13 17:00:00,0.10105,,,20250900,20251200,20251200
2025-06-13 18:00:00,0.101,,,20250900,20251200,20251200
2025-06-13 19:00:00,0.10095,,,20250900,20251200,20251200
2025-06-13 20:00:00,0.100975,,,20250900,20251200,20251200
2025-06-13 23:00:00,0.101,0.101,0.101,20250900,20251200,20251200
2025-06-16 03:00:00,0.100825,,,20250900,20251200,20251200
2025-06-16 04:00:00,0.1009,,,20250900,20251200,20251200
2025-06-16 05:00:00,0.10115,,,20250900,20251200,20251200
2025-06-16 06:00:00,0.100975,,,20250900,20251200,20251200
2025-06-16 07:00:00,0.101325,,,20250900,20251200,20251200
2025-06-16 08:00:00,0.101125,,,20250900,20251200,20251200
2025-06-16 09:00:00,0.10115,,,20250900,20251200,20251200
2025-06-16 10:00:00,0.101025,,,20250900,20251200,20251200
2025-06-16 12:00:00,0.10085,,,20250900,20251200,20251200
2025-06-16 13:00:00,0.101025,,,20250900,20251200,20251200
2025-06-16 14:00:00,0.100925,,,20250900,20251200,20251200
2025-06-16 15:00:00,0.10095,,,20250900,20251200,20251200
2025-06-16 16:00:00,0.101025,,,20250900,20251200,20251200
2025-06-16 18:00:00,0.100975,,,20250900,20251200,20251200
2025-06-16 19:00:00,0.100925,,,20250900,20251200,20251200
2025-06-16 20:00:00,0.100925,,,20250900,20251200,20251200
2025-06-16 23:00:00,0.101,0.101,0.101,20250900,20251200,20251200
2025-06-17 02:00:00,0.100875,,,20250900,20251200,20251200
2025-06-17 07:00:00,0.101075,,,20250900,20251200,20251200
2025-06-17 08:00:00,0.100975,,,20250900,20251200,20251200
2025-06-17 09:00:00,0.100925,,,20250900,20251200,20251200
2025-06-17 10:00:00,0.101125,,,20250900,20251200,20251200
2025-06-17 11:00:00,0.101175,,,20250900,20251200,20251200
2025-06-17 12:00:00,0.101025,,,20250900,20251200,20251200
2025-06-17 13:00:00,0.101275,,,20250900,20251200,20251200
2025-06-17 14:00:00,0.100975,,,20250900,20251200,20251200
2025-06-17 15:00:00,0.101,,,20250900,20251200,20251200
2025-06-17 16:00:00,0.100775,,,20250900,20251200,20251200
2025-06-17 17:00:00,0.10065,,,20250900,20251200,20251200
2025-06-17 18:00:00,0.10055,,,20250900,20251200,20251200
2025-06-17 19:00:00,0.100575,,,20250900,20251200,20251200
2025-06-17 20:00:00,0.100525,,,20250900,20251200,20251200
2025-06-17 23:00:00,0.1006,0.1006,0.1006,20250900,20251200,20251200
2025-06-18 06:00:00,0.100825,,,20250900,20251200,20251200
2025-06-18 07:00:00,0.100625,,,20250900,20251200,20251200
2025-06-18 08:00:00,0.10075,,,20250900,20251200,20251200
2025-06-18 09:00:00,0.100425,,,20250900,20251200,20251200
2025-06-18 10:00:00,0.10045,,,20250900,20251200,20251200
2025-06-18 11:00:00,0.1005,,,20250900,20251200,20251200
2025-06-18 12:00:00,0.1005,,,20250900,20251200,20251200
2025-06-18 13:00:00,0.100525,,,20250900,20251200,20251200
2025-06-18 14:00:00,0.10035,,,20250900,20251200,20251200
2025-06-18 15:00:00,0.1004,,,20250900,20251200,20251200
2025-06-18 16:00:00,0.100375,,,20250900,20251200,20251200
2025-06-18 17:00:00,0.10045,,,20250900,20251200,20251200
2025-06-18 18:00:00,0.100175,,,20250900,20251200,20251200
2025-06-18 19:00:00,0.1002,,,20250900,20251200,20251200
2025-06-18 20:00:00,0.10025,,,20250900,20251200,20251200
2025-06-18 23:00:00,0.1002,0.1002,0.1002,20250900,20251200,20251200
2025-06-19 00:00:00,0.100225,,,20250900,20251200,20251200
2025-06-19 03:00:00,0.100025,,,20250900,20251200,20251200
2025-06-19 05:00:00,0.099975,,,20250900,20251200,20251200
2025-06-19 06:00:00,0.0999,,,20250900,20251200,20251200
2025-06-19 07:00:00,0.09995,,,20250900,20251200,20251200
2025-06-19 08:00:00,0.0994,,,20250900,20251200,20251200
2025-06-19 11:00:00,0.099675,,,20250900,20251200,20251200
2025-06-19 12:00:00,0.0994,,,20250900,20251200,20251200
2025-06-19 13:00:00,0.099425,,,20250900,20251200,20251200
2025-06-19 14:00:00,0.099375,,,20250900,20251200,20251200
2025-06-19 15:00:00,0.09935,,,20250900,20251200,20251200
2025-06-19 16:00:00,0.099375,,,20250900,20251200,20251200
2025-06-19 17:00:00,0.099425,,,20250900,20251200,20251200
2025-06-19 18:00:00,0.0996,,,20250900,20251200,20251200
2025-06-19 20:00:00,0.0997,,,20250900,20251200,20251200
2025-06-19 23:00:00,0.1002,0.1002,0.1002,20250900,20251200,20251200
2025-06-20 00:00:00,0.099875,,,20250900,20251200,20251200
2025-06-20 06:00:00,0.099975,,,20250900,20251200,20251200
2025-06-20 07:00:00,0.09955,,,20250900,20251200,20251200
2025-06-20 08:00:00,0.099525,,,20250900,20251200,20251200
2025-06-20 09:00:00,0.09965,,,20250900,20251200,20251200
2025-06-20 10:00:00,0.0995,,,20250900,20251200,20251200
2025-06-20 11:00:00,0.099425,,,20250900,20251200,20251200
2025-06-20 12:00:00,0.09925,,,20250900,20251200,20251200
2025-06-20 13:00:00,0.099125,,,20250900,20251200,20251200
2025-06-20 14:00:00,0.098875,,,20250900,20251200,20251200
2025-06-20 15:00:00,0.09905,,,20250900,20251200,20251200
2025-06-20 16:00:00,0.0989,,,20250900,20251200,20251200
2025-06-20 17:00:00,0.09905,,,20250900,20251200,20251200
2025-06-20 18:00:00,0.0989,,,20250900,20251200,20251200
2025-06-20 19:00:00,0.098925,,,20250900,20251200,20251200
2025-06-20 20:00:00,0.098925,,,20250900,20251200,20251200
2025-06-20 23:00:00,0.098925,0.098975,0.098975,20250900,20251200,20251200
2025-06-23 01:00:00,0.09875,,,20250900,20251200,20251200
2025-06-23 06:00:00,0.098875,,,20250900,20251200,20251200
2025-06-23 08:00:00,0.09835,,,20250900,20251200,20251200
2025-06-23 09:00:00,0.098075,,,20250900,20251200,20251200
2025-06-23 10:00:00,0.098225,,,20250900,20251200,20251200
2025-06-23 11:00:00,0.098325,,,20250900,20251200,20251200
2025-06-23 12:00:00,0.09835,,,20250900,20251200,20251200
2025-06-23 13:00:00,0.098625,,,20250900,20251200,20251200
2025-06-23 14:00:00,0.0991,,,20250900,20251200,20251200
2025-06-23 15:00:00,0.099175,,,20250900,20251200,20251200
2025-06-23 16:00:00,0.099125,,,20250900,20251200,20251200
2025-06-23 17:00:00,0.099125,,,20250900,20251200,20251200
2025-06-23 18:00:00,0.0992,,,20250900,20251200,20251200
2025-06-23 19:00:00,0.0992,,,20250900,20251200,20251200
2025-06-23 20:00:00,0.0992,,,20250900,20251200,20251200
2025-06-23 22:00:00,0.0993,,,20250900,20251200,20251200
2025-06-23 23:00:00,0.09915,0.099175,0.099175,20250900,20251200,20251200
2025-06-24 05:00:00,0.0995,,,20250900,20251200,20251200
2025-06-24 06:00:00,0.0995,,,20250900,20251200,20251200
2025-06-24 07:00:00,0.0991,,,20250900,20251200,20251200
2025-06-24 08:00:00,0.09895,,,20250900,20251200,20251200
2025-06-24 09:00:00,0.099325,,,20250900,20251200,20251200
2025-06-24 10:00:00,0.099175,,,20250900,20251200,20251200
2025-06-24 11:00:00,0.099175,,,20250900,20251200,20251200
2025-06-24 12:00:00,0.098975,,,20250900,20251200,20251200
2025-06-24 13:00:00,0.098775,,,20250900,20251200,20251200
2025-06-24 14:00:00,0.0989,,,20250900,20251200,20251200
2025-06-24 15:00:00,0.098875,,,20250900,20251200,20251200
2025-06-24 16:00:00,0.098875,,,20250900,20251200,20251200
2025-06-24 17:00:00,0.098925,,,20250900,20251200,20251200
2025-06-24 18:00:00,0.09885,,,20250900,20251200,20251200
2025-06-24 19:00:00,0.098875,,,20250900,20251200,20251200
2025-06-24 20:00:00,0.0988,,,20250900,20251200,20251200
2025-06-24 23:00:00,0.098875,0.0989,0.0989,20250900,20251200,20251200
2025-06-25 08:00:00,0.0989,,,20250900,20251200,20251200
2025-06-25 10:00:00,0.09865,,,20250900,20251200,20251200
2025-06-25 12:00:00,0.09825,,,20250900,20251200,20251200
2025-06-25 13:00:00,0.09845,,,20250900,20251200,20251200
2025-06-25 14:00:00,0.0985,,,20250900,20251200,20251200
2025-06-25 16:00:00,0.09865,,,20250900,20251200,20251200
2025-06-25 18:00:00,0.098775,,,20250900,20251200,20251200
2025-06-25 23:00:00,0.098775,0.0988,0.0988,20250900,20251200,20251200
2025-06-26 01:00:00,0.09895,,,20250900,20251200,20251200
2025-06-26 07:00:00,0.0989,,,20250900,20251200,20251200
2025-06-26 08:00:00,0.0992,,,20250900,20251200,20251200
2025-06-26 09:00:00,0.099125,,,20250900,20251200,20251200
2025-06-26 10:00:00,0.099375,,,20250900,20251200,20251200
2025-06-26 11:00:00,0.099025,,,20250900,20251200,20251200
2025-06-26 12:00:00,0.099275,,,20250900,20251200,20251200
2025-06-26 13:00:00,0.099575,,,20250900,20251200,20251200
2025-06-26 14:00:00,0.0994,,,20250900,20251200,20251200
2025-06-26 15:00:00,0.099425,,,20250900,20251200,20251200
2025-06-26 16:00:00,0.099575,,,20250900,20251200,20251200
2025-06-26 17:00:00,0.099475,,,20250900,20251200,20251200
2025-06-26 18:00:00,0.099325,,,20250900,20251200,20251200
2025-06-26 19:00:00,0.099275,,,20250900,20251200,20251200
2025-06-26 20:00:00,0.099225,,,20250900,20251200,20251200
2025-06-26 23:00:00,0.099375,0.0994,0.0994,20250900,20251200,20251200
2025-06-27 06:00:00,0.0993,,,20250900,20251200,20251200
2025-06-27 07:00:00,0.099425,,,20250900,20251200,20251200
2025-06-27 08:00:00,0.0996,,,20250900,20251200,20251200
2025-06-27 09:00:00,0.0994,,,20250900,20251200,20251200
2025-06-27 11:00:00,0.0994,,,20250900,20251200,20251200
2025-06-27 12:00:00,0.099575,,,20250900,20251200,20251200
2025-06-27 13:00:00,0.099325,,,20250900,20251200,20251200
2025-06-27 14:00:00,0.099075,,,20250900,20251200,20251200
2025-06-27 15:00:00,0.09925,,,20250900,20251200,20251200
2025-06-27 16:00:00,0.099225,,,20250900,20251200,20251200
2025-06-27 17:00:00,0.099025,,,20250900,20251200,20251200
2025-06-27 18:00:00,0.09905,,,20250900,20251200,20251200
2025-06-27 19:00:00,0.09915,,,20250900,20251200,20251200
2025-06-27 20:00:00,0.0992,,,20250900,20251200,20251200
2025-06-27 23:00:00,0.099025,0.09905,0.09905,20250900,20251200,20251200
2025-06-30 04:00:00,0.0994,,,20250900,20251200,20251200
2025-06-30 06:00:00,0.0995,,,20250900,20251200,20251200
2025-06-30 07:00:00,0.099225,,,20250900,20251200,20251200
2025-06-30 08:00:00,0.0993,,,20250900,20251200,20251200
2025-06-30 10:00:00,0.099,,,20250900,20251200,20251200
2025-06-30 11:00:00,0.099125,,,20250900,20251200,20251200
2025-06-30 12:00:00,0.098975,,,20250900,20251200,20251200
2025-06-30 13:00:00,0.09885,,,20250900,20251200,20251200
2025-06-30 14:00:00,0.098825,,,20250900,20251200,20251200
2025-06-30 15:00:00,0.0989,,,20250900,20251200,20251200
2025-06-30 16:00:00,0.09905,,,20250900,20251200,20251200
2025-06-30 17:00:00,0.09915,,,20250900,20251200,20251200
2025-06-30 18:00:00,0.0992,,,20250900,20251200,20251200
2025-06-30 19:00:00,0.099275,,,20250900,20251200,20251200
2025-06-30 20:00:00,0.0993,,,20250900,20251200,20251200
2025-06-30 23:00:00,0.09925,0.0993,0.0993,20250900,20251200,20251200
2025-07-01 05:00:00,0.099275,,,20250900,20251200,20251200
2025-07-01 06:00:00,0.09935,,,20250900,20251200,20251200
2025-07-01 07:00:00,0.0995,,,20250900,20251200,20251200
2025-07-01 08:00:00,0.09945,,,20250900,20251200,20251200
2025-07-01 09:00:00,0.09985,,,20250900,20251200,20251200
2025-07-01 10:00:00,0.099925,,,20250900,20251200,20251200
2025-07-01 11:00:00,0.099775,,,20250900,20251200,20251200
2025-07-01 12:00:00,0.0996,,,20250900,20251200,20251200
2025-07-01 13:00:00,0.099525,,,20250900,20251200,20251200
2025-07-01 14:00:00,0.099275,,,20250900,20251200,20251200
2025-07-01 15:00:00,0.09915,,,20250900,20251200,20251200
2025-07-01 16:00:00,0.099175,,,20250900,20251200,20251200
2025-07-01 18:00:00,0.0992,,,20250900,20251200,20251200
2025-07-01 19:00:00,0.0992,,,20250900,20251200,20251200
2025-07-01 20:00:00,0.09935,,,20250900,20251200,20251200
2025-07-01 23:00:00,0.09925,0.0993,0.0993,20250900,20251200,20251200
2025-07-02 00:00:00,0.0993,,,20250900,20251200,20251200
2025-07-02 06:00:00,0.099125,,,20250900,20251200,20251200
2025-07-02 08:00:00,0.0991,,,20250900,20251200,20251200
2025-07-02 09:00:00,0.0991,,,20250900,20251200,20251200
2025-07-02 10:00:00,0.09915,,,20250900,20251200,20251200
2025-07-02 11:00:00,0.099,,,20250900,20251200,20251200
2025-07-02 12:00:00,0.09895,,,20250900,20251200,20251200
2025-07-02 13:00:00,0.09885,,,20250900,20251200,20251200
2025-07-02 14:00:00,0.098875,,,20250900,20251200,20251200
2025-07-02 15:00:00,0.0991,,,20250900,20251200,20251200
2025-07-02 16:00:00,0.099125,,,20250900,20251200,20251200
2025-07-02 17:00:00,0.099375,,,20250900,20251200,20251200
2025-07-02 18:00:00,0.099475,,,20250900,20251200,20251200
2025-07-02 19:00:00,0.09945,,,20250900,20251200,20251200
2025-07-02 20:00:00,0.099275,,,20250900,20251200,20251200
2025-07-02 23:00:00,0.09945,0.0995,0.0995,20250900,20251200,20251200
2025-07-03 01:00:00,0.099375,,,20250900,20251200,20251200
2025-07-03 03:00:00,0.099175,,,20250900,20251200,20251200
2025-07-03 06:00:00,,0.099325,0.099325,20250900,20251200,20251200
2025-07-03 07:00:00,0.099325,,,20250900,20251200,20251200
2025-07-03 08:00:00,0.0993,,,20250900,20251200,20251200
2025-07-03 09:00:00,0.099325,,,20250900,20251200,20251200
2025-07-03 10:00:00,0.099425,,,20250900,20251200,20251200
2025-07-03 11:00:00,0.09935,,,20250900,20251200,20251200
2025-07-03 12:00:00,0.09885,,,20250900,20251200,20251200
2025-07-03 13:00:00,0.099425,,,20250900,20251200,20251200
2025-07-03 14:00:00,0.0994,,,20250900,20251200,20251200
2025-07-03 15:00:00,0.099425,,,20250900,20251200,20251200
2025-07-03 18:00:00,0.099425,,,20250900,20251200,20251200
2025-07-03 20:00:00,0.099425,,,20250900,20251200,20251200
2025-07-03 23:00:00,0.099425,0.099325,0.099325,20250900,20251200,20251200
2025-07-04 04:00:00,0.099475,,,20250900,20251200,20251200
2025-07-04 06:00:00,0.09955,,,20250900,20251200,20251200
2025-07-04 10:00:00,0.099325,,,20250900,20251200,20251200
2025-07-04 11:00:00,0.0994,,,20250900,20251200,20251200
2025-07-04 12:00:00,0.0994,,,20250900,20251200,20251200
2025-07-04 13:00:00,0.099525,,,20250900,20251200,20251200
2025-07-04 14:00:00,0.099275,,,20250900,20251200,20251200
2025-07-04 15:00:00,0.0993,0.099275,0.099275,20250900,20251200,20251200
2025-07-04 16:00:00,0.099325,,,20250900,20251200,20251200
2025-07-07 05:00:00,0.099,,,20250900,20251200,20251200
2025-07-07 06:00:00,0.09885,,,20250900,20251200,20251200
2025-07-07 07:00:00,0.098975,,,20250900,20251200,20251200
2025-07-07 08:00:00,0.098625,,,20250900,20251200,20251200
2025-07-07 09:00:00,0.0987,,,20250900,20251200,20251200
2025-07-07 10:00:00,0.098625,,,20250900,20251200,20251200
2025-07-07 11:00:00,0.098825,,,20250900,20251200,20251200
2025-07-07 12:00:00,0.09875,,,20250900,20251200,20251200
2025-07-07 13:00:00,0.099,,,20250900,20251200,20251200
2025-07-07 14:00:00,0.0991,,,20250900,20251200,20251200
2025-07-07 15:00:00,0.0992,,,20250900,20251200,20251200
2025-07-07 16:00:00,0.098875,,,20250900,20251200,20251200
2025-07-07 18:00:00,0.098675,,,20250900,20251200,20251200
2025-07-07 19:00:00,0.0989,,,20250900,20251200,20251200
2025-07-07 23:00:00,0.0989,0.09895,0.09895,20250900,20251200,20251200
2025-07-08 01:00:00,0.098925,,,20250900,20251200,20251200
2025-07-08 02:00:00,0.099075,,,20250900,20251200,20251200
2025-07-08 04:00:00,0.099125,,,20250900,20251200,20251200
2025-07-08 06:00:00,0.0992,,,20250900,20251200,20251200
2025-07-08 07:00:00,0.099625,,,20250900,20251200,20251200
2025-07-08 08:00:00,0.0994,,,20250900,20251200,20251200
2025-07-08 09:00:00,0.0992,,,20250900,20251200,20251200
2025-07-08 10:00:00,0.0992,,,20250900,20251200,20251200
2025-07-08 11:00:00,0.099225,,,20250900,20251200,20251200
2025-07-08 12:00:00,0.099125,,,20250900,20251200,20251200
2025-07-08 13:00:00,0.098925,,,20250900,20251200,20251200
2025-07-08 14:00:00,0.09875,,,20250900,20251200,20251200
2025-07-08 15:00:00,0.099,,,20250900,20251200,20251200
2025-07-08 17:00:00,0.09905,,,20250900,20251200,20251200
2025-07-08 18:00:00,0.09905,,,20250900,20251200,20251200
2025-07-08 19:00:00,0.0991,,,20250900,20251200,20251200
2025-07-08 20:00:00,0.099125,,,20250900,20251200,20251200
2025-07-08 23:00:00,0.099125,0.0991,0.0991,20250900,20251200,20251200
2025-07-09 03:00:00,0.098925,,,20250900,20251200,20251200
2025-07-09 06:00:00,0.09905,,,20250900,20251200,20251200
2025-07-09 07:00:00,0.098925,,,20250900,20251200,20251200
2025-07-09 08:00:00,0.09915,,,20250900,20251200,20251200
2025-07-09 09:00:00,0.0991,,,20250900,20251200,20251200
2025-07-09 12:00:00,0.098975,,,20250900,20251200,20251200
2025-07-09 13:00:00,0.099025,,,20250900,20251200,20251200
2025-07-09 14:00:00,0.0991,,,20250900,20251200,20251200
2025-07-09 16:00:00,0.099075,,,20250900,20251200,20251200
2025-07-09 18:00:00,0.0991,,,20250900,20251200,20251200
2025-07-09 19:00:00,0.099075,,,20250900,20251200,20251200
2025-07-09 20:00:00,0.099025,,,20250900,20251200,20251200
2025-07-09 22:00:00,0.0991,,,20250900,20251200,20251200
2025-07-09 23:00:00,0.099025,0.099125,0.099125,20250900,20251200,20251200
2025-07-10 06:00:00,0.099275,,,20250900,20251200,20251200
2025-07-10 07:00:00,0.099375,,,20250900,20251200,20251200
2025-07-10 08:00:00,0.099275,,,20250900,20251200,20251200
2025-07-10 10:00:00,0.09945,,,20250900,20251200,20251200
2025-07-10 11:00:00,0.099275,,,20250900,20251200,20251200
2025-07-10 12:00:00,0.0992,,,20250900,20251200,20251200
2025-07-10 13:00:00,0.098925,,,20250900,20251200,20251200
2025-07-10 14:00:00,0.09905,,,20250900,20251200,20251200
2025-07-10 15:00:00,0.099125,,,20250900,20251200,20251200
2025-07-10 16:00:00,0.099175,,,20250900,20251200,20251200
2025-07-10 17:00:00,0.099175,,,20250900,20251200,20251200
2025-07-10 18:00:00,0.0993,,,20250900,20251200,20251200
2025-07-10 19:00:00,0.099275,,,20250900,20251200,20251200
2025-07-10 20:00:00,0.099375,,,20250900,20251200,20251200
2025-07-10 23:00:00,0.099375,0.099325,0.099325,20250900,20251200,20251200
2025-07-11 00:00:00,0.09895,,,20250900,20251200,20251200
2025-07-11 05:00:00,0.099075,,,20250900,20251200,20251200
2025-07-11 06:00:00,0.099025,,,20250900,20251200,20251200
2025-07-11 07:00:00,0.098975,,,20250900,20251200,20251200
2025-07-11 08:00:00,0.098925,,,20250900,20251200,20251200
2025-07-11 09:00:00,0.098825,,,20250900,20251200,20251200
2025-07-11 10:00:00,0.099,,,20250900,20251200,20251200
2025-07-11 11:00:00,0.099,,,20250900,20251200,20251200
2025-07-11 12:00:00,0.09895,,,20250900,20251200,20251200
2025-07-11 13:00:00,0.098825,,,20250900,20251200,20251200
2025-07-11 14:00:00,0.098825,,,20250900,20251200,20251200
2025-07-11 15:00:00,0.0988,,,20250900,20251200,20251200
2025-07-11 16:00:00,0.09865,,,20250900,20251200,20251200
2025-07-11 18:00:00,0.0987,,,20250900,20251200,20251200
2025-07-11 19:00:00,0.098675,,,20250900,20251200,20251200
2025-07-11 20:00:00,0.098625,,,20250900,20251200,20251200
2025-07-11 23:00:00,0.098625,0.098775,0.098775,20250900,20251200,20251200
2025-07-14 03:00:00,0.098575,,,20250900,20251200,20251200
2025-07-14 04:00:00,0.098525,,,20250900,20251200,20251200
2025-07-14 06:00:00,0.098425,,,20250900,20251200,20251200
2025-07-14 07:00:00,0.09895,,,20250900,20251200,20251200
2025-07-14 08:00:00,0.0989,,,20250900,20251200,20251200
2025-07-14 09:00:00,0.09895,,,20250900,20251200,20251200
2025-07-14 10:00:00,0.099025,,,20250900,20251200,20251200
2025-07-14 11:00:00,0.099025,,,20250900,20251200,20251200
2025-07-14 12:00:00,0.098975,,,20250900,20251200,20251200
2025-07-14 13:00:00,0.099,,,20250900,20251200,20251200
2025-07-14 14:00:00,0.09885,,,20250900,20251200,20251200
2025-07-14 15:00:00,0.09885,,,20250900,20251200,20251200
2025-07-14 16:00:00,0.098725,,,20250900,20251200,20251200
2025-07-14 17:00:00,0.09865,,,20250900,20251200,20251200
2025-07-14 18:00:00,0.0987,,,20250900,20251200,20251200
2025-07-14 19:00:00,0.0987,,,20250900,20251200,20251200
2025-07-14 20:00:00,0.098625,,,20250900,20251200,20251200
2025-07-14 23:00:00,0.098625,0.09875,0.09875,20250900,20251200,20251200
2025-07-15 02:00:00,0.09875,,,20250900,20251200,20251200
2025-07-15 05:00:00,0.098775,,,20250900,20251200,20251200
2025-07-15 06:00:00,0.098725,,,20250900,20251200,20251200
2025-07-15 07:00:00,0.09865,,,20250900,20251200,20251200
2025-07-15 08:00:00,0.098625,,,20250900,20251200,20251200
2025-07-15 09:00:00,0.098575,,,20250900,20251200,20251200
2025-07-15 10:00:00,0.09845,,,20250900,20251200,20251200
2025-07-15 11:00:00,0.098425,,,20250900,20251200,20251200
2025-07-15 12:00:00,0.098625,,,20250900,20251200,20251200
2025-07-15 13:00:00,0.098225,,,20250900,20251200,20251200
2025-07-15 14:00:00,0.0979,,,20250900,20251200,20251200
2025-07-15 15:00:00,0.09775,,,20250900,20251200,20251200
2025-07-15 16:00:00,0.097475,,,20250900,20251200,20251200
2025-07-15 17:00:00,0.097475,,,20250900,20251200,20251200
2025-07-15 18:00:00,0.097575,,,20250900,20251200,20251200
2025-07-15 19:00:00,0.097475,,,20250900,20251200,20251200
2025-07-15 20:00:00,0.09755,,,20250900,20251200,20251200
2025-07-15 23:00:00,0.09755,0.0976,0.0976,20250900,20251200,20251200
2025-07-16 00:00:00,0.097625,,,20250900,20251200,20251200
2025-07-16 01:00:00,0.09765,,,20250900,20251200,20251200
2025-07-16 02:00:00,0.09755,,,20250900,20251200,20251200
2025-07-16 03:00:00,0.0976,,,20250900,20251200,20251200
2025-07-16 05:00:00,0.097675,,,20250900,20251200,20251200
2025-07-16 06:00:00,0.09765,,,20250900,20251200,20251200
2025-07-16 07:00:00,0.097425,,,20250900,20251200,20251200
2025-07-16 09:00:00,0.097325,,,20250900,20251200,20251200
2025-07-16 10:00:00,0.097175,,,20250900,20251200,20251200
2025-07-16 11:00:00,0.097175,,,20250900,20251200,20251200
2025-07-16 12:00:00,0.097125,,,20250900,20251200,20251200
2025-07-16 13:00:00,0.09695,,,20250900,20251200,20251200
2025-07-16 14:00:00,0.09715,,,20250900,20251200,20251200
2025-07-16 15:00:00,0.09745,,,20250900,20251200,20251200
2025-07-16 16:00:00,0.097675,,,20250900,20251200,20251200
2025-07-16 17:00:00,0.097725,,,20250900,20251200,20251200
2025-07-16 18:00:00,0.09755,,,20250900,20251200,20251200
2025-07-16 19:00:00,0.097625,,,20250900,20251200,20251200
2025-07-16 20:00:00,0.09765,,,20250900,20251200,20251200
2025-07-16 23:00:00,0.09765,0.097625,0.097625,20250900,20251200,20251200
2025-07-17 01:00:00,0.0974,,,20250900,20251200,20251200
2025-07-17 06:00:00,0.097,,,20250900,20251200,20251200
2025-07-17 07:00:00,0.096975,,,20250900,20251200,20251200
2025-07-17 08:00:00,0.097075,,,20250900,20251200,20251200
2025-07-17 10:00:00,0.0969,,,20250900,20251200,20251200
2025-07-17 11:00:00,0.096775,,,20250900,20251200,20251200
2025-07-17 12:00:00,0.096825,,,20250900,20251200,20251200
2025-07-17 13:00:00,0.096875,,,20250900,20251200,20251200
2025-07-17 14:00:00,0.0969,,,20250900,20251200,20251200
2025-07-17 15:00:00,0.097025,,,20250900,20251200,20251200
2025-07-17 16:00:00,0.097075,,,20250900,20251200,20251200
2025-07-17 18:00:00,0.097,,,20250900,20251200,20251200
2025-07-17 19:00:00,0.097025,,,20250900,20251200,20251200
2025-07-17 20:00:00,0.097125,,,20250900,20251200,20251200
2025-07-17 22:00:00,0.0972,,,20250900,20251200,20251200
2025-07-17 23:00:00,0.097125,0.09705,0.09705,20250900,20251200,20251200
2025-07-18 05:00:00,0.097325,,,20250900,20251200,20251200
2025-07-18 06:00:00,0.0975,,,20250900,20251200,20251200
2025-07-18 08:00:00,0.097925,,,20250900,20251200,20251200
2025-07-18 10:00:00,0.097975,,,20250900,20251200,20251200
2025-07-18 12:00:00,0.098425,,,20250900,20251200,20251200
2025-07-18 13:00:00,0.0986,,,20250900,20251200,20251200
2025-07-18 14:00:00,0.0985,,,20250900,20251200,20251200
2025-07-18 15:00:00,0.0984,,,20250900,20251200,20251200
2025-07-18 16:00:00,0.09835,,,20250900,20251200,20251200
2025-07-18 17:00:00,0.09825,,,20250900,20251200,20251200
2025-07-18 18:00:00,0.0983,,,20250900,20251200,20251200
2025-07-18 20:00:00,0.0983,,,20250900,20251200,20251200
2025-07-18 23:00:00,0.0983,0.0983,0.0983,20250900,20251200,20251200
2025-07-21 02:00:00,0.098325,,,20250900,20251200,20251200
2025-07-21 06:00:00,0.0984,,,20250900,20251200,20251200
2025-07-21 07:00:00,0.098125,,,20250900,20251200,20251200
2025-07-21 08:00:00,0.098125,,,20250900,20251200,20251200
2025-07-21 09:00:00,0.098025,,,20250900,20251200,20251200
2025-07-21 10:00:00,0.098075,,,20250900,20251200,20251200
2025-07-21 11:00:00,0.0983,,,20250900,20251200,20251200
2025-07-21 13:00:00,0.098175,,,20250900,20251200,20251200
2025-07-21 14:00:00,0.098375,,,20250900,20251200,20251200
2025-07-21 15:00:00,0.09845,,,20250900,20251200,20251200
2025-07-21 16:00:00,0.098525,,,20250900,20251200,20251200
2025-07-21 18:00:00,0.09845,,,20250900,20251200,20251200
2025-07-21 19:00:00,0.0984,,,20250900,20251200,20251200
2025-07-21 23:00:00,0.0984,0.098475,0.098475,20250900,20251200,20251200
2025-07-22 01:00:00,0.098375,,,20250900,20251200,20251200
2025-07-22 05:00:00,0.0983,,,20250900,20251200,20251200
2025-07-22 06:00:00,0.098275,,,20250900,20251200,20251200
2025-07-22 07:00:00,0.09815,,,20250900,20251200,20251200
2025-07-22 08:00:00,0.0982,,,20250900,20251200,20251200
2025-07-22 09:00:00,0.09835,,,20250900,20251200,20251200
2025-07-22 11:00:00,0.09835,,,20250900,20251200,20251200
2025-07-22 12:00:00,0.098425,,,20250900,20251200,20251200
2025-07-22 13:00:00,0.098575,,,20250900,20251200,20251200
2025-07-22 14:00:00,0.098975,,,20250900,20251200,20251200
2025-07-22 15:00:00,0.099175,,,20250900,20251200,20251200
2025-07-22 16:00:00,0.099225,,,20250900,20251200,20251200
2025-07-22 17:00:00,0.09925,,,20250900,20251200,20251200
2025-07-22 18:00:00,0.099275,,,20250900,20251200,20251200
2025-07-22 19:00:00,0.0993,,,20250900,20251200,20251200
2025-07-22 20:00:00,0.099225,,,20250900,20251200,20251200
2025-07-22 23:00:00,0.099225,0.099325,0.099325,20250900,20251200,20251200
2025-07-23 04:00:00,0.09935,,,20250900,20251200,20251200
2025-07-23 05:00:00,0.099275,,,20250900,20251200,20251200
2025-07-23 08:00:00,0.099475,,,20250900,20251200,20251200
2025-07-23 09:00:00,0.09945,,,20250900,20251200,20251200
2025-07-23 10:00:00,0.099325,,,20250900,20251200,20251200
2025-07-23 11:00:00,0.099125,,,20250900,20251200,20251200
2025-07-23 12:00:00,0.099075,,,20250900,20251200,20251200
2025-07-23 13:00:00,0.098925,,,20250900,20251200,20251200
2025-07-23 14:00:00,0.0989,,,20250900,20251200,20251200
2025-07-23 15:00:00,0.09895,,,20250900,20251200,20251200
2025-07-23 16:00:00,0.0989,,,20250900,20251200,20251200
2025-07-23 17:00:00,0.098925,,,20250900,20251200,20251200
2025-07-23 19:00:00,0.099025,,,20250900,20251200,20251200
2025-07-23 20:00:00,0.099,,,20250900,20251200,20251200
2025-07-23 23:00:00,0.099,0.099075,0.099075,20250900,20251200,20251200
2025-07-24 00:00:00,0.098975,,,20250900,20251200,20251200
2025-07-24 06:00:00,0.09895,,,20250900,20251200,20251200
2025-07-24 07:00:00,0.099075,,,20250900,20251200,20251200
2025-07-24 08:00:00,0.099175,,,20250900,20251200,20251200
2025-07-24 10:00:00,0.099025,,,20250900,20251200,20251200
2025-07-24 11:00:00,0.099075,,,20250900,20251200,20251200
2025-07-24 12:00:00,0.0989,,,20250900,20251200,20251200
2025-07-24 13:00:00,0.099025,,,20250900,20251200,20251200
2025-07-24 14:00:00,0.099075,,,20250900,20251200,20251200
2025-07-24 15:00:00,0.098925,,,20250900,20251200,20251200
2025-07-24 16:00:00,0.098825,,,20250900,20251200,20251200
2025-07-24 17:00:00,0.098925,,,20250900,20251200,20251200
2025-07-24 19:00:00,0.09885,,,20250900,20251200,20251200
2025-07-24 23:00:00,0.09885,0.099,0.099,20250900,20251200,20251200
2025-07-25 04:00:00,0.0986,,,20250900,20251200,20251200
2025-07-25 05:00:00,0.0987,,,20250900,20251200,20251200
2025-07-25 07:00:00,0.09855,,,20250900,20251200,20251200
2025-07-25 08:00:00,0.098475,,,20250900,20251200,20251200
2025-07-25 09:00:00,0.0985,,,20250900,20251200,20251200
2025-07-25 10:00:00,0.09855,,,20250900,20251200,20251200
2025-07-25 11:00:00,0.098525,,,20250900,20251200,20251200
2025-07-25 12:00:00,0.098425,,,20250900,20251200,20251200
2025-07-25 13:00:00,0.0985,,,20250900,20251200,20251200
2025-07-25 14:00:00,0.0985,,,20250900,20251200,20251200
2025-07-25 15:00:00,0.09825,,,20250900,20251200,20251200
2025-07-25 17:00:00,0.098425,,,20250900,20251200,20251200
2025-07-25 18:00:00,0.098475,,,20250900,20251200,20251200
2025-07-25 19:00:00,0.098425,,,20250900,20251200,20251200
2025-07-25 20:00:00,0.098425,,,20250900,20251200,20251200
2025-07-25 23:00:00,0.098425,0.09855,0.09855,20250900,20251200,20251200
2025-07-28 02:00:00,0.098625,,,20250900,20251200,20251200
2025-07-28 05:00:00,0.098525,,,20250900,20251200,20251200
2025-07-28 06:00:00,0.0983,,,20250900,20251200,20251200
2025-07-28 07:00:00,0.0981,,,20250900,20251200,20251200
2025-07-28 08:00:00,0.09805,,,20250900,20251200,20251200
2025-07-28 11:00:00,0.09825,,,20250900,20251200,20251200
2025-07-28 12:00:00,0.0985,,,20250900,20251200,20251200
2025-07-28 13:00:00,0.098325,,,20250900,20251200,20251200
2025-07-28 14:00:00,0.0984,,,20250900,20251200,20251200
2025-07-28 15:00:00,0.09825,,,20250900,20251200,20251200
2025-07-28 16:00:00,0.098175,,,20250900,20251200,20251200
2025-07-28 19:00:00,0.09805,,,20250900,20251200,20251200
2025-07-28 23:00:00,0.09805,0.098175,0.098175,20250900,20251200,20251200
2025-07-29 03:00:00,0.09815,,,20250900,20251200,20251200
2025-07-29 04:00:00,0.09805,,,20250900,20251200,20251200
2025-07-29 07:00:00,0.0977,,,20250900,20251200,20251200
2025-07-29 09:00:00,0.098125,,,20250900,20251200,20251200
2025-07-29 10:00:00,0.09805,,,20250900,20251200,20251200
2025-07-29 11:00:00,0.0977,,,20250900,20251200,20251200
2025-07-29 12:00:00,0.0977,,,20250900,20251200,20251200
2025-07-29 13:00:00,0.09795,,,20250900,20251200,20251200
2025-07-29 14:00:00,0.09775,,,20250900,20251200,20251200
2025-07-29 18:00:00,0.09805,,,20250900,20251200,20251200
2025-07-29 19:00:00,0.098075,,,20250900,20251200,20251200
2025-07-29 23:00:00,0.098075,0.098125,0.098125,20250900,20251200,20251200
2025-07-30 06:00:00,0.098125,,,20250900,20251200,20251200
2025-07-30 07:00:00,0.0983,,,20250900,20251200,20251200
2025-07-30 08:00:00,0.0982,,,20250900,20251200,20251200
2025-07-30 09:00:00,0.09815,,,20250900,20251200,20251200
2025-07-30 10:00:00,0.098025,,,20250900,20251200,20251200
2025-07-30 12:00:00,0.097525,,,20250900,20251200,20251200
2025-07-30 13:00:00,0.097375,,,20250900,20251200,20251200
2025-07-30 14:00:00,0.09745,,,20250900,20251200,20251200
2025-07-30 15:00:00,0.097375,,,20250900,20251200,20251200
2025-07-30 18:00:00,0.096975,,,20250900,20251200,20251200
2025-07-30 19:00:00,0.09695,,,20250900,20251200,20251200
2025-07-30 20:00:00,0.096825,,,20250900,20251200,20251200
2025-07-30 23:00:00,0.096825,0.097075,0.097075,20250900,20251200,20251200
2025-07-31 05:00:00,0.09715,,,20250900,20251200,20251200
2025-07-31 06:00:00,0.0973,,,20250900,20251200,20251200
2025-07-31 07:00:00,0.097075,,,20250900,20251200,20251200
2025-07-31 08:00:00,0.09705,,,20250900,20251200,20251200
2025-07-31 10:00:00,0.0969,,,20250900,20251200,20251200
2025-07-31 11:00:00,0.09725,,,20250900,20251200,20251200
2025-07-31 12:00:00,0.097175,,,20250900,20251200,20251200
2025-07-31 13:00:00,0.09695,,,20250900,20251200,20251200
2025-07-31 14:00:00,0.097225,,,20250900,20251200,20251200
2025-07-31 15:00:00,0.096975,,,20250900,20251200,20251200
2025-07-31 16:00:00,0.096975,,,20250900,20251200,20251200
2025-07-31 17:00:00,0.09685,,,20250900,20251200,20251200
2025-07-31 19:00:00,0.096875,,,20250900,20251200,20251200
2025-07-31 20:00:00,0.096725,,,20250900,20251200,20251200
2025-07-31 23:00:00,0.096725,0.097,0.097,20250900,20251200,20251200
2025-08-01 00:00:00,0.096925,,,20250900,20251200,20251200
2025-08-01 07:00:00,0.096775,,,20250900,20251200,20251200
2025-08-01 08:00:00,0.0967,,,20250900,20251200,20251200
2025-08-01 09:00:00,0.0965,,,20250900,20251200,20251200
2025-08-01 10:00:00,0.096575,,,20250900,20251200,20251200
2025-08-01 12:00:00,0.09785,,,20250900,20251200,20251200
2025-08-01 13:00:00,0.09755,,,20250900,20251200,20251200
2025-08-01 14:00:00,0.097625,,,20250900,20251200,20251200
2025-08-01 15:00:00,0.09755,,,20250900,20251200,20251200
2025-08-01 16:00:00,0.09735,,,20250900,20251200,20251200
2025-08-01 17:00:00,0.0972,,,20250900,20251200,20251200
2025-08-01 18:00:00,0.0972,,,20250900,20251200,20251200
2025-08-01 19:00:00,0.097275,,,20250900,20251200,20251200
2025-08-01 20:00:00,0.097775,,,20250900,20251200,20251200
2025-08-01 23:00:00,0.097775,0.097225,0.097225,20250900,20251200,20251200
2025-08-04 06:00:00,0.0976,,,20250900,20251200,20251200
2025-08-04 07:00:00,0.0975,,,20250900,20251200,20251200
2025-08-04 08:00:00,0.0975,,,20250900,20251200,20251200
2025-08-04 09:00:00,0.097475,,,20250900,20251200,20251200
2025-08-04 10:00:00,0.097325,,,20250900,20251200,20251200
2025-08-04 11:00:00,0.0975,,,20250900,20251200,20251200
2025-08-04 12:00:00,0.097575,,,20250900,20251200,20251200
2025-08-04 13:00:00,0.097575,,,20250900,20251200,20251200
2025-08-04 14:00:00,0.097375,,,20250900,20251200,20251200
2025-08-04 15:00:00,0.0974,,,20250900,20251200,20251200
2025-08-04 16:00:00,0.097375,,,20250900,20251200,20251200
2025-08-04 17:00:00,0.097325,,,20250900,20251200,20251200
2025-08-04 18:00:00,0.097275,,,20250900,20251200,20251200
2025-08-04 19:00:00,0.09735,,,20250900,20251200,20251200
2025-08-04 20:00:00,0.097375,,,20250900,20251200,20251200
2025-08-04 23:00:00,0.097375,0.0973,0.0973,20250900,20251200,20251200
2025-08-05 00:00:00,0.097625,,,20250900,20251200,20251200
2025-08-05 09:00:00,0.09745,,,20250900,20251200,20251200
2025-08-05 10:00:00,0.097375,,,20250900,20251200,20251200
2025-08-05 11:00:00,0.09735,,,20250900,20251200,20251200
2025-08-05 12:00:00,0.097275,,,20250900,20251200,20251200
2025-08-05 13:00:00,0.097325,,,20250900,20251200,20251200
2025-08-05 14:00:00,0.09725,,,20250900,20251200,20251200
2025-08-05 15:00:00,0.0975,,,20250900,20251200,20251200
2025-08-05 16:00:00,0.0976,,,20250900,20251200,20251200
2025-08-05 18:00:00,0.097475,,,20250900,20251200,20251200
2025-08-05 19:00:00,0.09745,,,20250900,20251200,20251200
2025-08-05 22:00:00,0.09755,,,20250900,20251200,20251200
2025-08-05 23:00:00,0.09745,0.097525,0.097525,20250900,20251200,20251200
2025-08-06 06:00:00,0.097625,,,20250900,20251200,20251200
2025-08-06 08:00:00,0.0978,,,20250900,20251200,20251200
2025-08-06 09:00:00,0.0978,,,20250900,20251200,20251200
2025-08-06 11:00:00,0.09795,,,20250900,20251200,20251200
2025-08-06 12:00:00,0.097975,,,20250900,20251200,20251200
2025-08-06 13:00:00,0.0982,,,20250900,20251200,20251200
2025-08-06 14:00:00,0.09805,,,20250900,20251200,20251200
2025-08-06 15:00:00,0.098175,,,20250900,20251200,20251200
2025-08-06 16:00:00,0.098075,,,20250900,20251200,20251200
2025-08-06 18:00:00,0.098175,,,20250900,20251200,20251200
2025-08-06 19:00:00,0.098125,,,20250900,20251200,20251200
2025-08-06 23:00:00,0.098125,0.0982,0.0982,20250900,20251200,20251200
2025-08-07 05:00:00,0.098375,,,20250900,20251200,20251200
2025-08-07 07:00:00,0.0983,,,20250900,20251200,20251200
2025-08-07 08:00:00,0.097975,,,20250900,20251200,20251200
2025-08-07 09:00:00,0.098025,,,20250900,20251200,20251200
2025-08-07 10:00:00,0.09805,,,20250900,20251200,20251200
2025-08-07 11:00:00,0.098,,,20250900,20251200,20251200
2025-08-07 12:00:00,0.097925,,,20250900,20251200,20251200
2025-08-07 13:00:00,0.097775,,,20250900,20251200,20251200
2025-08-07 14:00:00,0.097475,,,20250900,20251200,20251200
2025-08-07 15:00:00,0.0975,,,20250900,20251200,20251200
2025-08-07 16:00:00,0.09765,,,20250900,20251200,20251200
2025-08-07 17:00:00,0.097575,,,20250900,20251200,20251200
2025-08-07 18:00:00,0.0975,,,20250900,20251200,20251200
2025-08-07 19:00:00,0.09745,,,20250900,20251200,20251200
2025-08-07 20:00:00,0.09785,,,20250900,20251200,20251200
2025-08-07 23:00:00,0.09785,0.0975,0.0975,20250900,20251200,20251200
2025-08-08 07:00:00,0.097725,,,20250900,20251200,20251200
2025-08-08 08:00:00,0.0977,,,20250900,20251200,20251200
2025-08-08 09:00:00,0.0977,,,20250900,20251200,20251200
2025-08-08 11:00:00,0.097475,,,20250900,20251200,20251200
2025-08-08 12:00:00,0.097475,,,20250900,20251200,20251200
2025-08-08 13:00:00,0.0976,,,20250900,20251200,20251200
2025-08-08 14:00:00,0.097275,,,20250900,20251200,20251200
2025-08-08 15:00:00,0.09735,,,20250900,20251200,20251200
2025-08-08 16:00:00,0.097275,,,20250900,20251200,20251200
2025-08-08 17:00:00,0.097375,,,20250900,20251200,20251200
2025-08-08 18:00:00,0.0973,,,20250900,20251200,20251200
2025-08-08 19:00:00,0.09715,,,20250900,20251200,20251200
2025-08-08 20:00:00,0.0972,,,20250900,20251200,20251200
2025-08-08 23:00:00,0.0972,0.097325,0.097325,20250900,20251200,20251200
2025-08-11 07:00:00,0.0974,,,20250900,20251200,20251200
2025-08-11 08:00:00,0.097575,,,20250900,20251200,20251200
2025-08-11 10:00:00,0.0977,,,20250900,20251200,20251200
2025-08-11 11:00:00,0.097675,,,20250900,20251200,20251200
2025-08-11 12:00:00,0.097625,,,20250900,20251200,20251200
2025-08-11 13:00:00,0.09775,,,20250900,20251200,20251200
2025-08-11 14:00:00,0.0976,,,20250900,20251200,20251200
2025-08-11 15:00:00,0.097725,,,20250900,20251200,20251200
2025-08-11 16:00:00,0.097725,,,20250900,20251200,20251200
2025-08-11 18:00:00,0.09775,,,20250900,20251200,20251200
2025-08-11 19:00:00,0.09765,,,20250900,20251200,20251200
2025-08-11 20:00:00,0.0977,,,20250900,20251200,20251200
2025-08-11 23:00:00,0.0977,0.0978,0.0978,20250900,20251200,20251200
2025-08-12 07:00:00,0.09775,,,20250900,20251200,20251200
2025-08-12 08:00:00,0.097625,,,20250900,20251200,20251200
2025-08-12 09:00:00,0.097575,,,20250900,20251200,20251200
2025-08-12 10:00:00,0.097625,,,20250900,20251200,20251200
2025-08-12 11:00:00,0.0976,,,20250900,20251200,20251200
2025-08-12 12:00:00,0.098,,,20250900,20251200,20251200
2025-08-12 13:00:00,0.0978,,,20250900,20251200,20251200
2025-08-12 14:00:00,0.0979,,,20250900,20251200,20251200
2025-08-12 15:00:00,0.097925,,,20250900,20251200,20251200
2025-08-12 16:00:00,0.0979,,,20250900,20251200,20251200
2025-08-12 17:00:00,0.09785,,,20250900,20251200,20251200
2025-08-12 18:00:00,0.09785,,,20250900,20251200,20251200
2025-08-12 19:00:00,0.097875,,,20250900,20251200,20251200
2025-08-12 20:00:00,0.097925,,,20250900,20251200,20251200
2025-08-12 22:00:00,0.097825,,,20250900,20251200,20251200
2025-08-12 23:00:00,0.097925,0.0979,0.0979,20250900,20251200,20251200
2025-08-13 06:00:00,0.09805,,,20250900,20251200,20251200
2025-08-13 08:00:00,0.098125,,,20250900,20251200,20251200
2025-08-13 10:00:00,0.098175,,,20250900,20251200,20251200
2025-08-13 11:00:00,0.098175,,,20250900,20251200,20251200
2025-08-13 12:00:00,0.098025,,,20250900,20251200,20251200
2025-08-13 13:00:00,0.098175,,,20250900,20251200,20251200
2025-08-13 14:00:00,0.09815,,,20250900,20251200,20251200
2025-08-13 15:00:00,0.09815,,,20250900,20251200,20251200
2025-08-13 16:00:00,0.09805,,,20250900,20251200,20251200
2025-08-13 17:00:00,0.09805,,,20250900,20251200,20251200
2025-08-13 18:00:00,0.098,,,20250900,20251200,20251200
2025-08-13 19:00:00,0.09805,,,20250900,20251200,20251200
2025-08-13 20:00:00,0.098175,,,20250900,20251200,20251200
2025-08-13 23:00:00,0.098175,0.09805,0.09805,20250900,20251200,20251200
2025-08-14 06:00:00,0.09815,,,20250900,20251200,20251200
2025-08-14 08:00:00,0.098225,,,20250900,20251200,20251200
2025-08-14 09:00:00,0.098325,,,20250900,20251200,20251200
2025-08-14 11:00:00,0.09815,,,20250900,20251200,20251200
2025-08-14 12:00:00,0.097875,,,20250900,20251200,20251200
2025-08-14 13:00:00,0.097775,,,20250900,20251200,20251200
2025-08-14 14:00:00,0.0979,,,20250900,20251200,20251200
2025-08-14 15:00:00,0.097775,,,20250900,20251200,20251200
2025-08-14 16:00:00,0.097775,,,20250900,20251200,20251200
2025-08-14 18:00:00,0.0978,,,20250900,20251200,20251200
2025-08-14 23:00:00,0.0978,0.0979,0.0979,20250900,20251200,20251200
2025-08-15 06:00:00,0.098,,,20250900,20251200,20251200
2025-08-15 07:00:00,0.0984,,,20250900,20251200,20251200
2025-08-15 08:00:00,0.09825,,,20250900,20251200,20251200
2025-08-15 09:00:00,0.098225,,,20250900,20251200,20251200
2025-08-15 10:00:00,0.098225,,,20250900,20251200,20251200
2025-08-15 11:00:00,0.098325,,,20250900,20251200,20251200
2025-08-15 13:00:00,0.09825,,,20250900,20251200,20251200
2025-08-15 15:00:00,0.098225,,,20250900,20251200,20251200
2025-08-15 18:00:00,0.098075,,,20250900,20251200,20251200
2025-08-15 19:00:00,0.0981,,,20250900,20251200,20251200
2025-08-15 20:00:00,0.09805,,,20250900,20251200,20251200
2025-08-15 23:00:00,0.09805,0.0981,0.0981,20250900,20251200,20251200
2025-08-18 06:00:00,0.098075,,,20250900,20251200,20251200
2025-08-18 07:00:00,0.097875,,,20250900,20251200,20251200
2025-08-18 08:00:00,0.098025,,,20250900,20251200,20251200
2025-08-18 10:00:00,0.0982,,,20250900,20251200,20251200
2025-08-18 11:00:00,0.09825,,,20250900,20251200,20251200
2025-08-18 12:00:00,0.098225,,,20250900,20251200,20251200
2025-08-18 13:00:00,0.098125,,,20250900,20251200,20251200
2025-08-18 14:00:00,0.09795,,,20250900,20251200,20251200
2025-08-18 15:00:00,0.098025,,,20250900,20251200,20251200
2025-08-18 16:00:00,0.098,,,20250900,20251200,20251200
2025-08-18 17:00:00,0.098075,,,20250900,20251200,20251200
2025-08-18 18:00:00,0.09805,,,20250900,20251200,20251200
2025-08-18 19:00:00,0.098025,,,20250900,20251200,20251200
2025-08-18 23:00:00,0.098025,0.0981,0.0981,20250900,20251200,20251200
2025-08-19 08:00:00,0.09815,,,20250900,20251200,20251200
2025-08-19 10:00:00,0.0981,,,20250900,20251200,20251200
2025-08-19 12:00:00,0.097725,,,20250900,20251200,20251200
2025-08-19 13:00:00,0.097675,,,20250900,20251200,20251200
2025-08-19 14:00:00,0.0975,,,20250900,20251200,20251200
2025-08-19 15:00:00,0.09735,,,20250900,20251200,20251200
2025-08-19 16:00:00,0.09735,,,20250900,20251200,20251200
2025-08-19 17:00:00,0.097325,,,20250900,20251200,20251200
2025-08-19 18:00:00,0.097275,,,20250900,20251200,20251200
2025-08-19 19:00:00,0.09725,,,20250900,20251200,20251200
2025-08-19 20:00:00,0.097225,,,20250900,20251200,20251200
2025-08-19 23:00:00,0.097225,0.0973,0.0973,20250900,20251200,20251200
2025-08-20 06:00:00,0.09735,,,20250900,20251200,20251200
2025-08-20 08:00:00,0.097325,,,20250900,20251200,20251200
2025-08-20 10:00:00,0.0974,,,20250900,20251200,20251200
2025-08-20 11:00:00,0.09735,,,20250900,20251200,20251200
2025-08-20 12:00:00,0.097575,,,20250900,20251200,20251200
2025-08-20 13:00:00,0.097625,,,20250900,20251200,20251200
2025-08-20 14:00:00,0.097625,,,20250900,20251200,20251200
2025-08-20 15:00:00,0.09775,,,20250900,20251200,20251200
2025-08-20 16:00:00,0.097675,,,20250900,20251200,20251200
2025-08-20 17:00:00,0.0978,,,20250900,20251200,20251200
2025-08-20 18:00:00,0.0977,,,20250900,20251200,20251200
2025-08-20 19:00:00,0.09775,,,20250900,20251200,20251200
2025-08-20 20:00:00,0.097625,,,20250900,20251200,20251200
2025-08-20 23:00:00,0.097625,0.0977,0.0977,20250900,20251200,20251200
2025-08-21 06:00:00,0.09785,,,20250900,20251200,20251200
2025-08-21 07:00:00,0.09825,,,20250900,20251200,20251200
2025-08-21 08:00:00,0.098175,,,20250900,20251200,20251200
2025-08-21 09:00:00,0.0982,,,20250900,20251200,20251200
2025-08-21 10:00:00,0.098225,,,20250900,20251200,20251200
2025-08-21 11:00:00,0.0982,,,20250900,20251200,20251200
2025-08-21 12:00:00,0.098125,,,20250900,20251200,20251200
2025-08-21 13:00:00,0.098175,,,20250900,20251200,20251200
2025-08-21 14:00:00,0.098175,,,20250900,20251200,20251200
2025-08-21 15:00:00,0.098125,,,20250900,20251200,20251200
2025-08-21 18:00:00,0.098275,,,20250900,20251200,20251200
2025-08-21 19:00:00,0.098225,,,20250900,20251200,20251200
2025-08-21 20:00:00,0.0983,,,20250900,20251200,20251200
2025-08-21 23:00:00,0.0983,0.098325,0.098325,20250900,20251200,20251200
2025-08-22 00:00:00,0.0983,,,20250900,20251200,20251200
2025-08-22 06:00:00,0.0981,,,20250900,20251200,20251200
2025-08-22 07:00:00,0.098175,,,20250900,20251200,20251200
2025-08-22 08:00:00,0.09805,,,20250900,20251200,20251200
2025-08-22 09:00:00,0.097875,,,20250900,20251200,20251200
2025-08-22 10:00:00,0.0978,,,20250900,20251200,20251200
2025-08-22 11:00:00,0.09805,,,20250900,20251200,20251200
2025-08-22 13:00:00,0.0982,,,20250900,20251200,20251200
2025-08-22 14:00:00,0.099425,,,20250900,20251200,20251200
2025-08-22 15:00:00,0.099475,,,20250900,20251200,20251200
2025-08-22 16:00:00,0.099525,,,20250900,20251200,20251200
2025-08-22 17:00:00,0.099625,,,20250900,20251200,20251200
2025-08-22 18:00:00,0.099525,,,20250900,20251200,20251200
2025-08-22 19:00:00,0.099475,,,20250900,20251200,20251200
2025-08-22 20:00:00,0.0995,,,20250900,20251200,20251200
2025-08-22 23:00:00,0.0995,0.099575,0.099575,20250900,20251200,20251200
2025-08-25 01:00:00,0.099225,,,20250900,20251200,20251200
2025-08-25 07:00:00,0.099175,,,20250900,20251200,20251200
2025-08-25 08:00:00,0.099,,,20250900,20251200,20251200
2025-08-25 09:00:00,0.098975,,,20250900,20251200,20251200
2025-08-25 10:00:00,0.09885,,,20250900,20251200,20251200
2025-08-25 11:00:00,0.09905,,,20250900,20251200,20251200
2025-08-25 12:00:00,0.09905,,,20250900,20251200,20251200
2025-08-25 13:00:00,0.0992,,,20250900,20251200,20251200
2025-08-25 14:00:00,0.09925,,,20250900,20251200,20251200
2025-08-25 15:00:00,0.09905,,,20250900,20251200,20251200
2025-08-25 16:00:00,0.099,,,20250900,20251200,20251200
2025-08-25 17:00:00,0.098925,,,20250900,20251200,20251200
2025-08-25 18:00:00,0.09865,,,20250900,20251200,20251200
2025-08-25 19:00:00,0.098625,0.0987,0.0987,20250900,20251200,20251200
2025-08-25 20:00:00,0.09875,,,20250900,20251200,20251200
2025-08-25 23:00:00,0.09875,0.0987,0.0987,20250900,20251200,20251200
2025-08-26 00:00:00,0.0988,,,20250900,20251200,20251200
2025-08-26 06:00:00,0.0987,,,20250900,20251200,20251200
2025-08-26 08:00:00,0.09845,,,20250900,20251200,20251200
2025-08-26 09:00:00,0.09835,,,20250900,20251200,20251200
2025-08-26 10:00:00,0.0984,,,20250900,20251200,20251200
2025-08-26 11:00:00,0.0985,,,20250900,20251200,20251200
2025-08-26 12:00:00,0.0986,,,20250900,20251200,20251200
2025-08-26 13:00:00,0.098675,,,20250900,20251200,20251200
2025-08-26 14:00:00,0.098825,,,20250900,20251200,20251200
2025-08-26 15:00:00,0.0988,,,20250900,20251200,20251200
2025-08-26 17:00:00,0.09875,,,20250900,20251200,20251200
2025-08-26 18:00:00,0.098825,,,20250900,20251200,20251200
2025-08-26 19:00:00,0.0988,,,20250900,20251200,20251200
2025-08-26 20:00:00,0.09875,,,20250900,20251200,20251200
2025-08-26 23:00:00,0.09875,0.098875,0.098875,20250900,20251200,20251200
2025-08-27 00:00:00,0.09875,,,20250900,20251200,20251200
2025-08-27 04:00:00,0.098525,,,20250900,20251200,20251200
2025-08-27 06:00:00,0.0986,,,20250900,20251200,20251200
2025-08-27 07:00:00,0.098325,,,20250900,20251200,20251200
2025-08-27 08:00:00,0.098425,,,20250900,20251200,20251200
2025-08-27 09:00:00,0.098275,,,20250900,20251200,20251200
2025-08-27 10:00:00,0.098275,,,20250900,20251200,20251200
2025-08-27 11:00:00,0.09825,,,20250900,20251200,20251200
2025-08-27 12:00:00,0.098325,,,20250900,20251200,20251200
2025-08-27 14:00:00,0.098575,,,20250900,20251200,20251200
2025-08-27 15:00:00,0.0988,,,20250900,20251200,20251200
2025-08-27 16:00:00,0.098975,,,20250900,20251200,20251200
2025-08-27 17:00:00,0.099175,,,20250900,20251200,20251200
2025-08-27 18:00:00,0.09915,,,20250900,20251200,20251200
2025-08-27 19:00:00,0.0992,,,20250900,20251200,20251200
2025-08-27 20:00:00,0.09915,,,20250900,20251200,20251200
2025-08-27 23:00:00,0.09915,0.099175,0.099175,20250900,20251200,20251200
2025-08-28 01:00:00,0.09925,,,20250900,20251200,20251200
2025-08-28 02:00:00,0.0993,,,20250900,20251200,20251200
2025-08-28 06:00:00,0.09915,,,20250900,20251200,20251200
2025-08-28 07:00:00,0.099175,,,20250900,20251200,20251200
2025-08-28 08:00:00,0.099075,,,20250900,20251200,20251200
2025-08-28 09:00:00,0.099125,,,20250900,20251200,20251200
2025-08-28 10:00:00,0.09925,,,20250900,20251200,20251200
2025-08-28 11:00:00,0.099375,,,20250900,20251200,20251200
2025-08-28 12:00:00,0.0995,,,20250900,20251200,20251200
2025-08-28 13:00:00,0.09925,,,20250900,20251200,20251200
2025-08-28 14:00:00,0.09935,,,20250900,20251200,20251200
2025-08-28 15:00:00,0.09925,,,20250900,20251200,20251200
2025-08-28 17:00:00,0.099475,,,20250900,20251200,20251200
2025-08-28 18:00:00,0.099475,,,20250900,20251200,20251200
2025-08-28 19:00:00,0.099375,,,20250900,20251200,20251200
2025-08-28 23:00:00,0.099375,0.0995,0.0995,20250900,20251200,20251200
2025-08-29 04:00:00,0.09925,,,20250900,20251200,20251200
2025-08-29 06:00:00,0.099325,,,20250900,20251200,20251200
2025-08-29 07:00:00,0.099525,,,20250900,20251200,20251200
2025-08-29 08:00:00,0.099475,,,20250900,20251200,20251200
2025-08-29 12:00:00,0.099375,,,20250900,20251200,20251200
2025-08-29 13:00:00,0.0994,,,20250900,20251200,20251200
2025-08-29 14:00:00,0.099475,,,20250900,20251200,20251200
2025-08-29 15:00:00,0.09945,,,20250900,20251200,20251200
2025-08-29 18:00:00,0.099475,,,20250900,20251200,20251200
2025-08-29 20:00:00,0.0993,,,20250900,20251200,20251200
2025-08-29 23:00:00,0.0993,0.099525,0.099525,20250900,20251200,20251200
2025-09-01 00:00:00,0.099425,,,20250900,20251200,20251200
2025-09-01 02:00:00,0.0995,,,20250900,20251200,20251200
2025-09-01 04:00:00,0.0995,,,20250900,20251200,20251200
2025-09-01 05:00:00,0.09955,,,20250900,20251200,20251200
2025-09-01 06:00:00,0.099525,,,20250900,20251200,20251200
2025-09-01 07:00:00,0.09965,,,20250900,20251200,20251200
2025-09-01 10:00:00,0.09995,,,20250900,20251200,20251200
2025-09-01 11:00:00,0.099875,,,20250900,20251200,20251200
2025-09-01 12:00:00,0.099875,,,20250900,20251200,20251200
2025-09-01 14:00:00,0.1002,,,20250900,20251200,20251200
2025-09-01 22:00:00,0.09995,,,20250900,20251200,20251200
2025-09-02 07:00:00,0.0998,,,20250900,20251200,20251200
2025-09-02 08:00:00,0.099875,,,20250900,20251200,20251200
2025-09-02 09:00:00,0.0999,,,20250900,20251200,20251200
2025-09-02 10:00:00,0.099925,,,20250900,20251200,20251200
2025-09-02 11:00:00,0.099825,,,20250900,20251200,20251200
2025-09-02 12:00:00,0.09925,,,20250900,20251200,20251200
2025-09-02 13:00:00,0.0995,0.0995,0.0995,20250900,20251200,20251200
2025-09-02 14:00:00,0.099775,,,20250900,20251200,20251200
2025-09-02 15:00:00,0.09965,,,20250900,20251200,20251200
2025-09-02 16:00:00,0.099725,,,20250900,20251200,20251200
2025-09-02 18:00:00,0.0996,,,20250900,20251200,20251200
2025-09-02 19:00:00,0.09965,,,20250900,20251200,20251200
2025-09-02 20:00:00,0.099725,,,20250900,20251200,20251200
2025-09-02 23:00:00,0.099725,0.0995,0.0995,20250900,20251200,20251200
2025-09-03 01:00:00,0.0997,,,20250900,20251200,20251200
2025-09-03 06:00:00,0.099575,,,20250900,20251200,20251200
2025-09-03 07:00:00,0.0996,,,20250900,20251200,20251200
2025-09-03 08:00:00,0.0999,,,20250900,20251200,20251200
2025-09-03 09:00:00,0.099925,,,20250900,20251200,20251200
2025-09-03 10:00:00,0.0996,0.09965,0.09965,20250900,20251200,20251200
2025-09-03 11:00:00,0.0996,0.0997,0.0997,20250900,20251200,20251200
2025-09-03 12:00:00,0.0995,,,20250900,20251200,20251200
2025-09-03 13:00:00,0.09955,0.099575,0.099575,20250900,20251200,20251200
2025-09-03 14:00:00,0.0997,,,20250900,20251200,20251200
2025-09-03 15:00:00,0.0997,,,20250900,20251200,20251200
2025-09-03 16:00:00,0.099725,,,20250900,20251200,20251200
2025-09-03 17:00:00,0.0996,,,20250900,20251200,20251200
2025-09-03 18:00:00,0.09965,,,20250900,20251200,20251200
2025-09-03 19:00:00,0.099575,0.099675,0.099675,20250900,20251200,20251200
2025-09-03 20:00:00,0.099575,,,20250900,20251200,20251200
2025-09-03 23:00:00,0.099575,0.099675,0.099675,20250900,20251200,20251200
2025-09-04 05:00:00,0.099475,,,20250900,20251200,20251200
2025-09-04 06:00:00,0.09945,,,20250900,20251200,20251200
2025-09-04 07:00:00,0.0992,,,20250900,20251200,20251200
2025-09-04 08:00:00,0.09915,,,20250900,20251200,20251200
2025-09-04 09:00:00,0.0991,,,20250900,20251200,20251200
2025-09-04 13:30:00,0.099075,,,20250900,20251200,20251200
2025-09-04 14:00:00,0.098825,,,20250900,20251200,20251200
2025-09-04 15:00:00,0.098825,,,20250900,20251200,20251200
2025-09-04 16:00:00,0.098925,,,20250900,20251200,20251200
2025-09-04 17:00:00,0.09905,,,20250900,20251200,20251200
2025-09-04 18:00:00,0.099075,,,20250900,20251200,20251200
2025-09-04 19:00:00,0.099125,,,20250900,20251200,20251200
2025-09-04 20:00:00,0.09915,,,20250900,20251200,20251200
2025-09-04 23:00:00,0.09915,0.09905,0.09905,20250900,20251200,20251200
2025-09-05 11:00:00,,0.0995,0.0995,20250900,20251200,20251200
2025-09-05 23:00:00,0.0996,0.0996,0.0996,20250900,20251200,20251200
2025-09-08 06:00:00,0.09985,,,20251200,20260300,20260300
2025-09-08 07:00:00,0.1,,,20251200,20260300,20260300
2025-09-08 08:00:00,0.09995,,,20251200,20260300,20260300
2025-09-08 12:00:00,0.1001,,,20251200,20260300,20260300
2025-09-08 13:00:00,0.1001,,,20251200,20260300,20260300
2025-09-08 14:00:00,0.10005,,,20251200,20260300,20260300
2025-09-08 15:00:00,0.10005,,,20251200,20260300,20260300
2025-09-08 16:00:00,0.1,,,20251200,20260300,20260300
2025-09-08 23:00:00,0.1,0.100175,0.100175,20251200,20260300,20260300
2025-09-09 06:00:00,0.10025,,,20251200,20260300,20260300
2025-09-09 07:00:00,0.1002,,,20251200,20260300,20260300
2025-09-09 08:00:00,0.1002,,,20251200,20260300,20260300
2025-09-09 13:00:00,0.100475,,,20251200,20260300,20260300
2025-09-09 14:00:00,0.10035,,,20251200,20260300,20260300
2025-09-09 16:00:00,0.100275,,,20251200,20260300,20260300
2025-09-09 17:00:00,0.1002,,,20251200,20260300,20260300
2025-09-09 23:00:00,0.1002,0.100125,0.100125,20251200,20260300,20260300
2025-09-10 09:00:00,0.100825,,,20251200,20260300,20260300
2025-09-10 10:00:00,0.100775,,,20251200,20260300,20260300
2025-09-10 11:00:00,0.1008,,,20251200,20260300,20260300
2025-09-10 13:00:00,0.1011,,,20251200,20260300,20260300
2025-09-10 14:00:00,0.10115,,,20251200,20260300,20260300
2025-09-10 15:00:00,0.10095,,,20251200,20260300,20260300
2025-09-10 16:00:00,0.10085,,,20251200,20260300,20260300
2025-09-10 20:00:00,0.100675,,,20251200,20260300,20260300
2025-09-10 23:00:00,0.100675,0.10075,0.10075,20251200,20260300,20260300
2025-09-11 08:00:00,0.100725,,,20251200,20260300,20260300
2025-09-11 09:00:00,0.1008,,,20251200,20260300,20260300
2025-09-11 11:00:00,0.100725,,,20251200,20260300,20260300
2025-09-11 12:00:00,0.10085,,,20251200,20260300,20260300
2025-09-11 13:00:00,0.10105,,,20251200,20260300,20260300
2025-09-11 14:00:00,0.101225,,,20251200,20260300,20260300
2025-09-11 15:00:00,0.101325,,,20251200,20260300,20260300
2025-09-11 16:00:00,0.10145,,,20251200,20260300,20260300
2025-09-11 17:00:00,0.101475,,,20251200,20260300,20260300
2025-09-11 18:00:00,0.101475,,,20251200,20260300,20260300
2025-09-11 19:00:00,0.101475,,,20251200,20260300,20260300
2025-09-11 23:00:00,0.101475,0.1014,0.1014,20251200,20260300,20260300
2025-09-12 02:00:00,0.101325,,,20251200,20260300,20260300
2025-09-12 06:00:00,0.10125,,,20251200,20260300,20260300
2025-09-12 07:00:00,0.101225,,,20251200,20260300,20260300
2025-09-12 08:00:00,0.10085,,,20251200,20260300,20260300
2025-09-12 09:00:00,0.101175,,,20251200,20260300,20260300
2025-09-12 12:00:00,0.1012,,,20251200,20260300,20260300
2025-09-12 13:00:00,0.101225,,,20251200,20260300,20260300
2025-09-12 15:00:00,0.1013,,,20251200,20260300,20260300
2025-09-12 16:00:00,0.101275,,,20251200,20260300,20260300
2025-09-12 18:00:00,0.101425,,,20251200,20260300,20260300
2025-09-12 19:00:00,0.10145,,,20251200,20260300,20260300
2025-09-12 20:00:00,0.101325,,,20251200,20260300,20260300
2025-09-12 23:00:00,0.101325,0.10135,0.10135,20251200,20260300,20260300
2025-09-15 13:30:00,0.101575,,,20251200,20260300,20260300
2025-09-15 14:00:00,0.101575,,,20251200,20260300,20260300
2025-09-15 15:00:00,0.101725,,,20251200,20260300,20260300
2025-09-15 16:00:00,0.101625,,,20251200,20260300,20260300
2025-09-15 18:00:00,0.101875,,,20251200,20260300,20260300
2025-09-15 19:00:00,0.10185,,,20251200,20260300,20260300
2025-09-15 20:00:00,0.10175,,,20251200,20260300,20260300
2025-09-15 23:00:00,0.10175,0.10185,0.10185,20251200,20260300,20260300
2025-09-16 13:30:00,0.102025,,,20251200,20260300,20260300
2025-09-16 14:00:00,0.10235,,,20251200,20260300,20260300
2025-09-16 15:00:00,0.102275,,,20251200,20260300,20260300
2025-09-16 17:00:00,0.10245,,,20251200,20260300,20260300
2025-09-16 18:00:00,0.102425,,,20251200,20260300,20260300
2025-09-16 19:00:00,0.10245,,,20251200,20260300,20260300
2025-09-16 20:00:00,0.10245,,,20251200,20260300,20260300
2025-09-16 23:00:00,0.10245,0.10235,0.10235,20251200,20260300,20260300
2025-09-17 13:30:00,0.10195,,,20251200,20260300,20260300
2025-09-17 14:00:00,0.101925,,,20251200,20260300,20260300
2025-09-17 15:00:00,0.101925,,,20251200,20260300,20260300
2025-09-17 16:00:00,0.102075,,,20251200,20260300,20260300
2025-09-17 17:00:00,0.102125,,,20251200,20260300,20260300
2025-09-17 18:00:00,0.101975,,,20251200,20260300,20260300
2025-09-17 19:00:00,0.1019,,,20251200,20260300,20260300
2025-09-17 20:00:00,0.10195,,,20251200,20260300,20260300
2025-09-17 23:00:00,0.10195,0.1019,0.1019,20251200,20260300,20260300
2025-09-18 13:30:00,0.101275,,,20251200,20260300,20260300
2025-09-18 14:00:00,0.101175,,,20251200,20260300,20260300
2025-09-18 15:00:00,0.101025,,,20251200,20260300,20260300
2025-09-18 16:00:00,0.101125,,,20251200,20260300,20260300
2025-09-18 18:00:00,0.101225,,,20251200,20260300,20260300
2025-09-18 19:00:00,0.10125,,,20251200,20260300,20260300
2025-09-18 23:00:00,0.10125,0.1012,0.1012,20251200,20260300,20260300
2025-09-19 13:30:00,0.1007,,,20251200,20260300,20260300
2025-09-19 14:00:00,0.100775,,,20251200,20260300,20260300
2025-09-19 15:00:00,0.1006,,,20251200,20260300,20260300
2025-09-19 16:00:00,0.1005,,,20251200,20260300,20260300
2025-09-19 17:00:00,0.100575,,,20251200,20260300,20260300
2025-09-19 18:00:00,0.100625,,,20251200,20260300,20260300
2025-09-19 19:00:00,0.1006,,,20251200,20260300,20260300
2025-09-19 23:00:00,0.1006,0.100525,0.100525,20251200,20260300,20260300
2025-09-22 14:00:00,0.10055,,,20251200,20260300,20260300
2025-09-22 15:00:00,0.100575,,,20251200,20260300,20260300
2025-09-22 17:00:00,0.10075,,,20251200,20260300,20260300
2025-09-22 18:00:00,0.100825,,,20251200,20260300,20260300
2025-09-22 19:00:00,0.100825,,,20251200,20260300,20260300
2025-09-22 20:00:00,0.100775,,,20251200,20260300,20260300
2025-09-22 23:00:00,0.100775,0.10075,0.10075,20251200,20260300,20260300
2025-09-23 13:30:00,0.1011,,,20251200,20260300,20260300
2025-09-23 14:00:00,0.101125,,,20251200,20260300,20260300
2025-09-23 17:00:00,0.101075,,,20251200,20260300,20260300
2025-09-23 18:00:00,0.101125,,,20251200,20260300,20260300
2025-09-23 19:00:00,0.1011,,,20251200,20260300,20260300
2025-09-23 20:00:00,0.101075,,,20251200,20260300,20260300
2025-09-23 23:00:00,0.101075,0.101075,0.101075,20251200,20260300,20260300
2025-09-24 13:30:00,0.100475,,,20251200,20260300,20260300
2025-09-24 14:00:00,0.10055,,,20251200,20260300,20260300
2025-09-24 15:00:00,0.100525,,,20251200,20260300,20260300
2025-09-24 16:00:00,0.100475,,,20251200,20260300,20260300
2025-09-24 17:00:00,0.100525,,,20251200,20260300,20260300
2025-09-24 18:00:00,0.10055,,,20251200,20260300,20260300
2025-09-24 19:00:00,0.100525,,,20251200,20260300,20260300
2025-09-24 20:00:00,0.100525,,,20251200,20260300,20260300
2025-09-24 23:00:00,0.100525,0.100525,0.100525,20251200,20260300,20260300
2025-09-25 13:30:00,0.09995,,,20251200,20260300,20260300
2025-09-25 14:00:00,0.099725,,,20251200,20260300,20260300
2025-09-25 15:00:00,0.099725,,,20251200,20260300,20260300
2025-09-25 16:00:00,0.09975,,,20251200,20260300,20260300
2025-09-25 17:00:00,0.09955,,,20251200,20260300,20260300
2025-09-25 18:00:00,0.0995,,,20251200,20260300,20260300
2025-09-25 19:00:00,0.09955,,,20251200,20260300,20260300
2025-09-25 20:00:00,0.099525,,,20251200,20260300,20260300
2025-09-25 23:00:00,0.099525,0.09945,0.09945,20251200,20260300,20260300
2025-09-26 13:30:00,0.0998,,,20251200,20260300,20260300
2025-09-26 14:00:00,0.1002,,,20251200,20260300,20260300
2025-09-26 15:00:00,0.10025,,,20251200,20260300,20260300
2025-09-26 16:00:00,0.1003,,,20251200,20260300,20260300
2025-09-26 17:00:00,0.100275,,,20251200,20260300,20260300
2025-09-26 18:00:00,0.100325,,,20251200,20260300,20260300
2025-09-26 19:00:00,0.1003,,,20251200,20260300,20260300
2025-09-26 20:00:00,0.100275,,,20251200,20260300,20260300
2025-09-26 23:00:00,0.100275,0.100325,0.100325,20251200,20260300,20260300
2025-09-29 13:30:00,0.100475,,,20251200,20260300,20260300
2025-09-29 14:00:00,0.100225,,,20251200,20260300,20260300
2025-09-29 15:00:00,0.100275,,,20251200,20260300,20260300
2025-09-29 16:00:00,0.100225,,,20251200,20260300,20260300
2025-09-29 18:00:00,0.100275,,,20251200,20260300,20260300
2025-09-29 19:00:00,0.100225,,,20251200,20260300,20260300
2025-09-29 23:00:00,0.100225,0.1002,0.1002,20251200,20260300,20260300
2025-09-30 13:30:00,0.1003,,,20251200,20260300,20260300
2025-09-30 14:00:00,0.10025,,,20251200,20260300,20260300
2025-09-30 15:00:00,0.100125,,,20251200,20260300,20260300
2025-09-30 18:00:00,0.1002,,,20251200,20260300,20260300
2025-09-30 19:00:00,0.1002,,,20251200,20260300,20260300
2025-09-30 23:00:00,0.1002,0.100125,0.100125,20251200,20260300,20260300
2025-10-01 13:30:00,0.1008,,,20251200,20260300,20260300
2025-10-01 14:00:00,0.1008,,,20251200,20260300,20260300
2025-10-01 15:00:00,0.1008,,,20251200,20260300,20260300
2025-10-01 16:00:00,0.100825,,,20251200,20260300,20260300
2025-10-01 18:00:00,0.100925,,,20251200,20260300,20260300
2025-10-01 19:00:00,0.100875,,,20251200,20260300,20260300
2025-10-01 20:00:00,0.1008,,,20251200,20260300,20260300
2025-10-01 23:00:00,0.1008,0.100875,0.100875,20251200,20260300,20260300
2025-10-02 13:30:00,0.100325,,,20251200,20260300,20260300
2025-10-02 14:00:00,0.09995,,,20251200,20260300,20260300
2025-10-02 15:00:00,0.0998,,,20251200,20260300,20260300
2025-10-02 16:00:00,0.099975,,,20251200,20260300,20260300
2025-10-02 18:00:00,0.1001,,,20251200,20260300,20260300
2025-10-02 20:00:00,0.1002,,,20251200,20260300,20260300
2025-10-02 23:00:00,0.1002,0.10005,0.10005,20251200,20260300,20260300
2025-10-03 14:00:00,0.100575,,,20251200,20260300,20260300
2025-10-03 15:00:00,0.100725,,,20251200,20260300,20260300
2025-10-03 17:00:00,0.10065,,,20251200,20260300,20260300
2025-10-03 18:00:00,0.100625,,,20251200,20260300,20260300
2025-10-03 19:00:00,0.100625,,,20251200,20260300,20260300
2025-10-03 20:00:00,0.1005,,,20251200,20260300,20260300
2025-10-03 23:00:00,0.1005,0.100575,0.100575,20251200,20260300,20260300
2025-10-06 13:30:00,0.1006,,,20251200,20260300,20260300
2025-10-06 14:00:00,0.1007,,,20251200,20260300,20260300
2025-10-06 15:00:00,0.10075,,,20251200,20260300,20260300
2025-10-06 16:00:00,0.1008,,,20251200,20260300,20260300
2025-10-06 17:00:00,0.100775,,,20251200,20260300,20260300
2025-10-06 18:00:00,0.100775,,,20251200,20260300,20260300
2025-10-06 19:00:00,0.100775,,,20251200,20260300,20260300
2025-10-06 20:00:00,0.10075,,,20251200,20260300,20260300
2025-10-06 23:00:00,0.10075,0.100775,0.100775,20251200,20260300,20260300
2025-10-07 14:00:00,0.10035,,,20251200,20260300,20260300
2025-10-07 15:00:00,0.1005,,,20251200,20260300,20260300
2025-10-07 17:00:00,0.100475,,,20251200,20260300,20260300
2025-10-07 18:00:00,0.1003,,,20251200,20260300,20260300
2025-10-07 19:00:00,0.100225,,,20251200,20260300,20260300
2025-10-07 20:00:00,0.100275,,,20251200,20260300,20260300
2025-10-07 23:00:00,0.100275,0.100275,0.100275,20251200,20260300,20260300
2025-10-08 13:30:00,0.100375,,,20251200,20260300,20260300
2025-10-08 14:00:00,0.100225,,,20251200,20260300,20260300
2025-10-08 15:00:00,0.1002,,,20251200,20260300,20260300
2025-10-08 16:00:00,0.10005,,,20251200,20260300,20260300
2025-10-08 17:00:00,0.100075,,,20251200,20260300,20260300
2025-10-08 18:00:00,0.100175,,,20251200,20260300,20260300
2025-10-08 19:00:00,0.1002,,,20251200,20260300,20260300
2025-10-08 20:00:00,0.100225,,,20251200,20260300,20260300
2025-10-08 23:00:00,0.100225,0.100125,0.100125,20251200,20260300,20260300
2025-10-09 13:30:00,0.099775,,,20251200,20260300,20260300
2025-10-09 14:00:00,0.0995,,,20251200,20260300,20260300
2025-10-09 15:00:00,0.09925,,,20251200,20260300,20260300
2025-10-09 16:00:00,0.099225,,,20251200,20260300,20260300
2025-10-09 17:00:00,0.099225,,,20251200,20260300,20260300
2025-10-09 18:00:00,0.099175,,,20251200,20260300,20260300
2025-10-09 19:00:00,0.0993,,,20251200,20260300,20260300
2025-10-09 20:00:00,0.0993,,,20251200,20260300,20260300
2025-10-09 23:00:00,0.0993,0.099075,0.099075,20251200,20260300,20260300
2025-10-10 13:30:00,0.098925,,,20251200,20260300,20260300
2025-10-10 14:00:00,0.0989,,,20251200,20260300,20260300
2025-10-10 15:00:00,0.098975,,,20251200,20260300,20260300
2025-10-10 16:00:00,0.098675,,,20251200,20260300,20260300
2025-10-10 17:00:00,0.09865,,,20251200,20260300,20260300
2025-10-10 18:00:00,0.0987,,,20251200,20260300,20260300
2025-10-10 19:00:00,0.098675,,,20251200,20260300,20260300
2025-10-10 20:00:00,0.098675,,,20251200,20260300,20260300
2025-10-10 23:00:00,0.098675,0.098675,0.098675,20251200,20260300,20260300
2025-10-13 13:30:00,0.09915,,,20251200,20260300,20260300
2025-10-13 14:00:00,0.099025,,,20251200,20260300,20260300
2025-10-13 15:00:00,0.099125,,,20251200,20260300,20260300
2025-10-13 18:00:00,0.099075,,,20251200,20260300,20260300
2025-10-13 19:00:00,0.09905,,,20251200,20260300,20260300
2025-10-13 23:00:00,0.09905,0.099,0.099,20251200,20260300,20260300
2025-10-14 13:30:00,0.098025,,,20251200,20260300,20260300
2025-10-14 14:00:00,0.0982,,,20251200,20260300,20260300
2025-10-14 15:00:00,0.09825,,,20251200,20260300,20260300
2025-10-14 16:00:00,0.098525,,,20251200,20260300,20260300
2025-10-14 18:00:00,0.098575,,,20251200,20260300,20260300
2025-10-14 19:00:00,0.09845,,,20251200,20260300,20260300
2025-10-14 20:00:00,0.098475,,,20251200,20260300,20260300
2025-10-14 23:00:00,0.098475,0.0985,0.0985,20251200,20260300,20260300
2025-10-15 13:30:00,0.0992,,,20251200,20260300,20260300
2025-10-15 14:00:00,0.099125,,,20251200,20260300,20260300
2025-10-15 15:00:00,0.099025,,,20251200,20260300,20260300
2025-10-15 17:00:00,0.0989,,,20251200,20260300,20260300
2025-10-15 18:00:00,0.098875,,,20251200,20260300,20260300
2025-10-15 19:00:00,0.098975,,,20251200,20260300,20260300
2025-10-15 20:00:00,0.099075,,,20251200,20260300,20260300
2025-10-15 23:00:00,0.099075,0.098825,0.098825,20251200,20260300,20260300
2025-10-16 13:30:00,0.099275,,,20251200,20260300,20260300
2025-10-16 14:00:00,0.099525,,,20251200,20260300,20260300
2025-10-16 15:00:00,0.099325,,,20251200,20260300,20260300
2025-10-16 16:00:00,0.09935,,,20251200,20260300,20260300
2025-10-16 17:00:00,0.099225,,,20251200,20260300,20260300
2025-10-16 18:00:00,0.0993,,,20251200,20260300,20260300
2025-10-16 19:00:00,0.09925,,,20251200,20260300,20260300
2025-10-16 20:00:00,0.0993,,,20251200,20260300,20260300
2025-10-16 23:00:00,0.0993,0.099225,0.099225,20251200,20260300,20260300
2025-10-17 13:30:00,0.09925,,,20251200,20260300,20260300
2025-10-17 14:00:00,0.0993,,,20251200,20260300,20260300
2025-10-17 15:00:00,0.099225,,,20251200,20260300,20260300
2025-10-17 16:00:00,0.099475,,,20251200,20260300,20260300
2025-10-17 17:00:00,0.0995,,,20251200,20260300,20260300
2025-10-17 18:00:00,0.09945,,,20251200,20260300,20260300
2025-10-17 19:00:00,0.09955,,,20251200,20260300,20260300
2025-10-17 20:00:00,0.0995,,,20251200,20260300,20260300
2025-10-17 23:00:00,0.0995,0.0994,0.0994,20251200,20260300,20260300
2025-10-20 13:30:00,0.099425,,,20251200,20260300,20260300
2025-10-20 14:00:00,0.099525,,,20251200,20260300,20260300
2025-10-20 15:00:00,0.09955,,,20251200,20260300,20260300
2025-10-20 16:00:00,0.09955,,,20251200,20260300,20260300
2025-10-20 18:00:00,0.09955,,,20251200,20260300,20260300
2025-10-20 19:00:00,0.099525,,,20251200,20260300,20260300
2025-10-20 23:00:00,0.099525,0.09945,0.09945,20251200,20260300,20260300
2025-10-21 13:30:00,0.099325,,,20251200,20260300,20260300
2025-10-21 14:00:00,0.099425,,,20251200,20260300,20260300
2025-10-21 15:00:00,0.09955,,,20251200,20260300,20260300
2025-10-21 16:00:00,0.0996,,,20251200,20260300,20260300
2025-10-21 17:00:00,0.099425,,,20251200,20260300,20260300
2025-10-21 18:00:00,0.099475,,,20251200,20260300,20260300
2025-10-21 19:00:00,0.09945,,,20251200,20260300,20260300
2025-10-21 20:00:00,0.0994,,,20251200,20260300,20260300
2025-10-21 23:00:00,0.0994,0.099375,0.099375,20251200,20260300,20260300
2025-10-22 13:30:00,0.099775,,,20251200,20260300,20260300
2025-10-22 14:00:00,0.099675,,,20251200,20260300,20260300
2025-10-22 15:00:00,0.09995,,,20251200,20260300,20260300
2025-10-22 16:00:00,0.099875,,,20251200,20260300,20260300
2025-10-22 17:00:00,0.099775,,,20251200,20260300,20260300
2025-10-22 18:00:00,0.0998,,,20251200,20260300,20260300
2025-10-22 19:00:00,0.099825,,,20251200,20260300,20260300
2025-10-22 23:00:00,0.099825,0.0997,0.0997,20251200,20260300,20260300
2025-10-23 13:30:00,0.10015,,,20251200,20260300,20260300
2025-10-23 14:00:00,0.100175,,,20251200,20260300,20260300
2025-10-23 15:00:00,0.100125,,,20251200,20260300,20260300
2025-10-23 16:00:00,0.10015,,,20251200,20260300,20260300
2025-10-23 17:00:00,0.100175,,,20251200,20260300,20260300
2025-10-23 18:00:00,0.100225,,,20251200,20260300,20260300
2025-10-23 19:00:00,0.100275,,,20251200,20260300,20260300
2025-10-23 23:00:00,0.100275,0.100175,0.100175,20251200,20260300,20260300
2025-10-24 13:30:00,0.099975,,,20251200,20260300,20260300
2025-10-24 14:00:00,0.099875,,,20251200,20260300,20260300
2025-10-24 15:00:00,0.09985,,,20251200,20260300,20260300
2025-10-24 16:00:00,0.0999,,,20251200,20260300,20260300
2025-10-24 17:00:00,0.099775,,,20251200,20260300,20260300
2025-10-24 18:00:00,0.09975,,,20251200,20260300,20260300
2025-10-24 19:00:00,0.0998,,,20251200,20260300,20260300
2025-10-24 20:00:00,0.099775,,,20251200,20260300,20260300
2025-10-24 23:00:00,0.099775,0.0997,0.0997,20251200,20260300,20260300
2025-10-27 13:30:00,0.09995,,,20251200,20260300,20260300
2025-10-27 14:00:00,0.10015,,,20251200,20260300,20260300
2025-10-27 15:00:00,0.100075,,,20251200,20260300,20260300
2025-10-27 17:00:00,0.100075,,,20251200,20260300,20260300
2025-10-27 18:00:00,0.100175,,,20251200,20260300,20260300
2025-10-27 19:00:00,0.100175,,,20251200,20260300,20260300
2025-10-27 23:00:00,0.100175,0.100075,0.100075,20251200,20260300,20260300
2025-10-28 13:30:00,0.099925,,,20251200,20260300,20260300
2025-10-28 14:00:00,0.10025,,,20251200,20260300,20260300
2025-10-28 15:00:00,0.10035,,,20251200,20260300,20260300
2025-10-28 16:00:00,0.100325,,,20251200,20260300,20260300
2025-10-28 17:00:00,0.10025,,,20251200,20260300,20260300
2025-10-28 18:00:00,0.1002,,,20251200,20260300,20260300
2025-10-28 19:00:00,0.100175,,,20251200,20260300,20260300
2025-10-28 20:00:00,0.100225,,,20251200,20260300,20260300
2025-10-28 23:00:00,0.100225,0.10015,0.10015,20251200,20260300,20260300
2025-10-29 13:30:00,0.1,,,20251200,20260300,20260300
2025-10-29 14:00:00,0.100125,,,20251200,20260300,20260300
2025-10-29 15:00:00,0.100375,,,20251200,20260300,20260300
2025-10-29 16:00:00,0.100425,,,20251200,20260300,20260300
2025-10-29 17:00:00,0.1003,,,20251200,20260300,20260300
2025-10-29 18:00:00,0.09975,,,20251200,20260300,20260300
2025-10-29 19:00:00,0.09965,,,20251200,20260300,20260300
2025-10-29 20:00:00,0.09975,,,20251200,20260300,20260300
2025-10-29 23:00:00,0.09975,0.099725,0.099725,20251200,20260300,20260300
2025-10-30 13:30:00,0.09925,,,20251200,20260300,20260300
2025-10-30 14:00:00,0.099325,,,20251200,20260300,20260300
2025-10-30 15:00:00,0.099475,,,20251200,20260300,20260300
2025-10-30 16:00:00,0.099525,,,20251200,20260300,20260300
2025-10-30 17:00:00,0.09955,,,20251200,20260300,20260300
2025-10-30 18:00:00,0.09945,,,20251200,20260300,20260300
2025-10-30 19:00:00,0.099375,,,20251200,20260300,20260300
2025-10-30 23:00:00,0.099375,0.0994,0.0994,20251200,20260300,20260300
2025-10-31 13:30:00,0.099125,,,20251200,20260300,20260300
2025-10-31 14:00:00,0.098925,,,20251200,20260300,20260300
2025-10-31 15:00:00,0.098825,,,20251200,20260300,20260300
2025-10-31 16:00:00,0.098725,,,20251200,20260300,20260300
2025-10-31 17:00:00,0.09875,,,20251200,20260300,20260300
2025-10-31 18:00:00,0.0987,,,20251200,20260300,20260300
2025-10-31 20:00:00,0.098825,,,20251200,20260300,20260300
2025-10-31 23:00:00,0.098825,0.098675,0.098675,20251200,20260300,20260300
2025-11-03 14:30:00,0.098575,,,20251200,20260300,20260300
2025-11-03 15:00:00,0.098725,,,20251200,20260300,20260300
2025-11-03 16:00:00,0.09875,,,20251200,20260300,20260300
2025-11-03 17:00:00,0.098775,,,20251200,20260300,20260300
2025-11-03 19:00:00,0.0988,,,20251200,20260300,20260300
2025-11-03 20:00:00,0.09875,,,20251200,20260300,20260300
2025-11-03 21:00:00,0.098725,,,20251200,20260300,20260300
2025-11-03 23:00:00,0.098725,0.098725,0.098725,20251200,20260300,20260300
2025-11-04 14:30:00,0.09795,,,20251200,20260300,20260300
2025-11-04 15:00:00,0.0981,,,20251200,20260300,20260300
2025-11-04 16:00:00,0.098025,,,20251200,20260300,20260300
2025-11-04 17:00:00,0.0979,,,20251200,20260300,20260300
2025-11-04 18:00:00,0.09785,,,20251200,20260300,20260300
2025-11-04 19:00:00,0.097775,,,20251200,20260300,20260300
2025-11-04 20:00:00,0.097825,,,20251200,20260300,20260300
2025-11-04 21:00:00,0.097725,,,20251200,20260300,20260300
2025-11-04 23:00:00,0.097725,0.097725,0.097725,20251200,20260300,20260300
2025-11-05 14:30:00,0.097925,,,20251200,20260300,20260300
2025-11-05 15:00:00,0.097875,,,20251200,20260300,20260300
2025-11-05 16:00:00,0.0979,,,20251200,20260300,20260300
2025-11-05 17:00:00,0.097875,,,20251200,20260300,20260300
2025-11-05 18:00:00,0.0979,,,20251200,20260300,20260300
2025-11-05 19:00:00,0.0979,,,20251200,20260300,20260300
2025-11-05 20:00:00,0.09785,,,20251200,20260300,20260300
2025-11-05 23:00:00,0.09785,0.097875,0.097875,20251200,20260300,20260300
2025-11-06 14:30:00,0.0979,,,20251200,20260300,20260300
2025-11-06 15:00:00,0.0977,,,20251200,20260300,20260300
2025-11-06 16:00:00,0.097775,,,20251200,20260300,20260300
2025-11-06 18:00:00,0.098025,,,20251200,20260300,20260300
2025-11-06 19:00:00,0.098025,,,20251200,20260300,20260300
2025-11-06 20:00:00,0.098025,,,20251200,20260300,20260300
2025-11-06 23:00:00,0.098025,0.097975,0.097975,20251200,20260300,20260300
2025-11-07 14:30:00,0.098275,,,20251200,20260300,20260300
2025-11-07 15:00:00,0.098375,,,20251200,20260300,20260300
2025-11-07 16:00:00,0.098475,,,20251200,20260300,20260300
2025-11-07 17:00:00,0.09845,,,20251200,20260300,20260300
2025-11-07 18:00:00,0.09845,,,20251200,20260300,20260300
2025-11-07 19:00:00,0.098475,,,20251200,20260300,20260300
2025-11-07 20:00:00,0.098475,,,20251200,20260300,20260300
2025-11-07 21:00:00,0.098525,,,20251200,20260300,20260300
2025-11-07 23:00:00,0.098525,0.098375,0.098375,20251200,20260300,20260300
2025-11-10 14:30:00,0.098675,,,20251200,20260300,20260300
2025-11-10 15:00:00,0.098625,,,20251200,20260300,20260300
2025-11-10 16:00:00,0.09865,,,20251200,20260300,20260300
2025-11-10 17:00:00,0.0987,,,20251200,20260300,20260300
2025-11-10 19:00:00,0.098875,,,20251200,20260300,20260300
2025-11-10 20:00:00,0.098825,,,20251200,20260300,20260300
2025-11-10 21:00:00,0.0988,,,20251200,20260300,20260300
2025-11-10 23:00:00,0.0988,0.0988,0.0988,20251200,20260300,20260300
2025-11-11 14:30:00,0.099475,,,20251200,20260300,20260300
2025-11-11 15:00:00,0.09945,,,20251200,20260300,20260300
2025-11-11 16:00:00,0.099575,,,20251200,20260300,20260300
2025-11-11 17:00:00,0.09955,,,20251200,20260300,20260300
2025-11-11 18:00:00,0.09955,,,20251200,20260300,20260300
2025-11-11 19:00:00,0.09945,,,20251200,20260300,20260300
2025-11-11 20:00:00,0.099525,,,20251200,20260300,20260300
2025-11-11 21:00:00,0.099425,,,20251200,20260300,20260300
2025-11-11 23:00:00,0.099425,0.09935,0.09935,20251200,20260300,20260300
2025-11-12 14:30:00,0.0991,,,20251200,20260300,20260300
2025-11-12 15:00:00,0.09915,,,20251200,20260300,20260300
2025-11-12 16:00:00,0.099225,,,20251200,20260300,20260300
2025-11-12 18:00:00,0.0992,,,20251200,20260300,20260300
2025-11-12 19:00:00,0.099125,,,20251200,20260300,20260300
2025-11-12 20:00:00,0.09915,,,20251200,20260300,20260300
2025-11-12 21:00:00,0.099175,,,20251200,20260300,20260300
2025-11-12 23:00:00,0.099175,0.0991,0.0991,20251200,20260300,20260300
2025-11-13 14:30:00,0.099575,,,20251200,20260300,20260300
2025-11-13 15:00:00,0.099875,,,20251200,20260300,20260300
2025-11-13 16:00:00,0.0999,,,20251200,20260300,20260300
2025-11-13 17:00:00,0.099975,,,20251200,20260300,20260300
2025-11-13 18:00:00,0.099775,,,20251200,20260300,20260300
2025-11-13 19:00:00,0.099825,,,20251200,20260300,20260300
2025-11-13 20:00:00,0.09975,,,20251200,20260300,20260300
2025-11-13 21:00:00,0.09975,,,20251200,20260300,20260300
2025-11-13 23:00:00,0.09975,0.099775,0.099775,20251200,20260300,20260300
2025-11-14 14:30:00,0.099225,,,20251200,20260300,20260300
2025-11-14 15:00:00,0.099175,,,20251200,20260300,20260300
2025-11-14 16:00:00,0.09905,,,20251200,20260300,20260300
2025-11-14 17:00:00,0.09905,,,20251200,20260300,20260300
2025-11-14 18:00:00,0.099025,,,20251200,20260300,20260300
2025-11-14 19:00:00,0.099025,,,20251200,20260300,20260300
2025-11-14 20:00:00,0.099025,,,20251200,20260300,20260300
2025-11-14 21:00:00,0.0991,,,20251200,20260300,20260300
2025-11-14 23:00:00,0.0991,0.099,0.099,20251200,20260300,20260300
2025-11-17 14:30:00,0.098975,,,20251200,20260300,20260300
2025-11-17 15:00:00,0.099075,,,20251200,20260300,20260300
2025-11-17 16:00:00,0.099075,,,20251200,20260300,20260300
2025-11-17 17:00:00,0.099125,,,20251200,20260300,20260300
2025-11-17 18:00:00,0.0991,,,20251200,20260300,20260300
2025-11-17 19:00:00,0.0988,,,20251200,20260300,20260300
2025-11-17 20:00:00,0.0989,,,20251200,20260300,20260300
2025-11-17 23:00:00,0.0989,0.0988,0.0988,20251200,20260300,20260300
2025-11-18 14:30:00,0.0988,,,20251200,20260300,20260300
2025-11-18 15:00:00,0.0988,,,20251200,20260300,20260300
2025-11-18 16:00:00,0.098825,,,20251200,20260300,20260300
2025-11-18 17:00:00,0.09885,,,20251200,20260300,20260300
2025-11-18 18:00:00,0.099,,,20251200,20260300,20260300
2025-11-18 19:00:00,0.099025,,,20251200,20260300,20260300
2025-11-18 20:00:00,0.0989,,,20251200,20260300,20260300
2025-11-18 23:00:00,0.0989,0.098975,0.098975,20251200,20260300,20260300
2025-11-19 14:30:00,0.098525,,,20251200,20260300,20260300
2025-11-19 15:00:00,0.09825,,,20251200,20260300,20260300
2025-11-19 16:00:00,0.098175,,,20251200,20260300,20260300
2025-11-19 17:00:00,0.09805,,,20251200,20260300,20260300
2025-11-19 18:00:00,0.09815,,,20251200,20260300,20260300
2025-11-19 19:00:00,0.09805,,,20251200,20260300,20260300
2025-11-19 20:00:00,0.09815,,,20251200,20260300,20260300
2025-11-19 21:00:00,0.098175,,,20251200,20260300,20260300
2025-11-19 23:00:00,0.098175,0.098,0.098,20251200,20260300,20260300
2025-11-20 14:30:00,0.098325,,,20251200,20260300,20260300
2025-11-20 15:00:00,0.098175,,,20251200,20260300,20260300
2025-11-20 16:00:00,0.098,,,20251200,20260300,20260300
2025-11-20 17:00:00,0.097875,,,20251200,20260300,20260300
2025-11-20 18:00:00,0.097875,,,20251200,20260300,20260300
2025-11-20 19:00:00,0.098,,,20251200,20260300,20260300
2025-11-20 20:00:00,0.097875,,,20251200,20260300,20260300
2025-11-20 21:00:00,0.097875,,,20251200,20260300,20260300
2025-11-20 23:00:00,0.097875,0.098,0.098,20251200,20260300,20260300
2025-11-21 14:30:00,0.097325,,,20251200,20260300,20260300
2025-11-21 15:00:00,0.097275,,,20251200,20260300,20260300
2025-11-21 16:00:00,0.097475,,,20251200,20260300,20260300
2025-11-21 17:00:00,0.097525,,,20251200,20260300,20260300
2025-11-21 18:00:00,0.09755,,,20251200,20260300,20260300
2025-11-21 19:00:00,0.097475,,,20251200,20260300,20260300
2025-11-21 20:00:00,0.0976,,,20251200,20260300,20260300
2025-11-21 21:00:00,0.097625,,,20251200,20260300,20260300
2025-11-21 23:00:00,0.097625,0.09745,0.09745,20251200,20260300,20260300
2025-11-24 14:30:00,0.0977,,,20251200,20260300,20260300
2025-11-24 15:00:00,0.09775,,,20251200,20260300,20260300
2025-11-24 16:00:00,0.09775,,,20251200,20260300,20260300
2025-11-24 17:00:00,0.097625,,,20251200,20260300,20260300
2025-11-24 18:00:00,0.097725,,,20251200,20260300,20260300
2025-11-24 19:00:00,0.0978,,,20251200,20260300,20260300
2025-11-24 20:00:00,0.09775,,,20251200,20260300,20260300
2025-11-24 23:00:00,0.09775,0.09775,0.09775,20251200,20260300,20260300
2025-11-25 14:30:00,0.09765,,,20251200,20260300,20260300
2025-11-25 15:00:00,0.09755,,,20251200,20260300,20260300
2025-11-25 16:00:00,0.097575,,,20251200,20260300,20260300
2025-11-25 17:00:00,0.09785,,,20251200,20260300,20260300
2025-11-25 18:00:00,0.0979,,,20251200,20260300,20260300
2025-11-25 19:00:00,0.097925,,,20251200,20260300,20260300
2025-11-25 20:00:00,0.0977,,,20251200,20260300,20260300
2025-11-25 21:00:00,0.09775,,,20251200,20260300,20260300
2025-11-25 23:00:00,0.09775,0.0979,0.0979,20251200,20260300,20260300
2025-11-26 14:30:00,0.0977,,,20251200,20260300,20260300
2025-11-26 15:00:00,0.097875,,,20251200,20260300,20260300
2025-11-26 16:00:00,0.09805,,,20251200,20260300,20260300
2025-11-26 17:00:00,0.098025,,,20251200,20260300,20260300
2025-11-26 18:00:00,0.098025,,,20251200,20260300,20260300
2025-11-26 19:00:00,0.097975,,,20251200,20260300,20260300
2025-11-26 20:00:00,0.098075,,,20251200,20260300,20260300
2025-11-26 21:00:00,0.098025,,,20251200,20260300,20260300
2025-11-26 23:00:00,0.098025,0.097875,0.097875,20251200,20260300,20260300
2025-11-28 14:30:00,0.09845,,,20251200,20260300,20260300
2025-11-28 15:00:00,0.098475,,,20251200,20260300,20260300
2025-11-28 16:00:00,0.0988,,,20251200,20260300,20260300
2025-11-28 17:00:00,0.098775,,,20251200,20260300,20260300
2025-11-28 23:00:00,0.098775,,,20251200,20260300,20260300
2025-12-01 14:30:00,0.098925,,,20251200,20260300,20260300
2025-12-01 15:00:00,0.098875,,,20251200,20260300,20260300
2025-12-01 16:00:00,0.098725,,,20251200,20260300,20260300
2025-12-01 17:00:00,0.098775,,,20251200,20260300,20260300
2025-12-01 18:00:00,0.098675,,,20251200,20260300,20260300
2025-12-01 19:00:00,0.098675,,,20251200,20260300,20260300
2025-12-01 20:00:00,0.09865,,,20251200,20260300,20260300
2025-12-01 21:00:00,0.098625,,,20251200,20260300,20260300
2025-12-01 23:00:00,0.098625,0.098675,0.098675,20251200,20260300,20260300
2025-12-02 14:30:00,0.098575,,,20251200,20260300,20260300
2025-12-02 15:00:00,0.0987,,,20251200,20260300,20260300
2025-12-02 16:00:00,0.098475,,,20251200,20260300,20260300
2025-12-02 17:00:00,0.098575,,,20251200,20260300,20260300
2025-12-02 18:00:00,0.098575,,,20251200,20260300,20260300
2025-12-02 19:00:00,0.0987,,,20251200,20260300,20260300
2025-12-02 20:00:00,0.0987,,,20251200,20260300,20260300
2025-12-02 21:00:00,0.098675,,,20251200,20260300,20260300
2025-12-02 23:00:00,0.098675,0.098675,0.098675,20251200,20260300,20260300
2025-12-03 14:30:00,0.0992,,,20251200,20260300,20260300
2025-12-03 15:00:00,0.099325,,,20251200,20260300,20260300
2025-12-03 16:00:00,0.099325,,,20251200,20260300,20260300
2025-12-03 17:00:00,0.099425,,,20251200,20260300,20260300
2025-12-03 18:00:00,0.0994,,,20251200,20260300,20260300
2025-12-03 19:00:00,0.099375,,,20251200,20260300,20260300
2025-12-03 20:00:00,0.0994,,,20251200,20260300,20260300
2025-12-03 21:00:00,0.099375,,,20251200,20260300,20260300
2025-12-03 23:00:00,0.099375,0.099375,0.099375,20251200,20260300,20260300
2025-12-04 15:00:00,0.099175,,,20251200,20260300,20260300
2025-12-04 16:00:00,0.09905,,,20251200,20260300,20260300
2025-12-04 17:00:00,0.099,,,20251200,20260300,20260300
2025-12-04 18:00:00,0.099025,,,20251200,20260300,20260300
2025-12-04 19:00:00,0.09895,,,20251200,20260300,20260300
2025-12-04 20:00:00,0.09895,,,20251200,20260300,20260300
2025-12-04 21:00:00,0.0989,,,20251200,20260300,20260300
2025-12-04 23:00:00,0.0989,0.09895,0.09895,20251200,20260300,20260300
2025-12-05 14:30:00,0.0991,0.0991,0.0991,20251200,20260300,20260300
2025-12-05 15:00:00,0.099025,,,20251200,20260300,20260300
2025-12-05 16:00:00,0.098925,,,20251200,20260300,20260300
2025-12-05 17:00:00,0.098875,,,20251200,20260300,20260300
2025-12-05 18:00:00,0.09895,,,20251200,20260300,20260300
2025-12-05 19:00:00,0.098975,,,20251200,20260300,20260300
2025-12-05 20:00:00,0.098925,,,20251200,20260300,20260300
2025-12-05 21:00:00,0.098975,,,20251200,20260300,20260300
2025-12-05 23:00:00,0.098975,0.0991,0.0991,20251200,20260300,20260300
2025-12-08 14:30:00,0.098775,0.09875,0.09875,20251200,20260300,20260300
2025-12-08 15:00:00,0.09865,0.098575,0.098575,20251200,20260300,20260300
2025-12-08 16:00:00,0.09865,0.098575,0.098575,20251200,20260300,20260300
2025-12-08 17:00:00,0.098725,0.0987,0.0987,20251200,20260300,20260300
2025-12-08 18:00:00,0.098775,,,20251200,20260300,20260300
2025-12-08 19:00:00,0.09875,,,20251200,20260300,20260300
2025-12-08 20:00:00,,0.098725,0.098725,20251200,20260300,20260300
2025-12-08 23:00:00,0.09875,0.098725,0.098725,20251200,20260300,20260300
2025-12-09 14:30:00,0.0987,0.098675,0.098675,20251200,20260300,20260300
2025-12-09 15:00:00,0.098575,0.0985,0.0985,20251200,20260300,20260300
2025-12-09 16:00:00,0.098675,0.098525,0.098525,20251200,20260300,20260300
2025-12-09 17:00:00,0.098575,0.09845,0.09845,20251200,20260300,20260300
2025-12-09 18:00:00,0.098375,,,20251200,20260300,20260300
2025-12-09 19:00:00,0.09845,0.09845,0.09845,20251200,20260300,20260300
2025-12-09 20:00:00,0.0985,0.0984,0.0984,20251200,20260300,20260300
2025-12-09 23:00:00,0.0985,0.0984,0.0984,20251200,20260300,20260300
2025-12-10 14:30:00,0.09845,,,20251200,20260300,20260300
2025-12-10 15:00:00,0.098475,,,20251200,20260300,20260300
2025-12-10 16:00:00,0.09845,,,20251200,20260300,20260300
2025-12-10 17:00:00,0.098675,0.098675,0.098675,20251200,20260300,20260300
2025-12-10 19:00:00,0.09875,0.09875,0.09875,20251200,20260300,20260300
2025-12-10 20:00:00,0.0992,,,20251200,20260300,20260300
2025-12-10 21:00:00,0.09915,,,20251200,20260300,20260300
2025-12-10 23:00:00,0.09915,0.09875,0.09875,20251200,20260300,20260300
2025-12-11 14:30:00,0.099175,0.09915,0.09915,20251200,20260300,20260300
2025-12-11 15:00:00,0.099175,0.09915,0.09915,20251200,20260300,20260300
2025-12-11 16:00:00,0.0994,,,20251200,20260300,20260300
2025-12-11 17:00:00,0.0994,0.099375,0.099375,20251200,20260300,20260300
2025-12-11 18:00:00,0.099475,0.099425,0.099425,20251200,20260300,20260300
2025-12-11 19:00:00,0.099275,0.099275,0.099275,20251200,20260300,20260300
2025-12-11 20:00:00,0.099275,0.09925,0.09925,20251200,20260300,20260300
2025-12-11 21:00:00,0.0993,0.09925,0.09925,20251200,20260300,20260300
2025-12-11 23:00:00,0.0993,0.09925,0.09925,20251200,20260300,20260300
2025-12-12 14:30:00,,0.0988,0.0988,20251200,20260300,20260300
2025-12-12 15:00:00,,0.09855,0.09855,20251200,20260300,20260300
2025-12-12 16:00:00,,0.0985,0.0985,20251200,20260300,20260300
2025-12-12 17:00:00,,0.09875,0.09875,20251200,20260300,20260300
2025-12-12 18:00:00,,0.09875,0.09875,20251200,20260300,20260300
2025-12-12 19:00:00,,0.09865,0.09865,20251200,20260300,20260300
2025-12-12 20:00:00,,0.098675,0.098675,20251200,20260300,20260300
2025-12-12 21:00:00,0.098775,0.098725,0.098725,20251200,20260300,20260300
2025-12-12 23:00:00,0.098725,0.098575,0.098575,20260300,20260600,20260600
2025-12-15 14:30:00,0.098625,,,20260300,20260600,20260600
2025-12-15 15:00:00,0.098675,,,20260300,20260600,20260600
2025-12-15 16:00:00,0.098475,,,20260300,20260600,20260600
2025-12-15 17:00:00,0.098375,,,20260300,20260600,20260600
2025-12-15 18:00:00,0.09835,,,20260300,20260600,20260600
2025-12-15 19:00:00,0.098425,,,20260300,20260600,20260600
2025-12-15 20:00:00,0.098475,,,20260300,20260600,20260600
2025-12-15 21:00:00,0.098475,,,20260300,20260600,20260600
2025-12-15 23:00:00,0.098475,0.098375,0.098375,20260300,20260600,20260600
2025-12-16 14:30:00,0.098475,,,20260300,20260600,20260600
2025-12-16 15:00:00,0.0983,,,20260300,20260600,20260600
2025-12-16 16:00:00,0.09825,,,20260300,20260600,20260600
2025-12-16 17:00:00,0.0983,,,20260300,20260600,20260600
2025-12-16 19:00:00,0.098225,,,20260300,20260600,20260600
2025-12-16 20:00:00,0.09825,,,20260300,20260600,20260600
2025-12-16 21:00:00,0.09815,,,20260300,20260600,20260600
2025-12-16 23:00:00,0.09815,0.09815,0.09815,20260300,20260600,20260600
2025-12-17 14:30:00,0.09795,,,20260300,20260600,20260600
2025-12-17 15:00:00,0.097975,,,20260300,20260600,20260600
2025-12-17 16:00:00,0.097975,,,20260300,20260600,20260600
2025-12-17 18:00:00,0.097925,,,20260300,20260600,20260600
2025-12-17 19:00:00,0.097925,,,20260300,20260600,20260600
2025-12-17 21:00:00,0.098025,,,20260300,20260600,20260600
2025-12-17 23:00:00,0.098025,0.09785,0.09785,20260300,20260600,20260600
2025-12-18 14:30:00,0.098325,,,20260300,20260600,20260600
2025-12-18 15:00:00,0.098375,,,20260300,20260600,20260600
2025-12-18 16:00:00,0.0984,,,20260300,20260600,20260600
2025-12-18 17:00:00,0.09835,,,20260300,20260600,20260600
2025-12-18 18:00:00,0.0984,,,20260300,20260600,20260600
2025-12-18 23:00:00,0.0984,0.098275,0.098275,20260300,20260600,20260600
2025-12-19 14:30:00,0.098575,,,20260300,20260600,20260600
2025-12-19 15:00:00,0.098525,,,20260300,20260600,20260600
2025-12-19 16:00:00,0.0987,,,20260300,20260600,20260600
2025-12-19 17:00:00,0.098675,,,20260300,20260600,20260600
2025-12-19 19:00:00,0.0987,,,20260300,20260600,20260600
2025-12-19 20:00:00,0.0986,,,20260300,20260600,20260600
2025-12-19 21:00:00,0.09865,,,20260300,20260600,20260600
2025-12-19 23:00:00,0.09865,0.0986,0.0986,20260300,20260600,20260600
2025-12-22 14:30:00,0.09885,,,20260300,20260600,20260600
2025-12-22 15:00:00,0.0989,,,20260300,20260600,20260600
2025-12-22 16:00:00,0.098825,,,20260300,20260600,20260600
2025-12-22 17:00:00,0.0989,,,20260300,20260600,20260600
2025-12-22 19:00:00,0.09885,,,20260300,20260600,20260600
2025-12-22 20:00:00,0.098925,,,20260300,20260600,20260600
2025-12-22 23:00:00,0.098925,0.098775,0.098775,20260300,20260600,20260600
2025-12-23 14:30:00,0.099125,,,20260300,20260600,20260600
2025-12-23 15:00:00,0.0993,,,20260300,20260600,20260600
2025-12-23 16:00:00,0.0994,,,20260300,20260600,20260600
2025-12-23 17:00:00,0.09945,,,20260300,20260600,20260600
2025-12-23 18:00:00,0.099625,,,20260300,20260600,20260600
2025-12-23 20:00:00,0.099675,,,20260300,20260600,20260600
2025-12-23 21:00:00,0.099675,,,20260300,20260600,20260600
2025-12-23 23:00:00,0.099675,0.099575,0.099575,20260300,20260600,20260600
2025-12-24 14:30:00,0.1,,,20260300,20260600,20260600
2025-12-24 15:00:00,0.100125,,,20260300,20260600,20260600
2025-12-24 16:00:00,0.1,,,20260300,20260600,20260600
2025-12-24 17:00:00,0.09995,,,20260300,20260600,20260600
2025-12-24 18:00:00,0.0999,,,20260300,20260600,20260600
2025-12-24 23:00:00,0.0999,0.099825,0.099825,20260300,20260600,20260600
2025-12-26 14:30:00,0.10005,,,20260300,20260600,20260600
2025-12-26 15:00:00,0.100025,,,20260300,20260600,20260600
2025-12-26 16:00:00,0.0998,,,20260300,20260600,20260600
2025-12-26 18:00:00,0.099775,,,20260300,20260600,20260600
2025-12-26 19:00:00,0.09975,,,20260300,20260600,20260600
2025-12-26 20:00:00,0.09985,,,20260300,20260600,20260600
2025-12-26 21:00:00,0.09985,,,20260300,20260600,20260600
2025-12-26 23:00:00,0.09985,0.09965,0.09965,20260300,20260600,20260600
2025-12-29 14:30:00,0.099575,,,20260300,20260600,20260600
2025-12-29 15:00:00,0.0996,,,20260300,20260600,20260600
2025-12-29 16:00:00,0.0995,,,20260300,20260600,20260600
2025-12-29 17:00:00,0.0994,,,20260300,20260600,20260600
2025-12-29 19:00:00,0.09955,,,20260300,20260600,20260600
2025-12-29 20:00:00,0.099525,,,20260300,20260600,20260600
2025-12-29 21:00:00,0.0996,,,20260300,20260600,20260600
2025-12-29 23:00:00,0.0996,0.099425,0.099425,20260300,20260600,20260600
2025-12-30 14:30:00,0.099425,,,20260300,20260600,20260600
2025-12-30 15:00:00,0.099525,,,20260300,20260600,20260600
2025-12-30 16:00:00,0.099675,,,20260300,20260600,20260600
2025-12-30 17:00:00,0.099625,,,20260300,20260600,20260600
2025-12-30 18:00:00,0.09955,,,20260300,20260600,20260600
2025-12-30 19:00:00,0.099525,,,20260300,20260600,20260600
2025-12-30 20:00:00,0.0995,,,20260300,20260600,20260600
2025-12-30 23:00:00,0.0995,0.0994,0.0994,20260300,20260600,20260600
2025-12-31 14:30:00,0.099175,,,20260300,20260600,20260600
2025-12-31 15:00:00,0.099125,,,20260300,20260600,20260600
2025-12-31 16:00:00,0.099175,,,20260300,20260600,20260600
2025-12-31 17:00:00,0.099175,,,20260300,20260600,20260600
2025-12-31 18:00:00,0.099125,,,20260300,20260600,20260600
2025-12-31 19:00:00,0.0991,,,20260300,20260600,20260600
2025-12-31 20:00:00,0.099125,,,20260300,20260600,20260600
2025-12-31 23:00:00,0.099125,0.099025,0.099025,20260300,20260600,20260600
2026-01-02 14:30:00,0.0994,,,20260300,20260600,20260600
2026-01-02 15:00:00,0.0995,,,20260300,20260600,20260600
2026-01-02 16:00:00,0.099425,,,20260300,20260600,20260600
2026-01-02 19:00:00,0.0994,,,20260300,20260600,20260600
2026-01-02 20:00:00,0.099325,,,20260300,20260600,20260600
2026-01-02 23:00:00,0.099325,0.0993,0.0993,20260300,20260600,20260600
2026-01-05 14:30:00,0.099175,,,20260300,20260600,20260600
2026-01-05 15:00:00,0.099425,,,20260300,20260600,20260600
2026-01-05 16:00:00,0.0996,,,20260300,20260600,20260600
2026-01-05 17:00:00,0.099625,,,20260300,20260600,20260600
2026-01-05 19:00:00,0.09975,,,20260300,20260600,20260600
2026-01-05 20:00:00,0.099725,,,20260300,20260600,20260600
2026-01-05 21:00:00,0.099725,,,20260300,20260600,20260600
2026-01-05 23:00:00,0.099725,0.09965,0.09965,20260300,20260600,20260600
2026-01-06 14:30:00,0.09975,,,20260300,20260600,20260600
2026-01-06 15:00:00,0.099475,,,20260300,20260600,20260600
2026-01-06 16:00:00,0.0995,,,20260300,20260600,20260600
2026-01-06 17:00:00,0.099575,,,20260300,20260600,20260600
2026-01-06 18:00:00,0.09955,,,20260300,20260600,20260600
2026-01-06 19:00:00,0.099425,,,20260300,20260600,20260600
2026-01-06 20:00:00,0.0995,,,20260300,20260600,20260600
2026-01-06 23:00:00,0.0995,0.099325,0.099325,20260300,20260600,20260600
2026-01-07 14:30:00,0.099375,,,20260300,20260600,20260600
2026-01-07 15:00:00,0.0992,,,20260300,20260600,20260600
2026-01-07 16:00:00,0.09915,,,20260300,20260600,20260600
2026-01-07 17:00:00,0.099225,,,20260300,20260600,20260600
2026-01-07 18:00:00,0.09925,,,20260300,20260600,20260600
2026-01-07 19:00:00,0.099225,,,20260300,20260600,20260600
2026-01-07 20:00:00,0.099225,,,20260300,20260600,20260600
2026-01-07 21:00:00,0.0991,,,20260300,20260600,20260600
2026-01-07 23:00:00,0.0991,0.099175,0.099175,20260300,20260600,20260600
2026-01-08 14:30:00,0.098925,,,20260300,20260600,20260600
2026-01-08 15:00:00,0.099025,,,20260300,20260600,20260600
2026-01-08 16:00:00,0.09905,,,20260300,20260600,20260600
2026-01-08 18:00:00,0.099025,,,20260300,20260600,20260600
2026-01-08 19:00:00,0.099075,,,20260300,20260600,20260600
2026-01-08 20:00:00,0.099125,,,20260300,20260600,20260600
2026-01-08 21:00:00,0.099175,,,20260300,20260600,20260600
2026-01-08 23:00:00,0.099175,0.099,0.099,20260300,20260600,20260600
2026-01-09 14:30:00,0.099025,,,20260300,20260600,20260600
2026-01-09 15:00:00,0.099025,,,20260300,20260600,20260600
2026-01-09 16:00:00,0.098975,,,20260300,20260600,20260600
2026-01-09 17:00:00,0.098925,,,20260300,20260600,20260600
2026-01-09 18:00:00,0.098975,,,20260300,20260600,20260600
2026-01-09 19:00:00,0.099,,,20260300,20260600,20260600
2026-01-09 20:00:00,0.099,,,20260300,20260600,20260600
2026-01-09 21:00:00,0.09905,,,20260300,20260600,20260600
2026-01-09 23:00:00,0.09905,0.09895,0.09895,20260300,20260600,20260600
2026-01-12 14:30:00,0.099375,,,20260300,20260600,20260600
2026-01-12 15:00:00,0.09945,,,20260300,20260600,20260600
2026-01-12 16:00:00,0.09925,,,20260300,20260600,20260600
2026-01-12 17:00:00,0.099275,,,20260300,20260600,20260600
2026-01-12 18:00:00,0.099175,,,20260300,20260600,20260600
2026-01-12 19:00:00,0.09925,,,20260300,20260600,20260600
2026-01-12 20:00:00,0.099275,,,20260300,20260600,20260600
2026-01-12 23:00:00,0.099275,0.099175,0.099175,20260300,20260600,20260600
2026-01-13 14:30:00,0.099325,,,20260300,20260600,20260600
2026-01-13 15:00:00,0.099225,,,20260300,20260600,20260600
2026-01-13 16:00:00,0.09905,,,20260300,20260600,20260600
2026-01-13 17:00:00,0.09905,,,20260300,20260600,20260600
2026-01-13 19:00:00,0.0991,,,20260300,20260600,20260600
2026-01-13 20:00:00,0.09905,,,20260300,20260600,20260600
2026-01-13 23:00:00,0.09905,0.099025,0.099025,20260300,20260600,20260600
2026-01-14 14:30:00,0.099525,,,20260300,20260600,20260600
2026-01-14 15:00:00,0.099475,,,20260300,20260600,20260600
2026-01-14 16:00:00,0.099475,,,20260300,20260600,20260600
2026-01-14 17:00:00,0.099475,,,20260300,20260600,20260600
2026-01-14 19:00:00,0.0995,,,20260300,20260600,20260600
2026-01-14 20:00:00,0.09935,,,20260300,20260600,20260600
2026-01-14 23:00:00,0.09935,0.0994,0.0994,20260300,20260600,20260600
2026-01-15 14:30:00,0.098775,,,20260300,20260600,20260600
2026-01-15 15:00:00,0.09885,,,20260300,20260600,20260600
2026-01-15 16:00:00,0.098925,,,20260300,20260600,20260600
2026-01-15 17:00:00,0.09885,,,20260300,20260600,20260600
2026-01-15 19:00:00,0.098925,,,20260300,20260600,20260600
2026-01-15 20:00:00,0.098875,,,20260300,20260600,20260600
2026-01-15 21:00:00,0.098825,,,20260300,20260600,20260600
2026-01-15 23:00:00,0.098825,0.09885,0.09885,20260300,20260600,20260600
2026-01-16 14:30:00,0.0991,,,20260300,20260600,20260600
2026-01-16 15:00:00,0.098925,,,20260300,20260600,20260600
2026-01-16 16:00:00,0.099025,,,20260300,20260600,20260600
2026-01-16 17:00:00,0.099,,,20260300,20260600,20260600
2026-01-16 19:00:00,0.09905,,,20260300,20260600,20260600
2026-01-16 20:00:00,0.0991,,,20260300,20260600,20260600
2026-01-16 21:00:00,0.09905,,,20260300,20260600,20260600
2026-01-16 23:00:00,0.09905,0.098975,0.098975,20260300,20260600,20260600
2026-01-19 14:30:00,0.099325,,,20260300,20260600,20260600
2026-01-19 15:00:00,0.099275,,,20260300,20260600,20260600
2026-01-19 16:00:00,0.099425,,,20260300,20260600,20260600
2026-01-19 21:00:00,0.0994,,,20260300,20260600,20260600
2026-01-20 14:30:00,0.100175,,,20260300,20260600,20260600
2026-01-20 15:00:00,0.10025,,,20260300,20260600,20260600
2026-01-20 16:00:00,0.10025,,,20260300,20260600,20260600
2026-01-20 17:00:00,0.1002,,,20260300,20260600,20260600
2026-01-20 18:00:00,0.1001,,,20260300,20260600,20260600
2026-01-20 19:00:00,0.100025,,,20260300,20260600,20260600
2026-01-20 20:00:00,0.099975,,,20260300,20260600,20260600
2026-01-20 21:00:00,0.099975,,,20260300,20260600,20260600
2026-01-20 23:00:00,0.099975,0.0999,0.0999,20260300,20260600,20260600
2026-01-21 14:30:00,0.1007,,,20260300,20260600,20260600
2026-01-21 15:00:00,0.100425,,,20260300,20260600,20260600
2026-01-21 16:00:00,0.10035,,,20260300,20260600,20260600
2026-01-21 19:00:00,0.10045,,,20260300,20260600,20260600
2026-01-21 20:00:00,0.10035,,,20260300,20260600,20260600
2026-01-21 21:00:00,0.100375,,,20260300,20260600,20260600
2026-01-21 23:00:00,0.100375,0.1004,0.1004,20260300,20260600,20260600
2026-01-22 14:30:00,0.1011,,,20260300,20260600,20260600
2026-01-22 15:00:00,0.10125,,,20260300,20260600,20260600
2026-01-22 16:00:00,0.101275,,,20260300,20260600,20260600
2026-01-22 17:00:00,0.101325,,,20260300,20260600,20260600
2026-01-22 18:00:00,0.10145,,,20260300,20260600,20260600
2026-01-22 19:00:00,0.101425,,,20260300,20260600,20260600
2026-01-22 20:00:00,0.1014,,,20260300,20260600,20260600
2026-01-22 21:00:00,0.10145,,,20260300,20260600,20260600
2026-01-22 23:00:00,0.10145,0.10135,0.10135,20260300,20260600,20260600
2026-01-23 14:30:00,0.101675,,,20260300,20260600,20260600
2026-01-23 15:00:00,0.10175,,,20260300,20260600,20260600
2026-01-23 16:00:00,0.101875,,,20260300,20260600,20260600
2026-01-23 17:00:00,0.1021,,,20260300,20260600,20260600
2026-01-23 18:00:00,0.102025,,,20260300,20260600,20260600
2026-01-23 19:00:00,0.102125,,,20260300,20260600,20260600
2026-01-23 20:00:00,0.102275,,,20260300,20260600,20260600
2026-01-23 21:00:00,0.10235,,,20260300,20260600,20260600
2026-01-23 23:00:00,0.10235,0.102025,0.102025,20260300,20260600,20260600
2026-01-26 14:30:00,0.102375,,,20260300,20260600,20260600
2026-01-26 15:00:00,0.102525,,,20260300,20260600,20260600
2026-01-26 16:00:00,0.102475,,,20260300,20260600,20260600
2026-01-26 17:00:00,0.102325,,,20260300,20260600,20260600
2026-01-26 18:00:00,0.1024,,,20260300,20260600,20260600
2026-01-26 19:00:00,0.102275,,,20260300,20260600,20260600
2026-01-26 20:00:00,0.1023,,,20260300,20260600,20260600
2026-01-26 23:00:00,0.1023,0.1022,0.1022,20260300,20260600,20260600
2026-01-27 14:30:00,0.103475,,,20260300,20260600,20260600
2026-01-27 15:00:00,0.103675,,,20260300,20260600,20260600
2026-01-27 16:00:00,0.10395,,,20260300,20260600,20260600
2026-01-27 17:00:00,0.10395,,,20260300,20260600,20260600
2026-01-27 18:00:00,0.10395,,,20260300,20260600,20260600
2026-01-27 19:00:00,0.103875,,,20260300,20260600,20260600
2026-01-27 20:00:00,0.1043,,,20260300,20260600,20260600
2026-01-27 21:00:00,0.1045,,,20260300,20260600,20260600
2026-01-27 23:00:00,0.1045,0.103825,0.103825,20260300,20260600,20260600
2026-01-28 14:30:00,0.10395,,,20260300,20260600,20260600
2026-01-28 15:00:00,0.1038,,,20260300,20260600,20260600
2026-01-28 16:00:00,0.10375,,,20260300,20260600,20260600
2026-01-28 17:00:00,0.103675,,,20260300,20260600,20260600
2026-01-28 19:00:00,0.103975,,,20260300,20260600,20260600
2026-01-28 20:00:00,0.104175,,,20260300,20260600,20260600
2026-01-28 23:00:00,0.104175,0.1039,0.1039,20260300,20260600,20260600
2026-01-29 14:30:00,0.105125,,,20260300,20260600,20260600
2026-01-29 15:00:00,0.104025,,,20260300,20260600,20260600
2026-01-29 16:00:00,0.10455,,,20260300,20260600,20260600
2026-01-29 17:00:00,0.104675,,,20260300,20260600,20260600
2026-01-29 18:00:00,0.1047,,,20260300,20260600,20260600
2026-01-29 19:00:00,0.104675,,,20260300,20260600,20260600
2026-01-29 20:00:00,0.1048,,,20260300,20260600,20260600
2026-01-29 23:00:00,0.1048,0.104575,0.104575,20260300,20260600,20260600
2026-01-30 14:30:00,0.104575,,,20260300,20260600,20260600
2026-01-30 15:00:00,0.1041,,,20260300,20260600,20260600
2026-01-30 16:00:00,0.104175,,,20260300,20260600,20260600
2026-01-30 17:00:00,0.103975,,,20260300,20260600,20260600
2026-01-30 18:00:00,0.103925,,,20260300,20260600,20260600
2026-01-30 19:00:00,0.10405,,,20260300,20260600,20260600
2026-01-30 20:00:00,0.104,,,20260300,20260600,20260600
2026-01-30 21:00:00,0.103875,,,20260300,20260600,20260600
2026-01-30 23:00:00,0.103875,0.10395,0.10395,20260300,20260600,20260600
2026-02-02 14:30:00,0.10315,,,20260300,20260600,20260600
2026-02-02 15:00:00,0.102875,,,20260300,20260600,20260600
2026-02-02 16:00:00,0.103075,,,20260300,20260600,20260600
2026-02-02 18:00:00,0.102775,,,20260300,20260600,20260600
2026-02-02 19:00:00,0.10295,,,20260300,20260600,20260600
2026-02-02 20:00:00,0.10295,,,20260300,20260600,20260600
2026-02-02 23:00:00,0.10295,0.1029,0.1029,20260300,20260600,20260600
2026-02-03 14:30:00,0.103525,,,20260300,20260600,20260600
2026-02-03 15:00:00,0.10365,,,20260300,20260600,20260600
2026-02-03 16:00:00,0.10375,,,20260300,20260600,20260600
2026-02-03 17:00:00,0.103875,,,20260300,20260600,20260600
2026-02-03 18:00:00,0.10365,,,20260300,20260600,20260600
2026-02-03 19:00:00,0.1037,,,20260300,20260600,20260600
2026-02-03 20:00:00,0.1039,,,20260300,20260600,20260600
2026-02-03 21:00:00,0.1039,,,20260300,20260600,20260600
2026-02-03 23:00:00,0.1039,0.10365,0.10365,20260300,20260600,20260600
2026-02-04 14:30:00,0.1033,,,20260300,20260600,20260600
2026-02-04 15:00:00,0.10305,,,20260300,20260600,20260600
2026-02-04 16:00:00,0.103,,,20260300,20260600,20260600
2026-02-04 17:00:00,0.103325,,,20260300,20260600,20260600
2026-02-04 18:00:00,0.1032,,,20260300,20260600,20260600
2026-02-04 19:00:00,0.103325,,,20260300,20260600,20260600
2026-02-04 20:00:00,0.1033,,,20260300,20260600,20260600
2026-02-04 21:00:00,0.1034,,,20260300,20260600,20260600
2026-02-04 23:00:00,0.1034,0.103275,0.103275,20260300,20260600,20260600
2026-02-05 14:30:00,0.1024,,,20260300,20260600,20260600
2026-02-05 15:00:00,0.102175,,,20260300,20260600,20260600
2026-02-05 16:00:00,0.102475,,,20260300,20260600,20260600
2026-02-05 19:00:00,0.102325,,,20260300,20260600,20260600
2026-02-05 20:00:00,0.102075,,,20260300,20260600,20260600
2026-02-05 21:00:00,0.102075,,,20260300,20260600,20260600
2026-02-05 23:00:00,0.102075,0.10225,0.10225,20260300,20260600,20260600
2026-02-06 14:30:00,0.103375,,,20260300,20260600,20260600
2026-02-06 15:00:00,0.103275,,,20260300,20260600,20260600
2026-02-06 16:00:00,0.10345,,,20260300,20260600,20260600
2026-02-06 17:00:00,0.103475,,,20260300,20260600,20260600
2026-02-06 18:00:00,0.1034,,,20260300,20260600,20260600
2026-02-06 19:00:00,0.10335,,,20260300,20260600,20260600
2026-02-06 20:00:00,0.103375,,,20260300,20260600,20260600
2026-02-06 21:00:00,0.103325,,,20260300,20260600,20260600
2026-02-06 23:00:00,0.103325,0.103225,0.103225,20260300,20260600,20260600
2026-02-09 14:30:00,0.10435,,,20260300,20260600,20260600
2026-02-09 15:00:00,0.104325,,,20260300,20260600,20260600
2026-02-09 16:00:00,0.1043,,,20260300,20260600,20260600
2026-02-09 17:00:00,0.10425,,,20260300,20260600,20260600
2026-02-09 18:00:00,0.10435,,,20260300,20260600,20260600
2026-02-09 19:00:00,0.10435,,,20260300,20260600,20260600
2026-02-09 20:00:00,0.104425,,,20260300,20260600,20260600
2026-02-09 21:00:00,0.10435,,,20260300,20260600,20260600
2026-02-09 23:00:00,0.10435,0.10435,0.10435,20260300,20260600,20260600
2026-02-10 14:30:00,0.1052,,,20260300,20260600,20260600
2026-02-10 15:00:00,0.10515,,,20260300,20260600,20260600
2026-02-10 16:00:00,0.104975,,,20260300,20260600,20260600
2026-02-10 17:00:00,0.10495,,,20260300,20260600,20260600
2026-02-10 18:00:00,0.104925,,,20260300,20260600,20260600
2026-02-10 19:00:00,0.105075,,,20260300,20260600,20260600
2026-02-10 20:00:00,0.104975,,,20260300,20260600,20260600
2026-02-10 21:00:00,0.105025,,,20260300,20260600,20260600
2026-02-10 23:00:00,0.105025,0.105,0.105,20260300,20260600,20260600
2026-02-11 14:30:00,0.105525,,,20260300,20260600,20260600
2026-02-11 15:00:00,0.10515,,,20260300,20260600,20260600
2026-02-11 16:00:00,0.1056,,,20260300,20260600,20260600
2026-02-11 17:00:00,0.1057,,,20260300,20260600,20260600
2026-02-11 18:00:00,0.105675,,,20260300,20260600,20260600
2026-02-11 19:00:00,0.105525,,,20260300,20260600,20260600
2026-02-11 20:00:00,0.105375,,,20260300,20260600,20260600
2026-02-11 23:00:00,0.105375,0.1054,0.1054,20260300,20260600,20260600
2026-02-12 14:30:00,0.105525,,,20260300,20260600,20260600
2026-02-12 15:00:00,0.105475,,,20260300,20260600,20260600
2026-02-12 16:00:00,0.10495,,,20260300,20260600,20260600
2026-02-12 17:00:00,0.104825,,,20260300,20260600,20260600
2026-02-12 18:00:00,0.104775,,,20260300,20260600,20260600
2026-02-12 19:00:00,0.104825,,,20260300,20260600,20260600
2026-02-12 20:00:00,0.104875,,,20260300,20260600,20260600
2026-02-12 23:00:00,0.104875,0.10475,0.10475,20260300,20260600,20260600
2026-02-13 14:30:00,0.105,,,20260300,20260600,20260600
2026-02-13 15:00:00,0.105275,,,20260300,20260600,20260600
2026-02-13 16:00:00,0.1051,,,20260300,20260600,20260600
2026-02-13 17:00:00,0.105275,,,20260300,20260600,20260600
2026-02-13 18:00:00,0.1054,,,20260300,20260600,20260600
2026-02-13 19:00:00,0.10525,,,20260300,20260600,20260600
2026-02-13 20:00:00,0.10525,,,20260300,20260600,20260600
2026-02-13 21:00:00,0.105325,,,20260300,20260600,20260600
2026-02-13 23:00:00,0.105325,0.105175,0.105175,20260300,20260600,20260600
2026-02-17 14:30:00,0.104575,,,20260300,20260600,20260600
2026-02-17 15:00:00,0.10425,,,20260300,20260600,20260600
2026-02-17 16:00:00,0.10445,,,20260300,20260600,20260600
2026-02-17 18:00:00,0.10485,,,20260300,20260600,20260600
2026-02-17 19:00:00,0.104825,,,20260300,20260600,20260600
2026-02-17 20:00:00,0.10485,,,20260300,20260600,20260600
2026-02-17 23:00:00,0.10485,0.10475,0.10475,20260300,20260600,20260600
2026-02-18 14:30:00,0.1053,,,20260300,20260600,20260600
2026-02-18 15:00:00,0.105325,,,20260300,20260600,20260600
2026-02-18 16:00:00,0.10525,,,20260300,20260600,20260600
2026-02-18 17:00:00,0.10515,,,20260300,20260600,20260600
2026-02-18 18:00:00,0.10505,,,20260300,20260600,20260600
2026-02-18 20:00:00,0.104875,,,20260300,20260600,20260600
2026-02-18 23:00:00,0.104875,0.10475,0.10475,20260300,20260600,20260600
2026-02-19 14:30:00,0.1042,,,20260300,20260600,20260600
2026-02-19 15:00:00,0.1045,,,20260300,20260600,20260600
2026-02-19 16:00:00,0.104475,,,20260300,20260600,20260600
2026-02-19 18:00:00,0.104525,,,20260300,20260600,20260600
2026-02-19 19:00:00,0.104425,,,20260300,20260600,20260600
2026-02-19 20:00:00,0.104575,,,20260300,20260600,20260600
2026-02-19 21:00:00,0.104625,,,20260300,20260600,20260600
2026-02-19 23:00:00,0.104625,0.10435,0.10435,20260300,20260600,20260600
2026-02-20 14:30:00,0.10465,,,20260300,20260600,20260600
2026-02-20 15:00:00,0.105125,,,20260300,20260600,20260600
2026-02-20 16:00:00,0.10495,,,20260300,20260600,20260600
2026-02-20 17:00:00,0.1049,,,20260300,20260600,20260600
2026-02-20 19:00:00,0.10495,,,20260300,20260600,20260600
2026-02-20 20:00:00,0.105,,,20260300,20260600,20260600
2026-02-20 21:00:00,0.1051,,,20260300,20260600,20260600
2026-02-20 23:00:00,0.1051,0.104875,0.104875,20260300,20260600,20260600
2026-02-23 14:30:00,0.104825,,,20260300,20260600,20260600
2026-02-23 15:00:00,0.104525,,,20260300,20260600,20260600
2026-02-23 16:00:00,0.10455,,,20260300,20260600,20260600
2026-02-23 17:00:00,0.10445,,,20260300,20260600,20260600
2026-02-23 18:00:00,0.104625,,,20260300,20260600,20260600
2026-02-23 19:00:00,0.104575,,,20260300,20260600,20260600
2026-02-23 20:00:00,0.10455,,,20260300,20260600,20260600
2026-02-23 21:00:00,0.10445,,,20260300,20260600,20260600
2026-02-23 23:00:00,0.10445,0.1045,0.1045,20260300,20260600,20260600
2026-02-24 14:30:00,0.104525,,,20260300,20260600,20260600
2026-02-24 15:00:00,0.1045,,,20260300,20260600,20260600
2026-02-24 16:00:00,0.104675,,,20260300,20260600,20260600
2026-02-24 17:00:00,0.1047,,,20260300,20260600,20260600
2026-02-24 18:00:00,0.104625,,,20260300,20260600,20260600
2026-02-24 19:00:00,0.104575,,,20260300,20260600,20260600
2026-02-24 20:00:00,0.1046,,,20260300,20260600,20260600
2026-02-24 23:00:00,0.1046,0.1045,0.1045,20260300,20260600,20260600
2026-02-25 14:30:00,0.1042,,,20260300,20260600,20260600
2026-02-25 15:00:00,0.104675,,,20260300,20260600,20260600
2026-02-25 16:00:00,0.10465,,,20260300,20260600,20260600
2026-02-25 18:00:00,0.1047,,,20260300,20260600,20260600
2026-02-25 19:00:00,0.10475,,,20260300,20260600,20260600
2026-02-25 20:00:00,0.10475,,,20260300,20260600,20260600
2026-02-25 23:00:00,0.10475,0.104675,0.104675,20260300,20260600,20260600
2026-02-26 14:30:00,0.1045,,,20260300,20260600,20260600
2026-02-26 15:00:00,0.10455,,,20260300,20260600,20260600
2026-02-26 16:00:00,0.104675,,,20260300,20260600,20260600
2026-02-26 17:00:00,0.104425,,,20260300,20260600,20260600
2026-02-26 19:00:00,0.104675,,,20260300,20260600,20260600
2026-02-26 20:00:00,0.104625,,,20260300,20260600,20260600
2026-02-26 21:00:00,0.104675,,,20260300,20260600,20260600
2026-02-26 23:00:00,0.104675,0.104575,0.104575,20260300,20260600,20260600
2026-02-27 14:30:00,0.10505,,,20260300,20260600,20260600
2026-02-27 15:00:00,0.105025,,,20260300,20260600,20260600
2026-02-27 16:00:00,0.1051,,,20260300,20260600,20260600
2026-02-27 17:00:00,0.105075,,,20260300,20260600,20260600
2026-02-27 19:00:00,0.1052,,,20260300,20260600,20260600
2026-02-27 20:00:00,0.105175,,,20260300,20260600,20260600
2026-02-27 21:00:00,0.1051,,,20260300,20260600,20260600
2026-02-27 23:00:00,0.1051,0.105125,0.105125,20260300,20260600,20260600
2026-03-02 14:30:00,0.104625,,,20260300,20260600,20260600
2026-03-02 15:00:00,0.1043,0.104475,0.104475,20260300,20260600,20260600
2026-03-02 16:00:00,0.10405,0.10415,0.10415,20260300,20260600,20260600
2026-03-02 17:00:00,0.104225,,,20260300,20260600,20260600
2026-03-02 18:00:00,0.104375,,,20260300,20260600,20260600
2026-03-02 19:00:00,0.104625,,,20260300,20260600,20260600
2026-03-02 20:00:00,0.104425,,,20260300,20260600,20260600
2026-03-02 23:00:00,0.104425,0.104525,0.104525,20260300,20260600,20260600
2026-03-03 14:30:00,0.102475,,,20260300,20260600,20260600
2026-03-03 15:00:00,0.1027,0.102275,0.102275,20260300,20260600,20260600
2026-03-03 16:00:00,0.102925,,,20260300,20260600,20260600
2026-03-03 17:00:00,0.10305,,,20260300,20260600,20260600
2026-03-03 18:00:00,0.1032,,,20260300,20260600,20260600
2026-03-03 19:00:00,0.103275,,,20260300,20260600,20260600
2026-03-03 20:00:00,0.103425,,,20260300,20260600,20260600
2026-03-03 21:00:00,0.10345,,,20260300,20260600,20260600
2026-03-03 23:00:00,0.10345,0.1032,0.1032,20260300,20260600,20260600
2026-03-04 14:30:00,0.103525,,,20260300,20260600,20260600
2026-03-04 15:00:00,0.10355,,,20260300,20260600,20260600
2026-03-04 16:00:00,0.1037,,,20260300,20260600,20260600
2026-03-04 18:00:00,0.103725,,,20260300,20260600,20260600
2026-03-04 19:00:00,0.1039,,,20260300,20260600,20260600
2026-03-04 20:00:00,0.103925,,,20260300,20260600,20260600
2026-03-04 23:00:00,0.103925,0.10385,0.10385,20260300,20260600,20260600
2026-03-05 14:30:00,0.10355,,,20260300,20260600,20260600
2026-03-05 15:00:00,0.10325,0.103225,0.103225,20260300,20260600,20260600
2026-03-05 16:00:00,0.103175,,,20260300,20260600,20260600
2026-03-05 17:00:00,0.103175,,,20260300,20260600,20260600
2026-03-05 20:00:00,0.103325,,,20260300,20260600,20260600
2026-03-05 21:00:00,0.1034,,,20260300,20260600,20260600
2026-03-05 23:00:00,0.1034,0.103025,0.103025,20260300,20260600,20260600
2026-03-06 14:30:00,0.103825,,,20260300,20260600,20260600
2026-03-06 15:00:00,0.104025,0.104025,0.104025,20260300,20260600,20260600
2026-03-06 16:00:00,0.10425,0.1041,0.1041,20260300,20260600,20260600
2026-03-06 17:00:00,0.104225,,,20260300,20260600,20260600
2026-03-06 18:00:00,0.104275,0.104275,0.104275,20260300,20260600,20260600
2026-03-06 19:00:00,0.1043,0.104225,0.104225,20260300,20260600,20260600
2026-03-06 20:00:00,,0.104175,0.104175,20260300,20260600,20260600
2026-03-06 21:00:00,0.10415,,,20260300,20260600,20260600
2026-03-06 23:00:00,0.10415,0.104225,0.104225,20260300,20260600,20260600
2026-03-09 13:30:00,0.103425,0.1036,0.1036,20260300,20260600,20260600
2026-03-09 14:00:00,0.1036,0.1035,0.1035,20260300,20260600,20260600
2026-03-09 15:00:00,0.1038,0.10345,0.10345,20260300,20260600,20260600
2026-03-09 16:00:00,0.10395,0.104025,0.104025,20260300,20260600,20260600
2026-03-09 17:00:00,0.10395,,,20260300,20260600,20260600
2026-03-09 18:00:00,0.103825,0.10385,0.10385,20260300,20260600,20260600
2026-03-09 19:00:00,0.103925,0.103775,0.103775,20260300,20260600,20260600
2026-03-09 20:00:00,0.1041,,,20260300,20260600,20260600
2026-03-09 23:00:00,0.1041,0.103775,0.103775,20260300,20260600,20260600
2026-03-10 13:30:00,0.104375,0.104325,0.104325,20260300,20260600,20260600
2026-03-10 14:00:00,0.104375,0.1044,0.1044,20260300,20260600,20260600
2026-03-10 15:00:00,0.104175,0.1043,0.1043,20260300,20260600,20260600
2026-03-10 16:00:00,0.104125,,,20260300,20260600,20260600
2026-03-10 17:00:00,0.10405,,,20260300,20260600,20260600
2026-03-10 18:00:00,0.103975,0.10385,0.10385,20260300,20260600,20260600
2026-03-10 19:00:00,0.103875,0.103825,0.103825,20260300,20260600,20260600
2026-03-10 20:00:00,,0.103725,0.103725,20260300,20260600,20260600
2026-03-10 23:00:00,0.103875,0.103875,0.103875,20260300,20260600,20260600
2026-03-11 13:30:00,0.103625,0.1036,0.1036,20260300,20260600,20260600
2026-03-11 14:00:00,0.103975,0.103875,0.103875,20260300,20260600,20260600
2026-03-11 15:00:00,0.10365,,,20260300,20260600,20260600
2026-03-11 16:00:00,0.103675,,,20260300,20260600,20260600
2026-03-11 17:00:00,0.1036,,,20260300,20260600,20260600
2026-03-11 18:00:00,0.103575,,,20260300,20260600,20260600
2026-03-11 19:00:00,0.1036,,,20260300,20260600,20260600
2026-03-11 23:00:00,0.1036,0.103575,0.103575,20260300,20260600,20260600
2026-03-12 13:30:00,0.10325,0.103325,0.103325,20260300,20260600,20260600
2026-03-12 14:00:00,0.103375,0.1035,0.1035,20260300,20260600,20260600
2026-03-12 15:00:00,0.103325,0.103175,0.103175,20260300,20260600,20260600
2026-03-12 16:00:00,0.1032,0.1033,0.1033,20260300,20260600,20260600
2026-03-12 17:00:00,0.10315,,,20260300,20260600,20260600
2026-03-12 18:00:00,0.10305,0.103,0.103,20260300,20260600,20260600
2026-03-12 19:00:00,0.102975,0.10295,0.10295,20260300,20260600,20260600
2026-03-12 20:00:00,0.1031,0.10295,0.10295,20260300,20260600,20260600
2026-03-12 23:00:00,0.1031,0.103,0.103,20260300,20260600,20260600
2026-03-13 13:30:00,,0.103,0.103,20260300,20260600,20260600
2026-03-13 14:00:00,,0.102775,0.102775,20260300,20260600,20260600
2026-03-13 17:00:00,,0.10255,0.10255,20260300,20260600,20260600
2026-03-13 18:00:00,,0.10245,0.10245,20260300,20260600,20260600
2026-03-13 19:00:00,,0.1023,0.1023,20260300,20260600,20260600
2026-03-13 20:00:00,,0.1022,0.1022,20260300,20260600,20260600
2026-03-13 23:00:00,0.102475,0.102425,0.102425,20260300,20260600,20260600
2026-03-16 13:30:00,0.102975,,,20260600,20260900,20260900
2026-03-16 14:00:00,0.103,,,20260600,20260900,20260900
2026-03-16 15:00:00,0.103125,,,20260600,20260900,20260900
2026-03-16 18:00:00,0.10345,,,20260600,20260900,20260900
2026-03-16 19:00:00,0.103375,,,20260600,20260900,20260900
2026-03-16 23:00:00,0.103425,0.103275,0.103275,20260600,20260900,20260900
2026-03-17 13:30:00,0.104125,,,20260600,20260900,20260900
2026-03-17 14:00:00,0.10415,,,20260600,20260900,20260900
2026-03-17 15:00:00,0.104175,,,20260600,20260900,20260900
2026-03-17 16:00:00,0.104125,,,20260600,20260900,20260900
2026-03-17 17:00:00,0.10435,,,20260600,20260900,20260900
2026-03-17 18:00:00,0.1043,,,20260600,20260900,20260900
2026-03-17 19:00:00,0.104275,,,20260600,20260900,20260900
2026-03-17 20:00:00,0.104325,,,20260600,20260900,20260900
2026-03-17 23:00:00,0.10425,0.1041,0.1041,20260600,20260900,20260900
2026-03-18 13:30:00,0.104525,,,20260600,20260900,20260900
2026-03-18 14:00:00,0.104375,,,20260600,20260900,20260900
2026-03-18 15:00:00,0.104475,,,20260600,20260900,20260900
2026-03-18 16:00:00,0.10435,,,20260600,20260900,20260900
2026-03-18 18:00:00,0.104075,,,20260600,20260900,20260900
2026-03-18 19:00:00,0.10405,,,20260600,20260900,20260900
2026-03-18 20:00:00,0.1039,,,20260600,20260900,20260900
2026-03-18 23:00:00,0.104075,0.103925,0.103925,20260600,20260900,20260900
2026-03-19 13:30:00,0.104725,,,20260600,20260900,20260900
2026-03-19 14:00:00,0.105075,,,20260600,20260900,20260900
2026-03-19 15:00:00,0.1048,,,20260600,20260900,20260900
2026-03-19 16:00:00,0.104875,,,20260600,20260900,20260900
2026-03-19 17:00:00,0.10515,,,20260600,20260900,20260900
2026-03-19 18:00:00,0.10525,,,20260600,20260900,20260900
2026-03-19 19:00:00,0.1053,,,20260600,20260900,20260900
2026-03-19 20:00:00,0.105425,,,20260600,20260900,20260900
2026-03-19 23:00:00,0.10525,0.105125,0.105125,20260600,20260900,20260900
2026-03-20 13:30:00,0.104625,,,20260600,20260900,20260900
2026-03-20 14:00:00,0.10445,,,20260600,20260900,20260900
2026-03-20 15:00:00,0.10435,,,20260600,20260900,20260900
2026-03-20 16:00:00,0.104525,,,20260600,20260900,20260900
2026-03-20 17:00:00,0.104525,,,20260600,20260900,20260900
2026-03-20 18:00:00,0.1043,,,20260600,20260900,20260900
2026-03-20 19:00:00,0.1044,,,20260600,20260900,20260900
2026-03-20 20:00:00,0.104475,,,20260600,20260900,20260900
2026-03-20 23:00:00,0.104325,0.104175,0.104175,20260600,20260900,20260900
2026-03-23 13:30:00,0.1025,,,20260600,20260900,20260900
2026-03-23 14:00:00,0.1029,,,20260600,20260900,20260900
2026-03-23 15:00:00,0.10265,,,20260600,20260900,20260900
2026-03-23 16:00:00,0.10265,,,20260600,20260900,20260900
2026-03-23 17:00:00,0.10245,,,20260600,20260900,20260900
2026-03-23 18:00:00,0.102725,,,20260600,20260900,20260900
2026-03-23 19:00:00,0.1026,,,20260600,20260900,20260900
2026-03-23 23:00:00,0.10275,0.102625,0.102625,20260600,20260900,20260900
2026-03-24 13:30:00,0.10325,,,20260600,20260900,20260900
2026-03-24 14:00:00,0.1034,,,20260600,20260900,20260900
2026-03-24 15:00:00,0.103225,,,20260600,20260900,20260900
2026-03-24 16:00:00,0.1031,,,20260600,20260900,20260900
2026-03-24 17:00:00,0.102775,,,20260600,20260900,20260900
2026-03-24 18:00:00,0.102975,,,20260600,20260900,20260900
2026-03-24 19:00:00,0.103,,,20260600,20260900,20260900
2026-03-24 23:00:00,0.10295,0.102825,0.102825,20260600,20260900,20260900
2026-03-25 13:30:00,0.102625,,,20260600,20260900,20260900
2026-03-25 14:00:00,0.103175,,,20260600,20260900,20260900
2026-03-25 15:00:00,0.103025,,,20260600,20260900,20260900
2026-03-25 16:00:00,0.1032,,,20260600,20260900,20260900
2026-03-25 17:00:00,0.1032,,,20260600,20260900,20260900
2026-03-25 18:00:00,0.103175,,,20260600,20260900,20260900
2026-03-25 19:00:00,0.103175,,,20260600,20260900,20260900
2026-03-25 20:00:00,0.10315,,,20260600,20260900,20260900
2026-03-25 23:00:00,0.103125,0.102975,0.102975,20260600,20260900,20260900
2026-03-26 13:30:00,0.103575,,,20260600,20260900,20260900
2026-03-26 14:00:00,0.10365,,,20260600,20260900,20260900
2026-03-26 15:00:00,0.1035,,,20260600,20260900,20260900
2026-03-26 16:00:00,0.103225,,,20260600,20260900,20260900
2026-03-26 17:00:00,0.103225,,,20260600,20260900,20260900
2026-03-26 18:00:00,0.103125,,,20260600,20260900,20260900
2026-03-26 19:00:00,0.103075,,,20260600,20260900,20260900
2026-03-26 20:00:00,0.10325,,,20260600,20260900,20260900
2026-03-26 23:00:00,0.10315,0.103025,0.103025,20260600,20260900,20260900
2026-03-27 13:30:00,0.102925,,,20260600,20260900,20260900
2026-03-27 14:00:00,0.103025,,,20260600,20260900,20260900
2026-03-27 15:00:00,0.10275,,,20260600,20260900,20260900
2026-03-27 16:00:00,0.102675,,,20260600,20260900,20260900
2026-03-27 17:00:00,0.10245,,,20260600,20260900,20260900
2026-03-27 18:00:00,0.102475,,,20260600,20260900,20260900
2026-03-27 19:00:00,0.102575,,,20260600,20260900,20260900
2026-03-27 20:00:00,0.102525,,,20260600,20260900,20260900
2026-03-27 23:00:00,0.102475,0.102325,0.102325,20260600,20260900,20260900
2026-03-30 13:30:00,0.10255,,,20260600,20260900,20260900
2026-03-30 14:00:00,0.1022,,,20260600,20260900,20260900
2026-03-30 15:00:00,0.102325,,,20260600,20260900,20260900
2026-03-30 16:00:00,0.10245,,,20260600,20260900,20260900
2026-03-30 17:00:00,0.102575,,,20260600,20260900,20260900
2026-03-30 18:00:00,0.10245,,,20260600,20260900,20260900
2026-03-30 23:00:00,0.10245,0.1023,0.1023,20260600,20260900,20260900
2026-03-31 13:30:00,0.102625,,,20260600,20260900,20260900
2026-03-31 14:00:00,0.102625,,,20260600,20260900,20260900
2026-03-31 15:00:00,0.102475,,,20260600,20260900,20260900
2026-03-31 16:00:00,0.10265,,,20260600,20260900,20260900
2026-03-31 17:00:00,0.10285,,,20260600,20260900,20260900
2026-03-31 18:00:00,0.1031,,,20260600,20260900,20260900
2026-03-31 19:00:00,0.103125,,,20260600,20260900,20260900
2026-03-31 23:00:00,0.1031,0.10295,0.10295,20260600,20260900,20260900
2026-04-01 13:30:00,0.1035,,,20260600,20260900,20260900
2026-04-01 14:00:00,0.1033,,,20260600,20260900,20260900
2026-04-01 15:00:00,0.103025,,,20260600,20260900,20260900
2026-04-01 16:00:00,0.103,,,20260600,20260900,20260900
2026-04-01 17:00:00,0.1032,,,20260600,20260900,20260900
2026-04-01 18:00:00,0.102775,,,20260600,20260900,20260900
2026-04-01 20:00:00,0.102825,,,20260600,20260900,20260900
2026-04-01 23:00:00,0.10275,0.1026,0.1026,20260600,20260900,20260900
2026-04-02 13:30:00,0.1026,,,20260600,20260900,20260900
2026-04-02 14:00:00,0.1028,,,20260600,20260900,20260900
2026-04-02 15:00:00,0.102775,,,20260600,20260900,20260900
2026-04-02 18:00:00,0.10265,,,20260600,20260900,20260900
2026-04-02 20:00:00,0.10295,,,20260600,20260900,20260900
2026-04-02 23:00:00,0.102625,0.102475,0.102475,20260600,20260900,20260900
2026-04-06 13:30:00,0.102925,,,20260600,20260900,20260900
2026-04-06 14:00:00,0.1028,,,20260600,20260900,20260900
2026-04-06 15:00:00,0.10275,,,20260600,20260900,20260900
2026-04-06 16:00:00,0.102975,,,20260600,20260900,20260900
2026-04-06 18:00:00,0.103,,,20260600,20260900,20260900
2026-04-06 19:00:00,0.103,,,20260600,20260900,20260900
2026-04-06 23:00:00,0.103,0.102825,0.102825,20260600,20260900,20260900
2026-04-07 13:30:00,0.103275,,,20260600,20260900,20260900
2026-04-07 14:00:00,0.103175,,,20260600,20260900,20260900
2026-04-07 15:00:00,0.1037,,,20260600,20260900,20260900
2026-04-07 16:00:00,0.1035,,,20260600,20260900,20260900
2026-04-07 18:00:00,0.103625,,,20260600,20260900,20260900
2026-04-07 19:00:00,0.1037,,,20260600,20260900,20260900
2026-04-07 20:00:00,0.1037,,,20260600,20260900,20260900
2026-04-07 23:00:00,0.1037,0.103425,0.103425,20260600,20260900,20260900
2026-04-08 13:30:00,0.104775,,,20260600,20260900,20260900
2026-04-08 14:00:00,0.1047,,,20260600,20260900,20260900
2026-04-08 15:00:00,0.104575,,,20260600,20260900,20260900
2026-04-08 17:00:00,0.104475,,,20260600,20260900,20260900
2026-04-08 18:00:00,0.104275,,,20260600,20260900,20260900
2026-04-08 19:00:00,0.104275,,,20260600,20260900,20260900
2026-04-08 23:00:00,0.104275,0.104125,0.104125,20260600,20260900,20260900
2026-04-09 13:30:00,0.105075,,,20260600,20260900,20260900
2026-04-09 14:00:00,0.10505,,,20260600,20260900,20260900
2026-04-09 15:00:00,0.105425,,,20260600,20260900,20260900
2026-04-09 16:00:00,0.10535,,,20260600,20260900,20260900
2026-04-09 17:00:00,0.105375,,,20260600,20260900,20260900
2026-04-09 18:00:00,0.1052,,,20260600,20260900,20260900
2026-04-09 19:00:00,0.105375,,,20260600,20260900,20260900
2026-04-09 20:00:00,0.10515,,,20260600,20260900,20260900
2026-04-09 23:00:00,0.10515,0.10505,0.10505,20260600,20260900,20260900
2026-04-10 13:30:00,0.105275,,,20260600,20260900,20260900
2026-04-10 14:00:00,0.105275,,,20260600,20260900,20260900
2026-04-10 15:00:00,0.1052,,,20260600,20260900,20260900
2026-04-10 16:00:00,0.10505,,,20260600,20260900,20260900
2026-04-10 17:00:00,0.1051,,,20260600,20260900,20260900
2026-04-10 18:00:00,0.105125,,,20260600,20260900,20260900
2026-04-10 19:00:00,0.10505,,,20260600,20260900,20260900
2026-04-10 20:00:00,0.105075,,,20260600,20260900,20260900
2026-04-10 23:00:00,0.105075,0.104925,0.104925,20260600,20260900,20260900
2026-04-13 13:30:00,0.105325,,,20260600,20260900,20260900
2026-04-13 14:00:00,0.10535,,,20260600,20260900,20260900
2026-04-13 15:00:00,0.105325,,,20260600,20260900,20260900
2026-04-13 16:00:00,0.105575,,,20260600,20260900,20260900
2026-04-13 17:00:00,0.1056,,,20260600,20260900,20260900
2026-04-13 18:00:00,0.105775,,,20260600,20260900,20260900
2026-04-13 19:00:00,0.105825,,,20260600,20260900,20260900
2026-04-13 20:00:00,0.105575,,,20260600,20260900,20260900
2026-04-13 23:00:00,0.105575,0.105625,0.105625,20260600,20260900,20260900
2026-04-14 13:30:00,0.10605,,,20260600,20260900,20260900
2026-04-14 14:00:00,0.10595,,,20260600,20260900,20260900
2026-04-14 15:00:00,0.10575,,,20260600,20260900,20260900
2026-04-14 18:00:00,0.105775,,,20260600,20260900,20260900
2026-04-14 19:00:00,0.105775,,,20260600,20260900,20260900
2026-04-14 20:00:00,0.1059,,,20260600,20260900,20260900
2026-04-14 23:00:00,0.1059,0.1056,0.1056,20260600,20260900,20260900
2026-04-15 14:00:00,0.106325,,,20260600,20260900,20260900
2026-04-15 15:00:00,0.1064,,,20260600,20260900,20260900
2026-04-15 16:00:00,0.1065,,,20260600,20260900,20260900
2026-04-15 17:00:00,0.1064,,,20260600,20260900,20260900
2026-04-15 18:00:00,0.10655,,,20260600,20260900,20260900
2026-04-15 19:00:00,0.10655,,,20260600,20260900,20260900
2026-04-15 20:00:00,0.10635,,,20260600,20260900,20260900
2026-04-15 23:00:00,0.10635,0.10635,0.10635,20260600,20260900,20260900
2026-04-16 13:30:00,0.106725,,,20260600,20260900,20260900
2026-04-16 14:00:00,0.1065,,,20260600,20260900,20260900
2026-04-16 15:00:00,0.106675,,,20260600,20260900,20260900
2026-04-16 18:00:00,0.10665,,,20260600,20260900,20260900
2026-04-16 19:00:00,0.1067,,,20260600,20260900,20260900
2026-04-16 20:00:00,0.1066,,,20260600,20260900,20260900
2026-04-16 23:00:00,0.1066,0.1065,0.1065,20260600,20260900,20260900
2026-04-17 13:30:00,0.106825,,,20260600,20260900,20260900
2026-04-17 14:00:00,0.106675,,,20260600,20260900,20260900
2026-04-17 15:00:00,0.106675,,,20260600,20260900,20260900
2026-04-17 16:00:00,0.1067,,,20260600,20260900,20260900
2026-04-17 17:00:00,0.10665,,,20260600,20260900,20260900
2026-04-17 18:00:00,0.10665,,,20260600,20260900,20260900
2026-04-17 19:00:00,0.1065,,,20260600,20260900,20260900
2026-04-17 20:00:00,0.1067,,,20260600,20260900,20260900
2026-04-17 23:00:00,0.1067,0.1064,0.1064,20260600,20260900,20260900
2026-04-20 13:30:00,0.1071,,,20260600,20260900,20260900
2026-04-20 14:00:00,0.107075,,,20260600,20260900,20260900
2026-04-20 15:00:00,0.107275,,,20260600,20260900,20260900
2026-04-20 16:00:00,0.107325,,,20260600,20260900,20260900
2026-04-20 17:00:00,0.1073,,,20260600,20260900,20260900
2026-04-20 18:00:00,0.107225,,,20260600,20260900,20260900
2026-04-20 19:00:00,0.107275,,,20260600,20260900,20260900
2026-04-20 20:00:00,0.107125,,,20260600,20260900,20260900
2026-04-20 23:00:00,0.107125,0.10705,0.10705,20260600,20260900,20260900
2026-04-21 13:30:00,0.107125,,,20260600,20260900,20260900
2026-04-21 14:00:00,0.10705,,,20260600,20260900,20260900
2026-04-21 15:00:00,0.106975,,,20260600,20260900,20260900
2026-04-21 16:00:00,0.107,,,20260600,20260900,20260900
2026-04-21 17:00:00,0.1068,,,20260600,20260900,20260900
2026-04-21 18:00:00,0.106875,,,20260600,20260900,20260900
2026-04-21 19:00:00,0.106875,,,20260600,20260900,20260900
2026-04-21 20:00:00,0.1072,,,20260600,20260900,20260900
2026-04-21 23:00:00,0.1072,0.106725,0.106725,20260600,20260900,20260900
2026-04-22 13:30:00,0.1078,,,20260600,20260900,20260900
2026-04-22 14:00:00,0.1077,0.107775,0.107775,20260600,20260900,20260900
2026-04-22 14:08:30,,0.107775,0.107775,20260600,20260900,20260900
2026-04-22 15:00:00,0.107475,,,20260600,20260900,20260900
2026-04-22 16:00:00,0.107525,,,20260600,20260900,20260900
2026-04-22 18:00:00,0.10755,,,20260600,20260900,20260900
2026-04-22 19:00:00,0.1075,,,20260600,20260900,20260900
2026-04-22 20:00:00,0.1074,,,20260600,20260900,20260900
2026-04-22 23:00:00,0.1073,0.107375,0.107375,20260600,20260900,20260900
2026-04-23 13:30:00,0.107025,,,20260600,20260900,20260900
2026-04-23 14:00:00,0.107275,,,20260600,20260900,20260900
2026-04-23 15:00:00,0.10735,,,20260600,20260900,20260900
2026-04-23 16:00:00,0.1072,,,20260600,20260900,20260900
2026-04-23 17:00:00,0.106925,,,20260600,20260900,20260900
2026-04-23 18:00:00,0.10705,,,20260600,20260900,20260900
2026-04-23 19:00:00,0.107125,,,20260600,20260900,20260900
2026-04-23 20:00:00,0.106975,,,20260600,20260900,20260900
2026-04-23 23:00:00,0.106975,0.1069,0.1069,20260600,20260900,20260900
2026-04-24 13:30:00,0.106875,,,20260600,20260900,20260900
2026-04-24 14:00:00,0.107025,,,20260600,20260900,20260900
2026-04-24 15:00:00,0.107075,,,20260600,20260900,20260900
2026-04-24 16:00:00,0.1072,,,20260600,20260900,20260900
2026-04-24 17:00:00,0.107125,,,20260600,20260900,20260900
2026-04-24 18:00:00,0.10725,,,20260600,20260900,20260900
2026-04-24 20:00:00,0.10705,,,20260600,20260900,20260900
2026-04-24 23:00:00,0.10705,0.10705,0.10705,20260600,20260900,20260900
2026-04-27 13:30:00,0.107925,,,20260600,20260900,20260900
2026-04-27 14:00:00,0.10785,,,20260600,20260900,20260900
2026-04-27 15:00:00,0.107725,,,20260600,20260900,20260900
2026-04-27 16:00:00,0.1077,,,20260600,20260900,20260900
2026-04-27 17:00:00,0.107575,,,20260600,20260900,20260900
2026-04-27 18:00:00,0.107475,,,20260600,20260900,20260900
2026-04-27 19:00:00,0.1075,,,20260600,20260900,20260900
2026-04-27 20:00:00,0.1074,,,20260600,20260900,20260900
2026-04-27 23:00:00,0.1074,0.107325,0.107325,20260600,20260900,20260900
2026-04-28 13:30:00,0.1072,,,20260600,20260900,20260900
2026-04-28 14:00:00,0.107075,,,20260600,20260900,20260900
2026-04-28 15:00:00,0.1071,,,20260600,20260900,20260900
2026-04-28 16:00:00,0.107275,,,20260600,20260900,20260900
2026-04-28 19:00:00,0.107225,,,20260600,20260900,20260900
2026-04-28 20:00:00,0.107225,,,20260600,20260900,20260900
2026-04-28 23:00:00,0.107225,0.10705,0.10705,20260600,20260900,20260900
2026-04-29 13:30:00,0.1075,,,20260600,20260900,20260900
2026-04-29 14:00:00,0.107475,,,20260600,20260900,20260900
2026-04-29 15:00:00,0.10755,,,20260600,20260900,20260900
2026-04-29 16:00:00,0.1074,,,20260600,20260900,20260900
2026-04-29 17:00:00,0.107375,,,20260600,20260900,20260900
2026-04-29 18:00:00,0.107025,,,20260600,20260900,20260900
2026-04-29 19:00:00,0.107075,,,20260600,20260900,20260900
2026-04-29 20:00:00,0.107025,,,20260600,20260900,20260900
2026-04-29 23:00:00,0.107025,0.106925,0.106925,20260600,20260900,20260900
2026-04-30 13:30:00,0.106925,,,20260600,20260900,20260900
2026-04-30 14:00:00,0.107475,,,20260600,20260900,20260900
2026-04-30 15:00:00,0.10755,,,20260600,20260900,20260900
2026-04-30 18:00:00,0.10785,,,20260600,20260900,20260900
2026-04-30 19:00:00,0.10785,,,20260600,20260900,20260900
2026-04-30 20:00:00,0.107975,,,20260600,20260900,20260900
2026-04-30 23:00:00,0.107975,0.10765,0.10765,20260600,20260900,20260900
2026-05-01 13:30:00,0.107825,,,20260600,20260900,20260900
2026-05-01 14:00:00,0.108,,,20260600,20260900,20260900
2026-05-01 15:00:00,0.108025,,,20260600,20260900,20260900
2026-05-01 16:00:00,0.107925,,,20260600,20260900,20260900
2026-05-01 17:00:00,0.107875,,,20260600,20260900,20260900
2026-05-01 18:00:00,0.107875,,,20260600,20260900,20260900
2026-05-01 19:00:00,0.107775,,,20260600,20260900,20260900
2026-05-01 20:00:00,0.1075,,,20260600,20260900,20260900
2026-05-01 23:00:00,0.1075,0.107625,0.107625,20260600,20260900,20260900
2026-05-04 13:30:00,0.107975,,,20260600,20260900,20260900
2026-05-04 14:00:00,0.10795,,,20260600,20260900,20260900
2026-05-04 15:00:00,0.107875,,,20260600,20260900,20260900
2026-05-04 16:00:00,0.10765,,,20260600,20260900,20260900
2026-05-04 18:00:00,0.1078,,,20260600,20260900,20260900
2026-05-04 19:00:00,0.107825,,,20260600,20260900,20260900
2026-05-04 20:00:00,0.107675,,,20260600,20260900,20260900
2026-05-04 23:00:00,0.107675,0.107675,0.107675,20260600,20260900,20260900
