DATETIME,CARRY,CARRY_CONTRACT,PRICE,PRICE_CONTRACT,FORWARD,FORWARD_CONTRACT
2024-03-21 12:00:00,354.1,20240900,355.75,20240700,354.1,20240900
2024-03-21 13:00:00,355.5,20240900,360.5,20240700,355.5,20240900
2024-03-21 14:00:00,357.25,20240900,356.45,20240700,357.25,20240900
2024-03-21 15:00:00,,20240900,359.85,20240700,,20240900
2024-03-21 16:00:00,357.75,20240900,362.0,20240700,357.75,20240900
2024-03-21 17:00:00,358.95,20240900,355.1,20240700,358.95,20240900
2024-03-22 05:00:00,359.75,20240900,362.65,20240700,359.75,20240900
2024-03-22 12:00:00,,20240900,357.9,20240700,,20240900
2024-03-22 13:00:00,351.25,20240900,359.25,20240700,351.25,20240900
2024-03-22 14:00:00,358.5,20240900,360.0,20240700,358.5,20240900
2024-03-22 16:00:00,,20240900,362.0,20240700,,20240900
2024-03-22 17:00:00,360.5,20240900,362.8,20240700,360.5,20240900
2024-03-25 05:00:00,361.9,20240900,365.2,20240700,361.9,20240900
2024-03-25 12:00:00,362.5,20240900,366.8,20240700,362.5,20240900
2024-03-25 13:00:00,363.0,20240900,365.6,20240700,363.0,20240900
2024-03-25 14:00:00,,20240900,364.5,20240700,,20240900
2024-03-25 15:00:00,,20240900,365.5,20240700,,20240900
2024-03-25 16:00:00,,20240900,365.0,20240700,,20240900
2024-03-25 17:00:00,363.85,20240900,367.2,20240700,363.85,20240900
2024-03-26 05:00:00,362.6,20240900,367.1,20240700,362.6,20240900
2024-03-26 12:00:00,,20240900,366.2,20240700,,20240900
2024-03-26 13:00:00,363.55,20240900,366.85,20240700,363.55,20240900
2024-03-26 14:00:00,365.2,20240900,370.0,20240700,365.2,20240900
2024-03-26 15:00:00,365.35,20240900,369.1,20240700,365.35,20240900
2024-03-26 17:00:00,,20240900,366.6,20240700,,20240900
2024-03-27 05:00:00,359.75,20240900,364.1,20240700,359.75,20240900
2024-03-27 12:00:00,362.95,20240900,359.55,20240700,362.95,20240900
2024-03-27 13:00:00,,20240900,364.6,20240700,,20240900
2024-03-27 14:00:00,,20240900,365.15,20240700,,20240900
2024-03-27 15:00:00,,20240900,364.85,20240700,,20240900
2024-03-27 16:00:00,356.6,20240900,361.0,20240700,356.6,20240900
2024-03-27 17:00:00,,20240900,365.05,20240700,,20240900
2024-03-28 05:00:00,355.65,20240900,359.35,20240700,355.65,20240900
2024-03-28 12:00:00,352.0,20240900,355.0,20240700,352.0,20240900
2024-03-28 13:00:00,,20240900,359.4,20240700,,20240900
2024-03-28 14:00:00,,20240900,359.3,20240700,,20240900
2024-03-28 15:00:00,354.75,20240900,357.3,20240700,354.75,20240900
2024-03-28 16:00:00,,20240900,357.55,20240700,,20240900
2024-03-28 17:00:00,352.1,20240900,355.0,20240700,352.1,20240900
2024-04-01 05:00:00,365.25,20240900,368.6,20240700,365.25,20240900
2024-04-01 12:00:00,362.0,20240900,366.4,20240700,362.0,20240900
2024-04-01 13:00:00,,20240900,366.15,20240700,,20240900
2024-04-01 14:00:00,,20240900,366.2,20240700,,20240900
2024-04-01 15:00:00,364.55,20240900,368.0,20240700,364.55,20240900
2024-04-01 16:00:00,365.65,20240900,369.35,20240700,365.65,20240900
2024-04-01 17:00:00,365.65,20240900,368.4,20240700,365.65,20240900
2024-04-02 05:00:00,360.9,20240900,364.3,20240700,360.9,20240900
2024-04-02 12:00:00,,20240900,365.6,20240700,,20240900
2024-04-02 13:00:00,,20240900,365.25,20240700,,20240900
2024-04-02 14:00:00,364.0,20240900,365.5,20240700,364.0,20240900
2024-04-02 15:00:00,,20240900,365.65,20240700,,20240900
2024-04-02 16:00:00,,20240900,364.0,20240700,,20240900
2024-04-02 17:00:00,360.4,20240900,364.8,20240700,360.4,20240900
2024-04-03 05:00:00,363.15,20240900,366.85,20240700,363.15,20240900
2024-04-03 12:00:00,,20240900,363.3,20240700,,20240900
2024-04-03 13:00:00,,20240900,363.95,20240700,,20240900
2024-04-03 14:00:00,,20240900,367.85,20240700,,20240900
2024-04-03 15:00:00,,20240900,368.7,20240700,,20240900
2024-04-03 16:00:00,,20240900,367.8,20240700,,20240900
2024-04-03 17:00:00,,20240900,366.8,20240700,,20240900
2024-04-04 05:00:00,361.1,20240900,365.1,20240700,361.1,20240900
2024-04-04 12:00:00,,20240900,362.5,20240700,,20240900
2024-04-04 13:00:00,,20240900,364.7,20240700,,20240900
2024-04-04 14:00:00,361.85,20240900,366.75,20240700,361.85,20240900
2024-04-04 15:00:00,,20240900,363.5,20240700,,20240900
2024-04-04 16:00:00,,20240900,363.4,20240700,,20240900
2024-04-04 17:00:00,,20240900,363.5,20240700,,20240900
2024-04-05 05:00:00,353.85,20240900,357.15,20240700,353.85,20240900
2024-04-05 12:00:00,355.5,20240900,360.25,20240700,355.5,20240900
2024-04-05 13:00:00,351.9,20240900,355.25,20240700,351.9,20240900
2024-04-05 14:00:00,,20240900,357.2,20240700,,20240900
2024-04-05 15:00:00,353.4,20240900,356.65,20240700,353.4,20240900
2024-04-05 16:00:00,353.0,20240900,356.05,20240700,353.0,20240900
2024-04-05 17:00:00,,20240900,357.3,20240700,,20240900
2024-04-08 05:00:00,351.1,20240900,353.5,20240700,351.1,20240900
2024-04-08 12:00:00,352.15,20240900,355.85,20240700,352.15,20240900
2024-04-08 13:00:00,350.3,20240900,353.0,20240700,350.3,20240900
2024-04-08 14:00:00,350.35,20240900,355.9,20240700,350.35,20240900
2024-04-08 15:00:00,,20240900,356.35,20240700,,20240900
2024-04-08 16:00:00,,20240900,355.5,20240700,,20240900
2024-04-08 17:00:00,349.6,20240900,353.15,20240700,349.6,20240900
2024-04-09 05:00:00,361.05,20240900,363.5,20240700,361.05,20240900
2024-04-09 12:00:00,354.5,20240900,356.6,20240700,354.5,20240900
2024-04-09 13:00:00,360.85,20240900,361.8,20240700,360.85,20240900
2024-04-09 14:00:00,361.1,20240900,363.5,20240700,361.1,20240900
2024-04-09 15:00:00,,20240900,363.5,20240700,,20240900
2024-04-09 16:00:00,,20240900,363.5,20240700,,20240900
2024-04-09 17:00:00,,20240900,363.5,20240700,,20240900
2024-04-10 05:00:00,366.5,20240900,371.0,20240700,366.5,20240900
2024-04-10 12:00:00,361.85,20240900,364.05,20240700,361.85,20240900
2024-04-10 13:00:00,361.95,20240900,365.4,20240700,361.95,20240900
2024-04-10 14:00:00,362.55,20240900,365.8,20240700,362.55,20240900
2024-04-10 15:00:00,,20240900,375.2,20240700,,20240900
2024-04-10 16:00:00,371.75,20240900,373.15,20240700,371.75,20240900
2024-04-10 17:00:00,364.6,20240900,369.85,20240700,364.6,20240900
2024-04-11 05:00:00,359.6,20240900,362.25,20240700,359.6,20240900
2024-04-11 12:00:00,365.5,20240900,369.0,20240700,365.5,20240900
2024-04-11 13:00:00,,20240900,364.15,20240700,,20240900
2024-04-11 14:00:00,357.75,20240900,361.25,20240700,357.75,20240900
2024-04-11 15:00:00,,20240900,362.7,20240700,,20240900
2024-04-11 16:00:00,,20240900,361.35,20240700,,20240900
2024-04-11 17:00:00,,20240900,361.8,20240700,,20240900
2024-04-12 05:00:00,365.6,20240900,368.0,20240700,365.6,20240900
2024-04-12 12:00:00,356.5,20240900,363.65,20240700,356.5,20240900
2024-04-12 13:00:00,,20240900,362.9,20240700,,20240900
2024-04-12 14:00:00,,20240900,361.7,20240700,,20240900
2024-04-12 15:00:00,,20240900,363.6,20240700,,20240900
2024-04-12 16:00:00,,20240900,364.5,20240700,,20240900
2024-04-12 17:00:00,366.65,20240900,368.0,20240700,366.65,20240900
2024-04-15 05:00:00,371.95,20240900,373.7,20240700,371.95,20240900
2024-04-15 12:00:00,,20240900,372.5,20240700,,20240900
2024-04-15 13:00:00,370.65,20240900,373.45,20240700,370.65,20240900
2024-04-15 14:00:00,,20240900,372.2,20240700,,20240900
2024-04-15 15:00:00,,20240900,373.75,20240700,,20240900
2024-04-15 16:00:00,,20240900,375.6,20240700,,20240900
2024-04-15 17:00:00,369.0,20240900,372.75,20240700,369.0,20240900
2024-04-16 05:00:00,362.6,20240900,363.7,20240700,362.6,20240900
2024-04-16 12:00:00,,20240900,366.6,20240700,,20240900
2024-04-16 13:00:00,361.95,20240900,363.9,20240700,361.95,20240900
2024-04-16 14:00:00,,20240900,363.7,20240700,,20240900
2024-04-16 15:00:00,,20240900,363.85,20240700,,20240900
2024-04-16 16:00:00,,20240900,363.7,20240700,,20240900
2024-04-16 17:00:00,361.95,20240900,363.7,20240700,361.95,20240900
2024-04-17 05:00:00,362.15,20240900,362.6,20240700,362.15,20240900
2024-04-17 12:00:00,,20240900,363.7,20240700,,20240900
2024-04-17 13:00:00,,20240900,362.5,20240700,,20240900
2024-04-17 14:00:00,362.0,20240900,362.4,20240700,362.0,20240900
2024-04-17 15:00:00,362.0,20240900,363.65,20240700,362.0,20240900
2024-04-17 16:00:00,,20240900,363.0,20240700,,20240900
2024-04-17 17:00:00,361.95,20240900,362.95,20240700,361.95,20240900
2024-04-18 05:00:00,360.75,20240900,361.55,20240700,360.75,20240900
2024-04-18 12:00:00,363.15,20240900,364.55,20240700,363.15,20240900
2024-04-18 13:00:00,363.8,20240900,364.35,20240700,363.8,20240900
2024-04-18 14:00:00,,20240900,364.3,20240700,,20240900
2024-04-18 15:00:00,,20240900,362.45,20240700,,20240900
2024-04-18 16:00:00,,20240900,361.5,20240700,,20240900
2024-04-18 17:00:00,,20240900,361.9,20240700,,20240900
2024-04-19 05:00:00,361.85,20240900,361.4,20240700,361.85,20240900
2024-04-19 12:00:00,363.0,20240900,362.8,20240700,363.0,20240900
2024-04-19 13:00:00,359.5,20240900,363.0,20240700,359.5,20240900
2024-04-19 14:00:00,,20240900,362.6,20240700,,20240900
2024-04-19 15:00:00,,20240900,363.25,20240700,,20240900
2024-04-19 16:00:00,,20240900,362.0,20240700,,20240900
2024-04-19 17:00:00,362.15,20240900,363.75,20240700,362.15,20240900
2024-04-22 05:00:00,370.15,20240900,369.7,20240700,370.15,20240900
2024-04-22 12:00:00,364.1,20240900,363.2,20240700,364.1,20240900
2024-04-22 13:00:00,364.35,20240900,363.7,20240700,364.35,20240900
2024-04-22 14:00:00,,20240900,364.7,20240700,,20240900
2024-04-22 15:00:00,,20240900,365.75,20240700,,20240900
2024-04-22 16:00:00,366.1,20240900,369.95,20240700,366.1,20240900
2024-04-22 17:00:00,371.4,20240900,367.85,20240700,371.4,20240900
2024-04-23 05:00:00,361.95,20240900,361.2,20240700,361.95,20240900
2024-04-23 12:00:00,370.0,20240900,368.9,20240700,370.0,20240900
2024-04-23 13:00:00,,20240900,366.45,20240700,,20240900
2024-04-23 14:00:00,361.0,20240900,361.3,20240700,361.0,20240900
2024-04-23 15:00:00,,20240900,362.1,20240700,,20240900
2024-04-23 16:00:00,,20240900,361.2,20240700,,20240900
2024-04-23 17:00:00,360.5,20240900,359.75,20240700,360.5,20240900
2024-04-24 05:00:00,365.35,20240900,365.85,20240700,365.35,20240900
2024-04-24 12:00:00,359.5,20240900,361.15,20240700,359.5,20240900
2024-04-24 13:00:00,360.3,20240900,362.0,20240700,360.3,20240900
2024-04-24 14:00:00,362.75,20240900,363.8,20240700,362.75,20240900
2024-04-24 15:00:00,,20240900,365.5,20240700,,20240900
2024-04-24 16:00:00,365.5,20240900,366.5,20240700,365.5,20240900
2024-04-24 17:00:00,365.05,20240900,366.3,20240700,365.05,20240900
2024-04-25 05:00:00,366.4,20240900,369.5,20240700,366.4,20240900
2024-04-25 12:00:00,,20240900,363.8,20240700,,20240900
2024-04-25 13:00:00,,20240900,363.75,20240700,,20240900
2024-04-25 14:00:00,361.25,20240900,366.65,20240700,361.25,20240900
2024-04-25 15:00:00,366.5,20240900,368.45,20240700,366.5,20240900
2024-04-25 16:00:00,,20240900,369.8,20240700,,20240900
2024-04-25 17:00:00,367.0,20240900,370.25,20240700,367.0,20240900
2024-04-26 05:00:00,371.4,20240900,373.3,20240700,371.4,20240900
2024-04-26 12:00:00,362.0,20240900,364.5,20240700,362.0,20240900
2024-04-26 13:00:00,366.5,20240900,369.0,20240700,366.5,20240900
2024-04-26 14:00:00,370.0,20240900,373.85,20240700,370.0,20240900
2024-04-26 15:00:00,373.85,20240900,375.75,20240700,373.85,20240900
2024-04-26 16:00:00,373.85,20240900,375.4,20240700,373.85,20240900
2024-04-26 17:00:00,371.65,20240900,373.4,20240700,371.65,20240900
2024-04-29 05:00:00,365.9,20240900,367.95,20240700,365.9,20240900
2024-04-29 12:00:00,369.15,20240900,371.65,20240700,369.15,20240900
2024-04-29 13:00:00,367.95,20240900,372.6,20240700,367.95,20240900
2024-04-29 14:00:00,,20240900,372.0,20240700,,20240900
2024-04-29 15:00:00,365.15,20240900,367.6,20240700,365.15,20240900
2024-04-29 16:00:00,364.0,20240900,367.45,20240700,364.0,20240900
2024-04-29 17:00:00,,20240900,368.9,20240700,,20240900
2024-04-30 05:00:00,361.5,20240900,363.55,20240700,361.5,20240900
2024-04-30 12:00:00,365.0,20240900,368.3,20240700,365.0,20240900
2024-04-30 13:00:00,,20240900,364.0,20240700,,20240900
2024-04-30 14:00:00,364.35,20240900,363.1,20240700,364.35,20240900
2024-04-30 15:00:00,360.95,20240900,362.9,20240700,360.95,20240900
2024-04-30 16:00:00,361.25,20240900,363.2,20240700,361.25,20240900
2024-04-30 17:00:00,361.25,20240900,362.55,20240700,361.25,20240900
2024-05-01 05:00:00,368.3,20240900,370.0,20240700,368.3,20240900
2024-05-01 12:00:00,360.25,20240900,365.9,20240700,360.25,20240900
2024-05-01 13:00:00,368.0,20240900,368.65,20240700,368.0,20240900
2024-05-01 14:00:00,367.4,20240900,370.9,20240700,367.4,20240900
2024-05-01 15:00:00,369.4,20240900,370.95,20240700,369.4,20240900
2024-05-01 16:00:00,369.4,20240900,371.45,20240700,369.4,20240900
2024-05-01 17:00:00,369.05,20240900,370.3,20240700,369.05,20240900
2024-05-02 05:00:00,371.0,20240900,372.9,20240700,371.0,20240900
2024-05-02 12:00:00,367.05,20240900,369.95,20240700,367.05,20240900
2024-05-02 13:00:00,372.75,20240900,374.05,20240700,372.75,20240900
2024-05-02 14:00:00,,20240900,373.35,20240700,,20240900
2024-05-02 15:00:00,372.2,20240900,372.8,20240700,372.2,20240900
2024-05-02 16:00:00,,20240900,371.65,20240700,,20240900
2024-05-02 17:00:00,370.25,20240900,373.2,20240700,370.25,20240900
2024-05-03 05:00:00,368.45,20240900,370.0,20240700,368.45,20240900
2024-05-03 12:00:00,371.3,20240900,373.2,20240700,371.3,20240900
2024-05-03 13:00:00,,20240900,373.0,20240700,,20240900
2024-05-03 14:00:00,372.15,20240900,372.6,20240700,372.15,20240900
2024-05-03 15:00:00,,20240900,371.0,20240700,,20240900
2024-05-03 16:00:00,367.1,20240900,369.05,20240700,367.1,20240900
2024-05-03 17:00:00,369.5,20240900,370.05,20240700,369.5,20240900
2024-05-06 05:00:00,365.5,20240900,366.75,20240700,365.5,20240900
2024-05-06 12:00:00,365.8,20240900,369.3,20240700,365.8,20240900
2024-05-06 13:00:00,369.9,20240900,369.75,20240700,369.9,20240900
2024-05-06 14:00:00,365.3,20240900,368.45,20240700,365.3,20240900
2024-05-06 15:00:00,365.1,20240900,367.4,20240700,365.1,20240900
2024-05-06 16:00:00,366.15,20240900,367.75,20240700,366.15,20240900
2024-05-06 17:00:00,365.2,20240900,367.2,20240700,365.2,20240900
2024-05-07 05:00:00,370.25,20240900,372.2,20240700,370.25,20240900
2024-05-07 12:00:00,370.0,20240900,371.15,20240700,370.0,20240900
2024-05-07 13:00:00,368.1,20240900,370.1,20240700,368.1,20240900
2024-05-07 14:00:00,368.0,20240900,370.5,20240700,368.0,20240900
2024-05-07 15:00:00,368.9,20240900,371.3,20240700,368.9,20240900
2024-05-07 16:00:00,370.2,20240900,373.0,20240700,370.2,20240900
2024-05-07 17:00:00,369.2,20240900,371.1,20240700,369.2,20240900
2024-05-08 05:00:00,371.05,20240900,373.0,20240700,371.05,20240900
2024-05-08 12:00:00,,20240900,369.8,20240700,,20240900
2024-05-08 13:00:00,,20240900,371.1,20240700,,20240900
2024-05-08 14:00:00,370.0,20240900,371.45,20240700,370.0,20240900
2024-05-08 15:00:00,369.25,20240900,371.05,20240700,369.25,20240900
2024-05-08 16:00:00,,20240900,371.5,20240700,,20240900
2024-05-08 17:00:00,373.0,20240900,374.85,20240700,373.0,20240900
2024-05-09 05:00:00,381.05,20240900,383.0,20240700,381.05,20240900
2024-05-09 12:00:00,381.0,20240900,383.0,20240700,381.0,20240900
2024-05-09 13:00:00,,20240900,383.0,20240700,,20240900
2024-05-09 14:00:00,381.05,20240900,383.0,20240700,381.05,20240900
2024-05-09 15:00:00,,20240900,383.0,20240700,,20240900
2024-05-09 17:00:00,,20240900,383.0,20240700,,20240900
2024-05-10 05:00:00,389.7,20240900,394.2,20240700,389.7,20240900
2024-05-10 12:00:00,392.0,20240900,397.9,20240700,392.0,20240900
2024-05-10 13:00:00,393.0,20240900,398.55,20240700,393.0,20240900
2024-05-10 14:00:00,384.95,20240900,388.95,20240700,384.95,20240900
2024-05-10 15:00:00,385.0,20240900,391.95,20240700,385.0,20240900
2024-05-10 16:00:00,389.4,20240900,393.35,20240700,389.4,20240900
2024-05-10 17:00:00,389.25,20240900,394.4,20240700,389.25,20240900
2024-05-13 05:00:00,398.2,20240900,404.2,20240700,398.2,20240900
2024-05-13 12:00:00,399.7,20240900,404.2,20240700,399.7,20240900
2024-05-13 13:00:00,395.5,20240900,401.25,20240700,395.5,20240900
2024-05-13 14:00:00,396.85,20240900,404.2,20240700,396.85,20240900
2024-05-13 15:00:00,398.0,20240900,404.2,20240700,398.0,20240900
2024-05-13 16:00:00,398.25,20240900,,20240700,398.25,20240900
2024-05-13 17:00:00,398.95,20240900,404.2,20240700,398.95,20240900
2024-05-14 05:00:00,416.85,20240900,424.2,20240700,416.85,20240900
2024-05-14 12:00:00,406.35,20240900,414.3,20240700,406.35,20240900
2024-05-14 13:00:00,409.1,20240900,417.6,20240700,409.1,20240900
2024-05-14 14:00:00,412.0,20240900,421.7,20240700,412.0,20240900
2024-05-14 15:00:00,417.0,20240900,424.2,20240700,417.0,20240900
2024-05-14 16:00:00,416.8,20240900,424.2,20240700,416.8,20240900
2024-05-14 17:00:00,416.0,20240900,424.2,20240700,416.0,20240900
2024-05-15 05:00:00,415.7,20240900,428.5,20240700,415.7,20240900
2024-05-15 12:00:00,415.45,20240900,426.75,20240700,415.45,20240900
2024-05-15 13:00:00,413.15,20240900,427.7,20240700,413.15,20240900
2024-05-15 14:00:00,411.2,20240900,427.45,20240700,411.2,20240900
2024-05-15 15:00:00,407.0,20240900,420.15,20240700,407.0,20240900
2024-05-15 16:00:00,416.35,20240900,428.95,20240700,416.35,20240900
2024-05-15 17:00:00,415.6,20240900,428.55,20240700,415.6,20240900
2024-05-16 05:00:00,420.6,20240900,438.5,20240700,420.6,20240900
2024-05-16 12:00:00,419.0,20240900,436.0,20240700,419.0,20240900
2024-05-16 13:00:00,420.0,20240900,434.8,20240700,420.0,20240900
2024-05-16 14:00:00,419.7,20240900,437.05,20240700,419.7,20240900
2024-05-16 15:00:00,420.0,20240900,438.5,20240700,420.0,20240900
2024-05-16 16:00:00,420.8,20240900,438.5,20240700,420.8,20240900
2024-05-16 17:00:00,420.0,20240900,438.5,20240700,420.0,20240900
2024-05-17 05:00:00,429.6,20240900,448.45,20240700,429.6,20240900
2024-05-17 12:00:00,419.6,20240900,438.5,20240700,419.6,20240900
2024-05-17 13:00:00,419.1,20240900,436.85,20240700,419.1,20240900
2024-05-17 14:00:00,420.3,20240900,436.55,20240700,420.3,20240900
2024-05-17 15:00:00,424.15,20240900,441.05,20240700,424.15,20240900
2024-05-17 16:00:00,428.0,20240900,444.6,20240700,428.0,20240900
2024-05-17 17:00:00,428.75,20240900,447.95,20240700,428.75,20240900
2024-05-20 05:00:00,432.3,20240900,445.95,20240700,432.3,20240900
2024-05-20 12:00:00,433.3,20240900,450.0,20240700,433.3,20240900
2024-05-20 13:00:00,434.25,20240900,451.8,20240700,434.25,20240900
2024-05-20 14:00:00,433.35,20240900,451.15,20240700,433.35,20240900
2024-05-20 15:00:00,434.5,20240900,450.0,20240700,434.5,20240900
2024-05-20 16:00:00,432.5,20240900,447.0,20240700,432.5,20240900
2024-05-20 17:00:00,432.5,20240900,447.25,20240700,432.5,20240900
2024-05-21 05:00:00,438.0,20240900,455.95,20240700,438.0,20240900
2024-05-21 12:00:00,431.15,20240900,447.3,20240700,431.15,20240900
2024-05-21 13:00:00,433.0,20240900,448.55,20240700,433.0,20240900
2024-05-21 14:00:00,437.8,20240900,455.95,20240700,437.8,20240900
2024-05-21 15:00:00,437.5,20240900,455.95,20240700,437.5,20240900
2024-05-21 16:00:00,437.3,20240900,455.95,20240700,437.3,20240900
2024-05-21 17:00:00,439.0,20240900,455.95,20240700,439.0,20240900
2024-05-22 05:00:00,444.5,20240900,463.4,20240700,444.5,20240900
2024-05-22 12:00:00,448.5,20240900,465.45,20240700,448.5,20240900
2024-05-22 13:00:00,447.55,20240900,467.8,20240700,447.55,20240900
2024-05-22 14:00:00,447.55,20240900,464.0,20240700,447.55,20240900
2024-05-22 15:00:00,444.85,20240900,463.0,20240700,444.85,20240900
2024-05-22 16:00:00,444.25,20240900,463.3,20240700,444.25,20240900
2024-05-22 17:00:00,443.8,20240900,462.45,20240700,443.8,20240900
2024-05-23 05:00:00,449.0,20240900,466.5,20240700,449.0,20240900
2024-05-23 12:00:00,447.9,20240900,468.35,20240700,447.9,20240900
2024-05-23 13:00:00,448.0,20240900,468.15,20240700,448.0,20240900
2024-05-23 14:00:00,448.65,20240900,467.75,20240700,448.65,20240900
2024-05-23 15:00:00,447.35,20240900,465.95,20240700,447.35,20240900
2024-05-23 16:00:00,446.0,20240900,465.7,20240700,446.0,20240900
2024-05-23 17:00:00,448.85,20240900,468.15,20240700,448.85,20240900
2024-05-24 05:00:00,456.55,20240900,476.5,20240700,456.55,20240900
2024-05-24 12:00:00,453.15,20240900,469.4,20240700,453.15,20240900
2024-05-24 13:00:00,451.5,20240900,468.6,20240700,451.5,20240900
2024-05-24 14:00:00,454.55,20240900,475.95,20240700,454.55,20240900
2024-05-24 15:00:00,456.3,20240900,476.5,20240700,456.3,20240900
2024-05-24 16:00:00,456.75,20240900,476.5,20240700,456.75,20240900
2024-05-24 17:00:00,456.75,20240900,476.5,20240700,456.75,20240900
2024-05-28 05:00:00,469.3,20240900,487.2,20240700,469.3,20240900
2024-05-28 12:00:00,463.65,20240900,483.25,20240700,463.65,20240900
2024-05-28 13:00:00,467.5,20240900,489.9,20240700,467.5,20240900
2024-05-28 14:00:00,468.15,20240900,492.9,20240700,468.15,20240900
2024-05-28 15:00:00,470.0,20240900,493.3,20240700,470.0,20240900
2024-05-28 16:00:00,470.4,20240900,489.4,20240700,470.4,20240900
2024-05-28 17:00:00,467.3,20240900,484.6,20240700,467.3,20240900
2024-05-29 05:00:00,459.3,20240900,477.2,20240700,459.3,20240900
2024-05-29 12:00:00,468.0,20240900,490.05,20240700,468.0,20240900
2024-05-29 13:00:00,459.3,20240900,477.2,20240700,459.3,20240900
2024-05-29 14:00:00,460.0,20240900,477.2,20240700,460.0,20240900
2024-05-29 15:00:00,,20240900,477.2,20240700,,20240900
2024-05-29 16:00:00,,20240900,477.2,20240700,,20240900
2024-05-29 17:00:00,,20240900,477.2,20240700,,20240900
2024-05-30 05:00:00,439.3,20240900,457.2,20240700,439.3,20240900
2024-05-30 12:00:00,443.5,20240900,459.0,20240700,443.5,20240900
2024-05-30 13:00:00,440.5,20240900,457.2,20240700,440.5,20240900
2024-05-30 14:00:00,439.35,20240900,457.2,20240700,439.35,20240900
2024-05-30 15:00:00,439.3,20240900,457.2,20240700,439.3,20240900
2024-05-30 16:00:00,439.3,20240900,457.2,20240700,439.3,20240900
2024-05-30 17:00:00,,20240900,457.2,20240700,,20240900
2024-05-31 05:00:00,425.0,20240900,437.2,20240700,425.0,20240900
2024-05-31 12:00:00,418.25,20241100,427.6,20240900,418.25,20241100
2024-05-31 13:00:00,418.25,20241100,426.0,20240900,418.25,20241100
2024-05-31 14:00:00,418.3,20241100,428.3,20240900,418.3,20241100
2024-05-31 15:00:00,,20241100,425.65,20240900,,20241100
2024-05-31 16:00:00,,20241100,425.0,20240900,,20241100
2024-05-31 17:00:00,415.5,20241100,426.95,20240900,415.5,20241100
2024-06-03 05:00:00,434.3,20241100,444.5,20240900,434.3,20241100
2024-06-03 12:00:00,434.2,20241100,445.0,20240900,434.2,20241100
2024-06-03 13:00:00,,20241100,445.0,20240900,,20241100
2024-06-03 14:00:00,435.3,20241100,444.95,20240900,435.3,20241100
2024-06-03 15:00:00,435.25,20241100,445.0,20240900,435.25,20241100
2024-06-03 16:00:00,435.0,20241100,444.8,20240900,435.0,20241100
2024-06-03 17:00:00,432.7,20241100,444.25,20240900,432.7,20241100
2024-06-04 05:00:00,424.35,20241100,433.05,20240900,424.35,20241100
2024-06-04 12:00:00,443.0,20241100,454.1,20240900,443.0,20241100
2024-06-04 13:00:00,436.95,20241100,450.1,20240900,436.95,20241100
2024-06-04 14:00:00,430.65,20241100,434.8,20240900,430.65,20241100
2024-06-04 15:00:00,424.85,20241100,434.45,20240900,424.85,20241100
2024-06-04 16:00:00,424.1,20241100,433.7,20240900,424.1,20241100
2024-06-04 17:00:00,424.1,20241100,433.5,20240900,424.1,20241100
2024-06-05 05:00:00,421.05,20241100,427.65,20240900,421.05,20241100
2024-06-05 12:00:00,433.45,20241100,440.25,20240900,433.45,20241100
2024-06-05 13:00:00,433.2,20241100,427.6,20240900,433.2,20241100
2024-06-05 14:00:00,418.0,20241100,425.0,20240900,418.0,20241100
2024-06-05 15:00:00,418.0,20241100,425.75,20240900,418.0,20241100
2024-06-05 16:00:00,,20241100,426.8,20240900,,20241100
2024-06-05 17:00:00,,20241100,428.0,20240900,,20241100
2024-06-06 05:00:00,431.05,20241100,437.65,20240900,431.05,20241100
2024-06-06 12:00:00,,20241100,435.5,20240900,,20241100
2024-06-06 13:00:00,,20241100,436.55,20240900,,20241100
2024-06-06 14:00:00,,20241100,437.5,20240900,,20241100
2024-06-06 16:00:00,,20241100,437.25,20240900,,20241100
2024-06-06 17:00:00,431.05,20241100,437.65,20240900,431.05,20241100
2024-06-07 05:00:00,416.1,20241100,421.65,20240900,416.1,20241100
2024-06-07 12:00:00,425.45,20241100,432.15,20240900,425.45,20241100
2024-06-07 13:00:00,,20241100,437.45,20240900,,20241100
2024-06-07 14:00:00,425.95,20241100,430.05,20240900,425.95,20241100
2024-06-07 15:00:00,421.95,20241100,428.15,20240900,421.95,20241100
2024-06-07 16:00:00,415.75,20241100,422.5,20240900,415.75,20241100
2024-06-07 17:00:00,414.95,20241100,418.7,20240900,414.95,20241100
2024-06-10 05:00:00,419.35,20241100,425.9,20240900,419.35,20241100
2024-06-10 12:00:00,424.65,20241100,429.3,20240900,424.65,20241100
2024-06-10 13:00:00,,20241100,425.3,20240900,,20241100
2024-06-10 14:00:00,410.0,20241100,418.85,20240900,410.0,20241100
2024-06-10 15:00:00,414.3,20241100,421.3,20240900,414.3,20241100
2024-06-10 16:00:00,,20241100,425.3,20240900,,20241100
2024-06-10 17:00:00,419.7,20241100,425.0,20240900,419.7,20241100
2024-06-11 05:00:00,402.7,20241100,406.45,20240900,402.7,20241100
2024-06-11 12:00:00,423.5,20241100,420.6,20240900,423.5,20241100
2024-06-11 13:00:00,402.65,20241100,407.25,20240900,402.65,20241100
2024-06-11 14:00:00,404.5,20241100,408.3,20240900,404.5,20241100
2024-06-11 15:00:00,404.5,20241100,407.65,20240900,404.5,20241100
2024-06-11 16:00:00,403.8,20241100,406.35,20240900,403.8,20241100
2024-06-11 17:00:00,403.0,20241100,406.3,20240900,403.0,20241100
2024-06-12 05:00:00,417.65,20241100,421.45,20240900,417.65,20241100
2024-06-12 12:00:00,417.0,20241100,413.95,20240900,417.0,20241100
2024-06-12 13:00:00,,20241100,420.2,20240900,,20241100
2024-06-12 14:00:00,,20241100,417.35,20240900,,20241100
2024-06-12 15:00:00,417.0,20241100,423.4,20240900,417.0,20241100
2024-06-12 16:00:00,,20241100,424.6,20240900,,20241100
2024-06-12 17:00:00,,20241100,416.4,20240900,,20241100
2024-06-13 05:00:00,405.55,20241100,408.8,20240900,405.55,20241100
2024-06-13 12:00:00,417.0,20241100,420.35,20240900,417.0,20241100
2024-06-13 13:00:00,407.3,20241100,409.9,20240900,407.3,20241100
2024-06-13 14:00:00,403.2,20241100,404.2,20240900,403.2,20241100
2024-06-13 15:00:00,400.5,20241100,403.8,20240900,400.5,20241100
2024-06-13 16:00:00,407.05,20241100,410.55,20240900,407.05,20241100
2024-06-13 17:00:00,407.75,20241100,409.55,20240900,407.75,20241100
2024-06-14 05:00:00,417.3,20241100,420.45,20240900,417.3,20241100
2024-06-14 12:00:00,404.75,20241100,418.2,20240900,404.75,20241100
2024-06-14 13:00:00,410.6,20241100,413.1,20240900,410.6,20241100
2024-06-14 14:00:00,412.5,20241100,417.05,20240900,412.5,20241100
2024-06-14 15:00:00,416.5,20241100,421.0,20240900,416.5,20241100
2024-06-14 16:00:00,416.45,20241100,417.55,20240900,416.45,20241100
2024-06-14 17:00:00,417.9,20241100,419.0,20240900,417.9,20241100
2024-06-17 05:00:00,422.85,20241100,426.3,20240900,422.85,20241100
2024-06-17 12:00:00,420.85,20241100,424.05,20240900,420.85,20241100
2024-06-17 13:00:00,421.9,20241100,425.0,20240900,421.9,20241100
2024-06-17 14:00:00,424.25,20241100,426.85,20240900,424.25,20241100
2024-06-17 15:00:00,421.8,20241100,425.3,20240900,421.8,20241100
2024-06-17 16:00:00,,20241100,425.0,20240900,,20241100
2024-06-17 17:00:00,,20241100,425.1,20240900,,20241100
2024-06-18 05:00:00,407.4,20241100,410.7,20240900,407.4,20241100
2024-06-18 12:00:00,425.4,20241100,430.35,20240900,425.4,20241100
2024-06-18 13:00:00,425.75,20241100,429.75,20240900,425.75,20241100
2024-06-18 14:00:00,422.4,20241100,425.8,20240900,422.4,20241100
2024-06-18 15:00:00,421.5,20241100,424.75,20240900,421.5,20241100
2024-06-18 16:00:00,,20241100,420.8,20240900,,20241100
2024-06-18 17:00:00,409.0,20241100,410.7,20240900,409.0,20241100
2024-06-20 05:00:00,416.4,20241100,419.1,20240900,416.4,20241100
2024-06-20 12:00:00,410.45,20241100,413.75,20240900,410.45,20241100
2024-06-20 13:00:00,,20241100,414.45,20240900,,20241100
2024-06-20 14:00:00,406.4,20241100,414.0,20240900,406.4,20241100
2024-06-20 15:00:00,409.85,20241100,413.3,20240900,409.85,20241100
2024-06-20 16:00:00,413.4,20241100,417.45,20240900,413.4,20241100
2024-06-20 17:00:00,415.85,20241100,418.75,20240900,415.85,20241100
2024-06-21 05:00:00,421.45,20241100,424.55,20240900,421.45,20241100
2024-06-21 12:00:00,411.75,20241100,417.55,20240900,411.75,20241100
2024-06-21 13:00:00,409.0,20241100,413.5,20240900,409.0,20241100
2024-06-21 14:00:00,,20241100,414.6,20240900,,20241100
2024-06-21 15:00:00,422.9,20241100,426.25,20240900,422.9,20241100
2024-06-21 16:00:00,420.65,20241100,423.75,20240900,420.65,20241100
2024-06-21 17:00:00,,20241100,422.65,20240900,,20241100
2024-06-24 05:00:00,419.05,20241100,422.15,20240900,419.05,20241100
2024-06-24 12:00:00,,20241100,423.75,20240900,,20241100
2024-06-24 13:00:00,417.25,20241100,414.8,20240900,417.25,20241100
2024-06-24 14:00:00,415.85,20241100,420.0,20240900,415.85,20241100
2024-06-24 15:00:00,417.65,20241100,421.7,20240900,417.65,20241100
2024-06-24 16:00:00,417.6,20241100,421.8,20240900,417.6,20241100
2024-06-24 17:00:00,418.15,20241100,420.95,20240900,418.15,20241100
2024-06-25 05:00:00,427.55,20241100,431.1,20240900,427.55,20241100
2024-06-25 12:00:00,415.85,20241100,421.9,20240900,415.85,20241100
2024-06-25 13:00:00,424.45,20241100,427.75,20240900,424.45,20241100
2024-06-25 14:00:00,421.1,20241100,426.1,20240900,421.1,20241100
2024-06-25 15:00:00,426.5,20241100,431.5,20240900,426.5,20241100
2024-06-25 16:00:00,426.45,20241100,431.2,20240900,426.45,20241100
2024-06-25 17:00:00,428.0,20241100,429.0,20240900,428.0,20241100
2024-06-26 05:00:00,420.65,20241100,423.65,20240900,420.65,20241100
2024-06-26 12:00:00,428.0,20241100,428.4,20240900,428.0,20241100
2024-06-26 13:00:00,421.6,20241100,427.1,20240900,421.6,20241100
2024-06-26 14:00:00,422.05,20241100,425.5,20240900,422.05,20241100
2024-06-26 15:00:00,424.0,20241100,427.45,20240900,424.0,20241100
2024-06-26 16:00:00,422.0,20241100,424.5,20240900,422.0,20241100
2024-06-26 17:00:00,420.3,20241100,426.55,20240900,420.3,20241100
2024-06-27 05:00:00,423.3,20241100,426.4,20240900,423.3,20241100
2024-06-27 12:00:00,424.6,20241100,428.85,20240900,424.6,20241100
2024-06-27 13:00:00,423.9,20241100,426.0,20240900,423.9,20241100
2024-06-27 14:00:00,423.35,20241100,428.0,20240900,423.35,20241100
2024-06-27 15:00:00,423.45,20241100,427.0,20240900,423.45,20241100
2024-06-27 16:00:00,422.3,20241100,425.55,20240900,422.3,20241100
2024-06-27 17:00:00,420.8,20241100,424.2,20240900,420.8,20241100
2024-06-28 05:00:00,410.2,20241100,413.2,20240900,410.2,20241100
2024-06-28 12:00:00,409.75,20241100,413.05,20240900,409.75,20241100
2024-06-28 13:00:00,409.85,20241100,414.15,20240900,409.85,20241100
2024-06-28 14:00:00,409.25,20241100,412.95,20240900,409.25,20241100
2024-06-28 15:00:00,410.9,20241100,413.9,20240900,410.9,20241100
2024-06-28 16:00:00,414.95,20241100,414.4,20240900,414.95,20241100
2024-06-28 17:00:00,410.95,20241100,413.25,20240900,410.95,20241100
2024-07-01 05:00:00,416.9,20241100,421.25,20240900,416.9,20241100
2024-07-01 12:00:00,410.7,20241100,414.7,20240900,410.7,20241100
2024-07-01 13:00:00,408.05,20241100,411.55,20240900,408.05,20241100
2024-07-01 14:00:00,409.6,20241100,413.65,20240900,409.6,20241100
2024-07-01 15:00:00,425.45,20241100,428.55,20240900,425.45,20241100
2024-07-01 16:00:00,,20241100,422.5,20240900,,20241100
2024-07-01 17:00:00,417.8,20241100,423.8,20240900,417.8,20241100
2024-07-02 05:00:00,432.2,20241100,438.45,20240900,432.2,20241100
2024-07-02 12:00:00,418.2,20241100,426.0,20240900,418.2,20241100
2024-07-02 13:00:00,423.05,20241100,425.25,20240900,423.05,20241100
2024-07-02 14:00:00,425.5,20241100,428.2,20240900,425.5,20241100
2024-07-02 15:00:00,434.55,20241100,439.95,20240900,434.55,20241100
2024-07-02 16:00:00,432.3,20241100,438.55,20240900,432.3,20241100
2024-07-02 17:00:00,434.4,20241100,440.45,20240900,434.4,20241100
2024-07-03 05:00:00,422.05,20241100,426.6,20240900,422.05,20241100
2024-07-03 12:00:00,433.05,20241100,434.8,20240900,433.05,20241100
2024-07-03 13:00:00,420.3,20241100,432.9,20240900,420.3,20241100
2024-07-03 14:00:00,420.2,20241100,427.2,20240900,420.2,20241100
2024-07-03 15:00:00,419.8,20241100,427.9,20240900,419.8,20241100
2024-07-03 16:00:00,420.4,20241100,425.5,20240900,420.4,20241100
2024-07-03 17:00:00,419.9,20241100,424.65,20240900,419.9,20241100
2024-07-05 05:00:00,425.9,20241100,433.35,20240900,425.9,20241100
2024-07-05 12:00:00,422.65,20241100,427.15,20240900,422.65,20241100
2024-07-05 13:00:00,423.1,20241100,428.65,20240900,423.1,20241100
2024-07-05 14:00:00,424.05,20241100,430.45,20240900,424.05,20241100
2024-07-05 15:00:00,425.9,20241100,431.3,20240900,425.9,20241100
2024-07-05 16:00:00,425.55,20241100,431.1,20240900,425.55,20241100
2024-07-05 17:00:00,425.05,20241100,431.45,20240900,425.05,20241100
2024-07-08 05:00:00,421.85,20241100,428.95,20240900,421.85,20241100
2024-07-08 12:00:00,422.2,20241100,428.45,20240900,422.2,20241100
2024-07-08 13:00:00,424.4,20241100,430.0,20240900,424.4,20241100
2024-07-08 14:00:00,424.4,20241100,430.9,20240900,424.4,20241100
2024-07-08 15:00:00,424.25,20241100,430.1,20240900,424.25,20241100
2024-07-08 16:00:00,424.3,20241100,430.8,20240900,424.3,20241100
2024-07-08 17:00:00,424.0,20241100,431.5,20240900,424.0,20241100
2024-07-09 05:00:00,436.9,20241100,447.7,20240900,436.9,20241100
2024-07-09 12:00:00,431.4,20241100,439.95,20240900,431.4,20241100
2024-07-09 13:00:00,430.95,20241100,439.85,20240900,430.95,20241100
2024-07-09 14:00:00,,20241100,439.1,20240900,,20241100
2024-07-09 15:00:00,439.0,20241100,448.95,20240900,439.0,20241100
2024-07-09 16:00:00,438.0,20241100,448.95,20240900,438.0,20241100
2024-07-09 17:00:00,439.9,20241100,446.4,20240900,439.9,20241100
2024-07-10 05:00:00,449.85,20241100,462.05,20240900,449.85,20241100
2024-07-10 12:00:00,447.95,20241100,457.45,20240900,447.95,20241100
2024-07-10 13:00:00,447.8,20241100,457.3,20240900,447.8,20241100
2024-07-10 14:00:00,446.3,20241100,455.5,20240900,446.3,20241100
2024-07-10 15:00:00,451.0,20241100,460.0,20240900,451.0,20241100
2024-07-10 16:00:00,453.4,20241100,465.5,20240900,453.4,20241100
2024-07-10 17:00:00,449.95,20241100,462.95,20240900,449.95,20241100
2024-07-11 05:00:00,430.15,20241100,442.05,20240900,430.15,20241100
2024-07-11 12:00:00,439.55,20241100,447.4,20240900,439.55,20241100
2024-07-11 13:00:00,440.4,20241100,451.5,20240900,440.4,20241100
2024-07-11 14:00:00,439.75,20241100,451.3,20240900,439.75,20241100
2024-07-11 15:00:00,435.0,20241100,444.0,20240900,435.0,20241100
2024-07-11 16:00:00,433.85,20241100,442.65,20240900,433.85,20241100
2024-07-11 17:00:00,429.85,20241100,442.05,20240900,429.85,20241100
2024-07-12 05:00:00,438.0,20241100,449.8,20240900,438.0,20241100
2024-07-12 12:00:00,426.2,20241100,433.0,20240900,426.2,20241100
2024-07-12 13:00:00,429.0,20241100,436.9,20240900,429.0,20241100
2024-07-12 14:00:00,432.5,20241100,443.35,20240900,432.5,20241100
2024-07-12 15:00:00,432.0,20241100,443.9,20240900,432.0,20241100
2024-07-12 16:00:00,,20241100,444.65,20240900,,20241100
2024-07-12 17:00:00,440.65,20241100,452.65,20240900,440.65,20241100
2024-07-15 05:00:00,439.45,20241100,451.6,20240900,439.45,20241100
2024-07-15 12:00:00,440.35,20241100,447.7,20240900,440.35,20241100
2024-07-15 13:00:00,434.95,20241100,445.05,20240900,434.95,20241100
2024-07-15 14:00:00,,20241100,450.35,20240900,,20241100
2024-07-15 15:00:00,442.75,20241100,451.2,20240900,442.75,20241100
2024-07-15 16:00:00,441.35,20241100,452.9,20240900,441.35,20241100
2024-07-15 17:00:00,435.4,20241100,450.5,20240900,435.4,20241100
2024-07-16 05:00:00,438.8,20241100,450.25,20240900,438.8,20241100
2024-07-16 12:00:00,433.65,20241100,448.25,20240900,433.65,20241100
2024-07-16 13:00:00,440.6,20241100,448.05,20240900,440.6,20241100
2024-07-16 14:00:00,438.3,20241100,449.1,20240900,438.3,20241100
2024-07-16 15:00:00,,20241100,450.05,20240900,,20241100
2024-07-16 16:00:00,438.25,20241100,449.35,20240900,438.25,20241100
2024-07-16 17:00:00,438.3,20241100,446.35,20240900,438.3,20241100
2024-07-17 05:00:00,422.9,20241100,430.35,20240900,422.9,20241100
2024-07-17 12:00:00,434.7,20241100,445.45,20240900,434.7,20241100
2024-07-17 13:00:00,427.95,20241100,437.95,20240900,427.95,20241100
2024-07-17 14:00:00,424.85,20241100,434.2,20240900,424.85,20241100
2024-07-17 15:00:00,422.5,20241100,430.8,20240900,422.5,20241100
2024-07-17 16:00:00,422.35,20241100,430.25,20240900,422.35,20241100
2024-07-17 17:00:00,422.3,20241100,431.0,20240900,422.3,20241100
2024-07-18 05:00:00,426.1,20241100,432.35,20240900,426.1,20241100
2024-07-18 12:00:00,421.25,20241100,426.05,20240900,421.25,20241100
2024-07-18 13:00:00,,20241100,430.95,20240900,,20241100
2024-07-18 14:00:00,425.0,20241100,430.8,20240900,425.0,20241100
2024-07-18 15:00:00,428.2,20241100,434.5,20240900,428.2,20241100
2024-07-18 16:00:00,429.2,20241100,435.6,20240900,429.2,20241100
2024-07-18 17:00:00,424.9,20241100,431.75,20240900,424.9,20241100
2024-07-19 05:00:00,426.4,20241100,433.2,20240900,426.4,20241100
2024-07-19 12:00:00,423.0,20241100,428.95,20240900,423.0,20241100
2024-07-19 13:00:00,421.75,20241100,427.9,20240900,421.75,20241100
2024-07-19 14:00:00,424.65,20241100,432.2,20240900,424.65,20241100
2024-07-19 15:00:00,426.9,20241100,430.75,20240900,426.9,20241100
2024-07-19 16:00:00,423.75,20241100,433.35,20240900,423.75,20241100
2024-07-19 17:00:00,425.4,20241100,431.45,20240900,425.4,20241100
2024-07-22 05:00:00,432.85,20241100,439.45,20240900,432.85,20241100
2024-07-22 12:00:00,423.1,20241100,429.0,20240900,423.1,20241100
2024-07-22 13:00:00,426.65,20241100,432.05,20240900,426.65,20241100
2024-07-22 14:00:00,437.8,20241100,443.0,20240900,437.8,20241100
2024-07-22 15:00:00,432.25,20241100,440.7,20240900,432.25,20241100
2024-07-22 16:00:00,429.9,20241100,436.85,20240900,429.9,20241100
2024-07-22 17:00:00,434.0,20241100,441.0,20240900,434.0,20241100
2024-07-23 05:00:00,426.45,20241100,433.15,20240900,426.45,20241100
2024-07-23 12:00:00,429.25,20241100,436.7,20240900,429.25,20241100
2024-07-23 13:00:00,430.5,20241100,436.15,20240900,430.5,20241100
2024-07-23 14:00:00,430.9,20241100,437.5,20240900,430.9,20241100
2024-07-23 15:00:00,429.25,20241100,436.0,20240900,429.25,20241100
2024-07-23 16:00:00,429.45,20241100,437.2,20240900,429.45,20241100
2024-07-23 17:00:00,425.55,20241100,432.05,20240900,425.55,20241100
2024-07-24 05:00:00,420.4,20241100,423.95,20240900,420.4,20241100
2024-07-24 12:00:00,425.5,20241100,433.25,20240900,425.5,20241100
2024-07-24 13:00:00,,20241100,436.2,20240900,,20241100
2024-07-24 14:00:00,428.85,20241100,435.0,20240900,428.85,20241100
2024-07-24 15:00:00,422.0,20241100,426.35,20240900,422.0,20241100
2024-07-24 16:00:00,420.0,20241100,423.55,20240900,420.0,20241100
2024-07-24 17:00:00,420.2,20241100,423.75,20240900,420.2,20241100
2024-07-25 05:00:00,416.3,20241100,420.1,20240900,416.3,20241100
2024-07-25 12:00:00,421.5,20241100,424.05,20240900,421.5,20241100
2024-07-25 13:00:00,418.6,20241100,423.85,20240900,418.6,20241100
2024-07-25 14:00:00,415.65,20241100,420.0,20240900,415.65,20241100
2024-07-25 15:00:00,415.1,20241100,420.55,20240900,415.1,20241100
2024-07-25 16:00:00,416.4,20241100,420.25,20240900,416.4,20241100
2024-07-25 17:00:00,416.55,20241100,420.05,20240900,416.55,20241100
2024-07-26 05:00:00,429.05,20241100,433.8,20240900,429.05,20241100
2024-07-26 12:00:00,416.6,20241100,422.3,20240900,416.6,20241100
2024-07-26 13:00:00,417.45,20241100,420.2,20240900,417.45,20241100
2024-07-26 14:00:00,416.0,20241100,420.9,20240900,416.0,20241100
2024-07-26 15:00:00,422.8,20241100,429.05,20240900,422.8,20241100
2024-07-26 16:00:00,425.1,20241100,430.9,20240900,425.1,20241100
2024-07-26 17:00:00,430.35,20241100,435.15,20240900,430.35,20241100
2024-07-29 05:00:00,423.4,20241100,428.25,20240900,423.4,20241100
2024-07-29 12:00:00,427.05,20241100,432.2,20240900,427.05,20241100
2024-07-29 13:00:00,423.65,20241100,428.25,20240900,423.65,20241100
2024-07-29 14:00:00,420.0,20241100,424.95,20240900,420.0,20241100
2024-07-29 15:00:00,421.65,20241100,428.85,20240900,421.65,20241100
2024-07-29 16:00:00,421.0,20241100,425.9,20240900,421.0,20241100
2024-07-29 17:00:00,424.25,20241100,430.35,20240900,424.25,20241100
2024-07-30 05:00:00,420.8,20241100,425.35,20240900,420.8,20241100
2024-07-30 12:00:00,425.5,20241100,428.15,20240900,425.5,20241100
2024-07-30 13:00:00,423.35,20241100,429.65,20240900,423.35,20241100
2024-07-30 14:00:00,418.35,20241100,425.15,20240900,418.35,20241100
2024-07-30 15:00:00,420.75,20241100,426.7,20240900,420.75,20241100
2024-07-30 16:00:00,424.15,20241100,428.6,20240900,424.15,20241100
2024-07-30 17:00:00,420.75,20241100,425.45,20240900,420.75,20241100
2024-07-31 05:00:00,416.6,20241100,420.9,20240900,416.6,20241100
2024-07-31 12:00:00,423.05,20241100,427.65,20240900,423.05,20241100
2024-07-31 13:00:00,421.2,20241100,425.6,20240900,421.2,20241100
2024-07-31 14:00:00,419.3,20241100,423.45,20240900,419.3,20241100
2024-07-31 15:00:00,417.5,20241100,421.0,20240900,417.5,20241100
2024-07-31 16:00:00,416.5,20241100,420.0,20240900,416.5,20241100
2024-07-31 17:00:00,415.8,20241100,422.3,20240900,415.8,20241100
2024-08-01 05:00:00,416.15,20241100,420.75,20240900,416.15,20241100
2024-08-01 12:00:00,410.75,20250100,415.95,20241100,410.75,20250100
2024-08-01 13:00:00,,20250100,415.85,20241100,,20250100
2024-08-01 14:00:00,,20250100,414.75,20241100,,20250100
2024-08-01 15:00:00,,20250100,419.55,20241100,,20250100
2024-08-01 16:00:00,,20250100,417.4,20241100,,20250100
2024-08-01 17:00:00,412.8,20250100,415.5,20241100,412.8,20250100
2024-08-02 05:00:00,416.25,20250100,419.7,20241100,416.25,20250100
2024-08-02 12:00:00,411.35,20250100,414.7,20241100,411.35,20250100
2024-08-02 13:00:00,410.7,20250100,414.4,20241100,410.7,20250100
2024-08-02 14:00:00,,20250100,415.35,20241100,,20250100
2024-08-02 15:00:00,410.1,20250100,414.1,20241100,410.1,20250100
2024-08-02 16:00:00,410.0,20250100,418.75,20241100,410.0,20250100
2024-08-02 17:00:00,,20250100,421.45,20241100,,20250100
2024-08-05 05:00:00,411.35,20250100,414.2,20241100,411.35,20250100
2024-08-05 12:00:00,409.5,20250100,423.0,20241100,409.5,20250100
2024-08-05 13:00:00,416.25,20250100,417.35,20241100,416.25,20250100
2024-08-05 14:00:00,,20250100,417.75,20241100,,20250100
2024-08-05 15:00:00,409.0,20250100,411.55,20241100,409.0,20250100
2024-08-05 16:00:00,409.6,20250100,411.85,20241100,409.6,20250100
2024-08-05 17:00:00,411.65,20250100,413.6,20241100,411.65,20250100
2024-08-06 05:00:00,422.1,20250100,425.55,20241100,422.1,20250100
2024-08-06 12:00:00,410.35,20250100,413.15,20241100,410.35,20250100
2024-08-06 13:00:00,409.95,20250100,418.7,20241100,409.95,20250100
2024-08-06 14:00:00,,20250100,418.55,20241100,,20250100
2024-08-06 15:00:00,,20250100,419.55,20241100,,20250100
2024-08-06 16:00:00,421.0,20250100,425.0,20241100,421.0,20250100
2024-08-06 17:00:00,421.8,20250100,426.15,20241100,421.8,20250100
2024-08-07 05:00:00,430.8,20250100,436.2,20241100,430.8,20250100
2024-08-07 12:00:00,432.5,20250100,440.75,20241100,432.5,20250100
2024-08-07 13:00:00,,20250100,437.65,20241100,,20250100
2024-08-07 14:00:00,427.0,20250100,434.15,20241100,427.0,20250100
2024-08-07 15:00:00,428.65,20250100,432.6,20241100,428.65,20250100
2024-08-07 16:00:00,,20250100,437.0,20241100,,20250100
2024-08-07 17:00:00,,20250100,436.25,20241100,,20250100
2024-08-08 05:00:00,429.5,20250100,435.5,20241100,429.5,20250100
2024-08-08 12:00:00,,20250100,432.95,20241100,,20250100
2024-08-08 13:00:00,429.5,20250100,435.7,20241100,429.5,20250100
2024-08-08 14:00:00,431.25,20250100,438.95,20241100,431.25,20250100
2024-08-08 15:00:00,431.7,20250100,437.0,20241100,431.7,20250100
2024-08-08 16:00:00,,20250100,435.05,20241100,,20250100
2024-08-08 17:00:00,429.05,20250100,436.5,20241100,429.05,20250100
2024-08-09 05:00:00,412.85,20250100,416.6,20241100,412.85,20250100
2024-08-09 12:00:00,,20250100,433.5,20241100,,20250100
2024-08-09 13:00:00,421.75,20250100,418.05,20241100,421.75,20250100
2024-08-09 14:00:00,,20250100,418.0,20241100,,20250100
2024-08-09 15:00:00,412.9,20250100,416.95,20241100,412.9,20250100
2024-08-09 16:00:00,412.75,20250100,417.2,20241100,412.75,20250100
2024-08-09 17:00:00,413.05,20250100,416.1,20241100,413.05,20250100
2024-08-12 05:00:00,414.45,20250100,418.25,20241100,414.45,20250100
2024-08-12 12:00:00,414.1,20250100,415.6,20241100,414.1,20250100
2024-08-12 13:00:00,413.6,20250100,417.25,20241100,413.6,20250100
2024-08-12 14:00:00,412.45,20250100,417.05,20241100,412.45,20250100
2024-08-12 15:00:00,413.0,20250100,420.0,20241100,413.0,20250100
2024-08-12 16:00:00,,20250100,421.2,20241100,,20250100
2024-08-12 17:00:00,413.0,20250100,422.65,20241100,413.0,20250100
2024-08-13 05:00:00,423.0,20250100,427.9,20241100,423.0,20250100
2024-08-13 12:00:00,,20250100,424.25,20241100,,20250100
2024-08-13 13:00:00,416.15,20250100,420.95,20241100,416.15,20250100
2024-08-13 14:00:00,,20250100,424.6,20241100,,20250100
2024-08-13 15:00:00,,20250100,429.7,20241100,,20250100
2024-08-13 16:00:00,425.25,20250100,431.0,20241100,425.25,20250100
2024-08-13 17:00:00,,20250100,427.9,20241100,,20250100
2024-08-14 05:00:00,429.95,20250100,436.0,20241100,429.95,20250100
2024-08-14 12:00:00,425.0,20250100,423.8,20241100,425.0,20250100
2024-08-14 13:00:00,,20250100,424.95,20241100,,20250100
2024-08-14 14:00:00,425.0,20250100,432.0,20241100,425.0,20250100
2024-08-14 15:00:00,,20250100,434.6,20241100,,20250100
2024-08-14 16:00:00,428.85,20250100,434.95,20241100,428.85,20250100
2024-08-14 17:00:00,430.5,20250100,438.45,20241100,430.5,20250100
2024-08-15 05:00:00,439.35,20250100,449.8,20241100,439.35,20250100
2024-08-15 12:00:00,425.0,20250100,432.1,20241100,425.0,20250100
2024-08-15 13:00:00,,20250100,434.6,20241100,,20250100
2024-08-15 14:00:00,437.75,20250100,442.35,20241100,437.75,20250100
2024-08-15 15:00:00,,20250100,445.85,20241100,,20250100
2024-08-15 16:00:00,,20250100,446.8,20241100,,20250100
2024-08-15 17:00:00,437.75,20250100,447.9,20241100,437.75,20250100
2024-08-16 05:00:00,437.5,20250100,447.95,20241100,437.5,20250100
2024-08-16 12:00:00,432.1,20250100,444.55,20241100,432.1,20250100
2024-08-16 13:00:00,,20250100,445.0,20241100,,20250100
2024-08-16 14:00:00,437.0,20250100,448.95,20241100,437.0,20250100
2024-08-16 15:00:00,437.9,20250100,447.4,20241100,437.9,20250100
2024-08-16 16:00:00,,20250100,446.8,20241100,,20250100
2024-08-16 17:00:00,435.4,20250100,447.05,20241100,435.4,20250100
2024-08-19 05:00:00,434.95,20250100,443.35,20241100,434.95,20250100
2024-08-19 12:00:00,439.05,20250100,447.95,20241100,439.05,20250100
2024-08-19 13:00:00,,20250100,447.75,20241100,,20250100
2024-08-19 14:00:00,,20250100,449.65,20241100,,20250100
2024-08-19 15:00:00,429.6,20250100,436.85,20241100,429.6,20250100
2024-08-19 16:00:00,430.0,20250100,439.1,20241100,430.0,20250100
2024-08-19 17:00:00,,20250100,444.6,20241100,,20250100
2024-08-19 23:00:00,434.95,20250100,,20241100,434.95,20250100
2024-08-20 05:00:00,,20250100,443.1,20241100,,20250100
2024-08-20 12:00:00,,20250100,439.5,20241100,,20250100
2024-08-20 13:00:00,,20250100,445.0,20241100,,20250100
2024-08-20 14:00:00,,20250100,444.9,20241100,,20250100
2024-08-20 15:00:00,,20250100,446.45,20241100,,20250100
2024-08-20 16:00:00,,20250100,444.8,20241100,,20250100
2024-08-20 17:00:00,,20250100,441.25,20241100,,20250100
2024-08-20 23:00:00,437.55,20250100,443.1,20241100,437.55,20250100
2024-08-21 23:00:00,451.95,20250100,460.95,20241100,451.95,20250100
2024-08-22 23:00:00,468.7,20250100,480.95,20241100,468.7,20250100
2024-08-23 23:00:00,470.0,20250100,481.75,20241100,470.0,20250100
2024-08-26 23:00:00,454.65,20250100,463.85,20241100,454.65,20250100
2024-08-27 23:00:00,438.7,20250100,445.25,20241100,438.7,20250100
2024-08-28 23:00:00,439.55,20250100,446.0,20241100,439.55,20250100
2024-08-29 23:00:00,450.15,20250100,460.2,20241100,450.15,20250100
2024-08-30 23:00:00,450.4,20250100,460.3,20241100,450.4,20250100
2024-09-03 23:00:00,454.0,20250100,465.1,20241100,454.0,20250100
2024-09-04 23:00:00,460.45,20250100,471.8,20241100,460.45,20250100
2024-09-05 23:00:00,477.6,20250100,491.75,20241100,477.6,20250100
2024-09-06 23:00:00,464.8,20250100,480.0,20241100,464.8,20250100
2024-09-09 23:00:00,473.35,20250100,489.15,20241100,473.35,20250100
2024-09-10 23:00:00,484.45,20250100,501.8,20241100,484.45,20250100
2024-09-11 23:00:00,466.8,20250100,482.25,20241100,466.8,20250100
2024-09-12 23:00:00,462.5,20250100,474.15,20241100,462.5,20250100
2024-09-13 23:00:00,469.55,20250100,483.1,20241100,469.55,20250100
2024-09-16 23:00:00,469.25,20250100,481.65,20241100,469.25,20250100
2024-09-17 23:00:00,472.85,20250100,485.7,20241100,472.85,20250100
2024-09-18 23:00:00,482.5,20250100,496.15,20241100,482.5,20250100
2024-09-19 23:00:00,465.6,20250100,476.15,20241100,465.6,20250100
2024-09-20 23:00:00,476.85,20250100,490.85,20241100,476.85,20250100
2024-09-23 23:00:00,465.0,20250100,474.5,20241100,465.0,20250100
2024-09-24 23:00:00,475.5,20250100,489.05,20241100,475.5,20250100
2024-09-25 23:00:00,477.45,20250100,489.15,20241100,477.45,20250100
2024-09-26 23:00:00,464.3,20250100,475.3,20241100,464.3,20250100
2024-09-27 23:00:00,462.05,20250100,470.2,20241100,462.05,20250100
2024-09-30 23:00:00,453.85,20250100,461.05,20241100,453.85,20250100
2024-10-01 23:00:00,460.85,20250100,471.45,20241100,460.85,20250100
2024-10-02 23:00:00,450.05,20250300,456.5,20250100,450.05,20250300
2024-10-03 23:00:00,452.1,20250300,458.6,20250100,452.1,20250300
2024-10-04 23:00:00,453.0,20250300,459.15,20250100,453.0,20250300
2024-10-07 23:00:00,464.65,20250300,471.5,20250100,464.65,20250300
2024-10-08 23:00:00,457.45,20250300,464.1,20250100,457.45,20250300
2024-10-09 23:00:00,459.9,20250300,466.55,20250100,459.9,20250300
2024-10-10 23:00:00,442.25,20250300,447.95,20250100,442.25,20250300
2024-10-11 23:00:00,461.05,20250300,467.7,20250100,461.05,20250300
2024-10-14 23:00:00,472.6,20250300,480.85,20250100,472.6,20250300
2024-10-15 23:00:00,473.7,20250300,482.5,20250100,473.7,20250300
2024-10-16 23:00:00,475.05,20250300,484.6,20250100,475.05,20250300
2024-10-17 23:00:00,471.75,20250300,480.8,20250100,471.75,20250300
2024-10-18 23:00:00,457.45,20250300,466.4,20250100,457.45,20250300
2024-10-21 23:00:00,460.85,20250300,468.15,20250100,460.85,20250300
2024-10-22 23:00:00,463.8,20250300,471.1,20250100,463.8,20250300
2024-10-23 23:00:00,471.35,20250300,480.3,20250100,471.35,20250300
2024-10-24 23:00:00,473.75,20250300,484.05,20250100,473.75,20250300
2024-10-25 23:00:00,481.3,20250300,494.3,20250100,481.3,20250300
2024-10-28 23:00:00,480.8,20250300,491.45,20250100,480.8,20250300
2024-10-29 23:00:00,474.6,20250300,484.15,20250100,474.6,20250300
2024-10-30 23:00:00,474.3,20250300,483.35,20250100,474.3,20250300
2024-10-31 23:00:00,477.1,20250300,487.5,20250100,477.1,20250300
2024-11-01 23:00:00,475.4,20250300,488.4,20250100,475.4,20250300
2024-11-04 23:00:00,458.25,20250300,468.4,20250100,458.25,20250300
2024-11-05 23:00:00,447.65,20250300,456.75,20250100,447.65,20250300
2024-11-06 23:00:00,448.55,20250300,457.8,20250100,448.55,20250300
2024-11-07 23:00:00,449.55,20250300,460.25,20250100,449.55,20250300
2024-11-08 23:00:00,451.8,20250300,466.65,20250100,451.8,20250300
2024-11-11 23:00:00,458.25,20250300,473.15,20250100,458.25,20250300
2024-11-12 23:00:00,463.75,20250300,478.75,20250100,463.75,20250300
2024-11-13 23:00:00,457.05,20250300,470.7,20250100,457.05,20250300
2024-11-14 23:00:00,469.75,20250300,485.95,20250100,469.75,20250300
2024-11-15 23:00:00,464.4,20250300,480.25,20250100,464.4,20250300
2024-11-18 23:00:00,456.3,20250300,472.8,20250100,456.3,20250300
2024-11-19 23:00:00,461.05,20250300,479.2,20250100,461.05,20250300
2024-11-20 23:00:00,469.0,20250300,494.75,20250100,469.0,20250300
2024-11-21 23:00:00,478.95,20250300,511.2,20250100,478.95,20250300
2024-11-22 23:00:00,479.4,20250300,505.4,20250100,479.4,20250300
2024-11-25 23:00:00,480.2,20250300,513.1,20250100,480.2,20250300
2024-11-26 23:00:00,487.8,20250300,522.05,20250100,487.8,20250300
2024-11-27 23:00:00,486.55,20250300,513.75,20250100,486.55,20250300
2024-11-29 23:00:00,479.6,20250300,500.75,20250100,479.6,20250300
2024-12-02 23:00:00,486.5,20250300,510.7,20250100,486.5,20250300
2024-12-03 23:00:00,473.4,20250500,487.45,20250300,473.4,20250500
2024-12-04 23:00:00,471.2,20250500,484.05,20250300,471.2,20250500
2024-12-05 23:00:00,465.65,20250500,476.75,20250300,465.65,20250500
2024-12-06 23:00:00,474.25,20250500,484.9,20250300,474.25,20250500
2024-12-09 13:00:00,,20250500,485.0,20250300,,20250500
2024-12-09 14:00:00,,20250500,481.55,20250300,,20250500
2024-12-09 15:00:00,,20250500,476.15,20250300,,20250500
2024-12-09 16:00:00,462.1,20250500,472.5,20250300,462.1,20250500
2024-12-09 17:00:00,463.0,20250500,476.3,20250300,463.0,20250500
2024-12-09 18:00:00,466.2,20250500,476.55,20250300,466.2,20250500
2024-12-09 23:00:00,464.9,20250500,475.45,20250300,464.9,20250500
2024-12-10 13:00:00,,20250500,479.6,20250300,,20250500
2024-12-10 14:00:00,468.25,20250500,479.95,20250300,468.25,20250500
2024-12-10 15:00:00,468.25,20250500,479.85,20250300,468.25,20250500
2024-12-10 16:00:00,467.65,20250500,480.35,20250300,467.65,20250500
2024-12-10 17:00:00,467.65,20250500,481.65,20250300,467.65,20250500
2024-12-10 18:00:00,469.2,20250500,482.0,20250300,469.2,20250500
2024-12-10 23:00:00,468.9,20250500,481.1,20250300,468.9,20250500
2024-12-11 13:00:00,,20250500,482.25,20250300,,20250500
2024-12-11 14:00:00,,20250500,485.0,20250300,,20250500
2024-12-11 15:00:00,,20250500,480.85,20250300,,20250500
2024-12-11 16:00:00,470.0,20250500,484.0,20250300,470.0,20250500
2024-12-11 17:00:00,471.05,20250500,485.0,20250300,471.05,20250500
2024-12-11 18:00:00,470.55,20250500,484.25,20250300,470.55,20250500
2024-12-11 23:00:00,471.1,20250500,483.05,20250300,471.1,20250500
2024-12-12 13:00:00,,20250500,485.5,20250300,,20250500
2024-12-12 14:00:00,471.55,20250500,485.6,20250300,471.55,20250500
2024-12-12 15:00:00,472.3,20250500,482.5,20250300,472.3,20250500
2024-12-12 16:00:00,470.8,20250500,484.1,20250300,470.8,20250500
2024-12-12 17:00:00,473.0,20250500,484.5,20250300,473.0,20250500
2024-12-12 18:00:00,473.0,20250500,485.95,20250300,473.0,20250500
2024-12-12 23:00:00,473.05,20250500,484.55,20250300,473.05,20250500
2024-12-13 13:00:00,,20250500,486.55,20250300,,20250500
2024-12-13 14:00:00,,20250500,487.75,20250300,,20250500
2024-12-13 15:00:00,476.05,20250500,488.75,20250300,476.05,20250500
2024-12-13 16:00:00,478.0,20250500,491.0,20250300,478.0,20250500
2024-12-13 17:00:00,478.0,20250500,495.4,20250300,478.0,20250500
2024-12-13 18:00:00,483.7,20250500,495.6,20250300,483.7,20250500
2024-12-13 23:00:00,484.05,20250500,496.35,20250300,484.05,20250500
2024-12-16 13:00:00,486.3,20250500,499.2,20250300,486.3,20250500
2024-12-16 14:00:00,486.25,20250500,499.95,20250300,486.25,20250500
2024-12-16 15:00:00,493.7,20250500,509.6,20250300,493.7,20250500
2024-12-16 16:00:00,499.25,20250500,512.6,20250300,499.25,20250500
2024-12-16 17:00:00,500.0,20250500,514.1,20250300,500.0,20250500
2024-12-16 18:00:00,499.8,20250500,513.9,20250300,499.8,20250500
2024-12-16 23:00:00,501.85,20250500,514.8,20250300,501.85,20250500
2024-12-17 13:00:00,506.5,20250500,523.25,20250300,506.5,20250500
2024-12-17 14:00:00,506.25,20250500,516.95,20250300,506.25,20250500
2024-12-17 15:00:00,507.95,20250500,520.8,20250300,507.95,20250500
2024-12-17 16:00:00,507.95,20250500,516.05,20250300,507.95,20250500
2024-12-17 17:00:00,507.95,20250500,515.0,20250300,507.95,20250500
2024-12-17 18:00:00,501.0,20250500,515.3,20250300,501.0,20250500
2024-12-17 23:00:00,502.65,20250500,515.65,20250300,502.65,20250500
2024-12-18 13:00:00,502.5,20250500,515.55,20250300,502.5,20250500
2024-12-18 14:00:00,503.5,20250500,516.5,20250300,503.5,20250500
2024-12-18 15:00:00,511.75,20250500,524.0,20250300,511.75,20250500
2024-12-18 16:00:00,514.9,20250500,529.7,20250300,514.9,20250500
2024-12-18 17:00:00,514.9,20250500,526.0,20250300,514.9,20250500
2024-12-18 18:00:00,510.0,20250500,523.85,20250300,510.0,20250500
2024-12-18 23:00:00,513.45,20250500,526.6,20250300,513.45,20250500
2024-12-19 13:00:00,515.0,20250500,528.5,20250300,515.0,20250500
2024-12-19 14:00:00,513.5,20250500,528.15,20250300,513.5,20250500
2024-12-19 15:00:00,514.5,20250500,532.1,20250300,514.5,20250500
2024-12-19 16:00:00,516.5,20250500,536.1,20250300,516.5,20250500
2024-12-19 17:00:00,520.0,20250500,540.05,20250300,520.0,20250500
2024-12-19 18:00:00,522.0,20250500,540.5,20250300,522.0,20250500
2024-12-19 23:00:00,521.6,20250500,539.45,20250300,521.6,20250500
2024-12-20 13:00:00,509.05,20250500,525.6,20250300,509.05,20250500
2024-12-20 14:00:00,506.3,20250500,519.45,20250300,506.3,20250500
2024-12-20 15:00:00,501.6,20250500,519.45,20250300,501.6,20250500
2024-12-20 16:00:00,501.6,20250500,519.45,20250300,501.6,20250500
2024-12-20 17:00:00,501.6,20250500,519.45,20250300,501.6,20250500
2024-12-20 18:00:00,501.6,20250500,520.2,20250300,501.6,20250500
2024-12-20 23:00:00,503.8,20250500,519.45,20250300,503.8,20250500
2024-12-23 13:00:00,494.85,20250500,505.8,20250300,494.85,20250500
2024-12-23 14:00:00,492.75,20250500,508.3,20250300,492.75,20250500
2024-12-23 15:00:00,493.25,20250500,508.45,20250300,493.25,20250500
2024-12-23 16:00:00,493.5,20250500,507.75,20250300,493.5,20250500
2024-12-23 17:00:00,486.25,20250500,501.5,20250300,486.25,20250500
2024-12-23 18:00:00,486.35,20250500,502.7,20250300,486.35,20250500
2024-12-23 23:00:00,486.45,20250500,501.2,20250300,486.45,20250500
2024-12-24 13:00:00,482.5,20250500,494.0,20250300,482.5,20250500
2024-12-24 14:00:00,489.05,20250500,500.8,20250300,489.05,20250500
2024-12-24 15:00:00,486.4,20250500,501.5,20250300,486.4,20250500
2024-12-24 16:00:00,486.4,20250500,503.65,20250300,486.4,20250500
2024-12-24 17:00:00,486.4,20250500,506.6,20250300,486.4,20250500
2024-12-24 18:00:00,486.4,20250500,505.7,20250300,486.4,20250500
2024-12-24 23:00:00,490.9,20250500,506.05,20250300,490.9,20250500
2024-12-26 13:00:00,489.7,20250500,503.85,20250300,489.7,20250500
2024-12-26 14:00:00,488.25,20250500,504.7,20250300,488.25,20250500
2024-12-26 15:00:00,484.9,20250500,499.6,20250300,484.9,20250500
2024-12-26 16:00:00,484.05,20250500,498.35,20250300,484.05,20250500
2024-12-26 17:00:00,482.95,20250500,498.0,20250300,482.95,20250500
2024-12-26 18:00:00,483.0,20250500,499.4,20250300,483.0,20250500
2024-12-26 23:00:00,483.5,20250500,498.2,20250300,483.5,20250500
2024-12-27 13:00:00,493.5,20250500,510.4,20250300,493.5,20250500
2024-12-27 14:00:00,493.1,20250500,509.1,20250300,493.1,20250500
2024-12-27 15:00:00,488.9,20250500,504.15,20250300,488.9,20250500
2024-12-27 16:00:00,487.8,20250500,504.5,20250300,487.8,20250500
2024-12-27 17:00:00,489.0,20250500,503.15,20250300,489.0,20250500
2024-12-27 18:00:00,488.5,20250500,504.75,20250300,488.5,20250500
2024-12-27 23:00:00,490.75,20250500,505.5,20250300,490.75,20250500
2024-12-30 13:00:00,489.1,20250500,503.0,20250300,489.1,20250500
2024-12-30 14:00:00,484.5,20250500,499.45,20250300,484.5,20250500
2024-12-30 15:00:00,479.0,20250500,493.95,20250300,479.0,20250500
2024-12-30 16:00:00,477.5,20250500,492.9,20250300,477.5,20250500
2024-12-30 17:00:00,479.5,20250500,496.7,20250300,479.5,20250500
2024-12-30 18:00:00,479.0,20250500,492.45,20250300,479.0,20250500
2024-12-30 23:00:00,476.05,20250500,492.7,20250300,476.05,20250500
2024-12-31 13:00:00,479.85,20250500,497.2,20250300,479.85,20250500
2024-12-31 14:00:00,472.75,20250500,490.45,20250300,472.75,20250500
2024-12-31 15:00:00,472.7,20250500,490.95,20250300,472.7,20250500
2024-12-31 16:00:00,472.9,20250500,490.05,20250300,472.9,20250500
2024-12-31 17:00:00,474.05,20250500,488.8,20250300,474.05,20250500
2024-12-31 18:00:00,475.55,20250500,492.65,20250300,475.55,20250500
2024-12-31 23:00:00,473.95,20250500,490.45,20250300,473.95,20250500
2025-01-02 13:00:00,476.0,20250500,493.6,20250300,476.0,20250500
2025-01-02 14:00:00,478.15,20250500,496.2,20250300,478.15,20250500
2025-01-02 15:00:00,475.15,20250500,493.0,20250300,475.15,20250500
2025-01-02 16:00:00,472.25,20250500,495.55,20250300,472.25,20250500
2025-01-02 17:00:00,478.95,20250500,495.05,20250300,478.95,20250500
2025-01-02 18:00:00,476.1,20250500,495.65,20250300,476.1,20250500
2025-01-02 23:00:00,476.3,20250500,492.1,20250300,476.3,20250500
2025-01-03 13:00:00,477.75,20250500,495.95,20250300,477.75,20250500
2025-01-03 14:00:00,477.75,20250500,495.3,20250300,477.75,20250500
2025-01-03 15:00:00,479.15,20250500,497.35,20250300,479.15,20250500
2025-01-03 16:00:00,479.1,20250500,497.6,20250300,479.1,20250500
2025-01-03 17:00:00,479.25,20250500,498.2,20250300,479.25,20250500
2025-01-03 18:00:00,479.25,20250500,499.05,20250300,479.25,20250500
2025-01-03 23:00:00,479.85,20250500,498.9,20250300,479.85,20250500
2025-01-06 13:00:00,483.1,20250500,502.85,20250300,483.1,20250500
2025-01-06 14:00:00,483.95,20250500,505.85,20250300,483.95,20250500
2025-01-06 15:00:00,484.75,20250500,506.3,20250300,484.75,20250500
2025-01-06 16:00:00,484.75,20250500,505.7,20250300,484.75,20250500
2025-01-06 17:00:00,484.8,20250500,506.05,20250300,484.8,20250500
2025-01-06 18:00:00,484.15,20250500,506.4,20250300,484.15,20250500
2025-01-06 23:00:00,484.15,20250500,506.4,20250300,484.15,20250500
2025-01-07 13:00:00,480.0,20250500,494.75,20250300,480.0,20250500
2025-01-07 14:00:00,479.9,20250500,499.55,20250300,479.9,20250500
2025-01-07 15:00:00,479.35,20250500,498.1,20250300,479.35,20250500
2025-01-07 16:00:00,478.0,20250500,499.0,20250300,478.0,20250500
2025-01-07 17:00:00,479.85,20250500,497.75,20250300,479.85,20250500
2025-01-07 18:00:00,481.0,20250500,501.1,20250300,481.0,20250500
2025-01-07 23:00:00,480.0,20250500,499.3,20250300,480.0,20250500
2025-01-08 13:00:00,489.75,20250500,511.3,20250300,489.75,20250500
2025-01-08 14:00:00,493.65,20250500,515.05,20250300,493.65,20250500
2025-01-08 15:00:00,495.0,20250500,519.15,20250300,495.0,20250500
2025-01-08 16:00:00,494.15,20250500,517.75,20250300,494.15,20250500
2025-01-08 17:00:00,494.05,20250500,517.5,20250300,494.05,20250500
2025-01-08 18:00:00,490.85,20250500,513.45,20250300,490.85,20250500
2025-01-08 23:00:00,493.05,20250500,514.65,20250300,493.05,20250500
2025-01-09 13:00:00,493.0,20250500,509.6,20250300,493.0,20250500
2025-01-09 14:00:00,491.0,20250500,508.05,20250300,491.0,20250500
2025-01-09 15:00:00,480.0,20250500,496.7,20250300,480.0,20250500
2025-01-09 16:00:00,478.8,20250500,497.45,20250300,478.8,20250500
2025-01-09 17:00:00,478.5,20250500,495.5,20250300,478.5,20250500
2025-01-09 18:00:00,473.6,20250500,494.7,20250300,473.6,20250500
2025-01-09 23:00:00,477.7,20250500,494.7,20250300,477.7,20250500
2025-01-10 13:00:00,477.0,20250500,496.45,20250300,477.0,20250500
2025-01-10 14:00:00,469.8,20250500,485.85,20250300,469.8,20250500
2025-01-10 15:00:00,470.5,20250500,485.25,20250300,470.5,20250500
2025-01-10 16:00:00,468.3,20250500,482.85,20250300,468.3,20250500
2025-01-10 17:00:00,468.75,20250500,483.15,20250300,468.75,20250500
2025-01-10 18:00:00,470.0,20250500,486.55,20250300,470.0,20250500
2025-01-10 23:00:00,469.25,20250500,483.45,20250300,469.25,20250500
2025-01-13 13:00:00,464.85,20250500,479.45,20250300,464.85,20250500
2025-01-13 14:00:00,463.05,20250500,476.55,20250300,463.05,20250500
2025-01-13 15:00:00,464.05,20250500,481.1,20250300,464.05,20250500
2025-01-13 16:00:00,466.55,20250500,478.5,20250300,466.55,20250500
2025-01-13 17:00:00,465.0,20250500,478.0,20250300,465.0,20250500
2025-01-13 18:00:00,466.4,20250500,481.35,20250300,466.4,20250500
2025-01-13 23:00:00,466.3,20250500,479.65,20250300,466.3,20250500
2025-01-14 13:00:00,464.35,20250500,479.7,20250300,464.35,20250500
2025-01-14 14:00:00,468.25,20250500,479.45,20250300,468.25,20250500
2025-01-14 15:00:00,464.25,20250500,477.85,20250300,464.25,20250500
2025-01-14 16:00:00,464.1,20250500,477.7,20250300,464.1,20250500
2025-01-14 17:00:00,464.1,20250500,477.3,20250300,464.1,20250500
2025-01-14 18:00:00,466.1,20250500,479.05,20250300,466.1,20250500
2025-01-14 23:00:00,467.15,20250500,480.3,20250300,467.15,20250500
2025-01-15 13:00:00,467.9,20250500,479.75,20250300,467.9,20250500
2025-01-15 14:00:00,467.55,20250500,481.15,20250300,467.55,20250500
2025-01-15 15:00:00,467.45,20250500,481.05,20250300,467.45,20250500
2025-01-15 16:00:00,468.5,20250500,481.45,20250300,468.5,20250500
2025-01-15 17:00:00,468.5,20250500,482.3,20250300,468.5,20250500
2025-01-15 18:00:00,467.05,20250500,480.7,20250300,467.05,20250500
2025-01-15 23:00:00,467.45,20250500,481.2,20250300,467.45,20250500
2025-01-16 13:00:00,449.2,20250500,461.85,20250300,449.2,20250500
2025-01-16 14:00:00,451.15,20250500,465.15,20250300,451.15,20250500
2025-01-16 15:00:00,451.75,20250500,465.2,20250300,451.75,20250500
2025-01-16 16:00:00,451.3,20250500,464.75,20250300,451.3,20250500
2025-01-16 17:00:00,453.0,20250500,464.85,20250300,453.0,20250500
2025-01-16 18:00:00,454.75,20250500,466.45,20250300,454.75,20250500
2025-01-16 23:00:00,453.2,20250500,465.05,20250300,453.2,20250500
2025-01-17 13:00:00,454.45,20250500,467.3,20250300,454.45,20250500
2025-01-17 14:00:00,452.4,20250500,466.6,20250300,452.4,20250500
2025-01-17 15:00:00,462.4,20250500,475.9,20250300,462.4,20250500
2025-01-17 16:00:00,465.45,20250500,481.2,20250300,465.45,20250500
2025-01-17 17:00:00,466.65,20250500,482.5,20250300,466.65,20250500
2025-01-17 18:00:00,466.35,20250500,481.1,20250300,466.35,20250500
2025-01-17 23:00:00,464.75,20250500,479.3,20250300,464.75,20250500
2025-01-21 13:00:00,470.0,20250500,489.2,20250300,470.0,20250500
2025-01-21 14:00:00,465.65,20250500,483.05,20250300,465.65,20250500
2025-01-21 15:00:00,468.0,20250500,487.5,20250300,468.0,20250500
2025-01-21 16:00:00,470.1,20250500,488.0,20250300,470.1,20250500
2025-01-21 17:00:00,468.0,20250500,487.25,20250300,468.0,20250500
2025-01-21 18:00:00,466.05,20250500,481.3,20250300,466.05,20250500
2025-01-21 23:00:00,466.3,20250500,482.1,20250300,466.3,20250500
2025-01-22 13:00:00,464.0,20250500,479.2,20250300,464.0,20250500
2025-01-22 14:00:00,465.0,20250500,481.2,20250300,465.0,20250500
2025-01-22 15:00:00,467.1,20250500,484.15,20250300,467.1,20250500
2025-01-22 16:00:00,467.1,20250500,482.0,20250300,467.1,20250500
2025-01-22 17:00:00,466.85,20250500,484.05,20250300,466.85,20250500
2025-01-22 18:00:00,468.3,20250500,484.0,20250300,468.3,20250500
2025-01-22 23:00:00,468.05,20250500,484.3,20250300,468.05,20250500
2025-01-23 13:00:00,470.0,20250500,487.5,20250300,470.0,20250500
2025-01-23 14:00:00,470.25,20250500,488.7,20250300,470.25,20250500
2025-01-23 15:00:00,473.5,20250500,494.35,20250300,473.5,20250500
2025-01-23 16:00:00,477.3,20250500,500.65,20250300,477.3,20250500
2025-01-23 17:00:00,477.15,20250500,497.7,20250300,477.15,20250500
2025-01-23 18:00:00,475.5,20250500,494.5,20250300,475.5,20250500
2025-01-23 23:00:00,476.9,20250500,496.1,20250300,476.9,20250500
2025-01-24 13:00:00,477.5,20250500,493.6,20250300,477.5,20250500
2025-01-24 14:00:00,469.15,20250500,487.3,20250300,469.15,20250500
2025-01-24 15:00:00,463.2,20250500,476.8,20250300,463.2,20250500
2025-01-24 16:00:00,461.75,20250500,476.1,20250300,461.75,20250500
2025-01-24 17:00:00,462.0,20250500,476.1,20250300,462.0,20250500
2025-01-24 18:00:00,461.2,20250500,476.1,20250300,461.2,20250500
2025-01-24 23:00:00,461.4,20250500,476.1,20250300,461.4,20250500
2025-01-27 13:00:00,456.15,20250500,468.75,20250300,456.15,20250500
2025-01-27 14:00:00,455.3,20250500,467.05,20250300,455.3,20250500
2025-01-27 15:00:00,461.15,20250500,474.4,20250300,461.15,20250500
2025-01-27 16:00:00,462.7,20250500,477.05,20250300,462.7,20250500
2025-01-27 17:00:00,464.85,20250500,480.95,20250300,464.85,20250500
2025-01-27 18:00:00,465.15,20250500,480.75,20250300,465.15,20250500
2025-01-27 23:00:00,465.75,20250500,481.9,20250300,465.75,20250500
2025-01-28 13:00:00,458.35,20250500,472.35,20250300,458.35,20250500
2025-01-28 14:00:00,459.3,20250500,472.1,20250300,459.3,20250500
2025-01-28 15:00:00,457.0,20250500,468.95,20250300,457.0,20250500
2025-01-28 16:00:00,456.55,20250500,468.4,20250300,456.55,20250500
2025-01-28 17:00:00,458.85,20250500,471.1,20250300,458.85,20250500
2025-01-28 18:00:00,459.5,20250500,472.3,20250300,459.5,20250500
2025-01-28 23:00:00,461.1,20250500,473.15,20250300,461.1,20250500
2025-01-29 13:00:00,459.55,20250500,471.75,20250300,459.55,20250500
2025-01-29 14:00:00,451.95,20250700,461.55,20250500,451.95,20250700
2025-01-29 15:00:00,463.35,20250700,472.65,20250500,463.35,20250700
2025-01-29 16:00:00,459.6,20250700,469.25,20250500,459.6,20250700
2025-01-29 17:00:00,453.65,20250700,464.1,20250500,453.65,20250700
2025-01-29 18:00:00,454.05,20250700,465.45,20250500,454.05,20250700
2025-01-29 23:00:00,454.7,20250700,464.35,20250500,454.7,20250700
2025-01-30 13:00:00,456.2,20250700,464.9,20250500,456.2,20250700
2025-01-30 14:00:00,455.4,20250700,463.2,20250500,455.4,20250700
2025-01-30 15:00:00,455.0,20250700,462.65,20250500,455.0,20250700
2025-01-30 16:00:00,454.75,20250700,463.6,20250500,454.75,20250700
2025-01-30 17:00:00,453.0,20250700,462.0,20250500,453.0,20250700
2025-01-30 18:00:00,458.35,20250700,468.05,20250500,458.35,20250700
2025-01-30 23:00:00,458.05,20250700,467.2,20250500,458.05,20250700
2025-01-31 13:00:00,,20250700,466.25,20250500,,20250700
2025-01-31 14:00:00,454.25,20250700,464.45,20250500,454.25,20250700
2025-01-31 15:00:00,454.9,20250700,460.75,20250500,454.9,20250700
2025-01-31 16:00:00,451.4,20250700,462.25,20250500,451.4,20250700
2025-01-31 17:00:00,451.4,20250700,462.6,20250500,451.4,20250700
2025-01-31 18:00:00,454.25,20250700,463.5,20250500,454.25,20250700
2025-01-31 23:00:00,457.45,20250700,466.15,20250500,457.45,20250700
2025-02-03 13:00:00,444.0,20250700,451.9,20250500,444.0,20250700
2025-02-03 14:00:00,444.0,20250700,451.05,20250500,444.0,20250700
2025-02-03 15:00:00,446.25,20250700,452.8,20250500,446.25,20250700
2025-02-03 16:00:00,445.0,20250700,454.7,20250500,445.0,20250700
2025-02-03 17:00:00,445.0,20250700,451.5,20250500,445.0,20250700
2025-02-03 18:00:00,443.0,20250700,450.45,20250500,443.0,20250700
2025-02-03 23:00:00,444.15,20250700,451.15,20250500,444.15,20250700
2025-02-04 13:00:00,439.0,20250700,445.5,20250500,439.0,20250700
2025-02-04 14:00:00,438.7,20250700,445.6,20250500,438.7,20250700
2025-02-04 15:00:00,439.4,20250700,448.0,20250500,439.4,20250700
2025-02-04 16:00:00,440.25,20250700,446.45,20250500,440.25,20250700
2025-02-04 17:00:00,439.0,20250700,445.8,20250500,439.0,20250700
2025-02-04 18:00:00,440.0,20250700,444.7,20250500,440.0,20250700
2025-02-04 23:00:00,439.6,20250700,446.3,20250500,439.6,20250700
2025-02-05 13:00:00,436.0,20250700,443.5,20250500,436.0,20250700
2025-02-05 14:00:00,438.5,20250700,444.7,20250500,438.5,20250700
2025-02-05 15:00:00,434.25,20250700,439.4,20250500,434.25,20250700
2025-02-05 16:00:00,434.5,20250700,441.6,20250500,434.5,20250700
2025-02-05 17:00:00,435.0,20250700,440.5,20250500,435.0,20250700
2025-02-05 18:00:00,434.75,20250700,440.15,20250500,434.75,20250700
2025-02-05 23:00:00,435.3,20250700,440.3,20250500,435.3,20250700
2025-02-06 13:00:00,433.85,20250700,439.1,20250500,433.85,20250700
2025-02-06 14:00:00,433.9,20250700,439.65,20250500,433.9,20250700
2025-02-06 15:00:00,433.0,20250700,440.2,20250500,433.0,20250700
2025-02-06 16:00:00,434.75,20250700,441.0,20250500,434.75,20250700
2025-02-06 17:00:00,433.85,20250700,438.95,20250500,433.85,20250700
2025-02-06 18:00:00,432.7,20250700,435.7,20250500,432.7,20250700
2025-02-06 23:00:00,431.5,20250700,435.6,20250500,431.5,20250700
2025-02-07 13:00:00,430.1,20250700,434.0,20250500,430.1,20250700
2025-02-07 14:00:00,428.0,20250700,432.45,20250500,428.0,20250700
2025-02-07 15:00:00,423.25,20250700,426.0,20250500,423.25,20250700
2025-02-07 16:00:00,420.8,20250700,423.7,20250500,420.8,20250700
2025-02-07 17:00:00,418.0,20250700,421.55,20250500,418.0,20250700
2025-02-07 18:00:00,419.05,20250700,420.9,20250500,419.05,20250700
2025-02-07 23:00:00,419.7,20250700,421.9,20250500,419.7,20250700
2025-02-10 13:00:00,414.0,20250700,416.4,20250500,414.0,20250700
2025-02-10 14:00:00,407.25,20250700,410.25,20250500,407.25,20250700
2025-02-10 15:00:00,405.5,20250700,408.5,20250500,405.5,20250700
2025-02-10 16:00:00,404.55,20250700,406.4,20250500,404.55,20250700
2025-02-10 17:00:00,399.8,20250700,401.9,20250500,399.8,20250700
2025-02-10 18:00:00,402.05,20250700,402.05,20250500,402.05,20250700
2025-02-10 23:00:00,401.7,20250700,402.8,20250500,401.7,20250700
2025-02-11 13:00:00,395.5,20250700,398.15,20250500,395.5,20250700
2025-02-11 14:00:00,396.0,20250700,397.55,20250500,396.0,20250700
2025-02-11 15:00:00,390.3,20250700,390.15,20250500,390.3,20250700
2025-02-11 16:00:00,390.0,20250700,391.15,20250500,390.0,20250700
2025-02-11 17:00:00,390.8,20250700,389.65,20250500,390.8,20250700
2025-02-11 18:00:00,389.25,20250700,390.95,20250500,389.25,20250700
2025-02-11 23:00:00,389.55,20250700,389.85,20250500,389.55,20250700
2025-02-12 13:00:00,397.85,20250700,396.75,20250500,397.85,20250700
2025-02-12 14:00:00,392.6,20250700,391.9,20250500,392.6,20250700
2025-02-12 15:00:00,380.0,20250700,379.6,20250500,380.0,20250700
2025-02-12 16:00:00,378.1,20250700,377.95,20250500,378.1,20250700
2025-02-12 17:00:00,380.75,20250700,380.75,20250500,380.75,20250700
2025-02-12 18:00:00,378.45,20250700,377.55,20250500,378.45,20250700
2025-02-12 23:00:00,374.6,20250700,374.3,20250500,374.6,20250700
2025-02-13 13:00:00,379.0,20250700,376.5,20250500,379.0,20250700
2025-02-13 14:00:00,361.45,20250700,361.45,20250500,361.45,20250700
2025-02-13 15:00:00,357.0,20250700,356.5,20250500,357.0,20250700
2025-02-13 16:00:00,354.6,20250700,354.3,20250500,354.6,20250700
2025-02-13 17:00:00,354.6,20250700,354.3,20250500,354.6,20250700
2025-02-13 18:00:00,354.6,20250700,354.3,20250500,354.6,20250700
2025-02-13 23:00:00,354.6,20250700,354.3,20250500,354.6,20250700
2025-02-14 13:00:00,342.75,20250700,342.65,20250500,342.75,20250700
2025-02-14 14:00:00,333.45,20250700,333.0,20250500,333.45,20250700
2025-02-14 15:00:00,329.0,20250700,328.2,20250500,329.0,20250700
2025-02-14 16:00:00,327.6,20250700,326.5,20250500,327.6,20250700
2025-02-14 17:00:00,331.4,20250700,333.25,20250500,331.4,20250700
2025-02-14 18:00:00,340.25,20250700,342.2,20250500,340.25,20250700
2025-02-14 23:00:00,339.3,20250700,338.6,20250500,339.3,20250700
2025-02-18 13:00:00,353.45,20250700,350.7,20250500,353.45,20250700
2025-02-18 14:00:00,348.0,20250700,348.6,20250500,348.0,20250700
2025-02-18 15:00:00,348.0,20250700,352.2,20250500,348.0,20250700
2025-02-18 16:00:00,343.5,20250700,344.15,20250500,343.5,20250700
2025-02-18 17:00:00,341.85,20250700,347.45,20250500,341.85,20250700
2025-02-18 18:00:00,340.0,20250700,341.5,20250500,340.0,20250700
2025-02-18 23:00:00,341.8,20250700,343.3,20250500,341.8,20250700
2025-02-19 13:00:00,331.75,20250700,335.1,20250500,331.75,20250700
2025-02-19 14:00:00,325.75,20250700,328.65,20250500,325.75,20250700
2025-02-19 15:00:00,350.0,20250700,353.95,20250500,350.0,20250700
2025-02-19 16:00:00,347.2,20250700,347.9,20250500,347.2,20250700
2025-02-19 17:00:00,346.95,20250700,346.05,20250500,346.95,20250700
2025-02-19 18:00:00,329.05,20250700,329.3,20250500,329.05,20250700
2025-02-19 23:00:00,330.15,20250700,331.8,20250500,330.15,20250700
2025-02-20 13:00:00,331.5,20250700,333.3,20250500,331.5,20250700
2025-02-20 14:00:00,334.05,20250700,336.75,20250500,334.05,20250700
2025-02-20 15:00:00,334.05,20250700,331.9,20250500,334.05,20250700
2025-02-20 16:00:00,324.5,20250700,327.05,20250500,324.5,20250700
2025-02-20 17:00:00,331.15,20250700,333.85,20250500,331.15,20250700
2025-02-20 18:00:00,313.0,20250700,313.55,20250500,313.0,20250700
2025-02-20 23:00:00,316.2,20250700,318.15,20250500,316.2,20250700
2025-02-21 13:00:00,314.7,20250700,317.9,20250500,314.7,20250700
2025-02-21 14:00:00,315.55,20250700,320.0,20250500,315.55,20250700
2025-02-21 15:00:00,310.75,20250700,312.6,20250500,310.75,20250700
2025-02-21 16:00:00,313.7,20250700,314.5,20250500,313.7,20250700
2025-02-21 17:00:00,308.35,20250700,310.1,20250500,308.35,20250700
2025-02-21 18:00:00,307.3,20250700,308.25,20250500,307.3,20250700
2025-02-21 23:00:00,307.95,20250700,309.5,20250500,307.95,20250700
2025-02-24 13:00:00,318.25,20250700,318.25,20250500,318.25,20250700
2025-02-24 14:00:00,311.6,20250700,316.1,20250500,311.6,20250700
2025-02-24 15:00:00,324.85,20250700,325.75,20250500,324.85,20250700
2025-02-24 16:00:00,320.05,20250700,321.55,20250500,320.05,20250700
2025-02-24 17:00:00,313.5,20250700,315.75,20250500,313.5,20250700
2025-02-24 18:00:00,308.25,20250700,309.2,20250500,308.25,20250700
2025-02-24 23:00:00,308.8,20250700,310.25,20250500,308.8,20250700
2025-02-25 13:00:00,303.4,20250700,305.0,20250500,303.4,20250700
2025-02-25 14:00:00,302.5,20250700,303.85,20250500,302.5,20250700
2025-02-25 15:00:00,294.9,20250700,296.45,20250500,294.9,20250700
2025-02-25 16:00:00,298.1,20250700,306.95,20250500,298.1,20250700
2025-02-25 17:00:00,297.1,20250700,298.45,20250500,297.1,20250700
2025-02-25 18:00:00,293.35,20250700,292.5,20250500,293.35,20250700
2025-02-25 23:00:00,292.65,20250700,294.7,20250500,292.65,20250700
2025-02-26 13:00:00,303.85,20250700,305.2,20250500,303.85,20250700
2025-02-26 14:00:00,303.15,20250700,306.85,20250500,303.15,20250700
2025-02-26 15:00:00,307.2,20250700,309.7,20250500,307.2,20250700
2025-02-26 16:00:00,307.5,20250700,309.7,20250500,307.5,20250700
2025-02-26 17:00:00,307.65,20250700,309.7,20250500,307.65,20250700
2025-02-26 18:00:00,298.65,20250700,298.4,20250500,298.65,20250700
2025-02-26 23:00:00,297.65,20250700,299.65,20250500,297.65,20250700
2025-02-27 13:00:00,289.0,20250700,290.9,20250500,289.0,20250700
2025-02-27 14:00:00,294.75,20250700,292.7,20250500,294.75,20250700
2025-02-27 15:00:00,292.0,20250700,298.0,20250500,292.0,20250700
2025-02-27 16:00:00,292.0,20250700,294.85,20250500,292.0,20250700
2025-02-27 17:00:00,292.95,20250700,294.8,20250500,292.95,20250700
2025-02-27 18:00:00,295.05,20250700,296.8,20250500,295.05,20250700
2025-02-27 23:00:00,293.45,20250700,294.8,20250500,293.45,20250700
2025-02-28 13:00:00,300.0,20250700,301.65,20250500,300.0,20250700
2025-02-28 14:00:00,300.2,20250700,301.4,20250500,300.2,20250700
2025-02-28 15:00:00,303.85,20250700,302.45,20250500,303.85,20250700
2025-02-28 16:00:00,301.5,20250700,301.2,20250500,301.5,20250700
2025-02-28 17:00:00,299.1,20250700,300.5,20250500,299.1,20250700
2025-02-28 18:00:00,299.4,20250700,301.15,20250500,299.4,20250700
2025-02-28 23:00:00,300.35,20250700,301.2,20250500,300.35,20250700
2025-03-03 13:00:00,305.85,20250700,306.65,20250500,305.85,20250700
2025-03-03 14:00:00,308.8,20250700,306.75,20250500,308.8,20250700
2025-03-03 15:00:00,309.5,20250700,311.65,20250500,309.5,20250700
2025-03-03 16:00:00,310.25,20250700,312.4,20250500,310.25,20250700
2025-03-03 17:00:00,315.8,20250700,319.65,20250500,315.8,20250700
2025-03-03 18:00:00,310.05,20250700,307.4,20250500,310.05,20250700
2025-03-03 23:00:00,305.85,20250700,306.65,20250500,305.85,20250700
2025-03-04 13:00:00,298.15,20250700,301.65,20250500,298.15,20250700
2025-03-04 14:00:00,295.45,20250700,297.2,20250500,295.45,20250700
2025-03-04 15:00:00,295.45,20250700,295.3,20250500,295.45,20250700
2025-03-04 16:00:00,295.1,20250700,296.2,20250500,295.1,20250700
2025-03-04 17:00:00,297.0,20250700,297.3,20250500,297.0,20250700
2025-03-04 18:00:00,296.75,20250700,298.55,20250500,296.75,20250700
2025-03-04 23:00:00,298.6,20250700,299.6,20250500,298.6,20250700
2025-03-05 13:00:00,300.0,20250700,303.1,20250500,300.0,20250700
2025-03-05 14:00:00,306.95,20250700,308.7,20250500,306.95,20250700
2025-03-05 15:00:00,306.45,20250700,308.5,20250500,306.45,20250700
2025-03-05 16:00:00,308.45,20250700,312.75,20250500,308.45,20250700
2025-03-05 17:00:00,311.75,20250700,313.95,20250500,311.75,20250700
2025-03-05 18:00:00,310.0,20250700,313.45,20250500,310.0,20250700
2025-03-05 23:00:00,307.35,20250700,309.35,20250500,307.35,20250700
2025-03-06 13:00:00,300.2,20250700,301.5,20250500,300.2,20250700
2025-03-06 14:00:00,297.2,20250700,298.25,20250500,297.2,20250700
2025-03-06 15:00:00,294.3,20250700,295.65,20250500,294.3,20250700
2025-03-06 16:00:00,292.95,20250700,293.9,20250500,292.95,20250700
2025-03-06 17:00:00,291.75,20250700,293.85,20250500,291.75,20250700
2025-03-06 18:00:00,290.25,20250700,291.8,20250500,290.25,20250700
2025-03-06 23:00:00,294.3,20250700,295.65,20250500,294.3,20250700
2025-03-07 13:00:00,289.9,20250700,291.15,20250500,289.9,20250700
2025-03-07 14:00:00,294.75,20250700,296.8,20250500,294.75,20250700
2025-03-07 15:00:00,296.05,20250700,294.55,20250500,296.05,20250700
2025-03-07 16:00:00,293.25,20250700,297.0,20250500,293.25,20250700
2025-03-07 17:00:00,294.3,20250700,296.3,20250500,294.3,20250700
2025-03-07 18:00:00,294.05,20250700,295.7,20250500,294.05,20250700
2025-03-07 23:00:00,296.95,20250700,298.4,20250500,296.95,20250700
2025-03-10 12:00:00,290.05,20250700,294.05,20250500,290.05,20250700
2025-03-10 13:00:00,288.1,20250700,290.1,20250500,288.1,20250700
2025-03-10 14:00:00,287.0,20250700,288.55,20250500,287.0,20250700
2025-03-10 15:00:00,282.25,20250700,283.4,20250500,282.25,20250700
2025-03-10 16:00:00,282.25,20250700,283.4,20250500,282.25,20250700
2025-03-10 17:00:00,282.6,20250700,283.4,20250500,282.6,20250700
2025-03-10 23:00:00,282.25,20250700,283.4,20250500,282.25,20250700
2025-03-11 12:00:00,265.45,20250700,267.0,20250500,265.45,20250700
2025-03-11 13:00:00,265.15,20250700,265.4,20250500,265.15,20250700
2025-03-11 14:00:00,263.1,20250700,264.55,20250500,263.1,20250700
2025-03-11 15:00:00,263.45,20250700,263.95,20250500,263.45,20250700
2025-03-11 16:00:00,270.8,20250700,271.75,20250500,270.8,20250700
2025-03-11 17:00:00,278.6,20250700,278.95,20250500,278.6,20250700
2025-03-11 23:00:00,278.1,20250700,278.5,20250500,278.1,20250700
2025-03-12 12:00:00,281.85,20250700,287.0,20250500,281.85,20250700
2025-03-12 13:00:00,286.0,20250700,287.4,20250500,286.0,20250700
2025-03-12 14:00:00,281.55,20250700,283.7,20250500,281.55,20250700
2025-03-12 15:00:00,281.2,20250700,285.7,20250500,281.2,20250700
2025-03-12 16:00:00,284.35,20250700,281.55,20250500,284.35,20250700
2025-03-12 17:00:00,272.3,20250700,270.25,20250500,272.3,20250700
2025-03-12 23:00:00,274.45,20250700,276.45,20250500,274.45,20250700
2025-03-13 12:00:00,267.65,20250700,271.1,20250500,267.65,20250700
2025-03-13 13:00:00,271.3,20250700,273.25,20250500,271.3,20250700
2025-03-13 14:00:00,274.75,20250700,279.85,20250500,274.75,20250700
2025-03-13 15:00:00,264.7,20250700,264.7,20250500,264.7,20250700
2025-03-13 16:00:00,264.9,20250700,265.55,20250500,264.9,20250700
2025-03-13 17:00:00,262.1,20250700,263.1,20250500,262.1,20250700
2025-03-13 23:00:00,262.7,20250700,264.0,20250500,262.7,20250700
2025-03-14 12:00:00,261.65,20250700,262.7,20250500,261.65,20250700
2025-03-14 13:00:00,257.7,20250700,258.6,20250500,257.7,20250700
2025-03-14 14:00:00,258.75,20250700,259.35,20250500,258.75,20250700
2025-03-14 15:00:00,259.2,20250700,260.5,20250500,259.2,20250700
2025-03-14 16:00:00,259.25,20250700,260.3,20250500,259.25,20250700
2025-03-14 17:00:00,259.2,20250700,259.25,20250500,259.2,20250700
2025-03-14 23:00:00,258.5,20250700,259.35,20250500,258.5,20250700
2025-03-17 12:00:00,258.35,20250700,258.85,20250500,258.35,20250700
2025-03-17 13:00:00,259.55,20250700,260.3,20250500,259.55,20250700
2025-03-17 14:00:00,257.45,20250700,258.7,20250500,257.45,20250700
2025-03-17 15:00:00,259.6,20250700,261.5,20250500,259.6,20250700
2025-03-17 16:00:00,259.2,20250700,260.15,20250500,259.2,20250700
2025-03-17 17:00:00,258.7,20250700,258.1,20250500,258.7,20250700
2025-03-17 23:00:00,259.2,20250700,260.15,20250500,259.2,20250700
2025-03-18 12:00:00,252.0,20250700,254.15,20250500,252.0,20250700
2025-03-18 13:00:00,249.3,20250700,251.7,20250500,249.3,20250700
2025-03-18 14:00:00,246.65,20250700,248.0,20250500,246.65,20250700
2025-03-18 15:00:00,243.65,20250700,244.55,20250500,243.65,20250700
2025-03-18 16:00:00,242.9,20250700,243.9,20250500,242.9,20250700
2025-03-18 17:00:00,242.9,20250700,243.9,20250500,242.9,20250700
2025-03-18 23:00:00,242.9,20250700,243.9,20250500,242.9,20250700
2025-03-19 12:00:00,245.65,20250700,247.0,20250500,245.65,20250700
2025-03-19 13:00:00,243.9,20250700,247.0,20250500,243.9,20250700
2025-03-19 14:00:00,247.4,20250700,249.45,20250500,247.4,20250700
2025-03-19 15:00:00,255.55,20250700,259.5,20250500,255.55,20250700
2025-03-19 16:00:00,258.8,20250700,263.1,20250500,258.8,20250700
2025-03-19 17:00:00,260.6,20250700,263.05,20250500,260.6,20250700
2025-03-19 23:00:00,260.6,20250700,263.05,20250500,260.6,20250700
2025-03-20 12:00:00,264.8,20250700,270.5,20250500,264.8,20250700
2025-03-20 13:00:00,259.5,20250700,262.3,20250500,259.5,20250700
2025-03-20 14:00:00,258.6,20250700,263.25,20250500,258.6,20250700
2025-03-20 15:00:00,260.5,20250700,264.4,20250500,260.5,20250700
2025-03-20 16:00:00,264.25,20250700,270.6,20250500,264.25,20250700
2025-03-20 17:00:00,266.65,20250700,271.05,20250500,266.65,20250700
2025-03-20 23:00:00,266.4,20250700,272.55,20250500,266.4,20250700
2025-03-21 12:00:00,258.5,20250700,265.4,20250500,258.5,20250700
2025-03-21 13:00:00,260.95,20250700,267.0,20250500,260.95,20250700
2025-03-21 14:00:00,263.75,20250700,271.0,20250500,263.75,20250700
2025-03-21 15:00:00,262.85,20250700,268.5,20250500,262.85,20250700
2025-03-21 16:00:00,264.3,20250700,271.7,20250500,264.3,20250700
2025-03-21 17:00:00,270.0,20250700,272.55,20250500,270.0,20250700
2025-03-21 23:00:00,268.6,20250700,276.15,20250500,268.6,20250700
2025-03-24 12:00:00,266.5,20250700,271.25,20250500,266.5,20250700
2025-03-24 13:00:00,262.85,20250700,266.2,20250500,262.85,20250700
2025-03-24 14:00:00,265.0,20250700,268.7,20250500,265.0,20250700
2025-03-24 15:00:00,266.95,20250700,270.45,20250500,266.95,20250700
2025-03-24 16:00:00,265.05,20250700,270.55,20250500,265.05,20250700
2025-03-24 17:00:00,262.55,20250700,271.75,20250500,262.55,20250700
2025-03-24 23:00:00,263.85,20250700,268.55,20250500,263.85,20250700
2025-03-25 12:00:00,262.3,20250700,266.0,20250500,262.3,20250700
2025-03-25 13:00:00,260.05,20250700,265.45,20250500,260.05,20250700
2025-03-25 14:00:00,261.0,20250700,265.4,20250500,261.0,20250700
2025-03-25 15:00:00,263.6,20250700,268.05,20250500,263.6,20250700
2025-03-25 16:00:00,259.0,20250700,263.15,20250500,259.0,20250700
2025-03-25 17:00:00,269.0,20250700,272.15,20250500,269.0,20250700
2025-03-25 23:00:00,260.35,20250700,264.85,20250500,260.35,20250700
2025-03-26 12:00:00,264.15,20250700,269.7,20250500,264.15,20250700
2025-03-26 13:00:00,261.5,20250700,266.45,20250500,261.5,20250700
2025-03-26 14:00:00,262.0,20250700,265.45,20250500,262.0,20250700
2025-03-26 15:00:00,257.3,20250700,262.1,20250500,257.3,20250700
2025-03-26 16:00:00,259.95,20250700,262.0,20250500,259.95,20250700
2025-03-26 17:00:00,257.1,20250700,259.95,20250500,257.1,20250700
2025-03-26 23:00:00,258.75,20250700,262.1,20250500,258.75,20250700
2025-03-27 12:00:00,249.4,20250700,250.95,20250500,249.4,20250700
2025-03-27 13:00:00,250.8,20250700,249.45,20250500,250.8,20250700
2025-03-27 14:00:00,248.15,20250700,250.1,20250500,248.15,20250700
2025-03-27 15:00:00,245.8,20250700,247.1,20250500,245.8,20250700
2025-03-27 16:00:00,245.6,20250700,247.5,20250500,245.6,20250700
2025-03-27 17:00:00,244.5,20250700,247.5,20250500,244.5,20250700
2025-03-27 23:00:00,245.05,20250700,247.5,20250500,245.05,20250700
2025-03-28 12:00:00,245.2,20250700,245.6,20250500,245.2,20250700
2025-03-28 13:00:00,240.6,20250700,246.4,20250500,240.6,20250700
2025-03-28 14:00:00,236.0,20250700,238.1,20250500,236.0,20250700
2025-03-28 15:00:00,233.0,20250700,234.5,20250500,233.0,20250700
2025-03-28 16:00:00,231.0,20250700,232.75,20250500,231.0,20250700
2025-03-28 17:00:00,234.7,20250700,233.95,20250500,234.7,20250700
2025-03-28 23:00:00,235.65,20250700,237.3,20250500,235.65,20250700
2025-03-31 13:00:00,235.0,20250700,236.3,20250500,235.0,20250700
2025-03-31 14:00:00,233.6,20250900,228.05,20250700,233.6,20250900
2025-03-31 15:00:00,224.0,20250900,229.45,20250700,224.0,20250900
2025-03-31 16:00:00,230.15,20250900,231.55,20250700,230.15,20250900
2025-03-31 17:00:00,229.0,20250900,230.15,20250700,229.0,20250900
2025-03-31 18:00:00,236.35,20250900,248.75,20250700,236.35,20250900
2025-03-31 23:00:00,238.6,20250900,240.3,20250700,238.6,20250900
2025-04-01 13:00:00,240.65,20250900,252.25,20250700,240.65,20250900
2025-04-01 14:00:00,240.65,20250900,254.45,20250700,240.65,20250900
2025-04-01 15:00:00,240.65,20250900,252.85,20250700,240.65,20250900
2025-04-01 16:00:00,240.65,20250900,250.7,20250700,240.65,20250900
2025-04-01 17:00:00,240.65,20250900,252.25,20250700,240.65,20250900
2025-04-01 18:00:00,240.65,20250900,253.55,20250700,240.65,20250900
2025-04-01 23:00:00,252.6,20250900,254.65,20250700,252.6,20250900
2025-04-02 13:00:00,255.25,20250900,252.0,20250700,255.25,20250900
2025-04-02 14:00:00,251.25,20250900,252.0,20250700,251.25,20250900
2025-04-02 15:00:00,251.25,20250900,245.25,20250700,251.25,20250900
2025-04-02 16:00:00,251.25,20250900,244.0,20250700,251.25,20250900
2025-04-02 17:00:00,251.25,20250900,244.25,20250700,251.25,20250900
2025-04-02 18:00:00,239.85,20250900,241.0,20250700,239.85,20250900
2025-04-02 23:00:00,245.2,20250900,246.95,20250700,245.2,20250900
2025-04-03 13:00:00,234.05,20250900,235.0,20250700,234.05,20250900
2025-04-03 14:00:00,234.05,20250900,232.0,20250700,234.05,20250900
2025-04-03 15:00:00,230.2,20250900,231.95,20250700,230.2,20250900
2025-04-03 16:00:00,230.2,20250900,231.95,20250700,230.2,20250900
2025-04-03 17:00:00,230.2,20250900,231.95,20250700,230.2,20250900
2025-04-03 18:00:00,230.2,20250900,231.95,20250700,230.2,20250900
2025-04-03 23:00:00,230.2,20250900,231.95,20250700,230.2,20250900
2025-04-04 13:00:00,206.75,20250900,214.9,20250700,206.75,20250900
2025-04-04 14:00:00,206.75,20250900,225.5,20250700,206.75,20250900
2025-04-04 15:00:00,222.75,20250900,221.65,20250700,222.75,20250900
2025-04-04 16:00:00,222.75,20250900,227.3,20250700,222.75,20250900
2025-04-04 17:00:00,222.75,20250900,225.0,20250700,222.75,20250900
2025-04-04 18:00:00,219.7,20250900,223.85,20250700,219.7,20250900
2025-04-04 23:00:00,222.1,20250900,223.5,20250700,222.1,20250900
2025-04-07 13:00:00,218.3,20250900,220.05,20250700,218.3,20250900
2025-04-07 14:00:00,218.3,20250900,218.95,20250700,218.3,20250900
2025-04-07 15:00:00,215.5,20250900,217.1,20250700,215.5,20250900
2025-04-07 16:00:00,208.25,20250900,209.65,20250700,208.25,20250900
2025-04-07 17:00:00,208.0,20250900,208.5,20250700,208.0,20250900
2025-04-07 18:00:00,208.0,20250900,208.5,20250700,208.0,20250900
2025-04-07 23:00:00,207.1,20250900,208.5,20250700,207.1,20250900
2025-04-08 13:00:00,202.5,20250900,204.25,20250700,202.5,20250900
2025-04-08 14:00:00,198.65,20250900,205.85,20250700,198.65,20250900
2025-04-08 15:00:00,210.05,20250900,212.2,20250700,210.05,20250900
2025-04-08 16:00:00,210.05,20250900,216.0,20250700,210.05,20250900
2025-04-08 17:00:00,206.15,20250900,213.0,20250700,206.15,20250900
2025-04-08 18:00:00,231.55,20250900,225.0,20250700,231.55,20250900
2025-04-08 23:00:00,227.05,20250900,228.7,20250700,227.05,20250900
2025-04-09 13:00:00,243.4,20250900,248.85,20250700,243.4,20250900
2025-04-09 14:00:00,240.15,20250900,241.8,20250700,240.15,20250900
2025-04-09 15:00:00,248.0,20250900,250.0,20250700,248.0,20250900
2025-04-09 16:00:00,248.0,20250900,251.6,20250700,248.0,20250900
2025-04-09 17:00:00,248.0,20250900,253.15,20250700,248.0,20250900
2025-04-09 18:00:00,252.05,20250900,253.7,20250700,252.05,20250900
2025-04-09 23:00:00,251.5,20250900,253.7,20250700,251.5,20250900
2025-04-10 13:00:00,245.1,20250900,247.05,20250700,245.1,20250900
2025-04-10 14:00:00,245.1,20250900,250.3,20250700,245.1,20250900
2025-04-10 15:00:00,246.0,20250900,242.4,20250700,246.0,20250900
2025-04-10 16:00:00,244.15,20250900,248.65,20250700,244.15,20250900
2025-04-10 17:00:00,245.9,20250900,248.0,20250700,245.9,20250900
2025-04-10 18:00:00,257.95,20250900,260.8,20250700,257.95,20250900
2025-04-10 23:00:00,256.45,20250900,258.4,20250700,256.45,20250900
2025-04-11 13:00:00,259.1,20250900,256.05,20250700,259.1,20250900
2025-04-11 14:00:00,266.6,20250900,270.3,20250700,266.6,20250900
2025-04-11 15:00:00,269.25,20250900,273.4,20250700,269.25,20250900
2025-04-11 16:00:00,271.45,20250900,273.4,20250700,271.45,20250900
2025-04-11 17:00:00,271.45,20250900,273.4,20250700,271.45,20250900
2025-04-11 18:00:00,271.45,20250900,273.4,20250700,271.45,20250900
2025-04-11 23:00:00,271.45,20250900,273.4,20250700,271.45,20250900
2025-04-14 13:00:00,283.45,20250900,286.4,20250700,283.45,20250900
2025-04-14 14:00:00,284.0,20250900,288.4,20250700,284.0,20250900
2025-04-14 15:00:00,292.2,20250900,297.4,20250700,292.2,20250900
2025-04-14 16:00:00,290.05,20250900,298.4,20250700,290.05,20250900
2025-04-14 17:00:00,290.05,20250900,298.4,20250700,290.05,20250900
2025-04-14 18:00:00,296.45,20250900,298.4,20250700,296.45,20250900
2025-04-14 23:00:00,296.45,20250900,298.4,20250700,296.45,20250900
2025-04-15 13:00:00,287.6,20250900,290.0,20250700,287.6,20250900
2025-04-15 14:00:00,293.6,20250900,298.85,20250700,293.6,20250900
2025-04-15 15:00:00,290.55,20250900,299.3,20250700,290.55,20250900
2025-04-15 16:00:00,288.0,20250900,292.55,20250700,288.0,20250900
2025-04-15 17:00:00,287.2,20250900,294.25,20250700,287.2,20250900
2025-04-15 18:00:00,292.4,20250900,294.55,20250700,292.4,20250900
2025-04-15 23:00:00,292.75,20250900,295.1,20250700,292.75,20250900
2025-04-16 13:00:00,285.5,20250900,288.7,20250700,285.5,20250900
2025-04-16 14:00:00,287.75,20250900,291.85,20250700,287.75,20250900
2025-04-16 15:00:00,290.25,20250900,295.55,20250700,290.25,20250900
2025-04-16 16:00:00,294.85,20250900,298.75,20250700,294.85,20250900
2025-04-16 17:00:00,293.1,20250900,297.25,20250700,293.1,20250900
2025-04-16 18:00:00,292.95,20250900,299.0,20250700,292.95,20250900
2025-04-16 23:00:00,293.85,20250900,299.6,20250700,293.85,20250900
2025-04-17 13:00:00,294.0,20250900,299.95,20250700,294.0,20250900
2025-04-17 14:00:00,282.75,20250900,286.05,20250700,282.75,20250900
2025-04-17 15:00:00,282.75,20250900,290.2,20250700,282.75,20250900
2025-04-17 16:00:00,282.75,20250900,286.65,20250700,282.75,20250900
2025-04-17 17:00:00,282.75,20250900,288.4,20250700,282.75,20250900
2025-04-17 18:00:00,282.75,20250900,290.4,20250700,282.75,20250900
2025-04-17 23:00:00,282.75,20250900,286.65,20250700,282.75,20250900
2025-04-21 13:00:00,276.5,20250900,281.05,20250700,276.5,20250900
2025-04-21 14:00:00,276.5,20250900,281.3,20250700,276.5,20250900
2025-04-21 15:00:00,276.5,20250900,280.15,20250700,276.5,20250900
2025-04-21 16:00:00,272.25,20250900,276.4,20250700,272.25,20250900
2025-04-21 17:00:00,271.1,20250900,274.4,20250700,271.1,20250900
2025-04-21 18:00:00,271.1,20250900,274.4,20250700,271.1,20250900
2025-04-21 23:00:00,270.75,20250900,274.4,20250700,270.75,20250900
2025-04-22 13:00:00,263.1,20250900,273.0,20250700,263.1,20250900
2025-04-22 14:00:00,267.45,20250900,271.3,20250700,267.45,20250900
2025-04-22 15:00:00,268.75,20250900,271.3,20250700,268.75,20250900
2025-04-22 16:00:00,275.5,20250900,277.65,20250700,275.5,20250900
2025-04-22 17:00:00,275.5,20250900,276.2,20250700,275.5,20250900
2025-04-22 18:00:00,275.5,20250900,276.35,20250700,275.5,20250900
2025-04-22 23:00:00,275.5,20250900,276.35,20250700,275.5,20250900
2025-04-23 13:00:00,275.0,20250900,272.85,20250700,275.0,20250900
2025-04-23 14:00:00,265.45,20250900,270.5,20250700,265.45,20250900
2025-04-23 15:00:00,263.35,20250900,266.25,20250700,263.35,20250900
2025-04-23 16:00:00,263.35,20250900,267.9,20250700,263.35,20250900
2025-04-23 17:00:00,263.35,20250900,268.75,20250700,263.35,20250900
2025-04-23 18:00:00,263.35,20250900,269.3,20250700,263.35,20250900
2025-04-23 23:00:00,275.0,20250900,272.85,20250700,275.0,20250900
2025-04-24 12:00:00,260.0,20250900,263.55,20250700,260.0,20250900
2025-04-24 13:00:00,255.0,20250900,258.0,20250700,255.0,20250900
2025-04-24 14:00:00,252.1,20250900,254.65,20250700,252.1,20250900
2025-04-24 15:00:00,251.35,20250900,254.3,20250700,251.35,20250900
2025-04-24 16:00:00,251.35,20250900,254.75,20250700,251.35,20250900
2025-04-24 17:00:00,251.5,20250900,254.3,20250700,251.5,20250900
2025-04-24 23:00:00,251.75,20250900,254.3,20250700,251.75,20250900
2025-04-25 12:00:00,,20250900,255.85,20250700,,20250900
2025-04-25 13:00:00,250.1,20250900,246.25,20250700,250.1,20250900
2025-04-25 14:00:00,244.7,20250900,248.75,20250700,244.7,20250900
2025-04-25 15:00:00,250.6,20250900,253.0,20250700,250.6,20250900
2025-04-25 16:00:00,250.0,20250900,253.2,20250700,250.0,20250900
2025-04-25 17:00:00,248.5,20250900,251.0,20250700,248.5,20250900
2025-04-25 23:00:00,248.9,20250900,252.15,20250700,248.9,20250900
2025-04-28 12:00:00,253.05,20250900,263.6,20250700,253.05,20250900
2025-04-28 13:00:00,256.5,20250900,261.25,20250700,256.5,20250900
2025-04-28 14:00:00,257.75,20250900,267.15,20250700,257.75,20250900
2025-04-28 15:00:00,263.0,20250900,267.15,20250700,263.0,20250900
2025-04-28 16:00:00,262.0,20250900,267.15,20250700,262.0,20250900
2025-04-28 17:00:00,262.95,20250900,267.15,20250700,262.95,20250900
2025-04-28 23:00:00,262.95,20250900,267.15,20250700,262.95,20250900
2025-04-29 12:00:00,256.0,20250900,258.75,20250700,256.0,20250900
2025-04-29 13:00:00,246.1,20250900,251.9,20250700,246.1,20250900
2025-04-29 14:00:00,249.35,20250900,253.85,20250700,249.35,20250900
2025-04-29 15:00:00,242.5,20250900,245.3,20250700,242.5,20250900
2025-04-29 16:00:00,251.85,20250900,255.5,20250700,251.85,20250900
2025-04-29 17:00:00,251.85,20250900,266.3,20250700,251.85,20250900
2025-04-29 23:00:00,251.85,20250900,266.3,20250700,251.85,20250900
2025-04-30 12:00:00,260.0,20250900,265.65,20250700,260.0,20250900
2025-04-30 13:00:00,255.65,20250900,265.35,20250700,255.65,20250900
2025-04-30 14:00:00,265.5,20250900,271.25,20250700,265.5,20250900
2025-04-30 15:00:00,269.05,20250900,276.15,20250700,269.05,20250900
2025-04-30 16:00:00,267.35,20250900,272.65,20250700,267.35,20250900
2025-04-30 17:00:00,259.85,20250900,263.95,20250700,259.85,20250900
2025-04-30 23:00:00,260.9,20250900,267.15,20250700,260.9,20250900
2025-05-01 12:00:00,262.15,20250900,271.45,20250700,262.15,20250900
2025-05-01 13:00:00,265.0,20250900,274.25,20250700,265.0,20250900
2025-05-01 14:00:00,257.9,20250900,260.6,20250700,257.9,20250900
2025-05-01 15:00:00,257.65,20250900,268.3,20250700,257.65,20250900
2025-05-01 16:00:00,257.65,20250900,270.7,20250700,257.65,20250900
2025-05-01 17:00:00,261.55,20250900,268.1,20250700,261.55,20250900
2025-05-01 23:00:00,261.55,20250900,265.0,20250700,261.55,20250900
2025-05-02 12:00:00,257.0,20250900,266.8,20250700,257.0,20250900
2025-05-02 13:00:00,255.05,20250900,260.9,20250700,255.05,20250900
2025-05-02 14:00:00,253.7,20250900,256.05,20250700,253.7,20250900
2025-05-02 15:00:00,249.05,20250900,257.95,20250700,249.05,20250900
2025-05-02 16:00:00,250.15,20250900,256.75,20250700,250.15,20250900
2025-05-02 17:00:00,247.7,20250900,253.25,20250700,247.7,20250900
2025-05-02 23:00:00,250.15,20250900,259.15,20250700,250.15,20250900
2025-05-05 12:00:00,259.55,20250900,263.3,20250700,259.55,20250900
2025-05-05 13:00:00,258.15,20250900,262.95,20250700,258.15,20250900
2025-05-05 14:00:00,260.3,20250900,265.5,20250700,260.3,20250900
2025-05-05 15:00:00,260.25,20250900,263.35,20250700,260.25,20250900
2025-05-05 16:00:00,260.25,20250900,266.6,20250700,260.25,20250900
2025-05-05 17:00:00,255.8,20250900,257.5,20250700,255.8,20250900
2025-05-05 23:00:00,259.0,20250900,263.0,20250700,259.0,20250900
2025-05-06 12:00:00,253.0,20250900,259.4,20250700,253.0,20250900
2025-05-06 13:00:00,251.3,20250900,256.15,20250700,251.3,20250900
2025-05-06 14:00:00,251.0,20250900,257.6,20250700,251.0,20250900
2025-05-06 15:00:00,244.9,20250900,249.25,20250700,244.9,20250900
2025-05-06 16:00:00,245.5,20250900,248.15,20250700,245.5,20250900
2025-05-06 17:00:00,256.45,20250900,258.9,20250700,256.45,20250900
2025-05-06 23:00:00,251.3,20250900,256.15,20250700,251.3,20250900
2025-05-07 12:00:00,248.1,20250900,255.1,20250700,248.1,20250900
2025-05-07 13:00:00,239.75,20250900,246.0,20250700,239.75,20250900
2025-05-07 14:00:00,243.65,20250900,247.4,20250700,243.65,20250900
2025-05-07 15:00:00,253.0,20250900,258.25,20250700,253.0,20250900
2025-05-07 16:00:00,248.0,20250900,256.05,20250700,248.0,20250900
2025-05-07 17:00:00,248.55,20250900,255.95,20250700,248.55,20250900
2025-05-07 23:00:00,248.25,20250900,255.75,20250700,248.25,20250900
2025-05-08 12:00:00,243.8,20250900,255.7,20250700,243.8,20250900
2025-05-08 13:00:00,247.75,20250900,254.25,20250700,247.75,20250900
2025-05-08 14:00:00,252.85,20250900,259.95,20250700,252.85,20250900
2025-05-08 15:00:00,257.0,20250900,255.7,20250700,257.0,20250900
2025-05-08 16:00:00,241.4,20250900,247.45,20250700,241.4,20250900
2025-05-08 17:00:00,241.4,20250900,241.75,20250700,241.4,20250900
2025-05-08 23:00:00,241.4,20250900,250.9,20250700,241.4,20250900
2025-05-09 12:00:00,232.1,20250900,236.7,20250700,232.1,20250900
2025-05-09 13:00:00,224.0,20250900,229.5,20250700,224.0,20250900
2025-05-09 14:00:00,224.4,20250900,228.75,20250700,224.4,20250900
2025-05-09 15:00:00,225.05,20250900,229.25,20250700,225.05,20250900
2025-05-09 16:00:00,225.05,20250900,228.75,20250700,225.05,20250900
2025-05-09 17:00:00,225.0,20250900,229.15,20250700,225.0,20250900
2025-05-09 23:00:00,224.8,20250900,228.75,20250700,224.8,20250900
2025-05-12 12:00:00,217.75,20250900,224.25,20250700,217.75,20250900
2025-05-12 13:00:00,222.05,20250900,225.75,20250700,222.05,20250900
2025-05-12 14:00:00,220.6,20250900,223.5,20250700,220.6,20250900
2025-05-12 15:00:00,220.4,20250900,227.8,20250700,220.4,20250900
2025-05-12 16:00:00,227.45,20250900,231.0,20250700,227.45,20250900
2025-05-12 17:00:00,233.0,20250900,235.75,20250700,233.0,20250900
2025-05-12 23:00:00,230.35,20250900,232.8,20250700,230.35,20250900
2025-05-13 12:00:00,235.8,20250900,240.55,20250700,235.8,20250900
2025-05-13 13:00:00,234.05,20250900,237.15,20250700,234.05,20250900
2025-05-13 14:00:00,235.9,20250900,243.35,20250700,235.9,20250900
2025-05-13 15:00:00,241.75,20250900,245.1,20250700,241.75,20250900
2025-05-13 16:00:00,239.8,20250900,242.05,20250700,239.8,20250900
2025-05-13 17:00:00,241.55,20250900,242.65,20250700,241.55,20250900
2025-05-13 23:00:00,241.55,20250900,242.65,20250700,241.55,20250900
2025-05-14 12:00:00,241.0,20250900,244.0,20250700,241.0,20250900
2025-05-14 13:00:00,245.2,20250900,246.65,20250700,245.2,20250900
2025-05-14 14:00:00,252.15,20250900,257.2,20250700,252.15,20250900
2025-05-14 15:00:00,251.5,20250900,256.05,20250700,251.5,20250900
2025-05-14 16:00:00,253.2,20250900,257.45,20250700,253.2,20250900
2025-05-14 17:00:00,254.95,20250900,258.75,20250700,254.95,20250900
2025-05-14 23:00:00,253.85,20250900,257.65,20250700,253.85,20250900
2025-05-15 12:00:00,265.0,20250900,269.55,20250700,265.0,20250900
2025-05-15 13:00:00,264.0,20250900,268.25,20250700,264.0,20250900
2025-05-15 14:00:00,263.05,20250900,269.85,20250700,263.05,20250900
2025-05-15 15:00:00,263.05,20250900,268.7,20250700,263.05,20250900
2025-05-15 16:00:00,263.05,20250900,268.1,20250700,263.05,20250900
2025-05-15 17:00:00,262.3,20250900,267.0,20250700,262.3,20250900
2025-05-15 23:00:00,265.0,20250900,269.55,20250700,265.0,20250900
2025-05-16 12:00:00,255.5,20250900,258.8,20250700,255.5,20250900
2025-05-16 13:00:00,254.45,20250900,257.35,20250700,254.45,20250900
2025-05-16 14:00:00,250.45,20250900,252.5,20250700,250.45,20250900
2025-05-16 15:00:00,247.1,20250900,251.1,20250700,247.1,20250900
2025-05-16 16:00:00,247.5,20250900,251.1,20250700,247.5,20250900
2025-05-16 17:00:00,247.75,20250900,251.1,20250700,247.75,20250900
2025-05-16 23:00:00,247.1,20250900,251.1,20250700,247.1,20250900
2025-05-19 12:00:00,248.4,20250900,253.45,20250700,248.4,20250900
2025-05-19 13:00:00,249.2,20250900,253.35,20250700,249.2,20250900
2025-05-19 14:00:00,258.7,20250900,259.9,20250700,258.7,20250900
2025-05-19 15:00:00,254.0,20250900,258.75,20250700,254.0,20250900
2025-05-19 16:00:00,247.85,20250900,252.45,20250700,247.85,20250900
2025-05-19 17:00:00,247.35,20250900,250.35,20250700,247.35,20250900
2025-05-19 23:00:00,248.55,20250900,251.8,20250700,248.55,20250900
2025-05-20 12:00:00,252.5,20250900,251.55,20250700,252.5,20250900
2025-05-20 13:00:00,257.35,20250900,262.1,20250700,257.35,20250900
2025-05-20 14:00:00,256.65,20250900,261.0,20250700,256.65,20250900
2025-05-20 15:00:00,255.7,20250900,258.85,20250700,255.7,20250900
2025-05-20 16:00:00,257.75,20250900,260.05,20250700,257.75,20250900
2025-05-20 17:00:00,258.9,20250900,261.0,20250700,258.9,20250900
2025-05-20 23:00:00,260.0,20250900,263.3,20250700,260.0,20250900
2025-05-21 12:00:00,260.5,20250900,262.7,20250700,260.5,20250900
2025-05-21 13:00:00,265.0,20250900,269.55,20250700,265.0,20250900
2025-05-21 14:00:00,263.5,20250900,269.8,20250700,263.5,20250900
2025-05-21 15:00:00,263.6,20250900,270.1,20250700,263.6,20250900
2025-05-21 16:00:00,264.0,20250900,269.75,20250700,264.0,20250900
2025-05-21 17:00:00,268.95,20250900,275.85,20250700,268.95,20250900
2025-05-21 23:00:00,263.5,20250900,269.8,20250700,263.5,20250900
2025-05-22 12:00:00,279.7,20250900,288.7,20250700,279.7,20250900
2025-05-22 13:00:00,279.0,20250900,289.05,20250700,279.0,20250900
2025-05-22 14:00:00,281.4,20250900,289.2,20250700,281.4,20250900
2025-05-22 15:00:00,280.5,20250900,289.2,20250700,280.5,20250900
2025-05-22 16:00:00,280.45,20250900,289.2,20250700,280.45,20250900
2025-05-22 17:00:00,280.5,20250900,289.2,20250700,280.5,20250900
2025-05-22 23:00:00,280.85,20250900,289.2,20250700,280.85,20250900
2025-05-23 12:00:00,281.25,20250900,289.0,20250700,281.25,20250900
2025-05-23 13:00:00,283.35,20250900,285.1,20250700,283.35,20250900
2025-05-23 14:00:00,278.8,20250900,288.6,20250700,278.8,20250900
2025-05-23 15:00:00,278.2,20250900,287.1,20250700,278.2,20250900
2025-05-23 16:00:00,278.35,20250900,286.2,20250700,278.35,20250900
2025-05-23 17:00:00,269.5,20250900,277.95,20250700,269.5,20250900
2025-05-23 23:00:00,265.8,20250900,273.15,20250700,265.8,20250900
2025-05-27 12:00:00,260.85,20250900,266.95,20250700,260.85,20250900
2025-05-27 13:00:00,269.65,20250900,273.6,20250700,269.65,20250900
2025-05-27 14:00:00,266.9,20250900,273.1,20250700,266.9,20250900
2025-05-27 15:00:00,270.2,20250900,274.7,20250700,270.2,20250900
2025-05-27 16:00:00,269.35,20250900,276.25,20250700,269.35,20250900
2025-05-27 17:00:00,274.5,20250900,279.35,20250700,274.5,20250900
2025-05-27 23:00:00,270.0,20250900,276.3,20250700,270.0,20250900
2025-05-28 12:00:00,263.2,20250900,267.05,20250700,263.2,20250900
2025-05-28 13:00:00,263.85,20250900,269.4,20250700,263.85,20250900
2025-05-28 14:00:00,266.1,20250900,271.35,20250700,266.1,20250900
2025-05-28 15:00:00,265.05,20250900,272.3,20250700,265.05,20250900
2025-05-28 16:00:00,266.85,20250900,272.25,20250700,266.85,20250900
2025-05-28 17:00:00,268.05,20250900,277.75,20250700,268.05,20250900
2025-05-28 23:00:00,268.05,20250900,277.75,20250700,268.05,20250900
2025-05-29 12:00:00,270.1,20250900,271.4,20250700,270.1,20250900
2025-05-29 13:00:00,271.35,20250900,277.8,20250700,271.35,20250900
2025-05-29 14:00:00,272.0,20250900,277.95,20250700,272.0,20250900
2025-05-29 15:00:00,272.45,20250900,279.2,20250700,272.45,20250900
2025-05-29 16:00:00,272.05,20250900,277.25,20250700,272.05,20250900
2025-05-29 17:00:00,269.2,20250900,272.25,20250700,269.2,20250900
2025-05-29 23:00:00,269.55,20250900,274.85,20250700,269.55,20250900
2025-05-30 12:00:00,275.2,20250900,281.95,20250700,275.2,20250900
2025-05-30 13:00:00,269.85,20251100,273.7,20250900,269.85,20251100
2025-05-30 14:00:00,271.5,20251100,275.8,20250900,271.5,20251100
2025-05-30 15:00:00,271.5,20251100,279.5,20250900,271.5,20251100
2025-05-30 16:00:00,270.0,20251100,276.0,20250900,270.0,20251100
2025-05-30 17:00:00,273.95,20251100,279.5,20250900,273.95,20251100
2025-05-30 23:00:00,274.15,20251100,278.7,20250900,274.15,20251100
2025-06-02 12:00:00,,20251100,274.2,20250900,,20251100
2025-06-02 13:00:00,,20251100,276.0,20250900,,20251100
2025-06-02 14:00:00,,20251100,276.95,20250900,,20251100
2025-06-02 15:00:00,271.5,20251100,277.85,20250900,271.5,20251100
2025-06-02 16:00:00,273.0,20251100,277.65,20250900,273.0,20251100
2025-06-02 17:00:00,272.75,20251100,279.4,20250900,272.75,20251100
2025-06-02 23:00:00,274.2,20251100,278.3,20250900,274.2,20251100
2025-06-03 12:00:00,,20251100,286.0,20250900,,20251100
2025-06-03 13:00:00,,20251100,285.75,20250900,,20251100
2025-06-03 14:00:00,,20251100,284.25,20250900,,20251100
2025-06-03 15:00:00,,20251100,284.25,20250900,,20251100
2025-06-03 16:00:00,,20251100,282.1,20250900,,20251100
2025-06-03 17:00:00,278.95,20251100,281.2,20250900,278.95,20251100
2025-06-03 23:00:00,277.2,20251100,280.35,20250900,277.2,20251100
2025-06-04 12:00:00,,20251100,280.9,20250900,,20251100
2025-06-04 13:00:00,276.1,20251100,280.0,20250900,276.1,20251100
2025-06-04 14:00:00,272.25,20251100,274.1,20250900,272.25,20251100
2025-06-04 15:00:00,269.5,20251100,272.8,20250900,269.5,20251100
2025-06-04 16:00:00,270.65,20251100,272.3,20250900,270.65,20251100
2025-06-04 17:00:00,270.65,20251100,272.55,20250900,270.65,20251100
2025-06-04 23:00:00,269.55,20251100,272.55,20250900,269.55,20251100
2025-06-05 12:00:00,269.95,20251100,272.2,20250900,269.95,20251100
2025-06-05 13:00:00,278.0,20251100,282.1,20250900,278.0,20251100
2025-06-05 14:00:00,277.0,20251100,273.85,20250900,277.0,20251100
2025-06-05 15:00:00,266.05,20251100,270.0,20250900,266.05,20251100
2025-06-05 16:00:00,266.05,20251100,273.55,20250900,266.05,20251100
2025-06-05 17:00:00,267.0,20251100,269.05,20250900,267.0,20251100
2025-06-05 23:00:00,267.3,20251100,269.75,20250900,267.3,20251100
2025-06-06 12:00:00,271.5,20251100,271.55,20250900,271.5,20251100
2025-06-06 13:00:00,268.4,20251100,272.8,20250900,268.4,20251100
2025-06-06 14:00:00,268.4,20251100,272.5,20250900,268.4,20251100
2025-06-06 15:00:00,268.4,20251100,270.95,20250900,268.4,20251100
2025-06-06 16:00:00,276.4,20251100,280.05,20250900,276.4,20251100
2025-06-06 17:00:00,278.0,20251100,276.0,20250900,278.0,20251100
2025-06-06 23:00:00,277.1,20251100,280.05,20250900,277.1,20251100
2025-06-09 12:00:00,276.6,20251100,280.6,20250900,276.6,20251100
2025-06-09 13:00:00,280.0,20251100,283.75,20250900,280.0,20251100
2025-06-09 14:00:00,280.0,20251100,284.25,20250900,280.0,20251100
2025-06-09 15:00:00,278.0,20251100,280.65,20250900,278.0,20251100
2025-06-09 16:00:00,271.1,20251100,275.55,20250900,271.1,20251100
2025-06-09 17:00:00,273.3,20251100,277.1,20250900,273.3,20251100
2025-06-09 23:00:00,274.05,20251100,276.45,20250900,274.05,20251100
2025-06-10 12:00:00,273.0,20251100,275.35,20250900,273.0,20251100
2025-06-10 13:00:00,273.0,20251100,275.7,20250900,273.0,20251100
2025-06-10 14:00:00,274.7,20251100,278.1,20250900,274.7,20251100
2025-06-10 15:00:00,273.0,20251100,279.55,20250900,273.0,20251100
2025-06-10 16:00:00,273.5,20251100,273.6,20250900,273.5,20251100
2025-06-10 17:00:00,268.6,20251100,276.9,20250900,268.6,20251100
2025-06-10 23:00:00,270.05,20251100,272.55,20250900,270.05,20251100
2025-06-11 12:00:00,273.5,20251100,277.7,20250900,273.5,20251100
2025-06-11 13:00:00,274.75,20251100,278.1,20250900,274.75,20251100
2025-06-11 14:00:00,272.0,20251100,274.8,20250900,272.0,20251100
2025-06-11 15:00:00,273.0,20251100,274.95,20250900,273.0,20251100
2025-06-11 16:00:00,272.75,20251100,275.0,20250900,272.75,20251100
2025-06-11 17:00:00,270.5,20251100,274.6,20250900,270.5,20251100
2025-06-11 23:00:00,270.75,20251100,272.95,20250900,270.75,20251100
2025-06-12 12:00:00,273.35,20251100,275.8,20250900,273.35,20251100
2025-06-12 13:00:00,273.0,20251100,280.2,20250900,273.0,20251100
2025-06-12 14:00:00,276.45,20251100,278.9,20250900,276.45,20251100
2025-06-12 15:00:00,276.4,20251100,281.8,20250900,276.4,20251100
2025-06-12 16:00:00,276.4,20251100,278.8,20250900,276.4,20251100
2025-06-12 17:00:00,272.5,20251100,273.25,20250900,272.5,20251100
2025-06-12 23:00:00,271.9,20251100,273.7,20250900,271.9,20251100
2025-06-13 12:00:00,272.5,20251100,274.3,20250900,272.5,20251100
2025-06-13 13:00:00,280.0,20251100,280.5,20250900,280.0,20251100
2025-06-13 14:00:00,276.5,20251100,276.75,20250900,276.5,20251100
2025-06-13 15:00:00,276.5,20251100,274.55,20250900,276.5,20251100
2025-06-13 16:00:00,276.5,20251100,274.55,20250900,276.5,20251100
2025-06-13 17:00:00,276.5,20251100,275.25,20250900,276.5,20251100
2025-06-13 23:00:00,272.4,20251100,274.25,20250900,272.4,20251100
2025-06-16 12:00:00,270.4,20251100,271.9,20250900,270.4,20251100
2025-06-16 13:00:00,270.4,20251100,276.95,20250900,270.4,20251100
2025-06-16 14:00:00,267.0,20251100,269.55,20250900,267.0,20251100
2025-06-16 15:00:00,258.45,20251100,259.25,20250900,258.45,20251100
2025-06-16 16:00:00,257.4,20251100,259.25,20250900,257.4,20251100
2025-06-16 17:00:00,257.4,20251100,259.25,20250900,257.4,20251100
2025-06-16 23:00:00,270.4,20251100,276.95,20250900,270.4,20251100
2025-06-17 12:00:00,257.55,20251100,259.05,20250900,257.55,20251100
2025-06-17 13:00:00,254.3,20251100,255.35,20250900,254.3,20251100
2025-06-17 14:00:00,251.5,20251100,252.6,20250900,251.5,20251100
2025-06-17 15:00:00,253.7,20251100,254.5,20250900,253.7,20251100
2025-06-17 16:00:00,257.0,20251100,257.45,20250900,257.0,20251100
2025-06-17 17:00:00,248.65,20251100,249.95,20250900,248.65,20251100
2025-06-17 23:00:00,251.35,20251100,252.6,20250900,251.35,20251100
2025-06-18 12:00:00,249.35,20251100,250.25,20250900,249.35,20251100
2025-06-18 13:00:00,249.35,20251100,250.0,20250900,249.35,20251100
2025-06-18 14:00:00,240.6,20251100,241.45,20250900,240.6,20251100
2025-06-18 15:00:00,238.0,20251100,237.6,20250900,238.0,20251100
2025-06-18 16:00:00,238.0,20251100,237.6,20250900,238.0,20251100
2025-06-18 17:00:00,237.3,20251100,237.6,20250900,237.3,20251100
2025-06-18 23:00:00,236.85,20251100,237.6,20250900,236.85,20251100
2025-06-20 12:00:00,234.85,20251100,236.15,20250900,234.85,20251100
2025-06-20 13:00:00,234.85,20251100,233.8,20250900,234.85,20251100
2025-06-20 14:00:00,235.0,20251100,235.55,20250900,235.0,20251100
2025-06-20 15:00:00,237.0,20251100,238.05,20250900,237.0,20251100
2025-06-20 16:00:00,235.25,20251100,235.2,20250900,235.25,20251100
2025-06-20 17:00:00,234.75,20251100,235.3,20250900,234.75,20251100
2025-06-20 23:00:00,234.7,20251100,234.85,20250900,234.7,20251100
2025-06-23 12:00:00,234.3,20251100,233.6,20250900,234.3,20251100
2025-06-23 13:00:00,232.0,20251100,230.55,20250900,232.0,20251100
2025-06-23 14:00:00,236.0,20251100,237.0,20250900,236.0,20251100
2025-06-23 15:00:00,238.0,20251100,237.2,20250900,238.0,20251100
2025-06-23 16:00:00,239.3,20251100,234.85,20250900,239.3,20251100
2025-06-23 17:00:00,239.3,20251100,235.25,20250900,239.3,20251100
2025-06-23 23:00:00,236.15,20251100,236.0,20250900,236.15,20251100
2025-06-24 12:00:00,233.35,20251100,235.5,20250900,233.35,20251100
2025-06-24 13:00:00,236.7,20251100,235.2,20250900,236.7,20251100
2025-06-24 14:00:00,236.7,20251100,232.15,20250900,236.7,20251100
2025-06-24 15:00:00,230.1,20251100,232.75,20250900,230.1,20251100
2025-06-24 16:00:00,230.95,20251100,230.35,20250900,230.95,20251100
2025-06-24 17:00:00,230.8,20251100,228.75,20250900,230.8,20251100
2025-06-24 23:00:00,231.5,20251100,231.0,20250900,231.5,20251100
2025-06-25 12:00:00,235.45,20251100,239.1,20250900,235.45,20251100
2025-06-25 13:00:00,241.0,20251100,243.5,20250900,241.0,20251100
2025-06-25 14:00:00,241.0,20251100,242.0,20250900,241.0,20251100
2025-06-25 15:00:00,241.0,20251100,240.1,20250900,241.0,20251100
2025-06-25 16:00:00,238.2,20251100,238.15,20250900,238.2,20251100
2025-06-25 17:00:00,238.2,20251100,239.55,20250900,238.2,20251100
2025-06-25 23:00:00,239.6,20251100,239.45,20250900,239.6,20251100
2025-06-26 12:00:00,,20251100,242.4,20250900,,20251100
2025-06-26 13:00:00,,20251100,236.75,20250900,,20251100
2025-06-26 14:00:00,,20251100,240.35,20250900,,20251100
2025-06-26 15:00:00,,20251100,238.05,20250900,,20251100
2025-06-26 16:00:00,,20251100,236.25,20250900,,20251100
2025-06-26 17:00:00,234.0,20251100,234.85,20250900,234.0,20251100
2025-06-26 23:00:00,233.85,20251100,234.25,20250900,233.85,20251100
2025-06-27 12:00:00,231.3,20251100,231.55,20250900,231.3,20251100
2025-06-27 13:00:00,228.45,20251100,228.7,20250900,228.45,20251100
2025-06-27 14:00:00,231.0,20251100,231.8,20250900,231.0,20251100
2025-06-27 15:00:00,231.0,20251100,230.15,20250900,231.0,20251100
2025-06-27 16:00:00,228.55,20251100,228.6,20250900,228.55,20251100
2025-06-27 17:00:00,226.55,20251100,226.05,20250900,226.55,20251100
2025-06-27 23:00:00,227.85,20251100,227.1,20250900,227.85,20251100
2025-06-30 12:00:00,228.0,20251100,228.15,20250900,228.0,20251100
2025-06-30 13:00:00,227.1,20251100,228.5,20250900,227.1,20251100
2025-06-30 14:00:00,227.0,20251100,226.3,20250900,227.0,20251100
2025-06-30 15:00:00,227.3,20251100,227.45,20250900,227.3,20251100
2025-06-30 16:00:00,225.85,20251100,225.0,20250900,225.85,20251100
2025-06-30 17:00:00,226.8,20251100,225.95,20250900,226.8,20251100
2025-06-30 23:00:00,225.6,20251100,224.6,20250900,225.6,20251100
2025-07-01 12:00:00,225.25,20251100,223.6,20250900,225.25,20251100
2025-07-01 13:00:00,223.0,20251100,220.55,20250900,223.0,20251100
2025-07-01 14:00:00,222.5,20251100,222.8,20250900,222.5,20251100
2025-07-01 15:00:00,223.85,20251100,221.85,20250900,223.85,20251100
2025-07-01 16:00:00,222.55,20251100,220.45,20250900,222.55,20251100
2025-07-01 17:00:00,222.4,20251100,219.85,20250900,222.4,20251100
2025-07-01 23:00:00,223.4,20251100,221.35,20250900,223.4,20251100
2025-07-02 12:00:00,221.1,20251100,220.8,20250900,221.1,20251100
2025-07-02 13:00:00,217.0,20251100,211.3,20250900,217.0,20251100
2025-07-02 14:00:00,215.1,20251100,210.5,20250900,215.1,20251100
2025-07-02 15:00:00,212.0,20251100,208.85,20250900,212.0,20251100
2025-07-02 16:00:00,211.95,20251100,208.55,20250900,211.95,20251100
2025-07-02 17:00:00,211.0,20251100,207.3,20250900,211.0,20251100
2025-07-02 23:00:00,212.0,20251100,208.85,20250900,212.0,20251100
2025-07-03 12:00:00,214.0,20251100,210.95,20250900,214.0,20251100
2025-07-03 13:00:00,221.15,20251100,216.45,20250900,221.15,20251100
2025-07-03 14:00:00,220.5,20251100,217.8,20250900,220.5,20251100
2025-07-03 15:00:00,220.85,20251100,221.65,20250900,220.85,20251100
2025-07-03 16:00:00,223.6,20251100,221.0,20250900,223.6,20251100
2025-07-03 17:00:00,220.15,20251100,221.95,20250900,220.15,20251100
2025-07-03 23:00:00,222.3,20251100,219.65,20250900,222.3,20251100
2025-07-07 12:00:00,234.65,20251100,231.75,20250900,234.65,20251100
2025-07-07 13:00:00,237.05,20251100,234.65,20250900,237.05,20251100
2025-07-07 14:00:00,237.1,20251100,233.5,20250900,237.1,20251100
2025-07-07 15:00:00,236.3,20251100,234.65,20250900,236.3,20251100
2025-07-07 16:00:00,237.25,20251100,234.5,20250900,237.25,20251100
2025-07-07 17:00:00,236.5,20251100,234.65,20250900,236.5,20251100
2025-07-07 23:00:00,236.95,20251100,234.65,20250900,236.95,20251100
2025-07-08 12:00:00,243.65,20251100,242.2,20250900,243.65,20251100
2025-07-08 13:00:00,248.8,20251100,247.05,20250900,248.8,20251100
2025-07-08 14:00:00,253.45,20251100,252.9,20250900,253.45,20251100
2025-07-08 15:00:00,252.55,20251100,251.95,20250900,252.55,20251100
2025-07-08 16:00:00,252.7,20251100,250.9,20250900,252.7,20251100
2025-07-08 17:00:00,254.1,20251100,252.4,20250900,254.1,20251100
2025-07-08 23:00:00,248.8,20251100,247.05,20250900,248.8,20251100
2025-07-09 12:00:00,253.05,20251100,250.85,20250900,253.05,20251100
2025-07-09 13:00:00,248.05,20251100,246.5,20250900,248.05,20251100
2025-07-09 14:00:00,247.9,20251100,246.65,20250900,247.9,20251100
2025-07-09 15:00:00,251.8,20251100,249.3,20250900,251.8,20251100
2025-07-09 16:00:00,250.35,20251100,248.35,20250900,250.35,20251100
2025-07-09 17:00:00,251.0,20251100,246.65,20250900,251.0,20251100
2025-07-09 23:00:00,251.15,20251100,248.85,20250900,251.15,20251100
2025-07-10 12:00:00,266.15,20251100,263.85,20250900,266.15,20251100
2025-07-10 13:00:00,266.15,20251100,263.85,20250900,266.15,20251100
2025-07-10 14:00:00,266.15,20251100,263.85,20250900,266.15,20251100
2025-07-10 15:00:00,266.15,20251100,263.85,20250900,266.15,20251100
2025-07-10 16:00:00,266.15,20251100,263.85,20250900,266.15,20251100
2025-07-10 17:00:00,266.15,20251100,263.85,20250900,266.15,20251100
2025-07-10 23:00:00,266.15,20251100,263.85,20250900,266.15,20251100
2025-07-11 12:00:00,289.6,20251100,288.85,20250900,289.6,20251100
2025-07-11 13:00:00,290.35,20251100,288.85,20250900,290.35,20251100
2025-07-11 14:00:00,291.0,20251100,288.85,20250900,291.0,20251100
2025-07-11 15:00:00,289.45,20251100,288.85,20250900,289.45,20251100
2025-07-11 16:00:00,289.65,20251100,288.85,20250900,289.65,20251100
2025-07-11 17:00:00,290.9,20251100,288.85,20250900,290.9,20251100
2025-07-11 23:00:00,289.6,20251100,288.85,20250900,289.6,20251100
2025-07-14 12:00:00,306.05,20251100,311.6,20250900,306.05,20251100
2025-07-14 13:00:00,303.1,20251100,307.9,20250900,303.1,20251100
2025-07-14 14:00:00,305.2,20251100,310.55,20250900,305.2,20251100
2025-07-14 15:00:00,305.25,20251100,310.75,20250900,305.25,20251100
2025-07-14 16:00:00,309.25,20251100,313.85,20250900,309.25,20251100
2025-07-14 17:00:00,308.95,20251100,313.85,20250900,308.95,20251100
2025-07-14 23:00:00,308.95,20251100,313.85,20250900,308.95,20251100
2025-07-15 12:00:00,299.2,20251100,303.35,20250900,299.2,20251100
2025-07-15 13:00:00,303.4,20251100,308.05,20250900,303.4,20251100
2025-07-15 14:00:00,301.9,20251100,307.0,20250900,301.9,20251100
2025-07-15 15:00:00,302.4,20251100,308.6,20250900,302.4,20251100
2025-07-15 16:00:00,303.95,20251100,311.5,20250900,303.95,20251100
2025-07-15 17:00:00,303.0,20251100,311.65,20250900,303.0,20251100
2025-07-15 23:00:00,305.6,20251100,314.5,20250900,305.6,20251100
2025-07-16 12:00:00,305.4,20251100,314.4,20250900,305.4,20251100
2025-07-16 13:00:00,304.5,20251100,313.9,20250900,304.5,20251100
2025-07-16 14:00:00,301.85,20251100,311.05,20250900,301.85,20251100
2025-07-16 15:00:00,301.55,20251100,310.45,20250900,301.55,20251100
2025-07-16 16:00:00,301.5,20251100,310.4,20250900,301.5,20251100
2025-07-16 17:00:00,301.35,20251100,310.5,20250900,301.35,20251100
2025-07-16 23:00:00,301.9,20251100,311.25,20250900,301.9,20251100
2025-07-17 12:00:00,305.25,20251100,314.55,20250900,305.25,20251100
2025-07-17 13:00:00,298.95,20251100,307.8,20250900,298.95,20251100
2025-07-17 14:00:00,302.7,20251100,311.5,20250900,302.7,20251100
2025-07-17 15:00:00,303.25,20251100,313.7,20250900,303.25,20251100
2025-07-17 16:00:00,300.4,20251100,311.4,20250900,300.4,20251100
2025-07-17 17:00:00,306.5,20251100,318.75,20250900,306.5,20251100
2025-07-17 23:00:00,301.0,20251100,312.7,20250900,301.0,20251100
2025-07-18 12:00:00,308.0,20251100,317.45,20250900,308.0,20251100
2025-07-18 13:00:00,303.0,20251100,319.3,20250900,303.0,20251100
2025-07-18 14:00:00,304.25,20251100,320.4,20250900,304.25,20251100
2025-07-18 15:00:00,304.2,20251100,319.25,20250900,304.2,20251100
2025-07-18 16:00:00,305.7,20251100,318.5,20250900,305.7,20251100
2025-07-18 17:00:00,301.85,20251100,319.8,20250900,301.85,20251100
2025-07-18 23:00:00,302.9,20251100,318.7,20250900,302.9,20251100
2025-07-21 12:00:00,306.5,20251100,319.25,20250900,306.5,20251100
2025-07-21 13:00:00,302.1,20260100,307.3,20251100,302.1,20260100
2025-07-21 14:00:00,303.15,20260100,309.2,20251100,303.15,20260100
2025-07-21 15:00:00,303.15,20260100,310.3,20251100,303.15,20260100
2025-07-21 16:00:00,303.55,20260100,311.45,20251100,303.55,20260100
2025-07-21 17:00:00,303.55,20260100,311.5,20251100,303.55,20260100
2025-07-21 23:00:00,303.55,20260100,311.65,20251100,303.55,20260100
