DATETIME,CARRY,CARRY_CONTRACT,PRICE,PRICE_CONTRACT,FORWARD,FORWARD_CONTRACT
2021-10-21 23:00:00,,20211200,2629.0,20211100,,20211200
2021-10-22 23:00:00,,20211200,2630.0,20211100,,20211200
2021-10-25 23:00:00,2626.0,20211200,2623.0,20211100,2626.0,20211200
2021-10-26 23:00:00,2626.0,20211200,2600.0,20211100,2626.0,20211200
2021-10-27 23:00:00,2626.0,20211200,2630.0,20211100,2626.0,20211200
2021-10-28 23:00:00,2626.0,20211200,2725.0,20211100,2626.0,20211200
2021-10-29 23:00:00,2626.0,20211200,2726.0,20211100,2626.0,20211200
2021-11-01 23:00:00,2723.0,20211200,2720.0,20211100,2723.0,20211200
2021-11-02 23:00:00,2723.0,20211200,2712.0,20211100,2723.0,20211200
2021-11-03 23:00:00,2723.0,20211200,2711.0,20211100,2723.0,20211200
2021-11-04 23:00:00,2723.0,20211200,2721.0,20211100,2723.0,20211200
2021-11-05 23:00:00,2723.0,20211200,2740.0,20211100,2723.0,20211200
2021-11-08 23:00:00,2775.0,20211200,2773.0,20211100,2775.0,20211200
2021-11-15 23:00:00,2788.0,20220100,2789.0,20211200,2788.0,20220100
2021-11-22 23:00:00,2732.0,20220100,2733.0,20211200,2732.0,20220100
2021-11-23 23:00:00,2732.0,20220100,2732.0,20211200,2732.0,20220100
2021-11-24 23:00:00,2732.0,20220100,2790.0,20211200,2732.0,20220100
2021-11-25 23:00:00,2732.0,20220100,2818.0,20211200,2732.0,20220100
2021-11-26 23:00:00,2732.0,20220100,2817.0,20211200,2732.0,20220100
2021-11-29 23:00:00,2831.0,20220100,2832.0,20211200,2831.0,20220100
2021-11-30 23:00:00,2831.0,20220100,2806.0,20211200,2831.0,20220100
2021-12-01 23:00:00,2831.0,20220100,2800.0,20211200,2831.0,20220100
2021-12-02 23:00:00,2831.0,20220100,2815.0,20211200,2831.0,20220100
2021-12-03 23:00:00,2831.0,20220100,2810.0,20211200,2831.0,20220100
2021-12-06 23:00:00,2717.0,20220100,2719.0,20211200,2717.0,20220100
2021-12-13 23:00:00,2813.0,20220200,2808.0,20220100,2813.0,20220200
2021-12-20 23:00:00,2828.0,20220200,2823.0,20220100,2828.0,20220200
2021-12-22 23:00:00,2828.0,20220200,2804.0,20220100,2828.0,20220200
2021-12-23 23:00:00,2828.0,20220200,2774.0,20220100,2828.0,20220200
2021-12-24 23:00:00,2828.0,20220200,2803.0,20220100,2828.0,20220200
2021-12-27 23:00:00,2833.0,20220200,2827.0,20220100,2833.0,20220200
2021-12-28 23:00:00,2833.0,20220200,2819.0,20220100,2833.0,20220200
2021-12-29 23:00:00,2833.0,20220200,2808.0,20220100,2833.0,20220200
2021-12-30 23:00:00,2833.0,20220200,2816.0,20220100,2833.0,20220200
2021-12-31 23:00:00,2833.0,20220200,2819.0,20220100,2833.0,20220200
2022-01-03 23:00:00,2842.0,20220200,2836.0,20220100,2842.0,20220200
2022-01-10 23:00:00,2840.0,20220300,2833.0,20220200,2840.0,20220300
2022-01-17 23:00:00,2705.0,20220300,2700.0,20220200,2705.0,20220300
2022-01-24 23:00:00,2606.0,20220300,2602.0,20220200,2606.0,20220300
2022-01-25 23:00:00,2606.0,20220300,2670.0,20220200,2606.0,20220300
2022-01-26 23:00:00,2606.0,20220300,2694.0,20220200,2606.0,20220300
2022-01-27 23:00:00,2606.0,20220300,2688.0,20220200,2606.0,20220300
2022-01-28 23:00:00,2606.0,20220300,2699.0,20220200,2606.0,20220300
2022-01-31 23:00:00,2704.0,20220300,2701.0,20220200,2704.0,20220300
2022-02-07 23:00:00,2719.0,20220300,2715.0,20220200,2719.0,20220300
2022-02-14 23:00:00,2668.0,20220400,2663.0,20220300,2668.0,20220400
2022-02-21 23:00:00,2740.0,20220400,2733.0,20220300,2740.0,20220400
2022-02-22 23:00:00,2740.0,20220400,2686.0,20220300,2740.0,20220400
2022-02-23 23:00:00,2740.0,20220400,2718.0,20220300,2740.0,20220400
2022-02-24 23:00:00,2740.0,20220400,2685.0,20220300,2740.0,20220400
2022-02-25 23:00:00,2740.0,20220400,2699.0,20220300,2740.0,20220400
2022-02-28 23:00:00,2678.0,20220400,2672.0,20220300,2678.0,20220400
2022-03-14 23:00:00,2590.0,20220500,2585.0,20220400,2590.0,20220500
2022-03-21 23:00:00,2671.0,20220500,2666.0,20220400,2671.0,20220500
2022-03-23 23:00:00,2671.0,20220500,2687.0,20220400,2671.0,20220500
2022-03-25 23:00:00,2671.0,20220500,2656.0,20220400,2671.0,20220500
2022-03-28 23:00:00,2631.0,20220500,2664.0,20220400,2631.0,20220500
2022-03-29 23:00:00,2631.0,20220500,2646.0,20220400,2631.0,20220500
2022-03-30 23:00:00,2631.0,20220500,2638.0,20220400,2631.0,20220500
2022-03-31 23:00:00,2631.0,20220500,2646.0,20220400,2631.0,20220500
2022-04-01 23:00:00,2631.0,20220500,2675.0,20220400,2631.0,20220500
2022-04-04 23:00:00,2715.0,20220500,2710.0,20220400,2715.0,20220500
2022-04-11 23:00:00,2642.0,20220600,2640.0,20220500,2642.0,20220600
2022-04-18 23:00:00,2516.0,20220600,2515.0,20220500,2516.0,20220600
2022-04-21 23:00:00,2516.0,20220600,2450.0,20220500,2516.0,20220600
2022-04-22 23:00:00,2516.0,20220600,2435.0,20220500,2516.0,20220600
2022-04-25 23:00:00,2334.0,20220600,2333.0,20220500,2334.0,20220600
2022-04-26 23:00:00,2334.0,20220600,2329.0,20220500,2334.0,20220600
2022-04-27 23:00:00,2334.0,20220600,2372.0,20220500,2334.0,20220600
2022-04-28 23:00:00,2334.0,20220600,2362.0,20220500,2334.0,20220600
2022-04-29 23:00:00,2334.0,20220600,2406.0,20220500,2334.0,20220600
2022-05-02 23:00:00,2413.0,20220600,2409.0,20220500,2413.0,20220600
2022-05-16 23:00:00,2084.0,20220700,2082.0,20220600,2084.0,20220700
2022-05-23 23:00:00,2161.0,20220700,2159.0,20220600,2161.0,20220700
2022-05-24 23:00:00,2161.0,20220700,2168.0,20220600,2161.0,20220700
2022-05-25 23:00:00,2161.0,20220700,2232.0,20220600,2161.0,20220700
2022-05-26 23:00:00,2161.0,20220700,2225.0,20220600,2161.0,20220700
2022-05-27 23:00:00,2161.0,20220700,2259.0,20220600,2161.0,20220700
2022-05-30 23:00:00,2264.0,20220700,2262.0,20220600,2264.0,20220700
2022-05-31 23:00:00,2264.0,20220700,2254.0,20220600,2264.0,20220700
2022-06-01 23:00:00,2264.0,20220700,2254.0,20220600,2264.0,20220700
2022-06-02 23:00:00,2264.0,20220700,2275.0,20220600,2264.0,20220700
2022-06-06 23:00:00,2235.0,20220700,2235.0,20220600,2235.0,20220700
2022-06-13 23:00:00,2143.0,20220800,2138.0,20220700,2143.0,20220800
2022-06-20 23:00:00,2054.0,20220800,2049.0,20220700,2054.0,20220800
2022-06-23 23:00:00,2054.0,20220800,2044.0,20220700,2054.0,20220800
2022-06-24 23:00:00,2054.0,20220800,2059.0,20220700,2054.0,20220800
2022-06-27 23:00:00,2103.0,20220800,2099.0,20220700,2103.0,20220800
2022-06-28 23:00:00,2103.0,20220800,2110.0,20220700,2103.0,20220800
2022-06-29 23:00:00,2103.0,20220800,2099.0,20220700,2103.0,20220800
2022-06-30 23:00:00,2103.0,20220800,2088.0,20220700,2103.0,20220800
2022-07-01 23:00:00,2103.0,20220800,2046.0,20220700,2103.0,20220800
2022-07-04 23:00:00,2079.0,20220800,2074.0,20220700,2079.0,20220800
2022-07-11 23:00:00,2038.0,20220900,2034.0,20220800,2038.0,20220900
2022-07-18 23:00:00,2047.0,20220900,2043.0,20220800,2047.0,20220900
2022-07-25 23:00:00,2069.0,20220900,2064.0,20220800,2069.0,20220900
2022-07-27 23:00:00,2069.0,20220900,2046.0,20220800,2069.0,20220900
2022-07-28 23:00:00,2069.0,20220900,2084.0,20220800,2069.0,20220900
2022-07-29 23:00:00,2069.0,20220900,2092.0,20220800,2069.0,20220900
2022-08-01 23:00:00,2131.0,20220900,2124.0,20220800,2131.0,20220900
2022-08-02 23:00:00,2131.0,20220900,2125.0,20220800,2131.0,20220900
2022-08-03 23:00:00,2131.0,20220900,2143.0,20220800,2131.0,20220900
2022-08-04 23:00:00,2131.0,20220900,2162.0,20220800,2131.0,20220900
2022-08-05 23:00:00,2131.0,20220900,2162.0,20220800,2131.0,20220900
2022-08-08 23:00:00,2175.0,20220900,2168.0,20220800,2175.0,20220900
2022-08-15 23:00:00,2210.0,20221000,2202.0,20220900,2210.0,20221000
2022-08-22 23:00:00,2192.0,20221000,2184.0,20220900,2192.0,20221000
2022-08-25 23:00:00,2192.0,20221000,2210.0,20220900,2192.0,20221000
2022-08-29 23:00:00,2194.0,20221000,2186.0,20220900,2194.0,20221000
2022-08-30 23:00:00,2194.0,20221000,2200.0,20220900,2194.0,20221000
2022-08-31 23:00:00,2194.0,20221000,2188.0,20220900,2194.0,20221000
2022-09-05 23:00:00,2194.0,20221000,2197.0,20220900,2194.0,20221000
2022-09-06 23:00:00,2194.0,20221000,2198.0,20220900,2194.0,20221000
2022-09-07 23:00:00,2194.0,20221000,2178.0,20220900,2194.0,20221000
2022-09-08 23:00:00,2194.0,20221000,2138.0,20220900,2194.0,20221000
2022-09-09 23:00:00,2194.0,20221000,2147.0,20220900,2194.0,20221000
2022-09-12 23:00:00,2169.0,20221000,2161.0,20220900,2169.0,20221000
2022-09-14 23:00:00,2169.0,20221100,2131.0,20221000,2169.0,20221100
2022-09-19 23:00:00,2104.0,20221100,2094.0,20221000,2104.0,20221100
2022-09-23 23:00:00,2104.0,20221100,2096.0,20221000,2104.0,20221100
2022-09-26 23:00:00,2038.0,20221100,2030.0,20221000,2038.0,20221100
2022-09-27 23:00:00,2038.0,20221100,2021.0,20221000,2038.0,20221100
2022-09-28 23:00:00,2038.0,20221100,1952.0,20221000,2038.0,20221100
2022-09-29 23:00:00,2038.0,20221100,1963.0,20221000,2038.0,20221100
2022-09-30 23:00:00,2038.0,20221100,1914.0,20221000,2038.0,20221100
2022-10-03 23:00:00,1875.0,20221100,1867.0,20221000,1875.0,20221100
2022-10-10 23:00:00,1829.0,20221200,1819.0,20221100,1829.0,20221200
2022-10-17 23:00:00,1817.0,20221200,1808.0,20221100,1817.0,20221200
2022-10-21 02:15:00,1817.0,20221200,1802.0,20221100,1817.0,20221200
2022-10-21 07:00:00,1817.0,20221200,1729.0,20221100,1817.0,20221200
2022-10-21 08:00:00,1817.0,20221200,1720.0,20221100,1817.0,20221200
2022-10-21 23:00:00,1817.0,20221200,1720.0,20221100,1817.0,20221200
2022-10-24 03:00:00,1817.0,20221200,1720.0,20221100,1817.0,20221200
2022-10-24 04:00:00,1817.0,20221200,1705.0,20221100,1817.0,20221200
2022-10-24 07:00:00,1817.0,20221200,1631.0,20221100,1817.0,20221200
2022-10-24 23:00:00,1677.0,20221200,1660.0,20221100,1677.0,20221200
2022-10-25 03:00:00,1677.0,20221200,1632.0,20221100,1677.0,20221200
2022-10-25 04:00:00,1677.0,20221200,1651.0,20221100,1677.0,20221200
2022-10-25 05:00:00,1677.0,20221200,1674.0,20221100,1677.0,20221200
2022-10-25 07:00:00,1677.0,20221200,1670.0,20221100,1677.0,20221200
2022-10-25 23:00:00,1677.0,20221200,1689.0,20221100,1677.0,20221200
2022-10-26 05:00:00,1677.0,20221200,1652.0,20221100,1677.0,20221200
2022-10-26 06:00:00,1677.0,20221200,1656.0,20221100,1677.0,20221200
2022-10-26 07:00:00,1677.0,20221200,1654.0,20221100,1677.0,20221200
2022-10-26 08:00:00,1677.0,20221200,1673.0,20221100,1677.0,20221200
2022-10-26 23:00:00,1677.0,20221200,1673.0,20221100,1677.0,20221200
2022-10-27 03:00:00,1677.0,20221200,1687.0,20221100,1677.0,20221200
2022-10-27 04:00:00,1677.0,20221200,1695.0,20221100,1677.0,20221200
2022-10-27 07:00:00,1677.0,20221200,1714.0,20221100,1677.0,20221200
2022-10-27 23:00:00,1677.0,20221200,1714.0,20221100,1677.0,20221200
2022-10-28 03:00:00,1677.0,20221200,1728.0,20221100,1677.0,20221200
2022-10-28 04:00:00,1677.0,20221200,1710.0,20221100,1677.0,20221200
2022-10-28 05:00:00,1677.0,20221200,1753.0,20221100,1677.0,20221200
2022-10-28 23:00:00,1677.0,20221200,1753.0,20221100,1677.0,20221200
2022-10-31 03:00:00,1677.0,20221200,1675.0,20221100,1677.0,20221200
2022-10-31 04:00:00,1677.0,20221200,1666.0,20221100,1677.0,20221200
2022-10-31 05:00:00,1677.0,20221200,1664.0,20221100,1677.0,20221200
2022-10-31 23:00:00,1721.0,20221200,1711.0,20221100,1721.0,20221200
2022-11-01 04:00:00,1721.0,20221200,1710.0,20221100,1721.0,20221200
2022-11-01 07:00:00,1721.0,20221200,1705.0,20221100,1721.0,20221200
2022-11-01 23:00:00,1721.0,20221200,1722.0,20221100,1721.0,20221200
2022-11-02 03:00:00,1721.0,20221200,1721.0,20221100,1721.0,20221200
2022-11-02 05:00:00,1721.0,20221200,1696.0,20221100,1721.0,20221200
2022-11-02 06:00:00,1721.0,20221200,1698.0,20221100,1721.0,20221200
2022-11-02 23:00:00,1721.0,20221200,1698.0,20221100,1721.0,20221200
2022-11-03 03:00:00,1721.0,20221200,1684.0,20221100,1721.0,20221200
2022-11-03 04:00:00,1721.0,20221200,1686.0,20221100,1721.0,20221200
2022-11-03 06:00:00,1721.0,20221200,1677.0,20221100,1721.0,20221200
2022-11-03 07:00:00,1721.0,20221200,1679.0,20221100,1721.0,20221200
2022-11-03 23:00:00,1721.0,20221200,1690.0,20221100,1721.0,20221200
2022-11-04 03:00:00,1721.0,20221200,1611.0,20221100,1721.0,20221200
2022-11-04 04:00:00,1721.0,20221200,1606.0,20221100,1721.0,20221200
2022-11-04 05:00:00,1721.0,20221200,1611.0,20221100,1721.0,20221200
2022-11-04 23:00:00,1721.0,20221200,1611.0,20221100,1721.0,20221200
2022-11-07 03:00:00,1721.0,20221200,1600.0,20221100,1721.0,20221200
2022-11-07 06:00:00,1721.0,20221200,1600.0,20221100,1721.0,20221200
2022-11-07 23:00:00,1612.0,20221200,1605.0,20221100,1612.0,20221200
2022-11-08 02:00:00,1612.0,20221200,1571.0,20221100,1612.0,20221200
2022-11-08 03:00:00,1612.0,20221200,1583.0,20221100,1612.0,20221200
2022-11-08 04:00:00,1612.0,20221200,1565.0,20221100,1612.0,20221200
2022-11-08 05:00:00,1612.0,20221200,1559.0,20221100,1612.0,20221200
2022-11-08 06:00:00,1612.0,20221200,1570.0,20221100,1612.0,20221200
2022-11-08 07:00:00,1612.0,20221200,1560.0,20221100,1612.0,20221200
2022-11-08 23:00:00,1612.0,20221200,1601.0,20221100,1612.0,20221200
2022-11-09 02:00:00,1612.0,20221200,1600.0,20221100,1612.0,20221200
2022-11-09 03:00:00,1612.0,20221200,1591.0,20221100,1612.0,20221200
2022-11-09 04:00:00,1612.0,20221200,1591.0,20221100,1612.0,20221200
2022-11-09 06:00:00,1612.0,20221200,1566.0,20221100,1612.0,20221200
2022-11-09 07:00:00,1612.0,20221200,1592.0,20221100,1612.0,20221200
2022-11-09 23:00:00,1612.0,20221200,1592.0,20221100,1612.0,20221200
2022-11-10 03:00:00,1612.0,20221200,1547.0,20221100,1612.0,20221200
2022-11-10 06:00:00,1612.0,20221200,1515.0,20221100,1612.0,20221200
2022-11-10 07:00:00,1612.0,20221200,1461.0,20221100,1612.0,20221200
2022-11-10 23:00:00,1612.0,20221200,1527.0,20221100,1612.0,20221200
2022-11-11 03:00:00,1612.0,20221200,1560.0,20221100,1612.0,20221200
2022-11-11 04:00:00,1612.0,20221200,1552.0,20221100,1612.0,20221200
2022-11-11 07:00:00,1612.0,20221200,1529.0,20221100,1612.0,20221200
2022-11-11 23:00:00,1612.0,20221200,1529.0,20221100,1612.0,20221200
2022-11-14 05:00:00,1612.0,20221200,1489.0,20221100,1612.0,20221200
2022-11-14 23:00:00,1539.0,20221200,1531.0,20221100,1539.0,20221200
2022-11-15 05:00:00,1539.0,20221200,1475.0,20221100,1539.0,20221200
2022-11-15 06:00:00,1539.0,20221200,1470.0,20221100,1539.0,20221200
2022-11-15 23:00:00,1539.0,20221200,1506.0,20221100,1539.0,20221200
2022-11-16 03:00:00,1539.0,20221200,1462.0,20221100,1539.0,20221200
2022-11-16 04:00:00,1539.0,20221200,1526.0,20221100,1539.0,20221200
2022-11-16 05:00:00,1539.0,20221200,1509.0,20221100,1539.0,20221200
2022-11-16 06:00:00,1539.0,20221200,1504.0,20221100,1539.0,20221200
2022-11-16 23:00:00,1539.0,20221200,1504.0,20221100,1539.0,20221200
2022-11-17 03:00:00,1539.0,20221200,1562.0,20221100,1539.0,20221200
2022-11-17 04:00:00,1539.0,20221200,1567.0,20221100,1539.0,20221200
2022-11-17 05:00:00,1539.0,20221200,1575.0,20221100,1539.0,20221200
2022-11-17 23:00:00,1539.0,20221200,1575.0,20221100,1539.0,20221200
2022-11-18 02:00:00,1539.0,20221200,1600.0,20221100,1539.0,20221200
2022-11-18 03:00:00,1539.0,20221200,1584.0,20221100,1539.0,20221200
2022-11-18 04:00:00,1539.0,20221200,1564.0,20221100,1539.0,20221200
2022-11-18 05:00:00,1539.0,20221200,1566.0,20221100,1539.0,20221200
2022-11-18 23:00:00,1539.0,20221200,1566.0,20221100,1539.0,20221200
2022-11-21 03:00:00,1539.0,20221200,1593.0,20221100,1539.0,20221200
2022-11-21 04:00:00,1539.0,20221200,1585.0,20221100,1539.0,20221200
2022-11-21 05:00:00,1539.0,20221200,1580.0,20221100,1539.0,20221200
2022-11-21 23:00:00,1595.0,20221200,1588.0,20221100,1595.0,20221200
2022-11-22 04:00:00,1595.0,20221200,1607.0,20221100,1595.0,20221200
2022-11-22 05:00:00,1595.0,20221200,1595.0,20221100,1595.0,20221200
2022-11-22 23:00:00,1595.0,20221200,1561.0,20221100,1595.0,20221200
2022-11-23 05:00:00,1595.0,20221200,1553.0,20221100,1595.0,20221200
2022-11-23 06:00:00,1595.0,20221200,1553.0,20221100,1595.0,20221200
2022-11-23 07:00:00,1595.0,20221200,1549.0,20221100,1595.0,20221200
2022-11-23 23:00:00,1595.0,20221200,1549.0,20221100,1595.0,20221200
2022-11-24 04:00:00,1595.0,20221200,1533.0,20221100,1595.0,20221200
2022-11-24 05:00:00,1595.0,20221200,1535.0,20221100,1595.0,20221200
2022-11-24 23:00:00,1595.0,20221200,1547.0,20221100,1595.0,20221200
2022-11-25 03:00:00,1595.0,20221200,1577.0,20221100,1595.0,20221200
2022-11-25 04:00:00,1595.0,20221200,1575.0,20221100,1595.0,20221200
2022-11-25 06:00:00,1595.0,20221200,1580.0,20221100,1595.0,20221200
2022-11-25 07:00:00,1595.0,20221200,1600.0,20221100,1595.0,20221200
2022-11-25 23:00:00,1595.0,20221200,1600.0,20221100,1595.0,20221200
2022-11-28 03:00:00,1595.0,20221200,1642.0,20221100,1595.0,20221200
2022-11-28 06:00:00,1675.0,20221200,1665.0,20221100,1675.0,20221200
2022-11-28 07:00:00,1677.0,20221200,1672.0,20221100,1677.0,20221200
2022-11-28 07:00:01,1677.0,20230100,1677.0,20221200,1677.0,20230100
2022-11-28 23:00:00,1670.0,20230100,1664.0,20221200,1670.0,20230100
2022-11-30 05:00:00,1670.0,20230100,1706.0,20221200,1670.0,20230100
2022-11-30 23:00:00,1670.0,20230100,1706.0,20221200,1670.0,20230100
2022-12-01 05:00:00,1670.0,20230100,1767.0,20221200,1670.0,20230100
2022-12-01 06:00:00,1670.0,20230100,1755.0,20221200,1670.0,20230100
2022-12-01 07:00:00,1670.0,20230100,1740.0,20221200,1670.0,20230100
2022-12-01 23:00:00,1670.0,20230100,1740.0,20221200,1670.0,20230100
2022-12-02 04:00:00,1670.0,20230100,1726.0,20221200,1670.0,20230100
2022-12-02 05:00:00,1670.0,20230100,1730.0,20221200,1670.0,20230100
2022-12-02 23:00:00,1670.0,20230100,1730.0,20221200,1670.0,20230100
2022-12-05 03:00:00,1670.0,20230100,1827.0,20221200,1670.0,20230100
2022-12-05 04:00:00,1670.0,20230100,1815.0,20221200,1670.0,20230100
2022-12-05 23:00:00,1857.0,20230100,1846.0,20221200,1857.0,20230100
2022-12-06 04:00:00,1857.0,20230100,1795.0,20221200,1857.0,20230100
2022-12-06 23:00:00,1857.0,20230100,1765.0,20221200,1857.0,20230100
2022-12-07 03:00:00,1857.0,20230100,1754.0,20221200,1857.0,20230100
2022-12-07 04:00:00,1857.0,20230100,1768.0,20221200,1857.0,20230100
2022-12-07 05:00:00,1857.0,20230100,1762.0,20221200,1857.0,20230100
2022-12-07 06:00:00,1857.0,20230100,1774.0,20221200,1857.0,20230100
2022-12-07 23:00:00,1857.0,20230100,1768.0,20221200,1857.0,20230100
2022-12-08 03:00:00,1857.0,20230100,1824.0,20221200,1857.0,20230100
2022-12-08 04:00:00,1857.0,20230100,1807.0,20221200,1857.0,20230100
2022-12-08 05:00:00,1857.0,20230100,1812.0,20221200,1857.0,20230100
2022-12-08 06:00:00,1857.0,20230100,1812.0,20221200,1857.0,20230100
2022-12-08 23:00:00,1857.0,20230100,1771.0,20221200,1857.0,20230100
2022-12-09 05:00:00,1857.0,20230100,1772.0,20221200,1857.0,20230100
2022-12-09 23:00:00,1857.0,20230100,1772.0,20221200,1857.0,20230100
2022-12-12 03:00:00,1857.0,20230100,1772.0,20221200,1857.0,20230100
2022-12-12 04:00:00,1857.0,20230100,1767.0,20221200,1857.0,20230100
2022-12-12 05:00:00,1857.0,20230100,1766.0,20221200,1857.0,20230100
2022-12-12 23:00:00,1717.0,20230100,1707.0,20221200,1717.0,20230100
2022-12-13 04:00:00,1717.0,20230100,1707.0,20221200,1717.0,20230100
2022-12-13 05:00:00,1717.0,20230100,1709.0,20221200,1717.0,20230100
2022-12-13 07:00:00,1717.0,20230100,1709.0,20221200,1717.0,20230100
2022-12-13 23:00:00,1717.0,20230100,1733.0,20221200,1717.0,20230100
2022-12-14 02:00:00,1717.0,20230100,1732.0,20221200,1717.0,20230100
2022-12-14 03:00:00,1717.0,20230100,1736.0,20221200,1717.0,20230100
2022-12-14 05:00:00,1717.0,20230100,1722.0,20221200,1717.0,20230100
2022-12-14 23:00:00,1717.0,20230100,1731.0,20221200,1717.0,20230100
2022-12-15 03:00:00,1717.0,20230100,1735.0,20221200,1717.0,20230100
2022-12-15 05:00:00,1717.0,20230100,1735.0,20221200,1717.0,20230100
2022-12-15 06:00:00,1717.0,20230100,1731.0,20221200,1717.0,20230100
2022-12-15 23:00:00,1717.0,20230100,1728.0,20221200,1717.0,20230100
2022-12-16 04:00:00,1717.0,20230100,1731.0,20221200,1717.0,20230100
2022-12-16 05:00:00,1717.0,20230100,1730.0,20221200,1717.0,20230100
2022-12-16 23:00:00,1717.0,20230100,1730.0,20221200,1717.0,20230100
2022-12-19 05:00:00,1717.0,20230100,1745.0,20221200,1717.0,20230100
2022-12-19 06:00:00,1717.0,20230100,1732.0,20221200,1717.0,20230100
2022-12-19 07:00:00,1717.0,20230100,1698.0,20221200,1717.0,20230100
2022-12-19 23:00:00,1702.0,20230100,1692.0,20221200,1702.0,20230100
2022-12-20 03:00:00,1702.0,20230100,1671.0,20221200,1702.0,20230100
2022-12-20 04:00:00,1702.0,20230100,1658.0,20221200,1702.0,20230100
2022-12-20 05:00:00,1702.0,20230100,1648.0,20221200,1702.0,20230100
2022-12-20 06:00:00,1702.0,20230100,1655.0,20221200,1702.0,20230100
2022-12-20 23:00:00,1702.0,20230100,1660.0,20221200,1702.0,20230100
2022-12-21 02:00:00,1702.0,20230100,1673.0,20221200,1702.0,20230100
2022-12-21 05:00:00,1702.0,20230100,1664.0,20221200,1702.0,20230100
2022-12-21 23:00:00,1702.0,20230100,1652.0,20221200,1702.0,20230100
2022-12-22 05:00:00,1702.0,20230100,1659.0,20221200,1702.0,20230100
2022-12-22 23:00:00,1702.0,20230100,1659.0,20221200,1702.0,20230100
2022-12-23 04:00:00,1702.0,20230100,1634.0,20221200,1702.0,20230100
2022-12-23 05:00:00,1702.0,20230100,1637.0,20221200,1702.0,20230100
2022-12-23 23:00:00,1702.0,20230100,1637.0,20221200,1702.0,20230100
2022-12-26 05:00:00,1702.0,20230100,1635.0,20221200,1702.0,20230100
2022-12-26 23:00:00,1610.0,20230100,1600.0,20221200,1610.0,20230100
2022-12-27 01:00:00,1610.0,20230100,1600.0,20221200,1610.0,20230100
2022-12-27 04:00:00,1610.0,20230100,1611.0,20221200,1610.0,20230100
2022-12-27 05:00:00,1610.0,20230100,1598.0,20221200,1610.0,20230100
2022-12-27 06:00:00,1600.0,20230100,1590.0,20221200,1600.0,20230100
2022-12-27 07:00:00,1600.0,20230100,1590.0,20221200,1600.0,20230100
2022-12-27 23:00:00,1600.0,20230100,1613.0,20221200,1600.0,20230100
2022-12-28 02:00:00,1600.0,20230100,1610.0,20221200,1600.0,20230100
2022-12-28 03:00:00,1621.0,20230100,1608.0,20221200,1621.0,20230100
2022-12-28 04:00:00,1614.0,20230100,1611.0,20221200,1614.0,20230100
2022-12-28 05:00:00,1626.0,20230100,1613.0,20221200,1626.0,20230100
2022-12-28 05:00:01,1626.0,20230200,1626.0,20230100,1626.0,20230200
2022-12-28 23:00:00,1626.0,20230200,1626.0,20230100,1626.0,20230200
2022-12-29 02:00:00,1626.0,20230200,1632.0,20230100,1626.0,20230200
2022-12-29 03:00:00,1626.0,20230200,1623.0,20230100,1626.0,20230200
2022-12-29 04:00:00,1626.0,20230200,1619.0,20230100,1626.0,20230200
2022-12-29 06:00:00,1626.0,20230200,1621.0,20230100,1626.0,20230200
2022-12-29 07:00:00,1626.0,20230200,1620.0,20230100,1626.0,20230200
2022-12-29 23:00:00,1626.0,20230200,1620.0,20230100,1626.0,20230200
2022-12-30 04:00:00,1626.0,20230200,1634.0,20230100,1626.0,20230200
2022-12-30 05:00:00,1626.0,20230200,1635.0,20230100,1626.0,20230200
2022-12-30 23:00:00,1626.0,20230200,1635.0,20230100,1626.0,20230200
2023-01-03 02:00:00,1626.0,20230200,1627.0,20230100,1626.0,20230200
2023-01-03 04:00:00,1626.0,20230200,1637.0,20230100,1626.0,20230200
2023-01-03 05:00:00,1626.0,20230200,1634.0,20230100,1626.0,20230200
2023-01-03 06:00:00,1626.0,20230200,1647.0,20230100,1626.0,20230200
2023-01-03 07:00:00,1626.0,20230200,1670.0,20230100,1626.0,20230200
2023-01-03 23:00:00,1698.0,20230200,1689.0,20230100,1698.0,20230200
2023-01-04 04:00:00,1698.0,20230200,1679.0,20230100,1698.0,20230200
2023-01-04 05:00:00,1698.0,20230200,1679.0,20230100,1698.0,20230200
2023-01-04 23:00:00,1698.0,20230200,1679.0,20230100,1698.0,20230200
2023-01-05 03:00:00,1698.0,20230200,1704.0,20230100,1698.0,20230200
2023-01-05 04:00:00,1698.0,20230200,1699.0,20230100,1698.0,20230200
2023-01-05 23:00:00,1698.0,20230200,1699.0,20230100,1698.0,20230200
2023-01-06 03:00:00,1698.0,20230200,1709.0,20230100,1698.0,20230200
2023-01-06 05:00:00,1698.0,20230200,1711.0,20230100,1698.0,20230200
2023-01-06 06:00:00,1698.0,20230200,1688.0,20230100,1698.0,20230200
2023-01-06 07:00:00,1698.0,20230200,1690.0,20230100,1698.0,20230200
2023-01-06 23:00:00,1698.0,20230200,1690.0,20230100,1698.0,20230200
2023-01-09 02:00:00,1698.0,20230200,1710.0,20230100,1698.0,20230200
2023-01-09 03:00:00,1698.0,20230200,1711.0,20230100,1698.0,20230200
2023-01-09 05:00:00,1698.0,20230200,1709.0,20230100,1698.0,20230200
2023-01-09 23:00:00,1717.0,20230200,1706.0,20230100,1717.0,20230200
2023-01-10 02:00:00,1717.0,20230200,1709.0,20230100,1717.0,20230200
2023-01-10 04:00:00,1717.0,20230200,1697.0,20230100,1717.0,20230200
2023-01-10 23:00:00,1717.0,20230200,1705.0,20230100,1717.0,20230200
2023-01-11 02:00:00,1717.0,20230200,1714.0,20230100,1717.0,20230200
2023-01-11 04:00:00,1717.0,20230200,1726.0,20230100,1717.0,20230200
2023-01-11 05:00:00,1717.0,20230200,1727.0,20230100,1717.0,20230200
2023-01-11 06:00:00,1717.0,20230200,1721.0,20230100,1717.0,20230200
2023-01-11 23:00:00,1717.0,20230200,1721.0,20230100,1717.0,20230200
2023-01-12 03:00:00,1717.0,20230200,1705.0,20230100,1717.0,20230200
2023-01-12 04:00:00,1717.0,20230200,1707.0,20230100,1717.0,20230200
2023-01-12 06:00:00,1717.0,20230200,1704.0,20230100,1717.0,20230200
2023-01-12 23:00:00,1717.0,20230200,1704.0,20230100,1717.0,20230200
2023-01-13 02:00:00,1717.0,20230200,1727.0,20230100,1717.0,20230200
2023-01-13 04:00:00,1717.0,20230200,1717.0,20230100,1717.0,20230200
2023-01-13 05:00:00,1717.0,20230200,1718.0,20230100,1717.0,20230200
2023-01-13 23:00:00,1717.0,20230200,1718.0,20230100,1717.0,20230200
2023-01-16 04:00:00,1717.0,20230200,1712.0,20230100,1717.0,20230200
2023-01-16 07:00:00,1726.0,20230200,1716.0,20230100,1726.0,20230200
2023-01-16 23:00:00,1724.0,20230200,1713.0,20230100,1724.0,20230200
2023-01-18 02:00:00,1724.0,20230200,1793.0,20230100,1724.0,20230200
2023-01-18 03:00:00,1724.0,20230200,1786.0,20230100,1724.0,20230200
2023-01-18 04:00:00,1724.0,20230200,1785.0,20230100,1724.0,20230200
2023-01-18 05:00:00,1724.0,20230200,1794.0,20230100,1724.0,20230200
2023-01-18 07:00:00,1724.0,20230200,1797.0,20230100,1724.0,20230200
2023-01-18 09:00:00,1724.0,20230200,1792.0,20230100,1724.0,20230200
2023-01-18 23:00:00,1724.0,20230200,1797.0,20230100,1724.0,20230200
2023-01-19 02:00:00,1724.0,20230200,1798.0,20230100,1724.0,20230200
2023-01-19 23:00:00,1724.0,20230200,1798.0,20230100,1724.0,20230200
2023-01-20 01:00:00,1780.0,20230200,1775.0,20230100,1780.0,20230200
2023-01-20 06:00:00,1780.0,20230200,1812.0,20230100,1780.0,20230200
2023-01-20 23:00:00,1780.0,20230200,1812.0,20230100,1780.0,20230200
2023-01-23 04:00:00,1780.0,20230200,1812.0,20230100,1780.0,20230200
2023-01-23 04:00:01,1780.0,20230200,1812.0,20230100,1822.0,20230200
2023-01-23 04:00:02,1780.0,20230300,1822.0,20230200,1822.0,20230300
2023-01-23 23:00:00,1833.0,20230300,1821.0,20230200,1833.0,20230300
2023-01-25 02:00:00,1833.0,20230300,1812.0,20230200,1833.0,20230300
2023-01-25 23:00:00,1833.0,20230300,1813.0,20230200,1833.0,20230300
2023-01-26 03:00:00,1833.0,20230300,1809.0,20230200,1833.0,20230300
2023-01-26 23:00:00,1833.0,20230300,1809.0,20230200,1833.0,20230300
2023-01-30 02:00:00,1833.0,20230300,1823.0,20230200,1833.0,20230300
2023-01-30 03:00:00,1833.0,20230300,1795.0,20230200,1833.0,20230300
2023-01-30 07:00:00,1833.0,20230300,1785.0,20230200,1833.0,20230300
2023-01-30 23:00:00,1805.0,20230300,1791.0,20230200,1805.0,20230300
2023-01-31 02:00:00,1790.0,20230300,1791.0,20230200,1790.0,20230300
2023-01-31 06:00:00,1790.0,20230300,1774.0,20230200,1790.0,20230300
2023-01-31 23:00:00,1790.0,20230300,1789.0,20230200,1790.0,20230300
2023-02-01 04:00:00,1790.0,20230300,1783.0,20230200,1790.0,20230300
2023-02-01 05:00:00,1790.0,20230300,1777.0,20230200,1790.0,20230300
2023-02-01 23:00:00,1741.0,20230300,1728.0,20230200,1741.0,20230300
2023-02-02 05:00:00,1741.0,20230300,1734.0,20230200,1741.0,20230300
2023-02-02 23:00:00,1745.0,20230300,1732.0,20230200,1745.0,20230300
2023-02-03 05:00:00,1745.0,20230300,1737.0,20230200,1745.0,20230300
2023-02-03 07:00:00,1745.0,20230300,1725.0,20230200,1745.0,20230300
2023-02-03 23:00:00,1745.0,20230300,1725.0,20230200,1745.0,20230300
2023-02-06 02:00:00,1745.0,20230300,1717.0,20230200,1745.0,20230300
2023-02-06 04:00:00,1745.0,20230300,1728.0,20230200,1745.0,20230300
2023-02-06 05:00:00,1745.0,20230300,1727.0,20230200,1745.0,20230300
2023-02-06 07:00:00,1745.0,20230300,1740.0,20230200,1745.0,20230300
2023-02-06 23:00:00,1761.0,20230300,1749.0,20230200,1761.0,20230300
2023-02-07 02:00:00,1761.0,20230300,1744.0,20230200,1761.0,20230300
2023-02-07 03:00:00,1761.0,20230300,1740.0,20230200,1761.0,20230300
2023-02-07 05:00:00,1761.0,20230300,1728.0,20230200,1761.0,20230300
2023-02-07 06:00:00,1761.0,20230300,1717.0,20230200,1761.0,20230300
2023-02-07 07:00:00,1761.0,20230300,1699.0,20230200,1761.0,20230300
2023-02-07 23:00:00,1707.0,20230300,1695.0,20230200,1707.0,20230300
2023-02-08 02:00:00,1707.0,20230300,1697.0,20230200,1707.0,20230300
2023-02-08 03:00:00,1707.0,20230300,1709.0,20230200,1707.0,20230300
2023-02-08 05:00:00,1707.0,20230300,1697.0,20230200,1707.0,20230300
2023-02-08 06:00:00,1707.0,20230300,1705.0,20230200,1707.0,20230300
2023-02-08 23:00:00,1715.0,20230300,1704.0,20230200,1715.0,20230300
2023-02-09 03:00:00,1715.0,20230300,1701.0,20230200,1715.0,20230300
2023-02-09 04:00:00,1715.0,20230300,1700.0,20230200,1715.0,20230300
2023-02-09 04:00:01,1715.0,20230300,1700.0,20230200,1712.0,20230300
2023-02-09 04:00:02,1715.0,20230400,1712.0,20230300,1712.0,20230400
2023-02-09 23:00:00,1715.0,20230400,1692.0,20230300,1712.0,20230400
2023-02-13 23:00:00,1676.0,20230400,1665.0,20230300,1676.0,20230400
2023-02-14 23:00:00,1676.0,20230400,1659.0,20230300,1676.0,20230400
2023-02-15 23:00:00,1676.0,20230400,1670.0,20230300,1676.0,20230400
2023-02-20 05:00:00,1676.0,20230400,1723.0,20230300,1676.0,20230400
2023-02-20 23:00:00,1749.0,20230400,1738.0,20230300,1749.0,20230400
2023-02-21 23:00:00,1749.0,20230400,1736.0,20230300,1749.0,20230400
2023-02-22 03:00:00,1749.0,20230400,1717.0,20230300,1749.0,20230400
2023-02-22 23:00:00,1749.0,20230400,1680.0,20230300,1749.0,20230400
2023-02-23 23:00:00,1749.0,20230400,1658.0,20230300,1749.0,20230400
2023-02-24 05:00:00,1749.0,20230400,1639.0,20230300,1749.0,20230400
2023-02-24 14:00:00,1749.0,20230400,1725.0,20230300,1749.0,20230400
2023-02-24 15:00:00,1749.0,20230400,1746.0,20230300,1749.0,20230400
2023-02-24 23:00:00,1749.0,20230400,1639.0,20230300,1749.0,20230400
2023-02-25 23:00:00,1749.0,20230400,1746.0,20230300,1749.0,20230400
2023-02-27 02:00:00,1749.0,20230400,1626.0,20230300,1749.0,20230400
2023-02-27 03:00:00,1749.0,20230400,1626.0,20230300,1749.0,20230400
2023-02-27 23:00:00,1601.0,20230400,1600.0,20230300,1601.0,20230400
2023-02-28 02:00:00,1601.0,20230400,1615.0,20230300,1601.0,20230400
2023-02-28 03:00:00,1601.0,20230400,1619.0,20230300,1601.0,20230400
2023-02-28 04:00:00,1601.0,20230400,1628.0,20230300,1601.0,20230400
2023-02-28 05:00:00,1601.0,20230400,1629.0,20230300,1601.0,20230400
2023-02-28 06:00:00,1601.0,20230400,1610.0,20230300,1601.0,20230400
2023-02-28 07:00:00,1601.0,20230400,1608.0,20230300,1601.0,20230400
2023-02-28 23:00:00,1601.0,20230400,1605.0,20230300,1601.0,20230400
2023-03-01 02:00:00,1601.0,20230400,1599.0,20230300,1601.0,20230400
2023-03-01 03:00:00,1601.0,20230400,1611.0,20230300,1601.0,20230400
2023-03-01 04:00:00,1601.0,20230400,1621.0,20230300,1601.0,20230400
2023-03-01 05:00:00,1601.0,20230400,1624.0,20230300,1601.0,20230400
2023-03-01 06:00:00,1601.0,20230400,1625.0,20230300,1601.0,20230400
2023-03-01 07:00:00,1601.0,20230400,1632.0,20230300,1601.0,20230400
2023-03-01 23:00:00,1601.0,20230400,1626.0,20230300,1601.0,20230400
2023-03-02 02:00:00,1601.0,20230400,1634.0,20230300,1601.0,20230400
2023-03-02 03:00:00,1601.0,20230400,1632.0,20230300,1601.0,20230400
2023-03-02 04:00:00,1601.0,20230400,1631.0,20230300,1601.0,20230400
2023-03-02 05:00:00,1601.0,20230400,1636.0,20230300,1601.0,20230400
2023-03-02 06:00:00,1601.0,20230400,1631.0,20230300,1601.0,20230400
2023-03-02 07:00:00,1601.0,20230400,1620.0,20230300,1601.0,20230400
2023-03-02 23:00:00,1601.0,20230400,1619.0,20230300,1601.0,20230400
2023-03-03 02:00:00,1601.0,20230400,1633.0,20230300,1601.0,20230400
2023-03-03 03:00:00,1601.0,20230400,1624.0,20230300,1601.0,20230400
2023-03-03 04:00:00,1601.0,20230400,1617.0,20230300,1601.0,20230400
2023-03-03 05:00:00,1601.0,20230400,1620.0,20230300,1601.0,20230400
2023-03-03 06:00:00,1601.0,20230400,1624.0,20230300,1601.0,20230400
2023-03-03 07:00:00,1601.0,20230400,1602.0,20230300,1601.0,20230400
2023-03-03 23:00:00,1601.0,20230400,1602.0,20230300,1601.0,20230400
2023-03-06 02:00:00,1601.0,20230400,1639.0,20230300,1601.0,20230400
2023-03-06 03:00:00,1601.0,20230400,1635.0,20230300,1601.0,20230400
2023-03-06 04:00:00,1601.0,20230400,1640.0,20230300,1601.0,20230400
2023-03-06 05:00:00,1601.0,20230400,1640.0,20230300,1601.0,20230400
2023-03-06 07:00:00,1601.0,20230400,1606.0,20230300,1601.0,20230400
2023-03-06 23:00:00,1616.0,20230400,1606.0,20230300,1616.0,20230400
2023-03-07 02:00:00,1616.0,20230400,1642.0,20230300,1616.0,20230400
2023-03-07 03:00:00,1616.0,20230400,1638.0,20230300,1616.0,20230400
2023-03-07 04:00:00,1616.0,20230400,1637.0,20230300,1616.0,20230400
2023-03-07 05:00:00,1616.0,20230400,1636.0,20230300,1616.0,20230400
2023-03-07 06:00:00,1616.0,20230400,1642.0,20230300,1616.0,20230400
2023-03-07 07:00:00,1616.0,20230400,1636.0,20230300,1616.0,20230400
2023-03-07 23:00:00,1616.0,20230400,1635.0,20230300,1616.0,20230400
2023-03-08 02:00:00,1616.0,20230400,1629.0,20230300,1616.0,20230400
2023-03-08 03:00:00,1616.0,20230400,1637.0,20230300,1616.0,20230400
2023-03-08 04:00:00,1616.0,20230400,1640.0,20230300,1616.0,20230400
2023-03-08 05:00:00,1616.0,20230400,1638.0,20230300,1616.0,20230400
2023-03-08 06:00:00,1616.0,20230400,1638.0,20230300,1616.0,20230400
2023-03-08 07:00:00,1616.0,20230400,1658.0,20230300,1616.0,20230400
2023-03-08 11:00:00,1616.0,20230400,1650.0,20230300,1616.0,20230400
2023-03-08 23:00:00,1616.0,20230400,1647.0,20230300,1616.0,20230400
2023-03-09 02:00:00,1616.0,20230400,1665.0,20230300,1616.0,20230400
2023-03-09 03:00:00,1616.0,20230400,1668.0,20230300,1616.0,20230400
2023-03-09 04:00:00,1616.0,20230400,1665.0,20230300,1616.0,20230400
2023-03-09 05:00:00,1616.0,20230400,1665.0,20230300,1616.0,20230400
2023-03-09 06:00:00,1616.0,20230400,1663.0,20230300,1616.0,20230400
2023-03-09 07:00:00,1616.0,20230400,1679.0,20230300,1616.0,20230400
2023-03-09 13:00:00,1616.0,20230400,1663.0,20230300,1616.0,20230400
2023-03-09 23:00:00,1616.0,20230400,1660.0,20230300,1616.0,20230400
2023-03-10 02:00:00,1616.0,20230400,1655.0,20230300,1616.0,20230400
2023-03-10 03:00:00,1616.0,20230400,1663.0,20230300,1616.0,20230400
2023-03-10 04:00:00,1616.0,20230400,1654.0,20230300,1616.0,20230400
2023-03-10 05:00:00,1616.0,20230400,1655.0,20230300,1616.0,20230400
2023-03-10 06:00:00,1616.0,20230400,1665.0,20230300,1616.0,20230400
2023-03-10 07:00:00,1616.0,20230400,1661.0,20230300,1616.0,20230400
2023-03-10 10:00:00,1616.0,20230400,1665.0,20230300,1616.0,20230400
2023-03-10 23:00:00,1616.0,20230400,1661.0,20230300,1616.0,20230400
2023-03-11 23:00:00,1616.0,20230400,1665.0,20230300,1616.0,20230400
2023-03-13 02:00:00,1616.0,20230400,1664.0,20230300,1616.0,20230400
2023-03-13 03:00:00,1616.0,20230400,1680.0,20230300,1616.0,20230400
2023-03-13 04:00:00,1616.0,20230400,1681.0,20230300,1616.0,20230400
2023-03-13 05:00:00,1616.0,20230400,1683.0,20230300,1616.0,20230400
2023-03-13 06:00:00,1616.0,20230400,1679.0,20230300,1616.0,20230400
2023-03-13 07:00:00,1616.0,20230400,1670.0,20230300,1616.0,20230400
2023-03-13 23:00:00,1675.0,20230400,1665.0,20230300,1675.0,20230400
2023-03-14 02:00:00,1675.0,20230400,1665.0,20230300,1675.0,20230400
2023-03-14 03:00:00,1675.0,20230400,1660.0,20230300,1675.0,20230400
2023-03-14 04:00:00,1675.0,20230400,1657.0,20230300,1675.0,20230400
2023-03-14 05:00:00,1675.0,20230400,1657.0,20230300,1675.0,20230400
2023-03-14 06:00:00,1675.0,20230400,1646.0,20230300,1675.0,20230400
2023-03-14 07:00:00,1675.0,20230400,1652.0,20230300,1675.0,20230400
2023-03-14 23:00:00,1675.0,20230400,1647.0,20230300,1675.0,20230400
2023-03-15 02:00:00,1675.0,20230400,1672.0,20230300,1675.0,20230400
2023-03-15 03:00:00,1675.0,20230400,1686.0,20230300,1675.0,20230400
2023-03-15 04:00:00,1675.0,20230400,1679.0,20230300,1675.0,20230400
2023-03-15 05:00:00,1675.0,20230400,1674.0,20230300,1675.0,20230400
2023-03-15 06:00:00,1675.0,20230400,1680.0,20230300,1675.0,20230400
2023-03-15 07:00:00,1675.0,20230400,1671.0,20230300,1675.0,20230400
2023-03-15 23:00:00,1675.0,20230400,1675.0,20230300,1675.0,20230400
2023-03-16 02:00:00,1675.0,20230400,1669.0,20230300,1675.0,20230400
2023-03-16 03:00:00,1675.0,20230400,1662.0,20230300,1675.0,20230400
2023-03-16 04:00:00,1675.0,20230400,1664.0,20230300,1675.0,20230400
2023-03-16 05:00:00,1675.0,20230400,1657.0,20230300,1675.0,20230400
2023-03-16 06:00:00,1675.0,20230400,1659.0,20230300,1675.0,20230400
2023-03-16 07:00:00,1675.0,20230400,1651.0,20230300,1675.0,20230400
2023-03-16 08:30:00,1675.0,20230400,1661.0,20230300,1675.0,20230400
2023-03-16 23:00:00,1675.0,20230400,1651.0,20230300,1675.0,20230400
2023-03-17 03:00:00,1675.0,20230400,1664.0,20230300,1675.0,20230400
2023-03-17 04:00:00,1675.0,20230400,1660.0,20230300,1675.0,20230400
2023-03-17 05:00:00,1675.0,20230400,1659.0,20230300,1675.0,20230400
2023-03-17 06:00:00,1675.0,20230400,1654.0,20230300,1675.0,20230400
2023-03-17 07:00:00,1675.0,20230400,1645.0,20230300,1675.0,20230400
2023-03-17 23:00:00,1675.0,20230400,1645.0,20230300,1675.0,20230400
2023-03-20 02:00:00,1675.0,20230400,1644.0,20230300,1675.0,20230400
2023-03-20 03:00:00,1675.0,20230400,1633.0,20230300,1675.0,20230400
2023-03-20 04:00:00,1675.0,20230400,1627.0,20230300,1675.0,20230400
2023-03-20 05:00:00,1675.0,20230400,1628.0,20230300,1675.0,20230400
2023-03-20 06:00:00,1675.0,20230400,1620.0,20230300,1675.0,20230400
2023-03-20 07:00:00,1675.0,20230400,1605.0,20230300,1675.0,20230400
2023-03-20 23:00:00,1614.0,20230400,1607.0,20230300,1614.0,20230400
2023-03-21 02:00:00,1614.0,20230400,1612.0,20230300,1614.0,20230400
2023-03-21 03:00:00,1614.0,20230400,1607.0,20230300,1614.0,20230400
2023-03-21 05:00:00,1614.0,20230400,1606.0,20230300,1614.0,20230400
2023-03-21 06:00:00,1614.0,20230400,1616.0,20230300,1614.0,20230400
2023-03-21 07:00:00,1614.0,20230400,1634.0,20230300,1614.0,20230400
2023-03-21 08:30:00,1614.0,20230400,1635.0,20230300,1614.0,20230400
2023-03-21 10:00:00,1614.0,20230400,1640.0,20230300,1614.0,20230400
2023-03-21 23:00:00,1614.0,20230400,1629.0,20230300,1614.0,20230400
2023-03-22 02:00:00,1614.0,20230400,1634.0,20230300,1614.0,20230400
2023-03-22 03:00:00,1614.0,20230400,1641.0,20230300,1614.0,20230400
2023-03-22 04:00:00,1614.0,20230400,1642.0,20230300,1614.0,20230400
2023-03-22 05:00:00,1614.0,20230400,1643.0,20230300,1614.0,20230400
2023-03-22 06:00:00,1614.0,20230400,1642.0,20230300,1614.0,20230400
2023-03-22 07:00:00,1614.0,20230400,1644.0,20230300,1614.0,20230400
2023-03-22 23:00:00,1614.0,20230400,1643.0,20230300,1614.0,20230400
2023-03-23 02:00:00,1614.0,20230400,1633.0,20230300,1614.0,20230400
2023-03-23 03:00:00,1614.0,20230400,1636.0,20230300,1614.0,20230400
2023-03-23 04:00:00,1614.0,20230400,1636.0,20230300,1614.0,20230400
2023-03-23 05:00:00,1614.0,20230400,1642.0,20230300,1614.0,20230400
2023-03-23 06:00:00,1614.0,20230400,1644.0,20230300,1614.0,20230400
2023-03-23 07:00:00,1614.0,20230400,1650.0,20230300,1614.0,20230400
2023-03-23 12:00:00,1614.0,20230400,1643.0,20230300,1614.0,20230400
2023-03-23 23:00:00,1614.0,20230400,1646.0,20230300,1614.0,20230400
2023-03-24 03:00:00,1664.0,20230400,1659.0,20230300,1664.0,20230400
2023-03-24 04:00:00,1668.0,20230400,1659.0,20230300,1668.0,20230400
2023-03-24 05:00:00,1668.0,20230400,1657.0,20230300,1668.0,20230400
2023-03-24 06:00:00,1668.0,20230400,1670.0,20230300,1668.0,20230400
2023-03-24 07:00:00,1668.0,20230400,1662.0,20230300,1668.0,20230400
2023-03-24 07:00:01,1668.0,20230400,1662.0,20230300,1671.0,20230400
2023-03-24 07:00:02,1668.0,20230500,1671.0,20230400,1671.0,20230500
2023-03-24 23:00:00,1668.0,20230500,1668.0,20230400,1671.0,20230500
2023-03-27 08:00:00,1668.0,20230500,1674.0,20230400,1671.0,20230500
2023-03-27 23:00:00,1679.0,20230500,1672.0,20230400,1679.0,20230500
2023-03-28 05:00:00,1679.0,20230500,1681.0,20230400,1679.0,20230500
2023-03-28 08:00:00,1679.0,20230500,1676.0,20230400,1679.0,20230500
2023-03-28 23:00:00,1679.0,20230500,1674.0,20230400,1679.0,20230500
2023-03-29 03:00:00,1679.0,20230500,1677.0,20230400,1679.0,20230500
2023-03-29 04:00:00,1679.0,20230500,1673.0,20230400,1679.0,20230500
2023-03-29 07:00:00,1679.0,20230500,1667.0,20230400,1679.0,20230500
2023-03-29 23:00:00,1679.0,20230500,1676.0,20230400,1679.0,20230500
2023-03-30 04:00:00,1679.0,20230500,1699.0,20230400,1679.0,20230500
2023-03-30 05:00:00,1679.0,20230500,1697.0,20230400,1679.0,20230500
2023-03-30 07:00:00,1679.0,20230500,1697.0,20230400,1679.0,20230500
2023-03-30 08:00:00,1679.0,20230500,1686.0,20230400,1679.0,20230500
2023-03-30 23:00:00,1679.0,20230500,1695.0,20230400,1679.0,20230500
2023-03-31 03:00:00,1679.0,20230500,1697.0,20230400,1679.0,20230500
2023-03-31 04:00:00,1679.0,20230500,1702.0,20230400,1679.0,20230500
2023-03-31 05:00:00,1679.0,20230500,1702.0,20230400,1679.0,20230500
2023-03-31 06:00:00,1679.0,20230500,1698.0,20230400,1679.0,20230500
2023-03-31 08:00:00,1679.0,20230500,1704.0,20230400,1679.0,20230500
2023-03-31 23:00:00,1679.0,20230500,1704.0,20230400,1679.0,20230500
2023-04-03 03:00:00,1679.0,20230500,1715.0,20230400,1679.0,20230500
2023-04-03 04:00:00,1679.0,20230500,1726.0,20230400,1679.0,20230500
2023-04-03 05:00:00,1679.0,20230500,1725.0,20230400,1679.0,20230500
2023-04-03 06:00:00,1679.0,20230500,1724.0,20230400,1679.0,20230500
2023-04-03 07:00:00,1679.0,20230500,1722.0,20230400,1679.0,20230500
2023-04-03 23:00:00,1679.0,20230500,1725.0,20230400,1679.0,20230500
2023-04-04 03:00:00,1679.0,20230500,1726.0,20230400,1679.0,20230500
2023-04-04 04:00:00,1679.0,20230500,1722.0,20230400,1679.0,20230500
2023-04-04 05:00:00,1679.0,20230500,1726.0,20230400,1679.0,20230500
2023-04-04 07:00:00,1679.0,20230500,1720.0,20230400,1679.0,20230500
2023-04-04 08:00:00,1679.0,20230500,1726.0,20230400,1679.0,20230500
2023-04-04 23:00:00,1679.0,20230500,1725.0,20230400,1679.0,20230500
2023-04-05 03:00:00,1679.0,20230500,1724.0,20230400,1679.0,20230500
2023-04-05 04:00:00,1679.0,20230500,1721.0,20230400,1679.0,20230500
2023-04-05 05:00:00,1679.0,20230500,1722.0,20230400,1679.0,20230500
2023-04-05 07:00:00,1679.0,20230500,1719.0,20230400,1679.0,20230500
2023-04-05 08:00:00,1679.0,20230500,1716.0,20230400,1679.0,20230500
2023-04-05 23:00:00,1679.0,20230500,1722.0,20230400,1679.0,20230500
2023-04-06 03:00:00,1679.0,20230500,1732.0,20230400,1679.0,20230500
2023-04-06 04:00:00,1679.0,20230500,1721.0,20230400,1679.0,20230500
2023-04-06 05:00:00,1679.0,20230500,1724.0,20230400,1679.0,20230500
2023-04-06 06:00:00,1679.0,20230500,1724.0,20230400,1679.0,20230500
2023-04-06 07:00:00,1679.0,20230500,1725.0,20230400,1679.0,20230500
2023-04-06 08:00:00,1679.0,20230500,1715.0,20230400,1679.0,20230500
2023-04-06 10:00:00,1679.0,20230500,1704.0,20230400,1679.0,20230500
2023-04-06 23:00:00,1679.0,20230500,1711.0,20230400,1679.0,20230500
2023-04-07 03:00:00,1679.0,20230500,1710.0,20230400,1679.0,20230500
2023-04-07 04:00:00,1679.0,20230500,1706.0,20230400,1679.0,20230500
2023-04-07 05:00:00,1679.0,20230500,1703.0,20230400,1679.0,20230500
2023-04-07 06:00:00,1679.0,20230500,1704.0,20230400,1679.0,20230500
2023-04-07 07:00:00,1679.0,20230500,1700.0,20230400,1679.0,20230500
2023-04-07 08:00:00,1679.0,20230500,1698.0,20230400,1679.0,20230500
2023-04-07 09:30:00,1679.0,20230500,1699.0,20230400,1679.0,20230500
2023-04-07 23:00:00,1679.0,20230500,1698.0,20230400,1679.0,20230500
2023-04-08 23:00:00,1679.0,20230500,1699.0,20230400,1679.0,20230500
2023-04-10 03:00:00,1679.0,20230500,1714.0,20230400,1679.0,20230500
2023-04-10 05:00:00,1679.0,20230500,1709.0,20230400,1679.0,20230500
2023-04-10 06:00:00,1679.0,20230500,1708.0,20230400,1679.0,20230500
2023-04-10 08:00:00,1679.0,20230500,1702.0,20230400,1679.0,20230500
2023-04-10 09:30:00,1679.0,20230500,1700.0,20230400,1679.0,20230500
2023-04-10 23:00:00,1707.0,20230500,1700.0,20230400,1707.0,20230500
2023-04-11 04:00:00,1707.0,20230500,1688.0,20230400,1707.0,20230500
2023-04-11 05:00:00,1707.0,20230500,1681.0,20230400,1707.0,20230500
2023-04-11 06:00:00,1707.0,20230500,1686.0,20230400,1707.0,20230500
2023-04-11 07:00:00,1707.0,20230500,1687.0,20230400,1707.0,20230500
2023-04-11 08:00:00,1707.0,20230500,1693.0,20230400,1707.0,20230500
2023-04-11 23:00:00,1707.0,20230500,1702.0,20230400,1707.0,20230500
2023-04-12 03:00:00,1707.0,20230500,1707.0,20230400,1707.0,20230500
2023-04-12 04:00:00,1707.0,20230500,1706.0,20230400,1707.0,20230500
2023-04-12 05:00:00,1707.0,20230500,1706.0,20230400,1707.0,20230500
2023-04-12 07:00:00,1707.0,20230500,1707.0,20230400,1707.0,20230500
2023-04-12 08:00:00,1707.0,20230500,1706.0,20230400,1707.0,20230500
2023-04-12 23:00:00,1707.0,20230500,1707.0,20230400,1707.0,20230500
2023-04-13 03:00:00,1707.0,20230500,1708.0,20230400,1707.0,20230500
2023-04-13 04:00:00,1707.0,20230500,1706.0,20230400,1707.0,20230500
2023-04-13 08:00:00,1707.0,20230500,1699.0,20230400,1707.0,20230500
2023-04-13 23:00:00,1707.0,20230500,1695.0,20230400,1707.0,20230500
2023-04-14 04:00:00,1707.0,20230500,1703.0,20230400,1707.0,20230500
2023-04-14 05:00:00,1707.0,20230500,1691.0,20230400,1707.0,20230500
2023-04-14 06:00:00,1707.0,20230500,1695.0,20230400,1707.0,20230500
2023-04-14 07:00:00,1707.0,20230500,1691.0,20230400,1707.0,20230500
2023-04-14 08:00:00,1707.0,20230500,1680.0,20230400,1707.0,20230500
2023-04-14 23:00:00,1707.0,20230500,1680.0,20230400,1707.0,20230500
2023-04-17 03:00:00,1707.0,20230500,1674.0,20230400,1707.0,20230500
2023-04-17 04:00:00,1707.0,20230500,1676.0,20230400,1707.0,20230500
2023-04-17 05:00:00,1707.0,20230500,1673.0,20230400,1707.0,20230500
2023-04-17 06:00:00,1707.0,20230500,1674.0,20230400,1707.0,20230500
2023-04-17 07:00:00,1707.0,20230500,1675.0,20230400,1707.0,20230500
2023-04-17 08:00:00,1707.0,20230500,1675.0,20230400,1707.0,20230500
2023-04-17 23:00:00,1684.0,20230500,1677.0,20230400,1684.0,20230500
2023-04-18 03:00:00,1684.0,20230500,1677.0,20230400,1684.0,20230500
2023-04-18 04:00:00,1684.0,20230500,1676.0,20230400,1684.0,20230500
2023-04-18 05:00:00,1684.0,20230500,1676.0,20230400,1684.0,20230500
2023-04-18 06:00:00,1684.0,20230500,1677.0,20230400,1684.0,20230500
2023-04-18 07:00:00,1684.0,20230500,1677.0,20230400,1684.0,20230500
2023-04-18 08:00:00,1684.0,20230500,1683.0,20230400,1684.0,20230500
2023-04-18 09:30:00,1684.0,20230500,1685.0,20230400,1684.0,20230500
2023-04-18 23:00:00,1684.0,20230500,1686.0,20230400,1684.0,20230500
2023-04-19 03:00:00,1684.0,20230500,1684.0,20230400,1684.0,20230500
2023-04-19 04:00:00,1684.0,20230500,1690.0,20230400,1684.0,20230500
2023-04-19 05:00:00,1684.0,20230500,1682.0,20230400,1684.0,20230500
2023-04-19 06:00:00,1684.0,20230500,1682.0,20230400,1684.0,20230500
2023-04-19 07:00:00,1684.0,20230500,1679.0,20230400,1684.0,20230500
2023-04-19 08:00:00,1684.0,20230500,1676.0,20230400,1684.0,20230500
2023-04-19 23:00:00,1684.0,20230500,1676.0,20230400,1684.0,20230500
2023-04-20 03:00:00,1684.0,20230500,1676.0,20230400,1684.0,20230500
2023-04-20 04:00:00,1684.0,20230500,1671.0,20230400,1684.0,20230500
2023-04-20 05:00:00,1684.0,20230500,1671.0,20230400,1684.0,20230500
2023-04-20 07:00:00,1677.0,20230500,1671.0,20230400,1677.0,20230500
2023-04-20 08:00:00,1682.0,20230500,1671.0,20230400,1682.0,20230500
2023-04-20 11:00:00,1682.0,20230500,1677.0,20230400,1682.0,20230500
2023-04-20 23:00:00,1682.0,20230500,1673.0,20230400,1682.0,20230500
2023-04-21 02:00:00,1682.0,20230500,1673.0,20230400,1682.0,20230500
2023-04-21 03:00:00,1681.0,20230500,1674.0,20230400,1681.0,20230500
2023-04-21 04:00:00,1681.0,20230500,1672.0,20230400,1681.0,20230500
2023-04-21 05:00:00,1675.0,20230500,1671.0,20230400,1675.0,20230500
2023-04-21 07:00:00,1675.0,20230500,1669.0,20230400,1675.0,20230500
2023-04-21 08:00:00,1675.0,20230500,1664.0,20230400,1675.0,20230500
2023-04-21 09:30:00,1664.0,20230500,1660.0,20230400,1664.0,20230500
2023-04-21 23:00:00,1675.0,20230500,1664.0,20230400,1675.0,20230500
2023-04-22 23:00:00,1664.0,20230500,1660.0,20230400,1664.0,20230500
2023-04-24 03:00:00,1664.0,20230500,1655.0,20230400,1664.0,20230500
2023-04-24 04:00:00,1662.0,20230500,1656.0,20230400,1662.0,20230500
2023-04-24 05:00:00,1669.0,20230500,1661.0,20230400,1669.0,20230500
2023-04-24 07:00:00,1669.0,20230500,1658.0,20230400,1669.0,20230500
2023-04-24 08:00:00,1669.0,20230500,1655.0,20230400,1669.0,20230500
2023-04-24 23:00:00,1660.0,20230500,1654.0,20230400,1660.0,20230500
2023-04-25 04:00:00,1665.0,20230500,1654.0,20230400,1665.0,20230500
2023-04-25 05:00:00,1665.0,20230500,1654.0,20230400,1665.0,20230500
2023-04-25 07:00:00,1654.0,20230500,1644.0,20230400,1654.0,20230500
2023-04-25 08:00:00,1649.0,20230500,1644.0,20230400,1649.0,20230500
2023-04-25 12:00:00,1649.0,20230500,1644.0,20230400,1649.0,20230500
2023-04-25 23:00:00,1651.0,20230500,1644.0,20230400,1651.0,20230500
2023-04-26 03:00:00,1651.0,20230500,1643.0,20230400,1651.0,20230500
2023-04-26 04:00:00,1637.0,20230500,1635.0,20230400,1637.0,20230500
2023-04-26 05:00:00,1641.0,20230500,1634.0,20230400,1641.0,20230500
2023-04-26 07:00:00,1641.0,20230500,1635.0,20230400,1641.0,20230500
2023-04-26 08:00:00,1641.0,20230500,1645.0,20230400,1641.0,20230500
2023-04-26 15:00:00,1645.0,20230500,1645.0,20230400,1645.0,20230500
2023-04-26 23:00:00,1654.0,20230500,1648.0,20230400,1654.0,20230500
2023-04-27 04:00:00,1647.0,20230500,1645.0,20230400,1647.0,20230500
2023-04-27 05:00:00,1647.0,20230500,1645.0,20230400,1647.0,20230500
2023-04-27 05:00:01,1647.0,20230500,1641.0,20230400,1647.0,20230500
2023-04-27 05:00:02,1647.0,20230600,1647.0,20230500,1647.0,20230600
2023-04-27 07:00:00,1647.0,20230600,1644.0,20230500,1647.0,20230600
2023-04-27 08:00:00,1647.0,20230600,1642.0,20230500,1647.0,20230600
2023-04-27 20:00:00,1647.0,20230600,1645.0,20230500,1647.0,20230600
2023-04-27 23:00:00,1647.0,20230600,1646.0,20230500,1647.0,20230600
2023-04-28 03:00:00,1647.0,20230600,1653.0,20230500,1647.0,20230600
2023-04-28 04:00:00,1647.0,20230600,1655.0,20230500,1647.0,20230600
2023-04-28 05:00:00,1647.0,20230600,1655.0,20230500,1647.0,20230600
2023-04-28 07:00:00,1647.0,20230600,1656.0,20230500,1647.0,20230600
2023-04-28 08:00:00,1647.0,20230600,1664.0,20230500,1647.0,20230600
2023-04-28 23:00:00,1647.0,20230600,1664.0,20230500,1647.0,20230600
2023-05-01 03:00:00,1647.0,20230600,1673.0,20230500,1647.0,20230600
2023-05-01 04:00:00,1647.0,20230600,1675.0,20230500,1647.0,20230600
2023-05-01 06:00:00,1677.0,20230600,1674.0,20230500,1677.0,20230600
2023-05-01 07:00:00,1677.0,20230600,1674.0,20230500,1677.0,20230600
2023-05-01 08:00:00,1677.0,20230600,1674.0,20230500,1677.0,20230600
2023-05-01 23:00:00,1677.0,20230600,1674.0,20230500,1677.0,20230600
2023-05-02 05:00:00,1677.0,20230600,1670.0,20230500,1677.0,20230600
2023-05-02 06:00:00,1674.0,20230600,1669.0,20230500,1674.0,20230600
2023-05-02 08:00:00,1674.0,20230600,1668.0,20230500,1674.0,20230600
2023-05-02 14:00:00,1674.0,20230600,1667.0,20230500,1674.0,20230600
2023-05-02 15:00:00,1674.0,20230600,1666.0,20230500,1674.0,20230600
2023-05-02 23:00:00,1667.0,20230600,1669.0,20230500,1667.0,20230600
2023-05-03 03:00:00,1667.0,20230600,1665.0,20230500,1667.0,20230600
2023-05-03 04:00:00,1667.0,20230600,1667.0,20230500,1667.0,20230600
2023-05-03 05:00:00,1667.0,20230600,1666.0,20230500,1667.0,20230600
2023-05-03 20:00:00,1667.0,20230600,1659.0,20230500,1667.0,20230600
2023-05-03 23:00:00,1663.0,20230600,1666.0,20230500,1663.0,20230600
2023-05-04 03:00:00,1663.0,20230600,1656.0,20230500,1663.0,20230600
2023-05-04 05:00:00,1652.0,20230600,1646.0,20230500,1652.0,20230600
2023-05-04 06:00:00,1655.0,20230600,1649.0,20230500,1655.0,20230600
2023-05-04 07:00:00,1655.0,20230600,1649.0,20230500,1655.0,20230600
2023-05-04 08:00:00,1655.0,20230600,1647.0,20230500,1655.0,20230600
2023-05-04 23:00:00,1648.0,20230600,1648.0,20230500,1648.0,20230600
2023-05-05 03:00:00,1648.0,20230600,1647.0,20230500,1648.0,20230600
2023-05-05 04:00:00,1648.0,20230600,1646.0,20230500,1648.0,20230600
2023-05-05 04:00:01,1648.0,20230600,1646.0,20230500,1646.0,20230600
2023-05-05 04:00:02,1648.0,20230700,1646.0,20230600,1646.0,20230700
2023-05-05 05:00:00,1648.0,20230700,1655.0,20230600,1646.0,20230700
2023-05-05 06:00:00,1648.0,20230700,1653.0,20230600,1646.0,20230700
2023-05-05 10:00:00,1648.0,20230700,1653.0,20230600,1646.0,20230700
2023-05-05 23:00:00,1648.0,20230700,1653.0,20230600,1646.0,20230700
2023-05-06 23:00:00,1648.0,20230700,1653.0,20230600,1646.0,20230700
2023-05-08 23:00:00,1662.0,20230700,1667.0,20230600,1662.0,20230700
2023-05-09 23:00:00,1662.0,20230700,1666.0,20230600,1662.0,20230700
2023-05-10 06:00:00,1662.0,20230700,1687.0,20230600,1662.0,20230700
2023-05-10 23:00:00,1662.0,20230700,1676.0,20230600,1662.0,20230700
2023-05-11 23:00:00,1662.0,20230700,1675.0,20230600,1662.0,20230700
2023-05-15 23:00:00,1690.0,20230700,1695.0,20230600,1690.0,20230700
2023-05-16 05:00:00,1690.0,20230700,1705.0,20230600,1690.0,20230700
2023-05-16 06:00:00,1690.0,20230700,1703.0,20230600,1690.0,20230700
2023-05-16 23:00:00,1690.0,20230700,1693.0,20230600,1690.0,20230700
2023-05-17 06:00:00,1690.0,20230700,1706.0,20230600,1690.0,20230700
2023-05-17 07:00:00,1690.0,20230700,1707.0,20230600,1690.0,20230700
2023-05-17 23:00:00,1690.0,20230700,1684.0,20230600,1690.0,20230700
2023-05-18 23:00:00,1690.0,20230700,1709.0,20230600,1690.0,20230700
2023-05-19 07:00:00,1690.0,20230700,1700.0,20230600,1690.0,20230700
2023-05-19 08:00:00,1690.0,20230700,1702.0,20230600,1690.0,20230700
2023-05-19 23:00:00,1690.0,20230700,1702.0,20230600,1690.0,20230700
2023-05-22 08:00:00,1690.0,20230700,1710.0,20230600,1690.0,20230700
2023-05-22 23:00:00,1689.0,20230700,1698.0,20230600,1689.0,20230700
2023-05-23 08:00:00,1689.0,20230700,1700.0,20230600,1689.0,20230700
2023-05-23 23:00:00,1689.0,20230700,1691.0,20230600,1689.0,20230700
2023-05-24 08:00:00,1689.0,20230700,1690.0,20230600,1689.0,20230700
2023-05-24 23:00:00,1689.0,20230700,1687.0,20230600,1689.0,20230700
2023-05-25 04:00:00,1689.0,20230700,1685.0,20230600,1689.0,20230700
2023-05-25 05:00:00,1689.0,20230700,1685.0,20230600,1689.0,20230700
2023-05-25 06:00:00,1689.0,20230700,1685.0,20230600,1689.0,20230700
2023-05-25 07:00:00,1689.0,20230700,1685.0,20230600,1689.0,20230700
2023-05-25 08:00:00,1689.0,20230700,1685.0,20230600,1689.0,20230700
2023-05-25 23:00:00,1689.0,20230700,1680.0,20230600,1689.0,20230700
2023-05-26 03:00:00,1689.0,20230700,1690.0,20230600,1689.0,20230700
2023-05-26 06:00:00,1689.0,20230700,1690.0,20230600,1689.0,20230700
2023-05-26 07:00:00,1689.0,20230700,1690.0,20230600,1689.0,20230700
2023-05-26 08:00:00,1689.0,20230700,1681.0,20230600,1689.0,20230700
2023-05-26 23:00:00,1689.0,20230700,1681.0,20230600,1689.0,20230700
2023-05-29 04:00:00,1689.0,20230700,1688.0,20230600,1689.0,20230700
2023-05-29 05:00:00,1689.0,20230700,1688.0,20230600,1689.0,20230700
2023-05-29 06:00:00,1689.0,20230700,1684.0,20230600,1689.0,20230700
2023-05-29 07:00:00,1689.0,20230700,1684.0,20230600,1689.0,20230700
2023-05-29 08:00:00,1689.0,20230700,1693.0,20230600,1689.0,20230700
2023-05-29 23:00:00,1696.0,20230700,1694.0,20230600,1696.0,20230700
2023-05-30 08:00:00,1696.0,20230700,1702.0,20230600,1696.0,20230700
2023-05-30 23:00:00,1696.0,20230700,1702.0,20230600,1696.0,20230700
2023-05-31 03:00:00,1696.0,20230700,1706.0,20230600,1696.0,20230700
2023-05-31 04:00:00,1696.0,20230700,1700.0,20230600,1696.0,20230700
2023-05-31 05:00:00,1696.0,20230700,1700.0,20230600,1696.0,20230700
2023-05-31 07:00:00,1696.0,20230700,1702.0,20230600,1696.0,20230700
2023-05-31 08:00:00,1696.0,20230700,1690.0,20230600,1696.0,20230700
2023-05-31 13:00:00,1696.0,20230700,1689.0,20230600,1696.0,20230700
2023-05-31 23:00:00,1696.0,20230700,1690.0,20230600,1696.0,20230700
2023-06-01 04:00:00,1696.0,20230700,1691.0,20230600,1696.0,20230700
2023-06-01 05:00:00,1696.0,20230700,1690.0,20230600,1696.0,20230700
2023-06-01 06:00:00,1696.0,20230700,1687.0,20230600,1696.0,20230700
2023-06-01 08:00:00,1696.0,20230700,1695.0,20230600,1696.0,20230700
2023-06-01 23:00:00,1696.0,20230700,1695.0,20230600,1696.0,20230700
2023-06-02 03:00:00,1696.0,20230700,1706.0,20230600,1696.0,20230700
2023-06-02 04:00:00,1696.0,20230700,1707.0,20230600,1696.0,20230700
2023-06-02 05:00:00,1696.0,20230700,1708.0,20230600,1696.0,20230700
2023-06-02 06:00:00,1696.0,20230700,1706.0,20230600,1696.0,20230700
2023-06-02 07:00:00,1696.0,20230700,1708.0,20230600,1696.0,20230700
2023-06-02 08:00:00,1696.0,20230700,1713.0,20230600,1696.0,20230700
2023-06-02 15:00:00,1696.0,20230700,1716.0,20230600,1696.0,20230700
2023-06-02 23:00:00,1696.0,20230700,1713.0,20230600,1696.0,20230700
2023-06-03 23:00:00,1696.0,20230700,1716.0,20230600,1696.0,20230700
2023-06-05 03:00:00,1696.0,20230700,1725.0,20230600,1696.0,20230700
2023-06-05 04:00:00,1696.0,20230700,1726.0,20230600,1696.0,20230700
2023-06-05 05:00:00,1696.0,20230700,1727.0,20230600,1696.0,20230700
2023-06-05 07:00:00,1696.0,20230700,1724.0,20230600,1696.0,20230700
2023-06-05 08:00:00,1696.0,20230700,1725.0,20230600,1696.0,20230700
2023-06-05 23:00:00,1723.0,20230700,1726.0,20230600,1723.0,20230700
2023-06-06 04:00:00,1723.0,20230700,1725.0,20230600,1723.0,20230700
2023-06-06 05:00:00,1723.0,20230700,1724.0,20230600,1723.0,20230700
2023-06-06 06:00:00,1694.0,20230700,1726.0,20230600,1694.0,20230700
2023-06-06 07:00:00,1694.0,20230700,1732.0,20230600,1694.0,20230700
2023-06-06 08:00:00,1694.0,20230700,1734.0,20230600,1694.0,20230700
2023-06-06 23:00:00,1694.0,20230700,1739.0,20230600,1694.0,20230700
2023-06-07 03:00:00,1694.0,20230700,1746.0,20230600,1694.0,20230700
2023-06-07 04:00:00,1694.0,20230700,1748.0,20230600,1694.0,20230700
2023-06-07 05:00:00,1694.0,20230700,1745.0,20230600,1694.0,20230700
2023-06-07 07:00:00,1694.0,20230700,1751.0,20230600,1694.0,20230700
2023-06-07 23:00:00,1752.0,20230700,1754.0,20230600,1752.0,20230700
2023-06-08 03:00:00,1752.0,20230700,1757.0,20230600,1752.0,20230700
2023-06-08 04:00:00,1752.0,20230700,1755.0,20230600,1752.0,20230700
2023-06-08 05:00:00,1752.0,20230700,1755.0,20230600,1752.0,20230700
2023-06-08 06:00:00,1752.0,20230700,1755.0,20230600,1752.0,20230700
2023-06-08 07:00:00,1752.0,20230700,1753.0,20230600,1752.0,20230700
2023-06-08 08:00:00,1752.0,20230700,1749.0,20230600,1752.0,20230700
2023-06-08 17:00:00,1752.0,20230700,1751.0,20230600,1752.0,20230700
2023-06-08 23:00:00,1745.0,20230700,1748.0,20230600,1745.0,20230700
2023-06-09 03:00:00,1745.0,20230700,1737.0,20230600,1745.0,20230700
2023-06-09 04:00:00,1745.0,20230700,1748.0,20230600,1745.0,20230700
2023-06-09 05:00:00,1745.0,20230700,1745.0,20230600,1745.0,20230700
2023-06-09 06:00:00,1745.0,20230700,1747.0,20230600,1745.0,20230700
2023-06-09 07:00:00,1745.0,20230700,1742.0,20230600,1745.0,20230700
2023-06-09 08:00:00,1745.0,20230700,1745.0,20230600,1745.0,20230700
2023-06-09 09:30:00,1745.0,20230700,1746.0,20230600,1745.0,20230700
2023-06-09 23:00:00,1745.0,20230700,1745.0,20230600,1745.0,20230700
2023-06-10 23:00:00,1745.0,20230700,1746.0,20230600,1745.0,20230700
2023-06-12 02:00:00,1745.0,20230700,1751.0,20230600,1745.0,20230700
2023-06-12 03:00:00,1745.0,20230700,1757.0,20230600,1745.0,20230700
2023-06-12 04:00:00,1745.0,20230700,1751.0,20230600,1745.0,20230700
2023-06-12 05:00:00,1745.0,20230700,1745.0,20230600,1745.0,20230700
2023-06-12 06:00:00,1745.0,20230700,1745.0,20230600,1745.0,20230700
2023-06-12 07:00:00,1745.0,20230700,1748.0,20230600,1745.0,20230700
2023-06-12 08:00:00,1745.0,20230700,1763.0,20230600,1745.0,20230700
2023-06-12 23:00:00,1762.0,20230700,1765.0,20230600,1762.0,20230700
2023-06-13 03:00:00,1762.0,20230700,1772.0,20230600,1762.0,20230700
2023-06-13 04:00:00,1762.0,20230700,1778.0,20230600,1762.0,20230700
2023-06-13 05:00:00,1762.0,20230700,1776.0,20230600,1762.0,20230700
2023-06-13 07:00:00,1762.0,20230700,1776.0,20230600,1762.0,20230700
2023-06-13 08:00:00,1762.0,20230700,1784.0,20230600,1762.0,20230700
2023-06-13 17:00:00,1762.0,20230700,1776.0,20230600,1762.0,20230700
2023-06-13 23:00:00,1781.0,20230700,1784.0,20230600,1781.0,20230700
2023-06-14 02:00:00,1781.0,20230700,1782.0,20230600,1781.0,20230700
2023-06-14 03:00:00,1781.0,20230700,1789.0,20230600,1781.0,20230700
2023-06-14 04:00:00,1781.0,20230700,1788.0,20230600,1781.0,20230700
2023-06-14 05:00:00,1781.0,20230700,1789.0,20230600,1781.0,20230700
2023-06-14 07:00:00,1781.0,20230700,1794.0,20230600,1781.0,20230700
2023-06-14 08:00:00,1781.0,20230700,1787.0,20230600,1781.0,20230700
2023-06-14 11:00:00,1781.0,20230700,1795.0,20230600,1781.0,20230700
2023-06-14 15:00:00,1781.0,20230700,1797.0,20230600,1781.0,20230700
2023-06-14 16:00:00,1781.0,20230700,1794.0,20230600,1781.0,20230700
2023-06-14 17:00:00,1781.0,20230700,1793.0,20230600,1781.0,20230700
2023-06-14 20:00:00,1781.0,20230700,1792.0,20230600,1781.0,20230700
2023-06-14 23:00:00,1785.0,20230700,1788.0,20230600,1785.0,20230700
2023-06-15 02:00:00,1785.0,20230700,1791.0,20230600,1785.0,20230700
2023-06-15 03:00:00,1785.0,20230700,1780.0,20230600,1785.0,20230700
2023-06-15 04:00:00,1785.0,20230700,1784.0,20230600,1785.0,20230700
2023-06-15 05:00:00,1785.0,20230700,1779.0,20230600,1785.0,20230700
2023-06-15 07:00:00,1785.0,20230700,1777.0,20230600,1785.0,20230700
2023-06-15 08:00:00,1785.0,20230700,1772.0,20230600,1785.0,20230700
2023-06-15 11:00:00,1785.0,20230700,1766.0,20230600,1785.0,20230700
2023-06-15 12:00:00,1785.0,20230700,1765.0,20230600,1785.0,20230700
2023-06-15 23:00:00,1767.0,20230700,1770.0,20230600,1767.0,20230700
2023-06-16 03:00:00,1767.0,20230700,1784.0,20230600,1767.0,20230700
2023-06-16 04:00:00,1767.0,20230700,1788.0,20230600,1767.0,20230700
2023-06-16 05:00:00,1767.0,20230700,1790.0,20230600,1767.0,20230700
2023-06-16 06:00:00,1767.0,20230700,1791.0,20230600,1767.0,20230700
2023-06-16 07:00:00,1767.0,20230700,1793.0,20230600,1767.0,20230700
2023-06-16 08:00:00,1767.0,20230700,1773.0,20230600,1767.0,20230700
2023-06-16 10:00:00,1767.0,20230700,1777.0,20230600,1767.0,20230700
2023-06-16 23:00:00,1767.0,20230700,1773.0,20230600,1767.0,20230700
2023-06-17 23:00:00,1767.0,20230700,1777.0,20230600,1767.0,20230700
2023-06-19 03:00:00,1767.0,20230700,1771.0,20230600,1767.0,20230700
2023-06-19 04:00:00,1767.0,20230700,1770.0,20230600,1767.0,20230700
2023-06-19 05:00:00,1767.0,20230700,1765.0,20230600,1767.0,20230700
2023-06-19 06:00:00,1767.0,20230700,1765.0,20230600,1767.0,20230700
2023-06-19 07:00:00,1767.0,20230700,1766.0,20230600,1767.0,20230700
2023-06-19 08:00:00,1767.0,20230700,1766.0,20230600,1767.0,20230700
2023-06-19 10:00:00,1767.0,20230700,1769.0,20230600,1767.0,20230700
2023-06-19 23:00:00,1760.0,20230700,1764.0,20230600,1760.0,20230700
2023-06-20 03:00:00,1760.0,20230700,1761.0,20230600,1760.0,20230700
2023-06-20 04:00:00,1760.0,20230700,1758.0,20230600,1760.0,20230700
2023-06-20 05:00:00,1760.0,20230700,1759.0,20230600,1760.0,20230700
2023-06-20 06:00:00,1760.0,20230700,1759.0,20230600,1760.0,20230700
2023-06-20 08:00:00,1760.0,20230700,1764.0,20230600,1760.0,20230700
2023-06-20 10:00:00,1760.0,20230700,1762.0,20230600,1760.0,20230700
2023-06-20 15:00:00,1760.0,20230700,1758.0,20230600,1760.0,20230700
2023-06-20 17:00:00,1760.0,20230700,1759.0,20230600,1760.0,20230700
2023-06-20 18:00:00,1760.0,20230700,1761.0,20230600,1760.0,20230700
2023-06-20 23:00:00,1760.0,20230700,1764.0,20230600,1760.0,20230700
2023-06-21 03:00:00,1760.0,20230700,1767.0,20230600,1760.0,20230700
2023-06-21 04:00:00,1760.0,20230700,1768.0,20230600,1760.0,20230700
2023-06-21 04:00:01,1760.0,20230700,1768.0,20230600,1765.0,20230700
2023-06-21 04:00:02,1760.0,20230800,1765.0,20230700,1765.0,20230800
2023-06-21 08:00:00,1760.0,20230800,1768.0,20230700,1765.0,20230800
2023-06-21 23:00:00,1760.0,20230800,1776.0,20230700,1765.0,20230800
2023-06-22 03:00:00,1760.0,20230800,1789.0,20230700,1765.0,20230800
2023-06-22 06:00:00,1760.0,20230800,1789.0,20230700,1765.0,20230800
2023-06-22 07:00:00,1760.0,20230800,1800.0,20230700,1765.0,20230800
2023-06-22 23:00:00,1760.0,20230800,1789.0,20230700,1765.0,20230800
2023-06-23 06:00:00,1760.0,20230800,1803.0,20230700,1765.0,20230800
2023-06-23 07:00:00,1760.0,20230800,1803.0,20230700,1765.0,20230800
2023-06-23 08:00:00,1760.0,20230800,1810.0,20230700,1765.0,20230800
2023-06-23 23:00:00,1760.0,20230800,1810.0,20230700,1765.0,20230800
2023-06-26 03:00:00,1760.0,20230800,1789.0,20230700,1765.0,20230800
2023-06-26 04:00:00,1760.0,20230800,1798.0,20230700,1765.0,20230800
2023-06-26 05:00:00,1760.0,20230800,1797.0,20230700,1765.0,20230800
2023-06-26 08:00:00,1760.0,20230800,1797.0,20230700,1765.0,20230800
2023-06-26 23:00:00,1802.0,20230800,1798.0,20230700,1802.0,20230800
2023-06-27 03:00:00,1802.0,20230800,1818.0,20230700,1802.0,20230800
2023-06-27 05:00:00,1802.0,20230800,1813.0,20230700,1802.0,20230800
2023-06-27 06:00:00,1802.0,20230800,1815.0,20230700,1802.0,20230800
2023-06-27 07:00:00,1802.0,20230800,1815.0,20230700,1802.0,20230800
2023-06-27 08:00:00,1802.0,20230800,1800.0,20230700,1802.0,20230800
2023-06-27 23:00:00,1802.0,20230800,1819.0,20230700,1802.0,20230800
2023-06-28 07:00:00,1802.0,20230800,1809.0,20230700,1802.0,20230800
2023-06-28 08:00:00,1802.0,20230800,1807.0,20230700,1802.0,20230800
2023-06-28 23:00:00,1802.0,20230800,1811.0,20230700,1802.0,20230800
2023-06-29 03:00:00,1802.0,20230800,1810.0,20230700,1802.0,20230800
2023-06-29 04:00:00,1802.0,20230800,1800.0,20230700,1802.0,20230800
2023-06-29 06:00:00,1802.0,20230800,1800.0,20230700,1802.0,20230800
2023-06-29 07:00:00,1802.0,20230800,1804.0,20230700,1802.0,20230800
2023-06-29 08:00:00,1802.0,20230800,1793.0,20230700,1802.0,20230800
2023-06-29 10:00:00,1802.0,20230800,1797.0,20230700,1802.0,20230800
2023-06-29 11:00:00,1802.0,20230800,1799.0,20230700,1802.0,20230800
2023-06-29 23:00:00,1802.0,20230800,1811.0,20230700,1802.0,20230800
2023-06-30 04:00:00,1802.0,20230800,1786.0,20230700,1802.0,20230800
2023-06-30 05:00:00,1802.0,20230800,1785.0,20230700,1802.0,20230800
2023-06-30 07:00:00,1802.0,20230800,1786.0,20230700,1802.0,20230800
2023-06-30 08:00:00,1802.0,20230800,1787.0,20230700,1802.0,20230800
2023-06-30 23:00:00,1802.0,20230800,1787.0,20230700,1802.0,20230800
2023-07-03 03:00:00,1802.0,20230800,1797.0,20230700,1802.0,20230800
2023-07-03 04:00:00,1802.0,20230800,1790.0,20230700,1802.0,20230800
2023-07-03 06:00:00,1802.0,20230800,1792.0,20230700,1802.0,20230800
2023-07-03 07:00:00,1802.0,20230800,1794.0,20230700,1802.0,20230800
2023-07-03 09:30:00,1802.0,20230800,1792.0,20230700,1802.0,20230800
2023-07-03 23:00:00,1798.0,20230800,1795.0,20230700,1798.0,20230800
2023-07-04 03:00:00,1798.0,20230800,1791.0,20230700,1798.0,20230800
2023-07-04 04:00:00,1798.0,20230800,1796.0,20230700,1798.0,20230800
2023-07-04 05:00:00,1798.0,20230800,1801.0,20230700,1798.0,20230800
2023-07-04 06:00:00,1798.0,20230800,1801.0,20230700,1798.0,20230800
2023-07-04 08:00:00,1798.0,20230800,1804.0,20230700,1798.0,20230800
2023-07-04 09:00:00,1798.0,20230800,1804.0,20230700,1798.0,20230800
2023-07-04 23:00:00,1798.0,20230800,1804.0,20230700,1798.0,20230800
2023-07-05 03:00:00,1798.0,20230800,1814.0,20230700,1798.0,20230800
2023-07-05 04:00:00,1798.0,20230800,1809.0,20230700,1798.0,20230800
2023-07-05 05:00:00,1798.0,20230800,1810.0,20230700,1798.0,20230800
2023-07-05 07:00:00,1798.0,20230800,1815.0,20230700,1798.0,20230800
2023-07-05 08:00:00,1798.0,20230800,1816.0,20230700,1798.0,20230800
2023-07-05 10:00:00,1798.0,20230800,1816.0,20230700,1798.0,20230800
2023-07-05 23:00:00,1798.0,20230800,1818.0,20230700,1798.0,20230800
2023-07-06 03:00:00,1798.0,20230800,1817.0,20230700,1798.0,20230800
2023-07-06 04:00:00,1798.0,20230800,1816.0,20230700,1798.0,20230800
2023-07-06 05:00:00,1798.0,20230800,1817.0,20230700,1798.0,20230800
2023-07-06 07:00:00,1798.0,20230800,1806.0,20230700,1798.0,20230800
2023-07-06 08:00:00,1798.0,20230800,1805.0,20230700,1798.0,20230800
2023-07-06 11:00:00,1798.0,20230800,1805.0,20230700,1798.0,20230800
2023-07-06 13:00:00,1798.0,20230800,1800.0,20230700,1798.0,20230800
2023-07-06 23:00:00,1798.0,20230800,1807.0,20230700,1798.0,20230800
2023-07-07 03:00:00,1798.0,20230800,1798.0,20230700,1798.0,20230800
2023-07-07 04:00:00,1798.0,20230800,1798.0,20230700,1798.0,20230800
2023-07-07 06:00:00,1798.0,20230800,1805.0,20230700,1798.0,20230800
2023-07-07 08:00:00,1798.0,20230800,1816.0,20230700,1798.0,20230800
2023-07-07 15:00:00,1798.0,20230800,1818.0,20230700,1798.0,20230800
2023-07-07 16:00:00,1798.0,20230800,1819.0,20230700,1798.0,20230800
2023-07-07 17:00:00,1798.0,20230800,1821.0,20230700,1798.0,20230800
2023-07-07 18:00:00,1798.0,20230800,1821.0,20230700,1798.0,20230800
2023-07-07 23:00:00,1798.0,20230800,1816.0,20230700,1798.0,20230800
2023-07-08 23:00:00,1798.0,20230800,1821.0,20230700,1798.0,20230800
2023-07-10 02:00:00,1798.0,20230800,1818.0,20230700,1798.0,20230800
2023-07-10 03:00:00,1798.0,20230800,1825.0,20230700,1798.0,20230800
2023-07-10 04:00:00,1798.0,20230800,1825.0,20230700,1798.0,20230800
2023-07-10 05:00:00,1798.0,20230800,1828.0,20230700,1798.0,20230800
2023-07-10 07:00:00,1820.0,20230800,1822.0,20230700,1820.0,20230800
2023-07-10 08:00:00,1820.0,20230800,1833.0,20230700,1820.0,20230800
2023-07-10 08:00:01,1820.0,20230800,1833.0,20230700,1836.0,20230800
2023-07-10 08:00:02,1820.0,20230900,1836.0,20230800,1836.0,20230900
2023-07-10 23:00:00,1848.0,20230900,1833.0,20230800,1848.0,20230900
2023-07-11 07:00:00,1848.0,20230900,1841.0,20230800,1848.0,20230900
2023-07-11 23:00:00,1848.0,20230900,1845.0,20230800,1848.0,20230900
2023-07-12 02:00:00,1848.0,20230900,1840.0,20230800,1848.0,20230900
2023-07-12 07:00:00,1848.0,20230900,1841.0,20230800,1848.0,20230900
2023-07-12 08:00:00,1848.0,20230900,1839.0,20230800,1848.0,20230900
2023-07-12 23:00:00,1848.0,20230900,1850.0,20230800,1848.0,20230900
2023-07-13 08:00:00,1848.0,20230900,1869.0,20230800,1848.0,20230900
2023-07-13 23:00:00,1848.0,20230900,1874.0,20230800,1848.0,20230900
2023-07-17 23:00:00,1900.0,20230900,1892.0,20230800,1900.0,20230900
2023-07-18 06:00:00,1900.0,20230900,1890.0,20230800,1900.0,20230900
2023-07-18 07:00:00,1900.0,20230900,1888.0,20230800,1900.0,20230900
2023-07-18 08:00:00,1900.0,20230900,1891.0,20230800,1900.0,20230900
2023-07-18 23:00:00,1900.0,20230900,1893.0,20230800,1900.0,20230900
2023-07-19 23:00:00,1900.0,20230900,1886.0,20230800,1900.0,20230900
2023-07-20 08:00:00,1900.0,20230900,1890.0,20230800,1900.0,20230900
2023-07-20 23:00:00,1900.0,20230900,1882.0,20230800,1900.0,20230900
2023-07-21 06:00:00,1900.0,20230900,1893.0,20230800,1900.0,20230900
2023-07-21 08:00:00,1900.0,20230900,1907.0,20230800,1900.0,20230900
2023-07-21 09:30:00,1900.0,20230900,1918.0,20230800,1900.0,20230900
2023-07-21 23:00:00,1900.0,20230900,1907.0,20230800,1900.0,20230900
2023-07-22 23:00:00,1900.0,20230900,1918.0,20230800,1900.0,20230900
2023-07-24 23:00:00,1928.0,20230900,1919.0,20230800,1928.0,20230900
2023-07-25 06:00:00,1928.0,20230900,1927.0,20230800,1928.0,20230900
2023-07-25 07:00:00,1928.0,20230900,1927.0,20230800,1928.0,20230900
2023-07-25 08:00:00,1928.0,20230900,1927.0,20230800,1928.0,20230900
2023-07-25 23:00:00,1928.0,20230900,1919.0,20230800,1928.0,20230900
2023-07-26 02:00:00,1928.0,20230900,1936.0,20230800,1928.0,20230900
2023-07-26 06:00:00,1928.0,20230900,1936.0,20230800,1928.0,20230900
2023-07-26 07:00:00,1928.0,20230900,1938.0,20230800,1928.0,20230900
2023-07-26 08:00:00,1928.0,20230900,1938.0,20230800,1928.0,20230900
2023-07-26 23:00:00,1928.0,20230900,1938.0,20230800,1928.0,20230900
2023-07-27 23:00:00,1928.0,20230900,1922.0,20230800,1928.0,20230900
2023-07-28 07:00:00,1928.0,20230900,1943.0,20230800,1928.0,20230900
2023-07-28 08:00:00,1928.0,20230900,1943.0,20230800,1928.0,20230900
2023-07-28 23:00:00,1928.0,20230900,1943.0,20230800,1928.0,20230900
2023-07-31 03:00:00,1928.0,20230900,1982.0,20230800,1928.0,20230900
2023-07-31 04:00:00,1928.0,20230900,1978.0,20230800,1928.0,20230900
2023-07-31 05:00:00,1928.0,20230900,1971.0,20230800,1928.0,20230900
2023-07-31 06:00:00,1928.0,20230900,1970.0,20230800,1928.0,20230900
2023-07-31 07:00:00,1928.0,20230900,1973.0,20230800,1928.0,20230900
2023-07-31 08:00:00,1928.0,20230900,1990.0,20230800,1928.0,20230900
2023-07-31 23:00:00,2000.0,20230900,1992.0,20230800,2000.0,20230900
2023-08-01 03:00:00,2000.0,20230900,2011.0,20230800,2000.0,20230900
2023-08-01 04:00:00,2000.0,20230900,2011.0,20230800,2000.0,20230900
2023-08-01 05:00:00,2000.0,20230900,2015.0,20230800,2000.0,20230900
2023-08-01 07:00:00,2000.0,20230900,2011.0,20230800,2000.0,20230900
2023-08-01 08:00:00,2000.0,20230900,1993.0,20230800,2000.0,20230900
2023-08-01 10:00:00,2000.0,20230900,2001.0,20230800,2000.0,20230900
2023-08-01 23:00:00,2000.0,20230900,1993.0,20230800,2000.0,20230900
2023-08-02 03:00:00,2000.0,20230900,1981.0,20230800,2000.0,20230900
2023-08-02 04:00:00,2000.0,20230900,1976.0,20230800,2000.0,20230900
2023-08-02 05:00:00,2000.0,20230900,1975.0,20230800,2000.0,20230900
2023-08-02 06:00:00,2000.0,20230900,1977.0,20230800,2000.0,20230900
2023-08-02 07:00:00,2000.0,20230900,1981.0,20230800,2000.0,20230900
2023-08-02 08:00:00,2000.0,20230900,1971.0,20230800,2000.0,20230900
2023-08-02 09:30:00,2000.0,20230900,1971.0,20230800,2000.0,20230900
2023-08-02 23:00:00,2000.0,20230900,1971.0,20230800,2000.0,20230900
2023-08-03 04:00:00,2000.0,20230900,1973.0,20230800,2000.0,20230900
2023-08-03 05:00:00,2000.0,20230900,1970.0,20230800,2000.0,20230900
2023-08-03 08:00:00,2000.0,20230900,1956.0,20230800,2000.0,20230900
2023-08-03 09:30:00,2000.0,20230900,1962.0,20230800,2000.0,20230900
2023-08-03 23:00:00,2000.0,20230900,1956.0,20230800,2000.0,20230900
2023-08-04 03:00:00,2000.0,20230900,1974.0,20230800,2000.0,20230900
2023-08-04 04:00:00,2000.0,20230900,1980.0,20230800,2000.0,20230900
2023-08-04 05:00:00,2000.0,20230900,1984.0,20230800,2000.0,20230900
2023-08-04 06:00:00,2000.0,20230900,1984.0,20230800,2000.0,20230900
2023-08-04 07:00:00,2000.0,20230900,1986.0,20230800,2000.0,20230900
2023-08-04 08:00:00,2000.0,20230900,1995.0,20230800,2000.0,20230900
2023-08-04 23:00:00,2000.0,20230900,1995.0,20230800,2000.0,20230900
2023-08-07 03:00:00,2000.0,20230900,2014.0,20230800,2000.0,20230900
2023-08-07 04:00:00,2000.0,20230900,2012.0,20230800,2000.0,20230900
2023-08-07 05:00:00,2000.0,20230900,2010.0,20230800,2000.0,20230900
2023-08-07 06:00:00,2000.0,20230900,2015.0,20230800,2000.0,20230900
2023-08-07 07:00:00,2000.0,20230900,2011.0,20230800,2000.0,20230900
2023-08-07 08:00:00,2000.0,20230900,2019.0,20230800,2000.0,20230900
2023-08-07 23:00:00,2028.0,20230900,2022.0,20230800,2028.0,20230900
2023-08-08 04:00:00,2028.0,20230900,2021.0,20230800,2028.0,20230900
2023-08-08 05:00:00,2028.0,20230900,2025.0,20230800,2028.0,20230900
2023-08-08 06:00:00,2028.0,20230900,2027.0,20230800,2028.0,20230900
2023-08-08 07:00:00,2028.0,20230900,2024.0,20230800,2028.0,20230900
2023-08-08 08:00:00,2028.0,20230900,2021.0,20230800,2028.0,20230900
2023-08-08 11:00:00,2028.0,20230900,2022.0,20230800,2028.0,20230900
2023-08-08 23:00:00,2028.0,20230900,2021.0,20230800,2028.0,20230900
2023-08-09 04:00:00,2028.0,20230900,2024.0,20230800,2028.0,20230900
2023-08-09 05:00:00,2028.0,20230900,2017.0,20230800,2028.0,20230900
2023-08-09 07:00:00,2028.0,20230900,2010.0,20230800,2028.0,20230900
2023-08-09 23:00:00,2028.0,20230900,2010.0,20230800,2028.0,20230900
2023-08-10 04:00:00,2028.0,20230900,2012.0,20230800,2028.0,20230900
2023-08-10 06:00:00,2028.0,20230900,2010.0,20230800,2028.0,20230900
2023-08-10 07:00:00,2028.0,20230900,2005.0,20230800,2028.0,20230900
2023-08-10 23:00:00,2028.0,20230900,2005.0,20230800,2028.0,20230900
2023-08-11 03:00:00,2028.0,20230900,2001.0,20230800,2028.0,20230900
2023-08-11 04:00:00,2028.0,20230900,2003.0,20230800,2028.0,20230900
2023-08-11 05:00:00,2028.0,20230900,2000.0,20230800,2028.0,20230900
2023-08-11 06:00:00,2028.0,20230900,1998.0,20230800,2028.0,20230900
2023-08-11 07:00:00,2028.0,20230900,1993.0,20230800,2028.0,20230900
2023-08-11 08:00:00,2028.0,20230900,2016.0,20230800,2028.0,20230900
2023-08-11 23:00:00,2028.0,20230900,2016.0,20230800,2028.0,20230900
2023-08-14 03:00:00,2028.0,20230900,2021.0,20230800,2028.0,20230900
2023-08-14 04:00:00,2028.0,20230900,2022.0,20230800,2028.0,20230900
2023-08-14 05:00:00,2028.0,20230900,2029.0,20230800,2028.0,20230900
2023-08-14 07:00:00,2028.0,20230900,2035.0,20230800,2028.0,20230900
2023-08-14 08:00:00,2028.0,20230900,2031.0,20230800,2028.0,20230900
2023-08-14 23:00:00,2035.0,20230900,2030.0,20230800,2035.0,20230900
2023-08-15 03:00:00,2035.0,20230900,2028.0,20230800,2035.0,20230900
2023-08-15 04:00:00,2035.0,20230900,2025.0,20230800,2035.0,20230900
2023-08-15 05:00:00,2035.0,20230900,2019.0,20230800,2035.0,20230900
2023-08-15 06:00:00,2035.0,20230900,2021.0,20230800,2035.0,20230900
2023-08-15 08:00:00,2035.0,20230900,2025.0,20230800,2035.0,20230900
2023-08-15 23:00:00,2035.0,20230900,2025.0,20230800,2035.0,20230900
2023-08-16 03:00:00,2035.0,20230900,2042.0,20230800,2035.0,20230900
2023-08-16 04:00:00,2035.0,20230900,2045.0,20230800,2035.0,20230900
2023-08-16 05:00:00,2035.0,20230900,2046.0,20230800,2035.0,20230900
2023-08-16 08:00:00,2035.0,20230900,2048.0,20230800,2035.0,20230900
2023-08-16 15:00:00,2035.0,20230900,2045.0,20230800,2035.0,20230900
2023-08-16 23:00:00,2035.0,20230900,2048.0,20230800,2035.0,20230900
2023-08-17 03:00:00,2035.0,20230900,2045.0,20230800,2035.0,20230900
2023-08-17 04:00:00,2035.0,20230900,2043.0,20230800,2035.0,20230900
2023-08-17 05:00:00,2035.0,20230900,2043.0,20230800,2035.0,20230900
2023-08-17 06:00:00,2035.0,20230900,2043.0,20230800,2035.0,20230900
2023-08-17 07:00:00,2035.0,20230900,2047.0,20230800,2035.0,20230900
2023-08-17 08:00:00,2035.0,20230900,2042.0,20230800,2035.0,20230900
2023-08-17 16:00:00,2035.0,20230900,2044.0,20230800,2035.0,20230900
2023-08-17 23:00:00,2035.0,20230900,2042.0,20230800,2035.0,20230900
2023-08-18 03:00:00,2035.0,20230900,2012.0,20230800,2035.0,20230900
2023-08-18 04:00:00,2035.0,20230900,2003.0,20230800,2035.0,20230900
2023-08-18 05:00:00,2035.0,20230900,1990.0,20230800,2035.0,20230900
2023-08-18 06:00:00,2035.0,20230900,1992.0,20230800,2035.0,20230900
2023-08-18 07:00:00,2035.0,20230900,1966.0,20230800,2035.0,20230900
2023-08-18 08:00:00,2035.0,20230900,1946.0,20230800,2035.0,20230900
2023-08-18 10:00:00,2035.0,20230900,1947.0,20230800,2035.0,20230900
2023-08-18 14:00:00,2035.0,20230900,1930.0,20230800,2035.0,20230900
2023-08-18 23:00:00,2035.0,20230900,1946.0,20230800,2035.0,20230900
2023-08-19 23:00:00,2035.0,20230900,1930.0,20230800,2035.0,20230900
2023-08-21 03:00:00,2035.0,20230900,1931.0,20230800,2035.0,20230900
2023-08-21 07:00:00,2035.0,20230900,1941.0,20230800,2035.0,20230900
2023-08-21 08:00:00,2035.0,20230900,1938.0,20230800,2035.0,20230900
2023-08-21 23:00:00,1937.0,20230900,1933.0,20230800,1937.0,20230900
2023-08-22 03:00:00,1937.0,20230900,1933.0,20230800,1937.0,20230900
2023-08-22 04:00:00,1937.0,20230900,1921.0,20230800,1937.0,20230900
2023-08-22 05:00:00,1937.0,20230900,1912.0,20230800,1937.0,20230900
2023-08-22 06:00:00,1937.0,20230900,1886.0,20230800,1937.0,20230900
2023-08-22 07:00:00,1937.0,20230900,1897.0,20230800,1937.0,20230900
2023-08-22 08:00:00,1937.0,20230900,1933.0,20230800,1937.0,20230900
2023-08-22 11:00:00,1937.0,20230900,1937.0,20230800,1937.0,20230900
2023-08-22 15:00:00,1937.0,20230900,1942.0,20230800,1937.0,20230900
2023-08-22 23:00:00,1937.0,20230900,1933.0,20230800,1937.0,20230900
2023-08-23 03:00:00,1937.0,20230900,1951.0,20230800,1937.0,20230900
2023-08-23 04:00:00,1937.0,20230900,1928.0,20230800,1937.0,20230900
2023-08-23 05:00:00,1937.0,20230900,1920.0,20230800,1937.0,20230900
2023-08-23 06:00:00,1937.0,20230900,1931.0,20230800,1937.0,20230900
2023-08-23 07:00:00,1937.0,20230900,1922.0,20230800,1937.0,20230900
2023-08-23 08:00:00,1937.0,20230900,1930.0,20230800,1937.0,20230900
2023-08-23 10:00:00,1937.0,20230900,1934.0,20230800,1937.0,20230900
2023-08-23 23:00:00,1937.0,20230900,1916.0,20230800,1937.0,20230900
2023-08-24 03:00:00,1937.0,20230900,1924.0,20230800,1937.0,20230900
2023-08-24 04:00:00,1937.0,20230900,1931.0,20230800,1937.0,20230900
2023-08-24 05:00:00,1937.0,20230900,1936.0,20230800,1937.0,20230900
2023-08-24 06:00:00,1937.0,20230900,1932.0,20230800,1937.0,20230900
2023-08-24 07:00:00,1943.0,20230900,1940.0,20230800,1943.0,20230900
2023-08-24 08:00:00,1947.0,20230900,1948.0,20230800,1947.0,20230900
2023-08-24 23:00:00,1947.0,20230900,1951.0,20230800,1947.0,20230900
2023-08-25 03:00:00,1947.0,20230900,1946.0,20230800,1947.0,20230900
2023-08-25 04:00:00,1947.0,20230900,1950.0,20230800,1947.0,20230900
2023-08-25 04:00:01,1947.0,20230900,1950.0,20230800,1953.0,20230900
2023-08-25 04:00:02,1947.0,20231000,1953.0,20230900,1953.0,20231000
2023-08-25 05:00:00,1947.0,20231000,1945.0,20230900,1953.0,20231000
2023-08-25 06:00:00,1947.0,20231000,1945.0,20230900,1953.0,20231000
2023-08-25 07:00:00,1947.0,20231000,1943.0,20230900,1953.0,20231000
2023-08-25 08:00:00,1947.0,20231000,1946.0,20230900,1953.0,20231000
2023-08-25 23:00:00,1947.0,20231000,1946.0,20230900,1953.0,20231000
2023-08-28 03:00:00,1947.0,20231000,1958.0,20230900,1953.0,20231000
2023-08-28 05:00:00,1947.0,20231000,1965.0,20230900,1953.0,20231000
2023-08-28 06:00:00,1947.0,20231000,1965.0,20230900,1953.0,20231000
2023-08-28 07:00:00,1947.0,20231000,1970.0,20230900,1953.0,20231000
2023-08-28 08:00:00,1947.0,20231000,1976.0,20230900,1953.0,20231000
2023-08-28 13:00:00,1947.0,20231000,1990.0,20230900,1953.0,20231000
2023-08-28 23:00:00,1988.0,20231000,1981.0,20230900,1988.0,20231000
2023-08-29 06:00:00,1988.0,20231000,1971.0,20230900,1988.0,20231000
2023-08-29 07:00:00,1988.0,20231000,1978.0,20230900,1988.0,20231000
2023-08-29 08:00:00,1988.0,20231000,1985.0,20230900,1988.0,20231000
2023-08-29 23:00:00,1988.0,20231000,1975.0,20230900,1988.0,20231000
2023-08-30 04:00:00,1988.0,20231000,1974.0,20230900,1988.0,20231000
2023-08-30 05:00:00,1988.0,20231000,1972.0,20230900,1988.0,20231000
2023-08-30 06:00:00,1988.0,20231000,1972.0,20230900,1988.0,20231000
2023-08-30 07:00:00,1988.0,20231000,1981.0,20230900,1988.0,20231000
2023-08-30 08:00:00,1988.0,20231000,1992.0,20230900,1988.0,20231000
2023-08-30 23:00:00,1988.0,20231000,1994.0,20230900,1988.0,20231000
2023-08-31 03:00:00,1988.0,20231000,1999.0,20230900,1988.0,20231000
2023-08-31 04:00:00,1988.0,20231000,1950.0,20230900,1988.0,20231000
2023-08-31 05:00:00,1988.0,20231000,2004.0,20230900,1988.0,20231000
2023-08-31 06:00:00,1988.0,20231000,2004.0,20230900,1988.0,20231000
2023-08-31 07:00:00,2000.0,20231000,2013.0,20230900,2000.0,20231000
2023-08-31 08:00:00,2000.0,20231000,2002.0,20230900,2000.0,20231000
2023-08-31 23:00:00,2000.0,20231000,2014.0,20230900,2000.0,20231000
2023-09-01 05:00:00,2000.0,20231000,2010.0,20230900,2000.0,20231000
2023-09-01 06:00:00,2000.0,20231000,2008.0,20230900,2000.0,20231000
2023-09-01 23:00:00,2000.0,20231000,2008.0,20230900,2000.0,20231000
2023-09-04 04:00:00,2000.0,20231000,2003.0,20230900,2000.0,20231000
2023-09-04 05:00:00,2000.0,20231000,2003.0,20230900,2000.0,20231000
2023-09-04 07:00:00,2000.0,20231000,2004.0,20230900,2000.0,20231000
2023-09-04 16:00:00,2000.0,20231000,2006.0,20230900,2000.0,20231000
2023-09-04 23:00:00,2009.0,20231000,2004.0,20230900,2009.0,20231000
2023-09-05 03:00:00,2009.0,20231000,2018.0,20230900,2009.0,20231000
2023-09-05 04:00:00,2009.0,20231000,2016.0,20230900,2009.0,20231000
2023-09-05 05:00:00,2009.0,20231000,2017.0,20230900,2009.0,20231000
2023-09-05 06:00:00,2009.0,20231000,2016.0,20230900,2009.0,20231000
2023-09-05 07:00:00,2009.0,20231000,2013.0,20230900,2009.0,20231000
2023-09-05 08:00:00,2009.0,20231000,2011.0,20230900,2009.0,20231000
2023-09-05 23:00:00,2031.0,20231000,2025.0,20230900,2031.0,20231000
2023-09-06 03:00:00,2031.0,20231000,2021.0,20230900,2031.0,20231000
2023-09-06 04:00:00,2031.0,20231000,2021.0,20230900,2031.0,20231000
2023-09-06 05:00:00,2031.0,20231000,2013.0,20230900,2031.0,20231000
2023-09-06 06:00:00,2031.0,20231000,2017.0,20230900,2031.0,20231000
2023-09-06 07:00:00,2031.0,20231000,2018.0,20230900,2031.0,20231000
2023-09-06 08:00:00,2031.0,20231000,2031.0,20230900,2031.0,20231000
2023-09-06 23:00:00,2056.0,20231000,2050.0,20230900,2056.0,20231000
2023-09-07 04:00:00,2056.0,20231000,2047.0,20230900,2056.0,20231000
2023-09-07 05:00:00,2056.0,20231000,2039.0,20230900,2056.0,20231000
2023-09-07 06:00:00,2056.0,20231000,2039.0,20230900,2056.0,20231000
2023-09-07 07:00:00,2056.0,20231000,2036.0,20230900,2056.0,20231000
2023-09-07 08:00:00,2056.0,20231000,2044.0,20230900,2056.0,20231000
2023-09-07 14:00:00,2056.0,20231000,2045.0,20230900,2056.0,20231000
2023-09-07 23:00:00,2043.0,20231000,2037.0,20230900,2043.0,20231000
2023-09-08 04:00:00,2043.0,20231000,2041.0,20230900,2043.0,20231000
2023-09-08 05:00:00,2043.0,20231000,2038.0,20230900,2043.0,20231000
2023-09-08 06:00:00,2043.0,20231000,2038.0,20230900,2043.0,20231000
2023-09-08 07:00:00,2043.0,20231000,2039.0,20230900,2043.0,20231000
2023-09-08 08:00:00,2043.0,20231000,2037.0,20230900,2043.0,20231000
2023-09-08 16:00:00,2043.0,20231000,2041.0,20230900,2043.0,20231000
2023-09-08 23:00:00,2043.0,20231000,2037.0,20230900,2043.0,20231000
2023-09-09 23:00:00,2043.0,20231000,2041.0,20230900,2043.0,20231000
2023-09-11 07:00:00,2043.0,20231000,2025.0,20230900,2043.0,20231000
2023-09-11 08:00:00,2043.0,20231000,2011.0,20230900,2043.0,20231000
2023-09-11 23:00:00,2008.0,20231000,2004.0,20230900,2008.0,20231000
2023-09-12 03:00:00,2008.0,20231000,2006.0,20230900,2008.0,20231000
2023-09-12 04:00:00,2008.0,20231000,2010.0,20230900,2008.0,20231000
2023-09-12 05:00:00,2008.0,20231000,2013.0,20230900,2008.0,20231000
2023-09-12 06:00:00,2008.0,20231000,2010.0,20230900,2008.0,20231000
2023-09-12 07:00:00,2008.0,20231000,2015.0,20230900,2008.0,20231000
2023-09-12 08:00:00,2008.0,20231000,2035.0,20230900,2008.0,20231000
2023-09-12 23:00:00,2044.0,20231000,2040.0,20230900,2044.0,20231000
2023-09-13 03:00:00,2044.0,20231000,2057.0,20230900,2044.0,20231000
2023-09-13 04:00:00,2044.0,20231000,2038.0,20230900,2044.0,20231000
2023-09-13 05:00:00,2044.0,20231000,2042.0,20230900,2044.0,20231000
2023-09-13 06:00:00,2044.0,20231000,2039.0,20230900,2044.0,20231000
2023-09-13 07:00:00,2044.0,20231000,2040.0,20230900,2044.0,20231000
2023-09-13 08:00:00,2044.0,20231000,2025.0,20230900,2044.0,20231000
2023-09-13 10:00:00,2044.0,20231000,2026.0,20230900,2044.0,20231000
2023-09-13 23:00:00,2032.0,20231000,2026.0,20230900,2032.0,20231000
2023-09-14 03:00:00,2032.0,20231000,2013.0,20230900,2032.0,20231000
2023-09-14 04:00:00,2032.0,20231000,2013.0,20230900,2032.0,20231000
2023-09-14 05:00:00,2032.0,20231000,2000.0,20230900,2032.0,20231000
2023-09-14 06:00:00,2032.0,20231000,2001.0,20230900,2032.0,20231000
2023-09-14 07:00:00,2032.0,20231000,1994.0,20230900,2032.0,20231000
2023-09-14 08:00:00,2032.0,20231000,1981.0,20230900,2032.0,20231000
2023-09-14 23:00:00,1982.0,20231000,1978.0,20230900,1982.0,20231000
2023-09-15 03:00:00,1982.0,20231000,1986.0,20230900,1982.0,20231000
2023-09-15 04:00:00,1982.0,20231000,1987.0,20230900,1982.0,20231000
2023-09-15 05:00:00,1982.0,20231000,1982.0,20230900,1982.0,20231000
2023-09-15 07:00:00,1982.0,20231000,1986.0,20230900,1982.0,20231000
2023-09-15 08:00:00,1982.0,20231000,1986.0,20230900,1982.0,20231000
2023-09-15 23:00:00,1982.0,20231000,1986.0,20230900,1982.0,20231000
2023-09-18 03:00:00,1982.0,20231000,1972.0,20230900,1982.0,20231000
2023-09-18 04:00:00,1982.0,20231000,1963.0,20230900,1982.0,20231000
2023-09-18 05:00:00,1982.0,20231000,1963.0,20230900,1982.0,20231000
2023-09-18 06:00:00,1982.0,20231000,1959.0,20230900,1982.0,20231000
2023-09-18 07:00:00,1982.0,20231000,1957.0,20230900,1982.0,20231000
2023-09-18 08:00:00,1982.0,20231000,1953.0,20230900,1982.0,20231000
2023-09-18 23:00:00,1960.0,20231000,1957.0,20230900,1960.0,20231000
2023-09-19 03:00:00,1960.0,20231000,1969.0,20230900,1960.0,20231000
2023-09-19 04:00:00,1960.0,20231000,1952.0,20230900,1960.0,20231000
2023-09-19 05:00:00,1960.0,20231000,1952.0,20230900,1960.0,20231000
2023-09-19 07:00:00,1960.0,20231000,1957.0,20230900,1960.0,20231000
2023-09-19 08:00:00,1960.0,20231000,1960.0,20230900,1960.0,20231000
2023-09-19 23:00:00,1967.0,20231000,1968.0,20230900,1967.0,20231000
2023-09-20 04:00:00,1967.0,20231000,1969.0,20230900,1967.0,20231000
2023-09-20 05:00:00,1967.0,20231000,1975.0,20230900,1967.0,20231000
2023-09-20 07:00:00,1967.0,20231000,1973.0,20230900,1967.0,20231000
2023-09-20 08:00:00,1967.0,20231000,1986.0,20230900,1967.0,20231000
2023-09-20 23:00:00,1995.0,20231000,1995.0,20230900,1995.0,20231000
2023-09-21 02:00:00,1995.0,20231000,1990.0,20230900,1995.0,20231000
2023-09-21 04:00:00,1995.0,20231000,1972.0,20230900,1995.0,20231000
2023-09-21 06:00:00,1995.0,20231000,1969.0,20230900,1995.0,20231000
2023-09-21 07:00:00,1995.0,20231000,1968.0,20230900,1995.0,20231000
2023-09-21 08:00:00,1995.0,20231000,1962.0,20230900,1995.0,20231000
2023-09-21 09:30:00,1995.0,20231000,1964.0,20230900,1995.0,20231000
2023-09-21 23:00:00,1963.0,20231000,1964.0,20230900,1963.0,20231000
2023-09-22 03:00:00,1963.0,20231000,1921.0,20230900,1963.0,20231000
2023-09-22 04:00:00,1963.0,20231000,1895.0,20230900,1963.0,20231000
2023-09-22 05:00:00,1963.0,20231000,1900.0,20230900,1963.0,20231000
2023-09-22 07:00:00,1963.0,20231000,1901.0,20230900,1963.0,20231000
2023-09-22 08:00:00,1963.0,20231000,1910.0,20230900,1963.0,20231000
2023-09-22 23:00:00,1963.0,20231000,1910.0,20230900,1963.0,20231000
2023-09-25 03:00:00,1963.0,20231000,1906.0,20230900,1963.0,20231000
2023-09-25 04:00:00,1963.0,20231000,1910.0,20230900,1963.0,20231000
2023-09-25 05:00:00,1963.0,20231000,1908.0,20230900,1963.0,20231000
2023-09-25 07:00:00,1963.0,20231000,1905.0,20230900,1963.0,20231000
2023-09-25 08:00:00,1963.0,20231000,1859.0,20230900,1963.0,20231000
2023-09-25 23:00:00,1840.0,20231000,1842.0,20230900,1840.0,20231000
2023-09-26 03:00:00,1814.0,20231000,1814.0,20230900,1814.0,20231000
2023-09-26 04:00:00,1814.0,20231000,1833.0,20230900,1814.0,20231000
2023-09-26 04:00:01,1814.0,20231000,1833.0,20230900,1832.0,20231000
2023-09-26 04:00:02,1814.0,20231100,1832.0,20231000,1832.0,20231100
2023-09-26 05:00:00,1814.0,20231100,1817.0,20231000,1832.0,20231100
2023-09-26 06:00:00,1814.0,20231100,1824.0,20231000,1832.0,20231100
2023-09-26 07:00:00,1814.0,20231100,1848.0,20231000,1832.0,20231100
2023-09-26 08:00:00,1814.0,20231100,1858.0,20231000,1832.0,20231100
2023-09-26 23:00:00,1814.0,20231100,1806.0,20231000,1832.0,20231100
2023-09-27 03:00:00,1814.0,20231100,1839.0,20231000,1832.0,20231100
2023-09-27 04:00:00,1814.0,20231100,1815.0,20231000,1832.0,20231100
2023-09-27 05:00:00,1814.0,20231100,1815.0,20231000,1832.0,20231100
2023-09-27 06:00:00,1814.0,20231100,1818.0,20231000,1832.0,20231100
2023-09-27 07:00:00,1814.0,20231100,1823.0,20231000,1832.0,20231100
2023-09-27 08:00:00,1814.0,20231100,1822.0,20231000,1832.0,20231100
2023-09-27 23:00:00,1814.0,20231100,1838.0,20231000,1832.0,20231100
2023-09-28 03:00:00,1814.0,20231100,1830.0,20231000,1832.0,20231100
2023-09-28 04:00:00,1814.0,20231100,1830.0,20231000,1832.0,20231100
2023-09-28 05:00:00,1814.0,20231100,1821.0,20231000,1832.0,20231100
2023-09-28 06:00:00,1814.0,20231100,1821.0,20231000,1832.0,20231100
2023-09-28 07:00:00,1814.0,20231100,1818.0,20231000,1832.0,20231100
2023-09-28 08:00:00,1814.0,20231100,1832.0,20231000,1832.0,20231100
2023-09-28 23:00:00,1814.0,20231100,1829.0,20231000,1832.0,20231100
2023-09-29 03:00:00,1814.0,20231100,1843.0,20231000,1832.0,20231100
2023-09-29 07:00:00,1814.0,20231100,1850.0,20231000,1832.0,20231100
2023-09-29 08:00:00,1814.0,20231100,1846.0,20231000,1832.0,20231100
2023-09-29 12:00:00,1814.0,20231100,1836.0,20231000,1832.0,20231100
2023-09-29 23:00:00,1814.0,20231100,1846.0,20231000,1832.0,20231100
2023-09-30 23:00:00,1814.0,20231100,1836.0,20231000,1832.0,20231100
2023-10-02 03:00:00,1814.0,20231100,1839.0,20231000,1832.0,20231100
2023-10-02 04:00:00,1814.0,20231100,1841.0,20231000,1832.0,20231100
2023-10-02 05:00:00,1814.0,20231100,1842.0,20231000,1832.0,20231100
2023-10-02 06:00:00,1814.0,20231100,1841.0,20231000,1832.0,20231100
2023-10-02 23:00:00,1848.0,20231100,1842.0,20231000,1848.0,20231100
2023-10-03 03:00:00,1848.0,20231100,1828.0,20231000,1848.0,20231100
2023-10-03 04:00:00,1848.0,20231100,1815.0,20231000,1848.0,20231100
2023-10-03 05:00:00,1848.0,20231100,1811.0,20231000,1848.0,20231100
2023-10-03 06:00:00,1848.0,20231100,1811.0,20231000,1848.0,20231100
2023-10-03 07:00:00,1848.0,20231100,1800.0,20231000,1848.0,20231100
2023-10-03 08:00:00,1848.0,20231100,1788.0,20231000,1848.0,20231100
2023-10-03 09:30:00,1848.0,20231100,1790.0,20231000,1848.0,20231100
2023-10-03 23:00:00,1848.0,20231100,1785.0,20231000,1848.0,20231100
2023-10-04 03:00:00,1848.0,20231100,1756.0,20231000,1848.0,20231100
2023-10-04 04:00:00,1848.0,20231100,1782.0,20231000,1848.0,20231100
2023-10-04 05:00:00,1848.0,20231100,1793.0,20231000,1848.0,20231100
2023-10-04 07:00:00,1848.0,20231100,1794.0,20231000,1848.0,20231100
2023-10-04 08:00:00,1848.0,20231100,1799.0,20231000,1848.0,20231100
2023-10-04 23:00:00,1848.0,20231100,1800.0,20231000,1848.0,20231100
2023-10-05 03:00:00,1848.0,20231100,1804.0,20231000,1848.0,20231100
2023-10-05 05:00:00,1848.0,20231100,1802.0,20231000,1848.0,20231100
2023-10-05 06:00:00,1848.0,20231100,1802.0,20231000,1848.0,20231100
2023-10-05 08:00:00,1848.0,20231100,1777.0,20231000,1848.0,20231100
2023-10-05 11:00:00,1848.0,20231100,1804.0,20231000,1848.0,20231100
2023-10-05 23:00:00,1848.0,20231100,1777.0,20231000,1848.0,20231100
2023-10-06 03:00:00,1848.0,20231100,1783.0,20231000,1848.0,20231100
2023-10-06 05:00:00,1848.0,20231100,1777.0,20231000,1848.0,20231100
2023-10-06 06:00:00,1848.0,20231100,1773.0,20231000,1848.0,20231100
2023-10-06 07:00:00,1848.0,20231100,1778.0,20231000,1848.0,20231100
2023-10-06 08:00:00,1848.0,20231100,1802.0,20231000,1848.0,20231100
2023-10-06 23:00:00,1848.0,20231100,1802.0,20231000,1848.0,20231100
2023-10-09 03:00:00,1848.0,20231100,1815.0,20231000,1848.0,20231100
2023-10-09 04:00:00,1848.0,20231100,1814.0,20231000,1848.0,20231100
2023-10-09 05:00:00,1848.0,20231100,1810.0,20231000,1848.0,20231100
2023-10-09 06:00:00,1848.0,20231100,1806.0,20231000,1848.0,20231100
2023-10-09 07:00:00,1848.0,20231100,1810.0,20231000,1848.0,20231100
2023-10-09 08:00:00,1848.0,20231100,1814.0,20231000,1848.0,20231100
2023-10-09 23:00:00,1825.0,20231100,1820.0,20231000,1825.0,20231100
2023-10-10 03:00:00,1825.0,20231100,1841.0,20231000,1825.0,20231100
2023-10-10 06:00:00,1825.0,20231100,1840.0,20231000,1825.0,20231100
2023-10-10 08:00:00,1825.0,20231100,1827.0,20231000,1825.0,20231100
2023-10-10 23:00:00,1825.0,20231100,1828.0,20231000,1825.0,20231100
2023-10-11 03:00:00,1825.0,20231100,1829.0,20231000,1825.0,20231100
2023-10-11 04:00:00,1825.0,20231100,1835.0,20231000,1825.0,20231100
2023-10-11 05:00:00,1825.0,20231100,1821.0,20231000,1825.0,20231100
2023-10-11 06:00:00,1825.0,20231100,1823.0,20231000,1825.0,20231100
2023-10-11 07:00:00,1825.0,20231100,1825.0,20231000,1825.0,20231100
2023-10-11 08:00:00,1825.0,20231100,1834.0,20231000,1825.0,20231100
2023-10-11 23:00:00,1825.0,20231100,1837.0,20231000,1825.0,20231100
2023-10-12 02:00:00,1825.0,20231100,1845.0,20231000,1825.0,20231100
2023-10-12 03:00:00,1825.0,20231100,1848.0,20231000,1825.0,20231100
2023-10-12 05:00:00,1825.0,20231100,1856.0,20231000,1825.0,20231100
2023-10-12 07:00:00,1825.0,20231100,1848.0,20231000,1825.0,20231100
2023-10-12 08:00:00,1825.0,20231100,1846.0,20231000,1825.0,20231100
2023-10-12 23:00:00,1825.0,20231100,1848.0,20231000,1825.0,20231100
2023-10-13 03:00:00,1825.0,20231100,1826.0,20231000,1825.0,20231100
2023-10-13 05:00:00,1825.0,20231100,1825.0,20231000,1825.0,20231100
2023-10-13 06:00:00,1825.0,20231100,1826.0,20231000,1825.0,20231100
2023-10-13 07:00:00,1825.0,20231100,1821.0,20231000,1825.0,20231100
2023-10-13 08:00:00,1825.0,20231100,1841.0,20231000,1825.0,20231100
2023-10-13 23:00:00,1825.0,20231100,1841.0,20231000,1825.0,20231100
2023-10-16 03:00:00,1825.0,20231100,1840.0,20231000,1825.0,20231100
2023-10-16 04:00:00,1825.0,20231100,1829.0,20231000,1825.0,20231100
2023-10-16 05:00:00,1825.0,20231100,1828.0,20231000,1825.0,20231100
2023-10-16 06:00:00,1833.0,20231100,1826.0,20231000,1833.0,20231100
2023-10-16 07:00:00,1833.0,20231100,1832.0,20231000,1833.0,20231100
2023-10-16 08:00:00,1833.0,20231100,1820.0,20231000,1833.0,20231100
2023-10-16 23:00:00,1821.0,20231100,1821.0,20231000,1821.0,20231100
2023-10-17 04:00:00,1821.0,20231100,1827.0,20231000,1821.0,20231100
2023-10-17 05:00:00,1821.0,20231100,1830.0,20231000,1821.0,20231100
2023-10-17 08:00:00,1821.0,20231100,1792.0,20231000,1821.0,20231100
2023-10-17 23:00:00,1788.0,20231100,1788.0,20231000,1788.0,20231100
2023-10-18 03:00:00,1788.0,20231100,1790.0,20231000,1788.0,20231100
2023-10-18 04:00:00,1788.0,20231100,1784.0,20231000,1788.0,20231100
2023-10-18 05:00:00,1788.0,20231100,1789.0,20231000,1788.0,20231100
2023-10-18 06:00:00,1788.0,20231100,1784.0,20231000,1788.0,20231100
2023-10-18 07:00:00,1788.0,20231100,1783.0,20231000,1788.0,20231100
2023-10-18 08:00:00,1788.0,20231100,1759.0,20231000,1788.0,20231100
2023-10-18 23:00:00,1757.0,20231100,1757.0,20231000,1757.0,20231100
2023-10-19 03:00:00,1757.0,20231100,1750.0,20231000,1757.0,20231100
2023-10-19 04:00:00,1757.0,20231100,1729.0,20231000,1757.0,20231100
2023-10-19 05:00:00,1741.0,20231100,1731.0,20231000,1741.0,20231100
2023-10-19 06:00:00,1746.0,20231100,1737.0,20231000,1746.0,20231100
2023-10-19 07:00:00,1738.0,20231100,1730.0,20231000,1738.0,20231100
2023-10-19 08:00:00,1738.0,20231100,1716.0,20231000,1738.0,20231100
2023-10-19 23:00:00,1716.0,20231100,1716.0,20231000,1716.0,20231100
2023-10-20 03:00:00,1716.0,20231100,1719.0,20231000,1716.0,20231100
2023-10-20 04:00:00,1716.0,20231100,1701.0,20231000,1716.0,20231100
2023-10-20 05:00:00,1716.0,20231100,1704.0,20231000,1716.0,20231100
2023-10-20 05:00:01,1716.0,20231100,1704.0,20231000,1712.0,20231100
2023-10-20 05:00:02,1716.0,20231200,1712.0,20231100,1712.0,20231200
2023-10-20 07:00:00,1716.0,20231200,1727.0,20231100,1712.0,20231200
2023-10-20 23:00:00,1716.0,20231200,1727.0,20231100,1712.0,20231200
2023-10-23 07:00:00,1716.0,20231200,1734.0,20231100,1712.0,20231200
2023-10-23 23:00:00,1733.0,20231200,1730.0,20231100,1733.0,20231200
2023-10-24 08:00:00,1733.0,20231200,1743.0,20231100,1733.0,20231200
2023-10-24 23:00:00,1733.0,20231200,1743.0,20231100,1733.0,20231200
2023-10-25 06:00:00,1733.0,20231200,1766.0,20231100,1733.0,20231200
2023-10-25 07:00:00,1733.0,20231200,1764.0,20231100,1733.0,20231200
2023-10-25 08:00:00,1733.0,20231200,1764.0,20231100,1733.0,20231200
2023-10-25 23:00:00,1733.0,20231200,1764.0,20231100,1733.0,20231200
2023-10-26 03:00:00,1733.0,20231200,1658.0,20231100,1733.0,20231200
2023-10-26 05:00:00,1733.0,20231200,1658.0,20231100,1733.0,20231200
2023-10-26 06:00:00,1733.0,20231200,1663.0,20231100,1733.0,20231200
2023-10-26 07:00:00,1733.0,20231200,1651.0,20231100,1733.0,20231200
2023-10-26 23:00:00,1733.0,20231200,1661.0,20231100,1733.0,20231200
2023-10-27 03:00:00,1733.0,20231200,1647.0,20231100,1733.0,20231200
2023-10-27 04:00:00,1733.0,20231200,1642.0,20231100,1733.0,20231200
2023-10-27 07:00:00,1733.0,20231200,1632.0,20231100,1733.0,20231200
2023-10-27 08:00:00,1733.0,20231200,1640.0,20231100,1733.0,20231200
2023-10-27 23:00:00,1733.0,20231200,1640.0,20231100,1733.0,20231200
2023-10-30 02:00:00,1733.0,20231200,1635.0,20231100,1733.0,20231200
2023-10-30 06:00:00,1733.0,20231200,1635.0,20231100,1733.0,20231200
2023-10-30 07:00:00,1733.0,20231200,1635.0,20231100,1733.0,20231200
2023-10-30 23:00:00,1620.0,20231200,1620.0,20231100,1620.0,20231200
2023-10-31 02:00:00,1620.0,20231200,1622.0,20231100,1620.0,20231200
2023-10-31 03:00:00,1620.0,20231200,1618.0,20231100,1620.0,20231200
2023-10-31 04:00:00,1620.0,20231200,1622.0,20231100,1620.0,20231200
2023-10-31 05:00:00,1620.0,20231200,1623.0,20231100,1620.0,20231200
2023-10-31 06:00:00,1620.0,20231200,1615.0,20231100,1620.0,20231200
2023-10-31 07:00:00,1620.0,20231200,1591.0,20231100,1620.0,20231200
2023-10-31 23:00:00,1620.0,20231200,1592.0,20231100,1620.0,20231200
2023-11-01 02:00:00,1620.0,20231200,1599.0,20231100,1620.0,20231200
2023-11-01 03:00:00,1620.0,20231200,1599.0,20231100,1620.0,20231200
2023-11-01 04:00:00,1620.0,20231200,1611.0,20231100,1620.0,20231200
2023-11-01 05:00:00,1620.0,20231200,1611.0,20231100,1620.0,20231200
2023-11-01 06:00:00,1620.0,20231200,1598.0,20231100,1620.0,20231200
2023-11-01 07:00:00,1620.0,20231200,1617.0,20231100,1620.0,20231200
2023-11-01 23:00:00,1620.0,20231200,1617.0,20231100,1620.0,20231200
2023-11-02 02:00:00,1620.0,20231200,1638.0,20231100,1620.0,20231200
2023-11-02 03:00:00,1620.0,20231200,1643.0,20231100,1620.0,20231200
2023-11-02 04:00:00,1620.0,20231200,1654.0,20231100,1620.0,20231200
2023-11-02 05:00:00,1620.0,20231200,1650.0,20231100,1620.0,20231200
2023-11-02 06:00:00,1620.0,20231200,1666.0,20231100,1620.0,20231200
2023-11-02 07:00:00,1620.0,20231200,1687.0,20231100,1620.0,20231200
2023-11-02 23:00:00,1620.0,20231200,1686.0,20231100,1620.0,20231200
2023-11-03 02:00:00,1620.0,20231200,1696.0,20231100,1620.0,20231200
2023-11-03 03:00:00,1620.0,20231200,1692.0,20231100,1620.0,20231200
2023-11-03 04:00:00,1620.0,20231200,1692.0,20231100,1620.0,20231200
2023-11-03 05:00:00,1620.0,20231200,1684.0,20231100,1620.0,20231200
2023-11-03 06:00:00,1620.0,20231200,1701.0,20231100,1620.0,20231200
2023-11-03 07:00:00,1620.0,20231200,1695.0,20231100,1620.0,20231200
2023-11-03 08:30:00,1620.0,20231200,1699.0,20231100,1620.0,20231200
2023-11-03 15:00:00,1620.0,20231200,1700.0,20231100,1620.0,20231200
2023-11-03 23:00:00,1620.0,20231200,1695.0,20231100,1620.0,20231200
2023-11-04 23:00:00,1620.0,20231200,1700.0,20231100,1620.0,20231200
2023-11-06 03:00:00,1620.0,20231200,1711.0,20231100,1620.0,20231200
2023-11-06 04:00:00,1620.0,20231200,1709.0,20231100,1620.0,20231200
2023-11-06 05:00:00,1620.0,20231200,1709.0,20231100,1620.0,20231200
2023-11-06 06:00:00,1620.0,20231200,1716.0,20231100,1620.0,20231200
2023-11-06 07:00:00,1620.0,20231200,1716.0,20231100,1620.0,20231200
2023-11-06 15:00:00,1620.0,20231200,1722.0,20231100,1620.0,20231200
2023-11-06 23:00:00,1720.0,20231200,1720.0,20231100,1720.0,20231200
2023-11-07 02:00:00,1720.0,20231200,1707.0,20231100,1720.0,20231200
2023-11-07 03:00:00,1720.0,20231200,1714.0,20231100,1720.0,20231200
2023-11-07 04:00:00,1720.0,20231200,1711.0,20231100,1720.0,20231200
2023-11-07 05:00:00,1720.0,20231200,1710.0,20231100,1720.0,20231200
2023-11-07 06:00:00,1720.0,20231200,1708.0,20231100,1720.0,20231200
2023-11-07 07:00:00,1720.0,20231200,1700.0,20231100,1720.0,20231200
2023-11-07 23:00:00,1720.0,20231200,1700.0,20231100,1720.0,20231200
2023-11-08 02:00:00,1720.0,20231200,1697.0,20231100,1720.0,20231200
2023-11-08 03:00:00,1720.0,20231200,1700.0,20231100,1720.0,20231200
2023-11-08 04:00:00,1720.0,20231200,1700.0,20231100,1720.0,20231200
2023-11-08 06:00:00,1720.0,20231200,1724.0,20231100,1720.0,20231200
2023-11-08 07:00:00,1720.0,20231200,1762.0,20231100,1720.0,20231200
2023-11-08 08:30:00,1720.0,20231200,1767.0,20231100,1720.0,20231200
2023-11-08 09:00:00,1720.0,20231200,1767.0,20231100,1720.0,20231200
2023-11-08 10:00:00,1720.0,20231200,1764.0,20231100,1720.0,20231200
2023-11-08 23:00:00,1720.0,20231200,1763.0,20231100,1720.0,20231200
2023-11-09 02:00:00,1720.0,20231200,1785.0,20231100,1720.0,20231200
2023-11-09 03:00:00,1720.0,20231200,1784.0,20231100,1720.0,20231200
2023-11-09 04:00:00,1720.0,20231200,1783.0,20231100,1720.0,20231200
2023-11-09 06:00:00,1720.0,20231200,1776.0,20231100,1720.0,20231200
2023-11-09 07:00:00,1720.0,20231200,1771.0,20231100,1720.0,20231200
2023-11-09 09:00:00,1720.0,20231200,1772.0,20231100,1720.0,20231200
2023-11-09 23:00:00,1720.0,20231200,1770.0,20231100,1720.0,20231200
2023-11-10 02:00:00,1720.0,20231200,1754.0,20231100,1720.0,20231200
2023-11-10 03:00:00,1720.0,20231200,1761.0,20231100,1720.0,20231200
2023-11-10 04:00:00,1720.0,20231200,1761.0,20231100,1720.0,20231200
2023-11-10 04:00:01,1720.0,20231200,1761.0,20231100,1761.0,20231200
2023-11-10 04:00:02,1720.0,20240100,1761.0,20231200,1761.0,20240100
2023-11-13 04:00:00,1720.0,20240100,1764.0,20231200,1761.0,20240100
2023-11-13 06:00:00,1720.0,20240100,1765.0,20231200,1761.0,20240100
2023-11-13 07:00:00,1720.0,20240100,1748.0,20231200,1761.0,20240100
2023-11-13 23:00:00,1754.0,20240100,1752.0,20231200,1754.0,20240100
2023-11-14 23:00:00,1754.0,20240100,1758.0,20231200,1754.0,20240100
2023-11-15 06:00:00,1754.0,20240100,1795.0,20231200,1754.0,20240100
2023-11-15 07:00:00,1754.0,20240100,1797.0,20231200,1754.0,20240100
2023-11-15 23:00:00,1754.0,20240100,1786.0,20231200,1754.0,20240100
2023-11-16 23:00:00,1754.0,20240100,1785.0,20231200,1754.0,20240100
2023-11-20 04:00:00,1754.0,20240100,1747.0,20231200,1754.0,20240100
2023-11-20 06:00:00,1754.0,20240100,1751.0,20231200,1754.0,20240100
2023-11-20 23:00:00,1745.0,20240100,1743.0,20231200,1745.0,20240100
2023-11-21 06:00:00,1745.0,20240100,1754.0,20231200,1745.0,20240100
2023-11-21 07:00:00,1745.0,20240100,1757.0,20231200,1745.0,20240100
2023-11-21 23:00:00,1745.0,20240100,1760.0,20231200,1745.0,20240100
2023-11-22 02:00:00,1745.0,20240100,1765.0,20231200,1745.0,20240100
2023-11-22 07:00:00,1745.0,20240100,1752.0,20231200,1745.0,20240100
2023-11-22 23:00:00,1745.0,20240100,1762.0,20231200,1745.0,20240100
2023-11-23 23:00:00,1745.0,20240100,1710.0,20231200,1745.0,20240100
2023-11-24 07:00:00,1745.0,20240100,1704.0,20231200,1745.0,20240100
2023-11-24 23:00:00,1745.0,20240100,1704.0,20231200,1745.0,20240100
2023-11-27 02:00:00,1745.0,20240100,1725.0,20231200,1745.0,20240100
2023-11-27 04:00:00,1745.0,20240100,1726.0,20231200,1745.0,20240100
2023-11-27 06:00:00,1745.0,20240100,1725.0,20231200,1745.0,20240100
2023-11-27 07:00:00,1745.0,20240100,1725.0,20231200,1745.0,20240100
2023-11-27 23:00:00,1718.0,20240100,1716.0,20231200,1718.0,20240100
2023-11-28 13:00:00,1718.0,20240100,1733.0,20231200,1718.0,20240100
2023-11-28 14:00:00,1718.0,20240100,1733.0,20231200,1718.0,20240100
2023-11-28 15:00:00,1718.0,20240100,1733.0,20231200,1718.0,20240100
2023-11-28 23:00:00,1718.0,20240100,1728.0,20231200,1718.0,20240100
2023-11-29 02:00:00,1718.0,20240100,1749.0,20231200,1718.0,20240100
2023-11-29 03:00:00,1718.0,20240100,1739.0,20231200,1718.0,20240100
2023-11-29 05:00:00,1718.0,20240100,1743.0,20231200,1718.0,20240100
2023-11-29 06:00:00,1718.0,20240100,1745.0,20231200,1718.0,20240100
2023-11-29 07:00:00,1718.0,20240100,1749.0,20231200,1718.0,20240100
2023-11-29 23:00:00,1718.0,20240100,1743.0,20231200,1718.0,20240100
2023-11-30 02:00:00,1748.0,20240100,1748.0,20231200,1748.0,20240100
2023-11-30 03:00:00,1748.0,20240100,1752.0,20231200,1748.0,20240100
2023-11-30 04:00:00,1748.0,20240100,1747.0,20231200,1748.0,20240100
2023-11-30 06:00:00,1748.0,20240100,1745.0,20231200,1748.0,20240100
2023-11-30 07:00:00,1748.0,20240100,1726.0,20231200,1748.0,20240100
2023-11-30 10:00:00,1748.0,20240100,1728.0,20231200,1748.0,20240100
2023-11-30 11:00:00,1748.0,20240100,1730.0,20231200,1748.0,20240100
2023-11-30 23:00:00,1748.0,20240100,1726.0,20231200,1748.0,20240100
2023-12-01 02:00:00,1748.0,20240100,1734.0,20231200,1748.0,20240100
2023-12-01 03:00:00,1748.0,20240100,1730.0,20231200,1748.0,20240100
2023-12-01 04:00:00,1748.0,20240100,1731.0,20231200,1748.0,20240100
2023-12-01 06:00:00,1748.0,20240100,1731.0,20231200,1748.0,20240100
2023-12-01 07:00:00,1748.0,20240100,1744.0,20231200,1748.0,20240100
2023-12-01 23:00:00,1748.0,20240100,1744.0,20231200,1748.0,20240100
2023-12-04 04:00:00,1748.0,20240100,1779.0,20231200,1748.0,20240100
2023-12-04 05:00:00,1748.0,20240100,1771.0,20231200,1748.0,20240100
2023-12-04 06:00:00,1748.0,20240100,1771.0,20231200,1748.0,20240100
2023-12-04 07:00:00,1748.0,20240100,1782.0,20231200,1748.0,20240100
2023-12-04 15:00:00,1748.0,20240100,1772.0,20231200,1748.0,20240100
2023-12-04 23:00:00,1779.0,20240100,1777.0,20231200,1779.0,20240100
2023-12-05 03:00:00,1779.0,20240100,1758.0,20231200,1779.0,20240100
2023-12-05 04:00:00,1779.0,20240100,1763.0,20231200,1779.0,20240100
2023-12-05 07:00:00,1779.0,20240100,1765.0,20231200,1779.0,20240100
2023-12-05 23:00:00,1760.0,20240100,1759.0,20231200,1760.0,20240100
2023-12-06 03:00:00,1760.0,20240100,1766.0,20231200,1760.0,20240100
2023-12-06 04:00:00,1760.0,20240100,1758.0,20231200,1760.0,20240100
2023-12-06 07:00:00,1760.0,20240100,1769.0,20231200,1760.0,20240100
2023-12-06 23:00:00,1774.0,20240100,1773.0,20231200,1774.0,20240100
2023-12-07 03:00:00,1774.0,20240100,1758.0,20231200,1774.0,20240100
2023-12-07 04:00:00,1774.0,20240100,1749.0,20231200,1774.0,20240100
2023-12-07 07:00:00,1774.0,20240100,1761.0,20231200,1774.0,20240100
2023-12-07 23:00:00,1761.0,20240100,1760.0,20231200,1761.0,20240100
2023-12-08 04:00:00,1761.0,20240100,1775.0,20231200,1761.0,20240100
2023-12-08 06:00:00,1761.0,20240100,1775.0,20231200,1761.0,20240100
2023-12-08 07:00:00,1761.0,20240100,1765.0,20231200,1761.0,20240100
2023-12-08 23:00:00,1761.0,20240100,1765.0,20231200,1761.0,20240100
2023-12-11 03:00:00,1761.0,20240100,1777.0,20231200,1761.0,20240100
2023-12-11 04:00:00,1761.0,20240100,1773.0,20231200,1761.0,20240100
2023-12-11 06:00:00,1761.0,20240100,1776.0,20231200,1761.0,20240100
2023-12-11 07:00:00,1761.0,20240100,1781.0,20231200,1761.0,20240100
2023-12-11 23:00:00,1781.0,20240100,1781.0,20231200,1781.0,20240100
2023-12-12 04:00:00,1781.0,20240100,1779.0,20231200,1781.0,20240100
2023-12-12 06:00:00,1781.0,20240100,1783.0,20231200,1781.0,20240100
2023-12-12 07:00:00,1781.0,20240100,1782.0,20231200,1781.0,20240100
2023-12-12 23:00:00,1778.0,20240100,1779.0,20231200,1778.0,20240100
2023-12-13 06:00:00,1778.0,20240100,1781.0,20231200,1778.0,20240100
2023-12-13 07:00:00,1778.0,20240100,1762.0,20231200,1778.0,20240100
2023-12-13 23:00:00,1754.0,20240100,1755.0,20231200,1754.0,20240100
2023-12-14 01:00:00,1754.0,20240100,1762.0,20231200,1754.0,20240100
2023-12-14 02:00:00,1754.0,20240100,1770.0,20231200,1754.0,20240100
2023-12-14 04:00:00,1754.0,20240100,1766.0,20231200,1754.0,20240100
2023-12-14 23:00:00,1743.0,20240100,1744.0,20231200,1743.0,20240100
2023-12-15 02:00:00,1743.0,20240100,1754.0,20231200,1743.0,20240100
2023-12-15 03:00:00,1743.0,20240100,1751.0,20231200,1743.0,20240100
2023-12-15 04:00:00,1743.0,20240100,1749.0,20231200,1743.0,20240100
2023-12-15 07:00:00,1743.0,20240100,1745.0,20231200,1743.0,20240100
2023-12-15 23:00:00,1743.0,20240100,1745.0,20231200,1743.0,20240100
2023-12-18 03:00:00,1743.0,20240100,1733.0,20231200,1743.0,20240100
2023-12-18 04:00:00,1743.0,20240100,1732.0,20231200,1743.0,20240100
2023-12-18 07:00:00,1743.0,20240100,1726.0,20231200,1743.0,20240100
2023-12-18 23:00:00,1714.0,20240100,1716.0,20231200,1714.0,20240100
2023-12-19 03:00:00,1714.0,20240100,1716.0,20231200,1714.0,20240100
2023-12-19 04:00:00,1714.0,20240100,1717.0,20231200,1714.0,20240100
2023-12-19 07:00:00,1714.0,20240100,1710.0,20231200,1714.0,20240100
2023-12-19 23:00:00,1725.0,20240100,1727.0,20231200,1725.0,20240100
2023-12-20 03:00:00,1725.0,20240100,1724.0,20231200,1725.0,20240100
2023-12-20 04:00:00,1725.0,20240100,1730.0,20231200,1725.0,20240100
2023-12-20 23:00:00,1736.0,20240100,1738.0,20231200,1736.0,20240100
2023-12-21 03:00:00,1736.0,20240100,1728.0,20231200,1736.0,20240100
2023-12-21 04:00:00,1736.0,20240100,1729.0,20231200,1736.0,20240100
2023-12-21 05:00:00,1736.0,20240100,1722.0,20231200,1736.0,20240100
2023-12-21 06:00:00,1736.0,20240100,1732.0,20231200,1736.0,20240100
2023-12-21 07:00:00,1730.0,20240100,1733.0,20231200,1730.0,20240100
2023-12-21 23:00:00,1730.0,20240100,1735.0,20231200,1730.0,20240100
2023-12-22 03:00:00,1730.0,20240100,1730.0,20231200,1730.0,20240100
2023-12-22 04:00:00,1730.0,20240100,1734.0,20231200,1730.0,20240100
2023-12-22 06:00:00,1730.0,20240100,1741.0,20231200,1730.0,20240100
2023-12-22 07:00:00,1730.0,20240100,1743.0,20231200,1730.0,20240100
2023-12-22 23:00:00,1730.0,20240100,1743.0,20231200,1730.0,20240100
2023-12-25 03:00:00,1730.0,20240100,1764.0,20231200,1730.0,20240100
2023-12-25 04:00:00,1730.0,20240100,1764.0,20231200,1730.0,20240100
2023-12-25 07:00:00,1730.0,20240100,1764.0,20231200,1730.0,20240100
2023-12-25 23:00:00,1758.0,20240100,1759.0,20231200,1758.0,20240100
2023-12-26 04:00:00,1758.0,20240100,1769.0,20231200,1758.0,20240100
2023-12-26 06:00:00,1758.0,20240100,1774.0,20231200,1758.0,20240100
2023-12-26 07:00:00,1758.0,20240100,1773.0,20231200,1758.0,20240100
2023-12-26 08:30:00,1758.0,20240100,1770.0,20231200,1758.0,20240100
2023-12-26 14:00:00,1758.0,20240100,1771.0,20231200,1758.0,20240100
2023-12-26 23:00:00,1771.0,20240100,1771.0,20231200,1771.0,20240100
2023-12-27 04:00:00,1771.0,20240100,1774.0,20231200,1771.0,20240100
2023-12-27 05:00:00,1779.0,20240100,1780.0,20231200,1779.0,20240100
2023-12-27 06:00:00,1779.0,20240100,1780.0,20231200,1779.0,20240100
2023-12-27 07:00:00,1770.0,20240100,1777.0,20231200,1770.0,20240100
2023-12-27 08:30:00,1770.0,20240100,1770.0,20231200,1770.0,20240100
2023-12-27 09:00:00,1770.0,20240100,1770.0,20231200,1770.0,20240100
2023-12-27 11:00:00,1770.0,20240100,1770.0,20231200,1770.0,20240100
2023-12-27 13:00:00,1770.0,20240100,1770.0,20231200,1770.0,20240100
2023-12-27 23:00:00,1770.0,20240100,1771.0,20231200,1770.0,20240100
2023-12-28 03:00:00,1770.0,20240100,1784.0,20231200,1770.0,20240100
2023-12-28 04:00:00,1770.0,20240100,1785.0,20231200,1770.0,20240100
2023-12-28 05:00:00,1770.0,20240100,1780.0,20231200,1770.0,20240100
2023-12-28 06:00:00,1770.0,20240100,1788.0,20231200,1770.0,20240100
2023-12-28 07:00:00,1770.0,20240100,1788.0,20231200,1770.0,20240100
2023-12-28 23:00:00,1788.0,20240100,1789.0,20231200,1788.0,20240100
2023-12-29 02:00:00,1790.0,20240100,1789.0,20231200,1790.0,20240100
2023-12-29 02:00:01,1790.0,20240200,1790.0,20240100,1790.0,20240200
2023-12-29 23:00:00,1790.0,20240200,1790.0,20240100,1790.0,20240200
2023-12-30 23:00:00,1790.0,20240200,1783.0,20240100,1790.0,20240200
2024-01-02 02:00:00,1790.0,20240200,1795.0,20240100,1790.0,20240200
2024-01-02 04:00:00,1790.0,20240200,1778.0,20240100,1790.0,20240200
2024-01-02 05:00:00,1790.0,20240200,1781.0,20240100,1790.0,20240200
2024-01-02 06:00:00,1790.0,20240200,1773.0,20240100,1790.0,20240200
2024-01-02 07:00:00,1790.0,20240200,1772.0,20240100,1790.0,20240200
2024-01-02 23:00:00,1784.0,20240200,1779.0,20240100,1784.0,20240200
2024-01-03 02:00:00,1784.0,20240200,1709.0,20240100,1784.0,20240200
2024-01-03 03:00:00,1784.0,20240200,1772.0,20240100,1784.0,20240200
2024-01-03 04:00:00,1784.0,20240200,1779.0,20240100,1784.0,20240200
2024-01-03 06:00:00,1784.0,20240200,1779.0,20240100,1784.0,20240200
2024-01-03 23:00:00,1784.0,20240200,1779.0,20240100,1784.0,20240200
2024-01-04 04:00:00,1784.0,20240200,1800.0,20240100,1784.0,20240200
2024-01-04 06:00:00,1784.0,20240200,1807.0,20240100,1784.0,20240200
2024-01-04 07:00:00,1784.0,20240200,1815.0,20240100,1784.0,20240200
2024-01-04 23:00:00,1784.0,20240200,1815.0,20240100,1784.0,20240200
2024-01-05 04:00:00,1784.0,20240200,1802.0,20240100,1784.0,20240200
2024-01-05 05:00:00,1784.0,20240200,1801.0,20240100,1784.0,20240200
2024-01-05 06:00:00,1784.0,20240200,1801.0,20240100,1784.0,20240200
2024-01-05 07:00:00,1784.0,20240200,1808.0,20240100,1784.0,20240200
2024-01-05 23:00:00,1784.0,20240200,1808.0,20240100,1784.0,20240200
2024-01-08 02:00:00,1784.0,20240200,1813.0,20240100,1784.0,20240200
2024-01-08 04:00:00,1784.0,20240200,1819.0,20240100,1784.0,20240200
2024-01-08 05:00:00,1784.0,20240200,1812.0,20240100,1784.0,20240200
2024-01-08 06:00:00,1784.0,20240200,1812.0,20240100,1784.0,20240200
2024-01-08 07:00:00,1784.0,20240200,1808.0,20240100,1784.0,20240200
2024-01-08 23:00:00,1808.0,20240200,1803.0,20240100,1808.0,20240200
2024-01-09 04:00:00,1808.0,20240200,1806.0,20240100,1808.0,20240200
2024-01-09 07:00:00,1808.0,20240200,1804.0,20240100,1808.0,20240200
2024-01-09 23:00:00,1808.0,20240200,1797.0,20240100,1808.0,20240200
2024-01-10 03:00:00,1808.0,20240200,1805.0,20240100,1808.0,20240200
2024-01-10 04:00:00,1808.0,20240200,1797.0,20240100,1808.0,20240200
2024-01-10 06:00:00,1808.0,20240200,1788.0,20240100,1808.0,20240200
2024-01-10 23:00:00,1808.0,20240200,1787.0,20240100,1808.0,20240200
2024-01-11 02:00:00,1808.0,20240200,1798.0,20240100,1808.0,20240200
2024-01-11 03:00:00,1808.0,20240200,1808.0,20240100,1808.0,20240200
2024-01-11 05:00:00,1808.0,20240200,1809.0,20240100,1808.0,20240200
2024-01-11 06:00:00,1808.0,20240200,1809.0,20240100,1808.0,20240200
2024-01-11 07:00:00,1808.0,20240200,1800.0,20240100,1808.0,20240200
2024-01-11 23:00:00,1808.0,20240200,1791.0,20240100,1808.0,20240200
2024-01-12 03:00:00,1808.0,20240200,1780.0,20240100,1808.0,20240200
2024-01-12 04:00:00,1808.0,20240200,1787.0,20240100,1808.0,20240200
2024-01-12 07:00:00,1808.0,20240200,1779.0,20240100,1808.0,20240200
2024-01-12 23:00:00,1808.0,20240200,1779.0,20240100,1808.0,20240200
2024-01-15 02:00:00,1808.0,20240200,1797.0,20240100,1808.0,20240200
2024-01-15 04:00:00,1808.0,20240200,1788.0,20240100,1808.0,20240200
2024-01-15 05:00:00,1808.0,20240200,1785.0,20240100,1808.0,20240200
2024-01-15 07:00:00,1808.0,20240200,1783.0,20240100,1808.0,20240200
2024-01-15 08:30:00,1808.0,20240200,1764.0,20240100,1808.0,20240200
2024-01-15 23:00:00,1770.0,20240200,1766.0,20240100,1770.0,20240200
2024-01-16 03:00:00,1770.0,20240200,1766.0,20240100,1770.0,20240200
2024-01-16 04:00:00,1770.0,20240200,1770.0,20240100,1770.0,20240200
2024-01-16 05:00:00,1770.0,20240200,1769.0,20240100,1770.0,20240200
2024-01-16 23:00:00,1770.0,20240200,1769.0,20240100,1770.0,20240200
2024-01-17 02:00:00,1770.0,20240200,1796.0,20240100,1770.0,20240200
2024-01-17 04:00:00,1770.0,20240200,1800.0,20240100,1770.0,20240200
2024-01-17 05:00:00,1770.0,20240200,1791.0,20240100,1770.0,20240200
2024-01-17 23:00:00,1770.0,20240200,1784.0,20240100,1770.0,20240200
2024-01-18 02:00:00,1770.0,20240200,1785.0,20240100,1770.0,20240200
2024-01-18 04:00:00,1770.0,20240200,1793.0,20240100,1770.0,20240200
2024-01-18 05:00:00,1770.0,20240200,1793.0,20240100,1770.0,20240200
2024-01-18 11:00:00,1770.0,20240200,1802.0,20240100,1770.0,20240200
2024-01-18 12:00:00,1770.0,20240200,1795.0,20240100,1770.0,20240200
2024-01-18 23:00:00,1770.0,20240200,1797.0,20240100,1770.0,20240200
2024-01-19 04:00:00,1770.0,20240200,1811.0,20240100,1770.0,20240200
2024-01-19 23:00:00,1770.0,20240200,1811.0,20240100,1770.0,20240200
2024-01-22 02:00:00,1770.0,20240200,1808.0,20240100,1770.0,20240200
2024-01-22 03:00:00,1770.0,20240200,1810.0,20240100,1770.0,20240200
2024-01-22 04:00:00,1770.0,20240200,1814.0,20240100,1770.0,20240200
2024-01-22 07:00:00,1770.0,20240200,1821.0,20240100,1770.0,20240200
2024-01-22 23:00:00,1815.0,20240200,1815.0,20240100,1815.0,20240200
2024-01-23 05:00:00,1815.0,20240200,1814.0,20240100,1815.0,20240200
2024-01-23 07:00:00,1815.0,20240200,1806.0,20240100,1815.0,20240200
2024-01-23 23:00:00,1815.0,20240200,1806.0,20240100,1815.0,20240200
2024-01-24 02:00:00,1815.0,20240200,1805.0,20240100,1815.0,20240200
2024-01-24 04:00:00,1815.0,20240200,1804.0,20240100,1815.0,20240200
2024-01-24 05:00:00,1813.0,20240200,1801.0,20240100,1813.0,20240200
2024-01-24 05:00:01,1813.0,20240300,1813.0,20240200,1813.0,20240300
2024-01-24 07:00:00,1813.0,20240300,1808.0,20240200,1813.0,20240300
2024-01-24 23:00:00,1813.0,20240300,1808.0,20240200,1813.0,20240300
2024-01-25 23:00:00,1813.0,20240300,1796.0,20240200,1813.0,20240300
2024-01-29 23:00:00,1794.0,20240300,1790.0,20240200,1794.0,20240300
2024-01-30 06:00:00,1794.0,20240300,1800.0,20240200,1794.0,20240300
2024-01-30 07:00:00,1794.0,20240300,1799.0,20240200,1794.0,20240300
2024-01-30 23:00:00,1794.0,20240300,1792.0,20240200,1794.0,20240300
2024-01-31 02:00:00,1794.0,20240300,1800.0,20240200,1794.0,20240300
2024-01-31 03:00:00,1794.0,20240300,1806.0,20240200,1794.0,20240300
2024-01-31 04:00:00,1794.0,20240300,1799.0,20240200,1794.0,20240300
2024-01-31 07:00:00,1794.0,20240300,1778.0,20240200,1794.0,20240300
2024-01-31 23:00:00,1794.0,20240300,1772.0,20240200,1794.0,20240300
2024-02-01 04:00:00,1794.0,20240300,1784.0,20240200,1794.0,20240300
2024-02-01 06:00:00,1794.0,20240300,1790.0,20240200,1794.0,20240300
2024-02-01 07:00:00,1794.0,20240300,1792.0,20240200,1794.0,20240300
2024-02-01 23:00:00,1794.0,20240300,1792.0,20240200,1794.0,20240300
2024-02-02 02:00:00,1794.0,20240300,1798.0,20240200,1794.0,20240300
2024-02-02 04:00:00,1794.0,20240300,1799.0,20240200,1794.0,20240300
2024-02-02 23:00:00,1794.0,20240300,1799.0,20240200,1794.0,20240300
2024-02-05 03:00:00,1794.0,20240300,1798.0,20240200,1794.0,20240300
2024-02-05 07:00:00,1794.0,20240300,1799.0,20240200,1794.0,20240300
2024-02-05 23:00:00,1795.0,20240300,1794.0,20240200,1795.0,20240300
2024-02-06 03:00:00,1795.0,20240300,1800.0,20240200,1795.0,20240300
2024-02-06 04:00:00,1795.0,20240300,1801.0,20240200,1795.0,20240300
2024-02-06 05:00:00,1795.0,20240300,1796.0,20240200,1795.0,20240300
2024-02-06 06:00:00,1795.0,20240300,1801.0,20240200,1795.0,20240300
2024-02-06 07:00:00,1795.0,20240300,1801.0,20240200,1795.0,20240300
2024-02-06 09:00:00,1795.0,20240300,1800.0,20240200,1795.0,20240300
2024-02-06 23:00:00,1795.0,20240300,1795.0,20240200,1795.0,20240300
2024-02-07 04:00:00,1795.0,20240300,1799.0,20240200,1795.0,20240300
2024-02-07 05:00:00,1795.0,20240300,1804.0,20240200,1795.0,20240300
2024-02-07 06:00:00,1795.0,20240300,1804.0,20240200,1795.0,20240300
2024-02-07 07:00:00,1795.0,20240300,1803.0,20240200,1795.0,20240300
2024-02-07 23:00:00,1795.0,20240300,1803.0,20240200,1795.0,20240300
2024-02-08 04:00:00,1795.0,20240300,1817.0,20240200,1795.0,20240300
2024-02-08 05:00:00,1795.0,20240300,1815.0,20240200,1795.0,20240300
2024-02-08 06:00:00,1795.0,20240300,1817.0,20240200,1795.0,20240300
2024-02-08 23:00:00,1795.0,20240300,1817.0,20240200,1795.0,20240300
2024-02-09 02:00:00,1795.0,20240300,1810.0,20240200,1795.0,20240300
2024-02-09 03:00:00,1795.0,20240300,1815.0,20240200,1795.0,20240300
2024-02-09 04:00:00,1795.0,20240300,1814.0,20240200,1795.0,20240300
2024-02-09 06:00:00,1795.0,20240300,1815.0,20240200,1795.0,20240300
2024-02-09 23:00:00,1795.0,20240300,1815.0,20240200,1795.0,20240300
2024-02-12 03:00:00,1795.0,20240300,1814.0,20240200,1795.0,20240300
2024-02-12 04:00:00,1795.0,20240300,1814.0,20240200,1795.0,20240300
2024-02-12 05:00:00,1795.0,20240300,1814.0,20240200,1795.0,20240300
2024-02-12 06:00:00,1795.0,20240300,1814.0,20240200,1795.0,20240300
2024-02-12 23:00:00,1815.0,20240300,1814.0,20240200,1815.0,20240300
2024-02-13 03:00:00,1815.0,20240300,1813.0,20240200,1815.0,20240300
2024-02-13 04:00:00,1815.0,20240300,1813.0,20240200,1815.0,20240300
2024-02-13 05:00:00,1815.0,20240300,1813.0,20240200,1815.0,20240300
2024-02-13 06:00:00,1815.0,20240300,1813.0,20240200,1815.0,20240300
2024-02-13 07:00:00,1815.0,20240300,1812.0,20240200,1815.0,20240300
2024-02-13 23:00:00,1815.0,20240300,1813.0,20240200,1815.0,20240300
2024-02-14 03:00:00,1815.0,20240300,1815.0,20240200,1815.0,20240300
2024-02-14 04:00:00,1815.0,20240300,1815.0,20240200,1815.0,20240300
2024-02-14 05:00:00,1815.0,20240300,1815.0,20240200,1815.0,20240300
2024-02-14 23:00:00,1815.0,20240300,1814.0,20240200,1815.0,20240300
2024-02-15 03:00:00,1815.0,20240300,1819.0,20240200,1815.0,20240300
2024-02-15 04:00:00,1815.0,20240300,1820.0,20240200,1815.0,20240300
2024-02-15 06:00:00,1815.0,20240300,1820.0,20240200,1815.0,20240300
2024-02-15 23:00:00,1815.0,20240300,1811.0,20240200,1815.0,20240300
2024-02-16 02:00:00,1815.0,20240300,1827.0,20240200,1815.0,20240300
2024-02-16 03:00:00,1815.0,20240300,1834.0,20240200,1815.0,20240300
2024-02-16 04:00:00,1815.0,20240300,1830.0,20240200,1815.0,20240300
2024-02-16 05:00:00,1815.0,20240300,1833.0,20240200,1815.0,20240300
2024-02-16 06:00:00,1815.0,20240300,1834.0,20240200,1815.0,20240300
2024-02-16 07:00:00,1815.0,20240300,1837.0,20240200,1815.0,20240300
2024-02-16 10:00:00,1815.0,20240300,1848.0,20240200,1815.0,20240300
2024-02-16 23:00:00,1815.0,20240300,1837.0,20240200,1815.0,20240300
2024-02-17 23:00:00,1815.0,20240300,1848.0,20240200,1815.0,20240300
2024-02-19 03:00:00,1815.0,20240300,1851.0,20240200,1815.0,20240300
2024-02-19 04:00:00,1815.0,20240300,1850.0,20240200,1815.0,20240300
2024-02-19 05:00:00,1815.0,20240300,1851.0,20240200,1815.0,20240300
2024-02-19 06:00:00,1815.0,20240300,1861.0,20240200,1815.0,20240300
2024-02-19 07:00:00,1815.0,20240300,1858.0,20240200,1815.0,20240300
2024-02-19 23:00:00,1867.0,20240300,1866.0,20240200,1867.0,20240300
2024-02-20 02:00:00,1867.0,20240300,1876.0,20240200,1867.0,20240300
2024-02-20 04:00:00,1867.0,20240300,1881.0,20240200,1867.0,20240300
2024-02-20 05:00:00,1867.0,20240300,1882.0,20240200,1867.0,20240300
2024-02-20 06:00:00,1867.0,20240300,1874.0,20240200,1867.0,20240300
2024-02-20 07:00:00,1867.0,20240300,1877.0,20240200,1867.0,20240300
2024-02-20 09:00:00,1867.0,20240300,1888.0,20240200,1867.0,20240300
2024-02-20 10:00:00,1867.0,20240300,1893.0,20240200,1867.0,20240300
2024-02-20 15:00:00,1867.0,20240300,1888.0,20240200,1867.0,20240300
2024-02-20 23:00:00,1867.0,20240300,1878.0,20240200,1867.0,20240300
2024-02-21 02:00:00,1878.0,20240300,1878.0,20240200,1878.0,20240300
2024-02-21 03:00:00,1879.0,20240300,1879.0,20240200,1879.0,20240300
2024-02-21 04:00:00,1879.0,20240300,1873.0,20240200,1879.0,20240300
2024-02-21 05:00:00,1877.0,20240300,1873.0,20240200,1877.0,20240300
2024-02-21 06:00:00,1873.0,20240300,1875.0,20240200,1873.0,20240300
2024-02-21 23:00:00,1873.0,20240300,1871.0,20240200,1873.0,20240300
2024-02-22 02:00:00,1873.0,20240300,1872.0,20240200,1873.0,20240300
2024-02-22 04:00:00,1873.0,20240300,1869.0,20240200,1873.0,20240300
2024-02-22 05:00:00,1873.0,20240300,1868.0,20240200,1873.0,20240300
2024-02-22 06:00:00,1873.0,20240300,1875.0,20240200,1873.0,20240300
2024-02-22 08:30:00,1873.0,20240300,1875.0,20240200,1873.0,20240300
2024-02-22 23:00:00,1840.0,20240300,1842.0,20240200,1840.0,20240300
2024-02-23 02:00:00,1873.0,20240300,1863.0,20240200,1873.0,20240300
2024-02-23 03:00:00,1873.0,20240300,1865.0,20240200,1873.0,20240300
2024-02-23 04:00:00,1873.0,20240300,1872.0,20240200,1873.0,20240300
2024-02-23 05:00:00,1876.0,20240300,1865.0,20240200,1876.0,20240300
2024-02-23 07:00:00,1876.0,20240300,1859.0,20240200,1876.0,20240300
2024-02-23 23:00:00,1876.0,20240300,1859.0,20240200,1876.0,20240300
2024-02-26 02:00:00,1842.0,20240300,1840.0,20240200,1842.0,20240300
2024-02-26 03:00:00,1842.0,20240300,1840.0,20240200,1842.0,20240300
2024-02-26 04:00:00,1842.0,20240300,1840.0,20240200,1842.0,20240300
2024-02-26 05:00:00,1842.0,20240300,1840.0,20240200,1842.0,20240300
2024-02-26 06:00:00,1845.0,20240300,1843.0,20240200,1845.0,20240300
2024-02-26 07:00:00,1845.0,20240300,1843.0,20240200,1845.0,20240300
2024-02-26 23:00:00,1842.0,20240300,1843.0,20240200,1842.0,20240300
2024-02-27 02:00:00,1842.0,20240300,1853.0,20240200,1842.0,20240300
2024-02-27 03:00:00,1842.0,20240300,1855.0,20240200,1842.0,20240300
2024-02-27 04:00:00,1842.0,20240300,1855.0,20240200,1842.0,20240300
2024-02-27 06:00:00,1842.0,20240300,1855.0,20240200,1842.0,20240300
2024-02-27 07:00:00,1858.0,20240300,1870.0,20240200,1858.0,20240300
2024-02-27 09:00:00,1875.0,20240300,1870.0,20240200,1875.0,20240300
2024-02-27 23:00:00,1876.0,20240300,1878.0,20240200,1876.0,20240300
2024-02-28 02:00:00,1869.0,20240300,1874.0,20240200,1869.0,20240300
2024-02-28 03:00:00,1867.0,20240300,1874.0,20240200,1867.0,20240300
2024-02-28 04:00:00,1867.0,20240300,1876.0,20240200,1867.0,20240300
2024-02-28 05:00:00,1867.0,20240300,1876.0,20240200,1867.0,20240300
2024-02-28 06:00:00,1867.0,20240300,1889.0,20240200,1867.0,20240300
2024-02-28 07:00:00,1867.0,20240300,1895.0,20240200,1867.0,20240300
2024-02-28 23:00:00,1900.0,20240300,1901.0,20240200,1900.0,20240300
2024-02-29 02:00:00,1900.0,20240300,1901.0,20240200,1900.0,20240300
2024-02-29 03:00:00,1904.0,20240300,1901.0,20240200,1904.0,20240300
2024-02-29 07:00:00,1896.0,20240300,1901.0,20240200,1896.0,20240300
2024-02-29 23:00:00,1904.0,20240300,1901.0,20240200,1904.0,20240300
2024-03-01 03:00:00,1891.0,20240300,1901.0,20240200,1891.0,20240300
2024-03-01 04:00:00,1891.0,20240300,1901.0,20240200,1891.0,20240300
2024-03-01 05:00:00,1892.0,20240300,1901.0,20240200,1892.0,20240300
2024-03-01 06:00:00,1902.0,20240300,1901.0,20240200,1902.0,20240300
2024-03-01 07:00:00,1913.0,20240300,1901.0,20240200,1913.0,20240300
2024-03-01 23:00:00,1913.0,20240300,1901.0,20240200,1913.0,20240300
2024-03-04 03:00:00,1916.0,20240300,1901.0,20240200,1916.0,20240300
2024-03-04 04:00:00,1917.0,20240300,1901.0,20240200,1917.0,20240300
2024-03-04 05:00:00,1917.0,20240300,1901.0,20240200,1917.0,20240300
2024-03-04 05:00:01,,20240400,1917.0,20240300,,20240400
2024-03-04 06:00:00,,20240400,1927.0,20240300,,20240400
2024-03-04 07:00:00,,20240400,1924.0,20240300,,20240400
2024-03-04 08:30:00,,20240400,1924.0,20240300,,20240400
2024-03-04 23:00:00,1922.0,20240400,1918.0,20240300,1922.0,20240400
2024-03-05 03:00:00,,20240400,1917.0,20240300,,20240400
2024-03-05 04:00:00,,20240400,1921.0,20240300,,20240400
2024-03-05 05:00:00,,20240400,1922.0,20240300,,20240400
2024-03-05 06:00:00,,20240400,1929.0,20240300,,20240400
2024-03-05 07:00:00,,20240400,1925.0,20240300,,20240400
2024-03-05 23:00:00,,20240400,1934.0,20240300,,20240400
2024-03-06 02:00:00,,20240400,1942.0,20240300,,20240400
2024-03-06 04:00:00,,20240400,1924.0,20240300,,20240400
2024-03-06 05:00:00,,20240400,1920.0,20240300,,20240400
2024-03-06 06:00:00,,20240400,1907.0,20240300,,20240400
2024-03-06 07:00:00,,20240400,1907.0,20240300,,20240400
2024-03-06 23:00:00,,20240400,1914.0,20240300,,20240400
2024-03-07 06:00:00,,20240400,1932.0,20240300,,20240400
2024-03-07 07:00:00,,20240400,1940.0,20240300,,20240400
2024-03-07 23:00:00,,20240400,1945.0,20240300,,20240400
2024-03-08 02:00:00,,20240400,1928.0,20240300,,20240400
2024-03-08 03:00:00,,20240400,1920.0,20240300,,20240400
2024-03-08 04:00:00,,20240400,1921.0,20240300,,20240400
2024-03-08 06:00:00,,20240400,1922.0,20240300,,20240400
2024-03-08 07:00:00,,20240400,1924.0,20240300,,20240400
2024-03-08 23:00:00,,20240400,1924.0,20240300,,20240400
2024-03-11 02:00:00,,20240400,1925.0,20240300,,20240400
2024-03-11 03:00:00,,20240400,1918.0,20240300,,20240400
2024-03-11 04:00:00,,20240400,1916.0,20240300,,20240400
2024-03-11 05:00:00,,20240400,1915.0,20240300,,20240400
2024-03-11 06:00:00,,20240400,1913.0,20240300,,20240400
2024-03-11 07:00:00,,20240400,1888.0,20240300,,20240400
2024-03-11 23:00:00,1894.0,20240400,1890.0,20240300,1894.0,20240400
2024-03-12 04:00:00,,20240400,1891.0,20240300,,20240400
2024-03-12 06:00:00,,20240400,1897.0,20240300,,20240400
2024-03-12 23:00:00,,20240400,1898.0,20240300,,20240400
2024-03-13 03:00:00,,20240400,1901.0,20240300,,20240400
2024-03-13 04:00:00,,20240400,1908.0,20240300,,20240400
2024-03-13 05:00:00,,20240400,1911.0,20240300,,20240400
2024-03-13 06:00:00,,20240400,1918.0,20240300,,20240400
2024-03-13 07:00:00,,20240400,1944.0,20240300,,20240400
2024-03-13 23:00:00,,20240400,1944.0,20240300,,20240400
2024-03-14 02:00:00,,20240400,1941.0,20240300,,20240400
2024-03-14 03:00:00,,20240400,1944.0,20240300,,20240400
2024-03-14 04:00:00,,20240400,1947.0,20240300,,20240400
2024-03-14 06:00:00,,20240400,1945.0,20240300,,20240400
2024-03-14 07:00:00,,20240400,1932.0,20240300,,20240400
2024-03-14 15:00:00,,20240400,1849.0,20240300,,20240400
2024-03-14 23:00:00,,20240400,1937.0,20240300,,20240400
2024-03-15 03:00:00,,20240400,1932.0,20240300,,20240400
2024-03-15 04:00:00,,20240400,1923.0,20240300,,20240400
2024-03-15 06:00:00,,20240400,1917.0,20240300,,20240400
2024-03-15 07:00:00,,20240400,1930.0,20240300,,20240400
2024-03-15 23:00:00,,20240400,1930.0,20240300,,20240400
2024-03-18 03:00:00,,20240400,1893.0,20240300,,20240400
2024-03-18 06:00:00,,20240400,1885.0,20240300,,20240400
2024-03-18 07:00:00,,20240400,1889.0,20240300,,20240400
2024-03-18 23:00:00,1911.0,20240400,1908.0,20240300,1911.0,20240400
2024-03-19 02:00:00,,20240400,1910.0,20240300,,20240400
2024-03-19 03:00:00,,20240400,1907.0,20240300,,20240400
2024-03-19 04:00:00,,20240400,1913.0,20240300,,20240400
2024-03-19 23:00:00,,20240400,1912.0,20240300,,20240400
2024-03-20 02:00:00,,20240400,1901.0,20240300,,20240400
2024-03-20 03:00:00,,20240400,1907.0,20240300,,20240400
2024-03-20 04:00:00,,20240400,1905.0,20240300,,20240400
2024-03-20 07:00:00,,20240400,1922.0,20240300,,20240400
2024-03-20 23:00:00,,20240400,1923.0,20240300,,20240400
2024-03-21 02:00:00,,20240400,1942.0,20240300,,20240400
2024-03-21 04:00:00,,20240400,1947.0,20240300,,20240400
2024-03-21 05:00:00,,20240400,1946.0,20240300,,20240400
2024-03-21 06:00:00,,20240400,1942.0,20240300,,20240400
2024-03-21 07:00:00,,20240400,1957.0,20240300,,20240400
2024-03-21 23:00:00,,20240400,1948.0,20240300,,20240400
2024-03-22 02:00:00,,20240400,1956.0,20240300,,20240400
2024-03-22 03:00:00,,20240400,1952.0,20240300,,20240400
2024-03-22 04:00:00,,20240400,1950.0,20240300,,20240400
2024-03-22 06:00:00,,20240400,1957.0,20240300,,20240400
2024-03-22 07:00:00,,20240400,1959.0,20240300,,20240400
2024-03-22 23:00:00,,20240400,1959.0,20240300,,20240400
2024-03-25 02:00:00,,20240400,1952.0,20240300,,20240400
2024-03-25 03:00:00,,20240400,1956.0,20240300,,20240400
2024-03-25 07:00:00,,20240400,1926.0,20240300,,20240400
2024-03-25 23:00:00,1935.0,20240400,1932.0,20240300,1935.0,20240400
2024-03-26 02:00:00,1941.0,20240400,1931.0,20240300,1941.0,20240400
2024-03-26 03:00:00,1941.0,20240400,1934.0,20240300,1941.0,20240400
2024-03-26 03:00:01,,20240500,1941.0,20240400,,20240500
2024-03-26 06:00:00,,20240500,1941.0,20240400,,20240500
2024-03-26 07:00:00,,20240500,1943.0,20240400,,20240500
2024-03-26 23:00:00,,20240500,1943.0,20240400,,20240500
2024-03-27 03:00:00,,20240500,1951.0,20240400,,20240500
2024-03-27 04:00:00,,20240500,1943.0,20240400,,20240500
2024-03-27 06:00:00,,20240500,1949.0,20240400,,20240500
2024-03-27 07:00:00,,20240500,1949.0,20240400,,20240500
2024-03-27 23:00:00,,20240500,1949.0,20240400,,20240500
2024-03-28 02:00:00,,20240500,1967.0,20240400,,20240500
2024-03-28 03:00:00,,20240500,1973.0,20240400,,20240500
2024-03-28 05:00:00,,20240500,1973.0,20240400,,20240500
2024-03-28 06:00:00,,20240500,1973.0,20240400,,20240500
2024-03-28 07:00:00,,20240500,1973.0,20240400,,20240500
2024-03-28 10:00:00,,20240500,1974.0,20240400,,20240500
2024-03-28 23:00:00,,20240500,1964.0,20240400,,20240500
2024-03-29 23:00:00,,20240500,1974.0,20240400,,20240500
2024-04-01 23:00:00,1942.0,20240500,1946.0,20240400,1942.0,20240500
2024-04-02 23:00:00,,20240500,1950.0,20240400,,20240500
2024-04-03 23:00:00,,20240500,1917.0,20240400,,20240500
2024-04-04 23:00:00,,20240500,1926.0,20240400,,20240500
2024-04-05 23:00:00,,20240500,1902.0,20240400,,20240500
2024-04-08 23:00:00,1888.0,20240500,1892.0,20240400,1888.0,20240500
2024-04-15 23:00:00,1825.0,20240600,1825.0,20240500,1825.0,20240600
2024-04-22 23:00:00,1775.0,20240600,1775.0,20240500,1775.0,20240600
2024-04-23 23:00:00,,20240600,1770.0,20240500,,20240600
2024-04-24 23:00:00,,20240600,1789.0,20240500,,20240600
2024-04-25 23:00:00,,20240600,1792.0,20240500,,20240600
2024-04-26 23:00:00,,20240600,1805.0,20240500,,20240600
2024-04-29 23:00:00,1806.0,20240600,1803.0,20240500,1806.0,20240600
2024-04-30 23:00:00,,20240600,1816.0,20240500,,20240600
2024-05-01 23:00:00,,20240600,1803.0,20240500,,20240600
2024-05-02 23:00:00,,20240600,1808.0,20240500,,20240600
2024-05-03 23:00:00,,20240600,1826.0,20240500,,20240600
2024-05-06 23:00:00,1847.0,20240600,1846.0,20240500,1847.0,20240600
2024-05-13 23:00:00,1841.0,20240700,1843.0,20240600,1841.0,20240700
2024-05-20 23:00:00,1904.0,20240700,1905.0,20240600,1904.0,20240700
2024-05-23 23:00:00,,20240700,1883.0,20240600,,20240700
2024-05-24 23:00:00,,20240700,1869.0,20240600,,20240700
2024-05-27 23:00:00,1868.0,20240700,1869.0,20240600,1868.0,20240700
2024-05-28 23:00:00,,20240700,1890.0,20240600,,20240700
2024-05-29 23:00:00,,20240700,1887.0,20240600,,20240700
2024-05-30 23:00:00,,20240700,1849.0,20240600,,20240700
2024-05-31 23:00:00,,20240700,1859.0,20240600,,20240700
2024-06-03 23:00:00,1885.0,20240700,1885.0,20240600,1885.0,20240700
2024-06-10 23:00:00,1899.0,20240800,1894.0,20240700,1899.0,20240800
2024-06-17 16:00:00,,20240800,1854.0,20240700,,20240800
2024-06-17 17:00:00,,20240800,1854.0,20240700,,20240800
2024-06-17 18:00:00,,20240800,1854.0,20240700,,20240800
2024-06-17 19:00:00,,20240800,1854.0,20240700,,20240800
2024-06-17 20:00:00,,20240800,1854.0,20240700,,20240800
2024-06-17 21:00:00,,20240800,1854.0,20240700,,20240800
2024-06-17 22:00:00,,20240800,1854.0,20240700,,20240800
2024-06-17 23:00:00,1862.0,20240800,1857.0,20240700,1862.0,20240800
2024-06-18 10:00:00,,20240800,1877.0,20240700,,20240800
2024-06-18 11:00:00,,20240800,1877.0,20240700,,20240800
2024-06-18 12:00:00,,20240800,1877.0,20240700,,20240800
2024-06-18 13:00:00,,20240800,1877.0,20240700,,20240800
2024-06-18 14:00:00,,20240800,1877.0,20240700,,20240800
2024-06-18 15:00:00,,20240800,1877.0,20240700,,20240800
2024-06-18 16:00:00,,20240800,1877.0,20240700,,20240800
2024-06-18 17:00:00,,20240800,1877.0,20240700,,20240800
2024-06-18 18:00:00,,20240800,1877.0,20240700,,20240800
2024-06-18 19:00:00,,20240800,1877.0,20240700,,20240800
2024-06-18 20:00:00,,20240800,1877.0,20240700,,20240800
2024-06-18 21:00:00,,20240800,1877.0,20240700,,20240800
2024-06-18 22:00:00,,20240800,1877.0,20240700,,20240800
2024-06-18 23:00:00,,20240800,1854.0,20240700,,20240800
2024-06-19 23:00:00,,20240800,1877.0,20240700,,20240800
2024-06-20 06:00:00,,20240800,1865.0,20240700,,20240800
2024-06-20 07:00:00,,20240800,1865.0,20240700,,20240800
2024-06-20 08:00:00,,20240800,1865.0,20240700,,20240800
2024-06-20 09:00:00,,20240800,1865.0,20240700,,20240800
2024-06-20 23:00:00,,20240800,1865.0,20240700,,20240800
2024-06-21 08:00:00,,20240800,1861.0,20240700,,20240800
2024-06-21 09:00:00,,20240800,1861.0,20240700,,20240800
2024-06-21 13:00:00,,20240800,1860.0,20240700,,20240800
2024-06-21 14:00:00,,20240800,1860.0,20240700,,20240800
2024-06-21 15:00:00,,20240800,1860.0,20240700,,20240800
2024-06-21 16:00:00,,20240800,1860.0,20240700,,20240800
2024-06-21 17:00:00,,20240800,1860.0,20240700,,20240800
2024-06-21 18:00:00,,20240800,1860.0,20240700,,20240800
2024-06-21 19:00:00,,20240800,1860.0,20240700,,20240800
2024-06-21 20:00:00,,20240800,1860.0,20240700,,20240800
2024-06-21 21:00:00,,20240800,1860.0,20240700,,20240800
2024-06-21 22:00:00,,20240800,1860.0,20240700,,20240800
2024-06-21 23:00:00,,20240800,1861.0,20240700,,20240800
2024-06-22 23:00:00,,20240800,1860.0,20240700,,20240800
2024-06-24 08:00:00,,20240800,1832.0,20240700,,20240800
2024-06-24 09:00:00,,20240800,1832.0,20240700,,20240800
2024-06-24 09:30:00,,20240800,1822.0,20240700,,20240800
2024-06-24 10:00:00,,20240800,1816.0,20240700,,20240800
2024-06-24 11:00:00,,20240800,1816.0,20240700,,20240800
2024-06-24 12:00:00,,20240800,1816.0,20240700,,20240800
2024-06-24 13:00:00,,20240800,1816.0,20240700,,20240800
2024-06-24 14:00:00,,20240800,1816.0,20240700,,20240800
2024-06-24 15:00:00,,20240800,1816.0,20240700,,20240800
2024-06-24 16:00:00,,20240800,1816.0,20240700,,20240800
2024-06-24 17:00:00,,20240800,1816.0,20240700,,20240800
2024-06-24 18:00:00,,20240800,1816.0,20240700,,20240800
2024-06-24 19:00:00,,20240800,1816.0,20240700,,20240800
2024-06-24 20:00:00,,20240800,1816.0,20240700,,20240800
2024-06-24 21:00:00,,20240800,1816.0,20240700,,20240800
2024-06-24 22:00:00,,20240800,1816.0,20240700,,20240800
2024-06-24 23:00:00,1816.0,20240800,1818.0,20240700,1816.0,20240800
2024-06-25 07:00:00,,20240800,1831.0,20240700,,20240800
2024-06-25 08:00:00,,20240800,1831.0,20240700,,20240800
2024-06-25 09:00:00,,20240800,1831.0,20240700,,20240800
2024-06-25 23:00:00,,20240800,1831.0,20240700,,20240800
2024-06-26 07:00:00,,20240800,1824.0,20240700,,20240800
2024-06-26 08:00:00,,20240800,1821.0,20240700,,20240800
2024-06-26 09:00:00,,20240800,1821.0,20240700,,20240800
2024-06-26 23:00:00,,20240800,1821.0,20240700,,20240800
2024-06-27 06:00:00,,20240800,1819.0,20240700,,20240800
2024-06-27 07:00:00,,20240800,1819.0,20240700,,20240800
2024-06-27 08:00:00,,20240800,1819.0,20240700,,20240800
2024-06-27 09:00:00,,20240800,1819.0,20240700,,20240800
2024-06-27 23:00:00,,20240800,1819.0,20240700,,20240800
2024-06-28 03:00:00,,20240800,1823.0,20240700,,20240800
2024-06-28 04:00:00,,20240800,1823.0,20240700,,20240800
2024-06-28 05:00:00,,20240800,1823.0,20240700,,20240800
2024-06-28 06:00:00,,20240800,1823.0,20240700,,20240800
2024-06-28 07:00:00,,20240800,1828.0,20240700,,20240800
2024-06-28 08:00:00,,20240800,1820.0,20240700,,20240800
2024-06-28 09:00:00,,20240800,1820.0,20240700,,20240800
2024-06-28 09:30:00,,20240800,1825.0,20240700,,20240800
2024-06-28 10:00:00,,20240800,1825.0,20240700,,20240800
2024-06-28 11:00:00,,20240800,1825.0,20240700,,20240800
2024-06-28 12:00:00,,20240800,1825.0,20240700,,20240800
2024-06-28 13:00:00,,20240800,1825.0,20240700,,20240800
2024-06-28 14:00:00,,20240800,1825.0,20240700,,20240800
2024-06-28 15:00:00,,20240800,1825.0,20240700,,20240800
2024-06-28 16:00:00,,20240800,1825.0,20240700,,20240800
2024-06-28 17:00:00,,20240800,1825.0,20240700,,20240800
2024-06-28 18:00:00,,20240800,1825.0,20240700,,20240800
2024-06-28 19:00:00,,20240800,1825.0,20240700,,20240800
2024-06-28 20:00:00,,20240800,1825.0,20240700,,20240800
2024-06-28 21:00:00,,20240800,1825.0,20240700,,20240800
2024-06-28 22:00:00,,20240800,1825.0,20240700,,20240800
2024-06-28 23:00:00,,20240800,1820.0,20240700,,20240800
2024-06-29 23:00:00,,20240800,1825.0,20240700,,20240800
2024-07-01 04:00:00,,20240800,1814.0,20240700,,20240800
2024-07-01 05:00:00,,20240800,1807.0,20240700,,20240800
2024-07-01 06:00:00,,20240800,1807.0,20240700,,20240800
2024-07-01 07:00:00,,20240800,1807.0,20240700,,20240800
2024-07-01 08:00:00,,20240800,1836.0,20240700,,20240800
2024-07-01 09:00:00,,20240800,1836.0,20240700,,20240800
2024-07-01 10:00:00,,20240800,1832.0,20240700,,20240800
2024-07-01 11:00:00,,20240800,1832.0,20240700,,20240800
2024-07-01 12:00:00,,20240800,1832.0,20240700,,20240800
2024-07-01 13:00:00,,20240800,1832.0,20240700,,20240800
2024-07-01 14:00:00,,20240800,1832.0,20240700,,20240800
2024-07-01 15:00:00,,20240800,1832.0,20240700,,20240800
2024-07-01 16:00:00,,20240800,1832.0,20240700,,20240800
2024-07-01 17:00:00,,20240800,1832.0,20240700,,20240800
2024-07-01 18:00:00,,20240800,1832.0,20240700,,20240800
2024-07-01 19:00:00,,20240800,1832.0,20240700,,20240800
2024-07-01 20:00:00,,20240800,1832.0,20240700,,20240800
2024-07-01 21:00:00,,20240800,1832.0,20240700,,20240800
2024-07-01 22:00:00,,20240800,1832.0,20240700,,20240800
2024-07-01 23:00:00,1839.0,20240800,1831.0,20240700,1839.0,20240800
2024-07-02 03:00:00,,20240800,1831.0,20240700,,20240800
2024-07-02 04:00:00,,20240800,1834.0,20240700,,20240800
2024-07-02 05:00:00,,20240800,1835.0,20240700,,20240800
2024-07-02 06:00:00,,20240800,1835.0,20240700,,20240800
2024-07-02 07:00:00,,20240800,1841.0,20240700,,20240800
2024-07-02 08:00:00,,20240800,1848.0,20240700,,20240800
2024-07-02 09:00:00,,20240800,1848.0,20240700,,20240800
2024-07-02 18:00:00,,20240800,1845.0,20240700,,20240800
2024-07-02 19:00:00,,20240800,1845.0,20240700,,20240800
2024-07-02 20:00:00,,20240800,1837.0,20240700,,20240800
2024-07-02 21:00:00,,20240800,1837.0,20240700,,20240800
2024-07-02 22:00:00,,20240800,1837.0,20240700,,20240800
2024-07-02 23:00:00,,20240800,1848.0,20240700,,20240800
2024-07-03 02:00:00,,20240800,1844.0,20240700,,20240800
2024-07-03 03:00:00,,20240800,1847.0,20240700,,20240800
2024-07-03 04:00:00,,20240800,1846.0,20240700,,20240800
2024-07-03 05:00:00,,20240800,1843.0,20240700,,20240800
2024-07-03 06:00:00,,20240800,1847.0,20240700,,20240800
2024-07-03 07:00:00,,20240800,1848.0,20240700,,20240800
2024-07-03 08:00:00,,20240800,1848.0,20240700,,20240800
2024-07-03 09:00:00,,20240800,1848.0,20240700,,20240800
2024-07-03 11:00:00,,20240800,1853.0,20240700,,20240800
2024-07-03 12:00:00,,20240800,1853.0,20240700,,20240800
2024-07-03 13:00:00,,20240800,1853.0,20240700,,20240800
2024-07-03 14:00:00,,20240800,1864.0,20240700,,20240800
2024-07-03 15:00:00,,20240800,1864.0,20240700,,20240800
2024-07-03 16:00:00,,20240800,1864.0,20240700,,20240800
2024-07-03 17:00:00,,20240800,1866.0,20240700,,20240800
2024-07-03 18:00:00,,20240800,1866.0,20240700,,20240800
2024-07-03 19:00:00,,20240800,1866.0,20240700,,20240800
2024-07-03 20:00:00,,20240800,1866.0,20240700,,20240800
2024-07-03 21:00:00,,20240800,1866.0,20240700,,20240800
2024-07-03 22:00:00,,20240800,1866.0,20240700,,20240800
2024-07-03 23:00:00,,20240800,1848.0,20240700,,20240800
2024-07-04 05:00:00,,20240800,1853.0,20240700,,20240800
2024-07-04 06:00:00,,20240800,1852.0,20240700,,20240800
2024-07-04 07:00:00,,20240800,1856.0,20240700,,20240800
2024-07-04 08:00:00,,20240800,1850.0,20240700,,20240800
2024-07-04 09:00:00,,20240800,1850.0,20240700,,20240800
2024-07-04 21:00:00,,20240800,1850.0,20240700,,20240800
2024-07-04 22:00:00,,20240800,1850.0,20240700,,20240800
2024-07-04 23:00:00,,20240800,1845.0,20240700,,20240800
2024-07-05 05:00:00,,20240800,1849.0,20240700,,20240800
2024-07-05 06:00:00,,20240800,1849.0,20240700,,20240800
2024-07-05 07:00:00,,20240800,1848.0,20240700,,20240800
2024-07-05 08:00:00,,20240800,1859.0,20240700,,20240800
2024-07-05 09:00:00,,20240800,1859.0,20240700,,20240800
2024-07-05 23:00:00,,20240800,1859.0,20240700,,20240800
2024-07-08 23:00:00,1837.0,20240800,1835.0,20240700,1837.0,20240800
2024-07-15 23:00:00,1838.0,20240900,1831.0,20240800,1838.0,20240900
2024-07-17 23:00:00,,20240900,1834.0,20240800,,20240900
2024-07-22 23:00:00,1810.0,20240900,1802.0,20240800,1810.0,20240900
2024-07-23 23:00:00,,20240900,1782.0,20240800,,20240900
2024-07-25 23:00:00,,20240900,1770.0,20240800,,20240900
2024-07-29 23:00:00,1786.0,20240900,1784.0,20240800,1786.0,20240900
2024-07-30 23:00:00,,20240900,1787.0,20240800,,20240900
2024-07-31 23:00:00,,20240900,1793.0,20240800,,20240900
2024-08-01 23:00:00,,20240900,1778.0,20240800,,20240900
2024-08-02 23:00:00,,20240900,1761.0,20240800,,20240900
2024-08-03 23:00:00,,20240900,1735.0,20240800,,20240900
2024-08-05 23:00:00,1690.0,20240900,1683.0,20240800,1690.0,20240900
2024-08-12 23:00:00,1768.0,20241000,1761.0,20240900,1768.0,20241000
2024-08-19 23:00:00,1815.0,20241000,1808.0,20240900,1815.0,20241000
2024-08-23 23:00:00,,20241000,1823.0,20240900,,20241000
2024-08-26 23:00:00,1836.0,20241000,1828.0,20240900,1836.0,20241000
2024-08-27 23:00:00,,20241000,1845.0,20240900,,20241000
2024-08-29 23:00:00,,20241000,1838.0,20240900,,20241000
2024-08-30 23:00:00,,20241000,1846.0,20240900,,20241000
2024-09-02 23:00:00,1840.0,20241000,1833.0,20240900,1840.0,20241000
2024-09-03 23:00:00,,20241000,1837.0,20240900,,20241000
2024-09-04 23:00:00,,20241000,1832.0,20240900,,20241000
2024-09-05 23:00:00,,20241000,1829.0,20240900,,20241000
2024-09-06 23:00:00,,20241000,1833.0,20240900,,20241000
2024-09-07 23:00:00,,20241000,1823.0,20240900,,20241000
2024-09-09 23:00:00,1827.0,20241000,1819.0,20240900,1827.0,20241000
2024-09-16 23:00:00,1786.0,20241100,1780.0,20241000,1786.0,20241100
2024-09-19 23:00:00,,20241100,1829.0,20241000,,20241100
2024-09-23 23:00:00,1835.0,20241100,1829.0,20241000,1835.0,20241100
2024-09-24 23:00:00,,20241100,1827.0,20241000,,20241100
2024-09-25 23:00:00,,20241100,1855.0,20241000,,20241100
2024-09-26 23:00:00,,20241100,1869.0,20241000,,20241100
2024-09-27 23:00:00,,20241100,1850.0,20241000,,20241100
2024-09-30 23:00:00,1855.0,20241100,1849.0,20241000,1855.0,20241100
2024-10-01 23:00:00,,20241100,1877.0,20241000,,20241100
2024-10-02 23:00:00,,20241100,1847.0,20241000,,20241100
2024-10-03 23:00:00,,20241100,1835.0,20241000,,20241100
2024-10-04 23:00:00,,20241100,1829.0,20241000,,20241100
2024-10-07 23:00:00,1820.0,20241100,1814.0,20241000,1820.0,20241100
2024-10-14 23:00:00,1860.0,20241200,1858.0,20241100,1860.0,20241200
2024-10-21 23:00:00,1858.0,20241200,1856.0,20241100,1858.0,20241200
2024-10-23 23:00:00,,20241200,1854.0,20241100,,20241200
2024-10-24 23:00:00,,20241200,1848.0,20241100,,20241200
2024-10-25 23:00:00,,20241200,1833.0,20241100,,20241200
2024-10-28 23:00:00,1816.0,20241200,1817.0,20241100,1816.0,20241200
2024-10-29 23:00:00,,20241200,1830.0,20241100,,20241200
2024-10-30 23:00:00,,20241200,1825.0,20241100,,20241200
2024-10-31 23:00:00,,20241200,1811.0,20241100,,20241200
2024-11-01 23:00:00,,20241200,1803.0,20241100,,20241200
2024-11-04 23:00:00,1782.0,20241200,1781.0,20241100,1782.0,20241200
2024-11-11 23:00:00,1794.0,20250100,1789.0,20241200,1794.0,20250100
2024-11-18 23:00:00,1742.0,20250100,1737.0,20241200,1742.0,20250100
2024-11-20 23:00:00,,20250100,1726.0,20241200,,20250100
2024-11-25 23:00:00,1769.0,20250100,1780.0,20241200,1769.0,20250100
2024-11-27 23:00:00,,20250100,1790.0,20241200,,20250100
2024-11-28 23:00:00,,20250100,1785.0,20241200,,20250100
2024-11-29 23:00:00,,20250100,1782.0,20241200,,20250100
2024-11-30 23:00:00,,20250100,1779.0,20241200,,20250100
2024-12-02 23:00:00,1784.0,20250100,1778.0,20241200,1784.0,20250100
2024-12-03 23:00:00,,20250100,1774.0,20241200,,20250100
2024-12-04 23:00:00,,20250100,1756.0,20241200,,20250100
2024-12-05 23:00:00,,20250100,1795.0,20241200,,20250100
2024-12-06 02:00:00,,20250100,1792.0,20241200,,20250100
2024-12-06 03:00:00,,20250100,1799.0,20241200,,20250100
2024-12-06 04:00:00,,20250100,1799.0,20241200,,20250100
2024-12-06 05:00:00,,20250100,1813.0,20241200,,20250100
2024-12-06 06:00:00,,20250100,1803.0,20241200,,20250100
2024-12-06 07:00:00,,20250100,1803.0,20241200,,20250100
2024-12-06 08:00:00,,20250100,1803.0,20241200,,20250100
2024-12-06 23:00:00,,20250100,1803.0,20241200,,20250100
2024-12-09 03:00:00,,20250100,1803.0,20241200,,20250100
2024-12-09 04:00:00,,20250100,1803.0,20241200,,20250100
2024-12-09 05:00:00,,20250100,1803.0,20241200,,20250100
2024-12-09 06:00:00,,20250100,1803.0,20241200,,20250100
2024-12-09 07:00:00,,20250100,1807.0,20241200,,20250100
2024-12-09 08:00:00,,20250100,1807.0,20241200,,20250100
2024-12-09 23:00:00,1809.0,20250100,1803.0,20241200,1809.0,20250100
2024-12-16 23:00:00,1796.0,20250200,1788.0,20250100,1796.0,20250200
2024-12-23 23:00:00,1787.0,20250200,1786.0,20250100,1787.0,20250200
2024-12-27 03:00:00,,20250200,1803.0,20250100,,20250200
2024-12-27 04:00:00,,20250200,1803.0,20250100,,20250200
2024-12-27 05:00:00,,20250200,1804.0,20250100,,20250200
2024-12-27 06:00:00,,20250200,1804.0,20250100,,20250200
2024-12-27 07:00:00,,20250200,1804.0,20250100,,20250200
2024-12-27 08:00:00,,20250200,1804.0,20250100,,20250200
2024-12-27 23:00:00,,20250200,1804.0,20250100,,20250200
2024-12-30 07:00:00,,20250200,1786.0,20250100,,20250200
2024-12-30 08:00:00,,20250200,1786.0,20250100,,20250200
2024-12-30 13:00:00,,20250200,1785.0,20250100,,20250200
2024-12-30 14:00:00,,20250200,1778.0,20250100,,20250200
2024-12-30 15:00:00,,20250200,1778.0,20250100,,20250200
2024-12-30 16:00:00,,20250200,1778.0,20250100,,20250200
2024-12-30 17:00:00,,20250200,1778.0,20250100,,20250200
2024-12-30 18:00:00,,20250200,1778.0,20250100,,20250200
2024-12-30 19:00:00,,20250200,1778.0,20250100,,20250200
2024-12-30 20:00:00,,20250200,1778.0,20250100,,20250200
2024-12-30 21:00:00,,20250200,1778.0,20250100,,20250200
2024-12-30 23:00:00,1788.0,20250200,1780.0,20250100,1788.0,20250200
2024-12-31 03:00:00,,20250200,1781.0,20250100,,20250200
2024-12-31 04:00:00,,20250200,1780.0,20250100,,20250200
2024-12-31 05:00:00,,20250200,1780.0,20250100,,20250200
2024-12-31 06:00:00,,20250200,1781.0,20250100,,20250200
2024-12-31 07:00:00,,20250200,1781.0,20250100,,20250200
2024-12-31 08:00:00,,20250200,1781.0,20250100,,20250200
2024-12-31 23:00:00,,20250200,1781.0,20250100,,20250200
2025-01-01 23:00:00,,20250200,1770.0,20250100,,20250200
2025-01-02 02:00:00,,20250200,1783.0,20250100,,20250200
2025-01-02 03:00:00,,20250200,1783.0,20250100,,20250200
2025-01-02 04:00:00,,20250200,1775.0,20250100,,20250200
2025-01-02 05:00:00,,20250200,1776.0,20250100,,20250200
2025-01-02 06:00:00,,20250200,1776.0,20250100,,20250200
2025-01-02 07:00:00,,20250200,1776.0,20250100,,20250200
2025-01-02 08:00:00,,20250200,1776.0,20250100,,20250200
2025-01-02 23:00:00,1784.0,20250200,1776.0,20250100,1784.0,20250200
2025-01-03 04:00:00,,20250200,1771.0,20250100,,20250200
2025-01-03 05:00:00,,20250200,1774.0,20250100,,20250200
2025-01-03 06:00:00,,20250200,1768.0,20250100,,20250200
2025-01-03 07:00:00,,20250200,1766.0,20250100,,20250200
2025-01-03 08:00:00,,20250200,1766.0,20250100,,20250200
2025-01-03 16:00:00,,20250200,1770.0,20250100,,20250200
2025-01-03 17:00:00,,20250200,1770.0,20250100,,20250200
2025-01-03 18:00:00,,20250200,1770.0,20250100,,20250200
2025-01-03 19:00:00,,20250200,1770.0,20250100,,20250200
2025-01-03 20:00:00,,20250200,1770.0,20250100,,20250200
2025-01-03 21:00:00,,20250200,1770.0,20250100,,20250200
2025-01-03 23:00:00,,20250200,1766.0,20250100,,20250200
2025-01-04 23:00:00,,20250200,1770.0,20250100,,20250200
2025-01-06 04:00:00,,20250200,1763.0,20250100,,20250200
2025-01-06 05:00:00,,20250200,1763.0,20250100,,20250200
2025-01-06 06:00:00,,20250200,1761.0,20250100,,20250200
2025-01-06 07:00:00,,20250200,1760.0,20250100,,20250200
2025-01-06 08:00:00,,20250200,1760.0,20250100,,20250200
2025-01-06 23:00:00,1753.0,20250200,1760.0,20250100,1753.0,20250200
2025-01-13 23:00:00,1733.0,20250300,1728.0,20250200,1733.0,20250300
2025-01-20 06:00:00,,20250300,1739.0,20250200,,20250300
2025-01-20 07:00:00,,20250300,1739.0,20250200,,20250300
2025-01-20 08:00:00,,20250300,1739.0,20250200,,20250300
2025-01-20 23:00:00,,20250300,1739.0,20250200,,20250300
2025-01-21 02:00:00,,20250300,1756.0,20250200,,20250300
2025-01-21 03:00:00,,20250300,1756.0,20250200,,20250300
2025-01-21 04:00:00,,20250300,1756.0,20250200,,20250300
2025-01-21 05:00:00,,20250300,1756.0,20250200,,20250300
2025-01-21 06:00:00,,20250300,1756.0,20250200,,20250300
2025-01-21 07:00:00,,20250300,1749.0,20250200,,20250300
2025-01-21 08:00:00,,20250300,1749.0,20250200,,20250300
2025-01-21 23:00:00,,20250300,1749.0,20250200,,20250300
2025-01-22 04:00:00,,20250300,1744.0,20250200,,20250300
2025-01-22 05:00:00,,20250300,1744.0,20250200,,20250300
2025-01-22 06:00:00,,20250300,1744.0,20250200,,20250300
2025-01-22 07:00:00,,20250300,1731.0,20250200,,20250300
2025-01-22 08:00:00,,20250300,1731.0,20250200,,20250300
2025-01-22 23:00:00,,20250300,1731.0,20250200,,20250300
2025-01-23 06:00:00,,20250300,1740.0,20250200,,20250300
2025-01-23 07:00:00,,20250300,1736.0,20250200,,20250300
2025-01-23 08:00:00,,20250300,1736.0,20250200,,20250300
2025-01-23 23:00:00,,20250300,1736.0,20250200,,20250300
2025-01-24 02:00:00,,20250300,1742.0,20250200,,20250300
2025-01-24 03:00:00,,20250300,1742.0,20250200,,20250300
2025-01-24 04:00:00,,20250300,1742.0,20250200,,20250300
2025-01-24 05:00:00,,20250300,1742.0,20250200,,20250300
2025-01-24 06:00:00,,20250300,1748.0,20250200,,20250300
2025-01-24 07:00:00,,20250300,1748.0,20250200,,20250300
2025-01-24 08:00:00,,20250300,1748.0,20250200,,20250300
2025-01-24 23:00:00,,20250300,1748.0,20250200,,20250300
2025-01-27 05:00:00,,20250300,1753.0,20250200,,20250300
2025-01-27 06:00:00,,20250300,1753.0,20250200,,20250300
2025-01-27 07:00:00,,20250300,1753.0,20250200,,20250300
2025-01-27 08:00:00,,20250300,1753.0,20250200,,20250300
2025-01-27 23:00:00,,20250300,1753.0,20250200,,20250300
2025-01-28 03:00:00,,20250300,1747.0,20250200,,20250300
2025-01-28 04:00:00,,20250300,1746.0,20250200,,20250300
2025-01-28 05:00:00,,20250300,1749.0,20250200,,20250300
2025-01-28 06:00:00,,20250300,1749.0,20250200,,20250300
2025-01-28 07:00:00,,20250300,1749.0,20250200,,20250300
2025-01-28 08:00:00,,20250300,1749.0,20250200,,20250300
2025-01-28 15:00:00,,20250300,1746.0,20250200,,20250300
2025-01-28 16:00:00,,20250300,1746.0,20250200,,20250300
2025-01-28 17:00:00,,20250300,1746.0,20250200,,20250300
2025-01-28 18:00:00,,20250300,1746.0,20250200,,20250300
2025-01-28 19:00:00,,20250300,1746.0,20250200,,20250300
2025-01-28 20:00:00,,20250300,1746.0,20250200,,20250300
2025-01-28 21:00:00,,20250300,1746.0,20250200,,20250300
2025-01-28 23:00:00,,20250300,1749.0,20250200,,20250300
2025-01-29 05:00:00,,20250300,1756.0,20250200,,20250300
2025-01-29 06:00:00,,20250300,1756.0,20250200,,20250300
2025-01-29 07:00:00,,20250300,1756.0,20250200,,20250300
2025-01-29 08:00:00,,20250300,1756.0,20250200,,20250300
2025-01-29 23:00:00,,20250300,1756.0,20250200,,20250300
2025-01-30 14:00:00,,20250300,1752.0,20250200,,20250300
2025-01-30 15:00:00,,20250300,1752.0,20250200,,20250300
2025-01-30 16:00:00,,20250300,1752.0,20250200,,20250300
2025-01-30 17:00:00,,20250300,1752.0,20250200,,20250300
2025-01-30 18:00:00,,20250300,1752.0,20250200,,20250300
2025-01-30 19:00:00,,20250300,1752.0,20250200,,20250300
2025-01-30 20:00:00,,20250300,1752.0,20250200,,20250300
2025-01-30 21:00:00,,20250300,1752.0,20250200,,20250300
2025-01-31 03:00:00,,20250300,1756.0,20250200,,20250300
2025-01-31 04:00:00,,20250300,1755.0,20250200,,20250300
2025-01-31 05:00:00,,20250300,1758.0,20250200,,20250300
2025-01-31 06:00:00,,20250300,1758.0,20250200,,20250300
2025-01-31 07:00:00,,20250300,1758.0,20250200,,20250300
2025-01-31 08:00:00,,20250300,1758.0,20250200,,20250300
2025-01-31 20:00:00,,20250300,1758.0,20250200,,20250300
2025-01-31 21:00:00,,20250300,1758.0,20250200,,20250300
2025-01-31 23:00:00,,20250300,1758.0,20250200,,20250300
2025-02-01 23:00:00,,20250300,1758.0,20250200,,20250300
2025-02-03 02:00:00,,20250300,1734.0,20250200,,20250300
2025-02-03 03:00:00,,20250300,1736.0,20250200,,20250300
2025-02-03 04:00:00,,20250300,1736.0,20250200,,20250300
2025-02-03 05:00:00,,20250300,1739.0,20250200,,20250300
2025-02-03 06:00:00,,20250300,1737.0,20250200,,20250300
2025-02-03 07:00:00,,20250300,1737.0,20250200,,20250300
2025-02-03 08:00:00,,20250300,1737.0,20250200,,20250300
2025-02-03 23:00:00,,20250300,1737.0,20250200,,20250300
2025-02-04 02:00:00,,20250300,1742.0,20250200,,20250300
2025-02-04 03:00:00,,20250300,1738.0,20250200,,20250300
2025-02-04 04:00:00,,20250300,1738.0,20250200,,20250300
2025-02-04 05:00:00,,20250300,1738.0,20250200,,20250300
2025-02-04 06:00:00,,20250300,1745.0,20250200,,20250300
2025-02-04 07:00:00,,20250300,1745.0,20250200,,20250300
2025-02-04 08:00:00,,20250300,1745.0,20250200,,20250300
2025-02-04 23:00:00,,20250300,1745.0,20250200,,20250300
2025-02-05 04:00:00,,20250300,1756.0,20250200,,20250300
2025-02-05 05:00:00,,20250300,1756.0,20250200,,20250300
2025-02-05 06:00:00,,20250300,1757.0,20250200,,20250300
2025-02-05 07:00:00,,20250300,1757.0,20250200,,20250300
2025-02-05 08:00:00,,20250300,1757.0,20250200,,20250300
2025-02-05 23:00:00,,20250300,1757.0,20250200,,20250300
2025-02-06 04:00:00,,20250300,1753.0,20250200,,20250300
2025-02-06 05:00:00,,20250300,1754.0,20250200,,20250300
2025-02-06 06:00:00,,20250300,1754.0,20250200,,20250300
2025-02-06 07:00:00,,20250300,1754.0,20250200,,20250300
2025-02-06 08:00:00,,20250300,1754.0,20250200,,20250300
2025-02-06 23:00:00,,20250300,1754.0,20250200,,20250300
2025-02-07 04:00:00,,20250300,1754.0,20250200,,20250300
2025-02-07 05:00:00,,20250300,1753.0,20250200,,20250300
2025-02-07 06:00:00,,20250300,1754.0,20250200,,20250300
2025-02-07 07:00:00,,20250300,1754.0,20250200,,20250300
2025-02-07 08:00:00,,20250300,1754.0,20250200,,20250300
2025-02-07 14:00:00,,20250300,1749.0,20250200,,20250300
2025-02-07 15:00:00,,20250300,1749.0,20250200,,20250300
2025-02-07 16:00:00,,20250300,1749.0,20250200,,20250300
2025-02-07 17:00:00,,20250300,1749.0,20250200,,20250300
2025-02-07 18:00:00,,20250300,1746.0,20250200,,20250300
2025-02-07 19:00:00,,20250300,1746.0,20250200,,20250300
2025-02-07 20:00:00,,20250300,1746.0,20250200,,20250300
2025-02-07 21:00:00,,20250300,1746.0,20250200,,20250300
2025-02-07 23:00:00,,20250300,1754.0,20250200,,20250300
2025-02-08 23:00:00,,20250300,1746.0,20250200,,20250300
2025-02-10 03:00:00,,20250300,1742.0,20250200,,20250300
2025-02-10 04:00:00,,20250300,1740.0,20250200,,20250300
2025-02-10 05:00:00,,20250300,1740.0,20250200,,20250300
2025-02-10 06:00:00,,20250300,1740.0,20250200,,20250300
2025-02-10 07:00:00,,20250300,1740.0,20250200,,20250300
2025-02-10 08:00:00,,20250300,1740.0,20250200,,20250300
2025-02-10 14:00:00,,20250300,1732.0,20250200,,20250300
2025-02-10 15:00:00,,20250300,1732.0,20250200,,20250300
2025-02-10 16:00:00,,20250300,1732.0,20250200,,20250300
2025-02-10 17:00:00,,20250300,1732.0,20250200,,20250300
2025-02-10 18:00:00,,20250300,1732.0,20250200,,20250300
2025-02-10 19:00:00,,20250300,1732.0,20250200,,20250300
2025-02-10 20:00:00,,20250300,1732.0,20250200,,20250300
2025-02-10 21:00:00,,20250300,1732.0,20250200,,20250300
2025-02-10 23:00:00,,20250300,1734.0,20250200,,20250300
2025-02-11 04:00:00,,20250300,1734.0,20250200,,20250300
2025-02-11 05:00:00,,20250300,1734.0,20250200,,20250300
2025-02-11 06:00:00,,20250300,1734.0,20250200,,20250300
2025-02-11 07:00:00,,20250300,1734.0,20250200,,20250300
2025-02-11 08:00:00,,20250300,1734.0,20250200,,20250300
2025-02-11 14:00:00,,20250300,1730.0,20250200,,20250300
2025-02-11 15:00:00,,20250300,1730.0,20250200,,20250300
2025-02-11 16:00:00,,20250300,1730.0,20250200,,20250300
2025-02-11 17:00:00,,20250300,1730.0,20250200,,20250300
2025-02-11 18:00:00,,20250300,1730.0,20250200,,20250300
2025-02-11 19:00:00,,20250300,1730.0,20250200,,20250300
2025-02-11 20:00:00,,20250300,1730.0,20250200,,20250300
2025-02-11 21:00:00,,20250300,1730.0,20250200,,20250300
2025-02-11 23:00:00,,20250300,1732.0,20250200,,20250300
2025-02-12 02:00:00,,20250300,1738.0,20250200,,20250300
2025-02-12 03:00:00,,20250300,1738.0,20250200,,20250300
2025-02-12 04:00:00,,20250300,1740.0,20250200,,20250300
2025-02-12 05:00:00,,20250300,1740.0,20250200,,20250300
2025-02-12 06:00:00,,20250300,1740.0,20250200,,20250300
2025-02-12 07:00:00,,20250300,1738.0,20250200,,20250300
2025-02-12 08:00:00,,20250300,1738.0,20250200,,20250300
2025-02-12 14:00:00,,20250300,1733.0,20250200,,20250300
2025-02-12 15:00:00,,20250300,1733.0,20250200,,20250300
2025-02-12 16:00:00,,20250300,1733.0,20250200,,20250300
2025-02-12 17:00:00,,20250300,1733.0,20250200,,20250300
2025-02-12 18:00:00,,20250300,1733.0,20250200,,20250300
2025-02-12 19:00:00,,20250300,1733.0,20250200,,20250300
2025-02-12 20:00:00,,20250300,1733.0,20250200,,20250300
2025-02-12 21:00:00,,20250300,1733.0,20250200,,20250300
2025-02-12 23:00:00,,20250300,1742.0,20250200,,20250300
2025-02-13 03:00:00,,20250300,1737.0,20250200,,20250300
2025-02-13 04:00:00,,20250300,1741.0,20250200,,20250300
2025-02-13 05:00:00,,20250300,1739.0,20250200,,20250300
2025-02-13 06:00:00,,20250300,1739.0,20250200,,20250300
2025-02-13 07:00:00,,20250300,1739.0,20250200,,20250300
2025-02-13 08:00:00,,20250300,1739.0,20250200,,20250300
2025-02-13 09:00:00,,20250300,1744.0,20250200,,20250300
2025-02-13 10:00:00,,20250300,1744.0,20250200,,20250300
2025-02-13 11:00:00,,20250300,1744.0,20250200,,20250300
2025-02-13 12:00:00,,20250300,1744.0,20250200,,20250300
2025-02-13 13:00:00,,20250300,1744.0,20250200,,20250300
2025-02-13 14:00:00,,20250300,1744.0,20250200,,20250300
2025-02-13 15:00:00,,20250300,1744.0,20250200,,20250300
2025-02-13 16:00:00,,20250300,1744.0,20250200,,20250300
2025-02-13 17:00:00,,20250300,1744.0,20250200,,20250300
2025-02-13 18:00:00,,20250300,1744.0,20250200,,20250300
2025-02-13 19:00:00,,20250300,1744.0,20250200,,20250300
2025-02-13 20:00:00,,20250300,1744.0,20250200,,20250300
2025-02-13 21:00:00,,20250300,1744.0,20250200,,20250300
2025-02-13 23:00:00,,20250300,1739.0,20250200,,20250300
2025-02-14 04:00:00,,20250300,1758.0,20250200,,20250300
2025-02-14 05:00:00,,20250300,1758.0,20250200,,20250300
2025-02-14 06:00:00,,20250300,1756.0,20250200,,20250300
2025-02-14 07:00:00,,20250300,1756.0,20250200,,20250300
2025-02-14 08:00:00,,20250300,1756.0,20250200,,20250300
2025-02-14 14:00:00,,20250300,1754.0,20250200,,20250300
2025-02-14 15:00:00,,20250300,1753.0,20250200,,20250300
2025-02-14 16:00:00,,20250300,1753.0,20250200,,20250300
2025-02-14 17:00:00,,20250300,1753.0,20250200,,20250300
2025-02-14 18:00:00,,20250300,1753.0,20250200,,20250300
2025-02-14 19:00:00,,20250300,1753.0,20250200,,20250300
2025-02-14 20:00:00,,20250300,1753.0,20250200,,20250300
2025-02-14 21:00:00,,20250300,1753.0,20250200,,20250300
2025-02-14 23:00:00,,20250300,1756.0,20250200,,20250300
2025-02-15 23:00:00,,20250300,1753.0,20250200,,20250300
2025-02-17 02:00:00,,20250300,1750.0,20250200,,20250300
2025-02-17 03:00:00,,20250300,1750.0,20250200,,20250300
2025-02-17 04:00:00,,20250300,1750.0,20250200,,20250300
2025-02-17 05:00:00,,20250300,1750.0,20250200,,20250300
2025-02-17 06:00:00,,20250300,1750.0,20250200,,20250300
2025-02-17 07:00:00,,20250300,1750.0,20250200,,20250300
2025-02-17 08:00:00,,20250300,1750.0,20250200,,20250300
2025-02-17 23:00:00,,20250300,1750.0,20250200,,20250300
2025-02-18 04:00:00,,20250300,1748.0,20250200,,20250300
2025-02-18 05:00:00,,20250300,1749.0,20250200,,20250300
2025-02-18 06:00:00,,20250300,1752.0,20250200,,20250300
2025-02-18 07:00:00,,20250300,1752.0,20250200,,20250300
2025-02-18 08:00:00,,20250300,1752.0,20250200,,20250300
2025-02-18 23:00:00,,20250300,1752.0,20250200,,20250300
2025-02-19 03:00:00,,20250300,1754.0,20250200,,20250300
2025-02-19 04:00:00,,20250300,1754.0,20250200,,20250300
2025-02-19 05:00:00,,20250300,1756.0,20250200,,20250300
2025-02-19 06:00:00,,20250300,1760.0,20250200,,20250300
2025-02-19 07:00:00,,20250300,1760.0,20250200,,20250300
2025-02-19 08:00:00,,20250300,1760.0,20250200,,20250300
2025-02-19 23:00:00,,20250300,1760.0,20250200,,20250300
2025-02-20 02:00:00,,20250300,1775.0,20250200,,20250300
2025-02-20 03:00:00,,20250300,1775.0,20250200,,20250300
2025-02-20 04:00:00,,20250300,1775.0,20250200,,20250300
2025-02-20 05:00:00,,20250300,1775.0,20250200,,20250300
2025-02-20 06:00:00,,20250300,1775.0,20250200,,20250300
2025-02-20 07:00:00,,20250300,1779.0,20250200,,20250300
2025-02-20 08:00:00,,20250300,1779.0,20250200,,20250300
2025-02-20 23:00:00,,20250300,1779.0,20250200,,20250300
2025-02-21 01:00:00,,20250300,1779.0,20250200,,20250300
2025-02-21 02:00:00,,20250300,1779.0,20250200,,20250300
2025-02-21 03:00:00,,20250300,1779.0,20250200,,20250300
2025-02-21 04:00:00,,20250300,1779.0,20250200,,20250300
2025-02-21 05:00:00,1783.0,20250300,1774.0,20250200,1783.0,20250300
2025-02-21 06:00:00,,20250400,1783.0,20250300,,20250400
2025-02-21 07:00:00,,20250400,1783.0,20250300,,20250400
2025-02-21 08:00:00,,20250400,1783.0,20250300,,20250400
2025-02-21 23:00:00,,20250400,1783.0,20250300,,20250400
2025-02-24 07:00:00,,20250400,1782.0,20250300,,20250400
2025-02-24 08:00:00,,20250400,1782.0,20250300,,20250400
2025-02-24 14:00:00,,20250400,1790.0,20250300,,20250400
2025-02-24 15:00:00,,20250400,1790.0,20250300,,20250400
2025-02-24 16:00:00,,20250400,1790.0,20250300,,20250400
2025-02-24 17:00:00,,20250400,1790.0,20250300,,20250400
2025-02-24 18:00:00,,20250400,1790.0,20250300,,20250400
2025-02-24 19:00:00,,20250400,1790.0,20250300,,20250400
2025-02-24 20:00:00,,20250400,1790.0,20250300,,20250400
2025-02-24 21:00:00,,20250400,1790.0,20250300,,20250400
2025-02-24 23:00:00,,20250400,1782.0,20250300,,20250400
2025-02-25 04:00:00,,20250400,1796.0,20250300,,20250400
2025-02-25 05:00:00,,20250400,1795.0,20250300,,20250400
2025-02-25 06:00:00,,20250400,1795.0,20250300,,20250400
2025-02-25 07:00:00,,20250400,1777.0,20250300,,20250400
2025-02-25 08:00:00,,20250400,1777.0,20250300,,20250400
2025-02-25 09:00:00,,20250400,1783.0,20250300,,20250400
2025-02-25 10:00:00,,20250400,1783.0,20250300,,20250400
2025-02-25 11:00:00,,20250400,1783.0,20250300,,20250400
2025-02-25 12:00:00,,20250400,1783.0,20250300,,20250400
2025-02-25 13:00:00,,20250400,1783.0,20250300,,20250400
2025-02-25 14:00:00,,20250400,1783.0,20250300,,20250400
2025-02-25 15:00:00,,20250400,1783.0,20250300,,20250400
2025-02-25 16:00:00,,20250400,1783.0,20250300,,20250400
2025-02-25 17:00:00,,20250400,1783.0,20250300,,20250400
2025-02-25 18:00:00,,20250400,1783.0,20250300,,20250400
2025-02-25 19:00:00,,20250400,1783.0,20250300,,20250400
2025-02-25 20:00:00,,20250400,1783.0,20250300,,20250400
2025-02-25 21:00:00,,20250400,1783.0,20250300,,20250400
2025-02-25 23:00:00,,20250400,1777.0,20250300,,20250400
2025-02-26 07:00:00,,20250400,1789.0,20250300,,20250400
2025-02-26 08:00:00,,20250400,1789.0,20250300,,20250400
2025-02-26 23:00:00,,20250400,1789.0,20250300,,20250400
2025-02-27 04:00:00,,20250400,1793.0,20250300,,20250400
2025-02-27 05:00:00,,20250400,1793.0,20250300,,20250400
2025-02-27 06:00:00,,20250400,1784.0,20250300,,20250400
2025-02-27 07:00:00,,20250400,1784.0,20250300,,20250400
2025-02-27 08:00:00,,20250400,1784.0,20250300,,20250400
2025-02-27 23:00:00,,20250400,1784.0,20250300,,20250400
2025-02-28 02:00:00,,20250400,1800.0,20250300,,20250400
2025-02-28 03:00:00,,20250400,1796.0,20250300,,20250400
2025-02-28 04:00:00,,20250400,1793.0,20250300,,20250400
2025-02-28 05:00:00,,20250400,1793.0,20250300,,20250400
2025-02-28 06:00:00,,20250400,1802.0,20250300,,20250400
2025-02-28 07:00:00,,20250400,1797.0,20250300,,20250400
2025-02-28 08:00:00,,20250400,1797.0,20250300,,20250400
2025-02-28 08:30:00,,20250400,1812.0,20250300,,20250400
2025-02-28 09:00:00,,20250400,1812.0,20250300,,20250400
2025-02-28 10:00:00,,20250400,1812.0,20250300,,20250400
2025-02-28 11:00:00,,20250400,1812.0,20250300,,20250400
2025-02-28 12:00:00,,20250400,1812.0,20250300,,20250400
2025-02-28 13:00:00,,20250400,1812.0,20250300,,20250400
2025-02-28 14:00:00,,20250400,1808.0,20250300,,20250400
2025-02-28 15:00:00,,20250400,1808.0,20250300,,20250400
2025-02-28 16:00:00,,20250400,1808.0,20250300,,20250400
2025-02-28 17:00:00,,20250400,1808.0,20250300,,20250400
2025-02-28 18:00:00,,20250400,1808.0,20250300,,20250400
2025-02-28 19:00:00,,20250400,1808.0,20250300,,20250400
2025-02-28 20:00:00,,20250400,1808.0,20250300,,20250400
2025-02-28 21:00:00,,20250400,1808.0,20250300,,20250400
2025-02-28 23:00:00,,20250400,1797.0,20250300,,20250400
2025-03-01 23:00:00,,20250400,1808.0,20250300,,20250400
2025-03-03 05:00:00,,20250400,1812.0,20250300,,20250400
2025-03-03 06:00:00,,20250400,1810.0,20250300,,20250400
2025-03-03 07:00:00,,20250400,1810.0,20250300,,20250400
2025-03-03 08:00:00,,20250400,1810.0,20250300,,20250400
2025-03-03 20:00:00,,20250400,1810.0,20250300,,20250400
2025-03-03 21:00:00,,20250400,1810.0,20250300,,20250400
2025-03-03 23:00:00,,20250400,1810.0,20250300,,20250400
2025-03-04 02:00:00,,20250400,1817.0,20250300,,20250400
2025-03-04 03:00:00,,20250400,1820.0,20250300,,20250400
2025-03-04 04:00:00,,20250400,1810.0,20250300,,20250400
2025-03-04 05:00:00,,20250400,1810.0,20250300,,20250400
2025-03-04 06:00:00,,20250400,1817.0,20250300,,20250400
2025-03-04 07:00:00,,20250400,1817.0,20250300,,20250400
2025-03-04 08:00:00,,20250400,1817.0,20250300,,20250400
2025-03-04 14:00:00,,20250400,1810.0,20250300,,20250400
2025-03-04 15:00:00,,20250400,1810.0,20250300,,20250400
2025-03-04 16:00:00,,20250400,1810.0,20250300,,20250400
2025-03-04 17:00:00,,20250400,1810.0,20250300,,20250400
2025-03-04 18:00:00,,20250400,1810.0,20250300,,20250400
2025-03-04 19:00:00,,20250400,1810.0,20250300,,20250400
2025-03-04 20:00:00,,20250400,1810.0,20250300,,20250400
2025-03-04 21:00:00,,20250400,1810.0,20250300,,20250400
2025-03-04 23:00:00,,20250400,1817.0,20250300,,20250400
2025-03-05 02:00:00,,20250400,1827.0,20250300,,20250400
2025-03-05 03:00:00,,20250400,1827.0,20250300,,20250400
2025-03-05 04:00:00,,20250400,1823.0,20250300,,20250400
2025-03-05 05:00:00,,20250400,1826.0,20250300,,20250400
2025-03-05 06:00:00,,20250400,1821.0,20250300,,20250400
2025-03-05 07:00:00,,20250400,1819.0,20250300,,20250400
2025-03-05 08:00:00,,20250400,1819.0,20250300,,20250400
2025-03-05 20:00:00,,20250400,1819.0,20250300,,20250400
2025-03-05 21:00:00,,20250400,1819.0,20250300,,20250400
2025-03-05 23:00:00,,20250400,1810.0,20250300,,20250400
2025-03-06 03:00:00,,20250400,1818.0,20250300,,20250400
2025-03-06 04:00:00,,20250400,1814.0,20250300,,20250400
2025-03-06 05:00:00,,20250400,1815.0,20250300,,20250400
2025-03-06 06:00:00,,20250400,1815.0,20250300,,20250400
2025-03-06 07:00:00,,20250400,1826.0,20250300,,20250400
2025-03-06 08:00:00,,20250400,1826.0,20250300,,20250400
2025-03-06 09:00:00,,20250400,1830.0,20250300,,20250400
2025-03-06 10:00:00,,20250400,1830.0,20250300,,20250400
2025-03-06 11:00:00,,20250400,1830.0,20250300,,20250400
2025-03-06 12:00:00,,20250400,1830.0,20250300,,20250400
2025-03-06 13:00:00,,20250400,1830.0,20250300,,20250400
2025-03-06 14:00:00,,20250400,1830.0,20250300,,20250400
2025-03-06 15:00:00,,20250400,1830.0,20250300,,20250400
2025-03-06 16:00:00,,20250400,1830.0,20250300,,20250400
2025-03-06 17:00:00,,20250400,1830.0,20250300,,20250400
2025-03-06 18:00:00,,20250400,1830.0,20250300,,20250400
2025-03-06 19:00:00,,20250400,1830.0,20250300,,20250400
2025-03-06 20:00:00,,20250400,1830.0,20250300,,20250400
2025-03-06 21:00:00,,20250400,1830.0,20250300,,20250400
2025-03-06 23:00:00,,20250400,1826.0,20250300,,20250400
2025-03-07 02:00:00,,20250400,1836.0,20250300,,20250400
2025-03-07 03:00:00,,20250400,1832.0,20250300,,20250400
2025-03-07 04:00:00,,20250400,1831.0,20250300,,20250400
2025-03-07 05:00:00,,20250400,1831.0,20250300,,20250400
2025-03-07 06:00:00,,20250400,1845.0,20250300,,20250400
2025-03-07 07:00:00,,20250400,1857.0,20250300,,20250400
2025-03-07 08:00:00,,20250400,1857.0,20250300,,20250400
2025-03-07 23:00:00,,20250400,1830.0,20250300,,20250400
2025-03-10 04:00:00,,20250400,1862.0,20250300,,20250400
2025-03-10 05:00:00,,20250400,1860.0,20250300,,20250400
2025-03-10 06:00:00,,20250400,1864.0,20250300,,20250400
2025-03-10 07:00:00,,20250400,1864.0,20250300,,20250400
2025-03-10 08:00:00,,20250400,1864.0,20250300,,20250400
2025-03-10 16:00:00,,20250400,1857.0,20250300,,20250400
2025-03-10 17:00:00,,20250400,1857.0,20250300,,20250400
2025-03-10 18:00:00,,20250400,1857.0,20250300,,20250400
2025-03-10 19:00:00,,20250400,1857.0,20250300,,20250400
2025-03-10 20:00:00,,20250400,1857.0,20250300,,20250400
2025-03-10 21:00:00,,20250400,1857.0,20250300,,20250400
2025-03-10 23:00:00,1866.0,20250400,1861.0,20250300,1866.0,20250400
2025-03-17 23:00:00,1916.0,20250500,1910.0,20250400,1916.0,20250500
2025-03-20 07:00:00,,20250500,1880.0,20250400,,20250500
2025-03-20 08:00:00,,20250500,1880.0,20250400,,20250500
2025-03-20 20:00:00,,20250500,1880.0,20250400,,20250500
2025-03-20 21:00:00,,20250500,1880.0,20250400,,20250500
2025-03-20 23:00:00,,20250500,1880.0,20250400,,20250500
2025-03-24 07:00:00,,20250500,1916.0,20250400,,20250500
2025-03-24 08:00:00,,20250500,1916.0,20250400,,20250500
2025-03-24 20:00:00,,20250500,1926.0,20250400,,20250500
2025-03-24 21:00:00,,20250500,1926.0,20250400,,20250500
2025-03-24 23:00:00,1927.0,20250500,1921.0,20250400,1927.0,20250500
2025-03-25 02:00:00,,20250500,1921.0,20250400,,20250500
2025-03-25 03:00:00,,20250500,1921.0,20250400,,20250500
2025-03-25 04:00:00,,20250500,1921.0,20250400,,20250500
2025-03-25 05:00:00,,20250500,1921.0,20250400,,20250500
2025-03-25 06:00:00,,20250500,1921.0,20250400,,20250500
2025-03-25 07:00:00,,20250500,1926.0,20250400,,20250500
2025-03-25 08:00:00,,20250500,1926.0,20250400,,20250500
2025-03-25 23:00:00,,20250500,1926.0,20250400,,20250500
2025-03-26 03:00:00,,20250500,1920.0,20250400,,20250500
2025-03-26 04:00:00,,20250500,1916.0,20250400,,20250500
2025-03-26 05:00:00,,20250500,1916.0,20250400,,20250500
2025-03-26 06:00:00,,20250500,1917.0,20250400,,20250500
2025-03-26 07:00:00,,20250500,1912.0,20250400,,20250500
2025-03-26 08:00:00,,20250500,1912.0,20250400,,20250500
2025-03-26 13:00:00,,20250500,1908.0,20250400,,20250500
2025-03-26 14:00:00,,20250500,1908.0,20250400,,20250500
2025-03-26 15:00:00,,20250500,1902.0,20250400,,20250500
2025-03-26 16:00:00,,20250500,1902.0,20250400,,20250500
2025-03-26 17:00:00,,20250500,1902.0,20250400,,20250500
2025-03-26 18:00:00,,20250500,1902.0,20250400,,20250500
2025-03-26 19:00:00,,20250500,1902.0,20250400,,20250500
2025-03-26 20:00:00,,20250500,1902.0,20250400,,20250500
2025-03-26 21:00:00,,20250500,1902.0,20250400,,20250500
2025-03-26 23:00:00,,20250500,1912.0,20250400,,20250500
2025-03-27 02:00:00,,20250500,1908.0,20250400,,20250500
2025-03-27 03:00:00,,20250500,1910.0,20250400,,20250500
2025-03-27 04:00:00,,20250500,1910.0,20250400,,20250500
2025-03-27 05:00:00,,20250500,1903.0,20250400,,20250500
2025-03-27 06:00:00,,20250500,1905.0,20250400,,20250500
2025-03-27 07:00:00,,20250500,1905.0,20250400,,20250500
2025-03-27 08:00:00,,20250500,1905.0,20250400,,20250500
2025-03-27 23:00:00,,20250500,1905.0,20250400,,20250500
2025-03-28 02:00:00,,20250500,1900.0,20250400,,20250500
2025-03-28 03:00:00,,20250500,1892.0,20250400,,20250500
2025-03-28 04:00:00,,20250500,1901.0,20250400,,20250500
2025-03-28 05:00:00,,20250500,1901.0,20250400,,20250500
2025-03-28 06:00:00,,20250500,1903.0,20250400,,20250500
2025-03-28 07:00:00,,20250500,1903.0,20250400,,20250500
2025-03-28 08:00:00,,20250500,1903.0,20250400,,20250500
2025-03-28 08:30:00,,20250500,1903.0,20250400,,20250500
2025-03-28 09:00:00,,20250500,1903.0,20250400,,20250500
2025-03-28 10:00:00,,20250500,1903.0,20250400,,20250500
2025-03-28 11:00:00,,20250500,1903.0,20250400,,20250500
2025-03-28 12:00:00,,20250500,1903.0,20250400,,20250500
2025-03-28 13:00:00,,20250500,1899.0,20250400,,20250500
2025-03-28 14:00:00,,20250500,1899.0,20250400,,20250500
2025-03-28 15:00:00,,20250500,1899.0,20250400,,20250500
2025-03-28 16:00:00,,20250500,1882.0,20250400,,20250500
2025-03-28 17:00:00,,20250500,1882.0,20250400,,20250500
2025-03-28 18:00:00,,20250500,1882.0,20250400,,20250500
2025-03-28 19:00:00,,20250500,1882.0,20250400,,20250500
2025-03-28 20:00:00,,20250500,1882.0,20250400,,20250500
2025-03-28 21:00:00,,20250500,1882.0,20250400,,20250500
2025-03-28 23:00:00,,20250500,1903.0,20250400,,20250500
2025-03-29 23:00:00,,20250500,1882.0,20250400,,20250500
2025-03-31 04:00:00,,20250500,1897.0,20250400,,20250500
2025-03-31 05:00:00,,20250500,1897.0,20250400,,20250500
2025-03-31 06:00:00,,20250500,1897.0,20250400,,20250500
2025-03-31 07:00:00,,20250500,1897.0,20250400,,20250500
2025-03-31 08:00:00,,20250500,1892.0,20250400,,20250500
2025-03-31 09:00:00,,20250500,1892.0,20250400,,20250500
2025-03-31 12:00:00,,20250500,1886.0,20250400,,20250500
2025-03-31 13:00:00,,20250500,1886.0,20250400,,20250500
2025-03-31 14:00:00,,20250500,1886.0,20250400,,20250500
2025-03-31 15:00:00,,20250500,1886.0,20250400,,20250500
2025-03-31 16:00:00,,20250500,1886.0,20250400,,20250500
2025-03-31 17:00:00,,20250500,1886.0,20250400,,20250500
2025-03-31 18:00:00,,20250500,1886.0,20250400,,20250500
2025-03-31 19:00:00,,20250500,1886.0,20250400,,20250500
2025-03-31 20:00:00,,20250500,1886.0,20250400,,20250500
2025-03-31 21:00:00,,20250500,1886.0,20250400,,20250500
2025-03-31 22:00:00,,20250500,1886.0,20250400,,20250500
2025-03-31 23:00:00,1897.0,20250500,1891.0,20250400,1897.0,20250500
2025-04-01 02:00:00,,20250500,1884.0,20250400,,20250500
2025-04-01 03:00:00,,20250500,1900.0,20250400,,20250500
2025-04-01 04:00:00,,20250500,1908.0,20250400,,20250500
2025-04-01 05:00:00,,20250500,1915.0,20250400,,20250500
2025-04-01 06:00:00,,20250500,1915.0,20250400,,20250500
2025-04-01 07:00:00,,20250500,1903.0,20250400,,20250500
2025-04-01 08:00:00,,20250500,1903.0,20250400,,20250500
2025-04-01 09:00:00,,20250500,1903.0,20250400,,20250500
2025-04-01 23:00:00,,20250500,1903.0,20250400,,20250500
2025-04-02 03:00:00,,20250500,1919.0,20250400,,20250500
2025-04-02 04:00:00,,20250500,1926.0,20250400,,20250500
2025-04-02 05:00:00,,20250500,1926.0,20250400,,20250500
2025-04-02 06:00:00,,20250500,1926.0,20250400,,20250500
2025-04-02 07:00:00,,20250500,1923.0,20250400,,20250500
2025-04-02 08:00:00,,20250500,1923.0,20250400,,20250500
2025-04-02 09:00:00,,20250500,1923.0,20250400,,20250500
2025-04-02 23:00:00,,20250500,1923.0,20250400,,20250500
2025-04-03 03:00:00,,20250500,1823.0,20250400,,20250500
2025-04-03 04:00:00,,20250500,1794.0,20250400,,20250500
2025-04-03 05:00:00,,20250500,1796.0,20250400,,20250500
2025-04-03 06:00:00,,20250500,1800.0,20250400,,20250500
2025-04-03 07:00:00,,20250500,1788.0,20250400,,20250500
2025-04-03 08:00:00,,20250500,1773.0,20250400,,20250500
2025-04-03 09:00:00,,20250500,1773.0,20250400,,20250500
2025-04-03 14:00:00,,20250500,1761.0,20250400,,20250500
2025-04-03 15:00:00,,20250500,1753.0,20250400,,20250500
2025-04-03 16:00:00,,20250500,1753.0,20250400,,20250500
2025-04-03 17:00:00,,20250500,1753.0,20250400,,20250500
2025-04-03 18:00:00,,20250500,1753.0,20250400,,20250500
2025-04-03 19:00:00,,20250500,1753.0,20250400,,20250500
2025-04-03 20:00:00,,20250500,1753.0,20250400,,20250500
2025-04-03 21:00:00,,20250500,1753.0,20250400,,20250500
2025-04-03 22:00:00,,20250500,1753.0,20250400,,20250500
2025-04-03 23:00:00,,20250500,1773.0,20250400,,20250500
2025-04-04 03:00:00,,20250500,1736.0,20250400,,20250500
2025-04-04 04:00:00,,20250500,1736.0,20250400,,20250500
2025-04-04 05:00:00,,20250500,1718.0,20250400,,20250500
2025-04-04 06:00:00,,20250500,1717.0,20250400,,20250500
2025-04-04 07:00:00,,20250500,1749.0,20250400,,20250500
2025-04-04 08:00:00,,20250500,1758.0,20250400,,20250500
2025-04-04 09:00:00,,20250500,1758.0,20250400,,20250500
2025-04-04 11:00:00,,20250500,1757.0,20250400,,20250500
2025-04-04 12:00:00,,20250500,1757.0,20250400,,20250500
2025-04-04 13:00:00,,20250500,1757.0,20250400,,20250500
2025-04-04 14:00:00,,20250500,1757.0,20250400,,20250500
2025-04-04 15:00:00,,20250500,1757.0,20250400,,20250500
2025-04-04 16:00:00,,20250500,1757.0,20250400,,20250500
2025-04-04 17:00:00,,20250500,1757.0,20250400,,20250500
2025-04-04 18:00:00,,20250500,1757.0,20250400,,20250500
2025-04-04 19:00:00,,20250500,1757.0,20250400,,20250500
2025-04-04 20:00:00,,20250500,1757.0,20250400,,20250500
2025-04-04 21:00:00,,20250500,1757.0,20250400,,20250500
2025-04-04 22:00:00,,20250500,1757.0,20250400,,20250500
2025-04-04 23:00:00,,20250500,1758.0,20250400,,20250500
2025-04-05 23:00:00,,20250500,1757.0,20250400,,20250500
2025-04-07 23:00:00,1780.0,20250500,1710.0,20250400,1780.0,20250500
2025-04-14 23:00:00,1868.0,20250600,1867.0,20250500,1868.0,20250600
2025-04-21 23:00:00,1812.0,20250600,1812.0,20250500,1812.0,20250600
2025-04-22 08:00:00,,20250600,1780.0,20250500,,20250600
2025-04-22 09:00:00,,20250600,1780.0,20250500,,20250600
2025-04-22 22:00:00,,20250600,1780.0,20250500,,20250600
2025-04-22 23:00:00,,20250600,1780.0,20250500,,20250600
2025-04-23 07:00:00,,20250600,1835.0,20250500,,20250600
2025-04-23 08:00:00,,20250600,1835.0,20250500,,20250600
2025-04-23 09:00:00,,20250600,1835.0,20250500,,20250600
2025-04-23 22:00:00,,20250600,1835.0,20250500,,20250600
2025-04-23 23:00:00,,20250600,1840.0,20250500,,20250600
2025-04-24 04:00:00,,20250600,1830.0,20250500,,20250600
2025-04-24 05:00:00,,20250600,1830.0,20250500,,20250600
2025-04-24 06:00:00,,20250600,1830.0,20250500,,20250600
2025-04-24 07:00:00,,20250600,1836.0,20250500,,20250600
2025-04-24 08:00:00,,20250600,1836.0,20250500,,20250600
2025-04-24 09:00:00,,20250600,1836.0,20250500,,20250600
2025-04-24 23:00:00,,20250600,1836.0,20250500,,20250600
2025-04-25 06:00:00,,20250600,1860.0,20250500,,20250600
2025-04-25 07:00:00,,20250600,1860.0,20250500,,20250600
2025-04-25 08:00:00,,20250600,1860.0,20250500,,20250600
2025-04-25 23:00:00,,20250600,1860.0,20250500,,20250600
2025-04-28 02:00:00,,20250600,1870.0,20250500,,20250600
2025-04-28 03:00:00,,20250600,1867.0,20250500,,20250600
2025-04-28 04:00:00,,20250600,1863.0,20250500,,20250600
2025-04-28 05:00:00,,20250600,1863.0,20250500,,20250600
2025-04-28 06:00:00,,20250600,1874.0,20250500,,20250600
2025-04-28 07:00:00,,20250600,1874.0,20250500,,20250600
2025-04-28 08:00:00,,20250600,1874.0,20250500,,20250600
2025-04-28 20:00:00,,20250600,1874.0,20250500,,20250600
2025-04-28 21:00:00,,20250600,1874.0,20250500,,20250600
2025-04-28 23:00:00,1877.0,20250600,1876.0,20250500,1877.0,20250600
2025-04-29 02:00:00,,20250600,1868.0,20250500,,20250600
2025-04-29 03:00:00,,20250600,1868.0,20250500,,20250600
2025-04-29 04:00:00,,20250600,1862.0,20250500,,20250600
2025-04-29 05:00:00,,20250600,1862.0,20250500,,20250600
2025-04-29 06:00:00,,20250600,1870.0,20250500,,20250600
2025-04-29 07:00:00,,20250600,1870.0,20250500,,20250600
2025-04-29 08:00:00,,20250600,1870.0,20250500,,20250600
2025-04-29 23:00:00,,20250600,1870.0,20250500,,20250600
2025-04-30 23:00:00,,20250600,1872.0,20250500,,20250600
2025-05-01 04:00:00,,20250600,1866.0,20250500,,20250600
2025-05-01 05:00:00,,20250600,1866.0,20250500,,20250600
2025-05-01 06:00:00,,20250600,1866.0,20250500,,20250600
2025-05-01 07:00:00,,20250600,1866.0,20250500,,20250600
2025-05-01 08:00:00,,20250600,1866.0,20250500,,20250600
2025-05-01 21:00:00,,20250600,1866.0,20250500,,20250600
2025-05-01 23:00:00,,20250600,1866.0,20250500,,20250600
2025-05-02 04:00:00,,20250600,1868.0,20250500,,20250600
2025-05-02 05:00:00,,20250600,1868.0,20250500,,20250600
2025-05-02 06:00:00,,20250600,1868.0,20250500,,20250600
2025-05-02 07:00:00,,20250600,1868.0,20250500,,20250600
2025-05-02 08:00:00,,20250600,1868.0,20250500,,20250600
2025-05-02 23:00:00,,20250600,1868.0,20250500,,20250600
2025-05-05 02:00:00,,20250600,1881.0,20250500,,20250600
2025-05-05 03:00:00,,20250600,1881.0,20250500,,20250600
2025-05-05 04:00:00,,20250600,1884.0,20250500,,20250600
2025-05-05 05:00:00,,20250600,1884.0,20250500,,20250600
2025-05-05 06:00:00,,20250600,1884.0,20250500,,20250600
2025-05-05 07:00:00,,20250600,1884.0,20250500,,20250600
2025-05-05 08:00:00,,20250600,1884.0,20250500,,20250600
2025-05-05 08:15:00,,20250600,1877.0,20250500,,20250600
2025-05-05 09:00:00,,20250600,1877.0,20250500,,20250600
2025-05-05 10:00:00,,20250600,1877.0,20250500,,20250600
2025-05-05 11:00:00,,20250600,1887.0,20250500,,20250600
2025-05-05 12:00:00,,20250600,1887.0,20250500,,20250600
2025-05-05 13:00:00,,20250600,1887.0,20250500,,20250600
2025-05-05 14:00:00,,20250600,1887.0,20250500,,20250600
2025-05-05 15:00:00,,20250600,1887.0,20250500,,20250600
2025-05-05 16:00:00,,20250600,1887.0,20250500,,20250600
2025-05-05 17:00:00,,20250600,1887.0,20250500,,20250600
2025-05-05 18:00:00,,20250600,1887.0,20250500,,20250600
2025-05-05 19:00:00,,20250600,1887.0,20250500,,20250600
2025-05-05 20:00:00,,20250600,1887.0,20250500,,20250600
2025-05-05 21:00:00,,20250600,1887.0,20250500,,20250600
2025-05-05 23:00:00,,20250600,1884.0,20250500,,20250600
2025-05-06 04:00:00,,20250600,1902.0,20250500,,20250600
2025-05-06 05:00:00,,20250600,1902.0,20250500,,20250600
2025-05-06 06:00:00,,20250600,1908.0,20250500,,20250600
2025-05-06 07:00:00,,20250600,1897.0,20250500,,20250600
2025-05-06 08:00:00,,20250600,1897.0,20250500,,20250600
2025-05-06 23:00:00,,20250600,1897.0,20250500,,20250600
2025-05-07 04:00:00,,20250600,1897.0,20250500,,20250600
2025-05-07 05:00:00,,20250600,1897.0,20250500,,20250600
2025-05-07 06:00:00,,20250600,1897.0,20250500,,20250600
2025-05-07 07:00:00,,20250600,1897.0,20250500,,20250600
2025-05-07 08:00:00,,20250600,1897.0,20250500,,20250600
2025-05-07 23:00:00,,20250600,1897.0,20250500,,20250600
2025-05-08 02:00:00,,20250600,1929.0,20250500,,20250600
2025-05-08 03:00:00,,20250600,1929.0,20250500,,20250600
2025-05-08 04:00:00,,20250600,1929.0,20250500,,20250600
2025-05-08 05:00:00,,20250600,1912.0,20250500,,20250600
2025-05-08 06:00:00,,20250600,1925.0,20250500,,20250600
2025-05-08 07:00:00,,20250600,1936.0,20250500,,20250600
2025-05-08 08:00:00,,20250600,1936.0,20250500,,20250600
2025-05-08 16:00:00,,20250600,1941.0,20250500,,20250600
2025-05-08 17:00:00,,20250600,1941.0,20250500,,20250600
2025-05-08 18:00:00,,20250600,1941.0,20250500,,20250600
2025-05-08 19:00:00,,20250600,1941.0,20250500,,20250600
2025-05-08 20:00:00,,20250600,1941.0,20250500,,20250600
2025-05-08 21:00:00,,20250600,1941.0,20250500,,20250600
2025-05-08 23:00:00,,20250600,1946.0,20250500,,20250600
2025-05-09 02:00:00,,20250600,1941.0,20250500,,20250600
2025-05-09 03:00:00,,20250600,1941.0,20250500,,20250600
2025-05-09 04:00:00,,20250600,1941.0,20250500,,20250600
2025-05-09 05:00:00,,20250600,1942.0,20250500,,20250600
2025-05-09 06:00:00,,20250600,1945.0,20250500,,20250600
2025-05-09 07:00:00,,20250600,1945.0,20250500,,20250600
2025-05-09 08:00:00,,20250600,1945.0,20250500,,20250600
2025-05-09 10:00:00,,20250600,1940.0,20250500,,20250600
2025-05-09 11:00:00,,20250600,1940.0,20250500,,20250600
2025-05-09 12:00:00,,20250600,1940.0,20250500,,20250600
2025-05-09 13:00:00,,20250600,1940.0,20250500,,20250600
2025-05-09 14:00:00,,20250600,1940.0,20250500,,20250600
2025-05-09 15:00:00,,20250600,1940.0,20250500,,20250600
2025-05-09 16:00:00,,20250600,1940.0,20250500,,20250600
2025-05-09 17:00:00,,20250600,1940.0,20250500,,20250600
2025-05-09 18:00:00,,20250600,1940.0,20250500,,20250600
2025-05-09 19:00:00,,20250600,1940.0,20250500,,20250600
2025-05-09 20:00:00,,20250600,1940.0,20250500,,20250600
2025-05-09 21:00:00,,20250600,1940.0,20250500,,20250600
2025-05-09 23:00:00,,20250600,1945.0,20250500,,20250600
2025-05-10 23:00:00,,20250600,1940.0,20250500,,20250600
2025-05-12 02:00:00,,20250600,1950.0,20250500,,20250600
2025-05-12 03:00:00,,20250600,1950.0,20250500,,20250600
2025-05-12 04:00:00,,20250600,1930.0,20250500,,20250600
2025-05-12 05:00:00,,20250600,1930.0,20250500,,20250600
2025-05-12 06:00:00,,20250600,1935.0,20250500,,20250600
2025-05-12 07:00:00,,20250600,1935.0,20250500,,20250600
2025-05-12 08:00:00,,20250600,1935.0,20250500,,20250600
2025-05-12 13:00:00,,20250600,1942.0,20250500,,20250600
2025-05-12 14:00:00,,20250600,1945.0,20250500,,20250600
2025-05-12 15:00:00,,20250600,1943.0,20250500,,20250600
2025-05-12 16:00:00,,20250600,1945.0,20250500,,20250600
2025-05-12 17:00:00,,20250600,1945.0,20250500,,20250600
2025-05-12 18:00:00,,20250600,1945.0,20250500,,20250600
2025-05-12 19:00:00,,20250600,1945.0,20250500,,20250600
2025-05-12 20:00:00,,20250600,1945.0,20250500,,20250600
2025-05-12 21:00:00,,20250600,1945.0,20250500,,20250600
2025-05-12 23:00:00,1950.0,20250600,1950.0,20250500,1950.0,20250600
2025-05-16 06:00:00,,20250700,1951.0,20250600,,20250700
2025-05-16 07:00:00,,20250700,1951.0,20250600,,20250700
2025-05-16 08:00:00,,20250700,1951.0,20250600,,20250700
2025-05-16 23:00:00,,20250700,1951.0,20250600,,20250700
2025-05-19 23:00:00,1962.0,20250700,1957.0,20250600,1962.0,20250700
2025-05-21 07:00:00,,20250700,2025.0,20250600,,20250700
2025-05-21 08:00:00,,20250700,2025.0,20250600,,20250700
2025-05-21 23:00:00,,20250700,2025.0,20250600,,20250700
2025-05-22 02:00:00,,20250700,2025.0,20250600,,20250700
2025-05-22 03:00:00,,20250700,2025.0,20250600,,20250700
2025-05-22 04:00:00,,20250700,2025.0,20250600,,20250700
2025-05-22 05:00:00,,20250700,2025.0,20250600,,20250700
2025-05-22 06:00:00,,20250700,2025.0,20250600,,20250700
2025-05-22 07:00:00,,20250700,2025.0,20250600,,20250700
2025-05-22 08:00:00,,20250700,2025.0,20250600,,20250700
2025-05-22 21:00:00,,20250700,2025.0,20250600,,20250700
2025-05-22 23:00:00,,20250700,2025.0,20250600,,20250700
2025-05-26 02:00:00,,20250700,2010.0,20250600,,20250700
2025-05-26 03:00:00,,20250700,2010.0,20250600,,20250700
2025-05-26 04:00:00,,20250700,2010.0,20250600,,20250700
2025-05-26 05:00:00,,20250700,2010.0,20250600,,20250700
2025-05-26 06:00:00,,20250700,2015.0,20250600,,20250700
2025-05-26 07:00:00,,20250700,2014.0,20250600,,20250700
2025-05-26 08:00:00,,20250700,2014.0,20250600,,20250700
2025-05-26 13:00:00,,20250700,2033.0,20250600,,20250700
2025-05-26 14:00:00,,20250700,2033.0,20250600,,20250700
2025-05-26 15:00:00,,20250700,2033.0,20250600,,20250700
2025-05-26 16:00:00,,20250700,2033.0,20250600,,20250700
2025-05-26 17:00:00,,20250700,2033.0,20250600,,20250700
2025-05-26 18:00:00,,20250700,2033.0,20250600,,20250700
2025-05-26 19:00:00,,20250700,2033.0,20250600,,20250700
2025-05-26 20:00:00,,20250700,2033.0,20250600,,20250700
2025-05-26 21:00:00,,20250700,2033.0,20250600,,20250700
2025-05-26 23:00:00,2068.0,20250700,2060.0,20250600,2068.0,20250700
2025-05-27 02:00:00,,20250700,2039.0,20250600,,20250700
2025-05-27 03:00:00,,20250700,2039.0,20250600,,20250700
2025-05-27 04:00:00,,20250700,2037.0,20250600,,20250700
2025-05-27 05:00:00,,20250700,2037.0,20250600,,20250700
2025-05-27 06:00:00,,20250700,2041.0,20250600,,20250700
2025-05-27 07:00:00,,20250700,2044.0,20250600,,20250700
2025-05-27 08:00:00,,20250700,2044.0,20250600,,20250700
2025-05-27 09:00:00,,20250700,2060.0,20250600,,20250700
2025-05-27 10:00:00,,20250700,2060.0,20250600,,20250700
2025-05-27 11:00:00,,20250700,2060.0,20250600,,20250700
2025-05-27 12:00:00,,20250700,2060.0,20250600,,20250700
2025-05-27 13:00:00,,20250700,2060.0,20250600,,20250700
2025-05-27 14:00:00,,20250700,2056.0,20250600,,20250700
2025-05-27 15:00:00,,20250700,2056.0,20250600,,20250700
2025-05-27 16:00:00,,20250700,2056.0,20250600,,20250700
2025-05-27 17:00:00,,20250700,2056.0,20250600,,20250700
2025-05-27 18:00:00,,20250700,2056.0,20250600,,20250700
2025-05-27 19:00:00,,20250700,2056.0,20250600,,20250700
2025-05-27 20:00:00,,20250700,2056.0,20250600,,20250700
2025-05-27 21:00:00,,20250700,2056.0,20250600,,20250700
2025-05-27 23:00:00,,20250700,2048.0,20250600,,20250700
2025-05-28 04:00:00,,20250700,2070.0,20250600,,20250700
2025-05-28 05:00:00,,20250700,2064.0,20250600,,20250700
2025-05-28 06:00:00,,20250700,2049.0,20250600,,20250700
2025-05-28 07:00:00,,20250700,2061.0,20250600,,20250700
2025-05-28 08:00:00,,20250700,2061.0,20250600,,20250700
2025-05-28 23:00:00,,20250700,2056.0,20250600,,20250700
2025-05-29 02:00:00,,20250700,2080.0,20250600,,20250700
2025-05-29 03:00:00,,20250700,2086.0,20250600,,20250700
2025-05-29 04:00:00,,20250700,2071.0,20250600,,20250700
2025-05-29 05:00:00,,20250700,2071.0,20250600,,20250700
2025-05-29 06:00:00,,20250700,2079.0,20250600,,20250700
2025-05-29 07:00:00,,20250700,2081.0,20250600,,20250700
2025-05-29 08:00:00,,20250700,2081.0,20250600,,20250700
2025-05-29 10:00:00,,20250700,2076.0,20250600,,20250700
2025-05-29 11:00:00,,20250700,2076.0,20250600,,20250700
2025-05-29 12:00:00,,20250700,2076.0,20250600,,20250700
2025-05-29 13:00:00,,20250700,2076.0,20250600,,20250700
2025-05-29 14:00:00,,20250700,2076.0,20250600,,20250700
2025-05-29 15:00:00,,20250700,2076.0,20250600,,20250700
2025-05-29 16:00:00,,20250700,2076.0,20250600,,20250700
2025-05-29 17:00:00,,20250700,2076.0,20250600,,20250700
2025-05-29 18:00:00,,20250700,2076.0,20250600,,20250700
2025-05-29 19:00:00,,20250700,2076.0,20250600,,20250700
2025-05-29 20:00:00,,20250700,2076.0,20250600,,20250700
2025-05-29 21:00:00,,20250700,2076.0,20250600,,20250700
2025-05-29 23:00:00,,20250700,2081.0,20250600,,20250700
2025-05-30 02:00:00,,20250700,2072.0,20250600,,20250700
2025-05-30 03:00:00,,20250700,2072.0,20250600,,20250700
2025-05-30 04:00:00,,20250700,2072.0,20250600,,20250700
2025-05-30 05:00:00,,20250700,2072.0,20250600,,20250700
2025-05-30 06:00:00,,20250700,2074.0,20250600,,20250700
2025-05-30 07:00:00,,20250700,2083.0,20250600,,20250700
2025-05-30 08:00:00,,20250700,2083.0,20250600,,20250700
2025-05-30 15:00:00,,20250700,2075.0,20250600,,20250700
2025-05-30 16:00:00,,20250700,2075.0,20250600,,20250700
2025-05-30 17:00:00,,20250700,2075.0,20250600,,20250700
2025-05-30 18:00:00,,20250700,2075.0,20250600,,20250700
2025-05-30 19:00:00,,20250700,2075.0,20250600,,20250700
2025-05-30 20:00:00,,20250700,2075.0,20250600,,20250700
2025-05-30 21:00:00,,20250700,2075.0,20250600,,20250700
2025-05-30 23:00:00,,20250700,2083.0,20250600,,20250700
2025-05-31 23:00:00,,20250700,2075.0,20250600,,20250700
2025-06-02 02:00:00,,20250700,2074.0,20250600,,20250700
2025-06-02 03:00:00,,20250700,2076.0,20250600,,20250700
2025-06-02 04:00:00,,20250700,2076.0,20250600,,20250700
2025-06-02 05:00:00,,20250700,2076.0,20250600,,20250700
2025-06-02 06:00:00,,20250700,2065.0,20250600,,20250700
2025-06-02 07:00:00,2069.0,20250700,2075.0,20250600,2069.0,20250700
2025-06-02 08:00:00,2069.0,20250700,2075.0,20250600,2069.0,20250700
2025-06-02 13:00:00,,20250700,2079.0,20250600,,20250700
2025-06-02 14:00:00,,20250700,2079.0,20250600,,20250700
2025-06-02 15:00:00,,20250700,2079.0,20250600,,20250700
2025-06-02 16:00:00,,20250700,2084.0,20250600,,20250700
2025-06-02 17:00:00,,20250700,2084.0,20250600,,20250700
2025-06-02 18:00:00,,20250700,2084.0,20250600,,20250700
2025-06-02 19:00:00,,20250700,2084.0,20250600,,20250700
2025-06-02 20:00:00,2069.0,20250700,2084.0,20250600,2069.0,20250700
2025-06-02 21:00:00,2069.0,20250700,2084.0,20250600,2069.0,20250700
2025-06-02 23:00:00,2092.0,20250700,2076.0,20250600,2092.0,20250700
2025-06-03 02:00:00,,20250700,2091.0,20250600,,20250700
2025-06-03 03:00:00,,20250700,2102.0,20250600,,20250700
2025-06-03 04:00:00,,20250700,2110.0,20250600,,20250700
2025-06-03 05:00:00,,20250700,2110.0,20250600,,20250700
2025-06-03 06:00:00,,20250700,2118.0,20250600,,20250700
2025-06-03 07:00:00,,20250700,2111.0,20250600,,20250700
2025-06-03 08:00:00,,20250700,2111.0,20250600,,20250700
2025-06-03 14:00:00,,20250700,2102.0,20250600,,20250700
2025-06-03 15:00:00,,20250700,2111.0,20250600,,20250700
2025-06-03 16:00:00,,20250700,2111.0,20250600,,20250700
2025-06-03 17:00:00,,20250700,2111.0,20250600,,20250700
2025-06-03 18:00:00,,20250700,2111.0,20250600,,20250700
2025-06-03 19:00:00,,20250700,2111.0,20250600,,20250700
2025-06-03 20:00:00,,20250700,2111.0,20250600,,20250700
2025-06-03 21:00:00,,20250700,2111.0,20250600,,20250700
2025-06-03 23:00:00,,20250700,2111.0,20250600,,20250700
2025-06-04 02:00:00,,20250700,2113.0,20250600,,20250700
2025-06-04 03:00:00,,20250700,2115.0,20250600,,20250700
2025-06-04 04:00:00,,20250700,2117.0,20250600,,20250700
2025-06-04 05:00:00,,20250700,2117.0,20250600,,20250700
2025-06-04 06:00:00,,20250700,2117.0,20250600,,20250700
2025-06-04 07:00:00,,20250700,2117.0,20250600,,20250700
2025-06-04 08:00:00,,20250700,2117.0,20250600,,20250700
2025-06-04 13:00:00,,20250700,2112.0,20250600,,20250700
2025-06-04 14:00:00,,20250700,2112.0,20250600,,20250700
2025-06-04 15:00:00,,20250700,2112.0,20250600,,20250700
2025-06-04 16:00:00,,20250700,2112.0,20250600,,20250700
2025-06-04 17:00:00,,20250700,2112.0,20250600,,20250700
2025-06-04 18:00:00,,20250700,2112.0,20250600,,20250700
2025-06-04 19:00:00,,20250700,2112.0,20250600,,20250700
2025-06-04 20:00:00,,20250700,2112.0,20250600,,20250700
2025-06-04 21:00:00,,20250700,2112.0,20250600,,20250700
2025-06-04 23:00:00,2129.0,20250700,2124.0,20250600,2129.0,20250700
2025-06-09 23:00:00,2052.0,20250800,2044.0,20250700,2052.0,20250800
